latitude,longitude,brightness,scan,track,acq_date,acq_time,satellite,instrument,confidence,version,bright_t31,frp,daynight,type
24.4337,89.3258,310.9,1,1,2013-01-02,0727,Aqua,MODIS,51,6.2,299.3,6.1,D,0
24.5252,91.3216,312.7,1.2,1.1,2013-01-02,0727,Aqua,MODIS,68,6.2,297.9,9.8,D,0
24.2829,90.0585,316.6,1.1,1,2013-01-02,0727,Aqua,MODIS,73,6.2,298.7,11.5,D,0
24.4489,89.9239,313.9,1.1,1,2013-01-02,0727,Aqua,MODIS,69,6.2,299.5,9.5,D,0
23.4429,90.8857,309,1.1,1.1,2013-01-02,0727,Aqua,MODIS,61,6.2,298.8,5.7,D,0
24.6513,89.0325,319.5,1,1,2013-01-02,0727,Aqua,MODIS,75,6.2,300.4,11.9,D,0
24.6499,89.0226,312.6,1,1,2013-01-02,0727,Aqua,MODIS,63,6.2,300.3,5.7,D,0
24.744,89.0419,310.7,1,1,2013-01-02,0727,Aqua,MODIS,60,6.2,300.1,5,D,0
24.5978,89.1126,311.5,1,1,2013-01-02,0727,Aqua,MODIS,62,6.2,300.7,5.9,D,0
24.565,89.1452,311.5,1,1,2013-01-02,0727,Aqua,MODIS,62,6.2,300.2,6.1,D,0
24.5254,89.1926,310,1,1,2013-01-02,0727,Aqua,MODIS,51,6.2,299.8,4.9,D,0
23.9013,89.0655,311.6,1,1,2013-01-02,0727,Aqua,MODIS,64,6.2,296.4,6.7,D,0
24.4977,89.2538,315.7,1,1,2013-01-02,0727,Aqua,MODIS,47,6.2,301,7.8,D,0
24.4698,89.3198,314.3,1,1,2013-01-02,0727,Aqua,MODIS,69,6.2,301.1,7.3,D,0
24.1729,91.1939,309.5,1.2,1.1,2013-01-02,0727,Aqua,MODIS,62,6.2,297,6,D,0
24.2072,91.3085,309.9,1.2,1.1,2013-01-02,0727,Aqua,MODIS,63,6.2,297.7,6.6,D,0
23.3354,91.8949,307.5,1.2,1.1,2013-01-03,1556,Terra,MODIS,72,6.2,285.5,13.6,N,0
22.0981,92.128,313.1,1,1,2013-01-04,0714,Aqua,MODIS,70,6.2,300,6.9,D,0
25.7655,88.6704,312.9,1.1,1.1,2013-01-04,0715,Aqua,MODIS,69,6.2,295.7,9.6,D,0
24.5573,89.1492,312.7,1.1,1,2013-01-04,0715,Aqua,MODIS,69,6.2,296.5,9.7,D,0
24.6347,91.5774,310.2,1,1,2013-01-04,0715,Aqua,MODIS,64,6.2,297.9,5.6,D,0
24.6333,91.5676,309.5,1,1,2013-01-04,0715,Aqua,MODIS,62,6.2,297.9,5.3,D,0
22.0934,92.1362,316.8,1.3,1.1,2013-01-05,0448,Terra,MODIS,77,6.2,297.4,17.6,D,0
24.5891,89.0437,304.2,1.7,1.3,2013-01-06,0702,Aqua,MODIS,25,6.2,292.9,8,D,0
24.4444,89.9315,315.1,1.5,1.2,2013-01-06,0702,Aqua,MODIS,74,6.2,296.8,18.9,D,0
24.5616,89.1503,306,1.7,1.3,2013-01-06,0702,Aqua,MODIS,56,6.2,293.9,9.7,D,0
24.4419,89.9172,313.6,1.5,1.2,2013-01-06,0702,Aqua,MODIS,72,6.2,295.6,16.9,D,0
23.5658,88.9011,302,1.1,1,2013-01-09,0733,Aqua,MODIS,46,6.2,292,4.3,D,0
23.0333,89.9858,302.9,1.2,1.1,2013-01-09,0733,Aqua,MODIS,54,6.2,292.2,5.2,D,0
23.8438,89.4619,302.5,1.6,1.2,2013-01-10,0506,Terra,MODIS,0,6.2,290.4,9.9,D,0
23.8443,89.4556,301.6,1.6,1.2,2013-01-10,0506,Terra,MODIS,13,6.2,290.3,8,D,0
26.4003,88.5597,301.2,1,1,2013-01-12,0453,Terra,MODIS,42,6.2,291.1,3,D,0
24.4852,88.2872,302.7,1,1,2013-01-12,0454,Terra,MODIS,40,6.2,292.7,4.4,D,0
24.63,91.5664,309.6,1,1,2013-01-13,0708,Aqua,MODIS,62,6.2,297.6,6,D,0
23.4399,90.9206,307,1.1,1.1,2013-01-13,0708,Aqua,MODIS,60,6.2,295,5.9,D,0
25.1054,88.6941,306.6,1.4,1.2,2013-01-13,0709,Aqua,MODIS,56,6.2,295.4,6.3,D,0
22.4869,92.3847,306.5,3.7,1.8,2013-01-14,0751,Aqua,MODIS,54,6.2,295.2,30.8,D,0
24.9914,92.3646,315,1.3,1.1,2013-01-15,0656,Aqua,MODIS,74,6.2,298.3,12.4,D,0
24.993,92.3698,315.5,1.3,1.1,2013-01-15,0656,Aqua,MODIS,74,6.2,298,13,D,0
24.8962,92.4093,308.4,1.3,1.1,2013-01-15,0656,Aqua,MODIS,63,6.2,298.1,6.1,D,0
24.8941,92.3968,309.4,1.3,1.1,2013-01-15,0656,Aqua,MODIS,65,6.2,298.4,7.2,D,0
22.8315,91.883,310.5,1.2,1.1,2013-01-18,0726,Aqua,MODIS,61,6.2,299.6,5.7,D,0
22.8307,91.8773,312.4,1.2,1.1,2013-01-18,0726,Aqua,MODIS,65,6.2,299.5,7.9,D,0
22.6092,92.1303,310.8,1,1,2013-01-20,0714,Aqua,MODIS,62,6.2,297.9,5.6,D,0
22.6079,92.1207,310.6,1,1,2013-01-20,0714,Aqua,MODIS,63,6.2,299.3,5.3,D,0
22.6253,91.1649,310.3,1,1,2013-01-20,0714,Aqua,MODIS,59,6.2,298.9,4.7,D,0
24.9312,92.422,310.1,1,1,2013-01-20,0714,Aqua,MODIS,61,6.2,298.5,4.6,D,0
24.9811,92.2537,311.4,1,1,2013-01-20,0715,Aqua,MODIS,66,6.2,299.1,5.2,D,0
24.5515,91.6231,306.1,1.1,1.1,2013-01-21,0447,Terra,MODIS,52,6.2,295.8,4.9,D,0
24.073,89.7811,305.7,1,1,2013-01-21,0448,Terra,MODIS,0,6.2,295.3,4.8,D,0
22.0844,92.1381,312,1.2,1.1,2013-01-22,0701,Aqua,MODIS,68,6.2,300.1,8.1,D,0
22.0936,92.1956,309.5,1.2,1.1,2013-01-22,0701,Aqua,MODIS,64,6.2,298.8,6.4,D,0
23.5365,90.0349,310.4,1.5,1.2,2013-01-22,0702,Aqua,MODIS,0,6.2,298.4,10.7,D,0
23.0707,92.1997,308.8,1.2,1.1,2013-01-22,0702,Aqua,MODIS,62,6.2,297.8,6.8,D,0
23.8427,89.4612,306.5,1.2,1.1,2013-01-23,0436,Terra,MODIS,0,6.2,296.1,7.2,D,0
24.8904,92.4738,309.7,1.8,1.3,2013-01-25,0733,Aqua,MODIS,61,6.2,298.6,10.5,D,0
23.9311,89.7402,305.3,1.7,1.3,2013-01-26,0506,Terra,MODIS,0,6.2,294.8,10.8,D,0
22.2969,92.2708,307.7,1.1,1,2013-01-27,0720,Aqua,MODIS,57,6.2,297.6,4.9,D,0
23.2771,89.1608,310.7,1,1,2013-01-27,0720,Aqua,MODIS,64,6.2,297.6,6.9,D,0
23.327,92.1405,304.6,1.1,1,2013-01-27,0720,Aqua,MODIS,40,6.2,293.7,3.7,D,0
23.3177,92.1419,304.1,1.1,1,2013-01-27,0720,Aqua,MODIS,34,6.2,292.9,3.3,D,0
25.4672,89.6563,306.7,1.1,1,2013-01-28,0453,Terra,MODIS,0,6.2,295.4,5.5,D,0
24.6309,91.5796,313.3,1,1,2013-01-29,0708,Aqua,MODIS,63,6.2,301.8,6.2,D,0
22.095,92.1264,310.5,1.5,1.2,2013-01-31,0655,Aqua,MODIS,70,6.2,300.1,9.1,D,0
23.161,89.5591,309.7,2.2,1.4,2013-01-31,0656,Aqua,MODIS,57,6.2,297.6,18.4,D,0
23.1616,89.564,311.3,2.2,1.4,2013-01-31,0656,Aqua,MODIS,65,6.2,297.6,22.4,D,0
25.1271,89.621,301.1,2.4,1.5,2013-02-03,0417,Terra,MODIS,0,6.2,287.8,7.1,D,0
22.5758,91.9373,311.9,1.2,1.1,2013-02-03,0726,Aqua,MODIS,62,6.2,300,6.3,D,0
22.5781,91.9424,312.5,1.2,1.1,2013-02-03,0726,Aqua,MODIS,59,6.2,300.4,7.3,D,0
23.5227,88.8563,310.6,1,1,2013-02-03,0726,Aqua,MODIS,51,6.2,300,5.4,D,0
24.5499,91.6868,311.4,1.3,1.1,2013-02-03,0727,Aqua,MODIS,60,6.2,298.3,6.6,D,0
24.5298,91.6484,311,1.1,1.1,2013-02-06,0447,Terra,MODIS,62,6.2,300.2,5.7,D,0
23.0899,89.5896,311.4,1.1,1.1,2013-02-08,0436,Terra,MODIS,65,6.2,291.3,7.9,D,0
22.6174,92.1295,311.1,1.2,1.1,2013-02-10,0423,Terra,MODIS,57,6.2,299.4,7.6,D,0
23.1122,89.5873,339.1,1.1,1.1,2013-02-10,0732,Aqua,MODIS,90,6.2,303.8,43,D,0
21.6313,92.2077,334.7,1.6,1.2,2013-02-10,0732,Aqua,MODIS,86,6.2,302.3,54,D,0
23.085,89.6027,314.6,1.1,1.1,2013-02-10,0732,Aqua,MODIS,51,6.2,301.1,8.2,D,0
23.1107,89.5763,320.5,1.1,1.1,2013-02-10,0732,Aqua,MODIS,72,6.2,303.1,14.2,D,0
24.2181,91.396,315,1.5,1.2,2013-02-10,0733,Aqua,MODIS,48,6.2,304.5,10.6,D,0
23.0932,89.5914,308.1,2.9,1.6,2013-02-12,0411,Terra,MODIS,66,6.2,283.2,39.7,D,0
25.5333,89.6221,306.4,1.1,1,2013-02-13,0453,Terra,MODIS,35,6.2,291.6,5.1,D,0
23.1015,89.5751,332.1,1.3,1.1,2013-02-14,0708,Aqua,MODIS,85,6.2,302.9,37,D,0
22.5308,91.726,331.6,1.1,1,2013-02-14,0708,Aqua,MODIS,71,6.2,297.3,27.1,D,0
24.5572,91.6425,321.1,1,1,2013-02-14,0708,Aqua,MODIS,73,6.2,305.7,10.6,D,0
22.5373,91.718,330,1.1,1,2013-02-14,0708,Aqua,MODIS,83,6.2,301.5,25.6,D,0
23.1036,89.5879,325.6,1.3,1.1,2013-02-14,0708,Aqua,MODIS,80,6.2,302.9,24.3,D,0
22.5389,91.7283,320.9,1.1,1,2013-02-14,0708,Aqua,MODIS,71,6.2,298.8,14.5,D,0
23.0746,89.5846,314.4,2.3,1.5,2013-02-15,0751,Aqua,MODIS,56,6.2,300.3,22.2,D,0
23.0763,89.5919,314.5,2.3,1.5,2013-02-15,0751,Aqua,MODIS,34,6.2,300.2,21.3,D,0
24.9145,92.441,324.7,1.3,1.1,2013-02-16,0656,Aqua,MODIS,80,6.2,304.1,20.2,D,0
22.587,92.2648,314.8,1.3,1.1,2013-02-19,0726,Aqua,MODIS,64,6.2,300.3,11.5,D,0
22.5885,92.2772,316.9,1.3,1.1,2013-02-19,0726,Aqua,MODIS,68,6.2,299.7,14.1,D,0
23.8424,89.4542,307,1.3,1.1,2013-02-20,0500,Terra,MODIS,39,6.2,296,5.9,D,0
23.1289,89.6104,314.8,1.1,1.1,2013-02-21,0714,Aqua,MODIS,62,6.2,301.8,7.9,D,0
23.1569,89.5656,317.6,1.1,1.1,2013-02-21,0714,Aqua,MODIS,70,6.2,303.2,11.7,D,0
23.1256,89.589,328.8,1.1,1.1,2013-02-21,0714,Aqua,MODIS,82,6.2,303.6,23.4,D,0
23.1273,89.5997,318.7,1.1,1.1,2013-02-21,0714,Aqua,MODIS,70,6.2,302.5,11.2,D,0
22.5086,91.7416,323.4,1,1,2013-02-21,0714,Aqua,MODIS,75,6.2,305.8,13.9,D,0
24.5935,91.5695,319.1,1,1,2013-02-21,0714,Aqua,MODIS,62,6.2,307.5,7.9,D,0
23.2789,89.7558,312.1,1.1,1,2013-02-21,0714,Aqua,MODIS,56,6.2,301.9,5.7,D,0
24.865,92.3882,318.6,1.1,1,2013-02-23,0702,Aqua,MODIS,51,6.2,307.4,7.4,D,0
24.1494,89.1436,315.1,1.2,1.1,2013-02-24,0435,Terra,MODIS,66,6.2,301.6,10.4,D,0
23.1349,89.5905,320.4,1.8,1.3,2013-02-24,0745,Aqua,MODIS,70,6.2,305.8,22.3,D,0
21.9994,92.4577,318.3,1.8,1.3,2013-02-25,0649,Aqua,MODIS,67,6.2,304.1,21,D,0
21.9962,92.4399,316.7,1.8,1.3,2013-02-25,0649,Aqua,MODIS,63,6.2,305.2,17,D,0
24.1741,91.3911,313.9,2,1.4,2013-02-25,0650,Aqua,MODIS,61,6.2,303,11.4,D,0
23.0891,89.5766,312.5,2.8,1.6,2013-02-25,0650,Aqua,MODIS,48,6.2,301,24.5,D,0
23.1712,92.2172,313.9,1.8,1.3,2013-02-25,0650,Aqua,MODIS,60,6.2,302.6,12.2,D,0
21.998,92.4555,311.8,1.1,1,2013-02-25,1614,Terra,MODIS,83,6.2,293,12.1,N,0
22.5598,91.7224,314.3,1.2,1.1,2013-02-26,0423,Terra,MODIS,45,6.2,303.6,7.5,D,0
22.5614,91.7103,316.5,1.3,1.1,2013-02-26,0423,Terra,MODIS,65,6.2,305.1,9.4,D,0
22.4878,91.728,321.4,1.5,1.2,2013-02-26,0732,Aqua,MODIS,53,6.2,307,16,D,0
21.8163,92.2422,317,1.6,1.2,2013-02-26,0732,Aqua,MODIS,55,6.2,306.3,11,D,0
22.8557,92.3716,314.8,1.7,1.3,2013-02-26,0732,Aqua,MODIS,45,6.2,303.9,9.7,D,0
22.9744,89.5364,327.8,1.1,1.1,2013-02-26,0733,Aqua,MODIS,79,6.2,305.4,23.3,D,0
21.4252,92.4369,314.6,1.1,1,2013-02-28,0720,Aqua,MODIS,48,6.2,304.6,5.6,D,0
21.6213,92.1755,321.8,1.1,1,2013-02-28,0720,Aqua,MODIS,70,6.2,308.8,9.6,D,0
22.2503,92.3619,321.8,1.1,1,2013-02-28,0720,Aqua,MODIS,69,6.2,310.2,9.5,D,0
21.6227,92.1856,321.5,1.1,1,2013-02-28,0720,Aqua,MODIS,70,6.2,309,9.2,D,0
21.7619,92.2626,324.8,1.1,1,2013-02-28,0720,Aqua,MODIS,75,6.2,308.9,14,D,0
22.9966,89.5285,321.5,1,1,2013-02-28,0720,Aqua,MODIS,71,6.2,308.1,11.4,D,0
23.2409,91.3808,327.5,1,1,2013-02-28,0720,Aqua,MODIS,79,6.2,308.2,16.6,D,0
24.1333,89.0446,319.5,1,1,2013-02-28,0721,Aqua,MODIS,50,6.2,305.7,8.1,D,0
24.2735,91.7543,322,1.1,1,2013-02-28,0721,Aqua,MODIS,71,6.2,307.6,10.6,D,0
24.1664,91.4286,319.4,1.1,1,2013-02-28,0721,Aqua,MODIS,62,6.2,307.7,7.3,D,0
24.4286,91.5957,318.5,1.1,1,2013-02-28,0721,Aqua,MODIS,63,6.2,307.6,8,D,0
25.5375,89.4326,308.5,1.1,1,2013-03-01,0453,Terra,MODIS,48,6.2,298.4,4.7,D,0
21.5259,92.239,316.8,1.7,1.3,2013-03-01,0454,Terra,MODIS,67,6.2,304.7,16.9,D,0
21.5256,92.2493,317.1,1.7,1.3,2013-03-01,0454,Terra,MODIS,68,6.2,304.3,18.8,D,0
21.3723,92.082,320.7,1.1,1,2013-03-02,0708,Aqua,MODIS,68,6.2,310.6,9.4,D,0
23.1304,89.5944,323.7,1.3,1.1,2013-03-02,0708,Aqua,MODIS,73,6.2,308.7,18.6,D,0
23.09,89.5958,335.7,1.3,1.1,2013-03-02,0708,Aqua,MODIS,87,6.2,310.2,41.5,D,0
22.6618,91.6535,324.6,1.1,1,2013-03-02,0708,Aqua,MODIS,75,6.2,310,14.3,D,0
22.6542,91.6656,321.2,1.1,1,2013-03-02,0708,Aqua,MODIS,58,6.2,306.2,10.6,D,0
21.7691,92.2656,335.3,1,1,2013-03-02,0708,Aqua,MODIS,86,6.2,309.3,28.7,D,0
25.9146,89.1857,313.9,1.1,1,2013-03-03,0441,Terra,MODIS,31,6.2,302.1,8.2,D,0
22.6155,92.4392,324,3.7,1.8,2013-03-03,0751,Aqua,MODIS,75,6.2,304.9,90.3,D,0
23.0993,89.5817,321.3,2.3,1.5,2013-03-03,0751,Aqua,MODIS,56,6.2,308.9,33.1,D,0
22.6186,92.474,324.7,3.7,1.8,2013-03-03,0751,Aqua,MODIS,76,6.2,304.3,95.3,D,0
22.6087,92.4329,317.5,3.7,1.8,2013-03-03,0751,Aqua,MODIS,64,6.2,305,50.2,D,0
24.1575,91.3966,323.7,3.2,1.7,2013-03-03,0751,Aqua,MODIS,75,6.2,304.8,72.6,D,0
22.6115,92.467,330.5,3.7,1.8,2013-03-03,0751,Aqua,MODIS,82,6.2,305.1,143.6,D,0
23.0266,89.5087,317.3,2.3,1.5,2013-03-03,0751,Aqua,MODIS,61,6.2,305.4,28.6,D,0
23.0252,89.5013,315.9,2.3,1.5,2013-03-03,0751,Aqua,MODIS,53,6.2,305.4,22.2,D,0
25.1553,89.6567,314.3,2.5,1.5,2013-03-03,0752,Aqua,MODIS,0,6.2,302.7,21.5,D,0
24.1527,91.4004,318.4,1.5,1.2,2013-03-04,0656,Aqua,MODIS,62,6.2,306.7,13.2,D,0
22.9747,89.5373,318,1.4,1.2,2013-03-05,0739,Aqua,MODIS,59,6.2,307.7,13.2,D,0
22.9731,89.524,320.5,1.4,1.2,2013-03-05,0739,Aqua,MODIS,67,6.2,308.3,17.1,D,0
24.1143,91.4772,319.4,1.7,1.3,2013-03-07,0417,Terra,MODIS,73,6.2,303.7,18.5,D,0
22.3909,92.1446,318.7,1.4,1.2,2013-03-07,0418,Terra,MODIS,70,6.2,305.9,14.2,D,0
22.3841,92.1504,316.4,1.4,1.2,2013-03-07,0418,Terra,MODIS,65,6.2,304.6,10.7,D,0
21.3767,92.1187,362,1.2,1.1,2013-03-07,0726,Aqua,MODIS,100,6.2,309.2,111.1,D,0
22.5501,92.1367,319.7,1.3,1.1,2013-03-07,0726,Aqua,MODIS,63,6.2,306.6,10.1,D,0
21.7721,92.2679,318.5,1.3,1.1,2013-03-07,0726,Aqua,MODIS,62,6.2,307.9,9.1,D,0
22.7198,91.6271,323.6,1.2,1.1,2013-03-07,0726,Aqua,MODIS,54,6.2,308.5,13.1,D,0
22.7207,91.6216,322.6,1.2,1.1,2013-03-07,0726,Aqua,MODIS,63,6.2,309.4,12.1,D,0
22.7791,91.6125,324.5,1.2,1.1,2013-03-07,0726,Aqua,MODIS,74,6.2,306.3,16.7,D,0
23.0471,89.8818,319.9,1,1,2013-03-07,0726,Aqua,MODIS,65,6.2,307.4,9.4,D,0
21.4746,92.2424,319.5,1.3,1.1,2013-03-07,0726,Aqua,MODIS,65,6.2,306,11.1,D,0
22.7653,92.4004,333.5,1.3,1.1,2013-03-07,0726,Aqua,MODIS,63,6.2,305.9,37.2,D,0
21.3752,92.1069,327.4,1.2,1.1,2013-03-07,0726,Aqua,MODIS,78,6.2,308.6,21.6,D,0
24.1327,90.4526,318.3,1.1,1,2013-03-07,0727,Aqua,MODIS,42,6.2,307.1,7.4,D,0
24.1257,90.4496,326.5,1.1,1,2013-03-07,0727,Aqua,MODIS,76,6.2,307.8,15.6,D,0
23.2923,92.2267,323.6,1,1,2013-03-07,1935,Aqua,MODIS,100,6.2,292.6,24.2,N,0
23.0948,89.5904,321.7,1.4,1.2,2013-03-08,0500,Terra,MODIS,42,6.2,307.9,15.1,D,0
25.4702,89.6582,317.7,1.3,1.1,2013-03-08,0500,Terra,MODIS,0,6.2,306.8,14.9,D,0
22.587,92.3148,321.2,1.2,1.1,2013-03-08,1556,Terra,MODIS,100,6.2,291.7,23.8,N,0
22.1253,92.4623,326.4,1.2,1.1,2013-03-08,1556,Terra,MODIS,100,6.2,292.1,31.2,N,0
22.1158,92.4644,310,1.2,1.1,2013-03-08,1556,Terra,MODIS,79,6.2,291.8,12.3,N,0
22.5889,92.3262,313.8,1.2,1.1,2013-03-08,1556,Terra,MODIS,88,6.2,293.1,15.1,N,0
22.5675,92.1326,307,1.2,1.1,2013-03-08,1556,Terra,MODIS,70,6.2,294.8,9.1,N,0
22.5421,92.4945,317.4,1,1,2013-03-09,0714,Aqua,MODIS,40,6.2,304.2,5.9,D,0
22.5483,92.1411,318,1,1,2013-03-09,0714,Aqua,MODIS,52,6.2,306.7,6.1,D,0
23.1801,91.9927,317.9,1,1,2013-03-09,0714,Aqua,MODIS,65,6.2,306.2,6.2,D,0
23.3562,91.8714,320,1,1,2013-03-09,0714,Aqua,MODIS,70,6.2,305,8.1,D,0
21.6144,92.4423,328.7,1,1,2013-03-09,0714,Aqua,MODIS,46,6.2,307.2,15.2,D,0
23.4668,92.1937,314.7,1,1,2013-03-09,0714,Aqua,MODIS,58,6.2,302.7,6.2,D,0
21.6157,92.4519,395.6,1,1,2013-03-09,0714,Aqua,MODIS,100,6.2,316.3,218,D,0
21.6171,92.4614,323.5,1,1,2013-03-09,0714,Aqua,MODIS,24,6.2,304.1,11.1,D,0
22.6657,92.0665,324.8,1,1,2013-03-09,0714,Aqua,MODIS,76,6.2,306.9,12,D,0
22.5804,92.3035,317.4,1,1,2013-03-09,0714,Aqua,MODIS,63,6.2,305.7,6.2,D,0
22.3565,92.4187,327.6,1,1,2013-03-09,0714,Aqua,MODIS,79,6.2,307.6,16.5,D,0
22.6671,92.0761,321.6,1,1,2013-03-09,0714,Aqua,MODIS,71,6.2,307.6,9.1,D,0
21.6068,92.4534,380.1,1,1,2013-03-09,0714,Aqua,MODIS,100,6.2,310,143.3,D,0
22.6367,91.7365,317.6,1,1,2013-03-09,0714,Aqua,MODIS,60,6.2,305.8,6.3,D,0
22.5319,92.0257,317.7,1,1,2013-03-09,0714,Aqua,MODIS,63,6.2,306.2,5.9,D,0
22.551,92.493,450.8,1,1,2013-03-09,0714,Aqua,MODIS,100,6.2,324.2,720.4,D,0
22.5496,92.4832,343.1,1,1,2013-03-09,0714,Aqua,MODIS,91,6.2,308.5,38.1,D,0
22.5676,92.4737,354.3,1,1,2013-03-09,0714,Aqua,MODIS,97,6.2,308.6,64.2,D,0
22.2863,92.4401,324.5,1,1,2013-03-09,0714,Aqua,MODIS,76,6.2,306.2,13.9,D,0
22.2876,92.4497,316.7,1,1,2013-03-09,0714,Aqua,MODIS,62,6.2,306,6.4,D,0
22.5662,92.464,327.2,1,1,2013-03-09,0714,Aqua,MODIS,79,6.2,308.4,16.6,D,0
22.5765,92.4722,328.1,1,1,2013-03-09,0714,Aqua,MODIS,80,6.2,306.8,17,D,0
22.5752,92.4625,336.2,1,1,2013-03-09,0714,Aqua,MODIS,87,6.2,307.6,28,D,0
22.6469,92.4508,341.5,1,1,2013-03-09,0714,Aqua,MODIS,90,6.2,309.7,36.6,D,0
22.6455,92.4412,322.1,1,1,2013-03-09,0714,Aqua,MODIS,72,6.2,307.9,10,D,0
22.6548,92.4438,323.8,1,1,2013-03-09,0714,Aqua,MODIS,64,6.2,307.6,11.3,D,0
21.6247,92.4504,325.9,1,1,2013-03-09,0714,Aqua,MODIS,49,6.2,307,13.5,D,0
22.0257,92.481,316,1,1,2013-03-09,0714,Aqua,MODIS,59,6.2,304.9,4.9,D,0
22.0271,92.4905,346.9,1,1,2013-03-09,0714,Aqua,MODIS,93,6.2,306.9,47.5,D,0
22.3942,92.1595,326.1,1,1,2013-03-09,0714,Aqua,MODIS,77,6.2,308,12.7,D,0
22.0181,92.4921,327.7,1,1,2013-03-09,0714,Aqua,MODIS,79,6.2,305.5,16.9,D,0
24.1731,91.4015,318.8,1,1,2013-03-09,0715,Aqua,MODIS,58,6.2,306.4,5.7,D,0
24.1489,88.9042,320.4,1.2,1.1,2013-03-09,0715,Aqua,MODIS,63,6.2,308.8,10.3,D,0
22.0974,92.1414,319.8,1.3,1.1,2013-03-10,0448,Terra,MODIS,73,6.2,303.5,14,D,0
22.0974,92.1351,318.4,1.3,1.1,2013-03-10,0448,Terra,MODIS,71,6.2,304.4,12.8,D,0
22.7818,91.7594,314,4.3,1.9,2013-03-10,0757,Aqua,MODIS,49,6.2,302.4,34.5,D,0
21.8604,92.4605,328.9,1.2,1.1,2013-03-11,0702,Aqua,MODIS,80,6.2,307.8,21.9,D,0
24.1499,91.3934,318.7,1.2,1.1,2013-03-11,0702,Aqua,MODIS,64,6.2,305.2,8.6,D,0
22.6084,92.454,320.9,1.1,1.1,2013-03-11,0702,Aqua,MODIS,71,6.2,309,11.3,D,0
22.0414,92.4371,327.9,1.2,1.1,2013-03-11,0702,Aqua,MODIS,79,6.2,308.3,20,D,0
22.6214,92.4744,338.6,1.1,1.1,2013-03-11,0702,Aqua,MODIS,88,6.2,307,38.5,D,0
21.8156,92.2467,321.6,1.2,1.1,2013-03-11,0702,Aqua,MODIS,73,6.2,305.5,13.4,D,0
22.9784,89.5988,319.2,1.7,1.3,2013-03-11,0702,Aqua,MODIS,66,6.2,304.6,18.2,D,0
22.0396,92.4257,320.1,1.2,1.1,2013-03-11,0702,Aqua,MODIS,69,6.2,309.5,9,D,0
24.1544,89.1219,320.4,1.2,1.1,2013-03-12,0436,Terra,MODIS,68,6.2,304.6,11.7,D,0
21.3772,92.0812,315.3,2.5,1.5,2013-03-12,0744,Aqua,MODIS,48,6.2,302,21.2,D,0
21.3705,92.074,316.3,2.5,1.5,2013-03-12,0744,Aqua,MODIS,55,6.2,301.8,25.6,D,0
22.6922,92.3595,315.3,2.8,1.6,2013-03-12,0745,Aqua,MODIS,43,6.2,301.4,23.8,D,0
23.0909,92.2914,315.3,2.8,1.6,2013-03-12,0745,Aqua,MODIS,61,6.2,300.7,27.1,D,0
23.2311,91.8665,313.3,2.6,1.6,2013-03-12,0745,Aqua,MODIS,49,6.2,296.2,17.2,D,0
23.0927,92.2865,314.5,2.8,1.6,2013-03-12,0745,Aqua,MODIS,60,6.2,300.5,23,D,0
25.915,89.1983,309.8,2.3,1.5,2013-03-13,0518,Terra,MODIS,30,6.2,295,16.7,D,0
25.5909,89.751,310.4,2.6,1.5,2013-03-13,0518,Terra,MODIS,0,6.2,294.8,21.5,D,0
22.6195,92.4611,318.6,1.8,1.3,2013-03-13,0650,Aqua,MODIS,67,6.2,303.4,18.2,D,0
22.2031,92.5379,315.2,1.8,1.3,2013-03-13,0650,Aqua,MODIS,57,6.2,302.9,16,D,0
23.5833,92.2202,333.7,1.8,1.3,2013-03-13,0650,Aqua,MODIS,86,6.2,298.9,65.9,D,0
23.5867,92.2389,325.2,1.8,1.3,2013-03-13,0650,Aqua,MODIS,78,6.2,297.7,41.2,D,0
22.7419,91.806,320.8,2,1.4,2013-03-13,0650,Aqua,MODIS,72,6.2,301,27.4,D,0
22.6047,92.4449,321.8,1.8,1.3,2013-03-13,0650,Aqua,MODIS,72,6.2,304.2,26.2,D,0
25.5788,89.7518,311.9,2.4,1.5,2013-03-13,0651,Aqua,MODIS,0,6.2,295.5,23.1,D,0
22.6043,92.4312,319.6,1.7,1.3,2013-03-14,0733,Aqua,MODIS,59,6.2,304,15.7,D,0
23.3346,92.3364,374.9,1.7,1.3,2013-03-14,0733,Aqua,MODIS,100,6.2,309.5,267.6,D,0
23.3327,92.3196,332.8,1.7,1.3,2013-03-14,0733,Aqua,MODIS,83,6.2,305.1,50.6,D,0
22.734,92.4571,328.1,1.7,1.3,2013-03-14,0733,Aqua,MODIS,77,6.2,302.1,36,D,0
22.7321,92.4406,354.1,1.7,1.3,2013-03-14,0733,Aqua,MODIS,97,6.2,306.7,132.3,D,0
22.7454,92.4555,316.4,1.7,1.3,2013-03-14,0733,Aqua,MODIS,35,6.2,301.6,11.1,D,0
22.9945,91.9348,334.1,1.6,1.2,2013-03-14,0733,Aqua,MODIS,84,6.2,309.5,42.1,D,0
23.2247,91.8605,322.8,1.6,1.2,2013-03-14,0733,Aqua,MODIS,68,6.2,307.9,15.9,D,0
23.2043,91.8787,324.1,1.6,1.2,2013-03-14,0733,Aqua,MODIS,46,6.2,306.8,16.9,D,0
23.1916,91.8651,327.6,1.6,1.2,2013-03-14,0733,Aqua,MODIS,63,6.2,307.4,25,D,0
22.606,92.447,320.6,1.7,1.3,2013-03-14,0733,Aqua,MODIS,62,6.2,305,17.6,D,0
23.1933,91.8802,351.2,1.6,1.2,2013-03-14,0733,Aqua,MODIS,95,6.2,308.3,100,D,0
22.9962,91.9496,418.7,1.6,1.2,2013-03-14,0733,Aqua,MODIS,100,6.2,320.5,722.7,D,0
22.9867,91.9657,326.2,1.6,1.2,2013-03-14,0733,Aqua,MODIS,74,6.2,298.9,23.7,D,0
23.0832,92.3197,345.6,1.7,1.3,2013-03-14,0733,Aqua,MODIS,92,6.2,306.8,92.8,D,0
23.0853,92.3374,320.1,1.7,1.3,2013-03-14,0733,Aqua,MODIS,66,6.2,304.8,18,D,0
23.3113,91.828,328.8,1.6,1.2,2013-03-14,0733,Aqua,MODIS,79,6.2,307.8,29.6,D,0
23.3003,91.8297,328.5,1.6,1.2,2013-03-14,0733,Aqua,MODIS,79,6.2,308,28.5,D,0
23.1823,91.8819,326.8,1.6,1.2,2013-03-14,0733,Aqua,MODIS,77,6.2,307.4,24.8,D,0
26.1691,89.0605,314.8,1.4,1.2,2013-03-15,0506,Terra,MODIS,32,6.2,299.2,12,D,0
22.6054,92.4439,314.1,3,1.6,2013-03-15,0637,Aqua,MODIS,39,6.2,284.8,52.5,D,0
22.6113,92.4732,334.6,2.9,1.6,2013-03-15,0637,Aqua,MODIS,87,6.2,285.4,157,D,0
22.6461,92.4876,314,2.9,1.6,2013-03-15,0638,Aqua,MODIS,59,6.2,289.5,45.8,D,0
23.4086,92.2583,320.3,1,1,2013-03-15,1602,Terra,MODIS,100,6.2,295.1,17.6,N,0
21.9394,92.485,304.6,1,1,2013-03-15,1602,Terra,MODIS,61,6.2,294,5.2,N,0
22.4613,92.4113,347.7,1.1,1,2013-03-16,0720,Aqua,MODIS,93,6.2,306.9,54.2,D,0
22.6306,92.4492,323.5,1.1,1.1,2013-03-16,0720,Aqua,MODIS,62,6.2,304.6,11.6,D,0
22.6842,92.4197,323.7,1.1,1.1,2013-03-16,0720,Aqua,MODIS,71,6.2,307.1,12,D,0
23.0855,92.0575,325.8,1.1,1,2013-03-16,0720,Aqua,MODIS,60,6.2,299.8,16.6,D,0
21.93,92.4861,323.1,1.1,1,2013-03-16,0720,Aqua,MODIS,57,6.2,307.6,10.9,D,0
22.629,92.3632,320.3,1.1,1,2013-03-16,0720,Aqua,MODIS,64,6.2,306.5,8.1,D,0
22.6197,92.3646,320.3,1.1,1,2013-03-16,0720,Aqua,MODIS,64,6.2,306,8.1,D,0
22.4627,92.4224,322.6,1.1,1,2013-03-16,0720,Aqua,MODIS,68,6.2,305.6,11,D,0
22.9066,92.3125,337.8,1.1,1,2013-03-16,0720,Aqua,MODIS,87,6.2,304.4,34.9,D,0
22.8973,92.3141,329.8,1.1,1,2013-03-16,0720,Aqua,MODIS,80,6.2,302.7,21.8,D,0
22.5339,92.4548,374.8,1.1,1.1,2013-03-16,0720,Aqua,MODIS,100,6.2,304.4,142.5,D,0
22.5326,92.4444,354,1.1,1,2013-03-16,0720,Aqua,MODIS,97,6.2,303.7,70.8,D,0
22.5394,92.459,346,1.1,1.1,2013-03-16,0720,Aqua,MODIS,92,6.2,302.2,49.9,D,0
22.538,92.4486,374.2,1.1,1.1,2013-03-16,0720,Aqua,MODIS,100,6.2,306.8,139.4,D,0
22.5367,92.438,322.2,1.1,1,2013-03-16,0720,Aqua,MODIS,67,6.2,302.4,11,D,0
22.4226,92.4568,338.9,1.1,1,2013-03-16,0720,Aqua,MODIS,87,6.2,303.7,37,D,0
22.5501,92.4681,341.2,1.1,1.1,2013-03-16,0720,Aqua,MODIS,85,6.2,297.7,39.4,D,0
22.5474,92.4471,336.6,1.1,1.1,2013-03-16,0720,Aqua,MODIS,81,6.2,302.9,30.4,D,0
22.5461,92.4366,335.6,1.1,1,2013-03-16,0720,Aqua,MODIS,85,6.2,303.1,29.6,D,0
22.4187,92.5001,319.7,1.1,1.1,2013-03-16,0720,Aqua,MODIS,44,6.2,296.4,11.2,D,0
21.9033,92.5504,350.1,1.1,1,2013-03-16,0720,Aqua,MODIS,94,6.2,304,62.4,D,0
21.9018,92.5395,322,1.1,1,2013-03-16,0720,Aqua,MODIS,64,6.2,298.6,12.7,D,0
21.9101,92.5534,349.3,1.1,1,2013-03-16,0720,Aqua,MODIS,94,6.2,301.9,58.9,D,0
21.9087,92.5425,352.1,1.1,1,2013-03-16,0720,Aqua,MODIS,96,6.2,302.8,66.3,D,0
21.9181,92.5413,361.9,1.1,1,2013-03-16,0720,Aqua,MODIS,100,6.2,304.1,94.5,D,0
22.4079,92.4913,326.2,1.1,1.1,2013-03-16,0720,Aqua,MODIS,63,6.2,300.4,18.2,D,0
22.4093,92.5016,327,1.1,1.1,2013-03-16,0720,Aqua,MODIS,75,6.2,296.6,19.6,D,0
22.3745,92.5291,329,1.1,1.1,2013-03-16,0720,Aqua,MODIS,78,6.2,301.7,21.9,D,0
22.3665,92.5417,320.1,1.1,1.1,2013-03-16,0720,Aqua,MODIS,61,6.2,302.3,10.5,D,0
22.5595,92.4666,346.3,1.1,1.1,2013-03-16,0720,Aqua,MODIS,92,6.2,294.1,48,D,0
22.5582,92.4563,404.9,1.1,1.1,2013-03-16,0720,Aqua,MODIS,100,6.2,308.1,314.5,D,0
22.5676,92.4548,355.1,1.1,1.1,2013-03-16,0720,Aqua,MODIS,97,6.2,304.8,70.9,D,0
22.5769,92.4532,382.5,1.1,1.1,2013-03-16,0720,Aqua,MODIS,100,6.2,305.8,176.8,D,0
22.5756,92.4428,333.7,1.1,1.1,2013-03-16,0720,Aqua,MODIS,81,6.2,304.5,25.3,D,0
23.191,92.0131,342.1,1.1,1,2013-03-16,0720,Aqua,MODIS,90,6.2,302.8,42,D,0
23.2597,91.986,358.9,1.1,1,2013-03-16,0720,Aqua,MODIS,99,6.2,303.9,81,D,0
21.5494,92.242,322.2,1.1,1,2013-03-16,0720,Aqua,MODIS,68,6.2,303.9,9.6,D,0
21.5508,92.2522,326.3,1.1,1,2013-03-16,0720,Aqua,MODIS,75,6.2,302,14.9,D,0
21.5445,92.3471,356.8,1.1,1,2013-03-16,0720,Aqua,MODIS,98,6.2,305.3,76.2,D,0
23.2583,91.9756,336.4,1.1,1,2013-03-16,0720,Aqua,MODIS,84,6.2,304.1,29.3,D,0
22.4643,92.5092,337.2,1.1,1.1,2013-03-16,0720,Aqua,MODIS,86,6.2,303,34.6,D,0
21.8561,92.1976,321,1.1,1,2013-03-16,0720,Aqua,MODIS,64,6.2,307.2,7.1,D,0
21.4801,92.1348,319.2,1.1,1,2013-03-16,0720,Aqua,MODIS,48,6.2,305.4,7,D,0
21.5459,92.3574,360.1,1.1,1,2013-03-16,0720,Aqua,MODIS,100,6.2,299.3,85.2,D,0
21.6288,92.2239,321.1,1.1,1,2013-03-16,0720,Aqua,MODIS,51,6.2,306.1,7.6,D,0
22.5539,91.721,319.2,1,1,2013-03-16,0720,Aqua,MODIS,54,6.2,302.9,7.2,D,0
22.9698,91.9433,348.1,1.1,1,2013-03-16,0720,Aqua,MODIS,94,6.2,302.3,52.8,D,0
22.5971,92.4611,327.5,1.1,1.1,2013-03-16,0720,Aqua,MODIS,36,6.2,303.1,15.3,D,0
22.6131,92.4371,322.4,1.1,1.1,2013-03-16,0720,Aqua,MODIS,39,6.2,303.9,9.3,D,0
22.6117,92.4265,327.1,1.1,1,2013-03-16,0720,Aqua,MODIS,75,6.2,304.5,16.2,D,0
22.6211,92.425,344.8,1.1,1,2013-03-16,0720,Aqua,MODIS,91,6.2,305.3,47,D,0
23.2233,91.8538,339.9,1.1,1,2013-03-16,0720,Aqua,MODIS,89,6.2,303.6,34.3,D,0
23.2063,91.867,329.8,1.1,1,2013-03-16,0720,Aqua,MODIS,39,6.2,302.8,17.8,D,0
23.3957,91.9846,342.1,1.1,1,2013-03-16,0721,Aqua,MODIS,90,6.2,303,40.6,D,0
23.393,91.9636,408.8,1.1,1,2013-03-16,0721,Aqua,MODIS,100,6.2,317.8,334.3,D,0
23.3944,91.9741,378.9,1.1,1,2013-03-16,0721,Aqua,MODIS,100,6.2,308.5,154.5,D,0
23.4608,92.2668,322,1.1,1.1,2013-03-16,0721,Aqua,MODIS,71,6.2,302.6,12.8,D,0
23.4487,92.247,327.9,1.1,1.1,2013-03-16,0721,Aqua,MODIS,79,6.2,306.4,19,D,0
23.4501,92.2576,339,1.1,1.1,2013-03-16,0721,Aqua,MODIS,88,6.2,306.8,37.7,D,0
23.2782,91.9831,350.8,1.1,1,2013-03-16,0721,Aqua,MODIS,95,6.2,303.5,59.6,D,0
23.3786,91.9714,357.7,1.1,1,2013-03-16,0721,Aqua,MODIS,98,6.2,305.8,78.5,D,0
23.3865,91.9596,388.5,1.1,1,2013-03-16,0721,Aqua,MODIS,100,6.2,311.2,200.4,D,0
23.2662,91.9638,320.6,1.1,1,2013-03-16,0721,Aqua,MODIS,54,6.2,301.8,7.8,D,0
24.2758,88.9425,328.8,1,1,2013-03-16,0721,Aqua,MODIS,80,6.2,306.5,15.4,D,0
23.2689,91.9845,339.3,1.1,1,2013-03-16,0721,Aqua,MODIS,88,6.2,303.4,35.4,D,0
23.2703,91.995,337.8,1.1,1,2013-03-16,0721,Aqua,MODIS,87,6.2,299.8,33.6,D,0
23.4023,91.9621,323.6,1.1,1,2013-03-16,0721,Aqua,MODIS,73,6.2,305.1,11.6,D,0
23.4595,92.2561,364.1,1.1,1.1,2013-03-16,0721,Aqua,MODIS,100,6.2,309.6,103.4,D,0
23.3773,91.961,341.3,1.1,1,2013-03-16,0721,Aqua,MODIS,90,6.2,304.7,39.2,D,0
23.4581,92.2456,339.1,1.1,1.1,2013-03-16,0721,Aqua,MODIS,88,6.2,308.2,37.3,D,0
23.4688,92.2546,347.8,1.1,1.1,2013-03-16,0721,Aqua,MODIS,94,6.2,306.5,56,D,0
23.4675,92.244,329.2,1.1,1.1,2013-03-16,0721,Aqua,MODIS,80,6.2,305.8,20.8,D,0
23.2796,91.9933,346.7,1.1,1,2013-03-16,0721,Aqua,MODIS,93,6.2,301.6,51,D,0
23.4048,92.3146,342.6,1.1,1.1,2013-03-16,0721,Aqua,MODIS,90,6.2,303.8,45.2,D,0
23.4127,92.3022,346,1.1,1.1,2013-03-16,0721,Aqua,MODIS,93,6.2,305.3,52.8,D,0
23.2648,91.9534,326.9,1.1,1,2013-03-16,0721,Aqua,MODIS,77,6.2,302.2,14.9,D,0
23.4142,92.3131,319.1,1.1,1.1,2013-03-16,0721,Aqua,MODIS,21,6.2,302.1,9.4,D,0
23.4019,92.2926,323.1,1.1,1.1,2013-03-16,0721,Aqua,MODIS,61,6.2,304.3,12.1,D,0
23.4033,92.3036,336.3,1.1,1.1,2013-03-16,0721,Aqua,MODIS,86,6.2,303.7,32.8,D,0
23.3879,91.9699,396.3,1.1,1,2013-03-16,0721,Aqua,MODIS,100,6.2,310.3,246.3,D,0
23.3917,91.9532,330.1,1.1,1,2013-03-16,0721,Aqua,MODIS,81,6.2,306.6,19.1,D,0
22.5732,92.3654,321.6,3,1.7,2013-03-18,0359,Terra,MODIS,72,6.2,296.7,65.7,D,0
22.5735,92.3589,324.1,3,1.7,2013-03-18,0359,Terra,MODIS,75,6.2,296.8,82.3,D,0
22.9078,92.3171,349.5,1,1,2013-03-18,0708,Aqua,MODIS,95,6.2,306,54.8,D,0
22.8979,92.315,335.5,1,1,2013-03-18,0708,Aqua,MODIS,86,6.2,305.9,29,D,0
22.8994,92.3247,353.7,1,1,2013-03-18,0708,Aqua,MODIS,97,6.2,307,64.3,D,0
22.9034,92.1041,321.2,1,1,2013-03-18,0708,Aqua,MODIS,65,6.2,303.5,10.9,D,0
23.3953,92.3111,317.1,1,1,2013-03-18,0708,Aqua,MODIS,60,6.2,298.2,8.4,D,0
23.4028,92.2998,313.5,1,1,2013-03-18,0708,Aqua,MODIS,6,6.2,299.3,5,D,0
22.6283,92.4816,324.3,1,1,2013-03-18,0708,Aqua,MODIS,32,6.2,304,13.4,D,0
22.4631,91.7627,317.4,1.1,1,2013-03-18,0708,Aqua,MODIS,41,6.2,303.5,6,D,0
22.636,91.6877,322.2,1.1,1,2013-03-18,0708,Aqua,MODIS,70,6.2,303.1,10.8,D,0
22.6136,92.3833,324.9,1,1,2013-03-18,0708,Aqua,MODIS,76,6.2,302.9,14.9,D,0
22.6121,92.3735,329.1,1,1,2013-03-18,0708,Aqua,MODIS,81,6.2,304.5,20.3,D,0
22.7019,92.4225,336.4,1,1,2013-03-18,0708,Aqua,MODIS,87,6.2,303.7,29.3,D,0
22.7004,92.4127,349.4,1,1,2013-03-18,0708,Aqua,MODIS,95,6.2,304.5,53.1,D,0
23.4263,91.9631,343,1,1,2013-03-18,0708,Aqua,MODIS,92,6.2,305.5,42.4,D,0
23.4278,91.9732,343.5,1,1,2013-03-18,0708,Aqua,MODIS,92,6.2,303.2,43.5,D,0
23.4188,91.9748,316.5,1,1,2013-03-18,0708,Aqua,MODIS,64,6.2,302.4,7.5,D,0
23.3988,91.9643,323.9,1,1,2013-03-18,0708,Aqua,MODIS,77,6.2,303.4,13.1,D,0
23.4003,91.9743,362.3,1,1,2013-03-18,0708,Aqua,MODIS,100,6.2,305.4,88.3,D,0
21.5282,92.3492,371.9,1,1,2013-03-18,0708,Aqua,MODIS,100,6.2,306.1,121.7,D,0
21.5214,92.3563,354.3,1,1,2013-03-18,0708,Aqua,MODIS,97,6.2,300.9,67.2,D,0
22.7108,92.4209,335,1,1,2013-03-18,0708,Aqua,MODIS,86,6.2,304,28,D,0
21.5448,92.2744,324.9,1,1,2013-03-18,0708,Aqua,MODIS,77,6.2,305.1,15.2,D,0
21.5267,92.3393,340.8,1,1,2013-03-18,0708,Aqua,MODIS,90,6.2,304.6,39.3,D,0
22.5868,92.2666,315.9,1,1,2013-03-18,0708,Aqua,MODIS,60,6.2,303.9,6.1,D,0
22.5883,92.2765,317.5,1,1,2013-03-18,0708,Aqua,MODIS,64,6.2,303.3,7.4,D,0
23.0054,91.9877,318.2,1,1,2013-03-18,0708,Aqua,MODIS,45,6.2,303.9,5.2,D,0
22.583,92.0058,321.4,1,1,2013-03-18,0708,Aqua,MODIS,71,6.2,307.5,9.1,D,0
22.9948,91.9796,325.4,1,1,2013-03-18,0708,Aqua,MODIS,77,6.2,304.5,13.1,D,0
22.9813,92.1354,342.2,1,1,2013-03-18,0708,Aqua,MODIS,91,6.2,304.6,40.2,D,0
23.0742,92.3221,330.1,1,1,2013-03-18,0708,Aqua,MODIS,52,6.2,304,17.9,D,0
22.6568,91.8823,323.9,1.1,1,2013-03-18,0708,Aqua,MODIS,68,6.2,306.9,10.3,D,0
22.6659,91.8807,320.5,1.1,1,2013-03-18,0708,Aqua,MODIS,36,6.2,307.2,6.7,D,0
23.0861,92.3399,338.7,1,1,2013-03-18,0708,Aqua,MODIS,88,6.2,306.9,31.6,D,0
23.5598,92.2396,322.1,1,1,2013-03-18,0708,Aqua,MODIS,75,6.2,298.7,14.7,D,0
23.5583,92.2295,319.1,1,1,2013-03-18,0708,Aqua,MODIS,71,6.2,297.3,11.8,D,0
23.5673,92.2278,325.8,1,1,2013-03-18,0708,Aqua,MODIS,79,6.2,295.7,17.9,D,0
22.3487,92.2803,318.2,1,1,2013-03-18,0708,Aqua,MODIS,48,6.2,301.4,7.4,D,0
21.5199,92.3463,393.4,1,1,2013-03-18,0708,Aqua,MODIS,100,6.2,308.7,220.3,D,0
23.0946,92.3321,334.2,1,1,2013-03-18,0708,Aqua,MODIS,85,6.2,306.4,26.4,D,0
22.4925,92.4415,312.3,1,1,2013-03-18,0708,Aqua,MODIS,16,6.2,297.7,3.6,D,0
22.5746,92.3702,353.1,1,1,2013-03-18,0708,Aqua,MODIS,96,6.2,301.2,63,D,0
22.978,91.9308,320.9,1,1,2013-03-18,0708,Aqua,MODIS,71,6.2,305.1,8.7,D,0
22.4835,92.4431,328.3,1,1,2013-03-18,0708,Aqua,MODIS,80,6.2,304.3,19.7,D,0
22.485,92.4529,342.2,1,1,2013-03-18,0708,Aqua,MODIS,91,6.2,304,40.5,D,0
22.4566,92.4434,335.2,1,1,2013-03-18,0708,Aqua,MODIS,86,6.2,302.3,29,D,0
22.733,91.9516,319.9,1,1,2013-03-18,0708,Aqua,MODIS,68,6.2,302.5,9.8,D,0
22.4447,92.4254,323.1,1,1,2013-03-18,0708,Aqua,MODIS,43,6.2,296.6,13.9,D,0
22.4462,92.4352,330.2,1,1,2013-03-18,0708,Aqua,MODIS,69,6.2,297.8,22.9,D,0
22.9765,91.9207,327.6,1,1,2013-03-18,0708,Aqua,MODIS,79,6.2,305.4,16.1,D,0
22.6344,91.6773,321.8,1.1,1,2013-03-18,0708,Aqua,MODIS,70,6.2,305.6,10,D,0
23.0007,92.3251,324.5,1,1,2013-03-18,0708,Aqua,MODIS,76,6.2,304.4,14.6,D,0
23.0022,92.3347,345.8,1,1,2013-03-18,0708,Aqua,MODIS,93,6.2,305.8,47.3,D,0
22.9259,92.314,340.3,1,1,2013-03-18,0708,Aqua,MODIS,89,6.2,303.7,37.3,D,0
23.0039,91.9779,331.3,1,1,2013-03-18,0708,Aqua,MODIS,83,6.2,305.2,20.8,D,0
21.3804,92.0993,323.2,1.1,1,2013-03-18,0708,Aqua,MODIS,74,6.2,309.5,12,D,0
21.3998,92.5354,316.4,1,1,2013-03-18,0708,Aqua,MODIS,42,6.2,299.8,8.2,D,0
25.1529,90.4231,319,1.1,1.1,2013-03-18,0709,Aqua,MODIS,71,6.2,300.9,10,D,0
25.1546,90.4341,315,1.1,1.1,2013-03-18,0709,Aqua,MODIS,55,6.2,302,6.3,D,0
22.7055,92.3934,308.5,2.2,1.4,2013-03-18,1633,Terra,MODIS,75,6.2,292.4,26.2,N,0
23.3945,92.2817,301.9,2.2,1.4,2013-03-18,1633,Terra,MODIS,45,6.2,290.3,17.5,N,0
24.4819,88.9582,301.6,1.3,1.1,2013-03-18,1633,Terra,MODIS,43,6.2,288.8,8.3,N,0
23.3967,92.3039,314.2,2.2,1.4,2013-03-18,1633,Terra,MODIS,89,6.2,289,43.3,N,0
22.4961,91.9802,317.3,1.1,1,2013-03-19,0442,Terra,MODIS,67,6.2,300.6,7.2,D,0
24.1471,91.283,327.9,1,1,2013-03-19,0442,Terra,MODIS,80,6.2,306.4,16,D,0
22.6559,92.4966,314.7,1.1,1.1,2013-03-19,0442,Terra,MODIS,60,6.2,300.9,7.7,D,0
24.1486,91.2732,321.8,1,1,2013-03-19,0442,Terra,MODIS,60,6.2,305,8,D,0
22.1187,92.2077,317.5,1.1,1,2013-03-19,0442,Terra,MODIS,68,6.2,302.5,8.2,D,0
22.9901,92.2994,341.7,1.1,1,2013-03-19,0442,Terra,MODIS,91,6.2,301.5,45,D,0
22.4977,91.97,323.1,1.1,1,2013-03-19,0442,Terra,MODIS,75,6.2,301.5,13.4,D,0
22.9917,92.289,316.3,1.1,1,2013-03-19,0442,Terra,MODIS,58,6.2,300.7,7.7,D,0
22.1144,92.1787,319,3.5,1.8,2013-03-19,0751,Aqua,MODIS,69,6.2,300.9,51.4,D,0
21.48,92.2581,326,3.4,1.7,2013-03-19,0751,Aqua,MODIS,79,6.2,297.8,102.8,D,0
22.5811,92.4895,327.7,3.7,1.8,2013-03-19,0751,Aqua,MODIS,69,6.2,295,127,D,0
23.2429,89.8831,315.6,2.4,1.5,2013-03-19,0751,Aqua,MODIS,38,6.2,299.4,23.9,D,0
22.4235,92.4759,337.7,3.7,1.8,2013-03-19,0751,Aqua,MODIS,83,6.2,296.3,216.9,D,0
22.4368,92.4396,333,3.7,1.8,2013-03-19,0751,Aqua,MODIS,85,6.2,298.3,169.5,D,0
22.182,92.4105,316.9,3.6,1.8,2013-03-19,0751,Aqua,MODIS,65,6.2,298.2,53.1,D,0
21.4891,92.2526,324.3,3.4,1.7,2013-03-19,0751,Aqua,MODIS,77,6.2,298.9,88.2,D,0
22.119,92.1858,317.5,3.5,1.8,2013-03-19,0751,Aqua,MODIS,67,6.2,301.2,43.8,D,0
22.7701,91.937,315,3.4,1.7,2013-03-19,0751,Aqua,MODIS,57,6.2,299.7,31.7,D,0
22.4328,92.4795,332.7,3.7,1.8,2013-03-19,0751,Aqua,MODIS,80,6.2,292.5,165.5,D,0
22.2684,92.4713,316.1,3.7,1.8,2013-03-19,0751,Aqua,MODIS,36,6.2,293,56.5,D,0
23.0118,91.9579,314.9,3.4,1.7,2013-03-19,0751,Aqua,MODIS,43,6.2,293.6,37.3,D,0
22.446,92.4443,326.1,3.7,1.8,2013-03-19,0751,Aqua,MODIS,73,6.2,297.4,113.2,D,0
22.8039,92.4215,316.1,3.7,1.8,2013-03-19,0751,Aqua,MODIS,38,6.2,297.1,54.3,D,0
24.5119,91.9219,315.2,3.6,1.8,2013-03-19,0752,Aqua,MODIS,42,6.2,298.8,41.9,D,0
25.1567,89.6445,312.9,3.3,1.7,2013-03-20,0524,Terra,MODIS,0,6.2,298.1,40.4,D,0
22.7048,92.4534,328.8,1.4,1.2,2013-03-20,0656,Aqua,MODIS,80,6.2,304.9,30.4,D,0
21.5105,92.3422,345.4,1.5,1.2,2013-03-20,0656,Aqua,MODIS,92,6.2,300,79.7,D,0
21.4998,92.3441,327.4,1.5,1.2,2013-03-20,0656,Aqua,MODIS,78,6.2,301.5,32.7,D,0
23.563,92.2478,313.7,1.4,1.2,2013-03-20,0656,Aqua,MODIS,58,6.2,301.4,9.2,D,0
22.4186,92.4046,319.7,1.4,1.2,2013-03-20,0656,Aqua,MODIS,68,6.2,305.6,12.6,D,0
22.4163,92.3906,316.9,1.4,1.2,2013-03-20,0656,Aqua,MODIS,53,6.2,304.7,9,D,0
23.2031,91.9909,326.2,1.5,1.2,2013-03-20,0656,Aqua,MODIS,71,6.2,302.4,25.9,D,0
23.2432,92.0066,334.1,1.4,1.2,2013-03-20,0656,Aqua,MODIS,86,6.2,301.5,44,D,0
21.9876,92.4902,343.4,1.4,1.2,2013-03-20,0656,Aqua,MODIS,91,6.2,306,67.5,D,0
21.9808,92.4826,364.2,1.4,1.2,2013-03-20,0656,Aqua,MODIS,100,6.2,307.4,148.7,D,0
21.9831,92.4965,368.5,1.4,1.2,2013-03-20,0656,Aqua,MODIS,100,6.2,306.3,171.2,D,0
21.7817,92.1812,314.6,1.5,1.2,2013-03-20,0656,Aqua,MODIS,55,6.2,299.7,7.2,D,0
23.7137,91.9216,348.5,1.4,1.2,2013-03-20,0656,Aqua,MODIS,94,6.2,300.9,83.7,D,0
23.716,91.9354,377.6,1.4,1.2,2013-03-20,0656,Aqua,MODIS,87,6.2,299,224.4,D,0
23.7032,91.924,321.5,1.4,1.2,2013-03-20,0656,Aqua,MODIS,39,6.2,298.9,18.7,D,0
23.7056,91.9377,400.7,1.4,1.2,2013-03-20,0656,Aqua,MODIS,94,6.2,306.2,422.5,D,0
23.0332,92.3346,314.6,1.4,1.2,2013-03-20,0656,Aqua,MODIS,51,6.2,296.9,7.1,D,0
23.0311,92.3221,315.6,1.4,1.2,2013-03-20,0656,Aqua,MODIS,56,6.2,302.4,8.2,D,0
23.3615,92.0897,326.3,1.4,1.2,2013-03-20,0656,Aqua,MODIS,79,6.2,298.3,26.9,D,0
23.0414,92.32,361.8,1.4,1.2,2013-03-20,0656,Aqua,MODIS,100,6.2,303.6,133.8,D,0
23.0436,92.3325,343.9,1.4,1.2,2013-03-20,0656,Aqua,MODIS,92,6.2,300.8,66.9,D,0
23.3591,92.076,322.6,1.4,1.2,2013-03-20,0656,Aqua,MODIS,70,6.2,300.1,19.7,D,0
23.2837,91.8311,318.4,1.5,1.2,2013-03-20,0656,Aqua,MODIS,53,6.2,299.4,14.5,D,0
22.2911,92.3228,338.2,1.4,1.2,2013-03-20,0656,Aqua,MODIS,88,6.2,300.3,53,D,0
22.7069,92.4661,332.2,1.4,1.2,2013-03-20,0656,Aqua,MODIS,83,6.2,303.9,37.6,D,0
22.6612,92.4487,326,1.4,1.2,2013-03-20,0656,Aqua,MODIS,77,6.2,304.6,22.3,D,0
22.6484,92.4368,328.3,1.4,1.2,2013-03-20,0656,Aqua,MODIS,75,6.2,306.1,26.5,D,0
22.6507,92.4504,325.4,1.4,1.2,2013-03-20,0656,Aqua,MODIS,73,6.2,305.4,21.9,D,0
21.3626,92.5567,312.8,1.4,1.2,2013-03-20,0656,Aqua,MODIS,43,6.2,300.5,8.5,D,0
21.3501,92.1642,328.7,1.5,1.2,2013-03-20,0656,Aqua,MODIS,81,6.2,302.3,33.7,D,0
22.6253,92.4274,346.2,1.4,1.2,2013-03-20,0656,Aqua,MODIS,93,6.2,304.7,71.6,D,0
22.6172,92.4218,340.8,1.4,1.2,2013-03-20,0656,Aqua,MODIS,90,6.2,303.8,58,D,0
22.6195,92.4355,347,1.4,1.2,2013-03-20,0656,Aqua,MODIS,93,6.2,305,75.3,D,0
22.6137,92.4648,332.1,1.4,1.2,2013-03-20,0656,Aqua,MODIS,83,6.2,305.3,36,D,0
23.4124,92.2621,351.6,1.4,1.2,2013-03-20,0656,Aqua,MODIS,83,6.2,299.5,91.5,D,0
23.4307,92.2438,333.9,1.4,1.2,2013-03-20,0656,Aqua,MODIS,74,6.2,291.3,40.3,D,0
21.5069,92.35,332.4,1.5,1.2,2013-03-20,0656,Aqua,MODIS,84,6.2,302.2,43.8,D,0
21.5131,92.3571,327.3,1.5,1.2,2013-03-20,0656,Aqua,MODIS,79,6.2,301.5,30,D,0
21.5342,92.3521,335.9,1.5,1.2,2013-03-20,0656,Aqua,MODIS,86,6.2,304.8,50.2,D,0
23.3858,91.9503,323.4,1.5,1.2,2013-03-20,0656,Aqua,MODIS,66,6.2,297.8,24.6,D,0
23.4621,91.9492,332.8,1.4,1.2,2013-03-20,0656,Aqua,MODIS,85,6.2,294.1,44.8,D,0
23.4666,91.9417,328.5,1.4,1.2,2013-03-20,0656,Aqua,MODIS,81,6.2,297.7,34.7,D,0
23.4256,92.2391,319.8,1.4,1.2,2013-03-20,0656,Aqua,MODIS,54,6.2,299.7,15.3,D,0
23.4203,92.2459,341.8,1.4,1.2,2013-03-20,0656,Aqua,MODIS,82,6.2,301.4,59.1,D,0
23.402,92.2639,329.9,1.4,1.2,2013-03-20,0656,Aqua,MODIS,78,6.2,304.1,31.5,D,0
23.4044,92.2779,323,1.4,1.2,2013-03-20,0656,Aqua,MODIS,66,6.2,292.8,18.3,D,0
22.2059,92.5574,315.9,1.4,1.2,2013-03-20,0656,Aqua,MODIS,58,6.2,303.5,10.5,D,0
22.1904,92.5662,314.4,1.4,1.2,2013-03-20,0656,Aqua,MODIS,50,6.2,302.6,8.7,D,0
22.785,91.6331,319.3,1.6,1.2,2013-03-20,0656,Aqua,MODIS,68,6.2,301.5,16.7,D,0
22.4219,92.4879,323.9,1.4,1.2,2013-03-20,0656,Aqua,MODIS,75,6.2,304,21.5,D,0
22.6833,92.2621,319.6,1.4,1.2,2013-03-20,0656,Aqua,MODIS,48,6.2,303.1,14.4,D,0
22.6728,92.2642,328,1.4,1.2,2013-03-20,0656,Aqua,MODIS,60,6.2,304.1,28.4,D,0
23.2652,91.9437,320.8,1.5,1.2,2013-03-20,0656,Aqua,MODIS,63,6.2,301.3,18.4,D,0
23.3487,92.0783,326.9,1.4,1.2,2013-03-20,0656,Aqua,MODIS,77,6.2,301.8,27.2,D,0
23.3405,92.094,319.7,1.4,1.2,2013-03-20,0656,Aqua,MODIS,63,6.2,297.4,14.5,D,0
23.0583,91.8811,316.6,1.5,1.2,2013-03-20,0656,Aqua,MODIS,54,6.2,300.8,12.4,D,0
22.9885,91.9455,323.5,1.5,1.2,2013-03-20,0656,Aqua,MODIS,49,6.2,303.8,21.5,D,0
23.0094,92.3215,303.9,1.3,1.1,2013-03-20,1621,Terra,MODIS,41,6.2,293.3,7,N,0
23.5828,91.9398,303.7,1.3,1.1,2013-03-20,1621,Terra,MODIS,57,6.2,291.8,7.9,N,0
22.42,92.4164,318.1,1.3,1.1,2013-03-20,1621,Terra,MODIS,96,6.2,292.8,24.2,N,0
22.4186,92.4043,311.5,1.3,1.1,2013-03-20,1621,Terra,MODIS,83,6.2,292.7,15.9,N,0
22.989,92.3245,306.3,1.3,1.1,2013-03-20,1621,Terra,MODIS,55,6.2,293.2,9,N,0
22.6415,92.4771,311.5,1.3,1.1,2013-03-20,1621,Terra,MODIS,83,6.2,292.5,15.7,N,0
22.6399,92.4634,311.5,1.3,1.1,2013-03-20,1621,Terra,MODIS,83,6.2,292.8,15.5,N,0
22.5867,92.3367,331.9,1,1,2013-03-21,0430,Terra,MODIS,83,6.2,304.4,22.3,D,0
22.536,92.369,351.4,1,1,2013-03-21,0430,Terra,MODIS,96,6.2,306.4,57.4,D,0
22.5942,92.3482,323.9,1,1,2013-03-21,0430,Terra,MODIS,75,6.2,304,12.5,D,0
22.5956,92.3384,325.5,1,1,2013-03-21,0430,Terra,MODIS,77,6.2,303.8,14.5,D,0
23.5872,91.9484,328.5,1.1,1,2013-03-21,0430,Terra,MODIS,82,6.2,301.2,21.4,D,0
23.5809,91.9407,317.7,1.1,1,2013-03-21,0430,Terra,MODIS,69,6.2,301.8,9.7,D,0
22.5346,92.3787,326.6,1,1,2013-03-21,0430,Terra,MODIS,78,6.2,304.9,15.4,D,0
23.7897,89.716,315,1.4,1.2,2013-03-21,0430,Terra,MODIS,21,6.2,302.3,10.9,D,0
22.322,92.1244,338.3,1,1,2013-03-21,0430,Terra,MODIS,88,6.2,304,32.9,D,0
22.3487,92.4563,338.1,1,1,2013-03-21,0430,Terra,MODIS,88,6.2,304.5,31.1,D,0
23.4926,91.969,319,1.1,1,2013-03-21,0430,Terra,MODIS,71,6.2,302,9.8,D,0
22.9064,92.3522,319,1,1,2013-03-21,0430,Terra,MODIS,69,6.2,302.2,9,D,0
22.3397,92.4549,326.7,1,1,2013-03-21,0430,Terra,MODIS,78,6.2,304.1,15.5,D,0
22.3383,92.4645,316.3,1,1,2013-03-21,0430,Terra,MODIS,28,6.2,303.2,4.7,D,0
23.5886,91.938,325.9,1.1,1,2013-03-21,0430,Terra,MODIS,79,6.2,301.8,17.5,D,0
22.6319,92.471,322.5,1,1,2013-03-21,0430,Terra,MODIS,73,6.2,305.8,9.7,D,0
22.3307,92.4534,323.9,1,1,2013-03-21,0430,Terra,MODIS,75,6.2,304.5,12.9,D,0
21.8904,92.312,315.2,1,1,2013-03-21,0430,Terra,MODIS,59,6.2,302.8,5.5,D,0
22.5852,92.3468,326,1,1,2013-03-21,0430,Terra,MODIS,78,6.2,302.8,14.4,D,0
22.4267,92.4253,319.4,1,1,2013-03-21,0430,Terra,MODIS,34,6.2,303.5,6.2,D,0
23.494,91.9586,322.7,1.1,1,2013-03-21,0430,Terra,MODIS,76,6.2,302.7,13.8,D,0
22.4191,92.4141,322.4,1,1,2013-03-21,0430,Terra,MODIS,73,6.2,306.9,10.1,D,0
22.428,92.4156,327.5,1,1,2013-03-21,0430,Terra,MODIS,79,6.2,305.7,15.4,D,0
22.1082,92.1386,333.9,1,1,2013-03-21,0430,Terra,MODIS,85,6.2,304.7,25.6,D,0
22.4177,92.4239,319.2,1,1,2013-03-21,0430,Terra,MODIS,57,6.2,304.5,6.4,D,0
23.4859,91.9618,333.3,1.1,1,2013-03-21,0430,Terra,MODIS,85,6.2,303.2,28.1,D,0
22.3473,92.4659,326.9,1,1,2013-03-21,0430,Terra,MODIS,79,6.2,303.7,15.5,D,0
21.4694,92.279,318.9,2,1.4,2013-03-21,0738,Aqua,MODIS,55,6.2,303.3,18.9,D,0
21.4293,92.5033,317,2.1,1.4,2013-03-21,0738,Aqua,MODIS,33,6.2,304.3,17.3,D,0
22.5298,92.4852,328.5,2.2,1.4,2013-03-21,0739,Aqua,MODIS,78,6.2,303.2,52,D,0
22.5294,92.4689,326.4,2.2,1.4,2013-03-21,0739,Aqua,MODIS,75,6.2,302.8,41.9,D,0
22.9415,91.9337,322.7,2,1.4,2013-03-21,0739,Aqua,MODIS,64,6.2,302.6,27.5,D,0
22.5555,92.356,325,2.1,1.4,2013-03-21,0739,Aqua,MODIS,39,6.2,303.8,34.4,D,0
22.5318,92.4911,325.1,2.2,1.4,2013-03-21,0739,Aqua,MODIS,66,6.2,303.2,38.3,D,0
21.9592,92.4842,323.2,2.1,1.4,2013-03-21,0739,Aqua,MODIS,52,6.2,304.7,29.3,D,0
21.961,92.5021,323.4,2.2,1.4,2013-03-21,0739,Aqua,MODIS,53,6.2,303,31.9,D,0
21.9603,92.4883,332.9,2.1,1.4,2013-03-21,0739,Aqua,MODIS,82,6.2,304.8,66.5,D,0
23.4484,92.21,339.6,2.1,1.4,2013-03-21,0739,Aqua,MODIS,89,6.2,295.6,105.5,D,0
21.9623,92.5068,320.1,2.2,1.4,2013-03-21,0739,Aqua,MODIS,46,6.2,302.9,22.3,D,0
22.1279,92.3556,325.6,2.1,1.4,2013-03-21,0739,Aqua,MODIS,73,6.2,303,40.1,D,0
23.4463,92.1896,347.4,2.1,1.4,2013-03-21,0739,Aqua,MODIS,94,6.2,297.1,150.5,D,0
22.1295,92.3707,328.1,2.1,1.4,2013-03-21,0739,Aqua,MODIS,77,6.2,302.5,48.5,D,0
22.6584,92.4632,325,2.2,1.4,2013-03-21,0739,Aqua,MODIS,73,6.2,304.8,38.6,D,0
22.6414,92.4245,327.9,2.2,1.4,2013-03-21,0739,Aqua,MODIS,77,6.2,304,45.9,D,0
22.6286,92.4258,326.1,2.2,1.4,2013-03-21,0739,Aqua,MODIS,74,6.2,303.3,39.9,D,0
22.3259,92.5213,328.8,2.2,1.4,2013-03-21,0739,Aqua,MODIS,78,6.2,302,57,D,0
22.3281,92.5441,329.2,2.2,1.4,2013-03-21,0739,Aqua,MODIS,79,6.2,300.6,59.2,D,0
22.3469,92.462,347.4,2.2,1.4,2013-03-21,0739,Aqua,MODIS,93,6.2,306.1,140.6,D,0
22.3493,92.4838,337.8,2.2,1.4,2013-03-21,0739,Aqua,MODIS,87,6.2,303.5,88.4,D,0
22.3278,92.5262,338.7,2.2,1.4,2013-03-21,0739,Aqua,MODIS,87,6.2,301.8,102.1,D,0
22.5809,92.3524,325.1,2.1,1.4,2013-03-21,0739,Aqua,MODIS,63,6.2,303.7,36.3,D,0
22.7897,92.3514,336.9,2.2,1.4,2013-03-21,0739,Aqua,MODIS,81,6.2,303.4,88.7,D,0
22.7869,92.3371,321.8,2.1,1.4,2013-03-21,0739,Aqua,MODIS,59,6.2,303.1,29.9,D,0
22.7893,92.3594,334.4,2.2,1.4,2013-03-21,0739,Aqua,MODIS,84,6.2,303.1,76.6,D,0
22.7105,92.348,345.8,2.1,1.4,2013-03-21,0739,Aqua,MODIS,80,6.2,304,134.6,D,0
23.0173,91.9192,323.7,2,1.4,2013-03-21,0739,Aqua,MODIS,55,6.2,303.5,31.6,D,0
23.0193,91.9384,355.1,2,1.4,2013-03-21,0739,Aqua,MODIS,97,6.2,304.2,178.6,D,0
23.016,91.9244,335.7,2,1.4,2013-03-21,0739,Aqua,MODIS,86,6.2,304.4,72.7,D,0
22.5944,92.3435,324.9,2.1,1.4,2013-03-21,0739,Aqua,MODIS,73,6.2,302.8,36.8,D,0
22.5817,92.3452,330,2.1,1.4,2013-03-21,0739,Aqua,MODIS,80,6.2,303.8,54,D,0
22.0253,92.4978,335.8,2.2,1.4,2013-03-21,0739,Aqua,MODIS,85,6.2,305.7,82.1,D,0
22.0379,92.4948,328.7,2.2,1.4,2013-03-21,0739,Aqua,MODIS,77,6.2,304.8,52,D,0
23.0181,91.9435,352.6,2,1.4,2013-03-21,0739,Aqua,MODIS,96,6.2,302.8,159,D,0
22.5536,92.3372,332.3,2.1,1.4,2013-03-21,0739,Aqua,MODIS,81,6.2,304.6,60.4,D,0
22.5301,92.3598,345.3,2.1,1.4,2013-03-21,0739,Aqua,MODIS,87,6.2,305.6,124.7,D,0
22.5428,92.3576,351.6,2.1,1.4,2013-03-21,0739,Aqua,MODIS,95,6.2,306.3,164.9,D,0
22.5916,92.3314,322.9,2.1,1.4,2013-03-21,0739,Aqua,MODIS,69,6.2,303.7,30.4,D,0
22.3307,92.4384,328.8,2.2,1.4,2013-03-21,0739,Aqua,MODIS,78,6.2,305.4,48.7,D,0
22.3326,92.4584,321.1,2.2,1.4,2013-03-21,0739,Aqua,MODIS,24,6.2,303.9,23.2,D,0
22.332,92.4433,328.8,2.2,1.4,2013-03-21,0739,Aqua,MODIS,78,6.2,305.7,49.3,D,0
23.031,92.0631,330.7,2.1,1.4,2013-03-21,0739,Aqua,MODIS,71,6.2,300.4,60,D,0
23.0314,92.058,326,2.1,1.4,2013-03-21,0739,Aqua,MODIS,37,6.2,300.5,44.6,D,0
23.0711,92.1972,318,2.1,1.4,2013-03-21,0739,Aqua,MODIS,39,6.2,298.9,21.8,D,0
23.0711,92.0726,333.7,2.1,1.4,2013-03-21,0739,Aqua,MODIS,81,6.2,299.4,71.2,D,0
22.5937,92.3514,326.5,2.1,1.4,2013-03-21,0739,Aqua,MODIS,75,6.2,302.8,43.2,D,0
22.579,92.3337,321.1,2.1,1.4,2013-03-21,0739,Aqua,MODIS,25,6.2,303.6,22.5,D,0
22.5771,92.4391,319.2,2.2,1.4,2013-03-21,0739,Aqua,MODIS,61,6.2,302.9,23.2,D,0
22.5449,92.3787,328.8,2.1,1.4,2013-03-21,0739,Aqua,MODIS,61,6.2,303.1,47.6,D,0
23.0836,92.0711,322.4,2.1,1.4,2013-03-21,0739,Aqua,MODIS,59,6.2,294.9,32.8,D,0
22.5258,92.4455,321,2.2,1.4,2013-03-21,0739,Aqua,MODIS,66,6.2,304,26.4,D,0
22.5277,92.4644,322.9,2.2,1.4,2013-03-21,0739,Aqua,MODIS,70,6.2,302.8,32.7,D,0
22.4251,92.3369,317.9,2.1,1.4,2013-03-21,0739,Aqua,MODIS,29,6.2,300,18.7,D,0
22.4241,92.3446,328.8,2.1,1.4,2013-03-21,0739,Aqua,MODIS,78,6.2,298.7,51.9,D,0
23.0688,92.3014,319.2,2.2,1.4,2013-03-21,0739,Aqua,MODIS,33,6.2,302.7,18.7,D,0
22.5275,92.4502,325.4,2.2,1.4,2013-03-21,0739,Aqua,MODIS,71,6.2,304.1,37.1,D,0
23.0015,89.6208,324.7,1.4,1.2,2013-03-21,0739,Aqua,MODIS,69,6.2,310.5,18.7,D,0
22.8104,91.9176,320.7,2,1.4,2013-03-21,0739,Aqua,MODIS,51,6.2,303.6,20.3,D,0
23.2199,92.0014,327,2.1,1.4,2013-03-21,0739,Aqua,MODIS,78,6.2,298.5,45.8,D,0
23.1842,92.1547,319.2,2.1,1.4,2013-03-21,0739,Aqua,MODIS,33,6.2,299,26.5,D,0
22.8123,91.9368,320.8,2,1.4,2013-03-21,0739,Aqua,MODIS,55,6.2,302.3,22,D,0
22.8089,91.9231,324.8,2,1.4,2013-03-21,0739,Aqua,MODIS,73,6.2,303.1,34.5,D,0
22.7737,91.9467,319.3,2,1.4,2013-03-21,0739,Aqua,MODIS,62,6.2,301.3,21.2,D,0
22.3454,92.4564,335.4,2.2,1.4,2013-03-21,0739,Aqua,MODIS,85,6.2,305.5,75.2,D,0
22.1174,92.3772,347.6,2.1,1.4,2013-03-21,0739,Aqua,MODIS,93,6.2,304.4,139.9,D,0
22.1153,92.3573,347.4,2.1,1.4,2013-03-21,0739,Aqua,MODIS,93,6.2,304.6,137.7,D,0
22.1301,92.3759,322.8,2.1,1.4,2013-03-21,0739,Aqua,MODIS,68,6.2,302.1,31.5,D,0
23.1254,89.7585,322.6,1.4,1.2,2013-03-21,0739,Aqua,MODIS,46,6.2,309.6,12.9,D,0
22.3477,92.4788,344.7,2.2,1.4,2013-03-21,0739,Aqua,MODIS,91,6.2,304,124,D,0
23.3091,88.8875,320.5,1.3,1.1,2013-03-21,0739,Aqua,MODIS,45,6.2,305.8,10,D,0
23.1029,92.2561,326,2.1,1.4,2013-03-21,0739,Aqua,MODIS,58,6.2,302.1,44,D,0
23.1114,92.3382,320.6,2.2,1.4,2013-03-21,0739,Aqua,MODIS,24,6.2,302.8,23.5,D,0
23.0836,92.3195,323.9,2.2,1.4,2013-03-21,0739,Aqua,MODIS,53,6.2,302.8,32.3,D,0
22.5576,92.3532,321.3,3.9,1.8,2013-03-21,1526,Terra,MODIS,100,6.2,293.9,136.8,N,0
22.5681,92.3583,320.1,3.9,1.8,2013-03-21,1526,Terra,MODIS,100,6.2,293.9,128.3,N,0
23.0563,92.3157,305.6,1.1,1,2013-03-21,1948,Aqua,MODIS,44,6.2,293.4,6.8,N,0
23.0579,92.3054,307.8,1.1,1,2013-03-21,1948,Aqua,MODIS,71,6.2,292.2,8.4,N,0
22.9881,92.3246,306,1.1,1,2013-03-21,1948,Aqua,MODIS,35,6.2,293,7.1,N,0
22.6098,92.3423,304,1.1,1,2013-03-21,1948,Aqua,MODIS,58,6.2,293.2,6.1,N,0
22.6158,92.3392,307.9,1.1,1,2013-03-21,1948,Aqua,MODIS,68,6.2,293,8.3,N,0
22.9817,92.3275,309.6,1.1,1,2013-03-21,1948,Aqua,MODIS,78,6.2,293.7,11.1,N,0
22.9834,92.3172,304.2,1.1,1,2013-03-21,1948,Aqua,MODIS,59,6.2,292.4,6.9,N,0
23.3987,92.3072,304.1,1.1,1,2013-03-21,1948,Aqua,MODIS,58,6.2,289.7,7.5,N,0
23.4682,91.9563,323,3.2,1.7,2013-03-22,0512,Terra,MODIS,76,6.2,290.6,86.3,D,0
23.4559,91.9472,321.1,3.2,1.7,2013-03-22,0512,Terra,MODIS,74,6.2,287.8,74.6,D,0
23.4708,91.9505,318.3,3.2,1.7,2013-03-22,0512,Terra,MODIS,63,6.2,290.8,58.5,D,0
23.1963,92.0011,313.2,3.3,1.7,2013-03-22,0513,Terra,MODIS,57,6.2,292.8,38.6,D,0
23.1991,91.9967,311.5,3.3,1.7,2013-03-22,0513,Terra,MODIS,41,6.2,292.8,28.3,D,0
21.5887,92.2276,330.4,2.5,1.5,2013-03-22,0643,Aqua,MODIS,79,6.2,295.8,81.7,D,0
21.5933,92.2517,320.5,2.5,1.5,2013-03-22,0643,Aqua,MODIS,63,6.2,297.6,38.8,D,0
21.5869,92.2479,328.4,2.5,1.5,2013-03-22,0643,Aqua,MODIS,77,6.2,297.2,68.4,D,0
21.5821,92.2241,328.8,2.5,1.5,2013-03-22,0643,Aqua,MODIS,78,6.2,296.3,71.5,D,0
23.5402,92.2689,335.3,2.2,1.5,2013-03-22,0644,Aqua,MODIS,81,6.2,294.4,98.7,D,0
22.1007,92.4914,374.8,2.3,1.5,2013-03-22,0644,Aqua,MODIS,100,6.2,301.5,427,D,0
22.0965,92.4687,338.7,2.3,1.5,2013-03-22,0644,Aqua,MODIS,88,6.2,298.9,111.6,D,0
22.1094,92.4652,325.4,2.3,1.5,2013-03-22,0644,Aqua,MODIS,47,6.2,294.6,49.8,D,0
23.5363,92.2486,367,2.3,1.5,2013-03-22,0644,Aqua,MODIS,87,6.2,291.6,327.6,D,0
22.1318,92.5209,320.9,2.3,1.5,2013-03-22,0644,Aqua,MODIS,57,6.2,294.4,36.2,D,0
22.0977,92.4848,352.8,2.3,1.5,2013-03-22,0644,Aqua,MODIS,94,6.2,301.2,198.6,D,0
22.1106,92.4812,359,2.3,1.5,2013-03-22,0644,Aqua,MODIS,99,6.2,291,252.1,D,0
23.2223,91.865,319.6,2.4,1.5,2013-03-22,0644,Aqua,MODIS,68,6.2,296.2,31.8,D,0
22.6622,92.4565,346,2.3,1.5,2013-03-22,0644,Aqua,MODIS,93,6.2,299.9,148.2,D,0
22.574,92.4827,323.3,2.3,1.5,2013-03-22,0644,Aqua,MODIS,62,6.2,299.6,40.2,D,0
22.5767,92.4868,335.8,2.3,1.5,2013-03-22,0644,Aqua,MODIS,86,6.2,300,92,D,0
23.3237,91.9609,314.6,2.4,1.5,2013-03-22,0644,Aqua,MODIS,30,6.2,294,21.3,D,0
22.655,92.4854,323,2.3,1.5,2013-03-22,0644,Aqua,MODIS,74,6.2,296.2,39.6,D,0
22.6513,92.4655,325.8,2.3,1.5,2013-03-22,0644,Aqua,MODIS,77,6.2,298.6,50.2,D,0
23.1659,91.9064,316.7,2.4,1.5,2013-03-22,0644,Aqua,MODIS,49,6.2,296.7,23.4,D,0
22.5868,92.4796,320.9,2.3,1.5,2013-03-22,0644,Aqua,MODIS,39,6.2,298.7,30.8,D,0
23.5347,92.2424,351.1,2.3,1.5,2013-03-22,0644,Aqua,MODIS,72,6.2,288.1,192.3,D,0
22.6679,92.4825,333,2.3,1.5,2013-03-22,0644,Aqua,MODIS,84,6.2,298,77.8,D,0
22.6642,92.4629,357.4,2.3,1.5,2013-03-22,0644,Aqua,MODIS,98,6.2,299.7,233.6,D,0
22.666,92.4764,357.2,2.3,1.5,2013-03-22,0644,Aqua,MODIS,98,6.2,298.9,229.5,D,0
23.5387,92.2627,348.2,2.2,1.5,2013-03-22,0644,Aqua,MODIS,94,6.2,294.9,173.9,D,0
23.2494,92.0028,328.8,2.4,1.5,2013-03-22,0644,Aqua,MODIS,40,6.2,294.7,60.8,D,0
23.2363,91.9858,337.5,2.4,1.5,2013-03-22,0644,Aqua,MODIS,77,6.2,295.2,101.1,D,0
23.2145,91.8712,320.8,2.4,1.5,2013-03-22,0644,Aqua,MODIS,51,6.2,296.5,33.2,D,0
23.2362,92.0055,346.5,2.4,1.5,2013-03-22,0644,Aqua,MODIS,94,6.2,295.7,156.6,D,0
22.1048,92.5132,324.9,2.3,1.5,2013-03-22,0644,Aqua,MODIS,48,6.2,298.8,49.5,D,0
23.3286,92.0704,321.3,2.3,1.5,2013-03-22,0644,Aqua,MODIS,51,6.2,294.8,36.4,D,0
22.5908,92.4999,321.3,2.3,1.5,2013-03-22,0644,Aqua,MODIS,51,6.2,297.9,31.5,D,0
23.332,92.077,320.2,2.3,1.5,2013-03-22,0644,Aqua,MODIS,47,6.2,294.6,32.5,D,0
23.187,91.8968,318.8,2.4,1.5,2013-03-22,0644,Aqua,MODIS,45,6.2,297.3,27.3,D,0
23.5106,92.2542,348.4,2.3,1.5,2013-03-22,0644,Aqua,MODIS,94,6.2,295.6,170.6,D,0
23.2276,92.0122,331.6,2.4,1.5,2013-03-22,0644,Aqua,MODIS,72,6.2,294.8,76,D,0
23.2407,92.0088,337.9,2.4,1.5,2013-03-22,0644,Aqua,MODIS,84,6.2,295.2,102.3,D,0
22.1135,92.4873,336.6,2.3,1.5,2013-03-22,0644,Aqua,MODIS,86,6.2,287.6,96.9,D,0
23.3326,91.9516,316.6,2.4,1.5,2013-03-22,0644,Aqua,MODIS,64,6.2,294.7,26.9,D,0
23.2888,91.994,320.3,2.4,1.5,2013-03-22,0644,Aqua,MODIS,45,6.2,293.1,37.3,D,0
21.8437,92.4403,302.6,1,1,2013-03-22,1608,Terra,MODIS,50,6.2,291.5,4.6,N,0
22.1112,92.5095,321.7,1.4,1.2,2013-03-23,0418,Terra,MODIS,70,6.2,303,15.7,D,0
22.1098,92.5215,323.5,1.4,1.2,2013-03-23,0418,Terra,MODIS,73,6.2,303.5,18.6,D,0
22.132,92.5119,328.2,1.4,1.2,2013-03-23,0418,Terra,MODIS,79,6.2,303.5,26.8,D,0
22.1593,92.4613,320.6,1.4,1.2,2013-03-23,0418,Terra,MODIS,69,6.2,303.8,15.1,D,0
22.2706,92.549,381.9,1.3,1.1,2013-03-23,0726,Aqua,MODIS,100,6.2,312.4,231.1,D,0
22.5684,92.328,342.9,1.3,1.1,2013-03-23,0726,Aqua,MODIS,90,6.2,306.8,52.3,D,0
22.5699,92.3402,330.2,1.3,1.1,2013-03-23,0726,Aqua,MODIS,80,6.2,304.7,22.8,D,0
22.5583,92.3295,324.1,1.3,1.1,2013-03-23,0726,Aqua,MODIS,69,6.2,306.6,13.5,D,0
22.5596,92.3221,322.3,1.3,1.1,2013-03-23,0726,Aqua,MODIS,26,6.2,305.8,10.9,D,0
22.5612,92.3346,356.6,1.3,1.1,2013-03-23,0726,Aqua,MODIS,98,6.2,307.7,95.3,D,0
22.4858,92.3957,355.2,1.3,1.1,2013-03-23,0726,Aqua,MODIS,97,6.2,307.4,92.9,D,0
22.4874,92.4092,342.8,1.3,1.1,2013-03-23,0726,Aqua,MODIS,90,6.2,304.8,54.1,D,0
22.492,92.4479,329.2,1.3,1.1,2013-03-23,0726,Aqua,MODIS,78,6.2,303,22.7,D,0
22.4935,92.4603,334.8,1.3,1.1,2013-03-23,0726,Aqua,MODIS,84,6.2,304.2,32.3,D,0
22.4756,92.3975,354.3,1.3,1.1,2013-03-23,0726,Aqua,MODIS,97,6.2,308.9,89,D,0
22.4772,92.4106,365.2,1.3,1.1,2013-03-23,0726,Aqua,MODIS,100,6.2,306.5,133.1,D,0
22.476,92.3915,334,1.3,1.1,2013-03-23,0726,Aqua,MODIS,83,6.2,306.3,31.9,D,0
21.8996,92.5084,325.8,1.3,1.1,2013-03-23,0726,Aqua,MODIS,73,6.2,303.4,19.3,D,0
21.9402,92.5019,344.8,1.3,1.1,2013-03-23,0726,Aqua,MODIS,91,6.2,306,58.5,D,0
21.9388,92.4904,320.7,1.3,1.1,2013-03-23,0726,Aqua,MODIS,27,6.2,305.1,8.2,D,0
21.94,92.5077,330,1.3,1.1,2013-03-23,0726,Aqua,MODIS,78,6.2,304.4,23.9,D,0
21.9386,92.4958,330.6,1.3,1.1,2013-03-23,0726,Aqua,MODIS,79,6.2,305.3,23.7,D,0
21.9501,92.5057,347,1.3,1.1,2013-03-23,0726,Aqua,MODIS,93,6.2,304.4,65.1,D,0
21.9488,92.4944,347.8,1.3,1.1,2013-03-23,0726,Aqua,MODIS,93,6.2,305.9,65.5,D,0
21.9619,92.5178,353.8,1.3,1.1,2013-03-23,0726,Aqua,MODIS,96,6.2,302.2,90,D,0
21.9604,92.5051,346,1.3,1.1,2013-03-23,0726,Aqua,MODIS,92,6.2,304.1,61.9,D,0
21.959,92.4934,352.7,1.3,1.1,2013-03-23,0726,Aqua,MODIS,96,6.2,303.2,80.9,D,0
22.4775,92.4042,388.1,1.3,1.1,2013-03-23,0726,Aqua,MODIS,100,6.2,310.1,264.9,D,0
22.4792,92.4175,337.4,1.3,1.1,2013-03-23,0726,Aqua,MODIS,86,6.2,303.2,38.7,D,0
22.4658,92.3932,326.8,1.3,1.1,2013-03-23,0726,Aqua,MODIS,59,6.2,306.7,17.4,D,0
22.4673,92.4054,342.6,1.3,1.1,2013-03-23,0726,Aqua,MODIS,90,6.2,306.2,51.4,D,0
22.4737,92.457,324.2,1.3,1.1,2013-03-23,0726,Aqua,MODIS,59,6.2,302,13.7,D,0
22.4635,92.4584,338.7,1.3,1.1,2013-03-23,0726,Aqua,MODIS,87,6.2,303,41.3,D,0
22.4439,92.3836,321.7,1.3,1.1,2013-03-23,0726,Aqua,MODIS,41,6.2,304.5,10.1,D,0
21.5246,92.4362,318.5,1.3,1.1,2013-03-23,0726,Aqua,MODIS,49,6.2,304.7,8.4,D,0
22.4383,92.4225,344.1,1.3,1.1,2013-03-23,0726,Aqua,MODIS,91,6.2,306.3,55.1,D,0
22.421,92.4515,337.9,1.3,1.1,2013-03-23,0726,Aqua,MODIS,86,6.2,306.8,41.4,D,0
22.4093,92.4402,332.8,1.3,1.1,2013-03-23,0726,Aqua,MODIS,82,6.2,304.7,28.8,D,0
22.4108,92.4529,345.1,1.3,1.1,2013-03-23,0726,Aqua,MODIS,92,6.2,305.9,61,D,0
22.3991,92.4416,358.3,1.3,1.1,2013-03-23,0726,Aqua,MODIS,99,6.2,307.4,104.1,D,0
22.4006,92.4543,381.6,1.3,1.1,2013-03-23,0726,Aqua,MODIS,100,6.2,307.6,224.4,D,0
21.8127,92.5395,321,1.3,1.1,2013-03-23,0726,Aqua,MODIS,36,6.2,303.6,10.8,D,0
21.8111,92.5263,342.2,1.3,1.1,2013-03-23,0726,Aqua,MODIS,89,6.2,305.5,52.7,D,0
21.8228,92.537,372.1,1.3,1.1,2013-03-23,0726,Aqua,MODIS,100,6.2,306.7,168.1,D,0
21.8213,92.5248,379.2,1.3,1.1,2013-03-23,0726,Aqua,MODIS,100,6.2,311.1,206.5,D,0
21.901,92.5199,324.5,1.3,1.1,2013-03-23,0726,Aqua,MODIS,70,6.2,302.8,17.2,D,0
21.9517,92.5186,342.8,1.3,1.1,2013-03-23,0726,Aqua,MODIS,90,6.2,302.9,55.9,D,0
22.1031,92.5058,324.2,1.3,1.1,2013-03-23,0726,Aqua,MODIS,68,6.2,304.6,15.1,D,0
22.1048,92.5196,339.1,1.3,1.1,2013-03-23,0726,Aqua,MODIS,87,6.2,306.5,46.5,D,0
22.1065,92.5328,322.2,1.3,1.1,2013-03-23,0726,Aqua,MODIS,45,6.2,302.8,13.3,D,0
22.0929,92.5075,325.1,1.3,1.1,2013-03-23,0726,Aqua,MODIS,49,6.2,304.9,15.8,D,0
22.0947,92.5215,330.8,1.3,1.1,2013-03-23,0726,Aqua,MODIS,79,6.2,306.3,27.1,D,0
22.0638,92.5244,324.3,1.3,1.1,2013-03-23,0726,Aqua,MODIS,70,6.2,304.1,15.8,D,0
22.049,92.4875,331,1.3,1.1,2013-03-23,0726,Aqua,MODIS,80,6.2,307.4,27.4,D,0
22.0506,92.5006,319.7,1.3,1.1,2013-03-23,0726,Aqua,MODIS,32,6.2,305,8.1,D,0
22.0536,92.5259,328.2,1.3,1.1,2013-03-23,0726,Aqua,MODIS,76,6.2,303.8,21.7,D,0
22.288,92.2713,325.9,1.3,1.1,2013-03-23,0726,Aqua,MODIS,74,6.2,305.3,16.3,D,0
22.2895,92.2837,331.9,1.3,1.1,2013-03-23,0726,Aqua,MODIS,81,6.2,304.4,26.8,D,0
22.114,92.3462,337.7,1.3,1.1,2013-03-23,0726,Aqua,MODIS,86,6.2,306.1,40.2,D,0
21.9866,92.465,340.8,1.3,1.1,2013-03-23,0726,Aqua,MODIS,88,6.2,307,46.6,D,0
21.988,92.4764,360.4,1.3,1.1,2013-03-23,0726,Aqua,MODIS,100,6.2,305.7,111,D,0
21.8603,92.4396,405.3,1.3,1.1,2013-03-23,0726,Aqua,MODIS,100,6.2,314.1,403.2,D,0
21.8588,92.4274,350.8,1.3,1.1,2013-03-23,0726,Aqua,MODIS,95,6.2,309.4,74.4,D,0
22.1507,92.2275,336.7,1.3,1.1,2013-03-23,0726,Aqua,MODIS,85,6.2,306.4,36.2,D,0
21.9779,92.4782,326.6,1.3,1.1,2013-03-23,0726,Aqua,MODIS,54,6.2,306.9,18.1,D,0
22.4893,92.5136,354.3,1.3,1.1,2013-03-23,0726,Aqua,MODIS,84,6.2,301.1,87.7,D,0
22.4563,92.4847,341.6,1.3,1.1,2013-03-23,0726,Aqua,MODIS,87,6.2,303.2,46.6,D,0
22.4578,92.4975,341.1,1.3,1.1,2013-03-23,0726,Aqua,MODIS,89,6.2,302.5,47,D,0
22.446,92.486,337,1.3,1.1,2013-03-23,0726,Aqua,MODIS,84,6.2,302.7,37.5,D,0
22.4508,92.5258,366.7,1.3,1.1,2013-03-23,0726,Aqua,MODIS,100,6.2,304,142.2,D,0
22.4406,92.5273,365.3,1.3,1.1,2013-03-23,0726,Aqua,MODIS,100,6.2,304.9,134.7,D,0
21.4852,92.3657,384.7,1.3,1.1,2013-03-23,0726,Aqua,MODIS,100,6.2,306.3,230.7,D,0
21.4968,92.3765,364.5,1.3,1.1,2013-03-23,0726,Aqua,MODIS,100,6.2,305.5,127,D,0
21.4952,92.3639,386.9,1.3,1.1,2013-03-23,0726,Aqua,MODIS,100,6.2,308.9,244.7,D,0
21.4938,92.3525,337.3,1.3,1.1,2013-03-23,0726,Aqua,MODIS,86,6.2,306.9,35.9,D,0
21.5053,92.3628,336.1,1.3,1.1,2013-03-23,0726,Aqua,MODIS,85,6.2,306.5,35.8,D,0
21.5169,92.3737,343.9,1.3,1.1,2013-03-23,0726,Aqua,MODIS,91,6.2,303.8,56.1,D,0
21.5153,92.3608,335.8,1.3,1.1,2013-03-23,0726,Aqua,MODIS,85,6.2,304.8,35,D,0
21.5253,92.3595,344.9,1.3,1.1,2013-03-23,0726,Aqua,MODIS,91,6.2,304.5,57.5,D,0
21.5371,92.3716,318.2,1.3,1.1,2013-03-23,0726,Aqua,MODIS,31,6.2,302.5,7.3,D,0
21.5354,92.3585,338.4,1.3,1.1,2013-03-23,0726,Aqua,MODIS,87,6.2,302.1,42.3,D,0
21.6432,92.4,321.1,1.3,1.1,2013-03-23,0726,Aqua,MODIS,64,6.2,305.7,8.5,D,0
22.3545,92.4794,336.2,1.3,1.1,2013-03-23,0726,Aqua,MODIS,85,6.2,307.1,35.6,D,0
22.3647,92.4778,358.9,1.3,1.1,2013-03-23,0726,Aqua,MODIS,99,6.2,307.5,104.9,D,0
22.3632,92.4654,373.7,1.3,1.1,2013-03-23,0726,Aqua,MODIS,100,6.2,309.1,174.6,D,0
22.3616,92.4524,328.9,1.3,1.1,2013-03-23,0726,Aqua,MODIS,78,6.2,305.5,20.6,D,0
22.3585,92.4273,340.8,1.3,1.1,2013-03-23,0726,Aqua,MODIS,89,6.2,305.2,47.7,D,0
22.3734,92.464,356,1.3,1.1,2013-03-23,0726,Aqua,MODIS,98,6.2,306.8,94.9,D,0
22.3718,92.4509,325.9,1.3,1.1,2013-03-23,0726,Aqua,MODIS,74,6.2,305.4,15.8,D,0
22.3938,92.4609,369.8,1.3,1.1,2013-03-23,0726,Aqua,MODIS,100,6.2,307,155.5,D,0
22.3922,92.448,375.8,1.3,1.1,2013-03-23,0726,Aqua,MODIS,100,6.2,309.6,187.1,D,0
22.3904,92.4558,356.4,1.3,1.1,2013-03-23,0726,Aqua,MODIS,98,6.2,307.3,98.2,D,0
22.3888,92.4427,325,1.3,1.1,2013-03-23,0726,Aqua,MODIS,72,6.2,304.9,15.3,D,0
22.5805,92.4297,343.5,1.3,1.1,2013-03-23,0726,Aqua,MODIS,91,6.2,304,52.8,D,0
22.585,92.4673,344.3,1.3,1.1,2013-03-23,0726,Aqua,MODIS,91,6.2,304.6,58.5,D,0
22.2919,92.468,336.7,1.3,1.1,2013-03-23,0726,Aqua,MODIS,85,6.2,303.5,38.6,D,0
22.289,92.4438,374.8,1.3,1.1,2013-03-23,0726,Aqua,MODIS,100,6.2,308.4,180.4,D,0
22.2873,92.4304,338,1.3,1.1,2013-03-23,0726,Aqua,MODIS,87,6.2,306.3,40.5,D,0
22.2856,92.4166,330.8,1.3,1.1,2013-03-23,0726,Aqua,MODIS,80,6.2,305.4,26.2,D,0
22.3006,92.4544,340.3,1.3,1.1,2013-03-23,0726,Aqua,MODIS,88,6.2,301.6,45.1,D,0
22.2992,92.4424,361.9,1.3,1.1,2013-03-23,0726,Aqua,MODIS,100,6.2,305.1,116.1,D,0
22.2976,92.4296,329.6,1.3,1.1,2013-03-23,0726,Aqua,MODIS,62,6.2,305.5,21.4,D,0
22.2988,92.4482,341.2,1.3,1.1,2013-03-23,0726,Aqua,MODIS,89,6.2,302.8,49.4,D,0
22.2973,92.4358,328,1.3,1.1,2013-03-23,0726,Aqua,MODIS,71,6.2,304.3,20.5,D,0
22.309,92.4466,408.9,1.3,1.1,2013-03-23,0726,Aqua,MODIS,100,6.2,307.2,450,D,0
22.3075,92.4343,390.2,1.3,1.1,2013-03-23,0726,Aqua,MODIS,100,6.2,309.9,281.8,D,0
22.3192,92.4451,343.1,1.3,1.1,2013-03-23,0726,Aqua,MODIS,90,6.2,303.2,54.6,D,0
22.3177,92.4328,341.6,1.3,1.1,2013-03-23,0726,Aqua,MODIS,89,6.2,305.2,50.5,D,0
21.429,92.4806,335.6,1.3,1.1,2013-03-23,0726,Aqua,MODIS,84,6.2,307.1,38.3,D,0
21.4766,92.3789,328.6,1.3,1.1,2013-03-23,0726,Aqua,MODIS,77,6.2,297,25.3,D,0
21.4752,92.3669,348.7,1.3,1.1,2013-03-23,0726,Aqua,MODIS,94,6.2,306,69.1,D,0
21.4738,92.3553,327.4,1.3,1.1,2013-03-23,0726,Aqua,MODIS,70,6.2,304.9,19.4,D,0
21.4838,92.354,446.3,1.3,1.1,2013-03-23,0726,Aqua,MODIS,100,6.2,322.6,930.7,D,0
22.1828,92.4873,333.7,1.3,1.1,2013-03-23,0726,Aqua,MODIS,83,6.2,303.7,35.4,D,0
22.1727,92.4896,332.3,1.3,1.1,2013-03-23,0726,Aqua,MODIS,81,6.2,305.4,32.2,D,0
22.158,92.4542,327.2,1.3,1.1,2013-03-23,0726,Aqua,MODIS,75,6.2,307,20.6,D,0
22.1595,92.4665,321,1.3,1.1,2013-03-23,0726,Aqua,MODIS,60,6.2,305,10.8,D,0
22.2087,92.4666,318.6,1.3,1.1,2013-03-23,0726,Aqua,MODIS,56,6.2,303.7,9.3,D,0
22.2102,92.4788,321.4,1.3,1.1,2013-03-23,0726,Aqua,MODIS,65,6.2,303.6,13.5,D,0
22.2119,92.471,325.9,1.3,1.1,2013-03-23,0726,Aqua,MODIS,73,6.2,304,19.8,D,0
21.4787,92.549,318.9,1.3,1.1,2013-03-23,0726,Aqua,MODIS,54,6.2,304.6,11.4,D,0
22.579,92.4168,337.9,1.3,1.1,2013-03-23,0726,Aqua,MODIS,68,6.2,304.8,37.6,D,0
22.5718,92.4438,328.1,1.3,1.1,2013-03-23,0726,Aqua,MODIS,66,6.2,304.8,18.4,D,0
22.5707,92.4108,323.9,1.3,1.1,2013-03-23,0726,Aqua,MODIS,33,6.2,304.6,12.3,D,0
22.5785,92.4739,328.8,1.3,1.1,2013-03-23,0726,Aqua,MODIS,50,6.2,303.8,20.7,D,0
22.5636,92.4378,341.6,1.3,1.1,2013-03-23,0726,Aqua,MODIS,89,6.2,305.6,47.8,D,0
22.3726,92.3739,326.8,1.3,1.1,2013-03-23,0726,Aqua,MODIS,74,6.2,304.9,17.9,D,0
22.3742,92.3864,334.5,1.3,1.1,2013-03-23,0726,Aqua,MODIS,84,6.2,304.9,31.8,D,0
22.3625,92.3754,321.5,1.3,1.1,2013-03-23,0726,Aqua,MODIS,64,6.2,304.9,10.3,D,0
22.364,92.388,327.8,1.3,1.1,2013-03-23,0726,Aqua,MODIS,76,6.2,306.1,19.9,D,0
22.2939,92.3209,345.5,1.3,1.1,2013-03-23,0726,Aqua,MODIS,92,6.2,306,60.3,D,0
22.2954,92.3334,333,1.3,1.1,2013-03-23,0726,Aqua,MODIS,82,6.2,304.5,30.4,D,0
22.2838,92.3225,334,1.3,1.1,2013-03-23,0726,Aqua,MODIS,83,6.2,304.9,32.6,D,0
22.2835,92.3168,336.5,1.3,1.1,2013-03-23,0726,Aqua,MODIS,85,6.2,304.6,37.2,D,0
22.285,92.3293,336.8,1.3,1.1,2013-03-23,0726,Aqua,MODIS,86,6.2,305.6,38.1,D,0
22.2603,92.5501,344.8,1.3,1.1,2013-03-23,0726,Aqua,MODIS,91,6.2,305.7,64,D,0
22.269,92.5359,327.4,1.3,1.1,2013-03-23,0726,Aqua,MODIS,76,6.2,304.4,23.2,D,0
22.263,92.4863,322.7,1.3,1.1,2013-03-23,0726,Aqua,MODIS,56,6.2,305.4,13.3,D,0
22.2732,92.4848,323.9,1.3,1.1,2013-03-23,0726,Aqua,MODIS,27,6.2,305.3,13.9,D,0
21.4823,92.3419,324.3,1.3,1.1,2013-03-23,0726,Aqua,MODIS,67,6.2,305.5,14.2,D,0
22.5534,92.4392,333.3,1.3,1.1,2013-03-23,0726,Aqua,MODIS,57,6.2,306.2,28,D,0
22.5549,92.4518,414.6,1.3,1.1,2013-03-23,0726,Aqua,MODIS,100,6.2,312,515.3,D,0
21.5309,92.3223,373,1.3,1.1,2013-03-23,0726,Aqua,MODIS,100,6.2,308.1,162.2,D,0
21.5294,92.3104,339.3,1.3,1.1,2013-03-23,0726,Aqua,MODIS,88,6.2,306.2,42.4,D,0
21.5424,92.3326,328.9,1.3,1.1,2013-03-23,0726,Aqua,MODIS,78,6.2,303.7,21.4,D,0
21.5409,92.3206,397.5,1.3,1.1,2013-03-23,0726,Aqua,MODIS,100,6.2,311.9,322,D,0
21.5395,92.3093,357.3,1.3,1.1,2013-03-23,0726,Aqua,MODIS,98,6.2,308,94.8,D,0
21.5419,92.2479,321.6,1.3,1.1,2013-03-23,0726,Aqua,MODIS,51,6.2,305,8.9,D,0
21.5403,92.2359,321.2,1.3,1.1,2013-03-23,0726,Aqua,MODIS,48,6.2,306,8.1,D,0
21.542,92.2411,325.7,1.3,1.1,2013-03-23,0726,Aqua,MODIS,72,6.2,305.8,15.4,D,0
21.5807,92.3081,331.8,1.3,1.1,2013-03-23,0726,Aqua,MODIS,81,6.2,304.1,26.2,D,0
21.5792,92.2958,322.8,1.3,1.1,2013-03-23,0726,Aqua,MODIS,59,6.2,302.3,11.1,D,0
21.6008,92.3064,325.4,1.3,1.1,2013-03-23,0726,Aqua,MODIS,73,6.2,307.8,15.4,D,0
21.6061,92.267,320.8,1.3,1.1,2013-03-23,0726,Aqua,MODIS,64,6.2,304.7,8.9,D,0
21.5771,92.4466,360.8,1.3,1.1,2013-03-23,0726,Aqua,MODIS,100,6.2,305.9,111.5,D,0
21.5756,92.4346,337.4,1.3,1.1,2013-03-23,0726,Aqua,MODIS,86,6.2,306.6,38.8,D,0
21.5872,92.445,322.6,1.3,1.1,2013-03-23,0726,Aqua,MODIS,67,6.2,305.6,11.6,D,0
21.6261,92.427,322.1,1.3,1.1,2013-03-23,0726,Aqua,MODIS,50,6.2,304.7,9.9,D,0
22.5564,92.4641,324.6,1.3,1.1,2013-03-23,0726,Aqua,MODIS,47,6.2,302.2,13.4,D,0
22.5447,92.4531,340.3,1.3,1.1,2013-03-23,0726,Aqua,MODIS,88,6.2,305.2,44.6,D,0
22.5493,92.4911,357.1,1.3,1.1,2013-03-23,0726,Aqua,MODIS,98,6.2,303.7,102.5,D,0
22.5329,92.4421,341.1,1.3,1.1,2013-03-23,0726,Aqua,MODIS,88,6.2,304.1,46.8,D,0
22.5212,92.4308,365.2,1.3,1.1,2013-03-23,0726,Aqua,MODIS,100,6.2,306.1,132.7,D,0
22.5227,92.4436,341.8,1.3,1.1,2013-03-23,0726,Aqua,MODIS,89,6.2,302.8,49.5,D,0
22.5109,92.4321,337.6,1.3,1.1,2013-03-23,0726,Aqua,MODIS,86,6.2,304.4,39.1,D,0
22.5125,92.445,328.6,1.3,1.1,2013-03-23,0726,Aqua,MODIS,32,6.2,303.3,19.7,D,0
22.514,92.4575,378.3,1.3,1.1,2013-03-23,0726,Aqua,MODIS,100,6.2,306.5,201.5,D,0
22.5154,92.4696,353.3,1.3,1.1,2013-03-23,0726,Aqua,MODIS,96,6.2,302.4,84.9,D,0
22.5169,92.4821,336.7,1.3,1.1,2013-03-23,0726,Aqua,MODIS,73,6.2,295.4,37.9,D,0
22.5067,92.4836,351.1,1.3,1.1,2013-03-23,0726,Aqua,MODIS,95,6.2,300.1,77.6,D,0
22.4949,92.4725,344.9,1.3,1.1,2013-03-23,0726,Aqua,MODIS,55,6.2,303.8,54.4,D,0
22.4964,92.4849,353.1,1.3,1.1,2013-03-23,0726,Aqua,MODIS,96,6.2,300.9,81.6,D,0
22.4224,92.2088,317.8,1.3,1.1,2013-03-23,0726,Aqua,MODIS,46,6.2,301.5,5.4,D,0
22.2809,92.5478,392.8,1.3,1.1,2013-03-23,0726,Aqua,MODIS,100,6.2,312.1,311.4,D,0
22.2793,92.5348,345.7,1.3,1.1,2013-03-23,0726,Aqua,MODIS,92,6.2,306.5,66.3,D,0
22.2912,92.5464,377.2,1.3,1.1,2013-03-23,0726,Aqua,MODIS,100,6.2,307.7,202.6,D,0
22.2937,92.4817,322.2,1.3,1.1,2013-03-23,0726,Aqua,MODIS,25,6.2,303.9,11.4,D,0
22.3118,92.5441,341.7,1.3,1.1,2013-03-23,0726,Aqua,MODIS,89,6.2,305.6,54.2,D,0
22.3101,92.5306,333.7,1.3,1.1,2013-03-23,0726,Aqua,MODIS,83,6.2,304.6,34,D,0
22.3109,92.5508,324.8,1.3,1.1,2013-03-23,0726,Aqua,MODIS,66,6.2,304.4,17.5,D,0
22.3093,92.5369,334.8,1.3,1.1,2013-03-23,0726,Aqua,MODIS,84,6.2,305,37.3,D,0
22.3212,92.5494,327.5,1.3,1.1,2013-03-23,0726,Aqua,MODIS,38,6.2,304.7,21,D,0
22.3196,92.5356,330,1.3,1.1,2013-03-23,0726,Aqua,MODIS,46,6.2,305.3,25.5,D,0
22.3315,92.548,329.5,1.3,1.1,2013-03-23,0726,Aqua,MODIS,57,6.2,304.7,26.3,D,0
22.337,92.5074,327.4,1.3,1.1,2013-03-23,0726,Aqua,MODIS,72,6.2,303.5,21.6,D,0
22.3575,92.5043,362.7,1.3,1.1,2013-03-23,0726,Aqua,MODIS,100,6.2,305.6,122.8,D,0
22.356,92.4921,370.7,1.3,1.1,2013-03-23,0726,Aqua,MODIS,100,6.2,308.9,159.7,D,0
22.3677,92.5024,323.9,1.3,1.1,2013-03-23,0726,Aqua,MODIS,44,6.2,299.8,14.2,D,0
22.3662,92.49,369.5,1.3,1.1,2013-03-23,0726,Aqua,MODIS,100,6.2,307.2,154.3,D,0
22.42,92.5302,370.8,1.3,1.1,2013-03-23,0726,Aqua,MODIS,100,6.2,307.3,165.7,D,0
21.6246,92.415,330.6,1.3,1.1,2013-03-23,0726,Aqua,MODIS,79,6.2,305.5,24.8,D,0
21.6405,92.4609,338.3,1.3,1.1,2013-03-23,0726,Aqua,MODIS,86,6.2,304,44,D,0
22.1523,92.2402,340.1,1.3,1.1,2013-03-23,0726,Aqua,MODIS,88,6.2,305.7,44.4,D,0
22.8456,92.4192,335.9,1.3,1.1,2013-03-23,0727,Aqua,MODIS,85,6.2,304.3,39.8,D,0
22.707,92.0428,325.1,1.3,1.1,2013-03-23,0727,Aqua,MODIS,74,6.2,303.9,17.2,D,0
22.7085,92.0482,331.6,1.3,1.1,2013-03-23,0727,Aqua,MODIS,81,6.2,303.4,27.7,D,0
22.768,91.9598,323.3,1.3,1.1,2013-03-23,0727,Aqua,MODIS,71,6.2,303.2,15.4,D,0
22.7664,91.9477,321.7,1.3,1.1,2013-03-23,0727,Aqua,MODIS,68,6.2,302.6,12.5,D,0
22.8195,91.9579,322.1,1.3,1.1,2013-03-23,0727,Aqua,MODIS,54,6.2,304.4,13.4,D,0
23.3745,92.0923,341.6,1.3,1.1,2013-03-23,0727,Aqua,MODIS,90,6.2,302.1,54.1,D,0
22.6675,92.1292,330.1,1.3,1.1,2013-03-23,0727,Aqua,MODIS,80,6.2,304.3,24.9,D,0
22.7645,92.3511,319.6,1.3,1.1,2013-03-23,0727,Aqua,MODIS,63,6.2,303.6,10.6,D,0
22.7631,92.3391,318.2,1.3,1.1,2013-03-23,0727,Aqua,MODIS,58,6.2,303.9,8.7,D,0
23.3352,92.1046,344,1.3,1.1,2013-03-23,0727,Aqua,MODIS,91,6.2,303.2,57.4,D,0
23.3368,92.1173,371.6,1.3,1.1,2013-03-23,0727,Aqua,MODIS,100,6.2,306.1,163.1,D,0
22.8141,92.1656,319.6,1.3,1.1,2013-03-23,0727,Aqua,MODIS,63,6.2,304.1,9.1,D,0
22.8499,92.2945,319.3,1.3,1.1,2013-03-23,0727,Aqua,MODIS,63,6.2,304.2,10.4,D,0
23.3384,92.1301,358.6,1.3,1.1,2013-03-23,0727,Aqua,MODIS,99,6.2,302.2,105.8,D,0
22.6443,92.3562,323,1.3,1.1,2013-03-23,0727,Aqua,MODIS,70,6.2,302.7,14.5,D,0
22.8835,92.315,320.8,1.3,1.1,2013-03-23,0727,Aqua,MODIS,63,6.2,303.3,11.4,D,0
22.8953,92.327,319.2,1.3,1.1,2013-03-23,0727,Aqua,MODIS,40,6.2,303.2,8.9,D,0
22.8937,92.3136,364.8,1.3,1.1,2013-03-23,0727,Aqua,MODIS,100,6.2,305.3,134,D,0
23.0078,91.9184,329.6,1.3,1.1,2013-03-23,0727,Aqua,MODIS,80,6.2,298.4,23.3,D,0
23.0178,91.9169,324.3,1.3,1.1,2013-03-23,0727,Aqua,MODIS,74,6.2,297.4,15.9,D,0
22.601,92.4269,336.9,1.3,1.1,2013-03-23,0727,Aqua,MODIS,86,6.2,303,40.5,D,0
22.8922,92.301,332.8,1.3,1.1,2013-03-23,0727,Aqua,MODIS,83,6.2,304,31.9,D,0
23.1662,91.883,337.1,1.3,1.1,2013-03-23,0727,Aqua,MODIS,87,6.2,304.6,37.2,D,0
22.5847,92.3775,322.4,1.3,1.1,2013-03-23,0727,Aqua,MODIS,46,6.2,304.3,12,D,0
22.5908,92.4283,342.4,1.3,1.1,2013-03-23,0727,Aqua,MODIS,90,6.2,303.3,52,D,0
22.9547,92.3257,331,1.3,1.1,2013-03-23,0727,Aqua,MODIS,81,6.2,303.6,30.1,D,0
23.1563,91.8845,333.8,1.3,1.1,2013-03-23,0727,Aqua,MODIS,84,6.2,304.7,30.1,D,0
23.1577,91.8965,326.7,1.3,1.1,2013-03-23,0727,Aqua,MODIS,63,6.2,302.7,18.1,D,0
22.9532,92.3127,326.5,1.3,1.1,2013-03-23,0727,Aqua,MODIS,76,6.2,304.5,21.3,D,0
24.1746,91.3077,328.2,1.2,1.1,2013-03-23,0727,Aqua,MODIS,39,6.2,308.6,20.2,D,0
22.9649,92.324,338.5,1.3,1.1,2013-03-23,0727,Aqua,MODIS,88,6.2,303.5,46.9,D,0
22.9634,92.3114,319.8,1.3,1.1,2013-03-23,0727,Aqua,MODIS,59,6.2,303.6,10.7,D,0
23.1628,91.7725,344.8,1.2,1.1,2013-03-23,0727,Aqua,MODIS,87,6.2,300.9,54.9,D,0
23.1324,91.7837,343,1.2,1.1,2013-03-23,0727,Aqua,MODIS,91,6.2,302.8,50.5,D,0
23.0943,91.8016,322.2,1.2,1.1,2013-03-23,0727,Aqua,MODIS,46,6.2,299.8,10.5,D,0
23.0844,91.8031,329.2,1.2,1.1,2013-03-23,0727,Aqua,MODIS,74,6.2,302,21.5,D,0
22.5953,92.4661,348,1.3,1.1,2013-03-23,0727,Aqua,MODIS,93,6.2,306,68.9,D,0
22.5968,92.4791,339.1,1.3,1.1,2013-03-23,0727,Aqua,MODIS,88,6.2,302.2,44.9,D,0
22.9716,89.5338,321.2,1,1,2013-03-23,0727,Aqua,MODIS,57,6.2,306,10.3,D,0
23.1158,92.0592,323.3,1.3,1.1,2013-03-23,0727,Aqua,MODIS,49,6.2,298.1,15.5,D,0
23.3016,91.8327,339.9,1.3,1.1,2013-03-23,0727,Aqua,MODIS,89,6.2,302.9,44.2,D,0
22.8432,92.4129,337,1.3,1.1,2013-03-23,0727,Aqua,MODIS,86,6.2,305.2,42.5,D,0
22.8441,92.4066,331.6,1.3,1.1,2013-03-23,0727,Aqua,MODIS,81,6.2,305.8,30.4,D,0
23.5557,92.2409,336,1.3,1.1,2013-03-23,0727,Aqua,MODIS,67,6.2,302.4,40.4,D,0
23.5181,92.2742,332.6,1.3,1.1,2013-03-23,0727,Aqua,MODIS,82,6.2,302.3,34.5,D,0
23.5165,92.261,346.9,1.3,1.1,2013-03-23,0727,Aqua,MODIS,93,6.2,305.9,70.3,D,0
23.5472,92.2563,399,1.3,1.1,2013-03-23,0727,Aqua,MODIS,100,6.2,307.5,360.8,D,0
23.5455,92.2426,360.9,1.3,1.1,2013-03-23,0727,Aqua,MODIS,100,6.2,306.1,119,D,0
23.5574,92.2545,366.4,1.3,1.1,2013-03-23,0727,Aqua,MODIS,100,6.2,300.4,143.2,D,0
23.3282,92.1316,321.9,1.3,1.1,2013-03-23,0727,Aqua,MODIS,46,6.2,302.1,12.9,D,0
23.1648,91.8709,321.3,1.3,1.1,2013-03-23,0727,Aqua,MODIS,57,6.2,304.2,9.1,D,0
23.2045,91.8646,322,1.3,1.1,2013-03-23,0727,Aqua,MODIS,28,6.2,301.1,10.6,D,0
23.203,91.8526,323,1.3,1.1,2013-03-23,0727,Aqua,MODIS,54,6.2,303.7,11.2,D,0
23.2229,91.8497,335.6,1.3,1.1,2013-03-23,0727,Aqua,MODIS,82,6.2,304.8,32,D,0
23.2329,91.8484,357.7,1.3,1.1,2013-03-23,0727,Aqua,MODIS,98,6.2,304.4,93.9,D,0
23.2314,91.8363,337,1.3,1.1,2013-03-23,0727,Aqua,MODIS,87,6.2,304.6,34.6,D,0
23.2334,91.8551,340,1.3,1.1,2013-03-23,0727,Aqua,MODIS,89,6.2,301.4,45.1,D,0
23.2319,91.843,345.3,1.3,1.1,2013-03-23,0727,Aqua,MODIS,92,6.2,305.2,57.1,D,0
23.2419,91.8414,335,1.3,1.1,2013-03-23,0727,Aqua,MODIS,85,6.2,301.4,34.5,D,0
23.2404,91.8295,322.9,1.3,1.1,2013-03-23,0727,Aqua,MODIS,32,6.2,303.2,12.3,D,0
23.3728,92.2417,319.3,1.3,1.1,2013-03-23,0727,Aqua,MODIS,56,6.2,301.2,9.4,D,0
23.3708,92.2351,319.4,1.3,1.1,2013-03-23,0727,Aqua,MODIS,53,6.2,301.9,9.4,D,0
22.7085,92.0551,319.4,1.3,1.1,2013-03-23,0727,Aqua,MODIS,43,6.2,302.4,9,D,0
23.5567,92.2614,349.1,1.3,1.1,2013-03-23,0727,Aqua,MODIS,82,6.2,293.8,79.1,D,0
22.6537,92.4322,324.4,1.3,1.1,2013-03-23,0727,Aqua,MODIS,72,6.2,303,16.5,D,0
22.6584,92.4703,339.7,1.3,1.1,2013-03-23,0727,Aqua,MODIS,88,6.2,303,47,D,0
23.555,92.2474,366.4,1.3,1.1,2013-03-23,0727,Aqua,MODIS,100,6.2,305,145.6,D,0
23.5669,92.2598,322,1.3,1.1,2013-03-23,0727,Aqua,MODIS,50,6.2,295.4,18,D,0
23.0001,92.1066,318.4,1.3,1.1,2013-03-23,0727,Aqua,MODIS,63,6.2,301.3,7.1,D,0
23.0871,92.0759,348.4,1.3,1.1,2013-03-23,0727,Aqua,MODIS,89,6.2,301,67.6,D,0
23.0957,92.0621,368,1.3,1.1,2013-03-23,0727,Aqua,MODIS,100,6.2,306,138.1,D,0
23.0942,92.0499,371.1,1.3,1.1,2013-03-23,0727,Aqua,MODIS,100,6.2,307.3,152.9,D,0
23.1057,92.0607,353.2,1.3,1.1,2013-03-23,0727,Aqua,MODIS,96,6.2,303.8,81.9,D,0
23.1042,92.0484,333.2,1.3,1.1,2013-03-23,0727,Aqua,MODIS,71,6.2,305.8,28.7,D,0
23.5652,92.2454,331.5,1.3,1.1,2013-03-23,0727,Aqua,MODIS,84,6.2,300.1,33.7,D,0
22.6481,92.4717,330.8,1.3,1.1,2013-03-23,0727,Aqua,MODIS,80,6.2,302.6,27.3,D,0
22.6498,92.4854,323.5,1.3,1.1,2013-03-23,0727,Aqua,MODIS,42,6.2,300.5,14.6,D,0
21.9051,92.5111,317.4,1,1,2013-03-23,1936,Aqua,MODIS,95,6.2,291.4,15.7,N,0
21.8959,92.5126,303,1,1,2013-03-23,1936,Aqua,MODIS,53,6.2,291,5.8,N,0
24.8478,89.6269,319.9,1.3,1.1,2013-03-24,0500,Terra,MODIS,0,6.2,304.8,12.6,D,0
24.4468,89.8085,318.8,1.3,1.1,2013-03-24,0500,Terra,MODIS,0,6.2,304.9,14.8,D,0
24.301,89.8124,318.1,1.3,1.1,2013-03-24,0500,Terra,MODIS,0,6.2,304.3,12.8,D,0
21.9242,92.5874,316,2.3,1.5,2013-03-24,0501,Terra,MODIS,53,6.2,302.3,25.5,D,0
21.9269,92.5824,317.3,2.3,1.5,2013-03-24,0501,Terra,MODIS,50,6.2,302.5,26.9,D,0
21.9618,92.3604,321.8,4,1.9,2013-03-24,0631,Aqua,MODIS,62,6.2,303.1,93.3,D,0
22.1817,92.4916,326.6,3.9,1.8,2013-03-24,0631,Aqua,MODIS,74,6.2,300.4,119.6,D,0
21.9669,92.3564,320.4,4,1.9,2013-03-24,0631,Aqua,MODIS,48,6.2,303,79.3,D,0
22.1754,92.496,326.5,3.9,1.8,2013-03-24,0631,Aqua,MODIS,73,6.2,300.1,117.9,D,0
23.4426,92.2789,340.9,3.8,1.8,2013-03-24,0632,Aqua,MODIS,91,6.2,294.7,260.1,D,0
23.4497,92.2736,330.9,3.8,1.8,2013-03-24,0632,Aqua,MODIS,85,6.2,295.8,157.2,D,0
23.2848,92.3299,316.6,3.8,1.8,2013-03-24,0632,Aqua,MODIS,62,6.2,296.6,58.8,D,0
23.2761,92.3288,312.2,3.8,1.8,2013-03-24,0632,Aqua,MODIS,49,6.2,296.3,34.5,D,0
23.6479,92.2158,323.7,3.8,1.8,2013-03-24,0632,Aqua,MODIS,45,6.2,296.9,99.2,D,0
23.655,92.2099,323.5,3.8,1.8,2013-03-24,0632,Aqua,MODIS,79,6.2,296.3,103.8,D,0
23.6628,92.2461,314.8,3.7,1.8,2013-03-24,0632,Aqua,MODIS,41,6.2,296.1,48.2,D,0
23.4267,92.2831,339.1,3.8,1.8,2013-03-24,0632,Aqua,MODIS,89,6.2,294.6,238.3,D,0
23.4338,92.2773,345.4,3.8,1.8,2013-03-24,0632,Aqua,MODIS,93,6.2,294.6,315.4,D,0
22.7721,92.4156,320.5,3.8,1.8,2013-03-24,0632,Aqua,MODIS,56,6.2,297.4,74.5,D,0
22.0194,92.4392,308.7,1.2,1.1,2013-03-24,1556,Terra,MODIS,75,6.2,295.5,9.3,N,0
21.9153,92.5755,322.4,1.2,1.1,2013-03-24,1556,Terra,MODIS,100,6.2,294.9,23.5,N,0
23.0001,92.2787,303.7,1.2,1.1,2013-03-24,1556,Terra,MODIS,57,6.2,292.6,6,N,0
21.9171,92.5868,321.1,1.2,1.1,2013-03-24,1556,Terra,MODIS,100,6.2,293.3,21.5,N,0
21.9184,92.5689,322.7,1.2,1.1,2013-03-24,1556,Terra,MODIS,100,6.2,294.7,24.4,N,0
21.9279,92.567,307.6,1.2,1.1,2013-03-24,1556,Terra,MODIS,72,6.2,293.8,9.1,N,0
21.9202,92.5802,309.3,1.2,1.1,2013-03-24,1556,Terra,MODIS,77,6.2,293.7,10.4,N,0
21.9122,92.5581,321.7,2.2,1.4,2013-03-25,0406,Terra,MODIS,67,6.2,300.8,37.4,D,0
21.9098,92.5815,326.9,2.2,1.4,2013-03-25,0406,Terra,MODIS,76,6.2,298.8,55.9,D,0
22.3531,92.3352,331.3,1,1,2013-03-25,0714,Aqua,MODIS,81,6.2,304.9,18.7,D,0
22.3401,92.3079,346.4,1,1,2013-03-25,0714,Aqua,MODIS,92,6.2,304.8,43.2,D,0
22.3415,92.3176,353,1,1,2013-03-25,0714,Aqua,MODIS,96,6.2,305.7,57.2,D,0
22.3428,92.3272,335.2,1,1,2013-03-25,0714,Aqua,MODIS,84,6.2,304.8,23.3,D,0
22.3442,92.3368,343.2,1,1,2013-03-25,0714,Aqua,MODIS,90,6.2,305.3,36.6,D,0
22.3455,92.3464,333.8,1,1,2013-03-25,0714,Aqua,MODIS,83,6.2,304,21.8,D,0
22.3339,92.3287,345.3,1,1,2013-03-25,0714,Aqua,MODIS,92,6.2,305.4,40.6,D,0
22.3352,92.3383,321.9,1,1,2013-03-25,0714,Aqua,MODIS,60,6.2,304.5,7.2,D,0
23.0144,92.127,324.7,1,1,2013-03-25,0714,Aqua,MODIS,74,6.2,303.7,11.7,D,0
23.2365,91.8793,328.9,1,1,2013-03-25,0714,Aqua,MODIS,44,6.2,302,13.3,D,0
23.2187,91.8823,323.1,1,1,2013-03-25,0714,Aqua,MODIS,46,6.2,302,8.9,D,0
23.2029,91.8356,325.7,1,1,2013-03-25,0714,Aqua,MODIS,76,6.2,304.8,12.7,D,0
23.1278,91.8945,327.3,1,1,2013-03-25,0714,Aqua,MODIS,77,6.2,303.3,13.9,D,0
23.1291,91.9041,355.2,1,1,2013-03-25,0714,Aqua,MODIS,97,6.2,304.4,62.6,D,0
23.0522,91.9425,337,1,1,2013-03-25,0714,Aqua,MODIS,86,6.2,304.3,25.5,D,0
23.0536,91.9521,336,1,1,2013-03-25,0714,Aqua,MODIS,86,6.2,303.3,24.6,D,0
22.2283,92.4964,354.1,1,1,2013-03-25,0714,Aqua,MODIS,97,6.2,304.9,61,D,0
22.227,92.4867,411.5,1,1,2013-03-25,0714,Aqua,MODIS,100,6.2,311.4,320.8,D,0
22.2256,92.4768,328.2,1,1,2013-03-25,0714,Aqua,MODIS,78,6.2,300.9,15.3,D,0
22.9064,91.954,321.2,1,1,2013-03-25,0714,Aqua,MODIS,54,6.2,299.5,8.3,D,0
22.9078,91.9636,329.6,1,1,2013-03-25,0714,Aqua,MODIS,79,6.2,299.2,18,D,0
22.2377,92.4993,337,1,1,2013-03-25,0714,Aqua,MODIS,86,6.2,302.2,28.1,D,0
22.6058,92.4341,332.7,1,1,2013-03-25,0714,Aqua,MODIS,83,6.2,304.3,19.9,D,0
22.2363,92.4896,367.6,1,1,2013-03-25,0714,Aqua,MODIS,100,6.2,308.7,98.7,D,0
21.9143,92.5566,335.2,1,1,2013-03-25,0714,Aqua,MODIS,84,6.2,305,23.8,D,0
21.9156,92.5661,326.3,1,1,2013-03-25,0714,Aqua,MODIS,69,6.2,305.1,12.2,D,0
21.917,92.5757,321.9,1,1,2013-03-25,0714,Aqua,MODIS,40,6.2,305.2,8.4,D,0
21.9183,92.5853,327.9,1,1,2013-03-25,0714,Aqua,MODIS,77,6.2,303.2,16.6,D,0
21.9054,92.5581,321.9,1,1,2013-03-25,0714,Aqua,MODIS,43,6.2,303.7,8,D,0
21.9067,92.5676,391.7,1,1,2013-03-25,0714,Aqua,MODIS,100,6.2,313.9,197.7,D,0
21.908,92.5771,344.5,1,1,2013-03-25,0714,Aqua,MODIS,91,6.2,302.4,40.8,D,0
21.8114,92.5399,323.2,1,1,2013-03-25,0714,Aqua,MODIS,68,6.2,303.4,9.2,D,0
21.8011,92.5318,325.7,1,1,2013-03-25,0714,Aqua,MODIS,61,6.2,303.5,10.6,D,0
22.235,92.4798,337.7,1,1,2013-03-25,0714,Aqua,MODIS,87,6.2,305.9,28.8,D,0
23.0317,91.9262,324.4,1,1,2013-03-25,0714,Aqua,MODIS,29,6.2,303,9.5,D,0
23.0227,91.9277,333.8,1,1,2013-03-25,0714,Aqua,MODIS,84,6.2,302,21.2,D,0
22.8302,91.9329,319.2,1,1,2013-03-25,0714,Aqua,MODIS,46,6.2,302.2,6.5,D,0
22.5848,92.4133,333.2,1,1,2013-03-25,0714,Aqua,MODIS,83,6.2,304.7,22.5,D,0
21.5647,92.364,320.1,1,1,2013-03-25,0714,Aqua,MODIS,64,6.2,303.1,7.2,D,0
21.5214,92.3809,357.4,1,1,2013-03-25,0714,Aqua,MODIS,98,6.2,304.2,69.2,D,0
21.5227,92.3904,338.1,1,1,2013-03-25,0714,Aqua,MODIS,87,6.2,301.4,30.2,D,0
21.4959,92.3948,329.6,1,1,2013-03-25,0714,Aqua,MODIS,63,6.2,301.5,17.2,D,0
21.4946,92.3852,327.5,1,1,2013-03-25,0714,Aqua,MODIS,45,6.2,303.3,14.4,D,0
22.7941,91.9457,326.2,1,1,2013-03-25,0714,Aqua,MODIS,75,6.2,302.1,15.3,D,0
22.7234,92.0266,319.7,1,1,2013-03-25,0714,Aqua,MODIS,53,6.2,302.5,8,D,0
22.6644,91.9337,327.2,1,1,2013-03-25,0714,Aqua,MODIS,76,6.2,301.4,14.8,D,0
22.137,92.4325,338,1,1,2013-03-25,0714,Aqua,MODIS,87,6.2,307.2,28,D,0
22.1383,92.4421,346,1,1,2013-03-25,0714,Aqua,MODIS,92,6.2,306.5,42.3,D,0
22.9743,91.982,324.7,1,1,2013-03-25,0714,Aqua,MODIS,73,6.2,301.9,11.2,D,0
21.7372,92.4112,317.5,1,1,2013-03-25,0714,Aqua,MODIS,47,6.2,302,5.2,D,0
22.0684,92.5391,332.6,1,1,2013-03-25,0714,Aqua,MODIS,82,6.2,305.1,20.3,D,0
22.0595,92.5406,323.6,1,1,2013-03-25,0714,Aqua,MODIS,53,6.2,303.1,9.9,D,0
22.0263,92.4335,335.9,1,1,2013-03-25,0714,Aqua,MODIS,85,6.2,306,22.4,D,0
22.7761,92.2054,327.6,1,1,2013-03-25,0714,Aqua,MODIS,77,6.2,303,15.7,D,0
22.7683,92.3452,318.2,1,1,2013-03-25,0714,Aqua,MODIS,49,6.2,303.7,5.6,D,0
21.5008,92.3646,332,1,1,2013-03-25,0714,Aqua,MODIS,82,6.2,304.4,19.3,D,0
21.5022,92.3742,350.6,1,1,2013-03-25,0714,Aqua,MODIS,95,6.2,304.9,51.7,D,0
22.7696,92.355,323.1,1,1,2013-03-25,0714,Aqua,MODIS,67,6.2,303.8,10,D,0
22.5212,92.157,320.6,1,1,2013-03-25,0714,Aqua,MODIS,60,6.2,303.3,7.6,D,0
22.1194,92.5108,319.5,1,1,2013-03-25,0714,Aqua,MODIS,40,6.2,303.3,5.6,D,0
22.1181,92.5012,343.5,1,1,2013-03-25,0714,Aqua,MODIS,91,6.2,305.4,38,D,0
21.5035,92.3838,324.5,1,1,2013-03-25,0714,Aqua,MODIS,44,6.2,302.5,11.1,D,0
22.3545,92.3449,322.3,1,1,2013-03-25,0714,Aqua,MODIS,68,6.2,303.7,8.4,D,0
21.3284,92.1906,319.9,1,1,2013-03-25,0714,Aqua,MODIS,62,6.2,304.5,6,D,0
21.4025,92.4451,333.1,1,1,2013-03-25,0714,Aqua,MODIS,83,6.2,301.8,23.1,D,0
21.4011,92.4354,406.6,1,1,2013-03-25,0714,Aqua,MODIS,100,6.2,313.7,285.9,D,0
21.3998,92.4258,339.6,1,1,2013-03-25,0714,Aqua,MODIS,88,6.2,305.1,33.2,D,0
21.4141,92.4627,364.9,1,1,2013-03-25,0714,Aqua,MODIS,100,6.2,304.4,90.3,D,0
21.4623,92.4157,323.3,1,1,2013-03-25,0714,Aqua,MODIS,71,6.2,303.1,11.7,D,0
23.1524,92.0685,322,1,1,2013-03-25,0714,Aqua,MODIS,48,6.2,301.5,10.1,D,0
21.4636,92.4253,322.8,1,1,2013-03-25,0714,Aqua,MODIS,70,6.2,302.3,11.3,D,0
21.4533,92.4171,337.8,1,1,2013-03-25,0714,Aqua,MODIS,87,6.2,304,29.5,D,0
21.4547,92.4267,345.6,1,1,2013-03-25,0714,Aqua,MODIS,92,6.2,303.9,43.2,D,0
21.4217,92.4517,341.3,1,1,2013-03-25,0714,Aqua,MODIS,89,6.2,304.3,35.1,D,0
21.423,92.4613,341.3,1,1,2013-03-25,0714,Aqua,MODIS,89,6.2,304.3,35,D,0
23.1332,92.0618,328.9,1,1,2013-03-25,0714,Aqua,MODIS,77,6.2,300.4,16.1,D,0
22.3349,92.4667,328.1,1,1,2013-03-25,0714,Aqua,MODIS,77,6.2,304.6,13.3,D,0
21.41,92.4339,319.7,1,1,2013-03-25,0714,Aqua,MODIS,63,6.2,302.7,8.3,D,0
22.0608,92.5502,354.2,1,1,2013-03-25,0714,Aqua,MODIS,97,6.2,307.4,61.5,D,0
21.4127,92.4532,375.2,1,1,2013-03-25,0714,Aqua,MODIS,100,6.2,307,125,D,0
22.4678,92.37,320.2,1,1,2013-03-25,0714,Aqua,MODIS,42,6.2,303.6,5.6,D,0
23.2933,92.3468,328.2,1,1,2013-03-25,0714,Aqua,MODIS,79,6.2,304.4,15.5,D,0
23.2843,92.3482,323.2,1,1,2013-03-25,0714,Aqua,MODIS,72,6.2,303.6,10.2,D,0
23.2713,92.3204,325.1,1,1,2013-03-25,0714,Aqua,MODIS,75,6.2,303.6,12.7,D,0
22.3363,92.4765,343.1,1,1,2013-03-25,0714,Aqua,MODIS,90,6.2,305.9,36.2,D,0
23.2726,92.3301,363.4,1,1,2013-03-25,0714,Aqua,MODIS,100,6.2,305.7,85.9,D,0
23.2664,92.3512,369.5,1,1,2013-03-25,0714,Aqua,MODIS,100,6.2,310.2,103.9,D,0
23.2561,92.3429,322.9,1,1,2013-03-25,0714,Aqua,MODIS,68,6.2,303.3,9.7,D,0
22.4664,92.3604,324.6,1,1,2013-03-25,0714,Aqua,MODIS,72,6.2,304.1,10.7,D,0
22.2453,92.4882,324.3,1,1,2013-03-25,0714,Aqua,MODIS,72,6.2,304.1,11.8,D,0
22.5739,92.3358,327.5,1,1,2013-03-25,0714,Aqua,MODIS,69,6.2,304.5,12.2,D,0
22.0173,92.4349,365.9,1,1,2013-03-25,0714,Aqua,MODIS,100,6.2,308.7,89.5,D,0
22.0698,92.5488,358.1,1,1,2013-03-25,0714,Aqua,MODIS,99,6.2,306.9,70.8,D,0
22.4588,92.3715,323.4,1,1,2013-03-25,0714,Aqua,MODIS,58,6.2,303.7,8.8,D,0
22.4634,92.4696,327.7,1,1,2013-03-25,0714,Aqua,MODIS,77,6.2,305,13.5,D,0
22.8696,92.3418,337.5,1,1,2013-03-25,0714,Aqua,MODIS,87,6.2,304.5,27.6,D,0
22.5807,92.3194,324.5,1,1,2013-03-25,0714,Aqua,MODIS,69,6.2,302.1,10.3,D,0
22.582,92.3291,356,1,1,2013-03-25,0714,Aqua,MODIS,98,6.2,305.4,64.2,D,0
22.5861,92.3579,328.1,1,1,2013-03-25,0714,Aqua,MODIS,78,6.2,304.8,14.2,D,0
22.5874,92.3678,321.7,1,1,2013-03-25,0714,Aqua,MODIS,67,6.2,305.3,7.5,D,0
22.5712,92.3165,324.6,1,1,2013-03-25,0714,Aqua,MODIS,73,6.2,302.5,10.2,D,0
22.5199,92.4733,324.3,1,1,2013-03-25,0714,Aqua,MODIS,72,6.2,306.1,10.1,D,0
22.282,92.0912,318.6,1,1,2013-03-25,0714,Aqua,MODIS,54,6.2,301.7,7,D,0
22.5726,92.3262,337.6,1,1,2013-03-25,0714,Aqua,MODIS,87,6.2,305,27.2,D,0
22.3783,92.4497,344.6,1,1,2013-03-25,0714,Aqua,MODIS,91,6.2,304.4,38.2,D,0
22.3797,92.4594,334.5,1,1,2013-03-25,0714,Aqua,MODIS,84,6.2,304,22,D,0
22.368,92.4415,335.2,1,1,2013-03-25,0714,Aqua,MODIS,84,6.2,306,22.9,D,0
22.3694,92.4512,369.2,1,1,2013-03-25,0714,Aqua,MODIS,100,6.2,307.1,101.2,D,0
22.3708,92.4609,342.9,1,1,2013-03-25,0714,Aqua,MODIS,90,6.2,305.1,35.5,D,0
21.6191,92.4169,321.8,1,1,2013-03-25,0714,Aqua,MODIS,68,6.2,304,7.9,D,0
23.101,92.0276,322.9,1,1,2013-03-25,0714,Aqua,MODIS,72,6.2,303.1,9,D,0
23.1023,92.0373,335.4,1,1,2013-03-25,0714,Aqua,MODIS,85,6.2,302.4,24.8,D,0
23.0625,92.0792,388.9,1,1,2013-03-25,0714,Aqua,MODIS,100,6.2,308.4,181.7,D,0
23.0639,92.0889,349,1,1,2013-03-25,0714,Aqua,MODIS,94,6.2,302.6,47.8,D,0
23.0652,92.0986,330.1,1,1,2013-03-25,0714,Aqua,MODIS,80,6.2,302.4,16.7,D,0
23.0666,92.1083,353.7,1,1,2013-03-25,0714,Aqua,MODIS,97,6.2,304.3,58.8,D,0
23.068,92.118,327.5,1,1,2013-03-25,0714,Aqua,MODIS,74,6.2,302.1,14.1,D,0
23.0268,91.9566,327.7,1,1,2013-03-25,0714,Aqua,MODIS,78,6.2,303.7,13.3,D,0
22.0279,92.2507,320.6,1,1,2013-03-25,0714,Aqua,MODIS,65,6.2,303.7,6.9,D,0
21.494,92.3169,372,1,1,2013-03-25,0714,Aqua,MODIS,100,6.2,304.7,112.3,D,0
21.4927,92.3074,387.5,1,1,2013-03-25,0714,Aqua,MODIS,100,6.2,310,175.6,D,0
21.503,92.3154,393.1,1,1,2013-03-25,0714,Aqua,MODIS,100,6.2,307.5,203.5,D,0
21.5016,92.3059,359.3,1,1,2013-03-25,0714,Aqua,MODIS,99,6.2,305.9,73.1,D,0
21.5249,92.3411,330.8,1,1,2013-03-25,0714,Aqua,MODIS,81,6.2,304.9,18.1,D,0
21.5235,92.3316,326.7,1,1,2013-03-25,0714,Aqua,MODIS,76,6.2,304.7,12.6,D,0
21.5414,92.3286,384.9,1,1,2013-03-25,0714,Aqua,MODIS,100,6.2,309.3,163.1,D,0
21.54,92.3191,330.7,1,1,2013-03-25,0714,Aqua,MODIS,80,6.2,307.9,18.2,D,0
21.5974,92.2639,319,1,1,2013-03-25,0714,Aqua,MODIS,55,6.2,302.8,6.1,D,0
21.5961,92.2544,320.3,1,1,2013-03-25,0714,Aqua,MODIS,64,6.2,303.5,7.3,D,0
21.6063,92.2624,323.5,1,1,2013-03-25,0714,Aqua,MODIS,71,6.2,302.1,10.2,D,0
21.605,92.2529,332.3,1,1,2013-03-25,0714,Aqua,MODIS,82,6.2,304.2,21.1,D,0
21.4289,92.568,319.2,1,1,2013-03-25,0714,Aqua,MODIS,61,6.2,303.6,9,D,0
21.371,92.5546,321.8,1,1,2013-03-25,0714,Aqua,MODIS,63,6.2,303,10.4,D,0
22.0356,91.9846,326.2,1,1,2013-03-25,0714,Aqua,MODIS,74,6.2,303.4,13.8,D,0
22.5862,92.423,324.1,1,1,2013-03-25,0714,Aqua,MODIS,72,6.2,304.1,10.7,D,0
21.3634,92.5655,320.9,1,1,2013-03-25,0714,Aqua,MODIS,50,6.2,301.5,9.8,D,0
22.5329,92.5012,324.5,1,1,2013-03-25,0714,Aqua,MODIS,72,6.2,306.4,10.5,D,0
21.5067,92.4713,334,1,1,2013-03-25,0714,Aqua,MODIS,84,6.2,302.9,23.8,D,0
21.5054,92.4617,321.2,1,1,2013-03-25,0714,Aqua,MODIS,67,6.2,303.2,8.3,D,0
21.5143,92.4603,350.6,1,1,2013-03-25,0714,Aqua,MODIS,95,6.2,305.2,53.1,D,0
21.3511,92.1576,320.9,1,1,2013-03-25,0714,Aqua,MODIS,65,6.2,304.3,7.1,D,0
22.0292,92.2602,318.3,1,1,2013-03-25,0714,Aqua,MODIS,58,6.2,303.2,5.1,D,0
23.0282,91.9663,348.7,1,1,2013-03-25,0714,Aqua,MODIS,94,6.2,305.8,46.9,D,0
23.4214,92.1436,332,1,1,2013-03-25,0715,Aqua,MODIS,83,6.2,301.6,23.2,D,0
23.4095,92.2552,343.3,1,1,2013-03-25,0715,Aqua,MODIS,91,6.2,304.9,40.2,D,0
24.6917,90.1191,317.5,1,1,2013-03-25,0715,Aqua,MODIS,63,6.2,303.5,5,D,0
23.2983,91.992,357.2,1,1,2013-03-25,0715,Aqua,MODIS,98,6.2,300.5,68.3,D,0
23.2969,91.9823,361.3,1,1,2013-03-25,0715,Aqua,MODIS,100,6.2,301.4,79.1,D,0
23.4109,92.2649,320,1,1,2013-03-25,0715,Aqua,MODIS,42,6.2,304.3,8.3,D,0
23.3834,92.2064,347.2,1,1,2013-03-25,0715,Aqua,MODIS,93,6.2,304.1,47.3,D,0
24.1962,90.5032,322.5,1,1,2013-03-25,0715,Aqua,MODIS,68,6.2,308,8.1,D,0
23.3848,92.2162,350.6,1,1,2013-03-25,0715,Aqua,MODIS,95,6.2,302.5,54.4,D,0
23.031,89.7701,325.5,1.1,1,2013-03-25,0715,Aqua,MODIS,71,6.2,307,13,D,0
23.1924,89.7885,328.2,1.1,1,2013-03-25,0715,Aqua,MODIS,69,6.2,307,16.4,D,0
23.1908,89.778,330.4,1.1,1,2013-03-25,0715,Aqua,MODIS,69,6.2,308.1,18.9,D,0
23.2722,89.9487,329.9,1.1,1,2013-03-25,0715,Aqua,MODIS,78,6.2,308,19,D,0
23.3532,92.1218,329.4,1,1,2013-03-25,0715,Aqua,MODIS,80,6.2,299.3,19.3,D,0
23.6159,92.2185,328.1,1,1,2013-03-25,0715,Aqua,MODIS,80,6.2,301.5,18.4,D,0
23.6173,92.2282,356.9,1,1,2013-03-25,0715,Aqua,MODIS,98,6.2,300.3,70.6,D,0
23.4243,92.0337,319,1,1,2013-03-25,0715,Aqua,MODIS,56,6.2,301,8.6,D,0
23.6083,92.2297,319.7,1,1,2013-03-25,0715,Aqua,MODIS,68,6.2,300.2,9.5,D,0
23.5133,92.2124,315.2,1,1,2013-03-25,0715,Aqua,MODIS,46,6.2,299,5.4,D,0
23.2955,91.9726,319,1,1,2013-03-25,0715,Aqua,MODIS,40,6.2,301.1,5.6,D,0
23.3045,91.9711,333.9,1,1,2013-03-25,0715,Aqua,MODIS,84,6.2,302.4,22.8,D,0
23.5147,92.2221,333.6,1,1,2013-03-25,0715,Aqua,MODIS,84,6.2,301.8,25.6,D,0
23.3031,91.9615,333.5,1,1,2013-03-25,0715,Aqua,MODIS,84,6.2,302.8,22.3,D,0
23.3967,92.098,353.8,1,1,2013-03-25,0715,Aqua,MODIS,97,6.2,302.9,62.2,D,0
23.3953,92.0883,323.4,1,1,2013-03-25,0715,Aqua,MODIS,74,6.2,299.3,12.4,D,0
23.4256,92.0434,333.4,1,1,2013-03-25,0715,Aqua,MODIS,84,6.2,300.9,25.2,D,0
23.2413,91.8488,331,1,1,2013-03-25,0715,Aqua,MODIS,61,6.2,302,16.7,D,0
23.5057,92.2236,334.2,1,1,2013-03-25,0715,Aqua,MODIS,85,6.2,298.2,26.4,D,0
23.357,91.817,333.2,1,1,2013-03-25,0715,Aqua,MODIS,84,6.2,302.5,23.7,D,0
23.3556,91.8073,339.8,1,1,2013-03-25,0715,Aqua,MODIS,89,6.2,299.1,34,D,0
23.4133,91.9561,357.1,1,1,2013-03-25,0715,Aqua,MODIS,98,6.2,300.8,68.7,D,0
22.4617,92.3056,317,1.3,1.1,2013-03-26,0448,Terra,MODIS,59,6.2,301.6,9.2,D,0
21.8657,92.5507,314,1.4,1.2,2013-03-26,0448,Terra,MODIS,27,6.2,299.3,8.2,D,0
21.8607,92.5561,320.3,1.4,1.2,2013-03-26,0448,Terra,MODIS,69,6.2,299.8,17.8,D,0
22.9865,90.2472,321.8,1.1,1,2013-03-26,0448,Terra,MODIS,70,6.2,306.5,9.5,D,0
23.009,92.1047,325.5,1.3,1.1,2013-03-26,0448,Terra,MODIS,57,6.2,299.3,20.4,D,0
22.3742,92.5113,316,1.4,1.2,2013-03-26,0448,Terra,MODIS,29,6.2,299.9,8.5,D,0
22.3638,92.5098,319,1.4,1.2,2013-03-26,0448,Terra,MODIS,55,6.2,300.2,12.2,D,0
23.5632,89.4415,325,1,1,2013-03-26,0448,Terra,MODIS,70,6.2,309.5,8.9,D,0
21.9198,92.5245,314.6,1.4,1.2,2013-03-26,0448,Terra,MODIS,41,6.2,298.9,7.4,D,0
23.1353,92.0862,319.7,1.3,1.1,2013-03-26,0448,Terra,MODIS,69,6.2,300.7,12.4,D,0
23.2599,91.9628,324,1.2,1.1,2013-03-26,0448,Terra,MODIS,76,6.2,302.5,16.5,D,0
22.4788,92.3797,318,1.3,1.1,2013-03-26,0448,Terra,MODIS,64,6.2,302.3,10.4,D,0
22.3411,92.4735,318.7,1.4,1.2,2013-03-26,0448,Terra,MODIS,59,6.2,301.9,10.5,D,0
23.2593,91.9568,318.4,1.2,1.1,2013-03-26,0448,Terra,MODIS,65,6.2,302,9.1,D,0
22.42,92.4285,321.8,1.3,1.1,2013-03-26,0448,Terra,MODIS,71,6.2,302.7,14.6,D,0
21.9301,92.5268,327,1.4,1.2,2013-03-26,0448,Terra,MODIS,78,6.2,299.4,26.7,D,0
22.3718,92.525,327.9,1.4,1.2,2013-03-26,0448,Terra,MODIS,79,6.2,300.7,28.6,D,0
24.1698,91.416,335.5,1.1,1.1,2013-03-26,0448,Terra,MODIS,86,6.2,306.5,28.4,D,0
24.1715,91.405,345.6,1.1,1.1,2013-03-26,0448,Terra,MODIS,93,6.2,308.2,48.5,D,0
22.3616,92.5227,327.2,1.4,1.2,2013-03-26,0448,Terra,MODIS,78,6.2,300.3,27,D,0
23.8402,89.5649,331.6,1,1,2013-03-26,0448,Terra,MODIS,80,6.2,309.2,17.1,D,0
23.0069,92.1174,324.9,1.3,1.1,2013-03-26,0448,Terra,MODIS,77,6.2,298.7,19.3,D,0
23.8417,89.5551,323.8,1,1,2013-03-26,0448,Terra,MODIS,68,6.2,308.4,8.3,D,0
23.3547,92.3108,318.6,1.3,1.1,2013-03-26,0448,Terra,MODIS,69,6.2,302,13.5,D,0
23.1185,92.0403,338.3,4.5,2,2013-03-26,0757,Aqua,MODIS,88,6.2,299,269.1,D,0
23.1345,92.0477,320.7,4.5,2,2013-03-26,0757,Aqua,MODIS,36,6.2,298.6,74.5,D,0
23.1136,92.0063,324,4.5,2,2013-03-26,0757,Aqua,MODIS,74,6.2,297,102.5,D,0
23.1169,92.0492,337.3,4.5,2,2013-03-26,0757,Aqua,MODIS,87,6.2,298.8,259.4,D,0
21.6206,92.3691,324,4.6,2,2013-03-26,0757,Aqua,MODIS,70,6.2,294.5,122.3,D,0
21.622,92.3736,322,4.6,2,2013-03-26,0757,Aqua,MODIS,75,6.2,294.2,111,D,0
21.5512,92.3792,324.6,4.6,2,2013-03-26,0757,Aqua,MODIS,78,6.2,292.9,129.8,D,0
21.55,92.3881,313.8,4.6,2,2013-03-26,0757,Aqua,MODIS,48,6.2,292.5,39.7,D,0
23.2281,91.8562,318.2,4.4,1.9,2013-03-26,0757,Aqua,MODIS,43,6.2,299.3,48.3,D,0
23.2283,91.8517,319.3,4.4,1.9,2013-03-26,0757,Aqua,MODIS,58,6.2,299.4,58.3,D,0
21.8838,92.2809,319.7,4.6,2,2013-03-26,0757,Aqua,MODIS,71,6.2,294.2,80.1,D,0
21.8824,92.2887,315.7,4.6,2,2013-03-26,0757,Aqua,MODIS,64,6.2,293.9,52.8,D,0
21.5462,92.3413,347.6,4.6,2,2013-03-26,0757,Aqua,MODIS,94,6.2,295.7,443.9,D,0
21.5427,92.2986,315.6,4.5,2,2013-03-26,0757,Aqua,MODIS,52,6.2,295.8,50.3,D,0
21.5476,92.3319,342.6,4.6,2,2013-03-26,0757,Aqua,MODIS,91,6.2,295.6,357.4,D,0
21.6186,92.3305,317.9,4.6,2,2013-03-26,0757,Aqua,MODIS,67,6.2,294.6,69.7,D,0
21.9029,92.5492,335.2,4.8,2,2013-03-26,0757,Aqua,MODIS,77,6.2,295.8,239.8,D,0
21.885,92.5517,377.7,4.8,2,2013-03-26,0757,Aqua,MODIS,100,6.2,296.6,1288,D,0
21.8671,92.5539,327.7,4.8,2,2013-03-26,0757,Aqua,MODIS,76,6.2,294.6,157.5,D,0
21.8879,92.5576,364.7,4.8,2,2013-03-26,0757,Aqua,MODIS,100,6.2,295.4,847.9,D,0
21.8699,92.5582,359,4.8,2,2013-03-26,0757,Aqua,MODIS,99,6.2,296,700.3,D,0
22.1482,92.4676,324.9,4.7,2,2013-03-26,0757,Aqua,MODIS,78,6.2,296.6,132.4,D,0
22.1515,92.511,337.4,4.8,2,2013-03-26,0757,Aqua,MODIS,88,6.2,295.5,294.4,D,0
22.1481,92.4752,332.9,4.7,2,2013-03-26,0757,Aqua,MODIS,85,6.2,296.6,219.5,D,0
22.1519,92.5216,335,4.8,2,2013-03-26,0757,Aqua,MODIS,87,6.2,294.9,248.7,D,0
21.7279,92.3509,317,4.6,2,2013-03-26,0757,Aqua,MODIS,67,6.2,292.1,67.1,D,0
21.7268,92.3592,314.3,4.6,2,2013-03-26,0757,Aqua,MODIS,61,6.2,291.7,47.3,D,0
23.3394,92.1532,322,4.6,2,2013-03-26,0757,Aqua,MODIS,56,6.2,298.1,91.2,D,0
23.0286,92.2955,316.9,4.7,2,2013-03-26,0757,Aqua,MODIS,31,6.2,298.6,49.2,D,0
23.0322,92.3329,316.5,4.7,2,2013-03-26,0757,Aqua,MODIS,37,6.2,299.2,47.6,D,0
22.1697,92.5119,326.5,4.8,2,2013-03-26,0757,Aqua,MODIS,71,6.2,295.7,140.9,D,0
22.166,92.464,325.4,4.7,2,2013-03-26,0757,Aqua,MODIS,75,6.2,296.9,129,D,0
22.1668,92.5056,331.8,4.8,2,2013-03-26,0757,Aqua,MODIS,84,6.2,295.3,195.3,D,0
22.1635,92.4594,325.5,4.7,2,2013-03-26,0757,Aqua,MODIS,72,6.2,297.1,123.8,D,0
22.2533,92.4444,328.1,4.7,2,2013-03-26,0757,Aqua,MODIS,75,6.2,297.6,155.9,D,0
22.2531,92.4517,328.5,4.7,2,2013-03-26,0757,Aqua,MODIS,82,6.2,297.4,166,D,0
23.2377,91.9816,327.9,4.5,2,2013-03-26,0757,Aqua,MODIS,79,6.2,298.1,146.5,D,0
23.2383,91.986,328.9,4.5,2,2013-03-26,0757,Aqua,MODIS,80,6.2,298.2,157.2,D,0
23.6313,92.236,318.2,4.7,2,2013-03-26,0758,Aqua,MODIS,58,6.2,296.6,95.9,D,0
23.6492,92.2347,331.5,4.7,2,2013-03-26,0758,Aqua,MODIS,81,6.2,296.9,222.8,D,0
23.634,92.2415,324.3,4.7,2,2013-03-26,0758,Aqua,MODIS,72,6.2,296.8,152.8,D,0
23.1451,89.6732,323.3,3,1.7,2013-03-26,0758,Aqua,MODIS,53,6.2,302.4,58.1,D,0
23.6441,91.9207,322.7,4.5,2,2013-03-26,0758,Aqua,MODIS,40,6.2,298,103.1,D,0
23.3403,92.1449,322.1,4.6,2,2013-03-26,0758,Aqua,MODIS,54,6.2,298.6,93.5,D,0
23.3435,92.1898,319.9,4.7,2,2013-03-26,0758,Aqua,MODIS,43,6.2,295,70.8,D,0
23.6672,92.2258,322.1,4.7,2,2013-03-26,0758,Aqua,MODIS,62,6.2,296.7,119.4,D,0
23.3496,91.7907,320.3,4.4,1.9,2013-03-26,0758,Aqua,MODIS,66,6.2,299,79.1,D,0
23.3466,91.7987,321.8,4.4,1.9,2013-03-26,0758,Aqua,MODIS,70,6.2,299.2,87,D,0
23.532,89.4605,328.5,3,1.6,2013-03-26,0758,Aqua,MODIS,57,6.2,305.7,72.6,D,0
23.6671,92.233,325,4.7,2,2013-03-26,0758,Aqua,MODIS,60,6.2,297.2,143.6,D,0
23.6518,92.2397,327,4.7,2,2013-03-26,0758,Aqua,MODIS,76,6.2,297.1,173.3,D,0
21.8741,92.5639,305.6,1.8,1.3,2013-03-26,1544,Terra,MODIS,65,6.2,294.7,13,N,0
23.3699,92.2636,331.3,1.8,1.3,2013-03-26,1544,Terra,MODIS,100,6.2,294.6,68.8,N,0
21.5735,92.2354,318.8,1.2,1.1,2013-03-27,0702,Aqua,MODIS,41,6.2,302.2,7,D,0
21.5754,92.2469,347.1,1.2,1.1,2013-03-27,0702,Aqua,MODIS,93,6.2,302.9,59.7,D,0
21.5772,92.2585,323.2,1.2,1.1,2013-03-27,0702,Aqua,MODIS,50,6.2,302.5,12.2,D,0
21.5791,92.2702,340.5,1.2,1.1,2013-03-27,0702,Aqua,MODIS,89,6.2,303.4,43.2,D,0
21.581,92.2821,344.4,1.2,1.1,2013-03-27,0702,Aqua,MODIS,92,6.2,300.5,51.1,D,0
21.5713,92.2837,325.9,1.2,1.1,2013-03-27,0702,Aqua,MODIS,52,6.2,303.7,15.6,D,0
23.4331,92.1049,320.1,1.2,1.1,2013-03-27,0702,Aqua,MODIS,73,6.2,297,14.1,D,0
21.5732,92.2957,393.1,1.2,1.1,2013-03-27,0702,Aqua,MODIS,100,6.2,306.9,265.5,D,0
21.5751,92.3075,363.8,1.2,1.1,2013-03-27,0702,Aqua,MODIS,100,6.2,300.8,112,D,0
21.5635,92.2974,345.2,1.2,1.1,2013-03-27,0702,Aqua,MODIS,92,6.2,304,53.8,D,0
21.5654,92.309,339.6,1.2,1.1,2013-03-27,0702,Aqua,MODIS,88,6.2,302.9,41,D,0
21.5672,92.3203,328.7,1.2,1.1,2013-03-27,0702,Aqua,MODIS,79,6.2,302,21.1,D,0
21.5365,92.2541,332.9,1.2,1.1,2013-03-27,0702,Aqua,MODIS,83,6.2,302.6,28.9,D,0
21.5384,92.2656,338.5,1.2,1.1,2013-03-27,0702,Aqua,MODIS,88,6.2,302.4,39.5,D,0
21.5324,92.2904,330.6,1.2,1.1,2013-03-27,0702,Aqua,MODIS,81,6.2,303.2,24.6,D,0
23.4394,92.0226,316.7,1.2,1.1,2013-03-27,0702,Aqua,MODIS,66,6.2,298.3,9.9,D,0
21.5343,92.302,319.3,1.2,1.1,2013-03-27,0702,Aqua,MODIS,65,6.2,303.4,8.4,D,0
22.0925,92.3242,323.8,1.2,1.1,2013-03-27,0702,Aqua,MODIS,74,6.2,300.3,14.6,D,0
23.5267,91.9875,386.1,1.2,1.1,2013-03-27,0702,Aqua,MODIS,94,6.2,276.6,221.8,D,0
21.9003,92.2791,321.4,1.2,1.1,2013-03-27,0702,Aqua,MODIS,70,6.2,302.8,11.8,D,0
21.1516,92.0991,322,1.2,1.1,2013-03-27,0702,Aqua,MODIS,21,6.2,300.7,11.1,D,0
22.5358,92.354,319.8,1.2,1.1,2013-03-27,0702,Aqua,MODIS,63,6.2,301,8,D,0
23.5285,91.9989,373,1.2,1.1,2013-03-27,0702,Aqua,MODIS,75,6.2,276.9,153.7,D,0
22.6294,92.4896,340.4,1.1,1.1,2013-03-27,0702,Aqua,MODIS,89,6.2,301,41.8,D,0
21.4589,92.2871,341.8,1.2,1.1,2013-03-27,0702,Aqua,MODIS,90,6.2,302,47.9,D,0
21.4339,92.2564,324.7,1.2,1.1,2013-03-27,0702,Aqua,MODIS,75,6.2,300.9,15.8,D,0
22.4874,92.4198,325.7,1.2,1.1,2013-03-27,0702,Aqua,MODIS,77,6.2,300.4,16.9,D,0
22.2372,92.2208,323.4,1.2,1.1,2013-03-27,0702,Aqua,MODIS,74,6.2,296.7,15,D,0
22.239,92.2322,342,1.2,1.1,2013-03-27,0702,Aqua,MODIS,90,6.2,294.8,48.2,D,0
22.9872,92.081,320.3,1.2,1.1,2013-03-27,0702,Aqua,MODIS,71,6.2,298.3,11.2,D,0
23.4217,92.0954,325.5,1.2,1.1,2013-03-27,0702,Aqua,MODIS,54,6.2,298.7,19.3,D,0
23.0352,92.0719,316.2,1.2,1.1,2013-03-27,0702,Aqua,MODIS,54,6.2,296.9,7.8,D,0
22.4708,92.3775,322.7,1.2,1.1,2013-03-27,0702,Aqua,MODIS,70,6.2,299.8,12.2,D,0
23.0926,92.2861,352.2,1.1,1.1,2013-03-27,0702,Aqua,MODIS,96,6.2,304.4,69.1,D,0
23.0945,92.2972,344.9,1.1,1.1,2013-03-27,0702,Aqua,MODIS,93,6.2,302.1,51.7,D,0
23.0832,92.2879,324.7,1.1,1.1,2013-03-27,0702,Aqua,MODIS,56,6.2,302.9,16.1,D,0
21.7472,92.1667,321.2,1.2,1.1,2013-03-27,0702,Aqua,MODIS,69,6.2,303.8,10.3,D,0
21.8212,92.2419,326.8,1.2,1.1,2013-03-27,0702,Aqua,MODIS,77,6.2,303.7,17.8,D,0
21.8138,92.1959,321.7,1.2,1.1,2013-03-27,0702,Aqua,MODIS,71,6.2,303.6,10,D,0
21.8309,92.24,325.9,1.2,1.1,2013-03-27,0702,Aqua,MODIS,76,6.2,302.5,16.7,D,0
23.3847,91.8095,359.4,1.2,1.1,2013-03-27,0702,Aqua,MODIS,99,6.2,300.7,100,D,0
23.3866,91.8212,323.2,1.2,1.1,2013-03-27,0702,Aqua,MODIS,60,6.2,300.8,16,D,0
23.375,91.8113,322.6,1.2,1.1,2013-03-27,0702,Aqua,MODIS,71,6.2,298.2,15.2,D,0
22.3362,92.0605,315.5,1.2,1.1,2013-03-27,0702,Aqua,MODIS,51,6.2,297.8,6.6,D,0
21.4095,92.4888,335.1,1.2,1.1,2013-03-27,0702,Aqua,MODIS,85,6.2,297.9,34.1,D,0
21.412,92.4426,325.2,1.2,1.1,2013-03-27,0702,Aqua,MODIS,43,6.2,301.6,17,D,0
21.4199,92.4302,342.2,1.2,1.1,2013-03-27,0702,Aqua,MODIS,90,6.2,300.4,47.9,D,0
21.4296,92.4283,360.7,1.2,1.1,2013-03-27,0702,Aqua,MODIS,100,6.2,300.1,101.4,D,0
21.4408,92.4368,334.3,1.2,1.1,2013-03-27,0702,Aqua,MODIS,85,6.2,298.5,31.3,D,0
21.4392,92.4262,354.5,1.2,1.1,2013-03-27,0702,Aqua,MODIS,97,6.2,302.5,80,D,0
21.4337,92.3919,330.9,1.2,1.1,2013-03-27,0702,Aqua,MODIS,82,6.2,301.5,27.3,D,0
21.4319,92.3807,327.1,1.2,1.1,2013-03-27,0702,Aqua,MODIS,78,6.2,300.8,22.5,D,0
21.4425,92.4312,340.4,1.2,1.1,2013-03-27,0702,Aqua,MODIS,89,6.2,300.9,45.5,D,0
21.4408,92.4206,327.4,1.2,1.1,2013-03-27,0702,Aqua,MODIS,78,6.2,302,21.5,D,0
21.4352,92.3862,331.4,1.2,1.1,2013-03-27,0702,Aqua,MODIS,82,6.2,301.7,28.4,D,0
21.4613,92.4854,318.6,1.2,1.1,2013-03-27,0702,Aqua,MODIS,63,6.2,301.9,9.8,D,0
23.0668,92.1878,325.8,1.2,1.1,2013-03-27,0702,Aqua,MODIS,59,6.2,301.7,16.4,D,0
23.0955,92.1824,347,1.2,1.1,2013-03-27,0702,Aqua,MODIS,94,6.2,299.8,58,D,0
23.0717,92.036,324.7,1.2,1.1,2013-03-27,0702,Aqua,MODIS,77,6.2,297.5,16.9,D,0
21.8566,92.583,353,1.2,1.1,2013-03-27,0702,Aqua,MODIS,96,6.2,299.7,73.3,D,0
22.2976,92.3886,340.5,1.2,1.1,2013-03-27,0702,Aqua,MODIS,90,6.2,302.2,41.8,D,0
22.4373,92.2926,319.4,1.2,1.1,2013-03-27,0702,Aqua,MODIS,58,6.2,297.6,9.8,D,0
22.659,91.9679,321.1,1.2,1.1,2013-03-27,0702,Aqua,MODIS,70,6.2,297.3,13.8,D,0
22.6571,91.9563,320.8,1.2,1.1,2013-03-27,0702,Aqua,MODIS,69,6.2,298.5,13.3,D,0
22.6598,91.9623,328.6,1.2,1.1,2013-03-27,0702,Aqua,MODIS,80,6.2,298.1,23.9,D,0
22.7623,92.0192,313.8,1.2,1.1,2013-03-27,0702,Aqua,MODIS,22,6.2,295.6,6.7,D,0
22.8088,91.9989,318.6,1.2,1.1,2013-03-27,0702,Aqua,MODIS,67,6.2,294.2,10.9,D,0
22.8431,91.891,334,1.2,1.1,2013-03-27,0702,Aqua,MODIS,85,6.2,301.3,29.9,D,0
22.8411,91.8793,318.6,1.2,1.1,2013-03-27,0702,Aqua,MODIS,46,6.2,298.1,6.2,D,0
22.8644,91.8988,323.1,1.2,1.1,2013-03-27,0702,Aqua,MODIS,75,6.2,299.8,13.1,D,0
23.4313,92.0936,316.5,1.2,1.1,2013-03-27,0702,Aqua,MODIS,43,6.2,297.1,10.1,D,0
21.5851,92.2451,352.2,1.2,1.1,2013-03-27,0702,Aqua,MODIS,96,6.2,303.1,72.8,D,0
21.587,92.2568,326.1,1.2,1.1,2013-03-27,0702,Aqua,MODIS,61,6.2,302.7,16.3,D,0
22.4156,92.4292,337.9,1.2,1.1,2013-03-27,0702,Aqua,MODIS,88,6.2,301,34.5,D,0
22.4329,92.415,349.1,1.2,1.1,2013-03-27,0702,Aqua,MODIS,95,6.2,300.2,61.2,D,0
22.4311,92.4036,323.3,1.2,1.1,2013-03-27,0702,Aqua,MODIS,37,6.2,302.2,12.6,D,0
21.6201,92.4026,344.5,1.2,1.1,2013-03-27,0702,Aqua,MODIS,92,6.2,303.2,52.3,D,0
21.7039,92.2693,322.8,1.2,1.1,2013-03-27,0702,Aqua,MODIS,70,6.2,303,12.1,D,0
22.6311,92.5004,341.6,1.1,1.1,2013-03-27,0702,Aqua,MODIS,90,6.2,302.2,44.3,D,0
21.7604,92.4338,343.2,1.2,1.1,2013-03-27,0702,Aqua,MODIS,91,6.2,303,49.1,D,0
23.4236,92.1067,340.4,1.2,1.1,2013-03-27,0702,Aqua,MODIS,78,6.2,299.5,45.3,D,0
23.4211,92.1127,340.8,1.2,1.1,2013-03-27,0702,Aqua,MODIS,90,6.2,299.5,44.4,D,0
23.4265,92.1466,327,1.2,1.1,2013-03-27,0702,Aqua,MODIS,78,6.2,299.7,20.6,D,0
23.4134,92.1257,330.9,1.2,1.1,2013-03-27,0702,Aqua,MODIS,84,6.2,299.2,26.3,D,0
21.1793,92.0817,328,1.2,1.1,2013-03-27,0702,Aqua,MODIS,77,6.2,300,23.9,D,0
21.1812,92.0936,338.8,1.2,1.1,2013-03-27,0702,Aqua,MODIS,88,6.2,301.1,44.3,D,0
22.1351,92.4659,347,1.2,1.1,2013-03-27,0702,Aqua,MODIS,93,6.2,303.1,56.6,D,0
21.8738,92.3835,320.9,1.2,1.1,2013-03-27,0702,Aqua,MODIS,66,6.2,304.1,9,D,0
21.7136,92.2676,324.9,1.2,1.1,2013-03-27,0702,Aqua,MODIS,75,6.2,301,15.2,D,0
22.4969,92.4181,356.6,1.2,1.1,2013-03-27,0702,Aqua,MODIS,98,6.2,300.4,84.1,D,0
22.2849,92.3098,340.8,1.2,1.1,2013-03-27,0702,Aqua,MODIS,90,6.2,300.9,43.4,D,0
22.2831,92.2985,334.1,1.2,1.1,2013-03-27,0702,Aqua,MODIS,85,6.2,301.8,30.7,D,0
22.3167,92.3851,361,1.2,1.1,2013-03-27,0702,Aqua,MODIS,100,6.2,299.6,98.5,D,0
22.3268,92.3252,322.2,1.2,1.1,2013-03-27,0702,Aqua,MODIS,73,6.2,298.6,13.1,D,0
22.775,92.4273,339.7,1.1,1.1,2013-03-27,0702,Aqua,MODIS,89,6.2,303,39.6,D,0
22.34,92.3458,361.7,1.2,1.1,2013-03-27,0702,Aqua,MODIS,100,6.2,299.1,101.3,D,0
21.1694,92.0836,326.8,1.2,1.1,2013-03-27,0702,Aqua,MODIS,63,6.2,300.7,20.4,D,0
21.1714,92.0954,321.9,1.2,1.1,2013-03-27,0702,Aqua,MODIS,43,6.2,301,12.7,D,0
23.1664,92.0464,341.7,1.2,1.1,2013-03-27,0702,Aqua,MODIS,91,6.2,288.3,54.4,D,0
23.1139,92.0515,327.2,1.2,1.1,2013-03-27,0702,Aqua,MODIS,70,6.2,289,23.6,D,0
22.3382,92.3344,342.3,1.2,1.1,2013-03-27,0702,Aqua,MODIS,91,6.2,300.9,46.6,D,0
22.3614,92.3368,329.4,1.2,1.1,2013-03-27,0702,Aqua,MODIS,81,6.2,297.7,23.1,D,0
22.371,92.335,338.1,1.2,1.1,2013-03-27,0702,Aqua,MODIS,88,6.2,298.3,39.4,D,0
22.5632,92.3202,323.7,1.2,1.1,2013-03-27,0702,Aqua,MODIS,66,6.2,301.5,13.6,D,0
22.347,92.39,327.3,1.2,1.1,2013-03-27,0702,Aqua,MODIS,79,6.2,300.9,20,D,0
23.0996,91.9009,320.7,1.2,1.1,2013-03-27,0702,Aqua,MODIS,72,6.2,298.4,12.7,D,0
23.3973,92.2091,332.3,1.1,1.1,2013-03-27,0702,Aqua,MODIS,85,6.2,300.2,32.5,D,0
23.399,92.2202,336.8,1.1,1.1,2013-03-27,0702,Aqua,MODIS,88,6.2,294.5,40,D,0
21.1596,92.0855,331.5,1.2,1.1,2013-03-27,0702,Aqua,MODIS,38,6.2,300.9,25.6,D,0
21.4631,92.4967,340.7,1.2,1.1,2013-03-27,0702,Aqua,MODIS,89,6.2,300.8,46.3,D,0
21.4113,92.5003,316.1,1.2,1.1,2013-03-27,0702,Aqua,MODIS,39,6.2,296.9,6.5,D,0
21.3766,92.53,326.8,1.2,1.1,2013-03-27,0702,Aqua,MODIS,77,6.2,298.4,21.5,D,0
23.1015,91.9125,319.7,1.2,1.1,2013-03-27,0702,Aqua,MODIS,47,6.2,299.6,11.1,D,0
21.356,92.1573,323.1,1.2,1.1,2013-03-27,0702,Aqua,MODIS,72,6.2,304.4,12.9,D,0
21.3519,92.1941,317.5,1.2,1.1,2013-03-27,0702,Aqua,MODIS,51,6.2,299.7,5.9,D,0
22.9048,91.9627,328.5,1.2,1.1,2013-03-27,0702,Aqua,MODIS,81,6.2,299.8,22.7,D,0
22.8952,91.9647,335.4,1.2,1.1,2013-03-27,0702,Aqua,MODIS,86,6.2,299.3,36,D,0
21.6009,92.4061,318.1,1.2,1.1,2013-03-27,0702,Aqua,MODIS,48,6.2,299.6,7.2,D,0
21.6105,92.4044,344.1,1.2,1.1,2013-03-27,0702,Aqua,MODIS,91,6.2,302.7,51.4,D,0
24.2394,89.782,316.2,1.5,1.2,2013-03-27,0703,Aqua,MODIS,0,6.2,302.4,11.7,D,0
23.5609,91.9516,304.9,1.6,1.2,2013-03-27,1627,Terra,MODIS,62,6.2,291,11.5,N,0
23.5606,91.9461,304,1.6,1.2,2013-03-27,1627,Terra,MODIS,58,6.2,291.1,11.2,N,0
21.8854,92.3705,324.6,1,1,2013-03-28,0436,Terra,MODIS,74,6.2,305.8,12.2,D,0
22.3713,92.3323,319.7,1,1,2013-03-28,0436,Terra,MODIS,64,6.2,304.9,7.5,D,0
21.6665,92.1723,326.1,1,1,2013-03-28,0436,Terra,MODIS,76,6.2,304.4,13.9,D,0
23.574,89.3554,337,1.2,1.1,2013-03-28,0436,Terra,MODIS,86,6.2,309.4,31.6,D,0
21.8868,92.3608,324.7,1,1,2013-03-28,0436,Terra,MODIS,75,6.2,304.5,13.1,D,0
23.3301,92.2128,335.7,1,1,2013-03-28,0436,Terra,MODIS,87,6.2,299,29.5,D,0
23.0434,92.0958,325.6,1,1,2013-03-28,0436,Terra,MODIS,77,6.2,304.1,13.5,D,0
23.5725,89.3667,324.3,1.2,1.1,2013-03-28,0436,Terra,MODIS,67,6.2,308,11,D,0
21.3802,92.5014,334.5,2.8,1.6,2013-03-28,0745,Aqua,MODIS,82,6.2,305,107.8,D,0
22.8985,92.2843,318.6,2.8,1.6,2013-03-28,0745,Aqua,MODIS,45,6.2,302.1,24.6,D,0
23.4222,92.2129,318.4,2.8,1.6,2013-03-28,0745,Aqua,MODIS,48,6.2,297.4,36.4,D,0
23.4179,92.191,318.4,2.8,1.6,2013-03-28,0745,Aqua,MODIS,45,6.2,296.4,37.1,D,0
23.3318,92.2003,322.5,2.8,1.6,2013-03-28,0745,Aqua,MODIS,59,6.2,298.3,48.3,D,0
23.3279,92.2083,329.1,2.8,1.6,2013-03-28,0745,Aqua,MODIS,80,6.2,300.4,84.3,D,0
21.6051,92.4554,340.3,2.8,1.6,2013-03-28,0745,Aqua,MODIS,87,6.2,308.1,141.7,D,0
21.6311,92.4264,332.6,2.8,1.6,2013-03-28,0745,Aqua,MODIS,80,6.2,307.1,90.1,D,0
21.6074,92.4509,326.3,2.8,1.6,2013-03-28,0745,Aqua,MODIS,67,6.2,308,54.2,D,0
21.6335,92.4214,331.1,2.8,1.6,2013-03-28,0745,Aqua,MODIS,70,6.2,307.3,75,D,0
21.85,92.4926,324.7,2.8,1.6,2013-03-28,0745,Aqua,MODIS,64,6.2,305,46.1,D,0
21.7022,92.3879,327.2,2.7,1.6,2013-03-28,0745,Aqua,MODIS,68,6.2,305.4,55.9,D,0
21.7164,92.386,324.8,2.7,1.6,2013-03-28,0745,Aqua,MODIS,67,6.2,305.4,46.4,D,0
21.7306,92.3844,327.7,2.7,1.6,2013-03-28,0745,Aqua,MODIS,73,6.2,306.2,59.7,D,0
21.7068,92.3799,343.5,2.7,1.6,2013-03-28,0745,Aqua,MODIS,90,6.2,305.8,163.8,D,0
21.721,92.378,336.5,2.7,1.6,2013-03-28,0745,Aqua,MODIS,84,6.2,306.9,114.9,D,0
22.756,92.3593,320.1,2.8,1.6,2013-03-28,0745,Aqua,MODIS,52,6.2,302.6,27.1,D,0
21.6997,92.3625,352.2,2.7,1.6,2013-03-28,0745,Aqua,MODIS,95,6.2,306.7,234.1,D,0
21.7045,92.3545,341.2,2.7,1.6,2013-03-28,0745,Aqua,MODIS,88,6.2,306.1,144.4,D,0
23.1133,91.7885,326.9,2.6,1.5,2013-03-28,0745,Aqua,MODIS,77,6.2,302.1,54.8,D,0
23.1205,91.7952,320.9,2.6,1.5,2013-03-28,0745,Aqua,MODIS,60,6.2,301.9,27.3,D,0
21.9231,92.451,332.5,2.8,1.6,2013-03-28,0745,Aqua,MODIS,80,6.2,307.3,87.8,D,0
22.4574,92.5219,330.4,2.9,1.6,2013-03-28,0745,Aqua,MODIS,79,6.2,306.6,77.9,D,0
22.4517,92.4998,322,2.9,1.6,2013-03-28,0745,Aqua,MODIS,48,6.2,306.7,32.3,D,0
23.2223,91.8477,324.4,2.6,1.6,2013-03-28,0745,Aqua,MODIS,74,6.2,303.5,40.3,D,0
23.2083,91.8492,327.4,2.6,1.6,2013-03-28,0745,Aqua,MODIS,78,6.2,303.1,52.9,D,0
23.2179,91.8529,324.5,2.6,1.6,2013-03-28,0745,Aqua,MODIS,57,6.2,302.4,37,D,0
23.204,91.8548,324.6,2.6,1.6,2013-03-28,0745,Aqua,MODIS,53,6.2,303.7,37.9,D,0
23.097,91.9181,328.7,2.6,1.6,2013-03-28,0745,Aqua,MODIS,79,6.2,304.7,64.5,D,0
23.0887,91.9011,326.8,2.6,1.6,2013-03-28,0745,Aqua,MODIS,77,6.2,304.4,54.8,D,0
23.0911,91.926,336.3,2.6,1.6,2013-03-28,0745,Aqua,MODIS,86,6.2,305.2,106.2,D,0
23.0048,91.9105,326.5,2.6,1.6,2013-03-28,0745,Aqua,MODIS,77,6.2,304.4,47.1,D,0
21.6117,92.3769,330.4,2.7,1.6,2013-03-28,0745,Aqua,MODIS,78,6.2,305.7,74.9,D,0
21.6003,92.3736,320.8,2.7,1.6,2013-03-28,0745,Aqua,MODIS,34,6.2,303.5,25.9,D,0
21.6145,92.3718,325.4,2.7,1.6,2013-03-28,0745,Aqua,MODIS,69,6.2,305.9,47.5,D,0
21.8972,92.3825,321,2.8,1.6,2013-03-28,0745,Aqua,MODIS,57,6.2,306.3,30.6,D,0
22.3731,92.4599,322.5,2.8,1.6,2013-03-28,0745,Aqua,MODIS,64,6.2,303.1,37.7,D,0
22.3704,92.433,389.2,2.8,1.6,2013-03-28,0745,Aqua,MODIS,100,6.2,308.1,821.9,D,0
22.3678,92.4066,325.7,2.8,1.6,2013-03-28,0745,Aqua,MODIS,37,6.2,304.6,42.4,D,0
22.3743,92.4547,348.3,2.8,1.6,2013-03-28,0745,Aqua,MODIS,93,6.2,303.8,212.5,D,0
22.3718,92.4275,381.8,2.8,1.6,2013-03-28,0745,Aqua,MODIS,100,6.2,307.9,667.4,D,0
22.3887,92.4528,336.9,2.8,1.6,2013-03-28,0745,Aqua,MODIS,85,6.2,304.5,121.2,D,0
22.3245,92.4095,333.7,2.8,1.6,2013-03-28,0745,Aqua,MODIS,82,6.2,306,94.4,D,0
22.9473,92.1045,324.6,2.7,1.6,2013-03-28,0745,Aqua,MODIS,74,6.2,302.7,49.3,D,0
22.9423,92.1126,321.5,2.7,1.6,2013-03-28,0745,Aqua,MODIS,68,6.2,302,37.8,D,0
21.6281,92.214,322.2,2.7,1.6,2013-03-28,0745,Aqua,MODIS,61,6.2,305.1,33.7,D,0
21.6257,92.1888,323.5,2.6,1.6,2013-03-28,0745,Aqua,MODIS,65,6.2,305.5,40.7,D,0
22.2405,92.4444,319.4,2.8,1.6,2013-03-28,0745,Aqua,MODIS,53,6.2,305.1,24.8,D,0
22.237,92.4519,321,2.8,1.6,2013-03-28,0745,Aqua,MODIS,62,6.2,305.3,34.7,D,0
22.3499,92.3471,328.8,2.8,1.6,2013-03-28,0745,Aqua,MODIS,52,6.2,304.4,56.4,D,0
22.3525,92.3754,331.2,2.8,1.6,2013-03-28,0745,Aqua,MODIS,56,6.2,304.3,67.5,D,0
22.3356,92.3491,322.9,2.8,1.6,2013-03-28,0745,Aqua,MODIS,27,6.2,304.3,28.9,D,0
21.3547,92.1846,332.4,2.6,1.6,2013-03-28,0745,Aqua,MODIS,80,6.2,302.5,88.3,D,0
21.3524,92.1602,336.9,2.6,1.6,2013-03-28,0745,Aqua,MODIS,85,6.2,304.1,113.5,D,0
22.3623,92.3516,325.5,2.8,1.6,2013-03-28,0745,Aqua,MODIS,60,6.2,304.8,43.4,D,0
22.3479,92.3526,336.4,2.8,1.6,2013-03-28,0745,Aqua,MODIS,85,6.2,304.6,104.8,D,0
21.3869,92.519,323.8,2.8,1.6,2013-03-28,0745,Aqua,MODIS,67,6.2,304.1,49.7,D,0
21.3845,92.4934,327.6,2.8,1.6,2013-03-28,0745,Aqua,MODIS,74,6.2,304.9,68.4,D,0
21.4013,92.518,362.2,2.8,1.6,2013-03-28,0745,Aqua,MODIS,100,6.2,304.9,360.2,D,0
21.3988,92.4921,321.2,2.8,1.6,2013-03-28,0745,Aqua,MODIS,40,6.2,304.1,34.9,D,0
22.3507,92.3808,328.6,2.8,1.6,2013-03-28,0745,Aqua,MODIS,77,6.2,304.4,57.7,D,0
22.2858,92.3069,326.8,2.8,1.6,2013-03-28,0745,Aqua,MODIS,74,6.2,305.9,52.5,D,0
22.2882,92.3331,325.6,2.8,1.6,2013-03-28,0745,Aqua,MODIS,73,6.2,305.5,49.1,D,0
22.1297,92.4157,330.7,2.8,1.6,2013-03-28,0745,Aqua,MODIS,79,6.2,307.1,74.8,D,0
21.4833,92.2942,326,2.7,1.6,2013-03-28,0745,Aqua,MODIS,71,6.2,302.5,57.1,D,0
21.4858,92.3195,343.4,2.7,1.6,2013-03-28,0745,Aqua,MODIS,90,6.2,304.4,164.8,D,0
21.537,92.2629,319.4,2.7,1.6,2013-03-28,0745,Aqua,MODIS,49,6.2,302.9,23.7,D,0
21.5731,92.2752,318.8,2.7,1.6,2013-03-28,0745,Aqua,MODIS,35,6.2,303.3,20.1,D,0
21.5707,92.2509,321,2.7,1.6,2013-03-28,0745,Aqua,MODIS,55,6.2,303.5,27.6,D,0
22.7442,91.9385,316.9,2.6,1.6,2013-03-28,0745,Aqua,MODIS,48,6.2,299.9,20.9,D,0
22.7528,91.9556,320.1,2.6,1.6,2013-03-28,0745,Aqua,MODIS,63,6.2,301.6,31,D,0
23.5468,91.9473,359.3,2.7,1.6,2013-03-28,0745,Aqua,MODIS,99,6.2,303,314.8,D,0
23.5501,91.9426,353.6,2.7,1.6,2013-03-28,0745,Aqua,MODIS,97,6.2,303.9,256.6,D,0
23.0493,92.0874,322.9,2.7,1.6,2013-03-28,0745,Aqua,MODIS,54,6.2,303.1,37.5,D,0
23.0606,92.0914,321.7,2.7,1.6,2013-03-28,0745,Aqua,MODIS,36,6.2,303.4,32,D,0
23.0156,92.0706,325.6,2.7,1.6,2013-03-28,0745,Aqua,MODIS,64,6.2,303.4,51.6,D,0
23.0207,92.1235,319,2.7,1.6,2013-03-28,0745,Aqua,MODIS,29,6.2,299.8,26.8,D,0
22.9774,91.9684,325.9,2.7,1.6,2013-03-28,0745,Aqua,MODIS,76,6.2,304.6,47.9,D,0
22.5221,92.4323,322.8,2.8,1.6,2013-03-28,0745,Aqua,MODIS,40,6.2,306.4,32.9,D,0
22.551,92.4292,322.4,2.8,1.6,2013-03-28,0745,Aqua,MODIS,31,6.2,303.7,28.7,D,0
22.5522,92.4237,323.2,2.8,1.6,2013-03-28,0745,Aqua,MODIS,59,6.2,303.3,35.6,D,0
23.1466,92.1513,331.7,2.8,1.6,2013-03-28,0745,Aqua,MODIS,82,6.2,302.6,85.8,D,0
23.1565,92.1576,337.8,2.8,1.6,2013-03-28,0745,Aqua,MODIS,82,6.2,302,122,D,0
23.2399,92.222,324.2,2.8,1.6,2013-03-28,0745,Aqua,MODIS,74,6.2,299.7,55.2,D,0
23.2374,92.1962,323.8,2.8,1.6,2013-03-28,0745,Aqua,MODIS,73,6.2,300.7,50.4,D,0
23.2418,92.2171,328.1,2.8,1.6,2013-03-28,0745,Aqua,MODIS,79,6.2,299.9,75.9,D,0
23.2394,92.191,319.9,2.8,1.6,2013-03-28,0745,Aqua,MODIS,64,6.2,300.9,33.5,D,0
22.0877,92.4784,332.2,2.8,1.6,2013-03-28,0745,Aqua,MODIS,80,6.2,303.8,90.3,D,0
22.0853,92.4539,333.9,2.8,1.6,2013-03-28,0745,Aqua,MODIS,82,6.2,307.5,98.3,D,0
22.1021,92.4775,325.2,2.8,1.6,2013-03-28,0745,Aqua,MODIS,70,6.2,303.8,54.5,D,0
22.0996,92.4523,321.9,2.8,1.6,2013-03-28,0745,Aqua,MODIS,55,6.2,304.3,34.7,D,0
22.0913,92.4706,343.8,2.8,1.6,2013-03-28,0745,Aqua,MODIS,90,6.2,305.9,174.5,D,0
22.0891,92.4465,326.9,2.8,1.6,2013-03-28,0745,Aqua,MODIS,74,6.2,307.2,58.6,D,0
22.4073,92.3418,319.5,2.8,1.6,2013-03-28,0745,Aqua,MODIS,48,6.2,302.1,22.5,D,0
22.4268,92.3942,322.3,2.8,1.6,2013-03-28,0745,Aqua,MODIS,66,6.2,305.1,36.7,D,0
22.4243,92.3683,335.5,2.8,1.6,2013-03-28,0745,Aqua,MODIS,84,6.2,303.5,108.6,D,0
22.4216,92.3407,327.1,2.8,1.6,2013-03-28,0745,Aqua,MODIS,75,6.2,303.5,57.7,D,0
22.4163,92.3889,324.6,2.8,1.6,2013-03-28,0745,Aqua,MODIS,54,6.2,304.2,43.9,D,0
22.4282,92.3606,331.8,2.8,1.6,2013-03-28,0745,Aqua,MODIS,80,6.2,302.9,79.6,D,0
22.4661,92.3013,321.8,2.8,1.6,2013-03-28,0745,Aqua,MODIS,65,6.2,303.7,37.8,D,0
22.5565,92.3144,324.3,2.8,1.6,2013-03-28,0745,Aqua,MODIS,71,6.2,305.8,43.5,D,0
22.6046,92.3629,320.2,2.8,1.6,2013-03-28,0745,Aqua,MODIS,60,6.2,303.8,26.6,D,0
22.1258,92.2406,316.6,1.3,1.1,2013-03-28,1954,Aqua,MODIS,93,6.2,292.1,22.4,N,0
21.8866,92.3684,315.6,4.8,2,2013-03-29,0519,Terra,MODIS,64,6.2,291.6,79.1,D,0
21.8852,92.3742,315,4.8,2,2013-03-29,0519,Terra,MODIS,56,6.2,291.5,65.5,D,0
23.0545,91.7904,319.8,1.9,1.4,2013-03-29,0650,Aqua,MODIS,33,6.2,294.3,23,D,0
22.4432,92.2629,352.8,1.8,1.3,2013-03-29,0650,Aqua,MODIS,96,6.2,291.3,142.8,D,0
21.3964,92.4843,369.8,1.8,1.3,2013-03-29,0650,Aqua,MODIS,100,6.2,298.3,262.7,D,0
21.3934,92.4674,328.2,1.9,1.3,2013-03-29,0650,Aqua,MODIS,78,6.2,296.5,44.7,D,0
21.42,92.4794,349.7,1.8,1.3,2013-03-29,0650,Aqua,MODIS,94,6.2,299.3,131.3,D,0
21.4462,92.4206,344.5,1.9,1.3,2013-03-29,0650,Aqua,MODIS,91,6.2,297.2,106.7,D,0
21.4405,92.4159,343.9,1.9,1.3,2013-03-29,0650,Aqua,MODIS,91,6.2,295.9,105.6,D,0
21.4551,92.429,319.9,1.9,1.3,2013-03-29,0650,Aqua,MODIS,40,6.2,297.8,24.4,D,0
23.1452,91.9172,334.3,1.9,1.3,2013-03-29,0650,Aqua,MODIS,86,6.2,298.7,61.3,D,0
23.3355,92.01,322.7,1.8,1.3,2013-03-29,0650,Aqua,MODIS,77,6.2,298.5,25,D,0
23.3472,92.0074,322.4,1.8,1.3,2013-03-29,0650,Aqua,MODIS,77,6.2,297.8,25.2,D,0
23.3375,91.9549,322.3,1.8,1.3,2013-03-29,0650,Aqua,MODIS,77,6.2,297.4,27,D,0
23.4142,91.9311,325.4,1.8,1.3,2013-03-29,0650,Aqua,MODIS,80,6.2,295.3,36.8,D,0
23.0217,91.9183,326.2,1.9,1.3,2013-03-29,0650,Aqua,MODIS,79,6.2,299.5,33.3,D,0
23.218,92.0048,323.7,1.8,1.3,2013-03-29,0650,Aqua,MODIS,77,6.2,299.6,28.1,D,0
23.2213,92.0221,328,1.8,1.3,2013-03-29,0650,Aqua,MODIS,82,6.2,299,39.9,D,0
21.4873,92.4038,315.6,1.9,1.3,2013-03-29,0650,Aqua,MODIS,43,6.2,295.3,17.5,D,0
23.1688,91.9117,328.1,1.9,1.3,2013-03-29,0650,Aqua,MODIS,82,6.2,299.4,39.4,D,0
21.9814,92.309,319.9,1.9,1.3,2013-03-29,0650,Aqua,MODIS,60,6.2,299.1,19.9,D,0
22.4681,92.5103,320.4,1.8,1.3,2013-03-29,0650,Aqua,MODIS,68,6.2,298.4,19.6,D,0
23.1485,91.9349,325.7,1.9,1.3,2013-03-29,0650,Aqua,MODIS,79,6.2,298.4,34.3,D,0
23.3399,92.0993,331.7,1.8,1.3,2013-03-29,0650,Aqua,MODIS,85,6.2,295.6,51.8,D,0
22.846,91.9993,320.8,1.9,1.3,2013-03-29,0650,Aqua,MODIS,59,6.2,297.2,24.1,D,0
22.8403,92.007,318.1,1.9,1.3,2013-03-29,0650,Aqua,MODIS,63,6.2,297.8,18.7,D,0
22.7475,91.9712,329.2,1.9,1.3,2013-03-29,0650,Aqua,MODIS,81,6.2,295.9,51.2,D,0
22.7429,91.9772,333.1,1.9,1.3,2013-03-29,0650,Aqua,MODIS,85,6.2,296.5,64.7,D,0
22.7291,92.0367,315.5,1.9,1.3,2013-03-29,0650,Aqua,MODIS,61,6.2,296.9,14.5,D,0
22.3795,92.536,317.2,1.8,1.3,2013-03-29,0650,Aqua,MODIS,59,6.2,299.6,13.4,D,0
22.2984,92.4838,322.1,1.8,1.3,2013-03-29,0650,Aqua,MODIS,67,6.2,300.5,21.2,D,0
22.2914,92.4902,321,1.8,1.3,2013-03-29,0650,Aqua,MODIS,57,6.2,301.1,19.6,D,0
23.0098,92.1228,317.3,1.8,1.3,2013-03-29,0650,Aqua,MODIS,53,6.2,294.6,15.8,D,0
21.8978,92.4926,318.2,1.8,1.3,2013-03-29,0650,Aqua,MODIS,50,6.2,299,17.2,D,0
21.9095,92.4905,343.6,1.8,1.3,2013-03-29,0650,Aqua,MODIS,91,6.2,300.1,95.6,D,0
21.9077,92.5059,325,1.8,1.3,2013-03-29,0650,Aqua,MODIS,74,6.2,299.6,29.7,D,0
21.9041,92.4861,335.1,1.8,1.3,2013-03-29,0650,Aqua,MODIS,85,6.2,300.1,61.1,D,0
23.3335,92.0646,327.4,1.8,1.3,2013-03-29,0650,Aqua,MODIS,81,6.2,297.2,36.4,D,0
23.3515,92.0967,320.9,1.8,1.3,2013-03-29,0650,Aqua,MODIS,62,6.2,293.4,23.9,D,0
22.467,92.5226,322,1.7,1.3,2013-03-29,0650,Aqua,MODIS,68,6.2,298.9,21.1,D,0
22.092,92.2352,316.9,1.9,1.3,2013-03-29,0650,Aqua,MODIS,57,6.2,300.1,12.6,D,0
21.8141,92.4088,343.5,1.8,1.3,2013-03-29,0650,Aqua,MODIS,91,6.2,300.3,97.7,D,0
21.8115,92.3944,318.4,1.8,1.3,2013-03-29,0650,Aqua,MODIS,44,6.2,298.6,17.7,D,0
22.0886,92.2164,318.6,1.9,1.3,2013-03-29,0650,Aqua,MODIS,63,6.2,300.9,15.3,D,0
22.4737,92.3635,323.8,1.8,1.3,2013-03-29,0650,Aqua,MODIS,64,6.2,299.8,28.6,D,0
22.4771,92.3816,321.5,1.8,1.3,2013-03-29,0650,Aqua,MODIS,42,6.2,300.2,22.5,D,0
22.0371,92.5059,395.9,1.8,1.3,2013-03-29,0650,Aqua,MODIS,100,6.2,304.7,512.3,D,0
23.0254,91.9669,319.7,1.9,1.3,2013-03-29,0650,Aqua,MODIS,72,6.2,299.7,16.5,D,0
21.6294,92.4356,331.6,1.8,1.3,2013-03-29,0650,Aqua,MODIS,82,6.2,299,54.4,D,0
22.4581,92.2781,331.7,1.8,1.3,2013-03-29,0650,Aqua,MODIS,58,6.2,296.1,53.4,D,0
22.3763,92.4499,341.2,1.8,1.3,2013-03-29,0650,Aqua,MODIS,90,6.2,299.7,82.9,D,0
22.3732,92.4325,328.6,1.8,1.3,2013-03-29,0650,Aqua,MODIS,54,6.2,300.5,40.8,D,0
22.3723,92.4438,344.9,1.8,1.3,2013-03-29,0650,Aqua,MODIS,92,6.2,299.9,99.7,D,0
21.8643,92.3732,329.7,1.8,1.3,2013-03-29,0650,Aqua,MODIS,80,6.2,299.9,47,D,0
21.8616,92.3585,336.7,1.8,1.3,2013-03-29,0650,Aqua,MODIS,87,6.2,299.1,72.4,D,0
21.8965,92.349,333.2,1.8,1.3,2013-03-29,0650,Aqua,MODIS,84,6.2,300.5,57.4,D,0
21.8904,92.3465,325.9,1.8,1.3,2013-03-29,0650,Aqua,MODIS,76,6.2,299.8,35.6,D,0
21.9199,92.374,356.8,1.8,1.3,2013-03-29,0650,Aqua,MODIS,98,6.2,299.9,160.3,D,0
21.5967,92.2587,322.6,1.9,1.3,2013-03-29,0650,Aqua,MODIS,72,6.2,297.3,30,D,0
21.6002,92.2779,314,1.9,1.3,2013-03-29,0650,Aqua,MODIS,30,6.2,295.8,9.5,D,0
21.6037,92.2655,324.6,1.9,1.3,2013-03-29,0650,Aqua,MODIS,74,6.2,296.4,33.7,D,0
21.5611,92.2349,321.3,1.9,1.3,2013-03-29,0650,Aqua,MODIS,66,6.2,298.9,25.4,D,0
21.5491,92.2372,327.3,1.9,1.3,2013-03-29,0650,Aqua,MODIS,78,6.2,299.5,41.3,D,0
21.5081,92.2835,325.3,1.9,1.3,2013-03-29,0650,Aqua,MODIS,75,6.2,297.4,38.8,D,0
21.5115,92.3018,338.2,1.9,1.3,2013-03-29,0650,Aqua,MODIS,87,6.2,297,84.9,D,0
21.5156,92.2869,318.7,1.9,1.3,2013-03-29,0650,Aqua,MODIS,24,6.2,297.3,21.1,D,0
21.5189,92.3055,320.3,1.9,1.3,2013-03-29,0650,Aqua,MODIS,49,6.2,295.7,26.8,D,0
21.5037,92.2893,328.1,1.9,1.3,2013-03-29,0650,Aqua,MODIS,78,6.2,297.4,46,D,0
21.507,92.3078,321.4,1.9,1.3,2013-03-29,0650,Aqua,MODIS,44,6.2,296,28.5,D,0
23.5056,92.2335,343.7,1.7,1.3,2013-03-29,0650,Aqua,MODIS,92,6.2,297.9,98,D,0
23.5025,92.2163,354.9,1.8,1.3,2013-03-29,0650,Aqua,MODIS,97,6.2,297.7,152.3,D,0
21.8365,92.4879,332.4,1.8,1.3,2013-03-29,0650,Aqua,MODIS,83,6.2,300,52.6,D,0
21.8333,92.4706,321.9,1.8,1.3,2013-03-29,0650,Aqua,MODIS,70,6.2,300.1,21.8,D,0
21.8235,92.4173,321.4,1.8,1.3,2013-03-29,0650,Aqua,MODIS,69,6.2,299.7,23.5,D,0
21.8206,92.4012,339.8,1.8,1.3,2013-03-29,0650,Aqua,MODIS,89,6.2,300.2,83.3,D,0
21.4233,92.4979,345.1,1.8,1.3,2013-03-29,0650,Aqua,MODIS,92,6.2,299.3,108.2,D,0
21.4355,92.5663,316.9,1.8,1.3,2013-03-29,0650,Aqua,MODIS,50,6.2,298.6,18.4,D,0
21.3737,92.1535,322.8,2,1.4,2013-03-29,0650,Aqua,MODIS,71,6.2,299.6,29.4,D,0
21.848,92.485,349.9,1.8,1.3,2013-03-29,0650,Aqua,MODIS,95,6.2,300.8,124,D,0
21.8449,92.4679,345.4,1.8,1.3,2013-03-29,0650,Aqua,MODIS,92,6.2,300.4,101.6,D,0
21.9167,92.3566,343.5,1.8,1.3,2013-03-29,0650,Aqua,MODIS,91,6.2,300.4,92.8,D,0
21.9466,92.3868,382.4,1.8,1.3,2013-03-29,0650,Aqua,MODIS,100,6.2,301.4,368.7,D,0
23.401,92.1034,315.2,1.8,1.3,2013-03-29,0650,Aqua,MODIS,63,6.2,292.8,18.2,D,0
22.9594,92.3522,344.9,1.8,1.3,2013-03-29,0650,Aqua,MODIS,92,6.2,298.8,99.7,D,0
22.0427,92.4707,332.1,1.8,1.3,2013-03-29,0650,Aqua,MODIS,79,6.2,300.1,47.7,D,0
22.0488,92.5043,349.7,1.8,1.3,2013-03-29,0650,Aqua,MODIS,95,6.2,301.5,119.4,D,0
22.052,92.5217,326.5,1.8,1.3,2013-03-29,0650,Aqua,MODIS,60,6.2,300.1,33.2,D,0
23.2234,92.0106,335.8,1.8,1.3,2013-03-29,0650,Aqua,MODIS,87,6.2,299.8,65.1,D,0
21.9583,92.3843,335,1.8,1.3,2013-03-29,0650,Aqua,MODIS,85,6.2,299.5,59.2,D,0
23.0152,91.9123,327.1,1.9,1.3,2013-03-29,0650,Aqua,MODIS,80,6.2,299.6,38,D,0
22.0307,92.4707,367.9,1.8,1.3,2013-03-29,0650,Aqua,MODIS,100,6.2,302.4,231.9,D,0
22.0341,92.4895,347,1.8,1.3,2013-03-29,0650,Aqua,MODIS,93,6.2,300.7,104,D,0
23.0284,91.9554,321.6,1.9,1.3,2013-03-29,0650,Aqua,MODIS,58,6.2,299.9,19.7,D,0
22.0403,92.5237,366.3,1.8,1.3,2013-03-29,0650,Aqua,MODIS,100,6.2,301.4,220.1,D,0
22.0254,92.5076,317.1,1.8,1.3,2013-03-29,0650,Aqua,MODIS,15,6.2,294.8,14.7,D,0
22.0287,92.5256,321.2,1.8,1.3,2013-03-29,0650,Aqua,MODIS,68,6.2,298.1,24.8,D,0
23.4314,92.0899,313.8,1.8,1.3,2013-03-29,0650,Aqua,MODIS,45,6.2,293.3,14.4,D,0
21.5595,92.5355,346.3,1.8,1.3,2013-03-29,0650,Aqua,MODIS,92,6.2,297.1,110.1,D,0
21.554,92.5326,332.5,1.8,1.3,2013-03-29,0650,Aqua,MODIS,82,6.2,297.1,56.9,D,0
21.6232,92.4441,337.6,1.8,1.3,2013-03-29,0650,Aqua,MODIS,87,6.2,298.5,72.2,D,0
21.6349,92.4417,324.9,1.8,1.3,2013-03-29,0650,Aqua,MODIS,73,6.2,298.6,32.9,D,0
21.6328,92.4545,333.8,1.8,1.3,2013-03-29,0650,Aqua,MODIS,84,6.2,297.2,62.7,D,0
23.4219,92.0384,331,1.8,1.3,2013-03-29,0650,Aqua,MODIS,85,6.2,294.1,53.7,D,0
21.9904,92.3169,318.1,1.8,1.3,2013-03-29,0650,Aqua,MODIS,61,6.2,299.5,17.5,D,0
21.5567,92.5471,324,1.8,1.3,2013-03-29,0650,Aqua,MODIS,72,6.2,298.9,31.6,D,0
22.8728,92.0113,318.4,1.9,1.3,2013-03-29,0650,Aqua,MODIS,62,6.2,297.3,19.1,D,0
22.9509,92.1043,316.6,1.8,1.3,2013-03-29,0650,Aqua,MODIS,16,6.2,297.9,11.9,D,0
22.9626,92.1019,326.7,1.8,1.3,2013-03-29,0650,Aqua,MODIS,54,6.2,299,34,D,0
22.9338,91.9759,315.9,1.9,1.3,2013-03-29,0650,Aqua,MODIS,64,6.2,295.7,12.7,D,0
21.8938,92.3339,327.8,1.9,1.3,2013-03-29,0650,Aqua,MODIS,78,6.2,299.5,41.8,D,0
21.8874,92.33,316.1,1.9,1.3,2013-03-29,0650,Aqua,MODIS,48,6.2,299,12.7,D,0
21.902,92.3432,328,1.8,1.3,2013-03-29,0650,Aqua,MODIS,78,6.2,300.6,40.4,D,0
22.9564,92.3359,340.4,1.8,1.3,2013-03-29,0650,Aqua,MODIS,90,6.2,298.6,82.5,D,0
22.4549,92.2604,358.1,1.8,1.3,2013-03-29,0650,Aqua,MODIS,96,6.2,297.1,174.9,D,0
22.8271,91.9348,304.1,1.1,1,2013-03-29,1615,Terra,MODIS,59,6.2,293.2,5.5,N,0
22.8326,92.34,314.5,1.1,1,2013-03-29,1615,Terra,MODIS,89,6.2,295.7,12.3,N,0
22.8312,92.3289,346.9,1.1,1,2013-03-29,1615,Terra,MODIS,100,6.2,296.7,61.8,N,0
22.834,92.3509,305.2,1.1,1,2013-03-29,1615,Terra,MODIS,41,6.2,295,4.7,N,0
22.0877,92.129,323.3,1.2,1.1,2013-03-30,0424,Terra,MODIS,67,6.2,304.1,10.9,D,0
22.0274,92.2909,326,1.1,1.1,2013-03-30,0424,Terra,MODIS,75,6.2,302.7,15.8,D,0
21.999,92.3247,392.9,1.1,1.1,2013-03-30,0424,Terra,MODIS,100,6.2,309.7,246,D,0
21.9895,92.3232,370.4,1.1,1.1,2013-03-30,0424,Terra,MODIS,100,6.2,303.4,127.8,D,0
21.988,92.3342,332.6,1.1,1.1,2013-03-30,0424,Terra,MODIS,82,6.2,301.4,23.9,D,0
21.4876,92.426,353.4,1.1,1.1,2013-03-30,0424,Terra,MODIS,96,6.2,304.4,70.5,D,0
21.4862,92.4366,356.7,1.1,1.1,2013-03-30,0424,Terra,MODIS,98,6.2,304.5,79.6,D,0
22.8065,92.3204,318,1.2,1.1,2013-03-30,0424,Terra,MODIS,65,6.2,299.9,7.7,D,0
23.5029,92.2296,318.4,1.2,1.1,2013-03-30,0424,Terra,MODIS,63,6.2,299.7,11.9,D,0
21.5638,92.5417,343,1.1,1,2013-03-30,0424,Terra,MODIS,91,6.2,304.8,45.1,D,0
21.6028,92.5365,327.3,1.1,1,2013-03-30,0424,Terra,MODIS,77,6.2,305.4,17.3,D,0
23.0276,92.11,321.2,1.2,1.1,2013-03-30,0424,Terra,MODIS,71,6.2,300.9,11.4,D,0
21.6042,92.526,320.1,1.1,1,2013-03-30,0424,Terra,MODIS,65,6.2,304.6,8,D,0
21.5652,92.5319,361.3,1.1,1,2013-03-30,0424,Terra,MODIS,100,6.2,304.9,93.2,D,0
21.1747,92.076,337.5,1.5,1.2,2013-03-30,0732,Aqua,MODIS,74,6.2,300.8,54.2,D,0
21.1764,92.0906,324.1,1.5,1.2,2013-03-30,0732,Aqua,MODIS,69,6.2,300.7,21.3,D,0
21.1655,92.0921,325.5,1.5,1.2,2013-03-30,0732,Aqua,MODIS,64,6.2,300.5,21.9,D,0
21.4467,92.3612,322.1,1.6,1.2,2013-03-30,0733,Aqua,MODIS,40,6.2,298.8,20.7,D,0
21.4597,92.3745,321.9,1.6,1.2,2013-03-30,0733,Aqua,MODIS,43,6.2,297.7,18.9,D,0
23.5466,91.9672,313,1.6,1.3,2013-03-30,0733,Aqua,MODIS,48,6.2,277.7,18.7,D,0
21.5292,92.375,350.5,1.6,1.3,2013-03-30,0733,Aqua,MODIS,94,6.2,297.6,104.7,D,0
21.4578,92.3593,340.8,1.6,1.2,2013-03-30,0733,Aqua,MODIS,88,6.2,300.1,70.5,D,0
21.461,92.4789,368,1.6,1.3,2013-03-30,0733,Aqua,MODIS,75,6.2,297.9,201,D,0
21.449,92.3699,335.2,1.6,1.2,2013-03-30,0733,Aqua,MODIS,83,6.2,299.1,50.8,D,0
21.4601,92.368,336,1.6,1.2,2013-03-30,0733,Aqua,MODIS,84,6.2,298.7,53.1,D,0
21.4584,92.3524,326.5,1.6,1.2,2013-03-30,0733,Aqua,MODIS,71,6.2,299.7,29.5,D,0
21.5495,92.4513,336.1,1.6,1.3,2013-03-30,0733,Aqua,MODIS,64,6.2,298.9,44.5,D,0
21.5608,92.4497,339.7,1.6,1.3,2013-03-30,0733,Aqua,MODIS,79,6.2,298.5,55.8,D,0
21.5572,92.4196,336.9,1.6,1.3,2013-03-30,0733,Aqua,MODIS,73,6.2,298.4,48.5,D,0
21.5669,92.4124,341.9,1.6,1.3,2013-03-30,0733,Aqua,MODIS,88,6.2,299.2,68.9,D,0
21.6136,92.4216,347.4,1.6,1.3,2013-03-30,0733,Aqua,MODIS,80,6.2,294.8,86.9,D,0
21.5031,92.3463,328.1,1.6,1.2,2013-03-30,0733,Aqua,MODIS,74,6.2,297.5,31.1,D,0
21.5237,92.328,330.8,1.6,1.2,2013-03-30,0733,Aqua,MODIS,54,6.2,299.3,36,D,0
21.5692,92.332,333.1,1.6,1.2,2013-03-30,0733,Aqua,MODIS,47,6.2,283.2,35,D,0
21.5607,92.2568,349.8,1.6,1.2,2013-03-30,0733,Aqua,MODIS,94,6.2,299.2,99.5,D,0
21.5823,92.3471,343.1,1.6,1.2,2013-03-30,0733,Aqua,MODIS,89,6.2,288.5,64.5,D,0
21.5804,92.3309,346.9,1.6,1.2,2013-03-30,0733,Aqua,MODIS,79,6.2,295.1,79.5,D,0
21.5881,92.2985,341.5,1.6,1.2,2013-03-30,0733,Aqua,MODIS,67,6.2,297.2,63.3,D,0
21.5365,92.4377,343.7,1.6,1.3,2013-03-30,0733,Aqua,MODIS,90,6.2,296,73.3,D,0
21.5383,92.4529,354.3,1.6,1.3,2013-03-30,0733,Aqua,MODIS,97,6.2,298,119.2,D,0
23.6347,91.9324,339.1,1.6,1.2,2013-03-30,0733,Aqua,MODIS,89,6.2,284.5,74,D,0
23.6365,91.9481,359.3,1.6,1.3,2013-03-30,0733,Aqua,MODIS,99,6.2,287.5,160,D,0
23.6235,91.9339,336.7,1.6,1.2,2013-03-30,0733,Aqua,MODIS,88,6.2,286.4,64.2,D,0
21.4391,92.3929,337.7,1.6,1.3,2013-03-30,0733,Aqua,MODIS,64,6.2,298.4,58,D,0
21.4595,92.4699,352.8,1.6,1.3,2013-03-30,0733,Aqua,MODIS,90,6.2,294.8,115.2,D,0
21.4485,92.3765,349.7,1.6,1.2,2013-03-30,0733,Aqua,MODIS,94,6.2,298.5,104.1,D,0
21.4613,92.4854,368.8,1.6,1.3,2013-03-30,0733,Aqua,MODIS,75,6.2,294.1,204.3,D,0
21.4501,92.4873,334.2,1.6,1.3,2013-03-30,0733,Aqua,MODIS,0,6.2,290.2,46,D,0
21.4408,92.4078,341.5,1.6,1.3,2013-03-30,0733,Aqua,MODIS,83,6.2,294.5,70.7,D,0
24.5454,88.0919,326.9,1,1,2013-03-30,0734,Aqua,MODIS,42,6.2,307.8,10.3,D,0
22.9743,92.3334,304.4,1,1,2013-03-30,1942,Aqua,MODIS,60,6.2,293.5,5.3,N,0
22.1944,92.4863,308.6,1,1,2013-03-30,1942,Aqua,MODIS,75,6.2,293.7,7.9,N,0
22.7484,92.3645,305.1,1,1,2013-03-30,1942,Aqua,MODIS,63,6.2,293.3,6,N,0
22.7469,92.3743,306.6,1,1,2013-03-30,1942,Aqua,MODIS,68,6.2,293.5,7,N,0
22.2833,92.2638,304.5,1,1,2013-03-30,1942,Aqua,MODIS,60,6.2,290.9,6.2,N,0
22.0748,92.4831,300.3,1,1,2013-03-30,1942,Aqua,MODIS,25,6.2,288.4,3.8,N,0
22.8053,92.3514,308.4,1,1,2013-03-30,1942,Aqua,MODIS,47,6.2,292.7,7.4,N,0
22.7993,92.3304,308.6,1,1,2013-03-30,1942,Aqua,MODIS,19,6.2,293.9,6.5,N,0
22.7889,92.3385,317.4,1,1,2013-03-30,1942,Aqua,MODIS,95,6.2,294.4,13.7,N,0
21.7098,92.3957,304.2,1,1,2013-03-30,1942,Aqua,MODIS,59,6.2,291.6,5.1,N,0
21.8518,92.3729,307.2,1,1,2013-03-30,1942,Aqua,MODIS,71,6.2,291.7,7.2,N,0
21.6068,92.3328,317.4,2.9,1.6,2013-03-31,0507,Terra,MODIS,64,6.2,301.8,32.2,D,0
22.3138,92.4302,320.3,2.9,1.6,2013-03-31,0507,Terra,MODIS,71,6.2,298.5,43.9,D,0
21.797,92.3829,315.6,2.9,1.6,2013-03-31,0507,Terra,MODIS,58,6.2,300.3,27.7,D,0
22.3115,92.4239,322.5,2.9,1.6,2013-03-31,0507,Terra,MODIS,74,6.2,298.3,55.1,D,0
21.6052,92.3269,316.5,2.9,1.6,2013-03-31,0507,Terra,MODIS,61,6.2,302,28.7,D,0
21.3733,92.5316,333.4,3.1,1.7,2013-03-31,0637,Aqua,MODIS,80,6.2,300.9,133.2,D,0
22.4742,92.2533,337.5,3,1.7,2013-03-31,0638,Aqua,MODIS,76,6.2,298.1,158.6,D,0
22.9834,92.1,318.8,3,1.7,2013-03-31,0638,Aqua,MODIS,69,6.2,297.4,44.3,D,0
22.309,92.4254,314.8,3,1.6,2013-03-31,0638,Aqua,MODIS,32,6.2,292.2,30.7,D,0
21.9804,92.4075,320.9,3,1.7,2013-03-31,0638,Aqua,MODIS,63,6.2,296.7,49.8,D,0
22.9828,92.0957,319.9,3,1.7,2013-03-31,0638,Aqua,MODIS,67,6.2,297.3,48.8,D,0
22.5326,92.3896,325.8,3,1.6,2013-03-31,0638,Aqua,MODIS,77,6.2,299.6,70.6,D,0
23.3434,92.1974,315.3,2.9,1.6,2013-03-31,0638,Aqua,MODIS,59,6.2,297.1,30.9,D,0
22.5381,92.4168,332.9,3,1.6,2013-03-31,0638,Aqua,MODIS,84,6.2,298.5,113.3,D,0
21.867,92.3778,325.9,3.1,1.7,2013-03-31,0638,Aqua,MODIS,64,6.2,294.1,79.6,D,0
22.5236,92.42,327.9,3,1.6,2013-03-31,0638,Aqua,MODIS,79,6.2,299.3,84,D,0
22.5232,92.4248,325.1,3,1.6,2013-03-31,0638,Aqua,MODIS,76,6.2,299.1,67.8,D,0
22.8078,91.9983,314.1,3.1,1.7,2013-03-31,0638,Aqua,MODIS,57,6.2,296.5,26.5,D,0
23.3376,92.1691,318.7,3,1.6,2013-03-31,0638,Aqua,MODIS,70,6.2,296.3,47.6,D,0
22.7943,92.3069,317.5,3,1.6,2013-03-31,0638,Aqua,MODIS,49,6.2,298.6,34.6,D,0
22.9574,92.3452,315.6,2.9,1.6,2013-03-31,0638,Aqua,MODIS,45,6.2,297,27.2,D,0
22.8094,92.0018,313.8,3.1,1.7,2013-03-31,0638,Aqua,MODIS,51,6.2,296.6,23,D,0
22.9558,92.3523,314.7,2.9,1.6,2013-03-31,0638,Aqua,MODIS,33,6.2,297.1,23.3,D,0
21.6511,92.3791,319.3,3.1,1.7,2013-03-31,0638,Aqua,MODIS,35,6.2,293.2,54,D,0
21.6521,92.3867,321.2,3.1,1.7,2013-03-31,0638,Aqua,MODIS,51,6.2,291,65.5,D,0
23.0875,92.1597,311.6,3,1.6,2013-03-31,0638,Aqua,MODIS,38,6.2,294.7,17.8,D,0
21.5534,92.5524,304.1,1,1,2013-03-31,1602,Terra,MODIS,58,6.2,289.5,5.7,N,0
22.0135,92.4252,313.8,1,1,2013-03-31,1602,Terra,MODIS,88,6.2,293.3,11.9,N,0
21.759,92.387,304.8,1,1,2013-03-31,1602,Terra,MODIS,32,6.2,287.6,6.9,N,0
21.552,92.5427,302.9,1,1,2013-03-31,1602,Terra,MODIS,50,6.2,291.2,4.8,N,0
21.6595,92.4622,310.4,1,1,2013-03-31,1602,Terra,MODIS,80,6.2,293.2,9.9,N,0
22.0646,92.4569,307.8,1,1,2013-03-31,1602,Terra,MODIS,73,6.2,293.1,7.2,N,0
21.9679,92.5505,315.6,1,1,2013-03-31,1602,Terra,MODIS,90,6.2,289.9,13.7,N,0
21.9604,92.5619,317.4,1,1,2013-03-31,1602,Terra,MODIS,95,6.2,292.2,14.6,N,0
21.6609,92.4719,307.4,1,1,2013-03-31,1602,Terra,MODIS,68,6.2,292.7,7.3,N,0
21.9618,92.5717,377,1,1,2013-03-31,1602,Terra,MODIS,100,6.2,299.2,144.9,N,0
21.9514,92.5636,322.3,1,1,2013-03-31,1602,Terra,MODIS,100,6.2,293,19.8,N,0
21.3682,92.5469,311.1,1,1,2013-03-31,1602,Terra,MODIS,82,6.2,294.5,8.9,N,0
21.3849,92.5376,303.7,1,1,2013-03-31,1602,Terra,MODIS,52,6.2,293.3,4.2,N,0
21.9681,92.4902,305.1,1,1,2013-03-31,1602,Terra,MODIS,63,6.2,292.6,5.5,N,0
21.9528,92.5733,320.1,1,1,2013-03-31,1602,Terra,MODIS,100,6.2,292.9,17.7,N,0
21.9001,92.5287,303.6,1,1,2013-03-31,1602,Terra,MODIS,56,6.2,292.6,4.9,N,0
21.2771,92.6074,334.6,1.6,1.3,2013-04-01,0412,Terra,MODIS,84,6.2,299.7,60.2,D,0
22.1179,92.4445,318.3,1.7,1.3,2013-04-01,0412,Terra,MODIS,50,6.2,301,12.4,D,0
22.0488,92.5372,320,1.7,1.3,2013-04-01,0412,Terra,MODIS,56,6.2,301.4,18.9,D,0
21.9446,92.5635,323.3,1.7,1.3,2013-04-01,0412,Terra,MODIS,65,6.2,300.6,23.4,D,0
21.7498,92.5722,328.1,1.1,1.1,2013-04-01,0720,Aqua,MODIS,74,6.2,303,20.4,D,0
21.8715,92.4407,324.7,1.1,1,2013-04-01,0720,Aqua,MODIS,34,6.2,306.7,9.3,D,0
21.8729,92.451,345.5,1.1,1,2013-04-01,0720,Aqua,MODIS,91,6.2,307,44.6,D,0
21.8757,92.4723,328.9,1.1,1,2013-04-01,0720,Aqua,MODIS,66,6.2,305.9,15.5,D,0
21.8622,92.4421,333.4,1.1,1,2013-04-01,0720,Aqua,MODIS,81,6.2,308.3,21,D,0
21.8635,92.4524,340.7,1.1,1,2013-04-01,0720,Aqua,MODIS,88,6.2,308,33.5,D,0
22.0089,92.5636,344.5,1.1,1.1,2013-04-01,0720,Aqua,MODIS,91,6.2,301.9,45.4,D,0
22.0075,92.5531,328.9,1.1,1.1,2013-04-01,0720,Aqua,MODIS,75,6.2,303.2,17.8,D,0
22.0046,92.5312,334.3,1.1,1.1,2013-04-01,0720,Aqua,MODIS,82,6.2,304.4,25.4,D,0
22.0033,92.5211,376.7,1.1,1.1,2013-04-01,0720,Aqua,MODIS,100,6.2,313.2,148.1,D,0
22.0018,92.5104,347.4,1.1,1,2013-04-01,0720,Aqua,MODIS,92,6.2,309.1,50.8,D,0
22.0129,92.5575,334.9,1.1,1.1,2013-04-01,0720,Aqua,MODIS,83,6.2,303.7,29.5,D,0
22.0088,92.5252,374.8,1.1,1.1,2013-04-01,0720,Aqua,MODIS,100,6.2,308.7,140.7,D,0
21.8602,92.3557,324.9,1.1,1,2013-04-01,0720,Aqua,MODIS,38,6.2,303.4,10.7,D,0
21.7485,92.5619,328.1,1.1,1,2013-04-01,0720,Aqua,MODIS,74,6.2,304.1,19.9,D,0
21.7794,92.5785,331.7,1.1,1.1,2013-04-01,0720,Aqua,MODIS,79,6.2,301.5,25.7,D,0
21.7982,92.5758,324.1,1.1,1.1,2013-04-01,0720,Aqua,MODIS,67,6.2,302.8,14.9,D,0
22.0074,92.515,363.4,1.1,1.1,2013-04-01,0720,Aqua,MODIS,100,6.2,313.6,96.7,D,0
21.4331,92.5916,344.1,1.1,1,2013-04-01,0720,Aqua,MODIS,91,6.2,307.3,46.6,D,0
21.4425,92.5902,330.1,1.1,1,2013-04-01,0720,Aqua,MODIS,78,6.2,305.1,21.9,D,0
21.3913,92.491,329.9,1.1,1,2013-04-01,0720,Aqua,MODIS,78,6.2,306.1,18.2,D,0
21.443,92.4511,344.2,1.1,1,2013-04-01,0720,Aqua,MODIS,91,6.2,303.6,42.8,D,0
21.967,92.2491,373.6,1.1,1,2013-04-01,0720,Aqua,MODIS,100,6.2,308,129,D,0
21.9684,92.2595,322.3,1.1,1,2013-04-01,0720,Aqua,MODIS,30,6.2,304.6,6.1,D,0
21.9619,92.2815,367,1.1,1,2013-04-01,0720,Aqua,MODIS,100,6.2,307.3,104.9,D,0
21.4416,92.4408,349.4,1.1,1,2013-04-01,0720,Aqua,MODIS,94,6.2,304.7,54.7,D,0
21.9632,92.2915,339,1.1,1,2013-04-01,0720,Aqua,MODIS,87,6.2,303.9,32.9,D,0
21.9526,92.2829,365.5,1.1,1,2013-04-01,0720,Aqua,MODIS,100,6.2,308.4,99.9,D,0
21.9539,92.2931,338.5,1.1,1,2013-04-01,0720,Aqua,MODIS,86,6.2,305.1,31.9,D,0
21.9433,92.2844,340.5,1.1,1,2013-04-01,0720,Aqua,MODIS,88,6.2,305,35.4,D,0
21.9446,92.2946,324.1,1.1,1,2013-04-01,0720,Aqua,MODIS,66,6.2,303.7,10.4,D,0
21.9488,92.326,332.4,1.1,1,2013-04-01,0720,Aqua,MODIS,80,6.2,305,22.7,D,0
21.9066,92.08,320,1.1,1,2013-04-01,0720,Aqua,MODIS,57,6.2,301.3,6.9,D,0
21.934,92.2858,347.3,1.1,1,2013-04-01,0720,Aqua,MODIS,93,6.2,304.9,49.4,D,0
21.9353,92.296,332,1.1,1,2013-04-01,0720,Aqua,MODIS,80,6.2,304.1,21,D,0
21.9671,92.5372,346.6,1.1,1.1,2013-04-01,0720,Aqua,MODIS,92,6.2,305.7,48.5,D,0
21.9684,92.5475,329.7,1.1,1.1,2013-04-01,0720,Aqua,MODIS,73,6.2,305.9,17,D,0
21.9302,92.3287,343.8,1.1,1,2013-04-01,0720,Aqua,MODIS,90,6.2,305.2,42.1,D,0
21.9316,92.3396,349.9,1.1,1,2013-04-01,0720,Aqua,MODIS,94,6.2,306.6,55.6,D,0
21.9416,92.5622,328,1.1,1.1,2013-04-01,0720,Aqua,MODIS,66,6.2,306.2,14.3,D,0
21.943,92.5726,347.3,1.1,1.1,2013-04-01,0720,Aqua,MODIS,92,6.2,305.5,50.4,D,0
21.8887,92.2296,372.6,1.1,1,2013-04-01,0720,Aqua,MODIS,100,6.2,307.1,124.8,D,0
21.8942,92.271,355.3,1.1,1,2013-04-01,0720,Aqua,MODIS,97,6.2,306.4,68.7,D,0
21.9322,92.5638,357.3,1.1,1.1,2013-04-01,0720,Aqua,MODIS,98,6.2,307,76.9,D,0
21.9336,92.5742,387.6,1.1,1.1,2013-04-01,0720,Aqua,MODIS,100,6.2,309.4,204.2,D,0
21.8679,92.2709,328,1.1,1,2013-04-01,0720,Aqua,MODIS,75,6.2,305.4,14.4,D,0
21.8587,92.2724,323.3,1.1,1,2013-04-01,0720,Aqua,MODIS,67,6.2,305.3,9.2,D,0
21.8539,92.3792,324.7,1.1,1,2013-04-01,0720,Aqua,MODIS,60,6.2,303.9,9.8,D,0
21.8555,92.4642,327.2,1.1,1,2013-04-01,0720,Aqua,MODIS,64,6.2,307.3,11.5,D,0
21.4465,92.4343,321.7,1.1,1,2013-04-01,0720,Aqua,MODIS,56,6.2,304.4,9.2,D,0
21.4599,92.4641,327.9,1.1,1,2013-04-01,0720,Aqua,MODIS,75,6.2,305.6,15.7,D,0
21.4571,92.4433,332.2,1.1,1,2013-04-01,0720,Aqua,MODIS,80,6.2,303.9,22.6,D,0
21.7677,92.3451,325.6,1.1,1,2013-04-01,0720,Aqua,MODIS,71,6.2,306.1,11.5,D,0
21.4558,92.4329,347.4,1.1,1,2013-04-01,0720,Aqua,MODIS,93,6.2,304.7,51.2,D,0
21.3643,92.4304,322.9,1.1,1,2013-04-01,0720,Aqua,MODIS,52,6.2,299.3,12.3,D,0
21.4908,92.5553,319.6,1.1,1,2013-04-01,0720,Aqua,MODIS,51,6.2,299.8,9.6,D,0
21.4894,92.5448,368.8,1.1,1,2013-04-01,0720,Aqua,MODIS,100,6.2,306,119.2,D,0
21.547,92.547,333.5,1.1,1,2013-04-01,0720,Aqua,MODIS,81,6.2,299.5,27.2,D,0
21.5539,92.5502,328.8,1.1,1,2013-04-01,0720,Aqua,MODIS,45,6.2,299.9,19.9,D,0
21.5525,92.5392,325.3,1.1,1,2013-04-01,0720,Aqua,MODIS,40,6.2,297.3,15.6,D,0
21.5848,92.5669,328.3,1.1,1,2013-04-01,0720,Aqua,MODIS,61,6.2,296.9,15.2,D,0
21.5834,92.5564,379.6,1.1,1,2013-04-01,0720,Aqua,MODIS,100,6.2,304.3,161.3,D,0
21.6048,92.5743,344.7,1.1,1,2013-04-01,0720,Aqua,MODIS,91,6.2,298.4,44.9,D,0
21.6035,92.5639,326.6,1.1,1,2013-04-01,0720,Aqua,MODIS,28,6.2,296.8,12.9,D,0
21.6142,92.573,405.6,1.1,1,2013-04-01,0720,Aqua,MODIS,100,6.2,305.4,321.2,D,0
21.7216,92.5511,356.5,1.1,1,2013-04-01,0720,Aqua,MODIS,98,6.2,304.8,75.9,D,0
21.7405,92.5738,329.5,1.1,1.1,2013-04-01,0720,Aqua,MODIS,76,6.2,304.3,21.8,D,0
21.3214,92.1763,321.1,1.1,1,2013-04-01,0720,Aqua,MODIS,61,6.2,303,7.1,D,0
21.332,92.1849,332,1.1,1,2013-04-01,0720,Aqua,MODIS,81,6.2,303.1,21.1,D,0
21.7576,92.4852,327.1,1.1,1,2013-04-01,0720,Aqua,MODIS,73,6.2,306.3,14.3,D,0
21.759,92.4957,355.9,1.1,1,2013-04-01,0720,Aqua,MODIS,97,6.2,307.2,73,D,0
21.7305,92.4235,332.7,1.1,1,2013-04-01,0720,Aqua,MODIS,81,6.2,302.6,24.5,D,0
21.6714,92.3875,320.4,1.1,1,2013-04-01,0720,Aqua,MODIS,57,6.2,303.6,7.1,D,0
21.7632,92.5275,366.4,1.1,1,2013-04-01,0720,Aqua,MODIS,100,6.2,306.1,108.3,D,0
21.7645,92.538,349.7,1.1,1,2013-04-01,0720,Aqua,MODIS,94,6.2,302.8,59.3,D,0
21.7538,92.5288,324.3,1.1,1,2013-04-01,0720,Aqua,MODIS,61,6.2,303.4,12.6,D,0
21.7552,92.5396,334.4,1.1,1,2013-04-01,0720,Aqua,MODIS,82,6.2,303.1,28.2,D,0
21.8509,92.357,329.3,1.1,1,2013-04-01,0720,Aqua,MODIS,52,6.2,303.6,16,D,0
21.8524,92.368,358.8,1.1,1,2013-04-01,0720,Aqua,MODIS,99,6.2,305.4,79.4,D,0
21.843,92.3691,327.7,1.1,1,2013-04-01,0720,Aqua,MODIS,59,6.2,304.4,14.3,D,0
21.7983,92.3611,320.6,1.1,1,2013-04-01,0720,Aqua,MODIS,58,6.2,304.2,6.6,D,0
21.7877,92.3526,352.8,1.1,1,2013-04-01,0720,Aqua,MODIS,96,6.2,306,61.3,D,0
21.7891,92.3629,359.8,1.1,1,2013-04-01,0720,Aqua,MODIS,99,6.2,306.4,81.3,D,0
21.5564,92.4957,340.3,1.1,1,2013-04-01,0720,Aqua,MODIS,79,6.2,298.9,36.8,D,0
21.7202,92.5407,320.9,1.1,1,2013-04-01,0720,Aqua,MODIS,22,6.2,300.4,7.9,D,0
21.3926,92.5013,328.5,1.1,1,2013-04-01,0720,Aqua,MODIS,76,6.2,304.6,15.9,D,0
21.4488,92.3074,347.5,1.1,1,2013-04-01,0720,Aqua,MODIS,93,6.2,303.4,50.7,D,0
21.458,92.306,363.8,1.1,1,2013-04-01,0720,Aqua,MODIS,100,6.2,303.6,94.9,D,0
21.4923,92.2799,320.3,1.1,1,2013-04-01,0720,Aqua,MODIS,56,6.2,303.1,7,D,0
21.5293,92.2885,334.2,1.1,1,2013-04-01,0720,Aqua,MODIS,83,6.2,302.6,23.8,D,0
21.5279,92.2782,332.4,1.1,1,2013-04-01,0720,Aqua,MODIS,81,6.2,303.2,21.3,D,0
21.5456,92.4129,334.5,1.1,1,2013-04-01,0720,Aqua,MODIS,50,6.2,295,20.8,D,0
21.539,92.435,342.5,1.1,1,2013-04-01,0720,Aqua,MODIS,87,6.2,299.4,35.3,D,0
21.5357,92.4629,338.5,1.1,1,2013-04-01,0720,Aqua,MODIS,86,6.2,300.2,30,D,0
21.5371,92.4733,364.1,1.1,1,2013-04-01,0720,Aqua,MODIS,100,6.2,299.9,94.2,D,0
21.5195,92.4125,343.2,1.1,1,2013-04-01,0720,Aqua,MODIS,90,6.2,294.3,38.3,D,0
21.5264,92.4643,332.7,1.1,1,2013-04-01,0720,Aqua,MODIS,81,6.2,300.3,21.2,D,0
21.5278,92.4747,358.4,1.1,1,2013-04-01,0720,Aqua,MODIS,99,6.2,301.4,77.2,D,0
21.5199,92.4866,351.4,1.1,1,2013-04-01,0720,Aqua,MODIS,93,6.2,300.7,58.8,D,0
21.5212,92.4969,344,1.1,1,2013-04-01,0720,Aqua,MODIS,79,6.2,291.7,42.3,D,0
21.5106,92.4881,344.5,1.1,1,2013-04-01,0720,Aqua,MODIS,91,6.2,301,44,D,0
21.5119,92.4985,338.3,1.1,1,2013-04-01,0720,Aqua,MODIS,81,6.2,295.2,32.6,D,0
21.488,92.5339,327.2,1.1,1,2013-04-01,0720,Aqua,MODIS,73,6.2,303,18.2,D,0
21.5385,92.2871,322.8,1.1,1,2013-04-01,0720,Aqua,MODIS,65,6.2,303.5,8.1,D,0
21.5372,92.2768,330.2,1.1,1,2013-04-01,0720,Aqua,MODIS,78,6.2,304.8,18.2,D,0
21.5834,92.2694,349,1.1,1,2013-04-01,0720,Aqua,MODIS,94,6.2,305.6,52.4,D,0
21.6151,92.2482,322,1.1,1,2013-04-01,0720,Aqua,MODIS,43,6.2,303.2,8.2,D,0
21.9521,92.4959,332.5,1.1,1,2013-04-01,0720,Aqua,MODIS,80,6.2,303.3,24,D,0
21.9227,92.4903,328.9,1.1,1,2013-04-01,0720,Aqua,MODIS,75,6.2,306.6,16.9,D,0
21.8864,92.4814,332.7,1.1,1,2013-04-01,0720,Aqua,MODIS,80,6.2,304.2,23,D,0
21.877,92.4827,353,1.1,1,2013-04-01,0720,Aqua,MODIS,96,6.2,307.8,63.8,D,0
21.6257,92.2566,333.1,1.1,1,2013-04-01,0720,Aqua,MODIS,82,6.2,302.6,22.8,D,0
21.6244,92.2467,341.5,1.1,1,2013-04-01,0720,Aqua,MODIS,89,6.2,305.4,37.9,D,0
21.6349,92.255,345.9,1.1,1,2013-04-01,0720,Aqua,MODIS,92,6.2,301.6,45.9,D,0
21.6336,92.2451,335,1.1,1,2013-04-01,0720,Aqua,MODIS,83,6.2,303.2,25.9,D,0
21.6338,92.5049,343.5,1.1,1,2013-04-01,0720,Aqua,MODIS,90,6.2,297.5,44,D,0
21.6353,92.5159,331.3,1.1,1,2013-04-01,0720,Aqua,MODIS,46,6.2,300.8,21.6,D,0
21.6245,92.5065,323.8,1.1,1,2013-04-01,0720,Aqua,MODIS,52,6.2,292.2,11.6,D,0
21.626,92.5173,349,1.1,1,2013-04-01,0720,Aqua,MODIS,94,6.2,302.4,55.6,D,0
21.6274,92.5281,341.5,1.1,1,2013-04-01,0720,Aqua,MODIS,88,6.2,302.1,39.4,D,0
21.6166,92.5189,331.6,1.1,1,2013-04-01,0720,Aqua,MODIS,68,6.2,301,21.3,D,0
21.2784,92.5944,323.3,1.1,1,2013-04-01,0720,Aqua,MODIS,66,6.2,303.5,13,D,0
21.7337,92.5706,326.7,1.1,1,2013-04-01,0720,Aqua,MODIS,63,6.2,302.6,15.4,D,0
21.7324,92.5602,323.6,1.1,1,2013-04-01,0720,Aqua,MODIS,26,6.2,301.8,10.9,D,0
21.731,92.5498,344.1,1.1,1,2013-04-01,0720,Aqua,MODIS,90,6.2,302.6,45.7,D,0
21.5935,92.4159,322.7,1.1,1,2013-04-01,0720,Aqua,MODIS,52,6.2,296.5,10.1,D,0
21.5617,92.4631,361.2,1.1,1,2013-04-01,0720,Aqua,MODIS,100,6.2,301.9,85.6,D,0
21.5657,92.494,344.7,1.1,1,2013-04-01,0720,Aqua,MODIS,91,6.2,299.7,44.9,D,0
21.5496,92.4438,366.2,1.1,1,2013-04-01,0720,Aqua,MODIS,100,6.2,300.5,101.5,D,0
21.5551,92.4853,358.7,1.1,1,2013-04-01,0720,Aqua,MODIS,99,6.2,298.3,79.3,D,0
21.2799,92.6054,336.7,1.1,1,2013-04-01,0720,Aqua,MODIS,85,6.2,304.6,32.9,D,0
21.2706,92.6068,320.8,1.1,1,2013-04-01,0720,Aqua,MODIS,57,6.2,304.5,10.2,D,0
22.0133,92.2679,324.1,1.1,1,2013-04-01,0720,Aqua,MODIS,41,6.2,304.3,9.5,D,0
22.004,92.2693,372.6,1.1,1,2013-04-01,0720,Aqua,MODIS,100,6.2,306.5,125.7,D,0
22.0053,92.2793,346.7,1.1,1,2013-04-01,0720,Aqua,MODIS,92,6.2,303.5,46.9,D,0
22.0109,92.3216,322.2,1.1,1,2013-04-01,0720,Aqua,MODIS,53,6.2,303.1,8.9,D,0
21.9947,92.2707,335.6,1.1,1,2013-04-01,0720,Aqua,MODIS,84,6.2,305.8,25.5,D,0
21.9988,92.3013,337.9,1.1,1,2013-04-01,0720,Aqua,MODIS,86,6.2,304.9,30.9,D,0
22.0002,92.3123,326.5,1.1,1,2013-04-01,0720,Aqua,MODIS,69,6.2,304.8,14,D,0
22.0016,92.3229,397.1,1.1,1,2013-04-01,0720,Aqua,MODIS,100,6.2,308.9,255,D,0
22.0029,92.3334,348.7,1.1,1,2013-04-01,0720,Aqua,MODIS,93,6.2,303.4,54.3,D,0
21.4982,92.3947,365.5,1.1,1,2013-04-01,0720,Aqua,MODIS,100,6.2,303.4,100.5,D,0
21.4995,92.405,348.5,1.1,1,2013-04-01,0720,Aqua,MODIS,93,6.2,299.8,51.7,D,0
21.5181,92.4021,362.4,1.1,1,2013-04-01,0720,Aqua,MODIS,100,6.2,301.4,87.6,D,0
21.5349,92.4037,332.1,1.1,1,2013-04-01,0720,Aqua,MODIS,54,6.2,295.7,18.1,D,0
21.7391,92.5635,328.5,1.1,1,2013-04-01,0720,Aqua,MODIS,75,6.2,304.2,20.3,D,0
21.5442,92.4023,374.4,1.1,1,2013-04-01,0720,Aqua,MODIS,100,6.2,300.2,130.7,D,0
21.5535,92.4009,356.1,1.1,1,2013-04-01,0720,Aqua,MODIS,98,6.2,299.4,67.8,D,0
21.5628,92.3996,340.1,1.1,1,2013-04-01,0720,Aqua,MODIS,88,6.2,297.8,33.5,D,0
21.5601,92.3787,334.3,1.1,1,2013-04-01,0720,Aqua,MODIS,76,6.2,301.8,23.4,D,0
21.5587,92.3683,352.4,1.1,1,2013-04-01,0720,Aqua,MODIS,96,6.2,305.2,60.5,D,0
21.8257,92.3092,320.6,1.1,1,2013-04-01,0720,Aqua,MODIS,46,6.2,302.9,7.3,D,0
21.8284,92.3298,341,1.1,1,2013-04-01,0720,Aqua,MODIS,88,6.2,303.4,37.8,D,0
21.5708,92.3877,328.3,1.1,1,2013-04-01,0720,Aqua,MODIS,36,6.2,298.5,15.7,D,0
21.8297,92.34,322.8,1.1,1,2013-04-01,0720,Aqua,MODIS,61,6.2,303.1,10.4,D,0
21.8177,92.3209,354,1.1,1,2013-04-01,0720,Aqua,MODIS,96,6.2,305.7,65.4,D,0
21.8191,92.3313,328.7,1.1,1,2013-04-01,0720,Aqua,MODIS,71,6.2,303.4,16,D,0
21.8057,92.3017,370.3,1.1,1,2013-04-01,0720,Aqua,MODIS,100,6.2,307.9,117.1,D,0
21.8071,92.312,361.3,1.1,1,2013-04-01,0720,Aqua,MODIS,100,6.2,304.6,86.1,D,0
21.7991,92.3238,347.3,1.1,1,2013-04-01,0720,Aqua,MODIS,93,6.2,306.7,49,D,0
21.8005,92.3342,337,1.1,1,2013-04-01,0720,Aqua,MODIS,85,6.2,304.2,28.3,D,0
21.7942,92.3305,342.4,1.1,1,2013-04-01,0720,Aqua,MODIS,89,6.2,305.8,38.1,D,0
21.7821,92.3112,346,1.1,1,2013-04-01,0720,Aqua,MODIS,92,6.2,305.5,45.4,D,0
21.7835,92.3215,334.5,1.1,1,2013-04-01,0720,Aqua,MODIS,83,6.2,304.2,22.8,D,0
21.7715,92.3022,352.2,1.1,1,2013-04-01,0720,Aqua,MODIS,96,6.2,306.4,60.5,D,0
21.7729,92.3126,349.7,1.1,1,2013-04-01,0720,Aqua,MODIS,94,6.2,304.9,54.4,D,0
21.7743,92.323,337.6,1.1,1,2013-04-01,0720,Aqua,MODIS,86,6.2,304.9,28.8,D,0
21.6771,92.2178,320.8,1.1,1,2013-04-01,0720,Aqua,MODIS,59,6.2,303.7,6.5,D,0
21.6758,92.2077,354.4,1.1,1,2013-04-01,0720,Aqua,MODIS,97,6.2,305.6,66.2,D,0
21.685,92.2062,346.3,1.1,1,2013-04-01,0720,Aqua,MODIS,92,6.2,304.7,46.3,D,0
21.7313,92.2135,324.5,1.1,1,2013-04-01,0720,Aqua,MODIS,70,6.2,306.3,8.7,D,0
21.7251,92.3094,382.8,1.1,1,2013-04-01,0720,Aqua,MODIS,100,6.2,307.4,171,D,0
21.7264,92.3197,340.5,1.1,1,2013-04-01,0720,Aqua,MODIS,88,6.2,302.2,34.9,D,0
21.7172,92.3211,320.7,1.1,1,2013-04-01,0720,Aqua,MODIS,59,6.2,303.9,6.1,D,0
21.7158,92.3108,340,1.1,1,2013-04-01,0720,Aqua,MODIS,88,6.2,304.7,34.7,D,0
21.9778,92.5459,339.3,1.1,1.1,2013-04-01,0720,Aqua,MODIS,87,6.2,305.4,33.4,D,0
21.952,92.4218,330.9,1.1,1,2013-04-01,0720,Aqua,MODIS,78,6.2,307,18.8,D,0
21.9533,92.4321,364.1,1.1,1,2013-04-01,0720,Aqua,MODIS,100,6.2,310,96.8,D,0
21.9547,92.4426,333.8,1.1,1,2013-04-01,0720,Aqua,MODIS,82,6.2,303.2,23.6,D,0
21.9426,92.4231,334.9,1.1,1,2013-04-01,0720,Aqua,MODIS,83,6.2,306.7,25.8,D,0
21.944,92.4335,402.5,1.1,1,2013-04-01,0720,Aqua,MODIS,100,6.2,316.6,293.1,D,0
21.9453,92.444,362,1.1,1,2013-04-01,0720,Aqua,MODIS,100,6.2,305.3,89.9,D,0
21.9294,92.4681,322.6,1.1,1,2013-04-01,0720,Aqua,MODIS,51,6.2,306.6,8.7,D,0
21.9105,92.3963,356.1,1.1,1,2013-04-01,0720,Aqua,MODIS,98,6.2,308.6,72,D,0
21.9119,92.4068,326.8,1.1,1,2013-04-01,0720,Aqua,MODIS,72,6.2,306.8,13.1,D,0
21.9173,92.4485,328.4,1.1,1,2013-04-01,0720,Aqua,MODIS,75,6.2,305.9,15.3,D,0
21.9187,92.4591,341.2,1.1,1,2013-04-01,0720,Aqua,MODIS,88,6.2,306,36.2,D,0
21.9012,92.3977,331,1.1,1,2013-04-01,0720,Aqua,MODIS,78,6.2,309.1,18.3,D,0
21.9026,92.4082,337.5,1.1,1,2013-04-01,0720,Aqua,MODIS,85,6.2,307.9,29,D,0
21.885,92.4709,335.4,1.1,1,2013-04-01,0720,Aqua,MODIS,83,6.2,305.6,27.1,D,0
21.7144,92.3004,341.2,1.1,1,2013-04-01,0720,Aqua,MODIS,88,6.2,303.5,36.4,D,0
21.7131,92.2901,325.7,1.1,1,2013-04-01,0720,Aqua,MODIS,72,6.2,303.7,12.2,D,0
22.3334,92.4575,349.4,1.1,1.1,2013-04-01,0721,Aqua,MODIS,94,6.2,308.9,50.6,D,0
23.3033,88.704,322.2,1,1,2013-04-01,0721,Aqua,MODIS,51,6.2,305.1,5.5,D,0
24.5366,88.0899,333.9,1.1,1,2013-04-01,0721,Aqua,MODIS,0,6.2,313.2,20.2,D,0
22.3254,92.4698,326.1,1.1,1.1,2013-04-01,0721,Aqua,MODIS,68,6.2,307.4,8.1,D,0
22.3348,92.4685,386.4,1.1,1.1,2013-04-01,0721,Aqua,MODIS,100,6.2,309.8,191,D,0
22.4362,92.2036,322.7,1.1,1,2013-04-01,0721,Aqua,MODIS,30,6.2,304.8,7,D,0
22.4427,92.1812,326.6,1.1,1,2013-04-01,0721,Aqua,MODIS,66,6.2,305.7,10.7,D,0
22.6607,92.0819,324,1.1,1,2013-04-01,0721,Aqua,MODIS,69,6.2,305.2,9.2,D,0
22.6922,92.0605,323.4,1.1,1,2013-04-01,0721,Aqua,MODIS,67,6.2,304.7,8.4,D,0
22.6893,91.9659,318.4,1.1,1,2013-04-01,0721,Aqua,MODIS,47,6.2,298.7,6.3,D,0
22.7498,91.9249,330.2,1.1,1,2013-04-01,0721,Aqua,MODIS,78,6.2,303.8,18.8,D,0
22.7484,91.9146,326.3,1.1,1,2013-04-01,0721,Aqua,MODIS,73,6.2,303.2,13.1,D,0
22.7913,92.0386,319.5,1.1,1,2013-04-01,0721,Aqua,MODIS,44,6.2,300.9,5.5,D,0
22.7961,91.9321,320.3,1.1,1,2013-04-01,0721,Aqua,MODIS,47,6.2,300.8,6.2,D,0
22.7947,91.9217,319.9,1.1,1,2013-04-01,0721,Aqua,MODIS,46,6.2,302.3,5.9,D,0
23.2202,92.2933,320.6,1.1,1.1,2013-04-01,0721,Aqua,MODIS,34,6.2,304.5,6.7,D,0
23.2352,92.3349,331.6,1.1,1.1,2013-04-01,0721,Aqua,MODIS,81,6.2,303.4,23.3,D,0
23.2268,92.2705,320.8,1.1,1.1,2013-04-01,0721,Aqua,MODIS,55,6.2,305,7.2,D,0
23.1223,92.3254,340.8,1.1,1.1,2013-04-01,0721,Aqua,MODIS,89,6.2,303.9,38,D,0
23.121,92.3151,330,1.1,1.1,2013-04-01,0721,Aqua,MODIS,79,6.2,304.8,19.1,D,0
23.1304,92.3136,341.4,1.1,1.1,2013-04-01,0721,Aqua,MODIS,89,6.2,306.1,39.3,D,0
23.1398,92.3121,400.5,1.1,1.1,2013-04-01,0721,Aqua,MODIS,100,6.2,311.9,287,D,0
23.1384,92.3015,351.2,1.1,1.1,2013-04-01,0721,Aqua,MODIS,95,6.2,307.2,61.9,D,0
23.5294,92.0679,365,1.1,1,2013-04-01,0721,Aqua,MODIS,100,6.2,297.9,106,D,0
23.6597,90.0572,326.3,1,1,2013-04-01,0721,Aqua,MODIS,38,6.2,306.2,10.6,D,0
22.0388,92.3173,340.1,1.1,1,2013-04-01,0721,Aqua,MODIS,88,6.2,303.1,35.7,D,0
22.0375,92.3069,342.3,1.1,1,2013-04-01,0721,Aqua,MODIS,89,6.2,304.7,40,D,0
22.1021,92.3117,319.3,1.1,1,2013-04-01,0721,Aqua,MODIS,39,6.2,301.5,5.2,D,0
22.1007,92.3012,344.7,1.1,1,2013-04-01,0721,Aqua,MODIS,91,6.2,303.2,43.8,D,0
22.0994,92.2908,387.4,1.1,1,2013-04-01,0721,Aqua,MODIS,100,6.2,310.2,195.6,D,0
22.1101,92.2998,343.5,1.1,1,2013-04-01,0721,Aqua,MODIS,90,6.2,298.3,40.6,D,0
22.1087,92.2893,353.7,1.1,1,2013-04-01,0721,Aqua,MODIS,96,6.2,304.4,64.3,D,0
22.1073,92.279,326.9,1.1,1,2013-04-01,0721,Aqua,MODIS,74,6.2,305.4,12.2,D,0
22.1045,92.2579,334.2,1.1,1,2013-04-01,0721,Aqua,MODIS,83,6.2,306.3,23.2,D,0
22.5442,92.408,321.6,1.1,1.1,2013-04-01,0721,Aqua,MODIS,43,6.2,305.2,6,D,0
22.3085,92.0557,320.9,1.1,1,2013-04-01,0721,Aqua,MODIS,60,6.2,302.5,9,D,0
22.2376,92.1616,323,1.1,1,2013-04-01,0721,Aqua,MODIS,59,6.2,305.2,6.8,D,0
23.1837,92.2333,322.8,1.1,1,2013-04-01,0721,Aqua,MODIS,69,6.2,305.5,7.8,D,0
23.1931,92.2319,322.2,1.1,1,2013-04-01,0721,Aqua,MODIS,64,6.2,305.3,7.2,D,0
23.2306,92.226,325.3,1.1,1,2013-04-01,0721,Aqua,MODIS,51,6.2,306.3,11.4,D,0
23.2292,92.2154,326.9,1.1,1,2013-04-01,0721,Aqua,MODIS,67,6.2,306.2,12.4,D,0
23.2399,92.2244,358.4,1.1,1,2013-04-01,0721,Aqua,MODIS,99,6.2,307.2,77.6,D,0
23.2386,92.214,354.8,1.1,1,2013-04-01,0721,Aqua,MODIS,97,6.2,308.1,66.3,D,0
23.2535,92.2168,350.9,1.1,1,2013-04-01,0721,Aqua,MODIS,95,6.2,310,59.1,D,0
23.2642,92.2257,337.3,1.1,1,2013-04-01,0721,Aqua,MODIS,71,6.2,304.5,30.3,D,0
23.2629,92.2152,378.3,1.1,1,2013-04-01,0721,Aqua,MODIS,100,6.2,311.7,153.3,D,0
23.2615,92.2047,331.1,1.1,1,2013-04-01,0721,Aqua,MODIS,64,6.2,306.4,17,D,0
23.2736,92.2243,366.4,1.1,1,2013-04-01,0721,Aqua,MODIS,100,6.2,305,107.4,D,0
23.2723,92.2139,388.2,1.1,1,2013-04-01,0721,Aqua,MODIS,100,6.2,312.3,203.4,D,0
23.2709,92.2032,345.6,1.1,1,2013-04-01,0721,Aqua,MODIS,92,6.2,307.5,43.9,D,0
23.283,92.2228,361,1.1,1,2013-04-01,0721,Aqua,MODIS,100,6.2,302.6,91.6,D,0
23.2816,92.2123,402,1.1,1,2013-04-01,0721,Aqua,MODIS,100,6.2,313.3,293.2,D,0
23.2803,92.2018,376.4,1.1,1,2013-04-01,0721,Aqua,MODIS,100,6.2,308.3,145.6,D,0
23.2924,92.2214,325.4,1.1,1,2013-04-01,0721,Aqua,MODIS,24,6.2,301.8,14.5,D,0
23.291,92.2109,327.5,1.1,1,2013-04-01,0721,Aqua,MODIS,56,6.2,304.9,15.4,D,0
22.0744,92.5149,321.7,1.1,1.1,2013-04-01,0721,Aqua,MODIS,54,6.2,303.2,8,D,0
22.4319,92.2961,323.9,1.1,1,2013-04-01,0721,Aqua,MODIS,63,6.2,306.6,9,D,0
22.4649,92.4255,342.3,1.1,1.1,2013-04-01,0721,Aqua,MODIS,89,6.2,308.1,37,D,0
22.4635,92.4144,332.3,1.1,1.1,2013-04-01,0721,Aqua,MODIS,80,6.2,307.6,18.4,D,0
22.5426,92.3214,323.8,1.1,1,2013-04-01,0721,Aqua,MODIS,49,6.2,305.9,9.6,D,0
23.3756,92.2243,323.2,1.1,1.1,2013-04-01,0721,Aqua,MODIS,71,6.2,303.1,12.6,D,0
23.1328,92.0421,327.3,1.1,1,2013-04-01,0721,Aqua,MODIS,53,6.2,304.9,13.4,D,0
23.1314,92.0316,328.8,1.1,1,2013-04-01,0721,Aqua,MODIS,77,6.2,303.4,15.1,D,0
23.1537,92.0753,326.3,1.1,1,2013-04-01,0721,Aqua,MODIS,75,6.2,303.9,13.4,D,0
23.2396,92.0348,332.5,1.1,1,2013-04-01,0721,Aqua,MODIS,77,6.2,301.7,21.9,D,0
22.9992,92.0795,321,1.1,1,2013-04-01,0721,Aqua,MODIS,63,6.2,304.4,5.9,D,0
23.014,92.1202,324.6,1.1,1,2013-04-01,0721,Aqua,MODIS,71,6.2,304.3,10.7,D,0
23.3079,92.1212,326.4,1.1,1,2013-04-01,0721,Aqua,MODIS,51,6.2,305.1,12.8,D,0
23.3023,92.0789,321.5,1.1,1,2013-04-01,0721,Aqua,MODIS,44,6.2,302.7,6.6,D,0
23.3117,92.0774,335,1.1,1,2013-04-01,0721,Aqua,MODIS,84,6.2,303.1,25.3,D,0
23.3282,92.079,328,1.1,1,2013-04-01,0721,Aqua,MODIS,78,6.2,299.3,16.8,D,0
23.294,92.0154,319.1,1.1,1,2013-04-01,0721,Aqua,MODIS,33,6.2,300,5.7,D,0
22.1186,92.4379,358.8,1.1,1,2013-04-01,0721,Aqua,MODIS,99,6.2,309.7,78.1,D,0
22.1173,92.4275,325.1,1.1,1,2013-04-01,0721,Aqua,MODIS,31,6.2,309.1,7.9,D,0
22.0944,92.3985,324.2,1.1,1,2013-04-01,0721,Aqua,MODIS,68,6.2,307.6,8.7,D,0
22.2646,92.2959,322.6,1.1,1,2013-04-01,0721,Aqua,MODIS,51,6.2,305.7,7.2,D,0
22.3022,92.3651,343.5,1.1,1,2013-04-01,0721,Aqua,MODIS,90,6.2,308.4,38.8,D,0
22.3008,92.3545,359.4,1.1,1,2013-04-01,0721,Aqua,MODIS,99,6.2,310.1,78.9,D,0
22.2994,92.3439,328.5,1.1,1,2013-04-01,0721,Aqua,MODIS,75,6.2,308.4,12.7,D,0
22.3115,92.3636,358.1,1.1,1,2013-04-01,0721,Aqua,MODIS,99,6.2,307,74.1,D,0
22.3102,92.3531,371.1,1.1,1,2013-04-01,0721,Aqua,MODIS,100,6.2,311,117.7,D,0
22.3222,92.3723,340.3,1.1,1,2013-04-01,0721,Aqua,MODIS,88,6.2,305.8,33,D,0
22.3208,92.3619,327.6,1.1,1,2013-04-01,0721,Aqua,MODIS,31,6.2,306,10.5,D,0
22.3195,92.3515,329,1.1,1,2013-04-01,0721,Aqua,MODIS,45,6.2,308,12.4,D,0
22.3288,92.3501,326.2,1.1,1,2013-04-01,0721,Aqua,MODIS,66,6.2,307.1,10.3,D,0
22.3275,92.3398,326.4,1.1,1,2013-04-01,0721,Aqua,MODIS,72,6.2,307.8,10.8,D,0
22.3247,92.3186,340.3,1.1,1,2013-04-01,0721,Aqua,MODIS,88,6.2,308.2,32.7,D,0
22.3424,92.3805,324.7,1.1,1,2013-04-01,0721,Aqua,MODIS,69,6.2,304.8,10.4,D,0
22.2127,92.4606,324.5,1.1,1,2013-04-01,0721,Aqua,MODIS,53,6.2,307.3,10.6,D,0
22.2113,92.4502,324.2,1.1,1,2013-04-01,0721,Aqua,MODIS,58,6.2,307.7,9.4,D,0
22.2193,92.4381,342.3,1.1,1,2013-04-01,0721,Aqua,MODIS,89,6.2,308,38,D,0
22.2287,92.4367,400.3,1.1,1,2013-04-01,0721,Aqua,MODIS,100,6.2,314.8,279.3,D,0
22.2273,92.4263,386.8,1.1,1,2013-04-01,0721,Aqua,MODIS,100,6.2,314.2,195.6,D,0
22.8901,91.9538,323.5,1.1,1,2013-04-01,0721,Aqua,MODIS,60,6.2,304.6,8.6,D,0
22.8888,91.9434,337.9,1.1,1,2013-04-01,0721,Aqua,MODIS,86,6.2,305.1,29.6,D,0
22.7319,92.3663,334.7,1.1,1.1,2013-04-01,0721,Aqua,MODIS,63,6.2,306.8,26.5,D,0
23.0136,91.8331,316.7,1.1,1,2013-04-01,0721,Aqua,MODIS,18,6.2,299,3.3,D,0
23.1305,91.8974,324.7,1.1,1,2013-04-01,0721,Aqua,MODIS,56,6.2,305,8.9,D,0
23.1661,91.8812,333,1.1,1,2013-04-01,0721,Aqua,MODIS,82,6.2,306,21.7,D,0
23.1647,91.8708,323.2,1.1,1,2013-04-01,0721,Aqua,MODIS,51,6.2,301.5,9.1,D,0
23.198,91.9081,324.3,1.1,1,2013-04-01,0721,Aqua,MODIS,43,6.2,301.9,9.9,D,0
23.2057,91.848,329,1.1,1,2013-04-01,0721,Aqua,MODIS,41,6.2,305.3,17.2,D,0
23.0845,89.965,319.6,1,1,2013-04-01,0721,Aqua,MODIS,57,6.2,302.5,7.7,D,0
23.2541,89.8641,325.2,1,1,2013-04-01,0721,Aqua,MODIS,42,6.2,306.3,8.6,D,0
22.1266,92.4261,326.6,1.1,1,2013-04-01,0721,Aqua,MODIS,66,6.2,310.7,9.7,D,0
23.1275,91.8028,327.1,1.1,1,2013-04-01,0721,Aqua,MODIS,76,6.2,300.4,14.6,D,0
22.2548,92.1485,344.4,1.1,1,2013-04-01,0721,Aqua,MODIS,91,6.2,306.4,41.4,D,0
22.2641,92.147,339.6,1.1,1,2013-04-01,0721,Aqua,MODIS,87,6.2,305.6,32.9,D,0
22.267,92.2419,341,1.1,1,2013-04-01,0721,Aqua,MODIS,88,6.2,305.9,34.8,D,0
22.2657,92.2314,322.2,1.1,1,2013-04-01,0721,Aqua,MODIS,53,6.2,304.3,6.7,D,0
22.2764,92.2405,334,1.1,1,2013-04-01,0721,Aqua,MODIS,82,6.2,304.7,21.5,D,0
22.275,92.23,328.5,1.1,1,2013-04-01,0721,Aqua,MODIS,74,6.2,304.5,14.1,D,0
22.2857,92.239,328.5,1.1,1,2013-04-01,0721,Aqua,MODIS,72,6.2,305.4,13.5,D,0
22.4737,92.2726,324.7,1.1,1,2013-04-01,0721,Aqua,MODIS,69,6.2,305.1,10.7,D,0
22.6364,92.332,332.7,1.1,1,2013-04-01,0721,Aqua,MODIS,81,6.2,305.8,20.5,D,0
22.7883,92.3581,322.3,1.1,1.1,2013-04-01,0721,Aqua,MODIS,59,6.2,304.2,8,D,0
22.8672,92.328,350.4,1.1,1.1,2013-04-01,0721,Aqua,MODIS,95,6.2,304.7,58.4,D,0
22.8658,92.317,328.8,1.1,1,2013-04-01,0721,Aqua,MODIS,77,6.2,304.1,16.7,D,0
23.0175,92.2931,319.6,1.1,1.1,2013-04-01,0721,Aqua,MODIS,49,6.2,303.2,5.4,D,0
23.0161,92.2825,332.2,1.1,1,2013-04-01,0721,Aqua,MODIS,81,6.2,304.9,22.3,D,0
23.6917,92.1018,325.4,1.1,1,2013-04-01,0721,Aqua,MODIS,55,6.2,302.3,15.9,D,0
23.6986,92.1052,345.4,1.1,1,2013-04-01,0721,Aqua,MODIS,92,6.2,302.2,50.3,D,0
22.1249,92.3401,324.3,1.1,1,2013-04-01,0721,Aqua,MODIS,69,6.2,305.3,9.4,D,0
22.1235,92.3297,365.4,1.1,1,2013-04-01,0721,Aqua,MODIS,100,6.2,307,100.5,D,0
22.1221,92.3194,338.7,1.1,1,2013-04-01,0721,Aqua,MODIS,87,6.2,305.5,30.9,D,0
22.1166,92.2775,333.7,1.1,1,2013-04-01,0721,Aqua,MODIS,82,6.2,303.3,22.4,D,0
25.4774,89.7594,329.1,1,1,2013-04-01,0722,Aqua,MODIS,47,6.2,311.8,8.8,D,0
24.2976,89.8115,321.2,1.1,1.1,2013-04-02,0454,Terra,MODIS,0,6.2,306.8,11.7,D,0
23.5093,92.2276,318.3,1.6,1.2,2013-04-02,0454,Terra,MODIS,67,6.2,299.6,19.6,D,0
23.2624,89.8636,326.6,1.2,1.1,2013-04-02,0454,Terra,MODIS,75,6.2,303.2,15.9,D,0
23.4984,92.2252,330.6,1.6,1.2,2013-04-02,0454,Terra,MODIS,83,6.2,299.1,44.7,D,0
22.0291,92.2874,335.6,1.7,1.3,2013-04-02,0455,Terra,MODIS,85,6.2,301.6,58.3,D,0
21.9719,92.3442,321.1,1.7,1.3,2013-04-02,0455,Terra,MODIS,67,6.2,304,22.1,D,0
21.8926,92.3356,316.6,1.7,1.3,2013-04-02,0455,Terra,MODIS,49,6.2,300.2,13.6,D,0
21.6975,92.4565,330.9,1.8,1.3,2013-04-02,0455,Terra,MODIS,81,6.2,300.8,49.3,D,0
21.7009,92.4374,318.3,1.8,1.3,2013-04-02,0455,Terra,MODIS,59,6.2,299.8,16.9,D,0
21.7123,92.4405,328.3,1.8,1.3,2013-04-02,0455,Terra,MODIS,78,6.2,302,41,D,0
22.1169,92.3805,324.3,1.7,1.3,2013-04-02,0455,Terra,MODIS,73,6.2,305.6,23.1,D,0
22.1142,92.3857,320.6,1.7,1.3,2013-04-02,0455,Terra,MODIS,64,6.2,305.2,15.5,D,0
22.1172,92.3692,317.8,1.7,1.3,2013-04-02,0455,Terra,MODIS,54,6.2,304.8,10.9,D,0
21.7942,92.5686,335.1,1.8,1.3,2013-04-02,0455,Terra,MODIS,85,6.2,303.2,64.9,D,0
21.7972,92.5518,334.7,1.8,1.3,2013-04-02,0455,Terra,MODIS,84,6.2,303.6,61.1,D,0
21.8057,92.5717,334.2,1.8,1.3,2013-04-02,0455,Terra,MODIS,84,6.2,305.6,60.5,D,0
21.9818,92.5363,322.2,1.8,1.3,2013-04-02,0455,Terra,MODIS,59,6.2,306.1,21.4,D,0
21.9397,92.456,328.6,1.7,1.3,2013-04-02,0455,Terra,MODIS,78,6.2,305.8,36.8,D,0
21.9428,92.439,341.9,1.7,1.3,2013-04-02,0455,Terra,MODIS,90,6.2,307.5,80.9,D,0
22.0491,92.2996,330.5,1.7,1.3,2013-04-02,0455,Terra,MODIS,80,6.2,302.6,42,D,0
22.046,92.3161,323,1.7,1.3,2013-04-02,0455,Terra,MODIS,71,6.2,303.7,23,D,0
22.0297,92.2772,339.5,1.7,1.3,2013-04-02,0455,Terra,MODIS,88,6.2,302.6,68.2,D,0
22.0266,92.2938,326.2,1.7,1.3,2013-04-02,0455,Terra,MODIS,57,6.2,300.4,28.7,D,0
22.0319,92.2717,323.4,1.7,1.3,2013-04-02,0455,Terra,MODIS,68,6.2,302.1,24.4,D,0
21.8088,92.554,336.8,1.8,1.3,2013-04-02,0455,Terra,MODIS,86,6.2,305.4,67,D,0
21.8009,92.5768,329.3,1.8,1.3,2013-04-02,0455,Terra,MODIS,79,6.2,304.3,45,D,0
21.804,92.5599,369.6,1.8,1.3,2013-04-02,0455,Terra,MODIS,100,6.2,306.8,247.1,D,0
23.0252,92.0807,319.7,1.4,1.2,2013-04-02,1550,Terra,MODIS,99,6.2,296,27.1,N,0
21.6722,92.5073,312.6,1.4,1.2,2013-04-02,1550,Terra,MODIS,85,6.2,296.8,16.4,N,0
21.6701,92.4943,336.5,1.4,1.2,2013-04-02,1550,Terra,MODIS,100,6.2,297.9,61.6,N,0
21.8592,92.4219,308,1.4,1.2,2013-04-02,1550,Terra,MODIS,73,6.2,295.9,11.3,N,0
21.6768,92.4999,323.8,1.4,1.2,2013-04-02,1550,Terra,MODIS,100,6.2,297.1,33.8,N,0
21.6745,92.4867,313.8,1.4,1.2,2013-04-02,1550,Terra,MODIS,88,6.2,296.7,17.8,N,0
21.8613,92.418,329.5,1,1,2013-04-03,0708,Aqua,MODIS,78,6.2,305.9,15.2,D,0
21.8628,92.4279,351.7,1,1,2013-04-03,0708,Aqua,MODIS,95,6.2,305.7,55.2,D,0
21.99,92.3486,318.5,1,1,2013-04-03,0708,Aqua,MODIS,40,6.2,301.6,4.7,D,0
22.0005,92.3568,357,1,1,2013-04-03,0708,Aqua,MODIS,98,6.2,303.9,70,D,0
21.999,92.3471,388,1,1,2013-04-03,0708,Aqua,MODIS,100,6.2,307,185.3,D,0
22.0838,92.548,333.6,1,1,2013-04-03,0708,Aqua,MODIS,82,6.2,305.2,21,D,0
22.1062,92.2652,325.6,1,1,2013-04-03,0708,Aqua,MODIS,73,6.2,306.6,10.9,D,0
22.0967,92.2632,325,1,1,2013-04-03,0708,Aqua,MODIS,46,6.2,304.5,8.7,D,0
22.0785,92.3272,320.9,1,1,2013-04-03,0708,Aqua,MODIS,57,6.2,304.1,6.1,D,0
22.0409,92.3238,333.2,1,1,2013-04-03,0708,Aqua,MODIS,82,6.2,305.1,20.5,D,0
22.0423,92.3336,321.8,1,1,2013-04-03,0708,Aqua,MODIS,33,6.2,304.6,6.6,D,0
22.0303,92.3155,346.5,1,1,2013-04-03,0708,Aqua,MODIS,92,6.2,306.6,43.6,D,0
22.0318,92.3254,372,1,1,2013-04-03,0708,Aqua,MODIS,100,6.2,307.7,114.7,D,0
22.0333,92.3352,340.4,1,1,2013-04-03,0708,Aqua,MODIS,88,6.2,306.1,32.8,D,0
22.0243,92.3368,341,1,1,2013-04-03,0708,Aqua,MODIS,88,6.2,304.3,34.3,D,0
21.9976,92.3372,353.2,1,1,2013-04-03,0708,Aqua,MODIS,96,6.2,304.4,59.5,D,0
21.9827,92.2999,360.1,1,1,2013-04-03,0708,Aqua,MODIS,100,6.2,301.6,77.2,D,0
21.9856,92.3192,329.4,1,1,2013-04-03,0708,Aqua,MODIS,77,6.2,300.6,15.9,D,0
21.9885,92.3388,327.2,1,1,2013-04-03,0708,Aqua,MODIS,74,6.2,302.8,13.5,D,0
22.0586,92.5026,324.3,1,1,2013-04-03,0708,Aqua,MODIS,62,6.2,306.4,8.9,D,0
22.0928,92.5463,369.8,1,1,2013-04-03,0708,Aqua,MODIS,100,6.2,308,106,D,0
22.4414,92.4107,326.2,1,1,2013-04-03,0708,Aqua,MODIS,62,6.2,305.9,9.1,D,0
22.44,92.4008,335.9,1,1,2013-04-03,0708,Aqua,MODIS,85,6.2,308,22.9,D,0
22.4282,92.3221,327,1,1,2013-04-03,0708,Aqua,MODIS,75,6.2,305,13.4,D,0
22.4548,92.4382,322.8,1,1,2013-04-03,0708,Aqua,MODIS,59,6.2,306.1,6,D,0
22.4504,92.4091,322.4,1,1,2013-04-03,0708,Aqua,MODIS,50,6.2,304.8,5.6,D,0
22.449,92.3992,331,1,1,2013-04-03,0708,Aqua,MODIS,80,6.2,306.9,16.6,D,0
22.2628,92.0823,320.4,1,1,2013-04-03,0708,Aqua,MODIS,41,6.2,301.7,6.7,D,0
22.1485,92.2374,323.3,1,1,2013-04-03,0708,Aqua,MODIS,62,6.2,306,7.3,D,0
22.7433,92.0278,321.9,1,1,2013-04-03,0708,Aqua,MODIS,68,6.2,303.3,9.4,D,0
22.6911,91.9192,341,1,1,2013-04-03,0708,Aqua,MODIS,89,6.2,304.6,35.3,D,0
22.6503,91.9576,320.6,1,1,2013-04-03,0708,Aqua,MODIS,54,6.2,301.9,7.3,D,0
21.6398,92.2363,332.1,1,1,2013-04-03,0708,Aqua,MODIS,81,6.2,301.6,19.8,D,0
21.5786,92.314,354.1,1,1,2013-04-03,0708,Aqua,MODIS,97,6.2,306.2,60.6,D,0
21.5935,92.4123,331.8,1,1,2013-04-03,0708,Aqua,MODIS,80,6.2,307.9,18.8,D,0
21.6159,92.4995,336.4,1,1,2013-04-03,0708,Aqua,MODIS,85,6.2,305,26,D,0
21.6249,92.498,365.5,1,1,2013-04-03,0708,Aqua,MODIS,100,6.2,302.2,93.2,D,0
21.6235,92.4884,360.3,1,1,2013-04-03,0708,Aqua,MODIS,100,6.2,304.6,77.3,D,0
22.2186,92.4016,358,1,1,2013-04-03,0708,Aqua,MODIS,99,6.2,305.6,70.2,D,0
22.2171,92.3917,341,1,1,2013-04-03,0708,Aqua,MODIS,89,6.2,305.1,32,D,0
22.2156,92.3819,341,1,1,2013-04-03,0708,Aqua,MODIS,89,6.2,306.7,32.2,D,0
22.2141,92.3721,323.8,1,1,2013-04-03,0708,Aqua,MODIS,64,6.2,305.1,7.7,D,0
21.6459,92.5142,340.4,1,1,2013-04-03,0708,Aqua,MODIS,88,6.2,301.8,33.6,D,0
21.6444,92.5046,320.1,1,1,2013-04-03,0708,Aqua,MODIS,31,6.2,299.6,5.7,D,0
21.643,92.4947,340.1,1,1,2013-04-03,0708,Aqua,MODIS,88,6.2,300.9,33.4,D,0
21.6415,92.4851,332.3,1,1,2013-04-03,0708,Aqua,MODIS,81,6.2,300,20.6,D,0
21.652,92.4931,340.2,1,1,2013-04-03,0708,Aqua,MODIS,88,6.2,302.3,33.9,D,0
21.6505,92.4835,322.9,1,1,2013-04-03,0708,Aqua,MODIS,58,6.2,303,9.9,D,0
21.5369,92.5299,330.4,1,1,2013-04-03,0708,Aqua,MODIS,79,6.2,303.2,18.3,D,0
21.7804,92.428,328.2,1,1,2013-04-03,0708,Aqua,MODIS,76,6.2,305.8,14.6,D,0
21.8058,92.474,341.5,1,1,2013-04-03,0708,Aqua,MODIS,89,6.2,309.1,32.1,D,0
21.8044,92.4643,325,1,1,2013-04-03,0708,Aqua,MODIS,63,6.2,307.2,8.1,D,0
21.8149,92.4724,327.7,1,1,2013-04-03,0708,Aqua,MODIS,72,6.2,310.7,11.4,D,0
21.7771,92.5292,323,1,1,2013-04-03,0708,Aqua,MODIS,66,6.2,306.8,8.2,D,0
21.4396,92.4918,323.5,1,1,2013-04-03,0708,Aqua,MODIS,65,6.2,304.8,8.6,D,0
21.3965,92.5762,324.7,1,1,2013-04-03,0708,Aqua,MODIS,72,6.2,304.6,13.2,D,0
21.3979,92.5859,374.2,1,1,2013-04-03,0708,Aqua,MODIS,100,6.2,308,124.7,D,0
21.3889,92.5875,372.2,1,1,2013-04-03,0708,Aqua,MODIS,100,6.2,309.4,117.1,D,0
21.7166,92.4362,325.6,1,1,2013-04-03,0708,Aqua,MODIS,72,6.2,302.5,11.8,D,0
21.7434,92.4914,325.7,1,1,2013-04-03,0708,Aqua,MODIS,58,6.2,305.3,10,D,0
22.2487,92.3558,322.9,1,1,2013-04-03,0708,Aqua,MODIS,68,6.2,306.6,7,D,0
22.2879,92.3084,323.4,1,1,2013-04-03,0708,Aqua,MODIS,69,6.2,306.9,7.7,D,0
21.7419,92.4816,324.1,1,1,2013-04-03,0708,Aqua,MODIS,58,6.2,306,8.5,D,0
21.7524,92.4898,335,1,1,2013-04-03,0708,Aqua,MODIS,83,6.2,305.5,22.1,D,0
21.751,92.48,382.8,1,1,2013-04-03,0708,Aqua,MODIS,100,6.2,309.7,157.3,D,0
21.7495,92.4701,332.9,1,1,2013-04-03,0708,Aqua,MODIS,81,6.2,305.1,20,D,0
21.7408,92.412,347.3,1,1,2013-04-03,0708,Aqua,MODIS,93,6.2,304.4,47,D,0
21.7392,92.4018,340.6,1,1,2013-04-03,0708,Aqua,MODIS,88,6.2,305.6,33.6,D,0
21.7644,92.5079,323,1,1,2013-04-03,0708,Aqua,MODIS,51,6.2,307.6,7.4,D,0
22.1514,92.2571,323,1,1,2013-04-03,0708,Aqua,MODIS,57,6.2,304.2,7.2,D,0
22.1499,92.2472,326.5,1,1,2013-04-03,0708,Aqua,MODIS,74,6.2,304.7,11.5,D,0
22.2157,92.3212,327.4,1,1,2013-04-03,0708,Aqua,MODIS,76,6.2,303.7,12.6,D,0
21.664,92.2113,327.4,1,1,2013-04-03,0708,Aqua,MODIS,73,6.2,307.7,12.2,D,0
21.6655,92.2214,394.5,1,1,2013-04-03,0708,Aqua,MODIS,100,6.2,309.7,221.8,D,0
21.667,92.2315,337,1,1,2013-04-03,0708,Aqua,MODIS,85,6.2,303.8,25.9,D,0
21.6549,92.213,337.2,1,1,2013-04-03,0708,Aqua,MODIS,86,6.2,308,25.1,D,0
21.6564,92.223,347.5,1,1,2013-04-03,0708,Aqua,MODIS,93,6.2,305.7,45.5,D,0
21.6458,92.2146,369.8,1,1,2013-04-03,0708,Aqua,MODIS,100,6.2,308.7,107.1,D,0
21.6473,92.2246,373,1,1,2013-04-03,0708,Aqua,MODIS,100,6.2,304.4,119.5,D,0
21.6382,92.2262,340.4,1,1,2013-04-03,0708,Aqua,MODIS,88,6.2,303.8,32.9,D,0
21.63,92.223,334.7,1,1,2013-04-03,0708,Aqua,MODIS,83,6.2,305.9,21.2,D,0
21.6315,92.233,333.2,1,1,2013-04-03,0708,Aqua,MODIS,75,6.2,303.9,20.7,D,0
21.8538,92.4294,334,1,1,2013-04-03,0708,Aqua,MODIS,82,6.2,305.9,22,D,0
21.8615,92.2966,325.6,1,1,2013-04-03,0708,Aqua,MODIS,72,6.2,304,11.2,D,0
21.86,92.2868,319.2,1,1,2013-04-03,0708,Aqua,MODIS,21,6.2,303.1,3.4,D,0
21.6996,92.5692,321.1,1,1,2013-04-03,0708,Aqua,MODIS,32,6.2,305.6,6.8,D,0
21.6052,92.5513,320.4,1,1,2013-04-03,0708,Aqua,MODIS,58,6.2,303.4,7.1,D,0
21.6067,92.5611,336.5,1,1,2013-04-03,0708,Aqua,MODIS,85,6.2,302.9,27.9,D,0
21.5384,92.5395,369.3,1,1,2013-04-03,0708,Aqua,MODIS,100,6.2,306.4,106.3,D,0
21.5398,92.5491,322.4,1,1,2013-04-03,0708,Aqua,MODIS,49,6.2,303.3,7.9,D,0
21.5427,92.5686,332.7,1,1,2013-04-03,0708,Aqua,MODIS,81,6.2,304.7,19.6,D,0
21.8585,92.2769,327.8,1,1,2013-04-03,0708,Aqua,MODIS,75,6.2,304,12.6,D,0
21.857,92.2669,327.1,1,1,2013-04-03,0708,Aqua,MODIS,74,6.2,305.1,12,D,0
21.8766,92.3352,346.9,1,1,2013-04-03,0708,Aqua,MODIS,93,6.2,304.2,46.7,D,0
22.2142,92.3113,324.5,1,1,2013-04-03,0708,Aqua,MODIS,71,6.2,304.7,9.4,D,0
21.9321,92.3955,358.4,1,1,2013-04-03,0708,Aqua,MODIS,99,6.2,304.5,74,D,0
21.9158,92.2871,340.8,1,1,2013-04-03,0708,Aqua,MODIS,88,6.2,306.9,33,D,0
21.455,92.3478,336.4,1,1,2013-04-03,0708,Aqua,MODIS,85,6.2,303.3,29,D,0
21.4383,92.4219,324.6,1,1,2013-04-03,0708,Aqua,MODIS,71,6.2,302.8,11.3,D,0
21.4381,92.482,365.4,1,1,2013-04-03,0708,Aqua,MODIS,100,6.2,307.7,92.2,D,0
21.4261,92.4639,321.7,1,1,2013-04-03,0708,Aqua,MODIS,38,6.2,304.8,7,D,0
21.4096,92.4166,366,1,1,2013-04-03,0708,Aqua,MODIS,100,6.2,305.3,96.9,D,0
21.4112,92.4267,372.4,1,1,2013-04-03,0708,Aqua,MODIS,100,6.2,302.5,119,D,0
21.4065,92.4574,346.8,1,1,2013-04-03,0708,Aqua,MODIS,93,6.2,304.3,46.4,D,0
21.408,92.4672,322.8,1,1,2013-04-03,0708,Aqua,MODIS,44,6.2,304.3,8.8,D,0
21.9238,92.2793,322.8,1,1,2013-04-03,0708,Aqua,MODIS,38,6.2,305,8.3,D,0
21.9344,92.2876,360.1,1,1,2013-04-03,0708,Aqua,MODIS,100,6.2,304.4,77.1,D,0
22.1691,92.4363,324.5,1,1,2013-04-03,0708,Aqua,MODIS,66,6.2,301.6,9.7,D,0
21.9328,92.2777,359,1,1,2013-04-03,0708,Aqua,MODIS,99,6.2,305.5,73.2,D,0
21.3994,92.5957,340.7,1,1,2013-04-03,0708,Aqua,MODIS,89,6.2,305.7,34.2,D,0
21.4008,92.6055,320.2,1,1,2013-04-03,0708,Aqua,MODIS,52,6.2,303.9,7.5,D,0
21.3904,92.5973,362.3,1,1,2013-04-03,0708,Aqua,MODIS,100,6.2,305.7,84.3,D,0
21.3918,92.6071,325.8,1,1,2013-04-03,0708,Aqua,MODIS,73,6.2,302.7,13.7,D,0
21.9313,92.2677,377.8,1,1,2013-04-03,0708,Aqua,MODIS,100,6.2,308.8,136.5,D,0
21.9434,92.286,351.4,1,1,2013-04-03,0708,Aqua,MODIS,95,6.2,303.6,53.7,D,0
21.9419,92.2761,349.2,1,1,2013-04-03,0708,Aqua,MODIS,94,6.2,305.7,48.4,D,0
21.9539,92.355,356.3,1,1,2013-04-03,0708,Aqua,MODIS,98,6.2,304.2,68.7,D,0
21.9554,92.3648,325.7,1,1,2013-04-03,0708,Aqua,MODIS,72,6.2,300.7,13.4,D,0
21.9448,92.3566,352.5,1,1,2013-04-03,0708,Aqua,MODIS,96,6.2,304.5,58.6,D,0
21.9463,92.3664,367.5,1,1,2013-04-03,0708,Aqua,MODIS,100,6.2,303.4,100.8,D,0
21.9584,92.3239,366.4,1,1,2013-04-03,0708,Aqua,MODIS,100,6.2,305.7,97.1,D,0
21.957,92.3143,322.6,1,1,2013-04-03,0708,Aqua,MODIS,49,6.2,303.7,8.9,D,0
21.96,92.2729,329.7,1,1,2013-04-03,0708,Aqua,MODIS,76,6.2,305.3,14.7,D,0
21.7183,92.3239,327,1,1,2013-04-03,0708,Aqua,MODIS,74,6.2,306.2,12.4,D,0
21.7092,92.3255,356.6,1,1,2013-04-03,0708,Aqua,MODIS,98,6.2,307,67.7,D,0
21.9585,92.2629,323.2,1,1,2013-04-03,0708,Aqua,MODIS,44,6.2,306.1,6.3,D,0
21.5629,92.3939,324.6,1,1,2013-04-03,0708,Aqua,MODIS,71,6.2,306,10.8,D,0
22.275,92.1006,330.5,1,1,2013-04-03,0708,Aqua,MODIS,80,6.2,302.4,19.6,D,0
22.2644,92.0923,326.6,1,1,2013-04-03,0708,Aqua,MODIS,75,6.2,301,14,D,0
21.8494,92.2785,327.8,1,1,2013-04-03,0708,Aqua,MODIS,75,6.2,305.2,13.3,D,0
21.8509,92.2884,368.3,1,1,2013-04-03,0708,Aqua,MODIS,100,6.2,306.9,102.6,D,0
21.8524,92.2983,410.1,1,1,2013-04-03,0708,Aqua,MODIS,100,6.2,308.2,322.6,D,0
21.7988,92.2422,330.1,1,1,2013-04-03,0708,Aqua,MODIS,79,6.2,305.8,16.5,D,0
21.7972,92.2933,347.8,1,1,2013-04-03,0708,Aqua,MODIS,93,6.2,306.3,47.1,D,0
21.7987,92.3032,328,1,1,2013-04-03,0708,Aqua,MODIS,76,6.2,306,13.6,D,0
21.8002,92.3131,328.6,1,1,2013-04-03,0708,Aqua,MODIS,77,6.2,306.5,14.8,D,0
21.9448,92.4173,347.7,1,1,2013-04-03,0708,Aqua,MODIS,93,6.2,307.4,46.7,D,0
21.9462,92.4271,383.5,1,1,2013-04-03,0708,Aqua,MODIS,100,6.2,311,161.4,D,0
21.9335,92.4054,361.9,1,1,2013-04-03,0708,Aqua,MODIS,100,6.2,304.9,83.7,D,0
21.923,92.3971,325,1,1,2013-04-03,0708,Aqua,MODIS,71,6.2,303.4,12.2,D,0
21.9245,92.4069,332.6,1,1,2013-04-03,0708,Aqua,MODIS,81,6.2,303.9,21.8,D,0
21.9064,92.4101,327.7,1,1,2013-04-03,0708,Aqua,MODIS,51,6.2,304.7,12.6,D,0
21.9079,92.42,343.9,1,1,2013-04-03,0708,Aqua,MODIS,90,6.2,304.2,37.6,D,0
21.8974,92.4117,325.5,1,1,2013-04-03,0708,Aqua,MODIS,72,6.2,305.9,11.1,D,0
21.8989,92.4215,324.9,1,1,2013-04-03,0708,Aqua,MODIS,70,6.2,304.9,10.5,D,0
21.8703,92.4165,354.2,1,1,2013-04-03,0708,Aqua,MODIS,97,6.2,306.8,60.5,D,0
21.8718,92.4263,380.1,1,1,2013-04-03,0708,Aqua,MODIS,100,6.2,306.7,147,D,0
21.8763,92.4559,327.8,1,1,2013-04-03,0708,Aqua,MODIS,75,6.2,305.9,14.1,D,0
22.9408,92.113,325.5,1,1,2013-04-03,0709,Aqua,MODIS,74,6.2,303.8,12.5,D,0
23.3324,92.2012,339.4,1,1,2013-04-03,0709,Aqua,MODIS,88,6.2,304.2,31,D,0
23.3934,92.3015,330.3,1,1,2013-04-03,0709,Aqua,MODIS,81,6.2,305.6,19,D,0
23.3773,92.1932,349.1,1,1,2013-04-03,0709,Aqua,MODIS,94,6.2,303.6,50.7,D,0
23.4502,92.1837,329.4,1,1,2013-04-03,0709,Aqua,MODIS,80,6.2,305.5,19,D,0
23.4309,92.1162,318.9,1,1,2013-04-03,0709,Aqua,MODIS,58,6.2,301,7.1,D,0
23.4084,92.0897,320.3,1,1,2013-04-03,0709,Aqua,MODIS,67,6.2,303.2,8.3,D,0
23.4158,92.1392,347.4,1,1,2013-04-03,0709,Aqua,MODIS,93,6.2,302.9,46.7,D,0
23.4188,92.1591,335.2,1,1,2013-04-03,0709,Aqua,MODIS,81,6.2,298.4,26.1,D,0
23.4486,91.9338,322.1,1,1,2013-04-03,0709,Aqua,MODIS,71,6.2,301.2,10.7,D,0
23.5149,92.0037,326.7,1,1,2013-04-03,0709,Aqua,MODIS,77,6.2,305.1,16.1,D,0
23.3338,92.211,332.3,1,1,2013-04-03,0709,Aqua,MODIS,83,6.2,304,20.8,D,0
23.3234,92.2028,323,1,1,2013-04-03,0709,Aqua,MODIS,72,6.2,305.1,9,D,0
23.3248,92.2127,322.3,1,1,2013-04-03,0709,Aqua,MODIS,71,6.2,306.1,9.1,D,0
23.4083,92.1508,366.1,1,1,2013-04-03,0709,Aqua,MODIS,100,6.2,299.6,95.6,D,0
23.3858,92.1851,342,1,1,2013-04-03,0709,Aqua,MODIS,90,6.2,304.6,36.9,D,0
23.3729,92.1636,355.3,1,1,2013-04-03,0709,Aqua,MODIS,97,6.2,304.7,64.8,D,0
23.3744,92.1735,358.5,1,1,2013-04-03,0709,Aqua,MODIS,99,6.2,303.5,72.9,D,0
23.3759,92.1833,330.7,1,1,2013-04-03,0709,Aqua,MODIS,81,6.2,302.3,18.6,D,0
23.3639,92.1652,322.7,1,1,2013-04-03,0709,Aqua,MODIS,71,6.2,302.5,9.6,D,0
23.3415,92.1387,321.5,1,1,2013-04-03,0709,Aqua,MODIS,67,6.2,304.9,7.7,D,0
23.3873,92.195,336,1,1,2013-04-03,0709,Aqua,MODIS,82,6.2,304.8,26.9,D,0
24.1269,89.3844,322.8,1.3,1.1,2013-04-03,0709,Aqua,MODIS,53,6.2,303.3,11.1,D,0
22.9714,89.6047,326,1.3,1.1,2013-04-03,0709,Aqua,MODIS,48,6.2,307.5,17.7,D,0
23.6047,89.7059,325.5,1.3,1.1,2013-04-03,0709,Aqua,MODIS,71,6.2,307.2,12,D,0
23.192,92.2486,337.2,1,1,2013-04-03,0709,Aqua,MODIS,87,6.2,305.1,27.9,D,0
23.102,91.9593,332.9,1,1,2013-04-03,0709,Aqua,MODIS,83,6.2,304.6,20.7,D,0
23.0197,92.082,321.3,1,1,2013-04-03,0709,Aqua,MODIS,65,6.2,304.3,6.9,D,0
23.8247,90.8883,317.9,1.1,1.1,2013-04-03,0709,Aqua,MODIS,43,6.2,301.9,7.2,D,0
23.1874,92.2797,336.9,1,1,2013-04-03,0709,Aqua,MODIS,86,6.2,305.4,27.4,D,0
23.1905,92.2387,320.3,1,1,2013-04-03,0709,Aqua,MODIS,49,6.2,302.7,6.2,D,0
23.2364,92.2344,368.9,1,1,2013-04-03,0709,Aqua,MODIS,100,6.2,305.8,103.4,D,0
22.9428,89.558,320,1.3,1.1,2013-04-03,0709,Aqua,MODIS,56,6.2,304,15.3,D,0
22.9721,92.3203,321.2,1,1,2013-04-03,0709,Aqua,MODIS,56,6.2,304.5,5.7,D,0
23.2889,92.2149,322.9,1,1,2013-04-03,0709,Aqua,MODIS,68,6.2,306.1,9,D,0
23.2349,92.2245,369.4,1,1,2013-04-03,0709,Aqua,MODIS,100,6.2,308.9,104.7,D,0
23.1877,92.1582,322.9,1,1,2013-04-03,0709,Aqua,MODIS,71,6.2,305.7,7.9,D,0
23.313,91.8266,323.4,1,1,2013-04-03,0709,Aqua,MODIS,54,6.2,305.3,8.4,D,0
23.2919,91.8716,322.7,1,1,2013-04-03,0709,Aqua,MODIS,71,6.2,305.6,7.9,D,0
23.1888,92.2895,330.8,1,1,2013-04-03,0709,Aqua,MODIS,81,6.2,300.6,18.8,D,0
23.0435,92.3009,323.3,1,1,2013-04-03,0709,Aqua,MODIS,69,6.2,305.3,8.8,D,0
23.1784,92.2813,324.5,1,1,2013-04-03,0709,Aqua,MODIS,74,6.2,305.3,11.6,D,0
22.9499,92.1114,332.3,1,1,2013-04-03,0709,Aqua,MODIS,82,6.2,303.5,20.9,D,0
22.9514,92.1214,327.2,1,1,2013-04-03,0709,Aqua,MODIS,76,6.2,302.8,14.3,D,0
23.1186,91.8842,325.5,1,1,2013-04-03,0709,Aqua,MODIS,75,6.2,305.4,10.9,D,0
23.0407,91.9142,325.2,1,1,2013-04-03,0709,Aqua,MODIS,74,6.2,304.9,10.3,D,0
22.9861,91.8621,326.4,1,1,2013-04-03,0709,Aqua,MODIS,76,6.2,305.7,11.9,D,0
23.1885,92.0397,320.7,1,1,2013-04-03,0709,Aqua,MODIS,68,6.2,304,6,D,0
23.2229,92.267,324,1,1,2013-04-03,0709,Aqua,MODIS,68,6.2,304.8,9.7,D,0
23.2258,92.2867,328.9,1,1,2013-04-03,0709,Aqua,MODIS,79,6.2,305.3,15.5,D,0
21.9865,92.44,323.5,1.1,1.1,2013-04-04,0442,Terra,MODIS,74,6.2,302.7,11.3,D,0
21.9977,92.3092,320.6,1.1,1.1,2013-04-04,0442,Terra,MODIS,37,6.2,303.3,7.4,D,0
22.013,92.3345,323.4,1.1,1.1,2013-04-04,0442,Terra,MODIS,74,6.2,302.2,11.1,D,0
21.9995,92.2977,324.2,1.1,1.1,2013-04-04,0442,Terra,MODIS,75,6.2,302.6,12.1,D,0
24.4454,89.2654,338.1,1,1,2013-04-04,0442,Terra,MODIS,86,6.2,307.5,36,D,0
24.2874,89.2794,340.4,1,1,2013-04-04,0442,Terra,MODIS,88,6.2,307,33.5,D,0
23.3347,89.703,322.9,1,1,2013-04-04,0442,Terra,MODIS,69,6.2,305.3,9.2,D,0
23.1443,89.489,324.4,1,1,2013-04-04,0442,Terra,MODIS,73,6.2,306.6,10.2,D,0
23.3168,92.0886,327,1.1,1,2013-04-04,0442,Terra,MODIS,78,6.2,300.5,17.3,D,0
21.9287,92.318,319,1.1,1.1,2013-04-04,0442,Terra,MODIS,55,6.2,303.2,7.2,D,0
21.6006,92.1799,325.5,1.1,1.1,2013-04-04,0442,Terra,MODIS,76,6.2,301.7,14.4,D,0
22.1162,92.4211,324.5,1.1,1.1,2013-04-04,0442,Terra,MODIS,75,6.2,303.7,11.5,D,0
21.6883,92.3888,331.4,1.1,1.1,2013-04-04,0442,Terra,MODIS,82,6.2,302.2,23.2,D,0
21.6978,92.3905,355.3,1.1,1.1,2013-04-04,0442,Terra,MODIS,97,6.2,303.8,76,D,0
23.2557,89.8695,329.4,1,1,2013-04-04,0442,Terra,MODIS,64,6.2,308.4,14.2,D,0
22.0191,92.3304,327.4,1.1,1.1,2013-04-04,0442,Terra,MODIS,79,6.2,301.8,16.9,D,0
22.2191,91.8999,318.5,1.1,1,2013-04-04,0442,Terra,MODIS,65,6.2,299.8,9.3,D,0
21.6938,92.2351,341,1.1,1.1,2013-04-04,0442,Terra,MODIS,90,6.2,299.5,38.7,D,0
21.8293,92.2689,319.2,3.5,1.8,2013-04-04,0751,Aqua,MODIS,33,6.2,295.7,36.9,D,0
21.7741,92.3168,330.2,3.6,1.8,2013-04-04,0751,Aqua,MODIS,83,6.2,297.8,112.4,D,0
21.7712,92.2831,320.4,3.5,1.8,2013-04-04,0751,Aqua,MODIS,56,6.2,297.8,40.5,D,0
21.8347,92.2767,324.6,3.5,1.8,2013-04-04,0751,Aqua,MODIS,78,6.2,296,73.1,D,0
21.7631,92.2887,323.2,3.5,1.8,2013-04-04,0751,Aqua,MODIS,74,6.2,297.7,56.6,D,0
22.1527,92.26,322,3.6,1.8,2013-04-04,0751,Aqua,MODIS,75,6.2,297.6,51.2,D,0
22.017,92.1708,318.5,3.5,1.8,2013-04-04,0751,Aqua,MODIS,70,6.2,296.3,36.1,D,0
21.662,92.2285,324.6,3.5,1.8,2013-04-04,0751,Aqua,MODIS,59,6.2,297.5,66.7,D,0
21.7523,92.531,342.5,3.7,1.8,2013-04-04,0751,Aqua,MODIS,91,6.2,294.9,249.9,D,0
22.0219,92.1782,319.6,3.5,1.8,2013-04-04,0751,Aqua,MODIS,71,6.2,296,42.6,D,0
21.998,92.4543,321.2,3.7,1.8,2013-04-04,0751,Aqua,MODIS,51,6.2,296.6,54.5,D,0
21.9791,92.4225,319.2,3.6,1.8,2013-04-04,0751,Aqua,MODIS,36,6.2,296.8,37.5,D,0
21.7661,92.3225,329.3,3.6,1.8,2013-04-04,0751,Aqua,MODIS,82,6.2,297.7,104.3,D,0
21.6668,92.2354,328.7,3.5,1.8,2013-04-04,0751,Aqua,MODIS,82,6.2,297.5,94.2,D,0
21.7081,92.3363,331.9,3.6,1.8,2013-04-04,0751,Aqua,MODIS,84,6.2,294.5,133.3,D,0
21.7184,92.327,338.4,3.6,1.8,2013-04-04,0751,Aqua,MODIS,89,6.2,295.8,190.5,D,0
22.1449,92.2552,321.1,3.6,1.8,2013-04-04,0751,Aqua,MODIS,67,6.2,297.7,49.1,D,0
23.5661,91.9507,317.7,3.5,1.8,2013-04-04,0752,Aqua,MODIS,26,6.2,295.3,38.4,D,0
23.5615,91.982,325.5,3.5,1.8,2013-04-04,0752,Aqua,MODIS,74,6.2,294.1,91.4,D,0
23.5298,91.9851,324.1,3.5,1.8,2013-04-04,0752,Aqua,MODIS,51,6.2,296.2,81.2,D,0
23.5086,92.0264,330.9,3.6,1.8,2013-04-04,0752,Aqua,MODIS,65,6.2,295.6,132.3,D,0
23.5217,91.9908,343.7,3.5,1.8,2013-04-04,0752,Aqua,MODIS,91,6.2,296.5,251,D,0
23.5693,91.9864,319.2,3.5,1.8,2013-04-04,0752,Aqua,MODIS,40,6.2,292.5,50.4,D,0
23.4927,92.0281,365,3.6,1.8,2013-04-04,0752,Aqua,MODIS,100,6.2,297.6,571.4,D,0
23.4899,91.9936,336.1,3.5,1.8,2013-04-04,0752,Aqua,MODIS,69,6.2,295.3,169.6,D,0
23.4157,92.2127,323.1,1.4,1.2,2013-04-05,0656,Aqua,MODIS,49,6.2,303.6,14.9,D,0
22.6434,92.3819,320.8,1.4,1.2,2013-04-05,0656,Aqua,MODIS,62,6.2,303.5,11.3,D,0
22.5892,92.379,332.3,1.4,1.2,2013-04-05,0656,Aqua,MODIS,82,6.2,304.4,32.7,D,0
22.5916,92.3924,321.5,1.4,1.2,2013-04-05,0656,Aqua,MODIS,68,6.2,303.7,12.1,D,0
22.5842,92.3855,339,1.4,1.2,2013-04-05,0656,Aqua,MODIS,88,6.2,304.6,48.6,D,0
23.1808,92.2785,325.4,1.4,1.2,2013-04-05,0656,Aqua,MODIS,68,6.2,304.3,20.5,D,0
23.183,92.2918,325.1,1.4,1.2,2013-04-05,0656,Aqua,MODIS,68,6.2,302.4,20.2,D,0
23.1705,92.2809,355.9,1.4,1.2,2013-04-05,0656,Aqua,MODIS,98,6.2,304.2,105.5,D,0
23.1727,92.2939,338.3,1.4,1.2,2013-04-05,0656,Aqua,MODIS,88,6.2,303.8,49.1,D,0
23.3958,92.035,328.4,1.4,1.2,2013-04-05,0656,Aqua,MODIS,79,6.2,305,24.4,D,0
23.4063,92.0329,326.2,1.4,1.2,2013-04-05,0656,Aqua,MODIS,78,6.2,304.8,22.2,D,0
23.4275,91.9378,318.3,1.4,1.2,2013-04-05,0656,Aqua,MODIS,66,6.2,305.9,9.4,D,0
23.4548,92.0316,332.7,1.4,1.2,2013-04-05,0656,Aqua,MODIS,84,6.2,307.3,38.1,D,0
21.1841,92.0874,326.2,1.5,1.2,2013-04-05,0656,Aqua,MODIS,79,6.2,299,26.7,D,0
23.0619,92.3088,321.3,1.4,1.2,2013-04-05,0656,Aqua,MODIS,64,6.2,303,12.4,D,0
22.2838,92.0901,328,1.5,1.2,2013-04-05,0656,Aqua,MODIS,78,6.2,303.2,30.4,D,0
21.1707,92.075,325.4,1.5,1.2,2013-04-05,0656,Aqua,MODIS,0,6.2,300.2,26.3,D,0
22.8122,92.3498,325.5,1.4,1.2,2013-04-05,0656,Aqua,MODIS,75,6.2,304.4,19.8,D,0
22.8144,92.363,325.1,1.4,1.2,2013-04-05,0656,Aqua,MODIS,70,6.2,303.1,19.7,D,0
22.5163,92.1751,319.5,1.4,1.2,2013-04-05,0656,Aqua,MODIS,52,6.2,304.3,10.5,D,0
22.5057,92.1771,333.1,1.4,1.2,2013-04-05,0656,Aqua,MODIS,78,6.2,304.4,36.6,D,0
23.2836,92.2099,323.9,1.4,1.2,2013-04-05,0656,Aqua,MODIS,60,6.2,306.7,17.2,D,0
23.2859,92.2236,338.5,1.4,1.2,2013-04-05,0656,Aqua,MODIS,88,6.2,306.3,49.7,D,0
21.1732,92.0896,317.7,1.5,1.2,2013-04-05,0656,Aqua,MODIS,62,6.2,298.5,10.8,D,0
21.1623,92.0917,327.6,1.5,1.2,2013-04-05,0656,Aqua,MODIS,70,6.2,299,29.6,D,0
21.092,92.1574,324.6,1.5,1.2,2013-04-05,0656,Aqua,MODIS,73,6.2,300.5,24.3,D,0
22.3568,92.3879,319.4,1.4,1.2,2013-04-05,0656,Aqua,MODIS,48,6.2,302.6,7,D,0
23.1812,92.1538,345.3,1.4,1.2,2013-04-05,0656,Aqua,MODIS,92,6.2,307.1,69.1,D,0
23.1228,91.9385,323.3,1.5,1.2,2013-04-05,0656,Aqua,MODIS,56,6.2,305.7,15.3,D,0
23.1667,91.9079,323.8,1.5,1.2,2013-04-05,0656,Aqua,MODIS,73,6.2,307.5,14.5,D,0
23.1674,91.849,328.1,1.5,1.2,2013-04-05,0656,Aqua,MODIS,80,6.2,306.4,25.4,D,0
21.9858,92.5714,342.3,1.4,1.2,2013-04-05,0656,Aqua,MODIS,90,6.2,303,60.3,D,0
23.3361,91.8174,323.5,1.5,1.2,2013-04-05,0656,Aqua,MODIS,73,6.2,308.7,15.4,D,0
23.3859,91.8508,321.1,1.5,1.2,2013-04-05,0656,Aqua,MODIS,71,6.2,307.1,12.4,D,0
23.3835,91.8369,321.9,1.5,1.2,2013-04-05,0656,Aqua,MODIS,72,6.2,306.4,13.7,D,0
23.0268,91.7866,324.8,1.5,1.2,2013-04-05,0656,Aqua,MODIS,75,6.2,306.7,20,D,0
22.7332,92.426,330.6,1.4,1.2,2013-04-05,0656,Aqua,MODIS,81,6.2,306.1,28.3,D,0
22.4756,92.2543,321.4,1.4,1.2,2013-04-05,0656,Aqua,MODIS,51,6.2,304.5,13.7,D,0
22.3079,92.2292,319.6,1.4,1.2,2013-04-05,0656,Aqua,MODIS,56,6.2,303.5,9.8,D,0
21.9754,92.5734,353,1.4,1.2,2013-04-05,0656,Aqua,MODIS,96,6.2,302.6,96.1,D,0
23.426,92.2104,392,1.4,1.2,2013-04-05,0656,Aqua,MODIS,100,6.2,307.8,318.7,D,0
23.4283,92.2239,339.4,1.4,1.2,2013-04-05,0656,Aqua,MODIS,89,6.2,301,50,D,0
21.9733,92.5609,319.8,1.4,1.2,2013-04-05,0656,Aqua,MODIS,53,6.2,302.2,11.8,D,0
23.3763,92.1094,320.2,1.4,1.2,2013-04-05,0656,Aqua,MODIS,70,6.2,303.4,13.9,D,0
23.3773,92.0531,321.9,1.4,1.2,2013-04-05,0656,Aqua,MODIS,64,6.2,305.2,12.2,D,0
23.3901,92.0645,325.2,1.4,1.2,2013-04-05,0656,Aqua,MODIS,56,6.2,303.7,18.1,D,0
23.3877,92.0509,331.9,1.4,1.2,2013-04-05,0656,Aqua,MODIS,83,6.2,305.3,30.9,D,0
23.4005,92.0623,341.5,1.4,1.2,2013-04-05,0656,Aqua,MODIS,90,6.2,303.3,56.2,D,0
23.3982,92.0487,364,1.4,1.2,2013-04-05,0656,Aqua,MODIS,100,6.2,306.9,141.9,D,0
23.4109,92.0601,411,1.4,1.2,2013-04-05,0656,Aqua,MODIS,100,6.2,311.3,523.6,D,0
23.4086,92.0465,419.4,1.4,1.2,2013-04-05,0656,Aqua,MODIS,100,6.2,318.2,633.7,D,0
23.4237,92.0715,320.1,1.4,1.2,2013-04-05,0656,Aqua,MODIS,57,6.2,303.7,13.3,D,0
23.4214,92.0579,362.7,1.4,1.2,2013-04-05,0656,Aqua,MODIS,100,6.2,307.1,138.7,D,0
23.4191,92.0443,349.1,1.4,1.2,2013-04-05,0656,Aqua,MODIS,94,6.2,306.6,82.7,D,0
23.4341,92.0694,328.5,1.4,1.2,2013-04-05,0656,Aqua,MODIS,66,6.2,304.8,26.7,D,0
23.4318,92.0558,360.2,1.4,1.2,2013-04-05,0656,Aqua,MODIS,100,6.2,307.4,125.5,D,0
23.4573,92.0786,323.2,1.4,1.2,2013-04-05,0656,Aqua,MODIS,45,6.2,304.1,17.9,D,0
23.455,92.0651,325.3,1.4,1.2,2013-04-05,0656,Aqua,MODIS,56,6.2,304.2,20.2,D,0
23.4619,92.0722,322.8,1.4,1.2,2013-04-05,0656,Aqua,MODIS,45,6.2,304.2,18.7,D,0
24.4401,89.2627,319.1,2.1,1.4,2013-04-05,0657,Aqua,MODIS,44,6.2,306,29,D,0
23.5406,89.9574,324.8,2,1.4,2013-04-05,0657,Aqua,MODIS,71,6.2,313.6,21.1,D,0
23.4966,92.023,324.3,1.4,1.2,2013-04-05,0657,Aqua,MODIS,67,6.2,306.2,20,D,0
23.5269,91.9462,337.6,1.4,1.2,2013-04-05,0657,Aqua,MODIS,85,6.2,307.7,45.3,D,0
23.5994,91.9533,334.2,1.4,1.2,2013-04-05,0657,Aqua,MODIS,85,6.2,305,41.6,D,0
23.6017,91.9665,349.5,1.4,1.2,2013-04-05,0657,Aqua,MODIS,95,6.2,305.7,88.4,D,0
23.4943,92.0093,327.7,1.4,1.2,2013-04-05,0657,Aqua,MODIS,69,6.2,306.1,25,D,0
23.499,92.0366,320.7,1.4,1.2,2013-04-05,0657,Aqua,MODIS,64,6.2,305,15.7,D,0
23.4838,92.0115,331.6,1.4,1.2,2013-04-05,0657,Aqua,MODIS,80,6.2,307.5,32.5,D,0
23.4862,92.0252,349.4,1.4,1.2,2013-04-05,0657,Aqua,MODIS,95,6.2,307,83.4,D,0
23.4686,91.9862,338.3,1.4,1.2,2013-04-05,0657,Aqua,MODIS,88,6.2,306.5,51,D,0
23.471,91.9999,335.1,1.4,1.2,2013-04-05,0657,Aqua,MODIS,86,6.2,307.5,41.2,D,0
23.4734,92.0137,343.9,1.4,1.2,2013-04-05,0657,Aqua,MODIS,92,6.2,307.5,63.7,D,0
24.6959,90.1151,318.8,1.8,1.3,2013-04-05,0657,Aqua,MODIS,52,6.2,307.9,14.3,D,0
23.5342,91.9525,325.5,1.4,1.2,2013-04-05,0657,Aqua,MODIS,56,6.2,306.9,19.7,D,0
22.505,92.4295,317.3,1.3,1.1,2013-04-05,1621,Terra,MODIS,95,6.2,295.7,21.1,N,0
22.2243,92.5316,306.1,1.3,1.1,2013-04-05,1621,Terra,MODIS,67,6.2,295.2,8.9,N,0
22.5065,92.4424,312.6,1.3,1.1,2013-04-05,1621,Terra,MODIS,85,6.2,295.6,15.2,N,0
22.4977,92.4366,326.1,1.3,1.1,2013-04-05,1621,Terra,MODIS,100,6.2,295.6,34.8,N,0
23.3142,90.3142,328.6,1.2,1.1,2013-04-06,0430,Terra,MODIS,67,6.2,313.9,13.1,D,0
23.3157,90.3088,327.1,1.2,1.1,2013-04-06,0430,Terra,MODIS,66,6.2,313.3,11.1,D,0
23.1695,89.427,324.7,1.4,1.2,2013-04-06,0430,Terra,MODIS,67,6.2,309.8,17.1,D,0
22.7605,91.7016,324.2,1.1,1,2013-04-06,0430,Terra,MODIS,58,6.2,305.5,10.2,D,0
23.1712,89.4135,341.4,1.4,1.2,2013-04-06,0430,Terra,MODIS,89,6.2,313.5,55.6,D,0
22.9511,92.1131,318.3,1,1,2013-04-06,0430,Terra,MODIS,63,6.2,300.9,6,D,0
22.8838,91.869,322.9,1.1,1,2013-04-06,0430,Terra,MODIS,71,6.2,306.5,8.4,D,0
22.7513,91.7002,324,1.1,1,2013-04-06,0430,Terra,MODIS,60,6.2,304.5,9.7,D,0
23.4054,92.1547,334.7,1,1,2013-04-06,0430,Terra,MODIS,85,6.2,302.7,29.4,D,0
22.8824,91.8792,323,1.1,1,2013-04-06,0430,Terra,MODIS,72,6.2,305.8,8.7,D,0
22.3054,92.1898,327.1,1,1,2013-04-06,0430,Terra,MODIS,77,6.2,303.4,15.7,D,0
22.0204,92.3161,331,1,1,2013-04-06,0430,Terra,MODIS,82,6.2,299.9,20.3,D,0
23.3824,91.8309,325,2,1.4,2013-04-06,0739,Aqua,MODIS,67,6.2,306,28.8,D,0
23.3347,91.8571,324,2,1.4,2013-04-06,0739,Aqua,MODIS,71,6.2,304,27.8,D,0
21.3807,92.4109,344.8,2.1,1.4,2013-04-06,0739,Aqua,MODIS,91,6.2,302.7,130.5,D,0
23.4185,92.0459,320,2.1,1.4,2013-04-06,0739,Aqua,MODIS,38,6.2,298.5,25,D,0
21.9489,92.2655,326,2.1,1.4,2013-04-06,0739,Aqua,MODIS,60,6.2,305.2,35.6,D,0
21.9489,92.2602,324.6,2.1,1.4,2013-04-06,0739,Aqua,MODIS,32,6.2,305.4,30.8,D,0
22.441,92.3837,324.1,2.2,1.4,2013-04-06,0739,Aqua,MODIS,49,6.2,298.6,34.1,D,0
23.3661,92.2892,331.6,2.2,1.4,2013-04-06,0739,Aqua,MODIS,48,6.2,299.4,63.7,D,0
23.4437,92.1684,330.5,2.2,1.4,2013-04-06,0739,Aqua,MODIS,54,6.2,299.9,60,D,0
23.4415,92.147,337.8,2.1,1.4,2013-04-06,0739,Aqua,MODIS,85,6.2,299,90.2,D,0
23.4565,92.1669,342.7,2.2,1.4,2013-04-06,0739,Aqua,MODIS,89,6.2,301.7,116.6,D,0
21.1755,92.0757,321.8,2,1.4,2013-04-06,0739,Aqua,MODIS,40,6.2,303.2,22.6,D,0
22.1333,92.2878,334.3,2.1,1.4,2013-04-06,0739,Aqua,MODIS,73,6.2,304.9,65,D,0
22.0119,92.2528,331.2,2.1,1.4,2013-04-06,0739,Aqua,MODIS,78,6.2,301,54.2,D,0
22.0711,92.3274,348.2,2.1,1.4,2013-04-06,0739,Aqua,MODIS,93,6.2,303.7,135.8,D,0
23.4587,92.1882,331.9,2.2,1.4,2013-04-06,0739,Aqua,MODIS,69,6.2,295.7,65.5,D,0
21.9469,92.4893,323.3,2.2,1.4,2013-04-06,0739,Aqua,MODIS,18,6.2,300.3,29,D,0
21.9598,92.4884,324,2.2,1.4,2013-04-06,0739,Aqua,MODIS,43,6.2,301.2,30.9,D,0
22.0723,92.3196,346.8,2.1,1.4,2013-04-06,0739,Aqua,MODIS,92,6.2,302.9,131.8,D,0
21.3827,92.1927,327.9,2,1.4,2013-04-06,0739,Aqua,MODIS,74,6.2,303.8,38.4,D,0
21.3805,92.1726,332.2,2,1.4,2013-04-06,0739,Aqua,MODIS,80,6.2,305,53.6,D,0
22.2221,92.4003,330.1,2.2,1.4,2013-04-06,0739,Aqua,MODIS,55,6.2,294.6,56,D,0
22.0956,92.2966,335.5,2.1,1.4,2013-04-06,0739,Aqua,MODIS,77,6.2,299.6,72.7,D,0
23.3789,92.16,342.2,2.1,1.4,2013-04-06,0739,Aqua,MODIS,85,6.2,295.1,110.5,D,0
23.3683,92.1826,324.5,2.2,1.4,2013-04-06,0739,Aqua,MODIS,53,6.2,295.2,37.6,D,0
22.3223,92.2368,336,2.1,1.4,2013-04-06,0739,Aqua,MODIS,84,6.2,302.6,84.3,D,0
22.3221,92.2317,333.3,2.1,1.4,2013-04-06,0739,Aqua,MODIS,81,6.2,302,72.5,D,0
21.887,92.4247,326.8,2.1,1.4,2013-04-06,0739,Aqua,MODIS,56,6.2,303.2,46.5,D,0
21.945,92.4711,334.4,2.2,1.4,2013-04-06,0739,Aqua,MODIS,82,6.2,302.1,72,D,0
21.9812,92.4464,334.5,2.2,1.4,2013-04-06,0739,Aqua,MODIS,80,6.2,305.5,68.7,D,0
21.9579,92.4701,328,2.2,1.4,2013-04-06,0739,Aqua,MODIS,59,6.2,302.9,44.7,D,0
22.1315,92.2726,328.6,2.1,1.4,2013-04-06,0739,Aqua,MODIS,39,6.2,302.3,46.2,D,0
23.3835,91.8254,324.3,2,1.4,2013-04-06,0739,Aqua,MODIS,72,6.2,306.5,28,D,0
23.1352,92.0557,316.9,2.1,1.4,2013-04-06,0739,Aqua,MODIS,23,6.2,295.6,15.5,D,0
21.9819,92.4614,333,2.2,1.4,2013-04-06,0739,Aqua,MODIS,80,6.2,305.7,64.3,D,0
22.8842,91.9045,322.8,2,1.4,2013-04-06,0739,Aqua,MODIS,65,6.2,302.5,24.8,D,0
22.1337,92.2928,331.5,2.1,1.4,2013-04-06,0739,Aqua,MODIS,55,6.2,305,55.9,D,0
22.0639,92.363,347.8,2.1,1.4,2013-04-06,0739,Aqua,MODIS,93,6.2,299.5,142.7,D,0
23.1932,89.4299,324.7,1.4,1.2,2013-04-06,0739,Aqua,MODIS,54,6.2,312.5,14.1,D,0
22.0629,92.3704,347.4,2.1,1.4,2013-04-06,0739,Aqua,MODIS,87,6.2,297.9,138.9,D,0
22.0756,92.3686,326.2,2.1,1.4,2013-04-06,0739,Aqua,MODIS,23,6.2,296.4,39.8,D,0
24.0935,89.373,333.1,1.4,1.2,2013-04-06,0740,Aqua,MODIS,65,6.2,309.8,31.4,D,0
24.0993,89.3653,328.2,1.4,1.2,2013-04-06,0740,Aqua,MODIS,67,6.2,310.8,18.4,D,0
24.1273,89.3873,319.6,2,1.4,2013-04-07,0513,Terra,MODIS,40,6.2,306.8,16.1,D,0
24.1798,89.2637,336.4,2,1.4,2013-04-07,0513,Terra,MODIS,85,6.2,313.6,68.3,D,0
21.9055,92.4612,327.9,3.8,1.8,2013-04-07,0513,Terra,MODIS,80,6.2,302,118.9,D,0
21.8984,92.4532,323.1,3.8,1.8,2013-04-07,0513,Terra,MODIS,74,6.2,302,88.4,D,0
21.8911,92.4879,317.1,3.8,1.8,2013-04-07,0513,Terra,MODIS,64,6.2,302.2,49,D,0
24.1293,89.3934,319.3,2,1.4,2013-04-07,0513,Terra,MODIS,39,6.2,306.8,17.7,D,0
23.343,92.2878,333,2.2,1.4,2013-04-07,0644,Aqua,MODIS,84,6.2,299.6,82.1,D,0
21.9222,92.3334,346.8,2.4,1.5,2013-04-07,0644,Aqua,MODIS,92,6.2,304.3,163.7,D,0
21.9868,92.4581,320.2,2.3,1.5,2013-04-07,0644,Aqua,MODIS,55,6.2,304.5,24.1,D,0
23.296,92.3207,315.8,2.2,1.4,2013-04-07,0644,Aqua,MODIS,59,6.2,298.7,21.6,D,0
21.4521,92.301,320.9,2.4,1.5,2013-04-07,0644,Aqua,MODIS,57,6.2,300.8,38.9,D,0
21.926,92.4244,327.5,2.3,1.5,2013-04-07,0644,Aqua,MODIS,75,6.2,302.3,49.4,D,0
21.8998,92.4298,326.5,2.3,1.5,2013-04-07,0644,Aqua,MODIS,73,6.2,304.8,45.6,D,0
21.8867,92.4325,335.8,2.3,1.5,2013-04-07,0644,Aqua,MODIS,84,6.2,303.2,86.4,D,0
21.8912,92.4552,331.3,2.3,1.5,2013-04-07,0644,Aqua,MODIS,79,6.2,298.7,65.7,D,0
21.8899,92.4387,351,2.3,1.5,2013-04-07,0644,Aqua,MODIS,95,6.2,301.8,183.3,D,0
21.9831,92.454,319.6,2.3,1.5,2013-04-07,0644,Aqua,MODIS,38,6.2,304.8,20.8,D,0
23.3542,92.278,318.7,2.2,1.4,2013-04-07,0644,Aqua,MODIS,24,6.2,299.3,23.6,D,0
23.3584,92.2991,344.5,2.2,1.4,2013-04-07,0644,Aqua,MODIS,92,6.2,301.9,137.3,D,0
23.3456,92.3021,339.5,2.2,1.4,2013-04-07,0644,Aqua,MODIS,89,6.2,301.8,109.8,D,0
23.347,92.3092,336.3,2.2,1.4,2013-04-07,0644,Aqua,MODIS,87,6.2,302,97.4,D,0
23.1868,92.1536,321.8,1,1,2013-04-07,1609,Terra,MODIS,100,6.2,295.7,18.6,N,0
23.0624,91.7948,310.8,1,1,2013-04-07,1609,Terra,MODIS,81,6.2,295.8,8.6,N,0
22.046,92.2824,330.6,1.4,1.2,2013-04-08,0418,Terra,MODIS,79,6.2,305.4,26.2,D,0
22.0565,92.2831,320.1,1.4,1.2,2013-04-08,0418,Terra,MODIS,54,6.2,304,8.4,D,0
22.0581,92.2704,324.9,1.4,1.2,2013-04-08,0418,Terra,MODIS,71,6.2,304.5,16.5,D,0
22.0704,92.2575,334.1,1.4,1.2,2013-04-08,0418,Terra,MODIS,83,6.2,305.6,35.1,D,0
22.0477,92.2684,338.6,1.4,1.2,2013-04-08,0418,Terra,MODIS,87,6.2,304.8,45.5,D,0
21.9464,92.3062,362,1.3,1.1,2013-04-08,0727,Aqua,MODIS,100,6.2,306.3,109.9,D,0
21.9319,92.2721,326.1,1.3,1.1,2013-04-08,0727,Aqua,MODIS,41,6.2,307.6,11.9,D,0
22.4397,92.3546,321.8,1.3,1.1,2013-04-08,0727,Aqua,MODIS,52,6.2,305.9,8.5,D,0
22.2673,92.1871,327.2,1.3,1.1,2013-04-08,0727,Aqua,MODIS,72,6.2,307.1,15.1,D,0
24.0595,88.7248,331.1,1,1,2013-04-08,0727,Aqua,MODIS,60,6.2,314.4,12.4,D,0
22.6771,91.8867,330.4,1.3,1.1,2013-04-08,0727,Aqua,MODIS,78,6.2,306.7,21.6,D,0
23.2272,92.2978,322.5,1.3,1.1,2013-04-08,0727,Aqua,MODIS,36,6.2,306.8,9.7,D,0
23.2335,92.2914,326,1.3,1.1,2013-04-08,0727,Aqua,MODIS,70,6.2,307.6,16.4,D,0
21.9659,92.3111,333,1.3,1.1,2013-04-08,0727,Aqua,MODIS,73,6.2,308.2,26.5,D,0
21.3229,92.6183,333.6,1.3,1.1,2013-04-08,0727,Aqua,MODIS,80,6.2,305.2,34.7,D,0
23.3709,92.1472,337.1,1.3,1.1,2013-04-08,0727,Aqua,MODIS,85,6.2,305.6,38.8,D,0
23.3371,91.8709,322.7,1.3,1.1,2013-04-08,0727,Aqua,MODIS,66,6.2,303.5,9,D,0
23.3355,91.8585,323.7,1.3,1.1,2013-04-08,0727,Aqua,MODIS,61,6.2,306.9,10.1,D,0
23.3592,92.1359,328.9,1.3,1.1,2013-04-08,0727,Aqua,MODIS,77,6.2,305.3,21.2,D,0
22.1792,92.5651,324.2,1.4,1.2,2013-04-08,0727,Aqua,MODIS,37,6.2,306.6,14,D,0
22.1776,92.5517,320.9,1.3,1.2,2013-04-08,0727,Aqua,MODIS,12,6.2,304.4,10.2,D,0
22.069,92.3159,333.7,1.3,1.1,2013-04-08,0727,Aqua,MODIS,80,6.2,307.3,29.2,D,0
21.8545,92.2277,338.9,1.3,1.1,2013-04-08,0727,Aqua,MODIS,86,6.2,307.8,38.9,D,0
21.8555,92.2331,333.7,1.3,1.1,2013-04-08,0727,Aqua,MODIS,80,6.2,307.9,27.8,D,0
23.3694,92.1345,326.8,1.3,1.1,2013-04-08,0727,Aqua,MODIS,74,6.2,305.7,18.5,D,0
22.9291,92.1131,336.3,1.3,1.1,2013-04-08,0727,Aqua,MODIS,84,6.2,309,33.9,D,0
22.9275,92.1006,328.4,1.3,1.1,2013-04-08,0727,Aqua,MODIS,75,6.2,308.4,18.1,D,0
21.945,92.2947,423.7,1.3,1.1,2013-04-08,0727,Aqua,MODIS,100,6.2,316.1,598.4,D,0
21.9802,92.2599,340.7,1.3,1.1,2013-04-08,0727,Aqua,MODIS,87,6.2,309,41.1,D,0
23.8961,89.5368,321,1,1,2013-04-08,0727,Aqua,MODIS,21,6.2,306.8,9.9,D,0
23.6013,89.7326,328.6,1,1,2013-04-08,0727,Aqua,MODIS,71,6.2,312.4,10.3,D,0
22.1344,92.2761,351.7,1.3,1.1,2013-04-08,0727,Aqua,MODIS,95,6.2,310.7,72,D,0
22.1844,92.1805,334.3,1.3,1.1,2013-04-08,0727,Aqua,MODIS,81,6.2,309.1,26.6,D,0
22.0391,92.239,366.2,1.3,1.1,2013-04-08,0727,Aqua,MODIS,100,6.2,313.2,126.6,D,0
22.133,92.2637,361.7,1.3,1.1,2013-04-08,0727,Aqua,MODIS,100,6.2,313.9,107.7,D,0
22.4688,92.1707,323.8,1.3,1.1,2013-04-08,0727,Aqua,MODIS,61,6.2,308.8,9.6,D,0
21.8118,92.2963,335.5,1.3,1.1,2013-04-08,0727,Aqua,MODIS,82,6.2,306.4,34.1,D,0
21.3439,92.5442,328.3,1.3,1.1,2013-04-08,0727,Aqua,MODIS,74,6.2,303.9,25.9,D,0
21.344,92.5384,354,1.3,1.1,2013-04-08,0727,Aqua,MODIS,96,6.2,305.2,91,D,0
21.3339,92.5398,352.5,1.3,1.1,2013-04-08,0727,Aqua,MODIS,95,6.2,306.5,84.7,D,0
21.8219,92.2948,342.7,1.3,1.1,2013-04-08,0727,Aqua,MODIS,89,6.2,306.6,50.8,D,0
21.856,92.2399,323.4,1.3,1.1,2013-04-08,0727,Aqua,MODIS,61,6.2,308.2,9.9,D,0
23.5496,89.5567,330.7,1,1,2013-04-08,0727,Aqua,MODIS,75,6.2,316.4,10.3,D,0
22.1446,92.2746,334.7,1.3,1.1,2013-04-08,0727,Aqua,MODIS,68,6.2,307.6,28,D,0
21.3924,92.4349,328.1,1.3,1.1,2013-04-08,0727,Aqua,MODIS,74,6.2,302.2,23,D,0
21.3941,92.4484,321.4,1.3,1.1,2013-04-08,0727,Aqua,MODIS,57,6.2,304.5,12.2,D,0
22.1431,92.2622,347.9,1.3,1.1,2013-04-08,0727,Aqua,MODIS,93,6.2,309.9,59.7,D,0
23.1256,89.4849,327.8,1,1,2013-04-08,0727,Aqua,MODIS,52,6.2,311.8,12.9,D,0
24.2863,89.2949,332.8,1,1,2013-04-08,0727,Aqua,MODIS,66,6.2,313.1,15.2,D,0
22.2657,92.1748,325.2,1.3,1.1,2013-04-08,0727,Aqua,MODIS,68,6.2,307.5,11.4,D,0
22.4937,92.3723,326.3,1.3,1.1,2013-04-08,0727,Aqua,MODIS,66,6.2,310.4,12.3,D,0
21.4332,92.5962,328.1,1.3,1.1,2013-04-08,0727,Aqua,MODIS,63,6.2,307.2,20.6,D,0
21.423,92.5976,417.9,1.3,1.1,2013-04-08,0727,Aqua,MODIS,100,6.2,315.9,552.9,D,0
23.3608,92.1487,344.2,1.3,1.1,2013-04-08,0727,Aqua,MODIS,91,6.2,306.4,56.2,D,0
22.8365,92.3518,328.3,1.3,1.1,2013-04-08,0727,Aqua,MODIS,75,6.2,309.3,18.3,D,0
21.3213,92.6057,342.5,1.3,1.1,2013-04-08,0727,Aqua,MODIS,89,6.2,306.9,57.2,D,0
21.9565,92.3049,328.3,1.3,1.1,2013-04-08,0727,Aqua,MODIS,38,6.2,307.9,14.8,D,0
21.9629,92.2868,342.4,1.3,1.1,2013-04-08,0727,Aqua,MODIS,89,6.2,309.8,44.4,D,0
21.9465,92.4731,344,1.3,1.1,2013-04-08,0727,Aqua,MODIS,90,6.2,309.7,50.6,D,0
22.4727,92.285,347.8,1.3,1.1,2013-04-08,0727,Aqua,MODIS,93,6.2,309.2,64.2,D,0
22.4625,92.2864,334.8,1.3,1.1,2013-04-08,0727,Aqua,MODIS,82,6.2,309.3,29.7,D,0
22.2597,92.1256,323.9,1.3,1.1,2013-04-08,0727,Aqua,MODIS,52,6.2,307.6,11.7,D,0
22.8381,92.3648,328.1,1.3,1.1,2013-04-08,0727,Aqua,MODIS,74,6.2,309.1,18.3,D,0
21.9643,92.2983,341.6,1.3,1.1,2013-04-08,0727,Aqua,MODIS,88,6.2,309,43.8,D,0
23.1257,91.8889,326.7,1.3,1.1,2013-04-08,0727,Aqua,MODIS,73,6.2,307,13.4,D,0
23.0184,91.8493,327.2,1.3,1.1,2013-04-08,0727,Aqua,MODIS,74,6.2,307.4,16.2,D,0
22.0399,92.2444,373.2,1.3,1.1,2013-04-08,0727,Aqua,MODIS,100,6.2,314.9,160.5,D,0
22.0413,92.2565,340.5,1.3,1.1,2013-04-08,0727,Aqua,MODIS,87,6.2,307.2,40.6,D,0
22.0407,92.2512,374.7,1.3,1.1,2013-04-08,0727,Aqua,MODIS,100,6.2,311.7,168.4,D,0
22.0089,92.2432,328.1,1.3,1.1,2013-04-08,0727,Aqua,MODIS,72,6.2,308.9,15.8,D,0
22.0047,92.292,329.3,1.3,1.1,2013-04-08,0727,Aqua,MODIS,74,6.2,306.1,19.9,D,0
21.9817,92.2719,325.1,1.3,1.1,2013-04-08,0727,Aqua,MODIS,36,6.2,307.4,9.9,D,0
23.0199,91.8615,328.6,1.3,1.1,2013-04-08,0727,Aqua,MODIS,76,6.2,307.8,18.2,D,0
22.1353,92.2689,371.3,1.3,1.1,2013-04-08,0727,Aqua,MODIS,100,6.2,312.8,150,D,0
22.8633,91.9954,329.8,1.3,1.1,2013-04-08,0727,Aqua,MODIS,77,6.2,306.2,21.8,D,0
22.8113,91.8972,327.9,1.3,1.1,2013-04-08,0727,Aqua,MODIS,74,6.2,307.7,15.3,D,0
21.0849,92.1792,322.2,1.2,1.1,2013-04-08,0727,Aqua,MODIS,61,6.2,307.2,9.9,D,0
21.6168,92.1996,325.4,1.3,1.1,2013-04-08,0727,Aqua,MODIS,68,6.2,308.8,13.7,D,0
21.6183,92.2116,326,1.3,1.1,2013-04-08,0727,Aqua,MODIS,69,6.2,308.1,14.5,D,0
22.1829,92.1685,327.2,1.3,1.1,2013-04-08,0727,Aqua,MODIS,71,6.2,309.6,13.9,D,0
22.4382,92.3419,321.5,1.3,1.1,2013-04-08,0727,Aqua,MODIS,47,6.2,306.1,8,D,0
22.1315,92.2513,332.4,1.3,1.1,2013-04-08,0727,Aqua,MODIS,66,6.2,312.5,21,D,0
21.9543,92.3,328.5,1.3,1.1,2013-04-08,0727,Aqua,MODIS,39,6.2,308,15.9,D,0
22.1734,92.2578,327.2,1.3,1.1,2013-04-08,0727,Aqua,MODIS,72,6.2,307,14.7,D,0
22.1633,92.2595,326.4,1.3,1.1,2013-04-08,0727,Aqua,MODIS,63,6.2,307.8,13.3,D,0
21.1757,92.0869,325.2,1.2,1.1,2013-04-08,0727,Aqua,MODIS,70,6.2,307.3,14.7,D,0
22.1338,92.2567,359.3,1.3,1.1,2013-04-08,0727,Aqua,MODIS,99,6.2,312.6,96.8,D,0
21.1856,92.0855,328.3,1.2,1.1,2013-04-08,0727,Aqua,MODIS,71,6.2,306.2,18.9,D,0
22.1252,92.2704,340.2,1.3,1.1,2013-04-08,0727,Aqua,MODIS,87,6.2,311.2,37.9,D,0
21.854,92.2209,323.7,1.3,1.1,2013-04-08,0727,Aqua,MODIS,62,6.2,307.3,9.6,D,0
22.0676,92.3038,334.3,1.3,1.1,2013-04-08,0727,Aqua,MODIS,81,6.2,309,30.6,D,0
23.5329,92.0593,317.3,1.3,1.1,2013-04-08,0727,Aqua,MODIS,49,6.2,303.8,8.7,D,0
22.0697,92.153,328.1,1.3,1.1,2013-04-08,0727,Aqua,MODIS,72,6.2,307.9,15.6,D,0
23.2259,92.2265,326.2,1.3,1.1,2013-04-08,0727,Aqua,MODIS,64,6.2,305.9,16.4,D,0
21.582,92.3212,325.3,1.3,1.1,2013-04-08,0727,Aqua,MODIS,68,6.2,306.3,13.4,D,0
22.1369,92.2813,338.9,1.3,1.1,2013-04-08,0727,Aqua,MODIS,80,6.2,308.1,35.6,D,0
21.6248,92.3476,322.2,1.3,1.1,2013-04-08,0727,Aqua,MODIS,57,6.2,303.6,9.4,D,0
22.0682,92.1408,332.7,1.3,1.1,2013-04-08,0727,Aqua,MODIS,79,6.2,308.4,23.8,D,0
24.3951,88.95,324.8,1,1,2013-04-08,0728,Aqua,MODIS,44,6.2,312.8,5.7,D,0
25.471,89.6515,315.2,1.3,1.1,2013-04-09,0500,Terra,MODIS,0,6.2,299.3,10,D,0
21.7187,92.4834,318.4,2.3,1.5,2013-04-09,0501,Terra,MODIS,19,6.2,301.1,23.9,D,0
21.7225,92.4626,322.8,2.3,1.5,2013-04-09,0501,Terra,MODIS,57,6.2,301.7,39.6,D,0
21.7328,92.4705,316.9,2.3,1.5,2013-04-09,0501,Terra,MODIS,26,6.2,301.4,19.9,D,0
21.7197,92.4683,321.9,2.3,1.5,2013-04-09,0501,Terra,MODIS,68,6.2,301.7,37.3,D,0
21.8921,92.3188,321.1,4,1.9,2013-04-09,0632,Aqua,MODIS,60,6.2,300.8,73.9,D,0
21.9035,92.3203,322.4,4,1.9,2013-04-09,0632,Aqua,MODIS,64,6.2,300.8,82.1,D,0
21.3734,92.6011,323.8,3.9,1.8,2013-04-09,0632,Aqua,MODIS,67,6.2,299.7,105.9,D,0
21.8996,92.3536,327.8,4,1.9,2013-04-09,0632,Aqua,MODIS,75,6.2,300.8,126,D,0
21.9105,92.3536,323.4,4,1.9,2013-04-09,0632,Aqua,MODIS,67,6.2,301,88.1,D,0
23.689,92.1689,322.5,3.7,1.8,2013-04-09,0632,Aqua,MODIS,71,6.2,298.1,83.5,D,0
23.6964,92.1629,341.4,3.7,1.8,2013-04-09,0632,Aqua,MODIS,82,6.2,298.8,240,D,0
23.7051,92.1657,340.8,3.7,1.8,2013-04-09,0632,Aqua,MODIS,86,6.2,298.3,235,D,0
21.3628,92.5997,319.3,3.9,1.8,2013-04-09,0632,Aqua,MODIS,48,6.2,299.6,71.3,D,0
21.8046,92.2597,319,4.1,1.9,2013-04-09,0632,Aqua,MODIS,49,6.2,299.7,67.7,D,0
23.7124,92.1593,320.8,3.7,1.8,2013-04-09,0632,Aqua,MODIS,69,6.2,298,69.5,D,0
22.1466,92.503,306.5,1.2,1.1,2013-04-09,1556,Terra,MODIS,68,6.2,294.7,7.8,N,0
21.7052,92.3849,308.6,1.2,1.1,2013-04-09,1556,Terra,MODIS,75,6.2,295.9,9.3,N,0
24.2001,89.231,309.8,1.7,1.3,2013-04-09,1557,Terra,MODIS,76,6.2,295.9,16.6,N,0
21.7929,92.3046,366,1,1,2013-04-10,0714,Aqua,MODIS,100,6.2,309.2,89.5,D,0
21.7799,92.2773,336,1,1,2013-04-10,0714,Aqua,MODIS,83,6.2,308,22.9,D,0
21.3479,92.6035,340.7,1,1,2013-04-10,0714,Aqua,MODIS,88,6.2,307.6,35.7,D,0
21.7812,92.2869,354.4,1,1,2013-04-10,0714,Aqua,MODIS,97,6.2,308.1,57.9,D,0
21.7826,92.2964,334.6,1,1,2013-04-10,0714,Aqua,MODIS,76,6.2,308,19.9,D,0
21.7839,92.306,400.5,1,1,2013-04-10,0714,Aqua,MODIS,100,6.2,313.4,242.1,D,0
21.7853,92.3156,343.4,1,1,2013-04-10,0714,Aqua,MODIS,90,6.2,304.1,34.7,D,0
21.6361,92.4992,325.6,1,1,2013-04-10,0714,Aqua,MODIS,69,6.2,308,11,D,0
21.788,92.3347,331.1,1,1,2013-04-10,0714,Aqua,MODIS,78,6.2,305.5,16.8,D,0
21.7496,92.3215,333.6,1,1,2013-04-10,0714,Aqua,MODIS,81,6.2,308.2,19.7,D,0
21.7509,92.3311,325.3,1,1,2013-04-10,0714,Aqua,MODIS,66,6.2,305.7,9.2,D,0
21.821,92.3097,324.1,1,1,2013-04-10,0714,Aqua,MODIS,65,6.2,307.4,8.9,D,0
21.8262,92.2728,340.2,1,1,2013-04-10,0714,Aqua,MODIS,87,6.2,308,30.5,D,0
21.6161,92.2284,333.2,1,1,2013-04-10,0714,Aqua,MODIS,81,6.2,305.8,18.8,D,0
21.6059,92.2203,334.3,1,1,2013-04-10,0714,Aqua,MODIS,82,6.2,307,20.8,D,0
21.6072,92.2299,325.6,1,1,2013-04-10,0714,Aqua,MODIS,70,6.2,306,9.6,D,0
21.8249,92.2632,321.9,1,1,2013-04-10,0714,Aqua,MODIS,58,6.2,307.2,6.1,D,0
21.8365,92.2809,334,1,1,2013-04-10,0714,Aqua,MODIS,81,6.2,307.4,20.5,D,0
21.8352,92.2713,333,1,1,2013-04-10,0714,Aqua,MODIS,80,6.2,308,19.1,D,0
21.8503,92.2493,332,1,1,2013-04-10,0714,Aqua,MODIS,79,6.2,308.4,17.4,D,0
21.6945,92.3851,334.1,1,1,2013-04-10,0714,Aqua,MODIS,81,6.2,308,20.9,D,0
21.763,92.4171,328.7,1,1,2013-04-10,0714,Aqua,MODIS,74,6.2,307.7,14.4,D,0
21.5234,92.543,342.9,1,1,2013-04-10,0714,Aqua,MODIS,89,6.2,309.9,35.8,D,0
21.5248,92.5526,345.3,1,1,2013-04-10,0714,Aqua,MODIS,91,6.2,308.9,39.1,D,0
21.5095,92.5747,343.7,1,1,2013-04-10,0714,Aqua,MODIS,90,6.2,307.6,36.8,D,0
21.5109,92.5843,377.8,1,1,2013-04-10,0714,Aqua,MODIS,100,6.2,310.2,133.3,D,0
21.5019,92.5857,343.2,1,1,2013-04-10,0714,Aqua,MODIS,90,6.2,307.1,37.2,D,0
21.4713,92.4407,333.7,1,1,2013-04-10,0714,Aqua,MODIS,82,6.2,306.5,21.9,D,0
21.8936,92.2323,334,1,1,2013-04-10,0714,Aqua,MODIS,81,6.2,309.2,20,D,0
21.9071,92.3279,327.5,1,1,2013-04-10,0714,Aqua,MODIS,53,6.2,308.8,11.5,D,0
21.8833,92.2242,349.2,1,1,2013-04-10,0714,Aqua,MODIS,94,6.2,310.6,45.8,D,0
21.4647,92.5888,400.9,1,1,2013-04-10,0714,Aqua,MODIS,100,6.2,304.5,250.4,D,0
21.4016,92.5948,323.8,1,1,2013-04-10,0714,Aqua,MODIS,37,6.2,308.7,8.2,D,0
21.394,92.6058,330.8,1,1,2013-04-10,0714,Aqua,MODIS,78,6.2,308.5,17.6,D,0
21.385,92.6072,367.8,1,1,2013-04-10,0714,Aqua,MODIS,100,6.2,310.1,98.3,D,0
21.8993,92.467,347.1,1,1,2013-04-10,0714,Aqua,MODIS,92,6.2,313.6,39.3,D,0
21.7805,92.5423,416,1,1,2013-04-10,0714,Aqua,MODIS,100,6.2,319.5,351.4,D,0
21.7819,92.5518,324.4,1,1,2013-04-10,0714,Aqua,MODIS,29,6.2,304.7,7.5,D,0
21.8847,92.2338,333.7,1,1,2013-04-10,0714,Aqua,MODIS,81,6.2,309.4,19.2,D,0
21.8757,92.2352,329.7,1,1,2013-04-10,0714,Aqua,MODIS,76,6.2,308.6,13.2,D,0
21.6941,92.1894,330.8,1,1,2013-04-10,0714,Aqua,MODIS,77,6.2,306.3,16.4,D,0
21.6955,92.1989,348.3,1,1,2013-04-10,0714,Aqua,MODIS,93,6.2,306.7,45.3,D,0
21.6866,92.2004,331.2,1,1,2013-04-10,0714,Aqua,MODIS,78,6.2,306.1,17.3,D,0
21.6879,92.2099,321.4,1,1,2013-04-10,0714,Aqua,MODIS,56,6.2,305.8,5.5,D,0
21.4905,92.245,328.1,1,1,2013-04-10,0714,Aqua,MODIS,74,6.2,307.5,13.5,D,0
21.4891,92.2354,329.6,1,1,2013-04-10,0714,Aqua,MODIS,76,6.2,308.5,15.4,D,0
21.6451,92.4978,339.5,1,1,2013-04-10,0714,Aqua,MODIS,87,6.2,309.2,29.7,D,0
21.8224,92.3193,331.2,1,1,2013-04-10,0714,Aqua,MODIS,78,6.2,307.6,17.6,D,0
21.5037,92.4677,367.5,1,1,2013-04-10,0714,Aqua,MODIS,100,6.2,311.7,95.6,D,0
21.8067,92.2729,343.1,1,1,2013-04-10,0714,Aqua,MODIS,89,6.2,309.1,34.1,D,0
21.808,92.2824,361.5,1,1,2013-04-10,0714,Aqua,MODIS,100,6.2,308.3,75.9,D,0
21.7977,92.2743,345.3,1,1,2013-04-10,0714,Aqua,MODIS,91,6.2,309.4,38.5,D,0
21.7991,92.2839,339.7,1,1,2013-04-10,0714,Aqua,MODIS,87,6.2,307.5,28.3,D,0
21.7809,92.4142,330.5,1,1,2013-04-10,0714,Aqua,MODIS,77,6.2,308.7,15.4,D,0
21.8002,92.4211,328.8,1,1,2013-04-10,0714,Aqua,MODIS,74,6.2,309.5,11.4,D,0
21.7893,92.3443,340,1,1,2013-04-10,0714,Aqua,MODIS,87,6.2,305.6,30.8,D,0
21.8064,92.4003,335.7,1,1,2013-04-10,0714,Aqua,MODIS,83,6.2,311.4,21.8,D,0
21.7902,92.2854,325.2,1,1,2013-04-10,0714,Aqua,MODIS,68,6.2,307.5,9.3,D,0
21.6464,92.5074,328.6,1,1,2013-04-10,0714,Aqua,MODIS,75,6.2,308.6,13.2,D,0
21.7716,92.5436,335.3,1,1,2013-04-10,0714,Aqua,MODIS,82,6.2,310.4,21.4,D,0
21.7792,92.5326,351.2,1,1,2013-04-10,0714,Aqua,MODIS,95,6.2,314.7,49.5,D,0
21.8565,92.2286,343.4,1,1,2013-04-10,0714,Aqua,MODIS,90,6.2,308.6,34.7,D,0
21.4799,92.5667,383.1,1,1,2013-04-10,0714,Aqua,MODIS,100,6.2,313.8,154.9,D,0
21.4812,92.5762,424,1,1,2013-04-10,0714,Aqua,MODIS,100,6.2,318.9,420.3,D,0
21.4826,92.5858,342.5,1,1,2013-04-10,0714,Aqua,MODIS,89,6.2,303.3,36,D,0
21.4709,92.5681,350.3,1,1,2013-04-10,0714,Aqua,MODIS,94,6.2,310,50.1,D,0
21.4723,92.5777,453.4,1,1,2013-04-10,0714,Aqua,MODIS,100,6.2,328.9,749.8,D,0
21.4736,92.5873,427.9,1,1,2013-04-10,0714,Aqua,MODIS,100,6.2,309.3,457.9,D,0
21.4606,92.5599,347.6,1,1,2013-04-10,0714,Aqua,MODIS,93,6.2,306.4,47,D,0
21.462,92.5695,386.9,1,1,2013-04-10,0714,Aqua,MODIS,100,6.2,310,173.3,D,0
21.4633,92.5792,402.1,1,1,2013-04-10,0714,Aqua,MODIS,100,6.2,312.8,256.5,D,0
21.4262,92.5754,336,1,1,2013-04-10,0714,Aqua,MODIS,84,6.2,309.9,25.5,D,0
21.4275,92.585,373.5,1,1,2013-04-10,0714,Aqua,MODIS,100,6.2,310.7,117.2,D,0
21.3885,92.5673,357.4,1,1,2013-04-10,0714,Aqua,MODIS,98,6.2,307.1,69,D,0
21.3899,92.577,404.1,1,1,2013-04-10,0714,Aqua,MODIS,100,6.2,312.6,268.8,D,0
21.3913,92.5866,347,1,1,2013-04-10,0714,Aqua,MODIS,92,6.2,308.6,44.1,D,0
21.7915,92.295,323.9,1,1,2013-04-10,0714,Aqua,MODIS,58,6.2,307.3,7.7,D,0
21.7942,92.3141,333.3,1,1,2013-04-10,0714,Aqua,MODIS,80,6.2,305.6,18.9,D,0
22.3323,92.2771,326.9,1,1,2013-04-10,0715,Aqua,MODIS,70,6.2,309.9,8.7,D,0
22.595,92.3731,327.3,1,1,2013-04-10,0715,Aqua,MODIS,72,6.2,309.9,11,D,0
22.5963,92.3828,323.8,1,1,2013-04-10,0715,Aqua,MODIS,52,6.2,307.8,7.4,D,0
22.5968,92.4521,333.3,1,1,2013-04-10,0715,Aqua,MODIS,80,6.2,309.7,17.3,D,0
23.2268,92.0274,333.3,1,1,2013-04-10,0715,Aqua,MODIS,82,6.2,307.4,18.4,D,0
22.0269,92.3256,330.3,1,1,2013-04-10,0715,Aqua,MODIS,76,6.2,309.8,13.8,D,0
22.0153,92.3078,324.6,1,1,2013-04-10,0715,Aqua,MODIS,65,6.2,309.7,7.2,D,0
24.0904,89.3493,331.2,1.1,1,2013-04-10,0715,Aqua,MODIS,76,6.2,315.8,15,D,0
23.5479,92.0185,337.8,1,1,2013-04-10,0715,Aqua,MODIS,86,6.2,304.6,29.9,D,0
23.5493,92.0282,331.8,1,1,2013-04-10,0715,Aqua,MODIS,80,6.2,303.6,21,D,0
23.4392,92.0989,326.9,1,1,2013-04-10,0715,Aqua,MODIS,74,6.2,303.6,14.7,D,0
23.4378,92.0891,320.6,1,1,2013-04-10,0715,Aqua,MODIS,60,6.2,304,7.8,D,0
23.1275,92.298,340.1,1,1,2013-04-10,0715,Aqua,MODIS,88,6.2,307.8,30.8,D,0
23.1288,92.3078,342.7,1,1,2013-04-10,0715,Aqua,MODIS,89,6.2,307.5,35.7,D,0
23.1185,92.2995,330.8,1,1,2013-04-10,0715,Aqua,MODIS,78,6.2,308.6,16.2,D,0
23.1199,92.3093,332.4,1,1,2013-04-10,0715,Aqua,MODIS,80,6.2,307.9,18.8,D,0
22.8301,91.8912,323.3,1,1,2013-04-10,0715,Aqua,MODIS,63,6.2,307.6,6,D,0
23.3328,91.993,321.4,1,1,2013-04-10,0715,Aqua,MODIS,62,6.2,305.7,6.3,D,0
23.4731,92.0069,370.7,1,1,2013-04-10,0715,Aqua,MODIS,100,6.2,308.3,106.9,D,0
23.4718,91.9972,332.8,1,1,2013-04-10,0715,Aqua,MODIS,82,6.2,306.9,20.5,D,0
22.3902,92.4947,325.3,1,1,2013-04-10,0715,Aqua,MODIS,36,6.2,309.7,8.5,D,0
22.3764,92.5268,321.5,1,1,2013-04-10,0715,Aqua,MODIS,43,6.2,308.3,5.6,D,0
22.1438,92.5074,326.3,1,1,2013-04-10,0715,Aqua,MODIS,54,6.2,308.1,9.5,D,0
22.1424,92.4978,328,1,1,2013-04-10,0715,Aqua,MODIS,65,6.2,309.7,11.5,D,0
22.2734,92.5096,332.4,1,1,2013-04-10,0715,Aqua,MODIS,75,6.2,309.2,17.2,D,0
22.2747,92.5193,333.1,1,1,2013-04-10,0715,Aqua,MODIS,74,6.2,308.5,18.7,D,0
22.258,92.3344,381.6,1,1,2013-04-10,0715,Aqua,MODIS,100,6.2,314.5,145.2,D,0
22.2566,92.3247,369.7,1,1,2013-04-10,0715,Aqua,MODIS,100,6.2,311.9,100.1,D,0
22.9045,92.02,325.3,1,1,2013-04-10,0715,Aqua,MODIS,70,6.2,308.1,9.9,D,0
22.1698,92.5627,363.3,1,1,2013-04-10,0715,Aqua,MODIS,100,6.2,311.7,81.8,D,0
22.1787,92.5612,332.5,1,1,2013-04-10,0715,Aqua,MODIS,68,6.2,310.5,17.1,D,0
22.1877,92.5598,344.4,1,1,2013-04-10,0715,Aqua,MODIS,90,6.2,310.9,36.8,D,0
21.9093,92.2787,324.7,1,1,2013-04-10,0715,Aqua,MODIS,50,6.2,308.1,9.4,D,0
21.916,92.3265,328.1,1,1,2013-04-10,0715,Aqua,MODIS,34,6.2,309.3,12.2,D,0
22.9237,91.77,324.9,1,1,2013-04-10,0715,Aqua,MODIS,69,6.2,307,9.6,D,0
22.2631,92.176,325.6,1,1,2013-04-10,0715,Aqua,MODIS,68,6.2,308.1,9.2,D,0
22.3317,92.2082,324.9,1,1,2013-04-10,0715,Aqua,MODIS,66,6.2,307.6,8.1,D,0
21.9512,92.5114,325.1,1,1,2013-04-10,0715,Aqua,MODIS,49,6.2,308.6,9,D,0
23.4618,92.1948,330.3,1,1,2013-04-10,0715,Aqua,MODIS,78,6.2,304.6,18.1,D,0
23.4631,92.2046,326.8,1,1,2013-04-10,0715,Aqua,MODIS,73,6.2,304.6,14.2,D,0
23.3526,92.1987,326.4,1,1,2013-04-10,0715,Aqua,MODIS,72,6.2,307.6,10.2,D,0
23.4004,92.215,321.3,1,1,2013-04-10,0715,Aqua,MODIS,37,6.2,306,6.3,D,0
22.0807,92.5136,338.9,1,1,2013-04-10,0715,Aqua,MODIS,85,6.2,311.4,26.5,D,0
22.0821,92.5234,345.9,1,1,2013-04-10,0715,Aqua,MODIS,91,6.2,312.5,38.8,D,0
23.2692,92.1993,322.6,1,1,2013-04-10,0715,Aqua,MODIS,54,6.2,306.2,5.1,D,0
22.0979,92.1805,324.7,1,1,2013-04-10,0715,Aqua,MODIS,54,6.2,309.7,7.6,D,0
23.2577,89.8799,321.7,1,1,2013-04-11,0448,Terra,MODIS,29,6.2,301.5,9.6,D,0
22.4465,92.2841,323.4,1.3,1.1,2013-04-11,0448,Terra,MODIS,70,6.2,304.3,16.1,D,0
23.2592,89.87,335,1,1,2013-04-11,0448,Terra,MODIS,85,6.2,300.4,25.6,D,0
22.6903,92.0563,321,1.3,1.1,2013-04-11,0448,Terra,MODIS,67,6.2,303.3,12,D,0
21.5689,92.4591,318.8,4.7,2,2013-04-11,0757,Aqua,MODIS,70,6.2,299.9,57.3,D,0
21.5685,92.4676,318.3,4.7,2,2013-04-11,0757,Aqua,MODIS,69,6.2,299.9,52.4,D,0
21.4502,92.5684,317.5,4.8,2,2013-04-11,0757,Aqua,MODIS,66,6.2,299,65.2,D,0
21.5122,92.4207,322.4,4.7,2,2013-04-11,0757,Aqua,MODIS,64,6.2,300.3,89.1,D,0
21.5115,92.4292,327.2,4.7,2,2013-04-11,0757,Aqua,MODIS,80,6.2,300.6,144.5,D,0
21.4531,92.5741,317.1,4.8,2,2013-04-11,0757,Aqua,MODIS,67,6.2,299,63.7,D,0
21.5154,92.4646,328.3,4.7,2,2013-04-11,0757,Aqua,MODIS,81,6.2,299.8,152.8,D,0
21.7971,92.4222,321.9,4.7,2,2013-04-11,0757,Aqua,MODIS,47,6.2,301.6,70.2,D,0
21.7534,92.2988,341.8,4.6,2,2013-04-11,0757,Aqua,MODIS,91,6.2,301.1,313.4,D,0
21.7697,92.2923,324.3,4.6,2,2013-04-11,0757,Aqua,MODIS,77,6.2,301.1,99.2,D,0
21.6989,92.5283,324.5,4.8,2,2013-04-11,0757,Aqua,MODIS,57,6.2,300.7,105.8,D,0
21.6991,92.5369,324.6,4.8,2,2013-04-11,0757,Aqua,MODIS,78,6.2,300.6,116.3,D,0
21.7523,92.3073,338.8,4.6,2,2013-04-11,0757,Aqua,MODIS,89,6.2,300.8,265.1,D,0
21.5149,92.4722,323.2,4.7,2,2013-04-11,0757,Aqua,MODIS,76,6.2,299.4,105.4,D,0
21.7815,92.4287,324.4,4.7,2,2013-04-11,0757,Aqua,MODIS,52,6.2,302.1,97.4,D,0
21.7672,92.4854,323.7,4.7,2,2013-04-11,0757,Aqua,MODIS,40,6.2,301.6,95.5,D,0
21.7633,92.4381,332.6,4.7,2,2013-04-11,0757,Aqua,MODIS,85,6.2,301.9,190.3,D,0
21.689,92.3915,320.9,4.7,2,2013-04-11,0757,Aqua,MODIS,22,6.2,300.7,65.4,D,0
21.7673,92.4769,330,4.7,2,2013-04-11,0757,Aqua,MODIS,79,6.2,302,159,D,0
21.7636,92.4299,327.5,4.7,2,2013-04-11,0757,Aqua,MODIS,62,6.2,301.4,126.1,D,0
21.6992,92.3118,324.6,4.6,2,2013-04-11,0757,Aqua,MODIS,37,6.2,301,92,D,0
23.1319,91.8662,317,4.4,1.9,2013-04-11,0758,Aqua,MODIS,58,6.2,299,42.7,D,0
22.7375,92.0478,316.5,4.5,2,2013-04-11,0758,Aqua,MODIS,56,6.2,300,48.7,D,0
21.7327,92.4594,318.9,3.8,1.8,2013-04-12,0353,Terra,MODIS,53,6.2,296.2,59.4,D,0
21.7257,92.4522,317.9,3.8,1.8,2013-04-12,0353,Terra,MODIS,29,6.2,296.5,51.4,D,0
21.3774,92.5923,343.6,1.2,1.1,2013-04-12,0702,Aqua,MODIS,91,6.2,302.9,49.5,D,0
21.4427,92.482,321.6,1.2,1.1,2013-04-12,0702,Aqua,MODIS,41,6.2,304.4,8.9,D,0
21.4523,92.4803,324.6,1.2,1.1,2013-04-12,0702,Aqua,MODIS,71,6.2,303.8,13.1,D,0
21.4487,92.458,331,1.2,1.1,2013-04-12,0702,Aqua,MODIS,80,6.2,304,22.2,D,0
21.5307,92.5188,327.2,1.2,1.1,2013-04-12,0702,Aqua,MODIS,75,6.2,302.8,18.2,D,0
21.5228,92.5308,324.2,1.2,1.1,2013-04-12,0702,Aqua,MODIS,66,6.2,302.8,13.6,D,0
21.7234,92.2611,360.3,1.2,1.1,2013-04-12,0702,Aqua,MODIS,100,6.2,302.4,97.2,D,0
21.7463,92.2801,323.3,1.2,1.1,2013-04-12,0702,Aqua,MODIS,68,6.2,301,13.6,D,0
21.7679,92.2694,328.8,1.2,1.1,2013-04-12,0702,Aqua,MODIS,77,6.2,302.6,19.9,D,0
21.7661,92.258,336.1,1.2,1.1,2013-04-12,0702,Aqua,MODIS,85,6.2,303.4,32.5,D,0
21.7627,92.1766,332,1.2,1.1,2013-04-12,0702,Aqua,MODIS,81,6.2,304.4,26.2,D,0
21.7872,92.2656,319.7,1.2,1.1,2013-04-12,0702,Aqua,MODIS,52,6.2,302.9,7.6,D,0
21.9894,92.2507,322.5,1.2,1.1,2013-04-12,0702,Aqua,MODIS,64,6.2,303.5,10.7,D,0
21.9292,92.2687,320,1.2,1.1,2013-04-12,0702,Aqua,MODIS,59,6.2,301.9,8.1,D,0
21.9095,92.3316,334,1.2,1.1,2013-04-12,0702,Aqua,MODIS,83,6.2,305,28.5,D,0
21.9111,92.3418,348.9,1.2,1.1,2013-04-12,0702,Aqua,MODIS,94,6.2,304.5,60.6,D,0
21.8815,92.2191,328.4,1.2,1.1,2013-04-12,0702,Aqua,MODIS,76,6.2,304.5,19.1,D,0
21.9,92.3338,343.5,1.2,1.1,2013-04-12,0702,Aqua,MODIS,90,6.2,304.3,48.5,D,0
21.9016,92.344,345.6,1.2,1.1,2013-04-12,0702,Aqua,MODIS,92,6.2,304.7,52.9,D,0
21.8551,92.3807,326.5,1.2,1.1,2013-04-12,0702,Aqua,MODIS,68,6.2,305.3,14.8,D,0
21.5202,92.393,348.2,1.2,1.1,2013-04-12,0702,Aqua,MODIS,93,6.2,302.7,59.6,D,0
21.5184,92.3819,345.4,1.2,1.1,2013-04-12,0702,Aqua,MODIS,92,6.2,303.7,53.7,D,0
21.5167,92.3716,322.7,1.2,1.1,2013-04-12,0702,Aqua,MODIS,67,6.2,302.9,11.7,D,0
21.6171,92.3566,324.4,1.2,1.1,2013-04-12,0702,Aqua,MODIS,70,6.2,303.6,12.5,D,0
21.7137,92.2629,317.4,1.2,1.1,2013-04-12,0702,Aqua,MODIS,25,6.2,298.7,4.9,D,0
21.8872,92.438,325.8,1.2,1.1,2013-04-12,0702,Aqua,MODIS,72,6.2,306.2,11.7,D,0
21.8569,92.3916,326.4,1.2,1.1,2013-04-12,0702,Aqua,MODIS,73,6.2,306.5,13.5,D,0
21.8664,92.3898,326.5,1.2,1.1,2013-04-12,0702,Aqua,MODIS,73,6.2,305.5,13.2,D,0
22.0582,92.5591,336.1,1.1,1.1,2013-04-12,0702,Aqua,MODIS,84,6.2,306.7,29.1,D,0
22.376,92.418,335.5,1.2,1.1,2013-04-12,0702,Aqua,MODIS,84,6.2,305.1,26.6,D,0
22.3725,92.3959,327.4,1.2,1.1,2013-04-12,0702,Aqua,MODIS,75,6.2,303.3,14,D,0
22.3009,92.2208,320.6,1.2,1.1,2013-04-12,0702,Aqua,MODIS,61,6.2,302.6,8.3,D,0
22.3438,92.2176,321.4,1.2,1.1,2013-04-12,0702,Aqua,MODIS,63,6.2,303.2,8.6,D,0
21.6838,92.4021,322.9,1.2,1.1,2013-04-12,0702,Aqua,MODIS,67,6.2,304.6,10.6,D,0
21.7241,92.5723,343.4,1.2,1.1,2013-04-12,0702,Aqua,MODIS,90,6.2,305.4,44.7,D,0
21.7223,92.5609,361,1.2,1.1,2013-04-12,0702,Aqua,MODIS,100,6.2,307.4,93.2,D,0
21.1748,92.0969,318.6,1.2,1.1,2013-04-12,0702,Aqua,MODIS,40,6.2,303.2,7.7,D,0
21.6047,92.2185,325.2,1.2,1.1,2013-04-12,0702,Aqua,MODIS,71,6.2,303.3,14.9,D,0
21.6029,92.207,321.6,1.2,1.1,2013-04-12,0702,Aqua,MODIS,51,6.2,304.5,9.5,D,0
21.5096,92.2665,340.6,1.2,1.1,2013-04-12,0702,Aqua,MODIS,88,6.2,304.2,42.6,D,0
22.3707,92.3848,335.8,1.2,1.1,2013-04-12,0702,Aqua,MODIS,84,6.2,304.8,28.3,D,0
22.2673,92.3196,372.9,1.2,1.1,2013-04-12,0702,Aqua,MODIS,100,6.2,304.8,141.1,D,0
22.2577,92.3214,322.8,1.2,1.1,2013-04-12,0702,Aqua,MODIS,30,6.2,303.2,7.9,D,0
21.5115,92.2779,339.1,1.2,1.1,2013-04-12,0702,Aqua,MODIS,87,6.2,303.2,39.5,D,0
21.7336,92.5703,326.3,1.2,1.1,2013-04-12,0702,Aqua,MODIS,63,6.2,306.9,14.2,D,0
21.7318,92.5591,336.8,1.2,1.1,2013-04-12,0702,Aqua,MODIS,85,6.2,306,30.5,D,0
21.3756,92.5815,399.3,1.2,1.1,2013-04-12,0702,Aqua,MODIS,100,6.2,306.3,299.1,D,0
21.6329,92.5153,320.9,1.2,1.1,2013-04-12,0702,Aqua,MODIS,57,6.2,304.9,8.4,D,0
21.374,92.5713,317.6,1.2,1.1,2013-04-12,0702,Aqua,MODIS,31,6.2,301.2,7.8,D,0
21.3852,92.5796,347.6,1.2,1.1,2013-04-12,0702,Aqua,MODIS,93,6.2,305.1,59.1,D,0
21.4311,92.5597,318.2,1.2,1.1,2013-04-12,0702,Aqua,MODIS,30,6.2,302.6,8.1,D,0
21.426,92.5269,328.6,1.2,1.1,2013-04-12,0702,Aqua,MODIS,77,6.2,303.2,21.6,D,0
21.4242,92.5157,325.8,1.2,1.1,2013-04-12,0702,Aqua,MODIS,73,6.2,303,16.2,D,0
21.7152,92.517,390.9,1.2,1.1,2013-04-12,0702,Aqua,MODIS,100,6.2,309.1,236.8,D,0
21.7169,92.5276,333.9,1.2,1.1,2013-04-12,0702,Aqua,MODIS,82,6.2,304.6,25.9,D,0
21.7056,92.5187,331.6,1.2,1.1,2013-04-12,0702,Aqua,MODIS,80,6.2,304.4,23.1,D,0
21.4291,92.5196,326.3,1.2,1.1,2013-04-12,0702,Aqua,MODIS,74,6.2,303.1,18.8,D,0
21.4501,92.5274,349,1.2,1.1,2013-04-12,0702,Aqua,MODIS,94,6.2,302.2,64.1,D,0
21.4482,92.5157,339.6,1.2,1.1,2013-04-12,0702,Aqua,MODIS,88,6.2,303.9,41.6,D,0
21.4779,92.5786,321.1,1.2,1.1,2013-04-12,0702,Aqua,MODIS,54,6.2,305.2,10.7,D,0
22.1103,92.2463,337.8,1.2,1.1,2013-04-12,0702,Aqua,MODIS,86,6.2,304.5,34.5,D,0
21.7713,92.4375,325.3,1.2,1.1,2013-04-12,0702,Aqua,MODIS,69,6.2,303.2,12.2,D,0
21.4789,92.5229,321.2,1.2,1.1,2013-04-12,0702,Aqua,MODIS,57,6.2,300.3,11.6,D,0
21.4769,92.5109,360.7,1.2,1.1,2013-04-12,0702,Aqua,MODIS,100,6.2,304.4,98.5,D,0
21.4996,92.5298,323.4,1.2,1.1,2013-04-12,0702,Aqua,MODIS,31,6.2,302.6,12.8,D,0
21.5238,92.4155,330.9,1.2,1.1,2013-04-12,0702,Aqua,MODIS,79,6.2,303.4,23,D,0
21.5211,92.5206,333,1.2,1.1,2013-04-12,0702,Aqua,MODIS,82,6.2,302.8,27.8,D,0
21.4892,92.5877,318.1,1.2,1.1,2013-04-12,0702,Aqua,MODIS,26,6.2,303.5,7.1,D,0
21.503,92.5511,338.6,1.2,1.1,2013-04-12,0702,Aqua,MODIS,87,6.2,303.6,37.2,D,0
21.5013,92.5401,343.8,1.2,1.1,2013-04-12,0702,Aqua,MODIS,91,6.2,304.6,49.1,D,0
21.7493,92.3613,340.3,1.2,1.1,2013-04-12,0702,Aqua,MODIS,88,6.2,303.8,41.7,D,0
21.768,92.4168,324.2,1.2,1.1,2013-04-12,0702,Aqua,MODIS,58,6.2,304.3,12,D,0
21.7696,92.4268,384.3,1.2,1.1,2013-04-12,0702,Aqua,MODIS,100,6.2,307.4,200,D,0
21.7426,92.4431,327.8,1.2,1.1,2013-04-12,0702,Aqua,MODIS,75,6.2,304.8,17.2,D,0
21.7242,92.3894,334.3,1.2,1.1,2013-04-12,0702,Aqua,MODIS,83,6.2,304.5,29.3,D,0
21.726,92.4011,330,1.2,1.1,2013-04-12,0702,Aqua,MODIS,78,6.2,302.9,22,D,0
21.7134,92.5061,347.5,1.2,1.1,2013-04-12,0702,Aqua,MODIS,93,6.2,306.1,55.4,D,0
23.134,92.0246,338.3,1.2,1.1,2013-04-12,0703,Aqua,MODIS,87,6.2,303.2,36,D,0
23.5601,91.9814,317.9,1.2,1.1,2013-04-12,0703,Aqua,MODIS,52,6.2,301.3,8.3,D,0
24.2273,89.1617,339.9,1.7,1.3,2013-04-12,0703,Aqua,MODIS,87,6.2,307.1,57.2,D,0
23.1249,92.2958,346.5,1.1,1.1,2013-04-12,0703,Aqua,MODIS,92,6.2,305.2,52.3,D,0
23.5582,91.9702,338.1,1.2,1.1,2013-04-12,0703,Aqua,MODIS,87,6.2,303.1,38.5,D,0
23.1358,92.036,332.4,1.2,1.1,2013-04-12,0703,Aqua,MODIS,82,6.2,299.2,25.7,D,0
23.2386,91.9743,319.1,1.2,1.1,2013-04-12,0703,Aqua,MODIS,53,6.2,299.9,5.1,D,0
22.9198,92.2903,386.8,1.1,1.1,2013-04-12,0703,Aqua,MODIS,100,6.2,307,209.9,D,0
23.4073,92.0575,328.5,1.2,1.1,2013-04-12,0703,Aqua,MODIS,78,6.2,302.9,20.8,D,0
24.2302,89.1778,333.7,1.7,1.3,2013-04-12,0703,Aqua,MODIS,77,6.2,307,37.4,D,0
25.7417,88.5683,319.3,1.7,1.3,2013-04-12,0703,Aqua,MODIS,39,6.2,303.5,16.9,D,0
25.7391,88.5621,319.9,1.7,1.3,2013-04-12,0703,Aqua,MODIS,45,6.2,303.7,16.8,D,0
23.5648,91.9465,326.4,1,1,2013-04-13,0436,Terra,MODIS,77,6.2,301.4,14.4,D,0
24.256,89.1462,331.9,1.2,1.1,2013-04-13,0436,Terra,MODIS,79,6.2,308.9,19.4,D,0
22.0529,92.5548,324.1,1,1,2013-04-13,0436,Terra,MODIS,55,6.2,305.8,9,D,0
22.9194,89.6076,319,1.1,1.1,2013-04-13,0436,Terra,MODIS,53,6.2,302,7.5,D,0
21.6784,92.3265,323.1,2.7,1.6,2013-04-13,0745,Aqua,MODIS,54,6.2,301.6,34.3,D,0
22.2685,92.1637,319.7,2.7,1.6,2013-04-13,0745,Aqua,MODIS,60,6.2,301.7,25.5,D,0
21.6832,92.3182,327.8,2.7,1.6,2013-04-13,0745,Aqua,MODIS,73,6.2,302,58.2,D,0
21.6742,92.4283,320.2,2.8,1.6,2013-04-13,0745,Aqua,MODIS,51,6.2,300.9,28,D,0
21.69,92.2988,322.2,2.7,1.6,2013-04-13,0745,Aqua,MODIS,26,6.2,301.7,29.1,D,0
21.4941,92.4377,330.2,2.8,1.6,2013-04-13,0745,Aqua,MODIS,78,6.2,301.2,78.8,D,0
21.3907,92.5893,319.8,2.8,1.6,2013-04-13,0745,Aqua,MODIS,53,6.2,299.9,36.4,D,0
21.4984,92.43,326.6,2.8,1.6,2013-04-13,0745,Aqua,MODIS,72,6.2,301.2,59.2,D,0
21.3877,92.5591,321.7,2.8,1.6,2013-04-13,0745,Aqua,MODIS,61,6.2,299.7,43.9,D,0
22.312,92.2869,322.5,2.8,1.6,2013-04-13,0745,Aqua,MODIS,69,6.2,301.9,32.5,D,0
24.2493,89.1436,335.9,1.7,1.3,2013-04-13,0746,Aqua,MODIS,82,6.2,308.4,43.4,D,0
23.368,92.1576,321.2,2.8,1.6,2013-04-13,0746,Aqua,MODIS,67,6.2,300.9,32.8,D,0
24.2467,89.1369,332.8,1.7,1.3,2013-04-13,0746,Aqua,MODIS,79,6.2,308.6,34.5,D,0
23.1737,91.8717,324.7,2.6,1.6,2013-04-13,0746,Aqua,MODIS,74,6.2,300.9,43.8,D,0
23.1636,91.8678,320.1,2.6,1.6,2013-04-13,0746,Aqua,MODIS,64,6.2,300.7,24.2,D,0
23.3648,92.2618,326.7,2.8,1.6,2013-04-13,0746,Aqua,MODIS,76,6.2,301,60,D,0
23.3638,92.2675,327.5,2.8,1.6,2013-04-13,0746,Aqua,MODIS,77,6.2,300.9,67.6,D,0
24.2474,89.1267,328.1,1.7,1.3,2013-04-13,0746,Aqua,MODIS,70,6.2,308,19.2,D,0
22.2023,92.2686,315.7,4.7,2,2013-04-14,0519,Terra,MODIS,64,6.2,293.1,53.7,D,0
22.2021,92.2733,317.2,4.7,2,2013-04-14,0519,Terra,MODIS,67,6.2,293,69.2,D,0
22.1979,92.2863,322.4,1.8,1.3,2013-04-14,0650,Aqua,MODIS,57,6.2,296.2,23.9,D,0
22.173,92.5284,317.9,1.8,1.3,2013-04-14,0650,Aqua,MODIS,35,6.2,300.7,15.1,D,0
21.4529,92.5306,315.9,1.8,1.3,2013-04-14,0650,Aqua,MODIS,49,6.2,298.3,15.1,D,0
22.2097,92.2839,327.9,1.8,1.3,2013-04-14,0650,Aqua,MODIS,77,6.2,296.2,36.3,D,0
22.2077,92.2955,327.2,1.8,1.3,2013-04-14,0650,Aqua,MODIS,77,6.2,297,33.3,D,0
21.5223,92.5881,330.1,1.7,1.3,2013-04-15,0733,Aqua,MODIS,76,6.2,291,51.2,D,0
22.1819,92.2764,322.1,1.6,1.3,2013-04-15,0733,Aqua,MODIS,65,6.2,301,18.6,D,0
21.0834,92.1769,312.8,2.9,1.6,2013-04-16,0507,Terra,MODIS,47,6.2,295.3,21.4,D,0
22.0946,92.1144,320.8,1,1,2013-04-19,0708,Aqua,MODIS,59,6.2,300.2,8.7,D,0
23.0619,92.2877,329.4,1,1,2013-04-19,0709,Aqua,MODIS,80,6.2,305,17.9,D,0
23.1112,92.3093,322.1,1,1,2013-04-19,0709,Aqua,MODIS,45,6.2,304.4,9.2,D,0
22.9376,91.8876,322.3,1,1,2013-04-19,0709,Aqua,MODIS,69,6.2,304.3,8.3,D,0
22.9391,91.8977,349.7,1,1,2013-04-19,0709,Aqua,MODIS,95,6.2,305.2,53,D,0
23.1813,92.2803,319.7,1,1,2013-04-19,0709,Aqua,MODIS,55,6.2,303.5,6.5,D,0
22.0377,91.961,317.4,1.1,1,2013-04-20,0442,Terra,MODIS,61,6.2,301.6,6.9,D,0
23.0137,91.8103,330.7,1.1,1,2013-04-20,0442,Terra,MODIS,82,6.2,303.1,20.2,D,0
22.9231,92.3014,310.4,1.4,1.2,2013-04-21,0656,Aqua,MODIS,47,6.2,285.2,13.8,D,0
22.2623,92.1668,320.6,1.5,1.2,2013-04-21,0656,Aqua,MODIS,50,6.2,300.2,13,D,0
22.2729,92.1647,322.3,1.5,1.2,2013-04-21,0656,Aqua,MODIS,74,6.2,300.6,16.8,D,0
22.212,92.2823,322.5,1.4,1.2,2013-04-21,0656,Aqua,MODIS,73,6.2,301.1,17,D,0
22.1185,92.2795,322.9,1.4,1.2,2013-04-21,0656,Aqua,MODIS,68,6.2,301.3,14.7,D,0
22.1161,92.2655,319.6,1.4,1.2,2013-04-21,0656,Aqua,MODIS,35,6.2,301.6,9.3,D,0
22.1828,92.3023,319,1.4,1.2,2013-04-21,0656,Aqua,MODIS,60,6.2,299.8,10.4,D,0
22.1805,92.2886,317,1.4,1.2,2013-04-21,0656,Aqua,MODIS,51,6.2,298.8,7.8,D,0
21.9184,92.5038,321.8,3.8,1.8,2013-04-23,0513,Terra,MODIS,74,6.2,298.2,80.7,D,0
21.9093,92.5081,319.4,3.8,1.8,2013-04-23,0513,Terra,MODIS,71,6.2,298.1,63.1,D,0
22.3413,89.288,312.4,3.9,1.8,2013-04-23,0644,Aqua,MODIS,0,6.2,295.6,46.8,D,0
22.287,92.1579,328.3,2.4,1.5,2013-04-23,0644,Aqua,MODIS,78,6.2,301.1,66,D,0
22.2031,92.2781,319.4,2.4,1.5,2013-04-23,0644,Aqua,MODIS,61,6.2,302.8,24.6,D,0
22.122,92.359,310.2,1,1,2013-04-23,1608,Terra,MODIS,80,6.2,294.1,8.7,N,0
23.3871,92.1541,325.5,1.3,1.1,2013-04-24,0727,Aqua,MODIS,74,6.2,304.6,17.1,D,0
21.4869,92.5715,389.1,1.3,1.1,2013-04-24,0727,Aqua,MODIS,100,6.2,307,273.9,D,0
21.4782,92.5852,349.6,1.3,1.1,2013-04-24,0727,Aqua,MODIS,94,6.2,305.1,73.8,D,0
21.4767,92.5727,328,1.3,1.1,2013-04-24,0727,Aqua,MODIS,64,6.2,306.3,20.7,D,0
21.4885,92.584,434.4,1.3,1.1,2013-04-24,0727,Aqua,MODIS,100,6.2,311.3,783.5,D,0
22.7134,91.7198,321.7,1.2,1.1,2013-04-24,0727,Aqua,MODIS,64,6.2,304.4,9.8,D,0
22.1837,92.2834,325.5,1.3,1.1,2013-04-24,0727,Aqua,MODIS,68,6.2,306.2,10.9,D,0
22.5797,91.7153,322.6,1.2,1.1,2013-04-24,0727,Aqua,MODIS,49,6.2,304.9,10.7,D,0
22.0555,92.4985,324.8,1.3,1.1,2013-04-24,0727,Aqua,MODIS,67,6.2,305.6,12.3,D,0
22.0044,92.2329,325.1,1.3,1.1,2013-04-24,0727,Aqua,MODIS,68,6.2,306.6,10.8,D,0
23.1706,92.296,323.6,1.3,1.1,2013-04-24,0727,Aqua,MODIS,48,6.2,306.6,12.4,D,0
21.6995,92.349,322.5,1,1,2013-04-26,0714,Aqua,MODIS,65,6.2,304.1,6.7,D,0
22.6115,91.9639,323.5,1,1,2013-04-26,0715,Aqua,MODIS,68,6.2,301,10.8,D,0
23.2739,92.2922,322.7,1,1,2013-04-26,0715,Aqua,MODIS,62,6.2,302.4,10.5,D,0
22.5919,92.4764,323.6,1,1,2013-04-26,0715,Aqua,MODIS,62,6.2,307.6,6.5,D,0
22.1638,92.2522,323.2,1,1,2013-04-26,0715,Aqua,MODIS,65,6.2,305.1,8.5,D,0
21.774,92.1646,324,1,1,2013-04-26,0715,Aqua,MODIS,68,6.2,305,8.8,D,0
21.7726,92.155,321.9,1,1,2013-04-26,0715,Aqua,MODIS,62,6.2,304.7,6.6,D,0
21.7924,92.23,323.7,1,1,2013-04-26,0715,Aqua,MODIS,67,6.2,304.6,8.7,D,0
26.2119,89.0087,319.7,1,1,2013-04-27,0447,Terra,MODIS,29,6.2,302.5,9.1,D,0
21.2882,92.1596,314.3,4.4,1.9,2013-04-27,0757,Aqua,MODIS,55,6.2,294.4,41.6,D,0
21.5333,92.1505,336.2,1,1,2013-04-29,0436,Terra,MODIS,86,6.2,299.3,29.9,D,0
21.5319,92.1601,328.8,1,1,2013-04-29,0436,Terra,MODIS,79,6.2,297.7,19.4,D,0
22.2755,92.1676,317.3,1.9,1.3,2013-04-30,0650,Aqua,MODIS,51,6.2,299.4,13.7,D,0
22.416,92.5097,319.5,1.8,1.3,2013-04-30,0650,Aqua,MODIS,60,6.2,301.2,16.1,D,0
22.0399,92.5431,342.8,1.8,1.3,2013-04-30,0650,Aqua,MODIS,90,6.2,300.6,83.8,D,0
21.7948,92.5167,323.8,1.1,1.1,2013-05-01,0424,Terra,MODIS,65,6.2,303.4,7.4,D,0
22.0466,92.5512,329.9,1.1,1.1,2013-05-01,0424,Terra,MODIS,73,6.2,305.2,16.2,D,0
22.0333,92.5431,329.2,1.7,1.3,2013-05-01,0733,Aqua,MODIS,74,6.2,303.3,26.9,D,0
21.7902,92.512,325.1,1.7,1.3,2013-05-01,0733,Aqua,MODIS,65,6.2,303.5,18.4,D,0
22.0465,92.5571,340.3,1.7,1.3,2013-05-01,0733,Aqua,MODIS,87,6.2,302.1,64.4,D,0
22.0329,92.5332,325.5,1.7,1.3,2013-05-01,0733,Aqua,MODIS,55,6.2,304.3,17.6,D,0
24.0646,89.7534,322,1.2,1.1,2013-05-01,0734,Aqua,MODIS,0,6.2,304.3,12.7,D,0
21.99,92.5599,303.9,1,1,2013-05-02,1602,Terra,MODIS,26,6.2,282.7,6.2,N,0
22.0367,92.5581,328.2,1.1,1.1,2013-05-03,0721,Aqua,MODIS,60,6.2,306.5,12.7,D,0
22.4186,92.2537,321,1.1,1,2013-05-03,0721,Aqua,MODIS,59,6.2,300.3,7.8,D,0
22.3018,92.4011,325.6,1.1,1,2013-05-03,0721,Aqua,MODIS,74,6.2,301,11.8,D,0
22.6639,92.0275,323.9,1.1,1,2013-05-03,0721,Aqua,MODIS,72,6.2,300.1,12.8,D,0
22.4199,92.2641,320.9,1.1,1,2013-05-03,0721,Aqua,MODIS,56,6.2,300.4,7.2,D,0
23.6474,90.4866,306.7,1.1,1,2013-05-07,1621,Terra,MODIS,69,6.2,290.4,7.4,N,0
25.4376,89.7565,317.6,1.1,1,2013-05-26,0727,Aqua,MODIS,25,6.2,297.5,7,D,0
25.3397,89.7151,319.3,1.1,1,2013-05-26,0727,Aqua,MODIS,0,6.2,299.1,8.4,D,0
23.8456,89.4475,318.8,1.3,1.1,2013-05-27,0500,Terra,MODIS,55,6.2,297.2,11.8,D,0
23.8422,89.4617,318.6,1.6,1.2,2013-06-03,0506,Terra,MODIS,0,6.2,298.8,17.3,D,0
23.8422,89.4558,317.5,1.6,1.2,2013-06-03,0506,Terra,MODIS,49,6.2,298.7,15.6,D,0
21.7507,91.8431,314.1,1,1,2013-06-04,0720,Aqua,MODIS,24,6.2,298.2,7.4,D,3
24.1204,88.8515,311.5,2.3,1.5,2013-06-08,0656,Aqua,MODIS,0,6.2,284.5,19.7,D,0
23.8513,90.6734,322.3,1.1,1.1,2013-06-11,0727,Aqua,MODIS,59,6.2,302.2,10.1,D,0
25.4478,89.7804,318,1.2,1.1,2013-06-16,0435,Terra,MODIS,31,6.2,297,8.4,D,0
24.128,88.8646,311.2,2.4,1.5,2013-06-17,0518,Terra,MODIS,23,6.2,292,15.3,D,0
23.9437,90.2866,318.3,1.6,1.2,2013-06-18,0423,Terra,MODIS,57,6.2,296,14.8,D,0
21.7549,91.8412,312.4,1.2,1.1,2013-06-18,0424,Terra,MODIS,40,6.2,296.7,7.6,D,3
25.5386,89.7094,311,1.6,1.2,2013-06-19,0506,Terra,MODIS,0,6.2,290.4,9.7,D,0
23.9432,90.2826,320.9,1.2,1.1,2013-06-22,0708,Aqua,MODIS,64,6.2,298.3,10.9,D,0
24.1542,88.7488,318.4,1.4,1.2,2013-06-22,0708,Aqua,MODIS,27,6.2,295.9,12.3,D,0
25.0473,91.3486,325.2,1.1,1,2013-06-22,0709,Aqua,MODIS,40,6.2,295.4,9.2,D,0
23.8989,90.0402,338.2,2.9,1.6,2013-08-22,2024,Aqua,MODIS,100,6.2,290.8,187.5,N,0
23.8972,90.035,336,2.9,1.6,2013-08-22,2024,Aqua,MODIS,100,6.2,290.8,171.4,N,0
23.8916,90.0632,309.3,3,1.6,2013-08-22,2024,Aqua,MODIS,77,6.2,290.4,35.6,N,0
23.8891,90.0222,315,1,1,2013-08-23,0720,Aqua,MODIS,54,6.2,294.8,5.1,D,0
23.8905,90.0319,360.3,1,1,2013-08-23,0720,Aqua,MODIS,100,6.2,297.5,78.8,D,0
23.9004,90.0373,301.8,1.6,1.3,2013-08-23,1929,Aqua,MODIS,44,6.2,269.1,12.8,N,0
24.2025,90.4165,300.1,1.1,1,2013-10-08,1941,Aqua,MODIS,11,6.2,285.9,6.7,N,0
24.149,89.8894,315.9,1,1,2013-11-11,0721,Aqua,MODIS,67,6.2,301.5,8.3,D,0
23.7774,90.57,313.2,1.1,1.1,2013-11-18,0727,Aqua,MODIS,60,6.2,302.8,6.4,D,0
25.7988,88.8872,308.9,1,1,2013-11-21,0447,Terra,MODIS,55,6.2,297.4,4.2,D,0
24.5278,89.2024,309.1,1,1,2013-11-21,0447,Terra,MODIS,56,6.2,298.8,4.7,D,0
24.2253,91.2897,320,1.5,1.2,2013-11-25,0733,Aqua,MODIS,76,6.2,299.6,16.6,D,0
24.1753,91.2736,318.3,1.5,1.2,2013-11-25,0733,Aqua,MODIS,73,6.2,299,15.8,D,0
23.7773,90.9075,314.3,1.4,1.2,2013-11-25,0733,Aqua,MODIS,57,6.2,299.5,9.5,D,0
23.9725,89.421,309.2,1.2,1.1,2013-11-25,0733,Aqua,MODIS,49,6.2,297.7,4.7,D,0
24.1657,91.1499,312.5,1.5,1.2,2013-11-25,0733,Aqua,MODIS,65,6.2,299.8,8.8,D,0
23.9568,89.4506,309.5,1,1,2013-11-27,0721,Aqua,MODIS,58,6.2,294.9,4.3,D,0
23.8306,90.8351,310.8,1,1,2013-11-27,0721,Aqua,MODIS,60,6.2,297.4,4.5,D,0
23.7653,90.8966,313,1,1,2013-11-27,0721,Aqua,MODIS,65,6.2,300.5,5.7,D,0
23.7456,90.9571,319.9,1,1,2013-11-27,0721,Aqua,MODIS,75,6.2,300.2,10.3,D,0
23.8292,90.8252,312.2,1,1,2013-11-27,0721,Aqua,MODIS,63,6.2,299,5.4,D,0
24.1675,91.2868,316.5,1.1,1,2013-11-27,0721,Aqua,MODIS,74,6.2,301.4,6.6,D,0
24.1918,91.2657,317.7,1.1,1,2013-11-27,0721,Aqua,MODIS,73,6.2,300.5,8.2,D,0
24.2275,91.3228,317.6,1.1,1,2013-11-27,0721,Aqua,MODIS,47,6.2,299.6,8.3,D,0
23.7202,90.9169,316.9,1.1,1,2013-11-29,0709,Aqua,MODIS,70,6.2,300.3,9.3,D,0
23.7831,90.9094,313,1.1,1,2013-11-29,0709,Aqua,MODIS,61,6.2,299.4,5.6,D,0
23.9367,89.4623,312.9,1.3,1.1,2013-11-29,0709,Aqua,MODIS,62,6.2,300.2,8,D,0
24.2533,91.3129,318.6,1.1,1,2013-11-29,0709,Aqua,MODIS,46,6.2,302.5,8.3,D,0
24.1916,91.2184,314.7,1.1,1,2013-11-29,0709,Aqua,MODIS,35,6.2,302.2,5.9,D,0
24.2044,91.3008,323.9,1.1,1,2013-11-29,0709,Aqua,MODIS,64,6.2,302.1,14.5,D,0
24.1792,91.1995,315.5,1.1,1,2013-11-29,0709,Aqua,MODIS,21,6.2,302.6,6.9,D,0
23.7624,90.9418,313.3,1.1,1,2013-11-29,0709,Aqua,MODIS,65,6.2,298.9,5.8,D,0
23.7175,90.9612,312.2,1.1,1,2013-11-29,0709,Aqua,MODIS,63,6.2,299,6,D,0
24.26,91.3057,314.9,1.9,1.4,2013-12-02,0739,Aqua,MODIS,49,6.2,299.2,16.2,D,0
24.2683,91.2908,317.9,1.2,1.1,2013-12-04,0727,Aqua,MODIS,50,6.2,301.4,10.7,D,0
24.185,91.2015,315.3,1.2,1.1,2013-12-04,0727,Aqua,MODIS,58,6.2,301.6,8.5,D,0
23.8272,91.063,315.7,1,1,2013-12-06,0715,Aqua,MODIS,70,6.2,299.4,7.6,D,0
24.1509,91.3149,314.8,1.2,1.1,2013-12-08,0703,Aqua,MODIS,53,6.2,300.4,8.2,D,0
24.4309,89.3862,308.9,1.2,1.1,2013-12-11,0733,Aqua,MODIS,53,6.2,298.9,5.4,D,0
22.971,91.8182,309.8,1.6,1.2,2013-12-11,0733,Aqua,MODIS,62,6.2,298.9,10.5,D,0
24.509,89.2575,308.9,1,1,2013-12-13,0721,Aqua,MODIS,57,6.2,298,4.4,D,0
24.5953,89.1078,309.1,1.3,1.1,2013-12-15,0709,Aqua,MODIS,57,6.2,298,6.9,D,0
24.1542,91.2384,313.1,1.6,1.2,2013-12-17,0656,Aqua,MODIS,70,6.2,300.8,11.5,D,0
24.944,92.2406,311.1,1.3,1.1,2013-12-17,0657,Aqua,MODIS,69,6.2,298.3,10.4,D,0
25.0935,91.9702,309.9,1.3,1.1,2013-12-17,0657,Aqua,MODIS,67,6.2,299.3,7.5,D,0
22.3145,92.3034,311.5,1.3,1.1,2013-12-20,0726,Aqua,MODIS,71,6.2,294.8,12.5,D,0
22.6381,92.111,304.1,1.3,1.1,2013-12-20,0726,Aqua,MODIS,54,6.2,293.9,4.8,D,0
24.1295,90.3861,305.8,1.1,1,2013-12-20,0727,Aqua,MODIS,44,6.2,292.8,5.2,D,0
24.6633,92.1521,310.3,1.4,1.2,2013-12-20,0727,Aqua,MODIS,68,6.2,294.9,10.8,D,0
24.5338,91.3159,307.3,1.2,1.1,2013-12-20,0727,Aqua,MODIS,61,6.2,294.6,6,D,0
26.3206,88.4325,315.8,1,1,2013-12-20,0728,Aqua,MODIS,72,6.2,294.4,11.3,D,0
25.1024,91.9764,311.8,1,1,2013-12-22,0715,Aqua,MODIS,70,6.2,296.8,7.1,D,0
24.5907,89.0388,312.9,1.1,1.1,2013-12-22,0715,Aqua,MODIS,67,6.2,297.4,8.6,D,0
24.1202,88.8763,302.5,2.4,1.5,2013-12-26,0518,Terra,MODIS,0,6.2,291.7,12.7,D,0
24.6643,89.0314,304.9,1,1,2013-12-29,0721,Aqua,MODIS,52,6.2,292.8,3.8,D,0
