latitude,longitude,brightness,scan,track,acq_date,acq_time,satellite,instrument,confidence,version,bright_t31,frp,daynight,type
24.8795,92.0832,307.7,1.7,1.3,2004-01-01,0730,Aqua,MODIS,48,6.2,296.4,9.6,D,0
24.5999,91.5854,310.1,1.1,1,2004-01-03,0718,Aqua,MODIS,64,6.2,292.9,6.9,D,0
24.7402,92.0796,308.8,1.1,1.1,2004-01-03,0718,Aqua,MODIS,63,6.2,296.7,5.9,D,0
23.9987,89.5678,314.9,1.3,1.1,2004-01-05,0705,Aqua,MODIS,73,6.2,294,16,D,0
24.1821,91.3089,311,1.9,1.3,2004-01-08,0736,Aqua,MODIS,67,6.2,295.2,15.5,D,0
24.4652,91.638,311.2,1.3,1.1,2004-01-10,0724,Aqua,MODIS,66,6.2,299.3,7.8,D,0
24.6422,89.0192,309.6,1,1,2004-01-10,0724,Aqua,MODIS,45,6.2,297.1,5.3,D,0
24.1534,91.262,311.4,1,1,2004-01-12,0711,Aqua,MODIS,66,6.2,297.2,5.2,D,0
23.3141,90.879,304.8,1,1,2004-01-12,0711,Aqua,MODIS,42,6.2,292.9,2.7,D,0
24.1587,89.1242,316.5,2.8,1.6,2004-01-13,0754,Aqua,MODIS,73,6.2,293.5,55.9,D,0
21.4167,92.1951,310.6,1.2,1.1,2004-01-14,0658,Aqua,MODIS,63,6.2,299.1,7.1,D,0
23.8486,89.0168,311.8,1.4,1.2,2004-01-21,0705,Aqua,MODIS,65,6.2,297.2,10.5,D,0
23.3643,89.3458,321.6,1,1,2004-01-26,0723,Aqua,MODIS,79,6.2,290.4,15.9,D,0
24.552,91.6303,336.4,1,1,2004-01-28,0711,Aqua,MODIS,89,6.2,302.3,32.5,D,0
22.6797,91.7363,312.5,1,1,2004-01-28,0711,Aqua,MODIS,68,6.2,300,6,D,0
25.1098,91.9306,311.3,1,1,2004-01-28,0711,Aqua,MODIS,67,6.2,300.4,4.8,D,0
22.4157,92.081,313,1,1,2004-01-28,0711,Aqua,MODIS,66,6.2,301,6.2,D,0
22.8664,91.5638,310.4,1,1,2004-01-28,0711,Aqua,MODIS,54,6.2,297.2,6.5,D,0
22.6147,91.9205,320.8,1,1,2004-01-28,0711,Aqua,MODIS,78,6.2,302.5,12.8,D,0
22.58,91.9427,310.8,1,1,2004-01-28,0711,Aqua,MODIS,58,6.2,300.4,5,D,0
25.7761,88.2822,304.4,1.2,1.1,2004-01-28,0712,Aqua,MODIS,46,6.2,293,5,D,0
22.7676,92.3867,309.6,4.7,2,2004-01-29,0754,Aqua,MODIS,62,6.2,297,62.7,D,0
22.7699,92.3916,311.8,4.7,2,2004-01-29,0754,Aqua,MODIS,58,6.2,297.1,71.9,D,0
24.8958,92.471,313.3,1.1,1,2004-01-30,0659,Aqua,MODIS,69,6.2,300.3,7,D,0
25.0761,91.869,312.1,1.1,1.1,2004-01-30,0659,Aqua,MODIS,46,6.2,299.5,5.9,D,0
25.0856,91.8671,318.1,1.1,1.1,2004-01-30,0659,Aqua,MODIS,75,6.2,299.1,12.2,D,0
22.5714,91.7139,311.3,1,1,2004-01-31,0436,Terra,MODIS,67,6.2,297.2,6.9,D,0
23.6442,89.8984,305.8,1.8,1.3,2004-02-03,0507,Terra,MODIS,0,6.2,294.5,11.2,D,0
24.7557,92.0704,304.7,2.8,1.6,2004-02-03,0635,Aqua,MODIS,49,6.2,291.6,13.3,D,0
22.5001,91.7238,314.9,1,1,2004-02-04,0717,Aqua,MODIS,66,6.2,299.9,9.1,D,0
22.7065,91.8237,317.1,1.1,1,2004-02-04,0717,Aqua,MODIS,73,6.2,302,8.9,D,0
23.1081,89.5675,308.3,1,1,2004-02-04,0717,Aqua,MODIS,42,6.2,297.3,4.7,D,0
22.5014,91.7339,309.7,1,1,2004-02-04,0717,Aqua,MODIS,42,6.2,298.6,5.2,D,0
23.1095,89.5772,321.6,1,1,2004-02-04,0717,Aqua,MODIS,68,6.2,298.2,16.1,D,0
22.5753,91.1882,311.6,1,1,2004-02-04,0717,Aqua,MODIS,57,6.2,300.6,4.2,D,0
24.3648,91.7888,322.2,1,1,2004-02-06,0705,Aqua,MODIS,79,6.2,296.1,18.2,D,0
24.3633,91.7787,308.8,1,1,2004-02-06,0705,Aqua,MODIS,60,6.2,295.7,6.2,D,0
25.0406,89.5852,306.4,1,1,2004-02-07,0442,Terra,MODIS,0,6.2,295.9,5.2,D,0
22.548,91.7045,308.4,1.6,1.2,2004-02-08,0653,Aqua,MODIS,48,6.2,296.9,8.9,D,0
24.6464,91.5902,316.7,1.5,1.2,2004-02-08,0653,Aqua,MODIS,72,6.2,302,15.2,D,0
24.6489,91.6043,315.3,1.4,1.2,2004-02-08,0653,Aqua,MODIS,70,6.2,302.6,13.6,D,0
24.7943,92.1316,309.8,1.1,1,2004-02-09,0430,Terra,MODIS,63,6.2,297.6,5.8,D,0
24.1945,91.3843,313.2,1.9,1.4,2004-02-09,0736,Aqua,MODIS,65,6.2,298.4,16.4,D,0
23.4826,91.9565,327.5,1.3,1.1,2004-02-11,0723,Aqua,MODIS,82,6.2,300.6,30.4,D,0
23.4841,91.9687,330.6,1.3,1.1,2004-02-11,0723,Aqua,MODIS,85,6.2,299.6,36.2,D,0
22.6118,91.9087,321,1.2,1.1,2004-02-11,0723,Aqua,MODIS,74,6.2,305.7,13.8,D,0
25.0019,92.074,317.1,1.4,1.2,2004-02-11,0724,Aqua,MODIS,64,6.2,300.3,11.7,D,0
24.1769,91.3974,315.2,1.2,1.1,2004-02-11,0724,Aqua,MODIS,65,6.2,298.7,10.1,D,0
24.1754,91.3856,318,1.2,1.1,2004-02-11,0724,Aqua,MODIS,68,6.2,300,12.7,D,0
23.0943,89.5871,312.5,1.1,1,2004-02-13,0711,Aqua,MODIS,57,6.2,302.1,5.9,D,0
21.663,92.1011,319.6,1,1,2004-02-13,0711,Aqua,MODIS,74,6.2,306,9.1,D,0
22.3954,92.0083,327.4,1,1,2004-02-13,0711,Aqua,MODIS,81,6.2,305.4,17.9,D,0
22.8664,92.1449,314.5,1,1,2004-02-13,0711,Aqua,MODIS,52,6.2,302,6.5,D,0
22.8588,92.156,313.6,1,1,2004-02-13,0711,Aqua,MODIS,43,6.2,300.2,5.8,D,0
22.6343,91.8706,320.2,1,1,2004-02-13,0711,Aqua,MODIS,72,6.2,308.5,8.4,D,0
22.4323,92.1398,317.9,1,1,2004-02-13,0711,Aqua,MODIS,69,6.2,305.7,7.8,D,0
23.0524,89.9147,314.9,1.1,1,2004-02-13,0711,Aqua,MODIS,62,6.2,304.2,6.1,D,0
25.124,91.8418,317,1,1,2004-02-13,0712,Aqua,MODIS,68,6.2,304.9,6.9,D,0
24.9948,91.7749,320.5,1,1,2004-02-13,0712,Aqua,MODIS,73,6.2,307.5,8.6,D,0
24.7376,91.7104,314.7,1,1,2004-02-13,0712,Aqua,MODIS,59,6.2,303.8,6.2,D,0
24.8971,92.4667,317.2,1,1,2004-02-13,0712,Aqua,MODIS,68,6.2,305.2,6.6,D,0
24.9934,91.7651,317.3,1,1,2004-02-13,0712,Aqua,MODIS,52,6.2,306.8,6,D,0
24.7531,92.0725,313.2,1.2,1.1,2004-02-14,0448,Terra,MODIS,69,6.2,302,7.9,D,0
24.5431,91.9231,312,1.2,1.1,2004-02-14,0448,Terra,MODIS,67,6.2,300.3,7.7,D,0
22.6844,92.3849,310.5,1.1,1.1,2004-02-15,0659,Aqua,MODIS,52,6.2,300.1,6,D,0
22.1289,92.2342,319,1.2,1.1,2004-02-15,0659,Aqua,MODIS,76,6.2,299.1,15,D,0
22.127,92.2226,312.3,1.2,1.1,2004-02-15,0659,Aqua,MODIS,67,6.2,299.5,7.7,D,0
23.1424,89.5843,310.2,1.8,1.3,2004-02-16,0742,Aqua,MODIS,55,6.2,299,9.8,D,0
23.1405,89.567,316.2,1.8,1.3,2004-02-16,0742,Aqua,MODIS,69,6.2,299.4,20.6,D,0
22.9779,89.5307,312.4,1.8,1.3,2004-02-16,0742,Aqua,MODIS,62,6.2,301.3,14.3,D,0
23.105,89.5835,313.1,2.8,1.6,2004-02-17,0647,Aqua,MODIS,45,6.2,299.3,28.1,D,0
23.1136,89.554,310.3,2.8,1.6,2004-02-17,0647,Aqua,MODIS,52,6.2,298.8,21.1,D,0
23.1158,89.5857,315.3,2.8,1.6,2004-02-17,0647,Aqua,MODIS,69,6.2,299,36.5,D,0
23.1107,89.5595,314.5,2.8,1.6,2004-02-17,0647,Aqua,MODIS,68,6.2,299.2,34.9,D,0
23.1189,89.5802,316.8,2.8,1.6,2004-02-17,0647,Aqua,MODIS,72,6.2,299.1,43,D,0
22.4755,91.7342,317.9,1.5,1.2,2004-02-18,0729,Aqua,MODIS,51,6.2,303.6,15.3,D,0
22.7576,91.8124,316.8,1.5,1.2,2004-02-18,0730,Aqua,MODIS,66,6.2,303.8,11.4,D,0
22.3286,92.1458,314.9,1.1,1,2004-02-20,0717,Aqua,MODIS,65,6.2,303.2,6.2,D,0
23.0682,89.9133,315.6,1,1,2004-02-20,0717,Aqua,MODIS,65,6.2,301.1,6.5,D,0
22.9743,89.5226,319,1,1,2004-02-20,0717,Aqua,MODIS,71,6.2,303.1,10,D,0
22.6213,91.9241,319.5,1.1,1,2004-02-20,0717,Aqua,MODIS,73,6.2,303,10.8,D,0
25.9306,89.1587,307.9,1,1,2004-02-21,0454,Terra,MODIS,10,6.2,294.4,5.2,D,0
22.3744,92.158,323.5,1,1,2004-02-22,0705,Aqua,MODIS,77,6.2,306.3,14,D,0
25.4717,89.6558,310.9,1,1,2004-02-23,0442,Terra,MODIS,0,6.2,297.9,6.8,D,0
23.1007,89.5778,314.8,2.3,1.5,2004-02-23,0748,Aqua,MODIS,62,6.2,302.7,20.7,D,0
25.0516,89.6787,309.5,2.5,1.5,2004-02-23,0749,Aqua,MODIS,0,6.2,296.3,15.7,D,0
26.1613,89.0723,309.1,2.9,1.6,2004-02-24,0524,Terra,MODIS,25,6.2,294,23.8,D,0
22.6298,92.3168,313.4,1.4,1.2,2004-02-24,0653,Aqua,MODIS,62,6.2,301.6,10.1,D,0
22.2972,92.2807,311.8,1.4,1.2,2004-02-24,0653,Aqua,MODIS,60,6.2,301.2,7.9,D,0
23.0002,89.3135,311.6,2.2,1.4,2004-02-24,0653,Aqua,MODIS,43,6.2,300.7,18.1,D,0
24.1711,91.3882,313.2,1.5,1.2,2004-02-24,0653,Aqua,MODIS,31,6.2,302.4,8.7,D,0
23.1376,89.5887,332.1,1.4,1.2,2004-02-25,0736,Aqua,MODIS,84,6.2,305.3,37.8,D,0
23.1392,89.6024,317,1.4,1.2,2004-02-25,0736,Aqua,MODIS,47,6.2,302.3,9.9,D,0
23.0156,89.3263,314.5,1.4,1.2,2004-02-25,0736,Aqua,MODIS,0,6.2,303.1,7.5,D,0
24.1958,91.6722,317.3,2.4,1.5,2004-02-26,0641,Aqua,MODIS,72,6.2,299.7,34.1,D,0
24.1704,91.7234,314.7,1.6,1.3,2004-02-27,0418,Terra,MODIS,54,6.2,298.1,13.7,D,0
24.171,91.7174,321.2,1.6,1.3,2004-02-27,0418,Terra,MODIS,78,6.2,298.6,27.2,D,0
25.1451,92.0647,316.4,1.4,1.2,2004-02-27,0724,Aqua,MODIS,69,6.2,301.3,9.3,D,0
23.1324,89.5942,316.9,1,1,2004-02-27,0724,Aqua,MODIS,57,6.2,305,6.9,D,0
25.4711,89.6514,313.6,1.3,1.1,2004-02-28,0500,Terra,MODIS,0,6.2,301.7,10.2,D,0
23.1666,89.4144,315.7,1.3,1.1,2004-02-28,0501,Terra,MODIS,65,6.2,302.8,11,D,0
23.1639,89.4196,315.5,1.3,1.1,2004-02-28,0501,Terra,MODIS,64,6.2,302.6,10.4,D,0
23.0035,89.3363,313.7,1.3,1.1,2004-02-28,0501,Terra,MODIS,0,6.2,303.1,8.8,D,0
23.1341,89.585,324,1.1,1,2004-02-29,0711,Aqua,MODIS,73,6.2,311.3,12.3,D,0
23.0627,89.5927,317.8,1.1,1,2004-02-29,0711,Aqua,MODIS,56,6.2,305.7,6.7,D,0
22.4702,91.9777,336.6,1,1,2004-02-29,0711,Aqua,MODIS,87,6.2,303.7,29,D,0
24.2187,91.6544,318,1,1,2004-02-29,0712,Aqua,MODIS,51,6.2,299.8,7.7,D,0
24.9425,89.93,322.5,1,1,2004-02-29,0712,Aqua,MODIS,70,6.2,304.5,11.5,D,0
24.251,91.8187,317.9,1,1,2004-02-29,0712,Aqua,MODIS,42,6.2,302.2,7.5,D,0
24.2262,91.5892,316.7,1.1,1.1,2004-03-01,0448,Terra,MODIS,69,6.2,301.8,9.8,D,0
24.2244,91.6003,314.1,1.2,1.1,2004-03-01,0448,Terra,MODIS,64,6.2,299.4,7.4,D,0
23.5088,88.8838,317.2,1,1,2004-03-01,0448,Terra,MODIS,63,6.2,303.9,8,D,0
23.5074,88.8935,314.8,1,1,2004-03-01,0448,Terra,MODIS,55,6.2,303.6,6,D,0
24.5353,91.9314,319,1.1,1.1,2004-03-02,0659,Aqua,MODIS,38,6.2,306,8.6,D,0
23.1003,89.5769,322.2,1.7,1.3,2004-03-02,0659,Aqua,MODIS,69,6.2,307.2,23.2,D,0
22.7142,91.7153,319.3,1.2,1.1,2004-03-02,0659,Aqua,MODIS,69,6.2,305.7,8.7,D,0
23.1032,89.5928,318.9,1.7,1.3,2004-03-02,0659,Aqua,MODIS,56,6.2,307,15.8,D,0
24.5514,91.9456,317.4,1.1,1.1,2004-03-02,0659,Aqua,MODIS,60,6.2,303.7,7.9,D,0
24.5483,91.9519,321.2,1.1,1.1,2004-03-02,0659,Aqua,MODIS,40,6.2,304.2,10.6,D,0
24.5371,91.9426,322.5,1.1,1.1,2004-03-02,0659,Aqua,MODIS,64,6.2,305.9,12.4,D,0
24.694,90.0959,313.8,1.4,1.2,2004-03-02,0700,Aqua,MODIS,55,6.2,303.8,6.9,D,0
25.05,91.8051,317.2,1.1,1.1,2004-03-02,0700,Aqua,MODIS,59,6.2,305.6,7.3,D,0
22.9722,89.5302,316.1,1.1,1.1,2004-03-03,0436,Terra,MODIS,54,6.2,305.2,9.1,D,0
23.0079,89.6242,313.6,1.1,1.1,2004-03-03,0436,Terra,MODIS,51,6.2,302.7,7.1,D,0
24.1939,91.3801,327.8,2.5,1.5,2004-03-03,0742,Aqua,MODIS,80,6.2,301.6,69.8,D,0
24.1879,91.3859,331.2,2.5,1.5,2004-03-03,0742,Aqua,MODIS,83,6.2,301.2,86.9,D,0
24.1856,91.3618,324.2,2.5,1.5,2004-03-03,0742,Aqua,MODIS,77,6.2,302.3,54,D,0
24.1918,91.356,315.3,2.5,1.5,2004-03-03,0742,Aqua,MODIS,28,6.2,301.2,20.7,D,0
21.3531,92.1753,314.5,2.6,1.6,2004-03-03,0742,Aqua,MODIS,40,6.2,303.6,17.4,D,0
23.0825,89.5929,336.2,1.8,1.3,2004-03-03,0742,Aqua,MODIS,86,6.2,306.6,64.9,D,0
23.0806,89.5756,326.2,1.8,1.3,2004-03-03,0742,Aqua,MODIS,75,6.2,307.4,34.3,D,0
23.7785,90.4249,331.2,3.2,1.7,2004-03-04,0519,Terra,MODIS,84,6.2,300.6,133.5,D,0
23.7849,90.3947,324.4,3.2,1.7,2004-03-04,0519,Terra,MODIS,78,6.2,301.8,88,D,0
21.1333,92.1368,314.7,2,1.4,2004-03-04,0646,Aqua,MODIS,46,6.2,304.2,15.3,D,0
21.1298,92.1182,319.2,2,1.4,2004-03-04,0646,Aqua,MODIS,50,6.2,303,25.9,D,0
24.5084,91.9214,316.4,1.8,1.3,2004-03-04,0647,Aqua,MODIS,66,6.2,304.8,13.6,D,0
24.346,91.9167,318.2,1.8,1.3,2004-03-04,0647,Aqua,MODIS,69,6.2,305.3,17.5,D,0
22.7378,91.7999,320.5,1.9,1.4,2004-03-04,0647,Aqua,MODIS,72,6.2,305.4,22.1,D,0
23.0508,89.9048,315.2,2.6,1.6,2004-03-04,0647,Aqua,MODIS,63,6.2,303.5,23,D,0
25.0176,89.5891,310.5,1.8,1.3,2004-03-05,0423,Terra,MODIS,0,6.2,299.6,15.3,D,0
25.4713,89.6523,309.6,1.8,1.3,2004-03-05,0423,Terra,MODIS,0,6.2,297.3,13.6,D,0
24.1994,91.7235,330.7,1.3,1.1,2004-03-05,0424,Terra,MODIS,84,6.2,302.5,33.7,D,0
24.1247,91.4187,317.3,1.3,1.1,2004-03-05,0424,Terra,MODIS,56,6.2,304.2,11.3,D,0
23.2387,91.8554,318,1.6,1.2,2004-03-05,0730,Aqua,MODIS,67,6.2,302.9,15.3,D,0
23.0266,89.5065,319.1,1.1,1.1,2004-03-05,0730,Aqua,MODIS,57,6.2,308,10.1,D,0
23.0999,89.9866,314.2,1.2,1.1,2004-03-05,0730,Aqua,MODIS,33,6.2,303.4,7,D,0
23.0985,89.975,316.1,1.2,1.1,2004-03-05,0730,Aqua,MODIS,52,6.2,305.1,8.7,D,0
23.109,89.59,323.9,1.2,1.1,2004-03-05,0730,Aqua,MODIS,68,6.2,307.5,13.8,D,0
23.2118,92.1344,332.9,1.6,1.3,2004-03-05,0730,Aqua,MODIS,84,6.2,303.9,49.2,D,0
24.1783,91.1964,318.4,1.5,1.2,2004-03-05,0730,Aqua,MODIS,47,6.2,304.8,12.5,D,0
23.2231,92.1327,321.3,1.6,1.3,2004-03-05,0730,Aqua,MODIS,72,6.2,302.6,21.9,D,0
24.4417,91.7845,313.1,2.3,1.5,2004-03-06,0506,Terra,MODIS,65,6.2,300.7,16.9,D,0
22.3286,92.0754,358.2,1,1,2004-03-09,0705,Aqua,MODIS,99,6.2,283.2,81.1,D,0
22.3271,92.0654,351.3,1,1,2004-03-09,0705,Aqua,MODIS,96,6.2,281.3,64.3,D,0
24.1856,91.3685,311.7,1.1,1,2004-03-09,0706,Aqua,MODIS,66,6.2,273.1,10.5,D,0
25.899,89.8218,312,3.3,1.7,2004-03-11,0524,Terra,MODIS,0,6.2,297.7,38.4,D,0
23.0005,89.3203,313.4,2.2,1.5,2004-03-11,0653,Aqua,MODIS,0,6.2,301.1,22.7,D,0
24.7394,89.6501,314.2,1.4,1.2,2004-03-12,0429,Terra,MODIS,0,6.2,300.8,12.4,D,0
21.3682,92.178,322.1,2,1.4,2004-03-12,0735,Aqua,MODIS,71,6.2,303.6,31.1,D,0
21.3644,92.1649,328.2,2,1.4,2004-03-12,0735,Aqua,MODIS,79,6.2,305.9,46.3,D,0
21.5119,92.1934,323.6,2,1.4,2004-03-12,0735,Aqua,MODIS,74,6.2,301.8,39,D,0
21.3662,92.1594,322.7,2,1.4,2004-03-12,0735,Aqua,MODIS,72,6.2,306.3,31.5,D,0
25.13,89.612,312,2,1.4,2004-03-13,0512,Terra,MODIS,0,6.2,298.9,18,D,0
24.3761,89.7421,316.5,2.1,1.4,2004-03-13,0512,Terra,MODIS,0,6.2,303.5,24.9,D,0
24.2054,91.3808,316.2,2.5,1.5,2004-03-13,0641,Aqua,MODIS,65,6.2,297.5,27.2,D,0
22.9255,91.6152,327.6,2.6,1.5,2004-03-13,0641,Aqua,MODIS,80,6.2,302.3,71.8,D,0
22.7582,91.8242,317.5,2.5,1.5,2004-03-13,0641,Aqua,MODIS,64,6.2,304.9,22.3,D,0
23.0005,89.3217,312.7,3.8,1.8,2004-03-13,0641,Aqua,MODIS,0,6.2,301.6,40.8,D,0
22.7081,91.7101,317.8,2.6,1.5,2004-03-13,0641,Aqua,MODIS,49,6.2,305.7,24.7,D,0
22.9304,91.6396,314.6,2.6,1.5,2004-03-13,0641,Aqua,MODIS,57,6.2,301.8,19.7,D,0
22.7521,91.8189,318.4,2.5,1.5,2004-03-13,0641,Aqua,MODIS,67,6.2,305.3,26.1,D,0
22.0166,92.4261,304.7,1,1,2004-03-13,1608,Terra,MODIS,61,6.2,293.1,5.6,N,0
21.8923,92.3309,323.3,1,1,2004-03-13,1608,Terra,MODIS,100,6.2,295.6,19.5,N,0
21.8937,92.3405,310,1,1,2004-03-13,1608,Terra,MODIS,65,6.2,294.9,8,N,0
22.6883,92.3617,303.9,1,1,2004-03-13,1608,Terra,MODIS,58,6.2,292.9,5.3,N,0
21.8847,92.342,309.3,1,1,2004-03-13,1608,Terra,MODIS,77,6.2,295,7.7,N,0
21.8834,92.3324,307.9,1,1,2004-03-13,1608,Terra,MODIS,73,6.2,295.2,6.5,N,0
22.018,92.4357,320.4,1,1,2004-03-13,1608,Terra,MODIS,100,6.2,294.3,17.9,N,0
25.0561,89.6785,312.7,2.3,1.5,2004-03-14,0417,Terra,MODIS,0,6.2,299,21.9,D,0
21.363,92.1726,328.4,1.4,1.2,2004-03-14,0418,Terra,MODIS,81,6.2,306.6,27,D,0
21.3647,92.1589,351.3,1.4,1.2,2004-03-14,0418,Terra,MODIS,96,6.2,307.5,90.2,D,0
22.7576,91.7769,328.2,1.2,1.1,2004-03-14,0723,Aqua,MODIS,77,6.2,306.2,19.9,D,0
22.0228,92.4212,325.5,1.3,1.1,2004-03-14,0723,Aqua,MODIS,74,6.2,312.7,14.2,D,0
22.0156,92.4468,324.4,1.3,1.1,2004-03-14,0723,Aqua,MODIS,45,6.2,311.3,12.6,D,0
22.5758,91.7075,339.6,1.2,1.1,2004-03-14,0723,Aqua,MODIS,88,6.2,307.3,40.7,D,0
22.0243,92.4333,328.7,1.3,1.1,2004-03-14,0723,Aqua,MODIS,78,6.2,312.9,19.8,D,0
21.6015,92.2251,326.4,1.3,1.1,2004-03-14,0723,Aqua,MODIS,76,6.2,308.9,18.6,D,0
21.5999,92.2132,326.9,1.3,1.1,2004-03-14,0723,Aqua,MODIS,76,6.2,309.4,19.5,D,0
21.0394,92.2093,323.1,1.2,1.1,2004-03-14,0723,Aqua,MODIS,71,6.2,311.1,11.5,D,0
22.3586,92.4199,327.3,1.3,1.1,2004-03-14,0723,Aqua,MODIS,76,6.2,310.1,21,D,0
22.3268,92.0837,343.9,1.3,1.1,2004-03-14,0723,Aqua,MODIS,91,6.2,308.8,54.9,D,0
22.3269,92.0768,359,1.3,1.1,2004-03-14,0723,Aqua,MODIS,99,6.2,309.1,101.5,D,0
22.3252,92.0715,362.7,1.3,1.1,2004-03-14,0723,Aqua,MODIS,100,6.2,307.6,116.8,D,0
22.3601,92.4326,324.8,1.3,1.1,2004-03-14,0723,Aqua,MODIS,73,6.2,309.2,16.8,D,0
21.9304,92.0072,340.7,1.2,1.1,2004-03-14,0723,Aqua,MODIS,89,6.2,308.8,44.3,D,0
21.2204,92.1113,325.2,1.2,1.1,2004-03-14,0723,Aqua,MODIS,73,6.2,309.6,16.5,D,0
21.8725,92.352,326.5,1.3,1.1,2004-03-14,0723,Aqua,MODIS,75,6.2,307.6,19.5,D,0
21.4398,92.1445,326.4,1.2,1.1,2004-03-14,0723,Aqua,MODIS,76,6.2,309.3,17.9,D,0
22.3254,92.0646,327.4,1.3,1.1,2004-03-14,0723,Aqua,MODIS,72,6.2,305.2,20.8,D,0
21.6859,92.2423,323.4,1.3,1.1,2004-03-14,0723,Aqua,MODIS,71,6.2,310.8,12.9,D,0
22.8964,89.6555,321.9,1,1,2004-03-14,0724,Aqua,MODIS,68,6.2,305.1,10.4,D,0
23.066,89.4849,326.6,1,1,2004-03-14,0724,Aqua,MODIS,75,6.2,308.4,15.6,D,0
23.0832,89.7446,326.8,1,1,2004-03-14,0724,Aqua,MODIS,75,6.2,307.7,11.4,D,0
23.007,89.3246,329.8,1,1,2004-03-14,0724,Aqua,MODIS,59,6.2,312.4,18.6,D,0
23.0962,89.9776,321.9,1,1,2004-03-14,0724,Aqua,MODIS,68,6.2,307.3,10.3,D,0
23.0976,89.9877,317.9,1,1,2004-03-14,0724,Aqua,MODIS,46,6.2,305.6,7,D,0
23.0014,89.6116,320.8,1,1,2004-03-14,0724,Aqua,MODIS,44,6.2,308.1,7.7,D,0
23.0027,89.6215,326,1,1,2004-03-14,0724,Aqua,MODIS,74,6.2,308.6,13.9,D,0
22.895,89.6457,320.4,1,1,2004-03-14,0724,Aqua,MODIS,64,6.2,307,8.7,D,0
23.1964,92.1231,322.6,1.3,1.1,2004-03-14,0724,Aqua,MODIS,71,6.2,307.2,13.4,D,0
22.3579,92.5165,310.5,1,1,2004-03-14,1933,Aqua,MODIS,80,6.2,294.7,10.2,N,0
25.0256,89.5894,316,1.3,1.1,2004-03-15,0500,Terra,MODIS,0,6.2,304.3,11,D,0
25.4473,89.6493,317.3,1.3,1.1,2004-03-15,0500,Terra,MODIS,0,6.2,304.5,12.4,D,0
25.4787,89.6489,315.6,1.3,1.1,2004-03-15,0500,Terra,MODIS,0,6.2,303.7,11.8,D,0
23.0581,89.4868,322.3,1.3,1.1,2004-03-15,0500,Terra,MODIS,72,6.2,304.5,18.6,D,0
22.7002,92.3876,315.8,2.1,1.4,2004-03-15,0500,Terra,MODIS,62,6.2,303.9,21.8,D,0
24.7169,89.6489,316.4,1.3,1.1,2004-03-15,0500,Terra,MODIS,0,6.2,305,12.6,D,0
22.687,92.4017,333.1,3.8,1.8,2004-03-15,0628,Aqua,MODIS,72,6.2,303.1,180.1,D,0
22.6965,92.4035,333,3.8,1.8,2004-03-15,0628,Aqua,MODIS,72,6.2,303.1,178.8,D,0
23.065,92.0819,316.3,3.9,1.8,2004-03-15,0629,Aqua,MODIS,62,6.2,302.6,48.7,D,0
23.6412,91.9369,322.1,3.9,1.8,2004-03-15,0629,Aqua,MODIS,75,6.2,298.1,103.4,D,0
23.0509,92.052,320.6,4,1.9,2004-03-15,0629,Aqua,MODIS,70,6.2,302,77.6,D,0
23.0564,92.0429,319.4,4,1.9,2004-03-15,0629,Aqua,MODIS,69,6.2,302.1,69.2,D,0
22.7681,92.4369,307.1,1.1,1.1,2004-03-15,1556,Terra,MODIS,70,6.2,294.5,8.4,N,0
22.666,92.3139,306.1,1.2,1.1,2004-03-15,1556,Terra,MODIS,67,6.2,294.9,7.3,N,0
22.6957,92.3771,306.4,1.2,1.1,2004-03-15,1556,Terra,MODIS,68,6.2,294.8,7.4,N,0
22.391,92.3266,305.1,1.2,1.1,2004-03-15,1556,Terra,MODIS,63,6.2,294.6,6.9,N,0
25.4666,89.657,307.1,4,1.9,2004-03-16,0405,Terra,MODIS,0,6.2,292.6,32.8,D,0
23.3943,91.9997,333.7,1,1,2004-03-16,0711,Aqua,MODIS,85,6.2,300.6,24.8,D,0
23.3916,91.9803,335.4,1,1,2004-03-16,0711,Aqua,MODIS,86,6.2,302,26.9,D,0
23.4032,91.9982,331.9,1,1,2004-03-16,0711,Aqua,MODIS,83,6.2,302.2,22.7,D,0
23.4005,91.9788,319.8,1,1,2004-03-16,0711,Aqua,MODIS,65,6.2,300.9,8.6,D,0
23.417,91.9661,326.2,1,1,2004-03-16,0711,Aqua,MODIS,78,6.2,302.4,15.4,D,0
22.079,92.145,328.7,1,1,2004-03-16,0711,Aqua,MODIS,79,6.2,309.8,14,D,0
21.7416,92.1601,325.8,1,1,2004-03-16,0711,Aqua,MODIS,77,6.2,308.5,12.4,D,0
21.8663,92.3296,318.1,1,1,2004-03-16,0711,Aqua,MODIS,56,6.2,303.1,6.3,D,0
23.257,92.3333,321.9,1,1,2004-03-16,0711,Aqua,MODIS,72,6.2,300,12.9,D,0
23.0873,89.7494,326.9,1.1,1,2004-03-16,0711,Aqua,MODIS,76,6.2,308,13.3,D,0
23.2469,89.7722,323.2,1.1,1,2004-03-16,0711,Aqua,MODIS,68,6.2,310.1,9.3,D,0
22.3076,92.1272,321,1,1,2004-03-16,0711,Aqua,MODIS,58,6.2,306.2,8.2,D,0
21.3378,92.6294,323.2,1,1,2004-03-16,0711,Aqua,MODIS,73,6.2,303,13.9,D,0
23.0737,89.9664,321.1,1.1,1,2004-03-16,0711,Aqua,MODIS,67,6.2,305,10.5,D,0
23.0517,89.9346,317.4,1.1,1,2004-03-16,0711,Aqua,MODIS,55,6.2,305.3,4.8,D,0
23.471,92.2855,358.3,1,1,2004-03-16,0711,Aqua,MODIS,99,6.2,301.1,75,D,0
23.4697,92.2757,336.1,1,1,2004-03-16,0711,Aqua,MODIS,87,6.2,300.7,29.3,D,0
23.48,92.284,346.2,1,1,2004-03-16,0711,Aqua,MODIS,93,6.2,301.3,47.1,D,0
23.4786,92.2742,353.9,1,1,2004-03-16,0711,Aqua,MODIS,97,6.2,303.8,63.8,D,0
22.5666,91.692,322.4,1,1,2004-03-16,0711,Aqua,MODIS,69,6.2,307.8,7.6,D,0
22.568,91.7016,338.9,1,1,2004-03-16,0711,Aqua,MODIS,87,6.2,308.9,29.9,D,0
22.5387,92.461,347.4,1,1,2004-03-16,0711,Aqua,MODIS,93,6.2,305.5,46.7,D,0
22.5374,92.4514,377.1,1,1,2004-03-16,0711,Aqua,MODIS,100,6.2,309.9,132.5,D,0
23.0586,92.1005,344.9,1,1,2004-03-16,0711,Aqua,MODIS,87,6.2,299.7,42.8,D,0
23.0572,92.0908,380.2,1,1,2004-03-16,0711,Aqua,MODIS,100,6.2,305.5,144.3,D,0
23.0558,92.0811,402.1,1,1,2004-03-16,0711,Aqua,MODIS,100,6.2,307.6,255.6,D,0
23.0545,92.0715,328.2,1,1,2004-03-16,0711,Aqua,MODIS,79,6.2,301.2,16,D,0
23.0648,92.0796,326.2,1,1,2004-03-16,0711,Aqua,MODIS,76,6.2,298.1,14.1,D,0
23.084,92.0863,335.9,1,1,2004-03-16,0711,Aqua,MODIS,86,6.2,303.4,27.5,D,0
23.0826,92.0766,354.5,1,1,2004-03-16,0711,Aqua,MODIS,97,6.2,304.6,63.1,D,0
23.1911,92.1322,327.4,1,1,2004-03-16,0711,Aqua,MODIS,79,6.2,303.3,15.4,D,0
23.1897,92.1225,322.1,1,1,2004-03-16,0711,Aqua,MODIS,72,6.2,302.5,10.2,D,0
23.2106,92.1322,355,1,1,2004-03-16,0711,Aqua,MODIS,97,6.2,306.1,65.2,D,0
23.2092,92.1225,338.3,1,1,2004-03-16,0711,Aqua,MODIS,88,6.2,304.8,31.5,D,0
22.4685,92.1568,321.8,1,1,2004-03-16,0711,Aqua,MODIS,66,6.2,306.7,9.2,D,0
23.4042,92.2666,314.7,1,1,2004-03-16,0711,Aqua,MODIS,29,6.2,300.4,5.9,D,0
23.4145,92.2748,357,1,1,2004-03-16,0711,Aqua,MODIS,98,6.2,301.5,72,D,0
22.0804,92.1546,326.1,1,1,2004-03-16,0711,Aqua,MODIS,76,6.2,308.7,11.2,D,0
22.9708,89.5373,320.8,1.1,1.1,2004-03-16,0711,Aqua,MODIS,45,6.2,308.9,10.1,D,0
22.5477,92.4596,363.6,1,1,2004-03-16,0711,Aqua,MODIS,100,6.2,306.2,86.8,D,0
22.5463,92.4499,381.2,1,1,2004-03-16,0711,Aqua,MODIS,100,6.2,313.6,149.3,D,0
22.5526,92.4292,327.2,1,1,2004-03-16,0711,Aqua,MODIS,62,6.2,305.9,15.3,D,0
22.5862,92.473,319.7,1,1,2004-03-16,0711,Aqua,MODIS,59,6.2,303.7,8.2,D,0
22.7793,91.8899,320.8,1,1,2004-03-16,0711,Aqua,MODIS,66,6.2,304.2,8.1,D,0
23.4772,92.2644,321.4,1,1,2004-03-16,0711,Aqua,MODIS,50,6.2,300.8,11.1,D,0
23.489,92.2825,317.6,1,1,2004-03-16,0711,Aqua,MODIS,50,6.2,297.4,8.6,D,0
23.4876,92.2727,319.9,1,1,2004-03-16,0711,Aqua,MODIS,58,6.2,301.2,10.3,D,0
23.4132,92.2651,329.2,1,1,2004-03-16,0711,Aqua,MODIS,81,6.2,301.6,20.4,D,0
22.339,92.546,322.3,1,1,2004-03-16,0711,Aqua,MODIS,71,6.2,305.9,11.3,D,0
22.3287,92.5444,320.2,1,1,2004-03-16,0711,Aqua,MODIS,52,6.2,305.7,8.5,D,0
23.4221,92.2636,314.3,1,1,2004-03-16,0711,Aqua,MODIS,40,6.2,300.2,5.1,D,0
22.5604,92.2894,323.8,1,1,2004-03-16,0711,Aqua,MODIS,73,6.2,304.6,12.1,D,0
22.5816,92.3749,321.9,1,1,2004-03-16,0711,Aqua,MODIS,71,6.2,303.6,10.2,D,0
22.5875,92.4827,324.4,1,1,2004-03-16,0711,Aqua,MODIS,74,6.2,301.5,13.3,D,0
22.9935,91.9631,329.1,1,1,2004-03-16,0711,Aqua,MODIS,80,6.2,301.5,18.8,D,0
22.9948,91.9727,327.3,1,1,2004-03-16,0711,Aqua,MODIS,78,6.2,302.9,16.6,D,0
22.9588,91.9854,322.1,1,1,2004-03-16,0711,Aqua,MODIS,62,6.2,293.8,11.2,D,0
23.1073,92.2511,318.6,1,1,2004-03-16,0711,Aqua,MODIS,65,6.2,304.7,6.9,D,0
22.9602,91.9951,325,1,1,2004-03-16,0711,Aqua,MODIS,59,6.2,300.5,15.2,D,0
23.1599,91.7745,372.8,1,1,2004-03-16,0711,Aqua,MODIS,100,6.2,304.2,116,D,0
22.8273,91.5794,320.2,1,1,2004-03-16,0711,Aqua,MODIS,38,6.2,303.8,8,D,0
22.9128,91.855,325.1,1,1,2004-03-16,0711,Aqua,MODIS,75,6.2,307.2,10.7,D,0
22.9471,91.9676,325.7,1,1,2004-03-16,0711,Aqua,MODIS,52,6.2,303.6,13.2,D,0
22.9485,91.9772,330.3,1,1,2004-03-16,0711,Aqua,MODIS,46,6.2,304.9,18.5,D,0
22.9499,91.9869,341.7,1,1,2004-03-16,0711,Aqua,MODIS,90,6.2,304,36.1,D,0
23.3384,92.0656,316.6,1,1,2004-03-16,0711,Aqua,MODIS,61,6.2,298.4,7.2,D,0
23.3929,91.99,348.8,1,1,2004-03-16,0711,Aqua,MODIS,94,6.2,302.3,50.6,D,0
24.2546,91.3837,317.8,1,1,2004-03-16,0712,Aqua,MODIS,57,6.2,302.6,5.9,D,0
25.0467,89.5909,321.3,1.1,1,2004-03-16,0712,Aqua,MODIS,0,6.2,306.1,11.4,D,0
22.3467,92.5348,307.8,1.4,1.2,2004-03-16,1920,Aqua,MODIS,72,6.2,293.3,13.1,N,0
23.1928,92.013,314.4,1.2,1.1,2004-03-17,0448,Terra,MODIS,55,6.2,299.4,7.6,D,0
23.3698,91.8179,317.6,1.2,1.1,2004-03-17,0448,Terra,MODIS,69,6.2,299.8,12.9,D,0
23.1909,92.0248,314.2,1.2,1.1,2004-03-17,0448,Terra,MODIS,56,6.2,299.5,7.7,D,0
21.8531,92.3337,319.2,1.4,1.2,2004-03-17,0448,Terra,MODIS,71,6.2,301.1,16.3,D,0
23.193,92.0195,321.4,1.2,1.1,2004-03-17,0448,Terra,MODIS,74,6.2,299.5,16.6,D,0
23.2424,89.5942,317.9,1,1,2004-03-17,0448,Terra,MODIS,57,6.2,303.7,6,D,0
23.1446,89.691,316.6,1,1,2004-03-17,0448,Terra,MODIS,42,6.2,303.5,5.5,D,0
23.057,89.7803,319.9,1,1,2004-03-17,0448,Terra,MODIS,64,6.2,305.4,8.4,D,0
23.5569,91.9513,335.8,4.5,2,2004-03-17,0754,Aqua,MODIS,86,6.2,297,265.4,D,0
23.574,91.9458,352.6,4.5,2,2004-03-17,0754,Aqua,MODIS,96,6.2,297.1,540.5,D,0
23.5745,91.9503,347.4,4.5,2,2004-03-17,0754,Aqua,MODIS,93,6.2,296.6,440.8,D,0
23.5564,91.9472,332.4,4.5,2,2004-03-17,0754,Aqua,MODIS,83,6.2,296.8,224,D,0
22.467,92.1772,325.1,1.2,1.1,2004-03-18,0659,Aqua,MODIS,76,6.2,304.1,17.3,D,0
22.886,91.9903,316.4,1.2,1.1,2004-03-18,0659,Aqua,MODIS,60,6.2,301.8,8,D,0
23.0033,91.9431,348.7,1.2,1.1,2004-03-18,0659,Aqua,MODIS,94,6.2,303.9,65.1,D,0
23.0052,91.9549,348.5,1.2,1.1,2004-03-18,0659,Aqua,MODIS,94,6.2,305.2,63.4,D,0
23.0071,91.9665,374.4,1.2,1.1,2004-03-18,0659,Aqua,MODIS,100,6.2,305.2,158.4,D,0
23.0089,91.9779,317.8,1.2,1.1,2004-03-18,0659,Aqua,MODIS,49,6.2,301.5,7.2,D,0
22.9936,91.945,322.3,1.2,1.1,2004-03-18,0659,Aqua,MODIS,73,6.2,302.8,12.8,D,0
22.9955,91.9569,342.1,1.2,1.1,2004-03-18,0659,Aqua,MODIS,91,6.2,304.3,47.1,D,0
22.9975,91.9686,350.9,1.2,1.1,2004-03-18,0659,Aqua,MODIS,95,6.2,304.1,68.9,D,0
22.9878,91.9705,340.8,1.2,1.1,2004-03-18,0659,Aqua,MODIS,90,6.2,303.5,44.2,D,0
22.9781,91.9723,322.9,1.2,1.1,2004-03-18,0659,Aqua,MODIS,42,6.2,303,13.6,D,0
22.3636,92.3135,321.7,1.2,1.1,2004-03-18,0659,Aqua,MODIS,71,6.2,305,12.4,D,0
22.7974,91.6307,320.5,1.3,1.1,2004-03-18,0659,Aqua,MODIS,69,6.2,299.9,15.6,D,0
22.7876,91.6327,341.1,1.3,1.1,2004-03-18,0659,Aqua,MODIS,90,6.2,299.6,53,D,0
23.0545,92.0749,338.3,1.2,1.1,2004-03-18,0659,Aqua,MODIS,88,6.2,305.7,39.3,D,0
23.0526,92.0633,356.8,1.2,1.1,2004-03-18,0659,Aqua,MODIS,98,6.2,304.7,87.3,D,0
23.066,92.0846,332.1,1.2,1.1,2004-03-18,0659,Aqua,MODIS,84,6.2,303.9,27.9,D,0
23.0756,92.0827,322.4,1.2,1.1,2004-03-18,0659,Aqua,MODIS,73,6.2,302,13.9,D,0
22.8781,92.0031,317.1,1.2,1.1,2004-03-18,0659,Aqua,MODIS,62,6.2,301.9,8.7,D,0
22.6355,92.2773,316.8,1.2,1.1,2004-03-18,0659,Aqua,MODIS,45,6.2,302.6,6.6,D,0
22.5779,92.3756,344.2,1.2,1.1,2004-03-18,0659,Aqua,MODIS,92,6.2,306.6,51.1,D,0
22.5762,92.3651,373.9,1.2,1.1,2004-03-18,0659,Aqua,MODIS,100,6.2,307.9,149.5,D,0
22.5813,92.3684,363.6,1.2,1.1,2004-03-18,0659,Aqua,MODIS,100,6.2,307.7,107.8,D,0
23.7884,90.9766,314.7,1.3,1.1,2004-03-18,0659,Aqua,MODIS,53,6.2,297.1,8.1,D,0
22.5796,92.3581,325,1.2,1.1,2004-03-18,0659,Aqua,MODIS,76,6.2,304.9,16,D,0
22.0783,92.0014,326.6,1.2,1.1,2004-03-18,0659,Aqua,MODIS,77,6.2,305.7,17.9,D,0
23.5547,89.3645,323.9,1.7,1.3,2004-03-18,0659,Aqua,MODIS,68,6.2,301.1,26.7,D,0
23.0498,91.783,323.2,1.2,1.1,2004-03-18,0659,Aqua,MODIS,75,6.2,299.9,17.3,D,0
23.1518,91.7823,315.6,1.2,1.1,2004-03-18,0659,Aqua,MODIS,61,6.2,299.4,7.5,D,0
21.9175,92.5322,335.5,1.2,1.1,2004-03-18,0659,Aqua,MODIS,85,6.2,303.4,34.3,D,0
21.9192,92.5429,370.5,1.2,1.1,2004-03-18,0659,Aqua,MODIS,100,6.2,305.6,136.3,D,0
21.921,92.554,321.2,1.2,1.1,2004-03-18,0659,Aqua,MODIS,69,6.2,303.5,13.2,D,0
22.6182,92.4755,326.7,1.1,1.1,2004-03-18,0659,Aqua,MODIS,78,6.2,305.9,18.3,D,0
22.6051,92.455,318.7,1.1,1.1,2004-03-18,0659,Aqua,MODIS,65,6.2,305.6,8.2,D,0
22.6069,92.4663,333.8,1.1,1.1,2004-03-18,0659,Aqua,MODIS,84,6.2,305.8,29.5,D,0
22.8762,92.4202,357.7,1.1,1.1,2004-03-18,0659,Aqua,MODIS,98,6.2,305.4,86.1,D,0
22.6621,92.4446,319.8,1.1,1.1,2004-03-18,0659,Aqua,MODIS,67,6.2,304.9,9.6,D,0
22.8744,92.4092,321.5,1.1,1.1,2004-03-18,0659,Aqua,MODIS,71,6.2,304.2,11.6,D,0
22.6639,92.456,321.2,1.1,1.1,2004-03-18,0659,Aqua,MODIS,70,6.2,304.1,11.3,D,0
21.6179,91.9485,320.8,1.3,1.1,2004-03-18,0659,Aqua,MODIS,70,6.2,305.9,13.1,D,0
22.4723,92.4128,375.7,1.2,1.1,2004-03-18,0659,Aqua,MODIS,100,6.2,307.6,156.9,D,0
22.4706,92.4019,357.7,1.2,1.1,2004-03-18,0659,Aqua,MODIS,99,6.2,307.5,87,D,0
21.7312,92.1398,319.7,1.2,1.1,2004-03-18,0659,Aqua,MODIS,68,6.2,305.7,9.3,D,0
21.7187,92.1957,322.9,1.2,1.1,2004-03-18,0659,Aqua,MODIS,73,6.2,306,12.8,D,0
21.7206,92.2074,324.3,1.2,1.1,2004-03-18,0659,Aqua,MODIS,75,6.2,306.2,14.5,D,0
21.7109,92.2093,320.1,1.2,1.1,2004-03-18,0659,Aqua,MODIS,25,6.2,306,8.7,D,0
24.1956,91.381,327.2,1.2,1.1,2004-03-18,0659,Aqua,MODIS,77,6.2,305.1,18.2,D,0
24.1935,91.369,325.1,1.2,1.1,2004-03-18,0659,Aqua,MODIS,50,6.2,305.5,15.5,D,0
23.3923,91.9382,315.8,1.2,1.1,2004-03-18,0659,Aqua,MODIS,62,6.2,302.4,7.5,D,0
24.3093,91.769,331.2,1.2,1.1,2004-03-18,0659,Aqua,MODIS,83,6.2,299.4,27.5,D,0
24.3074,91.7575,321.3,1.2,1.1,2004-03-18,0659,Aqua,MODIS,67,6.2,302.2,12.2,D,0
22.9098,91.7496,316.7,1.2,1.1,2004-03-18,0659,Aqua,MODIS,47,6.2,298.2,9.2,D,0
23.0778,91.4001,314.3,1.3,1.1,2004-03-18,0659,Aqua,MODIS,57,6.2,297.7,6.6,D,0
23.0757,91.3878,315.5,1.3,1.1,2004-03-18,0659,Aqua,MODIS,61,6.2,298.4,7.9,D,0
21.8515,92.1225,319.5,1.2,1.1,2004-03-18,0659,Aqua,MODIS,67,6.2,304.8,9.7,D,0
21.8534,92.1341,318.4,1.2,1.1,2004-03-18,0659,Aqua,MODIS,65,6.2,304.4,7.8,D,0
22.8763,91.9922,332.2,1.2,1.1,2004-03-18,0659,Aqua,MODIS,83,6.2,302.5,30.7,D,0
21.9183,92.2521,323.6,1,1,2004-03-19,0436,Terra,MODIS,77,6.2,300.7,14.4,D,0
22.4075,92.1887,320.1,1,1,2004-03-19,0436,Terra,MODIS,71,6.2,301.6,8.6,D,0
23.6435,89.8899,320.6,1.1,1.1,2004-03-19,0436,Terra,MODIS,0,6.2,304.4,11,D,0
21.9206,92.5396,319.3,1,1,2004-03-19,0436,Terra,MODIS,69,6.2,301.6,10.9,D,0
22.2804,92.3586,336.1,1,1,2004-03-19,0436,Terra,MODIS,87,6.2,302.1,30,D,0
23.5782,89.3593,319.4,1.2,1.1,2004-03-19,0436,Terra,MODIS,54,6.2,302.1,9.3,D,0
22.5478,92.4822,317.8,1,1,2004-03-19,0436,Terra,MODIS,67,6.2,301.9,8.3,D,0
22.5463,92.492,342.9,1,1,2004-03-19,0436,Terra,MODIS,91,6.2,302.7,41.8,D,0
22.5373,92.4904,344.9,1,1,2004-03-19,0436,Terra,MODIS,92,6.2,302.3,45.7,D,0
22.5388,92.4806,313,1,1,2004-03-19,0436,Terra,MODIS,30,6.2,300.4,4.1,D,0
22.974,91.9368,325.8,2.6,1.6,2004-03-19,0742,Aqua,MODIS,56,6.2,297.3,63.8,D,0
22.9666,91.9576,325.9,2.6,1.6,2004-03-19,0742,Aqua,MODIS,78,6.2,292.5,67.1,D,0
21.8934,92.5739,318.4,2.8,1.6,2004-03-19,0742,Aqua,MODIS,59,6.2,298.7,43.5,D,0
22.8486,92.3268,336.3,2.8,1.6,2004-03-19,0742,Aqua,MODIS,87,6.2,299,132.2,D,0
21.891,92.5482,317.4,2.8,1.6,2004-03-19,0742,Aqua,MODIS,56,6.2,298.9,37.2,D,0
23.4279,91.96,328,2.7,1.6,2004-03-19,0742,Aqua,MODIS,77,6.2,295.4,74.6,D,0
22.9805,91.9559,317.4,2.6,1.6,2004-03-19,0742,Aqua,MODIS,47,6.2,294.5,33.5,D,0
21.8017,92.2784,317.5,2.7,1.6,2004-03-19,0742,Aqua,MODIS,55,6.2,298.2,31.2,D,0
23.3936,91.9827,324,2.7,1.6,2004-03-19,0742,Aqua,MODIS,47,6.2,296.5,54,D,0
23.4077,91.9806,333.1,2.7,1.6,2004-03-19,0742,Aqua,MODIS,85,6.2,295.8,102.1,D,0
22.4195,92.4036,332.3,2.8,1.6,2004-03-19,0742,Aqua,MODIS,83,6.2,299.5,108.1,D,0
23.4217,91.9784,344.8,2.7,1.6,2004-03-19,0742,Aqua,MODIS,92,6.2,295,180.3,D,0
22.9783,91.9318,322,2.6,1.6,2004-03-19,0742,Aqua,MODIS,49,6.2,297.5,50.3,D,0
23.2556,91.9838,316,2.7,1.6,2004-03-19,0742,Aqua,MODIS,58,6.2,290.8,32.1,D,0
25.0418,89.5895,314.4,1.9,1.3,2004-03-19,0742,Aqua,MODIS,0,6.2,295.9,17.2,D,0
22.8605,92.2992,333.1,2.8,1.6,2004-03-19,0742,Aqua,MODIS,64,6.2,299,107.7,D,0
22.863,92.3252,355.6,2.8,1.6,2004-03-19,0742,Aqua,MODIS,98,6.2,299.1,298.6,D,0
22.4171,92.3779,317.2,2.8,1.6,2004-03-19,0742,Aqua,MODIS,62,6.2,298.2,32.4,D,0
23.258,92.0096,315.1,2.7,1.6,2004-03-19,0742,Aqua,MODIS,29,6.2,294.4,30.1,D,0
23.1938,91.9989,339.6,2.7,1.6,2004-03-19,0742,Aqua,MODIS,84,6.2,297.4,145,D,0
23.0119,89.7793,318.8,1.8,1.3,2004-03-19,0742,Aqua,MODIS,56,6.2,297.5,15,D,0
23.2195,89.7948,320,1.8,1.3,2004-03-19,0742,Aqua,MODIS,67,6.2,298.9,16.2,D,0
23.2205,91.757,314.9,2.6,1.5,2004-03-19,0742,Aqua,MODIS,25,6.2,291.4,23.5,D,0
23.1379,91.906,318.1,2.6,1.6,2004-03-19,0742,Aqua,MODIS,53,6.2,296.4,34.8,D,0
23.1562,91.8993,316.7,2.6,1.6,2004-03-19,0742,Aqua,MODIS,35,6.2,294.7,28.8,D,0
23.1445,91.9254,318.4,2.6,1.6,2004-03-19,0742,Aqua,MODIS,67,6.2,291.7,35.9,D,0
22.5781,92.3209,313.5,2.8,1.6,2004-03-19,0742,Aqua,MODIS,31,6.2,295.4,17.4,D,0
23.3883,91.9913,328.6,2.7,1.6,2004-03-19,0742,Aqua,MODIS,81,6.2,295.2,76.9,D,0
23.4499,91.9758,327.9,2.7,1.6,2004-03-19,0742,Aqua,MODIS,80,6.2,295.7,81.9,D,0
23.4164,91.9879,325.8,2.7,1.6,2004-03-19,0742,Aqua,MODIS,78,6.2,294.6,67.7,D,0
23.4138,91.9617,323.8,2.7,1.6,2004-03-19,0742,Aqua,MODIS,75,6.2,295.9,57.3,D,0
23.4023,91.9897,329.2,2.7,1.6,2004-03-19,0742,Aqua,MODIS,81,6.2,294.9,80.7,D,0
21.8095,92.2955,329.3,2.7,1.6,2004-03-19,0742,Aqua,MODIS,79,6.2,298.1,85,D,0
23.1962,92.0243,325.6,2.7,1.6,2004-03-19,0742,Aqua,MODIS,71,6.2,295.8,64.4,D,0
23.1681,92.0276,331.8,2.7,1.6,2004-03-19,0742,Aqua,MODIS,84,6.2,295.9,96.4,D,0
23.1646,92.0328,328,2.7,1.6,2004-03-19,0742,Aqua,MODIS,64,6.2,295.2,73.3,D,0
23.0824,92.0674,325,2.7,1.6,2004-03-19,0742,Aqua,MODIS,66,6.2,295.5,64,D,0
23.0402,92.0724,324.7,2.7,1.6,2004-03-19,0742,Aqua,MODIS,35,6.2,296.2,56.2,D,0
21.8043,92.3038,325.8,2.7,1.6,2004-03-19,0742,Aqua,MODIS,75,6.2,297.9,67.8,D,0
23.4305,91.9863,337,2.7,1.6,2004-03-19,0742,Aqua,MODIS,87,6.2,294.2,128.1,D,0
22.9764,91.9609,334.7,2.6,1.6,2004-03-19,0742,Aqua,MODIS,86,6.2,294.1,112.9,D,0
23.5556,89.3728,316.5,2.7,1.6,2004-03-20,0519,Terra,MODIS,51,6.2,304.1,23.1,D,0
23.5656,89.3539,319.6,2.7,1.6,2004-03-20,0519,Terra,MODIS,64,6.2,304.8,36.5,D,0
21.6234,92.2132,360.5,1.9,1.4,2004-03-20,0646,Aqua,MODIS,100,6.2,301.9,203.5,D,0
21.4613,92.202,318.4,1.9,1.4,2004-03-20,0646,Aqua,MODIS,67,6.2,299.7,21.6,D,0
21.9002,92.587,340.5,1.8,1.3,2004-03-20,0646,Aqua,MODIS,89,6.2,299.4,87.1,D,0
21.9118,92.5847,339.4,1.8,1.3,2004-03-20,0646,Aqua,MODIS,85,6.2,296.3,78.4,D,0
21.458,92.1837,316.8,2,1.4,2004-03-20,0646,Aqua,MODIS,63,6.2,301,17.2,D,0
21.3632,92.1463,318.8,2,1.4,2004-03-20,0646,Aqua,MODIS,43,6.2,298,21.6,D,0
21.9202,92.5638,440.9,1.8,1.3,2004-03-20,0646,Aqua,MODIS,100,6.2,305,1391.8,D,0
21.9171,92.5459,361.2,1.8,1.3,2004-03-20,0646,Aqua,MODIS,100,6.2,302.5,190.8,D,0
21.9075,92.5781,347.5,1.8,1.3,2004-03-20,0646,Aqua,MODIS,90,6.2,300.6,109.8,D,0
21.919,92.5755,394,1.8,1.3,2004-03-20,0646,Aqua,MODIS,94,6.2,295.1,489.2,D,0
21.9156,92.557,427,1.8,1.3,2004-03-20,0646,Aqua,MODIS,94,6.2,310.2,1054.5,D,0
21.3668,92.1655,321,2,1.4,2004-03-20,0646,Aqua,MODIS,70,6.2,296.3,26.6,D,0
21.3603,92.1518,322.9,2,1.4,2004-03-20,0646,Aqua,MODIS,74,6.2,297.7,33.3,D,0
21.3361,92.157,320.9,2,1.4,2004-03-20,0646,Aqua,MODIS,60,6.2,294.9,26,D,0
21.6269,92.232,396.8,1.9,1.4,2004-03-20,0646,Aqua,MODIS,100,6.2,304.1,583.7,D,0
21.6425,92.2495,324.4,1.9,1.4,2004-03-20,0646,Aqua,MODIS,45,6.2,298.7,33.5,D,0
21.6389,92.2297,364.6,1.9,1.4,2004-03-20,0646,Aqua,MODIS,100,6.2,297,236.4,D,0
21.6305,92.252,331.5,1.9,1.4,2004-03-20,0646,Aqua,MODIS,65,6.2,299,53.5,D,0
21.3396,92.176,333.9,2,1.4,2004-03-20,0646,Aqua,MODIS,85,6.2,297.9,67.8,D,0
21.9234,92.5821,338.8,1.8,1.3,2004-03-20,0646,Aqua,MODIS,78,6.2,289.4,73.2,D,0
21.9738,92.5455,351.2,1.8,1.3,2004-03-20,0646,Aqua,MODIS,95,6.2,300.3,131.3,D,0
21.9882,92.5588,342.2,1.8,1.3,2004-03-20,0646,Aqua,MODIS,81,6.2,300.5,88.2,D,0
21.9998,92.5559,363,1.8,1.3,2004-03-20,0646,Aqua,MODIS,100,6.2,292.9,200.5,D,0
21.9979,92.5695,355.6,1.8,1.3,2004-03-20,0646,Aqua,MODIS,85,6.2,295,152.2,D,0
21.9948,92.5523,343.1,1.8,1.3,2004-03-20,0646,Aqua,MODIS,86,6.2,299.2,92.8,D,0
21.4654,92.194,323.7,1.9,1.4,2004-03-20,0646,Aqua,MODIS,75,6.2,300.9,34.4,D,0
21.8969,92.568,346.5,1.8,1.3,2004-03-20,0646,Aqua,MODIS,93,6.2,301.4,112.9,D,0
21.324,92.1594,351.2,2,1.4,2004-03-20,0646,Aqua,MODIS,96,6.2,298.3,151.5,D,0
21.3275,92.1787,342.8,2,1.4,2004-03-20,0646,Aqua,MODIS,91,6.2,298.6,106.1,D,0
21.9086,92.5661,349.8,1.8,1.3,2004-03-20,0646,Aqua,MODIS,95,6.2,300.1,124.2,D,0
21.9054,92.5485,325.7,1.8,1.3,2004-03-20,0646,Aqua,MODIS,76,6.2,301.4,38.4,D,0
21.6354,92.2108,324.1,1.9,1.4,2004-03-20,0646,Aqua,MODIS,55,6.2,296.4,33.8,D,0
23.3781,92.0536,316.5,1.8,1.3,2004-03-20,0647,Aqua,MODIS,66,6.2,296.8,20,D,0
23.3242,91.8251,346.9,1.9,1.3,2004-03-20,0647,Aqua,MODIS,94,6.2,299.4,121,D,0
23.3275,91.8432,362.6,1.9,1.3,2004-03-20,0647,Aqua,MODIS,100,6.2,298.7,216,D,0
23.3236,91.9556,323.4,1.9,1.3,2004-03-20,0647,Aqua,MODIS,58,6.2,298.2,31,D,0
23.3378,92.0988,327,1.8,1.3,2004-03-20,0647,Aqua,MODIS,80,6.2,296.5,44.3,D,0
23.341,92.116,317.1,1.8,1.3,2004-03-20,0647,Aqua,MODIS,67,6.2,297.4,19.8,D,0
23.2092,92.2102,317.2,1.8,1.3,2004-03-20,0647,Aqua,MODIS,66,6.2,297.3,18.6,D,0
22.4315,92.521,350.5,1.8,1.3,2004-03-20,0647,Aqua,MODIS,95,6.2,299.7,123.9,D,0
22.4431,92.5186,357.7,1.8,1.3,2004-03-20,0647,Aqua,MODIS,99,6.2,299.4,163.1,D,0
22.4404,92.5033,349,1.8,1.3,2004-03-20,0647,Aqua,MODIS,94,6.2,299,118.8,D,0
22.474,92.5054,314.3,1.8,1.3,2004-03-20,0647,Aqua,MODIS,52,6.2,298.3,14.1,D,0
23.0508,92.0526,319.7,1.9,1.3,2004-03-20,0647,Aqua,MODIS,71,6.2,297.7,23.7,D,0
23.1277,92.0729,335.2,1.8,1.3,2004-03-20,0647,Aqua,MODIS,86,6.2,294.1,68.5,D,0
23.1246,92.0556,319.5,1.8,1.3,2004-03-20,0647,Aqua,MODIS,41,6.2,297.1,21.8,D,0
23.1223,92.0674,334.2,1.8,1.3,2004-03-20,0647,Aqua,MODIS,86,6.2,296.4,64.6,D,0
23.1488,92.0791,334.3,1.8,1.3,2004-03-20,0647,Aqua,MODIS,86,6.2,298,62.6,D,0
23.1457,92.0621,329.1,1.8,1.3,2004-03-20,0647,Aqua,MODIS,77,6.2,297.3,46.1,D,0
23.1659,92.0393,318.9,1.8,1.3,2004-03-20,0647,Aqua,MODIS,67,6.2,295,21.5,D,0
22.9815,92.1101,324.1,1.8,1.3,2004-03-20,0647,Aqua,MODIS,76,6.2,298.7,36,D,0
22.5141,92.4621,347.2,1.8,1.3,2004-03-20,0647,Aqua,MODIS,93,6.2,299.3,113.8,D,0
22.5257,92.4599,329.8,1.8,1.3,2004-03-20,0647,Aqua,MODIS,81,6.2,297.8,47.8,D,0
22.5109,92.4443,339.1,1.8,1.3,2004-03-20,0647,Aqua,MODIS,89,6.2,299.4,80.2,D,0
22.4288,92.5059,346.4,1.8,1.3,2004-03-20,0647,Aqua,MODIS,93,6.2,299.4,105.8,D,0
22.42,92.5235,363.6,1.8,1.3,2004-03-20,0647,Aqua,MODIS,100,6.2,300.2,201,D,0
22.151,92.1961,342.3,1.9,1.3,2004-03-20,0647,Aqua,MODIS,91,6.2,299.3,100,D,0
22.1476,92.1777,332.6,1.9,1.3,2004-03-20,0647,Aqua,MODIS,84,6.2,296.3,61.9,D,0
22.647,92.4389,339.1,1.8,1.3,2004-03-20,0647,Aqua,MODIS,89,6.2,297.8,77.9,D,0
22.5986,92.4202,336.5,1.8,1.3,2004-03-20,0647,Aqua,MODIS,87,6.2,298.5,64.5,D,0
22.4212,92.3285,312.1,1.8,1.3,2004-03-20,0647,Aqua,MODIS,15,6.2,297.5,8.1,D,0
22.4755,92.3817,322.7,1.8,1.3,2004-03-20,0647,Aqua,MODIS,73,6.2,300.4,28.1,D,0
22.4722,92.3636,348,1.8,1.3,2004-03-20,0647,Aqua,MODIS,94,6.2,301.4,118.9,D,0
22.9068,92.277,320.8,1.8,1.3,2004-03-20,0647,Aqua,MODIS,54,6.2,299.8,27.1,D,0
22.444,92.4075,346.3,1.8,1.3,2004-03-20,0647,Aqua,MODIS,93,6.2,299,105,D,0
22.4469,92.4234,333.6,1.8,1.3,2004-03-20,0647,Aqua,MODIS,85,6.2,294.4,56.5,D,0
22.4354,92.4261,368.7,1.8,1.3,2004-03-20,0647,Aqua,MODIS,100,6.2,299.5,241.8,D,0
22.4484,92.4131,353.2,1.8,1.3,2004-03-20,0647,Aqua,MODIS,96,6.2,298.4,140.6,D,0
22.4367,92.4155,348.8,1.8,1.3,2004-03-20,0647,Aqua,MODIS,94,6.2,298.4,114.7,D,0
22.4396,92.4314,363,1.8,1.3,2004-03-20,0647,Aqua,MODIS,100,6.2,293.8,197.6,D,0
22.4251,92.4177,348.3,1.8,1.3,2004-03-20,0647,Aqua,MODIS,94,6.2,300.9,113.3,D,0
22.428,92.4338,369.3,1.8,1.3,2004-03-20,0647,Aqua,MODIS,100,6.2,299.8,243.6,D,0
22.4163,92.4362,352.1,1.8,1.3,2004-03-20,0647,Aqua,MODIS,96,6.2,301,136.6,D,0
22.5964,92.4747,328.4,1.8,1.3,2004-03-20,0647,Aqua,MODIS,41,6.2,298.2,40,D,0
23.2995,92.0888,320.4,1.8,1.3,2004-03-20,0647,Aqua,MODIS,70,6.2,295.7,25.4,D,0
23.3029,92.1066,329,1.8,1.3,2004-03-20,0647,Aqua,MODIS,82,6.2,295.3,47.8,D,0
23.3046,92.0952,333.1,1.8,1.3,2004-03-20,0647,Aqua,MODIS,85,6.2,297.4,62.5,D,0
23.3078,92.1129,320.7,1.8,1.3,2004-03-20,0647,Aqua,MODIS,72,6.2,296.5,26.8,D,0
22.5224,92.4416,332.1,1.8,1.3,2004-03-20,0647,Aqua,MODIS,83,6.2,298.7,54.9,D,0
22.9415,92.2691,314.3,1.8,1.3,2004-03-20,0647,Aqua,MODIS,42,6.2,299.6,12.5,D,0
22.6047,92.4547,337.2,1.8,1.3,2004-03-20,0647,Aqua,MODIS,87,6.2,297.5,68.8,D,0
23.3004,91.8301,314.3,1.9,1.3,2004-03-20,0647,Aqua,MODIS,51,6.2,296.1,13.7,D,0
22.4194,92.4532,366.9,1.8,1.3,2004-03-20,0647,Aqua,MODIS,100,6.2,299,229.3,D,0
22.4309,92.4505,351.5,1.8,1.3,2004-03-20,0647,Aqua,MODIS,96,6.2,295.6,133.5,D,0
22.7838,92.4212,315.2,1.8,1.3,2004-03-20,0647,Aqua,MODIS,58,6.2,298.9,13.7,D,0
23.6441,91.9241,326,1.8,1.3,2004-03-20,0647,Aqua,MODIS,75,6.2,296.5,40.1,D,0
23.4381,91.9442,318.1,1.9,1.3,2004-03-20,0647,Aqua,MODIS,43,6.2,296.8,21.3,D,0
22.5259,91.7187,316.7,2,1.4,2004-03-20,0647,Aqua,MODIS,60,6.2,300.1,18.2,D,0
22.6536,91.706,333.8,2,1.4,2004-03-20,0647,Aqua,MODIS,85,6.2,300.5,71.3,D,0
22.6658,91.7032,315.2,2,1.4,2004-03-20,0647,Aqua,MODIS,52,6.2,299.4,15.7,D,0
23.4985,92.0765,312,1.8,1.3,2004-03-20,0647,Aqua,MODIS,52,6.2,296.3,14,D,0
22.9791,91.9632,331.2,1.9,1.3,2004-03-20,0647,Aqua,MODIS,83,6.2,298.9,57.5,D,0
22.9757,91.9443,343.9,1.9,1.3,2004-03-20,0647,Aqua,MODIS,92,6.2,299.3,107.4,D,0
22.9909,91.9604,319.9,1.9,1.3,2004-03-20,0647,Aqua,MODIS,70,6.2,297,26.4,D,0
22.9875,91.9416,327.4,1.9,1.3,2004-03-20,0647,Aqua,MODIS,80,6.2,299.2,46.3,D,0
22.5587,92.4654,341,1.8,1.3,2004-03-20,0647,Aqua,MODIS,90,6.2,298.7,83.4,D,0
22.5555,92.4474,322,1.8,1.3,2004-03-20,0647,Aqua,MODIS,64,6.2,298,24.1,D,0
22.5703,92.463,332.5,1.8,1.3,2004-03-20,0647,Aqua,MODIS,72,6.2,297.4,51.1,D,0
22.5849,92.4774,348.4,1.8,1.3,2004-03-20,0647,Aqua,MODIS,85,6.2,298.9,110.9,D,0
22.5819,92.4606,349.1,1.8,1.3,2004-03-20,0647,Aqua,MODIS,89,6.2,297,112.1,D,0
22.5786,92.4427,372.8,1.8,1.3,2004-03-20,0647,Aqua,MODIS,100,6.2,299.2,263,D,0
22.5901,92.4401,343.4,1.8,1.3,2004-03-20,0647,Aqua,MODIS,91,6.2,296.8,88.8,D,0
22.6156,92.3809,344.8,1.8,1.3,2004-03-20,0647,Aqua,MODIS,92,6.2,299.2,100.1,D,0
22.6112,92.3749,327,1.8,1.3,2004-03-20,0647,Aqua,MODIS,79,6.2,299.5,35.9,D,0
22.6228,92.3723,326.8,1.8,1.3,2004-03-20,0647,Aqua,MODIS,76,6.2,300.9,36.1,D,0
23.0432,91.8104,322.7,1.9,1.4,2004-03-20,0647,Aqua,MODIS,75,6.2,298.7,34.1,D,0
23.0398,91.7918,316.6,1.9,1.4,2004-03-20,0647,Aqua,MODIS,65,6.2,298.5,19.9,D,0
23.1435,91.7818,319.4,1.9,1.4,2004-03-20,0647,Aqua,MODIS,40,6.2,295.9,24.8,D,0
23.1904,91.9037,339.3,1.9,1.3,2004-03-20,0647,Aqua,MODIS,89,6.2,299.9,78.9,D,0
23.1872,91.8858,403.4,1.9,1.3,2004-03-20,0647,Aqua,MODIS,100,6.2,303.7,667.6,D,0
23.1839,91.8675,333.7,1.9,1.3,2004-03-20,0647,Aqua,MODIS,83,6.2,294.7,59.1,D,0
23.1507,91.7941,318.6,1.9,1.4,2004-03-20,0647,Aqua,MODIS,52,6.2,294.1,22.5,D,0
23.1473,91.7761,320.5,1.9,1.4,2004-03-20,0647,Aqua,MODIS,46,6.2,296.6,27,D,0
23.1798,91.8827,354.3,1.9,1.3,2004-03-20,0647,Aqua,MODIS,97,6.2,299.6,154.6,D,0
23.1951,91.898,363.2,1.9,1.3,2004-03-20,0647,Aqua,MODIS,100,6.2,300.2,212.5,D,0
23.1917,91.8802,383.6,1.9,1.3,2004-03-20,0647,Aqua,MODIS,100,6.2,300.7,399.3,D,0
23.2241,91.8544,330.2,1.9,1.3,2004-03-20,0647,Aqua,MODIS,64,6.2,299.2,47.4,D,0
23.2392,91.8696,346.9,1.9,1.3,2004-03-20,0647,Aqua,MODIS,93,6.2,298.3,115.4,D,0
23.2359,91.8515,350.7,1.9,1.3,2004-03-20,0647,Aqua,MODIS,95,6.2,299.6,137.5,D,0
23.2325,91.8331,321.6,1.9,1.3,2004-03-20,0647,Aqua,MODIS,44,6.2,297.8,25.8,D,0
23.2511,91.8669,345.7,1.9,1.3,2004-03-20,0647,Aqua,MODIS,93,6.2,297.7,109.8,D,0
23.2478,91.8491,334.1,1.9,1.3,2004-03-20,0647,Aqua,MODIS,85,6.2,298.8,61.8,D,0
23.2562,91.8585,324.3,1.9,1.3,2004-03-20,0647,Aqua,MODIS,77,6.2,298.1,35.9,D,0
23.1883,91.9599,316.1,1.9,1.3,2004-03-20,0647,Aqua,MODIS,60,6.2,295,15.3,D,0
23.1814,91.9566,316.3,1.9,1.3,2004-03-20,0647,Aqua,MODIS,58,6.2,296.7,14.9,D,0
23.2269,92.0032,341.9,1.9,1.3,2004-03-20,0647,Aqua,MODIS,91,6.2,297.3,94.6,D,0
23.2235,91.9848,346.2,1.9,1.3,2004-03-20,0647,Aqua,MODIS,93,6.2,298.7,114.8,D,0
23.2622,91.9952,343.1,1.9,1.3,2004-03-20,0647,Aqua,MODIS,91,6.2,297.1,96.8,D,0
23.2589,91.9772,330.4,1.9,1.3,2004-03-20,0647,Aqua,MODIS,81,6.2,293.9,48.4,D,0
23.2707,91.9746,326.1,1.9,1.3,2004-03-20,0647,Aqua,MODIS,57,6.2,293.9,34.2,D,0
23.2858,91.9907,339.7,1.9,1.3,2004-03-20,0647,Aqua,MODIS,84,6.2,296.2,78.6,D,0
23.2824,91.972,347.8,1.9,1.3,2004-03-20,0647,Aqua,MODIS,94,6.2,297.8,116.4,D,0
23.2942,91.9695,326,1.9,1.3,2004-03-20,0647,Aqua,MODIS,34,6.2,297.8,33.6,D,0
23.2799,91.9842,329.8,1.9,1.3,2004-03-20,0647,Aqua,MODIS,68,6.2,296.3,46.1,D,0
23.2765,91.966,329.3,1.9,1.3,2004-03-20,0647,Aqua,MODIS,70,6.2,296.7,43.4,D,0
23.2917,91.9819,354.7,1.9,1.3,2004-03-20,0647,Aqua,MODIS,97,6.2,297.9,157.3,D,0
23.4275,92.0196,338.7,1.8,1.3,2004-03-20,0647,Aqua,MODIS,89,6.2,296.2,81,D,0
23.4308,92.0372,344.9,1.8,1.3,2004-03-20,0647,Aqua,MODIS,93,6.2,297.1,109,D,0
23.3995,91.9341,334.7,1.9,1.3,2004-03-20,0647,Aqua,MODIS,86,6.2,298.7,66.7,D,0
23.4158,92.0222,320.9,1.8,1.3,2004-03-20,0647,Aqua,MODIS,69,6.2,294.1,27.3,D,0
23.4191,92.0397,326,1.8,1.3,2004-03-20,0647,Aqua,MODIS,79,6.2,295.5,42.5,D,0
23.381,91.9008,317.5,1.9,1.3,2004-03-20,0647,Aqua,MODIS,67,6.2,296.6,20.7,D,0
23.3793,91.957,320.4,1.9,1.3,2004-03-20,0647,Aqua,MODIS,49,6.2,295.2,26,D,0
23.4054,92.0966,315.2,1.8,1.3,2004-03-20,0647,Aqua,MODIS,63,6.2,296.5,18.1,D,0
23.344,91.835,320.3,1.9,1.3,2004-03-20,0647,Aqua,MODIS,72,6.2,296.1,26.9,D,0
23.4107,92.1003,313.4,1.8,1.3,2004-03-20,0647,Aqua,MODIS,53,6.2,296.4,13.4,D,0
23.3513,91.838,319.3,1.9,1.3,2004-03-20,0647,Aqua,MODIS,68,6.2,290.8,24.9,D,0
22.0056,92.4185,308.6,1.1,1,2004-03-20,1614,Terra,MODIS,75,6.2,293.9,8.8,N,0
21.8914,92.5856,321,1.1,1,2004-03-20,1614,Terra,MODIS,100,6.2,291.6,21.2,N,0
21.8901,92.5755,313.3,1.1,1,2004-03-20,1614,Terra,MODIS,87,6.2,292,13.1,N,0
23.6108,91.9845,305.5,1.1,1,2004-03-20,1615,Terra,MODIS,65,6.2,293.4,6,N,0
23.6215,91.9936,307.7,1.1,1,2004-03-20,1615,Terra,MODIS,72,6.2,293.6,7.6,N,0
23.6189,92.0003,317.6,1.2,1.1,2004-03-21,0423,Terra,MODIS,64,6.2,295.4,13.8,D,0
22.4588,92.4566,331.1,1.1,1.1,2004-03-21,0424,Terra,MODIS,83,6.2,300.8,27.2,D,0
22.621,92.4713,324,1.1,1.1,2004-03-21,0424,Terra,MODIS,75,6.2,301.2,16,D,0
22.4573,92.4676,315.6,1.1,1.1,2004-03-21,0424,Terra,MODIS,59,6.2,300.8,7.6,D,0
22.4713,92.4357,316.5,1.1,1.1,2004-03-21,0424,Terra,MODIS,62,6.2,301.5,7.6,D,0
22.3232,92.3092,335.2,1.6,1.3,2004-03-21,0729,Aqua,MODIS,85,6.2,300.8,50.3,D,0
22.3762,92.281,321.8,1.6,1.3,2004-03-21,0729,Aqua,MODIS,68,6.2,302.4,17.5,D,0
22.4568,92.4872,327.7,1.7,1.3,2004-03-21,0729,Aqua,MODIS,77,6.2,300.7,34.7,D,0
22.3302,92.4686,328.8,1.7,1.3,2004-03-21,0729,Aqua,MODIS,78,6.2,302,34.1,D,0
22.3389,92.4612,323.4,1.7,1.3,2004-03-21,0729,Aqua,MODIS,59,6.2,302.6,19.5,D,0
22.333,92.3025,338,1.6,1.3,2004-03-21,0729,Aqua,MODIS,87,6.2,300.9,58.8,D,0
21.4758,92.2906,317,1.6,1.2,2004-03-21,0729,Aqua,MODIS,51,6.2,301.9,11.7,D,0
22.3915,92.5192,362,1.7,1.3,2004-03-21,0729,Aqua,MODIS,100,6.2,305.6,176.6,D,0
22.4821,92.4032,359,1.7,1.3,2004-03-21,0729,Aqua,MODIS,99,6.2,304,151.7,D,0
22.484,92.4203,328.9,1.7,1.3,2004-03-21,0729,Aqua,MODIS,78,6.2,302.9,34.8,D,0
22.4708,92.4046,325.8,1.7,1.3,2004-03-21,0729,Aqua,MODIS,74,6.2,303,26.2,D,0
22.6007,92.4483,319.3,1.7,1.3,2004-03-21,0729,Aqua,MODIS,40,6.2,299.7,12.8,D,0
21.9,92.0062,317.9,1.5,1.2,2004-03-21,0729,Aqua,MODIS,56,6.2,302.5,12.2,D,0
22.3548,92.4819,326,1.7,1.3,2004-03-21,0729,Aqua,MODIS,67,6.2,304,26.7,D,0
21.8991,92.3902,319.8,1.6,1.3,2004-03-21,0729,Aqua,MODIS,59,6.2,303.6,13.8,D,0
22.3435,92.4837,356.1,1.7,1.3,2004-03-21,0729,Aqua,MODIS,98,6.2,304.3,137.1,D,0
22.491,92.4825,323.3,1.7,1.3,2004-03-21,0729,Aqua,MODIS,70,6.2,300.3,26.1,D,0
22.3145,92.5348,321.5,1.7,1.3,2004-03-21,0729,Aqua,MODIS,60,6.2,301.7,19.1,D,0
22.326,92.5334,355.5,1.7,1.3,2004-03-21,0729,Aqua,MODIS,97,6.2,305.4,137.4,D,0
22.332,92.485,320.7,1.7,1.3,2004-03-21,0729,Aqua,MODIS,45,6.2,302,15.1,D,0
22.597,92.4166,340.4,1.7,1.3,2004-03-21,0729,Aqua,MODIS,89,6.2,303.4,69.5,D,0
22.5989,92.4325,364.7,1.7,1.3,2004-03-21,0729,Aqua,MODIS,100,6.2,303.2,187.9,D,0
22.5814,92.4829,321.6,1.7,1.3,2004-03-21,0729,Aqua,MODIS,39,6.2,301.8,19,D,0
22.5875,92.4339,336.4,1.7,1.3,2004-03-21,0729,Aqua,MODIS,86,6.2,302.9,55.8,D,0
22.4954,92.4188,319.4,1.7,1.3,2004-03-21,0729,Aqua,MODIS,37,6.2,300.5,14.2,D,0
22.4934,92.4017,326.2,1.7,1.3,2004-03-21,0729,Aqua,MODIS,75,6.2,301.7,28.3,D,0
22.4421,92.458,346.9,1.7,1.3,2004-03-21,0729,Aqua,MODIS,93,6.2,305.3,95.6,D,0
22.3327,92.2924,320.7,1.6,1.3,2004-03-21,0729,Aqua,MODIS,54,6.2,301.7,14.1,D,0
22.638,92.3721,337.1,1.7,1.3,2004-03-21,0729,Aqua,MODIS,86,6.2,302.1,58.9,D,0
22.6398,92.388,342.7,1.7,1.3,2004-03-21,0729,Aqua,MODIS,90,6.2,302,78.5,D,0
22.554,92.3409,329.2,1.6,1.3,2004-03-21,0729,Aqua,MODIS,79,6.2,302.1,35.4,D,0
22.5556,92.3555,319.7,1.6,1.3,2004-03-21,0729,Aqua,MODIS,62,6.2,301.9,13.5,D,0
22.5574,92.3716,330,1.7,1.3,2004-03-21,0729,Aqua,MODIS,79,6.2,302.2,38.4,D,0
22.5427,92.3425,354.8,1.6,1.3,2004-03-21,0729,Aqua,MODIS,92,6.2,303.5,129.1,D,0
22.7905,92.4121,317.8,1.7,1.3,2004-03-21,0729,Aqua,MODIS,56,6.2,300.1,13.7,D,0
21.4852,92.2741,316.9,1.6,1.2,2004-03-21,0729,Aqua,MODIS,50,6.2,301.4,11.6,D,0
22.4255,92.2044,326.2,1.6,1.2,2004-03-21,0729,Aqua,MODIS,71,6.2,301.3,29.7,D,0
22.378,92.2966,320.6,1.6,1.3,2004-03-21,0729,Aqua,MODIS,65,6.2,300.1,16.3,D,0
22.5857,92.418,335.1,1.7,1.3,2004-03-21,0729,Aqua,MODIS,84,6.2,302.2,52,D,0
22.3345,92.3079,329.5,1.6,1.3,2004-03-21,0729,Aqua,MODIS,79,6.2,300.3,34.4,D,0
22.4727,92.4216,322.1,1.7,1.3,2004-03-21,0729,Aqua,MODIS,52,6.2,302.7,18,D,0
22.4438,92.4735,349.3,1.7,1.3,2004-03-21,0729,Aqua,MODIS,94,6.2,302.3,107.1,D,0
22.3214,92.2938,322.3,1.6,1.3,2004-03-21,0729,Aqua,MODIS,68,6.2,301.1,17.5,D,0
22.4666,92.1673,337.7,1.6,1.2,2004-03-21,0729,Aqua,MODIS,82,6.2,297.1,60.5,D,0
22.4318,92.4663,335.5,1.7,1.3,2004-03-21,0729,Aqua,MODIS,85,6.2,302.6,54.9,D,0
22.1425,92.2289,323.7,1.6,1.2,2004-03-21,0729,Aqua,MODIS,71,6.2,302.3,21.9,D,0
22.43,92.4505,319.7,1.7,1.3,2004-03-21,0729,Aqua,MODIS,59,6.2,302.7,15.1,D,0
22.4449,92.4799,330.7,1.7,1.3,2004-03-21,0729,Aqua,MODIS,80,6.2,301.4,39.3,D,0
22.4803,92.387,333.2,1.7,1.3,2004-03-21,0729,Aqua,MODIS,83,6.2,304.1,45.7,D,0
21.4741,92.2756,333.4,1.6,1.2,2004-03-21,0729,Aqua,MODIS,83,6.2,301.7,47.4,D,0
22.4432,92.4649,358.3,1.7,1.3,2004-03-21,0729,Aqua,MODIS,99,6.2,305.2,149.6,D,0
22.4307,92.4595,327.4,1.7,1.3,2004-03-21,0729,Aqua,MODIS,76,6.2,302.8,31.1,D,0
22.3408,92.4785,338.8,1.7,1.3,2004-03-21,0729,Aqua,MODIS,87,6.2,303.3,63.5,D,0
22.3521,92.4768,327.6,1.7,1.3,2004-03-21,0729,Aqua,MODIS,77,6.2,304.7,31.4,D,0
22.3218,92.3039,326,1.6,1.3,2004-03-21,0729,Aqua,MODIS,75,6.2,301.3,25.9,D,0
22.3452,92.4992,327.4,1.7,1.3,2004-03-21,0729,Aqua,MODIS,73,6.2,302.3,28.8,D,0
22.3425,92.4943,339,1.7,1.3,2004-03-21,0729,Aqua,MODIS,88,6.2,302,63.8,D,0
22.1433,92.2349,319.7,1.6,1.2,2004-03-21,0729,Aqua,MODIS,60,6.2,302.3,12.5,D,0
22.3592,92.5415,320.9,1.7,1.3,2004-03-21,0729,Aqua,MODIS,64,6.2,302.1,19.9,D,0
22.3539,92.4926,332.3,1.7,1.3,2004-03-21,0729,Aqua,MODIS,82,6.2,302.6,44.4,D,0
23.0735,89.4869,319.9,1.1,1.1,2004-03-21,0730,Aqua,MODIS,36,6.2,307,9.2,D,0
23.8608,89.5737,332.1,1.2,1.1,2004-03-21,0730,Aqua,MODIS,80,6.2,309.9,19.7,D,0
23.1755,91.8845,340.4,1.6,1.2,2004-03-21,0730,Aqua,MODIS,89,6.2,293.1,68.2,D,0
23.0431,91.9243,323.3,1.6,1.2,2004-03-21,0730,Aqua,MODIS,71,6.2,296.2,21.9,D,0
23.0447,91.939,380.7,1.6,1.2,2004-03-21,0730,Aqua,MODIS,100,6.2,301.6,284.6,D,0
23.6194,91.982,328.6,1.6,1.2,2004-03-21,0730,Aqua,MODIS,80,6.2,298,40.2,D,0
23.1322,89.461,327.1,1.1,1.1,2004-03-21,0730,Aqua,MODIS,68,6.2,309.3,15.7,D,0
23.0402,89.9445,324.1,1.2,1.1,2004-03-21,0730,Aqua,MODIS,72,6.2,305.6,13.7,D,0
22.9726,92.0013,320.6,1.6,1.2,2004-03-21,0730,Aqua,MODIS,44,6.2,297.3,17.3,D,0
23.0005,91.9505,324,1.6,1.2,2004-03-21,0730,Aqua,MODIS,56,6.2,297.4,21.9,D,0
23.0426,89.5476,323,1.1,1.1,2004-03-21,0730,Aqua,MODIS,58,6.2,309,10.5,D,0
22.8313,92.3669,344,1.7,1.3,2004-03-21,0730,Aqua,MODIS,91,6.2,300.7,86.6,D,0
22.8294,92.3506,327.2,1.7,1.3,2004-03-21,0730,Aqua,MODIS,77,6.2,301,33.9,D,0
23.6211,91.9974,340.8,1.6,1.2,2004-03-21,0730,Aqua,MODIS,90,6.2,297.2,76.3,D,0
23.1772,89.9706,329.2,1.2,1.1,2004-03-21,0730,Aqua,MODIS,78,6.2,306.2,25,D,0
23.0464,91.9538,323.1,1.6,1.2,2004-03-21,0730,Aqua,MODIS,59,6.2,298.6,22,D,0
23.714,92.1066,332.6,1.6,1.3,2004-03-21,0730,Aqua,MODIS,84,6.2,298.8,49.8,D,0
23.0165,92.0888,326.9,1.6,1.2,2004-03-21,0730,Aqua,MODIS,63,6.2,297.3,30.8,D,0
23.044,89.5586,325,1.1,1.1,2004-03-21,0730,Aqua,MODIS,67,6.2,307.4,13.5,D,0
23.0568,92.0469,326.2,1.6,1.2,2004-03-21,0730,Aqua,MODIS,75,6.2,296.4,29.9,D,0
22.942,89.5582,320.1,1.1,1.1,2004-03-21,0730,Aqua,MODIS,53,6.2,307.3,10.3,D,0
23.0116,91.9492,329.7,1.6,1.2,2004-03-21,0730,Aqua,MODIS,68,6.2,300.8,35,D,0
23.572,91.9364,316.6,2.4,1.5,2004-03-22,0506,Terra,MODIS,64,6.2,293.1,33.6,D,0
22.4745,92.3911,312.7,2.8,1.6,2004-03-22,0506,Terra,MODIS,44,6.2,296.8,21.6,D,0
22.5618,92.4185,319.6,2.8,1.6,2004-03-22,0506,Terra,MODIS,69,6.2,297.5,46.8,D,0
23.7029,90.4361,323,1.9,1.3,2004-03-22,0506,Terra,MODIS,70,6.2,301.7,30.4,D,0
22.5585,92.4125,322.6,2.8,1.6,2004-03-22,0506,Terra,MODIS,74,6.2,297.3,56.7,D,0
22.567,92.3926,315.4,2.8,1.6,2004-03-22,0506,Terra,MODIS,57,6.2,297.3,29.9,D,0
22.9197,92.3453,326.3,3,1.6,2004-03-22,0634,Aqua,MODIS,77,6.2,296.2,89.1,D,0
21.647,92.237,340.5,3.2,1.7,2004-03-22,0634,Aqua,MODIS,88,6.2,300.3,193.6,D,0
22.4382,92.4027,318.1,3,1.7,2004-03-22,0634,Aqua,MODIS,54,6.2,296.5,40.6,D,0
22.4928,92.447,338.4,3,1.6,2004-03-22,0634,Aqua,MODIS,87,6.2,298.2,162.8,D,0
22.5479,92.3396,316.7,3,1.7,2004-03-22,0634,Aqua,MODIS,43,6.2,297.6,38.6,D,0
22.664,91.9256,316.2,3.2,1.7,2004-03-22,0634,Aqua,MODIS,56,6.2,291.1,47.3,D,0
21.6428,92.2115,336.7,3.2,1.7,2004-03-22,0634,Aqua,MODIS,84,6.2,299.8,157.8,D,0
21.6701,92.1969,331.7,3.2,1.7,2004-03-22,0634,Aqua,MODIS,79,6.2,299.2,125.7,D,0
21.6552,92.2008,318.8,3.2,1.7,2004-03-22,0634,Aqua,MODIS,45,6.2,299.3,46.7,D,0
22.4377,92.4096,325.1,3,1.7,2004-03-22,0634,Aqua,MODIS,72,6.2,296.5,77.2,D,0
21.6402,92.2044,328.9,3.2,1.7,2004-03-22,0634,Aqua,MODIS,76,6.2,299.6,103.3,D,0
21.6666,92.173,319.6,3.3,1.7,2004-03-22,0634,Aqua,MODIS,39,6.2,298.8,46.9,D,0
21.6727,92.204,324.7,3.2,1.7,2004-03-22,0634,Aqua,MODIS,68,6.2,299,74.8,D,0
21.6494,92.2443,334,3.2,1.7,2004-03-22,0634,Aqua,MODIS,82,6.2,300.3,133.5,D,0
23.5534,92.2679,346.9,2.9,1.6,2004-03-22,0635,Aqua,MODIS,94,6.2,294.6,232.8,D,0
23.1344,92.0329,319.6,3.1,1.7,2004-03-22,0635,Aqua,MODIS,70,6.2,293.8,60.2,D,0
23.2212,92.0075,313.4,3.1,1.7,2004-03-22,0635,Aqua,MODIS,51,6.2,295.2,33.7,D,0
23.532,92.2512,382.9,2.9,1.6,2004-03-22,0635,Aqua,MODIS,100,6.2,297.3,761.5,D,0
23.2947,91.99,324.6,3.1,1.7,2004-03-22,0635,Aqua,MODIS,77,6.2,292.8,81.4,D,0
23.5192,92.2479,315,2.9,1.6,2004-03-22,0635,Aqua,MODIS,62,6.2,293.7,37.3,D,0
23.4038,91.9189,316.8,3.1,1.7,2004-03-22,0635,Aqua,MODIS,67,6.2,295.3,47.1,D,0
23.548,92.2416,394.3,2.9,1.6,2004-03-22,0635,Aqua,MODIS,100,6.2,297.3,1023.6,D,0
23.5419,92.2115,336.4,2.9,1.6,2004-03-22,0635,Aqua,MODIS,87,6.2,295.4,152.2,D,0
23.539,92.2709,346,2.9,1.6,2004-03-22,0635,Aqua,MODIS,93,6.2,294.1,227.1,D,0
22.1219,92.4739,305.5,1,1,2004-03-22,1602,Terra,MODIS,64,6.2,292.5,6.4,N,0
22.5802,92.3394,329.2,1.8,1.3,2004-03-23,0411,Terra,MODIS,80,6.2,297.3,45,D,0
22.3938,92.4781,324,1.8,1.3,2004-03-23,0411,Terra,MODIS,74,6.2,297.9,34.4,D,0
22.4017,92.4849,319.3,1.8,1.3,2004-03-23,0411,Terra,MODIS,60,6.2,297,22.3,D,0
22.4036,92.4674,318.4,1.8,1.3,2004-03-23,0411,Terra,MODIS,45,6.2,298.1,19.5,D,0
22.4446,92.5236,320.9,1.7,1.3,2004-03-23,0411,Terra,MODIS,68,6.2,298.7,26.5,D,0
22.5663,92.3567,322.2,1.8,1.3,2004-03-23,0411,Terra,MODIS,72,6.2,297.8,25.7,D,0
22.5781,92.358,322.7,1.8,1.3,2004-03-23,0411,Terra,MODIS,72,6.2,299.2,27.3,D,0
23.1558,91.8693,325.2,1.1,1,2004-03-23,0717,Aqua,MODIS,45,6.2,301.1,14.4,D,0
23.1441,91.9235,341.1,1.1,1,2004-03-23,0717,Aqua,MODIS,89,6.2,301.8,37.4,D,0
23.1363,91.9353,353.9,1.1,1,2004-03-23,0717,Aqua,MODIS,97,6.2,301.1,65.2,D,0
22.3964,92.3834,327.5,1.1,1,2004-03-23,0717,Aqua,MODIS,69,6.2,305.6,12.6,D,0
22.4043,92.3713,349.1,1.1,1,2004-03-23,0717,Aqua,MODIS,94,6.2,305.3,53.9,D,0
22.4029,92.3608,363.3,1.1,1,2004-03-23,0717,Aqua,MODIS,100,6.2,305.9,94,D,0
22.4257,92.3895,343.1,1.1,1,2004-03-23,0717,Aqua,MODIS,90,6.2,308.1,38.2,D,0
22.4351,92.388,355.8,1.1,1,2004-03-23,0717,Aqua,MODIS,97,6.2,308.4,68.3,D,0
22.4444,92.3865,341.3,1.1,1,2004-03-23,0717,Aqua,MODIS,89,6.2,306.6,35.7,D,0
22.4537,92.385,354.4,1.1,1,2004-03-23,0717,Aqua,MODIS,97,6.2,306.1,66.6,D,0
22.4523,92.3747,349.9,1.1,1,2004-03-23,0717,Aqua,MODIS,94,6.2,306.2,55.9,D,0
22.4595,92.3778,350.5,1.1,1,2004-03-23,0717,Aqua,MODIS,95,6.2,306.9,55.8,D,0
23.1241,91.9019,334.4,1.1,1,2004-03-23,0717,Aqua,MODIS,78,6.2,302.7,25.9,D,0
23.1254,91.9122,370.4,1.1,1,2004-03-23,0717,Aqua,MODIS,94,6.2,302.6,117.4,D,0
23.1056,91.9048,335.6,1.1,1,2004-03-23,0717,Aqua,MODIS,77,6.2,302.5,28.1,D,0
23.0497,91.7672,322.9,1.1,1,2004-03-23,0717,Aqua,MODIS,66,6.2,296.3,12.3,D,0
23.0544,91.9442,422,1.1,1,2004-03-23,0717,Aqua,MODIS,100,6.2,316.2,443.1,D,0
22.8606,92.3456,319.5,1.1,1,2004-03-23,0717,Aqua,MODIS,62,6.2,303.2,8.3,D,0
21.4031,92.1522,322.9,1.1,1,2004-03-23,0717,Aqua,MODIS,70,6.2,304.7,9.5,D,0
23.0452,91.9456,327.9,1.1,1,2004-03-23,0717,Aqua,MODIS,78,6.2,300.6,17,D,0
23.5964,91.9495,350.3,1.1,1,2004-03-23,0717,Aqua,MODIS,83,6.2,300.7,59.8,D,0
23.7074,91.9473,327.2,1.1,1,2004-03-23,0717,Aqua,MODIS,34,6.2,295.7,16.3,D,0
23.4321,92.2857,344.8,1.1,1.1,2004-03-23,0717,Aqua,MODIS,92,6.2,304.2,48.9,D,0
23.4212,92.2757,380.6,1.1,1,2004-03-23,0717,Aqua,MODIS,100,6.2,305.4,169.4,D,0
23.4227,92.287,360.9,1.1,1.1,2004-03-23,0717,Aqua,MODIS,100,6.2,301.7,91,D,0
23.4133,92.2883,336.8,1.1,1.1,2004-03-23,0717,Aqua,MODIS,86,6.2,302.3,33,D,0
22.4026,92.286,326.9,1.1,1,2004-03-23,0717,Aqua,MODIS,75,6.2,304.8,15.3,D,0
23.3319,91.956,327.6,1.1,1,2004-03-23,0717,Aqua,MODIS,71,6.2,301.7,18,D,0
23.3306,91.9456,320.7,1.1,1,2004-03-23,0717,Aqua,MODIS,59,6.2,299.6,10.2,D,0
22.2289,92.5074,366.3,1.1,1,2004-03-23,0717,Aqua,MODIS,100,6.2,306,106.7,D,0
22.2275,92.4967,386.9,1.1,1,2004-03-23,0717,Aqua,MODIS,100,6.2,309.8,199.1,D,0
22.2383,92.5059,325,1.1,1,2004-03-23,0717,Aqua,MODIS,46,6.2,304.4,12.4,D,0
23.1744,92.2792,346.8,1.1,1,2004-03-23,0717,Aqua,MODIS,93,6.2,303.9,53.8,D,0
23.1729,92.2684,366.9,1.1,1,2004-03-23,0717,Aqua,MODIS,100,6.2,303.3,111.5,D,0
23.1659,92.2155,325.3,1.1,1,2004-03-23,0717,Aqua,MODIS,47,6.2,303.1,15.7,D,0
23.2505,92.2277,324.4,1.1,1,2004-03-23,0717,Aqua,MODIS,62,6.2,298.5,13.1,D,0
23.2585,92.216,412.8,1.1,1,2004-03-23,0717,Aqua,MODIS,100,6.2,307.6,375.2,D,0
23.2571,92.2055,344.7,1.1,1,2004-03-23,0717,Aqua,MODIS,92,6.2,303.1,44.6,D,0
23.2643,92.2201,336.8,1.1,1,2004-03-23,0717,Aqua,MODIS,86,6.2,301.4,32.8,D,0
22.5186,92.4656,370.2,1.1,1,2004-03-23,0717,Aqua,MODIS,100,6.2,306.5,119,D,0
22.52,92.4758,393,1.1,1,2004-03-23,0717,Aqua,MODIS,100,6.2,305.4,230.9,D,0
22.5214,92.4868,376.6,1.1,1.1,2004-03-23,0717,Aqua,MODIS,100,6.2,305.8,145.7,D,0
23.263,92.2097,339.3,1.1,1,2004-03-23,0717,Aqua,MODIS,88,6.2,304.3,37,D,0
23.3405,92.2194,324.5,1.1,1,2004-03-23,0717,Aqua,MODIS,43,6.2,301,13.8,D,0
22.2369,92.4953,334.5,1.1,1,2004-03-23,0717,Aqua,MODIS,83,6.2,306.2,26.4,D,0
22.2476,92.5043,338.1,1.1,1,2004-03-23,0717,Aqua,MODIS,81,6.2,303.6,31.2,D,0
22.2463,92.494,355.2,1.1,1,2004-03-23,0717,Aqua,MODIS,97,6.2,307.5,70.3,D,0
22.5229,92.4978,378.4,1.1,1.1,2004-03-23,0717,Aqua,MODIS,100,6.2,305,154.4,D,0
22.5243,92.5087,391.5,1.1,1.1,2004-03-23,0717,Aqua,MODIS,100,6.2,306.6,223.2,D,0
22.5079,92.4568,334.4,1.1,1,2004-03-23,0717,Aqua,MODIS,83,6.2,304.2,24.4,D,0
22.2584,92.5133,342.7,1.1,1,2004-03-23,0717,Aqua,MODIS,90,6.2,304.3,42.5,D,0
22.257,92.5031,379.7,1.1,1,2004-03-23,0717,Aqua,MODIS,100,6.2,308.6,161.1,D,0
22.5093,92.4671,362.6,1.1,1,2004-03-23,0717,Aqua,MODIS,100,6.2,306.4,91.3,D,0
22.2557,92.4926,348.2,1.1,1,2004-03-23,0717,Aqua,MODIS,93,6.2,306.2,51.4,D,0
22.682,92.0963,316.5,1.1,1,2004-03-23,0717,Aqua,MODIS,22,6.2,298.9,4.1,D,0
22.6834,92.1068,329.6,1.1,1,2004-03-23,0717,Aqua,MODIS,79,6.2,302.4,19.9,D,0
23.3391,92.2088,325.5,1.1,1,2004-03-23,0717,Aqua,MODIS,49,6.2,302.7,15.1,D,0
23.3512,92.2285,377.9,1.1,1,2004-03-23,0717,Aqua,MODIS,100,6.2,299.9,154.6,D,0
22.5106,92.4774,404.2,1.1,1,2004-03-23,0717,Aqua,MODIS,100,6.2,310.8,306.6,D,0
22.512,92.4883,357.1,1.1,1.1,2004-03-23,0717,Aqua,MODIS,98,6.2,301.9,73.7,D,0
22.5135,92.4992,399.1,1.1,1.1,2004-03-23,0717,Aqua,MODIS,100,6.2,304.6,272.1,D,0
22.5723,92.398,336.4,1.1,1,2004-03-23,0717,Aqua,MODIS,85,6.2,304.6,28.9,D,0
22.5817,92.3966,393.3,1.1,1,2004-03-23,0717,Aqua,MODIS,100,6.2,312.1,232.8,D,0
22.5938,92.4163,336.5,1.1,1,2004-03-23,0717,Aqua,MODIS,85,6.2,303.7,29.7,D,0
22.5924,92.4057,352.3,1.1,1,2004-03-23,0717,Aqua,MODIS,96,6.2,302.4,63.2,D,0
22.591,92.3952,343.6,1.1,1,2004-03-23,0717,Aqua,MODIS,90,6.2,304,41.8,D,0
22.6018,92.4043,394.6,1.1,1,2004-03-23,0717,Aqua,MODIS,100,6.2,307.5,243.3,D,0
22.6004,92.3938,353.4,1.1,1,2004-03-23,0717,Aqua,MODIS,96,6.2,305.4,65.9,D,0
22.6392,92.3986,321.6,1.1,1,2004-03-23,0717,Aqua,MODIS,65,6.2,305.4,9.6,D,0
22.6461,92.4018,327.5,1.1,1,2004-03-23,0717,Aqua,MODIS,76,6.2,306.6,17,D,0
22.7145,92.4129,339.8,1.1,1,2004-03-23,0717,Aqua,MODIS,88,6.2,304.7,36.7,D,0
23.007,89.6241,320.5,1,1,2004-03-23,0717,Aqua,MODIS,63,6.2,306.2,8.1,D,0
22.9941,89.5366,321.5,1,1,2004-03-23,0717,Aqua,MODIS,52,6.2,306,8.8,D,0
23.0807,89.9389,322.4,1,1,2004-03-23,0717,Aqua,MODIS,69,6.2,305.6,8.7,D,0
23.0083,89.3233,321.5,1,1,2004-03-23,0717,Aqua,MODIS,36,6.2,308.5,9.1,D,0
23.1517,89.6728,320.4,1,1,2004-03-23,0717,Aqua,MODIS,54,6.2,306.4,6.9,D,0
23.2545,89.8669,342.6,1,1,2004-03-23,0717,Aqua,MODIS,90,6.2,309.6,34.4,D,0
23.2531,89.8572,328.7,1,1,2004-03-23,0717,Aqua,MODIS,76,6.2,307.8,12.6,D,0
22.5803,92.386,326.9,1.1,1,2004-03-23,0717,Aqua,MODIS,75,6.2,304.1,13.4,D,0
22.5696,92.3768,341.4,1.1,1,2004-03-23,0717,Aqua,MODIS,89,6.2,306.2,38.3,D,0
22.5602,92.3781,325.8,1.1,1,2004-03-23,0717,Aqua,MODIS,73,6.2,305.2,12.4,D,0
22.537,92.3874,327.1,1.1,1,2004-03-23,0717,Aqua,MODIS,74,6.2,305.4,15.3,D,0
22.5276,92.3888,320.4,1.1,1,2004-03-23,0717,Aqua,MODIS,60,6.2,305.5,7.6,D,0
22.4301,92.4959,328.2,1.1,1,2004-03-23,0717,Aqua,MODIS,76,6.2,301.2,18.7,D,0
21.8254,92.1598,320.9,1.1,1,2004-03-23,0717,Aqua,MODIS,67,6.2,303.6,8.1,D,0
22.3818,92.4177,346,1.1,1,2004-03-23,0717,Aqua,MODIS,92,6.2,307.6,45.4,D,0
22.3873,92.4601,321.9,1.1,1,2004-03-23,0717,Aqua,MODIS,48,6.2,303.6,9.9,D,0
22.3886,92.4705,375.3,1.1,1,2004-03-23,0717,Aqua,MODIS,100,6.2,305.9,144.5,D,0
22.3899,92.4809,344.7,1.1,1,2004-03-23,0717,Aqua,MODIS,91,6.2,301.6,48,D,0
23.3498,92.2179,377.3,1.1,1,2004-03-23,0717,Aqua,MODIS,100,6.2,302.7,151.1,D,0
23.3484,92.2073,382.6,1.1,1,2004-03-23,0717,Aqua,MODIS,100,6.2,305.4,176.1,D,0
23.3568,92.2209,378.2,1.1,1,2004-03-23,0717,Aqua,MODIS,100,6.2,303.2,157.7,D,0
22.5149,92.5101,342.7,1.1,1.1,2004-03-23,0717,Aqua,MODIS,90,6.2,301.8,38.3,D,0
22.796,92.34,386.7,1.1,1,2004-03-23,0717,Aqua,MODIS,100,6.2,307.4,195.2,D,0
22.7946,92.3294,361.3,1.1,1,2004-03-23,0717,Aqua,MODIS,100,6.2,305.7,88.4,D,0
22.8053,92.3387,415.7,1.1,1,2004-03-23,0717,Aqua,MODIS,100,6.2,309.4,400.3,D,0
22.8039,92.3278,380.4,1.1,1,2004-03-23,0717,Aqua,MODIS,100,6.2,308.5,163.7,D,0
22.8147,92.3374,323.3,1.1,1,2004-03-23,0717,Aqua,MODIS,58,6.2,302.5,10.6,D,0
22.8133,92.3264,402.3,1.1,1,2004-03-23,0717,Aqua,MODIS,100,6.2,308.5,293.6,D,0
22.8119,92.3162,335.5,1.1,1,2004-03-23,0717,Aqua,MODIS,85,6.2,304.1,28,D,0
22.8429,92.2834,320,1.1,1,2004-03-23,0717,Aqua,MODIS,49,6.2,304.4,8.4,D,0
22.3361,92.4739,373.7,1.1,1,2004-03-23,0717,Aqua,MODIS,100,6.2,305.8,136,D,0
21.8894,92.2858,331.5,1.1,1,2004-03-23,0717,Aqua,MODIS,81,6.2,303.8,20.7,D,0
21.8907,92.2959,330,1.1,1,2004-03-23,0717,Aqua,MODIS,65,6.2,303.8,18.1,D,0
21.824,92.1495,319.6,1.1,1,2004-03-23,0717,Aqua,MODIS,64,6.2,303.7,7.1,D,0
22.115,92.19,346.9,1.1,1,2004-03-23,0717,Aqua,MODIS,93,6.2,305.5,48.4,D,0
22.4986,92.4582,364.1,1.1,1,2004-03-23,0717,Aqua,MODIS,100,6.2,304.5,99.3,D,0
22.4999,92.4686,376.2,1.1,1,2004-03-23,0717,Aqua,MODIS,100,6.2,305.8,144.2,D,0
22.5012,92.4788,375.2,1.1,1,2004-03-23,0717,Aqua,MODIS,100,6.2,303.6,138.7,D,0
22.5026,92.4895,343.3,1.1,1.1,2004-03-23,0717,Aqua,MODIS,90,6.2,302,40.8,D,0
22.5055,92.5115,339.9,1.1,1.1,2004-03-23,0717,Aqua,MODIS,88,6.2,301,34.6,D,0
22.4892,92.4595,342.4,1.1,1,2004-03-23,0717,Aqua,MODIS,90,6.2,304.2,40.8,D,0
22.6981,92.3613,330.9,1.1,1,2004-03-23,0717,Aqua,MODIS,75,6.2,305,21.3,D,0
22.1137,92.1797,339.9,1.1,1,2004-03-23,0717,Aqua,MODIS,88,6.2,304.9,34.1,D,0
22.4905,92.4699,348.9,1.1,1,2004-03-23,0717,Aqua,MODIS,94,6.2,305.4,54.2,D,0
22.4919,92.4802,332.3,1.1,1,2004-03-23,0717,Aqua,MODIS,53,6.2,301.8,20.7,D,0
22.4933,92.4911,346.2,1.1,1.1,2004-03-23,0717,Aqua,MODIS,92,6.2,301.5,46.7,D,0
22.4867,92.5145,390.4,1.1,1.1,2004-03-23,0717,Aqua,MODIS,100,6.2,304.4,217,D,0
21.9039,92.5371,336.7,1.1,1,2004-03-23,0717,Aqua,MODIS,85,6.2,305.6,31.8,D,0
21.9024,92.5262,396.2,1.1,1,2004-03-23,0717,Aqua,MODIS,100,6.2,307,253.6,D,0
21.901,92.5158,325.4,1.1,1,2004-03-23,0717,Aqua,MODIS,72,6.2,302.6,14.7,D,0
21.9104,92.5144,354,1.1,1,2004-03-23,0717,Aqua,MODIS,97,6.2,305.1,69.9,D,0
21.8815,92.2975,330.8,1.1,1,2004-03-23,0717,Aqua,MODIS,62,6.2,304.8,19.7,D,0
22.3523,92.5246,361.5,1.1,1.1,2004-03-23,0717,Aqua,MODIS,100,6.2,304.9,91.5,D,0
22.1533,92.1944,324.9,1.1,1,2004-03-23,0717,Aqua,MODIS,73,6.2,305.3,11.1,D,0
22.3977,92.3938,331.7,1.1,1,2004-03-23,0717,Aqua,MODIS,80,6.2,305.8,17.8,D,0
21.651,92.23,326.3,1.1,1,2004-03-23,0717,Aqua,MODIS,73,6.2,305,13.1,D,0
22.3697,92.3981,326.7,1.1,1,2004-03-23,0717,Aqua,MODIS,72,6.2,306.7,12.5,D,0
22.3632,92.5346,365.8,1.1,1.1,2004-03-23,0717,Aqua,MODIS,100,6.2,304.7,104.5,D,0
22.3617,92.5233,351.8,1.1,1.1,2004-03-23,0717,Aqua,MODIS,95,6.2,303.5,64.2,D,0
22.3603,92.5126,326.5,1.1,1,2004-03-23,0717,Aqua,MODIS,48,6.2,302.2,16.1,D,0
22.5897,92.3846,339,1.1,1,2004-03-23,0717,Aqua,MODIS,87,6.2,305.5,32.8,D,0
23.3545,91.9843,359.1,1.1,1,2004-03-23,0717,Aqua,MODIS,99,6.2,301.1,80.9,D,0
23.3735,92.0563,360.8,1.1,1,2004-03-23,0717,Aqua,MODIS,100,6.2,301.5,86.1,D,0
22.382,92.5317,375.5,1.1,1.1,2004-03-23,0717,Aqua,MODIS,100,6.2,305.7,144.4,D,0
21.7238,92.2228,324.8,1.1,1,2004-03-23,0717,Aqua,MODIS,73,6.2,304,11.3,D,0
22.3875,92.536,349,1.1,1.1,2004-03-23,0717,Aqua,MODIS,94,6.2,304,57.3,D,0
22.9079,92.0115,315.9,1.1,1,2004-03-23,0717,Aqua,MODIS,17,6.2,297,5.8,D,0
22.8696,92.0068,320,1.1,1,2004-03-23,0717,Aqua,MODIS,65,6.2,298.4,10.4,D,0
22.3861,92.5249,322.8,1.1,1.1,2004-03-23,0717,Aqua,MODIS,66,6.2,303.3,12.6,D,0
21.5413,92.2322,344.5,1.1,1,2004-03-23,0717,Aqua,MODIS,92,6.2,303.2,46.2,D,0
21.5427,92.2424,362.9,1.1,1,2004-03-23,0717,Aqua,MODIS,100,6.2,304,93,D,0
21.544,92.2526,346.7,1.1,1,2004-03-23,0717,Aqua,MODIS,93,6.2,302.8,50.1,D,0
21.5321,92.2337,325.2,1.1,1,2004-03-23,0717,Aqua,MODIS,75,6.2,302.1,14.6,D,0
22.1601,92.1981,320.1,1.1,1,2004-03-23,0717,Aqua,MODIS,62,6.2,304.3,7.1,D,0
22.1588,92.1879,320.3,1.1,1,2004-03-23,0717,Aqua,MODIS,63,6.2,305.2,7.2,D,0
21.3468,92.1507,409.3,1.1,1,2004-03-23,0717,Aqua,MODIS,100,6.2,312.1,324.3,D,0
21.5335,92.2439,346.7,1.1,1,2004-03-23,0717,Aqua,MODIS,93,6.2,303.8,50.1,D,0
22.6007,92.4692,320,1.1,1.1,2004-03-23,0717,Aqua,MODIS,43,6.2,305,7.4,D,0
21.3481,92.1607,414.1,1.1,1,2004-03-23,0717,Aqua,MODIS,100,6.2,310,362.8,D,0
21.8805,92.3608,346.9,1.1,1,2004-03-23,0717,Aqua,MODIS,93,6.2,306.3,50.3,D,0
21.9726,92.5743,324.2,1.1,1,2004-03-23,0717,Aqua,MODIS,63,6.2,303.7,13.4,D,0
22.4221,92.508,328.6,1.1,1.1,2004-03-23,0717,Aqua,MODIS,76,6.2,301.4,19.4,D,0
22.4236,92.5194,346.2,1.1,1.1,2004-03-23,0717,Aqua,MODIS,92,6.2,302.2,51.4,D,0
22.6475,92.4124,325.1,1.1,1,2004-03-23,0717,Aqua,MODIS,72,6.2,303.6,13.6,D,0
22.6406,92.4092,336.4,1.1,1,2004-03-23,0717,Aqua,MODIS,85,6.2,305.4,31.3,D,0
21.6524,92.24,347.3,1.1,1,2004-03-23,0717,Aqua,MODIS,93,6.2,306.8,49.3,D,0
21.5188,92.2632,331.5,1.1,1,2004-03-23,0717,Aqua,MODIS,82,6.2,303,22.1,D,0
21.5202,92.2734,357.5,1.1,1,2004-03-23,0717,Aqua,MODIS,98,6.2,304.5,76.2,D,0
21.5096,92.2647,353.9,1.1,1,2004-03-23,0717,Aqua,MODIS,97,6.2,304.2,66.3,D,0
21.511,92.2749,401.7,1.1,1,2004-03-23,0717,Aqua,MODIS,100,6.2,307.5,278.7,D,0
21.5017,92.2763,325.6,1.1,1,2004-03-23,0717,Aqua,MODIS,76,6.2,303.1,15,D,0
21.4925,92.2777,327.7,1.1,1,2004-03-23,0717,Aqua,MODIS,78,6.2,303.6,18.2,D,0
22.2621,92.4694,327.2,1.1,1,2004-03-23,0717,Aqua,MODIS,21,6.2,303.2,13.6,D,0
22.2715,92.4678,352.9,1.1,1,2004-03-23,0717,Aqua,MODIS,96,6.2,302.3,63.7,D,0
22.2878,92.4696,347.7,1.1,1,2004-03-23,0717,Aqua,MODIS,93,6.2,301.5,54,D,0
22.2972,92.4682,387.8,1.1,1,2004-03-23,0717,Aqua,MODIS,100,6.2,304.1,204.6,D,0
22.3066,92.4669,324.6,1.1,1,2004-03-23,0717,Aqua,MODIS,64,6.2,301.6,12.6,D,0
21.4939,92.2879,320.1,1.1,1,2004-03-23,0717,Aqua,MODIS,66,6.2,301.9,8.7,D,0
21.7912,92.5181,321.4,1.1,1,2004-03-23,0717,Aqua,MODIS,45,6.2,304.1,8.9,D,0
21.7898,92.5075,338.7,1.1,1,2004-03-23,0717,Aqua,MODIS,87,6.2,305.1,33.4,D,0
21.8005,92.5164,378.4,1.1,1,2004-03-23,0717,Aqua,MODIS,100,6.2,306.8,154.6,D,0
21.7991,92.506,413.5,1.1,1,2004-03-23,0717,Aqua,MODIS,100,6.2,314.5,378.5,D,0
21.8097,92.5147,340.4,1.1,1,2004-03-23,0717,Aqua,MODIS,88,6.2,304.1,37.4,D,0
22.2607,92.4585,381.9,1.1,1,2004-03-23,0717,Aqua,MODIS,100,6.2,308.3,171.3,D,0
22.2593,92.4477,326,1.1,1,2004-03-23,0717,Aqua,MODIS,57,6.2,303.2,14.2,D,0
22.2701,92.4576,416.1,1.1,1,2004-03-23,0717,Aqua,MODIS,100,6.2,312.4,403.9,D,0
22.2687,92.4467,362.1,1.1,1,2004-03-23,0717,Aqua,MODIS,100,6.2,306.7,92.1,D,0
22.2795,92.4563,375.4,1.1,1,2004-03-23,0717,Aqua,MODIS,100,6.2,307.9,141.4,D,0
22.2781,92.4458,356.1,1.1,1,2004-03-23,0717,Aqua,MODIS,98,6.2,307.6,73.8,D,0
22.2766,92.4348,375.1,1.1,1,2004-03-23,0717,Aqua,MODIS,100,6.2,307.6,142,D,0
22.2751,92.4238,319.5,1.1,1,2004-03-23,0717,Aqua,MODIS,57,6.2,302.5,7.9,D,0
22.2865,92.4592,384,1.1,1,2004-03-23,0717,Aqua,MODIS,100,6.2,311.2,183.6,D,0
22.2852,92.4491,357.4,1.1,1,2004-03-23,0717,Aqua,MODIS,98,6.2,310.7,77.8,D,0
22.2838,92.4384,340.6,1.1,1,2004-03-23,0717,Aqua,MODIS,88,6.2,305.8,38.7,D,0
22.2824,92.4272,381.7,1.1,1,2004-03-23,0717,Aqua,MODIS,100,6.2,308.4,171.9,D,0
22.281,92.4164,335.3,1.1,1,2004-03-23,0717,Aqua,MODIS,84,6.2,304.2,29,D,0
22.2958,92.4577,414.2,1.1,1,2004-03-23,0717,Aqua,MODIS,100,6.2,314.8,389,D,0
22.2945,92.4476,378.2,1.1,1,2004-03-23,0717,Aqua,MODIS,100,6.2,310.4,153.9,D,0
22.2932,92.4372,332.8,1.1,1,2004-03-23,0717,Aqua,MODIS,81,6.2,304.6,24.2,D,0
22.2918,92.4262,345.2,1.1,1,2004-03-23,0717,Aqua,MODIS,91,6.2,304.6,47.6,D,0
22.3052,92.4564,358.7,1.1,1,2004-03-23,0717,Aqua,MODIS,99,6.2,306.4,80.7,D,0
22.3039,92.4462,327.9,1.1,1,2004-03-23,0717,Aqua,MODIS,44,6.2,304.2,15.9,D,0
21.8084,92.5045,351.8,1.1,1,2004-03-23,0717,Aqua,MODIS,95,6.2,307,61.8,D,0
22.433,92.518,328.4,1.1,1.1,2004-03-23,0717,Aqua,MODIS,76,6.2,302.5,19.1,D,0
22.4316,92.5068,337.8,1.1,1.1,2004-03-23,0717,Aqua,MODIS,86,6.2,302.1,34.2,D,0
22.5831,92.4071,368.5,1.1,1,2004-03-23,0717,Aqua,MODIS,100,6.2,305.6,114.3,D,0
22.5631,92.4747,328.2,1.1,1.1,2004-03-23,0717,Aqua,MODIS,67,6.2,304.6,16.6,D,0
22.4395,92.4945,319,1.1,1,2004-03-23,0717,Aqua,MODIS,48,6.2,302.2,7.5,D,0
22.4676,92.4903,328,1.1,1,2004-03-23,0717,Aqua,MODIS,76,6.2,302.1,17.2,D,0
22.4839,92.4926,355.7,1.1,1.1,2004-03-23,0717,Aqua,MODIS,97,6.2,300.8,71,D,0
22.5468,92.4614,359.6,1.1,1,2004-03-23,0717,Aqua,MODIS,99,6.2,304.1,83.9,D,0
22.5481,92.4718,345.8,1.1,1,2004-03-23,0717,Aqua,MODIS,92,6.2,304.1,46.3,D,0
21.6313,92.2229,324.3,1.1,1,2004-03-23,0717,Aqua,MODIS,59,6.2,304.7,10.9,D,0
21.9885,92.2889,337.2,1.1,1,2004-03-23,0717,Aqua,MODIS,86,6.2,307,32.7,D,0
22.5333,92.4313,332.7,1.1,1,2004-03-23,0717,Aqua,MODIS,81,6.2,305.5,23.2,D,0
22.5347,92.442,375.2,1.1,1,2004-03-23,0717,Aqua,MODIS,100,6.2,309.4,141.2,D,0
22.536,92.4524,344.9,1.1,1,2004-03-23,0717,Aqua,MODIS,91,6.2,304.6,44.9,D,0
22.5374,92.4627,384.9,1.1,1,2004-03-23,0717,Aqua,MODIS,100,6.2,308.3,187,D,0
22.5387,92.4729,370.3,1.1,1,2004-03-23,0717,Aqua,MODIS,100,6.2,304.8,119.6,D,0
21.9898,92.2991,323.7,1.1,1,2004-03-23,0717,Aqua,MODIS,70,6.2,303.4,13,D,0
22.8442,92.006,331.5,1.1,1,2004-03-23,0717,Aqua,MODIS,82,6.2,302.5,24,D,0
23.3221,91.8095,388.8,1.1,1,2004-03-23,0717,Aqua,MODIS,100,6.2,305.7,198.4,D,0
23.3234,91.8197,339.5,1.1,1,2004-03-23,0717,Aqua,MODIS,84,6.2,301.7,34.3,D,0
23.3129,91.811,365.4,1.1,1,2004-03-23,0717,Aqua,MODIS,100,6.2,302.4,94.9,D,0
23.3721,92.0459,332,1.1,1,2004-03-23,0717,Aqua,MODIS,75,6.2,301.8,22.2,D,0
23.3638,91.9828,383.5,1.1,1,2004-03-23,0717,Aqua,MODIS,100,6.2,303.9,175.7,D,0
23.3689,91.9502,326.1,1.1,1,2004-03-23,0717,Aqua,MODIS,75,6.2,298.5,15.3,D,0
22.3801,92.3315,327.5,1.1,1,2004-03-23,0717,Aqua,MODIS,75,6.2,303.7,14.9,D,0
22.3815,92.3424,322.3,1.1,1,2004-03-23,0717,Aqua,MODIS,50,6.2,304.4,8.4,D,0
22.3708,92.333,323,1.1,1,2004-03-23,0717,Aqua,MODIS,50,6.2,304.8,9.3,D,0
22.3722,92.3438,394.4,1.1,1,2004-03-23,0717,Aqua,MODIS,100,6.2,310.5,237.8,D,0
22.3736,92.3546,382.2,1.1,1,2004-03-23,0717,Aqua,MODIS,100,6.2,306,170,D,0
23.3156,91.8314,372.8,1.1,1,2004-03-23,0717,Aqua,MODIS,100,6.2,306.4,123.7,D,0
23.317,91.8418,359.5,1.1,1,2004-03-23,0717,Aqua,MODIS,99,6.2,302.2,80.8,D,0
23.3064,91.833,343.7,1.1,1,2004-03-23,0717,Aqua,MODIS,88,6.2,302.7,41.4,D,0
23.3078,91.8432,342.1,1.1,1,2004-03-23,0717,Aqua,MODIS,75,6.2,301.5,37.9,D,0
23.2954,91.81,341.2,1.1,1,2004-03-23,0717,Aqua,MODIS,84,6.2,301.8,37.1,D,0
21.9912,92.31,327.9,1.1,1,2004-03-23,0717,Aqua,MODIS,77,6.2,304.9,18.9,D,0
23.6103,92.2444,325.6,1.1,1.1,2004-03-23,0717,Aqua,MODIS,76,6.2,300.4,19.4,D,0
22.4115,92.2103,320,1.1,1,2004-03-23,0717,Aqua,MODIS,56,6.2,304.4,6.3,D,0
22.4129,92.2206,319.6,1.1,1,2004-03-23,0717,Aqua,MODIS,52,6.2,304.4,6.5,D,0
22.4743,92.4187,338.6,1.1,1,2004-03-23,0717,Aqua,MODIS,87,6.2,304.3,33,D,0
23.4013,92.052,341.5,1.1,1,2004-03-23,0717,Aqua,MODIS,88,6.2,300.5,38.5,D,0
23.3999,92.0414,329.9,1.1,1,2004-03-23,0717,Aqua,MODIS,52,6.2,301.1,20.1,D,0
23.3708,91.8227,324.4,1.1,1,2004-03-23,0717,Aqua,MODIS,74,6.2,297,15.1,D,0
22.4757,92.4294,326.5,1.1,1,2004-03-23,0717,Aqua,MODIS,44,6.2,302.7,13.4,D,0
22.4771,92.44,356.9,1.1,1,2004-03-23,0717,Aqua,MODIS,98,6.2,303.9,75.3,D,0
23.0792,92.3207,401.4,1.1,1,2004-03-23,0717,Aqua,MODIS,100,6.2,309.1,289.3,D,0
23.0806,92.3319,386.8,1.1,1,2004-03-23,0717,Aqua,MODIS,100,6.2,307.3,198.1,D,0
22.9811,92.2781,362.7,1.1,1,2004-03-23,0717,Aqua,MODIS,100,6.2,305.7,94,D,0
22.9824,92.2886,336.7,1.1,1,2004-03-23,0717,Aqua,MODIS,86,6.2,303.2,30.9,D,0
22.4759,92.505,343.1,1.1,1.1,2004-03-23,0717,Aqua,MODIS,90,6.2,303.6,41,D,0
22.4773,92.5159,377.1,1.1,1.1,2004-03-23,0717,Aqua,MODIS,100,6.2,308.8,148.8,D,0
22.4691,92.5014,323.7,1.1,1.1,2004-03-23,0717,Aqua,MODIS,68,6.2,301.9,11.7,D,0
22.4706,92.5124,372.3,1.1,1.1,2004-03-23,0717,Aqua,MODIS,100,6.2,305.9,131.5,D,0
22.4636,92.409,335.4,1.1,1,2004-03-23,0717,Aqua,MODIS,84,6.2,304.4,25.9,D,0
21.96,92.0021,320.6,1.1,1,2004-03-23,0717,Aqua,MODIS,65,6.2,304,8.1,D,0
21.5576,92.552,324.6,1.1,1,2004-03-23,0717,Aqua,MODIS,73,6.2,303.2,14.8,D,0
21.5561,92.5412,316.5,1.1,1,2004-03-23,0717,Aqua,MODIS,32,6.2,300.4,6.4,D,0
22.5964,92.148,319.4,1.1,1,2004-03-23,0717,Aqua,MODIS,57,6.2,301.8,8.5,D,0
21.879,92.3498,328.3,1.1,1,2004-03-23,0717,Aqua,MODIS,77,6.2,306.9,17.9,D,0
21.8842,92.3177,323.8,1.1,1,2004-03-23,0717,Aqua,MODIS,65,6.2,303.5,11.8,D,0
21.8828,92.3077,336.8,1.1,1,2004-03-23,0717,Aqua,MODIS,86,6.2,304.4,30,D,0
21.9091,92.3071,330.5,1.1,1,2004-03-23,0717,Aqua,MODIS,80,6.2,301.6,22.4,D,0
21.8007,92.3052,318,1.1,1,2004-03-23,0717,Aqua,MODIS,57,6.2,303.5,6.1,D,0
23.5449,91.9634,331.7,1.1,1,2004-03-23,0717,Aqua,MODIS,78,6.2,298.9,24.9,D,0
23.5435,91.9528,385.5,1.1,1,2004-03-23,0717,Aqua,MODIS,100,6.2,307.8,188.6,D,0
23.5422,91.9426,331.4,1.1,1,2004-03-23,0717,Aqua,MODIS,82,6.2,300.1,24.2,D,0
22.9969,92.129,328.3,1.1,1,2004-03-23,0717,Aqua,MODIS,78,6.2,299.6,17.6,D,0
23.0048,92.1171,345.9,1.1,1,2004-03-23,0717,Aqua,MODIS,87,6.2,298.6,46.7,D,0
23.0034,92.1063,352.1,1.1,1,2004-03-23,0717,Aqua,MODIS,90,6.2,297.9,60.8,D,0
23.0113,92.0945,322.5,1.1,1,2004-03-23,0717,Aqua,MODIS,23,6.2,297.1,9.2,D,0
23.0206,92.093,387.7,1.1,1,2004-03-23,0717,Aqua,MODIS,94,6.2,302.2,197.4,D,0
23.0193,92.0828,331.6,1.1,1,2004-03-23,0717,Aqua,MODIS,81,6.2,301.2,21.2,D,0
23.0498,92.0993,333,1.1,1,2004-03-23,0717,Aqua,MODIS,75,6.2,300.7,24.3,D,0
23.0605,92.1084,339.3,1.1,1,2004-03-23,0717,Aqua,MODIS,77,6.2,301.8,35.7,D,0
23.7031,92.258,409.3,1.1,1.1,2004-03-23,0717,Aqua,MODIS,100,6.2,308.6,353.6,D,0
23.0591,92.0978,371.5,1.1,1,2004-03-23,0717,Aqua,MODIS,94,6.2,304.8,124,D,0
23.0577,92.0872,325.4,1.1,1,2004-03-23,0717,Aqua,MODIS,38,6.2,300.9,13.8,D,0
23.0738,92.1651,353.7,1.1,1,2004-03-23,0717,Aqua,MODIS,86,6.2,303.7,68.6,D,0
23.0656,92.1019,330.8,1.1,1,2004-03-23,0717,Aqua,MODIS,74,6.2,302.2,22.1,D,0
23.0844,92.1741,353.6,1.1,1,2004-03-23,0717,Aqua,MODIS,97,6.2,303,67.4,D,0
23.4053,92.3006,332.4,1.1,1.1,2004-03-23,0717,Aqua,MODIS,83,6.2,302.8,27.3,D,0
23.4039,92.2896,327.6,1.1,1.1,2004-03-23,0717,Aqua,MODIS,66,6.2,301.5,18.9,D,0
23.4147,92.2992,330.1,1.1,1.1,2004-03-23,0717,Aqua,MODIS,81,6.2,299,23.4,D,0
23.4695,91.9499,350,1.1,1,2004-03-23,0717,Aqua,MODIS,95,6.2,301.2,58.6,D,0
23.4603,91.9514,396.5,1.1,1,2004-03-23,0717,Aqua,MODIS,100,6.2,307.2,248.6,D,0
23.0786,92.0572,333.4,1.1,1,2004-03-23,0717,Aqua,MODIS,79,6.2,298.9,25.5,D,0
23.0773,92.0468,328.4,1.1,1,2004-03-23,0717,Aqua,MODIS,74,6.2,297.8,18.3,D,0
23.1037,92.0321,324.7,1.1,1,2004-03-23,0717,Aqua,MODIS,56,6.2,302.3,13.5,D,0
22.5337,92.5074,353.4,1.1,1.1,2004-03-23,0717,Aqua,MODIS,96,6.2,301.9,65.4,D,0
22.5604,92.4919,326.3,1.1,1.1,2004-03-23,0717,Aqua,MODIS,12,6.2,303.3,13.3,D,0
22.5753,92.495,349.8,1.1,1.1,2004-03-23,0717,Aqua,MODIS,94,6.2,304.5,59,D,0
22.5739,92.484,339.6,1.1,1.1,2004-03-23,0717,Aqua,MODIS,88,6.2,306.1,37,D,0
22.5833,92.4826,329.5,1.1,1.1,2004-03-23,0717,Aqua,MODIS,68,6.2,303.8,19.7,D,0
22.465,92.42,344.9,1.1,1,2004-03-23,0717,Aqua,MODIS,91,6.2,302.2,44.8,D,0
22.4677,92.4413,319.2,1.1,1,2004-03-23,0717,Aqua,MODIS,27,6.2,300.5,5.3,D,0
22.4564,92.4055,334,1.1,1,2004-03-23,0717,Aqua,MODIS,83,6.2,304.3,24.4,D,0
22.4972,92.4477,323.6,1.1,1,2004-03-23,0717,Aqua,MODIS,55,6.2,301.6,11.2,D,0
22.292,92.5021,333.6,1.1,1,2004-03-23,0717,Aqua,MODIS,82,6.2,304.8,28.1,D,0
22.2907,92.4915,336.1,1.1,1,2004-03-23,0717,Aqua,MODIS,84,6.2,307,31,D,0
21.7224,92.2125,323.6,1.1,1,2004-03-23,0717,Aqua,MODIS,72,6.2,304.4,9.9,D,0
21.7395,92.1994,336.7,1.1,1,2004-03-23,0717,Aqua,MODIS,86,6.2,305.3,27,D,0
21.7381,92.1892,326.5,1.1,1,2004-03-23,0717,Aqua,MODIS,74,6.2,305.4,12.7,D,0
21.7487,92.198,377.8,1.1,1,2004-03-23,0717,Aqua,MODIS,100,6.2,307.5,145.1,D,0
21.7473,92.1878,363.7,1.1,1,2004-03-23,0717,Aqua,MODIS,100,6.2,307.6,92.6,D,0
22.4142,92.5208,317.2,1.1,1.1,2004-03-23,0717,Aqua,MODIS,9,6.2,301.4,6.2,D,0
22.4034,92.5109,347.2,1.1,1.1,2004-03-23,0717,Aqua,MODIS,93,6.2,304,53.9,D,0
22.4049,92.5223,382.4,1.1,1.1,2004-03-23,0717,Aqua,MODIS,100,6.2,306.6,178.2,D,0
21.3494,92.1707,372.2,1.1,1,2004-03-23,0717,Aqua,MODIS,100,6.2,304.7,120.2,D,0
21.3376,92.1521,353.2,1.1,1,2004-03-23,0717,Aqua,MODIS,96,6.2,307.1,59.5,D,0
22.3162,92.5415,369.5,1.1,1.1,2004-03-23,0717,Aqua,MODIS,100,6.2,304.8,121,D,0
21.8142,92.36,319,1.1,1,2004-03-23,0717,Aqua,MODIS,54,6.2,302.7,8.1,D,0
21.8154,92.3698,333.5,1.1,1,2004-03-23,0717,Aqua,MODIS,83,6.2,303.9,27.1,D,0
21.8089,92.3663,335.4,1.1,1,2004-03-23,0717,Aqua,MODIS,85,6.2,304.7,29.7,D,0
21.8102,92.3762,321.2,1.1,1,2004-03-23,0717,Aqua,MODIS,60,6.2,302.9,9.8,D,0
21.8131,92.3975,337.1,1.1,1,2004-03-23,0717,Aqua,MODIS,86,6.2,304.1,31.4,D,0
21.8146,92.4085,336.4,1.1,1,2004-03-23,0717,Aqua,MODIS,85,6.2,304.4,30,D,0
21.8038,92.3986,320.1,1.1,1,2004-03-23,0717,Aqua,MODIS,52,6.2,303.7,8.1,D,0
23.4067,92.3115,319.1,1.1,1.1,2004-03-23,0717,Aqua,MODIS,43,6.2,299.6,10.4,D,0
23.3005,91.9886,328.9,1.1,1,2004-03-23,0717,Aqua,MODIS,58,6.2,301.5,18.8,D,0
23.3019,91.9992,336.4,1.1,1,2004-03-23,0717,Aqua,MODIS,86,6.2,301.1,31.1,D,0
22.4579,92.4164,345.7,1.1,1,2004-03-23,0717,Aqua,MODIS,92,6.2,302.3,47,D,0
23.0558,91.9546,362.6,1.1,1,2004-03-23,0717,Aqua,MODIS,100,6.2,301.4,91.1,D,0
22.3145,92.4549,374.5,1.1,1,2004-03-23,0717,Aqua,MODIS,100,6.2,305.7,134.7,D,0
22.3132,92.4447,372.9,1.1,1,2004-03-23,0717,Aqua,MODIS,100,6.2,309.2,127.1,D,0
22.3239,92.4537,391.1,1.1,1,2004-03-23,0717,Aqua,MODIS,100,6.2,307.6,217.8,D,0
22.3226,92.4433,404.5,1.1,1,2004-03-23,0717,Aqua,MODIS,100,6.2,312.4,305.6,D,0
22.3212,92.4329,327.2,1.1,1,2004-03-23,0717,Aqua,MODIS,27,6.2,304.6,12.9,D,0
22.3347,92.4629,343,1.1,1,2004-03-23,0717,Aqua,MODIS,90,6.2,303.3,41.2,D,0
22.3333,92.4522,348.4,1.1,1,2004-03-23,0717,Aqua,MODIS,93,6.2,303.8,50,D,0
22.3319,92.442,401.7,1.1,1,2004-03-23,0717,Aqua,MODIS,100,6.2,312,285.6,D,0
22.3306,92.4315,324.8,1.1,1,2004-03-23,0717,Aqua,MODIS,30,6.2,306,10.1,D,0
22.344,92.4614,342.5,1.1,1,2004-03-23,0717,Aqua,MODIS,90,6.2,302.9,40.4,D,0
22.3426,92.4507,341.7,1.1,1,2004-03-23,0717,Aqua,MODIS,89,6.2,304.1,35.7,D,0
22.3534,92.4601,321.1,1.1,1,2004-03-23,0717,Aqua,MODIS,41,6.2,302.7,8,D,0
22.352,92.4494,389.9,1.1,1,2004-03-23,0717,Aqua,MODIS,100,6.2,310.6,211.8,D,0
22.3506,92.4392,372.8,1.1,1,2004-03-23,0717,Aqua,MODIS,100,6.2,310,126.8,D,0
22.3614,92.4483,343.1,1.1,1,2004-03-23,0717,Aqua,MODIS,90,6.2,305.5,40.4,D,0
22.36,92.4378,362.4,1.1,1,2004-03-23,0717,Aqua,MODIS,100,6.2,307.5,90.1,D,0
22.3679,92.4258,370.9,1.1,1,2004-03-23,0717,Aqua,MODIS,100,6.2,307.7,118.8,D,0
22.3665,92.4153,356.5,1.1,1,2004-03-23,0717,Aqua,MODIS,98,6.2,308.3,69.5,D,0
22.3738,92.4297,325.5,1.1,1,2004-03-23,0717,Aqua,MODIS,38,6.2,303.9,11.4,D,0
22.3724,92.4192,347.9,1.1,1,2004-03-23,0717,Aqua,MODIS,93,6.2,308,49.4,D,0
21.3389,92.1621,356.7,1.1,1,2004-03-23,0717,Aqua,MODIS,98,6.2,306.5,69.6,D,0
21.2754,92.1686,322.2,1.1,1,2004-03-23,0717,Aqua,MODIS,67,6.2,305.3,8.2,D,0
21.2767,92.1786,321.6,1.1,1,2004-03-23,0717,Aqua,MODIS,58,6.2,304,8.2,D,0
23.2413,91.7557,333.8,1.1,1,2004-03-23,0717,Aqua,MODIS,84,6.2,300,26.2,D,0
23.2563,91.8688,326.9,1.1,1,2004-03-23,0717,Aqua,MODIS,63,6.2,303,17.6,D,0
23.2577,91.8791,327,1.1,1,2004-03-23,0717,Aqua,MODIS,77,6.2,298.9,17.5,D,0
22.4457,92.3967,383.6,1.1,1,2004-03-23,0717,Aqua,MODIS,100,6.2,312.1,176.7,D,0
22.4471,92.407,380.5,1.1,1,2004-03-23,0717,Aqua,MODIS,100,6.2,305.7,162,D,0
22.4364,92.3982,434.4,1.1,1,2004-03-23,0717,Aqua,MODIS,100,6.2,321.2,587.6,D,0
22.4377,92.4085,434.3,1.1,1,2004-03-23,0717,Aqua,MODIS,100,6.2,317.6,589.7,D,0
21.888,92.2755,323.1,1.1,1,2004-03-23,0717,Aqua,MODIS,67,6.2,304.6,10.5,D,0
22.4392,92.4191,354.8,1.1,1,2004-03-23,0717,Aqua,MODIS,97,6.2,303.1,67.4,D,0
22.4271,92.3998,404.2,1.1,1,2004-03-23,0717,Aqua,MODIS,100,6.2,315.7,301.7,D,0
22.4284,92.41,432.4,1.1,1,2004-03-23,0717,Aqua,MODIS,100,6.2,321.1,568.1,D,0
22.4298,92.4205,354.6,1.1,1,2004-03-23,0717,Aqua,MODIS,97,6.2,307.2,67.6,D,0
22.4191,92.4117,325.7,1.1,1,2004-03-23,0717,Aqua,MODIS,65,6.2,306.9,11.4,D,0
22.3991,92.4044,360.8,1.1,1,2004-03-23,0717,Aqua,MODIS,100,6.2,308,83.6,D,0
23.2154,91.8435,344.9,1.1,1,2004-03-23,0717,Aqua,MODIS,92,6.2,299.9,45.6,D,0
23.2167,91.8537,324.8,1.1,1,2004-03-23,0717,Aqua,MODIS,41,6.2,299,12.9,D,0
23.2208,91.8849,331.7,1.1,1,2004-03-23,0717,Aqua,MODIS,82,6.2,302.3,22.7,D,0
21.6194,92.2041,335.8,1.1,1,2004-03-23,0717,Aqua,MODIS,85,6.2,304.2,27.7,D,0
21.6299,92.2128,326.5,1.1,1,2004-03-23,0717,Aqua,MODIS,76,6.2,304.5,13.6,D,0
21.6654,92.1969,327.6,1.1,1,2004-03-23,0717,Aqua,MODIS,78,6.2,304.2,16,D,0
21.664,92.1868,327.5,1.1,1,2004-03-23,0717,Aqua,MODIS,77,6.2,304.1,16.1,D,0
23.2083,91.84,376.8,1.1,1,2004-03-23,0717,Aqua,MODIS,94,6.2,301.6,142.4,D,0
23.1802,91.771,333.7,1.1,1,2004-03-23,0717,Aqua,MODIS,84,6.2,299.2,25.8,D,0
23.171,91.7724,327.1,1.1,1,2004-03-23,0717,Aqua,MODIS,65,6.2,301.6,16.3,D,0
22.4368,92.4739,348,1.1,1,2004-03-23,0717,Aqua,MODIS,93,6.2,302.5,53.7,D,0
22.4355,92.4635,402.6,1.1,1,2004-03-23,0717,Aqua,MODIS,100,6.2,310.6,298.7,D,0
22.4462,92.4724,326.3,1.1,1,2004-03-23,0717,Aqua,MODIS,41,6.2,304.1,13.5,D,0
22.4448,92.4621,334.6,1.1,1,2004-03-23,0717,Aqua,MODIS,83,6.2,306.6,26.9,D,0
22.4556,92.471,345.2,1.1,1,2004-03-23,0717,Aqua,MODIS,91,6.2,303.6,45.6,D,0
22.4542,92.4605,330.8,1.1,1,2004-03-23,0717,Aqua,MODIS,68,6.2,303.3,19.9,D,0
22.4663,92.4798,348.7,1.1,1,2004-03-23,0717,Aqua,MODIS,94,6.2,305,53.7,D,0
22.4649,92.4695,334.3,1.1,1,2004-03-23,0717,Aqua,MODIS,83,6.2,303.1,26.2,D,0
22.4731,92.4829,382.5,1.1,1,2004-03-23,0717,Aqua,MODIS,100,6.2,307.5,175.3,D,0
22.4718,92.4726,381.2,1.1,1,2004-03-23,0717,Aqua,MODIS,100,6.2,311.8,168,D,0
22.4704,92.4624,348.6,1.1,1,2004-03-23,0717,Aqua,MODIS,94,6.2,304.3,54.9,D,0
22.4691,92.4518,377.4,1.1,1,2004-03-23,0717,Aqua,MODIS,100,6.2,306.5,151.9,D,0
22.4825,92.4815,354.2,1.1,1,2004-03-23,0717,Aqua,MODIS,97,6.2,303.2,67.6,D,0
22.4811,92.4712,338.6,1.1,1,2004-03-23,0717,Aqua,MODIS,82,6.2,303.4,32.9,D,0
22.4798,92.461,344.3,1.1,1,2004-03-23,0717,Aqua,MODIS,91,6.2,303.5,44.3,D,0
22.4785,92.4505,361.5,1.1,1,2004-03-23,0717,Aqua,MODIS,100,6.2,304.9,90,D,0
21.9846,92.3059,358.5,1.1,1,2004-03-23,0717,Aqua,MODIS,99,6.2,306.2,79.8,D,0
21.4072,92.1825,318.6,1.1,1,2004-03-23,0717,Aqua,MODIS,62,6.2,302.1,5.9,D,0
22.9195,91.9568,321.8,1.1,1,2004-03-23,0717,Aqua,MODIS,54,6.2,299.9,11.5,D,0
21.8275,92.5768,330.8,1.1,1,2004-03-23,0717,Aqua,MODIS,80,6.2,305.3,21.3,D,0
22.9672,91.9739,337.8,1.1,1,2004-03-23,0717,Aqua,MODIS,87,6.2,302.7,32.5,D,0
22.9686,91.9845,363.1,1.1,1,2004-03-23,0717,Aqua,MODIS,100,6.2,304.1,93.5,D,0
22.9699,91.9951,336.1,1.1,1,2004-03-23,0717,Aqua,MODIS,86,6.2,300.2,29.7,D,0
22.3799,92.2577,330.2,1.1,1,2004-03-23,0717,Aqua,MODIS,79,6.2,305.7,18.4,D,0
22.3813,92.268,321.9,1.1,1,2004-03-23,0717,Aqua,MODIS,59,6.2,304.6,7.6,D,0
21.9132,92.5359,324.5,1.1,1,2004-03-23,0717,Aqua,MODIS,71,6.2,304.5,14.4,D,0
21.9118,92.5249,386.1,1.1,1,2004-03-23,0717,Aqua,MODIS,100,6.2,307.4,195.5,D,0
22.4851,92.428,343.2,1.1,1,2004-03-23,0717,Aqua,MODIS,90,6.2,303.6,42.3,D,0
23.4306,92.2744,349.5,1.1,1,2004-03-23,0717,Aqua,MODIS,94,6.2,305.7,60.4,D,0
21.4058,92.1724,344.4,1.1,1,2004-03-23,0717,Aqua,MODIS,92,6.2,304.1,42.9,D,0
21.9818,92.2854,369.6,1.1,1,2004-03-23,0717,Aqua,MODIS,100,6.2,308.9,115.6,D,0
21.9831,92.2953,389.7,1.1,1,2004-03-23,0717,Aqua,MODIS,100,6.2,310,207.9,D,0
22.398,92.4691,323.8,1.1,1,2004-03-23,0717,Aqua,MODIS,61,6.2,302.3,13.1,D,0
22.4167,92.4662,342.5,1.1,1,2004-03-23,0717,Aqua,MODIS,90,6.2,303.9,42.5,D,0
22.4275,92.4754,332.8,1.1,1,2004-03-23,0717,Aqua,MODIS,81,6.2,302,24.9,D,0
22.4261,92.4649,354.4,1.1,1,2004-03-23,0717,Aqua,MODIS,97,6.2,305.9,71,D,0
25.5377,88.5433,318,1,1,2004-03-23,0718,Aqua,MODIS,51,6.2,305.2,5.8,D,0
23.28,92.2117,310,3.6,1.8,2004-03-23,1645,Terra,MODIS,79,6.2,291.9,57.2,N,0
23.2889,92.2053,305.6,3.6,1.8,2004-03-23,1645,Terra,MODIS,65,6.2,291.8,38.2,N,0
23.2771,92.2243,303.8,1.2,1.1,2004-03-23,1926,Aqua,MODIS,18,6.2,293.5,5.9,N,0
23.2869,92.2257,303.8,1.2,1.1,2004-03-23,1926,Aqua,MODIS,48,6.2,293.3,6.1,N,0
24.6966,90.1218,320.3,1.1,1.1,2004-03-24,0454,Terra,MODIS,71,6.2,304.3,10.5,D,0
22.7067,92.3805,334.6,1.6,1.3,2004-03-24,0454,Terra,MODIS,86,6.2,299.6,57,D,0
23.3757,88.8327,319.5,1,1,2004-03-24,0454,Terra,MODIS,60,6.2,305.7,9.7,D,0
23.2594,89.8617,321.6,1.1,1.1,2004-03-24,0454,Terra,MODIS,71,6.2,302.1,11.1,D,0
22.3884,92.3459,316.4,1.7,1.3,2004-03-24,0454,Terra,MODIS,59,6.2,299.5,14.9,D,0
25.4451,89.6514,311.4,1.1,1,2004-03-24,0454,Terra,MODIS,0,6.2,299.2,4.8,D,0
22.3901,92.3394,315.5,1.7,1.3,2004-03-24,0454,Terra,MODIS,52,6.2,299.3,12.6,D,0
23.2392,91.99,315.8,1.5,1.2,2004-03-24,0454,Terra,MODIS,64,6.2,292.5,14.6,D,0
23.9174,89.4955,324,1.1,1,2004-03-24,0454,Terra,MODIS,54,6.2,306,13.8,D,0
23.6366,91.9624,315.1,1.5,1.2,2004-03-24,0454,Terra,MODIS,59,6.2,293.8,12.8,D,0
22.777,91.9342,309.8,1.5,1.2,2004-03-24,1550,Terra,MODIS,78,6.2,294.5,15,N,0
22.5543,92.3762,305.2,1.4,1.2,2004-03-24,1550,Terra,MODIS,63,6.2,294.8,8.6,N,0
22.5669,92.3868,310.3,1.4,1.2,2004-03-24,1550,Terra,MODIS,80,6.2,294.8,14,N,0
22.0783,92.3938,313.7,1.5,1.2,2004-03-24,1550,Terra,MODIS,88,6.2,293.9,19.8,N,0
22.56,92.3801,328.5,1.4,1.2,2004-03-24,1550,Terra,MODIS,100,6.2,295.5,43.2,N,0
22.7383,92.3698,328.3,1.4,1.2,2004-03-24,1550,Terra,MODIS,100,6.2,295.2,42.1,N,0
22.7416,92.3607,327.8,1.4,1.2,2004-03-24,1550,Terra,MODIS,100,6.2,294.9,41.2,N,0
22.7438,92.3741,335.5,1.4,1.2,2004-03-24,1550,Terra,MODIS,100,6.2,295.9,58.4,N,0
22.5565,92.3889,331.4,1.4,1.2,2004-03-24,1550,Terra,MODIS,100,6.2,295.7,49.8,N,0
22.7488,92.3679,327.8,1.4,1.2,2004-03-24,1550,Terra,MODIS,100,6.2,295.1,41.3,N,0
21.6821,92.2365,335.9,1.5,1.2,2004-03-24,1550,Terra,MODIS,100,6.2,295.2,66.1,N,0
22.4087,92.417,319.7,1.4,1.2,2004-03-24,1550,Terra,MODIS,99,6.2,294.8,28,N,0
22.5622,92.3934,332,1.4,1.2,2004-03-24,1550,Terra,MODIS,100,6.2,295.2,50.6,N,0
22.783,92.4273,315,3,1.7,2004-03-25,0359,Terra,MODIS,45,6.2,291,34.2,D,0
21.706,92.2225,352.5,1,1,2004-03-25,0705,Aqua,MODIS,96,6.2,306.6,59.9,D,0
22.1518,92.2462,336,1,1,2004-03-25,0705,Aqua,MODIS,86,6.2,302.5,28.9,D,0
22.1821,92.2,320.3,1,1,2004-03-25,0705,Aqua,MODIS,61,6.2,302.1,7.4,D,0
22.1911,92.1984,321.5,1,1,2004-03-25,0705,Aqua,MODIS,69,6.2,301.9,9,D,0
22.648,92.4114,353,1,1,2004-03-25,0705,Aqua,MODIS,96,6.2,304.2,58.8,D,0
22.6246,92.4425,327.4,1,1,2004-03-25,0705,Aqua,MODIS,47,6.2,304.6,12.7,D,0
21.6772,92.2134,327.8,1.1,1,2004-03-25,0705,Aqua,MODIS,62,6.2,304.1,14.2,D,0
21.6862,92.2157,328.8,1.1,1,2004-03-25,0705,Aqua,MODIS,80,6.2,303.3,17.4,D,0
21.6891,92.1737,322,1.1,1,2004-03-25,0705,Aqua,MODIS,70,6.2,303.8,9.6,D,0
21.6983,92.1721,320.5,1.1,1,2004-03-25,0705,Aqua,MODIS,63,6.2,303.5,7.9,D,0
21.7242,92.2191,329.1,1,1,2004-03-25,0705,Aqua,MODIS,80,6.2,305.4,16.7,D,0
22.3299,92.4417,324.1,1,1,2004-03-25,0705,Aqua,MODIS,62,6.2,305.1,11,D,0
22.3285,92.4319,324.5,1,1,2004-03-25,0705,Aqua,MODIS,71,6.2,303.2,11.2,D,0
22.336,92.4204,321.3,1,1,2004-03-25,0705,Aqua,MODIS,17,6.2,303.3,7.3,D,0
21.6681,92.215,328.6,1.1,1,2004-03-25,0705,Aqua,MODIS,67,6.2,305.3,15.5,D,0
22.402,92.3727,319.1,1,1,2004-03-25,0705,Aqua,MODIS,53,6.2,301.6,7.4,D,0
22.4005,92.3628,318.5,1,1,2004-03-25,0705,Aqua,MODIS,60,6.2,300,7,D,0
22.952,92.2888,320.1,1,1,2004-03-25,0705,Aqua,MODIS,50,6.2,300.9,8.3,D,0
22.9506,92.2789,333.8,1,1,2004-03-25,0705,Aqua,MODIS,84,6.2,300.3,24.3,D,0
23.3871,91.8145,335.8,1,1,2004-03-25,0705,Aqua,MODIS,86,6.2,297.8,29.8,D,0
23.4072,91.9453,331.3,1,1,2004-03-25,0705,Aqua,MODIS,83,6.2,302.1,23.4,D,0
22.5959,92.4977,323.9,1,1,2004-03-25,0705,Aqua,MODIS,72,6.2,301.4,11.7,D,0
22.651,92.4313,341.6,1,1,2004-03-25,0705,Aqua,MODIS,90,6.2,301.6,34.6,D,0
22.6495,92.4213,389.5,1,1,2004-03-25,0705,Aqua,MODIS,100,6.2,304,190,D,0
22.6929,92.4642,371.8,1,1,2004-03-25,0705,Aqua,MODIS,100,6.2,302.9,115.5,D,0
22.6914,92.4546,370.8,1,1,2004-03-25,0705,Aqua,MODIS,100,6.2,305.4,111.5,D,0
22.7004,92.4529,323.5,1,1,2004-03-25,0705,Aqua,MODIS,66,6.2,302.1,11.7,D,0
22.696,92.4232,345.4,1,1,2004-03-25,0705,Aqua,MODIS,92,6.2,303.1,42.1,D,0
22.6945,92.4134,357,1,1,2004-03-25,0705,Aqua,MODIS,98,6.2,305.4,68.7,D,0
22.7035,92.4118,322.9,1,1,2004-03-25,0705,Aqua,MODIS,61,6.2,302.8,9.4,D,0
23.3265,92.0787,327.6,1,1,2004-03-25,0705,Aqua,MODIS,79,6.2,300.1,17.7,D,0
23.328,92.0887,328.7,1,1,2004-03-25,0705,Aqua,MODIS,80,6.2,299,19.2,D,0
23.2808,92.0831,324.4,1,1,2004-03-25,0705,Aqua,MODIS,75,6.2,300.6,12.6,D,0
23.2552,92.1592,320.7,1,1,2004-03-25,0705,Aqua,MODIS,54,6.2,301.4,10,D,0
22.5198,92.4161,328.8,1,1,2004-03-25,0705,Aqua,MODIS,78,6.2,301.5,18.3,D,0
22.5212,92.4259,324.5,1,1,2004-03-25,0705,Aqua,MODIS,73,6.2,302.1,12.7,D,0
22.6886,92.374,337.9,1,1,2004-03-25,0705,Aqua,MODIS,82,6.2,302.5,29.6,D,0
22.9596,92.2773,343.2,1,1,2004-03-25,0705,Aqua,MODIS,91,6.2,302.7,39.3,D,0
21.6605,92.2268,324.7,1.1,1,2004-03-25,0705,Aqua,MODIS,75,6.2,304.3,11.7,D,0
21.6712,92.2353,325.5,1,1,2004-03-25,0705,Aqua,MODIS,42,6.2,303.8,11.2,D,0
21.6696,92.2251,340.9,1.1,1,2004-03-25,0705,Aqua,MODIS,90,6.2,304.9,34.6,D,0
22.6049,92.4961,376.9,1,1,2004-03-25,0705,Aqua,MODIS,100,6.2,306.1,134.3,D,0
22.6034,92.4864,327.3,1,1,2004-03-25,0705,Aqua,MODIS,74,6.2,302.8,13.8,D,0
22.6304,92.4817,340.3,1,1,2004-03-25,0705,Aqua,MODIS,89,6.2,302.6,32.9,D,0
22.629,92.472,336.6,1,1,2004-03-25,0705,Aqua,MODIS,85,6.2,302.9,25,D,0
22.6275,92.4622,354,1,1,2004-03-25,0705,Aqua,MODIS,97,6.2,302.8,59.2,D,0
22.6261,92.4525,377,1,1,2004-03-25,0705,Aqua,MODIS,100,6.2,307.4,132.2,D,0
22.6394,92.48,364.8,1,1,2004-03-25,0705,Aqua,MODIS,100,6.2,302.5,90.7,D,0
22.638,92.4704,334.8,1,1,2004-03-25,0705,Aqua,MODIS,69,6.2,301.1,21.1,D,0
22.6365,92.4607,334.5,1,1,2004-03-25,0705,Aqua,MODIS,84,6.2,302,21.2,D,0
22.635,92.4507,322.4,1,1,2004-03-25,0705,Aqua,MODIS,22,6.2,302.4,6.3,D,0
22.6479,92.4722,325.9,1,1,2004-03-25,0705,Aqua,MODIS,45,6.2,299.8,12.6,D,0
22.6465,92.4625,340.9,1,1,2004-03-25,0705,Aqua,MODIS,89,6.2,304.1,33,D,0
22.1701,92.4826,397,1,1,2004-03-25,0705,Aqua,MODIS,100,6.2,309.4,235.5,D,0
22.1792,92.4813,317,1,1,2004-03-25,0705,Aqua,MODIS,43,6.2,301.1,6.3,D,0
22.7713,91.9479,320.3,1.1,1,2004-03-25,0705,Aqua,MODIS,68,6.2,296.1,10.3,D,0
22.9663,92.1373,323.1,1,1,2004-03-25,0705,Aqua,MODIS,73,6.2,296.4,12.6,D,0
21.6803,92.2338,324.2,1,1,2004-03-25,0705,Aqua,MODIS,33,6.2,304,10.1,D,0
24.1427,91.437,318.2,1.1,1,2004-03-25,0705,Aqua,MODIS,50,6.2,299.3,7.2,D,0
23.378,91.8161,330.9,1,1,2004-03-25,0705,Aqua,MODIS,82,6.2,299.3,21.6,D,0
22.4499,92.4452,326.5,1,1,2004-03-25,0705,Aqua,MODIS,76,6.2,302,14.7,D,0
22.4627,92.4667,320.3,1,1,2004-03-25,0705,Aqua,MODIS,64,6.2,302.4,8.5,D,0
22.4612,92.4569,334.7,1,1,2004-03-25,0705,Aqua,MODIS,84,6.2,302.7,25.8,D,0
21.6788,92.2236,334.2,1.1,1,2004-03-25,0705,Aqua,MODIS,85,6.2,304.3,23.5,D,0
22.7874,92.4214,326.7,1,1,2004-03-25,0705,Aqua,MODIS,76,6.2,304.2,14,D,0
22.7889,92.4313,331.2,1,1,2004-03-25,0705,Aqua,MODIS,81,6.2,305.3,19.5,D,0
21.6893,92.2359,342.4,1,1,2004-03-25,0705,Aqua,MODIS,90,6.2,303.5,39.7,D,0
21.6878,92.2258,369.1,1,1,2004-03-25,0705,Aqua,MODIS,100,6.2,306.2,110.2,D,0
21.6969,92.2243,325.2,1,1,2004-03-25,0705,Aqua,MODIS,75,6.2,301.3,13.2,D,0
23.9288,89.6351,326.2,1.3,1.1,2004-03-25,0705,Aqua,MODIS,69,6.2,309.8,14,D,0
23.4003,92.0756,324.8,1,1,2004-03-25,0705,Aqua,MODIS,57,6.2,297.9,14.6,D,0
23.3609,91.8767,320.5,1,1,2004-03-25,0705,Aqua,MODIS,52,6.2,299.9,10.1,D,0
23.7109,92.1178,338.7,1,1,2004-03-25,0705,Aqua,MODIS,88,6.2,300,35.5,D,0
23.1501,92.0715,321.1,1,1,2004-03-25,0705,Aqua,MODIS,54,6.2,300.2,11.3,D,0
23.1104,92.177,354.1,1,1,2004-03-25,0705,Aqua,MODIS,97,6.2,301.4,65.4,D,0
23.0387,92.0628,320.6,1,1,2004-03-25,0705,Aqua,MODIS,66,6.2,297.6,11.1,D,0
23.0266,92.1061,359.4,1,1,2004-03-25,0705,Aqua,MODIS,99,6.2,301.3,78.3,D,0
23.0281,92.116,336.4,1,1,2004-03-25,0705,Aqua,MODIS,87,6.2,296.4,28.3,D,0
23.0191,92.1176,332.4,1,1,2004-03-25,0705,Aqua,MODIS,46,6.2,296.1,21.3,D,0
23.3807,92.1302,324.1,1,1,2004-03-25,0705,Aqua,MODIS,61,6.2,300.2,15.3,D,0
23.6858,92.2611,317.5,1,1,2004-03-25,0705,Aqua,MODIS,31,6.2,297.2,6.8,D,0
23.6843,92.2512,324.3,1,1,2004-03-25,0705,Aqua,MODIS,65,6.2,298.4,13.6,D,0
23.6948,92.2595,356.8,1,1,2004-03-25,0705,Aqua,MODIS,98,6.2,299.6,69.4,D,0
23.6933,92.2496,460.2,1,1,2004-03-25,0705,Aqua,MODIS,100,6.2,318.1,865.9,D,0
23.6918,92.2397,346.4,1,1,2004-03-25,0705,Aqua,MODIS,92,6.2,303.5,44.9,D,0
23.7038,92.258,332.3,1,1,2004-03-25,0705,Aqua,MODIS,73,6.2,295.2,22.3,D,0
23.7023,92.2479,382.8,1,1,2004-03-25,0705,Aqua,MODIS,100,6.2,305.1,158.7,D,0
23.7008,92.238,337.1,1,1,2004-03-25,0705,Aqua,MODIS,75,6.2,302.4,28.9,D,0
21.7075,92.2324,330.4,1,1,2004-03-25,0705,Aqua,MODIS,81,6.2,303,18.9,D,0
21.7257,92.229,323.2,1,1,2004-03-25,0705,Aqua,MODIS,64,6.2,303.6,10,D,0
23.3416,92.1169,318.9,1,1,2004-03-25,0705,Aqua,MODIS,54,6.2,299.6,8.2,D,0
23.3431,92.1268,360,1,1,2004-03-25,0705,Aqua,MODIS,99,6.2,299.5,80.8,D,0
23.3491,92.1665,320.7,1,1,2004-03-25,0705,Aqua,MODIS,70,6.2,297.9,10.5,D,0
22.6622,91.66,315,1.1,1,2004-03-25,0705,Aqua,MODIS,35,6.2,294.9,6.9,D,0
23.3326,92.1185,320.2,1,1,2004-03-25,0705,Aqua,MODIS,63,6.2,299.5,9.1,D,0
21.9399,92.0075,318.7,1.1,1,2004-03-25,0705,Aqua,MODIS,52,6.2,303.4,6.5,D,0
23.0533,92.3454,353.4,1,1,2004-03-25,0705,Aqua,MODIS,97,6.2,300.8,62.6,D,0
23.0519,92.3356,336.3,1,1,2004-03-25,0705,Aqua,MODIS,86,6.2,301.8,29.2,D,0
23.0594,92.3243,335.8,1,1,2004-03-25,0705,Aqua,MODIS,86,6.2,300.2,28.5,D,0
23.0579,92.3144,325.9,1,1,2004-03-25,0705,Aqua,MODIS,77,6.2,297.7,15.4,D,0
23.3341,92.1284,345.5,1,1,2004-03-25,0705,Aqua,MODIS,92,6.2,299,46,D,0
22.9918,91.9992,327.5,1,1,2004-03-25,0705,Aqua,MODIS,79,6.2,297.4,17.4,D,0
22.9903,91.9892,333.2,1,1,2004-03-25,0705,Aqua,MODIS,84,6.2,297.1,25.4,D,0
23.0009,91.9975,316.7,1,1,2004-03-25,0705,Aqua,MODIS,49,6.2,296.3,6.2,D,0
22.9993,91.9875,322.9,1,1,2004-03-25,0705,Aqua,MODIS,73,6.2,299,12.7,D,0
22.0865,92.5439,325.1,1,1,2004-03-25,0705,Aqua,MODIS,73,6.2,304.8,14,D,0
22.0955,92.5423,341.8,1,1,2004-03-25,0705,Aqua,MODIS,89,6.2,305.3,38.4,D,0
22.8706,91.9968,315.8,1,1,2004-03-25,0705,Aqua,MODIS,44,6.2,295.4,7.6,D,0
22.9084,92.0001,322.6,1,1,2004-03-25,0705,Aqua,MODIS,34,6.2,300.8,12.8,D,0
22.9069,91.9902,326.6,1,1,2004-03-25,0705,Aqua,MODIS,77,6.2,299.2,17.5,D,0
22.5825,92.4701,345.1,1,1,2004-03-25,0705,Aqua,MODIS,92,6.2,304,41.5,D,0
22.5811,92.4604,350.9,1,1,2004-03-25,0705,Aqua,MODIS,95,6.2,304.3,53.6,D,0
22.5901,92.4587,320.8,1,1,2004-03-25,0705,Aqua,MODIS,63,6.2,302.5,6.8,D,0
21.7651,92.304,346.5,1,1,2004-03-25,0705,Aqua,MODIS,93,6.2,302.4,48.8,D,0
21.7636,92.2941,338.4,1,1,2004-03-25,0705,Aqua,MODIS,88,6.2,302.2,33.5,D,0
21.8069,92.5206,323,1,1,2004-03-25,0705,Aqua,MODIS,42,6.2,305.1,10.1,D,0
21.8084,92.5305,370.6,1,1,2004-03-25,0705,Aqua,MODIS,100,6.2,304.8,112.9,D,0
21.7979,92.5221,326.1,1,1,2004-03-25,0705,Aqua,MODIS,63,6.2,304.3,13,D,0
21.7994,92.5318,406.4,1,1,2004-03-25,0705,Aqua,MODIS,100,6.2,307.6,295.1,D,0
21.8008,92.5417,319.7,1,1,2004-03-25,0705,Aqua,MODIS,51,6.2,299.4,8.1,D,0
21.525,92.2459,320.3,1.1,1,2004-03-25,0705,Aqua,MODIS,68,6.2,301.9,9.5,D,0
21.5539,92.2511,368.1,1.1,1,2004-03-25,0705,Aqua,MODIS,100,6.2,304.5,107.9,D,0
21.5523,92.2411,399.9,1.1,1,2004-03-25,0705,Aqua,MODIS,100,6.2,308.3,261.5,D,0
21.563,92.2495,371.1,1.1,1,2004-03-25,0705,Aqua,MODIS,100,6.2,299,118.4,D,0
21.5614,92.2395,364.3,1.1,1,2004-03-25,0705,Aqua,MODIS,100,6.2,304.2,95.6,D,0
22.9099,92.0101,346.9,1,1,2004-03-25,0705,Aqua,MODIS,93,6.2,298.8,50.9,D,0
23.3627,92.1946,316.8,1,1,2004-03-25,0705,Aqua,MODIS,37,6.2,298.5,6.7,D,0
23.3641,92.2045,318.5,1,1,2004-03-25,0705,Aqua,MODIS,60,6.2,300,8.7,D,0
23.3078,92.2007,320,1,1,2004-03-25,0705,Aqua,MODIS,37,6.2,298.2,8.5,D,0
23.2988,92.2024,324.8,1,1,2004-03-25,0705,Aqua,MODIS,75,6.2,297.3,13.5,D,0
22.5199,92.3554,333.1,1,1,2004-03-25,0705,Aqua,MODIS,83,6.2,300.6,23.8,D,0
22.532,92.3739,335.5,1,1,2004-03-25,0705,Aqua,MODIS,85,6.2,301.8,27,D,0
22.5305,92.3639,343.7,1,1,2004-03-25,0705,Aqua,MODIS,91,6.2,300.8,41,D,0
22.529,92.3538,331.2,1,1,2004-03-25,0705,Aqua,MODIS,81,6.2,300,20.4,D,0
22.5483,92.3654,337.5,1,1,2004-03-25,0705,Aqua,MODIS,87,6.2,301.1,30.4,D,0
22.1806,92.491,317.5,1,1,2004-03-25,0705,Aqua,MODIS,53,6.2,300.8,7,D,0
22.913,92.1533,320.7,1,1,2004-03-25,0705,Aqua,MODIS,68,6.2,296.7,11,D,0
22.1716,92.4924,389.4,1,1,2004-03-25,0705,Aqua,MODIS,100,6.2,305.8,193.6,D,0
22.3569,92.32,333.8,1,1,2004-03-25,0705,Aqua,MODIS,84,6.2,296.6,25.1,D,0
22.3554,92.31,328.6,1,1,2004-03-25,0705,Aqua,MODIS,79,6.2,298.7,17.7,D,0
22.6735,92.4578,338.9,1,1,2004-03-25,0705,Aqua,MODIS,88,6.2,301.9,30.1,D,0
22.6749,92.4675,348.5,1,1,2004-03-25,0705,Aqua,MODIS,94,6.2,299.7,49.7,D,0
22.657,92.4098,339.1,1,1,2004-03-25,0705,Aqua,MODIS,88,6.2,304,30.7,D,0
22.6585,92.4197,358.1,1,1,2004-03-25,0705,Aqua,MODIS,99,6.2,301.3,71.5,D,0
22.66,92.4296,319.5,1,1,2004-03-25,0705,Aqua,MODIS,30,6.2,298.8,4.7,D,0
23.7094,92.1078,322.4,1,1,2004-03-25,0705,Aqua,MODIS,71,6.2,298.6,13,D,0
23.5942,91.9611,355.1,1,1,2004-03-25,0705,Aqua,MODIS,97,6.2,298.5,69.8,D,0
23.0271,91.9354,357.7,1,1,2004-03-25,0705,Aqua,MODIS,99,6.2,300.1,76.3,D,0
23.0255,91.9254,335.1,1,1,2004-03-25,0705,Aqua,MODIS,86,6.2,299.5,28.5,D,0
23.0377,91.944,331,1,1,2004-03-25,0705,Aqua,MODIS,82,6.2,299.6,22.2,D,0
23.0361,91.9338,332.1,1,1,2004-03-25,0705,Aqua,MODIS,83,6.2,300.4,24,D,0
23.0543,91.9305,359.6,1,1,2004-03-25,0705,Aqua,MODIS,99,6.2,299.5,80.1,D,0
23.0634,91.9288,319.5,1,1,2004-03-25,0705,Aqua,MODIS,42,6.2,298.1,8.2,D,0
23.0892,91.9138,326.3,1,1,2004-03-25,0705,Aqua,MODIS,78,6.2,298.3,17.2,D,0
23.0876,91.9036,323.9,1,1,2004-03-25,0705,Aqua,MODIS,75,6.2,297.5,14.4,D,0
23.2217,91.9396,323.7,1,1,2004-03-25,0705,Aqua,MODIS,71,6.2,299.6,12.6,D,0
21.9457,92.5246,373.5,1,1,2004-03-25,0705,Aqua,MODIS,100,6.2,305.5,124.6,D,0
21.9443,92.515,333.3,1,1,2004-03-25,0705,Aqua,MODIS,83,6.2,302.2,25.7,D,0
22.6645,92.4594,339.4,1,1,2004-03-25,0705,Aqua,MODIS,88,6.2,303.3,30.7,D,0
22.6659,92.4691,350,1,1,2004-03-25,0705,Aqua,MODIS,95,6.2,301.1,52.4,D,0
22.6674,92.4787,331.2,1,1,2004-03-25,0705,Aqua,MODIS,77,6.2,297,21.4,D,0
22.6555,92.4609,333.1,1,1,2004-03-25,0705,Aqua,MODIS,79,6.2,302.4,20.9,D,0
22.6569,92.4706,333.5,1,1,2004-03-25,0705,Aqua,MODIS,83,6.2,299.5,23.4,D,0
21.756,92.3056,323,1,1,2004-03-25,0705,Aqua,MODIS,72,6.2,301.1,12.8,D,0
23.2354,91.9681,325,1,1,2004-03-25,0705,Aqua,MODIS,76,6.2,301.4,14,D,0
23.2898,92.02,335.1,1,1,2004-03-25,0705,Aqua,MODIS,86,6.2,299.7,28.3,D,0
22.6584,92.4803,323.3,1,1,2004-03-25,0705,Aqua,MODIS,67,6.2,298.8,12.2,D,0
23.3015,92.3439,319.4,1,1,2004-03-25,0705,Aqua,MODIS,42,6.2,298.8,7.7,D,0
23.3195,92.3407,406.9,1,1,2004-03-25,0705,Aqua,MODIS,100,6.2,306.2,294.1,D,0
23.3181,92.3309,353.2,1,1,2004-03-25,0705,Aqua,MODIS,96,6.2,301.6,58.4,D,0
23.3285,92.339,394.2,1,1,2004-03-25,0705,Aqua,MODIS,100,6.2,299.3,216,D,0
23.327,92.3292,482.3,1,1,2004-03-25,0705,Aqua,MODIS,100,6.2,328.2,1252.7,D,0
23.3256,92.3195,362,1,1,2004-03-25,0705,Aqua,MODIS,100,6.2,305,83.5,D,0
23.3375,92.3374,349.3,1,1,2004-03-25,0705,Aqua,MODIS,94,6.2,293.6,52.7,D,0
23.336,92.3276,451.2,1,1,2004-03-25,0705,Aqua,MODIS,100,6.2,314.1,736.7,D,0
23.3346,92.3178,351.4,1,1,2004-03-25,0705,Aqua,MODIS,96,6.2,302.8,56.3,D,0
22.6712,91.9622,319.1,1.1,1,2004-03-25,0705,Aqua,MODIS,63,6.2,297.8,10.1,D,0
21.8295,92.3696,324.5,1,1,2004-03-25,0705,Aqua,MODIS,74,6.2,302,14,D,0
23.2364,89.8037,326.5,1.3,1.1,2004-03-25,0705,Aqua,MODIS,74,6.2,304.7,16,D,0
23.2363,89.7963,328.5,1.3,1.1,2004-03-25,0705,Aqua,MODIS,78,6.2,305.4,19.7,D,0
23.1714,90.0306,319.2,1.3,1.1,2004-03-25,0705,Aqua,MODIS,18,6.2,302.9,9.2,D,0
21.831,92.3792,317.9,1,1,2004-03-25,0705,Aqua,MODIS,52,6.2,302.4,7,D,0
21.8126,92.1359,318.8,1.1,1,2004-03-25,0705,Aqua,MODIS,64,6.2,303.1,7,D,0
23.0315,89.5029,320.3,1.4,1.2,2004-03-25,0705,Aqua,MODIS,57,6.2,304.6,13.2,D,0
23.0015,89.621,320.6,1.3,1.1,2004-03-25,0705,Aqua,MODIS,66,6.2,303.5,13.7,D,0
21.321,92.1811,321.2,1.1,1,2004-03-25,0705,Aqua,MODIS,70,6.2,303.4,9.7,D,0
21.3195,92.1709,320.2,1.1,1,2004-03-25,0705,Aqua,MODIS,68,6.2,303.7,8.2,D,0
21.3302,92.1795,351.1,1.1,1,2004-03-25,0705,Aqua,MODIS,95,6.2,304.9,58.5,D,0
21.3286,92.1693,327.1,1.1,1,2004-03-25,0705,Aqua,MODIS,78,6.2,304.7,15.3,D,0
22.9421,89.5574,318.5,1,1,2004-03-26,0442,Terra,MODIS,60,6.2,304.9,9.1,D,0
23.597,89.6776,329.3,1,1,2004-03-26,0442,Terra,MODIS,78,6.2,306.1,15.8,D,0
23.4247,91.8839,317.2,1,1,2004-03-26,0442,Terra,MODIS,51,6.2,295.6,9.6,D,0
24.2563,89.3101,317.4,1,1,2004-03-26,0442,Terra,MODIS,22,6.2,304.2,6.1,D,0
23.2667,89.8651,334.1,1,1,2004-03-26,0442,Terra,MODIS,79,6.2,306.3,22,D,0
21.5212,92.5769,362.5,3.6,1.8,2004-03-26,0747,Aqua,MODIS,100,6.2,299.8,554.1,D,0
21.5818,92.2604,320.5,3.4,1.7,2004-03-26,0747,Aqua,MODIS,73,6.2,299.8,56.6,D,0
22.5317,92.3353,321.8,3.6,1.8,2004-03-26,0748,Aqua,MODIS,53,6.2,300.3,65,D,0
22.9082,92.3443,337.2,3.6,1.8,2004-03-26,0748,Aqua,MODIS,87,6.2,296.4,192,D,0
22.8892,92.3088,350.6,3.6,1.8,2004-03-26,0748,Aqua,MODIS,83,6.2,299.4,347,D,0
21.5933,92.2514,320.7,3.4,1.7,2004-03-26,0748,Aqua,MODIS,73,6.2,299.8,51.1,D,0
21.7802,92.4652,328.8,3.6,1.8,2004-03-26,0748,Aqua,MODIS,82,6.2,300.8,112,D,0
21.9791,92.4962,332.8,3.6,1.8,2004-03-26,0748,Aqua,MODIS,83,6.2,297.6,156.7,D,0
22.1693,92.4955,316.8,3.6,1.8,2004-03-26,0748,Aqua,MODIS,61,6.2,299.5,45.1,D,0
21.7,92.2077,328.9,3.4,1.7,2004-03-26,0748,Aqua,MODIS,82,6.2,300.2,101.1,D,0
21.6971,92.1766,336.1,3.4,1.7,2004-03-26,0748,Aqua,MODIS,87,6.2,300.9,156.5,D,0
21.7156,92.2063,360.3,3.4,1.7,2004-03-26,0748,Aqua,MODIS,100,6.2,300.2,453.2,D,0
23.0597,92.3232,316.2,3.6,1.8,2004-03-26,0748,Aqua,MODIS,43,6.2,294.4,38.5,D,0
23.0757,92.3215,316.9,3.6,1.8,2004-03-26,0748,Aqua,MODIS,34,6.2,295.4,42.2,D,0
22.176,92.5037,316.5,3.6,1.8,2004-03-26,0748,Aqua,MODIS,59,6.2,299.3,44.7,D,0
21.7127,92.1752,365,3.4,1.7,2004-03-26,0748,Aqua,MODIS,100,6.2,302.1,526.9,D,0
21.9895,92.4321,327,3.6,1.8,2004-03-26,0748,Aqua,MODIS,77,6.2,299.5,103.3,D,0
21.6716,92.2427,326.9,3.4,1.7,2004-03-26,0748,Aqua,MODIS,80,6.2,300.7,87.8,D,0
23.0694,92.3145,323.7,3.6,1.8,2004-03-26,0748,Aqua,MODIS,74,6.2,295.6,88,D,0
21.7283,92.1735,339.1,3.4,1.7,2004-03-26,0748,Aqua,MODIS,89,6.2,300.8,181.9,D,0
21.6938,92.2032,334.5,3.4,1.7,2004-03-26,0748,Aqua,MODIS,86,6.2,300.9,142.6,D,0
21.7094,92.2018,375.4,3.4,1.7,2004-03-26,0748,Aqua,MODIS,100,6.2,301,735.9,D,0
21.6559,92.2439,325.7,3.4,1.7,2004-03-26,0748,Aqua,MODIS,79,6.2,301.2,78.6,D,0
23.6192,89.6521,325.4,2.3,1.5,2004-03-26,0748,Aqua,MODIS,66,6.2,305,33,D,0
23.3239,92.3449,328,3.7,1.8,2004-03-26,0748,Aqua,MODIS,64,6.2,295.8,118.6,D,0
23.624,89.657,323.1,2.3,1.5,2004-03-26,0748,Aqua,MODIS,68,6.2,304.4,26.9,D,0
21.7067,92.1706,359.2,3.4,1.7,2004-03-26,0748,Aqua,MODIS,99,6.2,302.3,425.9,D,0
21.9605,92.4682,356.1,3.6,1.8,2004-03-26,0748,Aqua,MODIS,98,6.2,302.2,436.3,D,0
22.5984,92.3626,321.7,3.6,1.8,2004-03-26,0748,Aqua,MODIS,69,6.2,299.6,58.4,D,0
22.609,92.3933,317.8,3.6,1.8,2004-03-26,0748,Aqua,MODIS,58,6.2,299.2,34.9,D,0
22.606,92.3571,323.4,3.6,1.8,2004-03-26,0748,Aqua,MODIS,72,6.2,299.6,71.1,D,0
21.9297,92.2991,332,3.5,1.8,2004-03-26,0748,Aqua,MODIS,83,6.2,299.9,131.8,D,0
21.9631,92.4979,352.6,3.6,1.8,2004-03-26,0748,Aqua,MODIS,96,6.2,297.7,388,D,0
23.0757,92.0055,318.7,3.4,1.7,2004-03-26,0748,Aqua,MODIS,65,6.2,296.1,47.7,D,0
23.6108,89.6585,339.9,2.3,1.5,2004-03-26,0748,Aqua,MODIS,88,6.2,305.1,103,D,0
21.7223,92.169,332.6,3.4,1.7,2004-03-26,0748,Aqua,MODIS,85,6.2,300.6,125.4,D,0
21.7379,92.1673,319.7,3.4,1.7,2004-03-26,0748,Aqua,MODIS,63,6.2,300.2,42.1,D,0
22.363,92.4684,322.6,3.6,1.8,2004-03-26,0748,Aqua,MODIS,72,6.2,299.1,74.1,D,0
22.3604,92.3721,318.8,3.6,1.8,2004-03-26,0748,Aqua,MODIS,55,6.2,298.5,37.9,D,0
23.0785,92.0383,333.7,3.4,1.7,2004-03-26,0748,Aqua,MODIS,84,6.2,297.2,154.8,D,0
22.4183,92.4583,318.6,3.6,1.8,2004-03-26,0748,Aqua,MODIS,51,6.2,298.4,45.4,D,0
23.0764,92.1494,319.4,3.5,1.8,2004-03-26,0748,Aqua,MODIS,40,6.2,297.3,50.4,D,0
22.9914,92.0881,324.5,3.5,1.8,2004-03-26,0748,Aqua,MODIS,75,6.2,296.6,79.7,D,0
21.8991,92.5054,318,3.6,1.8,2004-03-26,0748,Aqua,MODIS,62,6.2,299,53.6,D,0
23.4124,92.0565,319.6,3.5,1.8,2004-03-26,0748,Aqua,MODIS,64,6.2,293.7,58.8,D,0
21.9075,92.5079,314.1,3.6,1.8,2004-03-26,0748,Aqua,MODIS,52,6.2,298.7,31.3,D,0
22.9146,92.3515,339.4,3.6,1.8,2004-03-26,0748,Aqua,MODIS,88,6.2,296.4,200.7,D,0
22.8924,91.9671,321.3,3.4,1.7,2004-03-26,0748,Aqua,MODIS,69,6.2,295.3,58.6,D,0
21.921,92.3049,326.9,3.5,1.8,2004-03-26,0748,Aqua,MODIS,68,6.2,300,85.2,D,0
21.8882,92.374,321.8,3.5,1.8,2004-03-26,0748,Aqua,MODIS,46,6.2,300.1,56.9,D,0
21.9764,92.4658,325.8,3.6,1.8,2004-03-26,0748,Aqua,MODIS,76,6.2,300.2,98.1,D,0
22.4063,92.223,326.4,3.5,1.8,2004-03-26,0748,Aqua,MODIS,77,6.2,299.7,89.4,D,0
23.4707,92.0433,319.5,3.5,1.8,2004-03-26,0748,Aqua,MODIS,66,6.2,294.3,63.9,D,0
23.4792,92.0368,321.5,3.5,1.8,2004-03-26,0748,Aqua,MODIS,27,6.2,294.5,69.4,D,0
21.8116,92.519,365.3,3.6,1.8,2004-03-26,0748,Aqua,MODIS,100,6.2,302.5,585.8,D,0
21.8146,92.5555,343.1,3.6,1.8,2004-03-26,0748,Aqua,MODIS,92,6.2,298.4,249.7,D,0
22.908,91.9661,324.7,3.4,1.7,2004-03-26,0748,Aqua,MODIS,75,6.2,297.8,78.9,D,0
21.8177,92.5251,372.6,3.6,1.8,2004-03-26,0748,Aqua,MODIS,100,6.2,302.3,745.3,D,0
21.7831,92.4985,336.9,3.6,1.8,2004-03-26,0748,Aqua,MODIS,88,6.2,301.2,177.9,D,0
21.8051,92.2525,319.7,3.4,1.7,2004-03-26,0748,Aqua,MODIS,72,6.2,299.1,51.3,D,0
21.8079,92.2857,313.9,3.5,1.8,2004-03-26,0748,Aqua,MODIS,51,6.2,298.2,23.7,D,0
21.9729,92.4903,336.6,3.6,1.8,2004-03-26,0748,Aqua,MODIS,86,6.2,298.9,180.3,D,0
22.8732,92.3102,335.1,3.6,1.8,2004-03-26,0748,Aqua,MODIS,65,6.2,299.1,160.2,D,0
22.7796,92.1934,318,3.5,1.8,2004-03-26,0748,Aqua,MODIS,0,6.2,298.6,50.3,D,0
23.314,91.83,315.8,3.4,1.7,2004-03-26,0748,Aqua,MODIS,54,6.2,295.3,32.7,D,0
22.7722,92.1897,319.6,3.5,1.8,2004-03-26,0748,Aqua,MODIS,0,6.2,298.8,59,D,0
23.4234,92.048,320.2,3.5,1.8,2004-03-26,0748,Aqua,MODIS,67,6.2,294,65.8,D,0
21.7323,92.4688,321.3,3.6,1.8,2004-03-26,0748,Aqua,MODIS,74,6.2,299.7,66,D,0
22.3696,92.4753,317,3.6,1.8,2004-03-26,0748,Aqua,MODIS,59,6.2,298.5,38.1,D,0
22.4112,92.4634,315.6,3.6,1.8,2004-03-26,0748,Aqua,MODIS,23,6.2,298.1,29.1,D,0
22.9773,91.9228,317.5,3.4,1.7,2004-03-26,0748,Aqua,MODIS,61,6.2,296.7,38.3,D,0
21.7938,92.2614,325.4,3.4,1.7,2004-03-26,0748,Aqua,MODIS,78,6.2,299.7,89,D,0
22.8793,92.3179,340.4,3.6,1.8,2004-03-26,0748,Aqua,MODIS,89,6.2,299.1,215.9,D,0
22.6304,92.4587,319.2,3.7,1.8,2004-03-26,0748,Aqua,MODIS,64,6.2,299.8,47.4,D,0
22.6396,92.4633,319.2,3.7,1.8,2004-03-26,0748,Aqua,MODIS,64,6.2,299.7,47.2,D,0
22.8953,92.3168,336.9,3.6,1.8,2004-03-26,0748,Aqua,MODIS,87,6.2,298.4,175.9,D,0
22.4505,92.1843,320.7,3.5,1.8,2004-03-26,0748,Aqua,MODIS,69,6.2,300.1,53.8,D,0
23.6173,92.2223,315.8,3.6,1.8,2004-03-26,0748,Aqua,MODIS,43,6.2,296.2,49.9,D,0
22.3113,92.5516,321.2,3.7,1.8,2004-03-26,0748,Aqua,MODIS,70,6.2,298.7,60.6,D,0
22.4148,92.2174,328.6,3.5,1.8,2004-03-26,0748,Aqua,MODIS,79,6.2,299.6,105.1,D,0
22.3571,92.3357,360.1,3.6,1.8,2004-03-26,0748,Aqua,MODIS,100,6.2,300.4,479,D,0
22.7917,92.3308,318.1,3.6,1.8,2004-03-26,0748,Aqua,MODIS,54,6.2,299.3,46.1,D,0
22.1727,92.4667,317.3,3.6,1.8,2004-03-26,0748,Aqua,MODIS,62,6.2,299.4,47.9,D,0
21.9445,92.4694,342.2,3.6,1.8,2004-03-26,0748,Aqua,MODIS,90,6.2,300.3,251.3,D,0
21.9469,92.4978,325.2,3.6,1.8,2004-03-26,0748,Aqua,MODIS,75,6.2,297.8,98.6,D,0
22.2292,92.1472,319.1,3.4,1.7,2004-03-26,0748,Aqua,MODIS,66,6.2,299.6,49.8,D,0
21.8003,92.1607,318.4,3.4,1.7,2004-03-26,0748,Aqua,MODIS,70,6.2,300.1,39.7,D,0
23.0406,91.7785,318.9,3.3,1.7,2004-03-26,0748,Aqua,MODIS,65,6.2,296,51,D,0
22.2357,92.1516,320.4,3.4,1.7,2004-03-26,0748,Aqua,MODIS,69,6.2,299.6,57.8,D,0
22.7273,92.452,326,3.7,1.8,2004-03-26,0748,Aqua,MODIS,43,6.2,298.7,82.5,D,0
22.3673,92.3275,347.9,3.6,1.8,2004-03-26,0748,Aqua,MODIS,94,6.2,300.4,298.2,D,0
22.3704,92.3634,332.1,3.6,1.8,2004-03-26,0748,Aqua,MODIS,83,6.2,297.7,132.9,D,0
21.6844,92.2095,336.6,3.4,1.7,2004-03-26,0748,Aqua,MODIS,88,6.2,301.3,167.8,D,0
21.7245,92.4753,319.9,3.6,1.8,2004-03-26,0748,Aqua,MODIS,72,6.2,299.7,58.4,D,0
22.4462,92.4937,316.6,3.7,1.8,2004-03-26,0748,Aqua,MODIS,21,6.2,298.6,32.6,D,0
22.7531,91.9571,316.6,3.4,1.7,2004-03-26,0748,Aqua,MODIS,56,6.2,298,36.2,D,0
22.3011,92.5192,323.3,3.7,1.8,2004-03-26,0748,Aqua,MODIS,74,6.2,298.5,73,D,0
21.8211,92.5625,324.4,3.6,1.8,2004-03-26,0748,Aqua,MODIS,70,6.2,298.7,82.2,D,0
22.2951,92.5522,318.7,3.7,1.8,2004-03-26,0748,Aqua,MODIS,51,6.2,298.1,45.4,D,0
22.3514,92.3291,320.7,3.6,1.8,2004-03-26,0748,Aqua,MODIS,69,6.2,299.5,51.2,D,0
21.8765,92.3412,322.1,3.5,1.8,2004-03-26,0748,Aqua,MODIS,73,6.2,300.8,62.6,D,0
22.4435,92.1803,319.2,3.5,1.8,2004-03-26,0748,Aqua,MODIS,64,6.2,300.3,48.1,D,0
23.2645,92.1098,327.8,3.5,1.8,2004-03-26,0748,Aqua,MODIS,79,6.2,295,109.8,D,0
21.885,92.3354,322.2,3.5,1.8,2004-03-26,0748,Aqua,MODIS,36,6.2,300.6,55.9,D,0
21.9889,92.4883,321.8,3.6,1.8,2004-03-26,0748,Aqua,MODIS,24,6.2,298.2,62.2,D,0
22.8952,92.3045,307.2,2.3,1.5,2004-03-26,1538,Terra,MODIS,71,6.2,295,22,N,0
22.4343,92.529,305.3,2.3,1.5,2004-03-26,1538,Terra,MODIS,64,6.2,295,18.9,N,0
21.7919,92.3676,332.7,1.5,1.2,2004-03-27,0652,Aqua,MODIS,81,6.2,305.5,38,D,0
21.7946,92.3831,337.7,1.5,1.2,2004-03-27,0652,Aqua,MODIS,86,6.2,304,50.7,D,0
22.0934,92.5046,351.6,1.4,1.2,2004-03-27,0652,Aqua,MODIS,95,6.2,304.9,88.2,D,0
22.083,92.5071,408.1,1.4,1.2,2004-03-27,0652,Aqua,MODIS,100,6.2,308.6,490.8,D,0
22.0725,92.5093,371.3,1.4,1.2,2004-03-27,0652,Aqua,MODIS,100,6.2,303.5,180.6,D,0
21.8085,92.4649,322.6,1.4,1.2,2004-03-27,0652,Aqua,MODIS,38,6.2,304.9,12.8,D,0
21.8108,92.4783,355,1.4,1.2,2004-03-27,0652,Aqua,MODIS,97,6.2,307.3,104.6,D,0
22.1903,92.5337,320.8,1.4,1.2,2004-03-27,0652,Aqua,MODIS,61,6.2,303.8,13.4,D,0
22.1419,92.5033,376.6,1.4,1.2,2004-03-27,0652,Aqua,MODIS,100,6.2,309.9,213.9,D,0
22.144,92.5154,409.7,1.4,1.2,2004-03-27,0652,Aqua,MODIS,100,6.2,311.6,507.8,D,0
22.1335,92.5174,326,1.4,1.2,2004-03-27,0652,Aqua,MODIS,73,6.2,306.2,21,D,0
22.1374,92.5094,402.7,1.4,1.2,2004-03-27,0652,Aqua,MODIS,100,6.2,312.8,431.1,D,0
21.6558,92.2403,328.9,1.5,1.2,2004-03-27,0652,Aqua,MODIS,77,6.2,306.3,27.3,D,0
22.1394,92.5212,366.4,1.4,1.2,2004-03-27,0652,Aqua,MODIS,100,6.2,307.3,153.5,D,0
21.8132,92.4921,384.3,1.4,1.2,2004-03-27,0652,Aqua,MODIS,100,6.2,308.3,272.8,D,0
21.9962,92.2873,320.9,1.5,1.2,2004-03-27,0652,Aqua,MODIS,62,6.2,303.1,15.5,D,0
21.6285,92.2743,350.9,1.5,1.2,2004-03-27,0652,Aqua,MODIS,95,6.2,304.8,92.2,D,0
21.9196,92.378,329.6,1.5,1.2,2004-03-27,0652,Aqua,MODIS,78,6.2,304.7,29,D,0
21.9173,92.3641,327.4,1.5,1.2,2004-03-27,0652,Aqua,MODIS,75,6.2,305.3,23.8,D,0
21.9149,92.3502,322.4,1.5,1.2,2004-03-27,0652,Aqua,MODIS,54,6.2,305.1,13.5,D,0
21.9127,92.3372,363.3,1.5,1.2,2004-03-27,0652,Aqua,MODIS,100,6.2,306.8,147.6,D,0
21.9205,92.3579,359.3,1.5,1.2,2004-03-27,0652,Aqua,MODIS,99,6.2,307.2,125.4,D,0
21.918,92.3441,332.3,1.5,1.2,2004-03-27,0652,Aqua,MODIS,80,6.2,305.5,33.5,D,0
21.9159,92.3316,347.3,1.5,1.2,2004-03-27,0652,Aqua,MODIS,93,6.2,306.9,78.3,D,0
21.6903,92.2467,322.1,1.5,1.2,2004-03-27,0652,Aqua,MODIS,64,6.2,306.5,14.7,D,0
21.688,92.2336,332.1,1.5,1.2,2004-03-27,0652,Aqua,MODIS,81,6.2,306.4,35.7,D,0
21.5812,92.5363,359.5,1.4,1.2,2004-03-27,0652,Aqua,MODIS,99,6.2,305.2,129.5,D,0
21.7241,92.4449,334.6,1.5,1.2,2004-03-27,0652,Aqua,MODIS,83,6.2,305.5,43.7,D,0
21.7326,92.4308,328.5,1.5,1.2,2004-03-27,0652,Aqua,MODIS,76,6.2,304,29.7,D,0
21.6504,92.364,324.6,1.5,1.2,2004-03-27,0652,Aqua,MODIS,62,6.2,303.7,20.1,D,0
21.5754,92.53,370.5,1.4,1.2,2004-03-27,0652,Aqua,MODIS,100,6.2,305.5,187.5,D,0
21.6479,92.3496,321.4,1.5,1.2,2004-03-27,0652,Aqua,MODIS,39,6.2,304.2,13.7,D,0
21.654,92.3566,325.9,1.5,1.2,2004-03-27,0652,Aqua,MODIS,70,6.2,303.9,22.2,D,0
21.6646,92.3544,321,1.5,1.2,2004-03-27,0652,Aqua,MODIS,53,6.2,304.2,13.1,D,0
22.0896,92.5456,331.7,1.4,1.2,2004-03-27,0652,Aqua,MODIS,80,6.2,306.9,32,D,0
22.1775,92.5219,363,1.4,1.2,2004-03-27,0652,Aqua,MODIS,100,6.2,308.5,138.5,D,0
21.9314,92.4478,400.8,1.4,1.2,2004-03-27,0652,Aqua,MODIS,100,6.2,309.2,422,D,0
22.1142,92.4999,323.5,1.4,1.2,2004-03-27,0652,Aqua,MODIS,44,6.2,304.3,15.1,D,0
21.3202,92.1811,336.7,1.5,1.2,2004-03-27,0652,Aqua,MODIS,86,6.2,302.9,51.6,D,0
21.3311,92.1789,354.8,1.5,1.2,2004-03-27,0652,Aqua,MODIS,97,6.2,303.4,116.9,D,0
21.3349,92.1879,332.3,1.5,1.2,2004-03-27,0652,Aqua,MODIS,82,6.2,302.5,39,D,0
21.8307,92.117,321.6,1.5,1.2,2004-03-27,0652,Aqua,MODIS,66,6.2,304.1,17.4,D,0
21.8622,92.1703,317.8,1.5,1.2,2004-03-27,0652,Aqua,MODIS,52,6.2,304.3,9.3,D,0
22.1165,92.5136,357.4,1.4,1.2,2004-03-27,0652,Aqua,MODIS,98,6.2,306.9,113.6,D,0
22.1,92.5434,326.4,1.4,1.2,2004-03-27,0652,Aqua,MODIS,73,6.2,306.3,19.9,D,0
21.3322,92.1731,335.2,1.5,1.2,2004-03-27,0652,Aqua,MODIS,85,6.2,303.4,45.7,D,0
21.9923,92.3293,325.6,1.5,1.2,2004-03-27,0652,Aqua,MODIS,72,6.2,304,23,D,0
22.1704,92.353,319.6,1.5,1.2,2004-03-27,0652,Aqua,MODIS,57,6.2,304.6,11.6,D,0
22.1775,92.3946,327.4,1.4,1.2,2004-03-27,0652,Aqua,MODIS,75,6.2,305.3,24.6,D,0
22.1799,92.4089,386.8,1.4,1.2,2004-03-27,0652,Aqua,MODIS,100,6.2,309.5,293.9,D,0
22.1225,92.3917,330.7,1.4,1.2,2004-03-27,0652,Aqua,MODIS,79,6.2,305.9,33.7,D,0
22.125,92.4058,340,1.4,1.2,2004-03-27,0652,Aqua,MODIS,88,6.2,306.2,57,D,0
22.1188,92.3981,320.8,1.4,1.2,2004-03-27,0652,Aqua,MODIS,60,6.2,305.8,14.1,D,0
21.8237,92.4901,338.5,1.4,1.2,2004-03-27,0652,Aqua,MODIS,86,6.2,306,48.1,D,0
21.9022,92.3399,391.1,1.5,1.2,2004-03-27,0652,Aqua,MODIS,100,6.2,309.6,338.6,D,0
21.8925,92.0082,326.7,1.5,1.2,2004-03-27,0652,Aqua,MODIS,76,6.2,305,28.5,D,0
21.9,92.3271,334.9,1.5,1.2,2004-03-27,0652,Aqua,MODIS,84,6.2,305.5,42.5,D,0
21.9106,92.3249,331.5,1.5,1.2,2004-03-27,0652,Aqua,MODIS,80,6.2,305.5,33.9,D,0
21.956,92.3094,408.4,1.5,1.2,2004-03-27,0652,Aqua,MODIS,100,6.2,310.8,521.8,D,0
22.1823,92.423,342.6,1.4,1.2,2004-03-27,0652,Aqua,MODIS,90,6.2,304.2,62.4,D,0
22.159,92.4138,320.6,1.4,1.2,2004-03-27,0652,Aqua,MODIS,60,6.2,304.4,13.8,D,0
21.624,92.1857,322.3,1.5,1.2,2004-03-27,0652,Aqua,MODIS,67,6.2,303.7,18.6,D,0
21.8899,91.9934,346.7,1.6,1.2,2004-03-27,0652,Aqua,MODIS,93,6.2,305.6,87.6,D,0
21.9279,92.3622,360.7,1.5,1.2,2004-03-27,0652,Aqua,MODIS,100,6.2,305.2,132.4,D,0
21.9255,92.3481,384.3,1.5,1.2,2004-03-27,0652,Aqua,MODIS,100,6.2,310.4,279.6,D,0
21.9253,92.3857,317.4,1.5,1.2,2004-03-27,0652,Aqua,MODIS,33,6.2,303.9,8.8,D,0
21.9229,92.3719,330.1,1.5,1.2,2004-03-27,0652,Aqua,MODIS,78,6.2,304.6,30.9,D,0
21.9311,92.3559,365.5,1.5,1.2,2004-03-27,0652,Aqua,MODIS,100,6.2,305.7,155.3,D,0
21.9286,92.3418,359.3,1.5,1.2,2004-03-27,0652,Aqua,MODIS,99,6.2,309,124.6,D,0
21.9417,92.3536,340.2,1.5,1.2,2004-03-27,0652,Aqua,MODIS,84,6.2,302.6,52.2,D,0
21.9392,92.3396,377.8,1.5,1.2,2004-03-27,0652,Aqua,MODIS,100,6.2,310.7,230.6,D,0
21.9571,92.3795,325.5,1.5,1.2,2004-03-27,0652,Aqua,MODIS,68,6.2,301.7,22.5,D,0
21.9547,92.3655,331.3,1.5,1.2,2004-03-27,0652,Aqua,MODIS,80,6.2,301.9,35.6,D,0
21.9499,92.3376,367.6,1.5,1.2,2004-03-27,0652,Aqua,MODIS,100,6.2,307.7,168.7,D,0
21.9677,92.3773,333.9,1.5,1.2,2004-03-27,0652,Aqua,MODIS,82,6.2,302.3,42.1,D,0
21.9653,92.3636,323.1,1.5,1.2,2004-03-27,0652,Aqua,MODIS,46,6.2,301.2,17.8,D,0
21.6744,92.4108,320,1.5,1.2,2004-03-27,0652,Aqua,MODIS,58,6.2,303.9,15.1,D,0
21.672,92.3969,349.3,1.5,1.2,2004-03-27,0652,Aqua,MODIS,94,6.2,304.8,90.8,D,0
21.6851,92.4091,346.7,1.5,1.2,2004-03-27,0652,Aqua,MODIS,92,6.2,304,80.9,D,0
21.6826,92.3948,353.8,1.5,1.2,2004-03-27,0652,Aqua,MODIS,96,6.2,305.6,107.3,D,0
21.8296,92.4606,351.5,1.4,1.2,2004-03-27,0652,Aqua,MODIS,95,6.2,306.6,89.6,D,0
21.8448,92.4861,377.9,1.4,1.2,2004-03-27,0652,Aqua,MODIS,100,6.2,309.1,227.7,D,0
21.8519,92.4926,349.7,1.4,1.2,2004-03-27,0652,Aqua,MODIS,94,6.2,307.9,88.2,D,0
21.8495,92.4784,321.1,1.4,1.2,2004-03-27,0652,Aqua,MODIS,62,6.2,306.5,12.9,D,0
21.8447,92.4509,326.4,1.4,1.2,2004-03-27,0652,Aqua,MODIS,73,6.2,303.6,20.7,D,0
21.5858,92.5273,370.1,1.4,1.2,2004-03-27,0652,Aqua,MODIS,100,6.2,305.5,184.9,D,0
21.9442,92.4595,356.6,1.4,1.2,2004-03-27,0652,Aqua,MODIS,98,6.2,305.6,107,D,0
21.942,92.4461,358.8,1.4,1.2,2004-03-27,0652,Aqua,MODIS,99,6.2,305.3,119.3,D,0
21.948,92.4531,387.3,1.4,1.2,2004-03-27,0652,Aqua,MODIS,100,6.2,307.5,291.5,D,0
21.9586,92.4513,378.7,1.4,1.2,2004-03-27,0652,Aqua,MODIS,100,6.2,306.3,228.1,D,0
21.9841,92.3455,363.1,1.5,1.2,2004-03-27,0652,Aqua,MODIS,100,6.2,306.1,146.7,D,0
21.9872,92.491,318.5,1.4,1.2,2004-03-27,0652,Aqua,MODIS,35,6.2,301.7,10.8,D,0
22.1823,92.5502,352.6,1.4,1.2,2004-03-27,0652,Aqua,MODIS,96,6.2,304.3,92.6,D,0
22.1846,92.5637,346.7,1.4,1.2,2004-03-27,0652,Aqua,MODIS,92,6.2,307,70.5,D,0
22.1799,92.536,394.5,1.4,1.2,2004-03-27,0652,Aqua,MODIS,100,6.2,309.7,349.5,D,0
21.9846,92.4762,321.2,1.4,1.2,2004-03-27,0652,Aqua,MODIS,44,6.2,302.2,14,D,0
21.9772,92.433,324.7,1.4,1.2,2004-03-27,0652,Aqua,MODIS,25,6.2,305.8,17.2,D,0
22.002,92.5142,338.5,1.4,1.2,2004-03-27,0652,Aqua,MODIS,87,6.2,304.7,53.4,D,0
21.9999,92.5021,337,1.4,1.2,2004-03-27,0652,Aqua,MODIS,85,6.2,303.9,48.6,D,0
21.9976,92.4886,339.7,1.4,1.2,2004-03-27,0652,Aqua,MODIS,87,6.2,302.2,55,D,0
21.995,92.4733,359.8,1.4,1.2,2004-03-27,0652,Aqua,MODIS,99,6.2,306.6,126.5,D,0
21.9715,92.4631,332,1.4,1.2,2004-03-27,0652,Aqua,MODIS,34,6.2,301,29.9,D,0
22.0887,92.4771,323.9,1.4,1.2,2004-03-27,0652,Aqua,MODIS,55,6.2,304.9,16.8,D,0
21.9865,92.3593,333.8,1.5,1.2,2004-03-27,0652,Aqua,MODIS,82,6.2,303.5,40.6,D,0
22.1742,92.5655,329.7,1.4,1.2,2004-03-27,0652,Aqua,MODIS,66,6.2,304.7,26.1,D,0
22.091,92.4908,376.8,1.4,1.2,2004-03-27,0652,Aqua,MODIS,100,6.2,308.8,217.7,D,0
22.0757,92.4648,333.6,1.4,1.2,2004-03-27,0652,Aqua,MODIS,82,6.2,304.8,34.8,D,0
22.0782,92.4792,360.9,1.4,1.2,2004-03-27,0652,Aqua,MODIS,100,6.2,308.4,127.1,D,0
22.0806,92.4934,451.2,1.4,1.2,2004-03-27,0652,Aqua,MODIS,100,6.2,323.8,1204,D,0
22.0628,92.4527,349.1,1.4,1.2,2004-03-27,0652,Aqua,MODIS,94,6.2,307.9,81.2,D,0
22.0653,92.4674,393.8,1.4,1.2,2004-03-27,0652,Aqua,MODIS,100,6.2,307.9,347,D,0
22.0678,92.4817,353.1,1.4,1.2,2004-03-27,0652,Aqua,MODIS,96,6.2,303.8,92.3,D,0
22.0702,92.4954,426.1,1.4,1.2,2004-03-27,0652,Aqua,MODIS,100,6.2,314.4,733.7,D,0
22.0524,92.4552,337.7,1.4,1.2,2004-03-27,0652,Aqua,MODIS,86,6.2,306.5,46.8,D,0
22.0549,92.4699,393.7,1.4,1.2,2004-03-27,0652,Aqua,MODIS,100,6.2,309.1,347.4,D,0
22.0573,92.4837,335,1.4,1.2,2004-03-27,0652,Aqua,MODIS,83,6.2,305.2,39,D,0
22.0596,92.4972,323.2,1.4,1.2,2004-03-27,0652,Aqua,MODIS,65,6.2,304.2,15.8,D,0
21.6476,92.2566,324.3,1.5,1.2,2004-03-27,0652,Aqua,MODIS,62,6.2,303.4,17.8,D,0
22.1661,92.4554,318.8,1.4,1.2,2004-03-27,0652,Aqua,MODIS,49,6.2,305.2,10.8,D,0
22.1684,92.469,396.4,1.4,1.2,2004-03-27,0652,Aqua,MODIS,100,6.2,312.3,374.6,D,0
22.1708,92.4828,375.7,1.4,1.2,2004-03-27,0652,Aqua,MODIS,100,6.2,306.1,210.5,D,0
22.1579,92.4706,350.5,1.4,1.2,2004-03-27,0652,Aqua,MODIS,95,6.2,308.2,88.8,D,0
22.1603,92.4843,372,1.4,1.2,2004-03-27,0652,Aqua,MODIS,100,6.2,307.5,187.7,D,0
21.6344,92.2447,329.4,1.5,1.2,2004-03-27,0652,Aqua,MODIS,22,6.2,304.5,27.2,D,0
21.6338,92.2657,371.1,1.5,1.2,2004-03-27,0652,Aqua,MODIS,100,6.2,304.7,195.3,D,0
21.6231,92.2682,378.3,1.5,1.2,2004-03-27,0652,Aqua,MODIS,100,6.2,306.6,243.8,D,0
21.6125,92.2711,369.7,1.5,1.2,2004-03-27,0652,Aqua,MODIS,100,6.2,305.8,187.4,D,0
21.6369,92.2592,367.1,1.5,1.2,2004-03-27,0652,Aqua,MODIS,100,6.2,304.1,170.1,D,0
21.6262,92.2614,378,1.5,1.2,2004-03-27,0652,Aqua,MODIS,100,6.2,307.8,241.6,D,0
22.1671,92.524,345.9,1.4,1.2,2004-03-27,0652,Aqua,MODIS,92,6.2,305.9,70.5,D,0
22.1695,92.5385,346.9,1.4,1.2,2004-03-27,0652,Aqua,MODIS,92,6.2,304.4,73.2,D,0
21.701,92.2444,322.1,1.5,1.2,2004-03-27,0652,Aqua,MODIS,61,6.2,305.8,14.9,D,0
21.6987,92.2311,330.5,1.5,1.2,2004-03-27,0652,Aqua,MODIS,79,6.2,305.8,32,D,0
21.604,92.2861,362.8,1.5,1.2,2004-03-27,0652,Aqua,MODIS,100,6.2,304.5,149.8,D,0
21.6018,92.2733,399.5,1.5,1.2,2004-03-27,0652,Aqua,MODIS,100,6.2,307.6,435.4,D,0
21.6315,92.2522,355.4,1.5,1.2,2004-03-27,0652,Aqua,MODIS,97,6.2,304.5,112.2,D,0
21.6207,92.254,356.7,1.5,1.2,2004-03-27,0652,Aqua,MODIS,98,6.2,305.1,119.1,D,0
21.3176,92.1659,328,1.5,1.2,2004-03-27,0652,Aqua,MODIS,78,6.2,304,27.5,D,0
21.6582,92.2542,338.7,1.5,1.2,2004-03-27,0652,Aqua,MODIS,87,6.2,304.9,52.8,D,0
21.6147,92.2837,347.3,1.5,1.2,2004-03-27,0652,Aqua,MODIS,93,6.2,303.5,79.9,D,0
21.6304,92.5687,319.7,1.4,1.2,2004-03-27,0652,Aqua,MODIS,55,6.2,304.1,15.1,D,0
21.628,92.5549,366,1.4,1.2,2004-03-27,0652,Aqua,MODIS,100,6.2,306.4,161.3,D,0
21.8003,92.4804,344.2,1.4,1.2,2004-03-27,0652,Aqua,MODIS,91,6.2,306.8,66.2,D,0
21.9291,92.4343,328,1.4,1.2,2004-03-27,0652,Aqua,MODIS,64,6.2,304.7,24.8,D,0
21.5775,92.5424,324.3,1.4,1.2,2004-03-27,0652,Aqua,MODIS,70,6.2,303.5,21.5,D,0
21.9641,92.2929,323.3,1.5,1.2,2004-03-27,0652,Aqua,MODIS,67,6.2,303.9,17.5,D,0
21.8271,92.446,333.9,1.5,1.2,2004-03-27,0652,Aqua,MODIS,82,6.2,306.8,37.1,D,0
21.8377,92.4439,373.8,1.5,1.2,2004-03-27,0652,Aqua,MODIS,100,6.2,307.4,202.5,D,0
21.8353,92.4298,367.7,1.5,1.2,2004-03-27,0652,Aqua,MODIS,100,6.2,308.3,168.3,D,0
21.8422,92.4367,355.5,1.5,1.2,2004-03-27,0652,Aqua,MODIS,97,6.2,307.4,109.2,D,0
21.8397,92.4228,327.9,1.5,1.2,2004-03-27,0652,Aqua,MODIS,75,6.2,306,25.5,D,0
21.9457,92.44,374.8,1.4,1.2,2004-03-27,0652,Aqua,MODIS,100,6.2,307,204.3,D,0
21.9562,92.4377,381.4,1.4,1.2,2004-03-27,0652,Aqua,MODIS,100,6.2,307.7,249.9,D,0
21.9667,92.4353,379.1,1.4,1.2,2004-03-27,0652,Aqua,MODIS,100,6.2,308.7,234,D,0
21.9666,92.3073,344.5,1.5,1.2,2004-03-27,0652,Aqua,MODIS,91,6.2,303,69.4,D,0
21.8472,92.5004,367.4,1.4,1.2,2004-03-27,0652,Aqua,MODIS,100,6.2,306.9,164.4,D,0
21.8416,92.5316,328.2,1.4,1.2,2004-03-27,0652,Aqua,MODIS,76,6.2,304,28.9,D,0
21.8438,92.5445,323.3,1.4,1.2,2004-03-27,0652,Aqua,MODIS,67,6.2,305,20.6,D,0
21.5791,92.5242,361.6,1.4,1.2,2004-03-27,0652,Aqua,MODIS,100,6.2,306.2,139.8,D,0
21.6391,92.272,328.1,1.5,1.2,2004-03-27,0652,Aqua,MODIS,40,6.2,302.3,23.2,D,0
21.9386,92.4911,325,1.4,1.2,2004-03-27,0652,Aqua,MODIS,18,6.2,303.3,20.9,D,0
21.8134,92.3647,323.3,1.5,1.2,2004-03-27,0652,Aqua,MODIS,61,6.2,303.3,18.6,D,0
21.9535,92.2948,342.2,1.5,1.2,2004-03-27,0652,Aqua,MODIS,89,6.2,305.9,63.1,D,0
21.9692,92.4494,387.9,1.4,1.2,2004-03-27,0652,Aqua,MODIS,100,6.2,307.1,297.9,D,0
21.6215,92.1928,324.1,1.5,1.2,2004-03-27,0652,Aqua,MODIS,71,6.2,304.5,20.8,D,0
21.9476,92.3245,333.8,1.5,1.2,2004-03-27,0652,Aqua,MODIS,69,6.2,305.5,37.1,D,0
21.816,92.3804,376.6,1.5,1.2,2004-03-27,0652,Aqua,MODIS,100,6.2,307.1,227.3,D,0
21.8181,92.3929,367.3,1.5,1.2,2004-03-27,0652,Aqua,MODIS,100,6.2,305.1,168.1,D,0
21.8027,92.3665,323.9,1.5,1.2,2004-03-27,0652,Aqua,MODIS,65,6.2,303.8,20,D,0
21.8053,92.382,337.6,1.5,1.2,2004-03-27,0652,Aqua,MODIS,86,6.2,302.9,51.1,D,0
22.3024,92.5195,347.3,1.4,1.2,2004-03-27,0653,Aqua,MODIS,93,6.2,304.2,75.1,D,0
23.6568,91.9753,323.6,1.4,1.2,2004-03-27,0653,Aqua,MODIS,72,6.2,300.9,24.3,D,0
23.337,91.9885,320,1.5,1.2,2004-03-27,0653,Aqua,MODIS,66,6.2,301.7,12.4,D,0
22.4546,92.5168,368.2,1.4,1.2,2004-03-27,0653,Aqua,MODIS,100,6.2,308.1,162.6,D,0
22.4525,92.5044,340,1.4,1.2,2004-03-27,0653,Aqua,MODIS,88,6.2,307,53.2,D,0
22.465,92.5146,358.2,1.4,1.2,2004-03-27,0653,Aqua,MODIS,99,6.2,307,114.1,D,0
22.4628,92.5019,350,1.4,1.2,2004-03-27,0653,Aqua,MODIS,94,6.2,308.3,83.6,D,0
22.4732,92.4998,336,1.4,1.2,2004-03-27,0653,Aqua,MODIS,85,6.2,305.3,41.2,D,0
23.3952,92.2946,330.6,1.4,1.2,2004-03-27,0653,Aqua,MODIS,81,6.2,302.2,33.2,D,0
22.3742,92.2712,325.8,1.5,1.2,2004-03-27,0653,Aqua,MODIS,74,6.2,305.2,20.3,D,0
22.3718,92.257,320.6,1.5,1.2,2004-03-27,0653,Aqua,MODIS,63,6.2,305.9,11.1,D,0
22.3783,92.2636,327.7,1.5,1.2,2004-03-27,0653,Aqua,MODIS,76,6.2,305.2,25.4,D,0
22.3849,92.1754,321.2,1.5,1.2,2004-03-27,0653,Aqua,MODIS,66,6.2,304.5,13.1,D,0
22.9764,92.0036,321.8,1.5,1.2,2004-03-27,0653,Aqua,MODIS,70,6.2,302.7,16.2,D,0
22.974,91.9897,319.6,1.5,1.2,2004-03-27,0653,Aqua,MODIS,65,6.2,303.2,12.4,D,0
22.9791,91.9979,326.5,1.5,1.2,2004-03-27,0653,Aqua,MODIS,77,6.2,302.7,25,D,0
22.4222,92.4538,330.2,1.4,1.2,2004-03-27,0653,Aqua,MODIS,79,6.2,306.7,31.4,D,0
22.396,92.4658,322.3,1.4,1.2,2004-03-27,0653,Aqua,MODIS,66,6.2,304.9,17.3,D,0
22.8568,91.9774,316,1.5,1.2,2004-03-27,0653,Aqua,MODIS,51,6.2,301,9.6,D,0
22.8542,91.962,329.4,1.5,1.2,2004-03-27,0653,Aqua,MODIS,80,6.2,302.5,35.9,D,0
22.9032,91.9002,316.9,1.5,1.2,2004-03-27,0653,Aqua,MODIS,54,6.2,301,8.1,D,0
22.9265,91.9705,320.8,1.5,1.2,2004-03-27,0653,Aqua,MODIS,68,6.2,303.8,13,D,0
22.437,92.2228,337.5,1.5,1.2,2004-03-27,0653,Aqua,MODIS,86,6.2,304.8,50.2,D,0
22.4347,92.209,321.1,1.5,1.2,2004-03-27,0653,Aqua,MODIS,63,6.2,304.5,13.5,D,0
22.4711,92.4874,331.7,1.4,1.2,2004-03-27,0653,Aqua,MODIS,81,6.2,305.4,31.5,D,0
22.3055,92.4419,336.4,1.4,1.2,2004-03-27,0653,Aqua,MODIS,85,6.2,309,43.7,D,0
22.2989,92.4345,323.6,1.4,1.2,2004-03-27,0653,Aqua,MODIS,59,6.2,306.1,18,D,0
22.3012,92.4485,340.4,1.4,1.2,2004-03-27,0653,Aqua,MODIS,88,6.2,308.8,54.7,D,0
23.39,92.2903,324.8,1.4,1.2,2004-03-27,0653,Aqua,MODIS,75,6.2,302.7,22.4,D,0
23.4335,92.2941,336.9,1.4,1.2,2004-03-27,0653,Aqua,MODIS,87,6.2,302.2,45,D,0
22.6975,91.9097,320.4,1.5,1.2,2004-03-27,0653,Aqua,MODIS,66,6.2,301.8,16.8,D,0
22.2492,92.4609,317.8,1.4,1.2,2004-03-27,0653,Aqua,MODIS,44,6.2,303.4,10.3,D,0
22.3532,92.5309,330.7,1.4,1.2,2004-03-27,0653,Aqua,MODIS,79,6.2,305.2,30.3,D,0
22.3553,92.5433,347.7,1.4,1.2,2004-03-27,0653,Aqua,MODIS,93,6.2,305.2,73.7,D,0
22.3406,92.52,322.7,1.4,1.2,2004-03-27,0653,Aqua,MODIS,53,6.2,305.6,15.4,D,0
23.4313,92.2811,344.7,1.4,1.2,2004-03-27,0653,Aqua,MODIS,92,6.2,304.4,65.2,D,0
22.2388,92.463,349.3,1.4,1.2,2004-03-27,0653,Aqua,MODIS,94,6.2,305.5,85.9,D,0
22.2411,92.4763,354.8,1.4,1.2,2004-03-27,0653,Aqua,MODIS,97,6.2,305.5,105.2,D,0
22.7629,92.0303,331,1.5,1.2,2004-03-27,0653,Aqua,MODIS,81,6.2,302.9,37.7,D,0
22.6463,92.4935,355.4,1.4,1.2,2004-03-27,0653,Aqua,MODIS,97,6.2,306.7,102.7,D,0
22.7606,92.0166,353.7,1.5,1.2,2004-03-27,0653,Aqua,MODIS,97,6.2,304.5,111.1,D,0
22.7638,91.971,324,1.5,1.2,2004-03-27,0653,Aqua,MODIS,73,6.2,302.9,23.9,D,0
22.3428,92.533,352.4,1.4,1.2,2004-03-27,0653,Aqua,MODIS,96,6.2,306,94.4,D,0
22.3449,92.5454,325.6,1.4,1.2,2004-03-27,0653,Aqua,MODIS,61,6.2,305.8,19.3,D,0
23.1303,89.4574,317.7,2.2,1.4,2004-03-27,0653,Aqua,MODIS,52,6.2,301.2,21.7,D,0
23.3479,92.2054,334.6,1.4,1.2,2004-03-27,0653,Aqua,MODIS,85,6.2,303.8,44.2,D,0
23.3502,92.2192,321.5,1.4,1.2,2004-03-27,0653,Aqua,MODIS,70,6.2,302.6,17.6,D,0
22.6129,92.3607,320.2,1.4,1.2,2004-03-27,0653,Aqua,MODIS,61,6.2,306.2,11.8,D,0
22.33,92.3959,328.9,1.4,1.2,2004-03-27,0653,Aqua,MODIS,64,6.2,305.4,26.7,D,0
22.3403,92.3929,351.3,1.4,1.2,2004-03-27,0653,Aqua,MODIS,95,6.2,306.8,89.1,D,0
23.3433,92.3046,337.6,1.4,1.2,2004-03-27,0653,Aqua,MODIS,87,6.2,304.8,49.5,D,0
23.333,92.3066,329.8,1.4,1.2,2004-03-27,0653,Aqua,MODIS,80,6.2,303,31.8,D,0
22.4997,92.4325,374.9,1.4,1.2,2004-03-27,0653,Aqua,MODIS,100,6.2,307.9,201.2,D,0
22.4974,92.4189,354.6,1.4,1.2,2004-03-27,0653,Aqua,MODIS,97,6.2,306.7,98.3,D,0
22.5102,92.4304,345.1,1.4,1.2,2004-03-27,0653,Aqua,MODIS,91,6.2,305.1,66,D,0
22.5078,92.4167,326.8,1.4,1.2,2004-03-27,0653,Aqua,MODIS,52,6.2,305.4,18.9,D,0
22.5055,92.4035,358.6,1.4,1.2,2004-03-27,0653,Aqua,MODIS,99,6.2,306,116.8,D,0
22.5034,92.3913,372.7,1.4,1.2,2004-03-27,0653,Aqua,MODIS,100,6.2,307.3,190.2,D,0
23.2254,92.2229,334.2,1.4,1.2,2004-03-27,0653,Aqua,MODIS,84,6.2,303.9,41.8,D,0
22.3125,92.4825,361.2,1.4,1.2,2004-03-27,0653,Aqua,MODIS,100,6.2,310.6,129.7,D,0
22.3184,92.4865,390.3,1.4,1.2,2004-03-27,0653,Aqua,MODIS,100,6.2,311.2,314,D,0
22.516,92.4013,344.4,1.4,1.2,2004-03-27,0653,Aqua,MODIS,91,6.2,305,65.5,D,0
22.6354,91.9592,328.5,1.5,1.2,2004-03-27,0653,Aqua,MODIS,78,6.2,301,32.8,D,0
23.3316,92.11,317.2,1.4,1.2,2004-03-27,0653,Aqua,MODIS,58,6.2,302,10.2,D,0
23.3443,91.9925,359.2,1.5,1.2,2004-03-27,0653,Aqua,MODIS,99,6.2,302.8,128.4,D,0
23.3393,92.0018,334.5,1.5,1.2,2004-03-27,0653,Aqua,MODIS,85,6.2,301.6,42.2,D,0
22.5139,92.3891,375.5,1.4,1.2,2004-03-27,0653,Aqua,MODIS,100,6.2,306.9,208.3,D,0
22.5115,92.3754,319.2,1.4,1.2,2004-03-27,0653,Aqua,MODIS,42,6.2,303.9,9.4,D,0
22.5242,92.3863,325.6,1.4,1.2,2004-03-27,0653,Aqua,MODIS,73,6.2,305,20.3,D,0
22.5753,92.2689,328.8,1.4,1.2,2004-03-27,0653,Aqua,MODIS,73,6.2,304.3,30.4,D,0
22.7001,91.9243,326.2,1.5,1.2,2004-03-27,0653,Aqua,MODIS,76,6.2,301.5,28.7,D,0
22.7121,92.0555,317.7,1.5,1.2,2004-03-27,0653,Aqua,MODIS,59,6.2,302.8,11.3,D,0
22.4961,92.5085,355.8,1.4,1.2,2004-03-27,0653,Aqua,MODIS,97,6.2,306.9,102,D,0
22.4385,92.2958,325,1.4,1.2,2004-03-27,0653,Aqua,MODIS,34,6.2,303.6,19.1,D,0
22.3149,92.496,366.6,1.4,1.2,2004-03-27,0653,Aqua,MODIS,100,6.2,308.8,156.3,D,0
22.4255,92.2834,322.9,1.5,1.2,2004-03-27,0653,Aqua,MODIS,69,6.2,303.8,17.4,D,0
22.428,92.2979,349.8,1.4,1.2,2004-03-27,0653,Aqua,MODIS,94,6.2,304.9,86.7,D,0
22.494,92.4957,354.3,1.4,1.2,2004-03-27,0653,Aqua,MODIS,97,6.2,308.8,96.9,D,0
22.5065,92.5065,401.2,1.4,1.2,2004-03-27,0653,Aqua,MODIS,100,6.2,310.1,402.1,D,0
22.4559,92.3336,330.2,1.4,1.2,2004-03-27,0653,Aqua,MODIS,79,6.2,302.9,32.6,D,0
22.4431,92.3225,322.6,1.4,1.2,2004-03-27,0653,Aqua,MODIS,56,6.2,303.7,16.8,D,0
23.5931,92.208,313.7,1.4,1.2,2004-03-27,0653,Aqua,MODIS,23,6.2,300.5,8.5,D,0
23.5955,92.2218,380.3,1.4,1.2,2004-03-27,0653,Aqua,MODIS,100,6.2,302.8,242.3,D,0
23.598,92.2366,314.5,1.4,1.2,2004-03-27,0653,Aqua,MODIS,33,6.2,298.9,8.5,D,0
22.5044,92.4938,413.3,1.4,1.2,2004-03-27,0653,Aqua,MODIS,100,6.2,316.9,541.7,D,0
22.5033,92.5152,343.2,1.4,1.2,2004-03-27,0653,Aqua,MODIS,90,6.2,304.3,48.2,D,0
22.5011,92.5023,383.9,1.4,1.2,2004-03-27,0653,Aqua,MODIS,100,6.2,313.5,249.7,D,0
22.4989,92.4898,347.1,1.4,1.2,2004-03-27,0653,Aqua,MODIS,92,6.2,310.6,65.8,D,0
22.3659,92.4154,332.9,1.4,1.2,2004-03-27,0653,Aqua,MODIS,82,6.2,306,32.7,D,0
22.3554,92.4174,338.7,1.4,1.2,2004-03-27,0653,Aqua,MODIS,87,6.2,307.8,46.4,D,0
23.095,91.9384,320.5,1.5,1.2,2004-03-27,0653,Aqua,MODIS,68,6.2,303.6,14.3,D,0
23.0671,91.779,321.1,1.5,1.2,2004-03-27,0653,Aqua,MODIS,46,6.2,301.6,15.5,D,0
23.0645,91.7644,321.7,1.5,1.2,2004-03-27,0653,Aqua,MODIS,36,6.2,302.6,16.4,D,0
23.127,91.9318,343.1,1.5,1.2,2004-03-27,0653,Aqua,MODIS,91,6.2,303,68.3,D,0
23.1245,91.9173,317.8,1.5,1.2,2004-03-27,0653,Aqua,MODIS,56,6.2,301.6,9.8,D,0
23.1377,91.93,352.6,1.5,1.2,2004-03-27,0653,Aqua,MODIS,96,6.2,303.7,102.1,D,0
23.1352,91.9152,326,1.5,1.2,2004-03-27,0653,Aqua,MODIS,76,6.2,302.2,24.2,D,0
23.1427,91.9379,323.1,1.5,1.2,2004-03-27,0653,Aqua,MODIS,57,6.2,301.9,15.9,D,0
23.1402,91.9239,326.9,1.5,1.2,2004-03-27,0653,Aqua,MODIS,77,6.2,302.7,23.5,D,0
23.1753,91.8713,327.5,1.5,1.2,2004-03-27,0653,Aqua,MODIS,78,6.2,302.2,27.5,D,0
23.186,91.8693,384.5,1.5,1.2,2004-03-27,0653,Aqua,MODIS,100,6.2,303.9,293.7,D,0
23.1835,91.8547,325.6,1.5,1.2,2004-03-27,0653,Aqua,MODIS,76,6.2,301.4,24.3,D,0
23.1709,91.7825,323.6,1.5,1.2,2004-03-27,0653,Aqua,MODIS,73,6.2,301.7,21.9,D,0
23.2289,91.8606,320.8,1.5,1.2,2004-03-27,0653,Aqua,MODIS,68,6.2,301.5,14.8,D,0
23.2264,91.846,321.4,1.5,1.2,2004-03-27,0653,Aqua,MODIS,70,6.2,302.4,15.9,D,0
23.2213,91.856,326.2,1.5,1.2,2004-03-27,0653,Aqua,MODIS,77,6.2,301.6,25.3,D,0
23.2559,91.8632,318.2,1.5,1.2,2004-03-27,0653,Aqua,MODIS,49,6.2,302.1,9.8,D,0
23.2534,91.8491,341.1,1.5,1.2,2004-03-27,0653,Aqua,MODIS,90,6.2,302.4,62.8,D,0
23.2509,91.8347,317.7,1.5,1.2,2004-03-27,0653,Aqua,MODIS,49,6.2,301.1,8.4,D,0
22.7062,92.0487,318.8,1.5,1.2,2004-03-27,0653,Aqua,MODIS,61,6.2,302.7,12.7,D,0
22.3207,92.5003,338.5,1.4,1.2,2004-03-27,0653,Aqua,MODIS,87,6.2,305.8,49.3,D,0
22.308,92.4888,366.4,1.4,1.2,2004-03-27,0653,Aqua,MODIS,100,6.2,309.3,155,D,0
22.3103,92.5026,362,1.4,1.2,2004-03-27,0653,Aqua,MODIS,100,6.2,307.2,133.4,D,0
22.2999,92.5047,360.6,1.4,1.2,2004-03-27,0653,Aqua,MODIS,100,6.2,309.3,127.3,D,0
23.356,92.1899,315.5,1.4,1.2,2004-03-27,0653,Aqua,MODIS,36,6.2,301.1,8.5,D,0
23.3465,92.0058,353.7,1.5,1.2,2004-03-27,0653,Aqua,MODIS,97,6.2,302,104.4,D,0
22.3449,92.4197,325.8,1.4,1.2,2004-03-27,0653,Aqua,MODIS,34,6.2,306.2,17.7,D,0
22.324,92.424,325.4,1.4,1.2,2004-03-27,0653,Aqua,MODIS,18,6.2,305,18,D,0
22.5137,92.5132,421.4,1.4,1.2,2004-03-27,0653,Aqua,MODIS,100,6.2,309.9,640.3,D,0
22.5115,92.5004,396.8,1.4,1.2,2004-03-27,0653,Aqua,MODIS,100,6.2,309,359.5,D,0
23.1308,92.0184,327.6,1.5,1.2,2004-03-27,0653,Aqua,MODIS,78,6.2,303.4,27.8,D,0
23.2725,92.021,325.3,1.5,1.2,2004-03-27,0653,Aqua,MODIS,72,6.2,301.9,19.8,D,0
23.2701,92.0072,326.8,1.5,1.2,2004-03-27,0653,Aqua,MODIS,77,6.2,302.4,24.2,D,0
23.2807,92.0052,335.2,1.5,1.2,2004-03-27,0653,Aqua,MODIS,85,6.2,303.2,44.1,D,0
23.2783,91.9916,329.1,1.5,1.2,2004-03-27,0653,Aqua,MODIS,80,6.2,304.1,28.9,D,0
23.2733,91.9628,319.9,1.5,1.2,2004-03-27,0653,Aqua,MODIS,67,6.2,302.3,13,D,0
23.2913,92.0031,333.3,1.5,1.2,2004-03-27,0653,Aqua,MODIS,84,6.2,301.4,40,D,0
23.2901,92.3494,329.8,1.4,1.2,2004-03-27,0653,Aqua,MODIS,80,6.2,304.5,29.8,D,0
23.3353,92.3203,347.7,1.4,1.2,2004-03-27,0653,Aqua,MODIS,94,6.2,303.8,78,D,0
23.3479,92.3312,363,1.4,1.2,2004-03-27,0653,Aqua,MODIS,100,6.2,304.8,136.4,D,0
23.3457,92.3183,415,1.4,1.2,2004-03-27,0653,Aqua,MODIS,100,6.2,313.6,562.5,D,0
23.356,92.3161,322.3,1.4,1.2,2004-03-27,0653,Aqua,MODIS,71,6.2,303.9,18.1,D,0
22.2895,92.5069,348.4,1.4,1.2,2004-03-27,0653,Aqua,MODIS,93,6.2,307,80.2,D,0
22.292,92.5217,379.8,1.4,1.2,2004-03-27,0653,Aqua,MODIS,100,6.2,306.2,235.3,D,0
22.2943,92.5355,320.5,1.4,1.2,2004-03-27,0653,Aqua,MODIS,61,6.2,302.9,13.7,D,0
22.2964,92.5476,335.6,1.4,1.2,2004-03-27,0653,Aqua,MODIS,84,6.2,304.2,43.7,D,0
22.5093,92.4876,390.9,1.4,1.2,2004-03-27,0653,Aqua,MODIS,100,6.2,311.6,310.3,D,0
22.5197,92.4855,325.4,1.4,1.2,2004-03-27,0653,Aqua,MODIS,49,6.2,305.7,17,D,0
22.5021,92.446,324.4,1.4,1.2,2004-03-27,0653,Aqua,MODIS,27,6.2,305.5,14.1,D,0
22.5125,92.4439,324,1.4,1.2,2004-03-27,0653,Aqua,MODIS,40,6.2,305.6,14.8,D,0
23.4167,91.942,327.3,1.5,1.2,2004-03-27,0653,Aqua,MODIS,78,6.2,301.7,27.6,D,0
23.4036,91.9301,323.2,1.5,1.2,2004-03-27,0653,Aqua,MODIS,73,6.2,301.6,19.6,D,0
23.4061,91.9442,341.7,1.5,1.2,2004-03-27,0653,Aqua,MODIS,90,6.2,303,64.6,D,0
23.4085,91.9585,340.2,1.5,1.2,2004-03-27,0653,Aqua,MODIS,89,6.2,302.6,58.8,D,0
23.3955,91.9464,347.7,1.5,1.2,2004-03-27,0653,Aqua,MODIS,94,6.2,303,83.5,D,0
23.3979,91.9606,325.3,1.5,1.2,2004-03-27,0653,Aqua,MODIS,76,6.2,302.1,22.7,D,0
23.4218,92.0994,335.2,1.4,1.2,2004-03-27,0653,Aqua,MODIS,86,6.2,301.3,47.6,D,0
23.4602,92.2619,421.6,1.4,1.2,2004-03-27,0653,Aqua,MODIS,100,6.2,311.5,651.2,D,0
23.4624,92.2749,375.3,1.4,1.2,2004-03-27,0653,Aqua,MODIS,100,6.2,302.5,200.8,D,0
23.4647,92.2882,326.2,1.4,1.2,2004-03-27,0653,Aqua,MODIS,61,6.2,298,23.5,D,0
23.4499,92.264,354.5,1.4,1.2,2004-03-27,0653,Aqua,MODIS,97,6.2,305.6,98.9,D,0
23.7023,91.9228,322.3,1.5,1.2,2004-03-27,0653,Aqua,MODIS,69,6.2,301,18.7,D,0
23.7058,91.9166,326.4,1.5,1.2,2004-03-27,0653,Aqua,MODIS,76,6.2,301.4,26.6,D,0
23.4521,92.277,473.9,1.4,1.2,2004-03-27,0653,Aqua,MODIS,100,6.2,326.7,1732.1,D,0
24.1016,89.4063,320.2,2.1,1.4,2004-03-27,0653,Aqua,MODIS,48,6.2,302.1,22.9,D,0
22.6404,91.9881,325.2,1.5,1.2,2004-03-27,0653,Aqua,MODIS,74,6.2,301.4,26.2,D,0
23.4622,91.9845,338.5,1.5,1.2,2004-03-27,0653,Aqua,MODIS,88,6.2,301.2,55.3,D,0
23.4599,91.9711,413.9,1.5,1.2,2004-03-27,0653,Aqua,MODIS,100,6.2,309.2,586.4,D,0
23.4574,91.9567,325.5,1.5,1.2,2004-03-27,0653,Aqua,MODIS,76,6.2,302.7,23.9,D,0
23.5018,90.0207,320.1,2,1.4,2004-03-27,0653,Aqua,MODIS,64,6.2,300.3,16.4,D,0
23.4543,92.2902,435.5,1.4,1.2,2004-03-27,0653,Aqua,MODIS,100,6.2,307,864.5,D,0
23.4395,92.2664,330,1.4,1.2,2004-03-27,0653,Aqua,MODIS,57,6.2,303.6,27.4,D,0
23.0224,92.1198,354.7,1.5,1.2,2004-03-27,0653,Aqua,MODIS,97,6.2,304.7,106.1,D,0
23.0201,92.1066,333.6,1.5,1.2,2004-03-27,0653,Aqua,MODIS,84,6.2,304,38.6,D,0
23.4113,92.1016,347.8,1.4,1.2,2004-03-27,0653,Aqua,MODIS,94,6.2,303.4,84.5,D,0
23.4136,92.1154,315.7,1.4,1.2,2004-03-27,0653,Aqua,MODIS,53,6.2,301,10,D,0
22.6379,91.9737,326.2,1.5,1.2,2004-03-27,0653,Aqua,MODIS,76,6.2,301.3,28.5,D,0
23.3475,91.986,328.4,1.5,1.2,2004-03-27,0653,Aqua,MODIS,79,6.2,302,27.6,D,0
23.3499,91.9997,359.5,1.5,1.2,2004-03-27,0653,Aqua,MODIS,99,6.2,302.2,128.8,D,0
23.4985,90.3732,320,1.9,1.3,2004-03-27,0653,Aqua,MODIS,32,6.2,301.7,14.8,D,0
23.0401,92.1589,321.8,1.4,1.2,2004-03-27,0653,Aqua,MODIS,70,6.2,303.1,16.5,D,0
23.4417,92.2791,475.6,1.4,1.2,2004-03-27,0653,Aqua,MODIS,100,6.2,331.5,1781.9,D,0
23.4439,92.2921,449.5,1.4,1.2,2004-03-27,0653,Aqua,MODIS,100,6.2,316.5,1131.1,D,0
23.7039,92.123,323.8,1.4,1.2,2004-03-27,0653,Aqua,MODIS,73,6.2,300.6,21.3,D,0
23.7062,92.1365,407.1,1.4,1.2,2004-03-27,0653,Aqua,MODIS,100,6.2,306.2,480.8,D,0
23.7085,92.1499,321.5,1.4,1.2,2004-03-27,0653,Aqua,MODIS,62,6.2,300.9,16.6,D,0
23.0377,92.1451,319,1.4,1.2,2004-03-27,0653,Aqua,MODIS,64,6.2,303.4,11.8,D,0
23.033,92.1177,325.7,1.5,1.2,2004-03-27,0653,Aqua,MODIS,76,6.2,302.5,21.1,D,0
23.6315,89.655,324.4,2.1,1.4,2004-03-27,0653,Aqua,MODIS,70,6.2,301.2,30.5,D,0
23.6277,89.635,320.7,2.1,1.4,2004-03-27,0653,Aqua,MODIS,49,6.2,301.2,19.1,D,0
23.0307,92.1044,320.1,1.5,1.2,2004-03-27,0653,Aqua,MODIS,65,6.2,303,11.4,D,0
23.0901,92.0993,316.8,1.5,1.2,2004-03-27,0653,Aqua,MODIS,58,6.2,302.5,7.9,D,0
23.5372,91.9492,333.3,1.5,1.2,2004-03-27,0653,Aqua,MODIS,78,6.2,297.8,39.1,D,0
23.5266,91.9515,466.7,1.5,1.2,2004-03-27,0653,Aqua,MODIS,100,6.2,320.5,1637.6,D,0
23.5291,91.9652,341.2,1.5,1.2,2004-03-27,0653,Aqua,MODIS,89,6.2,299.9,60.5,D,0
23.5161,91.9537,336.7,1.5,1.2,2004-03-27,0653,Aqua,MODIS,86,6.2,300.6,47,D,0
23.5209,91.9433,428.1,1.5,1.2,2004-03-27,0653,Aqua,MODIS,100,6.2,314.3,796.3,D,0
23.5233,91.9578,436.5,1.5,1.2,2004-03-27,0653,Aqua,MODIS,100,6.2,311.6,940.4,D,0
23.5103,91.9455,322.2,1.5,1.2,2004-03-27,0653,Aqua,MODIS,62,6.2,300,16.8,D,0
23.4997,91.9477,353.6,1.5,1.2,2004-03-27,0653,Aqua,MODIS,97,6.2,303.2,104.2,D,0
23.1015,92.0391,328.7,1.5,1.2,2004-03-27,0653,Aqua,MODIS,79,6.2,302.7,30,D,0
23.1442,92.1599,319,1.4,1.2,2004-03-27,0653,Aqua,MODIS,47,6.2,302.7,10.7,D,0
23.1418,92.1459,344.8,1.4,1.2,2004-03-27,0653,Aqua,MODIS,92,6.2,303.9,70.9,D,0
23.1395,92.132,322.5,1.4,1.2,2004-03-27,0653,Aqua,MODIS,71,6.2,302.9,15.8,D,0
23.1333,92.0326,333.1,1.5,1.2,2004-03-27,0653,Aqua,MODIS,84,6.2,302.8,40.6,D,0
22.1169,92.5077,309.6,1.3,1.1,2004-03-27,1620,Terra,MODIS,78,6.2,294.7,12.7,N,0
21.7504,92.3357,305.3,1.3,1.1,2004-03-27,1620,Terra,MODIS,64,6.2,293.4,8.4,N,0
22.127,92.506,327.6,1.3,1.1,2004-03-27,1620,Terra,MODIS,100,6.2,294.9,37,N,0
21.8478,92.5526,302.5,1.3,1.1,2004-03-27,1620,Terra,MODIS,48,6.2,292.3,6.4,N,0
24.1497,89.3903,305.7,1,1,2004-03-27,1621,Terra,MODIS,65,6.2,276.3,9.5,N,0
23.2324,92.2261,305,1.3,1.1,2004-03-27,1621,Terra,MODIS,63,6.2,293.8,7.7,N,0
23.1914,92.1428,304.1,1.3,1.1,2004-03-27,1621,Terra,MODIS,58,6.2,293.5,6.7,N,0
23.6056,89.654,324.3,1.4,1.2,2004-03-28,0429,Terra,MODIS,72,6.2,305.6,15.2,D,0
24.343,89.3219,324.9,1.5,1.2,2004-03-28,0429,Terra,MODIS,58,6.2,303.6,23,D,0
23.2275,92.2281,319.6,1,1,2004-03-28,0429,Terra,MODIS,68,6.2,302.9,9.6,D,0
23.6128,89.6823,331.7,1.4,1.2,2004-03-28,0429,Terra,MODIS,82,6.2,304.9,29,D,0
24.1495,89.3796,318.3,1.5,1.2,2004-03-28,0429,Terra,MODIS,37,6.2,302.1,12.1,D,0
24.3401,89.3155,321.2,1.5,1.2,2004-03-28,0429,Terra,MODIS,47,6.2,304.1,17.2,D,0
24.299,89.1,317.2,1.5,1.2,2004-03-28,0429,Terra,MODIS,38,6.2,302.6,10.4,D,0
23.5455,92.2525,317.1,1,1,2004-03-28,0429,Terra,MODIS,62,6.2,304.3,8.9,D,0
23.1533,92.2265,316.2,1,1,2004-03-28,0429,Terra,MODIS,49,6.2,301.3,5.3,D,0
24.1532,89.3862,322.8,1.5,1.2,2004-03-28,0429,Terra,MODIS,61,6.2,301.6,19.1,D,0
22.5135,92.3959,320.5,1,1,2004-03-28,0430,Terra,MODIS,68,6.2,303.5,8.2,D,0
22.2514,92.5554,371.7,1,1,2004-03-28,0430,Terra,MODIS,100,6.2,301.9,117.7,D,0
22.6276,92.37,317.4,1,1,2004-03-28,0430,Terra,MODIS,62,6.2,302.3,6.1,D,0
23.1812,89.4679,317.9,1.4,1.2,2004-03-28,0430,Terra,MODIS,58,6.2,302.4,10.7,D,0
23.1219,89.467,317.2,1.4,1.2,2004-03-28,0430,Terra,MODIS,45,6.2,299.4,11.3,D,0
22.0447,92.5199,314.3,1,1,2004-03-28,0430,Terra,MODIS,14,6.2,300.7,3.7,D,0
22.1492,92.433,321.4,1,1,2004-03-28,0430,Terra,MODIS,71,6.2,302.8,9.8,D,0
22.2438,92.5445,360,1,1,2004-03-28,0430,Terra,MODIS,99,6.2,302.8,81.1,D,0
21.9639,92.5698,327,1,1,2004-03-28,0430,Terra,MODIS,78,6.2,303.4,16.7,D,0
23.0088,91.7473,316.7,1.1,1,2004-03-28,0430,Terra,MODIS,56,6.2,297.7,7.6,D,0
22.2424,92.5541,359.1,1,1,2004-03-28,0430,Terra,MODIS,99,6.2,301.9,78.7,D,0
22.1548,92.5233,320.3,1,1,2004-03-28,0430,Terra,MODIS,68,6.2,303.2,9.8,D,0
22.1202,92.5083,318.2,1,1,2004-03-28,0430,Terra,MODIS,62,6.2,302.6,8.1,D,0
22.2528,92.5459,383.1,1,1,2004-03-28,0430,Terra,MODIS,100,6.2,304.2,163.4,D,0
22.401,92.4127,369.3,2.1,1.4,2004-03-28,0735,Aqua,MODIS,100,6.2,304.4,307.1,D,0
22.3869,92.2712,326.6,2.1,1.4,2004-03-28,0735,Aqua,MODIS,76,6.2,300.1,37.1,D,0
21.5839,92.2818,364.1,2,1.4,2004-03-28,0735,Aqua,MODIS,100,6.2,297.5,243.4,D,0
21.5716,92.2839,328,2,1.4,2004-03-28,0735,Aqua,MODIS,64,6.2,296.2,44.4,D,0
21.5892,92.2511,382.6,2,1.4,2004-03-28,0735,Aqua,MODIS,100,6.2,299,424.1,D,0
21.5912,92.2688,335.3,2,1.4,2004-03-28,0735,Aqua,MODIS,84,6.2,294.9,67.9,D,0
22.3888,92.2964,373.1,2.1,1.4,2004-03-28,0735,Aqua,MODIS,100,6.2,301.2,336.6,D,0
22.4033,92.3133,331.4,2.1,1.4,2004-03-28,0735,Aqua,MODIS,81,6.2,299.1,58.8,D,0
22.4013,92.2944,325.4,2.1,1.4,2004-03-28,0735,Aqua,MODIS,73,6.2,300.2,35.7,D,0
22.4159,92.3112,339.1,2.1,1.4,2004-03-28,0735,Aqua,MODIS,88,6.2,299.8,94.5,D,0
22.4138,92.2924,328.5,2.1,1.4,2004-03-28,0735,Aqua,MODIS,78,6.2,300.3,48.6,D,0
22.3908,92.31,325.3,2.1,1.4,2004-03-28,0735,Aqua,MODIS,63,6.2,298.2,35.9,D,0
22.3889,92.2911,365.4,2.1,1.4,2004-03-28,0735,Aqua,MODIS,100,6.2,301.8,262.8,D,0
22.4034,92.3083,338.7,2.1,1.4,2004-03-28,0735,Aqua,MODIS,87,6.2,299.7,92.4,D,0
22.4159,92.3059,342.2,2.1,1.4,2004-03-28,0735,Aqua,MODIS,90,6.2,300.1,110,D,0
21.7095,92.3821,338,2.1,1.4,2004-03-28,0735,Aqua,MODIS,86,6.2,300.9,86.6,D,0
21.7115,92.4011,325.3,2.1,1.4,2004-03-28,0735,Aqua,MODIS,70,6.2,299.6,38.8,D,0
22.7075,91.9943,331,2,1.4,2004-03-28,0735,Aqua,MODIS,81,6.2,295.8,59.4,D,0
22.7325,92.2294,316.9,2.1,1.4,2004-03-28,0735,Aqua,MODIS,0,6.2,299.4,15.6,D,0
22.236,92.4482,349.1,2.1,1.4,2004-03-28,0735,Aqua,MODIS,94,6.2,301.1,152.6,D,0
22.2394,92.4835,317.3,2.1,1.4,2004-03-28,0735,Aqua,MODIS,34,6.2,299.8,15.5,D,0
22.4039,92.4378,344,2.1,1.4,2004-03-28,0735,Aqua,MODIS,91,6.2,299.8,117.5,D,0
21.4184,92.584,442,2.1,1.4,2004-03-28,0735,Aqua,MODIS,100,6.2,311.4,1803.3,D,0
21.4217,92.5969,366.8,2.1,1.4,2004-03-28,0735,Aqua,MODIS,100,6.2,301.2,286.4,D,0
21.4033,92.5631,340.1,2.1,1.4,2004-03-28,0735,Aqua,MODIS,88,6.2,300.7,97.5,D,0
21.4057,92.5856,410.5,2.1,1.4,2004-03-28,0735,Aqua,MODIS,100,6.2,307.2,931.3,D,0
21.4078,92.6053,324.1,2.1,1.4,2004-03-28,0735,Aqua,MODIS,62,6.2,298,34.4,D,0
22.5162,92.3899,334.6,2.1,1.4,2004-03-28,0735,Aqua,MODIS,84,6.2,301.1,71,D,0
21.393,92.5868,364.8,2.1,1.4,2004-03-28,0735,Aqua,MODIS,100,6.2,302.3,270.2,D,0
21.3951,92.6068,325.4,2.1,1.4,2004-03-28,0735,Aqua,MODIS,39,6.2,299.6,39.9,D,0
22.5907,92.4862,325.3,2.2,1.4,2004-03-28,0735,Aqua,MODIS,74,6.2,300.6,38.3,D,0
22.3382,92.4253,319.8,2.1,1.4,2004-03-28,0735,Aqua,MODIS,59,6.2,300.6,18.6,D,0
22.4017,92.4179,393,2.1,1.4,2004-03-28,0735,Aqua,MODIS,100,6.2,304.9,609.8,D,0
22.2372,92.4616,371.4,2.1,1.4,2004-03-28,0735,Aqua,MODIS,100,6.2,302,335.5,D,0
22.1395,92.4056,321.5,2.1,1.4,2004-03-28,0735,Aqua,MODIS,52,6.2,300.8,22.7,D,0
22.0025,92.5694,323.1,2.2,1.4,2004-03-28,0735,Aqua,MODIS,67,6.2,302.6,32.8,D,0
22.1456,92.345,322.4,2.1,1.4,2004-03-28,0735,Aqua,MODIS,67,6.2,299.7,26.4,D,0
22.1411,92.3988,319.8,2.1,1.4,2004-03-28,0735,Aqua,MODIS,41,6.2,300.7,17.6,D,0
22.1496,92.3576,319.1,2.1,1.4,2004-03-28,0735,Aqua,MODIS,59,6.2,299.8,17.3,D,0
21.8162,92.1656,322.4,2,1.4,2004-03-28,0735,Aqua,MODIS,64,6.2,299,27.8,D,0
21.7914,92.1682,332.8,2,1.4,2004-03-28,0735,Aqua,MODIS,81,6.2,299.2,60,D,0
22.1476,92.3378,317.9,2.1,1.4,2004-03-28,0735,Aqua,MODIS,54,6.2,299.6,15.6,D,0
21.9401,92.4819,341.7,2.1,1.4,2004-03-28,0735,Aqua,MODIS,89,6.2,302.5,103.5,D,0
21.9419,92.4991,329,2.1,1.4,2004-03-28,0735,Aqua,MODIS,76,6.2,300.5,49.4,D,0
22.2354,92.4433,332.1,2.1,1.4,2004-03-28,0735,Aqua,MODIS,82,6.2,300.5,65,D,0
22.3996,92.3976,324.3,2.1,1.4,2004-03-28,0735,Aqua,MODIS,61,6.2,300.2,32.7,D,0
22.1354,92.4871,329.8,2.1,1.4,2004-03-28,0735,Aqua,MODIS,79,6.2,300.2,55.7,D,0
21.7791,92.5558,334.5,2.1,1.4,2004-03-28,0735,Aqua,MODIS,83,6.2,300.7,75.1,D,0
21.7769,92.536,364.1,2.1,1.4,2004-03-28,0735,Aqua,MODIS,100,6.2,303.4,262.2,D,0
22.4166,92.4364,322,2.1,1.4,2004-03-28,0735,Aqua,MODIS,46,6.2,299.7,27,D,0
22.58,92.1333,333.1,2,1.4,2004-03-28,0735,Aqua,MODIS,83,6.2,299.9,66.3,D,0
21.5768,92.2528,383.9,2,1.4,2004-03-28,0735,Aqua,MODIS,100,6.2,299.9,442.3,D,0
21.5789,92.2712,356.1,2,1.4,2004-03-28,0735,Aqua,MODIS,98,6.2,297.8,181.8,D,0
21.5809,92.2894,367.1,2,1.4,2004-03-28,0735,Aqua,MODIS,100,6.2,297.9,270.7,D,0
22.5501,92.4694,330.7,2.2,1.4,2004-03-28,0735,Aqua,MODIS,80,6.2,300.2,59.7,D,0
22.5893,92.4812,325.9,2.2,1.4,2004-03-28,0735,Aqua,MODIS,75,6.2,300.9,39.5,D,0
22.5789,92.1387,330.1,2,1.4,2004-03-28,0735,Aqua,MODIS,80,6.2,299.6,54.6,D,0
22.5769,92.1205,319.3,2,1.4,2004-03-28,0735,Aqua,MODIS,61,6.2,300.1,20.9,D,0
22.3866,92.2766,346.6,2.1,1.4,2004-03-28,0735,Aqua,MODIS,93,6.2,300.8,126.3,D,0
21.9233,92.4448,322,2.1,1.4,2004-03-28,0735,Aqua,MODIS,62,6.2,301.1,24.6,D,0
22.5185,92.4124,328,2.1,1.4,2004-03-28,0735,Aqua,MODIS,77,6.2,300.7,44.7,D,0
22.5206,92.4329,325.1,2.1,1.4,2004-03-28,0735,Aqua,MODIS,56,6.2,299.8,33.6,D,0
22.5058,92.4138,320.9,2.1,1.4,2004-03-28,0735,Aqua,MODIS,66,6.2,300.6,23.1,D,0
22.403,92.4326,357.2,2.1,1.4,2004-03-28,0735,Aqua,MODIS,98,6.2,300.9,204.4,D,0
21.7748,92.5161,321,2.1,1.4,2004-03-28,0735,Aqua,MODIS,48,6.2,301.9,22.3,D,0
21.7918,92.5541,320.9,2.1,1.4,2004-03-28,0735,Aqua,MODIS,45,6.2,301.1,25.6,D,0
21.7896,92.5339,335.2,2.1,1.4,2004-03-28,0735,Aqua,MODIS,83,6.2,302.7,74.9,D,0
21.5998,92.5621,324.6,2.1,1.4,2004-03-28,0735,Aqua,MODIS,69,6.2,300.9,38.7,D,0
21.5987,92.5695,333.1,2.1,1.4,2004-03-28,0735,Aqua,MODIS,81,6.2,300.9,70.9,D,0
22.5152,92.3981,336.9,2.1,1.4,2004-03-28,0735,Aqua,MODIS,86,6.2,301.2,80.6,D,0
22.1383,92.4992,340.1,2.1,1.4,2004-03-28,0735,Aqua,MODIS,88,6.2,301.1,103.8,D,0
22.5176,92.4197,332.4,2.1,1.4,2004-03-28,0735,Aqua,MODIS,82,6.2,300.6,61.7,D,0
21.7325,92.3596,319.3,2.1,1.4,2004-03-28,0735,Aqua,MODIS,51,6.2,299.1,21.6,D,0
21.6805,92.3466,319.5,2.1,1.4,2004-03-28,0735,Aqua,MODIS,52,6.2,299.7,19.6,D,0
21.6825,92.3657,338.5,2.1,1.4,2004-03-28,0735,Aqua,MODIS,86,6.2,300.3,88.4,D,0
21.6798,92.3517,327.7,2.1,1.4,2004-03-28,0735,Aqua,MODIS,74,6.2,299.8,44.3,D,0
21.6818,92.3708,334.3,2.1,1.4,2004-03-28,0735,Aqua,MODIS,82,6.2,300,70.1,D,0
22.3699,92.4831,334.2,2.1,1.4,2004-03-28,0735,Aqua,MODIS,84,6.2,300.1,74.5,D,0
21.7509,92.4129,330.5,2.1,1.4,2004-03-28,0735,Aqua,MODIS,78,6.2,300.2,57,D,0
21.9275,92.4841,334.9,2.1,1.4,2004-03-28,0735,Aqua,MODIS,83,6.2,301,73.5,D,0
21.5839,92.5516,339.4,2.1,1.4,2004-03-28,0735,Aqua,MODIS,87,6.2,302.6,96.3,D,0
21.78,92.5485,351,2.1,1.4,2004-03-28,0735,Aqua,MODIS,95,6.2,302.2,161.9,D,0
21.9294,92.5023,321.9,2.1,1.4,2004-03-28,0735,Aqua,MODIS,58,6.2,300.1,27.1,D,0
21.778,92.5286,343.6,2.1,1.4,2004-03-28,0735,Aqua,MODIS,90,6.2,303.1,113.5,D,0
21.6771,92.2138,318.9,2,1.4,2004-03-28,0735,Aqua,MODIS,49,6.2,299,18,D,0
21.416,92.5622,351.9,2.1,1.4,2004-03-28,0735,Aqua,MODIS,95,6.2,301.8,166.2,D,0
21.4196,92.5768,396.4,2.1,1.4,2004-03-28,0735,Aqua,MODIS,100,6.2,310.6,663.2,D,0
21.4323,92.5755,318.7,2.1,1.4,2004-03-28,0735,Aqua,MODIS,51,6.2,299.7,22.5,D,0
22.6279,92.3522,323.8,2.1,1.4,2004-03-28,0735,Aqua,MODIS,72,6.2,301,31.9,D,0
22.6301,92.3735,324.2,2.1,1.4,2004-03-28,0735,Aqua,MODIS,72,6.2,300,33.4,D,0
21.5861,92.5717,362.7,2.1,1.4,2004-03-28,0735,Aqua,MODIS,100,6.2,304.5,252.6,D,0
21.5712,92.5532,325.1,2.1,1.4,2004-03-28,0735,Aqua,MODIS,70,6.2,302.5,37.9,D,0
21.5735,92.5741,358.5,2.1,1.4,2004-03-28,0735,Aqua,MODIS,99,6.2,304.5,218.7,D,0
21.964,92.5728,319.8,2.2,1.4,2004-03-28,0735,Aqua,MODIS,43,6.2,301.7,22.5,D,0
22.026,92.5471,325.3,2.1,1.4,2004-03-28,0735,Aqua,MODIS,63,6.2,301.2,37.7,D,0
21.9612,92.5596,320.7,2.1,1.4,2004-03-28,0735,Aqua,MODIS,60,6.2,303.2,28.2,D,0
22.5372,92.4699,321.2,2.2,1.4,2004-03-28,0735,Aqua,MODIS,67,6.2,298.7,26.4,D,0
21.5337,92.5627,322.8,2.1,1.4,2004-03-28,0735,Aqua,MODIS,66,6.2,300.7,35.6,D,0
21.5315,92.5427,365.5,2.1,1.4,2004-03-28,0735,Aqua,MODIS,100,6.2,302.4,277.9,D,0
21.5332,92.5577,344.4,2.1,1.4,2004-03-28,0735,Aqua,MODIS,91,6.2,301.2,125.9,D,0
21.531,92.5367,353.1,2.1,1.4,2004-03-28,0735,Aqua,MODIS,96,6.2,301.8,179,D,0
22.1119,92.5093,346.8,2.1,1.4,2004-03-28,0735,Aqua,MODIS,93,6.2,301.7,138.1,D,0
22.1099,92.4895,330.8,2.1,1.4,2004-03-28,0735,Aqua,MODIS,80,6.2,300.6,58.9,D,0
22.1246,92.5076,346.4,2.1,1.4,2004-03-28,0735,Aqua,MODIS,92,6.2,301.3,136.9,D,0
22.1225,92.4878,349.1,2.1,1.4,2004-03-28,0735,Aqua,MODIS,94,6.2,302,151.8,D,0
22.1374,92.5067,361.2,2.1,1.4,2004-03-28,0735,Aqua,MODIS,100,6.2,301.3,242.7,D,0
22.1399,92.5299,333.8,2.1,1.4,2004-03-28,0735,Aqua,MODIS,83,6.2,298.5,75.7,D,0
21.5459,92.5568,346.3,2.1,1.4,2004-03-28,0735,Aqua,MODIS,92,6.2,302.4,135.3,D,0
21.6029,92.2232,319.7,2,1.4,2004-03-28,0735,Aqua,MODIS,36,6.2,295.2,21.4,D,0
21.5802,92.2453,383.5,2,1.4,2004-03-28,0735,Aqua,MODIS,100,6.2,300.5,434.5,D,0
22.2734,92.4378,318.4,2.1,1.4,2004-03-28,0735,Aqua,MODIS,58,6.2,299.4,19.5,D,0
21.5821,92.2639,390.7,2,1.4,2004-03-28,0735,Aqua,MODIS,100,6.2,298.9,531,D,0
21.5435,92.5335,334,2.1,1.4,2004-03-28,0735,Aqua,MODIS,82,6.2,301.4,74.2,D,0
21.4535,92.2932,327.7,2,1.4,2004-03-28,0735,Aqua,MODIS,75,6.2,298.2,51.3,D,0
21.5273,92.2593,322.7,2,1.4,2004-03-28,0735,Aqua,MODIS,66,6.2,298.1,31.7,D,0
21.5294,92.2783,377.2,2,1.4,2004-03-28,0735,Aqua,MODIS,100,6.2,298.9,371.6,D,0
21.517,92.2798,351.7,2,1.4,2004-03-28,0735,Aqua,MODIS,95,6.2,298.8,159.6,D,0
22.1406,92.5219,342.2,2.1,1.4,2004-03-28,0735,Aqua,MODIS,90,6.2,299.2,116.2,D,0
21.9213,92.4252,318.8,2.1,1.4,2004-03-28,0735,Aqua,MODIS,40,6.2,300.4,15.5,D,0
21.4411,92.2948,328.8,2,1.4,2004-03-28,0735,Aqua,MODIS,77,6.2,298.2,55.1,D,0
22.6299,92.4987,332.3,2.2,1.4,2004-03-28,0735,Aqua,MODIS,82,6.2,301.5,62.3,D,0
21.7866,92.3895,320,2.1,1.4,2004-03-28,0735,Aqua,MODIS,25,6.2,299.2,20.6,D,0
21.7781,92.4034,319,2.1,1.4,2004-03-28,0735,Aqua,MODIS,20,6.2,299.1,17.7,D,0
21.7906,92.4015,318.4,2.1,1.4,2004-03-28,0735,Aqua,MODIS,11,6.2,299.7,15.8,D,0
21.8058,92.4243,326.5,2.1,1.4,2004-03-28,0735,Aqua,MODIS,73,6.2,301.7,38.2,D,0
21.8033,92.401,320,2.1,1.4,2004-03-28,0735,Aqua,MODIS,31,6.2,299.9,20,D,0
21.586,92.3017,328.6,2,1.4,2004-03-28,0735,Aqua,MODIS,75,6.2,295.9,46.8,D,0
22.6428,92.4974,321.7,2.2,1.4,2004-03-28,0735,Aqua,MODIS,68,6.2,301.2,26.1,D,0
22.3719,92.5022,338.5,2.2,1.4,2004-03-28,0735,Aqua,MODIS,87,6.2,299.4,95.1,D,0
22.238,92.4665,365.5,2.1,1.4,2004-03-28,0735,Aqua,MODIS,100,6.2,301.4,278,D,0
22.1416,92.4258,323.3,2.1,1.4,2004-03-28,0735,Aqua,MODIS,69,6.2,300.2,29.2,D,0
22.143,92.418,324.3,2.1,1.4,2004-03-28,0735,Aqua,MODIS,72,6.2,300.5,33.4,D,0
21.4895,92.3793,348.6,2.1,1.4,2004-03-28,0735,Aqua,MODIS,94,6.2,299.9,145.6,D,0
21.4917,92.4011,325.6,2.1,1.4,2004-03-28,0735,Aqua,MODIS,72,6.2,297.4,41.8,D,0
21.4866,92.3652,321.1,2,1.4,2004-03-28,0735,Aqua,MODIS,61,6.2,297,31.7,D,0
21.4888,92.3854,362.2,2.1,1.4,2004-03-28,0735,Aqua,MODIS,100,6.2,299.9,241.4,D,0
22.4157,92.4307,323.8,2.1,1.4,2004-03-28,0735,Aqua,MODIS,66,6.2,299.9,33.9,D,0
23.267,92.1282,318.3,2.1,1.4,2004-03-28,0736,Aqua,MODIS,52,6.2,298.6,17.2,D,0
23.1058,92.2019,327.8,2.1,1.4,2004-03-28,0736,Aqua,MODIS,46,6.2,297,42.7,D,0
23.1056,92.1965,329.6,2.1,1.4,2004-03-28,0736,Aqua,MODIS,57,6.2,297.4,52.1,D,0
23.2395,92.2338,350,2.1,1.4,2004-03-28,0736,Aqua,MODIS,95,6.2,298.9,153,D,0
23.2376,92.2144,325.5,2.1,1.4,2004-03-28,0736,Aqua,MODIS,70,6.2,298,35,D,0
23.2522,92.232,398.9,2.1,1.4,2004-03-28,0736,Aqua,MODIS,100,6.2,304.1,706.6,D,0
23.2502,92.2127,336,2.1,1.4,2004-03-28,0736,Aqua,MODIS,86,6.2,300.7,78.8,D,0
23.2629,92.2111,330.8,2.1,1.4,2004-03-28,0736,Aqua,MODIS,81,6.2,299.1,60.1,D,0
23.2608,92.1911,319.1,2.1,1.4,2004-03-28,0736,Aqua,MODIS,34,6.2,299.6,21.9,D,0
23.3532,92.2159,334,2.1,1.4,2004-03-28,0736,Aqua,MODIS,84,6.2,300.2,75.8,D,0
23.3511,92.1955,317.1,2.1,1.4,2004-03-28,0736,Aqua,MODIS,25,6.2,299,17.9,D,0
23.0029,92.0978,326.2,2.1,1.4,2004-03-28,0736,Aqua,MODIS,76,6.2,297.1,38.3,D,0
23.0176,92.117,325.1,2.1,1.4,2004-03-28,0736,Aqua,MODIS,70,6.2,298,37.8,D,0
23.0199,92.1091,326.9,2.1,1.4,2004-03-28,0736,Aqua,MODIS,71,6.2,295.9,40.5,D,0
23.0742,92.1443,325.6,2.1,1.4,2004-03-28,0736,Aqua,MODIS,59,6.2,294.3,32.7,D,0
23.1036,92.1814,331.7,2.1,1.4,2004-03-28,0736,Aqua,MODIS,75,6.2,297.9,56,D,0
23.1036,92.1761,326.2,2.1,1.4,2004-03-28,0736,Aqua,MODIS,57,6.2,298,38.4,D,0
23.1271,92.0312,326.6,2,1.4,2004-03-28,0736,Aqua,MODIS,65,6.2,298.3,38.1,D,0
23.1519,92.1497,325.2,2.1,1.4,2004-03-28,0736,Aqua,MODIS,74,6.2,295.6,37.2,D,0
23.1395,92.0297,340.9,2,1.4,2004-03-28,0736,Aqua,MODIS,89,6.2,299.8,97.7,D,0
23.2105,92.1023,326.5,2.1,1.4,2004-03-28,0736,Aqua,MODIS,76,6.2,300,40.2,D,0
23.2147,92.1145,320.3,2.1,1.4,2004-03-28,0736,Aqua,MODIS,44,6.2,299.5,21.8,D,0
23.2127,92.0948,319.2,2.1,1.4,2004-03-28,0736,Aqua,MODIS,40,6.2,299.2,19,D,0
22.8876,92.3438,319.7,2.1,1.4,2004-03-28,0736,Aqua,MODIS,63,6.2,300.4,22.2,D,0
22.8854,92.322,343.5,2.1,1.4,2004-03-28,0736,Aqua,MODIS,91,6.2,301.7,118.8,D,0
22.9003,92.3423,316.8,2.1,1.4,2004-03-28,0736,Aqua,MODIS,42,6.2,299.8,14.5,D,0
22.8981,92.3207,338.8,2.1,1.4,2004-03-28,0736,Aqua,MODIS,88,6.2,301.7,95.1,D,0
23.4451,91.9719,326.4,2,1.4,2004-03-28,0736,Aqua,MODIS,68,6.2,299,37.8,D,0
23.4723,91.9898,323,2,1.4,2004-03-28,0736,Aqua,MODIS,41,6.2,299,26.8,D,0
23.446,91.9666,324.2,2,1.4,2004-03-28,0736,Aqua,MODIS,69,6.2,298.9,31.5,D,0
23.473,91.9841,325.4,2,1.4,2004-03-28,0736,Aqua,MODIS,55,6.2,299.1,36,D,0
23.6943,92.2534,322.9,2.2,1.4,2004-03-28,0736,Aqua,MODIS,70,6.2,300.5,35.3,D,0
22.9575,91.9069,321.6,2,1.4,2004-03-28,0736,Aqua,MODIS,68,6.2,299.5,24,D,0
23.0027,91.9785,328,2,1.4,2004-03-28,0736,Aqua,MODIS,78,6.2,296.8,42.9,D,0
23.0152,91.9774,326.6,2,1.4,2004-03-28,0736,Aqua,MODIS,55,6.2,298.8,36.6,D,0
23.008,91.9916,332.4,2,1.4,2004-03-28,0736,Aqua,MODIS,83,6.2,297.7,57.4,D,0
23.0059,91.9708,325.4,2,1.4,2004-03-28,0736,Aqua,MODIS,52,6.2,298.7,33.6,D,0
22.853,91.8862,321.2,2,1.4,2004-03-28,0736,Aqua,MODIS,67,6.2,297.9,24.9,D,0
22.783,92.2184,316,2.1,1.4,2004-03-28,0736,Aqua,MODIS,32,6.2,297.7,12.4,D,0
22.9252,92.0938,320,2,1.4,2004-03-28,0736,Aqua,MODIS,63,6.2,296.8,26.4,D,0
22.926,92.0883,317.1,2,1.4,2004-03-28,0736,Aqua,MODIS,22,6.2,296.6,18,D,0
23.0251,91.7951,319.2,2,1.4,2004-03-28,0736,Aqua,MODIS,52,6.2,299,20.7,D,0
23.0374,91.7935,319.6,2,1.4,2004-03-28,0736,Aqua,MODIS,59,6.2,298.4,21.2,D,0
23.1273,91.9122,324.5,2,1.4,2004-03-28,0736,Aqua,MODIS,73,6.2,297.6,34,D,0
23.1849,91.8664,328.3,2,1.4,2004-03-28,0736,Aqua,MODIS,78,6.2,295.1,44.4,D,0
23.1887,91.8586,328.2,2,1.4,2004-03-28,0736,Aqua,MODIS,78,6.2,297.7,43.8,D,0
23.0555,91.9655,329,2,1.4,2004-03-28,0736,Aqua,MODIS,74,6.2,299,45.1,D,0
23.2295,92.0109,318,2,1.4,2004-03-28,0736,Aqua,MODIS,58,6.2,299.5,18.6,D,0
23.5945,89.6374,329.7,1.4,1.2,2004-03-28,0736,Aqua,MODIS,78,6.2,308.6,19.7,D,0
23.3365,92.0541,330.4,2.1,1.4,2004-03-28,0736,Aqua,MODIS,80,6.2,301.1,54.5,D,0
23.3741,92.0493,319.5,2.1,1.4,2004-03-28,0736,Aqua,MODIS,28,6.2,297.2,18.9,D,0
23.3845,92.028,328.8,2.1,1.4,2004-03-28,0736,Aqua,MODIS,70,6.2,300.9,45.2,D,0
23.3658,92.0631,321.8,2.1,1.4,2004-03-28,0736,Aqua,MODIS,35,6.2,299.5,26.3,D,0
23.3869,92.0204,324.6,2.1,1.4,2004-03-28,0736,Aqua,MODIS,49,6.2,301.4,32.7,D,0
23.4076,92.0992,318.1,2.1,1.4,2004-03-28,0736,Aqua,MODIS,47,6.2,299.2,21,D,0
23.4055,92.079,332.8,2.1,1.4,2004-03-28,0736,Aqua,MODIS,83,6.2,300.1,65.6,D,0
23.4014,92.0386,325.3,2.1,1.4,2004-03-28,0736,Aqua,MODIS,51,6.2,299.7,34.9,D,0
23.4916,92.0427,334.4,2.1,1.4,2004-03-28,0736,Aqua,MODIS,84,6.2,299.3,77.6,D,0
23.5251,91.9983,319.2,2.1,1.4,2004-03-28,0736,Aqua,MODIS,35,6.2,298.8,24.6,D,0
23.5376,91.9967,337.5,2.1,1.4,2004-03-28,0736,Aqua,MODIS,87,6.2,296.5,89.6,D,0
23.5355,91.9767,319.1,2,1.4,2004-03-28,0736,Aqua,MODIS,47,6.2,296,22.7,D,0
23.5333,91.9559,326,2,1.4,2004-03-28,0736,Aqua,MODIS,75,6.2,298.9,40.9,D,0
23.536,91.9485,328.3,2,1.4,2004-03-28,0736,Aqua,MODIS,50,6.2,300.1,44.4,D,0
23.439,92.0341,327.1,2.1,1.4,2004-03-28,0736,Aqua,MODIS,68,6.2,300.8,43.3,D,0
23.4515,92.0326,364.2,2.1,1.4,2004-03-28,0736,Aqua,MODIS,100,6.2,301.5,252.4,D,0
23.4494,92.0126,349.5,2.1,1.4,2004-03-28,0736,Aqua,MODIS,94,6.2,299.6,142.4,D,0
23.454,92.0474,327.8,2.1,1.4,2004-03-28,0736,Aqua,MODIS,72,6.2,298.7,48.3,D,0
23.452,92.0271,357.1,2.1,1.4,2004-03-28,0736,Aqua,MODIS,98,6.2,301.6,197,D,0
23.4501,92.0072,328.4,2.1,1.4,2004-03-28,0736,Aqua,MODIS,63,6.2,298.5,42.3,D,0
23.4771,92.0241,319.6,2.1,1.4,2004-03-28,0736,Aqua,MODIS,52,6.2,298.7,25.7,D,0
24.1452,89.3847,328.5,1.4,1.2,2004-03-28,0736,Aqua,MODIS,70,6.2,306.1,23.7,D,0
24.1524,89.3562,328.9,1.4,1.2,2004-03-28,0736,Aqua,MODIS,60,6.2,305.5,23.9,D,0
24.1628,89.3548,321.5,1.4,1.2,2004-03-28,0736,Aqua,MODIS,40,6.2,304.2,12.5,D,0
22.7502,92.0215,319.3,2,1.4,2004-03-28,0736,Aqua,MODIS,33,6.2,298.2,22.6,D,0
22.7463,91.9835,322.3,2,1.4,2004-03-28,0736,Aqua,MODIS,61,6.2,297.2,31.9,D,0
22.8246,92.0134,315.2,2,1.4,2004-03-28,0736,Aqua,MODIS,31,6.2,294.1,16.3,D,0
22.9588,92.2881,319.6,2.1,1.4,2004-03-28,0736,Aqua,MODIS,51,6.2,298.2,22.9,D,0
22.9454,91.7927,321.2,1.9,1.4,2004-03-28,0736,Aqua,MODIS,68,6.2,298.6,26.8,D,0
23.0361,92.2721,318.2,2.1,1.4,2004-03-28,0736,Aqua,MODIS,38,6.2,299.2,21.5,D,0
23.093,92.3261,342,2.1,1.4,2004-03-28,0736,Aqua,MODIS,90,6.2,297.8,106,D,0
23.091,92.306,322.6,2.1,1.4,2004-03-28,0736,Aqua,MODIS,29,6.2,299.2,28.3,D,0
23.1185,92.3229,354.9,2.1,1.4,2004-03-28,0736,Aqua,MODIS,97,6.2,302.1,189,D,0
23.1175,92.3182,330.7,2.1,1.4,2004-03-28,0736,Aqua,MODIS,70,6.2,301,57.9,D,0
23.2544,92.2537,342.9,2.1,1.4,2004-03-28,0736,Aqua,MODIS,90,6.2,295.5,119.1,D,0
23.3838,92.2464,315.6,2.1,1.4,2004-03-28,0736,Aqua,MODIS,28,6.2,296.9,16.4,D,0
22.0872,92.2793,332.5,3.6,1.8,2004-03-29,0512,Terra,MODIS,85,6.2,291.3,167.1,D,0
23.6207,89.6578,327.4,2.1,1.4,2004-03-29,0512,Terra,MODIS,74,6.2,303.4,42.1,D,0
22.0946,92.2442,324.7,3.6,1.8,2004-03-29,0512,Terra,MODIS,78,6.2,291.8,104.7,D,0
23.3515,91.995,312.5,3.2,1.7,2004-03-29,0512,Terra,MODIS,47,6.2,291.4,34.1,D,0
23.6081,89.6549,324.7,2.1,1.4,2004-03-29,0512,Terra,MODIS,75,6.2,304.5,34.5,D,0
23.6084,89.6484,324.3,2.1,1.4,2004-03-29,0512,Terra,MODIS,32,6.2,303.7,29.7,D,0
22.0785,92.2708,319.1,3.6,1.8,2004-03-29,0513,Terra,MODIS,72,6.2,290.9,65.8,D,0
22.3157,92.4886,322.1,2.3,1.5,2004-03-29,0640,Aqua,MODIS,67,6.2,299.9,40.6,D,0
22.3256,92.5489,316.5,2.3,1.5,2004-03-29,0640,Aqua,MODIS,41,6.2,298.9,21.8,D,0
21.7031,92.4044,326.7,2.4,1.5,2004-03-29,0640,Aqua,MODIS,74,6.2,297.4,64.6,D,0
22.6852,92.2815,314.4,2.4,1.5,2004-03-29,0640,Aqua,MODIS,0,6.2,296.6,15.9,D,0
21.9977,92.2714,317.8,2.5,1.5,2004-03-29,0640,Aqua,MODIS,56,6.2,297.3,28.1,D,0
21.4091,92.588,365.3,2.4,1.5,2004-03-29,0640,Aqua,MODIS,100,6.2,298.6,336.9,D,0
22.0621,92.5415,322.9,2.3,1.5,2004-03-29,0640,Aqua,MODIS,62,6.2,298.6,42.2,D,0
22.0025,92.2969,333.4,2.4,1.5,2004-03-29,0640,Aqua,MODIS,83,6.2,297.6,93.7,D,0
22.0232,92.5511,329.9,2.3,1.5,2004-03-29,0640,Aqua,MODIS,74,6.2,295.7,69.8,D,0
21.8563,92.3099,326,2.5,1.5,2004-03-29,0640,Aqua,MODIS,74,6.2,296.5,61,D,0
21.7909,92.3038,327.9,2.5,1.5,2004-03-29,0640,Aqua,MODIS,76,6.2,296.5,70.5,D,0
22.0008,92.3139,330.1,2.4,1.5,2004-03-29,0640,Aqua,MODIS,79,6.2,297.6,76.7,D,0
22.4484,92.2834,323.9,2.4,1.5,2004-03-29,0640,Aqua,MODIS,72,6.2,297.5,49.6,D,0
22.0063,92.317,326.7,2.4,1.5,2004-03-29,0640,Aqua,MODIS,75,6.2,297,61.1,D,0
21.9969,92.2937,330.4,2.4,1.5,2004-03-29,0640,Aqua,MODIS,80,6.2,297.9,78.6,D,0
21.4093,92.6052,356.6,2.4,1.5,2004-03-29,0640,Aqua,MODIS,98,6.2,297.7,247.6,D,0
21.4048,92.5821,338,2.4,1.5,2004-03-29,0640,Aqua,MODIS,86,6.2,297.5,117.8,D,0
22.9697,92.121,328,2.4,1.5,2004-03-29,0640,Aqua,MODIS,75,6.2,289.1,67.6,D,0
21.9442,92.3539,324.3,2.4,1.5,2004-03-29,0640,Aqua,MODIS,72,6.2,298.5,53,D,0
23.0052,92.3003,322.3,2.3,1.5,2004-03-29,0640,Aqua,MODIS,73,6.2,294.1,39.9,D,0
22.0893,92.2696,317.3,2.4,1.5,2004-03-29,0640,Aqua,MODIS,52,6.2,297.1,29.1,D,0
22.3087,92.4622,318.6,2.3,1.5,2004-03-29,0640,Aqua,MODIS,58,6.2,299,27.6,D,0
22.133,92.4421,319.9,2.4,1.5,2004-03-29,0640,Aqua,MODIS,61,6.2,298.4,34.4,D,0
22.4442,92.2777,320.3,2.4,1.5,2004-03-29,0640,Aqua,MODIS,66,6.2,297.5,34.2,D,0
22.3118,92.4678,325.6,2.3,1.5,2004-03-29,0640,Aqua,MODIS,73,6.2,298.9,53.4,D,0
22.2371,92.5597,328,2.3,1.5,2004-03-29,0640,Aqua,MODIS,76,6.2,298.3,58.9,D,0
21.7982,92.2972,329.2,2.5,1.5,2004-03-29,0640,Aqua,MODIS,78,6.2,295.1,76,D,0
21.8043,92.3009,329.1,2.5,1.5,2004-03-29,0640,Aqua,MODIS,78,6.2,295.5,76.1,D,0
22.0845,92.2648,318.7,2.4,1.5,2004-03-29,0640,Aqua,MODIS,59,6.2,297.6,34.2,D,0
22.7495,91.9222,317.9,2.5,1.5,2004-03-29,0640,Aqua,MODIS,63,6.2,292.4,36.2,D,0
22.6457,92.2896,316.6,2.4,1.5,2004-03-29,0640,Aqua,MODIS,54,6.2,296.2,21.9,D,0
21.8394,92.4865,326.5,2.4,1.5,2004-03-29,0640,Aqua,MODIS,74,6.2,298.8,59,D,0
21.8348,92.4828,329,2.4,1.5,2004-03-29,0640,Aqua,MODIS,78,6.2,298.8,68.3,D,0
22.553,92.1519,335,2.4,1.5,2004-03-29,0640,Aqua,MODIS,74,6.2,296.2,103.9,D,0
22.5661,92.413,315.4,2.3,1.5,2004-03-29,0640,Aqua,MODIS,40,6.2,298.3,16.3,D,0
21.8371,92.0648,316.2,2.6,1.5,2004-03-29,0640,Aqua,MODIS,48,6.2,297.3,28,D,0
21.7082,92.4308,322.6,2.4,1.5,2004-03-29,0640,Aqua,MODIS,66,6.2,296.8,46.8,D,0
22.2027,92.521,316.5,2.3,1.5,2004-03-29,0640,Aqua,MODIS,25,6.2,298.3,24.1,D,0
22.8519,92.3254,313.2,2.3,1.5,2004-03-29,0640,Aqua,MODIS,27,6.2,293.6,12.2,D,0
22.4488,92.3009,317.9,2.4,1.5,2004-03-29,0640,Aqua,MODIS,41,6.2,297.9,25.9,D,0
22.9563,92.107,330.4,2.4,1.5,2004-03-29,0640,Aqua,MODIS,82,6.2,292.3,78.6,D,0
22.3433,92.2875,317.4,2.4,1.5,2004-03-29,0640,Aqua,MODIS,54,6.2,297.6,24.8,D,0
22.1067,92.5064,316.4,2.3,1.5,2004-03-29,0640,Aqua,MODIS,28,6.2,297.9,23,D,0
23.1182,92.1283,312.7,2.4,1.5,2004-03-29,0640,Aqua,MODIS,45,6.2,291.4,17.6,D,0
22.7809,92.37,322,2.3,1.5,2004-03-29,0640,Aqua,MODIS,71,6.2,296.5,38.7,D,0
22.8458,92.3549,324.9,2.3,1.5,2004-03-29,0640,Aqua,MODIS,34,6.2,297.9,42.2,D,0
23.1227,92.151,317.6,2.4,1.5,2004-03-29,0640,Aqua,MODIS,66,6.2,292,30.6,D,0
22.8419,92.3341,375.1,2.3,1.5,2004-03-29,0640,Aqua,MODIS,100,6.2,299.6,426.2,D,0
22.6831,92.4738,319.5,2.3,1.5,2004-03-29,0640,Aqua,MODIS,53,6.2,296.6,23.8,D,0
22.8259,92.3317,325.3,2.3,1.5,2004-03-29,0640,Aqua,MODIS,38,6.2,297.8,43.8,D,0
21.5716,92.5413,318.7,2.4,1.5,2004-03-29,0640,Aqua,MODIS,46,6.2,296.7,33.6,D,0
21.7962,92.4038,329.4,2.4,1.5,2004-03-29,0640,Aqua,MODIS,78,6.2,298.3,72.6,D,0
21.7998,92.4228,319.1,2.4,1.5,2004-03-29,0640,Aqua,MODIS,55,6.2,298.9,28.9,D,0
21.8871,92.4697,317.7,2.4,1.5,2004-03-29,0640,Aqua,MODIS,49,6.2,298.8,28.1,D,0
23.0083,92.307,321.4,2.3,1.5,2004-03-29,0640,Aqua,MODIS,71,6.2,294.1,39.7,D,0
22.2241,92.5626,333.1,2.3,1.5,2004-03-29,0640,Aqua,MODIS,82,6.2,298,80.7,D,0
22.2201,92.5414,327.8,2.3,1.5,2004-03-29,0640,Aqua,MODIS,76,6.2,297.7,59.5,D,0
22.8429,92.349,351.9,2.3,1.5,2004-03-29,0640,Aqua,MODIS,96,6.2,298.6,194.7,D,0
22.8388,92.3284,361.7,2.3,1.5,2004-03-29,0640,Aqua,MODIS,100,6.2,299.3,279.9,D,0
22.3127,92.4829,328.3,2.3,1.5,2004-03-29,0640,Aqua,MODIS,77,6.2,300.4,63.2,D,0
22.2337,92.5561,330.5,2.3,1.5,2004-03-29,0640,Aqua,MODIS,79,6.2,298.5,70.4,D,0
22.2208,92.5592,330.7,2.3,1.5,2004-03-29,0640,Aqua,MODIS,80,6.2,298,69.3,D,0
22.6495,92.2957,316.1,2.4,1.5,2004-03-29,0640,Aqua,MODIS,50,6.2,296.4,19.9,D,0
21.8107,92.147,318,2.5,1.5,2004-03-29,0640,Aqua,MODIS,57,6.2,297.7,28.5,D,0
21.892,92.3509,327.8,2.4,1.5,2004-03-29,0640,Aqua,MODIS,77,6.2,298.3,66,D,0
21.9004,92.3426,320.8,2.4,1.5,2004-03-29,0640,Aqua,MODIS,65,6.2,298.8,37.8,D,0
21.4225,92.6024,344.5,2.4,1.5,2004-03-29,0640,Aqua,MODIS,91,6.2,297.2,158,D,0
21.418,92.5792,331,2.4,1.5,2004-03-29,0640,Aqua,MODIS,79,6.2,297,85.9,D,0
21.396,92.5913,321.3,2.4,1.5,2004-03-29,0640,Aqua,MODIS,61,6.2,297.3,45.4,D,0
23.568,92.2581,334.7,2.3,1.5,2004-03-29,0641,Aqua,MODIS,86,6.2,294.5,90.7,D,0
23.6132,92.2181,338.7,2.3,1.5,2004-03-29,0641,Aqua,MODIS,89,6.2,296,117.2,D,0
23.6526,91.946,363.9,2.4,1.5,2004-03-29,0641,Aqua,MODIS,100,6.2,297.1,311.3,D,0
23.6569,91.9682,343.5,2.4,1.5,2004-03-29,0641,Aqua,MODIS,88,6.2,295.3,141.8,D,0
23.6789,91.9399,355,2.4,1.5,2004-03-29,0641,Aqua,MODIS,97,6.2,293.6,225.7,D,0
24.1819,89.2204,322.2,3.6,1.8,2004-03-29,0641,Aqua,MODIS,64,6.2,302.1,63.7,D,0
23.4905,92.0657,313.7,2.4,1.5,2004-03-29,0641,Aqua,MODIS,55,6.2,292.6,26.1,D,0
23.4852,92.236,333.3,2.3,1.5,2004-03-29,0641,Aqua,MODIS,85,6.2,294.8,87.9,D,0
23.2893,92.1945,319.7,2.3,1.5,2004-03-29,0641,Aqua,MODIS,63,6.2,296.2,34.2,D,0
24.1902,89.2146,319.9,3.6,1.8,2004-03-29,0641,Aqua,MODIS,58,6.2,301.3,49,D,0
23.6701,91.9653,327,2.4,1.5,2004-03-29,0641,Aqua,MODIS,27,6.2,295,52.9,D,0
23.6832,91.9623,332.6,2.4,1.5,2004-03-29,0641,Aqua,MODIS,68,6.2,294.6,79.2,D,0
23.6794,91.9565,334.3,2.4,1.5,2004-03-29,0641,Aqua,MODIS,68,6.2,293.9,84.4,D,0
23.6186,89.6519,325.4,3.5,1.8,2004-03-29,0641,Aqua,MODIS,77,6.2,301.3,71.6,D,0
23.3093,91.8241,313.1,2.5,1.5,2004-03-29,0641,Aqua,MODIS,47,6.2,290.1,22.2,D,0
23.2959,91.827,362.4,2.5,1.5,2004-03-29,0641,Aqua,MODIS,100,6.2,294.7,323.5,D,0
23.3007,91.8506,361.7,2.5,1.5,2004-03-29,0641,Aqua,MODIS,100,6.2,291.5,313.8,D,0
23.64,92.0908,337.4,2.3,1.5,2004-03-29,0641,Aqua,MODIS,88,6.2,293.1,116.3,D,0
23.2019,92.2194,321.8,2.3,1.5,2004-03-29,0641,Aqua,MODIS,56,6.2,293.6,36.2,D,0
23.6437,92.0945,326.4,2.3,1.5,2004-03-29,0641,Aqua,MODIS,78,6.2,292.3,63.8,D,0
23.3017,91.833,379.6,2.5,1.5,2004-03-29,0641,Aqua,MODIS,100,6.2,294.6,543.3,D,0
23.2884,91.8361,314.6,2.5,1.5,2004-03-29,0641,Aqua,MODIS,50,6.2,292.5,24.7,D,0
23.4821,92.2319,320.4,2.3,1.5,2004-03-29,0641,Aqua,MODIS,67,6.2,294.4,39.8,D,0
23.2938,92.2176,321.9,2.3,1.5,2004-03-29,0641,Aqua,MODIS,74,6.2,293.9,44.3,D,0
23.6749,91.9342,351.1,2.4,1.5,2004-03-29,0641,Aqua,MODIS,96,6.2,294.2,190.7,D,0
23.3197,92.0702,326.2,2.4,1.5,2004-03-29,0641,Aqua,MODIS,79,6.2,294.6,61.3,D,0
23.3243,92.0936,342.7,2.4,1.5,2004-03-29,0641,Aqua,MODIS,91,6.2,295.8,145.8,D,0
23.2935,92.1466,319.4,2.3,1.5,2004-03-29,0641,Aqua,MODIS,70,6.2,295.3,34,D,0
23.495,92.2286,324.8,2.3,1.5,2004-03-29,0641,Aqua,MODIS,77,6.2,294.1,56,D,0
23.6658,91.9429,345.4,2.4,1.5,2004-03-29,0641,Aqua,MODIS,93,6.2,295.3,150.6,D,0
23.3591,92.0612,318,2.4,1.5,2004-03-29,0641,Aqua,MODIS,51,6.2,294.3,30,D,0
23.3371,91.9639,311.4,2.4,1.5,2004-03-29,0641,Aqua,MODIS,37,6.2,290.8,15.1,D,0
23.4162,92.0876,322.1,2.4,1.5,2004-03-29,0641,Aqua,MODIS,72,6.2,294.5,47.6,D,0
23.6178,92.242,322.5,2.3,1.5,2004-03-29,0641,Aqua,MODIS,63,6.2,294.8,43.1,D,0
22.071,92.3756,306.7,1,1,2004-03-29,1608,Terra,MODIS,69,6.2,289.3,7.5,N,0
22.4464,92.2928,304.9,1,1,2004-03-29,1608,Terra,MODIS,62,6.2,291.1,5.3,N,0
22.4363,92.2906,318.5,1,1,2004-03-29,1608,Terra,MODIS,97,6.2,292.1,15.2,N,0
22.8585,91.8876,305.8,1,1,2004-03-29,1608,Terra,MODIS,66,6.2,293.8,5.4,N,0
23.0714,92.2907,304.6,1,1,2004-03-29,1608,Terra,MODIS,61,6.2,294.6,4.5,N,0
22.0724,92.3852,300.7,1,1,2004-03-29,1608,Terra,MODIS,17,6.2,288.4,3.9,N,0
22.15,92.2191,303.2,1,1,2004-03-29,1608,Terra,MODIS,50,6.2,291.1,3.8,N,0
22.1411,92.2206,306.7,1,1,2004-03-29,1608,Terra,MODIS,69,6.2,291.9,6,N,0
21.8746,92.0911,307.5,1,1,2004-03-29,1608,Terra,MODIS,72,6.2,293.3,6.8,N,0
22.8355,92.3124,305.3,1,1,2004-03-29,1608,Terra,MODIS,64,6.2,294.7,4.7,N,0
22.0799,92.4795,314.9,1.4,1.2,2004-03-30,0417,Terra,MODIS,62,6.2,283.7,16.1,D,0
22.0903,92.4808,312,1.4,1.2,2004-03-30,0417,Terra,MODIS,36,6.2,284.6,12.1,D,0
22.092,92.4675,331.1,1.4,1.2,2004-03-30,0417,Terra,MODIS,84,6.2,285.4,42.7,D,0
21.8056,92.1676,333.9,1.2,1.1,2004-03-30,0723,Aqua,MODIS,86,6.2,299.2,31.4,D,0
21.862,92.1352,326.3,1.2,1.1,2004-03-30,0723,Aqua,MODIS,80,6.2,299.7,17.2,D,0
21.8644,92.1404,323.9,1.2,1.1,2004-03-30,0723,Aqua,MODIS,77,6.2,299.5,14.9,D,0
21.9954,92.5414,351.4,1.3,1.1,2004-03-30,0723,Aqua,MODIS,91,6.2,290.3,85.4,D,0
21.9852,92.5424,318.3,1.3,1.1,2004-03-30,0723,Aqua,MODIS,35,6.2,290.9,12.7,D,0
21.9862,92.3121,349.4,1.3,1.1,2004-03-30,0723,Aqua,MODIS,95,6.2,296.4,73.6,D,0
21.9037,92.3804,331,1.3,1.1,2004-03-30,0723,Aqua,MODIS,54,6.2,291.8,22.6,D,0
21.9963,92.3107,326,1.3,1.1,2004-03-30,0723,Aqua,MODIS,72,6.2,294.5,21.7,D,0
21.9283,92.4142,328.8,1.3,1.1,2004-03-30,0723,Aqua,MODIS,69,6.2,290.7,21,D,0
21.6725,92.4072,352.2,1.3,1.1,2004-03-30,0723,Aqua,MODIS,73,6.2,279.1,86.5,D,0
22.3773,92.4337,349.4,1.3,1.1,2004-03-30,0723,Aqua,MODIS,95,6.2,285.4,80.6,D,0
22.7336,92.0191,315.9,1.2,1.1,2004-03-30,0723,Aqua,MODIS,65,6.2,297.7,8,D,0
23.3743,91.846,331.3,1.2,1.1,2004-03-30,0723,Aqua,MODIS,40,6.2,275.2,34.6,D,0
22.6698,91.9928,315,1.2,1.1,2004-03-30,0723,Aqua,MODIS,37,6.2,292.6,9.8,D,0
22.6689,91.9861,318.3,1.2,1.1,2004-03-30,0723,Aqua,MODIS,69,6.2,292.1,13.8,D,0
22.0364,92.5566,325,1.3,1.1,2004-03-30,0723,Aqua,MODIS,80,6.2,294.5,22.2,D,0
22.0637,92.5264,373.5,1.3,1.1,2004-03-30,0723,Aqua,MODIS,100,6.2,295.5,176.7,D,0
22.0872,92.5495,348.8,1.3,1.1,2004-03-30,0723,Aqua,MODIS,95,6.2,299.5,71.6,D,0
21.9444,92.4618,330.6,1.3,1.1,2004-03-30,0723,Aqua,MODIS,64,6.2,289.9,29.9,D,0
21.8152,92.4119,331,1.3,1.1,2004-03-30,0723,Aqua,MODIS,84,6.2,283.3,35.1,D,0
21.9065,92.4864,338.7,1.3,1.1,2004-03-30,0723,Aqua,MODIS,81,6.2,291.3,46.5,D,0
21.6554,92.1895,324.6,1.2,1.1,2004-03-30,0723,Aqua,MODIS,57,6.2,290.1,19.4,D,0
22.2798,92.1285,323,1.3,1.1,2004-03-30,0723,Aqua,MODIS,72,6.2,284.4,20.5,D,0
21.8978,92.4997,325.9,1.3,1.1,2004-03-30,0723,Aqua,MODIS,47,6.2,289.9,24.3,D,0
22.2813,92.1406,327.1,1.3,1.1,2004-03-30,0723,Aqua,MODIS,80,6.2,288.5,28.1,D,0
21.9019,92.4497,330.1,1.3,1.1,2004-03-30,0723,Aqua,MODIS,67,6.2,285.5,25,D,0
21.9069,92.4919,347,1.3,1.1,2004-03-30,0723,Aqua,MODIS,94,6.2,293.4,70.2,D,0
21.9093,92.5092,339.7,1.3,1.1,2004-03-30,0723,Aqua,MODIS,90,6.2,289,53.2,D,0
22.7398,92.0686,315.8,1.3,1.1,2004-03-30,0723,Aqua,MODIS,59,6.2,296.3,9.1,D,0
21.9439,92.3744,334.6,1.3,1.1,2004-03-30,0723,Aqua,MODIS,71,6.2,293.2,31.9,D,0
21.9454,92.3866,364.5,1.3,1.1,2004-03-30,0723,Aqua,MODIS,100,6.2,292.2,123.9,D,0
21.9353,92.3882,354.7,1.3,1.1,2004-03-30,0723,Aqua,MODIS,97,6.2,292.2,85.4,D,0
22.1843,92.5039,387.8,1.3,1.1,2004-03-30,0723,Aqua,MODIS,94,6.2,297,261.9,D,0
22.183,92.5115,402.8,1.3,1.1,2004-03-30,0723,Aqua,MODIS,94,6.2,302,387.2,D,0
22.2237,92.5061,336.5,1.3,1.1,2004-03-30,0723,Aqua,MODIS,89,6.2,296.2,42.6,D,0
22.2221,92.4931,320.1,1.3,1.1,2004-03-30,0723,Aqua,MODIS,34,6.2,294.2,13.1,D,0
21.9223,92.365,324.7,1.3,1.1,2004-03-30,0723,Aqua,MODIS,71,6.2,294.1,16,D,0
21.9079,92.4978,372.4,1.3,1.1,2004-03-30,0723,Aqua,MODIS,100,6.2,293.7,170.1,D,0
21.9082,92.5032,356,1.3,1.1,2004-03-30,0723,Aqua,MODIS,98,6.2,292.1,102,D,0
21.5446,92.5229,359.1,1.3,1.1,2004-03-30,0723,Aqua,MODIS,99,6.2,289,113.4,D,0
21.5454,92.5287,336.4,1.3,1.1,2004-03-30,0723,Aqua,MODIS,88,6.2,287.6,46.1,D,0
21.9025,92.4554,327.8,1.3,1.1,2004-03-30,0723,Aqua,MODIS,70,6.2,286.4,20.2,D,0
21.7263,92.4272,333.5,1.3,1.1,2004-03-30,0723,Aqua,MODIS,86,6.2,275.5,43.6,D,0
21.6739,92.4189,351.7,1.3,1.1,2004-03-30,0723,Aqua,MODIS,96,6.2,279.8,86.9,D,0
22.3672,92.4353,328.3,1.3,1.1,2004-03-30,0723,Aqua,MODIS,81,6.2,285.2,30.1,D,0
22.3686,92.4477,318.5,1.3,1.1,2004-03-30,0723,Aqua,MODIS,37,6.2,272.2,13.4,D,0
22.3481,92.431,318.2,1.3,1.1,2004-03-30,0723,Aqua,MODIS,70,6.2,279.9,17.9,D,0
21.6958,92.1771,325.3,1.2,1.1,2004-03-30,0723,Aqua,MODIS,26,6.2,292.7,17.7,D,0
22.8351,92.0109,316.9,1.3,1.1,2004-03-30,0723,Aqua,MODIS,60,6.2,298,9.4,D,0
22.8147,91.9284,318.2,1.2,1.1,2004-03-30,0723,Aqua,MODIS,53,6.2,293.1,9.9,D,0
22.7755,92.0195,342,1.3,1.1,2004-03-30,0723,Aqua,MODIS,91,6.2,297.6,52.4,D,0
21.9096,92.4293,328.3,1.3,1.1,2004-03-30,0723,Aqua,MODIS,56,6.2,290.8,18.8,D,0
21.9111,92.4413,343.6,1.3,1.1,2004-03-30,0723,Aqua,MODIS,87,6.2,289.2,55,D,0
21.8966,92.4064,377.8,1.3,1.1,2004-03-30,0723,Aqua,MODIS,100,6.2,299.7,187.8,D,0
21.8981,92.4186,333.7,1.3,1.1,2004-03-30,0723,Aqua,MODIS,81,6.2,291.8,28.2,D,0
21.8957,92.4007,374.6,1.3,1.1,2004-03-30,0723,Aqua,MODIS,100,6.2,298.1,169.2,D,0
21.8972,92.4129,373.9,1.3,1.1,2004-03-30,0723,Aqua,MODIS,100,6.2,295.8,165.4,D,0
21.8857,92.4022,348.1,1.3,1.1,2004-03-30,0723,Aqua,MODIS,94,6.2,296.1,63.5,D,0
21.8872,92.4144,353.8,1.3,1.1,2004-03-30,0723,Aqua,MODIS,97,6.2,295.5,81.2,D,0
21.8756,92.4036,332.6,1.3,1.1,2004-03-30,0723,Aqua,MODIS,74,6.2,295,29.3,D,0
21.8771,92.4156,346.9,1.3,1.1,2004-03-30,0723,Aqua,MODIS,94,6.2,294.2,63.4,D,0
21.8786,92.4279,342.7,1.3,1.1,2004-03-30,0723,Aqua,MODIS,92,6.2,293.4,53.3,D,0
21.8802,92.4402,347.1,1.3,1.1,2004-03-30,0723,Aqua,MODIS,94,6.2,291.6,66.9,D,0
21.8671,92.4172,330.9,1.3,1.1,2004-03-30,0723,Aqua,MODIS,78,6.2,292.7,28.7,D,0
22.1304,92.4853,339.4,1.3,1.1,2004-03-30,0723,Aqua,MODIS,90,6.2,297.1,48.9,D,0
21.8139,92.5551,330.6,1.3,1.1,2004-03-30,0723,Aqua,MODIS,82,6.2,283.8,34.2,D,0
22.1405,92.4843,388.6,1.3,1.1,2004-03-30,0723,Aqua,MODIS,100,6.2,299.7,267.4,D,0
22.139,92.4718,327.9,1.3,1.1,2004-03-30,0723,Aqua,MODIS,70,6.2,294.2,24.2,D,0
22.1656,92.5198,364.2,1.3,1.1,2004-03-30,0723,Aqua,MODIS,94,6.2,293.6,131.2,D,0
22.1758,92.5184,328.4,1.3,1.1,2004-03-30,0723,Aqua,MODIS,57,6.2,294.2,26,D,0
22.1859,92.5169,419.3,1.3,1.1,2004-03-30,0723,Aqua,MODIS,94,6.2,297.9,562.5,D,0
22.1845,92.5242,365,1.3,1.1,2004-03-30,0723,Aqua,MODIS,75,6.2,290.2,135.6,D,0
22.1492,92.4707,321.5,1.3,1.1,2004-03-30,0723,Aqua,MODIS,45,6.2,292.4,14.2,D,0
21.9183,92.5015,349.4,1.3,1.1,2004-03-30,0723,Aqua,MODIS,95,6.2,290.8,80.1,D,0
21.917,92.4903,331.7,1.3,1.1,2004-03-30,0723,Aqua,MODIS,66,6.2,289.1,33.3,D,0
21.6006,92.5604,315.5,1.3,1.1,2004-03-30,0723,Aqua,MODIS,33,6.2,281,11.7,D,0
21.5991,92.5483,323.2,1.3,1.1,2004-03-30,0723,Aqua,MODIS,71,6.2,285.4,22.8,D,0
21.6107,92.5591,319.5,1.3,1.1,2004-03-30,0723,Aqua,MODIS,69,6.2,280.7,17.5,D,0
21.6092,92.5469,321.4,1.3,1.1,2004-03-30,0723,Aqua,MODIS,72,6.2,284.2,20.7,D,0
22.1593,92.4689,327.6,1.3,1.1,2004-03-30,0723,Aqua,MODIS,76,6.2,295.2,24.9,D,0
22.1693,92.467,333.9,1.3,1.1,2004-03-30,0723,Aqua,MODIS,87,6.2,294,36.9,D,0
21.4975,92.5567,333.9,1.3,1.1,2004-03-30,0723,Aqua,MODIS,87,6.2,289.8,41.5,D,0
22.0778,92.4736,349.8,1.3,1.1,2004-03-30,0723,Aqua,MODIS,95,6.2,296.5,75.6,D,0
21.6453,92.4356,315.9,1.3,1.1,2004-03-30,0723,Aqua,MODIS,40,6.2,279.8,13.9,D,0
21.6467,92.4471,322.8,1.3,1.1,2004-03-30,0723,Aqua,MODIS,78,6.2,278.2,24.6,D,0
22.0864,92.4602,332,1.3,1.1,2004-03-30,0723,Aqua,MODIS,63,6.2,293.9,31,D,0
22.1554,92.5212,388.5,1.3,1.1,2004-03-30,0723,Aqua,MODIS,94,6.2,295.2,270.2,D,0
22.1537,92.5072,353.6,1.3,1.1,2004-03-30,0723,Aqua,MODIS,97,6.2,293.9,87.7,D,0
22.1639,92.5063,344.5,1.3,1.1,2004-03-30,0723,Aqua,MODIS,93,6.2,293.9,59.3,D,0
21.3203,92.1836,312.3,1.2,1.1,2004-03-30,0723,Aqua,MODIS,35,6.2,277.1,7.2,D,0
21.8034,92.3144,342.2,1.3,1.1,2004-03-30,0723,Aqua,MODIS,79,6.2,283.7,50.5,D,0
21.5439,92.5167,331.9,1.3,1.1,2004-03-30,0723,Aqua,MODIS,85,6.2,288.8,36.7,D,0
21.5432,92.5113,313.2,1.3,1.1,2004-03-30,0723,Aqua,MODIS,60,6.2,288.3,8,D,0
21.496,92.5443,328.7,1.3,1.1,2004-03-30,0723,Aqua,MODIS,83,6.2,290.5,31.7,D,0
21.4774,92.5597,332.8,1.3,1.1,2004-03-30,0723,Aqua,MODIS,86,6.2,292.2,37.9,D,0
21.4788,92.5719,361.5,1.3,1.1,2004-03-30,0723,Aqua,MODIS,100,6.2,292.3,122.5,D,0
21.4672,92.5609,355.3,1.3,1.1,2004-03-30,0723,Aqua,MODIS,98,6.2,292.4,98.7,D,0
21.4687,92.5734,392.1,1.3,1.1,2004-03-30,0723,Aqua,MODIS,100,6.2,295,296.7,D,0
21.4702,92.5858,315.1,1.3,1.1,2004-03-30,0723,Aqua,MODIS,38,6.2,284.7,10.1,D,0
22.762,91.8276,314.8,1.2,1.1,2004-03-30,0723,Aqua,MODIS,56,6.2,290.6,8.1,D,0
21.9878,92.3248,336.5,1.3,1.1,2004-03-30,0723,Aqua,MODIS,88,6.2,296.5,40.1,D,0
22.0027,92.5345,333.8,1.3,1.1,2004-03-30,0723,Aqua,MODIS,87,6.2,293,37.8,D,0
22.0056,92.5404,352.2,1.3,1.1,2004-03-30,0723,Aqua,MODIS,91,6.2,293.2,87.4,D,0
21.8156,92.1662,328.6,1.2,1.1,2004-03-30,0723,Aqua,MODIS,82,6.2,299.1,21,D,0
24.1999,89.3386,310.3,1,1,2004-03-30,0724,Aqua,MODIS,42,6.2,282.1,4.4,D,0
24.9075,89.5989,315.7,1,1,2004-03-30,0724,Aqua,MODIS,0,6.2,299.4,5.5,D,0
24.6962,90.0841,320.8,1.1,1,2004-03-30,0724,Aqua,MODIS,63,6.2,302.7,6.7,D,0
24.2175,89.1337,330.1,1,1,2004-03-30,0724,Aqua,MODIS,81,6.2,294.3,21,D,0
24.2207,89.2079,329.3,1.2,1.1,2004-03-31,0500,Terra,MODIS,77,6.2,309.3,20.6,D,0
23.4717,91.9987,321.9,1.9,1.3,2004-03-31,0500,Terra,MODIS,75,6.2,294.2,38.2,D,0
22.6924,91.9337,317.6,2,1.4,2004-03-31,0500,Terra,MODIS,71,6.2,293.4,27.7,D,0
24.1632,89.2399,331.6,1.2,1.1,2004-03-31,0500,Terra,MODIS,80,6.2,308.7,24.6,D,0
23.4684,92.0168,314.6,1.9,1.4,2004-03-31,0500,Terra,MODIS,64,6.2,290.9,22.1,D,0
24.2227,89.196,333.7,1.2,1.1,2004-03-31,0500,Terra,MODIS,82,6.2,310.5,28.8,D,0
23.2806,92.1231,333.3,2,1.4,2004-03-31,0500,Terra,MODIS,86,6.2,292.9,71.3,D,0
23.2855,92.1387,321.4,2,1.4,2004-03-31,0500,Terra,MODIS,59,6.2,290.3,34.6,D,0
22.6104,92.4924,322.9,3.8,1.8,2004-03-31,0628,Aqua,MODIS,29,6.2,291.1,111.7,D,0
23.6522,91.9626,311.8,4,1.9,2004-03-31,0628,Aqua,MODIS,58,6.2,288.4,51.7,D,0
23.4149,92.2732,310.8,3.8,1.8,2004-03-31,0628,Aqua,MODIS,54,6.2,292.2,38.2,D,0
23.3434,92.0612,309.3,4,1.9,2004-03-31,0628,Aqua,MODIS,39,6.2,290.1,30,D,0
23.3353,92.1813,308.4,3.9,1.8,2004-03-31,0628,Aqua,MODIS,24,6.2,289.7,24.2,D,0
23.0891,92.0624,310.4,1.2,1.1,2004-03-31,1556,Terra,MODIS,80,6.2,291.1,12.4,N,0
23.091,92.074,311.6,1.2,1.1,2004-03-31,1556,Terra,MODIS,83,6.2,291.4,13.1,N,0
21.9868,92.5336,301.5,1.2,1.1,2004-03-31,1556,Terra,MODIS,42,6.2,291.2,5.1,N,0
21.6224,92.5364,327.8,2.2,1.4,2004-04-01,0405,Terra,MODIS,76,6.2,292.5,64.7,D,0
24.3273,89.2827,325.6,1.1,1.1,2004-04-01,0711,Aqua,MODIS,75,6.2,302.2,15.6,D,0
24.254,89.1277,324.3,1.1,1.1,2004-04-01,0711,Aqua,MODIS,72,6.2,303.1,15,D,0
24.2463,89.1405,342.2,1.1,1.1,2004-04-01,0711,Aqua,MODIS,90,6.2,304.1,44.3,D,0
24.2558,89.1387,318.6,1.1,1.1,2004-04-01,0711,Aqua,MODIS,43,6.2,301.5,8.4,D,0
24.2445,89.1295,325.9,1.1,1.1,2004-04-01,0711,Aqua,MODIS,58,6.2,303.4,15.6,D,0
22.9967,89.6262,315.9,1.1,1.1,2004-04-01,0711,Aqua,MODIS,55,6.2,299.4,7.2,D,0
23.8847,89.2174,319.4,1.1,1.1,2004-04-01,0711,Aqua,MODIS,54,6.2,302,8.1,D,0
24.2353,89.1594,325.9,1.1,1.1,2004-04-01,0711,Aqua,MODIS,71,6.2,303,14.6,D,0
23.8864,89.2284,318.9,1.1,1.1,2004-04-01,0711,Aqua,MODIS,43,6.2,302.4,7.4,D,0
24.3263,89.2155,317.6,1.1,1.1,2004-04-01,0711,Aqua,MODIS,43,6.2,300.6,7.2,D,0
23.2042,89.4356,317.1,1.1,1.1,2004-04-01,0711,Aqua,MODIS,47,6.2,299.2,6.5,D,0
24.243,89.1465,328.1,1.1,1.1,2004-04-01,0711,Aqua,MODIS,61,6.2,303.3,16.5,D,0
24.2413,89.1355,329.2,1.1,1.1,2004-04-01,0711,Aqua,MODIS,78,6.2,302.9,18,D,0
24.2898,89.2899,323.8,1.1,1.1,2004-04-01,0711,Aqua,MODIS,46,6.2,302.1,13.6,D,0
21.8141,92.256,318.5,1.3,1.1,2004-04-02,0448,Terra,MODIS,68,6.2,293.5,14.5,D,0
21.8116,92.2613,321.6,1.3,1.1,2004-04-02,0448,Terra,MODIS,74,6.2,295.3,19.2,D,0
21.8718,92.2337,328.8,1.2,1.1,2004-04-03,0658,Aqua,MODIS,82,6.2,294.2,25.7,D,0
21.8519,92.4316,330.8,1.2,1.1,2004-04-03,0658,Aqua,MODIS,72,6.2,293.8,30.1,D,0
21.8615,92.4299,339.4,1.2,1.1,2004-04-03,0658,Aqua,MODIS,78,6.2,293.2,45.4,D,0
21.776,92.4764,326.1,1.2,1.1,2004-04-03,0658,Aqua,MODIS,77,6.2,295,17.3,D,0
21.7743,92.4652,353.4,1.2,1.1,2004-04-03,0658,Aqua,MODIS,97,6.2,294.6,75.4,D,0
21.8934,92.1816,322.6,1.2,1.1,2004-04-03,0658,Aqua,MODIS,76,6.2,300.8,13.2,D,0
21.6848,92.4176,322.8,1.2,1.1,2004-04-03,0658,Aqua,MODIS,34,6.2,289.9,15.5,D,0
21.7207,92.441,338.8,1.2,1.1,2004-04-03,0658,Aqua,MODIS,0,6.2,289,47.1,D,0
21.7609,92.444,319.8,1.2,1.1,2004-04-03,0658,Aqua,MODIS,41,6.2,295.1,11.6,D,0
22.007,92.3087,337.5,1.2,1.1,2004-04-03,0658,Aqua,MODIS,85,6.2,293.1,42.5,D,0
21.7792,92.3518,327.2,1.2,1.1,2004-04-03,0658,Aqua,MODIS,75,6.2,295.6,21.8,D,0
21.7735,92.3173,351.5,1.2,1.1,2004-04-03,0658,Aqua,MODIS,90,6.2,290.6,74.9,D,0
21.7891,92.2904,325.2,1.2,1.1,2004-04-03,0658,Aqua,MODIS,79,6.2,295.4,19.9,D,0
21.7751,92.408,324,1.2,1.1,2004-04-03,0658,Aqua,MODIS,71,6.2,293,17.6,D,0
21.7731,92.3959,328,1.2,1.1,2004-04-03,0658,Aqua,MODIS,70,6.2,292.7,24.5,D,0
21.7811,92.3637,345.2,1.2,1.1,2004-04-03,0658,Aqua,MODIS,93,6.2,294.6,57.6,D,0
21.8056,92.4523,327.5,1.2,1.1,2004-04-03,0658,Aqua,MODIS,38,6.2,299,21.7,D,0
21.8322,92.2467,318.2,1.2,1.1,2004-04-03,0658,Aqua,MODIS,56,6.2,290.9,11.3,D,0
21.8303,92.235,319,1.2,1.1,2004-04-03,0658,Aqua,MODIS,59,6.2,291.6,12,D,0
21.7132,92.3949,337.5,1.2,1.1,2004-04-03,0658,Aqua,MODIS,67,6.2,288.5,41.4,D,0
21.7326,92.3913,320.5,1.2,1.1,2004-04-03,0658,Aqua,MODIS,65,6.2,287.6,14.8,D,0
21.7989,92.2886,326.2,1.2,1.1,2004-04-03,0658,Aqua,MODIS,80,6.2,293.5,21.5,D,0
21.7307,92.3797,342.7,1.2,1.1,2004-04-03,0658,Aqua,MODIS,91,6.2,291.6,54.3,D,0
21.7675,92.3607,368.4,1.2,1.1,2004-04-03,0658,Aqua,MODIS,94,6.2,290,135.1,D,0
21.7627,92.4552,366,1.2,1.1,2004-04-03,0658,Aqua,MODIS,100,6.2,296.4,121.9,D,0
21.7646,92.4666,332.9,1.2,1.1,2004-04-03,0658,Aqua,MODIS,85,6.2,294.7,30,D,0
21.7403,92.3778,334.2,1.2,1.1,2004-04-03,0658,Aqua,MODIS,86,6.2,289,35.4,D,0
21.7773,92.3591,372.9,1.2,1.1,2004-04-03,0658,Aqua,MODIS,94,6.2,295.4,155.1,D,0
21.7699,92.3128,352,1.2,1.1,2004-04-03,0658,Aqua,MODIS,91,6.2,293.6,79.5,D,0
21.7716,92.3058,325.1,1.2,1.1,2004-04-03,0658,Aqua,MODIS,74,6.2,294.9,19.8,D,0
21.7664,92.4778,318.5,1.2,1.1,2004-04-03,0658,Aqua,MODIS,33,6.2,295.4,9.6,D,0
24.2148,89.1947,325.3,1.7,1.3,2004-04-03,0659,Aqua,MODIS,50,6.2,305.5,22.1,D,0
22.9302,92.1187,324.7,1.2,1.1,2004-04-03,0659,Aqua,MODIS,80,6.2,294.5,20,D,0
22.9605,92.1075,315.9,1.2,1.1,2004-04-03,0659,Aqua,MODIS,69,6.2,293.1,11.4,D,0
22.9302,91.8002,323.9,1.2,1.1,2004-04-03,0659,Aqua,MODIS,79,6.2,296.9,19.9,D,0
24.2231,89.1757,339,1.7,1.3,2004-04-03,0659,Aqua,MODIS,87,6.2,307.2,61.4,D,0
22.0952,92.2861,373.9,1.2,1.1,2004-04-03,0659,Aqua,MODIS,100,6.2,301.2,154.6,D,0
23.2153,92.2337,352.6,1.2,1.1,2004-04-03,0659,Aqua,MODIS,97,6.2,301.5,75.3,D,0
22.9586,92.0959,312.3,1.2,1.1,2004-04-03,0659,Aqua,MODIS,43,6.2,296.1,7.4,D,0
22.082,92.266,323,1.2,1.1,2004-04-03,0659,Aqua,MODIS,63,6.2,300.5,14.8,D,0
24.2345,89.1732,332.7,1.7,1.3,2004-04-03,0659,Aqua,MODIS,60,6.2,303.6,38.6,D,0
22.1012,92.2615,343,1.2,1.1,2004-04-03,0659,Aqua,MODIS,89,6.2,303.3,49,D,0
22.0995,92.2509,343,1.2,1.1,2004-04-03,0659,Aqua,MODIS,91,6.2,302.4,50.2,D,0
23.2702,92.1812,318,1.2,1.1,2004-04-03,0659,Aqua,MODIS,71,6.2,298.6,10,D,0
23.2438,92.14,315,1.2,1.1,2004-04-03,0659,Aqua,MODIS,55,6.2,298.4,5.9,D,0
22.1049,92.2842,397.5,1.2,1.1,2004-04-03,0659,Aqua,MODIS,87,6.2,298.1,295.9,D,0
22.2242,92.2494,318.7,1.2,1.1,2004-04-03,0659,Aqua,MODIS,57,6.2,300.6,10,D,0
23.269,91.8563,317.4,1.2,1.1,2004-04-03,0659,Aqua,MODIS,69,6.2,299.2,8.2,D,0
22.2261,92.2608,318.7,1.2,1.1,2004-04-03,0659,Aqua,MODIS,49,6.2,299.4,11,D,0
22.223,92.255,330.3,1.2,1.1,2004-04-03,0659,Aqua,MODIS,82,6.2,301,24.9,D,0
23.3488,91.8528,318,1.2,1.1,2004-04-03,0659,Aqua,MODIS,64,6.2,292.3,12,D,0
23.3434,92.1268,321.6,1.2,1.1,2004-04-03,0659,Aqua,MODIS,53,6.2,298.6,13.4,D,0
23.271,91.8679,327.3,1.2,1.1,2004-04-03,0659,Aqua,MODIS,81,6.2,298.8,21.8,D,0
23.2135,92.2223,342.3,1.2,1.1,2004-04-03,0659,Aqua,MODIS,92,6.2,300.7,48.7,D,0
23.2685,91.8618,327.6,1.2,1.1,2004-04-03,0659,Aqua,MODIS,82,6.2,299.1,22.9,D,0
23.2704,91.8734,317.4,1.2,1.1,2004-04-03,0659,Aqua,MODIS,70,6.2,298.5,8.5,D,0
22.9205,92.1206,344,1.2,1.1,2004-04-03,0659,Aqua,MODIS,93,6.2,296.7,56.2,D,0
22.103,92.2727,341.8,1.2,1.1,2004-04-03,0659,Aqua,MODIS,41,6.2,303.4,43.9,D,0
22.7077,91.9465,314.5,1.2,1.1,2004-04-03,0659,Aqua,MODIS,29,6.2,294.5,9.5,D,0
22.6975,92.0693,314.3,1.2,1.1,2004-04-03,0659,Aqua,MODIS,48,6.2,297.5,7.9,D,0
23.2057,92.2354,341.8,1.2,1.1,2004-04-03,0659,Aqua,MODIS,91,6.2,300.2,47.7,D,0
23.2039,92.2241,352.6,1.2,1.1,2004-04-03,0659,Aqua,MODIS,97,6.2,300.9,74.4,D,0
22.5804,92.3036,319.6,1.2,1.1,2004-04-03,0659,Aqua,MODIS,70,6.2,294,15.4,D,0
21.7063,92.5604,320.8,2.8,1.6,2004-04-04,0741,Aqua,MODIS,60,6.2,291.3,45.8,D,0
21.6751,92.3795,342.6,2.7,1.6,2004-04-04,0741,Aqua,MODIS,85,6.2,292.3,162.3,D,0
21.661,92.3811,337.9,2.7,1.6,2004-04-04,0741,Aqua,MODIS,82,6.2,294,129.7,D,0
21.6696,92.3875,351.9,2.7,1.6,2004-04-04,0741,Aqua,MODIS,83,6.2,292.4,240.8,D,0
21.6587,92.3561,332.7,2.7,1.6,2004-04-04,0741,Aqua,MODIS,82,6.2,295.6,92.9,D,0
21.6728,92.3546,342.8,2.7,1.6,2004-04-04,0741,Aqua,MODIS,90,6.2,296.1,159.4,D,0
21.7911,92.361,316.5,2.7,1.6,2004-04-04,0741,Aqua,MODIS,38,6.2,290.6,32.2,D,0
21.4993,92.2841,317.7,2.6,1.6,2004-04-04,0741,Aqua,MODIS,37,6.2,295.6,32,D,0
21.493,92.2921,326.4,2.6,1.6,2004-04-04,0741,Aqua,MODIS,75,6.2,295.2,69.1,D,0
21.493,92.5768,364.5,2.8,1.6,2004-04-04,0741,Aqua,MODIS,100,6.2,297.7,399,D,0
21.5357,92.572,319.5,2.8,1.6,2004-04-04,0741,Aqua,MODIS,47,6.2,296.5,40.4,D,0
21.4975,92.5687,317.3,2.8,1.6,2004-04-04,0741,Aqua,MODIS,42,6.2,296.7,33,D,0
21.5403,92.5648,327.5,2.8,1.6,2004-04-04,0741,Aqua,MODIS,77,6.2,297,76.6,D,0
21.5331,92.5462,318.9,2.7,1.6,2004-04-04,0741,Aqua,MODIS,50,6.2,295.7,36.8,D,0
21.6531,92.364,328.7,2.7,1.6,2004-04-04,0741,Aqua,MODIS,78,6.2,295,73.9,D,0
21.7109,92.513,326.5,2.7,1.6,2004-04-04,0741,Aqua,MODIS,67,6.2,293.4,65.6,D,0
21.7038,92.5341,337.4,2.8,1.6,2004-04-04,0741,Aqua,MODIS,86,6.2,294.3,134.7,D,0
21.5802,92.5318,319.7,2.7,1.6,2004-04-04,0741,Aqua,MODIS,38,6.2,295.5,37.5,D,0
21.5688,92.5619,328.6,2.8,1.6,2004-04-04,0741,Aqua,MODIS,52,6.2,297.1,77.6,D,0
21.4954,92.3164,323.1,2.6,1.6,2004-04-04,0741,Aqua,MODIS,70,6.2,293.3,55.1,D,0
21.5016,92.3083,328.6,2.6,1.6,2004-04-04,0741,Aqua,MODIS,78,6.2,294.7,79.7,D,0
21.6671,92.3625,355.5,2.7,1.6,2004-04-04,0741,Aqua,MODIS,97,6.2,297.2,270.8,D,0
21.6646,92.3377,334.9,2.7,1.6,2004-04-04,0741,Aqua,MODIS,84,6.2,295.1,103.7,D,0
22.0151,92.3002,314.2,4.6,2,2004-04-05,0518,Terra,MODIS,64,6.2,287.3,71.3,D,0
22.0148,92.3079,314,4.6,2,2004-04-05,0518,Terra,MODIS,64,6.2,286.7,70.8,D,0
21.714,92.529,338.9,1.8,1.3,2004-04-05,0646,Aqua,MODIS,88,6.2,299.6,79.8,D,0
21.7259,92.5269,364.5,1.8,1.3,2004-04-05,0646,Aqua,MODIS,100,6.2,295.1,223.5,D,0
21.7048,92.4783,323.7,1.9,1.3,2004-04-05,0646,Aqua,MODIS,58,6.2,295.2,29.1,D,0
21.7172,92.5465,331.5,1.8,1.3,2004-04-05,0646,Aqua,MODIS,69,6.2,297.4,54.4,D,0
21.7367,92.4511,329.7,1.9,1.3,2004-04-05,0646,Aqua,MODIS,80,6.2,296.3,48.3,D,0
21.5143,92.5831,351.8,1.8,1.3,2004-04-05,0646,Aqua,MODIS,96,6.2,296.4,144.6,D,0
21.6194,92.5203,331.1,1.9,1.3,2004-04-05,0646,Aqua,MODIS,80,6.2,296.9,52.2,D,0
21.6075,92.5224,324.7,1.9,1.3,2004-04-05,0646,Aqua,MODIS,73,6.2,295.5,35.4,D,0
21.5643,92.5216,326.5,1.9,1.3,2004-04-05,0646,Aqua,MODIS,76,6.2,294.3,43.2,D,0
21.6388,92.4236,341.7,1.9,1.3,2004-04-05,0646,Aqua,MODIS,90,6.2,291.6,91.7,D,0
21.8753,92.4649,336,1.9,1.3,2004-04-05,0646,Aqua,MODIS,86,6.2,293.6,73.7,D,0
21.8485,92.4524,362.3,1.9,1.3,2004-04-05,0646,Aqua,MODIS,94,6.2,290.3,200.9,D,0
22.1314,92.2819,325.9,1.9,1.3,2004-04-05,0646,Aqua,MODIS,73,6.2,295.1,36.3,D,0
22.1281,92.2638,325.4,1.9,1.3,2004-04-05,0646,Aqua,MODIS,61,6.2,297.1,35.2,D,0
22.1433,92.2795,314.2,1.9,1.3,2004-04-05,0646,Aqua,MODIS,43,6.2,294.6,11.9,D,0
22.14,92.2614,316.6,1.9,1.3,2004-04-05,0646,Aqua,MODIS,54,6.2,295.5,16.9,D,0
21.8401,92.4728,346.6,1.9,1.3,2004-04-05,0646,Aqua,MODIS,88,6.2,297.3,111.1,D,0
21.8434,92.4908,332.9,1.8,1.3,2004-04-05,0646,Aqua,MODIS,76,6.2,296.6,60.7,D,0
21.3594,92.1113,354.2,2,1.4,2004-04-05,0646,Aqua,MODIS,97,6.2,292.6,174.5,D,0
21.3716,92.1087,359.5,2,1.4,2004-04-05,0646,Aqua,MODIS,99,6.2,292.5,212.4,D,0
21.8427,92.4609,368.7,1.9,1.3,2004-04-05,0646,Aqua,MODIS,87,6.2,295.4,249.5,D,0
21.8257,92.2964,357.3,1.9,1.3,2004-04-05,0646,Aqua,MODIS,98,6.2,298,172.4,D,0
21.8186,92.2909,344.6,1.9,1.3,2004-04-05,0646,Aqua,MODIS,92,6.2,297.5,105.2,D,0
21.8393,92.4422,331.6,1.9,1.3,2004-04-05,0646,Aqua,MODIS,59,6.2,291.8,44.9,D,0
21.8569,92.4314,354.2,1.9,1.3,2004-04-05,0646,Aqua,MODIS,84,6.2,292.3,153.7,D,0
22.6353,92.2667,321,1.8,1.3,2004-04-05,0646,Aqua,MODIS,0,6.2,295.4,31.7,D,0
21.4778,92.489,318.5,1.9,1.3,2004-04-05,0646,Aqua,MODIS,62,6.2,292.2,25.5,D,0
21.8341,92.4814,361.6,1.9,1.3,2004-04-05,0646,Aqua,MODIS,100,6.2,298.8,201.4,D,0
21.6717,92.4312,338.2,1.9,1.3,2004-04-05,0646,Aqua,MODIS,87,6.2,295.6,74.8,D,0
22.0663,92.2259,331.1,1.9,1.3,2004-04-05,0646,Aqua,MODIS,83,6.2,296.2,52.6,D,0
22.0705,92.2202,324.9,1.9,1.3,2004-04-05,0646,Aqua,MODIS,70,6.2,296.4,34.1,D,0
21.8717,92.242,337.6,1.9,1.4,2004-04-05,0646,Aqua,MODIS,88,6.2,297.3,80.7,D,0
21.6952,92.4253,323.4,1.9,1.3,2004-04-05,0646,Aqua,MODIS,67,6.2,296.2,27.8,D,0
22.0858,92.3342,346.6,1.9,1.3,2004-04-05,0646,Aqua,MODIS,93,6.2,298,108.3,D,0
22.0922,92.3698,323.3,1.9,1.3,2004-04-05,0646,Aqua,MODIS,60,6.2,294.4,28.5,D,0
21.7103,92.4408,334.9,1.9,1.3,2004-04-05,0646,Aqua,MODIS,64,6.2,296.3,59.2,D,0
21.7072,92.4235,328.5,1.9,1.3,2004-04-05,0646,Aqua,MODIS,43,6.2,296.4,39.5,D,0
21.7417,92.445,328.3,1.9,1.3,2004-04-05,0646,Aqua,MODIS,52,6.2,296.9,42.4,D,0
21.8684,92.2236,331.4,1.9,1.4,2004-04-05,0646,Aqua,MODIS,83,6.2,297.5,55.9,D,0
22.1138,91.9802,316.5,2,1.4,2004-04-05,0646,Aqua,MODIS,42,6.2,294.5,13.7,D,0
22.1171,91.9724,319.9,2,1.4,2004-04-05,0646,Aqua,MODIS,53,6.2,296.6,22.3,D,0
21.5456,92.3869,324.2,1.9,1.3,2004-04-05,0646,Aqua,MODIS,61,6.2,295.4,37.9,D,0
22.1948,92.361,316,1.9,1.3,2004-04-05,0646,Aqua,MODIS,45,6.2,296.2,15.3,D,0
22.2374,92.4193,352.4,1.8,1.3,2004-04-05,0646,Aqua,MODIS,0,6.2,290.5,144.6,D,0
22.2341,92.4011,323.2,1.8,1.3,2004-04-05,0646,Aqua,MODIS,71,6.2,294.2,32.8,D,0
22.4888,92.1436,312.7,1.9,1.3,2004-04-05,0646,Aqua,MODIS,21,6.2,293.1,11,D,0
22.0502,92.3416,354.2,1.9,1.3,2004-04-05,0646,Aqua,MODIS,97,6.2,296.9,153,D,0
22.0352,92.3267,340.7,1.9,1.3,2004-04-05,0646,Aqua,MODIS,90,6.2,297.5,80.8,D,0
22.1594,92.3684,323.4,1.9,1.3,2004-04-05,0646,Aqua,MODIS,73,6.2,294.1,30.8,D,0
22.1627,92.3862,336.5,1.9,1.3,2004-04-05,0646,Aqua,MODIS,87,6.2,296.8,73.1,D,0
22.1509,92.389,323.9,1.9,1.3,2004-04-05,0646,Aqua,MODIS,75,6.2,295.2,33.7,D,0
22.111,92.305,322.8,1.9,1.3,2004-04-05,0646,Aqua,MODIS,49,6.2,295.7,27.4,D,0
22.1124,92.3793,340.5,1.9,1.3,2004-04-05,0646,Aqua,MODIS,85,6.2,291.5,87.6,D,0
22.1006,92.3817,363.9,1.9,1.3,2004-04-05,0646,Aqua,MODIS,100,6.2,297.2,216.6,D,0
22.104,92.3674,347.6,1.9,1.3,2004-04-05,0646,Aqua,MODIS,94,6.2,296.4,116.6,D,0
22.1071,92.385,375.2,1.9,1.3,2004-04-05,0646,Aqua,MODIS,100,6.2,297.4,309.7,D,0
21.8392,92.2679,341.8,1.9,1.4,2004-04-05,0646,Aqua,MODIS,90,6.2,296.1,98,D,0
21.8425,92.286,334.6,1.9,1.3,2004-04-05,0646,Aqua,MODIS,85,6.2,294.2,69,D,0
21.8272,92.2704,347.7,1.9,1.4,2004-04-05,0646,Aqua,MODIS,94,6.2,299.1,124.8,D,0
22.0992,92.3079,326.4,1.9,1.3,2004-04-05,0646,Aqua,MODIS,78,6.2,292.2,36.9,D,0
22.0874,92.311,337.7,1.9,1.3,2004-04-05,0646,Aqua,MODIS,88,6.2,295.2,71.8,D,0
22.0907,92.3286,345.1,1.9,1.3,2004-04-05,0646,Aqua,MODIS,92,6.2,297.6,100.5,D,0
22.0973,92.364,328.7,1.9,1.3,2004-04-05,0646,Aqua,MODIS,39,6.2,296.3,39.4,D,0
22.0827,92.3169,364.9,1.9,1.3,2004-04-05,0646,Aqua,MODIS,100,6.2,298.6,223.6,D,0
21.7155,92.4016,362,1.9,1.3,2004-04-05,0646,Aqua,MODIS,100,6.2,298.7,204.9,D,0
21.8306,92.2885,360.6,1.9,1.3,2004-04-05,0646,Aqua,MODIS,100,6.2,299.3,202.3,D,0
22.0384,92.3443,339.7,1.9,1.3,2004-04-05,0646,Aqua,MODIS,89,6.2,296.4,81,D,0
21.7205,92.5645,342.7,1.8,1.3,2004-04-05,0646,Aqua,MODIS,78,6.2,285.5,99.5,D,0
21.8617,92.1867,318.2,1.9,1.4,2004-04-05,0646,Aqua,MODIS,51,6.2,297.5,16,D,0
21.8377,92.1918,330.1,1.9,1.4,2004-04-05,0646,Aqua,MODIS,82,6.2,297.7,48.4,D,0
21.6106,92.5395,326.7,1.9,1.3,2004-04-05,0646,Aqua,MODIS,75,6.2,293.7,39.4,D,0
21.6224,92.5372,332.6,1.9,1.3,2004-04-05,0646,Aqua,MODIS,82,6.2,295.9,56.1,D,0
21.6373,92.5522,347.5,1.8,1.3,2004-04-05,0646,Aqua,MODIS,93,6.2,293.4,118.1,D,0
21.9824,92.3452,331.9,1.9,1.3,2004-04-05,0646,Aqua,MODIS,83,6.2,298.1,54.2,D,0
21.6895,92.4617,356.9,1.9,1.3,2004-04-05,0646,Aqua,MODIS,98,6.2,293.7,165.3,D,0
21.6932,92.4815,355.7,1.9,1.3,2004-04-05,0646,Aqua,MODIS,98,6.2,296.6,160,D,0
21.6751,92.45,361.7,1.9,1.3,2004-04-05,0646,Aqua,MODIS,100,6.2,295.7,198.9,D,0
21.678,92.4654,342.4,1.9,1.3,2004-04-05,0646,Aqua,MODIS,87,6.2,296.9,91.3,D,0
21.6812,92.4833,333.4,1.9,1.3,2004-04-05,0646,Aqua,MODIS,76,6.2,296.5,58.8,D,0
21.6722,92.4736,332.2,1.9,1.3,2004-04-05,0646,Aqua,MODIS,80,6.2,296,55.7,D,0
21.4579,92.5832,316.4,1.9,1.3,2004-04-05,0646,Aqua,MODIS,48,6.2,296,20.6,D,0
21.3906,92.5845,319.8,1.9,1.3,2004-04-05,0646,Aqua,MODIS,18,6.2,292,23.9,D,0
21.4194,92.5734,321.5,1.9,1.3,2004-04-05,0646,Aqua,MODIS,67,6.2,296.8,30.9,D,0
21.4747,92.5014,324.3,1.9,1.3,2004-04-05,0646,Aqua,MODIS,69,6.2,293.3,37.3,D,0
21.8339,92.3067,352,1.9,1.3,2004-04-05,0646,Aqua,MODIS,83,6.2,294.5,149.7,D,0
21.829,92.3148,338.7,1.9,1.3,2004-04-05,0646,Aqua,MODIS,64,6.2,285.3,79.7,D,0
22.0201,92.3117,327.6,1.9,1.3,2004-04-05,0646,Aqua,MODIS,49,6.2,297.2,34.3,D,0
22.0319,92.3088,328.8,1.9,1.3,2004-04-05,0646,Aqua,MODIS,48,6.2,296.8,36,D,0
21.5167,92.5296,340.3,1.9,1.3,2004-04-05,0646,Aqua,MODIS,89,6.2,295.3,90.5,D,0
21.9792,92.3276,321.5,1.9,1.3,2004-04-05,0646,Aqua,MODIS,39,6.2,297.3,24.1,D,0
21.9942,92.3425,346.4,1.9,1.3,2004-04-05,0646,Aqua,MODIS,93,6.2,298.4,111.1,D,0
22.0029,92.3517,332.7,1.9,1.3,2004-04-05,0646,Aqua,MODIS,75,6.2,298.1,53.3,D,0
21.5788,92.5341,315.6,1.9,1.3,2004-04-05,0646,Aqua,MODIS,31,6.2,294.6,15.3,D,0
21.5671,92.537,326.2,1.9,1.3,2004-04-05,0646,Aqua,MODIS,75,6.2,296.9,40.8,D,0
21.8152,92.2728,347.4,1.9,1.4,2004-04-05,0646,Aqua,MODIS,94,6.2,298.9,120.2,D,0
21.8225,92.2783,363.8,1.9,1.4,2004-04-05,0646,Aqua,MODIS,100,6.2,299.4,222.6,D,0
21.9997,92.3344,337.6,1.9,1.3,2004-04-05,0646,Aqua,MODIS,83,6.2,298.6,69.5,D,0
21.5137,92.513,326.8,1.9,1.3,2004-04-05,0646,Aqua,MODIS,76,6.2,291.6,45.2,D,0
22.0137,92.2772,342.9,1.9,1.3,2004-04-05,0646,Aqua,MODIS,91,6.2,296.5,94,D,0
22.01,92.2572,330.3,1.9,1.3,2004-04-05,0646,Aqua,MODIS,72,6.2,296.7,45.7,D,0
22.0256,92.2745,333.7,1.9,1.3,2004-04-05,0646,Aqua,MODIS,84,6.2,296.7,54,D,0
22.022,92.2547,330,1.9,1.3,2004-04-05,0646,Aqua,MODIS,65,6.2,297.2,42.3,D,0
22.0376,92.2722,322.5,1.9,1.3,2004-04-05,0646,Aqua,MODIS,65,6.2,295.5,22,D,0
22.0339,92.252,326.9,1.9,1.3,2004-04-05,0646,Aqua,MODIS,78,6.2,295.7,35.3,D,0
22.0458,92.2497,357.6,1.9,1.3,2004-04-05,0646,Aqua,MODIS,98,6.2,299,175.2,D,0
22.0644,92.2839,338.2,1.9,1.3,2004-04-05,0646,Aqua,MODIS,88,6.2,296.3,73,D,0
22.0614,92.2674,331.7,1.9,1.3,2004-04-05,0646,Aqua,MODIS,61,6.2,296.7,48.7,D,0
21.627,92.4265,357.4,1.9,1.3,2004-04-05,0646,Aqua,MODIS,98,6.2,297.6,179,D,0
21.6236,92.4078,366.8,1.9,1.3,2004-04-05,0646,Aqua,MODIS,100,6.2,296.7,243.5,D,0
21.6203,92.3895,341.2,1.9,1.3,2004-04-05,0646,Aqua,MODIS,89,6.2,296.7,91.5,D,0
21.6429,92.5154,351.2,1.9,1.3,2004-04-05,0646,Aqua,MODIS,95,6.2,299.6,139.9,D,0
21.64,92.4991,327.8,1.9,1.3,2004-04-05,0646,Aqua,MODIS,77,6.2,296.9,45.1,D,0
21.6421,92.4421,333.9,1.9,1.3,2004-04-05,0646,Aqua,MODIS,75,6.2,295.6,62.1,D,0
21.5262,92.5816,318.6,1.8,1.3,2004-04-05,0646,Aqua,MODIS,58,6.2,293.6,22.7,D,0
21.5111,92.5658,334.5,1.9,1.3,2004-04-05,0646,Aqua,MODIS,84,6.2,294.7,66.4,D,0
22.8883,92.0634,313.1,1.9,1.3,2004-04-05,0647,Aqua,MODIS,0,6.2,295.8,12.5,D,0
22.9311,91.8009,319.6,2,1.4,2004-04-05,0647,Aqua,MODIS,73,6.2,295.9,26.9,D,0
22.9281,91.8066,315.9,2,1.4,2004-04-05,0647,Aqua,MODIS,67,6.2,295.5,16.8,D,0
22.817,92.0486,314.8,1.9,1.3,2004-04-05,0647,Aqua,MODIS,43,6.2,294.6,20.3,D,0
22.7865,92.0179,313.3,1.9,1.3,2004-04-05,0647,Aqua,MODIS,41,6.2,293.7,17.1,D,0
22.8916,92.0509,314.4,1.9,1.3,2004-04-05,0647,Aqua,MODIS,23,6.2,295.9,15.3,D,0
22.7451,91.9555,320.9,1.9,1.4,2004-04-05,0647,Aqua,MODIS,74,6.2,293.9,34.1,D,0
22.9247,91.7878,318.1,2,1.4,2004-04-05,0647,Aqua,MODIS,70,6.2,293.8,23.2,D,0
22.2722,92.1533,321.8,1.2,1.1,2004-04-06,0423,Terra,MODIS,78,6.2,289,17.1,D,0
21.9802,92.3558,314.6,1.2,1.1,2004-04-06,0423,Terra,MODIS,68,6.2,282.7,11,D,0
23.0147,91.843,311,1.3,1.1,2004-04-06,0423,Terra,MODIS,15,6.2,288.6,6.5,D,0
21.7946,92.3132,315.7,1.6,1.2,2004-04-06,0729,Aqua,MODIS,64,6.2,274.3,20.9,D,0
21.8871,92.2343,344.3,1.6,1.2,2004-04-06,0729,Aqua,MODIS,92,6.2,277.5,88.4,D,0
21.7963,92.3282,314,1.6,1.2,2004-04-06,0729,Aqua,MODIS,60,6.2,275.1,18.1,D,0
21.8854,92.2194,342.7,1.6,1.2,2004-04-06,0729,Aqua,MODIS,91,6.2,277.1,84.2,D,0
22.1802,92.3934,342.7,1.6,1.3,2004-04-06,0729,Aqua,MODIS,92,6.2,279.5,89.6,D,0
21.3494,92.134,316.2,1.5,1.2,2004-04-06,0729,Aqua,MODIS,48,6.2,283.8,14.9,D,0
21.3477,92.1196,320.3,1.5,1.2,2004-04-06,0729,Aqua,MODIS,71,6.2,284.6,22.4,D,0
21.7888,92.5633,359.9,1.6,1.3,2004-04-06,0729,Aqua,MODIS,94,6.2,278.8,172.6,D,0
22.1819,92.4084,326.4,1.6,1.3,2004-04-06,0729,Aqua,MODIS,76,6.2,277.7,42.9,D,0
21.8837,92.2045,316.8,1.6,1.2,2004-04-06,0729,Aqua,MODIS,66,6.2,275,20.6,D,0
21.3603,92.1324,324.1,1.5,1.2,2004-04-06,0729,Aqua,MODIS,77,6.2,284.8,28.1,D,0
21.3585,92.1181,326.4,1.5,1.2,2004-04-06,0729,Aqua,MODIS,80,6.2,285.2,33.4,D,0
21.3524,92.1265,334.8,1.5,1.2,2004-04-06,0729,Aqua,MODIS,86,6.2,285.3,53,D,0
21.7275,92.5315,313,1.6,1.3,2004-04-06,0729,Aqua,MODIS,56,6.2,272.4,19.5,D,0
21.2644,92.1801,320.4,1.5,1.2,2004-04-06,0729,Aqua,MODIS,64,6.2,284.5,20.6,D,0
21.2753,92.1786,320.2,1.5,1.2,2004-04-06,0729,Aqua,MODIS,60,6.2,285.8,19.7,D,0
21.7956,92.4212,321.6,1.6,1.2,2004-04-06,0729,Aqua,MODIS,63,6.2,279.2,32.4,D,0
21.8747,92.4214,331.3,1.6,1.2,2004-04-06,0729,Aqua,MODIS,79,6.2,278.4,47.1,D,0
21.5048,92.2795,315,1.6,1.2,2004-04-06,0729,Aqua,MODIS,59,6.2,278.8,18.2,D,0
21.8877,92.1434,328.5,1.5,1.2,2004-04-06,0729,Aqua,MODIS,77,6.2,276.7,44.6,D,0
21.8345,92.4626,329.9,1.6,1.3,2004-04-06,0729,Aqua,MODIS,78,6.2,275.4,49.5,D,0
21.8363,92.478,353.9,1.6,1.3,2004-04-06,0729,Aqua,MODIS,91,6.2,276.4,136.5,D,0
22.1897,92.3766,340.7,1.6,1.3,2004-04-06,0729,Aqua,MODIS,90,6.2,278.1,76.8,D,0
21.8859,92.1287,324,1.5,1.2,2004-04-06,0729,Aqua,MODIS,77,6.2,277.4,34.8,D,0
21.6127,92.3191,356.2,1.6,1.2,2004-04-06,0729,Aqua,MODIS,92,6.2,290.3,130.6,D,0
21.6384,92.3464,342.4,1.6,1.2,2004-04-06,0729,Aqua,MODIS,86,6.2,284.4,76.6,D,0
21.1798,92.118,316.7,1.5,1.2,2004-04-06,0729,Aqua,MODIS,69,6.2,277.6,22.9,D,0
22.1996,92.3694,335.2,1.6,1.3,2004-04-06,0729,Aqua,MODIS,87,6.2,276.8,60.2,D,0
22.2009,92.3751,338,1.6,1.3,2004-04-06,0729,Aqua,MODIS,77,6.2,276,64.5,D,0
22.199,92.3594,333.3,1.6,1.2,2004-04-06,0729,Aqua,MODIS,58,6.2,277.4,52.2,D,0
21.5631,92.394,309.3,1.6,1.2,2004-04-06,0729,Aqua,MODIS,29,6.2,272.9,12.2,D,0
21.6026,92.4279,339.3,1.6,1.2,2004-04-06,0729,Aqua,MODIS,84,6.2,279.1,74.2,D,0
21.6009,92.4128,344.4,1.6,1.2,2004-04-06,0729,Aqua,MODIS,87,6.2,279.4,89.8,D,0
21.6103,92.3961,360,1.6,1.2,2004-04-06,0729,Aqua,MODIS,87,6.2,280,156,D,0
21.8906,92.2645,333.2,1.6,1.2,2004-04-06,0729,Aqua,MODIS,80,6.2,275.3,56.6,D,0
21.8889,92.2494,341,1.6,1.2,2004-04-06,0729,Aqua,MODIS,85,6.2,277.3,78.2,D,0
22.2107,92.3676,328.4,1.6,1.3,2004-04-06,0729,Aqua,MODIS,65,6.2,273.6,40.7,D,0
22.2091,92.3525,339.8,1.6,1.2,2004-04-06,0729,Aqua,MODIS,85,6.2,276.5,75.5,D,0
21.7424,92.3506,344.1,1.6,1.2,2004-04-06,0729,Aqua,MODIS,44,6.2,285.1,78.5,D,0
21.7396,92.3428,358.9,1.6,1.2,2004-04-06,0729,Aqua,MODIS,94,6.2,286.7,145,D,0
21.4172,92.4026,327.5,1.6,1.2,2004-04-06,0729,Aqua,MODIS,0,6.2,284.7,43.2,D,0
22.2102,92.3579,344.9,1.6,1.2,2004-04-06,0729,Aqua,MODIS,93,6.2,275.9,93.1,D,0
21.7408,92.3358,338.8,1.6,1.2,2004-04-06,0729,Aqua,MODIS,40,6.2,285.5,62.1,D,0
22.8413,92.3118,315.9,1.1,1,2004-04-08,0717,Aqua,MODIS,0,6.2,268.3,16.6,D,0
24.9152,89.5998,317.2,1,1,2004-04-08,0718,Aqua,MODIS,0,6.2,298.3,8,D,0
22.27,92.3284,315,1.5,1.2,2004-04-12,0652,Aqua,MODIS,66,6.2,295.2,11.7,D,0
22.2591,92.1997,326.7,1.5,1.2,2004-04-12,0653,Aqua,MODIS,81,6.2,294,33.1,D,0
22.2615,92.2139,330.9,1.5,1.2,2004-04-12,0653,Aqua,MODIS,84,6.2,290.7,41.9,D,0
22.5833,92.474,315.5,1.4,1.2,2004-04-12,0653,Aqua,MODIS,61,6.2,291.2,11.8,D,0
22.2651,92.2066,332.6,1.5,1.2,2004-04-12,0653,Aqua,MODIS,86,6.2,293.9,46.4,D,0
22.7332,92.3639,303.6,1.3,1.1,2004-04-12,1620,Terra,MODIS,56,6.2,293.5,5.4,N,0
21.1442,92.1329,317.6,1,1,2004-04-13,0430,Terra,MODIS,67,6.2,297.4,8,D,0
22.0889,92.4346,328.5,2.1,1.4,2004-04-13,0735,Aqua,MODIS,78,6.2,295.2,56.5,D,0
21.6234,92.3084,313.7,3.7,1.8,2004-04-14,0512,Terra,MODIS,61,6.2,292.8,39.9,D,0
21.4686,92.5073,342.7,2.4,1.5,2004-04-14,0640,Aqua,MODIS,91,6.2,293.5,153,D,0
21.469,92.4898,313.5,2.4,1.5,2004-04-14,0640,Aqua,MODIS,48,6.2,291.7,23.3,D,0
21.4555,92.4919,342.1,2.4,1.5,2004-04-14,0640,Aqua,MODIS,91,6.2,291.6,150.9,D,0
21.4949,92.3567,317.7,2.5,1.5,2004-04-14,0640,Aqua,MODIS,68,6.2,293.8,38,D,0
21.7754,92.3741,317.1,2.4,1.5,2004-04-14,0640,Aqua,MODIS,67,6.2,292.8,30.3,D,0
21.5816,92.2565,321.2,2.5,1.5,2004-04-14,0640,Aqua,MODIS,73,6.2,289.9,46.7,D,0
21.5866,92.2823,321.9,2.5,1.5,2004-04-14,0640,Aqua,MODIS,64,6.2,293,45.9,D,0
21.6489,92.4817,323.3,2.4,1.5,2004-04-14,0640,Aqua,MODIS,67,6.2,290.7,50.6,D,0
21.6533,92.4863,320.3,2.4,1.5,2004-04-14,0640,Aqua,MODIS,72,6.2,290.3,43.3,D,0
21.6177,92.5165,328.5,2.4,1.5,2004-04-14,0640,Aqua,MODIS,65,6.2,292.3,68.2,D,0
21.4603,92.517,336.7,2.4,1.5,2004-04-14,0640,Aqua,MODIS,88,6.2,293.4,117.4,D,0
21.3892,92.5069,315.1,2.4,1.5,2004-04-14,0640,Aqua,MODIS,58,6.2,293.6,26.6,D,0
21.4157,92.5722,317.5,2.4,1.5,2004-04-14,0640,Aqua,MODIS,66,6.2,293.7,33.9,D,0
21.42,92.5944,327.3,2.4,1.5,2004-04-14,0640,Aqua,MODIS,80,6.2,291.5,69.9,D,0
21.4068,92.5973,318.6,2.4,1.5,2004-04-14,0640,Aqua,MODIS,69,6.2,294.1,37.2,D,0
21.4075,92.5785,328.7,2.4,1.5,2004-04-14,0640,Aqua,MODIS,82,6.2,295.2,76.8,D,0
21.4118,92.6014,328.2,2.4,1.5,2004-04-14,0640,Aqua,MODIS,81,6.2,293.5,74,D,0
21.6085,92.3234,323.5,2.5,1.5,2004-04-14,0640,Aqua,MODIS,71,6.2,292,51.9,D,0
21.616,92.3148,324.7,2.5,1.5,2004-04-14,0640,Aqua,MODIS,41,6.2,293.6,53.2,D,0
21.3714,92.416,321.4,2.5,1.5,2004-04-14,0640,Aqua,MODIS,62,6.2,289.7,41.6,D,0
21.3627,92.4429,331.9,2.5,1.5,2004-04-14,0640,Aqua,MODIS,57,6.2,292.6,80.4,D,0
21.3645,92.4237,361.3,2.5,1.5,2004-04-14,0640,Aqua,MODIS,100,6.2,293.2,307.1,D,0
21.3688,92.4462,321.7,2.5,1.5,2004-04-14,0640,Aqua,MODIS,36,6.2,292.5,44.1,D,0
22.087,92.3312,325.6,2.4,1.5,2004-04-14,0640,Aqua,MODIS,74,6.2,289.8,65.7,D,0
22.0816,92.3277,322.4,2.4,1.5,2004-04-14,0640,Aqua,MODIS,70,6.2,290.2,51.2,D,0
21.3594,92.0642,320.9,2.6,1.6,2004-04-14,0640,Aqua,MODIS,64,6.2,292.7,50.8,D,0
22.0033,92.3805,313.7,2.4,1.5,2004-04-14,0640,Aqua,MODIS,51,6.2,291,22.9,D,0
21.6174,92.297,342.1,2.5,1.5,2004-04-14,0640,Aqua,MODIS,89,6.2,295.3,144,D,0
21.9414,92.2744,338.3,2.5,1.5,2004-04-14,0640,Aqua,MODIS,89,6.2,291.5,124.7,D,0
22.1279,92.3832,317.7,1.4,1.2,2004-04-15,0417,Terra,MODIS,64,6.2,293.6,13.6,D,0
21.1791,92.1355,318.9,1.4,1.2,2004-04-15,0418,Terra,MODIS,69,6.2,295.2,14.2,D,0
21.9571,92.2437,335.7,1.3,1.1,2004-04-15,0723,Aqua,MODIS,81,6.2,294.6,35.9,D,0
21.9704,92.273,320.9,1.3,1.1,2004-04-15,0723,Aqua,MODIS,42,6.2,293.8,11.9,D,0
21.4293,92.5798,352.4,1.3,1.1,2004-04-15,0723,Aqua,MODIS,96,6.2,297.3,84.5,D,0
21.4309,92.5921,345.6,1.3,1.1,2004-04-15,0723,Aqua,MODIS,92,6.2,296.8,62.7,D,0
21.9362,92.3196,321.2,1.3,1.1,2004-04-15,0723,Aqua,MODIS,68,6.2,295.2,13.9,D,0
22.0762,92.3006,346.1,1.3,1.1,2004-04-15,0723,Aqua,MODIS,87,6.2,295.9,61.7,D,0
21.6699,92.4759,320,1.3,1.1,2004-04-15,0723,Aqua,MODIS,55,6.2,296.5,13.7,D,0
21.5609,92.4117,383.2,1.3,1.1,2004-04-15,0723,Aqua,MODIS,100,6.2,301.2,217.3,D,0
21.5025,92.4388,344.4,1.3,1.1,2004-04-15,0723,Aqua,MODIS,92,6.2,298.6,60,D,0
21.4925,92.4401,343.9,1.3,1.1,2004-04-15,0723,Aqua,MODIS,91,6.2,298.3,58.7,D,0
23.3285,92.1479,317.3,1.3,1.1,2004-04-15,0723,Aqua,MODIS,56,6.2,296.5,9.6,D,0
23.2642,92.1254,316.4,1.3,1.1,2004-04-15,0723,Aqua,MODIS,48,6.2,295.5,9.5,D,0
23.1965,92.2302,323.9,1.3,1.1,2004-04-15,0723,Aqua,MODIS,71,6.2,296,18.6,D,0
23.337,92.1338,325.1,1.3,1.1,2004-04-15,0723,Aqua,MODIS,77,6.2,296,19.9,D,0
21.7134,92.3281,342.1,1.3,1.1,2004-04-15,0723,Aqua,MODIS,85,6.2,296.4,48.6,D,0
21.712,92.3161,358.1,1.3,1.1,2004-04-15,0723,Aqua,MODIS,99,6.2,299,97.5,D,0
21.4256,92.468,315.9,1.3,1.1,2004-04-15,0723,Aqua,MODIS,45,6.2,292.9,8.5,D,0
22.9281,92.2876,318.5,1.3,1.1,2004-04-15,0723,Aqua,MODIS,66,6.2,292.8,11.7,D,0
21.7334,92.3253,321,1.3,1.1,2004-04-15,0723,Aqua,MODIS,49,6.2,298.1,11.5,D,0
21.4864,92.3912,327.4,1.3,1.1,2004-04-15,0723,Aqua,MODIS,78,6.2,297.6,23.7,D,0
21.5338,92.44,319.1,1.3,1.1,2004-04-15,0723,Aqua,MODIS,48,6.2,298.5,10.1,D,0
23.1955,92.3074,335,1.3,1.1,2004-04-15,0723,Aqua,MODIS,86,6.2,296.8,40.8,D,0
21.5494,92.4007,367.2,1.3,1.1,2004-04-15,0723,Aqua,MODIS,100,6.2,302.2,133.6,D,0
23.1854,92.3089,331,1.3,1.1,2004-04-15,0723,Aqua,MODIS,82,6.2,296.4,32.4,D,0
21.5523,92.4251,341.5,1.3,1.1,2004-04-15,0723,Aqua,MODIS,78,6.2,299,48.2,D,0
21.0937,92.1839,318.5,1.2,1.1,2004-04-15,0723,Aqua,MODIS,64,6.2,297.9,9.7,D,0
21.3698,92.5127,332.3,1.3,1.1,2004-04-15,0723,Aqua,MODIS,83,6.2,296.6,34.1,D,0
21.3683,92.5006,345.1,1.3,1.1,2004-04-15,0723,Aqua,MODIS,92,6.2,298.2,63.5,D,0
21.1157,92.1218,324.4,1.2,1.1,2004-04-15,0723,Aqua,MODIS,51,6.2,296.7,18.6,D,0
21.1176,92.1147,328.1,1.2,1.1,2004-04-15,0723,Aqua,MODIS,56,6.2,297,22.8,D,0
21.5817,92.3341,334.2,1.3,1.1,2004-04-15,0723,Aqua,MODIS,72,6.2,299.2,29.8,D,0
21.5917,92.3329,365.3,1.3,1.1,2004-04-15,0723,Aqua,MODIS,100,6.2,300.6,123.2,D,0
21.5902,92.3207,359.4,1.3,1.1,2004-04-15,0723,Aqua,MODIS,99,6.2,300.7,100.4,D,0
21.6017,92.3318,380.5,1.3,1.1,2004-04-15,0723,Aqua,MODIS,100,6.2,300.2,197.1,D,0
21.6002,92.3198,389,1.3,1.1,2004-04-15,0723,Aqua,MODIS,100,6.2,303.5,252.8,D,0
21.6006,92.3263,386.5,1.3,1.1,2004-04-15,0723,Aqua,MODIS,100,6.2,303.4,234.6,D,0
21.5509,92.4131,353.1,1.3,1.1,2004-04-15,0723,Aqua,MODIS,96,6.2,300.4,79.9,D,0
21.5991,92.3142,336,1.3,1.1,2004-04-15,0723,Aqua,MODIS,85,6.2,301.5,33.8,D,0
21.6106,92.325,334.8,1.3,1.1,2004-04-15,0723,Aqua,MODIS,51,6.2,298,30,D,0
23.1869,92.3215,317,1.3,1.1,2004-04-15,0723,Aqua,MODIS,59,6.2,295.9,10.6,D,0
23.2331,92.2764,313.4,1.3,1.1,2004-04-15,0723,Aqua,MODIS,48,6.2,294.5,7.2,D,0
21.7715,92.4684,323.2,1.3,1.1,2004-04-15,0723,Aqua,MODIS,69,6.2,300.7,14.6,D,0
21.5352,92.4519,332.3,1.3,1.1,2004-04-15,0723,Aqua,MODIS,83,6.2,296.3,32.2,D,0
21.9675,92.2488,340.9,1.3,1.1,2004-04-15,0723,Aqua,MODIS,89,6.2,297,46.3,D,0
23.3862,92.2446,311.6,3.8,1.8,2004-04-16,0628,Aqua,MODIS,50,6.2,289.5,45.2,D,0
23.6605,91.9543,313.2,4,1.9,2004-04-16,0628,Aqua,MODIS,65,6.2,290.8,52.4,D,0
23.1487,92.2391,321.4,3.9,1.8,2004-04-16,0628,Aqua,MODIS,29,6.2,283.3,75.4,D,0
23.3927,92.2392,311.8,3.8,1.8,2004-04-16,0628,Aqua,MODIS,64,6.2,289.7,45.9,D,0
23.2258,92.316,345.5,1,1,2004-04-17,0711,Aqua,MODIS,93,6.2,298.4,40.1,D,0
23.2183,92.3272,342.2,1,1,2004-04-17,0711,Aqua,MODIS,91,6.2,299.2,35.8,D,0
22.3264,92.3913,326.3,1,1,2004-04-17,0711,Aqua,MODIS,78,6.2,295.6,14.7,D,0
23.2452,92.3159,444.2,1,1,2004-04-17,0711,Aqua,MODIS,100,6.2,310.3,631.7,D,0
21.8063,92.4256,323.1,1,1,2004-04-17,0711,Aqua,MODIS,64,6.2,297,12.8,D,0
21.507,92.396,324.2,1,1,2004-04-17,0711,Aqua,MODIS,73,6.2,293.5,14.6,D,0
22.9617,92.3324,331.9,1,1,2004-04-17,0711,Aqua,MODIS,83,6.2,297.9,23.9,D,0
22.1099,92.4949,331.1,1,1,2004-04-17,0711,Aqua,MODIS,83,6.2,297.9,21.3,D,0
22.9604,92.3227,320.4,1,1,2004-04-17,0711,Aqua,MODIS,70,6.2,298.5,10.3,D,0
22.92,92.2955,318.6,1,1,2004-04-17,0711,Aqua,MODIS,67,6.2,298.8,8.1,D,0
22.1054,92.3976,322.1,1,1,2004-04-17,0711,Aqua,MODIS,73,6.2,297.3,10.4,D,0
22.5678,91.7034,317.8,1,1,2004-04-17,0711,Aqua,MODIS,64,6.2,299.2,6.6,D,0
21.9401,92.2639,341.5,1,1,2004-04-17,0711,Aqua,MODIS,85,6.2,298.3,38.2,D,0
23.2245,92.3063,329.9,1,1,2004-04-17,0711,Aqua,MODIS,46,6.2,295.3,17.1,D,0
23.2349,92.3077,379.3,1,1,2004-04-17,0711,Aqua,MODIS,94,6.2,302,140.2,D,0
23.2542,92.3144,336.8,1,1,2004-04-17,0711,Aqua,MODIS,71,6.2,294.6,26.3,D,0
23.3306,92.2068,331.6,1,1,2004-04-17,0711,Aqua,MODIS,73,6.2,296.4,21.8,D,0
21.6678,92.4899,341.6,1,1,2004-04-17,0711,Aqua,MODIS,90,6.2,297,37.9,D,0
23.0624,92.2595,329.5,1,1,2004-04-17,0711,Aqua,MODIS,71,6.2,297.1,20.9,D,0
23.0638,92.2692,330.8,1,1,2004-04-17,0711,Aqua,MODIS,83,6.2,295.7,22.2,D,0
23.2377,92.3271,392.9,1,1,2004-04-17,0711,Aqua,MODIS,87,6.2,301.5,204.3,D,0
23.2363,92.3174,413.3,1,1,2004-04-17,0711,Aqua,MODIS,87,6.2,308.4,331.9,D,0
21.9415,92.2734,320,1,1,2004-04-17,0711,Aqua,MODIS,70,6.2,293.1,9.7,D,0
23.208,92.319,323.5,1,1,2004-04-17,0711,Aqua,MODIS,56,6.2,298.3,11.7,D,0
22.1931,92.298,314.9,1,1,2004-04-17,0711,Aqua,MODIS,60,6.2,294.8,4,D,0
23.2466,92.3256,390.7,1,1,2004-04-17,0711,Aqua,MODIS,100,6.2,299.2,193.8,D,0
22.1086,92.4853,336.9,1,1,2004-04-17,0711,Aqua,MODIS,87,6.2,296.7,29.7,D,0
22.1175,92.4839,318.8,1,1,2004-04-17,0711,Aqua,MODIS,68,6.2,297.9,8.2,D,0
22.7681,92.199,318.8,1,1,2004-04-17,0711,Aqua,MODIS,67,6.2,296,7.7,D,0
22.7694,92.2086,319.5,1,1,2004-04-17,0711,Aqua,MODIS,64,6.2,297.7,8.3,D,0
22.0466,92.3696,305.6,1.9,1.3,2004-04-18,1543,Terra,MODIS,65,6.2,292.3,10.9,N,0
22.0348,92.3723,317.8,1.9,1.3,2004-04-18,1543,Terra,MODIS,96,6.2,292.3,32.9,N,0
22.038,92.3897,324.1,1.9,1.3,2004-04-18,1543,Terra,MODIS,100,6.2,291.9,48.5,N,0
22.0498,92.3874,305.7,1.9,1.3,2004-04-18,1543,Terra,MODIS,65,6.2,291.7,11.3,N,0
23.6464,89.9162,314.6,2.9,1.6,2004-04-21,0518,Terra,MODIS,0,6.2,294.6,37.4,D,0
21.7681,92.3885,316.4,1.6,1.2,2004-04-22,0729,Aqua,MODIS,33,6.2,281.7,20.1,D,0
21.4356,92.4735,325.6,1.6,1.2,2004-04-22,0729,Aqua,MODIS,45,6.2,289.6,29,D,0
21.5829,92.3644,325.7,1.6,1.2,2004-04-22,0729,Aqua,MODIS,70,6.2,293.6,30,D,0
21.5718,92.3658,332.7,1.6,1.2,2004-04-22,0729,Aqua,MODIS,82,6.2,294,47.3,D,0
21.4244,92.475,321.9,1.6,1.2,2004-04-22,0729,Aqua,MODIS,57,6.2,289.4,23.6,D,0
21.4227,92.4597,321.2,1.6,1.2,2004-04-22,0729,Aqua,MODIS,39,6.2,290,20.7,D,0
22.2687,92.3699,354,1.6,1.3,2004-04-22,0729,Aqua,MODIS,97,6.2,297.4,125.1,D,0
21.7664,92.3736,321.2,1.6,1.2,2004-04-22,0729,Aqua,MODIS,65,6.2,285.5,28.4,D,0
22.145,92.169,315.1,2.7,1.6,2004-04-23,0506,Terra,MODIS,64,6.2,294.1,30,D,0
21.5468,92.4734,310.4,3,1.6,2004-04-23,0506,Terra,MODIS,34,6.2,291.3,20.6,D,0
21.5522,92.4466,320.9,2.9,1.6,2004-04-23,0506,Terra,MODIS,73,6.2,291.5,62.6,D,0
21.5512,92.4402,316.1,2.9,1.6,2004-04-23,0507,Terra,MODIS,65,6.2,291.3,42.2,D,0
21.546,92.4668,315.6,3,1.6,2004-04-23,0507,Terra,MODIS,64,6.2,291.4,40.9,D,0
21.3864,92.5148,329.9,3.2,1.7,2004-04-23,0634,Aqua,MODIS,76,6.2,293,123.6,D,0
21.4867,92.4797,325,3.2,1.7,2004-04-23,0634,Aqua,MODIS,68,6.2,289.9,89.9,D,0
21.3843,92.5107,326.5,3.2,1.7,2004-04-23,0634,Aqua,MODIS,71,6.2,292.9,104.4,D,0
21.4785,92.4769,319.5,1.1,1,2004-04-24,0717,Aqua,MODIS,66,6.2,300.4,7.9,D,0
21.4797,92.4139,318.3,1.1,1,2004-04-24,0717,Aqua,MODIS,63,6.2,299.6,8.2,D,0
21.4097,92.4414,317,1.1,1,2004-04-24,0717,Aqua,MODIS,59,6.2,298.7,7.4,D,0
21.4083,92.4306,323.1,1.1,1,2004-04-24,0717,Aqua,MODIS,72,6.2,297.5,14.3,D,0
21.5434,92.4669,344,1.1,1,2004-04-24,0717,Aqua,MODIS,91,6.2,301,45,D,0
21.5448,92.4773,318.6,1.1,1,2004-04-24,0717,Aqua,MODIS,59,6.2,299.4,7,D,0
21.5341,92.4682,366.2,1.1,1,2004-04-24,0717,Aqua,MODIS,100,6.2,301.8,105.2,D,0
21.4799,92.4871,374.3,1.1,1,2004-04-24,0717,Aqua,MODIS,100,6.2,302.1,136.8,D,0
21.4324,92.4699,326.9,1.1,1,2004-04-24,0717,Aqua,MODIS,77,6.2,301.1,16.8,D,0
21.4338,92.4802,344.5,1.1,1,2004-04-24,0717,Aqua,MODIS,92,6.2,301.8,46.3,D,0
21.3747,92.5788,406,1.1,1,2004-04-24,0717,Aqua,MODIS,100,6.2,304.4,318,D,0
21.5778,92.4665,343.8,1.1,1,2004-04-24,0717,Aqua,MODIS,91,6.2,301.2,44.8,D,0
21.5764,92.4562,341.8,1.1,1,2004-04-24,0717,Aqua,MODIS,90,6.2,301.5,40.6,D,0
21.5871,92.4651,358.7,1.1,1,2004-04-24,0717,Aqua,MODIS,99,6.2,300.8,81.4,D,0
21.5857,92.4548,355.8,1.1,1,2004-04-24,0717,Aqua,MODIS,98,6.2,302.2,73,D,0
21.5963,92.4637,359.5,1.1,1,2004-04-24,0717,Aqua,MODIS,99,6.2,301.3,83.7,D,0
21.595,92.4533,337.7,1.1,1,2004-04-24,0717,Aqua,MODIS,87,6.2,300.3,32.9,D,0
21.6083,92.4825,345.1,1.1,1,2004-04-24,0717,Aqua,MODIS,92,6.2,293.3,48.3,D,0
21.6069,92.4724,362.3,1.1,1,2004-04-24,0717,Aqua,MODIS,100,6.2,299.9,92.7,D,0
21.6056,92.4622,328.8,1.1,1,2004-04-24,0717,Aqua,MODIS,80,6.2,300.1,18.7,D,0
21.6162,92.4709,360.6,1.1,1,2004-04-24,0717,Aqua,MODIS,100,6.2,299.9,88,D,0
21.1539,92.1116,319.2,1,1,2004-04-24,0717,Aqua,MODIS,20,6.2,298.8,8.3,D,0
21.1631,92.1102,324.3,1,1,2004-04-24,0717,Aqua,MODIS,74,6.2,297.2,14.1,D,0
21.373,92.4951,319.7,1.1,1,2004-04-24,0717,Aqua,MODIS,65,6.2,300.1,8.8,D,0
21.3743,92.5052,352,1.1,1,2004-04-24,0717,Aqua,MODIS,96,6.2,300.4,64.1,D,0
21.3651,92.5067,319.1,1.1,1,2004-04-24,0717,Aqua,MODIS,63,6.2,300.1,8.3,D,0
23.6546,92.1474,313.8,1,1,2004-04-26,0705,Aqua,MODIS,53,6.2,299,5.9,D,0
23.5669,91.9959,336.3,1,1,2004-04-26,0705,Aqua,MODIS,87,6.2,299.2,30.8,D,0
23.644,92.2004,336.3,1,1,2004-04-26,0705,Aqua,MODIS,82,6.2,300,29,D,0
23.5202,92.2397,321.8,1,1,2004-04-26,0705,Aqua,MODIS,73,6.2,300.5,12.2,D,0
23.5716,91.9677,320.2,1,1,2004-04-26,0705,Aqua,MODIS,70,6.2,297.1,10.2,D,0
22.2903,92.2798,317,1,1,2004-04-26,0705,Aqua,MODIS,61,6.2,302.1,5.8,D,0
23.4633,92.0407,332.7,1,1,2004-04-26,0705,Aqua,MODIS,84,6.2,298.6,25.7,D,0
23.3783,92.2769,324.2,1,1,2004-04-26,0705,Aqua,MODIS,75,6.2,296.3,14.6,D,0
23.4512,92.0224,334.3,1,1,2004-04-26,0705,Aqua,MODIS,85,6.2,300.1,27.2,D,0
23.4528,92.0323,327.5,1,1,2004-04-26,0705,Aqua,MODIS,79,6.2,299.2,18.2,D,0
23.6692,91.9445,328.8,1,1,2004-04-26,0705,Aqua,MODIS,58,6.2,300.4,18.7,D,0
21.4222,92.4535,322.3,1,1,2004-04-26,0705,Aqua,MODIS,70,6.2,302.3,11.8,D,0
23.3245,92.2211,328.6,1,1,2004-04-26,0705,Aqua,MODIS,80,6.2,301.6,19.3,D,0
23.2373,92.1348,318.5,1,1,2004-04-26,0705,Aqua,MODIS,65,6.2,300.6,7.4,D,0
21.4829,92.4262,369,1,1,2004-04-26,0705,Aqua,MODIS,100,6.2,303,110.4,D,0
21.4542,92.421,341.9,1,1,2004-04-26,0705,Aqua,MODIS,90,6.2,300.5,39.8,D,0
23.5757,92.1786,322.5,1,1,2004-04-26,0705,Aqua,MODIS,74,6.2,300,13.4,D,0
23.4106,92.1219,324.9,1,1,2004-04-26,0705,Aqua,MODIS,77,6.2,297.2,15.1,D,0
23.2838,92.3198,315.5,1,1,2004-04-26,0705,Aqua,MODIS,52,6.2,300.6,5.5,D,0
23.4242,92.2113,318.5,1,1,2004-04-26,0705,Aqua,MODIS,53,6.2,299.1,7.8,D,0
23.6888,91.9513,318.6,1,1,2004-04-26,0705,Aqua,MODIS,64,6.2,296.6,8.4,D,0
22.3291,92.476,317.6,1,1,2004-04-26,0705,Aqua,MODIS,56,6.2,299.3,7.3,D,0
23.4227,92.2014,324.7,1,1,2004-04-26,0705,Aqua,MODIS,76,6.2,299.5,13.8,D,0
21.4814,92.4162,322.6,1,1,2004-04-26,0705,Aqua,MODIS,72,6.2,302.7,12,D,0
21.3586,92.5864,340.5,1,1,2004-04-26,0705,Aqua,MODIS,88,6.2,301.6,36.9,D,0
21.3601,92.5961,324.7,1,1,2004-04-26,0705,Aqua,MODIS,65,6.2,300.7,14.2,D,0
21.4557,92.4309,337.4,1,1,2004-04-26,0705,Aqua,MODIS,87,6.2,301.1,32,D,0
23.4233,92.2692,317.9,1,1,2004-04-26,0705,Aqua,MODIS,64,6.2,298.4,8,D,0
23.5958,91.9429,323.4,1,1,2004-04-26,0705,Aqua,MODIS,75,6.2,300.9,13.5,D,0
21.4452,92.4228,323.5,1,1,2004-04-26,0705,Aqua,MODIS,64,6.2,297.1,14,D,0
23.4332,92.2097,338.6,1,1,2004-04-26,0705,Aqua,MODIS,88,6.2,300.9,33.3,D,0
22.8461,91.5622,316.5,1.1,1,2004-04-26,0705,Aqua,MODIS,52,6.2,300.1,6.8,D,0
22.8281,91.6295,315.3,1.1,1,2004-04-26,0705,Aqua,MODIS,51,6.2,301.7,5.9,D,0
23.5973,91.9529,377.1,1,1,2004-04-26,0705,Aqua,MODIS,100,6.2,300.9,141.3,D,0
21.5699,92.4563,337.1,1,1,2004-04-26,0705,Aqua,MODIS,87,6.2,298.8,29.7,D,0
21.4085,92.4864,350.5,1,1,2004-04-26,0705,Aqua,MODIS,95,6.2,304.3,57.5,D,0
23.4317,92.1998,319.9,1,1,2004-04-26,0705,Aqua,MODIS,46,6.2,300.7,8.6,D,0
21.3754,92.4518,337.3,1,1,2004-04-26,0705,Aqua,MODIS,87,6.2,300.4,34.2,D,0
21.4844,92.4361,349.9,1,1,2004-04-26,0705,Aqua,MODIS,95,6.2,301.2,55.6,D,0
21.407,92.4765,329.3,1,1,2004-04-26,0705,Aqua,MODIS,80,6.2,303.6,19.2,D,0
22.4199,92.224,315.5,1,1,2004-04-26,0705,Aqua,MODIS,55,6.2,301.6,5.2,D,0
23.5127,92.2465,320.3,1,1,2004-04-26,0705,Aqua,MODIS,70,6.2,299.5,9.9,D,0
21.9378,92.2646,318,1,1,2004-04-26,0705,Aqua,MODIS,46,6.2,301.7,6.2,D,0
21.9212,92.2778,323.2,1,1,2004-04-26,0705,Aqua,MODIS,73,6.2,301.1,12.3,D,0
23.5772,92.1885,321.8,1,1,2004-04-26,0705,Aqua,MODIS,73,6.2,300.1,12,D,0
23.5922,92.2267,331.9,1,1,2004-04-26,0705,Aqua,MODIS,67,6.2,297.5,23.7,D,0
24.2507,89.1383,317.4,1.4,1.2,2004-04-26,0706,Aqua,MODIS,27,6.2,301,14.6,D,0
23.6571,92.1303,351.6,3.6,1.8,2004-04-27,0748,Aqua,MODIS,90,6.2,293.4,362.5,D,0
22.6711,91.6963,321.8,3.2,1.7,2004-04-27,0748,Aqua,MODIS,73,6.2,296.8,63.6,D,0
23.6294,91.9947,332.7,3.5,1.8,2004-04-27,0748,Aqua,MODIS,85,6.2,294,151.7,D,0
23.6452,91.9935,338.2,3.5,1.8,2004-04-27,0748,Aqua,MODIS,89,6.2,292.9,201.2,D,0
23.6321,92.0268,328.4,3.5,1.8,2004-04-27,0748,Aqua,MODIS,74,6.2,293.8,115.7,D,0
22.9538,92.3185,321.7,3.6,1.8,2004-04-27,0748,Aqua,MODIS,75,6.2,295.1,83.9,D,0
22.6847,91.6866,318.7,3.2,1.7,2004-04-27,0748,Aqua,MODIS,54,6.2,296.5,43.2,D,0
23.4396,92.1225,334.3,3.5,1.8,2004-04-27,0748,Aqua,MODIS,81,6.2,295,171.1,D,0
23.6831,92.1189,331.5,3.6,1.8,2004-04-27,0748,Aqua,MODIS,63,6.2,286.7,164.4,D,0
23.2503,92.3354,375.2,3.6,1.8,2004-04-27,0748,Aqua,MODIS,100,6.2,294,823.7,D,0
23.1993,92.3058,340.3,3.6,1.8,2004-04-27,0748,Aqua,MODIS,90,6.2,297.1,226.2,D,0
23.1833,92.3075,319.4,3.6,1.8,2004-04-27,0748,Aqua,MODIS,72,6.2,296.7,58.7,D,0
23.6404,91.9865,337.9,3.5,1.8,2004-04-27,0748,Aqua,MODIS,88,6.2,292.8,200.9,D,0
23.192,92.3114,353.2,3.6,1.8,2004-04-27,0748,Aqua,MODIS,97,6.2,298.4,397,D,0
23.2663,92.3338,341.8,3.6,1.8,2004-04-27,0748,Aqua,MODIS,91,6.2,288.7,252.2,D,0
23.4292,92.131,332.6,3.5,1.8,2004-04-27,0748,Aqua,MODIS,65,6.2,295.1,153.5,D,0
23.4369,92.0884,330.6,3.5,1.8,2004-04-27,0748,Aqua,MODIS,83,6.2,292.9,140,D,0
22.9477,92.3107,327.4,3.6,1.8,2004-04-27,0748,Aqua,MODIS,81,6.2,294.9,123.1,D,0
23.8277,89.6001,315.9,3.5,1.8,2004-04-28,0524,Terra,MODIS,28,6.2,297.7,59.2,D,0
24.3653,89.7439,314.7,3.5,1.8,2004-04-28,0524,Terra,MODIS,0,6.2,297.5,39.4,D,0
21.4051,92.1317,315.7,1.5,1.2,2004-04-28,0652,Aqua,MODIS,62,6.2,299.2,11.2,D,0
21.2039,92.1132,314.6,1.6,1.2,2004-04-28,0652,Aqua,MODIS,24,6.2,299.4,10.5,D,0
22.8119,92.1699,311.5,1.5,1.2,2004-04-28,0653,Aqua,MODIS,43,6.2,296.6,6.8,D,0
23.5777,92.1919,330.4,1.4,1.2,2004-04-28,0653,Aqua,MODIS,79,6.2,298,36.5,D,0
23.6285,92.0781,328.5,1.4,1.2,2004-04-28,0653,Aqua,MODIS,82,6.2,297.2,35.5,D,0
23.6309,92.0919,345.7,1.4,1.2,2004-04-28,0653,Aqua,MODIS,93,6.2,295.9,80.1,D,0
23.5753,92.0515,348.2,1.4,1.2,2004-04-28,0653,Aqua,MODIS,94,6.2,298.1,89.6,D,0
23.5882,92.0632,356.1,1.4,1.2,2004-04-28,0653,Aqua,MODIS,85,6.2,286.7,119.5,D,0
23.4426,92.198,336.2,1.4,1.2,2004-04-28,0653,Aqua,MODIS,87,6.2,297.2,49.8,D,0
23.4759,92.0779,312.9,1.4,1.2,2004-04-28,0653,Aqua,MODIS,57,6.2,298.7,10.1,D,0
23.4406,91.9991,325.5,1.5,1.2,2004-04-28,0653,Aqua,MODIS,74,6.2,297.1,27,D,0
23.4478,92.0408,316.2,1.4,1.2,2004-04-28,0653,Aqua,MODIS,30,6.2,294.5,13.1,D,0
23.445,92.2118,318.5,1.4,1.2,2004-04-28,0653,Aqua,MODIS,70,6.2,298,15.9,D,0
23.438,92.2045,337.1,1.4,1.2,2004-04-28,0653,Aqua,MODIS,88,6.2,296,52.1,D,0
23.5085,92.2687,332.3,1.4,1.2,2004-04-28,0653,Aqua,MODIS,85,6.2,294.6,41,D,0
23.5107,92.2819,338.5,1.4,1.2,2004-04-28,0653,Aqua,MODIS,89,6.2,295.8,55.7,D,0
23.461,92.1801,337.2,1.4,1.2,2004-04-28,0653,Aqua,MODIS,88,6.2,299,54,D,0
23.4699,91.9789,373,1.5,1.2,2004-04-28,0653,Aqua,MODIS,100,6.2,299.4,204.9,D,0
23.4676,91.9653,344.4,1.5,1.2,2004-04-28,0653,Aqua,MODIS,92,6.2,299.2,75.2,D,0
23.58,92.2056,430.5,1.4,1.2,2004-04-28,0653,Aqua,MODIS,94,6.2,309.4,793,D,0
23.5824,92.2194,364.4,1.4,1.2,2004-04-28,0653,Aqua,MODIS,94,6.2,300.1,150.2,D,0
23.7049,92.1684,315.8,1.4,1.2,2004-04-28,0653,Aqua,MODIS,60,6.2,299.3,11.3,D,0
21.8003,92.4004,314.5,1.5,1.2,2004-04-28,0653,Aqua,MODIS,36,6.2,297.6,8.3,D,0
23.6969,92.1624,327.9,1.4,1.2,2004-04-28,0653,Aqua,MODIS,81,6.2,300.1,30.6,D,0
23.5695,92.0808,337.4,1.4,1.2,2004-04-28,0653,Aqua,MODIS,88,6.2,297.9,55.7,D,0
23.5671,92.0671,367.7,1.4,1.2,2004-04-28,0653,Aqua,MODIS,100,6.2,298.8,173.6,D,0
22.7932,92.3509,319.3,1.4,1.2,2004-04-28,0653,Aqua,MODIS,70,6.2,299.5,15.7,D,0
22.7911,92.3381,322.3,1.4,1.2,2004-04-28,0653,Aqua,MODIS,74,6.2,299.8,20.5,D,0
23.5261,92.0184,360.1,1.4,1.2,2004-04-28,0653,Aqua,MODIS,87,6.2,293.4,137.3,D,0
23.4981,92.0161,321.7,1.4,1.2,2004-04-28,0653,Aqua,MODIS,61,6.2,294.2,20.4,D,0
23.58,92.0788,342.5,1.4,1.2,2004-04-28,0653,Aqua,MODIS,91,6.2,298.5,70.5,D,0
23.5776,92.0652,427.4,1.4,1.2,2004-04-28,0653,Aqua,MODIS,100,6.2,306.9,769.2,D,0
22.0918,92.1598,318.4,1.5,1.2,2004-04-28,0653,Aqua,MODIS,67,6.2,298.9,13.1,D,0
21.5586,92.4784,362.7,1.5,1.2,2004-04-28,0653,Aqua,MODIS,100,6.2,301.7,149.6,D,0
23.4388,92.1141,314.6,1.4,1.2,2004-04-28,0653,Aqua,MODIS,62,6.2,298.8,11.4,D,0
22.9164,91.5805,313,1.6,1.2,2004-04-28,0653,Aqua,MODIS,44,6.2,295.9,8.1,D,0
23.4587,92.1667,319.9,1.4,1.2,2004-04-28,0653,Aqua,MODIS,72,6.2,298.2,19.6,D,0
23.5696,92.2078,318.2,1.4,1.2,2004-04-28,0653,Aqua,MODIS,44,6.2,298.6,15.2,D,0
23.5817,92.0674,322.7,1.1,1,2004-04-29,0429,Terra,MODIS,76,6.2,295.5,17,D,0
21.5696,92.1827,319.7,1,1,2004-04-29,0430,Terra,MODIS,68,6.2,301.1,7.9,D,0
21.4415,92.4713,320,2.1,1.4,2004-04-29,0735,Aqua,MODIS,64,6.2,299.1,24.8,D,0
23.578,91.9497,322.3,2,1.4,2004-04-29,0736,Aqua,MODIS,49,6.2,295.7,34,D,0
23.676,92.1309,330.1,2.1,1.4,2004-04-29,0736,Aqua,MODIS,78,6.2,289.9,69.6,D,0
23.4647,92.2156,321.9,2.1,1.4,2004-04-29,0736,Aqua,MODIS,32,6.2,293.7,33.7,D,0
23.4373,92.1985,334.6,2.1,1.4,2004-04-29,0736,Aqua,MODIS,75,6.2,294.6,85.6,D,0
23.452,92.2171,351.5,2.1,1.4,2004-04-29,0736,Aqua,MODIS,90,6.2,292.9,170.9,D,0
23.6281,92.0374,316.5,2.1,1.4,2004-04-29,0736,Aqua,MODIS,52,6.2,293.4,24.4,D,0
23.6156,92.0388,382,2.1,1.4,2004-04-29,0736,Aqua,MODIS,94,6.2,295.5,449,D,0
23.45,92.1969,354.7,2.1,1.4,2004-04-29,0736,Aqua,MODIS,97,6.2,298.1,193.9,D,0
23.6303,92.058,323.7,2.1,1.4,2004-04-29,0736,Aqua,MODIS,72,6.2,290.8,46.6,D,0
23.6472,91.9754,317.8,2.1,1.4,2004-04-29,0736,Aqua,MODIS,68,6.2,295.3,26.3,D,0
21.377,92.5808,343.8,2.4,1.5,2004-04-30,0640,Aqua,MODIS,91,6.2,297.6,158,D,0
23.0475,92.3215,319.7,2.3,1.5,2004-04-30,0641,Aqua,MODIS,72,6.2,291.5,40.6,D,0
23.6737,92.1362,334.8,2.3,1.5,2004-04-30,0641,Aqua,MODIS,87,6.2,292.9,99.5,D,0
23.6728,92.1188,317.7,2.3,1.5,2004-04-30,0641,Aqua,MODIS,71,6.2,291.9,32.5,D,0
23.6769,92.1402,332.6,2.3,1.5,2004-04-30,0641,Aqua,MODIS,85,6.2,293.3,88.4,D,0
23.4455,92.1821,312.2,2.3,1.5,2004-04-30,0641,Aqua,MODIS,59,6.2,289.6,21.1,D,0
23.336,92.2376,319.3,2.3,1.5,2004-04-30,0641,Aqua,MODIS,66,6.2,292.6,38.4,D,0
23.0499,92.3274,314.6,2.3,1.5,2004-04-30,0641,Aqua,MODIS,61,6.2,292,25.7,D,0
23.0458,92.3055,314.1,2.3,1.5,2004-04-30,0641,Aqua,MODIS,59,6.2,290.6,24.6,D,0
23.6342,91.9871,311.8,2.4,1.5,2004-04-30,0641,Aqua,MODIS,58,6.2,292.5,18.6,D,0
22.5302,92.1706,318.8,2.4,1.5,2004-04-30,0641,Aqua,MODIS,64,6.2,296.2,37.2,D,0
22.5258,92.1474,315.2,2.4,1.5,2004-04-30,0641,Aqua,MODIS,59,6.2,294.6,26.7,D,0
23.6695,92.1148,310.1,2.3,1.5,2004-04-30,0641,Aqua,MODIS,40,6.2,291.2,12.4,D,0
23.3342,92.2642,328.9,1.3,1.1,2004-05-01,0724,Aqua,MODIS,79,6.2,299.7,27.1,D,0
23.3323,92.2575,326.6,1.3,1.1,2004-05-01,0724,Aqua,MODIS,76,6.2,299.8,22.9,D,0
23.3209,92.2403,351.1,1.3,1.1,2004-05-01,0724,Aqua,MODIS,95,6.2,299.1,81.2,D,0
23.3326,92.2515,323.5,1.3,1.1,2004-05-01,0724,Aqua,MODIS,50,6.2,300.4,16.5,D,0
22.8268,89.717,322.1,1,1,2004-05-01,0724,Aqua,MODIS,63,6.2,301.9,9,D,0
23.3774,92.2524,324,1,1,2004-05-03,0711,Aqua,MODIS,73,6.2,302,13,D,0
22.2996,92.3758,322.7,1,1,2004-05-03,0711,Aqua,MODIS,67,6.2,307.9,7.8,D,0
21.9731,92.2185,320.3,1,1,2004-05-03,0711,Aqua,MODIS,43,6.2,302.4,5.6,D,0
23.6128,91.9662,330.8,1,1,2004-05-03,0712,Aqua,MODIS,81,6.2,303.9,20.5,D,0
23.6141,91.9759,335.2,1,1,2004-05-03,0712,Aqua,MODIS,85,6.2,302.5,26.8,D,0
24.6979,91.7813,314,1.2,1.1,2004-05-04,0447,Terra,MODIS,44,6.2,300.6,4.2,D,0
24.8318,92.2092,313.3,1.2,1.1,2004-05-04,0447,Terra,MODIS,30,6.2,300,4.1,D,0
24.7852,91.0244,313.7,1.1,1,2004-05-04,0447,Terra,MODIS,16,6.2,299.5,4.3,D,0
24.7658,91.812,314.1,1.2,1.1,2004-05-04,0447,Terra,MODIS,47,6.2,300.7,4.4,D,0
24.6175,90.9162,315.5,1.1,1,2004-05-04,0448,Terra,MODIS,23,6.2,300,5.8,D,0
22.3959,92.0201,315.8,1.3,1.1,2004-05-04,0448,Terra,MODIS,53,6.2,304.4,6.8,D,0
21.8759,92.5019,316.7,4.7,2,2004-05-04,0754,Aqua,MODIS,55,6.2,302.9,52.8,D,0
23.6134,92.0506,322.3,4.6,2,2004-05-04,0755,Aqua,MODIS,65,6.2,299.6,118.9,D,0
23.6146,92.0555,321.3,4.6,2,2004-05-04,0755,Aqua,MODIS,62,6.2,299.6,109.6,D,0
21.9348,92.5566,327.2,1.2,1.1,2004-05-05,0659,Aqua,MODIS,75,6.2,304.9,19.9,D,0
22.7608,91.6481,327,1.3,1.1,2004-05-05,0659,Aqua,MODIS,80,6.2,304,20.7,D,0
22.7628,91.66,329.8,1.3,1.1,2004-05-05,0659,Aqua,MODIS,83,6.2,304.6,24.7,D,0
22.751,91.6501,318.8,1.3,1.1,2004-05-05,0659,Aqua,MODIS,59,6.2,301.8,9.9,D,0
21.9295,92.5525,329.9,1.2,1.1,2004-05-05,0659,Aqua,MODIS,78,6.2,305.3,22.8,D,0
21.9313,92.5639,322.9,1.2,1.1,2004-05-05,0659,Aqua,MODIS,65,6.2,306.5,13.2,D,0
23.5681,92.064,316.2,2.7,1.6,2004-05-06,0742,Aqua,MODIS,44,6.2,299.3,28,D,0
26.163,89.0724,317.5,2.2,1.4,2004-05-07,0518,Terra,MODIS,29,6.2,301.9,22.4,D,0
24.3355,89.7355,319.3,2.7,1.6,2004-05-07,0518,Terra,MODIS,0,6.2,302.8,33.8,D,0
26.1344,89.0662,317.7,2.6,1.5,2004-05-07,0648,Aqua,MODIS,15,6.2,303.2,29,D,0
23.3897,92.2364,326.8,1.7,1.3,2004-05-08,0730,Aqua,MODIS,75,6.2,301.5,33.5,D,0
23.3328,92.2435,315.9,1.7,1.3,2004-05-08,0730,Aqua,MODIS,20,6.2,301.4,11.1,D,0
23.6417,92.0538,316.5,1.6,1.3,2004-05-08,0730,Aqua,MODIS,47,6.2,297.3,11.7,D,0
23.6399,92.0378,354.6,1.6,1.3,2004-05-08,0730,Aqua,MODIS,97,6.2,300,130.6,D,0
21.2198,92.1144,321.2,1.1,1,2004-05-10,0717,Aqua,MODIS,31,6.2,301.8,7.4,D,0
21.9192,92.2208,316.4,1.1,1.1,2004-05-13,0442,Terra,MODIS,57,6.2,295.8,7.1,D,0
24.1304,89.0045,315.9,2.5,1.5,2004-06-08,0518,Terra,MODIS,0,6.2,294.9,21.6,D,0
24.2203,89.16,315.7,2.8,1.6,2004-06-08,0648,Aqua,MODIS,30,6.2,294.1,31.9,D,0
25.8673,88.7149,314.9,1.1,1.1,2004-08-23,0713,Aqua,MODIS,26,6.2,296.6,8.7,D,0
21.3617,92.6,312.3,1.1,1,2004-11-02,0717,Aqua,MODIS,65,6.2,298.3,8,D,0
24.3654,88.5204,312.1,1,1,2004-11-03,0453,Terra,MODIS,0,6.2,300.3,6.1,D,0
24.3639,88.5303,324.1,1,1,2004-11-03,0453,Terra,MODIS,0,6.2,300.5,17.1,D,0
22.8111,92.0408,310.6,1,1,2004-11-04,0706,Aqua,MODIS,58,6.2,296.2,6.2,D,0
22.8127,92.0509,314,1,1,2004-11-04,0706,Aqua,MODIS,69,6.2,296.2,8.8,D,0
23.7171,90.9874,303.4,1.4,1.2,2004-11-18,1926,Aqua,MODIS,55,6.2,290.8,10,N,0
23.7237,90.4088,336,1,1,2004-11-21,0440,Terra,MODIS,88,6.2,293.6,32.9,D,0
23.7223,90.4185,323.4,1,1,2004-11-21,0440,Terra,MODIS,79,6.2,295,16.7,D,0
23.7102,90.992,304.1,1,1,2004-11-23,1945,Aqua,MODIS,59,6.2,290.2,6.3,N,0
23.7117,90.9823,305.2,1,1,2004-11-23,1945,Aqua,MODIS,63,6.2,290.1,6.9,N,0
22.859,92.0351,316.1,1.3,1.1,2004-11-25,0724,Aqua,MODIS,73,6.2,297.4,14.8,D,0
22.9287,91.5734,311.1,1.3,1.1,2004-11-29,0659,Aqua,MODIS,65,6.2,300.2,8.2,D,0
22.331,91.8088,313,2.5,1.5,2004-11-30,0742,Aqua,MODIS,52,6.2,299.4,22.7,D,0
22.8802,91.7679,309.7,2,1.4,2004-12-01,0647,Aqua,MODIS,65,6.2,295.7,16.8,D,0
22.8839,91.7601,313.3,2,1.4,2004-12-01,0647,Aqua,MODIS,71,6.2,296.3,22.4,D,0
23.7221,90.9073,315.9,1,1,2004-12-04,0718,Aqua,MODIS,69,6.2,302.2,8.5,D,0
23.4724,90.9336,311,1.1,1.1,2004-12-06,0705,Aqua,MODIS,62,6.2,298.4,6.4,D,0
22.8091,92.0484,308.3,1.2,1.1,2004-12-15,0659,Aqua,MODIS,64,6.2,296,6.8,D,0
22.8061,92.0425,311.6,1.2,1.1,2004-12-15,0659,Aqua,MODIS,69,6.2,295.4,9.5,D,0
22.8072,92.0369,307.3,1.2,1.1,2004-12-15,0659,Aqua,MODIS,61,6.2,294.4,6.1,D,0
23.661,89.5103,314.4,1.2,1.1,2004-12-18,0730,Aqua,MODIS,65,6.2,300,8.6,D,0
24.6138,89.0807,311.3,1,1,2004-12-20,0718,Aqua,MODIS,59,6.2,298,5.5,D,0
24.6915,88.9787,310.1,1,1,2004-12-20,0718,Aqua,MODIS,55,6.2,299,4.6,D,0
