latitude,longitude,brightness,scan,track,acq_date,acq_time,satellite,instrument,confidence,version,bright_t31,frp,daynight,type
24.1829,91.1974,314.6,1.3,1.1,2011-01-01,0702,Aqua,MODIS,72,6.2,295.9,13.3,D,0
24.5083,91.6368,306.2,1,1,2011-01-02,0435,Terra,MODIS,62,6.2,294.4,4.9,D,0
24.1639,91.2011,310.9,2.4,1.5,2011-01-02,0745,Aqua,MODIS,69,6.2,296.3,22.8,D,0
24.1698,91.2052,310.2,2.4,1.5,2011-01-02,0745,Aqua,MODIS,67,6.2,296.5,20.5,D,0
22.2854,91.7881,304.5,1.2,1.1,2011-01-04,0423,Terra,MODIS,0,6.2,288.6,5.3,D,0
24.7423,89.0443,308.9,1.1,1.1,2011-01-04,0733,Aqua,MODIS,60,6.2,296.4,5.8,D,0
23.0271,90.0709,308.7,1,1,2011-01-06,0720,Aqua,MODIS,63,6.2,296.5,6.1,D,0
23.1105,90.9195,306.9,1,1,2011-01-06,0720,Aqua,MODIS,58,6.2,294.9,5.2,D,0
24.1132,89.4238,308.1,1,1,2011-01-06,0721,Aqua,MODIS,59,6.2,297.2,4.1,D,0
24.0579,89.6672,304.3,1.1,1,2011-01-07,0453,Terra,MODIS,0,6.2,294.2,5.4,D,0
24.3331,88.5541,304.2,1,1,2011-01-07,0453,Terra,MODIS,44,6.2,293.4,4.5,D,0
25.0963,92.0829,313,1,1,2011-01-08,0709,Aqua,MODIS,69,6.2,301.4,5.9,D,0
24.1363,91.2413,308.1,1,1,2011-01-09,0441,Terra,MODIS,64,6.2,296,4.5,D,0
24.0614,89.6689,305.6,1,1,2011-01-09,0441,Terra,MODIS,0,6.2,295.6,5.3,D,0
24.1772,88.7534,303.4,3,1.6,2011-01-10,0524,Terra,MODIS,0,6.2,291.9,24.9,D,0
22.9877,91.79,309.3,1,1,2011-01-15,0714,Aqua,MODIS,64,6.2,297.4,5.9,D,0
24.2062,91.2964,314,1,1,2011-01-15,0715,Aqua,MODIS,71,6.2,298.2,8.7,D,0
22.0495,90.5602,306.9,1.5,1.2,2011-01-17,0702,Aqua,MODIS,44,6.2,295.6,7.3,D,0
24.1718,91.2075,315.2,1.3,1.1,2011-01-17,0702,Aqua,MODIS,75,6.2,296.3,14.2,D,0
21.9759,90.4564,308.8,1.5,1.2,2011-01-17,0702,Aqua,MODIS,63,6.2,295.7,8.8,D,0
24.1659,91.2338,307.9,1.3,1.1,2011-01-17,0702,Aqua,MODIS,31,6.2,296.3,5.9,D,0
22.4579,90.6909,302.6,2.4,1.5,2011-01-19,0650,Aqua,MODIS,12,6.2,289.4,6.4,D,0
22.9884,91.7809,308.1,1.5,1.2,2011-01-20,0733,Aqua,MODIS,18,6.2,297,7.3,D,0
22.9977,91.7646,319.1,1.5,1.2,2011-01-20,0733,Aqua,MODIS,77,6.2,297.7,24.1,D,0
25.4798,89.6573,303.3,1.5,1.2,2011-01-21,0505,Terra,MODIS,0,6.2,292.3,7.5,D,0
24.0913,88.8547,303.6,1.4,1.2,2011-01-21,0505,Terra,MODIS,17,6.2,292.8,6.8,D,0
25.6614,89.5346,303.6,1.5,1.2,2011-01-21,0505,Terra,MODIS,33,6.2,291.5,6.9,D,0
22.9599,90.0518,306.5,1,1,2011-01-22,0720,Aqua,MODIS,55,6.2,295.9,4.7,D,0
24.1556,91.2407,313,1,1,2011-01-22,0721,Aqua,MODIS,70,6.2,298,8.1,D,0
24.4793,88.6102,304.8,1,1,2011-01-22,0721,Aqua,MODIS,31,6.2,294.2,4.2,D,0
24.5252,91.6588,308.6,1.1,1,2011-01-22,0721,Aqua,MODIS,63,6.2,297.1,5.5,D,0
25.4712,89.6576,307.8,1.1,1,2011-01-23,0453,Terra,MODIS,0,6.2,296.1,6.3,D,0
24.0914,88.8499,306.2,1,1,2011-01-23,0453,Terra,MODIS,33,6.2,295.6,5.2,D,0
21.1977,92.1194,310.5,1.1,1,2011-01-24,0708,Aqua,MODIS,63,6.2,300.2,5.5,D,0
22.1042,92.1922,311.6,1,1,2011-01-24,0708,Aqua,MODIS,67,6.2,299.6,6.7,D,0
24.0558,89.6644,306,1,1,2011-01-25,0441,Terra,MODIS,0,6.2,296,5.2,D,0
25.4699,89.6591,303.1,3.2,1.7,2011-01-26,0523,Terra,MODIS,0,6.2,290.6,23.4,D,0
21.9307,92.1242,308.2,1,1,2011-01-27,0429,Terra,MODIS,63,6.2,295.7,5.4,D,0
24.0346,89.1369,310.5,1.4,1.2,2011-01-27,0739,Aqua,MODIS,63,6.2,294.1,11,D,0
25.0955,89.6143,304,1.5,1.2,2011-01-27,0739,Aqua,MODIS,0,6.2,289.5,4.3,D,0
23.9996,89.1794,310.9,1,1,2011-01-29,0727,Aqua,MODIS,63,6.2,296.2,6.8,D,0
22.8881,91.7518,310.3,1.2,1.1,2011-01-29,0727,Aqua,MODIS,61,6.2,300.2,6.1,D,0
24.5211,90.8747,300.1,1.5,1.2,2011-01-30,0459,Terra,MODIS,23,6.2,288,3.1,D,0
22.6652,91.8729,312.4,1,1,2011-01-31,0714,Aqua,MODIS,65,6.2,299.1,5.8,D,0
22.1669,92.1896,313.4,1,1,2011-01-31,0714,Aqua,MODIS,69,6.2,297.6,7.3,D,0
22.5265,91.7346,317.8,1,1,2011-01-31,0714,Aqua,MODIS,73,6.2,297.3,11.2,D,0
24.1802,91.1954,317.9,1,1,2011-01-31,0715,Aqua,MODIS,73,6.2,300,10.2,D,0
23.9985,89.0794,315.5,1.1,1.1,2011-01-31,0715,Aqua,MODIS,53,6.2,298.9,11.5,D,0
24.1787,91.1856,320.2,1,1,2011-01-31,0715,Aqua,MODIS,76,6.2,299.6,12.5,D,0
24.0003,89.0785,311.3,1,1,2011-02-01,0447,Terra,MODIS,51,6.2,297.4,7.5,D,0
24.0017,89.0688,305.9,1,1,2011-02-01,0447,Terra,MODIS,0,6.2,295.7,3.6,D,0
25.4726,89.6603,309.7,1,1,2011-02-01,0447,Terra,MODIS,0,6.2,299,6.6,D,0
24.5844,91.934,312.9,1.1,1.1,2011-02-02,0703,Aqua,MODIS,67,6.2,297.5,9.5,D,0
24.8793,92.4723,313.3,1.1,1,2011-02-02,0703,Aqua,MODIS,69,6.2,300.6,7.6,D,0
24.0074,89.0818,309,1.2,1.1,2011-02-03,0435,Terra,MODIS,59,6.2,294.3,8,D,0
25.4718,89.6597,310.9,1.2,1.1,2011-02-03,0435,Terra,MODIS,0,6.2,300.6,9.7,D,0
24.8928,92.4713,309.9,1.2,1.1,2011-02-05,0422,Terra,MODIS,63,6.2,298.6,6,D,0
24.822,90.0503,305.8,1.7,1.3,2011-02-06,0505,Terra,MODIS,51,6.2,295.3,8.5,D,0
24.0021,89.0745,309.1,1.5,1.2,2011-02-06,0506,Terra,MODIS,0,6.2,298.3,8.6,D,0
23.9995,89.089,312.7,1.5,1.2,2011-02-06,0506,Terra,MODIS,58,6.2,298.1,13.6,D,0
22.3662,92.1331,312.7,1.1,1,2011-02-07,0720,Aqua,MODIS,64,6.2,301.4,6,D,0
22.4897,91.7314,311.2,1,1,2011-02-07,0720,Aqua,MODIS,51,6.2,300.5,5.2,D,0
22.9601,91.7551,312.6,1.1,1,2011-02-07,0720,Aqua,MODIS,63,6.2,300.4,6.2,D,0
22.8846,91.7422,312.2,1.1,1,2011-02-07,0720,Aqua,MODIS,62,6.2,301.8,5.3,D,0
24.2065,91.3868,316.1,1.1,1,2011-02-07,0721,Aqua,MODIS,69,6.2,300.2,8.6,D,0
23.6924,89.5698,315.6,1.1,1,2011-02-08,0453,Terra,MODIS,70,6.2,298.4,10.6,D,0
23.7017,89.5715,309.7,1.1,1,2011-02-08,0453,Terra,MODIS,50,6.2,299,5.1,D,0
22.3203,92.1921,312.1,1,1,2011-02-09,0708,Aqua,MODIS,63,6.2,300.8,5.1,D,0
22.5429,92.1449,312.4,1,1,2011-02-09,0708,Aqua,MODIS,63,6.2,301.1,6,D,0
24.1352,89.0909,312.4,1.4,1.2,2011-02-09,0709,Aqua,MODIS,57,6.2,302.2,8.4,D,0
22.9912,91.7768,315.4,1,1,2011-02-10,0441,Terra,MODIS,72,6.2,300.5,9.8,D,0
23.1141,89.5884,312,1,1,2011-02-10,0441,Terra,MODIS,66,6.2,300.3,6.6,D,0
25.2189,89.7389,312.9,1,1,2011-02-10,0441,Terra,MODIS,49,6.2,299.3,6.6,D,0
24.1992,91.3883,311.7,3.2,1.7,2011-02-10,0752,Aqua,MODIS,60,6.2,301.4,28.7,D,0
25.4679,89.6582,308.7,3.2,1.7,2011-02-11,0524,Terra,MODIS,0,6.2,297.7,36.7,D,0
24.348,91.6145,310.9,1.5,1.2,2011-02-11,0656,Aqua,MODIS,59,6.2,299.5,8,D,0
24.3447,91.6206,314,1.5,1.2,2011-02-11,0656,Aqua,MODIS,67,6.2,300.1,11.7,D,0
23.389,92.1928,312.9,1,1,2011-02-12,0429,Terra,MODIS,70,6.2,296.3,10,D,0
23.1145,89.5742,329.3,1.4,1.2,2011-02-12,0739,Aqua,MODIS,83,6.2,304,35.4,D,0
21.5158,92.2199,316.2,2,1.4,2011-02-12,0739,Aqua,MODIS,65,6.2,303.5,22.6,D,0
21.5137,92.2006,316,2,1.4,2011-02-12,0739,Aqua,MODIS,65,6.2,303.6,21.9,D,0
24.2039,91.3745,311.1,1.9,1.4,2011-02-12,0739,Aqua,MODIS,50,6.2,301,12.5,D,0
22.8171,91.6187,315.2,1.9,1.4,2011-02-12,0739,Aqua,MODIS,67,6.2,300.3,21.1,D,0
22.2922,92.1975,313.6,1.3,1.1,2011-02-14,0726,Aqua,MODIS,64,6.2,301.3,8.9,D,0
24.8748,92.4659,315,1.4,1.2,2011-02-14,0727,Aqua,MODIS,61,6.2,298.8,12.2,D,0
25.0713,89.5967,308.9,1.1,1,2011-02-16,0715,Aqua,MODIS,0,6.2,294.1,3.4,D,0
24.9206,89.5979,310.1,1.2,1.1,2011-02-19,0435,Terra,MODIS,0,6.2,298,8.8,D,0
23.8622,89.4231,309.3,1.2,1.1,2011-02-19,0435,Terra,MODIS,33,6.2,297.3,6.3,D,0
24.1976,91.3851,317.5,2.5,1.5,2011-02-19,0745,Aqua,MODIS,72,6.2,298.4,37.1,D,0
21.3814,92.1461,319.6,1.6,1.2,2011-02-21,0732,Aqua,MODIS,71,6.2,299.9,19.6,D,0
23.8636,89.4204,309.7,1.6,1.2,2011-02-22,0506,Terra,MODIS,45,6.2,299.5,10.3,D,0
22.469,91.7389,318.7,1.1,1,2011-02-23,0720,Aqua,MODIS,68,6.2,303.2,10.2,D,0
22.3916,92.1342,318.1,1.1,1,2011-02-23,0720,Aqua,MODIS,69,6.2,307.3,7.3,D,0
22.393,92.1446,318.6,1.1,1,2011-02-23,0720,Aqua,MODIS,70,6.2,306.1,8.1,D,0
22.3029,91.8705,326.7,1.1,1,2011-02-23,0720,Aqua,MODIS,80,6.2,305.1,18.4,D,0
23.1351,89.6059,314.8,1,1,2011-02-23,0721,Aqua,MODIS,54,6.2,302.9,6.2,D,0
22.5407,91.7322,358.1,1.1,1,2011-02-23,0721,Aqua,MODIS,99,6.2,303.8,79,D,0
22.5393,91.7222,378,1.1,1,2011-02-23,0721,Aqua,MODIS,100,6.2,308.4,148.3,D,0
23.1323,89.5865,316.8,1,1,2011-02-23,0721,Aqua,MODIS,53,6.2,305.5,7.4,D,0
23.1337,89.5962,318,1,1,2011-02-23,0721,Aqua,MODIS,69,6.2,304.7,8.9,D,0
23.0766,89.9584,320.6,1,1,2011-02-23,0721,Aqua,MODIS,73,6.2,302.8,12,D,0
24.2031,91.3002,311.3,1.3,1.1,2011-02-24,0453,Terra,MODIS,63,6.2,301.2,6.8,D,0
24.2182,91.6888,319.5,1.4,1.2,2011-02-24,0453,Terra,MODIS,76,6.2,302.9,17.4,D,0
24.2205,91.6754,316.3,1.4,1.2,2011-02-24,0453,Terra,MODIS,73,6.2,301.3,12.7,D,0
22.9333,90.0302,317.6,1.2,1.1,2011-02-25,0708,Aqua,MODIS,69,6.2,302.8,13.2,D,0
22.4991,91.7449,314.8,1.1,1,2011-02-25,0708,Aqua,MODIS,45,6.2,303.5,5.9,D,0
22.3616,92.1735,320,1,1,2011-02-25,0708,Aqua,MODIS,72,6.2,305.7,9.6,D,0
23.0738,89.5788,369.2,1.3,1.1,2011-02-25,0708,Aqua,MODIS,100,6.2,308.1,157.5,D,0
23.0759,89.5914,352.9,1.3,1.1,2011-02-25,0708,Aqua,MODIS,96,6.2,305.8,89.5,D,0
24.302,91.585,316.8,1,1,2011-02-25,0709,Aqua,MODIS,66,6.2,303.7,6.9,D,0
24.1577,91.6654,316.2,1,1,2011-02-25,0709,Aqua,MODIS,64,6.2,305,5.8,D,0
24.1449,91.4593,323.5,1.1,1,2011-02-25,0709,Aqua,MODIS,76,6.2,306,14.2,D,0
24.3004,91.5749,318.6,1,1,2011-02-25,0709,Aqua,MODIS,69,6.2,304.8,8.4,D,0
23.086,89.5894,355.1,1.3,1.1,2011-02-25,0709,Aqua,MODIS,97,6.2,308.4,98.1,D,0
23.0961,89.5874,327.2,1.3,1.1,2011-02-25,0709,Aqua,MODIS,67,6.2,307.8,24.6,D,0
24.1465,91.4695,317,1.1,1,2011-02-25,0709,Aqua,MODIS,50,6.2,305.1,6.4,D,0
24.5689,91.9318,312.1,1,1,2011-02-26,0441,Terra,MODIS,66,6.2,299.8,5.7,D,0
23.3712,89.1076,313.9,1,1,2011-02-26,0441,Terra,MODIS,64,6.2,299.3,7.2,D,0
25.4742,89.6592,316.3,1,1,2011-02-26,0441,Terra,MODIS,0,6.2,304.9,11.4,D,0
24.5267,91.9078,324.1,1,1,2011-02-26,0441,Terra,MODIS,80,6.2,300.4,17,D,0
23.0996,89.5851,315.8,2.3,1.5,2011-02-26,0751,Aqua,MODIS,47,6.2,301.1,23.7,D,0
23.0987,89.5762,311.2,3.6,1.8,2011-02-27,0524,Terra,MODIS,49,6.2,295.7,43.8,D,0
23.0986,89.6076,310.4,3.7,1.8,2011-02-27,0524,Terra,MODIS,40,6.2,296,39.2,D,0
21.9433,92.4426,317.4,1.4,1.2,2011-02-27,0656,Aqua,MODIS,68,6.2,302.9,14.1,D,0
23.2544,91.8372,317.3,1.5,1.2,2011-02-27,0656,Aqua,MODIS,71,6.2,303,14.1,D,0
21.941,92.4289,315.3,1.4,1.2,2011-02-27,0656,Aqua,MODIS,63,6.2,303.1,11.1,D,0
23.2636,92.1137,315.4,1.4,1.2,2011-02-27,0656,Aqua,MODIS,68,6.2,303.3,11.2,D,0
23.0887,89.5799,324.4,2.1,1.4,2011-02-27,0656,Aqua,MODIS,78,6.2,302.4,48.2,D,0
23.0925,89.6001,314,2.1,1.4,2011-02-27,0656,Aqua,MODIS,37,6.2,301.1,18,D,0
24.1713,91.4059,313.3,1.5,1.2,2011-02-27,0656,Aqua,MODIS,48,6.2,300.9,7.4,D,0
22.5124,91.7511,317.4,1.1,1,2011-02-28,0429,Terra,MODIS,70,6.2,302.3,9.2,D,0
24.2362,91.7751,314,1.1,1,2011-02-28,0429,Terra,MODIS,67,6.2,301.6,8,D,0
22.511,91.7614,316.1,1.1,1,2011-02-28,0429,Terra,MODIS,68,6.2,302.1,8.1,D,0
21.9687,92.2533,327.3,2.1,1.4,2011-02-28,0739,Aqua,MODIS,78,6.2,304.5,53.4,D,0
23.1067,89.0102,314,1.3,1.1,2011-02-28,0739,Aqua,MODIS,52,6.2,303.2,9.2,D,0
23.1346,89.5931,321.2,1.4,1.2,2011-02-28,0739,Aqua,MODIS,72,6.2,307.8,18,D,0
23.0882,89.6049,330.1,1.4,1.2,2011-02-28,0739,Aqua,MODIS,64,6.2,304.8,32.1,D,0
22.6128,91.6929,314.6,1.9,1.4,2011-02-28,0739,Aqua,MODIS,59,6.2,304,13.3,D,0
22.411,92.1279,315.8,2.1,1.4,2011-02-28,0739,Aqua,MODIS,56,6.2,305.1,15.2,D,0
22.4854,91.7409,314.1,1.9,1.4,2011-02-28,0739,Aqua,MODIS,42,6.2,303.8,11.6,D,0
24.5786,88.1544,320.6,1.2,1.1,2011-02-28,0740,Aqua,MODIS,46,6.2,307.7,9.9,D,0
24.8958,92.4707,318.6,2,1.4,2011-03-01,0644,Aqua,MODIS,55,6.2,308.5,19.9,D,0
22.8628,91.5636,315.3,1.2,1.1,2011-03-02,0727,Aqua,MODIS,50,6.2,305.1,6.8,D,0
23.1328,89.6058,322,1,1,2011-03-02,0727,Aqua,MODIS,61,6.2,308.1,10,D,0
23.1314,89.5959,322.6,1,1,2011-03-02,0727,Aqua,MODIS,62,6.2,309.5,10.4,D,0
22.2172,92.4498,317.5,1.3,1.1,2011-03-02,0727,Aqua,MODIS,59,6.2,306.3,9.7,D,0
24.1953,91.4009,321.4,1.2,1.1,2011-03-02,0727,Aqua,MODIS,62,6.2,309,11,D,0
23.0953,89.6017,323.9,1,1,2011-03-02,0727,Aqua,MODIS,53,6.2,309,11,D,0
24.1446,91.3963,321.8,1.2,1.1,2011-03-02,0727,Aqua,MODIS,61,6.2,309.5,10.1,D,0
22.3712,92.0359,319.5,1.3,1.1,2011-03-02,0727,Aqua,MODIS,65,6.2,306.4,10.8,D,0
22.2176,92.4445,303.1,1,1,2011-03-02,1936,Aqua,MODIS,53,6.2,287.9,6.4,N,0
24.2586,91.7508,322.4,1.8,1.3,2011-03-03,0459,Terra,MODIS,78,6.2,301,31.6,D,0
24.2618,91.7339,314.1,1.8,1.3,2011-03-03,0459,Terra,MODIS,67,6.2,302.4,13.1,D,0
21.4442,92.2273,317.1,2.2,1.4,2011-03-03,0500,Terra,MODIS,67,6.2,302.1,28.4,D,0
21.4403,92.2478,320.3,2.2,1.4,2011-03-03,0500,Terra,MODIS,72,6.2,302.2,38.2,D,0
22.1585,92.2249,327.4,1,1,2011-03-04,0714,Aqua,MODIS,79,6.2,306.5,15.3,D,0
22.5446,91.9634,321.2,1,1,2011-03-04,0714,Aqua,MODIS,70,6.2,307.7,7.1,D,0
22.3882,92.1592,320.7,1,1,2011-03-04,0714,Aqua,MODIS,38,6.2,307.8,6.4,D,0
22.3113,92.1972,325.1,1,1,2011-03-04,0714,Aqua,MODIS,76,6.2,306.7,12.2,D,0
22.3126,92.2068,322.2,1,1,2011-03-04,0714,Aqua,MODIS,72,6.2,306,9.5,D,0
22.606,91.6807,319.2,1,1,2011-03-04,0714,Aqua,MODIS,65,6.2,304,6.6,D,0
22.7282,91.7037,319.8,1,1,2011-03-04,0714,Aqua,MODIS,67,6.2,307.2,7,D,0
22.2238,92.5593,313.6,1,1,2011-03-04,0714,Aqua,MODIS,39,6.2,301.7,5.4,D,0
24.1749,91.3873,324.5,1,1,2011-03-04,0715,Aqua,MODIS,75,6.2,305.7,10.4,D,0
22.8688,91.845,317.3,1,1,2011-03-04,0715,Aqua,MODIS,48,6.2,304.7,4.2,D,0
23.2991,91.7675,320.6,1,1,2011-03-04,0715,Aqua,MODIS,71,6.2,306.7,7.6,D,0
23.0209,92.268,316.8,1,1,2011-03-04,0715,Aqua,MODIS,59,6.2,303.9,6.7,D,0
25.5261,89.6403,314.1,1,1,2011-03-05,0447,Terra,MODIS,46,6.2,302.2,7.3,D,0
25.5275,89.6305,315.5,1,1,2011-03-05,0447,Terra,MODIS,62,6.2,303.3,8.7,D,0
25.4771,89.6619,317.2,1,1,2011-03-05,0447,Terra,MODIS,0,6.2,306.2,10.4,D,0
23.0857,89.5697,316.5,3,1.7,2011-03-05,0758,Aqua,MODIS,47,6.2,301.3,34.2,D,0
22.3438,92.0733,316.1,1.2,1.1,2011-03-06,0702,Aqua,MODIS,57,6.2,302.3,7.7,D,0
22.9768,89.5286,319.7,1.7,1.3,2011-03-06,0702,Aqua,MODIS,67,6.2,304.3,23.5,D,0
22.9739,89.5126,320,1.7,1.3,2011-03-06,0702,Aqua,MODIS,67,6.2,301.5,23.9,D,0
24.2344,91.318,317.8,1.2,1.1,2011-03-06,0703,Aqua,MODIS,43,6.2,303.3,10.4,D,0
23.546,89.6691,317.6,1.6,1.2,2011-03-06,0703,Aqua,MODIS,51,6.2,304.4,10.3,D,0
24.1854,91.395,320.5,1.2,1.1,2011-03-06,0703,Aqua,MODIS,57,6.2,302.5,9.9,D,0
23.5458,89.664,321.2,1.6,1.2,2011-03-06,0703,Aqua,MODIS,69,6.2,304.5,17.8,D,0
23.5433,89.6537,319.4,1.6,1.2,2011-03-06,0703,Aqua,MODIS,64,6.2,304.7,13.4,D,0
24.1581,91.4126,328.3,1.2,1.1,2011-03-06,0703,Aqua,MODIS,80,6.2,304.3,22.6,D,0
22.8716,91.8457,331,1,1,2011-03-07,0435,Terra,MODIS,84,6.2,304.8,21.5,D,0
23.3354,91.8261,321.7,1,1,2011-03-07,0435,Terra,MODIS,75,6.2,304,12.4,D,0
23.3444,91.8276,316.8,1,1,2011-03-07,0435,Terra,MODIS,60,6.2,304,7.6,D,0
24.3518,91.6162,316.8,1,1,2011-03-07,0435,Terra,MODIS,69,6.2,304.3,6.7,D,0
24.3504,91.626,315.5,1,1,2011-03-07,0435,Terra,MODIS,67,6.2,304.4,5.8,D,0
23.5375,89.653,317,1.1,1.1,2011-03-07,0435,Terra,MODIS,64,6.2,305.4,7,D,0
22.0795,92.2724,326.3,1,1,2011-03-07,0436,Terra,MODIS,80,6.2,303.8,17.1,D,0
22.078,92.2821,323.1,1,1,2011-03-07,0436,Terra,MODIS,76,6.2,302.6,13.5,D,0
23.3416,91.8267,320.4,2.6,1.6,2011-03-07,0745,Aqua,MODIS,71,6.2,303.7,39.1,D,0
23.3357,91.8352,317.8,2.6,1.6,2011-03-07,0745,Aqua,MODIS,66,6.2,303.6,29.5,D,0
22.8053,91.5975,316,2.5,1.5,2011-03-07,0745,Aqua,MODIS,57,6.2,304.7,20.6,D,0
23.3332,91.8103,321.8,2.6,1.6,2011-03-07,0745,Aqua,MODIS,73,6.2,305.2,44.3,D,0
24.0274,88.8755,312.2,2.4,1.5,2011-03-08,0518,Terra,MODIS,45,6.2,300.2,19.8,D,0
25.0663,89.6872,312.7,2.6,1.5,2011-03-08,0518,Terra,MODIS,0,6.2,301.3,31.3,D,0
25.1629,89.6327,312.8,2.6,1.5,2011-03-08,0518,Terra,MODIS,0,6.2,301.4,29.8,D,0
23.1202,89.6668,314,2.7,1.6,2011-03-08,0650,Aqua,MODIS,0,6.2,303.3,19,D,0
22.2821,92.0863,315.9,1.9,1.3,2011-03-08,0650,Aqua,MODIS,63,6.2,302,18.9,D,0
22.2814,92.5255,331.5,1.8,1.3,2011-03-08,0650,Aqua,MODIS,83,6.2,301.9,56.7,D,0
22.2845,92.5424,312.6,1.7,1.3,2011-03-08,0650,Aqua,MODIS,48,6.2,301.7,11.9,D,0
23.0911,89.5925,317.8,2.7,1.6,2011-03-08,0650,Aqua,MODIS,62,6.2,306.7,36.1,D,0
23.086,89.5664,315.4,2.8,1.6,2011-03-08,0650,Aqua,MODIS,49,6.2,304.4,29,D,0
23.0811,89.5873,320.1,2.7,1.6,2011-03-08,0650,Aqua,MODIS,67,6.2,306.7,45.9,D,0
24.1693,90.3611,319.2,1.3,1.1,2011-03-09,0733,Aqua,MODIS,60,6.2,305.6,10.5,D,0
23.376,89.154,341.6,1.1,1.1,2011-03-09,0733,Aqua,MODIS,89,6.2,306.4,40.4,D,0
23.0076,90.0192,318.3,1.2,1.1,2011-03-09,0733,Aqua,MODIS,61,6.2,305.2,11.7,D,0
23.3746,89.1432,366,1.1,1.1,2011-03-09,0733,Aqua,MODIS,100,6.2,310.8,107.6,D,0
24.2414,91.7445,322.9,1.6,1.2,2011-03-09,0733,Aqua,MODIS,73,6.2,305.8,20.3,D,0
24.1702,91.4132,321.4,1.5,1.2,2011-03-09,0733,Aqua,MODIS,54,6.2,305,12,D,0
22.2049,92.0878,319,1.6,1.2,2011-03-09,0733,Aqua,MODIS,59,6.2,306.6,12.9,D,0
22.3249,92.0505,316.4,1.6,1.2,2011-03-09,0733,Aqua,MODIS,43,6.2,304.2,9.3,D,0
24.1886,91.3807,320.3,1.5,1.2,2011-03-09,0733,Aqua,MODIS,20,6.2,305.9,11.3,D,0
24.2237,91.5899,320.3,1.6,1.2,2011-03-09,0733,Aqua,MODIS,69,6.2,305.6,15.9,D,0
22.1518,92.4228,319.4,1.7,1.3,2011-03-09,0733,Aqua,MODIS,57,6.2,306.6,14.4,D,0
24.9177,89.6,313.1,1.6,1.2,2011-03-10,0506,Terra,MODIS,0,6.2,301.2,12.5,D,0
23.4368,92.2621,306.4,1,1,2011-03-10,1602,Terra,MODIS,68,6.2,293.4,7.2,N,0
21.5034,92.1138,316.1,1.1,1,2011-03-11,0720,Aqua,MODIS,53,6.2,305.3,4.9,D,0
22.1179,91.9646,323.1,1.1,1,2011-03-11,0720,Aqua,MODIS,73,6.2,305.1,11.6,D,0
23.5233,89.6431,324.1,1,1,2011-03-11,0721,Aqua,MODIS,76,6.2,303.3,11.1,D,0
25.4738,89.6608,317.2,1.1,1,2011-03-12,0453,Terra,MODIS,0,6.2,305.3,11.1,D,0
25.1472,89.7315,316.3,1.1,1,2011-03-12,0453,Terra,MODIS,0,6.2,303.9,10.2,D,0
22.5501,92.3573,318.8,1,1,2011-03-13,0708,Aqua,MODIS,66,6.2,306.2,7.7,D,0
22.8161,91.6173,318.4,1.1,1,2011-03-13,0708,Aqua,MODIS,64,6.2,307,8.2,D,0
22.9554,91.8052,323.4,1,1,2011-03-13,0708,Aqua,MODIS,65,6.2,307.7,11.3,D,0
21.6085,92.1683,319.2,1,1,2011-03-13,0708,Aqua,MODIS,63,6.2,308.3,6.5,D,0
21.6069,92.1583,330.2,1,1,2011-03-13,0708,Aqua,MODIS,81,6.2,311.6,19.4,D,0
21.911,92.0389,318.2,1.1,1,2011-03-13,0708,Aqua,MODIS,62,6.2,306.6,6.9,D,0
21.5493,92.2056,320,1,1,2011-03-13,0708,Aqua,MODIS,68,6.2,308.5,8.6,D,0
22.8389,91.5814,319.3,1.1,1,2011-03-13,0708,Aqua,MODIS,66,6.2,307.3,9.1,D,0
22.0783,92.1673,320.9,1,1,2011-03-13,0708,Aqua,MODIS,58,6.2,308.8,6.3,D,0
22.3918,92.1076,327.6,1,1,2011-03-13,0708,Aqua,MODIS,79,6.2,307.2,16.8,D,0
23.7751,90.8476,315.8,1.1,1.1,2011-03-13,0709,Aqua,MODIS,15,6.2,303.6,6.2,D,0
23.6021,92.2387,314.9,1,1,2011-03-13,0709,Aqua,MODIS,61,6.2,301,7.4,D,0
24.2269,91.3117,319.6,1.1,1,2011-03-13,0709,Aqua,MODIS,29,6.2,305.9,9.5,D,0
24.2668,91.3251,318.9,1,1,2011-03-14,0441,Terra,MODIS,59,6.2,302.4,9,D,0
24.0581,89.6659,315.9,1,1,2011-03-14,0441,Terra,MODIS,0,6.2,303.4,9.1,D,0
22.2456,89.2684,317.9,1,1,2011-03-14,0442,Terra,MODIS,0,6.2,305.2,10,D,0
22.2546,89.2699,317.7,1,1,2011-03-14,0442,Terra,MODIS,0,6.2,304.7,9.7,D,0
21.2634,92.6113,316.8,1.2,1.1,2011-03-14,0442,Terra,MODIS,67,6.2,300.5,12.8,D,0
23.079,89.5795,319.9,2.3,1.5,2011-03-14,0751,Aqua,MODIS,42,6.2,302.7,31.9,D,0
22.9891,92.2763,316.9,3.7,1.8,2011-03-14,0751,Aqua,MODIS,47,6.2,302.5,48,D,0
22.0684,92.2172,317,3.5,1.8,2011-03-14,0751,Aqua,MODIS,66,6.2,299.6,42.6,D,0
23.1209,89.5976,318.9,2.3,1.5,2011-03-14,0751,Aqua,MODIS,36,6.2,301.6,25.8,D,0
23.6327,92.2378,315.6,3.7,1.8,2011-03-14,0752,Aqua,MODIS,47,6.2,296.3,54.1,D,0
23.6002,92.2398,315.1,3.7,1.8,2011-03-14,0752,Aqua,MODIS,37,6.2,296.9,52.3,D,0
22.2771,92.42,379.9,1.4,1.2,2011-03-15,0656,Aqua,MODIS,100,6.2,305.7,238.3,D,0
22.2895,92.4298,331.4,1.4,1.2,2011-03-15,0656,Aqua,MODIS,84,6.2,302.7,36.8,D,0
22.2874,92.4177,337.3,1.4,1.2,2011-03-15,0656,Aqua,MODIS,88,6.2,303.5,50.9,D,0
22.285,92.4034,315.5,1.4,1.2,2011-03-15,0656,Aqua,MODIS,64,6.2,302.9,9,D,0
22.0133,92.2144,320,1.5,1.2,2011-03-15,0656,Aqua,MODIS,73,6.2,307.6,14.3,D,0
23.6359,92.2467,313.4,1.4,1.2,2011-03-15,0656,Aqua,MODIS,37,6.2,299.5,7.8,D,0
23.4749,92.2633,315.5,1.4,1.2,2011-03-15,0656,Aqua,MODIS,65,6.2,301.5,11.5,D,0
23.6312,92.2192,321.6,1.4,1.2,2011-03-15,0656,Aqua,MODIS,75,6.2,301,20.3,D,0
23.629,92.2062,314.3,1.4,1.2,2011-03-15,0656,Aqua,MODIS,63,6.2,300.5,10.7,D,0
22.4556,92.5077,322.4,1.4,1.2,2011-03-15,0656,Aqua,MODIS,75,6.2,302.5,21.6,D,0
22.4712,91.7351,318.8,1.5,1.2,2011-03-15,0656,Aqua,MODIS,53,6.2,305.6,13.4,D,0
23.3358,91.9911,318.4,1.4,1.2,2011-03-15,0656,Aqua,MODIS,70,6.2,301.4,15,D,0
21.5404,92.2437,336.3,1.5,1.2,2011-03-15,0656,Aqua,MODIS,88,6.2,304.1,52.9,D,0
23.598,92.2119,339,1.4,1.2,2011-03-15,0656,Aqua,MODIS,89,6.2,300.7,56,D,0
23.6004,92.2257,396.4,1.4,1.2,2011-03-15,0656,Aqua,MODIS,100,6.2,306,359.5,D,0
23.5901,92.2278,317.7,1.4,1.2,2011-03-15,0656,Aqua,MODIS,61,6.2,294.3,14.3,D,0
22.0157,92.2285,323.9,1.5,1.2,2011-03-15,0656,Aqua,MODIS,78,6.2,305.9,21.8,D,0
22.2689,92.4351,367.1,1.4,1.2,2011-03-15,0656,Aqua,MODIS,100,6.2,304.1,162.6,D,0
22.2666,92.4215,355.1,1.4,1.2,2011-03-15,0656,Aqua,MODIS,97,6.2,302.6,108.1,D,0
22.2813,92.4448,315.1,1.4,1.2,2011-03-15,0656,Aqua,MODIS,63,6.2,302.1,10,D,0
22.2792,92.4326,359.8,1.4,1.2,2011-03-15,0656,Aqua,MODIS,99,6.2,304.4,128.1,D,0
22.2746,92.4056,325.5,1.4,1.2,2011-03-15,0656,Aqua,MODIS,79,6.2,301.8,24.5,D,0
23.417,91.9946,320.7,1.1,1,2011-03-16,0429,Terra,MODIS,77,6.2,288.9,16.8,D,0
22.5567,92.3525,301,1,1,2011-03-16,0429,Terra,MODIS,37,6.2,276.9,4.6,D,0
23.0661,89.4833,318,1.4,1.2,2011-03-16,0739,Aqua,MODIS,60,6.2,303.9,14.5,D,0
23.3825,91.9892,342.8,2.1,1.4,2011-03-16,0739,Aqua,MODIS,91,6.2,298.4,115.5,D,0
23.5906,92.236,312.5,2.2,1.4,2011-03-16,0739,Aqua,MODIS,50,6.2,299.3,17.7,D,0
23.3863,92.0019,322.8,2.1,1.4,2011-03-16,0739,Aqua,MODIS,76,6.2,300.7,36.8,D,0
22.8023,91.6176,316.4,1.9,1.4,2011-03-16,0739,Aqua,MODIS,67,6.2,297.5,17.5,D,0
24.1632,91.2446,319.9,1.9,1.3,2011-03-16,0739,Aqua,MODIS,61,6.2,305,14.1,D,0
22.7975,91.6252,318.1,1.9,1.4,2011-03-16,0739,Aqua,MODIS,70,6.2,298.8,21.9,D,0
23.0259,89.5026,316.9,1.4,1.2,2011-03-16,0739,Aqua,MODIS,54,6.2,304.7,12,D,0
21.4516,92.2512,314,2.1,1.4,2011-03-16,0739,Aqua,MODIS,60,6.2,295.1,16.9,D,0
23.4837,92.225,308.7,2.2,1.5,2011-03-17,0644,Aqua,MODIS,44,6.2,297.8,14,D,0
23.3708,92.2557,311.2,2.2,1.5,2011-03-17,0644,Aqua,MODIS,58,6.2,299.7,17.4,D,0
23.3666,92.234,323.4,2.3,1.5,2011-03-17,0644,Aqua,MODIS,78,6.2,300,52.7,D,0
23.4287,92.0084,323,2.3,1.5,2011-03-17,0644,Aqua,MODIS,78,6.2,298.1,54,D,0
23.433,92.0308,325.9,2.3,1.5,2011-03-17,0644,Aqua,MODIS,80,6.2,297.9,65.4,D,0
24.2614,91.3146,319.1,1.8,1.3,2011-03-18,0417,Terra,MODIS,62,6.2,296.3,24,D,0
21.5889,92.2081,318.1,1.3,1.1,2011-03-18,0726,Aqua,MODIS,41,6.2,297.3,11.7,D,0
23.0603,89.9656,315.4,1,1,2011-03-18,0727,Aqua,MODIS,55,6.2,300.4,5.1,D,0
23.059,89.4811,314.2,1,1,2011-03-18,0727,Aqua,MODIS,42,6.2,300.7,6.1,D,0
23.1909,89.7783,317.3,1,1,2011-03-18,0727,Aqua,MODIS,20,6.2,298.6,7.9,D,0
23.0494,89.8851,320,1,1,2011-03-18,0727,Aqua,MODIS,62,6.2,300.7,11,D,0
22.5463,92.1406,319,1.3,1.1,2011-03-18,0727,Aqua,MODIS,66,6.2,291.6,14.9,D,0
23.1217,89.6021,322,1,1,2011-03-18,0727,Aqua,MODIS,69,6.2,302.7,10.2,D,0
23.0842,89.598,321.6,1,1,2011-03-18,0727,Aqua,MODIS,40,6.2,299.9,9.6,D,0
23.115,89.7555,338.2,1,1,2011-03-18,0727,Aqua,MODIS,88,6.2,304.5,32.2,D,0
23.2252,91.8609,330.4,1.3,1.1,2011-03-18,0727,Aqua,MODIS,83,6.2,298.1,28.6,D,0
23.3934,91.9883,328.3,1.3,1.1,2011-03-18,0727,Aqua,MODIS,22,6.2,291.2,20.2,D,0
22.4362,92.4894,319.8,1.3,1.1,2011-03-18,0727,Aqua,MODIS,67,6.2,294.7,17.5,D,0
23.2368,91.872,327.4,1.3,1.1,2011-03-18,0727,Aqua,MODIS,71,6.2,298.5,24.1,D,0
23.7228,90.9595,324.3,1.2,1.1,2011-03-18,0727,Aqua,MODIS,76,6.2,294.3,18.7,D,0
23.2352,91.8596,322,1.3,1.1,2011-03-18,0727,Aqua,MODIS,59,6.2,298.9,15.6,D,0
23.1204,89.5922,320.4,1,1,2011-03-18,0727,Aqua,MODIS,63,6.2,303.1,8.6,D,0
23.2168,91.8746,332.5,1.3,1.1,2011-03-18,0727,Aqua,MODIS,85,6.2,299.9,32.6,D,0
23.4962,89.8765,315,1.4,1.2,2011-03-19,0500,Terra,MODIS,61,6.2,298.6,8.9,D,0
23.0814,89.5997,318.3,1.3,1.2,2011-03-19,0500,Terra,MODIS,68,6.2,299.4,12.9,D,0
23.2547,91.8372,303.1,1.2,1.1,2011-03-19,1556,Terra,MODIS,53,6.2,291.8,6.5,N,0
21.42,92.2316,318.4,1,1,2011-03-20,0714,Aqua,MODIS,67,6.2,302,7.1,D,0
21.4214,92.2411,351.5,1,1,2011-03-20,0714,Aqua,MODIS,96,6.2,303.3,57,D,0
22.2051,92.2422,317,1,1,2011-03-20,0714,Aqua,MODIS,64,6.2,301.4,5.9,D,0
22.6729,91.9765,334.4,1,1,2011-03-20,0714,Aqua,MODIS,86,6.2,294.1,28.3,D,0
22.289,92.5144,347.3,1,1,2011-03-20,0714,Aqua,MODIS,94,6.2,303.6,48.7,D,0
22.2903,92.524,326.9,1,1,2011-03-20,0714,Aqua,MODIS,79,6.2,300.6,17.1,D,0
22.4369,92.5178,347.6,1,1,2011-03-20,0714,Aqua,MODIS,94,6.2,303.8,47.9,D,0
22.2917,92.5336,333.5,1,1,2011-03-20,0714,Aqua,MODIS,85,6.2,300.2,26.5,D,0
22.4355,92.508,356.6,1,1,2011-03-20,0714,Aqua,MODIS,98,6.2,304.4,68.8,D,0
22.4458,92.5163,324.9,1,1,2011-03-20,0714,Aqua,MODIS,77,6.2,301.8,13.7,D,0
22.4445,92.5065,324.6,1,1,2011-03-20,0714,Aqua,MODIS,76,6.2,302.3,13.9,D,0
22.2037,92.2326,319.4,1,1,2011-03-20,0714,Aqua,MODIS,69,6.2,301.9,7.8,D,0
21.5274,92.2071,318.1,1,1,2011-03-20,0714,Aqua,MODIS,67,6.2,301.3,7.3,D,0
21.5446,92.1987,317,1,1,2011-03-20,0714,Aqua,MODIS,65,6.2,301.6,6.5,D,0
22.298,92.513,366.3,1,1,2011-03-20,0714,Aqua,MODIS,100,6.2,305.2,97.1,D,0
22.9781,89.5294,320.5,1.1,1.1,2011-03-20,0715,Aqua,MODIS,64,6.2,302.6,12.3,D,0
23.013,89.3229,317.3,1.1,1.1,2011-03-20,0715,Aqua,MODIS,41,6.2,304.2,8.4,D,0
23.465,92.2414,372.4,1,1,2011-03-20,0715,Aqua,MODIS,100,6.2,298.9,118.3,D,0
24.2512,90.4734,314,1,1,2011-03-20,0715,Aqua,MODIS,28,6.2,298.6,5.2,D,0
23.0826,89.6019,323.8,1.1,1,2011-03-20,0715,Aqua,MODIS,31,6.2,304.8,11,D,0
23.5291,92.2342,355.5,1,1,2011-03-20,0715,Aqua,MODIS,98,6.2,293.6,67.5,D,0
23.4664,92.2512,389.7,1,1,2011-03-20,0715,Aqua,MODIS,94,6.2,300,191.7,D,0
23.0733,89.483,316.7,1.1,1.1,2011-03-20,0715,Aqua,MODIS,16,6.2,301.6,7.8,D,0
25.4782,89.6601,315.8,1,1,2011-03-21,0447,Terra,MODIS,0,6.2,301.7,7.8,D,0
25.5271,89.6385,316.9,1,1,2011-03-21,0447,Terra,MODIS,36,6.2,303.5,8.1,D,0
25.5286,89.6287,316.5,1,1,2011-03-21,0447,Terra,MODIS,25,6.2,303.8,7.7,D,0
22.2335,92.5083,316.5,4.8,2,2011-03-21,0757,Aqua,MODIS,66,6.2,295.2,83.3,D,0
22.2485,92.5028,315.2,4.8,2,2011-03-21,0757,Aqua,MODIS,63,6.2,295.2,68.9,D,0
22.7064,92.3881,311.5,4.8,2,2011-03-21,0757,Aqua,MODIS,25,6.2,294.3,39,D,0
22.3495,92.3978,317.7,4.7,2,2011-03-21,0757,Aqua,MODIS,66,6.2,296.8,80.9,D,0
22.3528,92.4427,317,4.8,2,2011-03-21,0757,Aqua,MODIS,65,6.2,296.6,74.7,D,0
22.3495,92.4057,321.7,4.7,2,2011-03-21,0757,Aqua,MODIS,69,6.2,296.8,109.8,D,0
23.5539,92.2609,317,4.8,2,2011-03-21,0758,Aqua,MODIS,52,6.2,289.5,93,D,0
23.5683,92.2128,328.7,4.7,2,2011-03-21,0758,Aqua,MODIS,79,6.2,290.6,206,D,0
23.5685,92.2058,328.5,4.7,2,2011-03-21,0758,Aqua,MODIS,79,6.2,290.6,202.1,D,0
23.6371,91.9271,326.1,4.5,2,2011-03-21,0758,Aqua,MODIS,76,6.2,292.6,161.3,D,0
23.0149,89.7542,316.3,3.1,1.7,2011-03-21,0758,Aqua,MODIS,35,6.2,300.2,28.9,D,0
23.3447,92.3397,329.3,4.8,2,2011-03-21,0758,Aqua,MODIS,81,6.2,291.2,221,D,0
23.6362,91.9221,331.8,4.5,2,2011-03-21,0758,Aqua,MODIS,82,6.2,292.7,228.2,D,0
23.3443,92.3313,326.5,4.8,2,2011-03-21,0758,Aqua,MODIS,77,6.2,291.2,186,D,0
23.5506,92.2073,328.5,4.7,2,2011-03-21,0758,Aqua,MODIS,79,6.2,291.4,206.5,D,0
23.5504,92.2145,332.8,4.7,2,2011-03-21,0758,Aqua,MODIS,83,6.2,291.6,261.1,D,0
23.5536,92.251,323.9,4.8,2,2011-03-21,0758,Aqua,MODIS,69,6.2,290.4,155.9,D,0
22.3208,92.4817,327.5,1.1,1.1,2011-03-22,0702,Aqua,MODIS,78,6.2,300.7,21.2,D,0
23.1378,92.0601,321.9,1.2,1.1,2011-03-22,0702,Aqua,MODIS,34,6.2,298.2,14.9,D,0
22.4316,92.4782,316.1,1.1,1.1,2011-03-22,0702,Aqua,MODIS,14,6.2,301,5.9,D,0
22.4847,92.4735,330.2,1.1,1.1,2011-03-22,0702,Aqua,MODIS,82,6.2,303,23.6,D,0
22.2948,92.4414,334,1.2,1.1,2011-03-22,0702,Aqua,MODIS,85,6.2,305.2,29.6,D,0
22.2967,92.4529,367.8,1.2,1.1,2011-03-22,0702,Aqua,MODIS,100,6.2,308.1,120.4,D,0
22.2985,92.4643,367.8,1.1,1.1,2011-03-22,0702,Aqua,MODIS,100,6.2,307.7,118.3,D,0
22.4169,92.4467,326.3,1.1,1.1,2011-03-22,0702,Aqua,MODIS,78,6.2,303.6,18.5,D,0
22.3002,92.4749,379,1.1,1.1,2011-03-22,0702,Aqua,MODIS,100,6.2,309.5,167,D,0
22.3891,92.3951,321.3,1.2,1.1,2011-03-22,0702,Aqua,MODIS,71,6.2,302.4,11.4,D,0
22.3789,92.454,316.6,1.1,1.1,2011-03-22,0702,Aqua,MODIS,53,6.2,303.1,6.2,D,0
22.3807,92.4648,326.2,1.1,1.1,2011-03-22,0702,Aqua,MODIS,77,6.2,303.6,18.5,D,0
22.373,92.4777,325.1,1.1,1.1,2011-03-22,0702,Aqua,MODIS,76,6.2,304.8,17.7,D,0
22.4116,92.4138,395.5,1.2,1.1,2011-03-22,0702,Aqua,MODIS,100,6.2,308.5,266.7,D,0
22.3528,92.4132,318.3,1.2,1.1,2011-03-22,0702,Aqua,MODIS,56,6.2,304.8,8.3,D,0
22.3043,92.4396,341.5,1.2,1.1,2011-03-22,0702,Aqua,MODIS,90,6.2,305.2,44,D,0
22.2316,92.5051,330.9,1.1,1.1,2011-03-22,0702,Aqua,MODIS,82,6.2,303.6,26.4,D,0
23.1118,89.9497,317.7,1.6,1.2,2011-03-22,0702,Aqua,MODIS,64,6.2,298.4,18.7,D,0
23.0967,89.6609,317.2,1.6,1.3,2011-03-22,0702,Aqua,MODIS,0,6.2,300.7,13.2,D,0
23.0854,89.5981,324.7,1.6,1.3,2011-03-22,0702,Aqua,MODIS,70,6.2,303.5,27.9,D,0
23.1961,89.7683,318.9,1.6,1.2,2011-03-22,0702,Aqua,MODIS,25,6.2,299.3,15.5,D,0
23.1985,89.7784,321.1,1.6,1.2,2011-03-22,0702,Aqua,MODIS,62,6.2,297.7,20,D,0
23.2314,89.8346,316.8,1.6,1.2,2011-03-22,0702,Aqua,MODIS,43,6.2,300.7,10,D,0
23.2789,89.7071,319,1.6,1.2,2011-03-22,0702,Aqua,MODIS,59,6.2,300.7,12.8,D,0
22.2924,92.4872,331.6,1.1,1.1,2011-03-22,0702,Aqua,MODIS,61,6.2,305.4,24.4,D,0
22.5813,92.3807,317.5,1.2,1.1,2011-03-22,0702,Aqua,MODIS,64,6.2,302.5,8.6,D,0
22.4368,92.5111,326.2,1.1,1.1,2011-03-22,0702,Aqua,MODIS,77,6.2,303.4,18.4,D,0
22.4598,92.5004,382.1,1.1,1.1,2011-03-22,0702,Aqua,MODIS,100,6.2,306.7,186.7,D,0
22.4581,92.4899,386.3,1.1,1.1,2011-03-22,0702,Aqua,MODIS,100,6.2,308.7,209.6,D,0
22.4692,92.4987,340.3,1.1,1.1,2011-03-22,0702,Aqua,MODIS,89,6.2,301.6,42.7,D,0
22.4676,92.4883,340.1,1.1,1.1,2011-03-22,0702,Aqua,MODIS,89,6.2,302.6,42,D,0
22.4881,92.495,335.3,1.1,1.1,2011-03-22,0702,Aqua,MODIS,86,6.2,301.8,32.5,D,0
22.4865,92.4846,353.2,1.1,1.1,2011-03-22,0702,Aqua,MODIS,96,6.2,303.8,72.6,D,0
22.2601,92.4997,337.8,1.1,1.1,2011-03-22,0702,Aqua,MODIS,87,6.2,303.3,37.3,D,0
22.2488,92.4905,332.2,1.1,1.1,2011-03-22,0702,Aqua,MODIS,83,6.2,303.5,27.8,D,0
22.2847,92.5,346,1.1,1.1,2011-03-22,0702,Aqua,MODIS,93,6.2,304.5,53.6,D,0
22.2506,92.5016,334.3,1.1,1.1,2011-03-22,0702,Aqua,MODIS,85,6.2,302.9,31.3,D,0
22.3335,92.2332,320.8,1.2,1.1,2011-03-22,0702,Aqua,MODIS,70,6.2,303.7,10.1,D,0
22.3062,92.451,372.3,1.2,1.1,2011-03-22,0702,Aqua,MODIS,100,6.2,308.5,138.8,D,0
22.3174,92.4605,330.6,1.1,1.1,2011-03-22,0702,Aqua,MODIS,82,6.2,301.8,24.9,D,0
22.3157,92.4494,364.6,1.2,1.1,2011-03-22,0702,Aqua,MODIS,100,6.2,305.3,110,D,0
22.3879,92.5098,349.4,1.1,1.1,2011-03-22,0702,Aqua,MODIS,95,6.2,302.2,65.1,D,0
22.386,92.4984,336.7,1.1,1.1,2011-03-22,0702,Aqua,MODIS,87,6.2,302.9,37.4,D,0
23.3484,91.9134,315.4,1.2,1.1,2011-03-22,0702,Aqua,MODIS,58,6.2,291.2,9.1,D,0
22.3079,92.4623,343.5,1.1,1.1,2011-03-22,0702,Aqua,MODIS,91,6.2,304,46.4,D,0
22.3019,92.4854,333.3,1.1,1.1,2011-03-22,0702,Aqua,MODIS,47,6.2,304.4,26.5,D,0
22.3485,92.5334,329.6,1.1,1.1,2011-03-22,0702,Aqua,MODIS,80,6.2,302.4,24.5,D,0
22.3096,92.473,339.2,1.1,1.1,2011-03-22,0702,Aqua,MODIS,88,6.2,303.9,38,D,0
22.3657,92.0631,317.7,1.2,1.1,2011-03-22,0702,Aqua,MODIS,65,6.2,301.4,9.4,D,0
22.6463,92.3283,316.4,1.2,1.1,2011-03-22,0702,Aqua,MODIS,57,6.2,301.3,7.3,D,0
23.1563,91.8681,334.5,1.2,1.1,2011-03-22,0702,Aqua,MODIS,86,6.2,298.6,35.9,D,0
22.3138,92.4379,342.9,1.2,1.1,2011-03-22,0702,Aqua,MODIS,91,6.2,304.4,47.9,D,0
22.4281,92.4559,325.3,1.1,1.1,2011-03-22,0702,Aqua,MODIS,76,6.2,302.9,17.1,D,0
22.3121,92.4268,340.9,1.2,1.1,2011-03-22,0702,Aqua,MODIS,90,6.2,303.8,44.2,D,0
22.4263,92.4449,360.5,1.1,1.1,2011-03-22,0702,Aqua,MODIS,100,6.2,305.1,96.5,D,0
22.4273,92.513,319.4,1.1,1.1,2011-03-22,0702,Aqua,MODIS,66,6.2,302,10.6,D,0
22.4099,92.4026,376.7,1.2,1.1,2011-03-22,0702,Aqua,MODIS,100,6.2,307.4,160.3,D,0
22.4091,92.4596,373.4,1.1,1.1,2011-03-22,0702,Aqua,MODIS,100,6.2,305.4,145.3,D,0
22.4074,92.4486,346,1.1,1.1,2011-03-22,0702,Aqua,MODIS,93,6.2,304.5,54.8,D,0
22.4186,92.4578,331.9,1.1,1.1,2011-03-22,0702,Aqua,MODIS,83,6.2,302.2,26.5,D,0
22.4959,92.4828,324.3,1.1,1.1,2011-03-22,0702,Aqua,MODIS,75,6.2,302.4,16.6,D,0
23.5694,92.2623,364.2,1.1,1.1,2011-03-22,0702,Aqua,MODIS,100,6.2,300.7,108.3,D,0
23.0737,92.0555,342.9,1.2,1.1,2011-03-22,0702,Aqua,MODIS,91,6.2,299.8,50.3,D,0
23.0756,92.0669,324.7,1.2,1.1,2011-03-22,0702,Aqua,MODIS,62,6.2,300.1,16.8,D,0
23.0696,92.0913,321.6,1.2,1.1,2011-03-22,0702,Aqua,MODIS,60,6.2,299.5,13.1,D,0
23.0714,92.1024,326.4,1.2,1.1,2011-03-22,0702,Aqua,MODIS,79,6.2,299.1,20.8,D,0
22.3974,92.5082,313,1.1,1.1,2011-03-22,0702,Aqua,MODIS,17,6.2,299.5,4.8,D,0
22.429,92.5234,330.4,1.1,1.1,2011-03-22,0702,Aqua,MODIS,81,6.2,301.9,25,D,0
24.1518,91.2333,319.2,1.3,1.1,2011-03-22,0703,Aqua,MODIS,64,6.2,300.6,8.1,D,0
23.5257,91.9537,303.9,1.6,1.2,2011-03-22,1626,Terra,MODIS,57,6.2,293.2,11,N,0
22.2972,92.4887,304.3,1.7,1.3,2011-03-22,1626,Terra,MODIS,59,6.2,292.3,11.9,N,0
23.7627,90.895,322,1,1,2011-03-23,0435,Terra,MODIS,56,6.2,301.8,12.9,D,0
23.215,91.9815,320.6,2.7,1.6,2011-03-23,0745,Aqua,MODIS,68,6.2,303.2,32.8,D,0
23.3193,91.9897,330.2,2.7,1.6,2011-03-23,0745,Aqua,MODIS,81,6.2,302.2,81.6,D,0
23.317,91.9647,351.8,2.7,1.6,2011-03-23,0745,Aqua,MODIS,96,6.2,305.6,238,D,0
22.3651,92.4665,340.3,2.8,1.6,2011-03-23,0745,Aqua,MODIS,89,6.2,304.6,157.8,D,0
22.7435,92.4492,317,2.9,1.6,2011-03-23,0745,Aqua,MODIS,57,6.2,303.2,27.1,D,0
22.3683,92.4589,334.5,2.8,1.6,2011-03-23,0745,Aqua,MODIS,84,6.2,304.4,116,D,0
22.3707,92.4851,320.1,2.9,1.6,2011-03-23,0745,Aqua,MODIS,65,6.2,302.9,39,D,0
22.6381,92.4713,335.4,2.9,1.6,2011-03-23,0745,Aqua,MODIS,85,6.2,302.7,120.1,D,0
22.6185,92.4193,321.1,2.8,1.6,2011-03-23,0745,Aqua,MODIS,68,6.2,302.8,40.6,D,0
23.2238,91.9876,323.8,2.7,1.6,2011-03-23,0745,Aqua,MODIS,74,6.2,303.3,46.7,D,0
22.622,92.4405,320.2,2.9,1.6,2011-03-23,0745,Aqua,MODIS,36,6.2,302.3,34.3,D,0
23.3137,91.9701,359.9,2.7,1.6,2011-03-23,0745,Aqua,MODIS,99,6.2,305.9,322.2,D,0
23.2172,92.0065,326.1,2.7,1.6,2011-03-23,0745,Aqua,MODIS,76,6.2,303.3,57.6,D,0
23.1055,92.3375,316.3,2.8,1.6,2011-03-23,0745,Aqua,MODIS,57,6.2,302.9,23,D,0
22.4734,92.339,330.7,2.8,1.6,2011-03-23,0745,Aqua,MODIS,81,6.2,302.6,90.2,D,0
23.1438,91.892,320.9,2.6,1.6,2011-03-23,0745,Aqua,MODIS,69,6.2,303.7,34.5,D,0
23.2426,92.3382,323,2.9,1.6,2011-03-23,0745,Aqua,MODIS,73,6.2,301.9,55.5,D,0
23.6437,91.9351,321.6,2.7,1.6,2011-03-23,0745,Aqua,MODIS,21,6.2,302.5,41.1,D,0
23.2256,92.3126,344.6,2.8,1.6,2011-03-23,0745,Aqua,MODIS,92,6.2,304.6,193.1,D,0
23.1028,92.3099,323.4,2.8,1.6,2011-03-23,0745,Aqua,MODIS,73,6.2,304,52.7,D,0
23.0943,92.3312,316.9,2.8,1.6,2011-03-23,0745,Aqua,MODIS,60,6.2,303,25.5,D,0
22.6389,92.4662,333.1,2.9,1.6,2011-03-23,0745,Aqua,MODIS,83,6.2,302.8,103.3,D,0
23.2401,92.3114,318.4,2.8,1.6,2011-03-23,0745,Aqua,MODIS,64,6.2,303.4,35.4,D,0
22.6209,92.4449,318.6,2.9,1.6,2011-03-23,0745,Aqua,MODIS,62,6.2,302.1,30.7,D,0
22.6041,92.4211,335.4,2.8,1.6,2011-03-23,0745,Aqua,MODIS,85,6.2,303.3,118.5,D,0
22.4777,92.3604,316.9,2.8,1.6,2011-03-23,0745,Aqua,MODIS,52,6.2,302.5,26,D,0
22.4753,92.3337,326.5,2.8,1.6,2011-03-23,0745,Aqua,MODIS,66,6.2,302.6,69.1,D,0
23.6751,91.9266,320.1,2.7,1.6,2011-03-23,0745,Aqua,MODIS,65,6.2,301.3,41.7,D,0
23.672,91.932,316.4,2.7,1.6,2011-03-23,0745,Aqua,MODIS,40,6.2,300.9,25.7,D,0
23.6993,92.0979,344.6,1.8,1.3,2011-03-24,0650,Aqua,MODIS,92,6.2,300.8,103.8,D,0
23.2463,92.3362,312.2,1.7,1.3,2011-03-24,0650,Aqua,MODIS,29,6.2,300.6,11,D,0
23.2385,91.8472,318.7,1.9,1.3,2011-03-24,0650,Aqua,MODIS,68,6.2,301.6,17.1,D,0
23.2417,91.8651,316,1.9,1.3,2011-03-24,0650,Aqua,MODIS,57,6.2,301.1,10.9,D,0
23.5763,92.2436,319.3,1.7,1.3,2011-03-24,0650,Aqua,MODIS,69,6.2,299.8,24.4,D,0
23.203,91.8552,318.7,1.9,1.3,2011-03-24,0650,Aqua,MODIS,68,6.2,301.4,19,D,0
23.3941,91.8203,371.3,1.9,1.3,2011-03-24,0650,Aqua,MODIS,100,6.2,304,279.2,D,0
24.1864,88.9604,319.1,2.9,1.6,2011-03-24,0651,Aqua,MODIS,70,6.2,299.2,25.2,D,0
24.1985,88.9637,324.3,2.9,1.6,2011-03-24,0651,Aqua,MODIS,77,6.2,299.2,50.5,D,0
22.6933,92.4513,319.6,1.2,1.1,2011-03-25,0423,Terra,MODIS,56,6.2,301.2,11,D,0
22.3887,92.4409,317.6,1.7,1.3,2011-03-25,0733,Aqua,MODIS,48,6.2,300.4,11.1,D,0
23.246,91.8456,321.9,1.6,1.2,2011-03-25,0733,Aqua,MODIS,58,6.2,299.3,20.5,D,0
23.2446,91.8527,326.5,1.6,1.2,2011-03-25,0733,Aqua,MODIS,68,6.2,299.1,28.4,D,0
23.1171,91.9218,316.5,1.6,1.2,2011-03-25,0733,Aqua,MODIS,61,6.2,296.6,8.8,D,0
23.1058,92.3311,331.8,1.7,1.3,2011-03-25,0733,Aqua,MODIS,83,6.2,301,43.1,D,0
23.3703,91.9489,330.8,1.6,1.2,2011-03-25,0733,Aqua,MODIS,84,6.2,298,39.9,D,0
23.3385,91.9687,351,1.6,1.2,2011-03-25,0733,Aqua,MODIS,96,6.2,299.4,109.4,D,0
23.3401,91.9836,347.3,1.6,1.2,2011-03-25,0733,Aqua,MODIS,94,6.2,295.6,94.9,D,0
23.3395,91.974,371.4,1.6,1.2,2011-03-25,0733,Aqua,MODIS,100,6.2,298.3,223.9,D,0
23.3412,91.9891,319.4,1.6,1.2,2011-03-25,0733,Aqua,MODIS,57,6.2,294.8,15.7,D,0
23.3283,91.9753,325.6,1.6,1.2,2011-03-25,0733,Aqua,MODIS,78,6.2,297,28,D,0
23.3154,91.9617,332.9,1.6,1.2,2011-03-25,0733,Aqua,MODIS,85,6.2,300.9,45.2,D,0
23.3171,91.9767,357.1,1.6,1.2,2011-03-25,0733,Aqua,MODIS,98,6.2,298.8,138.5,D,0
22.6071,92.4595,323.8,1.7,1.3,2011-03-25,0733,Aqua,MODIS,72,6.2,303,24.2,D,0
22.6299,92.4555,340.4,1.7,1.3,2011-03-25,0733,Aqua,MODIS,89,6.2,302.6,70.4,D,0
22.6282,92.4402,327.4,1.7,1.3,2011-03-25,0733,Aqua,MODIS,74,6.2,302.9,29.9,D,0
22.6758,92.45,332.7,1.7,1.3,2011-03-25,0733,Aqua,MODIS,83,6.2,302.2,47.9,D,0
22.6741,92.4347,321.9,1.7,1.3,2011-03-25,0733,Aqua,MODIS,69,6.2,302.4,19.4,D,0
23.6662,91.9376,352.5,1.6,1.3,2011-03-25,0733,Aqua,MODIS,91,6.2,287.4,120.3,D,0
23.6645,91.9221,355.4,1.6,1.2,2011-03-25,0733,Aqua,MODIS,92,6.2,294.7,133.2,D,0
23.6774,91.9361,353.5,1.6,1.3,2011-03-25,0733,Aqua,MODIS,92,6.2,286.6,127.1,D,0
23.6757,91.9205,358.5,1.6,1.2,2011-03-25,0733,Aqua,MODIS,93,6.2,292.2,150.5,D,0
22.5274,92.3615,326.3,1.7,1.3,2011-03-25,0733,Aqua,MODIS,76,6.2,301.3,30.3,D,0
23.4421,92.1813,311.9,1.7,1.3,2011-03-25,0733,Aqua,MODIS,47,6.2,292.1,13.3,D,0
22.678,92.4959,316.1,1.7,1.3,2011-03-25,0733,Aqua,MODIS,30,6.2,298.6,9.6,D,0
22.6725,92.4451,327.5,1.7,1.3,2011-03-25,0733,Aqua,MODIS,77,6.2,302.2,33.7,D,0
22.684,92.4438,332.7,1.7,1.3,2011-03-25,0733,Aqua,MODIS,83,6.2,303.2,48,D,0
22.6955,92.4425,328.5,1.7,1.3,2011-03-25,0733,Aqua,MODIS,79,6.2,301.6,36.2,D,0
22.5257,92.3462,318.4,1.7,1.3,2011-03-25,0733,Aqua,MODIS,53,6.2,300.6,12.9,D,0
22.3309,92.548,330.8,1.7,1.3,2011-03-25,0733,Aqua,MODIS,81,6.2,302.4,45,D,0
22.4094,92.5206,350.9,1.7,1.3,2011-03-25,0733,Aqua,MODIS,95,6.2,302.9,120.5,D,0
22.4074,92.503,317.4,1.7,1.3,2011-03-25,0733,Aqua,MODIS,37,6.2,300.6,12.1,D,0
22.4094,92.5313,336,1.7,1.3,2011-03-25,0733,Aqua,MODIS,86,6.2,300.6,60,D,0
22.4074,92.5131,339.7,1.7,1.3,2011-03-25,0733,Aqua,MODIS,88,6.2,302.5,72.8,D,0
22.4209,92.5299,326,1.7,1.3,2011-03-25,0733,Aqua,MODIS,75,6.2,301.4,30.8,D,0
23.565,91.9575,317,1.6,1.3,2011-03-25,0733,Aqua,MODIS,71,6.2,296.9,14.8,D,0
22.8449,92.334,337.9,1.7,1.3,2011-03-25,0733,Aqua,MODIS,87,6.2,301.3,63.8,D,0
22.843,92.3176,334.5,1.7,1.3,2011-03-25,0733,Aqua,MODIS,84,6.2,301.1,52.9,D,0
23.731,90.9136,315.8,1.4,1.2,2011-03-25,0733,Aqua,MODIS,66,6.2,292.1,14.5,D,0
23.7326,90.9271,311.2,1.4,1.2,2011-03-25,0733,Aqua,MODIS,29,6.2,290,9,D,0
22.8421,92.3282,344.8,1.7,1.3,2011-03-25,0733,Aqua,MODIS,92,6.2,301.5,89.7,D,0
22.8404,92.3126,317,1.7,1.3,2011-03-25,0733,Aqua,MODIS,57,6.2,300.8,10.9,D,0
23.1172,92.3294,334.4,1.7,1.3,2011-03-25,0733,Aqua,MODIS,74,6.2,301.2,48.7,D,0
23.2049,91.9988,352.1,1.6,1.2,2011-03-25,0733,Aqua,MODIS,96,6.2,297.6,112.3,D,0
23.2066,92.014,327.3,1.6,1.2,2011-03-25,0733,Aqua,MODIS,76,6.2,297.7,29.9,D,0
23.1937,92.0005,315.9,1.6,1.2,2011-03-25,0733,Aqua,MODIS,49,6.2,294.4,8.7,D,0
23.1954,92.0158,324.1,1.6,1.2,2011-03-25,0733,Aqua,MODIS,76,6.2,295.8,25.4,D,0
22.4145,92.3664,317.2,1.7,1.3,2011-03-25,0733,Aqua,MODIS,44,6.2,299.3,11.8,D,0
22.4181,92.3983,315.7,1.7,1.3,2011-03-25,0733,Aqua,MODIS,23,6.2,298.1,8.5,D,0
22.4032,92.3679,317.8,1.7,1.3,2011-03-25,0733,Aqua,MODIS,53,6.2,299.7,12.7,D,0
22.5675,92.4157,318.2,1.7,1.3,2011-03-25,0733,Aqua,MODIS,60,6.2,300,12.9,D,0
22.569,92.4223,318.4,1.7,1.3,2011-03-25,0733,Aqua,MODIS,60,6.2,300,14.1,D,0
22.5304,92.4927,326.3,1.7,1.3,2011-03-25,0733,Aqua,MODIS,76,6.2,300.7,33.5,D,0
22.5895,92.4819,310.9,2.8,1.6,2011-03-26,0506,Terra,MODIS,53,6.2,292.7,21.2,D,0
21.3643,92.4801,318.9,3.1,1.7,2011-03-26,0637,Aqua,MODIS,67,6.2,295.7,62.5,D,0
21.363,92.476,322.1,3.1,1.7,2011-03-26,0637,Aqua,MODIS,72,6.2,295.6,78.1,D,0
23.3925,92.2796,327,2.9,1.6,2011-03-26,0638,Aqua,MODIS,81,6.2,293.2,93.4,D,0
22.4151,92.4992,337.5,2.9,1.6,2011-03-26,0638,Aqua,MODIS,81,6.2,289,138.6,D,0
22.4202,92.5249,340.3,2.9,1.6,2011-03-26,0638,Aqua,MODIS,79,6.2,293.3,161.4,D,0
22.6459,92.4769,313.5,2.9,1.6,2011-03-26,0638,Aqua,MODIS,40,6.2,292.1,24.5,D,0
22.6447,92.4813,317.3,2.9,1.6,2011-03-26,0638,Aqua,MODIS,37,6.2,293,36.7,D,0
22.4104,92.4619,333.1,3,1.6,2011-03-26,0638,Aqua,MODIS,77,6.2,294.3,120.2,D,0
22.4093,92.4694,331.8,3,1.6,2011-03-26,0638,Aqua,MODIS,56,6.2,294,106.4,D,0
23.2405,92.2965,310.9,2.9,1.6,2011-03-26,0638,Aqua,MODIS,32,6.2,286.8,31.9,D,0
23.2178,91.8811,325.2,3.1,1.7,2011-03-26,0638,Aqua,MODIS,52,6.2,291.8,74,D,0
23.217,91.8751,323.7,3.1,1.7,2011-03-26,0638,Aqua,MODIS,57,6.2,292,67.2,D,0
22.6107,92.4614,333.9,2.9,1.6,2011-03-26,0638,Aqua,MODIS,86,6.2,292.4,127.1,D,0
22.3257,92.4295,327.2,3,1.6,2011-03-26,0638,Aqua,MODIS,80,6.2,293.5,88.9,D,0
22.6161,92.4883,324.5,2.9,1.6,2011-03-26,0638,Aqua,MODIS,78,6.2,294,69.2,D,0
22.4218,92.5184,347.9,2.9,1.6,2011-03-26,0638,Aqua,MODIS,94,6.2,293.5,235.6,D,0
22.3931,92.5252,328.2,2.9,1.6,2011-03-26,0638,Aqua,MODIS,69,6.2,292.5,85.5,D,0
23.1255,92.3321,327.8,2.9,1.6,2011-03-26,0638,Aqua,MODIS,60,6.2,290.6,94.1,D,0
22.4165,92.492,327.2,2.9,1.6,2011-03-26,0638,Aqua,MODIS,68,6.2,291.4,80.2,D,0
22.5663,92.4801,315.9,2.9,1.6,2011-03-26,0638,Aqua,MODIS,47,6.2,295,32.2,D,0
23.4468,92.1765,309.2,2.9,1.6,2011-03-26,0638,Aqua,MODIS,35,6.2,290.8,29.6,D,0
23.2852,91.9821,323.2,3.1,1.7,2011-03-26,0638,Aqua,MODIS,78,6.2,292.7,67.7,D,0
23.2842,91.9773,321.6,3.1,1.7,2011-03-26,0638,Aqua,MODIS,32,6.2,293.1,55.8,D,0
22.215,92.4987,326.1,3,1.6,2011-03-26,0638,Aqua,MODIS,44,6.2,291.2,84,D,0
23.2254,91.8411,323.6,3.1,1.7,2011-03-26,0638,Aqua,MODIS,73,6.2,291.2,67.4,D,0
23.3121,91.8149,325.7,3.1,1.7,2011-03-26,0638,Aqua,MODIS,81,6.2,294.2,86.2,D,0
23.3184,91.8453,333.3,3.1,1.7,2011-03-26,0638,Aqua,MODIS,86,6.2,293.8,136.2,D,0
22.2161,92.4921,328.9,3,1.6,2011-03-26,0638,Aqua,MODIS,77,6.2,291.5,104.4,D,0
22.4966,92.44,324,3,1.6,2011-03-26,0638,Aqua,MODIS,51,6.2,293.8,69.3,D,0
22.4971,92.4355,319.6,3,1.6,2011-03-26,0638,Aqua,MODIS,67,6.2,293.3,51.8,D,0
23.134,91.9988,319.8,3.1,1.7,2011-03-26,0638,Aqua,MODIS,69,6.2,292.7,56.3,D,0
23.1329,91.9941,317.3,3.1,1.7,2011-03-26,0638,Aqua,MODIS,67,6.2,292.9,45.2,D,0
23.2705,91.9854,319.3,3.1,1.7,2011-03-26,0638,Aqua,MODIS,74,6.2,290.5,48.7,D,0
22.7397,92.3596,308.8,1,1,2011-03-26,1602,Terra,MODIS,75,6.2,293.2,7.9,N,0
23.1604,92.0283,302.5,1,1,2011-03-26,1602,Terra,MODIS,49,6.2,291.6,5.2,N,0
23.222,91.8746,331.9,1.1,1,2011-03-27,0721,Aqua,MODIS,77,6.2,302.8,23.2,D,0
25.474,89.6497,316.1,1,1,2011-03-27,0721,Aqua,MODIS,0,6.2,302.3,8.6,D,0
23.5451,91.9552,331.3,1.1,1,2011-03-27,0721,Aqua,MODIS,83,6.2,299.2,24.7,D,0
23.5438,91.9449,370.2,1.1,1,2011-03-27,0721,Aqua,MODIS,100,6.2,302.7,120.8,D,0
23.5166,92.2157,375.4,1.1,1.1,2011-03-27,0721,Aqua,MODIS,100,6.2,305.4,148.6,D,0
23.518,92.2264,380.6,1.1,1.1,2011-03-27,0721,Aqua,MODIS,94,6.2,300.7,172.6,D,0
23.5531,91.9434,350,1.1,1,2011-03-27,0721,Aqua,MODIS,95,6.2,297.6,58.5,D,0
23.6052,89.6595,321.9,1,1,2011-03-27,0721,Aqua,MODIS,71,6.2,306.1,7.4,D,0
23.5624,91.9419,343,1.1,1,2011-03-27,0721,Aqua,MODIS,91,6.2,300,43.9,D,0
23.573,91.9509,329.5,1.1,1,2011-03-27,0721,Aqua,MODIS,82,6.2,298.2,21.7,D,0
23.5717,91.9405,335,1.1,1,2011-03-27,0721,Aqua,MODIS,86,6.2,297.8,29.1,D,0
23.5959,91.98,331.7,1.1,1,2011-03-27,0721,Aqua,MODIS,82,6.2,297.1,25.1,D,0
23.2997,89.7701,318.2,1,1,2011-03-27,0721,Aqua,MODIS,58,6.2,303.3,7.6,D,0
23.2947,89.8075,324.8,1,1,2011-03-27,0721,Aqua,MODIS,75,6.2,303.3,11.3,D,0
23.2618,89.833,326.8,1,1,2011-03-27,0721,Aqua,MODIS,78,6.2,304.6,12.8,D,0
23.2632,89.8426,321.2,1,1,2011-03-27,0721,Aqua,MODIS,54,6.2,302,6.5,D,0
23.2571,89.8635,325.5,1,1,2011-03-27,0721,Aqua,MODIS,61,6.2,304.8,11.4,D,0
23.0403,89.5159,321.6,1,1,2011-03-27,0721,Aqua,MODIS,66,6.2,300.2,11,D,0
23.0417,89.5256,320.5,1,1,2011-03-27,0721,Aqua,MODIS,69,6.2,302,10.1,D,0
23.0681,89.9576,328,1,1,2011-03-27,0721,Aqua,MODIS,80,6.2,302.5,15,D,0
23.0592,89.9592,321.3,1,1,2011-03-27,0721,Aqua,MODIS,46,6.2,302.8,8.9,D,0
23.5945,91.9695,373.1,1.1,1,2011-03-27,0721,Aqua,MODIS,100,6.2,299.8,133.2,D,0
23.2122,92.2924,320.2,1.1,1.1,2011-03-27,0721,Aqua,MODIS,70,6.2,301.7,10.3,D,0
23.2136,92.3032,331.2,1.1,1.1,2011-03-27,0721,Aqua,MODIS,83,6.2,301,25.4,D,0
22.9465,92.0702,315.9,1.1,1,2011-03-27,0721,Aqua,MODIS,44,6.2,301,6.5,D,0
23.4445,91.9555,363.7,1.1,1,2011-03-27,0721,Aqua,MODIS,100,6.2,301.7,98.2,D,0
23.4314,92.0006,324.3,1.1,1,2011-03-27,0721,Aqua,MODIS,41,6.2,301.2,13.3,D,0
23.4328,92.0111,329.3,1.1,1,2011-03-27,0721,Aqua,MODIS,75,6.2,299.5,20.2,D,0
23.4221,92.0021,333.5,1.1,1,2011-03-27,0721,Aqua,MODIS,77,6.2,301.2,25.6,D,0
23.3692,91.9418,323.2,1.1,1,2011-03-27,0721,Aqua,MODIS,66,6.2,301.9,11.8,D,0
23.3599,91.9432,322.6,1.1,1,2011-03-27,0721,Aqua,MODIS,64,6.2,302.3,10.8,D,0
23.3309,92.012,322.1,1.1,1,2011-03-27,0721,Aqua,MODIS,51,6.2,300.3,10.1,D,0
23.2954,92.0017,350.1,1.1,1,2011-03-27,0721,Aqua,MODIS,95,6.2,301.9,58.4,D,0
23.2875,92.0138,320.2,1.1,1,2011-03-27,0721,Aqua,MODIS,64,6.2,301.5,7.3,D,0
23.4721,92.1678,371.3,1.1,1,2011-03-27,0721,Aqua,MODIS,94,6.2,299.6,130.8,D,0
23.4627,92.1692,324.1,1.1,1,2011-03-27,0721,Aqua,MODIS,67,6.2,290.9,15.9,D,0
23.4519,92.1597,387.9,1.1,1,2011-03-27,0721,Aqua,MODIS,94,6.2,298.8,206.6,D,0
23.4426,92.1611,343,1.1,1,2011-03-27,0721,Aqua,MODIS,86,6.2,293.8,44.2,D,0
23.4356,92.1578,318,1.1,1,2011-03-27,0721,Aqua,MODIS,38,6.2,296.5,8.7,D,0
23.4137,92.0639,327.9,1.1,1,2011-03-27,0721,Aqua,MODIS,80,6.2,299.4,21.1,D,0
23.41,92.1078,321.4,1.1,1,2011-03-27,0721,Aqua,MODIS,72,6.2,298.6,12.2,D,0
23.3688,92.1577,334.1,1.1,1,2011-03-27,0721,Aqua,MODIS,85,6.2,296.4,29,D,0
23.3459,92.1286,324.4,1.1,1,2011-03-27,0721,Aqua,MODIS,59,6.2,298.6,14.1,D,0
23.3401,92.1244,320.5,1.1,1,2011-03-27,0721,Aqua,MODIS,29,6.2,296.4,11,D,0
23.3415,92.135,327.5,1.1,1,2011-03-27,0721,Aqua,MODIS,70,6.2,298.9,18.7,D,0
23.3349,92.1579,343,1.1,1,2011-03-27,0721,Aqua,MODIS,91,6.2,301.4,44,D,0
23.3363,92.1685,336.7,1.1,1,2011-03-27,0721,Aqua,MODIS,87,6.2,297.6,32.2,D,0
23.3144,92.0742,321.3,1.1,1,2011-03-27,0721,Aqua,MODIS,46,6.2,299.2,9.4,D,0
23.2948,92.1423,333.9,1.1,1,2011-03-27,0721,Aqua,MODIS,85,6.2,301.7,25.9,D,0
23.2854,92.1438,329,1.1,1,2011-03-27,0721,Aqua,MODIS,81,6.2,303.4,18.4,D,0
23.7096,92.1018,347,1.1,1,2011-03-27,0721,Aqua,MODIS,94,6.2,298.5,57.3,D,0
23.7039,92.0974,338.2,1.1,1,2011-03-27,0721,Aqua,MODIS,88,6.2,299.3,37.8,D,0
23.6823,92.0786,322.6,1.1,1,2011-03-27,0721,Aqua,MODIS,49,6.2,296.1,12.5,D,0
23.1078,92.0434,326.6,1.1,1,2011-03-27,0721,Aqua,MODIS,71,6.2,300.8,15.5,D,0
23.0998,92.0552,328.6,1.1,1,2011-03-27,0721,Aqua,MODIS,64,6.2,302.8,17.2,D,0
23.1012,92.0657,350.2,1.1,1,2011-03-27,0721,Aqua,MODIS,95,6.2,303,57.5,D,0
23.1026,92.0762,332.8,1.1,1,2011-03-27,0721,Aqua,MODIS,84,6.2,303.6,23.3,D,0
23.0733,92.07,359.9,1.1,1,2011-03-27,0721,Aqua,MODIS,99,6.2,306.5,83.4,D,0
23.0747,92.0804,388.1,1.1,1,2011-03-27,0721,Aqua,MODIS,100,6.2,308.1,200.6,D,0
23.0667,92.0924,334.5,1.1,1,2011-03-27,0721,Aqua,MODIS,85,6.2,303.7,26.8,D,0
23.0705,92.1742,335.4,1.1,1,2011-03-27,0721,Aqua,MODIS,86,6.2,303,29.1,D,0
23.0366,92.0611,327.6,1.1,1,2011-03-27,0721,Aqua,MODIS,80,6.2,302.4,16.2,D,0
23.0379,92.0714,321.3,1.1,1,2011-03-27,0721,Aqua,MODIS,56,6.2,302,8.8,D,0
23.0328,92.1043,317.6,1.1,1,2011-03-27,0721,Aqua,MODIS,61,6.2,301.3,5.9,D,0
23.0384,92.1468,323.7,1.1,1,2011-03-27,0721,Aqua,MODIS,75,6.2,302.9,11.7,D,0
23.0249,92.1164,327.9,1.1,1,2011-03-27,0721,Aqua,MODIS,80,6.2,302.9,18.2,D,0
25.4754,89.6595,316.8,1,1,2011-03-27,0721,Aqua,MODIS,0,6.2,302.5,8.5,D,0
23.2383,91.9999,345.1,1.1,1,2011-03-27,0721,Aqua,MODIS,92,6.2,306,47.2,D,0
23.2396,92.0104,337.7,1.1,1,2011-03-27,0721,Aqua,MODIS,88,6.2,303,32.3,D,0
23.2094,91.9791,319.6,1.1,1,2011-03-27,0721,Aqua,MODIS,69,6.2,302.2,7.3,D,0
23.2108,91.9895,339.2,1.1,1,2011-03-27,0721,Aqua,MODIS,89,6.2,302.1,35.1,D,0
23.2056,92.0222,321.3,1.1,1,2011-03-27,0721,Aqua,MODIS,59,6.2,301.6,9.1,D,0
23.207,92.0328,324.1,1.1,1,2011-03-27,0721,Aqua,MODIS,76,6.2,301.9,12.8,D,0
23.1936,92.0028,327,1.1,1,2011-03-27,0721,Aqua,MODIS,77,6.2,301.9,15.4,D,0
23.2009,92.1308,321.5,1.1,1,2011-03-27,0721,Aqua,MODIS,71,6.2,301.9,10.3,D,0
23.2022,92.1412,350.4,1.1,1,2011-03-27,0721,Aqua,MODIS,95,6.2,302.5,60.6,D,0
23.1696,91.9639,320.9,1.1,1,2011-03-27,0721,Aqua,MODIS,71,6.2,303.3,8.3,D,0
23.1726,92.0597,328.9,1.1,1,2011-03-27,0721,Aqua,MODIS,81,6.2,301.2,19.5,D,0
23.174,92.0703,318.9,1.1,1,2011-03-27,0721,Aqua,MODIS,54,6.2,302.4,7,D,0
23.1863,92.1656,318.5,1.1,1,2011-03-27,0721,Aqua,MODIS,67,6.2,302.5,6.1,D,0
23.1491,92.0691,321.9,1.1,1,2011-03-27,0721,Aqua,MODIS,64,6.2,301.9,9.8,D,0
23.1384,92.0599,326.1,1.1,1,2011-03-27,0721,Aqua,MODIS,78,6.2,301.9,15,D,0
23.1291,92.0613,351.3,1.1,1,2011-03-27,0721,Aqua,MODIS,96,6.2,303,60,D,0
23.1305,92.072,351.9,1.1,1,2011-03-27,0721,Aqua,MODIS,96,6.2,304.1,61.7,D,0
23.143,92.1671,318.9,1.1,1,2011-03-27,0721,Aqua,MODIS,68,6.2,302.4,7.3,D,0
23.1157,92.0315,324.5,1.1,1,2011-03-27,0721,Aqua,MODIS,76,6.2,300.8,13.4,D,0
23.1198,92.0627,335.2,1.1,1,2011-03-27,0721,Aqua,MODIS,86,6.2,301.7,27.4,D,0
23.1147,92.096,332.4,1.1,1,2011-03-27,0721,Aqua,MODIS,84,6.2,302.8,23.6,D,0
23.4319,92.2025,311.6,1.1,1,2011-03-27,0721,Aqua,MODIS,21,6.2,294.9,4.6,D,0
23.4333,92.2132,331.8,1.1,1.1,2011-03-27,0721,Aqua,MODIS,73,6.2,294.6,29.2,D,0
23.4211,92.1932,381.5,1.1,1,2011-03-27,0721,Aqua,MODIS,94,6.2,301.9,174.9,D,0
23.4118,92.1946,372.8,1.1,1,2011-03-27,0721,Aqua,MODIS,87,6.2,298,132,D,0
23.4024,92.1961,359.7,1.1,1,2011-03-27,0721,Aqua,MODIS,86,6.2,300,85.9,D,0
23.3569,92.2141,348.4,1.1,1,2011-03-27,0721,Aqua,MODIS,94,6.2,302.8,57.9,D,0
23.3513,92.2098,374.3,1.1,1,2011-03-27,0721,Aqua,MODIS,100,6.2,305,138.5,D,0
23.3527,92.2204,407.5,1.1,1,2011-03-27,0721,Aqua,MODIS,87,6.2,302.6,335.2,D,0
23.3405,92.2005,328.1,1.1,1,2011-03-27,0721,Aqua,MODIS,52,6.2,300.1,17.6,D,0
23.334,92.2232,409.4,1.1,1,2011-03-27,0721,Aqua,MODIS,75,6.2,302.9,352.4,D,0
23.3124,92.2049,327.5,1.1,1,2011-03-27,0721,Aqua,MODIS,80,6.2,297.9,17.8,D,0
23.5072,92.217,339.7,1.1,1.1,2011-03-27,0721,Aqua,MODIS,89,6.2,300.5,40.5,D,0
23.4873,92.2861,340.4,1.1,1.1,2011-03-27,0721,Aqua,MODIS,78,6.2,293.6,45.4,D,0
23.6695,88.6646,318.1,1,1,2011-03-27,0721,Aqua,MODIS,55,6.2,302.2,6.7,D,0
23.1061,92.3247,342.5,1.1,1.1,2011-03-27,0721,Aqua,MODIS,91,6.2,301.3,44.7,D,0
23.1048,92.3144,356.1,1.1,1.1,2011-03-27,0721,Aqua,MODIS,98,6.2,305.6,78.6,D,0
24.678,89.6414,315.6,1.1,1,2011-03-28,0453,Terra,MODIS,59,6.2,299.8,9.5,D,0
23.4133,92.247,316.5,4.8,2,2011-03-28,0626,Aqua,MODIS,71,6.2,291.7,99.8,D,0
23.415,92.2504,317.6,4.8,2,2011-03-28,0626,Aqua,MODIS,72,6.2,291.7,109.2,D,0
21.5098,92.2429,316.3,1,1,2011-03-29,0708,Aqua,MODIS,32,6.2,297.3,6.9,D,0
23.0161,91.9526,309.7,1,1,2011-03-29,0708,Aqua,MODIS,22,6.2,286.9,6,D,0
21.5371,92.2381,322.5,1,1,2011-03-29,0708,Aqua,MODIS,72,6.2,296.7,14.3,D,0
21.6193,92.1189,320.3,1.1,1,2011-03-29,0708,Aqua,MODIS,71,6.2,301.1,9.4,D,0
21.5356,92.2282,320.6,1,1,2011-03-29,0708,Aqua,MODIS,67,6.2,296.4,11.6,D,0
23.7668,90.901,315,1.1,1.1,2011-03-29,0709,Aqua,MODIS,53,6.2,298,7.4,D,0
25.14,89.6192,313.4,1.2,1.1,2011-03-29,0709,Aqua,MODIS,0,6.2,295.5,7.8,D,0
24.0732,89.7577,320.1,1.2,1.1,2011-03-29,0709,Aqua,MODIS,0,6.2,302.1,13.6,D,0
23.8365,90.8824,314.9,1.1,1.1,2011-03-29,0709,Aqua,MODIS,32,6.2,297.3,6,D,0
23.7532,90.9367,315.7,1.1,1,2011-03-29,0709,Aqua,MODIS,34,6.2,298.9,6.8,D,0
23.6024,89.6688,318.9,2.4,1.5,2011-03-30,0751,Aqua,MODIS,66,6.2,297,24.5,D,0
23.6135,89.6442,318.3,2.4,1.5,2011-03-30,0752,Aqua,MODIS,62,6.2,296.1,23,D,0
23.0578,91.8467,313.9,1.2,1.1,2011-04-03,0727,Aqua,MODIS,51,6.2,298.8,5.2,D,0
23.0151,89.3527,313.8,1,1,2011-04-03,0727,Aqua,MODIS,0,6.2,299.1,4.4,D,0
23.0306,91.7894,314.1,1.2,1.1,2011-04-03,0727,Aqua,MODIS,52,6.2,297.1,4.9,D,0
23.1648,92.063,315.7,1.3,1.1,2011-04-03,0727,Aqua,MODIS,57,6.2,299.9,7.2,D,0
22.5207,92.1978,317.5,1.3,1.1,2011-04-03,0727,Aqua,MODIS,56,6.2,303.4,9.5,D,0
22.6509,92.378,323.8,1,1,2011-04-05,0714,Aqua,MODIS,73,6.2,302.6,12.4,D,0
22.251,92.4779,366.5,1,1,2011-04-05,0714,Aqua,MODIS,100,6.2,305.7,95.9,D,0
22.2497,92.4681,324.5,1,1,2011-04-05,0714,Aqua,MODIS,65,6.2,301.6,13.5,D,0
22.4118,92.5084,324.2,1,1,2011-04-05,0714,Aqua,MODIS,73,6.2,302.2,12.4,D,0
22.621,92.492,350.3,1,1,2011-04-05,0714,Aqua,MODIS,95,6.2,303.4,53.5,D,0
22.6224,92.5017,330.2,1,1,2011-04-05,0714,Aqua,MODIS,81,6.2,302.5,19.5,D,0
22.5766,92.3704,322.6,1,1,2011-04-05,0714,Aqua,MODIS,72,6.2,303.4,10.7,D,0
22.5219,92.4455,318.2,1,1,2011-04-05,0714,Aqua,MODIS,61,6.2,304,6.3,D,0
22.2048,92.4822,326.4,1,1,2011-04-05,0714,Aqua,MODIS,69,6.2,301.8,16.2,D,0
22.7513,92.3688,327.7,1,1,2011-04-05,0714,Aqua,MODIS,74,6.2,302.3,16.7,D,0
22.5197,92.4953,324.2,1,1,2011-04-05,0714,Aqua,MODIS,73,6.2,302.3,12.4,D,0
22.4132,92.5182,336.6,1,1,2011-04-05,0714,Aqua,MODIS,86,6.2,303.3,28.7,D,0
22.5094,92.487,344.7,1,1,2011-04-05,0714,Aqua,MODIS,92,6.2,304.5,41,D,0
22.5107,92.4967,368.3,1,1,2011-04-05,0714,Aqua,MODIS,100,6.2,304.9,101.6,D,0
22.5018,92.4982,345.1,1,1,2011-04-05,0714,Aqua,MODIS,87,6.2,300.4,42.6,D,0
23.1475,91.788,339.9,1,1,2011-04-05,0714,Aqua,MODIS,90,6.2,301,34.2,D,0
22.37,92.2096,317.1,1,1,2011-04-05,0714,Aqua,MODIS,58,6.2,301.5,4.6,D,0
22.3271,92.4995,344.2,1,1,2011-04-05,0714,Aqua,MODIS,91,6.2,303.5,40,D,0
22.7183,92.0681,318,1,1,2011-04-05,0714,Aqua,MODIS,60,6.2,298.5,5.1,D,0
22.7308,91.8985,319.6,1,1,2011-04-05,0714,Aqua,MODIS,67,6.2,303,6.9,D,0
22.8193,91.878,328.5,1,1,2011-04-05,0714,Aqua,MODIS,75,6.2,294.6,16.3,D,0
22.8666,92.0179,324.1,1,1,2011-04-05,0714,Aqua,MODIS,75,6.2,295.7,13.7,D,0
22.6523,92.3877,323,1,1,2011-04-05,0714,Aqua,MODIS,72,6.2,301.8,11.2,D,0
21.8697,92.3191,320.4,1,1,2011-04-05,0714,Aqua,MODIS,66,6.2,301.3,9.2,D,0
21.8684,92.3096,322.7,1,1,2011-04-05,0714,Aqua,MODIS,71,6.2,302.6,11.1,D,0
23.1051,92.2662,323.3,1,1,2011-04-05,0714,Aqua,MODIS,75,6.2,303.2,11.2,D,0
22.2614,92.4862,336,1,1,2011-04-05,0714,Aqua,MODIS,86,6.2,303.5,26.2,D,0
22.2627,92.4958,320.1,1,1,2011-04-05,0714,Aqua,MODIS,45,6.2,303.4,7.2,D,0
22.2524,92.4876,333.9,1,1,2011-04-05,0714,Aqua,MODIS,84,6.2,302.9,23,D,0
21.3671,92.4776,319.6,1,1,2011-04-05,0714,Aqua,MODIS,63,6.2,303.3,8.3,D,0
22.3258,92.4899,372.9,1,1,2011-04-05,0714,Aqua,MODIS,100,6.2,308.2,116,D,0
22.6493,92.4974,318.9,1,1,2011-04-05,0714,Aqua,MODIS,63,6.2,302.3,6.6,D,0
22.3168,92.4914,335.9,1,1,2011-04-05,0714,Aqua,MODIS,86,6.2,304.7,25.9,D,0
22.3835,92.5099,315.8,1,1,2011-04-05,0714,Aqua,MODIS,23,6.2,298.5,4.3,D,0
22.3746,92.5113,328.6,1,1,2011-04-05,0714,Aqua,MODIS,79,6.2,302.4,17.6,D,0
22.9296,92.3273,324.6,1,1,2011-04-05,0714,Aqua,MODIS,76,6.2,301.4,13.8,D,0
22.2591,92.5356,315.6,1,1,2011-04-05,0714,Aqua,MODIS,47,6.2,300.5,5.6,D,0
22.9309,92.3371,328.7,1,1,2011-04-05,0714,Aqua,MODIS,80,6.2,301.4,18.7,D,0
22.8869,92.2914,325.4,1,1,2011-04-05,0714,Aqua,MODIS,76,6.2,295.8,14.5,D,0
22.5442,92.3429,319.4,1,1,2011-04-05,0714,Aqua,MODIS,65,6.2,302.6,6.9,D,0
22.5429,92.3332,320.7,1,1,2011-04-05,0714,Aqua,MODIS,64,6.2,302.3,8.2,D,0
22.542,92.1886,314.5,1,1,2011-04-05,0714,Aqua,MODIS,0,6.2,299.4,3.8,D,0
22.7341,92.3191,320.3,1,1,2011-04-05,0714,Aqua,MODIS,64,6.2,302.3,9,D,0
22.75,92.359,322.4,1,1,2011-04-05,0714,Aqua,MODIS,72,6.2,302,10.9,D,0
22.8475,92.3376,321.9,1,1,2011-04-05,0714,Aqua,MODIS,70,6.2,297.9,9.5,D,0
22.8462,92.3278,326.2,1,1,2011-04-05,0714,Aqua,MODIS,77,6.2,299.5,14.2,D,0
22.8191,92.1345,328.6,1,1,2011-04-05,0714,Aqua,MODIS,57,6.2,302.2,17.4,D,0
21.5961,92.4713,353.3,1,1,2011-04-05,0714,Aqua,MODIS,96,6.2,308.2,58.5,D,0
21.5975,92.4808,360.4,1,1,2011-04-05,0714,Aqua,MODIS,100,6.2,307.4,76.5,D,0
22.4404,92.3852,327.1,1,1,2011-04-05,0714,Aqua,MODIS,77,6.2,303.1,15.5,D,0
22.3634,92.0337,349.2,1,1,2011-04-05,0714,Aqua,MODIS,94,6.2,303.5,51.1,D,0
22.3407,92.067,327.3,1,1,2011-04-05,0714,Aqua,MODIS,78,6.2,303.1,16.7,D,0
22.3095,92.0495,321.6,1,1,2011-04-05,0714,Aqua,MODIS,70,6.2,301.6,10.7,D,0
21.5932,92.2566,339.5,1,1,2011-04-05,0714,Aqua,MODIS,88,6.2,304.6,32.6,D,0
21.5945,92.2661,327.1,1,1,2011-04-05,0714,Aqua,MODIS,76,6.2,303,15,D,0
21.5843,92.2581,323.2,1,1,2011-04-05,0714,Aqua,MODIS,71,6.2,303.9,11.5,D,0
21.5856,92.2676,325.9,1,1,2011-04-05,0714,Aqua,MODIS,75,6.2,303.2,14.3,D,0
21.5162,92.2944,324.9,1,1,2011-04-05,0714,Aqua,MODIS,73,6.2,303.3,13.9,D,0
22.3347,92.4884,322.5,1,1,2011-04-05,0714,Aqua,MODIS,70,6.2,303.5,9.4,D,0
22.3361,92.4981,332.5,1,1,2011-04-05,0714,Aqua,MODIS,83,6.2,303.1,21.9,D,0
22.7453,92.3477,303,2.7,1.6,2011-04-05,1638,Terra,MODIS,52,6.2,291.1,20.4,N,0
22.7557,92.3523,304.4,2.7,1.6,2011-04-05,1638,Terra,MODIS,60,6.2,291,25.4,N,0
23.7783,90.9282,316.5,1.1,1,2011-04-06,0447,Terra,MODIS,54,6.2,302,8.3,D,0
25.7282,89.7123,319.9,1,1,2011-04-06,0447,Terra,MODIS,0,6.2,309.2,12,D,0
25.7297,89.7025,321.1,1,1,2011-04-06,0447,Terra,MODIS,64,6.2,310.5,13.4,D,0
22.9394,91.808,314.8,1.2,1.1,2011-04-06,0447,Terra,MODIS,63,6.2,301.7,6,D,0
22.6356,92.3278,317.2,1.3,1.1,2011-04-06,0448,Terra,MODIS,65,6.2,298.9,10.4,D,0
22.3661,92.0377,328.6,1.3,1.1,2011-04-06,0448,Terra,MODIS,81,6.2,300.3,27.5,D,0
22.6353,92.3342,316.4,1.3,1.1,2011-04-06,0448,Terra,MODIS,46,6.2,299.2,9.3,D,0
23.3543,91.8519,313.9,4.4,1.9,2011-04-06,0757,Aqua,MODIS,54,6.2,293.2,47.9,D,0
21.5927,92.4411,318.8,4.6,2,2011-04-06,0757,Aqua,MODIS,65,6.2,298.8,81.5,D,0
21.5944,92.4789,315,4.7,2,2011-04-06,0757,Aqua,MODIS,63,6.2,297.8,55.6,D,0
21.5911,92.4368,317,4.6,2,2011-04-06,0757,Aqua,MODIS,67,6.2,298.8,70.7,D,0
23.5429,92.2239,320.3,4.7,2,2011-04-06,0757,Aqua,MODIS,70,6.2,294.8,119.8,D,0
23.5451,92.228,319.2,4.7,2,2011-04-06,0757,Aqua,MODIS,68,6.2,294.7,105.1,D,0
22.5323,92.3402,317.8,4.7,2,2011-04-06,0757,Aqua,MODIS,31,6.2,296.6,70.1,D,0
22.4303,92.1707,314.3,4.5,2,2011-04-06,0757,Aqua,MODIS,38,6.2,296.6,51,D,0
22.4311,92.1748,315.4,4.5,2,2011-04-06,0757,Aqua,MODIS,50,6.2,296.4,58.1,D,0
21.7998,92.3592,319.4,4.6,2,2011-04-06,0757,Aqua,MODIS,71,6.2,297.2,91.4,D,0
21.8012,92.3522,316.9,4.6,2,2011-04-06,0757,Aqua,MODIS,60,6.2,297.5,72,D,0
23.357,91.8433,314.9,4.4,1.9,2011-04-06,0757,Aqua,MODIS,57,6.2,293.5,52.1,D,0
23.2118,91.8267,314.3,4.4,1.9,2011-04-06,0757,Aqua,MODIS,55,6.2,297.5,44.3,D,0
23.2088,91.8348,314.9,4.4,1.9,2011-04-06,0757,Aqua,MODIS,57,6.2,297.6,47.5,D,0
23.0236,91.9403,320,4.4,1.9,2011-04-06,0757,Aqua,MODIS,70,6.2,297.3,92.3,D,0
23.0179,91.9072,313.4,4.4,1.9,2011-04-06,0757,Aqua,MODIS,51,6.2,296.8,38.2,D,0
23.0211,91.9485,318.2,4.4,1.9,2011-04-06,0757,Aqua,MODIS,66,6.2,297.1,76.4,D,0
22.3019,92.3703,327.2,4.7,2,2011-04-06,0757,Aqua,MODIS,76,6.2,296.4,151.6,D,0
22.3037,92.3743,334.2,4.7,2,2011-04-06,0757,Aqua,MODIS,86,6.2,296.6,234.7,D,0
23.4883,91.9585,318.5,4.5,2,2011-04-06,0757,Aqua,MODIS,58,6.2,296.6,88.1,D,0
23.4708,91.9601,315.2,4.5,2,2011-04-06,0757,Aqua,MODIS,44,6.2,296.3,58.1,D,0
23.4889,91.9628,318.1,4.5,2,2011-04-06,0757,Aqua,MODIS,66,6.2,296.5,82.4,D,0
23.2909,91.9452,317.6,4.5,1.9,2011-04-06,0757,Aqua,MODIS,65,6.2,297.3,74.6,D,0
23.2939,91.9871,312.7,4.5,2,2011-04-06,0757,Aqua,MODIS,46,6.2,296.2,40,D,0
23.2911,91.9496,319.1,4.5,1.9,2011-04-06,0757,Aqua,MODIS,68,6.2,297.4,86.8,D,0
23.4483,92.1537,313.3,4.6,2,2011-04-06,0757,Aqua,MODIS,28,6.2,295,49.3,D,0
23.2887,92.1689,319,4.6,2,2011-04-06,0757,Aqua,MODIS,54,6.2,295.3,82.8,D,0
23.2903,92.1733,324.7,4.6,2,2011-04-06,0757,Aqua,MODIS,76,6.2,295.3,139.3,D,0
23.1025,92.0608,313.6,4.5,2,2011-04-06,0757,Aqua,MODIS,41,6.2,296.1,38.3,D,0
23.1001,92.0229,315.8,4.5,2,2011-04-06,0757,Aqua,MODIS,60,6.2,296.9,56.3,D,0
23.1034,92.0658,312.4,4.5,2,2011-04-06,0757,Aqua,MODIS,41,6.2,296.2,35.4,D,0
23.216,92.1332,317.8,4.6,2,2011-04-06,0757,Aqua,MODIS,39,6.2,296.2,68,D,0
23.2116,92.098,313.8,4.6,2,2011-04-06,0757,Aqua,MODIS,53,6.2,296.4,43.3,D,0
22.3445,92.458,323.6,4.7,2,2011-04-06,0757,Aqua,MODIS,34,6.2,297.2,113.9,D,0
22.3051,92.4137,333,4.7,2,2011-04-06,0757,Aqua,MODIS,84,6.2,296.9,217.2,D,0
23.4714,92.2301,317.4,4.7,2,2011-04-06,0757,Aqua,MODIS,55,6.2,295.5,83.7,D,0
23.4736,92.2336,318.5,4.7,2,2011-04-06,0757,Aqua,MODIS,67,6.2,295.5,98.5,D,0
22.4464,92.3909,327.5,4.7,2,2011-04-06,0757,Aqua,MODIS,78,6.2,297,172.8,D,0
22.4497,92.4368,313.9,4.7,2,2011-04-06,0757,Aqua,MODIS,33,6.2,295.6,45.1,D,0
22.4486,92.3947,332,4.7,2,2011-04-06,0757,Aqua,MODIS,83,6.2,297.1,225.6,D,0
21.3902,92.1686,322.1,4.4,1.9,2011-04-06,0757,Aqua,MODIS,75,6.2,298.2,105.9,D,0
21.3904,92.164,321.2,4.4,1.9,2011-04-06,0757,Aqua,MODIS,74,6.2,298.3,103,D,0
23.2917,92.213,350.9,4.7,2,2011-04-06,0757,Aqua,MODIS,95,6.2,295.9,528,D,0
23.2935,92.2172,359.1,4.7,2,2011-04-06,0757,Aqua,MODIS,99,6.2,295.9,710.2,D,0
23.2401,92.222,320.7,4.7,2,2011-04-06,0757,Aqua,MODIS,38,6.2,295.9,94.5,D,0
23.2573,92.2281,318.8,4.7,2,2011-04-06,0757,Aqua,MODIS,59,6.2,295.3,84.2,D,0
23.2395,92.2297,319.5,4.7,2,2011-04-06,0757,Aqua,MODIS,34,6.2,295.7,85.1,D,0
23.0841,92.3006,318.9,4.7,2,2011-04-06,0757,Aqua,MODIS,64,6.2,298.1,86.6,D,0
23.0845,92.293,319.1,4.7,2,2011-04-06,0757,Aqua,MODIS,59,6.2,298.2,88.6,D,0
21.5112,92.3157,316,4.5,2,2011-04-06,0757,Aqua,MODIS,65,6.2,296,65.1,D,0
21.5105,92.3115,315.5,4.5,2,2011-04-06,0757,Aqua,MODIS,39,6.2,296,56.1,D,0
22.6297,92.4545,323.1,4.8,2,2011-04-06,0757,Aqua,MODIS,55,6.2,297.5,108.5,D,0
22.6324,92.4582,321.8,4.8,2,2011-04-06,0757,Aqua,MODIS,30,6.2,297.5,92.6,D,0
22.2968,92.5115,335.7,4.8,2,2011-04-06,0757,Aqua,MODIS,87,6.2,295.9,264.1,D,0
22.2941,92.5072,321.7,4.8,2,2011-04-06,0757,Aqua,MODIS,25,6.2,296,97.9,D,0
22.3121,92.5071,332.7,4.8,2,2011-04-06,0757,Aqua,MODIS,74,6.2,295.9,214.8,D,0
22.6813,91.9618,314,4.4,1.9,2011-04-06,0757,Aqua,MODIS,52,6.2,297.5,37.5,D,0
22.6779,91.92,315,4.4,1.9,2011-04-06,0757,Aqua,MODIS,57,6.2,298.2,48.2,D,0
22.6841,91.9526,313.9,4.4,1.9,2011-04-06,0757,Aqua,MODIS,46,6.2,297.5,35.6,D,0
22.733,91.9059,315.4,4.4,1.9,2011-04-06,0757,Aqua,MODIS,59,6.2,298.3,50,D,0
22.7335,91.9019,314.7,4.4,1.9,2011-04-06,0757,Aqua,MODIS,52,6.2,298.3,43,D,0
22.8126,92.0234,314.5,4.5,1.9,2011-04-06,0757,Aqua,MODIS,46,6.2,298.3,45.6,D,0
22.5395,92.4227,316.2,4.7,2,2011-04-06,0757,Aqua,MODIS,46,6.2,295.7,59.9,D,0
22.5426,92.4659,312.9,4.8,2,2011-04-06,0757,Aqua,MODIS,32,6.2,296.1,41.1,D,0
22.5394,92.431,317.3,4.7,2,2011-04-06,0757,Aqua,MODIS,43,6.2,295.8,67.2,D,0
22.5428,92.474,314,4.8,2,2011-04-06,0757,Aqua,MODIS,43,6.2,296.2,49.2,D,0
23.2106,92.3241,319,4.7,2,2011-04-06,0757,Aqua,MODIS,68,6.2,297.1,90.2,D,0
23.2107,92.316,320.4,4.7,2,2011-04-06,0757,Aqua,MODIS,61,6.2,297,97.8,D,0
23.1569,92.3293,321.2,4.7,2,2011-04-06,0757,Aqua,MODIS,72,6.2,297.2,108,D,0
23.1748,92.3273,331.1,4.7,2,2011-04-06,0757,Aqua,MODIS,83,6.2,298,204,D,0
23.8174,90.8921,313.2,3.8,1.8,2011-04-06,0758,Aqua,MODIS,39,6.2,300.5,36.5,D,0
22.5179,92.3821,326,1.8,1.3,2011-04-06,1543,Terra,MODIS,100,6.2,294.8,56.5,N,0
22.2093,92.4103,320,1.8,1.3,2011-04-06,1543,Terra,MODIS,100,6.2,293,42.8,N,0
22.2005,92.4001,317.8,1.8,1.3,2011-04-06,1543,Terra,MODIS,96,6.2,293.2,37.2,N,0
22.2037,92.4187,315.6,1.8,1.3,2011-04-06,1543,Terra,MODIS,92,6.2,293.5,32.3,N,0
22.5207,92.3977,304.1,1.8,1.3,2011-04-06,1543,Terra,MODIS,59,6.2,293.3,12.4,N,0
22.1975,92.4129,303.9,1.8,1.3,2011-04-06,1543,Terra,MODIS,57,6.2,293.5,13.2,N,0
23.2792,92.1248,304.4,1.8,1.3,2011-04-06,1543,Terra,MODIS,60,6.2,292.7,14.9,N,0
22.6432,92.47,339.1,1.1,1.1,2011-04-07,0702,Aqua,MODIS,88,6.2,305.9,37.8,D,0
22.6449,92.4805,326.7,1.1,1.1,2011-04-07,0702,Aqua,MODIS,67,6.2,306.4,16.5,D,0
22.6302,92.4498,343.4,1.1,1.1,2011-04-07,0702,Aqua,MODIS,91,6.2,309.1,47.2,D,0
22.632,92.4611,326.8,1.1,1.1,2011-04-07,0702,Aqua,MODIS,77,6.2,305.1,17.2,D,0
22.6255,92.4446,337.1,1.1,1.1,2011-04-07,0702,Aqua,MODIS,87,6.2,308.5,34.2,D,0
22.6272,92.456,372.4,1.1,1.1,2011-04-07,0702,Aqua,MODIS,100,6.2,309.1,139,D,0
22.6323,92.4881,319.9,1.1,1.1,2011-04-07,0702,Aqua,MODIS,52,6.2,305.8,8.9,D,0
22.5846,92.3719,324.2,1.2,1.1,2011-04-07,0702,Aqua,MODIS,74,6.2,308.7,15,D,0
22.5987,92.4608,319.1,1.1,1.1,2011-04-07,0702,Aqua,MODIS,65,6.2,306.5,8.3,D,0
22.6005,92.4718,358.8,1.1,1.1,2011-04-07,0702,Aqua,MODIS,99,6.2,308.9,88.5,D,0
22.6022,92.4827,337.4,1.1,1.1,2011-04-07,0702,Aqua,MODIS,87,6.2,305.3,35.2,D,0
22.5927,92.4846,335.3,1.1,1.1,2011-04-07,0702,Aqua,MODIS,85,6.2,306,32.1,D,0
22.5944,92.4952,320.6,1.1,1.1,2011-04-07,0702,Aqua,MODIS,68,6.2,307,10.7,D,0
22.1663,92.3139,321.9,1.2,1.1,2011-04-07,0702,Aqua,MODIS,71,6.2,309.3,11.2,D,0
21.2058,92.0913,319.2,1.2,1.1,2011-04-07,0702,Aqua,MODIS,45,6.2,307.9,9.9,D,0
23.0878,92.2977,345.3,1.2,1.1,2011-04-07,0702,Aqua,MODIS,92,6.2,308.3,51.8,D,0
23.0932,92.3309,326.5,1.1,1.1,2011-04-07,0702,Aqua,MODIS,78,6.2,307.2,17,D,0
22.2358,92.2369,325.3,1.2,1.1,2011-04-07,0702,Aqua,MODIS,76,6.2,307.7,16.6,D,0
22.244,92.1649,320.9,1.2,1.1,2011-04-07,0702,Aqua,MODIS,69,6.2,307.2,9.9,D,0
23.182,92.2513,339.8,1.2,1.1,2011-04-07,0702,Aqua,MODIS,89,6.2,305.2,38,D,0
23.1803,92.2402,370.3,1.2,1.1,2011-04-07,0702,Aqua,MODIS,100,6.2,309.9,129.9,D,0
23.1915,92.2494,323.3,1.2,1.1,2011-04-07,0702,Aqua,MODIS,58,6.2,305.9,12.3,D,0
23.1898,92.2383,350.1,1.2,1.1,2011-04-07,0702,Aqua,MODIS,95,6.2,308.3,63,D,0
23.2296,92.2423,334.4,1.2,1.1,2011-04-07,0702,Aqua,MODIS,85,6.2,307.5,31.1,D,0
23.2279,92.2312,323.3,1.2,1.1,2011-04-07,0702,Aqua,MODIS,74,6.2,306.8,13.9,D,0
23.2391,92.2407,336.3,1.2,1.1,2011-04-07,0702,Aqua,MODIS,87,6.2,306.6,34.4,D,0
23.2694,92.2166,317.4,1.2,1.1,2011-04-07,0702,Aqua,MODIS,58,6.2,305.8,7.9,D,0
23.2676,92.2053,327,1.2,1.1,2011-04-07,0702,Aqua,MODIS,78,6.2,306.5,19.4,D,0
22.4036,92.3953,325,1.2,1.1,2011-04-07,0702,Aqua,MODIS,75,6.2,307.6,15.5,D,0
22.4096,92.3712,338.7,1.2,1.1,2011-04-07,0702,Aqua,MODIS,88,6.2,307.2,37.8,D,0
22.4575,92.4037,327.5,1.2,1.1,2011-04-07,0702,Aqua,MODIS,78,6.2,307,19.3,D,0
22.452,92.3694,321.6,1.2,1.1,2011-04-07,0702,Aqua,MODIS,32,6.2,306.1,10.8,D,0
22.4758,92.4565,367,1.2,1.1,2011-04-07,0702,Aqua,MODIS,100,6.2,307,118.6,D,0
22.474,92.4454,391.4,1.2,1.1,2011-04-07,0702,Aqua,MODIS,100,6.2,313.6,241,D,0
22.467,92.4016,340.1,1.2,1.1,2011-04-07,0702,Aqua,MODIS,89,6.2,308.1,40.9,D,0
22.4652,92.3901,341.2,1.2,1.1,2011-04-07,0702,Aqua,MODIS,90,6.2,309.7,42.8,D,0
22.4615,92.3676,323.1,1.2,1.1,2011-04-07,0702,Aqua,MODIS,62,6.2,307.9,12.9,D,0
22.4835,92.4435,320.8,1.2,1.1,2011-04-07,0702,Aqua,MODIS,69,6.2,309.2,10.3,D,0
23.3631,92.2277,316.7,1.2,1.1,2011-04-07,0702,Aqua,MODIS,46,6.2,305.2,7.3,D,0
23.3785,92.2017,325.4,1.2,1.1,2011-04-07,0702,Aqua,MODIS,77,6.2,303.6,17.6,D,0
23.3767,92.1905,350.8,1.2,1.1,2011-04-07,0702,Aqua,MODIS,95,6.2,306.7,68.2,D,0
22.3389,92.4491,377.2,1.2,1.1,2011-04-07,0702,Aqua,MODIS,100,6.2,315.4,160.3,D,0
22.3407,92.4603,349.5,1.2,1.1,2011-04-07,0702,Aqua,MODIS,95,6.2,308,57.9,D,0
22.3275,92.4393,341.5,1.2,1.1,2011-04-07,0702,Aqua,MODIS,90,6.2,311,42.9,D,0
22.3293,92.4507,374.4,1.2,1.1,2011-04-07,0702,Aqua,MODIS,100,6.2,312.6,148.6,D,0
22.3311,92.4618,327.9,1.2,1.1,2011-04-07,0702,Aqua,MODIS,58,6.2,304.8,16.7,D,0
22.3111,92.3978,319.9,1.2,1.1,2011-04-07,0702,Aqua,MODIS,51,6.2,307.7,8.8,D,0
22.267,92.4292,339.9,1.2,1.1,2011-04-07,0702,Aqua,MODIS,89,6.2,307.6,42.8,D,0
22.2688,92.4401,321.4,1.2,1.1,2011-04-07,0702,Aqua,MODIS,70,6.2,305.5,12.4,D,0
21.1998,92.1168,320.9,1.2,1.1,2011-04-07,0702,Aqua,MODIS,68,6.2,308.1,11.7,D,0
22.438,92.2216,334.1,1.2,1.1,2011-04-07,0702,Aqua,MODIS,84,6.2,308.2,30.1,D,0
22.4568,92.2766,333,1.2,1.1,2011-04-07,0702,Aqua,MODIS,84,6.2,306.7,30.3,D,0
22.3363,92.4947,323.3,1.2,1.1,2011-04-07,0702,Aqua,MODIS,38,6.2,308.7,11.9,D,0
22.3571,92.5026,401.6,1.2,1.1,2011-04-07,0702,Aqua,MODIS,100,6.2,312.4,308.6,D,0
22.3553,92.4912,366.1,1.2,1.1,2011-04-07,0702,Aqua,MODIS,100,6.2,311.8,112.4,D,0
22.3626,92.5064,353.9,1.1,1.1,2011-04-07,0702,Aqua,MODIS,97,6.2,306.6,75.6,D,0
22.3608,92.4951,377.5,1.2,1.1,2011-04-07,0702,Aqua,MODIS,100,6.2,312.4,164.1,D,0
22.3911,92.5014,318.6,1.1,1.1,2011-04-07,0702,Aqua,MODIS,55,6.2,306,7.7,D,0
22.4006,92.4995,317.3,1.1,1.1,2011-04-07,0702,Aqua,MODIS,29,6.2,306.2,5.9,D,0
22.4101,92.4975,330.3,1.1,1.1,2011-04-07,0702,Aqua,MODIS,81,6.2,306.6,23.1,D,0
24.2545,91.9025,313.9,1.2,1.1,2011-04-07,0702,Aqua,MODIS,49,6.2,301.7,6.3,D,0
22.3518,92.4395,328.9,1.2,1.1,2011-04-07,0702,Aqua,MODIS,80,6.2,309.6,21.2,D,0
22.3484,92.4472,352.7,1.2,1.1,2011-04-07,0702,Aqua,MODIS,96,6.2,310.9,67.9,D,0
22.3502,92.4584,341.6,1.2,1.1,2011-04-07,0702,Aqua,MODIS,90,6.2,309.1,39.1,D,0
23.1581,92.1638,321.1,1.2,1.1,2011-04-07,0702,Aqua,MODIS,70,6.2,306.9,10.8,D,0
23.1677,92.162,317.8,1.2,1.1,2011-04-07,0702,Aqua,MODIS,43,6.2,306.3,6.4,D,0
23.1927,92.134,319.9,1.2,1.1,2011-04-07,0702,Aqua,MODIS,68,6.2,305.8,10,D,0
22.4549,92.2652,329.7,1.2,1.1,2011-04-07,0702,Aqua,MODIS,81,6.2,307.2,24.5,D,0
22.4476,92.2197,322.3,1.2,1.1,2011-04-07,0702,Aqua,MODIS,71,6.2,308.8,12.1,D,0
22.6845,92.4842,362.1,1.1,1.1,2011-04-07,0702,Aqua,MODIS,100,6.2,309.7,98.3,D,0
22.6733,92.4753,412.6,1.1,1.1,2011-04-07,0702,Aqua,MODIS,100,6.2,318.1,396.1,D,0
22.675,92.486,356.7,1.1,1.1,2011-04-07,0702,Aqua,MODIS,98,6.2,309.5,80.4,D,0
22.6621,92.4665,336.7,1.1,1.1,2011-04-07,0702,Aqua,MODIS,87,6.2,307.8,30.8,D,0
22.6509,92.4572,334.3,1.1,1.1,2011-04-07,0702,Aqua,MODIS,85,6.2,310.3,27.6,D,0
22.6527,92.4683,370.5,1.1,1.1,2011-04-07,0702,Aqua,MODIS,100,6.2,310.8,129.2,D,0
22.6544,92.4788,339.8,1.1,1.1,2011-04-07,0702,Aqua,MODIS,89,6.2,307,38.2,D,0
22.6415,92.4592,320,1.1,1.1,2011-04-07,0702,Aqua,MODIS,44,6.2,306.2,8.3,D,0
21.6337,92.2639,329.9,1.2,1.1,2011-04-07,0702,Aqua,MODIS,81,6.2,309.6,23,D,0
21.6241,92.2658,337,1.2,1.1,2011-04-07,0702,Aqua,MODIS,87,6.2,308.9,36.4,D,0
21.6258,92.2765,323.3,1.2,1.1,2011-04-07,0702,Aqua,MODIS,66,6.2,310.9,12.3,D,0
21.6047,92.2699,335.5,1.2,1.1,2011-04-07,0702,Aqua,MODIS,85,6.2,306.8,33.8,D,0
21.6065,92.2808,335.1,1.2,1.1,2011-04-07,0702,Aqua,MODIS,85,6.2,309,32.5,D,0
22.32,92.0608,315.6,1.2,1.1,2011-04-07,0702,Aqua,MODIS,46,6.2,305.2,5.9,D,0
21.47,92.2701,321,1.2,1.1,2011-04-07,0702,Aqua,MODIS,68,6.2,306.3,12.6,D,0
21.4427,92.2871,326.8,1.2,1.1,2011-04-07,0702,Aqua,MODIS,77,6.2,307,20.6,D,0
21.4445,92.2986,319.1,1.2,1.1,2011-04-07,0702,Aqua,MODIS,64,6.2,306.7,10.5,D,0
22.2516,92.5401,321.2,1.1,1.1,2011-04-07,0702,Aqua,MODIS,61,6.2,304.7,11.6,D,0
22.2533,92.5507,319,1.1,1.1,2011-04-07,0702,Aqua,MODIS,43,6.2,305.5,9,D,0
23.1128,92.2698,366.1,1.2,1.1,2011-04-07,0702,Aqua,MODIS,100,6.2,308.3,114.4,D,0
23.0955,92.2846,324.9,1.2,1.1,2011-04-07,0702,Aqua,MODIS,74,6.2,305.7,15.5,D,0
23.0973,92.2958,336.6,1.2,1.1,2011-04-07,0702,Aqua,MODIS,87,6.2,307.4,34.4,D,0
23.086,92.2864,330.7,1.2,1.1,2011-04-07,0702,Aqua,MODIS,82,6.2,307.4,23.4,D,0
22.6828,92.4735,348.2,1.1,1.1,2011-04-07,0702,Aqua,MODIS,94,6.2,309.7,57.1,D,0
22.6716,92.4648,336.4,1.1,1.1,2011-04-07,0702,Aqua,MODIS,86,6.2,309.2,30.4,D,0
22.583,92.3615,343.6,1.2,1.1,2011-04-07,0702,Aqua,MODIS,91,6.2,309.3,48.9,D,0
22.6009,92.2883,318.4,1.2,1.1,2011-04-07,0702,Aqua,MODIS,24,6.2,307.1,6.7,D,0
22.6893,92.1198,320.1,1.2,1.1,2011-04-07,0702,Aqua,MODIS,65,6.2,308.1,9.6,D,0
22.6535,91.9005,357.9,1.2,1.1,2011-04-07,0702,Aqua,MODIS,99,6.2,307.7,93.7,D,0
22.6515,91.8888,339.6,1.2,1.1,2011-04-07,0702,Aqua,MODIS,89,6.2,307.9,43.1,D,0
22.6632,91.8986,341.9,1.2,1.1,2011-04-07,0702,Aqua,MODIS,90,6.2,307.7,47.9,D,0
22.6613,91.8869,331.3,1.2,1.1,2011-04-07,0702,Aqua,MODIS,82,6.2,308.4,26.8,D,0
22.6844,91.9668,318.1,1.2,1.1,2011-04-07,0702,Aqua,MODIS,63,6.2,303.2,9.3,D,0
22.7708,91.933,316.3,1.2,1.1,2011-04-07,0702,Aqua,MODIS,48,6.2,304.5,5.6,D,0
22.7689,91.9213,317.7,1.2,1.1,2011-04-07,0702,Aqua,MODIS,62,6.2,304.9,7.7,D,0
22.8075,91.9744,317.1,1.2,1.1,2011-04-07,0702,Aqua,MODIS,30,6.2,304.6,7.3,D,0
22.8056,91.9622,324.7,1.2,1.1,2011-04-07,0702,Aqua,MODIS,75,6.2,307.3,17,D,0
22.8097,91.9254,316.7,1.2,1.1,2011-04-07,0702,Aqua,MODIS,45,6.2,304.8,5.5,D,0
22.8194,91.9235,318.1,1.2,1.1,2011-04-07,0702,Aqua,MODIS,57,6.2,304.9,6.9,D,0
22.8423,91.9243,317.7,1.2,1.1,2011-04-07,0702,Aqua,MODIS,55,6.2,306.5,7.2,D,0
23.6159,90.7677,313.8,1.4,1.2,2011-04-07,0702,Aqua,MODIS,44,6.2,302.3,7.7,D,0
23.7569,90.9353,319.4,1.3,1.1,2011-04-07,0702,Aqua,MODIS,67,6.2,303,12.4,D,0
23.7749,90.9252,316.2,1.3,1.1,2011-04-07,0702,Aqua,MODIS,58,6.2,302.8,8.6,D,0
23.8154,90.9169,318.4,1.3,1.1,2011-04-07,0702,Aqua,MODIS,59,6.2,303,10.5,D,0
23.8133,90.9041,319.8,1.3,1.1,2011-04-07,0702,Aqua,MODIS,66,6.2,303.4,12.8,D,0
23.848,90.9236,321.8,1.3,1.1,2011-04-07,0702,Aqua,MODIS,36,6.2,304,14.9,D,0
23.855,90.9169,321.5,1.3,1.1,2011-04-07,0702,Aqua,MODIS,27,6.2,304,15.6,D,0
21.6134,92.3842,362.4,1.2,1.1,2011-04-07,0702,Aqua,MODIS,100,6.2,312.6,106.7,D,0
21.6152,92.3956,356.4,1.2,1.1,2011-04-07,0702,Aqua,MODIS,98,6.2,309.6,85.6,D,0
22.9871,92.1273,318.4,1.2,1.1,2011-04-07,0702,Aqua,MODIS,39,6.2,304.8,8.5,D,0
23.0063,92.1237,319.7,1.2,1.1,2011-04-07,0702,Aqua,MODIS,61,6.2,304.2,9.7,D,0
23.0351,92.1182,320.9,1.2,1.1,2011-04-07,0702,Aqua,MODIS,32,6.2,305.8,10.3,D,0
23.0297,92.0844,356.3,1.2,1.1,2011-04-07,0702,Aqua,MODIS,98,6.2,305.8,85.8,D,0
23.0379,92.1111,317.9,1.2,1.1,2011-04-07,0702,Aqua,MODIS,35,6.2,305.4,7.6,D,0
23.0343,92.0889,342.8,1.2,1.1,2011-04-07,0702,Aqua,MODIS,91,6.2,304.8,48.5,D,0
23.0323,92.0771,332.8,1.2,1.1,2011-04-07,0702,Aqua,MODIS,84,6.2,306.7,29.1,D,0
23.0475,92.1092,317.4,1.2,1.1,2011-04-07,0702,Aqua,MODIS,28,6.2,305.7,6.9,D,0
23.3391,92.14,321.1,1.2,1.1,2011-04-07,0702,Aqua,MODIS,71,6.2,305.7,12.5,D,0
23.3541,92.1719,326.4,1.2,1.1,2011-04-07,0702,Aqua,MODIS,78,6.2,303.8,18.5,D,0
23.3522,92.1606,335.5,1.2,1.1,2011-04-07,0702,Aqua,MODIS,86,6.2,305.1,33,D,0
23.3636,92.1701,315.8,1.2,1.1,2011-04-07,0702,Aqua,MODIS,53,6.2,303.7,5.9,D,0
23.3618,92.1588,342.4,1.2,1.1,2011-04-07,0702,Aqua,MODIS,91,6.2,305.8,47.8,D,0
23.4879,92.0586,325.8,1.2,1.1,2011-04-07,0702,Aqua,MODIS,78,6.2,303.2,20.3,D,0
23.492,92.064,315.2,1.2,1.1,2011-04-07,0702,Aqua,MODIS,59,6.2,302.6,8.1,D,0
23.4901,92.0527,323.2,1.2,1.1,2011-04-07,0702,Aqua,MODIS,75,6.2,303.8,17.6,D,0
21.842,92.2233,321.8,1.2,1.1,2011-04-07,0702,Aqua,MODIS,71,6.2,308.5,11.7,D,0
21.7901,92.1502,335.2,1.2,1.1,2011-04-07,0702,Aqua,MODIS,86,6.2,308.4,33.5,D,0
23.4886,91.9831,321.5,1.2,1.1,2011-04-07,0702,Aqua,MODIS,72,6.2,302.9,14.1,D,0
22.5449,92.3692,317.7,1.2,1.1,2011-04-07,0702,Aqua,MODIS,59,6.2,307.3,5.8,D,0
22.5466,92.3795,322.1,1.2,1.1,2011-04-07,0702,Aqua,MODIS,71,6.2,308.9,11.4,D,0
22.5382,92.4492,338.9,1.2,1.1,2011-04-07,0702,Aqua,MODIS,88,6.2,308.5,39.6,D,0
22.5401,92.4606,350.6,1.1,1.1,2011-04-07,0702,Aqua,MODIS,95,6.2,307.2,66.4,D,0
22.5346,92.457,327.3,1.2,1.1,2011-04-07,0702,Aqua,MODIS,78,6.2,307.4,19.3,D,0
22.513,92.3822,319.3,1.2,1.1,2011-04-07,0702,Aqua,MODIS,36,6.2,307.2,7,D,0
22.5146,92.3926,321.6,1.2,1.1,2011-04-07,0702,Aqua,MODIS,70,6.2,307.7,10.4,D,0
22.5269,92.4705,325.5,1.1,1.1,2011-04-07,0702,Aqua,MODIS,75,6.2,305.2,15.6,D,0
22.5225,92.5043,321,1.1,1.1,2011-04-07,0702,Aqua,MODIS,68,6.2,308.7,10.9,D,0
22.121,92.3641,324.7,1.2,1.1,2011-04-07,0702,Aqua,MODIS,75,6.2,308.9,15.1,D,0
22.2979,92.3766,319.3,1.2,1.1,2011-04-07,0702,Aqua,MODIS,44,6.2,308.6,8.2,D,0
22.3093,92.3862,318.6,1.2,1.1,2011-04-07,0702,Aqua,MODIS,41,6.2,308.3,7.7,D,0
22.3678,92.3561,319.4,1.2,1.1,2011-04-07,0702,Aqua,MODIS,31,6.2,307.5,8,D,0
22.3661,92.3453,338.1,1.2,1.1,2011-04-07,0702,Aqua,MODIS,88,6.2,309,38,D,0
22.3887,92.3636,326.6,1.2,1.1,2011-04-07,0702,Aqua,MODIS,77,6.2,307.6,17.1,D,0
22.2154,92.5579,318.7,1.1,1.1,2011-04-07,0702,Aqua,MODIS,49,6.2,304.8,8.9,D,0
22.2249,92.5561,318.2,1.1,1.1,2011-04-07,0702,Aqua,MODIS,41,6.2,305.4,8.2,D,0
22.2245,92.4302,324.1,1.2,1.1,2011-04-07,0702,Aqua,MODIS,74,6.2,307.5,15.7,D,0
23.5522,91.9479,316.1,1.2,1.1,2011-04-07,0702,Aqua,MODIS,45,6.2,303.4,7.4,D,0
23.1223,92.268,320.2,1.2,1.1,2011-04-07,0702,Aqua,MODIS,69,6.2,305.7,10,D,0
23.1648,92.2661,333.9,1.2,1.1,2011-04-07,0702,Aqua,MODIS,85,6.2,306.5,29.2,D,0
22.8933,92.1156,314.2,1.2,1.1,2011-04-07,0702,Aqua,MODIS,47,6.2,304.1,6,D,0
22.8943,91.998,318.8,1.2,1.1,2011-04-07,0702,Aqua,MODIS,66,6.2,304.8,9.9,D,0
22.8793,91.9053,321.9,1.2,1.1,2011-04-07,0702,Aqua,MODIS,71,6.2,307,10.9,D,0
22.9204,92.0988,331.4,1.2,1.1,2011-04-07,0702,Aqua,MODIS,82,6.2,304.3,28.8,D,0
22.9557,91.933,320.6,1.2,1.1,2011-04-07,0702,Aqua,MODIS,70,6.2,306,10.7,D,0
22.9697,91.8343,324.3,1.2,1.1,2011-04-07,0702,Aqua,MODIS,75,6.2,306.2,15,D,0
22.7701,92.4387,320.2,1.1,1.1,2011-04-07,0702,Aqua,MODIS,68,6.2,307.8,8.8,D,0
22.7684,92.4276,327.1,1.1,1.1,2011-04-07,0702,Aqua,MODIS,78,6.2,308,17.8,D,0
21.2018,92.1285,328,1.2,1.1,2011-04-07,0702,Aqua,MODIS,78,6.2,307.5,22.8,D,0
23.2664,92.3199,332.7,1.1,1.1,2011-04-07,0702,Aqua,MODIS,84,6.2,305.7,29.4,D,0
24.4093,92.1068,325.8,1.1,1.1,2011-04-07,0702,Aqua,MODIS,78,6.2,302.4,19.2,D,0
22.9795,91.8323,318.5,1.2,1.1,2011-04-07,0702,Aqua,MODIS,49,6.2,306.5,7.2,D,0
23.0098,91.9401,330.9,1.2,1.1,2011-04-07,0702,Aqua,MODIS,82,6.2,304.7,25.1,D,0
23.0079,91.9284,327.3,1.2,1.1,2011-04-07,0702,Aqua,MODIS,79,6.2,305.4,19.7,D,0
23.0195,91.9382,325.1,1.2,1.1,2011-04-07,0702,Aqua,MODIS,76,6.2,305.4,16.6,D,0
23.0176,91.9266,326.7,1.2,1.1,2011-04-07,0702,Aqua,MODIS,78,6.2,305.7,19.5,D,0
23.0485,91.9325,319,1.2,1.1,2011-04-07,0702,Aqua,MODIS,67,6.2,305.1,8.4,D,0
23.3025,91.8538,318.4,1.2,1.1,2011-04-07,0702,Aqua,MODIS,63,6.2,304.5,8.1,D,0
23.3006,91.8423,322.9,1.2,1.1,2011-04-07,0702,Aqua,MODIS,74,6.2,305,13.2,D,0
23.3318,91.788,321,1.2,1.1,2011-04-07,0702,Aqua,MODIS,71,6.2,306,11.7,D,0
23.3509,91.8445,320.4,1.2,1.1,2011-04-07,0702,Aqua,MODIS,70,6.2,303.6,12.5,D,0
23.1276,91.7919,316,1.2,1.1,2011-04-07,0702,Aqua,MODIS,59,6.2,303.2,6.7,D,0
23.7938,89.9729,320.7,1.5,1.2,2011-04-07,0702,Aqua,MODIS,70,6.2,306.1,18.8,D,0
22.4132,92.1913,320,1.2,1.1,2011-04-07,0702,Aqua,MODIS,60,6.2,308.6,8.3,D,0
22.4114,92.1798,321,1.2,1.1,2011-04-07,0702,Aqua,MODIS,69,6.2,308.7,10.1,D,0
22.4362,92.2104,320.7,1.2,1.1,2011-04-07,0702,Aqua,MODIS,49,6.2,308,9,D,0
22.3027,92.2827,321.2,1.2,1.1,2011-04-07,0702,Aqua,MODIS,70,6.2,307.7,10.2,D,0
22.4146,92.278,336.5,1.2,1.1,2011-04-07,0702,Aqua,MODIS,86,6.2,307.6,34.7,D,0
22.4128,92.2667,350.3,1.2,1.1,2011-04-07,0702,Aqua,MODIS,95,6.2,309.3,66.6,D,0
22.4165,92.2724,345.7,1.2,1.1,2011-04-07,0702,Aqua,MODIS,92,6.2,308.9,56,D,0
22.4147,92.2611,326.7,1.2,1.1,2011-04-07,0702,Aqua,MODIS,77,6.2,308.3,19,D,0
21.6067,92.4825,323,1.6,1.2,2011-04-07,1626,Terra,MODIS,100,6.2,293.9,41.6,N,0
21.6085,92.4981,305.7,1.6,1.2,2011-04-07,1626,Terra,MODIS,65,6.2,293.2,12.9,N,0
22.3782,92.326,315.4,1,1,2011-04-08,0435,Terra,MODIS,62,6.2,299.6,5.9,D,0
23.1773,92.0382,316.1,1,1,2011-04-08,0435,Terra,MODIS,28,6.2,302.7,4.9,D,0
23.1848,92.0493,324.7,1,1,2011-04-08,0435,Terra,MODIS,77,6.2,303.9,13.6,D,0
23.3204,92.1936,326.8,1,1,2011-04-08,0435,Terra,MODIS,80,6.2,303.2,16.4,D,0
22.6532,91.9027,317.9,1,1,2011-04-08,0435,Terra,MODIS,67,6.2,301.6,7,D,0
23.1758,92.0478,329,1,1,2011-04-08,0435,Terra,MODIS,81,6.2,303.4,18.3,D,0
22.8695,92.1251,315.1,1,1,2011-04-08,0435,Terra,MODIS,61,6.2,302.9,5.5,D,0
22.9651,89.6125,319.1,1.1,1.1,2011-04-08,0435,Terra,MODIS,52,6.2,304.6,7.6,D,0
22.6888,92.467,313.8,1,1,2011-04-08,0435,Terra,MODIS,49,6.2,300.9,4.7,D,0
22.3719,92.2462,316.9,1,1,2011-04-08,0435,Terra,MODIS,66,6.2,303,5.7,D,0
23.7817,90.9068,314.9,1,1,2011-04-08,0435,Terra,MODIS,43,6.2,302.1,5.3,D,0
21.6644,92.1651,316.5,1,1,2011-04-08,0436,Terra,MODIS,65,6.2,304,5.6,D,0
21.6629,92.1746,333.4,1,1,2011-04-08,0436,Terra,MODIS,85,6.2,304.4,24.7,D,0
21.9308,92.0517,316.6,1,1,2011-04-08,0436,Terra,MODIS,65,6.2,304.1,6.2,D,0
21.3082,92.6231,316.8,2.8,1.6,2011-04-08,0744,Aqua,MODIS,44,6.2,300.4,36.8,D,0
21.9014,92.5439,319.7,2.8,1.6,2011-04-08,0745,Aqua,MODIS,57,6.2,296.3,48.3,D,0
21.5967,92.4583,318.8,2.8,1.6,2011-04-08,0745,Aqua,MODIS,55,6.2,304.1,28.3,D,0
21.8987,92.5159,320.1,2.8,1.6,2011-04-08,0745,Aqua,MODIS,51,6.2,300.2,44.6,D,0
21.913,92.514,348.9,2.8,1.6,2011-04-08,0745,Aqua,MODIS,94,6.2,302.6,227.3,D,0
21.9005,92.5115,321.2,2.8,1.6,2011-04-08,0745,Aqua,MODIS,59,6.2,300.7,48.5,D,0
21.9148,92.5091,332.2,2.8,1.6,2011-04-08,0745,Aqua,MODIS,82,6.2,302.1,103,D,0
21.6273,92.3857,323.2,2.7,1.6,2011-04-08,0745,Aqua,MODIS,69,6.2,305,41.2,D,0
21.6246,92.3596,321.4,2.7,1.6,2011-04-08,0745,Aqua,MODIS,64,6.2,304.4,32.9,D,0
21.6323,92.3772,328.7,2.7,1.6,2011-04-08,0745,Aqua,MODIS,77,6.2,305,68,D,0
21.376,92.3988,321.1,2.7,1.6,2011-04-08,0745,Aqua,MODIS,65,6.2,302,45.2,D,0
21.3539,92.1709,317,2.6,1.5,2011-04-08,0745,Aqua,MODIS,47,6.2,299.5,24,D,0
21.3515,92.147,317.3,2.6,1.5,2011-04-08,0745,Aqua,MODIS,50,6.2,299.5,25,D,0
21.3956,92.1669,318.2,2.6,1.5,2011-04-08,0745,Aqua,MODIS,53,6.2,299.3,29.4,D,0
21.3931,92.1424,327.4,2.6,1.5,2011-04-08,0745,Aqua,MODIS,76,6.2,300.3,68.1,D,0
21.3883,92.1599,320.6,2.6,1.5,2011-04-08,0745,Aqua,MODIS,50,6.2,300.6,36.6,D,0
22.2481,92.5378,318.1,2.8,1.6,2011-04-08,0745,Aqua,MODIS,58,6.2,303.5,29.1,D,0
22.2493,92.5328,316.5,2.8,1.6,2011-04-08,0745,Aqua,MODIS,52,6.2,303.5,23,D,0
21.5556,92.2379,322.5,2.6,1.6,2011-04-08,0745,Aqua,MODIS,67,6.2,300.2,46.8,D,0
21.6025,92.2819,317.1,2.7,1.6,2011-04-08,0745,Aqua,MODIS,39,6.2,301.9,21.5,D,0
21.5966,92.3017,319.2,2.7,1.6,2011-04-08,0745,Aqua,MODIS,57,6.2,302.8,30,D,0
22.6561,92.0926,324.2,2.7,1.6,2011-04-08,0745,Aqua,MODIS,74,6.2,302.2,48.1,D,0
22.6552,91.9401,318.1,2.6,1.5,2011-04-08,0745,Aqua,MODIS,59,6.2,301.7,24.9,D,0
22.6478,92.0869,325.1,2.7,1.6,2011-04-08,0745,Aqua,MODIS,76,6.2,302.9,52.5,D,0
22.6618,91.9317,322,2.6,1.5,2011-04-08,0745,Aqua,MODIS,72,6.2,301.9,40.9,D,0
22.7362,91.9742,318.8,2.6,1.6,2011-04-08,0745,Aqua,MODIS,66,6.2,301.2,27.3,D,0
22.7405,91.9688,318.1,2.6,1.6,2011-04-08,0745,Aqua,MODIS,62,6.2,301.2,23.8,D,0
22.8282,91.9264,322,2.6,1.6,2011-04-08,0745,Aqua,MODIS,39,6.2,298.3,40.6,D,0
22.8259,91.9011,320,2.6,1.5,2011-04-08,0745,Aqua,MODIS,54,6.2,295.2,31.9,D,0
22.0702,92.2759,318.9,2.7,1.6,2011-04-08,0745,Aqua,MODIS,48,6.2,302.1,30.4,D,0
22.0759,92.2984,316.7,2.7,1.6,2011-04-08,0745,Aqua,MODIS,49,6.2,301.7,25.2,D,0
22.0733,92.2705,322.7,2.7,1.6,2011-04-08,0745,Aqua,MODIS,69,6.2,301.9,49.7,D,0
21.9899,92.1836,316.1,2.7,1.6,2011-04-08,0745,Aqua,MODIS,40,6.2,300.5,22.2,D,0
22.4212,92.4566,330.4,2.8,1.6,2011-04-08,0745,Aqua,MODIS,81,6.2,301.6,84,D,0
22.4035,92.3995,320.6,2.8,1.6,2011-04-08,0745,Aqua,MODIS,31,6.2,303.1,33.9,D,0
22.4227,92.4514,332.1,2.8,1.6,2011-04-08,0745,Aqua,MODIS,63,6.2,301.9,86.1,D,0
22.437,92.4497,341.7,2.8,1.6,2011-04-08,0745,Aqua,MODIS,90,6.2,302.4,155.5,D,0
22.4344,92.4208,328,2.8,1.6,2011-04-08,0745,Aqua,MODIS,51,6.2,301.8,64.1,D,0
22.4499,92.4535,335.2,2.8,1.6,2011-04-08,0745,Aqua,MODIS,85,6.2,303,107.5,D,0
22.4472,92.426,342.2,2.8,1.6,2011-04-08,0745,Aqua,MODIS,90,6.2,302.8,157,D,0
22.4514,92.4479,323.5,2.8,1.6,2011-04-08,0745,Aqua,MODIS,72,6.2,302.8,46.8,D,0
22.4488,92.4198,324.8,2.8,1.6,2011-04-08,0745,Aqua,MODIS,62,6.2,302.6,50.6,D,0
22.4845,92.3372,328.7,2.8,1.6,2011-04-08,0745,Aqua,MODIS,69,6.2,302.5,73.2,D,0
22.126,92.3724,319.6,2.8,1.6,2011-04-08,0745,Aqua,MODIS,62,6.2,304.9,32.7,D,0
22.2211,92.4075,332.5,2.8,1.6,2011-04-08,0745,Aqua,MODIS,82,6.2,303.1,101.4,D,0
22.2354,92.406,326.6,2.8,1.6,2011-04-08,0745,Aqua,MODIS,76,6.2,302.4,67.4,D,0
22.2231,92.4026,326.7,2.8,1.6,2011-04-08,0745,Aqua,MODIS,74,6.2,303.5,64.5,D,0
22.2375,92.4013,318.6,2.8,1.6,2011-04-08,0745,Aqua,MODIS,56,6.2,301.9,29.5,D,0
22.2872,92.3167,321.1,2.7,1.6,2011-04-08,0745,Aqua,MODIS,67,6.2,302.5,36.5,D,0
22.3065,92.3672,337.5,2.8,1.6,2011-04-08,0745,Aqua,MODIS,87,6.2,302.4,128.3,D,0
22.304,92.341,320.2,2.8,1.6,2011-04-08,0745,Aqua,MODIS,65,6.2,302.3,33.4,D,0
22.3494,92.3631,326.4,2.8,1.6,2011-04-08,0745,Aqua,MODIS,61,6.2,300.7,56.4,D,0
22.3466,92.3357,329.1,2.8,1.6,2011-04-08,0745,Aqua,MODIS,74,6.2,301.9,69.3,D,0
22.313,92.3843,318.3,2.8,1.6,2011-04-08,0745,Aqua,MODIS,35,6.2,302.3,23.8,D,0
22.3108,92.3596,330.8,2.8,1.6,2011-04-08,0745,Aqua,MODIS,81,6.2,302.4,84.1,D,0
22.3536,92.3547,341.8,2.8,1.6,2011-04-08,0745,Aqua,MODIS,90,6.2,301.9,156,D,0
22.3511,92.3279,322.3,2.8,1.6,2011-04-08,0745,Aqua,MODIS,41,6.2,301.9,37.5,D,0
22.3679,92.3538,323,2.8,1.6,2011-04-08,0745,Aqua,MODIS,31,6.2,302.5,39.7,D,0
22.2236,92.4337,321,2.8,1.6,2011-04-08,0745,Aqua,MODIS,66,6.2,301.1,41.7,D,0
22.2379,92.4322,318.4,2.8,1.6,2011-04-08,0745,Aqua,MODIS,55,6.2,301.6,29.4,D,0
22.2255,92.4289,330.6,2.8,1.6,2011-04-08,0745,Aqua,MODIS,81,6.2,301.7,86.3,D,0
22.2398,92.427,318.6,2.8,1.6,2011-04-08,0745,Aqua,MODIS,57,6.2,301.4,30.1,D,0
22.1726,92.5532,321.5,2.8,1.6,2011-04-08,0745,Aqua,MODIS,57,6.2,303.7,42.7,D,0
22.1785,92.5743,333.2,2.9,1.6,2011-04-08,0745,Aqua,MODIS,83,6.2,305.1,108,D,0
21.9158,92.5424,360.8,2.8,1.6,2011-04-08,0745,Aqua,MODIS,100,6.2,302,362.4,D,0
21.903,92.5383,334.4,2.8,1.6,2011-04-08,0745,Aqua,MODIS,84,6.2,297.7,125.4,D,0
21.9174,92.5372,362.7,2.8,1.6,2011-04-08,0745,Aqua,MODIS,100,6.2,302.9,387.6,D,0
21.9317,92.5352,325.2,2.8,1.6,2011-04-08,0745,Aqua,MODIS,73,6.2,301.3,69.2,D,0
22.4527,92.1548,319.5,2.7,1.6,2011-04-08,0745,Aqua,MODIS,61,6.2,303.6,33.1,D,0
22.308,92.2352,319.1,2.7,1.6,2011-04-08,0745,Aqua,MODIS,62,6.2,302.7,30.1,D,0
22.4911,92.3559,323.2,2.8,1.6,2011-04-08,0745,Aqua,MODIS,52,6.2,301.3,45.5,D,0
22.8882,92.3222,349.8,2.8,1.6,2011-04-08,0745,Aqua,MODIS,95,6.2,302.1,228.6,D,0
22.8777,92.3146,324.6,2.8,1.6,2011-04-08,0745,Aqua,MODIS,74,6.2,301,56.3,D,0
22.8921,92.3132,348.5,2.8,1.6,2011-04-08,0745,Aqua,MODIS,94,6.2,302.7,215.1,D,0
22.9234,92.3387,361.4,2.8,1.6,2011-04-08,0745,Aqua,MODIS,100,6.2,303.6,359.9,D,0
23.0112,92.3231,339.7,2.8,1.6,2011-04-08,0745,Aqua,MODIS,90,6.2,301.5,148,D,0
23.0088,92.2971,331.3,2.8,1.6,2011-04-08,0745,Aqua,MODIS,84,6.2,302.6,91.8,D,0
23.0256,92.3214,325.5,2.8,1.6,2011-04-08,0745,Aqua,MODIS,51,6.2,301,61.8,D,0
24.0974,89.3599,316.4,2.6,1.5,2011-04-09,0518,Terra,MODIS,62,6.2,297.2,25.3,D,0
24.0924,89.3845,315.7,2.6,1.5,2011-04-09,0518,Terra,MODIS,59,6.2,295,23.4,D,0
21.649,92.469,317.4,1.8,1.3,2011-04-09,0649,Aqua,MODIS,41,6.2,299.3,18.2,D,0
21.5369,92.5369,361.2,1.8,1.3,2011-04-09,0649,Aqua,MODIS,100,6.2,299.5,199.7,D,0
21.525,92.5386,359.7,1.8,1.3,2011-04-09,0649,Aqua,MODIS,99,6.2,298.4,190.9,D,0
21.6622,92.4067,330.3,1.9,1.3,2011-04-09,0649,Aqua,MODIS,81,6.2,301.4,51.1,D,0
21.674,92.4043,334.6,1.9,1.3,2011-04-09,0649,Aqua,MODIS,85,6.2,301.1,66.1,D,0
21.6518,92.4844,330.2,1.8,1.3,2011-04-09,0649,Aqua,MODIS,81,6.2,301.1,53.4,D,0
21.613,92.441,325.3,1.9,1.3,2011-04-09,0649,Aqua,MODIS,70,6.2,299.9,34.7,D,0
21.6162,92.4589,328.7,1.9,1.3,2011-04-09,0649,Aqua,MODIS,30,6.2,299.8,41.9,D,0
21.6268,92.4146,335.1,1.9,1.3,2011-04-09,0649,Aqua,MODIS,85,6.2,300.9,66.6,D,0
21.6708,92.3867,344.8,1.9,1.3,2011-04-09,0649,Aqua,MODIS,92,6.2,301.9,106.4,D,0
21.6044,92.4612,328.8,1.9,1.3,2011-04-09,0649,Aqua,MODIS,55,6.2,299.9,43.5,D,0
21.6077,92.4799,342.5,1.8,1.3,2011-04-09,0649,Aqua,MODIS,91,6.2,299.6,95.9,D,0
21.6109,92.4976,322.8,1.8,1.3,2011-04-09,0649,Aqua,MODIS,72,6.2,298.8,30.7,D,0
21.5724,92.4868,323.6,1.8,1.3,2011-04-09,0649,Aqua,MODIS,73,6.2,299.3,32.9,D,0
21.5757,92.5056,326.6,1.8,1.3,2011-04-09,0649,Aqua,MODIS,77,6.2,298.5,41,D,0
21.659,92.3892,333.6,1.9,1.3,2011-04-09,0649,Aqua,MODIS,84,6.2,301.9,60.9,D,0
21.6558,92.3713,318,1.9,1.3,2011-04-09,0649,Aqua,MODIS,29,6.2,301.1,14.3,D,0
21.7862,92.3749,338.5,1.9,1.3,2011-04-09,0649,Aqua,MODIS,88,6.2,299.7,80.4,D,0
21.7182,92.202,321.7,1.9,1.4,2011-04-09,0649,Aqua,MODIS,71,6.2,300.2,28.5,D,0
21.615,92.4168,326,1.9,1.3,2011-04-09,0649,Aqua,MODIS,65,6.2,300.4,35.9,D,0
21.6098,92.455,335.6,1.9,1.3,2011-04-09,0649,Aqua,MODIS,42,6.2,300.5,62.6,D,0
21.6013,92.4435,323,1.9,1.3,2011-04-09,0649,Aqua,MODIS,53,6.2,300.1,28.7,D,0
21.5288,92.5154,322.5,1.8,1.3,2011-04-09,0649,Aqua,MODIS,71,6.2,298.3,30.3,D,0
21.5317,92.5313,369.3,1.8,1.3,2011-04-09,0649,Aqua,MODIS,100,6.2,301.4,259.6,D,0
21.5353,92.2142,329.3,1.9,1.4,2011-04-09,0649,Aqua,MODIS,81,6.2,299,54.7,D,0
21.6132,92.4735,333.3,1.8,1.3,2011-04-09,0649,Aqua,MODIS,65,6.2,299.6,58.1,D,0
21.5341,92.5211,362.9,1.8,1.3,2011-04-09,0649,Aqua,MODIS,100,6.2,299.5,211.9,D,0
21.5127,92.4693,323.4,1.9,1.3,2011-04-09,0649,Aqua,MODIS,71,6.2,298.7,33.3,D,0
21.3545,92.1692,312.1,2,1.4,2011-04-09,0649,Aqua,MODIS,43,6.2,294.3,12.8,D,0
21.5158,92.487,325.7,1.9,1.3,2011-04-09,0649,Aqua,MODIS,68,6.2,298.7,39.3,D,0
21.5223,92.5233,333.7,1.8,1.3,2011-04-09,0649,Aqua,MODIS,84,6.2,296.6,64.8,D,0
21.5008,92.4715,370.4,1.9,1.3,2011-04-09,0649,Aqua,MODIS,94,6.2,297.8,271.7,D,0
21.6166,92.4918,328.8,1.8,1.3,2011-04-09,0649,Aqua,MODIS,79,6.2,299.2,47.4,D,0
21.6098,92.4226,324.2,1.9,1.3,2011-04-09,0649,Aqua,MODIS,63,6.2,300.3,31.4,D,0
21.6676,92.3687,332.9,1.9,1.3,2011-04-09,0649,Aqua,MODIS,84,6.2,301.3,56.1,D,0
21.504,92.489,354.8,1.9,1.3,2011-04-09,0649,Aqua,MODIS,92,6.2,298.4,160,D,0
21.4922,92.4917,326,1.9,1.3,2011-04-09,0649,Aqua,MODIS,63,6.2,292.6,40.4,D,0
21.5933,92.2599,314.9,1.9,1.4,2011-04-09,0649,Aqua,MODIS,35,6.2,297.5,13.2,D,0
21.5973,92.2537,318.1,1.9,1.4,2011-04-09,0649,Aqua,MODIS,49,6.2,298,19.1,D,0
21.398,92.4789,316.2,1.9,1.3,2011-04-09,0649,Aqua,MODIS,56,6.2,293.8,21.7,D,0
21.3948,92.4616,318.4,1.9,1.3,2011-04-09,0649,Aqua,MODIS,52,6.2,296.5,26.7,D,0
21.6374,92.3377,317.7,1.9,1.3,2011-04-09,0649,Aqua,MODIS,49,6.2,300.4,13.9,D,0
21.6386,92.412,344.4,1.9,1.3,2011-04-09,0649,Aqua,MODIS,92,6.2,301.9,102.9,D,0
21.6213,92.2495,321,1.9,1.4,2011-04-09,0649,Aqua,MODIS,70,6.2,298.8,25.8,D,0
21.6419,92.4299,352,1.9,1.3,2011-04-09,0649,Aqua,MODIS,96,6.2,301.1,142.2,D,0
23.3665,92.2331,353,1.8,1.3,2011-04-09,0650,Aqua,MODIS,97,6.2,302,131.9,D,0
23.3633,92.2157,341.1,1.8,1.3,2011-04-09,0650,Aqua,MODIS,70,6.2,300.8,78.7,D,0
23.3864,92.2106,354.8,1.8,1.3,2011-04-09,0650,Aqua,MODIS,97,6.2,299.4,141,D,0
23.3834,92.1936,342,1.8,1.3,2011-04-09,0650,Aqua,MODIS,87,6.2,299.4,81.4,D,0
23.422,92.2753,319.7,1.8,1.3,2011-04-09,0650,Aqua,MODIS,52,6.2,298.6,20.4,D,0
23.4312,92.214,326.6,1.8,1.3,2011-04-09,0650,Aqua,MODIS,43,6.2,295.6,34.9,D,0
23.428,92.1968,331.6,1.8,1.3,2011-04-09,0650,Aqua,MODIS,44,6.2,297.9,49.2,D,0
23.3669,91.8325,323.8,1.9,1.3,2011-04-09,0650,Aqua,MODIS,74,6.2,296.2,37.9,D,0
23.3747,91.8445,319.1,1.9,1.3,2011-04-09,0650,Aqua,MODIS,58,6.2,297.1,27.6,D,0
23.3714,91.8267,316.5,1.9,1.3,2011-04-09,0650,Aqua,MODIS,67,6.2,294.3,21.2,D,0
22.37,92.2263,328.1,1.9,1.3,2011-04-09,0650,Aqua,MODIS,80,6.2,301.5,41.6,D,0
22.2855,92.2678,318.8,1.9,1.3,2011-04-09,0650,Aqua,MODIS,67,6.2,301.8,20.2,D,0
21.9704,92.5068,322.3,1.8,1.3,2011-04-09,0650,Aqua,MODIS,72,6.2,300,30.6,D,0
23.4682,92.1537,341.3,1.8,1.3,2011-04-09,0650,Aqua,MODIS,91,6.2,292.8,93.7,D,0
23.4711,92.1697,335.2,1.8,1.3,2011-04-09,0650,Aqua,MODIS,87,6.2,289.8,70.6,D,0
22.4486,92.4617,346.2,1.8,1.3,2011-04-09,0650,Aqua,MODIS,93,6.2,303.5,102.6,D,0
22.4426,92.4279,335.9,1.8,1.3,2011-04-09,0650,Aqua,MODIS,78,6.2,302,58.7,D,0
22.4601,92.4594,344.8,1.8,1.3,2011-04-09,0650,Aqua,MODIS,92,6.2,303.2,95.4,D,0
22.4477,92.4731,321.2,1.8,1.3,2011-04-09,0650,Aqua,MODIS,48,6.2,301.7,21.2,D,0
22.4445,92.4557,344.9,1.8,1.3,2011-04-09,0650,Aqua,MODIS,92,6.2,304.4,95.2,D,0
22.4561,92.4534,342.4,1.8,1.3,2011-04-09,0650,Aqua,MODIS,91,6.2,303.8,83.1,D,0
22.4499,92.4199,321.9,1.8,1.3,2011-04-09,0650,Aqua,MODIS,69,6.2,301.5,20.4,D,0
22.447,92.4037,332.1,1.8,1.3,2011-04-09,0650,Aqua,MODIS,83,6.2,301,51.3,D,0
22.4709,92.4685,334.1,1.8,1.3,2011-04-09,0650,Aqua,MODIS,85,6.2,302.1,52.8,D,0
22.4676,92.4508,336.8,1.8,1.3,2011-04-09,0650,Aqua,MODIS,83,6.2,303.6,60.5,D,0
22.4615,92.4172,327.2,1.8,1.3,2011-04-09,0650,Aqua,MODIS,75,6.2,301.5,32.7,D,0
22.4868,92.3571,321.1,1.8,1.3,2011-04-09,0650,Aqua,MODIS,67,6.2,301.9,23.7,D,0
23.2837,91.8503,334.8,1.9,1.3,2011-04-09,0650,Aqua,MODIS,87,6.2,290.5,79.6,D,0
22.5816,92.4391,333.7,1.8,1.3,2011-04-09,0650,Aqua,MODIS,85,6.2,303.9,51.5,D,0
23.4419,92.2528,324.1,1.8,1.3,2011-04-09,0650,Aqua,MODIS,43,6.2,298.9,29.6,D,0
23.4511,92.1918,326.5,1.8,1.3,2011-04-09,0650,Aqua,MODIS,72,6.2,299.3,39.6,D,0
23.4626,92.1893,343.3,1.8,1.3,2011-04-09,0650,Aqua,MODIS,92,6.2,296.9,96.7,D,0
22.5963,92.4539,333.2,1.8,1.3,2011-04-09,0650,Aqua,MODIS,76,6.2,303.7,47.5,D,0
22.5931,92.4364,328,1.8,1.3,2011-04-09,0650,Aqua,MODIS,42,6.2,303.7,32.4,D,0
22.631,92.447,331.4,1.8,1.3,2011-04-09,0650,Aqua,MODIS,83,6.2,303.7,44.3,D,0
23.6202,92.2335,323.4,1.8,1.3,2011-04-09,0650,Aqua,MODIS,77,6.2,300.9,31.8,D,0
22.1527,92.4909,341.6,1.8,1.3,2011-04-09,0650,Aqua,MODIS,90,6.2,301.5,88.1,D,0
22.1558,92.508,321.5,1.8,1.3,2011-04-09,0650,Aqua,MODIS,46,6.2,301.4,23.8,D,0
22.1469,92.5257,351.4,1.8,1.3,2011-04-09,0650,Aqua,MODIS,96,6.2,304.7,129.5,D,0
22.1501,92.5438,327.1,1.8,1.3,2011-04-09,0650,Aqua,MODIS,60,6.2,303.1,35,D,0
22.1353,92.5281,391.4,1.8,1.3,2011-04-09,0650,Aqua,MODIS,100,6.2,309.8,454.6,D,0
22.6278,92.4291,341.6,1.8,1.3,2011-04-09,0650,Aqua,MODIS,90,6.2,303.6,82.3,D,0
22.6271,92.4404,338.1,1.8,1.3,2011-04-09,0650,Aqua,MODIS,88,6.2,304.2,67,D,0
22.6238,92.4227,326.8,1.8,1.3,2011-04-09,0650,Aqua,MODIS,78,6.2,303.6,32.7,D,0
22.6909,92.462,326.6,1.8,1.3,2011-04-09,0650,Aqua,MODIS,79,6.2,305.9,34,D,0
22.1386,92.5464,378.2,1.8,1.3,2011-04-09,0650,Aqua,MODIS,100,6.2,305.2,315.1,D,0
22.118,92.4989,324.2,1.8,1.3,2011-04-09,0650,Aqua,MODIS,33,6.2,299.9,29.5,D,0
22.121,92.5155,346.2,1.8,1.3,2011-04-09,0650,Aqua,MODIS,93,6.2,301.2,106.1,D,0
23.4897,91.9612,331.2,1.8,1.3,2011-04-09,0650,Aqua,MODIS,84,6.2,294.4,59.9,D,0
23.337,92.0057,315.1,1.8,1.3,2011-04-09,0650,Aqua,MODIS,65,6.2,284.4,23.5,D,0
23.3181,92.2152,320.7,1.8,1.3,2011-04-09,0650,Aqua,MODIS,73,6.2,300.5,25.8,D,0
23.315,92.1977,323.1,1.8,1.3,2011-04-09,0650,Aqua,MODIS,76,6.2,299.9,30.6,D,0
23.3507,92.3309,323.5,1.7,1.3,2011-04-09,0650,Aqua,MODIS,77,6.2,302,28.7,D,0
23.3479,92.3149,316.6,1.8,1.3,2011-04-09,0650,Aqua,MODIS,64,6.2,302,14.2,D,0
23.3593,92.3122,340.9,1.8,1.3,2011-04-09,0650,Aqua,MODIS,90,6.2,302.3,79.4,D,0
23.3563,92.2951,383.5,1.8,1.3,2011-04-09,0650,Aqua,MODIS,100,6.2,305.6,363,D,0
23.3533,92.2785,333.3,1.8,1.3,2011-04-09,0650,Aqua,MODIS,85,6.2,302,57.8,D,0
23.3475,92.3249,325.2,1.7,1.3,2011-04-09,0650,Aqua,MODIS,76,6.2,302.2,29.9,D,0
23.3559,92.3058,367.2,1.8,1.3,2011-04-09,0650,Aqua,MODIS,100,6.2,303.7,219.3,D,0
23.3528,92.2887,361.1,1.8,1.3,2011-04-09,0650,Aqua,MODIS,100,6.2,303.3,181.6,D,0
23.3643,92.2863,359.7,1.8,1.3,2011-04-09,0650,Aqua,MODIS,99,6.2,305.5,173.7,D,0
23.3613,92.2698,342.6,1.8,1.3,2011-04-09,0650,Aqua,MODIS,91,6.2,303.2,87.2,D,0
23.4566,92.1561,379.9,1.8,1.3,2011-04-09,0650,Aqua,MODIS,100,6.2,297.8,339.7,D,0
23.4595,92.1722,377.3,1.8,1.3,2011-04-09,0650,Aqua,MODIS,100,6.2,297.6,314.1,D,0
22.3254,92.4219,321.8,1.8,1.3,2011-04-09,0650,Aqua,MODIS,72,6.2,303.5,24.1,D,0
21.9674,92.4898,319.1,1.8,1.3,2011-04-09,0650,Aqua,MODIS,67,6.2,301.1,22.6,D,0
22.2372,92.449,327.9,1.8,1.3,2011-04-09,0650,Aqua,MODIS,79,6.2,304,41.7,D,0
22.7984,92.4151,322.5,1.8,1.3,2011-04-09,0650,Aqua,MODIS,74,6.2,303.9,25,D,0
22.3666,92.4076,336,1.8,1.3,2011-04-09,0650,Aqua,MODIS,86,6.2,304.8,63.8,D,0
22.3698,92.4251,360.9,1.8,1.3,2011-04-09,0650,Aqua,MODIS,100,6.2,305.4,185.2,D,0
22.3549,92.4099,322,1.8,1.3,2011-04-09,0650,Aqua,MODIS,72,6.2,304.4,22.4,D,0
22.3581,92.4273,337.5,1.8,1.3,2011-04-09,0650,Aqua,MODIS,88,6.2,303.9,69.3,D,0
22.7838,92.4005,349.5,1.8,1.3,2011-04-09,0650,Aqua,MODIS,89,6.2,304.5,118.4,D,0
22.7869,92.4176,335.6,1.8,1.3,2011-04-09,0650,Aqua,MODIS,86,6.2,304,60.8,D,0
22.414,92.1982,317.2,1.9,1.3,2011-04-09,0650,Aqua,MODIS,60,6.2,301.3,12.8,D,0
22.1992,92.4391,345.4,1.8,1.3,2011-04-09,0650,Aqua,MODIS,92,6.2,303,105.5,D,0
23.445,92.1585,325.8,1.8,1.3,2011-04-09,0650,Aqua,MODIS,50,6.2,298.1,36.7,D,0
23.4334,92.1611,336.3,1.8,1.3,2011-04-09,0650,Aqua,MODIS,78,6.2,299.7,64.4,D,0
23.4218,92.1633,342.2,1.8,1.3,2011-04-09,0650,Aqua,MODIS,91,6.2,295.8,84.2,D,0
23.4248,92.1797,343.1,1.8,1.3,2011-04-09,0650,Aqua,MODIS,88,6.2,296.6,87,D,0
23.4069,92.1482,324,1.8,1.3,2011-04-09,0650,Aqua,MODIS,52,6.2,294.6,30.6,D,0
22.2024,92.4571,323.8,1.8,1.3,2011-04-09,0650,Aqua,MODIS,75,6.2,300.1,30.7,D,0
22.1676,92.4649,319.8,1.8,1.3,2011-04-09,0650,Aqua,MODIS,60,6.2,300.8,21.5,D,0
22.173,92.4693,324,1.8,1.3,2011-04-09,0650,Aqua,MODIS,75,6.2,300.2,32.9,D,0
21.971,92.5772,319.1,1.8,1.3,2011-04-09,0650,Aqua,MODIS,66,6.2,301.3,23.7,D,0
22.2556,92.5518,320.9,1.8,1.3,2011-04-09,0650,Aqua,MODIS,71,6.2,302.7,24.5,D,0
21.945,92.5666,355.9,1.8,1.3,2011-04-09,0650,Aqua,MODIS,98,6.2,302.5,155.3,D,0
22.3603,92.414,365.3,1.8,1.3,2011-04-09,0650,Aqua,MODIS,100,6.2,306.8,215.2,D,0
22.3633,92.4314,355.1,1.8,1.3,2011-04-09,0650,Aqua,MODIS,97,6.2,304.7,149.2,D,0
23.1025,91.8067,316.1,1.9,1.4,2011-04-09,0650,Aqua,MODIS,59,6.2,301.5,14.3,D,0
22.9988,91.8176,317.4,1.9,1.4,2011-04-09,0650,Aqua,MODIS,68,6.2,301.8,15.4,D,0
21.853,92.573,341.6,1.8,1.3,2011-04-09,0650,Aqua,MODIS,90,6.2,299.4,92.3,D,0
23.4102,92.1656,339.1,1.8,1.3,2011-04-09,0650,Aqua,MODIS,90,6.2,294.8,76,D,0
23.4267,92.167,365.8,1.8,1.3,2011-04-09,0650,Aqua,MODIS,100,6.2,298.2,217.6,D,0
23.4181,92.1861,334,1.8,1.3,2011-04-09,0650,Aqua,MODIS,84,6.2,294.1,52.9,D,0
23.4004,92.1547,375.6,1.8,1.3,2011-04-09,0650,Aqua,MODIS,100,6.2,298.7,293,D,0
23.4035,92.1717,387.6,1.8,1.3,2011-04-09,0650,Aqua,MODIS,100,6.2,297.8,408,D,0
23.3888,92.1573,382.1,1.8,1.3,2011-04-09,0650,Aqua,MODIS,100,6.2,299.8,354.8,D,0
23.3919,92.1744,375.8,1.8,1.3,2011-04-09,0650,Aqua,MODIS,100,6.2,298.5,291.3,D,0
23.374,92.142,322.6,1.8,1.3,2011-04-09,0650,Aqua,MODIS,66,6.2,297.8,28.5,D,0
21.8498,92.5555,371.6,1.8,1.3,2011-04-09,0650,Aqua,MODIS,100,6.2,302.1,272.4,D,0
21.8645,92.5701,327,1.8,1.3,2011-04-09,0650,Aqua,MODIS,78,6.2,299.9,43,D,0
21.8615,92.5536,369.5,1.8,1.3,2011-04-09,0650,Aqua,MODIS,100,6.2,304.1,255.1,D,0
23.2727,92.2952,323.2,1.8,1.3,2011-04-09,0650,Aqua,MODIS,35,6.2,302,26.8,D,0
23.2758,92.3124,349.4,1.8,1.3,2011-04-09,0650,Aqua,MODIS,95,6.2,303.9,119.6,D,0
23.2643,92.3148,337.9,1.8,1.3,2011-04-09,0650,Aqua,MODIS,89,6.2,302.8,70,D,0
21.7912,92.3684,320,1.9,1.3,2011-04-09,0650,Aqua,MODIS,49,6.2,299.7,22.8,D,0
21.7796,92.3718,329.6,1.9,1.3,2011-04-09,0650,Aqua,MODIS,61,6.2,298.8,47.9,D,0
21.7832,92.3909,323.3,1.9,1.3,2011-04-09,0650,Aqua,MODIS,33,6.2,298.2,28.6,D,0
23.0405,92.1076,323.3,1.8,1.3,2011-04-09,0650,Aqua,MODIS,76,6.2,301.4,29.2,D,0
23.0289,92.1104,328.1,1.8,1.3,2011-04-09,0650,Aqua,MODIS,79,6.2,301.4,39.7,D,0
23.2675,92.3321,320.7,1.8,1.3,2011-04-09,0650,Aqua,MODIS,61,6.2,301.8,21.3,D,0
23.2434,92.2665,324.1,1.8,1.3,2011-04-09,0650,Aqua,MODIS,36,6.2,302.4,26.4,D,0
23.2685,92.3188,325.9,1.8,1.3,2011-04-09,0650,Aqua,MODIS,45,6.2,302.7,32,D,0
23.257,92.3213,331.9,1.8,1.3,2011-04-09,0650,Aqua,MODIS,84,6.2,302.5,50.1,D,0
23.2363,92.2726,368.3,1.8,1.3,2011-04-09,0650,Aqua,MODIS,100,6.2,305.2,231.6,D,0
23.2389,91.9791,321.7,1.9,1.3,2011-04-09,0650,Aqua,MODIS,72,6.2,294.6,31.1,D,0
23.2507,91.9765,331.1,1.9,1.3,2011-04-09,0650,Aqua,MODIS,84,6.2,292.2,58.1,D,0
23.0318,92.0968,325.1,1.8,1.3,2011-04-09,0650,Aqua,MODIS,70,6.2,301.4,30.8,D,0
23.0348,92.1135,330.1,1.8,1.3,2011-04-09,0650,Aqua,MODIS,82,6.2,301.5,46,D,0
23.2424,92.3064,316.9,1.8,1.3,2011-04-09,0650,Aqua,MODIS,34,6.2,301.9,13.7,D,0
23.2248,92.2749,325.6,1.8,1.3,2011-04-09,0650,Aqua,MODIS,75,6.2,302.5,29.8,D,0
23.2279,92.2923,328.7,1.8,1.3,2011-04-09,0650,Aqua,MODIS,81,6.2,302.8,40.8,D,0
23.5799,92.0811,345,1.8,1.3,2011-04-09,0650,Aqua,MODIS,93,6.2,299.9,108.6,D,0
23.0231,92.116,321,1.8,1.3,2011-04-09,0650,Aqua,MODIS,72,6.2,301.2,23.6,D,0
22.9932,92.0859,325.3,1.8,1.3,2011-04-09,0650,Aqua,MODIS,78,6.2,301.4,33.4,D,0
22.9965,92.1041,318.3,1.8,1.3,2011-04-09,0650,Aqua,MODIS,59,6.2,300.7,16.1,D,0
22.9814,92.0883,338.7,1.8,1.3,2011-04-09,0650,Aqua,MODIS,89,6.2,302,79.5,D,0
22.9848,92.1066,329.8,1.8,1.3,2011-04-09,0650,Aqua,MODIS,82,6.2,300.8,48,D,0
22.4914,92.5154,375,1.8,1.3,2011-04-09,0650,Aqua,MODIS,100,6.2,305.5,284,D,0
21.8731,92.5509,316.8,1.8,1.3,2011-04-09,0650,Aqua,MODIS,56,6.2,299.6,19.9,D,0
22.2406,92.4681,337,1.8,1.3,2011-04-09,0650,Aqua,MODIS,87,6.2,303.4,70.4,D,0
22.2256,92.4517,368.2,1.8,1.3,2011-04-09,0650,Aqua,MODIS,100,6.2,305.7,238.7,D,0
22.229,92.4707,376.5,1.8,1.3,2011-04-09,0650,Aqua,MODIS,100,6.2,304.7,306.3,D,0
22.2139,92.4539,344.6,1.8,1.3,2011-04-09,0650,Aqua,MODIS,92,6.2,302.8,99.3,D,0
22.2174,92.4728,339.5,1.8,1.3,2011-04-09,0650,Aqua,MODIS,89,6.2,301.4,78,D,0
22.0002,92.4966,350.2,1.8,1.3,2011-04-09,0650,Aqua,MODIS,95,6.2,301.2,131.4,D,0
21.9907,92.4851,329.9,1.8,1.3,2011-04-09,0650,Aqua,MODIS,81,6.2,300.5,47,D,0
21.9938,92.5022,344.8,1.8,1.3,2011-04-09,0650,Aqua,MODIS,92,6.2,301.1,102.7,D,0
21.9192,92.4242,331.4,1.8,1.3,2011-04-09,0650,Aqua,MODIS,83,6.2,303.1,52.8,D,0
22.7896,91.6225,324.8,2,1.4,2011-04-09,0650,Aqua,MODIS,77,6.2,300,41,D,0
22.9689,92.3332,335.4,1.8,1.3,2011-04-09,0650,Aqua,MODIS,86,6.2,302.3,65.2,D,0
22.9718,92.3492,335,1.8,1.3,2011-04-09,0650,Aqua,MODIS,86,6.2,302,63.3,D,0
22.9078,92.3272,319.6,1.8,1.3,2011-04-09,0650,Aqua,MODIS,70,6.2,303.3,20.7,D,0
22.89,92.2963,328.9,1.8,1.3,2011-04-09,0650,Aqua,MODIS,81,6.2,303.6,42.1,D,0
22.8951,92.3002,327.1,1.8,1.3,2011-04-09,0650,Aqua,MODIS,79,6.2,303.5,36.2,D,0
23.6723,91.9453,310,1.8,1.3,2011-04-09,0650,Aqua,MODIS,31,6.2,292.7,11.2,D,0
23.5916,92.0786,340.9,1.8,1.3,2011-04-09,0650,Aqua,MODIS,91,6.2,298.4,91.7,D,0
23.5884,92.0618,310.3,1.8,1.3,2011-04-09,0650,Aqua,MODIS,40,6.2,294.6,8,D,0
22.9434,91.9485,329.2,1.9,1.3,2011-04-09,0650,Aqua,MODIS,82,6.2,303.2,47.1,D,0
22.9533,92.0021,321.5,1.9,1.3,2011-04-09,0650,Aqua,MODIS,73,6.2,300.9,25.9,D,0
22.2111,92.2352,328.2,1.9,1.3,2011-04-09,0650,Aqua,MODIS,80,6.2,301.5,44.3,D,0
22.5,92.4972,350.4,1.8,1.3,2011-04-09,0650,Aqua,MODIS,95,6.2,303.2,120.2,D,0
22.4972,92.4813,353.3,1.8,1.3,2011-04-09,0650,Aqua,MODIS,97,6.2,304.2,134.1,D,0
22.4992,92.4259,319.4,1.8,1.3,2011-04-09,0650,Aqua,MODIS,37,6.2,302.5,15.4,D,0
22.5433,92.4714,339.5,1.8,1.3,2011-04-09,0650,Aqua,MODIS,89,6.2,303.3,74.6,D,0
22.3828,92.2966,328.7,1.8,1.3,2011-04-09,0650,Aqua,MODIS,80,6.2,303.6,42.9,D,0
22.3307,92.3444,332.4,1.8,1.3,2011-04-09,0650,Aqua,MODIS,84,6.2,303.2,51,D,0
22.5547,92.4682,345.3,1.8,1.3,2011-04-09,0650,Aqua,MODIS,92,6.2,304,95.6,D,0
22.5516,92.4505,333.4,1.8,1.3,2011-04-09,0650,Aqua,MODIS,75,6.2,304,51.2,D,0
22.5388,92.4674,327.8,1.8,1.3,2011-04-09,0650,Aqua,MODIS,48,6.2,303.3,33.9,D,0
22.5502,92.4642,351.1,1.8,1.3,2011-04-09,0650,Aqua,MODIS,95,6.2,304,121.6,D,0
22.334,92.3623,328.3,1.8,1.3,2011-04-09,0650,Aqua,MODIS,72,6.2,302.7,36.1,D,0
23.2333,92.2557,333.7,1.8,1.3,2011-04-09,0650,Aqua,MODIS,86,6.2,303.1,56.6,D,0
23.2303,92.239,323.1,1.8,1.3,2011-04-09,0650,Aqua,MODIS,76,6.2,305.1,26.8,D,0
22.0817,92.5473,393.9,1.8,1.3,2011-04-09,0650,Aqua,MODIS,100,6.2,306.2,490.7,D,0
22.0786,92.5299,347.3,1.8,1.3,2011-04-09,0650,Aqua,MODIS,93,6.2,303.3,113.8,D,0
22.089,92.5383,328.1,1.8,1.3,2011-04-09,0650,Aqua,MODIS,80,6.2,302.1,40.7,D,0
22.1094,92.518,352.8,1.8,1.3,2011-04-09,0650,Aqua,MODIS,96,6.2,300.6,138.6,D,0
22.8236,91.9681,322.5,1.9,1.3,2011-04-09,0650,Aqua,MODIS,24,6.2,302,25,D,0
22.7945,92.0118,322.3,1.9,1.3,2011-04-09,0650,Aqua,MODIS,74,6.2,301.1,25.9,D,0
22.7335,91.9494,327.5,1.9,1.3,2011-04-09,0650,Aqua,MODIS,80,6.2,301.6,41.1,D,0
22.7369,91.9676,322.5,1.9,1.3,2011-04-09,0650,Aqua,MODIS,74,6.2,301.4,27,D,0
22.7471,92.0224,319.2,1.9,1.3,2011-04-09,0650,Aqua,MODIS,67,6.2,300.3,18.1,D,0
22.7215,91.9519,320.2,1.9,1.3,2011-04-09,0650,Aqua,MODIS,71,6.2,301.2,21.1,D,0
22.7406,91.9549,331.4,1.9,1.3,2011-04-09,0650,Aqua,MODIS,83,6.2,301.6,53.3,D,0
22.7286,91.9575,325.3,1.9,1.3,2011-04-09,0650,Aqua,MODIS,78,6.2,301,35.2,D,0
22.7417,92.0302,318.3,1.9,1.3,2011-04-09,0650,Aqua,MODIS,17,6.2,300.4,15,D,0
22.6656,91.9522,325.1,1.9,1.4,2011-04-09,0650,Aqua,MODIS,53,6.2,300.9,31.5,D,0
22.6537,91.9549,328.7,1.9,1.4,2011-04-09,0650,Aqua,MODIS,79,6.2,299.2,42.5,D,0
22.6571,91.9732,330.7,1.9,1.3,2011-04-09,0650,Aqua,MODIS,83,6.2,299.3,50.3,D,0
22.6604,91.9911,324.1,1.9,1.3,2011-04-09,0650,Aqua,MODIS,76,6.2,298.1,32,D,0
22.6529,91.979,322.2,1.9,1.3,2011-04-09,0650,Aqua,MODIS,42,6.2,298,25.2,D,0
22.3709,92.4969,331.5,1.8,1.3,2011-04-09,0650,Aqua,MODIS,83,6.2,303.4,51.8,D,0
22.3756,92.5012,332.6,1.8,1.3,2011-04-09,0650,Aqua,MODIS,84,6.2,303.4,54.2,D,0
22.0913,92.2849,318.6,1.9,1.3,2011-04-09,0650,Aqua,MODIS,66,6.2,301.8,20.5,D,0
22.3372,92.3793,338,1.8,1.3,2011-04-09,0650,Aqua,MODIS,88,6.2,304.3,67.6,D,0
22.3483,92.3463,335.2,1.8,1.3,2011-04-09,0650,Aqua,MODIS,86,6.2,304,60.3,D,0
22.3365,92.3484,337.9,1.8,1.3,2011-04-09,0650,Aqua,MODIS,88,6.2,303.6,70.7,D,0
22.3396,92.3657,333.9,1.8,1.3,2011-04-09,0650,Aqua,MODIS,85,6.2,303.5,53.7,D,0
22.3426,92.3828,333.9,1.8,1.3,2011-04-09,0650,Aqua,MODIS,81,6.2,304.3,52.1,D,0
22.0882,92.2681,321.1,1.9,1.3,2011-04-09,0650,Aqua,MODIS,71,6.2,301.5,26.9,D,0
21.9145,92.5803,322.8,1.8,1.3,2011-04-09,0650,Aqua,MODIS,55,6.2,299,28.4,D,0
21.9334,92.5688,324.8,1.8,1.3,2011-04-09,0650,Aqua,MODIS,76,6.2,298.2,34.7,D,0
21.9041,92.4527,319.6,1.8,1.3,2011-04-09,0650,Aqua,MODIS,68,6.2,301.5,20.5,D,0
21.9107,92.4445,335.2,1.8,1.3,2011-04-09,0650,Aqua,MODIS,86,6.2,302.2,65.8,D,0
21.9074,92.4266,320.4,1.8,1.3,2011-04-09,0650,Aqua,MODIS,70,6.2,302.6,22,D,0
21.9224,92.4422,319.8,1.8,1.3,2011-04-09,0650,Aqua,MODIS,68,6.2,302.1,20.8,D,0
22.3217,92.3331,328.5,1.8,1.3,2011-04-09,0650,Aqua,MODIS,66,6.2,302.7,39.6,D,0
22.3249,92.3512,347.8,1.8,1.3,2011-04-09,0650,Aqua,MODIS,94,6.2,302.7,113.4,D,0
22.3131,92.3532,345.5,1.8,1.3,2011-04-09,0650,Aqua,MODIS,92,6.2,301.4,104.6,D,0
22.2951,92.3207,320.5,1.8,1.3,2011-04-09,0650,Aqua,MODIS,70,6.2,300,23.3,D,0
22.4131,92.3978,321.1,1.8,1.3,2011-04-09,0650,Aqua,MODIS,40,6.2,301.6,21.1,D,0
22.437,92.4641,334.3,1.8,1.3,2011-04-09,0650,Aqua,MODIS,85,6.2,302.3,58.1,D,0
22.4339,92.447,322.2,1.8,1.3,2011-04-09,0650,Aqua,MODIS,45,6.2,301.7,23.1,D,0
22.4248,92.3958,338.2,1.8,1.3,2011-04-09,0650,Aqua,MODIS,88,6.2,301.9,71.7,D,0
22.4127,92.328,345,1.8,1.3,2011-04-09,0650,Aqua,MODIS,92,6.2,304.7,102.2,D,0
22.4398,92.4121,348.2,1.8,1.3,2011-04-09,0650,Aqua,MODIS,94,6.2,301.8,110.2,D,0
22.4365,92.3938,342.2,1.8,1.3,2011-04-09,0650,Aqua,MODIS,91,6.2,302,87.2,D,0
22.4243,92.3249,322.2,1.8,1.3,2011-04-09,0650,Aqua,MODIS,46,6.2,303.2,24.5,D,0
22.4359,92.3219,321.5,1.8,1.3,2011-04-09,0650,Aqua,MODIS,28,6.2,302.6,22.7,D,0
22.4384,92.4226,333.4,1.8,1.3,2011-04-09,0650,Aqua,MODIS,55,6.2,301.5,47.8,D,0
22.4353,92.4058,337.6,1.8,1.3,2011-04-09,0650,Aqua,MODIS,88,6.2,301.6,65.5,D,0
22.4319,92.3873,332.9,1.8,1.3,2011-04-09,0650,Aqua,MODIS,84,6.2,302.4,53.3,D,0
22.4223,92.3355,331,1.8,1.3,2011-04-09,0650,Aqua,MODIS,82,6.2,302.6,47.6,D,0
22.4194,92.32,328.7,1.8,1.3,2011-04-09,0650,Aqua,MODIS,75,6.2,304.7,41.8,D,0
23.2753,91.8406,325.8,1.9,1.3,2011-04-09,0650,Aqua,MODIS,79,6.2,288.8,49.4,D,0
23.2785,91.8585,331.4,1.9,1.3,2011-04-09,0650,Aqua,MODIS,84,6.2,291.4,65.4,D,0
22.1811,92.4064,330.2,1.8,1.3,2011-04-09,0650,Aqua,MODIS,82,6.2,301.4,45.6,D,0
22.1545,92.3937,322.8,1.8,1.3,2011-04-09,0650,Aqua,MODIS,72,6.2,302.6,25.9,D,0
22.1579,92.4123,345.9,1.8,1.3,2011-04-09,0650,Aqua,MODIS,93,6.2,302.3,107.6,D,0
22.172,92.3949,322.2,1.8,1.3,2011-04-09,0650,Aqua,MODIS,72,6.2,301.7,25.1,D,0
22.1752,92.4134,324,1.8,1.3,2011-04-09,0650,Aqua,MODIS,75,6.2,300.6,30.1,D,0
23.5851,92.0847,360.9,1.8,1.3,2011-04-09,0650,Aqua,MODIS,100,6.2,300.3,194.9,D,0
23.2124,91.8352,317.4,1.9,1.3,2011-04-09,0650,Aqua,MODIS,41,6.2,292.4,21.9,D,0
22.1603,92.3978,334.3,1.8,1.3,2011-04-09,0650,Aqua,MODIS,85,6.2,302.9,58.8,D,0
22.1636,92.4164,348,1.8,1.3,2011-04-09,0650,Aqua,MODIS,94,6.2,301.9,116.2,D,0
23.6243,92.2377,329.8,1.8,1.3,2011-04-09,0650,Aqua,MODIS,83,6.2,301,46.4,D,0
23.6234,92.2506,319.1,1.7,1.3,2011-04-09,0650,Aqua,MODIS,71,6.2,300.8,21.7,D,0
22.4456,92.4448,328.4,1.8,1.3,2011-04-09,0650,Aqua,MODIS,45,6.2,303.2,37,D,0
23.3164,92.3084,314.2,1.2,1.1,2011-04-10,0423,Terra,MODIS,56,6.2,293.6,12.1,D,0
23.2152,92.2286,323.1,1.2,1.1,2011-04-10,0423,Terra,MODIS,76,6.2,292.2,17.4,D,0
23.3242,92.0954,317.4,1.2,1.1,2011-04-10,0423,Terra,MODIS,66,6.2,297.1,12.3,D,0
23.2384,92.2789,317.6,1.2,1.1,2011-04-10,0423,Terra,MODIS,57,6.2,295.5,13.4,D,0
23.2287,92.2775,314.7,1.2,1.1,2011-04-10,0423,Terra,MODIS,43,6.2,295,10.4,D,0
23.3149,92.3203,313.7,1.2,1.1,2011-04-10,0423,Terra,MODIS,56,6.2,293.7,11.6,D,0
23.2084,92.0481,316.5,1.2,1.1,2011-04-10,0423,Terra,MODIS,65,6.2,294.5,10.7,D,0
23.2047,92.1557,315,1.2,1.1,2011-04-10,0423,Terra,MODIS,30,6.2,294.9,8.1,D,0
22.5246,92.3734,313.3,1.2,1.1,2011-04-10,0423,Terra,MODIS,58,6.2,298.7,5.3,D,0
23.2356,92.1482,312.9,1.2,1.1,2011-04-10,0423,Terra,MODIS,0,6.2,290.5,7,D,0
22.4096,92.4274,327.5,1.7,1.3,2011-04-10,0732,Aqua,MODIS,45,6.2,296,32.8,D,0
21.653,92.4823,317.7,1.6,1.3,2011-04-10,0732,Aqua,MODIS,30,6.2,298.5,13,D,0
21.7434,92.4825,335.6,1.6,1.3,2011-04-10,0732,Aqua,MODIS,84,6.2,297.5,53.7,D,0
22.5056,92.3603,318,1.6,1.3,2011-04-10,0732,Aqua,MODIS,58,6.2,296.5,15.2,D,0
21.7432,92.476,364.2,1.6,1.3,2011-04-10,0732,Aqua,MODIS,100,6.2,299.5,181,D,0
22.4328,92.3282,326.8,1.6,1.3,2011-04-10,0732,Aqua,MODIS,78,6.2,294.2,34.7,D,0
21.7415,92.4609,372.2,1.6,1.3,2011-04-10,0732,Aqua,MODIS,100,6.2,305.7,234,D,0
21.9745,92.402,341.4,1.6,1.3,2011-04-10,0732,Aqua,MODIS,89,6.2,299,74.2,D,0
21.6417,92.4837,318.5,1.6,1.3,2011-04-10,0732,Aqua,MODIS,30,6.2,301.2,14,D,0
22.4309,92.3111,327.6,1.6,1.3,2011-04-10,0732,Aqua,MODIS,79,6.2,296.5,36.6,D,0
21.9763,92.4181,320.9,1.6,1.3,2011-04-10,0732,Aqua,MODIS,49,6.2,296.4,17.4,D,0
21.9945,92.4772,354.1,1.7,1.3,2011-04-10,0732,Aqua,MODIS,97,6.2,302,129.5,D,0
22.0037,92.4709,324.2,1.7,1.3,2011-04-10,0732,Aqua,MODIS,64,6.2,301.6,26,D,0
22.3505,92.307,326.7,1.6,1.3,2011-04-10,0732,Aqua,MODIS,70,6.2,287.4,33,D,0
22.3616,92.2956,329.9,1.6,1.3,2011-04-10,0732,Aqua,MODIS,67,6.2,292.7,40.4,D,0
22.3634,92.3108,331.8,1.6,1.3,2011-04-10,0732,Aqua,MODIS,83,6.2,286.8,46.1,D,0
22.3521,92.3122,327.3,1.6,1.3,2011-04-10,0732,Aqua,MODIS,72,6.2,286.4,34.3,D,0
22.3253,92.3783,324.2,1.6,1.3,2011-04-10,0732,Aqua,MODIS,54,6.2,293.6,27.2,D,0
21.7304,92.4685,358,1.6,1.3,2011-04-10,0732,Aqua,MODIS,99,6.2,303.4,147.8,D,0
21.7286,92.4533,322,1.6,1.3,2011-04-10,0732,Aqua,MODIS,61,6.2,302.8,21.6,D,0
22.3983,92.4293,331.3,1.7,1.3,2011-04-10,0732,Aqua,MODIS,81,6.2,294.9,43.8,D,0
21.5535,92.3089,317.5,1.6,1.2,2011-04-10,0732,Aqua,MODIS,18,6.2,296.8,13.8,D,0
22.4,92.4453,331.3,1.7,1.3,2011-04-10,0732,Aqua,MODIS,82,6.2,294.3,44.4,D,0
22.4647,92.3009,321.7,1.6,1.3,2011-04-10,0732,Aqua,MODIS,71,6.2,293.5,23.4,D,0
21.7319,92.4772,334.9,1.6,1.3,2011-04-10,0732,Aqua,MODIS,83,6.2,300.7,51.6,D,0
21.7649,92.5681,343.3,1.7,1.3,2011-04-10,0732,Aqua,MODIS,90,6.2,304,82.3,D,0
21.7536,92.5703,323,1.7,1.3,2011-04-10,0732,Aqua,MODIS,67,6.2,303.7,23,D,0
21.5519,92.294,327.1,1.6,1.2,2011-04-10,0732,Aqua,MODIS,75,6.2,297.5,33.2,D,0
21.7399,92.452,332.4,1.6,1.3,2011-04-10,0732,Aqua,MODIS,81,6.2,303.4,45.3,D,0
21.7544,92.5767,345.3,1.7,1.3,2011-04-10,0732,Aqua,MODIS,91,6.2,304.6,90.5,D,0
22.0813,92.446,330.7,1.6,1.3,2011-04-10,0732,Aqua,MODIS,80,6.2,299.9,42.7,D,0
22.2948,92.4135,319.7,1.7,1.3,2011-04-10,0732,Aqua,MODIS,67,6.2,295.9,19.5,D,0
21.6541,92.4,323.1,1.6,1.3,2011-04-10,0732,Aqua,MODIS,67,6.2,300.8,22.6,D,0
22.4552,92.3186,317.7,1.6,1.3,2011-04-10,0732,Aqua,MODIS,36,6.2,294.6,15.3,D,0
22.083,92.4607,385.6,1.7,1.3,2011-04-10,0732,Aqua,MODIS,100,6.2,303.9,353.2,D,0
22.0847,92.4758,325.8,1.7,1.3,2011-04-10,0732,Aqua,MODIS,74,6.2,295.1,32.6,D,0
21.7416,92.4672,387.6,1.6,1.3,2011-04-10,0732,Aqua,MODIS,100,6.2,304.5,363.4,D,0
21.8009,92.5806,320.6,1.7,1.3,2011-04-10,0732,Aqua,MODIS,60,6.2,303.9,20,D,0
22.2248,92.3044,322.3,1.6,1.3,2011-04-10,0732,Aqua,MODIS,71,6.2,294.9,23.1,D,0
22.3869,92.4306,318.1,1.7,1.3,2011-04-10,0732,Aqua,MODIS,37,6.2,294.3,16.3,D,0
22.0717,92.4625,349,1.7,1.3,2011-04-10,0732,Aqua,MODIS,94,6.2,301.6,107.7,D,0
22.3106,92.3494,335.1,1.6,1.3,2011-04-10,0732,Aqua,MODIS,78,6.2,292,54.4,D,0
22.2993,92.3508,347.1,1.6,1.3,2011-04-10,0732,Aqua,MODIS,91,6.2,296.6,96.3,D,0
21.8122,92.5791,337.4,1.7,1.3,2011-04-10,0732,Aqua,MODIS,86,6.2,304.6,64.1,D,0
22.0733,92.4768,349.5,1.7,1.3,2011-04-10,0732,Aqua,MODIS,94,6.2,300.5,111.1,D,0
22.0473,92.4501,352.1,1.6,1.3,2011-04-10,0732,Aqua,MODIS,96,6.2,302.6,119.2,D,0
22.0489,92.4644,340.4,1.7,1.3,2011-04-10,0732,Aqua,MODIS,89,6.2,299.4,73.2,D,0
21.6653,92.3981,318.1,1.6,1.3,2011-04-10,0732,Aqua,MODIS,34,6.2,297.3,12.4,D,0
22.4847,92.3782,333.8,1.7,1.3,2011-04-10,0732,Aqua,MODIS,84,6.2,296.2,51.3,D,0
21.8463,92.4887,331.4,1.6,1.3,2011-04-10,0732,Aqua,MODIS,80,6.2,302.8,44.3,D,0
21.8104,92.5633,329.6,1.7,1.3,2011-04-10,0732,Aqua,MODIS,78,6.2,304.5,39.7,D,0
21.8446,92.4732,326.3,1.6,1.3,2011-04-10,0732,Aqua,MODIS,74,6.2,300.8,30.3,D,0
22.5073,92.3747,327.4,1.7,1.3,2011-04-10,0732,Aqua,MODIS,78,6.2,295.3,35.1,D,0
21.8773,92.3576,326.5,1.6,1.3,2011-04-10,0732,Aqua,MODIS,74,6.2,300.5,33,D,0
22.4304,92.4078,343.1,1.7,1.3,2011-04-10,0732,Aqua,MODIS,91,6.2,297.1,82.6,D,0
22.4322,92.4239,360.8,1.7,1.3,2011-04-10,0732,Aqua,MODIS,100,6.2,293.4,166.9,D,0
22.4209,92.4256,385.7,1.7,1.3,2011-04-10,0732,Aqua,MODIS,100,6.2,298.6,355.4,D,0
22.482,92.2514,315.4,1.6,1.3,2011-04-10,0732,Aqua,MODIS,49,6.2,295.7,12.1,D,0
22.483,92.3633,328.2,1.6,1.3,2011-04-10,0732,Aqua,MODIS,79,6.2,297.4,36.4,D,0
21.7303,92.4623,340.9,1.6,1.3,2011-04-10,0732,Aqua,MODIS,88,6.2,303.4,71.5,D,0
22.4228,92.4426,345,1.7,1.3,2011-04-10,0732,Aqua,MODIS,92,6.2,290.9,90.5,D,0
22.5374,92.4372,316.2,1.7,1.3,2011-04-10,0732,Aqua,MODIS,43,6.2,294.9,13.4,D,0
23.0925,92.1129,319.8,1.6,1.3,2011-04-10,0733,Aqua,MODIS,73,6.2,296.6,18.5,D,0
23.1475,92.2989,353.4,1.7,1.3,2011-04-10,0733,Aqua,MODIS,97,6.2,294.5,134.2,D,0
22.702,92.4859,320.6,1.7,1.3,2011-04-10,0733,Aqua,MODIS,66,6.2,296.3,22.7,D,0
22.6257,92.4204,322.7,1.7,1.3,2011-04-10,0733,Aqua,MODIS,72,6.2,297.3,26.3,D,0
23.1288,91.935,322.3,1.6,1.2,2011-04-10,0733,Aqua,MODIS,61,6.2,297.9,19.6,D,0
23.1361,92.3003,349.2,1.7,1.3,2011-04-10,0733,Aqua,MODIS,95,6.2,294.6,119,D,0
22.958,91.9398,338.9,1.6,1.2,2011-04-10,0733,Aqua,MODIS,89,6.2,301,59.2,D,0
23.1457,92.2826,376,1.7,1.3,2011-04-10,0733,Aqua,MODIS,100,6.2,300,275.3,D,0
23.8977,89.6304,322.5,1.2,1.1,2011-04-10,0733,Aqua,MODIS,51,6.2,305.5,9.8,D,0
23.0727,91.836,331.7,1.5,1.2,2011-04-10,0733,Aqua,MODIS,85,6.2,296.5,48.7,D,0
24.4056,89.2179,322.5,1.1,1.1,2011-04-10,0733,Aqua,MODIS,62,6.2,303.5,9.2,D,0
22.656,92.2797,319.7,1.6,1.3,2011-04-10,0733,Aqua,MODIS,40,6.2,299.3,14.8,D,0
23.3453,92.1311,318.4,1.6,1.3,2011-04-10,0733,Aqua,MODIS,38,6.2,281.6,27,D,0
23.4423,92.1871,319.7,1.7,1.3,2011-04-10,0733,Aqua,MODIS,17,6.2,284,25.5,D,0
23.4649,92.1842,319.6,1.7,1.3,2011-04-10,0733,Aqua,MODIS,59,6.2,287.4,28.7,D,0
23.2489,92.2793,340.2,1.7,1.3,2011-04-10,0733,Aqua,MODIS,90,6.2,296.9,79.3,D,0
22.5488,92.4358,320.2,1.7,1.3,2011-04-10,0733,Aqua,MODIS,68,6.2,295,22,D,0
22.546,92.4307,322.6,1.7,1.3,2011-04-10,0733,Aqua,MODIS,72,6.2,295.2,25.9,D,0
22.6578,92.2953,321.5,1.6,1.3,2011-04-10,0733,Aqua,MODIS,66,6.2,298.9,19.4,D,0
22.5616,92.1565,325.6,1.6,1.2,2011-04-10,0733,Aqua,MODIS,67,6.2,296.4,26.2,D,0
22.528,92.1605,325.8,1.6,1.2,2011-04-10,0733,Aqua,MODIS,77,6.2,298.2,28.5,D,0
22.9487,91.9344,328.5,1.6,1.2,2011-04-10,0733,Aqua,MODIS,81,6.2,300.8,31.1,D,0
22.9503,91.9491,332.8,1.6,1.2,2011-04-10,0733,Aqua,MODIS,85,6.2,299.7,41.8,D,0
23.071,91.8211,322.3,1.5,1.2,2011-04-10,0733,Aqua,MODIS,64,6.2,295.9,28.6,D,0
22.5272,92.1509,318.8,1.6,1.2,2011-04-10,0733,Aqua,MODIS,38,6.2,297.7,14,D,0
22.529,92.166,328.7,1.6,1.2,2011-04-10,0733,Aqua,MODIS,76,6.2,298.5,35.7,D,0
23.1761,92.2465,324.4,1.7,1.3,2011-04-10,0733,Aqua,MODIS,78,6.2,296.3,27.8,D,0
23.1743,92.2308,329.7,1.6,1.3,2011-04-10,0733,Aqua,MODIS,83,6.2,295.5,41.3,D,0
23.1755,92.2398,333.4,1.7,1.3,2011-04-10,0733,Aqua,MODIS,86,6.2,294.9,51.4,D,0
23.1738,92.2239,317.7,1.6,1.3,2011-04-10,0733,Aqua,MODIS,65,6.2,297.2,14.6,D,0
23.2339,92.2483,328.8,1.7,1.3,2011-04-10,0733,Aqua,MODIS,62,6.2,296.4,36.9,D,0
23.2321,92.2319,344.9,1.7,1.3,2011-04-10,0733,Aqua,MODIS,93,6.2,297.9,91.1,D,0
23.2643,92.2118,320.8,1.6,1.3,2011-04-10,0733,Aqua,MODIS,51,6.2,297.3,22.2,D,0
23.2751,92.2204,353.6,1.7,1.3,2011-04-10,0733,Aqua,MODIS,97,6.2,297.2,132.4,D,0
23.2734,92.205,326.6,1.6,1.3,2011-04-10,0733,Aqua,MODIS,81,6.2,296.3,35.2,D,0
23.2882,92.2353,317.9,1.7,1.3,2011-04-10,0733,Aqua,MODIS,33,6.2,293.9,20,D,0
23.2864,92.2188,345.5,1.7,1.3,2011-04-10,0733,Aqua,MODIS,93,6.2,296.9,97.5,D,0
23.0907,92.0971,331.9,1.6,1.2,2011-04-10,0733,Aqua,MODIS,85,6.2,297.7,45.5,D,0
23.3084,92.3145,321.6,1.7,1.3,2011-04-10,0733,Aqua,MODIS,75,6.2,296.5,30.3,D,0
23.1409,92.1386,323,1.6,1.3,2011-04-10,0733,Aqua,MODIS,77,6.2,296.8,25.9,D,0
23.1755,92.0314,320.5,1.6,1.2,2011-04-10,0733,Aqua,MODIS,27,6.2,295.7,19.9,D,0
23.1972,92.1242,322.8,1.6,1.3,2011-04-10,0733,Aqua,MODIS,55,6.2,297.1,25.7,D,0
23.2183,92.0097,319.7,1.6,1.2,2011-04-10,0733,Aqua,MODIS,69,6.2,291.1,21.3,D,0
22.6239,91.702,327.9,1.5,1.2,2011-04-10,0733,Aqua,MODIS,80,6.2,299.4,33.2,D,0
22.6256,91.7168,317.3,1.5,1.2,2011-04-10,0733,Aqua,MODIS,65,6.2,299.2,13.4,D,0
23.0812,91.911,318.3,1.6,1.2,2011-04-10,0733,Aqua,MODIS,61,6.2,297.9,12.7,D,0
23.1399,91.9333,320.1,1.6,1.2,2011-04-10,0733,Aqua,MODIS,18,6.2,297.6,15,D,0
22.6913,91.9876,317.5,1.6,1.2,2011-04-10,0733,Aqua,MODIS,46,6.2,298.4,12.8,D,0
22.693,92.0028,322.7,1.6,1.2,2011-04-10,0733,Aqua,MODIS,74,6.2,299.4,22.4,D,0
22.6913,91.993,323.6,1.6,1.2,2011-04-10,0733,Aqua,MODIS,50,6.2,298.8,22.2,D,0
22.6529,91.9521,332.6,1.6,1.2,2011-04-10,0733,Aqua,MODIS,84,6.2,299.5,41.8,D,0
22.6506,92.0293,318.3,1.6,1.2,2011-04-10,0733,Aqua,MODIS,63,6.2,297.9,14.4,D,0
23.7111,92.1381,316.7,1.7,1.3,2011-04-10,0733,Aqua,MODIS,41,6.2,276,27.6,D,0
23.2508,92.2957,325.7,1.7,1.3,2011-04-10,0733,Aqua,MODIS,74,6.2,294.4,37.7,D,0
23.2358,92.2645,363.1,1.7,1.3,2011-04-10,0733,Aqua,MODIS,100,6.2,297.8,182.2,D,0
23.2376,92.2809,317.2,1.7,1.3,2011-04-10,0733,Aqua,MODIS,35,6.2,295.4,17.9,D,0
23.1379,92.316,321.1,1.7,1.3,2011-04-10,0733,Aqua,MODIS,44,6.2,284.1,30.9,D,0
23.2244,92.2661,335.6,1.7,1.3,2011-04-10,0733,Aqua,MODIS,87,6.2,295.4,57.7,D,0
23.2262,92.2822,318.2,1.7,1.3,2011-04-10,0733,Aqua,MODIS,50,6.2,293.2,18.2,D,0
23.4309,92.1886,328.7,1.7,1.3,2011-04-10,0733,Aqua,MODIS,62,6.2,283.2,44.9,D,0
23.3879,92.1998,319.8,1.7,1.3,2011-04-10,0733,Aqua,MODIS,44,6.2,284.7,25.5,D,0
23.6749,88.6744,318.4,1.1,1,2011-04-10,0733,Aqua,MODIS,46,6.2,302.6,6.3,D,0
23.3704,92.2503,329.5,1.7,1.3,2011-04-10,0733,Aqua,MODIS,84,6.2,291.7,49.8,D,0
23.3067,92.2986,316.9,1.7,1.3,2011-04-10,0733,Aqua,MODIS,69,6.2,295.4,21.1,D,0
21.9099,92.5863,324.9,1,1,2011-04-10,1942,Aqua,MODIS,100,6.2,292.7,23.7,N,0
22.2559,89.2669,318.2,1.7,1.3,2011-04-11,0506,Terra,MODIS,0,6.2,305,19,D,0
22.2447,89.2646,317.1,1.7,1.3,2011-04-11,0506,Terra,MODIS,0,6.2,304.3,18.1,D,0
23.0184,92.1055,311.8,2.6,1.5,2011-04-11,0506,Terra,MODIS,43,6.2,295.8,19.8,D,0
24.0945,88.6795,323.4,1.4,1.2,2011-04-11,0506,Terra,MODIS,42,6.2,305.4,11.8,D,0
21.2807,92.563,318.3,3,1.7,2011-04-11,0506,Terra,MODIS,68,6.2,298.3,54.9,D,0
21.6128,92.5032,353.4,3.1,1.7,2011-04-11,0637,Aqua,MODIS,96,6.2,300.5,303.3,D,0
21.5268,92.304,327,3.2,1.7,2011-04-11,0637,Aqua,MODIS,72,6.2,299.2,88.7,D,0
21.5118,92.3071,323.9,3.2,1.7,2011-04-11,0637,Aqua,MODIS,54,6.2,301.6,71.5,D,0
22.3241,92.4361,314.6,3,1.7,2011-04-11,0637,Aqua,MODIS,49,6.2,298.3,30.9,D,0
21.5184,92.3398,354.5,3.2,1.7,2011-04-11,0637,Aqua,MODIS,97,6.2,302.5,345.6,D,0
21.4002,92.4404,340.3,3.2,1.7,2011-04-11,0637,Aqua,MODIS,88,6.2,298.9,189.4,D,0
21.3943,92.4104,332.2,3.2,1.7,2011-04-11,0637,Aqua,MODIS,80,6.2,298,124.5,D,0
21.3989,92.4343,347.1,3.2,1.7,2011-04-11,0637,Aqua,MODIS,92,6.2,298.9,251.6,D,0
21.5566,92.453,335,3.1,1.7,2011-04-11,0637,Aqua,MODIS,83,6.2,298.9,142.3,D,0
21.5884,92.5304,327.3,3.1,1.7,2011-04-11,0637,Aqua,MODIS,26,6.2,301.4,82.4,D,0
21.5556,92.4458,330.4,3.1,1.7,2011-04-11,0637,Aqua,MODIS,59,6.2,300.4,104.1,D,0
21.6089,92.5555,330.1,3.1,1.7,2011-04-11,0637,Aqua,MODIS,68,6.2,301.7,100.5,D,0
21.6092,92.5632,324.7,3.1,1.7,2011-04-11,0637,Aqua,MODIS,27,6.2,301.6,65.1,D,0
21.5888,92.5374,329.5,3.1,1.7,2011-04-11,0637,Aqua,MODIS,29,6.2,301.8,94.6,D,0
21.4373,92.3935,328.1,3.2,1.7,2011-04-11,0637,Aqua,MODIS,65,6.2,297.9,95.5,D,0
22.4113,92.4031,315.9,3,1.7,2011-04-11,0637,Aqua,MODIS,43,6.2,301,34.9,D,0
22.2864,92.3235,319.5,3.1,1.7,2011-04-11,0637,Aqua,MODIS,67,6.2,298.1,50.5,D,0
22.2806,92.2941,328.6,3.1,1.7,2011-04-11,0637,Aqua,MODIS,80,6.2,296,100.6,D,0
22.1296,92.4577,318.9,3,1.7,2011-04-11,0637,Aqua,MODIS,57,6.2,296.8,56.5,D,0
22.1298,92.4665,327.7,3,1.7,2011-04-11,0637,Aqua,MODIS,79,6.2,296.1,104.5,D,0
21.8833,92.5436,317,3,1.7,2011-04-11,0637,Aqua,MODIS,51,6.2,297.1,44.5,D,0
21.5247,92.2965,324.5,3.2,1.7,2011-04-11,0637,Aqua,MODIS,36,6.2,299.4,69.3,D,0
21.5314,92.3288,327.8,3.2,1.7,2011-04-11,0637,Aqua,MODIS,32,6.2,299.9,84,D,0
22.5736,92.1404,317.9,3.1,1.7,2011-04-11,0637,Aqua,MODIS,49,6.2,298.5,50.1,D,0
21.883,92.5393,315.1,3,1.7,2011-04-11,0637,Aqua,MODIS,43,6.2,296.8,36,D,0
22.286,92.3163,325.4,3.1,1.7,2011-04-11,0637,Aqua,MODIS,76,6.2,297.8,81.1,D,0
21.564,92.4114,339.5,3.1,1.7,2011-04-11,0637,Aqua,MODIS,87,6.2,302.6,175.3,D,0
21.5652,92.4185,333.5,3.1,1.7,2011-04-11,0637,Aqua,MODIS,67,6.2,302.4,125.9,D,0
21.7169,92.5603,320.3,3,1.7,2011-04-11,0637,Aqua,MODIS,40,6.2,299.6,51.3,D,0
21.6123,92.4968,348.2,3.1,1.7,2011-04-11,0637,Aqua,MODIS,93,6.2,299.7,255,D,0
21.7163,92.5557,317.6,3,1.7,2011-04-11,0637,Aqua,MODIS,39,6.2,299.5,41.7,D,0
21.6179,92.5241,323.5,3.1,1.7,2011-04-11,0637,Aqua,MODIS,47,6.2,300.8,64.6,D,0
21.6617,92.5129,320.6,3.1,1.7,2011-04-11,0637,Aqua,MODIS,54,6.2,301.8,55.7,D,0
21.6608,92.509,322,3.1,1.7,2011-04-11,0637,Aqua,MODIS,50,6.2,301.6,60.6,D,0
21.5789,92.4085,323.3,3.1,1.7,2011-04-11,0637,Aqua,MODIS,39,6.2,302.6,65.7,D,0
21.3925,92.403,322.4,3.2,1.7,2011-04-11,0637,Aqua,MODIS,26,6.2,298.3,56.7,D,0
21.5742,92.3856,321.4,3.2,1.7,2011-04-11,0637,Aqua,MODIS,41,6.2,301.1,54.3,D,0
21.5594,92.3889,329.1,3.2,1.7,2011-04-11,0637,Aqua,MODIS,45,6.2,301.9,92.9,D,0
21.3708,92.4484,320.5,3.2,1.7,2011-04-11,0637,Aqua,MODIS,58,6.2,296.6,61,D,0
21.6234,92.5516,319.8,3.1,1.7,2011-04-11,0637,Aqua,MODIS,26,6.2,301.7,46.9,D,0
21.5258,92.5279,320.8,3.1,1.7,2011-04-11,0637,Aqua,MODIS,51,6.2,301,54.3,D,0
22.4402,92.2439,314,3.1,1.7,2011-04-11,0637,Aqua,MODIS,42,6.2,299.7,27.8,D,0
21.4548,92.4808,321.6,3.1,1.7,2011-04-11,0637,Aqua,MODIS,41,6.2,300.9,59.2,D,0
23.5158,92.0654,310.1,3,1.7,2011-04-11,0638,Aqua,MODIS,44,6.2,297.4,21.5,D,0
22.7503,92.0225,316.5,3.2,1.7,2011-04-11,0638,Aqua,MODIS,63,6.2,296.5,44.8,D,0
22.9955,92.3173,340.7,3,1.6,2011-04-11,0638,Aqua,MODIS,90,6.2,297.5,187,D,0
23.5117,92.2783,309.9,2.9,1.6,2011-04-11,0638,Aqua,MODIS,35,6.2,296.5,18.5,D,0
23.1175,92.31,311.1,3,1.6,2011-04-11,0638,Aqua,MODIS,28,6.2,297.4,18.5,D,0
22.9895,92.2878,327.2,3,1.6,2011-04-11,0638,Aqua,MODIS,75,6.2,295.4,93.5,D,0
23.4987,92.2779,316.6,2.9,1.6,2011-04-11,0638,Aqua,MODIS,67,6.2,296.7,44.9,D,0
23.4974,92.2822,310.4,2.9,1.6,2011-04-11,0638,Aqua,MODIS,43,6.2,296.7,20.4,D,0
23.5536,92.0263,313.5,3,1.7,2011-04-11,0638,Aqua,MODIS,61,6.2,296,32.9,D,0
23.5537,92.0187,311.9,3,1.7,2011-04-11,0638,Aqua,MODIS,55,6.2,295.7,28.3,D,0
23.013,92.0955,323.5,3.1,1.7,2011-04-11,0638,Aqua,MODIS,76,6.2,295.5,77.9,D,0
23.0073,92.0718,317.2,3.1,1.7,2011-04-11,0638,Aqua,MODIS,57,6.2,293.1,41.9,D,0
23.0134,92.1024,319.4,3.1,1.7,2011-04-11,0638,Aqua,MODIS,60,6.2,295.7,52.2,D,0
21.2835,92.5524,303.7,1,1,2011-04-11,1601,Terra,MODIS,56,6.2,293.4,4.4,N,0
21.8803,92.5375,308.4,1,1,2011-04-11,1601,Terra,MODIS,75,6.2,292.2,8.4,N,0
21.8817,92.5473,315.3,1,1,2011-04-11,1601,Terra,MODIS,91,6.2,292.6,13.7,N,0
24.1944,89.2259,302,1.4,1.2,2011-04-11,1602,Terra,MODIS,46,6.2,291.2,5.9,N,0
23.2909,92.1683,303.5,1,1,2011-04-11,1602,Terra,MODIS,55,6.2,292.5,5.2,N,0
23.0423,91.9357,322.3,1.1,1,2011-04-12,0720,Aqua,MODIS,67,6.2,308.7,6.9,D,0
23.1441,91.9459,322.7,1.1,1,2011-04-12,0720,Aqua,MODIS,68,6.2,308.2,7.4,D,0
23.1428,91.9353,332.3,1.1,1,2011-04-12,0720,Aqua,MODIS,81,6.2,309.2,20,D,0
21.7586,92.5123,387.5,1.1,1,2011-04-12,0720,Aqua,MODIS,94,6.2,300,199,D,0
21.7692,92.4476,322.4,1.1,1,2011-04-12,0720,Aqua,MODIS,54,6.2,300.6,10.2,D,0
21.7516,92.386,330.6,1.1,1,2011-04-12,0720,Aqua,MODIS,80,6.2,300.2,23,D,0
21.7599,92.4489,322.9,1.1,1,2011-04-12,0720,Aqua,MODIS,65,6.2,300.3,11,D,0
21.7667,92.5011,345.6,1.1,1,2011-04-12,0720,Aqua,MODIS,74,6.2,301.1,45.9,D,0
21.768,92.5114,417.9,1.1,1,2011-04-12,0720,Aqua,MODIS,94,6.2,309.2,417.2,D,0
21.7437,92.3976,325.9,1.1,1,2011-04-12,0720,Aqua,MODIS,75,6.2,299.6,17.3,D,0
21.7573,92.5021,371.3,1.1,1,2011-04-12,0720,Aqua,MODIS,100,6.2,301.9,123.6,D,0
23.2937,92.3142,375.9,1.1,1.1,2011-04-12,0720,Aqua,MODIS,100,6.2,310.1,147.7,D,0
23.2829,92.305,334.8,1.1,1.1,2011-04-12,0720,Aqua,MODIS,84,6.2,306.7,29.3,D,0
23.2843,92.3156,369.1,1.1,1.1,2011-04-12,0720,Aqua,MODIS,100,6.2,309.5,119.8,D,0
23.2857,92.3262,343,1.1,1.1,2011-04-12,0720,Aqua,MODIS,90,6.2,306.1,43.4,D,0
23.2749,92.317,365.5,1.1,1.1,2011-04-12,0720,Aqua,MODIS,100,6.2,306.2,106.2,D,0
23.2763,92.3276,345.1,1.1,1.1,2011-04-12,0720,Aqua,MODIS,92,6.2,303.7,48.2,D,0
23.2078,92.2906,334.4,1.1,1,2011-04-12,0720,Aqua,MODIS,83,6.2,307.2,26.2,D,0
23.1675,92.3132,324.1,1.1,1,2011-04-12,0720,Aqua,MODIS,58,6.2,310.1,11.6,D,0
23.5064,91.9819,318.6,1.1,1,2011-04-12,0720,Aqua,MODIS,37,6.2,305.1,5.9,D,0
23.5051,91.9711,333,1.1,1,2011-04-12,0720,Aqua,MODIS,83,6.2,305.4,24.5,D,0
23.5277,92,323.3,1.1,1,2011-04-12,0720,Aqua,MODIS,71,6.2,305.3,12.5,D,0
21.983,92.3173,338.4,1.1,1,2011-04-12,0720,Aqua,MODIS,88,6.2,302.6,35.2,D,0
21.9908,92.3203,337.6,1.1,1,2011-04-12,0720,Aqua,MODIS,87,6.2,300.8,34,D,0
21.9894,92.3096,325.9,1.1,1,2011-04-12,0720,Aqua,MODIS,75,6.2,301.9,17.1,D,0
21.988,92.2987,323.3,1.1,1,2011-04-12,0720,Aqua,MODIS,72,6.2,301.4,14.2,D,0
22.0756,92.3177,355.8,1.1,1,2011-04-12,0720,Aqua,MODIS,98,6.2,303.3,72.5,D,0
22.0743,92.3075,346.8,1.1,1,2011-04-12,0720,Aqua,MODIS,93,6.2,304.4,50.4,D,0
22.0835,92.3323,336.6,1.1,1,2011-04-12,0720,Aqua,MODIS,86,6.2,300.3,30.1,D,0
22.0821,92.3217,334.8,1.1,1,2011-04-12,0720,Aqua,MODIS,85,6.2,303.2,27.1,D,0
22.0807,92.3112,371.3,1.1,1,2011-04-12,0720,Aqua,MODIS,100,6.2,307.7,122.4,D,0
22.0794,92.3009,327.6,1.1,1,2011-04-12,0720,Aqua,MODIS,69,6.2,304.8,15.9,D,0
22.0781,92.2906,321.8,1.1,1,2011-04-12,0720,Aqua,MODIS,43,6.2,303.1,9.3,D,0
22.0927,92.3307,382.7,1.1,1,2011-04-12,0720,Aqua,MODIS,100,6.2,305.8,173.6,D,0
22.0914,92.3202,387.3,1.1,1,2011-04-12,0720,Aqua,MODIS,100,6.2,309.4,196.7,D,0
22.9028,91.5798,319.6,1,1,2011-04-12,0720,Aqua,MODIS,53,6.2,305.1,6.5,D,0
21.7423,92.5744,392.3,1.1,1,2011-04-12,0720,Aqua,MODIS,100,6.2,303.4,229.5,D,0
21.7762,92.5743,348.3,1.1,1,2011-04-12,0720,Aqua,MODIS,94,6.2,301.7,56.4,D,0
22.8531,91.8938,326.3,1.1,1,2011-04-12,0720,Aqua,MODIS,69,6.2,310.5,9.5,D,0
22.8448,91.8912,340.9,1.1,1,2011-04-12,0720,Aqua,MODIS,89,6.2,311.2,31,D,0
22.8462,91.9015,340.9,1.1,1,2011-04-12,0720,Aqua,MODIS,89,6.2,310.3,31.5,D,0
22.8346,91.9557,326.6,1.1,1,2011-04-12,0720,Aqua,MODIS,74,6.2,308.6,12.8,D,0
22.836,91.9659,323.8,1.1,1,2011-04-12,0720,Aqua,MODIS,57,6.2,307.9,10.1,D,0
22.7647,91.9247,323,1.1,1,2011-04-12,0720,Aqua,MODIS,68,6.2,308.9,7.9,D,0
22.7603,91.9416,321.5,1.1,1,2011-04-12,0720,Aqua,MODIS,42,6.2,307.7,5.5,D,0
22.3733,92.49,331.4,1.1,1,2011-04-12,0720,Aqua,MODIS,81,6.2,306.5,21.5,D,0
22.4643,92.2917,322.8,1.1,1,2011-04-12,0720,Aqua,MODIS,69,6.2,307.2,10.2,D,0
21.7962,92.5818,371,1.1,1,2011-04-12,0720,Aqua,MODIS,100,6.2,302.1,124.4,D,0
21.8056,92.5806,340.7,1.1,1,2011-04-12,0720,Aqua,MODIS,68,6.2,300.4,37.5,D,0
21.6642,92.3425,325,1.1,1,2011-04-12,0720,Aqua,MODIS,67,6.2,300.5,12.2,D,0
21.6469,92.2822,320.1,1.1,1,2011-04-12,0720,Aqua,MODIS,17,6.2,300,7.5,D,0
21.6256,92.2638,324.5,1.1,1,2011-04-12,0720,Aqua,MODIS,69,6.2,300.8,13.5,D,0
21.6163,92.265,326.7,1.1,1,2011-04-12,0720,Aqua,MODIS,75,6.2,298.4,15.9,D,0
21.6177,92.2757,328.4,1.1,1,2011-04-12,0720,Aqua,MODIS,78,6.2,297.8,18,D,0
21.5939,92.2965,327.4,1.1,1,2011-04-12,0720,Aqua,MODIS,77,6.2,297.8,17.1,D,0
21.5847,92.2977,357.1,1.1,1,2011-04-12,0720,Aqua,MODIS,98,6.2,300.3,76.1,D,0
21.5861,92.3081,326.9,1.1,1,2011-04-12,0720,Aqua,MODIS,76,6.2,299,15.3,D,0
21.5754,92.2988,327.9,1.1,1,2011-04-12,0720,Aqua,MODIS,76,6.2,298.4,17.4,D,0
21.5767,92.309,334.6,1.1,1,2011-04-12,0720,Aqua,MODIS,84,6.2,300,26.2,D,0
21.5795,92.33,323.4,1.1,1,2011-04-12,0720,Aqua,MODIS,58,6.2,300.5,11.5,D,0
21.5809,92.3404,363.5,1.1,1,2011-04-12,0720,Aqua,MODIS,100,6.2,300.9,95.4,D,0
21.5675,92.3104,338,1.1,1,2011-04-12,0720,Aqua,MODIS,87,6.2,298.8,32.2,D,0
21.5583,92.312,325.3,1.1,1,2011-04-12,0720,Aqua,MODIS,52,6.2,298.1,12.7,D,0
21.5491,92.3137,356.3,1.1,1,2011-04-12,0720,Aqua,MODIS,98,6.2,302.8,72.8,D,0
21.5504,92.3236,379.9,1.1,1,2011-04-12,0720,Aqua,MODIS,100,6.2,300.3,157.6,D,0
21.5439,92.346,325.7,1.1,1,2011-04-12,0720,Aqua,MODIS,74,6.2,302.6,15.1,D,0
21.4999,92.2753,320.8,1.1,1,2011-04-12,0720,Aqua,MODIS,65,6.2,303.2,9.8,D,0
21.463,92.281,322.2,1.1,1,2011-04-12,0720,Aqua,MODIS,68,6.2,302,10.5,D,0
22.2823,92.0889,331.1,1.1,1,2011-04-12,0720,Aqua,MODIS,57,6.2,300.5,21.6,D,0
22.2916,92.0875,347.4,1.1,1,2011-04-12,0720,Aqua,MODIS,93,6.2,301.9,51.3,D,0
22.9985,92.313,332.5,1.1,1,2011-04-12,0720,Aqua,MODIS,82,6.2,311.5,22.7,D,0
21.4644,92.2912,319.9,1.1,1,2011-04-12,0720,Aqua,MODIS,50,6.2,299.4,7.8,D,0
21.4552,92.2926,322.4,1.1,1,2011-04-12,0720,Aqua,MODIS,40,6.2,302.4,10.1,D,0
22.9727,92.3011,323.5,1.1,1,2011-04-12,0720,Aqua,MODIS,69,6.2,307.5,10.4,D,0
22.9405,92.2737,326.5,1.1,1,2011-04-12,0720,Aqua,MODIS,74,6.2,308.4,13.5,D,0
22.9419,92.2842,323.1,1.1,1,2011-04-12,0720,Aqua,MODIS,68,6.2,306.7,9.5,D,0
22.9433,92.2947,334.1,1.1,1,2011-04-12,0720,Aqua,MODIS,83,6.2,308.4,25.3,D,0
22.9312,92.2751,339.1,1.1,1,2011-04-12,0720,Aqua,MODIS,87,6.2,308.1,32.4,D,0
23.1098,92.3111,325,1.1,1,2011-04-12,0720,Aqua,MODIS,51,6.2,310,10,D,0
23.0897,92.3033,325.9,1.1,1,2011-04-12,0720,Aqua,MODIS,58,6.2,311,11,D,0
21.8731,92.3185,319.2,1.1,1,2011-04-12,0720,Aqua,MODIS,25,6.2,299.1,8.7,D,0
21.8636,92.2469,322.5,1.1,1,2011-04-12,0720,Aqua,MODIS,38,6.2,296.9,10.5,D,0
21.8824,92.3172,334.3,1.1,1,2011-04-12,0720,Aqua,MODIS,84,6.2,298.7,28.5,D,0
21.881,92.3071,323.1,1.1,1,2011-04-12,0720,Aqua,MODIS,57,6.2,300.2,12.5,D,0
21.8797,92.2969,322.3,1.1,1,2011-04-12,0720,Aqua,MODIS,59,6.2,300.6,11.1,D,0
21.8755,92.2661,330.3,1.1,1,2011-04-12,0720,Aqua,MODIS,73,6.2,297.8,19.8,D,0
21.8714,92.2352,341,1.1,1,2011-04-12,0720,Aqua,MODIS,89,6.2,300.5,36.3,D,0
21.8701,92.225,331.8,1.1,1,2011-04-12,0720,Aqua,MODIS,75,6.2,301.7,21.5,D,0
21.8848,92.2647,352.8,1.1,1,2011-04-12,0720,Aqua,MODIS,96,6.2,300.9,63,D,0
21.8875,92.2376,336.6,1.1,1,2011-04-12,0720,Aqua,MODIS,86,6.2,299.5,28.9,D,0
21.9035,92.2876,321,1.1,1,2011-04-12,0720,Aqua,MODIS,35,6.2,302.3,9.5,D,0
21.9008,92.2671,330.9,1.1,1,2011-04-12,0720,Aqua,MODIS,76,6.2,301.9,20.3,D,0
21.8967,92.2361,353.7,1.1,1,2011-04-12,0720,Aqua,MODIS,97,6.2,302.2,65.3,D,0
21.8954,92.2259,319.8,1.1,1,2011-04-12,0720,Aqua,MODIS,19,6.2,298.8,6.8,D,0
21.9127,92.2862,348,1.1,1,2011-04-12,0720,Aqua,MODIS,94,6.2,299,53.3,D,0
21.9114,92.2759,321.6,1.1,1,2011-04-12,0720,Aqua,MODIS,46,6.2,299.9,9.1,D,0
21.922,92.2847,345.9,1.1,1,2011-04-12,0720,Aqua,MODIS,92,6.2,299,48.5,D,0
21.9206,92.2744,329.1,1.1,1,2011-04-12,0720,Aqua,MODIS,72,6.2,302.1,18.6,D,0
21.9348,92.1676,320,1.1,1,2011-04-12,0720,Aqua,MODIS,67,6.2,303.4,7.6,D,0
21.9696,92.2877,328.9,1.1,1,2011-04-12,0720,Aqua,MODIS,79,6.2,300.6,20.3,D,0
21.9655,92.257,319.5,1.1,1,2011-04-12,0720,Aqua,MODIS,38,6.2,300.1,7.6,D,0
21.9641,92.2467,364.1,1.1,1,2011-04-12,0720,Aqua,MODIS,100,6.2,303.6,97.3,D,0
21.9628,92.2364,334.9,1.1,1,2011-04-12,0720,Aqua,MODIS,85,6.2,302.6,27.5,D,0
21.9815,92.3065,342.7,1.1,1,2011-04-12,0720,Aqua,MODIS,90,6.2,301.3,42.9,D,0
21.9801,92.296,341.8,1.1,1,2011-04-12,0720,Aqua,MODIS,90,6.2,300.4,41.4,D,0
22.9325,92.2856,331.4,1.1,1,2011-04-12,0720,Aqua,MODIS,80,6.2,306,20.1,D,0
23.0533,92.294,327.8,1.1,1,2011-04-12,0720,Aqua,MODIS,58,6.2,308.6,13.9,D,0
23.0412,92.2742,324.2,1.1,1,2011-04-12,0720,Aqua,MODIS,62,6.2,308.4,10.6,D,0
23.0426,92.2847,325.9,1.1,1,2011-04-12,0720,Aqua,MODIS,70,6.2,307.6,12.5,D,0
22.9733,91.6199,320.7,1,1,2011-04-12,0720,Aqua,MODIS,60,6.2,305.4,7.1,D,0
22.6276,92.3242,340.7,1.1,1,2011-04-12,0720,Aqua,MODIS,89,6.2,312.3,34.3,D,0
21.4123,92.5262,325.1,1.1,1,2011-04-12,0720,Aqua,MODIS,48,6.2,304.2,14,D,0
21.4136,92.5363,371,1.1,1,2011-04-12,0720,Aqua,MODIS,100,6.2,304.5,123.8,D,0
21.4149,92.5463,337.3,1.1,1,2011-04-12,0720,Aqua,MODIS,86,6.2,301.5,33.4,D,0
21.403,92.5275,351.5,1.1,1,2011-04-12,0720,Aqua,MODIS,95,6.2,302.4,62.2,D,0
22.5405,92.1671,342.3,1.1,1,2011-04-12,0720,Aqua,MODIS,85,6.2,307.7,39,D,0
21.9866,92.2158,341.2,1.1,1,2011-04-12,0720,Aqua,MODIS,90,6.2,303.1,38.9,D,0
22.0646,92.2352,324.8,1.1,1,2011-04-12,0720,Aqua,MODIS,74,6.2,301.5,13.5,D,0
22.0792,92.2272,317.9,1.1,1,2011-04-12,0720,Aqua,MODIS,49,6.2,299.3,6.7,D,0
22.2194,92.2309,320.3,1.1,1,2011-04-12,0720,Aqua,MODIS,65,6.2,304.2,7.2,D,0
22.5419,92.1777,321.6,1.1,1,2011-04-12,0720,Aqua,MODIS,50,6.2,305.9,7.8,D,0
22.5156,92.1775,320.2,1.1,1,2011-04-12,0720,Aqua,MODIS,53,6.2,305.9,6.2,D,0
22.5049,92.1685,334.8,1.1,1,2011-04-12,0720,Aqua,MODIS,79,6.2,305.6,26.1,D,0
22.5063,92.179,340.5,1.1,1,2011-04-12,0720,Aqua,MODIS,77,6.2,305.6,35.6,D,0
21.4043,92.5378,320.6,1.1,1,2011-04-12,0720,Aqua,MODIS,50,6.2,303.2,9.3,D,0
21.4056,92.5479,324.5,1.1,1,2011-04-12,0720,Aqua,MODIS,71,6.2,299.1,14.8,D,0
21.4193,92.1633,320.1,1.1,1,2011-04-12,0720,Aqua,MODIS,58,6.2,301.9,9.6,D,0
21.4108,92.1609,323.4,1.1,1,2011-04-12,0720,Aqua,MODIS,70,6.2,302.1,11.6,D,0
21.3479,92.1807,324.7,1.1,1,2011-04-12,0720,Aqua,MODIS,72,6.2,301.9,14.5,D,0
23.1822,92.24,327.6,1.1,1,2011-04-12,0720,Aqua,MODIS,75,6.2,310.4,13,D,0
23.1809,92.2295,345.2,1.1,1,2011-04-12,0720,Aqua,MODIS,92,6.2,310.7,44.1,D,0
22.0283,92.4635,344.8,1.1,1,2011-04-12,0720,Aqua,MODIS,80,6.2,297.1,43.4,D,0
22.0376,92.4614,391.9,1.1,1,2011-04-12,0720,Aqua,MODIS,94,6.2,307,223.1,D,0
22.0363,92.4515,362,1.1,1,2011-04-12,0720,Aqua,MODIS,100,6.2,305.9,88,D,0
22.035,92.4414,348.4,1.1,1,2011-04-12,0720,Aqua,MODIS,94,6.2,305.2,51.7,D,0
22.0469,92.4601,333,1.1,1,2011-04-12,0720,Aqua,MODIS,58,6.2,302.6,20.8,D,0
22.0456,92.4501,335.8,1.1,1,2011-04-12,0720,Aqua,MODIS,77,6.2,304.2,25.6,D,0
22.0443,92.4398,349.2,1.1,1,2011-04-12,0720,Aqua,MODIS,94,6.2,304.5,54,D,0
22.0429,92.4295,328.9,1.1,1,2011-04-12,0720,Aqua,MODIS,79,6.2,305.6,16.4,D,0
22.0603,92.4899,362.9,1.1,1,2011-04-12,0720,Aqua,MODIS,100,6.2,301.3,95.7,D,0
22.0576,92.469,341.2,1.1,1,2011-04-12,0720,Aqua,MODIS,83,6.2,299.9,37.2,D,0
22.0683,92.4778,336.5,1.1,1,2011-04-12,0720,Aqua,MODIS,75,6.2,299,30.5,D,0
22.0669,92.4677,390.7,1.1,1,2011-04-12,0720,Aqua,MODIS,100,6.2,305.6,218,D,0
22.0656,92.4575,385.6,1.1,1,2011-04-12,0720,Aqua,MODIS,100,6.2,306.4,188.4,D,0
22.079,92.487,393.6,1.1,1,2011-04-12,0720,Aqua,MODIS,94,6.2,298,238.2,D,0
22.0776,92.4766,392.5,1.1,1,2011-04-12,0720,Aqua,MODIS,100,6.2,308,230.5,D,0
22.0763,92.4664,351,1.1,1,2011-04-12,0720,Aqua,MODIS,95,6.2,304.4,60.9,D,0
22.075,92.4562,352.8,1.1,1,2011-04-12,0720,Aqua,MODIS,96,6.2,302.9,64.2,D,0
22.0736,92.4459,382.7,1.1,1,2011-04-12,0720,Aqua,MODIS,100,6.2,306.5,173.4,D,0
22.0723,92.4356,331.9,1.1,1,2011-04-12,0720,Aqua,MODIS,82,6.2,305.1,20.6,D,0
22.0884,92.4857,349.5,1.1,1,2011-04-12,0720,Aqua,MODIS,89,6.2,302.3,59.2,D,0
22.087,92.4752,367.3,1.1,1,2011-04-12,0720,Aqua,MODIS,100,6.2,305.4,112.1,D,0
22.0856,92.4649,332.9,1.1,1,2011-04-12,0720,Aqua,MODIS,83,6.2,304.9,24.6,D,0
22.0843,92.4547,334.3,1.1,1,2011-04-12,0720,Aqua,MODIS,84,6.2,304.6,26,D,0
22.0829,92.4445,366,1.1,1,2011-04-12,0720,Aqua,MODIS,100,6.2,306.3,103.8,D,0
22.0816,92.4342,335,1.1,1,2011-04-12,0720,Aqua,MODIS,85,6.2,305,25.4,D,0
22.102,92.5163,364.1,1.1,1,2011-04-12,0720,Aqua,MODIS,94,6.2,298.2,102.6,D,0
22.0936,92.4534,344.6,1.1,1,2011-04-12,0720,Aqua,MODIS,92,6.2,304.6,45.9,D,0
22.0923,92.443,337.8,1.1,1,2011-04-12,0720,Aqua,MODIS,87,6.2,304.9,31.7,D,0
22.1077,92.5206,334.3,1.1,1,2011-04-12,0720,Aqua,MODIS,64,6.2,300.4,29.7,D,0
21.6664,92.2164,345,1.1,1,2011-04-12,0720,Aqua,MODIS,92,6.2,300,44.7,D,0
21.6571,92.2178,324.6,1.1,1,2011-04-12,0720,Aqua,MODIS,73,6.2,300.8,13.7,D,0
21.5803,92.1947,320,1.1,1,2011-04-12,0720,Aqua,MODIS,64,6.2,301.6,9,D,0
21.5449,92.2105,317.5,1.1,1,2011-04-12,0720,Aqua,MODIS,39,6.2,301.5,6.4,D,0
21.5521,92.4818,333.5,1.1,1,2011-04-12,0720,Aqua,MODIS,83,6.2,304.5,25.8,D,0
21.5508,92.4715,323.7,1.1,1,2011-04-12,0720,Aqua,MODIS,70,6.2,305.5,11.3,D,0
21.5561,92.4391,329.3,1.1,1,2011-04-12,0720,Aqua,MODIS,79,6.2,304.1,18.9,D,0
21.5547,92.4289,321.4,1.1,1,2011-04-12,0720,Aqua,MODIS,66,6.2,303.7,8.8,D,0
21.5962,92.5286,330.8,1.1,1,2011-04-12,0720,Aqua,MODIS,57,6.2,306,19.9,D,0
21.6055,92.527,370,1.1,1,2011-04-12,0720,Aqua,MODIS,100,6.2,306,119.7,D,0
21.5959,92.4539,320.1,1.1,1,2011-04-12,0720,Aqua,MODIS,56,6.2,303.5,6.3,D,0
21.6227,92.5134,334.1,1.1,1,2011-04-12,0720,Aqua,MODIS,67,6.2,296.9,25.5,D,0
21.632,92.5118,328.2,1.1,1,2011-04-12,0720,Aqua,MODIS,73,6.2,298.5,18.5,D,0
21.6292,92.4905,321.9,1.1,1,2011-04-12,0720,Aqua,MODIS,63,6.2,300.2,11.9,D,0
21.6514,92.535,323.1,1.1,1,2011-04-12,0720,Aqua,MODIS,69,6.2,298,12.1,D,0
22.4001,92.4257,327.7,1.1,1,2011-04-12,0720,Aqua,MODIS,76,6.2,304.8,13.5,D,0
22.3987,92.4152,334.9,1.1,1,2011-04-12,0720,Aqua,MODIS,84,6.2,305.8,24.6,D,0
22.4094,92.424,324.7,1.1,1,2011-04-12,0720,Aqua,MODIS,70,6.2,304.6,10.1,D,0
21.6528,92.5451,341.4,1.1,1,2011-04-12,0720,Aqua,MODIS,89,6.2,298.6,40.7,D,0
21.5976,92.5391,331.5,1.1,1,2011-04-12,0720,Aqua,MODIS,59,6.2,305.7,21,D,0
21.5937,92.5821,351.4,1.1,1,2011-04-12,0720,Aqua,MODIS,95,6.2,304.5,61.6,D,0
21.5844,92.5838,335.4,1.1,1,2011-04-12,0720,Aqua,MODIS,84,6.2,305.9,27.8,D,0
21.5709,92.5537,328.2,1.1,1,2011-04-12,0720,Aqua,MODIS,60,6.2,302.6,16.5,D,0
22.4538,92.4714,322.6,1.1,1,2011-04-12,0720,Aqua,MODIS,68,6.2,306.9,10.2,D,0
22.4656,92.3022,320.3,1.1,1,2011-04-12,0720,Aqua,MODIS,63,6.2,307.2,7.5,D,0
23.4638,92.2102,345,1.1,1,2011-04-12,0720,Aqua,MODIS,92,6.2,305.2,49.2,D,0
23.4625,92.1996,362.8,1.1,1,2011-04-12,0720,Aqua,MODIS,100,6.2,308.3,97.2,D,0
21.3697,92.4903,318.7,1.1,1,2011-04-12,0720,Aqua,MODIS,53,6.2,300.7,6.8,D,0
22.4775,92.2472,322,1.1,1,2011-04-12,0720,Aqua,MODIS,63,6.2,304.1,9.9,D,0
22.4788,92.2576,338,1.1,1,2011-04-12,0720,Aqua,MODIS,87,6.2,306.6,33,D,0
22.2736,92.2376,330.2,1.1,1,2011-04-12,0720,Aqua,MODIS,80,6.2,304.6,19.9,D,0
22.2644,92.239,345.6,1.1,1,2011-04-12,0720,Aqua,MODIS,92,6.2,305.5,47.2,D,0
22.2657,92.2495,332.2,1.1,1,2011-04-12,0720,Aqua,MODIS,82,6.2,305.3,22.4,D,0
22.2537,92.2301,357.5,1.1,1,2011-04-12,0720,Aqua,MODIS,98,6.2,308,76.8,D,0
23.3729,92.2962,327,1.1,1.1,2011-04-12,0720,Aqua,MODIS,53,6.2,308.7,13.7,D,0
23.3633,92.2215,332.3,1.1,1,2011-04-12,0720,Aqua,MODIS,82,6.2,309.2,22.7,D,0
23.3754,92.2415,375.7,1.1,1,2011-04-12,0720,Aqua,MODIS,100,6.2,312.8,143.5,D,0
23.374,92.2308,346.5,1.1,1,2011-04-12,0720,Aqua,MODIS,93,6.2,312.1,48.6,D,0
22.2551,92.2405,352.6,1.1,1,2011-04-12,0720,Aqua,MODIS,96,6.2,304.9,63.2,D,0
21.4607,92.4063,346.7,1.1,1,2011-04-12,0720,Aqua,MODIS,93,6.2,304,51.6,D,0
21.4514,92.4076,335.4,1.1,1,2011-04-12,0720,Aqua,MODIS,85,6.2,301.4,30,D,0
21.4609,92.4805,328,1.1,1,2011-04-12,0720,Aqua,MODIS,77,6.2,304.8,17.2,D,0
21.4519,92.4673,327.1,1.1,1,2011-04-12,0720,Aqua,MODIS,75,6.2,305.1,15.5,D,0
21.4533,92.4777,360.3,1.1,1,2011-04-12,0720,Aqua,MODIS,100,6.2,305.7,85.5,D,0
21.4547,92.4881,320.7,1.1,1,2011-04-12,0720,Aqua,MODIS,58,6.2,303.5,8.2,D,0
21.4213,92.451,337.3,1.1,1,2011-04-12,0720,Aqua,MODIS,86,6.2,306,31.8,D,0
21.4227,92.4614,338.6,1.1,1,2011-04-12,0720,Aqua,MODIS,87,6.2,303,33.6,D,0
21.4028,92.4537,337,1.1,1,2011-04-12,0720,Aqua,MODIS,86,6.2,305.8,30.9,D,0
21.4041,92.464,379.7,1.1,1,2011-04-12,0720,Aqua,MODIS,100,6.2,306.5,158.3,D,0
21.9138,92.4826,360.8,1.1,1,2011-04-12,0720,Aqua,MODIS,100,6.2,300.9,87.2,D,0
21.9198,92.4865,353.9,1.1,1,2011-04-12,0720,Aqua,MODIS,84,6.2,300.6,71.7,D,0
21.9503,92.5018,339.3,1.1,1,2011-04-12,0720,Aqua,MODIS,76,6.2,294.5,38.9,D,0
21.9597,92.5008,328.7,1.1,1,2011-04-12,0720,Aqua,MODIS,67,6.2,293.6,20.9,D,0
22.4692,92.1845,322.2,1.1,1,2011-04-12,0720,Aqua,MODIS,40,6.2,307.5,7.2,D,0
22.448,92.1668,332.4,1.1,1,2011-04-12,0720,Aqua,MODIS,82,6.2,307.3,18.5,D,0
22.4401,92.1786,326.4,1.1,1,2011-04-12,0720,Aqua,MODIS,66,6.2,306.6,11,D,0
22.2601,92.1344,330.2,1.1,1,2011-04-12,0720,Aqua,MODIS,80,6.2,304.1,20.2,D,0
21.9691,92.4994,326.7,1.1,1,2011-04-12,0720,Aqua,MODIS,55,6.2,296.6,18,D,0
21.4927,92.5068,370.2,1.1,1,2011-04-12,0720,Aqua,MODIS,100,6.2,298,120.8,D,0
21.4914,92.4967,367.6,1.1,1,2011-04-12,0720,Aqua,MODIS,100,6.2,306.8,110.8,D,0
21.5008,92.4956,358.2,1.1,1,2011-04-12,0720,Aqua,MODIS,99,6.2,304.7,80.1,D,0
21.5032,92.4424,354.8,1.1,1,2011-04-12,0720,Aqua,MODIS,97,6.2,306,70.1,D,0
21.5019,92.4321,319.1,1.1,1,2011-04-12,0720,Aqua,MODIS,53,6.2,301.7,6.7,D,0
21.5125,92.4411,346,1.1,1,2011-04-12,0720,Aqua,MODIS,92,6.2,303.3,48,D,0
21.5112,92.4307,331.5,1.1,1,2011-04-12,0720,Aqua,MODIS,81,6.2,300.7,21.8,D,0
21.5204,92.4293,326.3,1.1,1,2011-04-12,0720,Aqua,MODIS,75,6.2,303.5,14.7,D,0
21.5297,92.428,334.3,1.1,1,2011-04-12,0720,Aqua,MODIS,84,6.2,303.1,26.8,D,0
21.5472,92.4881,331.5,1.1,1,2011-04-12,0720,Aqua,MODIS,81,6.2,303.1,22,D,0
23.0483,91.7673,324.8,1.1,1,2011-04-12,0720,Aqua,MODIS,72,6.2,307.9,10.2,D,0
23.0496,91.7775,322,1.1,1,2011-04-12,0720,Aqua,MODIS,66,6.2,308,7,D,0
22.9938,91.7721,334.3,1.1,1,2011-04-12,0720,Aqua,MODIS,83,6.2,309,22.8,D,0
21.5459,92.478,332.3,1.1,1,2011-04-12,0720,Aqua,MODIS,81,6.2,305.5,22.8,D,0
21.97,92.3619,318.5,1.1,1,2011-04-12,0720,Aqua,MODIS,52,6.2,301.7,7.8,D,0
21.9714,92.3724,323,1.1,1,2011-04-12,0720,Aqua,MODIS,70,6.2,301.6,12.5,D,0
21.9728,92.3829,320.9,1.1,1,2011-04-12,0720,Aqua,MODIS,47,6.2,301.3,9.2,D,0
21.9741,92.3932,333.9,1.1,1,2011-04-12,0720,Aqua,MODIS,84,6.2,302.8,26,D,0
21.8772,92.3493,318,1.1,1,2011-04-12,0720,Aqua,MODIS,59,6.2,301.1,8.4,D,0
21.8786,92.3602,321.1,1.1,1,2011-04-12,0720,Aqua,MODIS,67,6.2,300.8,10.9,D,0
21.7091,92.325,323.7,1.1,1,2011-04-12,0720,Aqua,MODIS,35,6.2,301,11.8,D,0
21.6848,92.2134,359.9,1.1,1,2011-04-12,0720,Aqua,MODIS,99,6.2,302.5,84,D,0
21.6985,92.3162,356.9,1.1,1,2011-04-12,0720,Aqua,MODIS,98,6.2,302.5,74.6,D,0
21.6756,92.2149,381.3,1.1,1,2011-04-12,0720,Aqua,MODIS,100,6.2,303,162.3,D,0
21.6769,92.225,344.9,1.1,1,2011-04-12,0720,Aqua,MODIS,92,6.2,296.4,44.3,D,0
21.6879,92.3073,335.8,1.1,1,2011-04-12,0720,Aqua,MODIS,85,6.2,300.3,27.4,D,0
21.6893,92.3176,356.8,1.1,1,2011-04-12,0720,Aqua,MODIS,98,6.2,301.6,73.2,D,0
21.6708,92.3205,360.9,1.1,1,2011-04-12,0720,Aqua,MODIS,100,6.2,303.9,84.5,D,0
21.6721,92.3308,326.9,1.1,1,2011-04-12,0720,Aqua,MODIS,62,6.2,301,13.4,D,0
22.0043,92.4246,340.7,1.1,1,2011-04-12,0720,Aqua,MODIS,79,6.2,305,34.9,D,0
22.0056,92.435,379,1.1,1,2011-04-12,0720,Aqua,MODIS,100,6.2,306,153.3,D,0
21.9983,92.4321,361.3,1.1,1,2011-04-12,0720,Aqua,MODIS,100,6.2,304.9,87.6,D,0
21.9997,92.4426,324.2,1.1,1,2011-04-12,0720,Aqua,MODIS,40,6.2,299,9.2,D,0
22.001,92.4528,331.1,1.1,1,2011-04-12,0720,Aqua,MODIS,79,6.2,300.7,19.5,D,0
22.0024,92.4634,335.1,1.1,1,2011-04-12,0720,Aqua,MODIS,70,6.2,301.3,25.5,D,0
22.005,92.4834,332.6,1.1,1,2011-04-12,0720,Aqua,MODIS,75,6.2,299.1,24,D,0
22.0065,92.494,336.8,1.1,1,2011-04-12,0720,Aqua,MODIS,86,6.2,298.7,32.3,D,0
21.9931,92.4647,326.5,1.1,1,2011-04-12,0720,Aqua,MODIS,30,6.2,300.5,13.7,D,0
21.997,92.4949,326.4,1.1,1,2011-04-12,0720,Aqua,MODIS,68,6.2,297.8,16.9,D,0
21.6511,92.3865,334.1,1.1,1,2011-04-12,0720,Aqua,MODIS,84,6.2,302.9,25.2,D,0
21.6418,92.3879,348.5,1.1,1,2011-04-12,0720,Aqua,MODIS,94,6.2,302.9,53.4,D,0
21.6432,92.3983,321.1,1.1,1,2011-04-12,0720,Aqua,MODIS,52,6.2,301.9,7.5,D,0
21.6063,92.3893,319.1,1.1,1,2011-04-12,0720,Aqua,MODIS,50,6.2,302.2,7,D,0
21.6077,92.3996,318.2,1.1,1,2011-04-12,0720,Aqua,MODIS,50,6.2,299.3,5.4,D,0
21.597,92.3907,337.3,1.1,1,2011-04-12,0720,Aqua,MODIS,86,6.2,302.5,31.6,D,0
21.5984,92.4011,342.7,1.1,1,2011-04-12,0720,Aqua,MODIS,90,6.2,301.4,41,D,0
21.56,92.3965,326.6,1.1,1,2011-04-12,0720,Aqua,MODIS,67,6.2,300.8,14.7,D,0
21.548,92.3771,328.1,1.1,1,2011-04-12,0720,Aqua,MODIS,58,6.2,302.2,16.1,D,0
21.5493,92.3875,330,1.1,1,2011-04-12,0720,Aqua,MODIS,75,6.2,301.3,18.9,D,0
21.5507,92.3979,331.9,1.1,1,2011-04-12,0720,Aqua,MODIS,82,6.2,302.6,21.6,D,0
21.5306,92.364,347.9,1.1,1,2011-04-12,0720,Aqua,MODIS,93,6.2,301.2,52.9,D,0
21.5199,92.3548,334.7,1.1,1,2011-04-12,0720,Aqua,MODIS,84,6.2,301.6,27.5,D,0
22.4551,92.4818,335.6,1.1,1,2011-04-12,0720,Aqua,MODIS,85,6.2,307.7,29.2,D,0
21.7826,92.4773,329.6,1.1,1,2011-04-12,0720,Aqua,MODIS,79,6.2,300.6,19.1,D,0
21.7794,92.3815,323.3,1.1,1,2011-04-12,0720,Aqua,MODIS,71,6.2,299.9,14.1,D,0
21.8052,92.5052,361.7,1.1,1,2011-04-12,0720,Aqua,MODIS,75,6.2,297,88.6,D,0
21.8039,92.495,342.5,1.1,1,2011-04-12,0720,Aqua,MODIS,58,6.2,299,39.5,D,0
21.8012,92.4743,331.4,1.1,1,2011-04-12,0720,Aqua,MODIS,76,6.2,301.3,21.6,D,0
21.7998,92.4637,325.2,1.1,1,2011-04-12,0720,Aqua,MODIS,59,6.2,300.9,13.1,D,0
21.8105,92.4729,333.5,1.1,1,2011-04-12,0720,Aqua,MODIS,53,6.2,300.5,24.5,D,0
21.8212,92.4819,344.6,1.1,1,2011-04-12,0720,Aqua,MODIS,79,6.2,299.5,44.5,D,0
21.8198,92.4716,337.5,1.1,1,2011-04-12,0720,Aqua,MODIS,65,6.2,297,30.6,D,0
21.8285,92.4847,335.7,1.1,1,2011-04-12,0720,Aqua,MODIS,68,6.2,300.5,29.8,D,0
23.3683,92.1124,321.2,1.1,1,2011-04-12,0720,Aqua,MODIS,66,6.2,305.4,9.7,D,0
23.3669,92.1018,320.6,1.1,1,2011-04-12,0720,Aqua,MODIS,65,6.2,305.1,9.3,D,0
23.4149,92.1053,319.9,1.1,1,2011-04-12,0720,Aqua,MODIS,63,6.2,305.7,8,D,0
21.8245,92.4536,345.3,1.1,1,2011-04-12,0720,Aqua,MODIS,92,6.2,300,46.3,D,0
21.8444,92.461,353.2,1.1,1,2011-04-12,0720,Aqua,MODIS,84,6.2,295.5,65,D,0
21.8431,92.4508,369.3,1.1,1,2011-04-12,0720,Aqua,MODIS,94,6.2,301.6,116,D,0
21.844,92.3129,335.5,1.1,1,2011-04-12,0720,Aqua,MODIS,85,6.2,298.7,30,D,0
21.8201,92.2746,329.5,1.1,1,2011-04-12,0720,Aqua,MODIS,80,6.2,301.1,20.5,D,0
21.8241,92.3055,326.2,1.1,1,2011-04-12,0720,Aqua,MODIS,45,6.2,300,14.5,D,0
21.8255,92.3158,324.9,1.1,1,2011-04-12,0720,Aqua,MODIS,54,6.2,300.9,13.9,D,0
21.8162,92.3172,334.5,1.1,1,2011-04-12,0720,Aqua,MODIS,84,6.2,300.2,27.2,D,0
21.8002,92.2672,319.3,1.1,1,2011-04-12,0720,Aqua,MODIS,52,6.2,300.4,8.4,D,0
21.7909,92.2543,332.6,1.1,1,2011-04-12,0720,Aqua,MODIS,83,6.2,299.8,24.4,D,0
21.8019,92.3366,320.1,1.1,1,2011-04-12,0720,Aqua,MODIS,65,6.2,300.4,8.4,D,0
21.7659,92.2791,325.6,1.1,1,2011-04-12,0720,Aqua,MODIS,75,6.2,300.2,15.5,D,0
21.7672,92.2893,346.4,1.1,1,2011-04-12,0720,Aqua,MODIS,93,6.2,300.2,50.8,D,0
23.3203,92.0074,333.3,1.1,1,2011-04-12,0720,Aqua,MODIS,83,6.2,305.9,23.2,D,0
23.3347,91.9995,326.2,1.1,1,2011-04-12,0720,Aqua,MODIS,75,6.2,307,13.8,D,0
23.4759,91.9388,325,1.1,1,2011-04-12,0720,Aqua,MODIS,73,6.2,306.1,11.7,D,0
23.4852,91.9374,321.4,1.1,1,2011-04-12,0720,Aqua,MODIS,62,6.2,306.5,7.2,D,0
22.1331,92.4949,319.5,1.1,1,2011-04-12,0720,Aqua,MODIS,51,6.2,301.3,8.4,D,0
21.9503,92.4286,371.1,1.1,1,2011-04-12,0720,Aqua,MODIS,100,6.2,304.4,123.4,D,0
21.941,92.43,371.5,1.1,1,2011-04-12,0720,Aqua,MODIS,100,6.2,304.4,124.5,D,0
21.9437,92.451,342.8,1.1,1,2011-04-12,0720,Aqua,MODIS,90,6.2,302.8,40.6,D,0
21.9451,92.4615,394.8,1.1,1,2011-04-12,0720,Aqua,MODIS,87,6.2,303.7,242.2,D,0
21.9303,92.4212,346.5,1.1,1,2011-04-12,0720,Aqua,MODIS,93,6.2,301.1,48.2,D,0
21.1977,92.0831,329.9,1,1,2011-04-12,0720,Aqua,MODIS,78,6.2,302.7,21.2,D,0
22.1102,92.3921,322.2,1.1,1,2011-04-12,0720,Aqua,MODIS,62,6.2,304.9,8.5,D,0
22.1619,92.3522,345,1.1,1,2011-04-12,0720,Aqua,MODIS,92,6.2,305.1,45.2,D,0
22.1987,92.3614,332.3,1.1,1,2011-04-12,0720,Aqua,MODIS,82,6.2,304.6,21.9,D,0
22.2093,92.3704,339.7,1.1,1,2011-04-12,0720,Aqua,MODIS,88,6.2,304.4,34,D,0
22.208,92.3599,328.8,1.1,1,2011-04-12,0720,Aqua,MODIS,72,6.2,304.5,15.7,D,0
22.2186,92.3689,323.6,1.1,1,2011-04-12,0720,Aqua,MODIS,46,6.2,305.8,9.6,D,0
21.7507,92.5244,322.7,1.1,1,2011-04-12,0720,Aqua,MODIS,42,6.2,289.8,10.5,D,0
21.7694,92.522,427.4,1.1,1,2011-04-12,0720,Aqua,MODIS,75,6.2,303.1,512.5,D,0
21.9357,92.4628,347.8,1.1,1,2011-04-12,0720,Aqua,MODIS,81,6.2,298.1,50.6,D,0
21.9197,92.4123,330.5,1.1,1,2011-04-12,0720,Aqua,MODIS,58,6.2,302.4,19.9,D,0
21.921,92.4226,342.5,1.1,1,2011-04-12,0720,Aqua,MODIS,90,6.2,297.9,39.4,D,0
21.9171,92.4659,346.2,1.1,1,2011-04-12,0720,Aqua,MODIS,92,6.2,301.9,49.3,D,0
21.9069,92.4305,345.5,1.1,1,2011-04-12,0720,Aqua,MODIS,92,6.2,301.5,45.8,D,0
21.9111,92.4619,337.5,1.1,1,2011-04-12,0720,Aqua,MODIS,77,6.2,301.4,29.6,D,0
21.9125,92.4723,374.4,1.1,1,2011-04-12,0720,Aqua,MODIS,100,6.2,303.1,136.1,D,0
21.8976,92.432,339.8,1.1,1,2011-04-12,0720,Aqua,MODIS,88,6.2,300.9,34,D,0
21.1991,92.0931,319.4,1.1,1,2011-04-12,0720,Aqua,MODIS,57,6.2,303.4,8.4,D,0
22.1606,92.3419,327.6,1.1,1,2011-04-12,0720,Aqua,MODIS,77,6.2,305.2,14.8,D,0
22.1919,92.3093,354.3,1.1,1,2011-04-12,0720,Aqua,MODIS,97,6.2,304.4,67.2,D,0
22.1905,92.2989,327.1,1.1,1,2011-04-12,0720,Aqua,MODIS,77,6.2,303.7,15.1,D,0
22.1865,92.2677,359.1,1.1,1,2011-04-12,0720,Aqua,MODIS,99,6.2,304,82.5,D,0
22.1851,92.2573,317.8,1.1,1,2011-04-12,0720,Aqua,MODIS,57,6.2,302.3,5.5,D,0
22.1998,92.2975,337.9,1.1,1,2011-04-12,0720,Aqua,MODIS,87,6.2,303.4,31.6,D,0
22.217,92.2842,321.3,1.1,1,2011-04-12,0720,Aqua,MODIS,52,6.2,301.8,8.3,D,0
22.2277,92.2932,318.3,1.1,1,2011-04-12,0720,Aqua,MODIS,17,6.2,301.5,5.3,D,0
22.248,92.3751,344.6,1.1,1,2011-04-12,0720,Aqua,MODIS,91,6.2,304.9,45.3,D,0
22.2466,92.3647,343.5,1.1,1,2011-04-12,0720,Aqua,MODIS,91,6.2,304.9,41.6,D,0
22.2452,92.3544,328.8,1.1,1,2011-04-12,0720,Aqua,MODIS,79,6.2,304.3,16.2,D,0
22.2573,92.3737,349.3,1.1,1,2011-04-12,0720,Aqua,MODIS,94,6.2,303.4,56.4,D,0
22.2559,92.3633,340.4,1.1,1,2011-04-12,0720,Aqua,MODIS,89,6.2,303.6,36.5,D,0
22.2638,92.3514,363,1.1,1,2011-04-12,0720,Aqua,MODIS,100,6.2,304.7,95.6,D,0
22.2625,92.341,321.1,1.1,1,2011-04-12,0720,Aqua,MODIS,62,6.2,303.1,9.4,D,0
22.3113,92.3807,334.4,1.1,1,2011-04-12,0720,Aqua,MODIS,84,6.2,306.2,25.2,D,0
22.3099,92.3703,325.9,1.1,1,2011-04-12,0720,Aqua,MODIS,74,6.2,303.7,12.9,D,0
22.3206,92.3792,361.2,1.1,1,2011-04-12,0720,Aqua,MODIS,100,6.2,308.8,87.2,D,0
22.3192,92.3687,337.5,1.1,1,2011-04-12,0720,Aqua,MODIS,86,6.2,305.8,29.8,D,0
22.3231,92.3256,335.6,1.1,1,2011-04-12,0720,Aqua,MODIS,82,6.2,302.2,25.3,D,0
22.3217,92.3152,340.9,1.1,1,2011-04-12,0720,Aqua,MODIS,89,6.2,304.7,35,D,0
22.3324,92.3243,345.8,1.1,1,2011-04-12,0720,Aqua,MODIS,92,6.2,301.8,44.3,D,0
22.331,92.3139,358.1,1.1,1,2011-04-12,0720,Aqua,MODIS,99,6.2,304.8,75,D,0
22.3417,92.3229,340.8,1.1,1,2011-04-12,0720,Aqua,MODIS,89,6.2,304.9,34.3,D,0
22.3403,92.3125,339.7,1.1,1,2011-04-12,0720,Aqua,MODIS,88,6.2,305.1,31.6,D,0
22.3389,92.3021,332.5,1.1,1,2011-04-12,0720,Aqua,MODIS,69,6.2,306,18.5,D,0
22.3496,92.311,355.5,1.1,1,2011-04-12,0720,Aqua,MODIS,97,6.2,306.9,68.1,D,0
22.3482,92.3007,353.6,1.1,1,2011-04-12,0720,Aqua,MODIS,96,6.2,307.6,62.7,D,0
22.3557,92.3036,331.2,1.1,1,2011-04-12,0720,Aqua,MODIS,80,6.2,307.2,19.7,D,0
22.3544,92.2933,329.7,1.1,1,2011-04-12,0720,Aqua,MODIS,77,6.2,307.5,17.2,D,0
22.3759,92.3863,323.4,1.1,1,2011-04-12,0720,Aqua,MODIS,70,6.2,307.1,10.2,D,0
22.3664,92.3126,328.9,1.1,1,2011-04-12,0720,Aqua,MODIS,78,6.2,306.1,17.4,D,0
21.9031,92.4735,338.9,1.1,1,2011-04-12,0720,Aqua,MODIS,81,6.2,301.5,34.5,D,0
21.8883,92.4334,336.2,1.1,1,2011-04-12,0720,Aqua,MODIS,84,6.2,298.4,28.2,D,0
21.8897,92.4438,333.5,1.1,1,2011-04-12,0720,Aqua,MODIS,66,6.2,297.8,23.3,D,0
21.879,92.4348,361.1,1.1,1,2011-04-12,0720,Aqua,MODIS,100,6.2,301.9,88.4,D,0
21.8803,92.4451,332.8,1.1,1,2011-04-12,0720,Aqua,MODIS,81,6.2,298.2,23.8,D,0
21.8697,92.4362,370.6,1.1,1,2011-04-12,0720,Aqua,MODIS,100,6.2,302.7,121.6,D,0
21.871,92.4465,353.5,1.1,1,2011-04-12,0720,Aqua,MODIS,91,6.2,297.2,67.2,D,0
22.9347,92.1563,320.4,1.1,1,2011-04-12,0720,Aqua,MODIS,54,6.2,306.3,8.3,D,0
22.9284,91.9658,325.1,1.1,1,2011-04-12,0720,Aqua,MODIS,72,6.2,307.4,10.6,D,0
22.9271,91.9556,324.3,1.1,1,2011-04-12,0720,Aqua,MODIS,71,6.2,307.7,9.1,D,0
21.6711,92.4672,324.7,1.1,1,2011-04-12,0720,Aqua,MODIS,72,6.2,299.8,15.7,D,0
22.1812,92.4986,322.8,1.1,1,2011-04-12,0720,Aqua,MODIS,71,6.2,302.3,13.8,D,0
23.2923,92.3035,380.2,1.1,1.1,2011-04-12,0720,Aqua,MODIS,100,6.2,311,168,D,0
21.6697,92.4562,321,1.1,1,2011-04-12,0720,Aqua,MODIS,64,6.2,299.6,10.6,D,0
21.6805,92.4662,368,1.1,1,2011-04-12,0720,Aqua,MODIS,100,6.2,302.5,113.4,D,0
21.6791,92.4555,367.7,1.1,1,2011-04-12,0720,Aqua,MODIS,100,6.2,303.9,111.7,D,0
21.6885,92.4545,326.2,1.1,1,2011-04-12,0720,Aqua,MODIS,62,6.2,301.8,15.8,D,0
21.7174,92.3867,348.2,1.1,1,2011-04-12,0720,Aqua,MODIS,94,6.2,300.8,54.6,D,0
21.716,92.3764,322.7,1.1,1,2011-04-12,0720,Aqua,MODIS,70,6.2,300.6,11.1,D,0
21.7238,92.3904,334.1,1.1,1,2011-04-12,0720,Aqua,MODIS,84,6.2,300.6,27.3,D,0
21.7383,92.3568,349,1.1,1,2011-04-12,0720,Aqua,MODIS,94,6.2,301.9,55.7,D,0
21.7397,92.3671,327.8,1.1,1,2011-04-12,0720,Aqua,MODIS,78,6.2,300.1,17.3,D,0
21.7277,92.348,330.1,1.1,1,2011-04-12,0720,Aqua,MODIS,80,6.2,301.5,20.2,D,0
21.7291,92.3582,357.8,1.1,1,2011-04-12,0720,Aqua,MODIS,99,6.2,300.8,77.8,D,0
21.6656,92.3527,325.2,1.1,1,2011-04-12,0720,Aqua,MODIS,71,6.2,301.1,12.9,D,0
23.371,91.8452,319.9,1.1,1,2011-04-12,0720,Aqua,MODIS,62,6.2,306.1,6.9,D,0
21.7225,92.3801,334.1,1.1,1,2011-04-12,0720,Aqua,MODIS,84,6.2,300.9,26.4,D,0
21.7493,92.5136,374.9,1.1,1,2011-04-12,0720,Aqua,MODIS,94,6.2,300.5,140.3,D,0
21.7479,92.5033,330.1,1.1,1,2011-04-12,0720,Aqua,MODIS,42,6.2,300.1,19.7,D,0
23.0355,91.9434,325.2,1.1,1,2011-04-12,0720,Aqua,MODIS,73,6.2,309.7,9.8,D,0
23.087,91.9183,322.4,1.1,1,2011-04-12,0720,Aqua,MODIS,68,6.2,308,7.1,D,0
23.9431,88.7317,330.4,1,1,2011-04-12,0721,Aqua,MODIS,77,6.2,308.2,15.5,D,0
24.1905,89.2156,326.6,1,1,2011-04-12,0721,Aqua,MODIS,56,6.2,308.6,9.6,D,0
23.7307,92.1507,326.2,1.1,1,2011-04-12,0721,Aqua,MODIS,67,6.2,306.1,15.4,D,0
23.6382,92.2143,315,1.1,1,2011-04-12,0721,Aqua,MODIS,34,6.2,302.8,5.5,D,0
23.5821,91.9808,316.7,1.1,1,2011-04-12,0721,Aqua,MODIS,52,6.2,304.6,5.8,D,0
23.8673,88.6627,323.2,1,1,2011-04-12,0721,Aqua,MODIS,46,6.2,306.3,8.1,D,0
25.1409,89.7296,318.7,1,1,2011-04-12,0721,Aqua,MODIS,50,6.2,305,9.4,D,0
23.7213,92.1522,326.9,1.1,1,2011-04-12,0721,Aqua,MODIS,65,6.2,306.3,16.8,D,0
23.5866,89.5659,324.1,1.1,1,2011-04-13,0454,Terra,MODIS,73,6.2,304.9,10.2,D,0
21.9089,92.2358,316.2,1.7,1.3,2011-04-13,0454,Terra,MODIS,58,6.2,300.2,13.8,D,0
23.5883,89.5552,324.7,1.1,1,2011-04-13,0454,Terra,MODIS,74,6.2,307.8,10.9,D,0
21.6912,92.2015,317.3,1.1,1,2011-04-14,0708,Aqua,MODIS,50,6.2,297.4,5.5,D,0
21.7094,92.2597,332.3,1,1,2011-04-14,0708,Aqua,MODIS,84,6.2,300.2,22,D,0
21.7079,92.2497,332.7,1,1,2011-04-14,0708,Aqua,MODIS,84,6.2,300.6,22.6,D,0
21.7003,92.1999,322.2,1.1,1,2011-04-14,0708,Aqua,MODIS,73,6.2,299.3,10.9,D,0
21.7185,92.2581,322.6,1,1,2011-04-14,0708,Aqua,MODIS,65,6.2,298.2,10.2,D,0
21.717,92.2481,327.9,1,1,2011-04-14,0708,Aqua,MODIS,80,6.2,300.7,16.7,D,0
23.0162,92.116,341,1,1,2011-04-14,0708,Aqua,MODIS,90,6.2,301,37.3,D,0
23.515,91.9999,319.6,1,1,2011-04-14,0708,Aqua,MODIS,70,6.2,297,10.9,D,0
21.5463,92.5251,312,1,1,2011-04-14,0708,Aqua,MODIS,28,6.2,293.2,4.7,D,0
22.4449,92.244,319.3,1,1,2011-04-14,0708,Aqua,MODIS,67,6.2,299.9,7.8,D,0
21.7682,92.4031,320.6,1,1,2011-04-14,0708,Aqua,MODIS,36,6.2,295.4,10.8,D,0
22.3092,92.3213,338.3,1,1,2011-04-14,0708,Aqua,MODIS,88,6.2,301.3,31.4,D,0
22.3077,92.3113,359,1,1,2011-04-14,0708,Aqua,MODIS,99,6.2,302.5,76.4,D,0
22.9776,91.6288,319.5,1.1,1,2011-04-14,0708,Aqua,MODIS,67,6.2,300.9,7.9,D,0
22.357,92.2153,319.3,1,1,2011-04-14,0708,Aqua,MODIS,67,6.2,302.4,6.6,D,0
21.7767,92.5224,320.9,1,1,2011-04-14,0708,Aqua,MODIS,44,6.2,296.2,9.9,D,0
21.9516,92.5207,340.1,1,1,2011-04-14,0708,Aqua,MODIS,89,6.2,295,37.9,D,0
21.5602,92.3698,317.7,1,1,2011-04-14,0708,Aqua,MODIS,65,6.2,297.1,6.8,D,0
21.5587,92.3598,345.7,1,1,2011-04-14,0708,Aqua,MODIS,93,6.2,302.1,47.5,D,0
21.6516,92.3683,322.5,1,1,2011-04-14,0708,Aqua,MODIS,73,6.2,301.3,10.2,D,0
21.6501,92.3584,320.9,1,1,2011-04-14,0708,Aqua,MODIS,64,6.2,300.6,8.1,D,0
21.4768,92.2514,324.7,1.1,1,2011-04-14,0708,Aqua,MODIS,76,6.2,297.9,14.6,D,0
22.4087,92.2505,320.7,1,1,2011-04-14,0708,Aqua,MODIS,70,6.2,301.8,7.9,D,0
21.6745,92.2761,319.6,1,1,2011-04-14,0708,Aqua,MODIS,49,6.2,301.3,8.4,D,0
21.6791,92.245,321.5,1,1,2011-04-14,0708,Aqua,MODIS,63,6.2,298.1,10.3,D,0
24.1892,89.2174,332.7,1.3,1.1,2011-04-14,0708,Aqua,MODIS,63,6.2,312.9,24.5,D,0
24.0967,89.2833,331.9,1.3,1.1,2011-04-14,0708,Aqua,MODIS,78,6.2,310.8,22.2,D,0
21.9969,92.2115,318.5,1,1,2011-04-14,0708,Aqua,MODIS,65,6.2,302,5.8,D,0
21.3803,92.5857,321.1,1,1,2011-04-14,0708,Aqua,MODIS,72,6.2,300.3,12.5,D,0
21.8066,92.4812,323.2,1,1,2011-04-14,0708,Aqua,MODIS,74,6.2,303.1,10.7,D,0
21.8051,92.4715,317.6,1,1,2011-04-14,0708,Aqua,MODIS,52,6.2,299.6,4.7,D,0
21.8326,92.3451,317,1,1,2011-04-14,0708,Aqua,MODIS,49,6.2,296,7.8,D,0
22.3314,92.2301,333.5,1,1,2011-04-14,0708,Aqua,MODIS,84,6.2,302.1,23.8,D,0
22.1296,92.4159,332.4,1,1,2011-04-14,0708,Aqua,MODIS,81,6.2,302,21.3,D,0
22.1386,92.4144,337.9,1,1,2011-04-14,0708,Aqua,MODIS,88,6.2,302.2,29.4,D,0
22.1473,92.4175,318.5,1,1,2011-04-14,0708,Aqua,MODIS,48,6.2,300.9,6.4,D,0
22.1458,92.4075,323.8,1,1,2011-04-14,0708,Aqua,MODIS,51,6.2,301.1,11.1,D,0
22.1428,92.3876,323.2,1,1,2011-04-14,0708,Aqua,MODIS,74,6.2,299.8,10.5,D,0
22.1564,92.4159,317.2,1,1,2011-04-14,0708,Aqua,MODIS,21,6.2,299.8,5.3,D,0
22.3299,92.2202,321.1,1,1,2011-04-14,0708,Aqua,MODIS,70,6.2,301.5,8.5,D,0
22.0725,92.3446,331.1,1,1,2011-04-14,0708,Aqua,MODIS,82,6.2,302.7,21.7,D,0
22.4102,92.2605,318.9,1,1,2011-04-14,0708,Aqua,MODIS,66,6.2,301.6,6.2,D,0
21.9172,92.4146,393.1,1,1,2011-04-14,0708,Aqua,MODIS,100,6.2,306.1,211.3,D,0
21.9187,92.4245,361.6,1,1,2011-04-14,0708,Aqua,MODIS,100,6.2,303.6,82.4,D,0
21.9081,92.4162,340.2,1,1,2011-04-14,0708,Aqua,MODIS,89,6.2,300.9,31.9,D,0
21.8961,92.3979,324.2,1,1,2011-04-14,0708,Aqua,MODIS,75,6.2,302.2,11.1,D,0
21.8976,92.4079,328.4,1,1,2011-04-14,0708,Aqua,MODIS,80,6.2,302.3,16.1,D,0
21.6094,92.2743,328.8,1,1,2011-04-14,0708,Aqua,MODIS,80,6.2,299.8,20.6,D,0
21.6957,92.3541,324.5,1,1,2011-04-14,0708,Aqua,MODIS,70,6.2,301,12.1,D,0
21.6972,92.3641,324.1,1,1,2011-04-14,0708,Aqua,MODIS,71,6.2,298.9,12,D,0
21.6866,92.3557,324.4,1,1,2011-04-14,0708,Aqua,MODIS,46,6.2,300.5,11.8,D,0
21.4753,92.2414,327.3,1.1,1,2011-04-14,0708,Aqua,MODIS,79,6.2,297.9,17.9,D,0
21.9262,92.413,322.9,1,1,2011-04-14,0708,Aqua,MODIS,64,6.2,299.2,9.9,D,0
21.8251,92.2951,320.5,1,1,2011-04-14,0708,Aqua,MODIS,50,6.2,300.8,8.5,D,0
21.8145,92.2867,319.5,1,1,2011-04-14,0708,Aqua,MODIS,42,6.2,300.4,7.3,D,0
21.816,92.2967,337.9,1,1,2011-04-14,0708,Aqua,MODIS,88,6.2,299.5,31.5,D,0
21.8084,92.3083,338.5,1,1,2011-04-14,0708,Aqua,MODIS,88,6.2,299.5,31.8,D,0
21.7993,92.3098,329.2,1,1,2011-04-14,0708,Aqua,MODIS,81,6.2,300.2,18,D,0
21.7706,92.3047,335.4,1,1,2011-04-14,0708,Aqua,MODIS,86,6.2,300.2,26.7,D,0
21.7721,92.3147,344.9,1,1,2011-04-14,0708,Aqua,MODIS,92,6.2,300.2,43.5,D,0
21.7645,92.3262,320.8,1,1,2011-04-14,0708,Aqua,MODIS,70,6.2,299.3,8.5,D,0
21.7473,92.2633,324.1,1,1,2011-04-14,0708,Aqua,MODIS,73,6.2,299.8,11.4,D,0
21.612,92.5373,327.4,1,1,2011-04-14,0708,Aqua,MODIS,79,6.2,297.5,19,D,0
21.6453,92.5117,340.1,1,1,2011-04-14,0708,Aqua,MODIS,89,6.2,297.8,38.2,D,0
21.5824,92.5185,321.4,1,1,2011-04-14,0708,Aqua,MODIS,72,6.2,297.5,13.2,D,0
21.5839,92.5281,333.3,1,1,2011-04-14,0708,Aqua,MODIS,85,6.2,299.9,28.3,D,0
21.9277,92.4229,338.4,1,1,2011-04-14,0708,Aqua,MODIS,88,6.2,301.5,31.4,D,0
21.9157,92.4046,339.7,1,1,2011-04-14,0708,Aqua,MODIS,89,6.2,303.6,32.4,D,0
21.9501,92.5111,365.7,1,1,2011-04-14,0708,Aqua,MODIS,100,6.2,297.1,99,D,0
21.8637,92.4914,333.3,1,1,2011-04-14,0708,Aqua,MODIS,84,6.2,302.4,23,D,0
21.8652,92.5013,380.8,1,1,2011-04-14,0708,Aqua,MODIS,100,6.2,303.7,152.3,D,0
21.8667,92.5115,342.1,1,1,2011-04-14,0708,Aqua,MODIS,91,6.2,298.7,38.7,D,0
21.4013,92.6022,315.5,1,1,2011-04-14,0708,Aqua,MODIS,31,6.2,299,5.4,D,0
22.2656,92.2168,318.8,1,1,2011-04-14,0708,Aqua,MODIS,55,6.2,300.8,6.7,D,0
21.4841,92.481,318.5,1,1,2011-04-14,0708,Aqua,MODIS,67,6.2,299.2,7.7,D,0
21.4826,92.471,321.1,1,1,2011-04-14,0708,Aqua,MODIS,72,6.2,300.9,10.1,D,0
22.2747,92.2152,320.6,1,1,2011-04-14,0708,Aqua,MODIS,70,6.2,300.4,8.9,D,0
22.3223,92.2318,319,1,1,2011-04-14,0708,Aqua,MODIS,61,6.2,301.9,6.4,D,0
22.071,92.3347,318.7,1,1,2011-04-14,0708,Aqua,MODIS,66,6.2,301.1,7,D,0
21.7667,92.3928,321,1,1,2011-04-14,0708,Aqua,MODIS,40,6.2,297.3,11.4,D,0
23.3506,92.1337,317.6,1,1,2011-04-14,0708,Aqua,MODIS,61,6.2,298.9,7.6,D,0
23.4029,92.1186,342,1,1,2011-04-14,0708,Aqua,MODIS,91,6.2,298.3,39.4,D,0
23.4014,92.1087,365.8,1,1,2011-04-14,0708,Aqua,MODIS,100,6.2,300.1,98.1,D,0
23.3999,92.0987,320.6,1,1,2011-04-14,0708,Aqua,MODIS,67,6.2,298.1,9.6,D,0
23.427,92.0939,316.2,1,1,2011-04-14,0708,Aqua,MODIS,64,6.2,297.6,7.5,D,0
23.4255,92.0839,317.6,1,1,2011-04-14,0708,Aqua,MODIS,66,6.2,297.3,8.8,D,0
22.0638,92.535,320,1,1,2011-04-14,0708,Aqua,MODIS,49,6.2,301.6,9,D,0
21.7872,92.4141,337,1,1,2011-04-14,0708,Aqua,MODIS,87,6.2,302.3,32.2,D,0
21.7518,92.2932,324.5,1,1,2011-04-14,0708,Aqua,MODIS,76,6.2,299,13.3,D,0
21.7533,92.3031,321.7,1,1,2011-04-14,0708,Aqua,MODIS,33,6.2,299.5,9.7,D,0
21.3644,92.1704,317.7,1.1,1,2011-04-14,0708,Aqua,MODIS,65,6.2,296.9,6.9,D,0
24.1914,89.2304,337.5,1.3,1.1,2011-04-14,0708,Aqua,MODIS,86,6.2,312.9,34.7,D,0
22.1308,92.3083,327.9,1,1,2011-04-14,0708,Aqua,MODIS,79,6.2,301.9,17,D,0
22.1505,92.2539,317.4,1,1,2011-04-14,0708,Aqua,MODIS,62,6.2,300.8,5.8,D,0
24.2457,89.1328,328.6,1.4,1.2,2011-04-14,0709,Aqua,MODIS,69,6.2,311.4,17.4,D,0
24.2479,89.1459,351.6,1.4,1.2,2011-04-14,0709,Aqua,MODIS,95,6.2,311.5,78.6,D,0
25.3884,89.7311,315.1,1,1,2011-04-15,0441,Terra,MODIS,0,6.2,299.3,7,D,0
22.9689,92.1037,318.7,1.1,1,2011-04-15,0441,Terra,MODIS,71,6.2,294.6,11.3,D,0
22.0454,92.2788,322.3,1.1,1,2011-04-15,0442,Terra,MODIS,75,6.2,294.1,15.6,D,0
22.6095,92.4372,315.7,1.1,1,2011-04-15,0442,Terra,MODIS,63,6.2,297.2,7.3,D,0
22.047,92.2687,313.9,1.1,1,2011-04-15,0442,Terra,MODIS,59,6.2,293.4,6.7,D,0
21.9991,92.5673,313.3,1.1,1.1,2011-04-15,0442,Terra,MODIS,35,6.2,293.6,6.2,D,0
21.4548,92.3999,318.6,3.5,1.8,2011-04-15,0750,Aqua,MODIS,54,6.2,294.5,56.5,D,0
21.4528,92.4281,318.4,3.5,1.8,2011-04-15,0750,Aqua,MODIS,70,6.2,294.3,57.5,D,0
21.4582,92.436,318.8,3.5,1.8,2011-04-15,0750,Aqua,MODIS,67,6.2,294.4,58.7,D,0
21.4136,92.4748,316.1,3.6,1.8,2011-04-15,0750,Aqua,MODIS,59,6.2,293.3,46.7,D,0
21.4558,92.4628,316.4,3.6,1.8,2011-04-15,0750,Aqua,MODIS,53,6.2,292.5,46.7,D,0
21.6992,92.3536,318.3,3.5,1.8,2011-04-15,0751,Aqua,MODIS,62,6.2,290.1,50.4,D,0
22.0168,92.3357,326.7,3.5,1.8,2011-04-15,0751,Aqua,MODIS,52,6.2,277.6,121.2,D,0
21.6908,92.3592,328.1,3.5,1.8,2011-04-15,0751,Aqua,MODIS,81,6.2,289.6,112.7,D,0
21.8962,92.4632,334.6,3.6,1.8,2011-04-15,0751,Aqua,MODIS,75,6.2,285.8,176.1,D,0
21.8878,92.4594,331.8,3.6,1.8,2011-04-15,0751,Aqua,MODIS,84,6.2,286.6,151,D,0
21.9395,92.313,317.2,3.5,1.8,2011-04-15,0751,Aqua,MODIS,39,6.2,281.2,63.9,D,0
22.0197,92.3697,332.6,3.6,1.8,2011-04-15,0751,Aqua,MODIS,63,6.2,279.4,168.7,D,0
21.7019,92.386,324.2,3.5,1.8,2011-04-15,0751,Aqua,MODIS,73,6.2,290.2,88.7,D,0
21.9188,92.3587,333,3.5,1.8,2011-04-15,0751,Aqua,MODIS,85,6.2,282.8,165.7,D,0
21.911,92.3532,327,3.5,1.8,2011-04-15,0751,Aqua,MODIS,73,6.2,284.8,117.3,D,0
21.584,92.5482,316.8,3.6,1.8,2011-04-15,0751,Aqua,MODIS,67,6.2,293.8,56.3,D,0
21.7653,92.3791,319.2,3.5,1.8,2011-04-15,0751,Aqua,MODIS,68,6.2,291.3,63.2,D,0
25.0987,89.6056,316.5,2.4,1.5,2011-04-15,0752,Aqua,MODIS,0,6.2,300.2,27.5,D,0
21.8813,92.4569,334.4,1.4,1.2,2011-04-16,0655,Aqua,MODIS,84,6.2,299.9,40.2,D,0
21.8661,92.431,342.7,1.4,1.2,2011-04-16,0655,Aqua,MODIS,90,6.2,303,60,D,0
21.4064,92.4188,343.2,1.5,1.2,2011-04-16,0655,Aqua,MODIS,91,6.2,280.1,75,D,0
21.75,92.5452,368.9,1.4,1.2,2011-04-16,0655,Aqua,MODIS,94,6.2,303.2,172.3,D,0
21.417,92.4164,331.2,1.5,1.2,2011-04-16,0655,Aqua,MODIS,82,6.2,277.9,40.8,D,0
21.4748,92.4328,352.5,1.5,1.2,2011-04-16,0655,Aqua,MODIS,91,6.2,297.1,103.2,D,0
21.4725,92.4188,357,1.5,1.2,2011-04-16,0655,Aqua,MODIS,93,6.2,295.9,123.4,D,0
21.5174,92.3314,342.2,1.5,1.2,2011-04-16,0655,Aqua,MODIS,90,6.2,296.3,69.5,D,0
21.515,92.317,337.8,1.5,1.2,2011-04-16,0655,Aqua,MODIS,87,6.2,298.2,57.1,D,0
21.5132,92.2425,320.5,1.5,1.2,2011-04-16,0655,Aqua,MODIS,67,6.2,299.2,16.8,D,0
21.6517,92.2551,321.7,1.5,1.2,2011-04-16,0655,Aqua,MODIS,48,6.2,298.1,16.2,D,0
21.6656,92.2464,329.4,1.5,1.2,2011-04-16,0655,Aqua,MODIS,80,6.2,299.5,32.3,D,0
21.6322,92.4638,355.1,1.5,1.2,2011-04-16,0655,Aqua,MODIS,97,6.2,298.5,111.9,D,0
21.6435,92.53,338.3,1.4,1.2,2011-04-16,0655,Aqua,MODIS,87,6.2,303.4,51.3,D,0
21.5638,92.538,330.8,1.4,1.2,2011-04-16,0655,Aqua,MODIS,81,6.2,294.4,37.3,D,0
21.646,92.5442,329.8,1.4,1.2,2011-04-16,0655,Aqua,MODIS,78,6.2,304.1,30.3,D,0
21.6716,92.5675,341.9,1.4,1.2,2011-04-16,0655,Aqua,MODIS,90,6.2,301.6,64,D,0
21.7524,92.5592,358.4,1.4,1.2,2011-04-16,0655,Aqua,MODIS,93,6.2,302.3,121.5,D,0
21.7418,92.5607,320.2,1.4,1.2,2011-04-16,0655,Aqua,MODIS,15,6.2,293.5,14.5,D,0
21.2873,92.6106,336.8,1.4,1.2,2011-04-16,0655,Aqua,MODIS,87,6.2,300.8,53.5,D,0
22.016,92.4173,322.7,1.4,1.2,2011-04-16,0655,Aqua,MODIS,69,6.2,302.2,15.7,D,0
21.7922,92.4456,328.2,1.4,1.2,2011-04-16,0655,Aqua,MODIS,77,6.2,302.1,27,D,0
21.817,92.3992,338.3,1.5,1.2,2011-04-16,0655,Aqua,MODIS,87,6.2,299,53.3,D,0
21.8275,92.3966,324.1,1.5,1.2,2011-04-16,0655,Aqua,MODIS,36,6.2,299.9,21.1,D,0
21.8498,92.4636,324.9,1.4,1.2,2011-04-16,0655,Aqua,MODIS,70,6.2,301.9,19.5,D,0
21.838,92.394,335.7,1.5,1.2,2011-04-16,0655,Aqua,MODIS,85,6.2,301.5,46.2,D,0
21.8525,92.3504,322.1,1.5,1.2,2011-04-16,0655,Aqua,MODIS,55,6.2,297.3,20,D,0
21.2896,92.6241,335.5,1.4,1.2,2011-04-16,0655,Aqua,MODIS,86,6.2,298.1,49.8,D,0
21.7455,92.3902,323.6,1.5,1.2,2011-04-16,0655,Aqua,MODIS,65,6.2,299.7,19.7,D,0
21.6925,92.5625,336.9,1.4,1.2,2011-04-16,0655,Aqua,MODIS,86,6.2,302.9,46.6,D,0
21.5708,92.4507,320.8,1.5,1.2,2011-04-16,0655,Aqua,MODIS,54,6.2,302.2,11.9,D,0
21.5732,92.4646,358.4,1.5,1.2,2011-04-16,0655,Aqua,MODIS,99,6.2,303.3,123.8,D,0
21.5848,92.5334,315.3,1.4,1.2,2011-04-16,0655,Aqua,MODIS,25,6.2,295.2,7.3,D,0
21.7481,92.4058,325.4,1.5,1.2,2011-04-16,0655,Aqua,MODIS,47,6.2,299.2,21.9,D,0
21.7525,92.4316,327.1,1.5,1.2,2011-04-16,0655,Aqua,MODIS,70,6.2,300.8,24.4,D,0
21.5578,92.4385,351.2,1.5,1.2,2011-04-16,0655,Aqua,MODIS,95,6.2,303.7,92.5,D,0
21.7547,92.4445,323.7,1.5,1.2,2011-04-16,0655,Aqua,MODIS,49,6.2,301.8,16.7,D,0
22.0256,92.251,326.5,1.5,1.2,2011-04-16,0655,Aqua,MODIS,39,6.2,298.4,24.3,D,0
22.0282,92.2657,336.4,1.5,1.2,2011-04-16,0655,Aqua,MODIS,84,6.2,298.9,47.6,D,0
22.0309,92.281,326.6,1.5,1.2,2011-04-16,0655,Aqua,MODIS,27,6.2,297.7,25,D,0
22.0326,92.2562,330.7,1.5,1.2,2011-04-16,0655,Aqua,MODIS,66,6.2,299.4,33.2,D,0
22.0245,92.2736,323.2,1.5,1.2,2011-04-16,0655,Aqua,MODIS,27,6.2,296.4,17.6,D,0
21.7348,92.3921,331.6,1.5,1.2,2011-04-16,0655,Aqua,MODIS,62,6.2,299.2,33.9,D,0
21.2768,92.6127,337.7,1.4,1.2,2011-04-16,0655,Aqua,MODIS,87,6.2,298.8,56.1,D,0
21.6629,92.2313,320.4,1.5,1.2,2011-04-16,0655,Aqua,MODIS,59,6.2,298.8,14.8,D,0
22.0536,92.5115,321.6,1.4,1.2,2011-04-16,0655,Aqua,MODIS,28,6.2,297,18.1,D,0
22.0559,92.5251,333.9,1.4,1.2,2011-04-16,0655,Aqua,MODIS,63,6.2,299.2,44.9,D,0
22.028,92.4878,320.7,1.4,1.2,2011-04-16,0655,Aqua,MODIS,36,6.2,300.1,15,D,0
22.0657,92.2281,324.9,1.5,1.2,2011-04-16,0655,Aqua,MODIS,74,6.2,299.2,23.6,D,0
21.9934,92.22,319.8,1.5,1.2,2011-04-16,0655,Aqua,MODIS,63,6.2,300.6,13.4,D,0
21.9827,92.2221,317.7,1.5,1.2,2011-04-16,0655,Aqua,MODIS,46,6.2,300,9.8,D,0
21.3832,92.4996,374,1.5,1.2,2011-04-16,0655,Aqua,MODIS,100,6.2,288.1,218.1,D,0
21.4174,92.5077,354.1,1.5,1.2,2011-04-16,0655,Aqua,MODIS,97,6.2,280.7,113.2,D,0
21.4281,92.5059,354.3,1.5,1.2,2011-04-16,0655,Aqua,MODIS,97,6.2,282.2,112.1,D,0
21.4233,92.5156,326.9,1.5,1.2,2011-04-16,0655,Aqua,MODIS,27,6.2,280.6,32.4,D,0
21.4209,92.5016,342.2,1.5,1.2,2011-04-16,0655,Aqua,MODIS,89,6.2,282.9,69.6,D,0
21.4339,92.5135,323.4,1.5,1.2,2011-04-16,0655,Aqua,MODIS,34,6.2,281.1,26.6,D,0
21.4314,92.4995,345.2,1.5,1.2,2011-04-16,0655,Aqua,MODIS,92,6.2,282.2,79.1,D,0
21.9952,92.2953,326.4,1.5,1.2,2011-04-16,0655,Aqua,MODIS,50,6.2,295.4,24.4,D,0
21.7111,92.3818,351.4,1.5,1.2,2011-04-16,0655,Aqua,MODIS,95,6.2,300.8,92.7,D,0
21.7006,92.384,353.9,1.5,1.2,2011-04-16,0655,Aqua,MODIS,97,6.2,300.5,101.2,D,0
21.7029,92.3978,345.6,1.5,1.2,2011-04-16,0655,Aqua,MODIS,92,6.2,300.4,70.8,D,0
21.7055,92.4126,351.3,1.5,1.2,2011-04-16,0655,Aqua,MODIS,95,6.2,301.5,91.8,D,0
21.7081,92.4279,348.2,1.5,1.2,2011-04-16,0655,Aqua,MODIS,94,6.2,301.2,83,D,0
21.7104,92.441,330.4,1.5,1.2,2011-04-16,0655,Aqua,MODIS,73,6.2,300.9,34.7,D,0
21.9974,92.3079,327.7,1.5,1.2,2011-04-16,0655,Aqua,MODIS,35,6.2,297,26.4,D,0
21.9819,92.2818,345.6,1.5,1.2,2011-04-16,0655,Aqua,MODIS,87,6.2,299.3,77,D,0
21.9845,92.2971,326.7,1.5,1.2,2011-04-16,0655,Aqua,MODIS,70,6.2,297.4,26.3,D,0
21.6923,92.3999,347.3,1.5,1.2,2011-04-16,0655,Aqua,MODIS,87,6.2,300.5,76.5,D,0
21.6817,92.4019,356.4,1.5,1.2,2011-04-16,0655,Aqua,MODIS,98,6.2,299.1,111.3,D,0
21.686,92.3934,365.9,1.5,1.2,2011-04-16,0655,Aqua,MODIS,100,6.2,302.1,159.6,D,0
21.6883,92.4075,364.3,1.5,1.2,2011-04-16,0655,Aqua,MODIS,94,6.2,299.9,150.6,D,0
21.5163,92.3889,324,1.5,1.2,2011-04-16,0655,Aqua,MODIS,70,6.2,298.8,21.7,D,0
21.5141,92.3759,320.8,1.5,1.2,2011-04-16,0655,Aqua,MODIS,67,6.2,298.9,17.1,D,0
21.5353,92.371,331.5,1.5,1.2,2011-04-16,0655,Aqua,MODIS,62,6.2,300.4,35,D,0
21.5565,92.3662,321.8,1.5,1.2,2011-04-16,0655,Aqua,MODIS,68,6.2,300.3,16.7,D,0
22.0081,92.5615,329.5,1.4,1.2,2011-04-16,0655,Aqua,MODIS,68,6.2,298.8,33.1,D,0
21.9937,92.3505,328.4,1.5,1.2,2011-04-16,0655,Aqua,MODIS,78,6.2,301.2,30.5,D,0
21.5448,92.4263,344.7,1.5,1.2,2011-04-16,0655,Aqua,MODIS,92,6.2,302.8,69.6,D,0
21.5472,92.4406,327.9,1.5,1.2,2011-04-16,0655,Aqua,MODIS,76,6.2,301.6,24.5,D,0
21.4984,92.4427,332.6,1.5,1.2,2011-04-16,0655,Aqua,MODIS,83,6.2,299.3,40.3,D,0
21.9914,92.3368,328,1.5,1.2,2011-04-16,0655,Aqua,MODIS,55,6.2,300,29,D,0
21.9532,92.243,321.3,1.5,1.2,2011-04-16,0655,Aqua,MODIS,67,6.2,299.4,16.8,D,0
21.8545,92.2683,321.3,1.5,1.2,2011-04-16,0655,Aqua,MODIS,23,6.2,299.9,14.4,D,0
21.8414,92.2562,320.8,1.5,1.2,2011-04-16,0655,Aqua,MODIS,35,6.2,300.5,13.4,D,0
21.8438,92.2704,319.4,1.5,1.2,2011-04-16,0655,Aqua,MODIS,19,6.2,299.8,11.6,D,0
21.8379,92.2634,322.3,1.5,1.2,2011-04-16,0655,Aqua,MODIS,58,6.2,300.4,16.7,D,0
21.7606,92.2842,316.9,1.5,1.2,2011-04-16,0655,Aqua,MODIS,48,6.2,299.8,7.6,D,0
21.9245,92.3556,316.5,1.5,1.2,2011-04-16,0655,Aqua,MODIS,28,6.2,296.7,11.5,D,0
21.9375,92.3674,344.4,1.5,1.2,2011-04-16,0655,Aqua,MODIS,91,6.2,299.1,72.9,D,0
21.9351,92.3535,336.1,1.5,1.2,2011-04-16,0655,Aqua,MODIS,85,6.2,299.8,50.9,D,0
21.9481,92.3654,336.1,1.5,1.2,2011-04-16,0655,Aqua,MODIS,85,6.2,300.3,49,D,0
21.9457,92.3513,334,1.5,1.2,2011-04-16,0655,Aqua,MODIS,83,6.2,299.3,45.4,D,0
21.9514,92.359,328.7,1.5,1.2,2011-04-16,0655,Aqua,MODIS,78,6.2,299.7,32.5,D,0
21.9458,92.4814,394.2,1.4,1.2,2011-04-16,0655,Aqua,MODIS,94,6.2,301.2,356.8,D,0
21.368,92.6021,327.9,1.4,1.2,2011-04-16,0655,Aqua,MODIS,79,6.2,290.4,35.5,D,0
21.6429,92.4622,337.3,1.5,1.2,2011-04-16,0655,Aqua,MODIS,86,6.2,298.1,54.3,D,0
21.6296,92.4484,338.7,1.5,1.2,2011-04-16,0655,Aqua,MODIS,87,6.2,299.8,54.9,D,0
21.9343,92.2613,328.1,1.5,1.2,2011-04-16,0655,Aqua,MODIS,62,6.2,298,28.3,D,0
21.9209,92.2695,319.7,1.5,1.2,2011-04-16,0655,Aqua,MODIS,18,6.2,296.7,12.9,D,0
21.9233,92.284,322.1,1.5,1.2,2011-04-16,0655,Aqua,MODIS,50,6.2,297,18.2,D,0
21.903,92.2293,335.8,1.5,1.2,2011-04-16,0655,Aqua,MODIS,85,6.2,301,45.6,D,0
21.9054,92.2435,348.7,1.5,1.2,2011-04-16,0655,Aqua,MODIS,94,6.2,300.2,86,D,0
21.884,92.2475,322,1.5,1.2,2011-04-16,0655,Aqua,MODIS,68,6.2,299.7,16.4,D,0
21.8865,92.2617,324.3,1.5,1.2,2011-04-16,0655,Aqua,MODIS,72,6.2,299.1,21.5,D,0
21.7887,92.4521,326.8,1.4,1.2,2011-04-16,0655,Aqua,MODIS,76,6.2,302.1,22.4,D,0
21.7863,92.4378,322.8,1.5,1.2,2011-04-16,0655,Aqua,MODIS,54,6.2,302.1,15.6,D,0
21.9707,92.4701,326.4,1.4,1.2,2011-04-16,0655,Aqua,MODIS,66,6.2,301.4,22.6,D,0
21.9668,92.4773,329.3,1.4,1.2,2011-04-16,0655,Aqua,MODIS,75,6.2,300.5,28.6,D,0
21.9469,92.4233,334.4,1.4,1.2,2011-04-16,0655,Aqua,MODIS,84,6.2,301.2,41.5,D,0
21.9493,92.4376,323.2,1.4,1.2,2011-04-16,0655,Aqua,MODIS,55,6.2,300.9,16.4,D,0
21.9434,92.4669,385.3,1.4,1.2,2011-04-16,0655,Aqua,MODIS,94,6.2,304.7,279.9,D,0
21.886,92.4494,335.1,1.4,1.2,2011-04-16,0655,Aqua,MODIS,80,6.2,302.5,40.7,D,0
21.8883,92.4631,346,1.4,1.2,2011-04-16,0655,Aqua,MODIS,92,6.2,301.8,73.4,D,0
21.8907,92.4769,367.6,1.4,1.2,2011-04-16,0655,Aqua,MODIS,94,6.2,300.2,167.5,D,0
21.8682,92.4097,350.4,1.5,1.2,2011-04-16,0655,Aqua,MODIS,95,6.2,306.2,88,D,0
21.8706,92.4237,371.9,1.4,1.2,2011-04-16,0655,Aqua,MODIS,100,6.2,306.4,190.1,D,0
21.8743,92.4151,361.3,1.5,1.2,2011-04-16,0655,Aqua,MODIS,100,6.2,304.8,135,D,0
21.8767,92.4289,327.5,1.4,1.2,2011-04-16,0655,Aqua,MODIS,77,6.2,303.5,23.4,D,0
21.8637,92.4169,383.5,1.5,1.2,2011-04-16,0655,Aqua,MODIS,100,6.2,307.8,270.3,D,0
22.6528,92.4155,318.8,1.4,1.2,2011-04-16,0656,Aqua,MODIS,65,6.2,303.3,10.1,D,0
22.1027,92.2512,317.7,1.5,1.2,2011-04-16,0656,Aqua,MODIS,57,6.2,299,11.9,D,0
22.748,91.8932,320.8,1.5,1.2,2011-04-16,0656,Aqua,MODIS,69,6.2,300.6,15,D,0
22.7505,91.9078,318.6,1.5,1.2,2011-04-16,0656,Aqua,MODIS,47,6.2,300,10.8,D,0
22.734,91.941,324.7,1.5,1.2,2011-04-16,0656,Aqua,MODIS,75,6.2,298.2,24.7,D,0
22.7136,92.041,316.3,1.5,1.2,2011-04-16,0656,Aqua,MODIS,49,6.2,296.6,12.1,D,0
22.4353,92.2893,321.5,1.4,1.2,2011-04-16,0656,Aqua,MODIS,70,6.2,302,15.2,D,0
23.3441,92.129,318.3,1.4,1.2,2011-04-16,0656,Aqua,MODIS,68,6.2,302,14.3,D,0
22.3686,92.3794,332.9,1.4,1.2,2011-04-16,0656,Aqua,MODIS,83,6.2,304.3,35.7,D,0
22.1633,92.2608,319.5,1.5,1.2,2011-04-16,0656,Aqua,MODIS,60,6.2,301.1,12.5,D,0
22.1609,92.2468,334.9,1.5,1.2,2011-04-16,0656,Aqua,MODIS,85,6.2,301.5,45.4,D,0
22.1811,92.3006,321,1.5,1.2,2011-04-16,0656,Aqua,MODIS,68,6.2,302,13.5,D,0
22.2164,92.2503,343,1.5,1.2,2011-04-16,0656,Aqua,MODIS,91,6.2,301.5,67.2,D,0
22.1816,92.5568,319.7,1.4,1.2,2011-04-16,0656,Aqua,MODIS,36,6.2,297.8,14.1,D,0
22.2047,92.4394,319.2,1.4,1.2,2011-04-16,0656,Aqua,MODIS,39,6.2,294.7,15,D,0
22.2122,92.2591,328.7,1.5,1.2,2011-04-16,0656,Aqua,MODIS,79,6.2,301,29.4,D,0
22.2097,92.2452,324.6,1.5,1.2,2011-04-16,0656,Aqua,MODIS,75,6.2,301.9,21.2,D,0
22.392,92.2606,321.7,1.5,1.2,2011-04-16,0656,Aqua,MODIS,70,6.2,301.3,14.5,D,0
22.4026,92.2585,328.1,1.5,1.2,2011-04-16,0656,Aqua,MODIS,74,6.2,303,25.4,D,0
22.3962,92.2531,327.9,1.5,1.2,2011-04-16,0656,Aqua,MODIS,79,6.2,302,25.5,D,0
22.4385,92.2446,323.3,1.5,1.2,2011-04-16,0656,Aqua,MODIS,73,6.2,303.7,19,D,0
22.632,92.2933,335.2,1.4,1.2,2011-04-16,0656,Aqua,MODIS,85,6.2,300.3,43.9,D,0
22.911,92.3052,328.6,1.4,1.2,2011-04-16,0656,Aqua,MODIS,80,6.2,300.7,29.6,D,0
22.9086,92.2911,353.9,1.4,1.2,2011-04-16,0656,Aqua,MODIS,97,6.2,303.9,103.1,D,0
22.9214,92.3029,347.1,1.4,1.2,2011-04-16,0656,Aqua,MODIS,93,6.2,301.7,77,D,0
22.919,92.2888,337.4,1.4,1.2,2011-04-16,0656,Aqua,MODIS,87,6.2,303.5,48.9,D,0
22.9318,92.3004,336.9,1.4,1.2,2011-04-16,0656,Aqua,MODIS,87,6.2,303,46.9,D,0
22.9295,92.2866,327.1,1.4,1.2,2011-04-16,0656,Aqua,MODIS,78,6.2,303.4,25.1,D,0
22.9491,92.3392,320.3,1.4,1.2,2011-04-16,0656,Aqua,MODIS,68,6.2,302.2,14.7,D,0
22.9468,92.3254,319,1.4,1.2,2011-04-16,0656,Aqua,MODIS,66,6.2,301.9,12.4,D,0
25.4681,89.6552,321.8,1.9,1.3,2011-04-16,0657,Aqua,MODIS,0,6.2,300.8,29.9,D,0
21.2831,92.6232,307.4,1.3,1.1,2011-04-16,1620,Terra,MODIS,71,6.2,294,8.8,N,0
21.2816,92.6106,309.3,1.3,1.1,2011-04-16,1620,Terra,MODIS,77,6.2,294,10.7,N,0
21.9759,92.5434,306.2,1.3,1.1,2011-04-16,1620,Terra,MODIS,67,6.2,293.1,8.5,N,0
22.0387,92.5512,336.3,1,1,2011-04-17,0429,Terra,MODIS,86,6.2,303.7,27,D,0
22.0401,92.5414,322,1,1,2011-04-17,0429,Terra,MODIS,66,6.2,302.6,9,D,0
21.7242,92.4954,321.6,1,1,2011-04-17,0430,Terra,MODIS,69,6.2,303.2,9.2,D,0
21.282,92.6253,322.3,1,1,2011-04-17,0430,Terra,MODIS,70,6.2,303.2,10.7,D,0
21.2834,92.6157,335.3,1,1,2011-04-17,0430,Terra,MODIS,85,6.2,304.1,27,D,0
21.2745,92.6143,318.5,1,1,2011-04-17,0430,Terra,MODIS,49,6.2,301.7,7.4,D,0
21.2731,92.6239,318.3,1,1,2011-04-17,0430,Terra,MODIS,47,6.2,303,7,D,0
21.7256,92.4858,336.3,1,1,2011-04-17,0430,Terra,MODIS,86,6.2,305.5,27.4,D,0
22.0994,92.2906,326.3,2.1,1.4,2011-04-17,0738,Aqua,MODIS,60,6.2,299.8,36.4,D,0
22.0972,92.2706,327.2,2.1,1.4,2011-04-17,0738,Aqua,MODIS,63,6.2,300.2,38.9,D,0
22.1018,92.3051,332.5,2.1,1.4,2011-04-17,0738,Aqua,MODIS,81,6.2,299,60.6,D,0
22.0998,92.2853,324.9,2.1,1.4,2011-04-17,0738,Aqua,MODIS,70,6.2,299.8,33.7,D,0
22.0977,92.2647,323.4,2.1,1.4,2011-04-17,0738,Aqua,MODIS,67,6.2,300.1,29.2,D,0
22.1603,92.5002,318.1,2.1,1.4,2011-04-17,0738,Aqua,MODIS,46,6.2,300.7,17.8,D,0
21.7433,92.3529,348.4,2.1,1.4,2011-04-17,0738,Aqua,MODIS,93,6.2,300,132.2,D,0
21.7349,92.5203,325,2.1,1.4,2011-04-17,0738,Aqua,MODIS,61,6.2,298,34,D,0
22.1893,92.3893,327.9,2.1,1.4,2011-04-17,0738,Aqua,MODIS,59,6.2,302.7,39.3,D,0
22.1767,92.3909,325.4,2.1,1.4,2011-04-17,0738,Aqua,MODIS,33,6.2,302.9,30.4,D,0
21.2758,92.6076,331,2.1,1.4,2011-04-17,0738,Aqua,MODIS,79,6.2,292.9,68.1,D,0
21.9906,92.3712,341.6,2.1,1.4,2011-04-17,0738,Aqua,MODIS,89,6.2,298.6,104.5,D,0
21.4894,92.4011,331.4,2.1,1.4,2011-04-17,0738,Aqua,MODIS,79,6.2,294.8,64.9,D,0
21.7429,92.3582,351.5,2.1,1.4,2011-04-17,0738,Aqua,MODIS,95,6.2,299.8,152,D,0
21.6907,92.3453,325.5,2.1,1.4,2011-04-17,0738,Aqua,MODIS,69,6.2,302.5,31.2,D,0
21.7341,92.5148,326.8,2.1,1.4,2011-04-17,0738,Aqua,MODIS,51,6.2,297.7,36.4,D,0
22.2163,92.5299,323.4,2.2,1.4,2011-04-17,0738,Aqua,MODIS,68,6.2,296.3,35.1,D,0
22.2138,92.5171,320.6,2.2,1.4,2011-04-17,0738,Aqua,MODIS,52,6.2,297.7,25.4,D,0
22.2589,92.3148,327.9,2.1,1.4,2011-04-17,0738,Aqua,MODIS,76,6.2,300.6,41,D,0
22.2589,92.32,330.7,2.1,1.4,2011-04-17,0738,Aqua,MODIS,79,6.2,300.6,50.1,D,0
22.2463,92.3214,327.6,2.1,1.4,2011-04-17,0738,Aqua,MODIS,75,6.2,301.1,38.3,D,0
22.1015,92.3105,332.2,2.1,1.4,2011-04-17,0738,Aqua,MODIS,80,6.2,298.6,59.4,D,0
22.24,92.3831,328.9,2.1,1.4,2011-04-17,0738,Aqua,MODIS,68,6.2,301,41.2,D,0
21.8647,92.3924,326.1,2.1,1.4,2011-04-17,0738,Aqua,MODIS,57,6.2,299.1,35.8,D,0
21.7157,92.3418,325.6,2.1,1.4,2011-04-17,0738,Aqua,MODIS,59,6.2,301.1,31.1,D,0
21.6741,92.1895,330.1,2,1.4,2011-04-17,0738,Aqua,MODIS,76,6.2,301,49,D,0
22.0051,92.3624,323.1,2.1,1.4,2011-04-17,0738,Aqua,MODIS,62,6.2,299.3,30.7,D,0
21.9924,92.3637,338,2.1,1.4,2011-04-17,0738,Aqua,MODIS,86,6.2,299.4,86.3,D,0
22.1898,92.295,322.7,2.1,1.4,2011-04-17,0738,Aqua,MODIS,65,6.2,301.9,24.1,D,0
22.1876,92.2751,325.3,2.1,1.4,2011-04-17,0738,Aqua,MODIS,71,6.2,300.3,33.3,D,0
22.0011,92.3498,318.2,2.1,1.4,2011-04-17,0738,Aqua,MODIS,23,6.2,299.2,16.4,D,0
22.0033,92.3698,338.8,2.1,1.4,2011-04-17,0738,Aqua,MODIS,86,6.2,299.2,91.6,D,0
21.674,92.3075,320.9,2,1.4,2011-04-17,0738,Aqua,MODIS,53,6.2,300.4,17.9,D,0
21.9424,92.2761,322,2.1,1.4,2011-04-17,0738,Aqua,MODIS,53,6.2,297.9,24.1,D,0
21.9404,92.2569,399.1,2,1.4,2011-04-17,0738,Aqua,MODIS,100,6.2,305,670.9,D,0
21.9384,92.2372,326.7,2,1.4,2011-04-17,0738,Aqua,MODIS,69,6.2,301.6,34.3,D,0
21.9363,92.218,323.8,2,1.4,2011-04-17,0738,Aqua,MODIS,66,6.2,301.7,26.8,D,0
21.9529,92.2553,350.1,2,1.4,2011-04-17,0738,Aqua,MODIS,94,6.2,302.6,142.5,D,0
21.8455,92.4544,323.3,2.1,1.4,2011-04-17,0738,Aqua,MODIS,36,6.2,300.7,27.7,D,0
21.8475,92.4746,339.9,2.1,1.4,2011-04-17,0738,Aqua,MODIS,87,6.2,300.6,95,D,0
21.8441,92.4617,329.8,2.1,1.4,2011-04-17,0738,Aqua,MODIS,76,6.2,301,49.6,D,0
21.8464,92.482,333.2,2.1,1.4,2011-04-17,0738,Aqua,MODIS,81,6.2,300.2,63.6,D,0
22.188,92.3963,338.2,2.1,1.4,2011-04-17,0738,Aqua,MODIS,86,6.2,302.8,83.4,D,0
22.1753,92.3978,323.2,2.1,1.4,2011-04-17,0738,Aqua,MODIS,61,6.2,302.1,25.6,D,0
22.0681,92.3555,336.7,2.1,1.4,2011-04-17,0738,Aqua,MODIS,85,6.2,300.2,78.3,D,0
22.0702,92.3751,374.1,2.1,1.4,2011-04-17,0738,Aqua,MODIS,100,6.2,301.8,349.9,D,0
22.0555,92.3565,321,2.1,1.4,2011-04-17,0738,Aqua,MODIS,41,6.2,299.5,22.5,D,0
22.0576,92.3767,321.9,2.1,1.4,2011-04-17,0738,Aqua,MODIS,38,6.2,299.5,23.9,D,0
21.8688,92.432,340.2,2.1,1.4,2011-04-17,0738,Aqua,MODIS,87,6.2,300.4,88.3,D,0
21.8835,92.4503,324.2,2.1,1.4,2011-04-17,0738,Aqua,MODIS,49,6.2,297.9,27.3,D,0
21.8815,92.4306,342.6,2.1,1.4,2011-04-17,0738,Aqua,MODIS,89,6.2,299.4,101.5,D,0
21.9045,92.4025,323.1,2.1,1.4,2011-04-17,0738,Aqua,MODIS,38,6.2,298.4,26,D,0
21.5942,92.5452,325.9,2.1,1.4,2011-04-17,0738,Aqua,MODIS,60,6.2,299.5,42.4,D,0
22.4181,92.2279,330.3,2.1,1.4,2011-04-17,0738,Aqua,MODIS,79,6.2,302.1,47.3,D,0
21.7518,92.3126,349.7,2.1,1.4,2011-04-17,0738,Aqua,MODIS,94,6.2,301,137.7,D,0
21.7664,92.3306,328.9,2.1,1.4,2011-04-17,0738,Aqua,MODIS,53,6.2,300.2,39.9,D,0
22.4056,92.2294,330,2.1,1.4,2011-04-17,0738,Aqua,MODIS,78,6.2,303.9,46.2,D,0
22.3826,92.2525,325,2.1,1.4,2011-04-17,0738,Aqua,MODIS,71,6.2,303,29.2,D,0
21.7643,92.3109,323.9,2.1,1.4,2011-04-17,0738,Aqua,MODIS,31,6.2,300.8,24.6,D,0
21.7789,92.3289,360,2.1,1.4,2011-04-17,0738,Aqua,MODIS,99,6.2,300.7,211.8,D,0
21.7768,92.3093,350.4,2.1,1.4,2011-04-17,0738,Aqua,MODIS,94,6.2,301.8,144.3,D,0
21.7973,92.1494,338.5,2,1.4,2011-04-17,0738,Aqua,MODIS,86,6.2,300.5,80.1,D,0
21.7953,92.1308,327.7,2,1.4,2011-04-17,0738,Aqua,MODIS,73,6.2,301.2,39.2,D,0
21.8097,92.1479,325.4,2,1.4,2011-04-17,0738,Aqua,MODIS,68,6.2,300.4,33,D,0
21.8076,92.1292,320,2,1.4,2011-04-17,0738,Aqua,MODIS,45,6.2,300.4,18,D,0
21.8008,92.1418,349.1,2,1.4,2011-04-17,0738,Aqua,MODIS,94,6.2,301.2,134.9,D,0
22.1918,92.2877,328.8,2.1,1.4,2011-04-17,0738,Aqua,MODIS,77,6.2,301.3,45.1,D,0
21.9151,92.3809,325,2.1,1.4,2011-04-17,0738,Aqua,MODIS,53,6.2,299.2,33.3,D,0
21.9151,92.3863,326,2.1,1.4,2011-04-17,0738,Aqua,MODIS,70,6.2,299.2,37.2,D,0
21.8624,92.3707,325.6,2.1,1.4,2011-04-17,0738,Aqua,MODIS,50,6.2,298.7,36.1,D,0
24.2123,89.1816,332.9,1.4,1.2,2011-04-17,0739,Aqua,MODIS,82,6.2,306,26,D,0
23.3635,92.2115,318.2,2.1,1.4,2011-04-17,0739,Aqua,MODIS,61,6.2,299.9,21.7,D,0
23.4327,92.1131,314.7,2.1,1.4,2011-04-17,0739,Aqua,MODIS,38,6.2,297.8,14.9,D,0
23.4437,92.1189,323.9,2.1,1.4,2011-04-17,0739,Aqua,MODIS,73,6.2,297.1,40.4,D,0
23.3744,92.0653,326.5,2.1,1.4,2011-04-17,0739,Aqua,MODIS,76,6.2,297.8,46.2,D,0
23.3643,92.2168,321.1,2.1,1.4,2011-04-17,0739,Aqua,MODIS,66,6.2,300,28.7,D,0
22.6514,91.9831,320.1,2,1.4,2011-04-17,0739,Aqua,MODIS,61,6.2,300.6,18.1,D,0
24.1874,89.2188,330.2,1.4,1.2,2011-04-17,0739,Aqua,MODIS,54,6.2,306.7,22,D,0
24.2138,89.1949,337.5,1.4,1.2,2011-04-17,0739,Aqua,MODIS,86,6.2,305.6,37,D,0
25.781,89.4669,313.3,1.9,1.3,2011-04-18,0511,Terra,MODIS,43,6.2,294.1,14.3,D,0
22.1701,92.4841,336,2.3,1.5,2011-04-18,0643,Aqua,MODIS,85,6.2,299.7,101,D,0
21.7536,92.529,325.6,2.4,1.5,2011-04-18,0643,Aqua,MODIS,75,6.2,296.4,55,D,0
21.7579,92.5324,325.1,2.4,1.5,2011-04-18,0643,Aqua,MODIS,73,6.2,295.6,52.5,D,0
21.578,92.365,332.7,2.5,1.5,2011-04-18,0643,Aqua,MODIS,82,6.2,295.9,86.7,D,0
21.9989,92.5574,318.3,2.3,1.5,2011-04-18,0643,Aqua,MODIS,27,6.2,297.6,36.7,D,0
21.9951,92.5373,327.2,2.3,1.5,2011-04-18,0643,Aqua,MODIS,76,6.2,300.1,65.5,D,0
21.9862,92.3461,323.7,2.4,1.5,2011-04-18,0643,Aqua,MODIS,32,6.2,296.5,43.4,D,0
21.5351,92.477,319.8,2.4,1.5,2011-04-18,0643,Aqua,MODIS,55,6.2,300.2,31,D,0
21.5128,92.4324,325.7,2.4,1.5,2011-04-18,0643,Aqua,MODIS,71,6.2,299.5,50.9,D,0
21.5173,92.4561,328.1,2.4,1.5,2011-04-18,0643,Aqua,MODIS,75,6.2,300.4,60.6,D,0
21.5218,92.4799,335.4,2.4,1.5,2011-04-18,0643,Aqua,MODIS,84,6.2,298.8,95.7,D,0
21.5265,92.5043,337.6,2.4,1.5,2011-04-18,0643,Aqua,MODIS,86,6.2,300.3,108.1,D,0
21.5174,92.5291,330.6,2.4,1.5,2011-04-18,0643,Aqua,MODIS,74,6.2,300.9,68.8,D,0
21.4863,92.4386,317.7,2.4,1.5,2011-04-18,0643,Aqua,MODIS,33,6.2,298.5,24.5,D,0
21.8948,92.349,361.1,2.4,1.5,2011-04-18,0643,Aqua,MODIS,100,6.2,299.9,292.1,D,0
21.8896,92.3467,353,2.4,1.5,2011-04-18,0643,Aqua,MODIS,96,6.2,300.3,215.1,D,0
21.8811,92.4936,323.1,2.4,1.5,2011-04-18,0643,Aqua,MODIS,46,6.2,299.9,41.5,D,0
22.4159,92.2413,322.7,2.4,1.5,2011-04-18,0643,Aqua,MODIS,72,6.2,296.6,40.7,D,0
22.4116,92.2186,314.8,2.4,1.5,2011-04-18,0643,Aqua,MODIS,46,6.2,296.5,14.2,D,0
21.4994,92.5784,323.4,2.4,1.5,2011-04-18,0643,Aqua,MODIS,66,6.2,300,48.5,D,0
21.5214,92.5501,347.6,2.4,1.5,2011-04-18,0643,Aqua,MODIS,93,6.2,300.3,168.9,D,0
22.0527,92.4938,318.1,2.3,1.5,2011-04-18,0643,Aqua,MODIS,57,6.2,298.8,24.2,D,0
22.0571,92.5164,317.3,2.3,1.5,2011-04-18,0643,Aqua,MODIS,51,6.2,297.7,24.7,D,0
21.6227,92.2332,337.2,2.5,1.5,2011-04-18,0643,Aqua,MODIS,86,6.2,297.5,110.6,D,0
21.6165,92.2271,318.8,2.5,1.5,2011-04-18,0643,Aqua,MODIS,62,6.2,297.3,27,D,0
21.63,92.2244,339.4,2.5,1.5,2011-04-18,0643,Aqua,MODIS,88,6.2,297.5,122.1,D,0
21.6569,92.2185,322.2,2.5,1.5,2011-04-18,0643,Aqua,MODIS,70,6.2,298.5,39.6,D,0
21.9774,92.3185,325.2,2.4,1.5,2011-04-18,0643,Aqua,MODIS,35,6.2,293.4,45.3,D,0
21.8986,92.3218,316.6,2.4,1.5,2011-04-18,0643,Aqua,MODIS,25,6.2,297.9,18.1,D,0
21.9027,92.3427,319.3,2.4,1.5,2011-04-18,0643,Aqua,MODIS,50,6.2,298.3,26,D,0
21.8852,92.3239,319.6,2.4,1.5,2011-04-18,0643,Aqua,MODIS,42,6.2,298.7,26.9,D,0
21.8908,92.328,335.7,2.4,1.5,2011-04-18,0643,Aqua,MODIS,86,6.2,298.6,102.1,D,0
21.8636,92.2575,322.2,2.5,1.5,2011-04-18,0643,Aqua,MODIS,71,6.2,296.4,42,D,0
21.4907,92.3168,319.5,2.5,1.5,2011-04-18,0643,Aqua,MODIS,55,6.2,299.7,36.4,D,0
21.6276,92.2591,324,2.5,1.5,2011-04-18,0643,Aqua,MODIS,70,6.2,298,44.2,D,0
21.6351,92.2505,344,2.5,1.5,2011-04-18,0643,Aqua,MODIS,91,6.2,298.6,150.1,D,0
22.0302,92.3056,315.3,2.4,1.5,2011-04-18,0643,Aqua,MODIS,34,6.2,298.4,16.6,D,0
22.017,92.3091,319.2,2.4,1.5,2011-04-18,0643,Aqua,MODIS,63,6.2,297.8,29.7,D,0
21.2933,92.5973,322.8,2.4,1.5,2011-04-18,0643,Aqua,MODIS,62,6.2,299,44.1,D,0
21.9817,92.3403,331.5,2.4,1.5,2011-04-18,0643,Aqua,MODIS,54,6.2,295,72.4,D,0
22.1658,92.4614,317.4,2.3,1.5,2011-04-18,0643,Aqua,MODIS,54,6.2,299.9,24.8,D,0
23.3478,91.7927,315.8,2.5,1.5,2011-04-18,0644,Aqua,MODIS,68,6.2,291.2,27.9,D,0
23.3784,92.2192,312.6,2.3,1.5,2011-04-18,0644,Aqua,MODIS,31,6.2,293.7,14.5,D,0
22.066,92.5165,305.7,1,1,2011-04-18,1608,Terra,MODIS,65,6.2,289.2,6.7,N,0
21.9958,92.538,303.1,1,1,2011-04-18,1608,Terra,MODIS,53,6.2,289.8,5,N,0
21.6962,92.3273,327.6,1.3,1.1,2011-04-19,0726,Aqua,MODIS,46,6.2,302.5,14.3,D,0
21.8059,92.2255,329.9,1.3,1.1,2011-04-19,0726,Aqua,MODIS,79,6.2,298.6,22.3,D,0
21.7947,92.3008,333.1,1.3,1.1,2011-04-19,0726,Aqua,MODIS,83,6.2,300,27,D,0
21.7962,92.3129,325.7,1.3,1.1,2011-04-19,0726,Aqua,MODIS,71,6.2,299.5,14.2,D,0
21.7933,92.2955,328.6,1.3,1.1,2011-04-19,0726,Aqua,MODIS,77,6.2,299,19.3,D,0
22.0655,92.3497,328.5,1.3,1.1,2011-04-19,0726,Aqua,MODIS,78,6.2,299.6,21,D,0
21.8923,92.3478,326.1,1.3,1.1,2011-04-19,0726,Aqua,MODIS,42,6.2,297.5,17.7,D,0
23.2547,92.2721,357.2,1.3,1.1,2011-04-19,0726,Aqua,MODIS,98,6.2,292.9,105,D,0
23.2592,92.3105,326.1,1.3,1.1,2011-04-19,0726,Aqua,MODIS,58,6.2,297.7,21.8,D,0
23.2548,92.2659,384.5,1.3,1.1,2011-04-19,0726,Aqua,MODIS,100,6.2,295.4,247.6,D,0
21.9864,92.3731,328,1.3,1.1,2011-04-19,0726,Aqua,MODIS,78,6.2,296.3,21.7,D,0
21.9879,92.3855,330.7,1.3,1.1,2011-04-19,0726,Aqua,MODIS,81,6.2,296.4,26,D,0
21.9872,92.3798,347.6,1.3,1.1,2011-04-19,0726,Aqua,MODIS,93,6.2,296.7,67.1,D,0
21.7399,92.5274,339.9,1.3,1.1,2011-04-19,0726,Aqua,MODIS,88,6.2,300,43.3,D,0
21.7516,92.5389,327.6,1.3,1.1,2011-04-19,0726,Aqua,MODIS,75,6.2,300.2,19.1,D,0
21.8218,92.2722,333.5,1.3,1.1,2011-04-19,0726,Aqua,MODIS,83,6.2,297.8,29.4,D,0
21.6978,92.3395,341.2,1.3,1.1,2011-04-19,0726,Aqua,MODIS,89,6.2,302.3,42.7,D,0
21.8303,92.2587,347.6,1.3,1.1,2011-04-19,0726,Aqua,MODIS,93,6.2,296.1,62.7,D,0
21.8387,92.2452,339.9,1.3,1.1,2011-04-19,0726,Aqua,MODIS,88,6.2,295.7,43.1,D,0
21.8373,92.2332,326.5,1.3,1.1,2011-04-19,0726,Aqua,MODIS,75,6.2,294.3,17.4,D,0
21.5778,92.3631,327.3,1.3,1.1,2011-04-19,0726,Aqua,MODIS,76,6.2,300,18.4,D,0
21.5422,92.4053,322.2,1.3,1.1,2011-04-19,0726,Aqua,MODIS,66,6.2,301.8,9.7,D,0
21.5223,92.4012,320.1,1.3,1.1,2011-04-19,0726,Aqua,MODIS,57,6.2,299.6,7.8,D,0
21.8203,92.2601,351.4,1.3,1.1,2011-04-19,0726,Aqua,MODIS,95,6.2,297.9,73.5,D,0
21.7948,92.3075,339.9,1.3,1.1,2011-04-19,0726,Aqua,MODIS,88,6.2,300.3,41.9,D,0
23.3997,92.2072,324.7,1.3,1.1,2011-04-19,0726,Aqua,MODIS,77,6.2,298.5,18.8,D,0
23.4012,92.2199,346.8,1.3,1.1,2011-04-19,0726,Aqua,MODIS,93,6.2,299,68.5,D,0
22.1294,92.2973,326.3,1.3,1.1,2011-04-19,0726,Aqua,MODIS,60,6.2,300.3,14.2,D,0
23.3895,92.2087,337.3,1.3,1.1,2011-04-19,0726,Aqua,MODIS,88,6.2,299.1,41.8,D,0
23.3911,92.2214,378.3,1.3,1.1,2011-04-19,0726,Aqua,MODIS,100,6.2,300.3,201.9,D,0
21.7518,92.2891,328.7,1.3,1.1,2011-04-19,0726,Aqua,MODIS,77,6.2,299.3,20.3,D,0
21.4137,92.4344,330.2,1.3,1.1,2011-04-19,0726,Aqua,MODIS,79,6.2,298.9,23.6,D,0
21.4238,92.4332,323.7,1.3,1.1,2011-04-19,0726,Aqua,MODIS,64,6.2,298.5,12.9,D,0
21.4486,92.4681,328.3,1.3,1.1,2011-04-19,0726,Aqua,MODIS,36,6.2,300.3,18.3,D,0
21.447,92.4559,337.9,1.3,1.1,2011-04-19,0726,Aqua,MODIS,86,6.2,300.4,36.4,D,0
21.4455,92.4436,331.2,1.3,1.1,2011-04-19,0726,Aqua,MODIS,60,6.2,300.7,23.2,D,0
21.4495,92.4736,322.9,1.3,1.1,2011-04-19,0726,Aqua,MODIS,37,6.2,299.7,12.4,D,0
21.448,92.4614,329.5,1.3,1.1,2011-04-19,0726,Aqua,MODIS,55,6.2,300.1,20.6,D,0
21.4465,92.449,333.1,1.3,1.1,2011-04-19,0726,Aqua,MODIS,73,6.2,301.1,26.4,D,0
21.4737,92.4204,325.1,1.3,1.1,2011-04-19,0726,Aqua,MODIS,45,6.2,300.4,14.3,D,0
21.4837,92.419,331.8,1.3,1.1,2011-04-19,0726,Aqua,MODIS,81,6.2,299.9,26.9,D,0
22.9367,90.0279,322.6,1,1,2011-04-19,0726,Aqua,MODIS,52,6.2,298.2,11.4,D,0
22.2517,92.2175,344.3,1.3,1.1,2011-04-19,0726,Aqua,MODIS,91,6.2,302.7,51.9,D,0
22.3232,92.2196,326.5,1.3,1.1,2011-04-19,0726,Aqua,MODIS,72,6.2,300.3,14.8,D,0
22.3348,92.2305,330.1,1.3,1.1,2011-04-19,0726,Aqua,MODIS,80,6.2,301.4,20.9,D,0
22.3333,92.2182,322.9,1.3,1.1,2011-04-19,0726,Aqua,MODIS,48,6.2,301.1,9.2,D,0
22.3345,92.2238,324.9,1.3,1.1,2011-04-19,0726,Aqua,MODIS,73,6.2,301.4,12.3,D,0
22.4178,92.2372,324.5,1.3,1.1,2011-04-19,0726,Aqua,MODIS,65,6.2,301.5,11.7,D,0
21.4917,92.568,383.9,1.3,1.1,2011-04-19,0726,Aqua,MODIS,100,6.2,299.4,230.6,D,0
21.79,92.4328,324.4,1.3,1.1,2011-04-19,0726,Aqua,MODIS,51,6.2,300.7,13.3,D,0
21.7884,92.4198,323.9,1.3,1.1,2011-04-19,0726,Aqua,MODIS,33,6.2,300.3,13.6,D,0
21.4901,92.5553,408.7,1.3,1.1,2011-04-19,0726,Aqua,MODIS,100,6.2,307,436.2,D,0
21.4886,92.5429,358.2,1.3,1.1,2011-04-19,0726,Aqua,MODIS,99,6.2,301.9,102.9,D,0
21.5003,92.5541,334.3,1.3,1.1,2011-04-19,0726,Aqua,MODIS,83,6.2,296.7,31.6,D,0
21.5135,92.5777,355.3,1.3,1.1,2011-04-19,0726,Aqua,MODIS,97,6.2,300.6,88.4,D,0
21.5119,92.5652,347.8,1.3,1.1,2011-04-19,0726,Aqua,MODIS,93,6.2,300.2,62.8,D,0
21.5307,92.5501,331.6,1.3,1.1,2011-04-19,0726,Aqua,MODIS,75,6.2,301,25.7,D,0
21.5454,92.5855,346.6,1.3,1.1,2011-04-19,0726,Aqua,MODIS,92,6.2,298.9,60.6,D,0
21.5439,92.5735,354.3,1.3,1.1,2011-04-19,0726,Aqua,MODIS,97,6.2,300.5,84.9,D,0
21.5525,92.5599,338.7,1.3,1.1,2011-04-19,0726,Aqua,MODIS,87,6.2,301.1,40.5,D,0
21.5514,92.5672,329.5,1.3,1.1,2011-04-19,0726,Aqua,MODIS,71,6.2,300.5,19.9,D,0
21.5499,92.5546,327.4,1.3,1.1,2011-04-19,0726,Aqua,MODIS,44,6.2,301.9,17.7,D,0
22.0517,92.4878,354.7,1.3,1.1,2011-04-19,0726,Aqua,MODIS,97,6.2,298.2,89.6,D,0
21.7985,92.4186,356.1,1.3,1.1,2011-04-19,0726,Aqua,MODIS,98,6.2,300.4,90.7,D,0
23.2532,92.2594,355.1,1.3,1.1,2011-04-19,0726,Aqua,MODIS,97,6.2,297,99,D,0
23.2533,92.2533,328.1,1.3,1.1,2011-04-19,0726,Aqua,MODIS,27,6.2,293.9,30.1,D,0
22.144,92.3326,326.3,1.3,1.1,2011-04-19,0726,Aqua,MODIS,75,6.2,300.4,15.4,D,0
21.511,92.2316,322.8,1.2,1.1,2011-04-19,0726,Aqua,MODIS,56,6.2,300.8,12.3,D,0
21.5585,92.207,328,1.2,1.1,2011-04-19,0726,Aqua,MODIS,77,6.2,300.1,19.7,D,0
22.2087,92.1923,325,1.3,1.1,2011-04-19,0726,Aqua,MODIS,74,6.2,302,12.2,D,0
22.1732,92.2346,327.9,1.3,1.1,2011-04-19,0726,Aqua,MODIS,78,6.2,301.3,16.8,D,0
21.3957,92.5376,322.6,1.3,1.1,2011-04-19,0726,Aqua,MODIS,66,6.2,298.6,16.2,D,0
22.5117,92.1806,336.3,1.3,1.1,2011-04-19,0726,Aqua,MODIS,75,6.2,301.2,34.1,D,0
22.5129,92.1861,325.9,1.3,1.1,2011-04-19,0726,Aqua,MODIS,74,6.2,300.9,14,D,0
22.5114,92.1735,325.7,1.3,1.1,2011-04-19,0726,Aqua,MODIS,75,6.2,300.9,13.2,D,0
21.4013,92.4996,319.8,1.3,1.1,2011-04-19,0726,Aqua,MODIS,57,6.2,299.9,8.8,D,0
21.7968,92.4048,341.1,1.3,1.1,2011-04-19,0726,Aqua,MODIS,88,6.2,298.7,46.5,D,0
21.422,92.5849,318.5,1.3,1.1,2011-04-19,0726,Aqua,MODIS,50,6.2,297.2,10.8,D,0
21.4205,92.5723,321.9,1.3,1.1,2011-04-19,0726,Aqua,MODIS,64,6.2,297.1,15.8,D,0
21.4129,92.5103,335.2,1.3,1.1,2011-04-19,0726,Aqua,MODIS,84,6.2,298.9,35.5,D,0
21.4114,92.498,351,1.3,1.1,2011-04-19,0726,Aqua,MODIS,95,6.2,300.8,76.2,D,0
21.4699,92.5583,329,1.3,1.1,2011-04-19,0726,Aqua,MODIS,65,6.2,297.9,25.2,D,0
21.48,92.557,352.1,1.3,1.1,2011-04-19,0726,Aqua,MODIS,96,6.2,300.4,82.9,D,0
21.9292,92.3243,328.4,1.3,1.1,2011-04-19,0726,Aqua,MODIS,78,6.2,296.9,23.1,D,0
21.8916,92.1832,328.7,1.3,1.1,2011-04-19,0726,Aqua,MODIS,78,6.2,296.7,21.5,D,0
21.8702,92.2529,331,1.3,1.1,2011-04-19,0726,Aqua,MODIS,80,6.2,297.2,24.7,D,0
21.6692,92.3558,326.7,1.3,1.1,2011-04-19,0726,Aqua,MODIS,66,6.2,301.1,13.5,D,0
22.9018,91.9565,324.4,1.2,1.1,2011-04-19,0726,Aqua,MODIS,76,6.2,297.2,18.3,D,0
22.9117,91.955,327.6,1.2,1.1,2011-04-19,0726,Aqua,MODIS,70,6.2,297.2,21.9,D,0
22.1379,92.2835,325.2,1.3,1.1,2011-04-19,0726,Aqua,MODIS,57,6.2,299.5,10.9,D,0
22.1364,92.2712,358.5,1.3,1.1,2011-04-19,0726,Aqua,MODIS,99,6.2,301.1,95.3,D,0
22.1479,92.2821,326.5,1.3,1.1,2011-04-19,0726,Aqua,MODIS,66,6.2,299.6,13,D,0
22.1776,92.2712,324.7,1.3,1.1,2011-04-19,0726,Aqua,MODIS,74,6.2,299.7,12.4,D,0
22.1746,92.2467,330.3,1.3,1.1,2011-04-19,0726,Aqua,MODIS,80,6.2,299.7,20.6,D,0
22.1847,92.2453,331,1.3,1.1,2011-04-19,0726,Aqua,MODIS,81,6.2,300.9,22.3,D,0
21.7097,92.4348,320.1,1.3,1.1,2011-04-19,0726,Aqua,MODIS,55,6.2,295.6,8.9,D,0
21.7527,92.4628,327.5,1.3,1.1,2011-04-19,0726,Aqua,MODIS,76,6.2,300.9,16.5,D,0
21.7512,92.4506,325.9,1.3,1.1,2011-04-19,0726,Aqua,MODIS,73,6.2,301.4,14.5,D,0
21.807,92.4042,331.3,1.3,1.1,2011-04-19,0726,Aqua,MODIS,48,6.2,298.2,24.5,D,0
21.8094,92.4232,324.2,1.3,1.1,2011-04-19,0726,Aqua,MODIS,45,6.2,297.4,12.3,D,0
21.8079,92.4105,326.4,1.3,1.1,2011-04-19,0726,Aqua,MODIS,35,6.2,298.4,15.5,D,0
21.818,92.4092,344.4,1.3,1.1,2011-04-19,0726,Aqua,MODIS,91,6.2,298.7,52.3,D,0
21.8397,92.419,335.9,1.3,1.1,2011-04-19,0726,Aqua,MODIS,85,6.2,298,32.2,D,0
22.067,92.362,359.4,1.3,1.1,2011-04-19,0726,Aqua,MODIS,99,6.2,300,104.4,D,0
21.75,92.5256,335.3,1.3,1.1,2011-04-19,0726,Aqua,MODIS,84,6.2,299.4,33.7,D,0
21.8498,92.4176,322.7,1.3,1.1,2011-04-19,0726,Aqua,MODIS,27,6.2,297.1,7.5,D,0
22.6405,91.9892,326.1,1.2,1.1,2011-04-19,0726,Aqua,MODIS,77,6.2,300.6,14.7,D,0
22.639,91.9771,342.3,1.2,1.1,2011-04-19,0726,Aqua,MODIS,90,6.2,301.7,47,D,0
22.649,91.9757,324.7,1.2,1.1,2011-04-19,0726,Aqua,MODIS,75,6.2,301.2,13.8,D,0
22.1063,92.2756,339.2,1.3,1.1,2011-04-19,0726,Aqua,MODIS,88,6.2,299.8,40.7,D,0
22.1078,92.2877,335.1,1.3,1.1,2011-04-19,0726,Aqua,MODIS,85,6.2,299,31.3,D,0
21.306,92.6316,322.8,1.3,1.1,2011-04-19,0726,Aqua,MODIS,61,6.2,297.8,15.1,D,0
22.9102,91.9431,338.3,1.2,1.1,2011-04-19,0726,Aqua,MODIS,88,6.2,296.4,43.2,D,0
21.8482,92.4052,334.9,1.3,1.1,2011-04-19,0726,Aqua,MODIS,84,6.2,298,28.7,D,0
21.8451,92.3798,339.1,1.3,1.1,2011-04-19,0726,Aqua,MODIS,88,6.2,298.5,39.9,D,0
21.7324,92.5344,337.8,1.3,1.1,2011-04-19,0726,Aqua,MODIS,86,6.2,298.2,37.8,D,0
21.7313,92.5417,328.1,1.3,1.1,2011-04-19,0726,Aqua,MODIS,76,6.2,297.9,18.3,D,0
21.7298,92.5288,328.8,1.3,1.1,2011-04-19,0726,Aqua,MODIS,77,6.2,298.6,19.4,D,0
21.7414,92.5402,369.9,1.3,1.1,2011-04-19,0726,Aqua,MODIS,100,6.2,301.3,151.9,D,0
24.138,91.4223,324.5,1.2,1.1,2011-04-19,0727,Aqua,MODIS,60,6.2,304.5,12.3,D,0
24.1394,91.434,322.4,1.2,1.1,2011-04-19,0727,Aqua,MODIS,62,6.2,302.1,9.9,D,0
21.7904,92.2345,319,2.2,1.4,2011-04-20,0500,Terra,MODIS,68,6.2,294.1,25.1,D,0
22.9441,90.0296,315.9,1.4,1.2,2011-04-20,0500,Terra,MODIS,55,6.2,299.9,11.4,D,0
22.2532,89.2635,317.3,1.3,1.1,2011-04-20,0500,Terra,MODIS,0,6.2,300.4,12.3,D,0
21.6582,92.5347,326.4,4,1.9,2011-04-20,0631,Aqua,MODIS,60,6.2,286.8,157.6,D,0
21.663,92.5286,338.3,4,1.9,2011-04-20,0631,Aqua,MODIS,67,6.2,286.3,282.5,D,0
21.6745,92.5302,328.4,4,1.9,2011-04-20,0631,Aqua,MODIS,61,6.2,285.1,183.8,D,0
21.1314,92.1234,327.1,1,1,2011-04-21,0713,Aqua,MODIS,75,6.2,303.9,13.9,D,0
21.4512,92.433,341.7,1,1,2011-04-21,0714,Aqua,MODIS,0,6.2,297.8,37.6,D,0
21.8246,92.2034,323.4,1,1,2011-04-21,0714,Aqua,MODIS,72,6.2,301,9.5,D,0
21.4043,92.4895,336.9,1,1,2011-04-21,0714,Aqua,MODIS,75,6.2,297.6,29,D,0
22.5837,92.2347,319.1,1,1,2011-04-21,0714,Aqua,MODIS,0,6.2,297.3,10.7,D,0
21.6332,92.3451,349.8,1,1,2011-04-21,0714,Aqua,MODIS,89,6.2,302.1,51.4,D,0
21.5638,92.1874,332.2,1,1,2011-04-21,0714,Aqua,MODIS,82,6.2,301.5,19.8,D,0
22.1667,92.2857,325.8,1,1,2011-04-21,0714,Aqua,MODIS,77,6.2,300,12.8,D,0
22.0844,92.2208,319,1,1,2011-04-21,0714,Aqua,MODIS,55,6.2,299.7,6.5,D,0
21.6561,92.5077,324.5,1,1,2011-04-21,0714,Aqua,MODIS,57,6.2,295.1,11.8,D,0
21.6548,92.498,329,1,1,2011-04-21,0714,Aqua,MODIS,61,6.2,300.6,17.3,D,0
21.7658,92.5724,327.9,1,1,2011-04-21,0714,Aqua,MODIS,68,6.2,303,15.2,D,0
21.8975,92.1366,319.8,1,1,2011-04-21,0714,Aqua,MODIS,54,6.2,296.8,8.4,D,0
21.3143,92.1782,323.3,1,1,2011-04-21,0714,Aqua,MODIS,70,6.2,302,8.4,D,0
21.8335,92.2019,326.2,1,1,2011-04-21,0714,Aqua,MODIS,70,6.2,300.8,12.6,D,0
21.443,92.3757,357,1,1,2011-04-21,0714,Aqua,MODIS,98,6.2,301,69.7,D,0
21.4444,92.3852,344.8,1,1,2011-04-21,0714,Aqua,MODIS,91,6.2,300,42.8,D,0
22.0595,92.3679,321.3,1,1,2011-04-21,0714,Aqua,MODIS,53,6.2,300,8.6,D,0
21.7084,92.4893,325.6,1,1,2011-04-21,0714,Aqua,MODIS,67,6.2,301.2,11.1,D,0
21.9624,92.399,318.1,4.6,2,2011-04-22,0757,Aqua,MODIS,69,6.2,292.8,68.6,D,0
21.9592,92.3553,329.2,4.6,2,2011-04-22,0757,Aqua,MODIS,82,6.2,294,170.7,D,0
21.9604,92.3597,333.1,4.6,2,2011-04-22,0757,Aqua,MODIS,85,6.2,294,217.6,D,0
24.1313,88.9939,316.8,2.4,1.5,2011-04-25,0518,Terra,MODIS,0,6.2,296,25.5,D,0
21.7751,92.43,321,1.9,1.3,2011-04-25,0649,Aqua,MODIS,65,6.2,294.7,27.6,D,0
25.0949,89.6056,319.1,1.6,1.2,2011-04-27,0506,Terra,MODIS,0,6.2,301.2,19.5,D,0
24.9713,89.5663,318.4,1,1,2011-05-01,0441,Terra,MODIS,0,6.2,300.2,7.4,D,0
22.986,91.8885,315.1,1.1,1,2011-05-01,0442,Terra,MODIS,63,6.2,297.4,6,D,0
21.1331,92.1363,319.9,1.6,1.2,2011-05-02,0655,Aqua,MODIS,72,6.2,297.2,22.1,D,0
21.9923,92.2226,324.6,1.5,1.2,2011-05-02,0655,Aqua,MODIS,77,6.2,296.8,28.1,D,0
21.1305,92.1216,326,1.6,1.2,2011-05-02,0655,Aqua,MODIS,70,6.2,298.2,32.7,D,0
22.9561,91.9773,314.1,1.5,1.2,2011-05-02,0656,Aqua,MODIS,62,6.2,295.2,11.8,D,0
23.3613,92.2416,314.2,1.4,1.2,2011-05-02,0656,Aqua,MODIS,54,6.2,296.4,11.4,D,0
23.2721,92.3204,316,1.4,1.2,2011-05-02,0656,Aqua,MODIS,66,6.2,297.6,11.8,D,0
23.3378,92.1054,313,1.4,1.2,2011-05-02,0656,Aqua,MODIS,57,6.2,295.2,9.4,D,0
21.9382,92.1854,311.8,2.5,1.5,2011-05-04,0643,Aqua,MODIS,44,6.2,293.4,14.5,D,0
22.2451,89.2709,316.9,1.3,1.1,2011-05-06,0500,Terra,MODIS,0,6.2,298.4,15.6,D,0
23.0808,89.9618,319.9,1.1,1,2011-05-07,0714,Aqua,MODIS,62,6.2,298.7,8.5,D,0
21.1415,92.1376,320.4,1.2,1.1,2011-05-09,0701,Aqua,MODIS,70,6.2,302,12.7,D,0
22.7375,91.662,319.7,1.3,1.1,2011-05-09,0702,Aqua,MODIS,67,6.2,300.4,14.3,D,0
22.8352,91.5681,317.7,1.3,1.1,2011-05-09,0702,Aqua,MODIS,60,6.2,302.6,10.2,D,0
21.6899,92.3791,315.9,1,1,2011-05-10,0436,Terra,MODIS,59,6.2,301.3,5.1,D,0
24.1332,88.9977,317,2.4,1.5,2011-05-27,0518,Terra,MODIS,0,6.2,295.2,30.2,D,0
24.3488,88.4537,324.6,1.1,1,2011-05-28,0733,Aqua,MODIS,29,6.2,303,10.4,D,0
24.352,88.4508,326,1.4,1.2,2011-05-29,0506,Terra,MODIS,21,6.2,300.2,17.1,D,0
23.8631,89.4196,316.1,1,1,2011-06-02,0441,Terra,MODIS,29,6.2,297.8,6.4,D,0
24.1384,88.9923,315.3,1.9,1.3,2011-06-05,0512,Terra,MODIS,0,6.2,296.4,14.6,D,0
23.8594,89.4312,324.2,1,1,2011-06-06,0726,Aqua,MODIS,0,6.2,306.3,11.5,D,0
25.4711,89.6558,317.6,1,1,2011-06-09,0447,Terra,MODIS,0,6.2,295.8,8.2,D,0
24.1318,88.9852,322.9,1.8,1.3,2011-06-10,0702,Aqua,MODIS,0,6.2,294.9,23.9,D,0
24.3551,88.4457,317,1.5,1.2,2011-06-11,0745,Aqua,MODIS,17,6.2,292.2,10.9,D,0
23.8488,90.675,313.2,1,1,2011-06-15,0720,Aqua,MODIS,25,6.2,289,3.5,D,0
24.3374,88.6099,324.6,1,1,2011-06-22,0726,Aqua,MODIS,51,6.2,300.5,10.7,D,0
23.9445,90.286,316.9,1.4,1.2,2011-07-09,0500,Terra,MODIS,69,6.2,295.5,12.7,D,0
25.3477,89.5707,316,1.2,1.1,2011-07-25,0459,Terra,MODIS,48,6.2,294.9,6.8,D,0
23.9256,91.2054,313.7,1.1,1,2011-08-28,0447,Terra,MODIS,46,6.2,293.5,5.8,D,0
23.7696,90.5574,317.2,1.1,1,2011-08-28,0447,Terra,MODIS,64,6.2,294.3,8.1,D,0
23.9163,91.2036,312.8,1.1,1,2011-08-28,0447,Terra,MODIS,29,6.2,292.7,4.8,D,0
23.8918,90.4073,318.7,1.4,1.2,2011-08-29,0701,Aqua,MODIS,21,6.2,297.7,12.8,D,0
24.088,90.3739,314.9,1.2,1.1,2011-09-04,0453,Terra,MODIS,63,6.2,295.4,8.6,D,0
25.4561,89.7804,318.6,1,1,2011-09-13,0447,Terra,MODIS,57,6.2,299.9,7.1,D,0
23.9415,90.2795,314.6,1,1,2011-09-28,0714,Aqua,MODIS,35,6.2,297.9,6,D,0
21.7567,91.842,312.3,1,1,2011-10-10,0429,Terra,MODIS,38,6.2,297.4,6.2,D,3
23.5896,89.8255,309.5,1.6,1.2,2011-11-01,0701,Aqua,MODIS,51,6.2,299,7.8,D,0
25.4707,89.6598,308.9,1.2,1.1,2011-11-02,0435,Terra,MODIS,0,6.2,296.9,7.4,D,0
25.4714,89.6528,312,1.5,1.2,2011-11-05,0505,Terra,MODIS,0,6.2,300.6,14.8,D,0
21.898,92.153,309.4,1.1,1,2011-11-06,0719,Aqua,MODIS,63,6.2,297.3,5.5,D,0
25.471,89.6585,313,1.1,1,2011-11-07,0453,Terra,MODIS,0,6.2,301.3,8.5,D,0
22.8487,89.9615,311.4,1.3,1.1,2011-11-08,0707,Aqua,MODIS,45,6.2,300,8.3,D,0
22.8508,89.9737,311.2,1.3,1.1,2011-11-08,0707,Aqua,MODIS,59,6.2,299.7,8.2,D,0
22.767,91.5645,310.7,1.6,1.2,2011-11-10,0655,Aqua,MODIS,64,6.2,300.1,10.6,D,0
23.1554,89.6823,310.5,1,1,2011-11-13,0726,Aqua,MODIS,50,6.2,297.8,3.9,D,0
22.8106,92.0534,312.6,1,1,2011-11-15,0713,Aqua,MODIS,68,6.2,298.3,7,D,0
25.4715,89.6565,306.2,1.2,1.1,2011-11-18,0434,Terra,MODIS,0,6.2,295.1,6.5,D,0
24.2091,91.3246,316.3,1.5,1.2,2011-11-20,0732,Aqua,MODIS,68,6.2,300.2,13.7,D,0
23.7284,90.9714,312.8,1,1,2011-11-22,0720,Aqua,MODIS,47,6.2,301.9,4.7,D,0
24.2773,90.0241,325.5,1,1,2011-11-22,0720,Aqua,MODIS,80,6.2,302.4,16.4,D,0
24.0564,89.8951,313.5,1,1,2011-11-22,0720,Aqua,MODIS,61,6.2,302.7,6.1,D,0
24.2929,91.3299,319.8,1,1,2011-11-22,0720,Aqua,MODIS,68,6.2,304.5,10.2,D,0
24.1758,91.1487,314.1,1,1,2011-11-22,0720,Aqua,MODIS,62,6.2,302.4,6.7,D,0
23.7775,90.9936,312,1,1,2011-11-22,0720,Aqua,MODIS,44,6.2,301.8,4.3,D,0
24.281,91.298,314.9,1.1,1,2011-11-24,0708,Aqua,MODIS,49,6.2,304.3,5.7,D,0
23.9381,89.4513,315.3,1.3,1.1,2011-11-24,0708,Aqua,MODIS,64,6.2,304.5,9.5,D,0
24.2973,91.3158,313.6,1.5,1.2,2011-11-26,0655,Aqua,MODIS,31,6.2,300.9,9.7,D,0
23.8539,90.9267,315,1.1,1.1,2011-11-29,0726,Aqua,MODIS,66,6.2,299.1,8.8,D,0
24.4712,89.2594,333.2,1,1,2011-11-29,0726,Aqua,MODIS,87,6.2,300.9,28.6,D,0
24.4699,89.2495,311.6,1,1,2011-11-29,0726,Aqua,MODIS,57,6.2,300.3,5.7,D,0
24.7594,91.9944,315.2,1,1,2011-12-01,0714,Aqua,MODIS,68,6.2,301.1,8.3,D,0
24.7608,92.0042,313.1,1,1,2011-12-01,0714,Aqua,MODIS,65,6.2,299.7,6.5,D,0
24.7205,92.1077,317.7,1,1,2011-12-01,0714,Aqua,MODIS,72,6.2,300.2,10.4,D,0
24.7218,92.1176,335.2,1,1,2011-12-01,0714,Aqua,MODIS,88,6.2,301.3,31.2,D,0
24.4651,89.2649,319.7,1.1,1,2011-12-01,0714,Aqua,MODIS,74,6.2,299,13.1,D,0
24.219,91.2961,323.4,1,1,2011-12-01,0714,Aqua,MODIS,49,6.2,302,11.5,D,0
23.7272,91.0241,311.9,1,1,2011-12-01,0714,Aqua,MODIS,41,6.2,297.1,4.3,D,0
24.4634,89.2541,313.3,1.1,1,2011-12-01,0714,Aqua,MODIS,57,6.2,298.4,7.1,D,0
24.0898,89.3499,310.2,1.1,1,2011-12-01,0714,Aqua,MODIS,57,6.2,297.5,6.2,D,0
24.2585,91.3169,313.3,1.5,1.2,2011-12-06,0732,Aqua,MODIS,58,6.2,300.1,7.9,D,0
24.1998,91.2809,315.4,1.5,1.2,2011-12-06,0732,Aqua,MODIS,48,6.2,300.3,9.1,D,0
22.1509,92.225,313.1,1.1,1,2011-12-08,0719,Aqua,MODIS,68,6.2,299.2,7.5,D,0
22.1522,92.2355,312,1.1,1,2011-12-08,0719,Aqua,MODIS,66,6.2,298.6,6.7,D,0
24.18,91.313,318.2,1,1,2011-12-08,0720,Aqua,MODIS,43,6.2,303.5,8.5,D,0
24.4779,89.3146,314.9,1,1,2011-12-08,0720,Aqua,MODIS,66,6.2,301.7,7.4,D,0
23.8429,90.9362,314.6,1,1,2011-12-08,0720,Aqua,MODIS,66,6.2,302.4,6.1,D,0
24.5935,89.0342,314,1,1,2011-12-08,0720,Aqua,MODIS,64,6.2,300.9,6.9,D,0
24.592,89.0243,315.7,1,1,2011-12-08,0720,Aqua,MODIS,67,6.2,299.7,8.6,D,0
24.2499,91.2233,314.6,1,1,2011-12-08,0720,Aqua,MODIS,54,6.2,302.2,6.3,D,0
25.1638,89.789,316,1,1,2011-12-08,0720,Aqua,MODIS,60,6.2,300.5,8.4,D,0
24.5873,89.0826,305.8,1.4,1.2,2011-12-13,0738,Aqua,MODIS,52,6.2,293.5,6.6,D,0
24.4923,89.2236,308.1,1.4,1.2,2011-12-13,0738,Aqua,MODIS,58,6.2,293.7,7.7,D,0
24.067,90.0596,305.6,1.1,1,2011-12-15,0726,Aqua,MODIS,55,6.2,295.2,4.3,D,0
23.7848,90.9758,307.3,1,1,2011-12-17,0714,Aqua,MODIS,44,6.2,297.1,4.2,D,0
23.7373,90.9707,309,1,1,2011-12-17,0714,Aqua,MODIS,65,6.2,298,5.1,D,0
24.5714,91.8354,308.7,1,1,2011-12-17,0714,Aqua,MODIS,53,6.2,298.7,4.6,D,0
24.5274,91.6527,308.9,1,1,2011-12-17,0714,Aqua,MODIS,60,6.2,297.9,4.4,D,0
24.176,91.1991,316.7,1,1,2011-12-17,0714,Aqua,MODIS,75,6.2,298,10.9,D,0
24.5156,91.315,312.9,1,1,2011-12-17,0714,Aqua,MODIS,56,6.2,297.9,6.5,D,0
24.5767,91.6142,307.3,1,1,2011-12-17,0714,Aqua,MODIS,55,6.2,297.2,3.4,D,0
24.5349,91.3216,313.2,1,1,2011-12-17,0714,Aqua,MODIS,28,6.2,297.2,6.7,D,0
23.1564,91.0164,309.8,1.1,1.1,2011-12-26,0707,Aqua,MODIS,61,6.2,297.7,6.5,D,0
23.2718,92.1793,308.9,1,1,2011-12-26,0707,Aqua,MODIS,58,6.2,297.6,4.6,D,0
23.2703,92.1694,312.3,1,1,2011-12-26,0707,Aqua,MODIS,67,6.2,297.2,7,D,0
24.5086,91.3931,314.7,1.1,1,2011-12-26,0708,Aqua,MODIS,50,6.2,302,7.3,D,0
24.4508,89.3325,319.5,1.3,1.1,2011-12-26,0708,Aqua,MODIS,75,6.2,299.7,16.7,D,0
24.504,89.2221,315.2,1.3,1.1,2011-12-26,0708,Aqua,MODIS,53,6.2,300.8,10.7,D,0
24.4637,91.8878,317.8,1,1,2011-12-26,0708,Aqua,MODIS,73,6.2,300.8,10.6,D,0
24.5233,91.3052,315.2,1.1,1,2011-12-26,0708,Aqua,MODIS,51,6.2,301.3,7.6,D,0
24.4698,91.7284,309.7,1,1,2011-12-27,0441,Terra,MODIS,56,6.2,298.4,4.9,D,0
23.8516,89.7412,307.7,1,1,2011-12-27,0442,Terra,MODIS,43,6.2,297.5,4.9,D,0
24.5052,91.3942,310.9,3.2,1.7,2011-12-27,0751,Aqua,MODIS,36,6.2,297.1,27.6,D,0
24.1371,91.2986,311.5,3.1,1.7,2011-12-27,0751,Aqua,MODIS,44,6.2,296.1,24.2,D,0
24.5962,91.5689,312.6,1.5,1.2,2011-12-28,0655,Aqua,MODIS,61,6.2,300.9,10,D,0
24.701,92.1688,315.7,1.3,1.1,2011-12-28,0655,Aqua,MODIS,71,6.2,298.9,12.7,D,0
24.5444,91.2776,313,1.5,1.2,2011-12-28,0655,Aqua,MODIS,23,6.2,300.2,10.6,D,0
24.5164,91.5765,311.2,1.5,1.2,2011-12-28,0655,Aqua,MODIS,49,6.2,299.7,8.7,D,0
24.4753,91.344,313.1,1.5,1.2,2011-12-28,0655,Aqua,MODIS,52,6.2,300.4,10.8,D,0
24.4965,91.4006,314.3,1.5,1.2,2011-12-28,0655,Aqua,MODIS,23,6.2,301.7,11.4,D,0
24.5159,91.3199,316.2,1.5,1.2,2011-12-28,0655,Aqua,MODIS,46,6.2,300.6,13.6,D,0
24.5267,91.3176,315.2,1.5,1.2,2011-12-28,0655,Aqua,MODIS,31,6.2,300.9,11.3,D,0
24.9318,92.1894,314.7,1.3,1.1,2011-12-28,0656,Aqua,MODIS,70,6.2,298.2,11,D,0
24.504,89.2195,315.3,2.1,1.4,2011-12-28,0656,Aqua,MODIS,60,6.2,299,23,D,0
24.934,92.2023,316.8,1.3,1.1,2011-12-28,0656,Aqua,MODIS,73,6.2,298.9,13.5,D,0
24.5175,91.3336,311.8,1.1,1.1,2011-12-29,0429,Terra,MODIS,65,6.2,298.6,7.5,D,0
24.5575,91.6705,312.8,2,1.4,2011-12-29,0738,Aqua,MODIS,65,6.2,301,14.2,D,0
24.1177,91.3062,314.3,1.9,1.3,2011-12-29,0738,Aqua,MODIS,54,6.2,299.7,14.6,D,0
24.1191,89.4141,312.3,1.4,1.2,2011-12-29,0738,Aqua,MODIS,60,6.2,298.3,8.7,D,0
24.5111,89.2321,316.3,1.4,1.2,2011-12-29,0738,Aqua,MODIS,58,6.2,298.8,13,D,0
24.4516,89.3149,315.2,1.4,1.2,2011-12-29,0738,Aqua,MODIS,42,6.2,298.2,12.1,D,0
24.429,91.6589,312.6,2.4,1.5,2011-12-30,0643,Aqua,MODIS,68,6.2,301.1,23,D,0
25.1627,90.9609,312.8,1.2,1.1,2011-12-31,0726,Aqua,MODIS,62,6.2,302.4,8.4,D,0
24.4418,89.3964,312.5,1,1,2011-12-31,0726,Aqua,MODIS,59,6.2,300.4,6,D,0
24.5075,89.2666,319.2,1,1,2011-12-31,0726,Aqua,MODIS,73,6.2,303.3,11.7,D,0
24.5131,91.6304,312.3,1.3,1.1,2011-12-31,0726,Aqua,MODIS,63,6.2,302,6.6,D,0
24.4976,89.2647,315.4,1,1,2011-12-31,0726,Aqua,MODIS,50,6.2,300.9,6.4,D,0
24.7448,89.0519,315.7,1,1,2011-12-31,0726,Aqua,MODIS,66,6.2,301.1,8.3,D,0
24.5645,89.1452,312.3,1,1,2011-12-31,0726,Aqua,MODIS,59,6.2,301.6,6.4,D,0
