latitude,longitude,brightness,scan,track,acq_date,acq_time,satellite,instrument,confidence,version,bright_t31,frp,daynight,type
23.2754,90.8911,309.2,1.4,1.2,2010-01-01,0735,Aqua,MODIS,64,6.2,296.6,8.1,D,0
23.3891,89.1941,307,1.1,1.1,2010-01-01,0735,Aqua,MODIS,56,6.2,295.6,5.4,D,0
23.5653,89.5937,304.3,1.2,1.1,2010-01-01,0735,Aqua,MODIS,43,6.2,294,3.9,D,0
24.0165,89.5743,307.3,1,1,2010-01-03,0723,Aqua,MODIS,60,6.2,295.4,4.7,D,0
23.0818,89.9002,306.5,1.3,1.1,2010-01-05,0710,Aqua,MODIS,57,6.2,295.7,5.9,D,0
25.0411,91.9819,307.6,1,1,2010-01-05,0711,Aqua,MODIS,62,6.2,296.9,4,D,0
24.9837,92.2831,312.4,1,1,2010-01-05,0711,Aqua,MODIS,71,6.2,298.4,7.4,D,0
25.7802,89.4609,302.3,1.1,1,2010-01-06,0441,Terra,MODIS,50,6.2,290.8,4.3,D,0
24.2746,91.3165,313.5,1.9,1.3,2010-01-08,0741,Aqua,MODIS,67,6.2,302.7,14.5,D,0
24.9637,92.2479,316.7,1.4,1.2,2010-01-10,0729,Aqua,MODIS,74,6.2,299.9,16.2,D,0
22.9891,90.0501,315.3,1,1,2010-01-10,0729,Aqua,MODIS,71,6.2,295.9,11.3,D,0
23.6805,88.5929,310.7,1,1,2010-01-10,0729,Aqua,MODIS,60,6.2,296.5,6.5,D,0
23.826,89.0409,311.6,1,1,2010-01-10,0729,Aqua,MODIS,63,6.2,297.7,6.3,D,0
24.926,92.1978,313.6,1.4,1.2,2010-01-10,0729,Aqua,MODIS,70,6.2,299.1,11.9,D,0
24.3549,88.4485,304.9,1.1,1.1,2010-01-11,0500,Terra,MODIS,51,6.2,294.1,5.3,D,0
24.9719,92.3498,305.3,1.2,1.1,2010-01-13,0447,Terra,MODIS,60,6.2,293.2,5.4,D,0
25.4107,89.7125,301.2,2.5,1.5,2010-01-16,0518,Terra,MODIS,0,6.2,288.6,9.5,D,0
22.9128,91.7492,306,1.5,1.2,2010-01-17,0735,Aqua,MODIS,52,6.2,292.8,8.7,D,0
24.5205,91.2698,313.3,1.1,1,2010-01-21,0711,Aqua,MODIS,28,6.2,303.1,7.1,D,0
24.5846,91.5634,312.9,1,1,2010-01-21,0711,Aqua,MODIS,57,6.2,302.6,6,D,0
25.0183,92.2453,315.4,1,1,2010-01-21,0711,Aqua,MODIS,70,6.2,304.5,6.2,D,0
25.7798,89.461,305,1.1,1,2010-01-22,0441,Terra,MODIS,44,6.2,293.5,4.7,D,0
23.5954,92.0303,309.8,1.4,1.2,2010-01-23,0658,Aqua,MODIS,62,6.2,297.1,11.3,D,0
24.5586,91.6646,316.5,2.3,1.5,2010-01-25,0646,Aqua,MODIS,75,6.2,302.7,30.7,D,0
22.9617,91.763,310.8,1.2,1.1,2010-01-26,0729,Aqua,MODIS,61,6.2,299.4,7,D,0
22.9641,91.7679,309.9,1.2,1.1,2010-01-26,0729,Aqua,MODIS,59,6.2,299.5,6.1,D,0
26.2857,88.435,310.9,1,1,2010-01-26,0730,Aqua,MODIS,58,6.2,298.7,5.5,D,0
22.9135,91.6678,315.3,1,1,2010-01-28,0716,Aqua,MODIS,69,6.2,301.6,8.1,D,0
23.1345,89.583,309.4,1.1,1,2010-01-28,0716,Aqua,MODIS,55,6.2,281,10,D,0
24.7448,92.0598,312,1,1,2010-01-28,0717,Aqua,MODIS,62,6.2,299.4,4.7,D,0
24.5469,91.6261,317.2,1,1,2010-01-28,0717,Aqua,MODIS,73,6.2,301.9,9.2,D,0
24.8935,92.4682,316,1,1,2010-01-28,0717,Aqua,MODIS,73,6.2,294,10.4,D,0
24.8827,92.4763,316.5,1.1,1,2010-01-30,0705,Aqua,MODIS,54,6.2,303.1,9.2,D,0
25.1008,91.8003,314.1,1.1,1.1,2010-01-30,0705,Aqua,MODIS,63,6.2,300.6,8,D,0
24.9952,92.2004,318.2,1.1,1,2010-01-30,0705,Aqua,MODIS,75,6.2,304.6,10.4,D,0
23.0797,89.569,310.1,1.8,1.3,2010-01-31,0747,Aqua,MODIS,58,6.2,297.9,12.6,D,0
23.1087,89.5847,317.3,2.8,1.6,2010-02-01,0652,Aqua,MODIS,74,6.2,299,48.9,D,0
23.0947,89.588,312.6,2.8,1.6,2010-02-01,0652,Aqua,MODIS,58,6.2,298.7,32,D,0
23.0511,89.9765,308.7,2.6,1.5,2010-02-01,0652,Aqua,MODIS,56,6.2,297.9,19.9,D,0
23.0959,89.5799,313.4,1.1,1.1,2010-02-02,0735,Aqua,MODIS,55,6.2,300.9,7.2,D,0
21.3731,92.2062,312.1,3.3,1.7,2010-02-03,0639,Aqua,MODIS,56,6.2,300,39.1,D,0
25.1051,92.1608,312.3,2.7,1.6,2010-02-03,0640,Aqua,MODIS,61,6.2,297.8,30,D,0
25.1014,92.166,317.1,2.7,1.6,2010-02-03,0640,Aqua,MODIS,66,6.2,297.9,42.7,D,0
25.1105,92.1871,316.4,2.7,1.6,2010-02-03,0640,Aqua,MODIS,76,6.2,296.6,47.8,D,0
22.9618,91.6123,310,1,1,2010-02-04,0722,Aqua,MODIS,57,6.2,299.2,4.7,D,0
21.1317,92.141,312.5,1.1,1,2010-02-04,0722,Aqua,MODIS,61,6.2,302.4,5.4,D,0
22.0591,92.2066,315.1,1.1,1,2010-02-04,0722,Aqua,MODIS,69,6.2,301.4,7.9,D,0
22.0578,92.1963,317.9,1.1,1,2010-02-04,0722,Aqua,MODIS,73,6.2,301.5,10.6,D,0
24.8875,92.4711,315.7,1.2,1.1,2010-02-04,0723,Aqua,MODIS,71,6.2,303.4,9.4,D,0
24.2181,91.388,313.9,1.1,1,2010-02-04,0723,Aqua,MODIS,65,6.2,300.5,7.4,D,0
24.2195,91.3982,312,1.1,1,2010-02-04,0723,Aqua,MODIS,61,6.2,301.5,5.9,D,0
23.0994,89.577,323.2,1,1,2010-02-04,0723,Aqua,MODIS,78,6.2,299.8,15.6,D,0
23.1008,89.5867,313.6,1,1,2010-02-04,0723,Aqua,MODIS,66,6.2,300.6,6.4,D,0
23.0705,89.9451,314.2,1,1,2010-02-04,0723,Aqua,MODIS,67,6.2,301.9,7.4,D,0
24.9717,92.4045,313.7,1.2,1.1,2010-02-04,0723,Aqua,MODIS,69,6.2,302.5,7.2,D,0
24.5604,91.6755,313.2,1.1,1,2010-02-04,0723,Aqua,MODIS,64,6.2,301.7,6.2,D,0
22.2932,92.0893,311.3,1,1,2010-02-06,0710,Aqua,MODIS,62,6.2,298.7,7,D,0
23.0643,89.9432,314.7,1.3,1.1,2010-02-06,0710,Aqua,MODIS,68,6.2,302,9.7,D,0
24.1852,91.3702,311,1.1,1,2010-02-06,0711,Aqua,MODIS,57,6.2,300,5.6,D,0
25.0706,89.5948,310,1,1,2010-02-07,0441,Terra,MODIS,0,6.2,299.9,7,D,0
23.1068,89.5872,316.8,2.3,1.5,2010-02-07,0753,Aqua,MODIS,69,6.2,300,30.9,D,0
25.4651,89.6512,312.8,1.9,1.3,2010-02-08,0659,Aqua,MODIS,0,6.2,302.1,19.6,D,0
24.4968,92.0924,305.6,1.1,1,2010-02-09,0429,Terra,MODIS,62,6.2,289.7,5.8,D,0
23.5941,89.901,317.3,1,1,2010-02-11,0729,Aqua,MODIS,57,6.2,304.4,7.9,D,0
23.0353,89.5084,312.9,1,1,2010-02-11,0729,Aqua,MODIS,60,6.2,302.5,5.7,D,0
25.0315,92.0336,316.1,1.4,1.2,2010-02-11,0729,Aqua,MODIS,71,6.2,303.9,8.2,D,0
22.6144,91.6814,302.7,1.3,1.1,2010-02-12,1556,Terra,MODIS,40,6.2,290.2,7.8,N,0
22.6264,91.692,300.5,1.3,1.1,2010-02-12,1556,Terra,MODIS,22,6.2,289.3,6,N,0
22.9719,89.5361,312.3,1.1,1.1,2010-02-13,0716,Aqua,MODIS,57,6.2,301.8,6.3,D,0
24.3969,91.6115,324.9,1,1,2010-02-13,0717,Aqua,MODIS,79,6.2,302.7,14.9,D,0
23.5535,88.8539,317.8,1.2,1.1,2010-02-13,0717,Aqua,MODIS,68,6.2,300.9,12.2,D,0
24.5593,91.6513,331.3,1,1,2010-02-13,0717,Aqua,MODIS,84,6.2,301,23.5,D,0
24.558,91.6415,352,1,1,2010-02-13,0717,Aqua,MODIS,96,6.2,303.2,59.8,D,0
24.6303,91.5625,315,1,1,2010-02-13,0717,Aqua,MODIS,62,6.2,301.5,6.8,D,0
25.5266,89.6215,310.1,1,1,2010-02-14,0447,Terra,MODIS,57,6.2,299.8,6,D,0
25.5252,89.6314,311.6,1,1,2010-02-14,0447,Terra,MODIS,65,6.2,300.3,7.2,D,0
23.0867,89.593,321.1,1,1,2010-02-14,0448,Terra,MODIS,77,6.2,299.5,13.4,D,0
23.1245,89.593,312.1,3,1.6,2010-02-14,0759,Aqua,MODIS,54,6.2,296.7,27.8,D,0
23.0801,89.5976,311.1,3,1.6,2010-02-14,0759,Aqua,MODIS,38,6.2,297,24.7,D,0
23.0911,89.575,315.2,3,1.6,2010-02-14,0759,Aqua,MODIS,65,6.2,296.8,39.8,D,0
24.1568,91.4101,319.6,1.2,1.1,2010-02-15,0704,Aqua,MODIS,73,6.2,297.9,15.5,D,0
23.4404,91.1788,311.6,1.3,1.1,2010-02-15,0704,Aqua,MODIS,37,6.2,297.4,7.8,D,0
25.0175,92.3391,319.1,1.1,1,2010-02-15,0705,Aqua,MODIS,69,6.2,302.9,10,D,0
25.1386,91.8202,319.2,1.1,1.1,2010-02-15,0705,Aqua,MODIS,73,6.2,301.3,12.3,D,0
25.0115,91.9376,332.6,1.1,1.1,2010-02-15,0705,Aqua,MODIS,86,6.2,303.9,29.9,D,0
24.2276,91.5974,311.6,1,1,2010-02-16,0435,Terra,MODIS,64,6.2,296.6,5.5,D,0
24.229,91.5876,311.4,1,1,2010-02-16,0435,Terra,MODIS,60,6.2,297.3,4.8,D,0
24.9645,91.7298,310.9,1.8,1.3,2010-02-17,0652,Aqua,MODIS,43,6.2,293.2,12,D,0
25.779,89.4698,308.4,1.9,1.4,2010-02-18,0423,Terra,MODIS,31,6.2,298.4,14.1,D,0
24.2088,91.3941,324.5,1.5,1.2,2010-02-18,0735,Aqua,MODIS,79,6.2,302.5,28,D,0
24.2105,91.4089,314.9,1.5,1.2,2010-02-18,0735,Aqua,MODIS,66,6.2,301.4,11.4,D,0
23.2849,92.16,322.6,1.1,1,2010-02-20,0722,Aqua,MODIS,77,6.2,300.3,15,D,0
23.4005,92.2775,318.7,1.1,1.1,2010-02-20,0722,Aqua,MODIS,73,6.2,299.4,13.9,D,0
23.0508,89.3511,310.4,1,1,2010-02-20,0722,Aqua,MODIS,45,6.2,299,4.2,D,0
23.278,92.1069,312.3,1.1,1,2010-02-20,0722,Aqua,MODIS,60,6.2,300.8,6,D,0
23.2956,92.1692,315.4,1.1,1,2010-02-20,0722,Aqua,MODIS,45,6.2,300.3,7.7,D,0
23.2942,92.1586,319.3,1.1,1,2010-02-20,0722,Aqua,MODIS,71,6.2,301.4,11.7,D,0
24.2904,91.6236,318.4,1.1,1,2010-02-20,0723,Aqua,MODIS,63,6.2,303.4,8.6,D,0
24.1687,91.3956,316.2,1.1,1,2010-02-20,0723,Aqua,MODIS,52,6.2,304,6.8,D,0
24.2812,91.625,316,1.1,1,2010-02-20,0723,Aqua,MODIS,32,6.2,303.7,6.1,D,0
23.0243,91.8952,313.6,1,1,2010-02-22,0710,Aqua,MODIS,61,6.2,303.4,5.3,D,0
22.0564,92.2081,316.1,1,1,2010-02-22,0710,Aqua,MODIS,68,6.2,303.9,6.9,D,0
22.8685,91.606,316.6,1.1,1,2010-02-22,0710,Aqua,MODIS,67,6.2,303.9,8.8,D,0
22.6148,91.6913,319.4,1.1,1,2010-02-22,0710,Aqua,MODIS,72,6.2,298.8,13.2,D,0
21.5637,92.1817,343.4,1.1,1,2010-02-22,0710,Aqua,MODIS,92,6.2,304.2,45.1,D,0
22.8669,91.5957,314.1,1.1,1,2010-02-22,0710,Aqua,MODIS,61,6.2,303,6.9,D,0
22.6747,91.8996,317.7,1.1,1,2010-02-22,0710,Aqua,MODIS,70,6.2,301,9.5,D,0
21.217,92.0815,312,1.1,1,2010-02-22,0710,Aqua,MODIS,54,6.2,298.8,6.2,D,0
22.6051,91.6947,302.4,1.9,1.3,2010-02-22,1633,Terra,MODIS,49,6.2,290.4,16.3,N,0
25.4759,89.6593,312.8,1,1,2010-02-23,0441,Terra,MODIS,0,6.2,302.2,8.3,D,0
22.6102,91.7061,311.6,1,1,2010-02-23,0442,Terra,MODIS,39,6.2,295.6,7.3,D,0
21.6915,92.155,319.2,1.1,1,2010-02-23,0442,Terra,MODIS,75,6.2,303.4,12.6,D,0
21.6981,92.1513,318.4,1.1,1,2010-02-23,0442,Terra,MODIS,75,6.2,303.2,11,D,0
21.6998,92.1408,313.7,1.1,1,2010-02-23,0442,Terra,MODIS,64,6.2,303.1,6.2,D,0
21.6931,92.1445,339.3,1.1,1,2010-02-23,0442,Terra,MODIS,90,6.2,304.7,41.9,D,0
22.9775,89.5937,312.4,2.3,1.5,2010-02-23,0753,Aqua,MODIS,51,6.2,295.6,23.3,D,0
22.9797,89.6014,309.7,2.3,1.5,2010-02-23,0753,Aqua,MODIS,42,6.2,294.9,15.3,D,0
25.071,89.5951,312,1.5,1.2,2010-02-25,0429,Terra,MODIS,0,6.2,299.1,11.1,D,0
22.2896,92.1369,318,1.3,1.1,2010-02-27,0728,Aqua,MODIS,65,6.2,303.3,11.3,D,0
25.0503,91.8412,332.4,1.3,1.1,2010-02-27,0729,Aqua,MODIS,85,6.2,305.4,33,D,0
24.9999,92.1097,316.6,1.4,1.2,2010-02-27,0729,Aqua,MODIS,51,6.2,303.3,7.6,D,0
24.5339,91.9395,317.8,1.3,1.1,2010-02-27,0729,Aqua,MODIS,66,6.2,303.2,9.4,D,0
23.1039,89.5843,325.2,1,1,2010-02-27,0729,Aqua,MODIS,51,6.2,309.8,12.4,D,0
24.5354,91.9524,315.7,1.3,1.1,2010-02-27,0729,Aqua,MODIS,61,6.2,302.4,6.9,D,0
23.0837,89.5741,340.7,1,1,2010-02-27,0729,Aqua,MODIS,80,6.2,308.8,33.5,D,0
25.0488,91.8283,321.6,1.3,1.1,2010-02-27,0729,Aqua,MODIS,75,6.2,304.3,14.1,D,0
23.0949,89.5858,326.4,1,1,2010-02-27,0729,Aqua,MODIS,69,6.2,310.1,14.5,D,0
26.2014,89.0246,311.7,1.1,1.1,2010-02-28,0459,Terra,MODIS,41,6.2,297.3,7.5,D,0
25.4788,89.6636,313.6,1.3,1.1,2010-02-28,0500,Terra,MODIS,0,6.2,299.6,11.1,D,0
22.2994,92.0872,315.2,1,1,2010-03-01,0716,Aqua,MODIS,58,6.2,302.3,5.8,D,0
22.3989,92.1436,318.1,1,1,2010-03-01,0716,Aqua,MODIS,65,6.2,305.2,6.3,D,0
22.1843,92.1229,320.5,1,1,2010-03-01,0716,Aqua,MODIS,71,6.2,305.4,9.2,D,0
24.2017,91.222,320.9,1,1,2010-03-01,0717,Aqua,MODIS,63,6.2,307.3,8.7,D,0
24.1974,91.3823,337.5,1,1,2010-03-01,0717,Aqua,MODIS,88,6.2,307.7,26.9,D,0
24.1772,90.3736,317.6,1,1,2010-03-01,0717,Aqua,MODIS,62,6.2,305.3,5.4,D,0
25.0166,92.0355,319.6,1,1,2010-03-01,0717,Aqua,MODIS,74,6.2,301.7,8.3,D,0
26.2033,89.0206,312.2,1,1,2010-03-02,0447,Terra,MODIS,0,6.2,298.5,6.3,D,0
25.4738,89.6593,315.7,1,1,2010-03-02,0447,Terra,MODIS,0,6.2,303.5,8.2,D,0
22.5754,92.1455,310.1,1.3,1.1,2010-03-02,0448,Terra,MODIS,42,6.2,299.9,6.3,D,0
23.2324,89.7776,315.4,1,1,2010-03-02,0448,Terra,MODIS,48,6.2,303.4,5.3,D,0
24.1455,91.2475,325.4,1.3,1.1,2010-03-03,0704,Aqua,MODIS,75,6.2,306.4,16.4,D,0
24.3132,91.5771,320.4,1.2,1.1,2010-03-03,0704,Aqua,MODIS,62,6.2,306.2,8.1,D,0
23.2558,91.8336,341.9,1.2,1.1,2010-03-03,0704,Aqua,MODIS,91,6.2,303.6,50.5,D,0
23.2577,91.8453,356.2,1.2,1.1,2010-03-03,0704,Aqua,MODIS,98,6.2,302.6,89.5,D,0
23.2461,91.8355,316.8,1.2,1.1,2010-03-03,0704,Aqua,MODIS,66,6.2,301,9.3,D,0
23.248,91.8472,320.4,1.2,1.1,2010-03-03,0704,Aqua,MODIS,72,6.2,301.4,13.5,D,0
23.3997,92.2795,318.4,1.1,1.1,2010-03-03,0704,Aqua,MODIS,69,6.2,301.7,11.7,D,0
24.3113,91.5654,321.2,1.2,1.1,2010-03-03,0704,Aqua,MODIS,69,6.2,307.6,8.5,D,0
23.0887,89.5885,322.9,1.8,1.3,2010-03-04,0747,Aqua,MODIS,45,6.2,308.2,22.2,D,0
25.8406,88.7994,305.2,1,1,2010-03-04,1955,Aqua,MODIS,63,6.2,291.1,7.3,N,0
24.7044,90.0767,323.9,1.3,1.1,2010-03-06,0735,Aqua,MODIS,75,6.2,306.2,13.4,D,0
23.0067,89.6183,316.7,1.1,1.1,2010-03-06,0735,Aqua,MODIS,51,6.2,302.9,6.7,D,0
24.2321,91.263,323.5,1.5,1.2,2010-03-06,0735,Aqua,MODIS,73,6.2,303.3,19.3,D,0
24.1513,91.2665,322.9,1.5,1.2,2010-03-06,0735,Aqua,MODIS,53,6.2,304.2,15.2,D,0
22.9668,89.5343,319.5,1.1,1.1,2010-03-06,0735,Aqua,MODIS,46,6.2,304.1,9.7,D,0
24.2833,90.1254,321.1,1.3,1.1,2010-03-06,0735,Aqua,MODIS,68,6.2,305,11.8,D,0
24.699,90.1154,320.5,1.3,1.1,2010-03-06,0735,Aqua,MODIS,27,6.2,305.5,8.4,D,0
24.1659,91.3965,323.9,1.5,1.2,2010-03-06,0735,Aqua,MODIS,75,6.2,306.6,16.3,D,0
23.0845,89.603,319.4,1.7,1.3,2010-03-07,0506,Terra,MODIS,61,6.2,301,19.2,D,0
23.0875,89.5867,319.5,1.7,1.3,2010-03-07,0506,Terra,MODIS,61,6.2,301.4,20.1,D,0
22.0848,92.13,322,1.1,1,2010-03-08,0722,Aqua,MODIS,69,6.2,304.2,9.9,D,0
22.0835,92.1198,321,1.1,1,2010-03-08,0722,Aqua,MODIS,68,6.2,303.7,8.8,D,0
23.3086,90.2027,320.6,1,1,2010-03-08,0722,Aqua,MODIS,66,6.2,305.7,5.9,D,0
24.0494,90.4253,323.3,1,1,2010-03-08,0723,Aqua,MODIS,66,6.2,308.3,9.6,D,0
24.1844,91.2028,329.7,1,1,2010-03-08,0723,Aqua,MODIS,55,6.2,309.6,14.5,D,0
24.1794,91.2346,328.6,1,1,2010-03-08,0723,Aqua,MODIS,53,6.2,311.3,11.4,D,0
24.1584,91.4249,330.6,1.1,1,2010-03-08,0723,Aqua,MODIS,79,6.2,306,17.7,D,0
24.1493,91.4263,336.4,1.1,1,2010-03-08,0723,Aqua,MODIS,86,6.2,304.8,27.4,D,0
24.4824,92.0594,325.2,1.1,1.1,2010-03-08,0723,Aqua,MODIS,76,6.2,304.3,14,D,0
24.6979,90.1257,317.8,1,1,2010-03-08,0723,Aqua,MODIS,47,6.2,304.1,4.5,D,0
24.163,90.3794,332.6,1,1,2010-03-08,0723,Aqua,MODIS,80,6.2,308.8,17.8,D,0
24.1643,90.5193,326.2,1,1,2010-03-08,0723,Aqua,MODIS,75,6.2,308.1,12,D,0
24.1149,90.4275,323.2,1,1,2010-03-08,0723,Aqua,MODIS,65,6.2,307.7,6.6,D,0
24.1163,90.4373,326.8,1,1,2010-03-08,0723,Aqua,MODIS,76,6.2,308.5,10.3,D,0
24.6865,90.1307,318.6,1.1,1.1,2010-03-09,0454,Terra,MODIS,63,6.2,304,8.5,D,0
24.1855,90.3618,331.7,1.2,1.1,2010-03-09,0454,Terra,MODIS,84,6.2,305.1,26.5,D,0
24.0814,90.4304,325.3,1.2,1.1,2010-03-09,0454,Terra,MODIS,78,6.2,303.9,17.8,D,0
24.1836,90.3732,322,1.2,1.1,2010-03-09,0454,Terra,MODIS,72,6.2,305.3,11.6,D,0
22.801,91.6021,318.1,1.5,1.2,2010-03-09,0454,Terra,MODIS,69,6.2,304.3,13.6,D,0
23.0418,89.8873,327,1.2,1.1,2010-03-09,0454,Terra,MODIS,64,6.2,301.5,20.8,D,0
24.1652,91.2089,325.9,1.3,1.1,2010-03-09,0454,Terra,MODIS,73,6.2,307,20.1,D,0
23.0532,89.878,314.9,1.2,1.1,2010-03-09,0454,Terra,MODIS,41,6.2,303.2,7.5,D,0
23.0513,89.8891,320,1.2,1.1,2010-03-09,0454,Terra,MODIS,46,6.2,306.4,12.2,D,0
23.0476,89.9114,321,1.2,1.1,2010-03-09,0454,Terra,MODIS,53,6.2,305.2,11.9,D,0
23.1206,89.7654,321.3,1.1,1.1,2010-03-09,0454,Terra,MODIS,70,6.2,306.5,12,D,0
22.9823,92.2912,303.6,1.4,1.2,2010-03-09,1550,Terra,MODIS,56,6.2,292.7,8.8,N,0
22.6349,91.669,322.2,1.1,1,2010-03-10,0710,Aqua,MODIS,69,6.2,307.7,10.9,D,0
24.1984,91.3823,323.4,1.1,1,2010-03-10,0710,Aqua,MODIS,49,6.2,310.8,7.5,D,0
24.1968,91.372,331.6,1.1,1,2010-03-10,0710,Aqua,MODIS,82,6.2,311.8,19.2,D,0
23.51,91.955,317.7,1,1,2010-03-10,0710,Aqua,MODIS,62,6.2,306,7.1,D,0
21.9458,91.9889,329.3,1.1,1,2010-03-10,0710,Aqua,MODIS,79,6.2,309.3,18.4,D,0
22.1875,92.3646,319.8,1,1,2010-03-10,0710,Aqua,MODIS,65,6.2,308.8,6.4,D,0
21.9382,92.0006,333.1,1.1,1,2010-03-10,0710,Aqua,MODIS,83,6.2,310.8,23.1,D,0
21.8532,92.2239,323.4,1,1,2010-03-10,0710,Aqua,MODIS,72,6.2,310.8,9.4,D,0
22.0159,92.265,337.2,1,1,2010-03-10,0710,Aqua,MODIS,87,6.2,310.5,30.1,D,0
22.6809,91.6608,320.9,1.1,1,2010-03-10,0710,Aqua,MODIS,49,6.2,305,9,D,0
22.6793,91.6504,324,1.1,1,2010-03-10,0710,Aqua,MODIS,69,6.2,307.3,12.2,D,0
22.695,91.6408,317.6,1.1,1,2010-03-10,0710,Aqua,MODIS,33,6.2,306.4,5.7,D,0
22.7227,91.6359,317.9,1.1,1,2010-03-10,0710,Aqua,MODIS,48,6.2,305.9,6.6,D,0
22.8062,91.5831,320.5,1.1,1,2010-03-10,0710,Aqua,MODIS,54,6.2,307.5,7.5,D,0
22.8488,91.8591,325.2,1.1,1,2010-03-10,0710,Aqua,MODIS,75,6.2,310.5,12.4,D,0
21.5627,92.1286,317.4,1.1,1,2010-03-10,0710,Aqua,MODIS,28,6.2,306.5,4.9,D,0
22.2726,92.1287,321.2,1,1,2010-03-10,0710,Aqua,MODIS,62,6.2,307,8.5,D,0
21.8638,92.236,334,1,1,2010-03-10,0710,Aqua,MODIS,84,6.2,312.1,23.7,D,0
21.8654,92.246,322.3,1,1,2010-03-10,0710,Aqua,MODIS,70,6.2,310.3,8.6,D,0
22.4576,92.4398,319.8,1,1,2010-03-10,0710,Aqua,MODIS,65,6.2,307,7.8,D,0
21.929,92.0023,332,1.1,1,2010-03-10,0710,Aqua,MODIS,82,6.2,310.2,22.2,D,0
21.6888,92.1765,330,1.1,1,2010-03-10,0710,Aqua,MODIS,80,6.2,310.2,18.8,D,0
21.6782,92.1681,330.3,1.1,1,2010-03-10,0710,Aqua,MODIS,81,6.2,309.6,18.2,D,0
23.2955,91.8199,328.5,1,1,2010-03-10,0710,Aqua,MODIS,80,6.2,308.1,17.6,D,0
22.028,92.2218,322.8,1,1,2010-03-10,0710,Aqua,MODIS,71,6.2,311,8.9,D,0
23.1784,92.1411,324.7,1,1,2010-03-10,0710,Aqua,MODIS,75,6.2,309,12.6,D,0
23.1799,92.151,321.8,1,1,2010-03-10,0710,Aqua,MODIS,71,6.2,308.8,9.5,D,0
23.1693,92.1427,345.7,1,1,2010-03-10,0710,Aqua,MODIS,93,6.2,309.1,44.2,D,0
23.1708,92.1526,350.1,1,1,2010-03-10,0710,Aqua,MODIS,95,6.2,308.5,53.7,D,0
24.0897,90.2948,314.9,1.2,1.1,2010-03-10,0710,Aqua,MODIS,38,6.2,304.2,7.3,D,0
23.5025,91.9667,323.3,1,1,2010-03-10,0710,Aqua,MODIS,74,6.2,305.9,12.7,D,0
23.4529,90.8119,323.2,1.1,1.1,2010-03-10,0710,Aqua,MODIS,61,6.2,310.5,11.5,D,0
23.1213,89.5958,321.8,1.3,1.1,2010-03-10,0710,Aqua,MODIS,48,6.2,308.9,12.5,D,0
23.0788,89.5846,328.2,1.3,1.1,2010-03-10,0710,Aqua,MODIS,44,6.2,309.9,23.8,D,0
22.2847,92.2085,326.5,1,1,2010-03-10,0710,Aqua,MODIS,76,6.2,309.2,13.4,D,0
22.2862,92.2185,326.5,1,1,2010-03-10,0710,Aqua,MODIS,76,6.2,309.3,13.7,D,0
23.2112,89.76,325.3,1.3,1.1,2010-03-10,0710,Aqua,MODIS,75,6.2,306.1,20.1,D,0
23.588,92.0478,326.4,1,1,2010-03-10,0710,Aqua,MODIS,77,6.2,304.7,18.3,D,0
21.5444,92.1319,318.9,1.1,1,2010-03-10,0710,Aqua,MODIS,60,6.2,308.2,7.2,D,0
24.3294,91.9464,320.9,1,1,2010-03-10,0710,Aqua,MODIS,67,6.2,309.3,7.6,D,0
24.2357,91.274,329.7,1.1,1,2010-03-10,0710,Aqua,MODIS,76,6.2,313.9,16,D,0
24.162,91.2073,340.5,1.1,1,2010-03-10,0710,Aqua,MODIS,89,6.2,316,33.1,D,0
23.4205,90.034,325.7,1.2,1.1,2010-03-10,0710,Aqua,MODIS,75,6.2,307.9,18.9,D,0
23.1632,91.8559,326.9,1,1,2010-03-10,0710,Aqua,MODIS,78,6.2,306.8,16.4,D,0
22.1832,92.0894,324.6,1,1,2010-03-10,0710,Aqua,MODIS,74,6.2,309.6,11.9,D,0
22.2302,92.0952,328.4,1,1,2010-03-10,0710,Aqua,MODIS,78,6.2,307.1,17.9,D,0
22.2393,92.0935,339.5,1,1,2010-03-10,0710,Aqua,MODIS,88,6.2,307.9,34.7,D,0
22.3186,92.0738,341.5,1,1,2010-03-10,0710,Aqua,MODIS,90,6.2,309.3,37.9,D,0
22.3171,92.0638,332.2,1,1,2010-03-10,0710,Aqua,MODIS,82,6.2,307.9,23.4,D,0
22.3611,92.0456,320.1,1,1,2010-03-10,0710,Aqua,MODIS,65,6.2,305.8,8.3,D,0
22.507,91.9763,323.9,1.1,1,2010-03-10,0710,Aqua,MODIS,73,6.2,309.2,9.9,D,0
22.0872,92.1842,326.4,1,1,2010-03-10,0710,Aqua,MODIS,76,6.2,312.5,11.9,D,0
23.6015,91.9532,332,1,1,2010-03-10,0710,Aqua,MODIS,83,6.2,305.5,23.9,D,0
22.8554,91.5954,331.5,1.1,1,2010-03-10,0710,Aqua,MODIS,82,6.2,305.4,23.5,D,0
22.8803,91.5841,325.6,1.1,1,2010-03-10,0710,Aqua,MODIS,76,6.2,306.1,15.5,D,0
23.5924,91.9549,323.5,1,1,2010-03-10,0710,Aqua,MODIS,73,6.2,304.6,14,D,0
23.0213,92.3238,319,1,1,2010-03-10,0710,Aqua,MODIS,64,6.2,306.9,7.4,D,0
21.966,92.2431,320.4,1,1,2010-03-10,0710,Aqua,MODIS,56,6.2,309.4,6.5,D,0
22.3943,92.1425,323.6,1,1,2010-03-10,0710,Aqua,MODIS,71,6.2,312,8.7,D,0
22.2317,92.1052,319.8,1,1,2010-03-10,0710,Aqua,MODIS,64,6.2,306.6,7.7,D,0
22.7495,91.8095,319.2,1.1,1,2010-03-10,0710,Aqua,MODIS,61,6.2,307.7,7,D,0
24.5308,91.9442,318,1,1,2010-03-11,0441,Terra,MODIS,70,6.2,306.5,6.7,D,0
24.4439,92.0882,325.8,1,1,2010-03-11,0441,Terra,MODIS,79,6.2,303.8,18.3,D,0
24.4424,92.0984,312.4,1,1,2010-03-11,0441,Terra,MODIS,38,6.2,302.2,4.6,D,0
23.7662,90.9061,319.9,1,1,2010-03-11,0442,Terra,MODIS,52,6.2,307.6,8.5,D,0
24.2192,91.811,320,1,1,2010-03-11,0442,Terra,MODIS,71,6.2,306.2,8.8,D,0
24.212,90.51,318.9,1,1,2010-03-11,0442,Terra,MODIS,68,6.2,307.3,6.6,D,0
21.8599,92.3528,317.8,1.1,1.1,2010-03-11,0442,Terra,MODIS,69,6.2,304.2,9.7,D,0
21.8616,92.3424,318.8,1.1,1.1,2010-03-11,0442,Terra,MODIS,70,6.2,304.2,10.9,D,0
21.8709,92.3441,315.5,1.1,1.1,2010-03-11,0442,Terra,MODIS,37,6.2,304.1,6.8,D,0
24.2572,91.7423,324.9,1,1,2010-03-11,0442,Terra,MODIS,78,6.2,305.9,12.7,D,0
21.96,92.0263,318.3,1.1,1,2010-03-11,0442,Terra,MODIS,68,6.2,305.7,8.7,D,0
22.3275,92.4383,358.5,1.1,1.1,2010-03-11,0442,Terra,MODIS,99,6.2,303.9,88.6,D,0
23.0888,89.7433,316.5,1,1,2010-03-11,0442,Terra,MODIS,63,6.2,303.3,5.2,D,0
23.0874,89.753,329,1,1,2010-03-11,0442,Terra,MODIS,81,6.2,303.1,18.5,D,0
22.1964,92.1629,317.2,1.1,1,2010-03-11,0442,Terra,MODIS,67,6.2,306.5,6.8,D,0
22.6273,92.4784,324.9,1.1,1.1,2010-03-11,0442,Terra,MODIS,78,6.2,302.2,19.6,D,0
24.2589,91.31,322.8,1,1,2010-03-11,0442,Terra,MODIS,59,6.2,310.6,9,D,0
24.2141,91.3021,324.3,1,1,2010-03-11,0442,Terra,MODIS,68,6.2,309.6,10.1,D,0
22.6724,91.6638,318.3,1,1,2010-03-11,0442,Terra,MODIS,68,6.2,305.3,8.2,D,0
22.7025,91.6443,324.8,1,1,2010-03-11,0442,Terra,MODIS,77,6.2,306.4,14.6,D,0
22.7041,91.6343,318.4,1,1,2010-03-11,0442,Terra,MODIS,64,6.2,306,7,D,0
21.4415,92.5986,318.5,3.6,1.8,2010-03-11,0752,Aqua,MODIS,32,6.2,305.7,44.9,D,0
21.4351,92.5919,320.7,3.6,1.8,2010-03-11,0752,Aqua,MODIS,73,6.2,306.2,65.8,D,0
22.0031,92.2532,318.3,3.5,1.8,2010-03-11,0753,Aqua,MODIS,66,6.2,305.5,42.9,D,0
22.0102,92.2567,321.3,3.5,1.8,2010-03-11,0753,Aqua,MODIS,72,6.2,306.3,61.7,D,0
23.0508,89.8961,318.8,2.4,1.5,2010-03-11,0753,Aqua,MODIS,46,6.2,303,29.8,D,0
22.6145,92.4668,302.6,2.3,1.5,2010-03-11,1538,Terra,MODIS,50,6.2,286,19.3,N,0
22.6117,92.4619,300.2,2.3,1.5,2010-03-11,1538,Terra,MODIS,23,6.2,285.9,15.9,N,0
21.2754,92.6188,321.4,1.4,1.2,2010-03-12,0657,Aqua,MODIS,69,6.2,304.6,20.4,D,0
22.0054,92.2788,325.2,1.5,1.2,2010-03-12,0657,Aqua,MODIS,75,6.2,304.7,24.6,D,0
22.0104,92.2676,318.3,1.5,1.2,2010-03-12,0657,Aqua,MODIS,62,6.2,307.1,12.1,D,0
22.013,92.2832,316.4,1.5,1.2,2010-03-12,0657,Aqua,MODIS,49,6.2,305.1,9.2,D,0
22.5513,91.7108,320.1,1.6,1.2,2010-03-12,0658,Aqua,MODIS,46,6.2,305.4,13.7,D,0
23.2573,91.8356,317.6,1.5,1.2,2010-03-12,0658,Aqua,MODIS,67,6.2,304.8,11.7,D,0
22.2913,92.0688,318.3,1.5,1.2,2010-03-12,0658,Aqua,MODIS,66,6.2,304.7,13.4,D,0
22.2938,92.0832,321.2,1.5,1.2,2010-03-12,0658,Aqua,MODIS,71,6.2,305.1,18.7,D,0
22.2509,92.0918,320.5,1.5,1.2,2010-03-12,0658,Aqua,MODIS,70,6.2,304.4,17.6,D,0
22.5553,91.7189,325.2,1.6,1.2,2010-03-12,0658,Aqua,MODIS,77,6.2,304.7,25.4,D,0
22.5964,91.6949,318.7,1.6,1.2,2010-03-12,0658,Aqua,MODIS,68,6.2,306.5,13.8,D,0
23.7121,92.1361,315.7,1.4,1.2,2010-03-12,0658,Aqua,MODIS,63,6.2,302.8,12.4,D,0
22.4473,92.2502,320.6,1.5,1.2,2010-03-12,0658,Aqua,MODIS,69,6.2,305.1,18.2,D,0
22.3558,92.4443,338.7,1.4,1.2,2010-03-12,0658,Aqua,MODIS,88,6.2,306.2,54.4,D,0
23.7314,90.9188,320,1.7,1.3,2010-03-12,0658,Aqua,MODIS,55,6.2,306.8,19,D,0
22.3234,92.3815,316.7,1.4,1.2,2010-03-12,0658,Aqua,MODIS,58,6.2,305.1,10.3,D,0
22.6407,91.6811,315.3,1.6,1.2,2010-03-12,0658,Aqua,MODIS,33,6.2,303.2,8.6,D,0
22.6375,91.671,321.8,1.6,1.2,2010-03-12,0658,Aqua,MODIS,73,6.2,305.8,20.3,D,0
22.6378,91.6653,319.5,1.6,1.2,2010-03-12,0658,Aqua,MODIS,62,6.2,306.3,15.2,D,0
21.4433,92.5968,303.7,1.3,1.1,2010-03-12,1620,Terra,MODIS,46,6.2,290.8,8.1,N,0
21.2734,92.6202,307.5,1.3,1.1,2010-03-12,1620,Terra,MODIS,30,6.2,290.7,9.2,N,0
24.592,91.9266,308.7,1.1,1,2010-03-13,0429,Terra,MODIS,44,6.2,291.2,7.1,D,0
23.1181,89.767,317.7,1.3,1.1,2010-03-13,0430,Terra,MODIS,49,6.2,299.5,13.4,D,0
21.6007,92.3363,315.8,1,1,2010-03-13,0430,Terra,MODIS,64,6.2,302.6,6,D,0
21.5896,92.3228,316.9,2.1,1.4,2010-03-13,0740,Aqua,MODIS,53,6.2,301.2,18.5,D,0
21.4993,92.3192,324.5,2,1.4,2010-03-13,0740,Aqua,MODIS,75,6.2,296.6,43.1,D,0
23.0815,89.9628,327.7,1.5,1.2,2010-03-13,0741,Aqua,MODIS,74,6.2,307.4,24.7,D,0
24.6902,90.1476,318.9,1.6,1.2,2010-03-13,0741,Aqua,MODIS,53,6.2,294.8,19.7,D,0
23.087,89.6047,315.3,1.4,1.2,2010-03-13,0741,Aqua,MODIS,28,6.2,292.8,14.1,D,0
25.5324,88.5377,314,1.3,1.1,2010-03-13,0741,Aqua,MODIS,32,6.2,303,5.9,D,0
24.6885,90.132,328.4,1.6,1.2,2010-03-13,0741,Aqua,MODIS,83,6.2,299,39.3,D,0
23.147,89.6736,318.4,2.2,1.4,2010-03-14,0512,Terra,MODIS,59,6.2,302.4,23.3,D,0
21.2753,92.6176,306,1,1,2010-03-14,1608,Terra,MODIS,66,6.2,290.1,6.7,N,0
21.8675,92.3171,305.6,1,1,2010-03-14,1608,Terra,MODIS,65,6.2,293.9,5.8,N,0
22.728,91.7013,317.6,1.6,1.2,2010-03-15,0417,Terra,MODIS,66,6.2,302.5,12,D,0
22.7289,91.7074,321.9,1.6,1.2,2010-03-15,0417,Terra,MODIS,73,6.2,302.6,18.6,D,0
23.0609,91.9405,328.8,1.3,1.1,2010-03-15,0728,Aqua,MODIS,79,6.2,306.6,20.8,D,0
23.0323,89.5067,319,1,1,2010-03-15,0728,Aqua,MODIS,26,6.2,305.6,7,D,0
23.0591,91.9355,324.7,1.3,1.1,2010-03-15,0728,Aqua,MODIS,73,6.2,306.1,14.9,D,0
22.8758,89.9028,320.2,1,1,2010-03-15,0728,Aqua,MODIS,0,6.2,303.9,8.1,D,0
22.3411,92.0452,325.7,1.2,1.1,2010-03-15,0728,Aqua,MODIS,75,6.2,304.1,18.9,D,0
22.972,89.5321,323.4,1,1,2010-03-15,0728,Aqua,MODIS,54,6.2,308.4,11.4,D,0
23.0224,89.7655,328.3,1,1,2010-03-15,0728,Aqua,MODIS,70,6.2,307.1,13.1,D,0
22.3397,92.0332,321.1,1.2,1.1,2010-03-15,0728,Aqua,MODIS,68,6.2,304,12.2,D,0
23.0663,89.9519,327,1,1,2010-03-15,0728,Aqua,MODIS,53,6.2,306.6,11.2,D,0
23.1704,92.2535,320.8,1.3,1.1,2010-03-15,0728,Aqua,MODIS,66,6.2,305.1,12.9,D,0
23.172,92.2661,318.3,1.3,1.1,2010-03-15,0728,Aqua,MODIS,60,6.2,304.3,9.6,D,0
23.1664,92.3059,321.2,1.3,1.1,2010-03-15,0728,Aqua,MODIS,67,6.2,305.3,14.5,D,0
23.6456,91.9818,326.2,1.3,1.1,2010-03-15,0728,Aqua,MODIS,76,6.2,301.1,23,D,0
23.0606,91.9475,321.9,1.3,1.1,2010-03-15,0728,Aqua,MODIS,68,6.2,306.4,10.9,D,0
22.7801,91.6508,335.9,1.2,1.1,2010-03-15,0728,Aqua,MODIS,85,6.2,304.6,34.8,D,0
21.604,92.2669,321.2,1.3,1.1,2010-03-15,0728,Aqua,MODIS,76,6.2,295.9,16.2,D,0
22.339,92.04,331.6,1.2,1.1,2010-03-15,0728,Aqua,MODIS,82,6.2,304.2,29.1,D,0
23.6471,91.9943,316.1,1.3,1.1,2010-03-15,0728,Aqua,MODIS,49,6.2,299.5,8.7,D,0
22.9503,91.6253,321,1.2,1.1,2010-03-15,0728,Aqua,MODIS,67,6.2,304.2,10.4,D,0
23.0903,89.7287,328,1,1,2010-03-15,0728,Aqua,MODIS,77,6.2,306.7,12,D,0
24.146,91.4154,326.2,1.2,1.1,2010-03-15,0729,Aqua,MODIS,65,6.2,303.8,15.4,D,0
24.1445,91.4036,328.7,1.2,1.1,2010-03-15,0729,Aqua,MODIS,78,6.2,305.8,17.9,D,0
24.184,91.3087,326.4,1.2,1.1,2010-03-15,0729,Aqua,MODIS,54,6.2,305.2,17.2,D,0
25.1654,91.7742,313.9,1.3,1.1,2010-03-15,0729,Aqua,MODIS,55,6.2,299.9,8.3,D,0
22.4102,92.3997,306.8,1,1,2010-03-15,1937,Aqua,MODIS,69,6.2,287.2,8,N,0
22.8239,91.6122,320,1.9,1.3,2010-03-16,0500,Terra,MODIS,73,6.2,301.3,23.2,D,0
22.8151,91.6231,322.9,1.9,1.3,2010-03-16,0500,Terra,MODIS,77,6.2,301.2,32.1,D,0
22.8205,91.6302,317.7,1.9,1.3,2010-03-16,0500,Terra,MODIS,60,6.2,301.2,18,D,0
21.5055,92.3176,323.1,1,1,2010-03-17,0716,Aqua,MODIS,67,6.2,310.5,7.8,D,0
24.123,91.4258,328.2,1,1,2010-03-17,0716,Aqua,MODIS,72,6.2,310.2,12.9,D,0
21.5776,92.3096,320.3,1,1,2010-03-17,0716,Aqua,MODIS,44,6.2,309,4.2,D,0
22.2112,92.5546,324.2,1,1,2010-03-17,0716,Aqua,MODIS,62,6.2,296.9,15.6,D,0
22.069,92.2016,321.2,1,1,2010-03-17,0716,Aqua,MODIS,33,6.2,301,9.4,D,0
21.5068,92.3271,325.3,1,1,2010-03-17,0716,Aqua,MODIS,72,6.2,310.3,10.4,D,0
21.5357,92.336,369.1,1,1,2010-03-17,0716,Aqua,MODIS,100,6.2,312.1,99.3,D,0
21.5446,92.3345,372.2,1,1,2010-03-17,0716,Aqua,MODIS,100,6.2,316.4,109,D,0
23.269,91.8317,323.8,1,1,2010-03-17,0716,Aqua,MODIS,72,6.2,306.8,9.6,D,0
23.2631,89.6982,322.1,1.1,1,2010-03-17,0716,Aqua,MODIS,53,6.2,302.2,11.5,D,0
23.2508,89.8478,323.7,1.1,1,2010-03-17,0716,Aqua,MODIS,73,6.2,305.3,10.6,D,0
23.0624,89.7001,318,1.1,1,2010-03-17,0716,Aqua,MODIS,64,6.2,303.6,7.4,D,0
22.6071,92.4259,335.7,1,1,2010-03-17,0716,Aqua,MODIS,87,6.2,277.7,32.8,D,0
22.3734,92.3976,318.8,1,1,2010-03-17,0716,Aqua,MODIS,57,6.2,298.8,8,D,0
22.6174,92.434,320.3,1,1,2010-03-17,0716,Aqua,MODIS,70,6.2,278.7,13.7,D,0
22.616,92.4244,335.6,1,1,2010-03-17,0716,Aqua,MODIS,87,6.2,280.2,32.1,D,0
23.1788,90.0371,315.9,1.1,1,2010-03-17,0716,Aqua,MODIS,46,6.2,301.6,6,D,0
21.6494,92.2913,325.4,1,1,2010-03-17,0716,Aqua,MODIS,72,6.2,311.8,8.3,D,0
24.5098,91.9437,328,1,1,2010-03-17,0716,Aqua,MODIS,78,6.2,311.3,11.7,D,0
21.5371,92.3455,347,1,1,2010-03-17,0716,Aqua,MODIS,93,6.2,309.5,42.3,D,0
24.1584,91.8677,323,1,1,2010-03-17,0716,Aqua,MODIS,53,6.2,308.6,7.4,D,0
22.2899,92.0741,323.6,1,1,2010-03-17,0716,Aqua,MODIS,69,6.2,304.8,11.6,D,0
22.309,92.0807,331.6,1,1,2010-03-17,0716,Aqua,MODIS,84,6.2,304.5,20.2,D,0
22.3077,92.0711,338.9,1,1,2010-03-17,0716,Aqua,MODIS,89,6.2,304.2,31.5,D,0
22.4733,91.7397,321.9,1,1,2010-03-17,0716,Aqua,MODIS,72,6.2,295.2,11.3,D,0
21.546,92.3441,359.7,1,1,2010-03-17,0716,Aqua,MODIS,99,6.2,314.6,70.7,D,0
21.4008,92.5559,322.7,1,1,2010-03-17,0716,Aqua,MODIS,68,6.2,306.1,9.9,D,0
21.3995,92.5464,333.2,1,1,2010-03-17,0716,Aqua,MODIS,83,6.2,308.5,22.5,D,0
21.945,92.4987,330.7,1,1,2010-03-17,0716,Aqua,MODIS,80,6.2,304.8,18.2,D,0
21.954,92.4974,320.4,1,1,2010-03-17,0716,Aqua,MODIS,43,6.2,305.2,6.7,D,0
22.042,92.2703,328.8,1,1,2010-03-17,0716,Aqua,MODIS,79,6.2,305.1,16.8,D,0
22.0434,92.2798,332.7,1,1,2010-03-17,0716,Aqua,MODIS,83,6.2,304.6,21.5,D,0
24.1216,91.4161,332.5,1,1,2010-03-17,0716,Aqua,MODIS,82,6.2,312.5,17.4,D,0
23.7069,91.9355,378.6,1,1,2010-03-17,0716,Aqua,MODIS,100,6.2,308.1,136.8,D,0
23.7056,91.9258,395,1,1,2010-03-17,0716,Aqua,MODIS,100,6.2,314.6,214.2,D,0
22.3005,92.2785,326.4,1,1,2010-03-17,0716,Aqua,MODIS,79,6.2,302.3,12.9,D,0
23.2957,90.3245,328.6,1,1,2010-03-17,0716,Aqua,MODIS,79,6.2,308.4,13.9,D,0
21.7394,92.575,309.5,2.8,1.6,2010-03-17,1639,Terra,MODIS,77,6.2,291.7,39.9,N,0
25.4777,89.1183,316.8,1,1,2010-03-18,0447,Terra,MODIS,46,6.2,302.1,6.1,D,0
23.0528,89.9136,323.2,1,1,2010-03-18,0448,Terra,MODIS,56,6.2,307.4,12.8,D,0
22.2067,92.5475,323.5,1.4,1.2,2010-03-18,0448,Terra,MODIS,76,6.2,301.7,23.4,D,0
23.2129,89.712,320.1,1,1,2010-03-18,0448,Terra,MODIS,64,6.2,307.5,7.4,D,0
23.2113,89.7217,328.2,1,1,2010-03-18,0448,Terra,MODIS,79,6.2,307.2,17.3,D,0
22.9914,90.2511,325.8,1,1,2010-03-18,0448,Terra,MODIS,77,6.2,304,16.9,D,0
22.054,91.9939,314.1,1.3,1.1,2010-03-18,0448,Terra,MODIS,59,6.2,303.3,6.5,D,0
23.2516,89.5784,326.8,1,1,2010-03-18,0448,Terra,MODIS,65,6.2,307,14.2,D,0
22.6098,92.4785,324.9,1.3,1.1,2010-03-18,0448,Terra,MODIS,78,6.2,303,24.1,D,0
21.8911,92.0447,316.2,1.3,1.1,2010-03-18,0448,Terra,MODIS,66,6.2,304.5,7.6,D,0
22.5837,91.7088,317,1.2,1.1,2010-03-18,0448,Terra,MODIS,60,6.2,304.4,8,D,0
21.4091,92.5934,317.6,4.7,2,2010-03-18,0758,Aqua,MODIS,62,6.2,304.6,56.9,D,0
21.4096,92.5853,317.2,4.7,2,2010-03-18,0758,Aqua,MODIS,48,6.2,304.4,47.9,D,0
21.9245,92.5479,334.4,4.7,2,2010-03-18,0759,Aqua,MODIS,86,6.2,303.3,254.5,D,0
21.5878,92.3345,317,4.5,2,2010-03-18,0759,Aqua,MODIS,67,6.2,303.6,45.3,D,0
21.5844,92.2887,320,4.5,2,2010-03-18,0759,Aqua,MODIS,72,6.2,304.1,69.9,D,0
21.5823,92.2976,322.1,4.5,2,2010-03-18,0759,Aqua,MODIS,75,6.2,304.1,88.4,D,0
21.9269,92.553,339.3,4.7,2,2010-03-18,0759,Aqua,MODIS,89,6.2,302.9,323.2,D,0
21.9091,92.5557,321.7,4.7,2,2010-03-18,0759,Aqua,MODIS,68,6.2,302.7,106.5,D,0
21.9066,92.5501,318.7,4.7,2,2010-03-18,0759,Aqua,MODIS,68,6.2,302.4,84.7,D,0
24.1439,91.4649,304.9,1.9,1.4,2010-03-18,1544,Terra,MODIS,62,6.2,292.8,15.4,N,0
22.6198,92.4865,322.7,1.8,1.3,2010-03-18,1544,Terra,MODIS,100,6.2,294.8,45.7,N,0
23.1032,91.9473,305.7,1.9,1.3,2010-03-18,1544,Terra,MODIS,65,6.2,295,13.7,N,0
22.617,92.4705,310.8,1.8,1.3,2010-03-18,1544,Terra,MODIS,81,6.2,293.7,21.4,N,0
22.3452,92.3248,304.9,1.8,1.3,2010-03-18,1544,Terra,MODIS,40,6.2,294,11.7,N,0
24.1559,91.462,302.6,1.9,1.4,2010-03-18,1544,Terra,MODIS,50,6.2,292.5,11.8,N,0
21.9407,92.581,307.5,2.3,1.5,2010-03-18,2008,Aqua,MODIS,51,6.2,291.6,24.4,N,0
21.9485,92.5546,318.8,3.8,1.8,2010-03-19,0353,Terra,MODIS,70,6.2,301.5,62.8,D,0
21.5885,92.2737,329,1.2,1.1,2010-03-19,0703,Aqua,MODIS,76,6.2,305.1,22.1,D,0
21.528,92.3511,337.6,1.2,1.1,2010-03-19,0703,Aqua,MODIS,87,6.2,304.9,39.6,D,0
21.6022,92.2345,318.2,1.2,1.1,2010-03-19,0703,Aqua,MODIS,26,6.2,306.5,6.8,D,0
21.3251,92.6094,361,1.2,1.1,2010-03-19,0703,Aqua,MODIS,100,6.2,307.5,101.6,D,0
21.6217,92.2309,333.3,1.2,1.1,2010-03-19,0703,Aqua,MODIS,62,6.2,309.3,27.8,D,0
21.6242,92.2368,333.2,1.2,1.1,2010-03-19,0703,Aqua,MODIS,83,6.2,308,29.3,D,0
21.941,92.5636,348.7,1.2,1.1,2010-03-19,0703,Aqua,MODIS,94,6.2,307.7,58.6,D,0
21.5172,92.221,322.4,1.2,1.1,2010-03-19,0703,Aqua,MODIS,70,6.2,310.2,13,D,0
21.9303,92.4961,318.7,1.2,1.1,2010-03-19,0703,Aqua,MODIS,57,6.2,306.8,8.9,D,0
21.749,92.4311,327.2,1.2,1.1,2010-03-19,0703,Aqua,MODIS,77,6.2,306.7,19.9,D,0
21.7447,92.4274,322,1.2,1.1,2010-03-19,0703,Aqua,MODIS,69,6.2,306,12.6,D,0
21.7463,92.4376,317.9,1.2,1.1,2010-03-19,0703,Aqua,MODIS,50,6.2,306.8,7.3,D,0
21.5359,92.2587,321.4,1.2,1.1,2010-03-19,0703,Aqua,MODIS,66,6.2,307.8,10.6,D,0
21.534,92.2471,329.1,1.2,1.1,2010-03-19,0703,Aqua,MODIS,79,6.2,307.9,22.4,D,0
21.6223,92.225,327.3,1.2,1.1,2010-03-19,0703,Aqua,MODIS,74,6.2,308.6,18.7,D,0
21.634,92.2351,341.7,1.2,1.1,2010-03-19,0703,Aqua,MODIS,90,6.2,308.6,47,D,0
21.632,92.2232,328,1.2,1.1,2010-03-19,0703,Aqua,MODIS,78,6.2,308.6,19.9,D,0
21.6437,92.2335,327.6,1.2,1.1,2010-03-19,0703,Aqua,MODIS,69,6.2,307.2,19.1,D,0
21.3117,92.6061,319.3,1.2,1.1,2010-03-19,0703,Aqua,MODIS,65,6.2,306,11.7,D,0
21.3155,92.6113,370.8,1.2,1.1,2010-03-19,0703,Aqua,MODIS,100,6.2,307.8,139,D,0
21.3233,92.5985,343.2,1.2,1.1,2010-03-19,0703,Aqua,MODIS,91,6.2,307.5,51.2,D,0
21.9392,92.552,342.5,1.2,1.1,2010-03-19,0703,Aqua,MODIS,90,6.2,306.3,45.1,D,0
21.5262,92.3396,329.7,1.2,1.1,2010-03-19,0703,Aqua,MODIS,80,6.2,304.9,24.6,D,0
21.954,92.5545,323.3,1.2,1.1,2010-03-19,0703,Aqua,MODIS,72,6.2,304.3,15,D,0
21.9505,92.5618,368.4,1.2,1.1,2010-03-19,0703,Aqua,MODIS,100,6.2,309.1,124.7,D,0
21.9523,92.5729,377.8,1.2,1.1,2010-03-19,0703,Aqua,MODIS,100,6.2,312.9,165.5,D,0
21.3137,92.6003,337.3,1.2,1.1,2010-03-19,0703,Aqua,MODIS,87,6.2,306.3,38.2,D,0
21.9558,92.5658,345.7,1.2,1.1,2010-03-19,0703,Aqua,MODIS,92,6.2,308.2,55.5,D,0
21.9575,92.5766,353.6,1.2,1.1,2010-03-19,0703,Aqua,MODIS,97,6.2,310.4,76,D,0
21.9428,92.5748,344.8,1.2,1.1,2010-03-19,0703,Aqua,MODIS,92,6.2,305.8,48.6,D,0
21.5865,92.2616,330.4,1.2,1.1,2010-03-19,0703,Aqua,MODIS,71,6.2,308.8,24,D,0
21.5963,92.2599,320,1.2,1.1,2010-03-19,0703,Aqua,MODIS,15,6.2,306.5,9.3,D,0
21.6041,92.2462,323.1,1.2,1.1,2010-03-19,0703,Aqua,MODIS,53,6.2,307.2,13.2,D,0
22.1598,92.3171,330.4,1.2,1.1,2010-03-19,0704,Aqua,MODIS,81,6.2,308.1,24,D,0
23.5655,89.3556,321.6,1.7,1.3,2010-03-19,0704,Aqua,MODIS,51,6.2,308.5,15.7,D,0
22.8442,91.6005,317.2,1.3,1.1,2010-03-19,0704,Aqua,MODIS,54,6.2,305.3,7.3,D,0
22.9407,92.0674,323.4,1.2,1.1,2010-03-19,0704,Aqua,MODIS,54,6.2,307.6,14.4,D,0
23.1778,92.2083,318.5,1.2,1.1,2010-03-19,0704,Aqua,MODIS,63,6.2,305.3,9,D,0
22.3655,92.3249,335.9,1.2,1.1,2010-03-19,0704,Aqua,MODIS,86,6.2,305.2,34.9,D,0
22.3673,92.3363,323.7,1.2,1.1,2010-03-19,0704,Aqua,MODIS,52,6.2,302.9,15.5,D,0
22.158,92.3058,326,1.2,1.1,2010-03-19,0704,Aqua,MODIS,76,6.2,307.5,17.8,D,0
22.1973,92.5524,323.1,1.2,1.1,2010-03-19,0704,Aqua,MODIS,71,6.2,304.1,14.8,D,0
22.9821,91.9342,321.7,1.2,1.1,2010-03-19,0704,Aqua,MODIS,70,6.2,306,12.4,D,0
22.2943,92.0667,317.6,1.2,1.1,2010-03-19,0704,Aqua,MODIS,56,6.2,305.2,8.1,D,0
22.3403,92.3527,322.5,1.2,1.1,2010-03-19,0704,Aqua,MODIS,64,6.2,298.7,15,D,0
23.2669,89.9538,318.8,1.6,1.2,2010-03-19,0704,Aqua,MODIS,47,6.2,306.8,14.9,D,0
22.207,92.1019,319.6,1.2,1.1,2010-03-19,0704,Aqua,MODIS,65,6.2,306.2,9.8,D,0
22.5174,91.738,319.8,1.3,1.1,2010-03-19,0704,Aqua,MODIS,61,6.2,308.1,8.6,D,0
23.3579,91.909,318.7,1.2,1.1,2010-03-19,0704,Aqua,MODIS,65,6.2,305.6,8.3,D,0
22.984,91.9459,319.8,1.2,1.1,2010-03-19,0704,Aqua,MODIS,66,6.2,305.6,9.8,D,0
21.9493,92.5559,335.7,1.7,1.3,2010-03-19,1626,Terra,MODIS,100,6.2,294,72.9,N,0
21.9397,92.5628,303.3,1.7,1.3,2010-03-19,1626,Terra,MODIS,35,6.2,293,9.6,N,0
21.951,92.5611,328,1.7,1.3,2010-03-19,1626,Terra,MODIS,100,6.2,293.8,51.7,N,0
21.9607,92.5546,307.4,1.7,1.3,2010-03-19,1626,Terra,MODIS,31,6.2,292.8,13.6,N,0
21.9493,92.546,322.1,1.7,1.3,2010-03-19,1626,Terra,MODIS,100,6.2,292.3,38.1,N,0
21.9624,92.5706,306,1.7,1.3,2010-03-19,1626,Terra,MODIS,13,6.2,292.8,11.7,N,0
21.9739,92.5701,311.1,1.7,1.3,2010-03-19,1626,Terra,MODIS,52,6.2,291.6,18.8,N,0
21.9763,92.4882,356,1.6,1.3,2010-03-19,1626,Terra,MODIS,100,6.2,296.7,156.3,N,0
22.5906,92.4811,309.1,1.7,1.3,2010-03-19,1627,Terra,MODIS,76,6.2,294.2,17.8,N,0
21.9532,92.5441,310.9,2.2,1.4,2010-03-19,1913,Aqua,MODIS,61,6.2,291.7,29.1,N,0
21.9483,92.5739,307.5,2.2,1.4,2010-03-19,1913,Aqua,MODIS,48,6.2,292.2,22.1,N,0
21.9507,92.5667,321.8,2.2,1.4,2010-03-19,1913,Aqua,MODIS,100,6.2,293,59.3,N,0
21.9505,92.5519,315.8,2.2,1.4,2010-03-19,1913,Aqua,MODIS,92,6.2,292,42,N,0
21.9612,92.5748,306.5,2.2,1.4,2010-03-19,1913,Aqua,MODIS,45,6.2,291.8,20.1,N,0
21.9634,92.5534,310.6,2.2,1.4,2010-03-19,1913,Aqua,MODIS,78,6.2,292,29,N,0
21.9583,92.5639,323.5,1,1,2010-03-20,0436,Terra,MODIS,73,6.2,305.5,12.2,D,0
22.5344,91.7361,322.8,1,1,2010-03-20,0436,Terra,MODIS,73,6.2,306.1,9.2,D,0
21.3779,92.6171,331,1,1,2010-03-20,0436,Terra,MODIS,84,6.2,300.4,25.3,D,0
22.5719,92.4747,316.2,1,1,2010-03-20,0436,Terra,MODIS,62,6.2,305.3,5.8,D,0
22.2931,92.303,323.1,1,1,2010-03-20,0436,Terra,MODIS,75,6.2,304.2,12.9,D,0
21.9672,92.5656,328.2,1,1,2010-03-20,0436,Terra,MODIS,76,6.2,304.6,17.9,D,0
23.7551,90.9328,321.3,1,1,2010-03-20,0436,Terra,MODIS,62,6.2,308.2,7.9,D,0
22.3641,92.3215,316.5,1,1,2010-03-20,0436,Terra,MODIS,51,6.2,305.3,5.6,D,0
22.3701,92.3424,318.1,1,1,2010-03-20,0436,Terra,MODIS,56,6.2,305.4,7,D,0
22.9688,89.5342,319.1,1.1,1.1,2010-03-20,0436,Terra,MODIS,59,6.2,303.6,10.8,D,0
22.1179,92.2407,317.1,1,1,2010-03-20,0436,Terra,MODIS,66,6.2,305.2,6.8,D,0
22.1893,92.5627,319.6,1,1,2010-03-20,0436,Terra,MODIS,70,6.2,302.9,10.8,D,0
21.8273,92.254,318,2.7,1.6,2010-03-20,0746,Aqua,MODIS,43,6.2,304.8,21.6,D,0
21.8299,92.2796,319.8,2.7,1.6,2010-03-20,0746,Aqua,MODIS,63,6.2,304.5,30.1,D,0
21.5171,92.307,318.2,2.7,1.6,2010-03-20,0746,Aqua,MODIS,60,6.2,302.8,32.1,D,0
21.5491,92.427,323.9,2.7,1.6,2010-03-20,0746,Aqua,MODIS,72,6.2,304.8,54.8,D,0
21.535,92.4285,336.1,2.7,1.6,2010-03-20,0746,Aqua,MODIS,86,6.2,305.3,117.9,D,0
21.544,92.4346,357.1,2.7,1.6,2010-03-20,0746,Aqua,MODIS,98,6.2,306.3,299.8,D,0
22.4122,92.1996,327.8,2.7,1.6,2010-03-20,0746,Aqua,MODIS,77,6.2,306.1,61.9,D,0
22.5731,92.4664,320.3,2.8,1.6,2010-03-20,0746,Aqua,MODIS,36,6.2,307.1,32.1,D,0
22.1638,92.3962,326.2,2.8,1.6,2010-03-20,0746,Aqua,MODIS,76,6.2,305.9,61,D,0
22.1589,92.376,328.1,2.7,1.6,2010-03-20,0746,Aqua,MODIS,78,6.2,306.5,71.1,D,0
22.1613,92.4012,321.1,2.8,1.6,2010-03-20,0746,Aqua,MODIS,67,6.2,305.6,39.4,D,0
21.5253,92.323,318.5,2.7,1.6,2010-03-20,0746,Aqua,MODIS,57,6.2,302.5,29.7,D,0
21.5373,92.4534,328.1,2.7,1.6,2010-03-20,0746,Aqua,MODIS,78,6.2,303.7,72.2,D,0
21.5514,92.4516,319.4,2.7,1.6,2010-03-20,0746,Aqua,MODIS,63,6.2,304.2,36.1,D,0
21.5195,92.331,317.2,2.7,1.6,2010-03-20,0746,Aqua,MODIS,57,6.2,302.4,27.9,D,0
21.3362,92.6015,322.4,2.8,1.6,2010-03-20,0746,Aqua,MODIS,21,6.2,301.6,49.9,D,0
22.3162,92.0811,328.4,2.6,1.6,2010-03-20,0746,Aqua,MODIS,65,6.2,305.9,61.4,D,0
21.3218,92.6029,319.2,2.8,1.6,2010-03-20,0746,Aqua,MODIS,41,6.2,301.7,39.8,D,0
21.353,92.6259,345.7,2.8,1.6,2010-03-20,0746,Aqua,MODIS,92,6.2,303.8,194.1,D,0
22.3093,92.0617,324.4,2.6,1.6,2010-03-20,0746,Aqua,MODIS,46,6.2,306.4,42.3,D,0
21.3054,92.61,315.1,2.8,1.6,2010-03-20,0746,Aqua,MODIS,35,6.2,301.4,26.3,D,0
22.3962,92.3313,322.8,2.7,1.6,2010-03-20,0746,Aqua,MODIS,70,6.2,307.1,40.3,D,0
21.8862,92.5254,339.1,2.8,1.6,2010-03-20,0746,Aqua,MODIS,88,6.2,304.2,149.3,D,0
21.9033,92.5526,370.5,2.8,1.6,2010-03-20,0746,Aqua,MODIS,100,6.2,306.5,490.7,D,0
22.3118,92.0867,324.6,2.6,1.6,2010-03-20,0746,Aqua,MODIS,51,6.2,305.7,43.9,D,0
21.9004,92.5231,349.9,2.8,1.6,2010-03-20,0746,Aqua,MODIS,95,6.2,304.7,235.4,D,0
22.2815,92.0646,325.3,2.6,1.6,2010-03-20,0746,Aqua,MODIS,43,6.2,305.9,46.3,D,0
21.889,92.5548,368.1,2.8,1.6,2010-03-20,0746,Aqua,MODIS,100,6.2,306,458.3,D,0
22.1616,92.3708,323.9,2.7,1.6,2010-03-20,0746,Aqua,MODIS,72,6.2,306.7,48,D,0
21.9071,92.5438,324.2,2.8,1.6,2010-03-20,0746,Aqua,MODIS,73,6.2,305.5,58.6,D,0
22.3988,92.3594,320.6,2.8,1.6,2010-03-20,0746,Aqua,MODIS,56,6.2,306.5,30.7,D,0
21.8336,92.2741,322.4,2.7,1.6,2010-03-20,0746,Aqua,MODIS,70,6.2,304.6,43.2,D,0
23.3987,91.9436,343.2,2.6,1.6,2010-03-20,0747,Aqua,MODIS,91,6.2,304,163.9,D,0
23.3887,91.9398,329.8,2.6,1.6,2010-03-20,0747,Aqua,MODIS,80,6.2,304,76.2,D,0
23.405,91.9635,317,2.7,1.6,2010-03-20,0747,Aqua,MODIS,43,6.2,302.8,25.3,D,0
23.4027,91.9383,321.3,2.6,1.6,2010-03-20,0747,Aqua,MODIS,68,6.2,303.1,40.1,D,0
23.255,90.2577,323.8,2,1.4,2010-03-20,0747,Aqua,MODIS,70,6.2,307.1,19.4,D,0
23.5722,89.3588,323.5,1.7,1.3,2010-03-20,0747,Aqua,MODIS,68,6.2,307.6,18.7,D,0
23.3882,92.2896,317.8,2.8,1.6,2010-03-20,0747,Aqua,MODIS,60,6.2,305.4,29.5,D,0
23.7175,91.9358,318.1,2.7,1.6,2010-03-20,0747,Aqua,MODIS,58,6.2,303.2,30.3,D,0
22.5329,91.7223,322,2.5,1.5,2010-03-20,0747,Aqua,MODIS,65,6.2,305.1,31.6,D,0
23.2222,91.847,319.9,2.6,1.5,2010-03-20,0747,Aqua,MODIS,66,6.2,305.3,29.9,D,0
23.2271,91.842,319.6,2.6,1.5,2010-03-20,0747,Aqua,MODIS,65,6.2,305.5,28.5,D,0
22.9517,92.3152,325.1,2.8,1.6,2010-03-20,0747,Aqua,MODIS,74,6.2,306.7,57.8,D,0
23.2894,91.8273,322.5,2.6,1.5,2010-03-20,0747,Aqua,MODIS,70,6.2,305.6,36.9,D,0
23.2802,91.8113,320.9,2.6,1.5,2010-03-20,0747,Aqua,MODIS,68,6.2,306.2,31,D,0
22.5628,92.4904,319.8,2.8,1.6,2010-03-20,0747,Aqua,MODIS,63,6.2,305.6,32.3,D,0
23.3847,91.9451,320.6,2.6,1.6,2010-03-20,0747,Aqua,MODIS,67,6.2,303.6,37.4,D,0
23.4011,91.9687,321,2.7,1.6,2010-03-20,0747,Aqua,MODIS,68,6.2,302.8,39.8,D,0
23.391,91.9653,329.8,2.7,1.6,2010-03-20,0747,Aqua,MODIS,80,6.2,302.7,77.6,D,0
21.3333,92.6071,303.1,1.4,1.2,2010-03-20,1956,Aqua,MODIS,48,6.2,292.1,7.7,N,0
21.9799,92.5518,305.3,1.4,1.2,2010-03-20,1956,Aqua,MODIS,64,6.2,294.1,10.1,N,0
22.6487,91.6914,308.8,1.2,1.1,2010-03-20,1956,Aqua,MODIS,76,6.2,295.8,10.2,N,0
22.6584,91.6934,310.1,1.2,1.1,2010-03-20,1956,Aqua,MODIS,79,6.2,295,10.9,N,0
21.9785,92.4974,306.6,1.4,1.2,2010-03-20,1956,Aqua,MODIS,69,6.2,294.6,10.5,N,0
23.0318,92.0609,319,1.9,1.3,2010-03-21,0651,Aqua,MODIS,64,6.2,308.3,13.9,D,0
23.0322,92.3045,323.4,1.8,1.3,2010-03-21,0651,Aqua,MODIS,72,6.2,308.8,24.2,D,0
23.0354,92.3222,333.6,1.8,1.3,2010-03-21,0651,Aqua,MODIS,84,6.2,308.8,54,D,0
22.4903,91.7351,319.9,2,1.4,2010-03-21,0651,Aqua,MODIS,50,6.2,309.9,17.5,D,0
22.1261,92.2119,324.2,1.9,1.3,2010-03-21,0651,Aqua,MODIS,74,6.2,307.4,30.1,D,0
22.656,92.4502,331.1,1.8,1.3,2010-03-21,0651,Aqua,MODIS,82,6.2,309.9,44.6,D,0
22.5552,92.4895,329.4,1.8,1.3,2010-03-21,0651,Aqua,MODIS,80,6.2,307.9,41.4,D,0
22.5589,92.4947,342.3,1.8,1.3,2010-03-21,0651,Aqua,MODIS,90,6.2,308.1,87.4,D,0
21.3267,92.5996,319.8,1.8,1.3,2010-03-21,0651,Aqua,MODIS,58,6.2,302.8,25.5,D,0
21.5243,92.326,327.2,1.9,1.4,2010-03-21,0651,Aqua,MODIS,77,6.2,305.3,42.2,D,0
21.5318,92.3388,333.5,1.9,1.3,2010-03-21,0651,Aqua,MODIS,84,6.2,306.4,62.2,D,0
21.5284,92.3201,327.5,1.9,1.4,2010-03-21,0651,Aqua,MODIS,78,6.2,305.4,42.3,D,0
21.9776,92.5515,328.1,1.8,1.3,2010-03-21,0651,Aqua,MODIS,79,6.2,305.1,42.6,D,0
21.6462,92.251,317.3,1.9,1.4,2010-03-21,0651,Aqua,MODIS,58,6.2,306.1,14.3,D,0
22.6298,92.4374,331.4,1.8,1.3,2010-03-21,0651,Aqua,MODIS,82,6.2,307.8,46.7,D,0
22.6266,92.4197,326,1.8,1.3,2010-03-21,0651,Aqua,MODIS,76,6.2,307.6,32.3,D,0
22.6364,92.4303,327.4,1.8,1.3,2010-03-21,0651,Aqua,MODIS,78,6.2,308,34.4,D,0
22.648,92.4281,330.3,1.8,1.3,2010-03-21,0651,Aqua,MODIS,81,6.2,308.9,42.5,D,0
21.5276,92.3447,322.1,1.9,1.3,2010-03-21,0651,Aqua,MODIS,70,6.2,306,27.5,D,0
22.6529,92.4323,343.5,1.8,1.3,2010-03-21,0651,Aqua,MODIS,91,6.2,309.7,90.2,D,0
22.6512,92.4456,342.5,1.8,1.3,2010-03-21,0651,Aqua,MODIS,90,6.2,310.1,85.7,D,0
21.3669,92.4816,319.5,1.9,1.3,2010-03-21,0651,Aqua,MODIS,65,6.2,304.4,25.5,D,0
23.4001,92.2903,351.2,1.8,1.3,2010-03-21,0652,Aqua,MODIS,95,6.2,309.1,124.3,D,0
23.4116,92.2877,389,1.8,1.3,2010-03-21,0652,Aqua,MODIS,100,6.2,311.5,422.5,D,0
23.423,92.2846,324.8,1.8,1.3,2010-03-21,0652,Aqua,MODIS,75,6.2,305.8,30.1,D,0
23.3467,92.3056,320.4,1.8,1.3,2010-03-21,0652,Aqua,MODIS,68,6.2,308.5,20.7,D,0
23.6845,91.9518,321.3,1.8,1.3,2010-03-21,0652,Aqua,MODIS,69,6.2,305.3,22.6,D,0
23.6726,91.9229,328.6,1.9,1.3,2010-03-21,0652,Aqua,MODIS,79,6.2,305.9,39.9,D,0
23.4086,92.2711,321.2,1.8,1.3,2010-03-21,0652,Aqua,MODIS,43,6.2,307.9,18.4,D,0
23.0832,89.5875,321.4,2.8,1.6,2010-03-21,0652,Aqua,MODIS,61,6.2,308.7,42.2,D,0
23.403,92.3061,345.4,1.8,1.3,2010-03-21,0652,Aqua,MODIS,92,6.2,306,97.4,D,0
23.4145,92.3036,345.9,1.8,1.3,2010-03-21,0652,Aqua,MODIS,93,6.2,304.2,100.6,D,0
23.6813,91.9345,335,1.8,1.3,2010-03-21,0652,Aqua,MODIS,85,6.2,307.1,63.1,D,0
23.6696,91.9371,374.1,1.8,1.3,2010-03-21,0652,Aqua,MODIS,100,6.2,308.2,294.8,D,0
23.6758,91.9405,385.8,1.8,1.3,2010-03-21,0652,Aqua,MODIS,100,6.2,309.6,412.8,D,0
23.6728,91.9543,337.1,1.8,1.3,2010-03-21,0652,Aqua,MODIS,87,6.2,305.1,70.2,D,0
21.342,92.6029,304.7,1.1,1,2010-03-21,1614,Terra,MODIS,51,6.2,292.8,5.8,N,0
22.6932,92.2607,308.7,1.1,1,2010-03-21,1614,Terra,MODIS,75,6.2,297,7.4,N,0
23.3054,92.1016,307,1.1,1,2010-03-21,1615,Terra,MODIS,70,6.2,296.1,7.5,N,0
23.3514,92.3113,309.5,1.1,1,2010-03-21,1615,Terra,MODIS,78,6.2,296.3,9.8,N,0
23.389,92.3056,306.1,1.1,1,2010-03-21,1615,Terra,MODIS,43,6.2,294,6.5,N,0
23.4111,92.2844,306.7,1.1,1,2010-03-21,1615,Terra,MODIS,64,6.2,296,6.9,N,0
23.3876,92.2945,319.4,1.1,1,2010-03-21,1615,Terra,MODIS,98,6.2,296.4,18.3,N,0
23.3454,92.3164,317.6,1.2,1.1,2010-03-22,0423,Terra,MODIS,65,6.2,302.9,10.9,D,0
22.9233,91.785,330.2,1.2,1.1,2010-03-22,0424,Terra,MODIS,82,6.2,303.5,26.6,D,0
22.1774,92.5711,316.4,1.1,1.1,2010-03-22,0424,Terra,MODIS,54,6.2,302.9,7.8,D,0
22.6209,92.3209,324.1,1.2,1.1,2010-03-22,0424,Terra,MODIS,74,6.2,304.5,14.5,D,0
22.4863,91.7758,318.6,1.2,1.1,2010-03-22,0424,Terra,MODIS,62,6.2,303.7,8.9,D,0
22.6194,92.3328,325.6,1.2,1.1,2010-03-22,0424,Terra,MODIS,76,6.2,305.1,16.6,D,0
21.4354,92.4096,318.2,1.1,1.1,2010-03-22,0424,Terra,MODIS,65,6.2,304.5,9.4,D,0
22.9333,91.7864,337.8,1.2,1.1,2010-03-22,0424,Terra,MODIS,88,6.2,303.7,41.2,D,0
21.4629,92.3478,317.2,1.1,1.1,2010-03-22,0424,Terra,MODIS,62,6.2,303.2,8.7,D,0
22.9432,91.7878,317.1,1.2,1.1,2010-03-22,0424,Terra,MODIS,63,6.2,303.1,7,D,0
22.4879,91.7705,320.9,1.2,1.1,2010-03-22,0424,Terra,MODIS,69,6.2,303.9,11,D,0
23.1325,89.4715,320.6,1.8,1.3,2010-03-22,0424,Terra,MODIS,67,6.2,303.6,22.2,D,0
23.486,91.9457,343,1.6,1.2,2010-03-22,0734,Aqua,MODIS,90,6.2,303.9,76.6,D,0
21.6186,92.2688,319.6,1.6,1.2,2010-03-22,0734,Aqua,MODIS,50,6.2,303.6,10.5,D,0
23.0438,89.8922,328.6,1.2,1.1,2010-03-22,0734,Aqua,MODIS,38,6.2,308.2,17.7,D,0
22.8383,91.7511,319.3,1.5,1.2,2010-03-22,0734,Aqua,MODIS,60,6.2,304.2,11.1,D,0
23.3902,92.3181,322.4,1.7,1.3,2010-03-22,0734,Aqua,MODIS,69,6.2,304.1,22.2,D,0
23.3883,92.301,336.3,1.7,1.3,2010-03-22,0734,Aqua,MODIS,86,6.2,305.7,58.7,D,0
23.0452,89.9036,329.8,1.2,1.1,2010-03-22,0734,Aqua,MODIS,40,6.2,309.7,18.1,D,0
21.8357,92.2757,328.1,1.6,1.2,2010-03-22,0734,Aqua,MODIS,75,6.2,304.8,29.7,D,0
21.8467,92.2743,324.7,1.6,1.2,2010-03-22,0734,Aqua,MODIS,70,6.2,304.3,22.9,D,0
21.845,92.2592,319.3,1.6,1.2,2010-03-22,0734,Aqua,MODIS,53,6.2,304.6,11.8,D,0
21.4675,92.3479,327.4,1.6,1.2,2010-03-22,0734,Aqua,MODIS,75,6.2,302.9,29.6,D,0
21.4914,92.3595,320.7,1.6,1.2,2010-03-22,0734,Aqua,MODIS,57,6.2,302.9,17,D,0
21.3361,92.5968,332.3,1.6,1.3,2010-03-22,0734,Aqua,MODIS,81,6.2,303.8,47.3,D,0
22.9386,89.6,328.4,1.1,1.1,2010-03-22,0734,Aqua,MODIS,76,6.2,309,19.5,D,0
23.2369,91.8527,321.6,1.6,1.2,2010-03-22,0734,Aqua,MODIS,68,6.2,304.1,15.5,D,0
23.0168,92.3423,353.1,1.7,1.3,2010-03-22,0734,Aqua,MODIS,96,6.2,306.9,122.4,D,0
22.123,92.2045,323.3,1.6,1.2,2010-03-22,0734,Aqua,MODIS,67,6.2,306.3,17.9,D,0
22.3933,92.1652,325,1.6,1.2,2010-03-22,0734,Aqua,MODIS,71,6.2,305.4,20.8,D,0
21.4564,92.3493,369.9,1.6,1.2,2010-03-22,0734,Aqua,MODIS,100,6.2,306.3,208.7,D,0
23.0375,92.3221,335,1.7,1.3,2010-03-22,0734,Aqua,MODIS,84,6.2,307.3,49.6,D,0
23.2428,92.006,351.2,1.6,1.2,2010-03-22,0734,Aqua,MODIS,95,6.2,304.7,107,D,0
23.2411,91.9907,321.5,1.6,1.2,2010-03-22,0734,Aqua,MODIS,68,6.2,304.1,16.7,D,0
23.4091,92.2809,330.9,1.7,1.3,2010-03-22,0734,Aqua,MODIS,77,6.2,306.2,39.6,D,0
22.6154,92.3218,324.7,1.6,1.3,2010-03-22,0734,Aqua,MODIS,52,6.2,306.5,21.3,D,0
22.6283,92.335,321.6,1.6,1.3,2010-03-22,0734,Aqua,MODIS,15,6.2,304.3,15.5,D,0
23.4205,92.28,325,1.7,1.3,2010-03-22,0734,Aqua,MODIS,74,6.2,304.7,27.5,D,0
23.4187,92.2635,320.4,1.7,1.3,2010-03-22,0734,Aqua,MODIS,65,6.2,304.2,17,D,0
21.3379,92.6126,319.8,1.6,1.3,2010-03-22,0734,Aqua,MODIS,52,6.2,302.2,17.3,D,0
23.0358,92.3063,375,1.7,1.3,2010-03-22,0734,Aqua,MODIS,100,6.2,310.2,254.6,D,0
23.1978,89.9737,321.1,1.2,1.1,2010-03-22,0734,Aqua,MODIS,62,6.2,305.2,12.7,D,0
23.08,89.9275,325.8,1.2,1.1,2010-03-22,0734,Aqua,MODIS,51,6.2,306,15.5,D,0
23.3252,91.8347,339.1,1.6,1.2,2010-03-22,0734,Aqua,MODIS,88,6.2,304.4,59.9,D,0
23.3236,91.8199,335.2,1.5,1.2,2010-03-22,0734,Aqua,MODIS,85,6.2,305.9,48,D,0
21.6611,92.2484,319.7,1.6,1.2,2010-03-22,0734,Aqua,MODIS,51,6.2,305.9,11.6,D,0
21.6264,92.2386,327.5,1.6,1.2,2010-03-22,0734,Aqua,MODIS,74,6.2,306.6,25.7,D,0
22.9404,92.2612,318.9,1.6,1.3,2010-03-22,0734,Aqua,MODIS,40,6.2,305.8,11.5,D,0
21.6279,92.2523,333.1,1.6,1.2,2010-03-22,0734,Aqua,MODIS,81,6.2,305.1,39.9,D,0
21.6154,92.2403,336.6,1.6,1.2,2010-03-22,0734,Aqua,MODIS,85,6.2,306.4,49.5,D,0
21.6169,92.2541,351.5,1.6,1.2,2010-03-22,0734,Aqua,MODIS,95,6.2,305.3,103.3,D,0
21.6152,92.2604,346.2,1.6,1.2,2010-03-22,0734,Aqua,MODIS,92,6.2,304.4,79.5,D,0
21.401,92.1828,324.8,1.5,1.2,2010-03-22,0734,Aqua,MODIS,71,6.2,305.1,22.7,D,0
23.0489,92.321,358.3,1.7,1.3,2010-03-22,0734,Aqua,MODIS,99,6.2,307.7,148.3,D,0
23.4856,91.9401,327.9,1.6,1.2,2010-03-22,0734,Aqua,MODIS,78,6.2,303.4,32.9,D,0
23.4873,91.9552,328.2,1.6,1.2,2010-03-22,0734,Aqua,MODIS,78,6.2,303.7,33.6,D,0
23.0472,92.3054,320.1,1.7,1.3,2010-03-22,0734,Aqua,MODIS,58,6.2,306,13.2,D,0
21.7677,92.2912,347,1.6,1.2,2010-03-22,0734,Aqua,MODIS,92,6.2,303.7,90.9,D,0
21.6044,92.2419,339.7,1.6,1.2,2010-03-22,0734,Aqua,MODIS,87,6.2,307.2,58.3,D,0
21.6059,92.2561,349,1.6,1.2,2010-03-22,0734,Aqua,MODIS,94,6.2,306.1,91.7,D,0
21.6026,92.2487,361.2,1.6,1.2,2010-03-22,0734,Aqua,MODIS,100,6.2,308,148.7,D,0
23.0704,89.9464,327.2,1.2,1.1,2010-03-22,0734,Aqua,MODIS,60,6.2,307.5,11.9,D,0
21.6136,92.2469,356.4,1.6,1.2,2010-03-22,0734,Aqua,MODIS,98,6.2,307,123.8,D,0
21.6119,92.2325,323.9,1.6,1.2,2010-03-22,0734,Aqua,MODIS,57,6.2,305.5,17.7,D,0
23.0423,89.8808,322.6,1.2,1.1,2010-03-22,0734,Aqua,MODIS,14,6.2,307.7,11.6,D,0
23.3107,92.1072,320.1,1.6,1.3,2010-03-22,0734,Aqua,MODIS,62,6.2,303.3,15.2,D,0
23.2995,92.1089,320.3,1.6,1.3,2010-03-22,0734,Aqua,MODIS,65,6.2,305.2,14.9,D,0
21.3396,92.6275,324.1,1.6,1.3,2010-03-22,0734,Aqua,MODIS,68,6.2,303.8,25.6,D,0
23.1777,92.1479,321.7,1.6,1.3,2010-03-22,0734,Aqua,MODIS,68,6.2,305.2,16.4,D,0
23.2049,91.9871,322.2,1.6,1.2,2010-03-22,0734,Aqua,MODIS,69,6.2,303.4,18.2,D,0
22.6171,92.3266,332.5,1.6,1.3,2010-03-22,0734,Aqua,MODIS,81,6.2,306.5,41.5,D,0
22.175,92.5592,320,1.7,1.3,2010-03-22,0734,Aqua,MODIS,56,6.2,305.3,15.1,D,0
22.617,92.3363,327.7,1.6,1.3,2010-03-22,0734,Aqua,MODIS,71,6.2,305.6,28.4,D,0
22.2083,92.5491,322.2,1.7,1.3,2010-03-22,0734,Aqua,MODIS,65,6.2,305.9,20.7,D,0
23.779,90.9179,321.6,1.4,1.2,2010-03-22,0735,Aqua,MODIS,42,6.2,303.2,12.4,D,0
23.6897,91.9316,366,1.6,1.2,2010-03-22,0735,Aqua,MODIS,100,6.2,305.8,184.3,D,0
23.6914,91.9473,341.8,1.6,1.2,2010-03-22,0735,Aqua,MODIS,90,6.2,303.1,71.2,D,0
21.4544,92.3524,311,1,1,2010-03-22,1944,Aqua,MODIS,82,6.2,294.5,9.5,N,0
21.4723,92.3554,313.5,1,1,2010-03-22,1944,Aqua,MODIS,87,6.2,294.3,11.1,N,0
21.4633,92.3539,311.9,1,1,2010-03-22,1944,Aqua,MODIS,84,6.2,294.4,10,N,0
22.5755,92.4486,318.6,2.8,1.6,2010-03-23,0506,Terra,MODIS,66,6.2,299.9,41.6,D,0
23.2685,89.8684,323.9,1.8,1.3,2010-03-23,0506,Terra,MODIS,64,6.2,304.6,26.6,D,0
21.9756,92.3517,327.4,2.8,1.6,2010-03-23,0507,Terra,MODIS,79,6.2,299.5,86.8,D,0
21.4618,92.3658,313.8,2.9,1.6,2010-03-23,0507,Terra,MODIS,53,6.2,297.4,30.8,D,0
21.9734,92.3443,328.1,2.8,1.6,2010-03-23,0507,Terra,MODIS,79,6.2,299.6,91.1,D,0
21.6238,92.2397,318.1,2.8,1.6,2010-03-23,0507,Terra,MODIS,66,6.2,298.9,41,D,0
21.6262,92.2458,315.5,2.8,1.6,2010-03-23,0507,Terra,MODIS,59,6.2,298.9,29.8,D,0
21.6312,92.2212,314.9,2.8,1.6,2010-03-23,0507,Terra,MODIS,57,6.2,298.9,27.7,D,0
21.3057,92.601,337.2,3.1,1.7,2010-03-23,0639,Aqua,MODIS,84,6.2,298.8,170.4,D,0
23.0549,89.9402,314,4.4,1.9,2010-03-23,0639,Aqua,MODIS,23,6.2,300.1,46,D,0
23.237,91.8499,314.4,3.2,1.7,2010-03-23,0639,Aqua,MODIS,54,6.2,299.3,23.6,D,0
21.8643,92.3101,325.2,3.2,1.7,2010-03-23,0639,Aqua,MODIS,70,6.2,300.4,74.5,D,0
21.862,92.3052,326.8,3.2,1.7,2010-03-23,0639,Aqua,MODIS,74,6.2,300.6,84.1,D,0
21.8412,92.3493,319.9,3.2,1.7,2010-03-23,0639,Aqua,MODIS,53,6.2,300.1,45.3,D,0
23.383,91.9594,335.7,3.1,1.7,2010-03-23,0639,Aqua,MODIS,86,6.2,300.6,152.2,D,0
23.3778,91.9366,317.6,3.1,1.7,2010-03-23,0639,Aqua,MODIS,65,6.2,299.9,41.9,D,0
23.3839,91.9667,333.8,3.1,1.7,2010-03-23,0639,Aqua,MODIS,85,6.2,300.5,138.7,D,0
21.8579,92.2781,324.3,3.2,1.7,2010-03-23,0639,Aqua,MODIS,69,6.2,301,70.5,D,0
21.8555,92.2738,319.6,3.2,1.7,2010-03-23,0639,Aqua,MODIS,37,6.2,300.9,43.4,D,0
23.0587,92.3416,317.3,3,1.6,2010-03-23,0639,Aqua,MODIS,59,6.2,301.1,33.9,D,0
21.3061,92.6065,336.2,3.1,1.7,2010-03-23,0639,Aqua,MODIS,83,6.2,298.8,157.3,D,0
21.2914,92.6099,324.2,3.1,1.7,2010-03-23,0639,Aqua,MODIS,65,6.2,298.8,81.2,D,0
21.2967,92.6326,329.9,3.1,1.7,2010-03-23,0639,Aqua,MODIS,76,6.2,298.8,112.4,D,0
21.2972,92.6394,323.9,3.1,1.7,2010-03-23,0639,Aqua,MODIS,64,6.2,298.7,77.1,D,0
22.1845,92.5158,335.1,3,1.7,2010-03-23,0639,Aqua,MODIS,84,6.2,301.8,138.6,D,0
22.1842,92.5235,350.6,3,1.7,2010-03-23,0639,Aqua,MODIS,95,6.2,301.7,278.4,D,0
22.1698,92.5277,330.2,3,1.7,2010-03-23,0639,Aqua,MODIS,79,6.2,301.2,106,D,0
22.1907,92.5459,323.3,3,1.6,2010-03-23,0639,Aqua,MODIS,68,6.2,300.1,62.9,D,0
23.0588,92.0379,320.3,3.1,1.7,2010-03-23,0639,Aqua,MODIS,64,6.2,300.1,44.1,D,0
23.0789,92.0582,328.6,3.1,1.7,2010-03-23,0639,Aqua,MODIS,80,6.2,300,92.4,D,0
23.0641,92.0615,339.2,3.1,1.7,2010-03-23,0639,Aqua,MODIS,88,6.2,301.1,171.4,D,0
23.0703,92.0914,340.1,3.1,1.7,2010-03-23,0639,Aqua,MODIS,89,6.2,301.1,178,D,0
23.0649,92.0686,340.4,3.1,1.7,2010-03-23,0639,Aqua,MODIS,89,6.2,301.3,180.3,D,0
23.0708,92.098,335.6,3.1,1.7,2010-03-23,0639,Aqua,MODIS,86,6.2,300.7,138.2,D,0
23.0532,92.3145,317.5,3,1.6,2010-03-23,0639,Aqua,MODIS,60,6.2,301.8,35.5,D,0
23.1082,92.0508,315.7,3.1,1.7,2010-03-23,0639,Aqua,MODIS,55,6.2,300,28.3,D,0
23.1069,92.0468,317.1,3.1,1.7,2010-03-23,0639,Aqua,MODIS,62,6.2,299.9,34.6,D,0
22.5743,92.4592,320,3,1.6,2010-03-23,0639,Aqua,MODIS,62,6.2,302,43.9,D,0
22.5598,92.4624,319,3,1.6,2010-03-23,0639,Aqua,MODIS,59,6.2,301.8,39.3,D,0
22.5735,92.4667,319.9,3,1.6,2010-03-23,0639,Aqua,MODIS,61,6.2,302.1,43.8,D,0
21.628,92.4406,332.2,3.1,1.7,2010-03-23,0639,Aqua,MODIS,79,6.2,298.1,129.6,D,0
21.6291,92.4474,341,3.1,1.7,2010-03-23,0639,Aqua,MODIS,88,6.2,297.9,200.1,D,0
21.6349,92.4741,328.6,3.1,1.7,2010-03-23,0639,Aqua,MODIS,74,6.2,298.3,102.9,D,0
24.4727,89.8168,312.6,4.2,1.9,2010-03-23,0640,Aqua,MODIS,0,6.2,296.6,38.7,D,0
24.4892,89.8123,312.7,4.2,1.9,2010-03-23,0640,Aqua,MODIS,0,6.2,296.5,39,D,0
22.9596,92.3312,325.6,1,1,2010-03-23,1602,Terra,MODIS,100,6.2,295.6,22.7,N,0
23.6033,89.6633,318.3,1.3,1.1,2010-03-23,1602,Terra,MODIS,96,6.2,297.2,20.6,N,0
21.3137,92.6056,310.2,1,1,2010-03-23,1602,Terra,MODIS,79,6.2,294.7,8.8,N,0
23.6013,89.6507,310.9,1.3,1.1,2010-03-23,1602,Terra,MODIS,79,6.2,296.9,11.1,N,0
23.6134,89.6612,313.8,1.3,1.1,2010-03-23,1602,Terra,MODIS,87,6.2,296.7,15.4,N,0
23.6121,89.6885,317.2,2.9,1.6,2010-03-24,0411,Terra,MODIS,64,6.2,299.9,31.5,D,0
23.6147,89.6599,339.4,2.9,1.6,2010-03-24,0411,Terra,MODIS,89,6.2,301.4,162.1,D,0
22.2581,92.158,315.8,1.8,1.3,2010-03-24,0411,Terra,MODIS,50,6.2,300.9,13.1,D,0
22.2601,92.1403,315.1,1.8,1.3,2010-03-24,0411,Terra,MODIS,41,6.2,300.3,12.9,D,0
22.9673,92.3346,314.5,1.8,1.3,2010-03-24,0411,Terra,MODIS,52,6.2,299.3,12.9,D,0
21.9515,92.348,317.1,1.8,1.3,2010-03-24,0411,Terra,MODIS,56,6.2,301.2,15.9,D,0
22.9555,92.3326,327,1.8,1.3,2010-03-24,0411,Terra,MODIS,78,6.2,300.1,42.5,D,0
21.8501,92.1181,318.1,1.8,1.3,2010-03-24,0412,Terra,MODIS,57,6.2,300.3,16.3,D,0
21.8438,92.1113,316.2,1.8,1.3,2010-03-24,0412,Terra,MODIS,57,6.2,299.9,14.6,D,0
21.8418,92.1291,317.8,1.8,1.3,2010-03-24,0412,Terra,MODIS,62,6.2,300.5,17,D,0
21.5749,92.252,363.9,1.1,1,2010-03-24,0722,Aqua,MODIS,100,6.2,309.9,92.6,D,0
21.5735,92.2419,365.9,1.1,1,2010-03-24,0722,Aqua,MODIS,100,6.2,310.5,99.1,D,0
21.5854,92.2606,337.7,1.1,1,2010-03-24,0722,Aqua,MODIS,86,6.2,306.5,30.5,D,0
21.5841,92.2505,362.7,1.1,1,2010-03-24,0722,Aqua,MODIS,100,6.2,307.5,89.2,D,0
21.5827,92.2404,344.6,1.1,1,2010-03-24,0722,Aqua,MODIS,91,6.2,306.9,42.7,D,0
22.3847,92.4099,348.1,1.1,1,2010-03-24,0722,Aqua,MODIS,93,6.2,308.3,52.5,D,0
22.386,92.4203,341.5,1.1,1,2010-03-24,0722,Aqua,MODIS,89,6.2,307,38.7,D,0
22.3774,92.4068,322.2,1.1,1,2010-03-24,0722,Aqua,MODIS,65,6.2,306,8.2,D,0
22.3788,92.4172,334.5,1.1,1,2010-03-24,0722,Aqua,MODIS,83,6.2,307.6,25.3,D,0
22.9629,92.3272,331.2,1.1,1,2010-03-24,0722,Aqua,MODIS,81,6.2,303.7,23.3,D,0
22.9642,92.3375,318.7,1.1,1,2010-03-24,0722,Aqua,MODIS,53,6.2,302.5,7,D,0
22.1329,92.233,324.4,1.1,1,2010-03-24,0722,Aqua,MODIS,71,6.2,306,10,D,0
23.0795,92.1037,327.2,1.1,1,2010-03-24,0722,Aqua,MODIS,76,6.2,302.4,15,D,0
23.0782,92.0932,326.4,1.1,1,2010-03-24,0722,Aqua,MODIS,63,6.2,304.8,13.8,D,0
23.0861,92.0813,323.4,1.1,1,2010-03-24,0722,Aqua,MODIS,72,6.2,302.5,10.9,D,0
22.2558,92.1289,327,1.1,1,2010-03-24,0722,Aqua,MODIS,75,6.2,304.6,15.3,D,0
21.6297,92.4524,322.7,1.1,1,2010-03-24,0722,Aqua,MODIS,60,6.2,308.5,11,D,0
21.6284,92.4424,332,1.1,1,2010-03-24,0722,Aqua,MODIS,80,6.2,308.1,22.7,D,0
22.984,91.9349,321.4,1.1,1,2010-03-24,0722,Aqua,MODIS,54,6.2,300.9,10.6,D,0
21.8939,92.3621,321,1.1,1,2010-03-24,0722,Aqua,MODIS,62,6.2,305.6,7.5,D,0
22.4754,92.1876,350.9,1.1,1,2010-03-24,0722,Aqua,MODIS,95,6.2,305.9,58.7,D,0
21.8276,92.3606,324.5,1.1,1,2010-03-24,0722,Aqua,MODIS,39,6.2,303.1,10.9,D,0
22.474,92.177,346.6,1.1,1,2010-03-24,0722,Aqua,MODIS,93,6.2,306.5,48.4,D,0
23.063,92.1773,331.3,1.1,1,2010-03-24,0722,Aqua,MODIS,82,6.2,302.8,22.9,D,0
23.4838,91.9522,333.7,1.1,1,2010-03-24,0722,Aqua,MODIS,84,6.2,301.5,27.5,D,0
22.2572,92.1392,332.1,1.1,1,2010-03-24,0722,Aqua,MODIS,81,6.2,305.4,21.8,D,0
21.4196,92.5389,378.2,1.1,1,2010-03-24,0722,Aqua,MODIS,100,6.2,307.2,154.8,D,0
21.4182,92.5288,331.7,1.1,1,2010-03-24,0722,Aqua,MODIS,80,6.2,306.1,23.9,D,0
21.4103,92.5404,401.7,1.1,1,2010-03-24,0722,Aqua,MODIS,100,6.2,310.1,287.6,D,0
21.409,92.5303,341.3,1.1,1,2010-03-24,0722,Aqua,MODIS,89,6.2,306.8,40.1,D,0
22.6733,92.4444,323.5,1.1,1,2010-03-24,0722,Aqua,MODIS,70,6.2,304.6,11.5,D,0
22.6719,92.4339,328.3,1.1,1,2010-03-24,0722,Aqua,MODIS,77,6.2,305.5,17.7,D,0
22.2794,92.0939,321.6,1.1,1,2010-03-24,0722,Aqua,MODIS,66,6.2,302.7,10.3,D,0
22.3148,92.078,320.1,1.1,1,2010-03-24,0722,Aqua,MODIS,57,6.2,304.8,7.8,D,0
21.8925,92.3516,371,1.1,1,2010-03-24,0722,Aqua,MODIS,100,6.2,309.6,121.2,D,0
21.8,92.3511,353.7,1.1,1,2010-03-24,0722,Aqua,MODIS,96,6.2,308.8,65.5,D,0
21.7986,92.3411,324.2,1.1,1,2010-03-24,0722,Aqua,MODIS,65,6.2,306.7,10.1,D,0
21.8092,92.3497,355.9,1.1,1,2010-03-24,0722,Aqua,MODIS,98,6.2,307.6,69.2,D,0
21.8079,92.3397,335.3,1.1,1,2010-03-24,0722,Aqua,MODIS,84,6.2,306.4,25,D,0
23.0529,92.3184,321.3,1.1,1,2010-03-24,0722,Aqua,MODIS,68,6.2,304.2,9.3,D,0
23.0515,92.308,337,1.1,1,2010-03-24,0722,Aqua,MODIS,86,6.2,302,32,D,0
21.8263,92.3508,348.8,1.1,1,2010-03-24,0722,Aqua,MODIS,94,6.2,307.8,53.1,D,0
21.8356,92.3494,351.4,1.1,1,2010-03-24,0722,Aqua,MODIS,95,6.2,308.7,58.6,D,0
21.8422,92.3276,320.4,1.1,1,2010-03-24,0722,Aqua,MODIS,27,6.2,305.9,6,D,0
21.8013,92.3612,326.2,1.1,1,2010-03-24,0722,Aqua,MODIS,69,6.2,306.4,13.6,D,0
22.3577,92.2013,319.7,1.1,1,2010-03-24,0722,Aqua,MODIS,61,6.2,304.7,6.6,D,0
22.9396,92.1486,317.8,1.1,1,2010-03-24,0722,Aqua,MODIS,59,6.2,302.9,6.8,D,0
22.9932,91.9335,363,1.1,1,2010-03-24,0722,Aqua,MODIS,100,6.2,302.4,93,D,0
22.9918,91.9233,336.9,1.1,1,2010-03-24,0722,Aqua,MODIS,86,6.2,299.3,31.6,D,0
23.7162,92.1074,376.6,1.1,1,2010-03-24,0722,Aqua,MODIS,100,6.2,300.2,148.1,D,0
23.7055,92.0984,372.1,1.1,1,2010-03-24,0722,Aqua,MODIS,100,6.2,304.8,128.9,D,0
23.7069,92.1089,348.5,1.1,1,2010-03-24,0722,Aqua,MODIS,94,6.2,300.7,55.8,D,0
23.0607,91.9583,319.9,1.1,1,2010-03-24,0722,Aqua,MODIS,66,6.2,297.9,8.5,D,0
23.0593,91.9479,337.2,1.1,1,2010-03-24,0722,Aqua,MODIS,87,6.2,299.6,32.5,D,0
23.1571,91.927,351,1.1,1,2010-03-24,0722,Aqua,MODIS,95,6.2,300.3,59.5,D,0
23.1558,91.9167,354.1,1.1,1,2010-03-24,0722,Aqua,MODIS,97,6.2,302.5,66.9,D,0
23.3993,92.3061,322.4,1.1,1,2010-03-24,0722,Aqua,MODIS,56,6.2,301.5,12,D,0
23.1426,91.8874,331.8,1.1,1,2010-03-24,0722,Aqua,MODIS,82,6.2,301.7,23.5,D,0
23.3167,92.1513,321.6,1.1,1,2010-03-24,0722,Aqua,MODIS,69,6.2,301.8,11.3,D,0
23.2763,91.9863,323.8,1.1,1,2010-03-24,0722,Aqua,MODIS,69,6.2,300.6,12.2,D,0
23.5619,89.5388,337.2,1,1,2010-03-24,0722,Aqua,MODIS,85,6.2,309.2,22.7,D,0
23.6072,89.6606,332.7,1,1,2010-03-24,0722,Aqua,MODIS,80,6.2,309.8,16.5,D,0
22.1394,92.2113,328.2,1.1,1,2010-03-24,0722,Aqua,MODIS,76,6.2,306.9,14.4,D,0
23.6058,89.6509,330.4,1,1,2010-03-24,0722,Aqua,MODIS,77,6.2,309.7,13.2,D,0
23.4547,91.9462,324.9,1.1,1,2010-03-24,0722,Aqua,MODIS,75,6.2,298.5,14.9,D,0
23.3979,92.2952,324,1.1,1,2010-03-24,0722,Aqua,MODIS,73,6.2,302.2,13.8,D,0
23.0718,92.1009,390.1,1.1,1,2010-03-24,0722,Aqua,MODIS,100,6.2,307.4,210.5,D,0
23.0704,92.0904,337.5,1.1,1,2010-03-24,0722,Aqua,MODIS,87,6.2,304.9,30.8,D,0
24.1571,91.418,340.8,1,1,2010-03-24,0722,Aqua,MODIS,89,6.2,307.3,33.9,D,0
24.1466,91.4093,331.9,1,1,2010-03-24,0722,Aqua,MODIS,81,6.2,304.5,18.7,D,0
24.148,91.4195,354.7,1,1,2010-03-24,0722,Aqua,MODIS,97,6.2,307.2,64.1,D,0
22.1435,92.2424,333.9,1.1,1,2010-03-24,0722,Aqua,MODIS,83,6.2,306.5,23.5,D,0
22.1449,92.2528,321.1,1.1,1,2010-03-24,0722,Aqua,MODIS,31,6.2,305.8,6.6,D,0
22.1343,92.2438,335.5,1.1,1,2010-03-24,0722,Aqua,MODIS,84,6.2,306.6,26.2,D,0
21.8369,92.3591,326.9,1.1,1,2010-03-24,0722,Aqua,MODIS,47,6.2,304.6,13.7,D,0
21.5434,92.2982,319.5,1.1,1,2010-03-24,0722,Aqua,MODIS,46,6.2,305.6,6.5,D,0
21.5364,92.2948,343.4,1.1,1,2010-03-24,0722,Aqua,MODIS,90,6.2,307.7,40,D,0
21.5271,92.2962,322.8,1.1,1,2010-03-24,0722,Aqua,MODIS,46,6.2,306.2,8.8,D,0
22.2006,92.5315,326.7,1.1,1,2010-03-24,0722,Aqua,MODIS,73,6.2,306.1,15.6,D,0
22.9536,92.3287,362,1.1,1,2010-03-24,0722,Aqua,MODIS,100,6.2,307,94.3,D,0
21.4627,92.3062,321.8,1.1,1,2010-03-24,0722,Aqua,MODIS,65,6.2,306,10.2,D,0
21.4438,92.295,328.5,1.1,1,2010-03-24,0722,Aqua,MODIS,77,6.2,305.4,16.9,D,0
21.4452,92.3051,320.9,1.1,1,2010-03-24,0722,Aqua,MODIS,40,6.2,303.9,8.4,D,0
22.8202,92.0149,318.2,1.1,1,2010-03-24,0722,Aqua,MODIS,59,6.2,302.2,7.5,D,0
21.883,92.2797,324.9,1.1,1,2010-03-24,0722,Aqua,MODIS,71,6.2,307,12,D,0
21.8738,92.2811,343.7,1.1,1,2010-03-24,0722,Aqua,MODIS,91,6.2,308,41.4,D,0
23.234,92.0101,331.3,1.1,1,2010-03-24,0722,Aqua,MODIS,82,6.2,302.4,23.1,D,0
23.1932,92.0592,321.9,1.1,1,2010-03-24,0722,Aqua,MODIS,70,6.2,300.5,11.5,D,0
22.5598,92.126,330.4,1.1,1,2010-03-24,0722,Aqua,MODIS,80,6.2,304.7,20.3,D,0
22.5611,92.136,327.2,1.1,1,2010-03-24,0722,Aqua,MODIS,76,6.2,303.8,16.1,D,0
23.6635,91.9224,322,1.1,1,2010-03-24,0722,Aqua,MODIS,34,6.2,299.5,10.8,D,0
23.1098,92.0459,343.1,1.1,1,2010-03-24,0722,Aqua,MODIS,91,6.2,303.6,42,D,0
23.1111,92.0562,338,1.1,1,2010-03-24,0722,Aqua,MODIS,87,6.2,302.6,32.5,D,0
23.1221,92.14,317.9,1.1,1,2010-03-24,0722,Aqua,MODIS,59,6.2,301.2,6.1,D,0
23.1005,92.0473,344.4,1.1,1,2010-03-24,0722,Aqua,MODIS,92,6.2,303.9,44.4,D,0
23.1019,92.0576,347.5,1.1,1,2010-03-24,0722,Aqua,MODIS,93,6.2,304,50.4,D,0
23.0967,92.0904,332.2,1.1,1,2010-03-24,0722,Aqua,MODIS,83,6.2,302.9,22.5,D,0
23.0981,92.101,329.1,1.1,1,2010-03-24,0722,Aqua,MODIS,79,6.2,302.5,18.2,D,0
23.4851,91.9625,353.6,1.1,1,2010-03-24,0722,Aqua,MODIS,97,6.2,302.1,68.3,D,0
23.4745,91.9536,328.1,1.1,1,2010-03-24,0722,Aqua,MODIS,75,6.2,301.3,18.7,D,0
22.2825,92.2615,324,1.1,1,2010-03-24,0722,Aqua,MODIS,70,6.2,307.3,10.8,D,0
23.8438,90.9386,321.4,1,1,2010-03-24,0722,Aqua,MODIS,53,6.2,302.6,8,D,0
23.8206,90.9087,323,1,1,2010-03-24,0722,Aqua,MODIS,24,6.2,303.8,9.6,D,0
21.5421,92.2881,321.3,1.1,1,2010-03-24,0722,Aqua,MODIS,64,6.2,306.9,8.3,D,0
21.5538,92.2346,325.2,1.1,1,2010-03-24,0722,Aqua,MODIS,72,6.2,305.9,12.1,D,0
23.8116,90.9101,323.2,1,1,2010-03-24,0722,Aqua,MODIS,45,6.2,303,9.2,D,0
23.8527,89.569,324.8,1,1,2010-03-24,0722,Aqua,MODIS,57,6.2,309.3,6.5,D,0
21.8751,92.2914,328.9,1.1,1,2010-03-24,0722,Aqua,MODIS,77,6.2,307.3,16.7,D,0
23.2502,89.8663,343.3,1,1,2010-03-24,0722,Aqua,MODIS,90,6.2,309.4,35.1,D,0
23.1134,89.9417,324.8,1,1,2010-03-24,0722,Aqua,MODIS,73,6.2,304.4,13.8,D,0
23.0501,89.8834,321.7,1,1,2010-03-24,0722,Aqua,MODIS,46,6.2,307.2,10,D,0
23.0599,89.9509,327.6,1,1,2010-03-24,0722,Aqua,MODIS,57,6.2,305.9,14.1,D,0
21.7349,92.2151,324.2,1.1,1,2010-03-24,0722,Aqua,MODIS,70,6.2,307.1,9.9,D,0
23.469,92.2778,323.6,1.1,1,2010-03-24,0722,Aqua,MODIS,73,6.2,301.2,14.3,D,0
23.4784,92.2763,328.9,1.1,1,2010-03-24,0722,Aqua,MODIS,80,6.2,299.4,21.4,D,0
23.477,92.2653,321.5,1.1,1,2010-03-24,0722,Aqua,MODIS,69,6.2,298.9,11.6,D,0
23.2403,91.8549,344.3,1.1,1,2010-03-24,0722,Aqua,MODIS,92,6.2,302.2,43.6,D,0
23.2324,91.8666,321.3,1.1,1,2010-03-24,0722,Aqua,MODIS,55,6.2,298.3,9.2,D,0
21.4495,92.2772,321.1,1.1,1,2010-03-24,0722,Aqua,MODIS,64,6.2,305.2,8.8,D,0
21.4411,92.2747,319.2,1.1,1,2010-03-24,0722,Aqua,MODIS,50,6.2,305.8,6.2,D,0
22.202,92.5421,332.8,1.1,1,2010-03-24,0722,Aqua,MODIS,81,6.2,308.1,24.5,D,0
22.1673,92.5686,325.1,1.1,1,2010-03-24,0722,Aqua,MODIS,71,6.2,306.6,14.3,D,0
22.4846,92.1863,320,1.1,1,2010-03-24,0722,Aqua,MODIS,51,6.2,304,7.9,D,0
23.2338,91.877,319.6,1.1,1,2010-03-24,0722,Aqua,MODIS,26,6.2,299,7.4,D,0
23.2239,91.8639,326.3,1.1,1,2010-03-24,0722,Aqua,MODIS,41,6.2,297.7,12.8,D,0
23.3529,91.9475,324.4,1.1,1,2010-03-24,0722,Aqua,MODIS,71,6.2,301.5,13.6,D,0
23.3714,91.9447,322.9,1.1,1,2010-03-24,0722,Aqua,MODIS,48,6.2,302.3,11,D,0
23.2451,91.7495,337.4,1.1,1,2010-03-24,0722,Aqua,MODIS,87,6.2,300.2,32.5,D,0
23.2147,91.8654,332.1,1.1,1,2010-03-24,0722,Aqua,MODIS,74,6.2,300.3,21.3,D,0
23.2161,91.8757,336.3,1.1,1,2010-03-24,0722,Aqua,MODIS,84,6.2,300.9,27.8,D,0
23.2042,91.8566,330.5,1.1,1,2010-03-24,0722,Aqua,MODIS,74,6.2,302,20.3,D,0
23.2055,91.8669,327.7,1.1,1,2010-03-24,0722,Aqua,MODIS,74,6.2,299.2,16.5,D,0
23.0027,92.3453,307.4,1.2,1.1,2010-03-24,1931,Aqua,MODIS,71,6.2,292,9.8,N,0
25.7287,89.7081,314,1.1,1,2010-03-25,0453,Terra,MODIS,0,6.2,298.5,6.8,D,0
23.6133,89.6448,328.9,1.1,1.1,2010-03-25,0454,Terra,MODIS,78,6.2,305.3,18.5,D,0
23.6177,89.652,328.4,1.1,1.1,2010-03-25,0454,Terra,MODIS,78,6.2,305.8,17.4,D,0
22.0574,92.5594,316.3,1.8,1.3,2010-03-25,0454,Terra,MODIS,40,6.2,304,14.7,D,0
22.6193,92.4603,322.2,1.7,1.3,2010-03-25,0454,Terra,MODIS,71,6.2,304.4,23.6,D,0
23.6195,89.6413,321.6,1.1,1.1,2010-03-25,0454,Terra,MODIS,63,6.2,305.2,9.3,D,0
23.093,89.945,323.8,1.2,1.1,2010-03-25,0454,Terra,MODIS,72,6.2,304,16.2,D,0
22.6107,92.4434,321.8,1.7,1.3,2010-03-25,0454,Terra,MODIS,69,6.2,303.5,22.4,D,0
21.5199,92.2056,316.1,1.7,1.3,2010-03-25,0454,Terra,MODIS,56,6.2,300.3,13.5,D,0
23.8738,89.5693,322,1.1,1,2010-03-25,0454,Terra,MODIS,57,6.2,305.3,9.5,D,0
21.7367,92.1534,317.3,1.7,1.3,2010-03-25,0454,Terra,MODIS,60,6.2,301.2,15.5,D,0
23.8831,89.5711,323.1,1.1,1,2010-03-25,0454,Terra,MODIS,59,6.2,305.4,11.5,D,0
22.6221,92.4449,340.7,1.7,1.3,2010-03-25,0454,Terra,MODIS,89,6.2,305.3,76,D,0
21.2981,92.6343,306.3,1.4,1.2,2010-03-25,1549,Terra,MODIS,67,6.2,294,10.5,N,0
21.5043,92.3586,377.7,1,1,2010-03-26,0709,Aqua,MODIS,100,6.2,309.9,142.5,D,0
21.5953,92.285,355.7,1,1,2010-03-26,0709,Aqua,MODIS,97,6.2,305.2,68.4,D,0
21.9462,92.3478,332.4,1,1,2010-03-26,0709,Aqua,MODIS,82,6.2,305.6,21.1,D,0
21.9556,92.3498,341.6,1,1,2010-03-26,0709,Aqua,MODIS,89,6.2,306.1,37.1,D,0
21.9541,92.3398,325.3,1,1,2010-03-26,0709,Aqua,MODIS,58,6.2,306.3,12.4,D,0
21.8078,92.4084,355.8,1,1,2010-03-26,0709,Aqua,MODIS,98,6.2,307.1,67.9,D,0
21.8064,92.399,331.5,1,1,2010-03-26,0709,Aqua,MODIS,81,6.2,307.1,21.6,D,0
21.9707,92.3268,322.6,1,1,2010-03-26,0709,Aqua,MODIS,40,6.2,304.9,10,D,0
21.9753,92.296,327.2,1,1,2010-03-26,0709,Aqua,MODIS,76,6.2,303.6,15.4,D,0
21.8336,92.3328,319.9,1,1,2010-03-26,0709,Aqua,MODIS,61,6.2,304.1,6.7,D,0
21.8412,92.3211,339.1,1,1,2010-03-26,0709,Aqua,MODIS,87,6.2,305.3,32.8,D,0
21.9738,92.2857,338.3,1,1,2010-03-26,0709,Aqua,MODIS,87,6.2,305.4,32.2,D,0
21.8503,92.3196,326.6,1,1,2010-03-26,0709,Aqua,MODIS,75,6.2,303.7,14.4,D,0
21.9798,92.3253,318.7,1,1,2010-03-26,0709,Aqua,MODIS,14,6.2,304,6.4,D,0
21.5862,92.2867,334.7,1,1,2010-03-26,0709,Aqua,MODIS,84,6.2,304.9,25.4,D,0
21.6423,92.225,370.7,1.1,1,2010-03-26,0709,Aqua,MODIS,100,6.2,304.8,115.3,D,0
21.5967,92.2946,319.9,1,1,2010-03-26,0709,Aqua,MODIS,41,6.2,304.9,5.8,D,0
21.4968,92.3703,333.5,1,1,2010-03-26,0709,Aqua,MODIS,82,6.2,305.1,25.4,D,0
21.7065,92.2287,319.4,1.1,1,2010-03-26,0709,Aqua,MODIS,59,6.2,304,6.6,D,0
21.4953,92.3602,324.9,1,1,2010-03-26,0709,Aqua,MODIS,70,6.2,304.9,13.5,D,0
21.5059,92.3686,384.5,1,1,2010-03-26,0709,Aqua,MODIS,100,6.2,310.3,173,D,0
21.7641,92.304,324.7,1,1,2010-03-26,0709,Aqua,MODIS,72,6.2,303.2,12.5,D,0
21.4689,92.2986,321.1,1,1,2010-03-26,0709,Aqua,MODIS,63,6.2,303.2,10,D,0
21.4704,92.3086,365.2,1,1,2010-03-26,0709,Aqua,MODIS,100,6.2,304.6,98.2,D,0
21.9829,92.2842,322.2,1,1,2010-03-26,0709,Aqua,MODIS,68,6.2,304.3,10.8,D,0
21.9844,92.2945,316.9,1,1,2010-03-26,0709,Aqua,MODIS,38,6.2,302.5,5,D,0
21.5073,92.3783,326.6,1,1,2010-03-26,0709,Aqua,MODIS,74,6.2,303,15.9,D,0
21.9386,92.3594,324.1,1,1,2010-03-26,0709,Aqua,MODIS,71,6.2,305.1,11.4,D,0
21.9491,92.3677,326.1,1,1,2010-03-26,0709,Aqua,MODIS,51,6.2,304.2,13.2,D,0
21.6407,92.2149,328.1,1.1,1,2010-03-26,0709,Aqua,MODIS,76,6.2,302.5,16.2,D,0
21.9477,92.3578,343.4,1,1,2010-03-26,0709,Aqua,MODIS,90,6.2,305.2,39.5,D,0
23.2582,91.9914,318.6,1,1,2010-03-26,0710,Aqua,MODIS,36,6.2,302.3,6.3,D,0
22.8827,92.3181,322.7,1,1,2010-03-26,0710,Aqua,MODIS,70,6.2,302.4,11.6,D,0
23.333,91.9413,318.1,1,1,2010-03-26,0710,Aqua,MODIS,63,6.2,301.4,7,D,0
23.3787,91.9986,320.1,1,1,2010-03-26,0710,Aqua,MODIS,68,6.2,300.1,9.8,D,0
23.096,91.9032,320.1,1,1,2010-03-26,0710,Aqua,MODIS,64,6.2,300.8,8.4,D,0
23.0944,91.893,322.9,1,1,2010-03-26,0710,Aqua,MODIS,72,6.2,300.9,11.6,D,0
22.1623,92.1887,326.3,1,1,2010-03-26,0710,Aqua,MODIS,75,6.2,304,13.7,D,0
23.6003,89.6744,321.2,1.3,1.1,2010-03-26,0710,Aqua,MODIS,55,6.2,304.1,10,D,0
23.2446,91.9628,328,1,1,2010-03-26,0710,Aqua,MODIS,79,6.2,302.3,16.8,D,0
23.2461,91.9729,384,1,1,2010-03-26,0710,Aqua,MODIS,100,6.2,305.6,169.5,D,0
22.9985,91.9265,322.7,1,1,2010-03-26,0710,Aqua,MODIS,71,6.2,302.1,11.9,D,0
23.0062,91.977,326.4,1,1,2010-03-26,0710,Aqua,MODIS,76,6.2,302.9,14.7,D,0
23.1945,91.8789,336.5,1,1,2010-03-26,0710,Aqua,MODIS,86,6.2,301.3,30.7,D,0
23.1929,91.8688,327.5,1,1,2010-03-26,0710,Aqua,MODIS,78,6.2,302.3,17.6,D,0
22.9055,92.0997,317.5,1,1,2010-03-26,0710,Aqua,MODIS,58,6.2,302.5,6.4,D,0
22.9054,92.1611,321,1,1,2010-03-26,0710,Aqua,MODIS,67,6.2,302,10.3,D,0
22.6944,92.1086,318.2,1,1,2010-03-26,0710,Aqua,MODIS,58,6.2,303.1,6.5,D,0
22.6853,92.1102,317.1,1,1,2010-03-26,0710,Aqua,MODIS,43,6.2,302.7,5.2,D,0
22.6259,92.3317,322.5,1,1,2010-03-26,0710,Aqua,MODIS,70,6.2,305.9,10.1,D,0
22.6274,92.3414,346.1,1,1,2010-03-26,0710,Aqua,MODIS,92,6.2,304.9,45.8,D,0
22.5841,92.2936,331.6,1,1,2010-03-26,0710,Aqua,MODIS,82,6.2,303.6,22.5,D,0
22.5856,92.3035,322.5,1,1,2010-03-26,0710,Aqua,MODIS,70,6.2,302.4,11,D,0
23.2323,89.8103,317.6,1.3,1.1,2010-03-26,0710,Aqua,MODIS,45,6.2,300.3,8.2,D,0
23.0647,89.4748,315.1,1.4,1.2,2010-03-26,0710,Aqua,MODIS,46,6.2,300.1,9,D,0
22.8722,92.0029,323.3,1,1,2010-03-26,0710,Aqua,MODIS,71,6.2,302,13.1,D,0
23.7608,90.8981,324.9,1.1,1.1,2010-03-26,0710,Aqua,MODIS,72,6.2,303.9,16.4,D,0
23.116,92.0953,319.6,1,1,2010-03-26,0710,Aqua,MODIS,65,6.2,302.6,7.7,D,0
22.2763,92.2753,322.8,1,1,2010-03-26,0710,Aqua,MODIS,70,6.2,305.9,9.3,D,0
22.2853,92.2737,327.3,1,1,2010-03-26,0710,Aqua,MODIS,76,6.2,304.3,14,D,0
23.1612,92.0871,324.8,1,1,2010-03-26,0710,Aqua,MODIS,74,6.2,302.3,12.5,D,0
23.6199,91.943,344.6,1,1,2010-03-26,0710,Aqua,MODIS,92,6.2,302,44,D,0
23.6183,91.9328,369.1,1,1,2010-03-26,0710,Aqua,MODIS,100,6.2,303.2,108,D,0
23.6289,91.9413,334.5,1,1,2010-03-26,0710,Aqua,MODIS,85,6.2,297.9,27.1,D,0
23.6274,91.9312,321.5,1,1,2010-03-26,0710,Aqua,MODIS,42,6.2,299.9,9.4,D,0
23.6364,91.9295,338,1,1,2010-03-26,0710,Aqua,MODIS,87,6.2,300.1,31.9,D,0
23.1491,92.0689,319.4,1,1,2010-03-26,0710,Aqua,MODIS,28,6.2,301,7,D,0
23.1657,92.0556,325.8,1,1,2010-03-26,0710,Aqua,MODIS,76,6.2,301.5,14.6,D,0
23.1642,92.0457,318.8,1,1,2010-03-26,0710,Aqua,MODIS,64,6.2,302,7.3,D,0
23.2491,91.9931,328.3,1,1,2010-03-26,0710,Aqua,MODIS,79,6.2,303.3,17.1,D,0
23.2476,91.983,319.3,1,1,2010-03-26,0710,Aqua,MODIS,36,6.2,302.4,6.6,D,0
22.7796,91.9431,316.4,1.1,1,2010-03-26,0710,Aqua,MODIS,51,6.2,300.6,5.9,D,0
22.6316,92.4314,338.4,1,1,2010-03-26,0710,Aqua,MODIS,87,6.2,304,29.6,D,0
22.6301,92.4215,350.8,1,1,2010-03-26,0710,Aqua,MODIS,95,6.2,304.7,54.2,D,0
22.6406,92.4298,352.5,1,1,2010-03-26,0710,Aqua,MODIS,96,6.2,304.3,58,D,0
22.6391,92.4199,352.5,1,1,2010-03-26,0710,Aqua,MODIS,96,6.2,306.8,58.6,D,0
23.3846,91.915,327.3,1,1,2010-03-26,0710,Aqua,MODIS,78,6.2,301.3,17,D,0
23.0168,91.9852,325.2,1,1,2010-03-26,0710,Aqua,MODIS,75,6.2,301.3,13.3,D,0
23.0077,91.9868,318.4,1,1,2010-03-26,0710,Aqua,MODIS,57,6.2,301.3,5.9,D,0
23.3936,91.9134,316.1,1,1,2010-03-26,0710,Aqua,MODIS,57,6.2,300,5.3,D,0
22.6196,91.7453,319.8,1.1,1,2010-03-27,0442,Terra,MODIS,71,6.2,299,11,D,0
22.957,92.008,321.4,1.1,1,2010-03-27,0442,Terra,MODIS,74,6.2,295.7,13.4,D,0
23.2838,91.9914,319.9,1.1,1,2010-03-27,0442,Terra,MODIS,65,6.2,296.5,10.9,D,0
21.6936,92.2367,319.6,1.1,1.1,2010-03-27,0442,Terra,MODIS,70,6.2,300.2,10.2,D,0
21.5379,92.3567,325.1,3.5,1.8,2010-03-27,0752,Aqua,MODIS,70,6.2,297.1,77.5,D,0
21.3768,92.4948,344.3,3.6,1.8,2010-03-27,0752,Aqua,MODIS,92,6.2,299.2,276.1,D,0
21.3718,92.5237,323.4,3.6,1.8,2010-03-27,0752,Aqua,MODIS,76,6.2,297.4,83.3,D,0
22.4315,92.3864,317.6,3.6,1.8,2010-03-27,0752,Aqua,MODIS,34,6.2,295.1,44,D,0
22.2373,92.527,342.4,3.7,1.8,2010-03-27,0752,Aqua,MODIS,83,6.2,297.6,231.5,D,0
21.8343,92.2774,317.9,3.5,1.8,2010-03-27,0752,Aqua,MODIS,69,6.2,297.3,40.4,D,0
21.8315,92.2443,321.8,3.4,1.7,2010-03-27,0752,Aqua,MODIS,74,6.2,296.9,63.7,D,0
21.4708,92.3754,317.4,3.5,1.8,2010-03-27,0752,Aqua,MODIS,65,6.2,297.4,44.6,D,0
21.5452,92.3632,331.5,3.5,1.8,2010-03-27,0752,Aqua,MODIS,84,6.2,297.1,121.6,D,0
21.369,92.4902,329.2,3.6,1.8,2010-03-27,0752,Aqua,MODIS,82,6.2,298.4,126.2,D,0
21.6823,92.2361,326.6,3.4,1.7,2010-03-27,0752,Aqua,MODIS,80,6.2,298.3,93,D,0
21.4863,92.5458,315.3,3.6,1.8,2010-03-27,0752,Aqua,MODIS,40,6.2,296.6,36.3,D,0
21.7774,92.4938,342.4,3.6,1.8,2010-03-27,0752,Aqua,MODIS,91,6.2,299.8,241.6,D,0
21.8193,92.4818,361.4,3.6,1.8,2010-03-27,0752,Aqua,MODIS,100,6.2,301.1,511.9,D,0
21.8092,92.4899,367.5,3.6,1.8,2010-03-27,0752,Aqua,MODIS,100,6.2,301.2,626.7,D,0
22.1772,92.3959,324.2,3.6,1.8,2010-03-27,0752,Aqua,MODIS,76,6.2,297.2,80.8,D,0
22.1743,92.3625,318,3.6,1.8,2010-03-27,0752,Aqua,MODIS,63,6.2,297.2,44.8,D,0
22.1715,92.3895,327.9,3.6,1.8,2010-03-27,0752,Aqua,MODIS,72,6.2,297.3,102.6,D,0
22.395,92.5298,334.3,3.7,1.8,2010-03-27,0752,Aqua,MODIS,85,6.2,292.1,171.8,D,0
21.5577,92.3261,325.7,3.5,1.8,2010-03-27,0752,Aqua,MODIS,76,6.2,298.9,82.8,D,0
22.4298,92.1817,324,3.5,1.8,2010-03-27,0752,Aqua,MODIS,63,6.2,295.6,77.2,D,0
22.414,92.1832,321.2,3.5,1.8,2010-03-27,0752,Aqua,MODIS,62,6.2,295.5,60.5,D,0
22.4169,92.2167,322.5,3.5,1.8,2010-03-27,0752,Aqua,MODIS,70,6.2,295.1,68.6,D,0
21.6308,92.3774,316.1,3.5,1.8,2010-03-27,0752,Aqua,MODIS,56,6.2,297.6,29,D,0
21.8599,92.5156,331.5,3.6,1.8,2010-03-27,0752,Aqua,MODIS,71,6.2,298.2,125.1,D,0
21.5622,92.4576,337.1,3.6,1.8,2010-03-27,0752,Aqua,MODIS,88,6.2,298.4,183.7,D,0
21.5701,92.4627,324.1,3.6,1.8,2010-03-27,0752,Aqua,MODIS,77,6.2,298.1,81.1,D,0
21.8758,92.5133,356.8,3.6,1.8,2010-03-27,0752,Aqua,MODIS,98,6.2,299,435.7,D,0
21.8218,92.513,340.1,3.6,1.8,2010-03-27,0752,Aqua,MODIS,90,6.2,297.2,216.9,D,0
21.8119,92.5204,331.2,3.6,1.8,2010-03-27,0752,Aqua,MODIS,82,6.2,297,127.1,D,0
21.7803,92.5282,345.4,3.6,1.8,2010-03-27,0752,Aqua,MODIS,93,6.2,298.7,281.5,D,0
22.4435,92.5264,322.5,3.7,1.8,2010-03-27,0752,Aqua,MODIS,71,6.2,293.9,75.4,D,0
21.8727,92.5423,333.7,3.6,1.8,2010-03-27,0752,Aqua,MODIS,86,6.2,297.2,159,D,0
21.3905,92.1296,315.8,3.3,1.7,2010-03-27,0752,Aqua,MODIS,65,6.2,298,34,D,0
21.415,92.3885,328.2,3.5,1.8,2010-03-27,0752,Aqua,MODIS,81,6.2,296,116.5,D,0
21.408,92.3847,332.1,3.5,1.8,2010-03-27,0752,Aqua,MODIS,84,6.2,296.5,153.3,D,0
21.9985,92.2784,327.4,3.5,1.8,2010-03-27,0752,Aqua,MODIS,79,6.2,297.5,100.1,D,0
22.0014,92.3132,317.7,3.5,1.8,2010-03-27,0752,Aqua,MODIS,66,6.2,297,38.8,D,0
21.9875,92.2871,327.8,3.5,1.8,2010-03-27,0752,Aqua,MODIS,69,6.2,297.3,94.9,D,0
21.4643,92.4804,317.3,3.6,1.8,2010-03-27,0752,Aqua,MODIS,49,6.2,297,46.4,D,0
22.192,92.5659,323.2,3.7,1.8,2010-03-27,0752,Aqua,MODIS,45,6.2,298.9,75.2,D,0
22.2406,92.5637,349.2,3.7,1.8,2010-03-27,0752,Aqua,MODIS,95,6.2,296,330.2,D,0
22.0173,92.312,341.4,3.5,1.8,2010-03-27,0752,Aqua,MODIS,90,6.2,297.7,228,D,0
22.2013,92.5589,328.4,3.7,1.8,2010-03-27,0752,Aqua,MODIS,66,6.2,299.2,112.1,D,0
22.2334,92.5542,327.6,3.7,1.8,2010-03-27,0752,Aqua,MODIS,47,6.2,296.8,106.2,D,0
22.3435,92.292,323,3.5,1.8,2010-03-27,0752,Aqua,MODIS,68,6.2,295,67.4,D,0
22.3487,92.2988,320.3,3.5,1.8,2010-03-27,0752,Aqua,MODIS,68,6.2,295.2,56.2,D,0
21.8214,92.3121,332.3,3.5,1.8,2010-03-27,0752,Aqua,MODIS,85,6.2,298.5,133.6,D,0
21.8261,92.3189,327.5,3.5,1.8,2010-03-27,0752,Aqua,MODIS,81,6.2,297.7,101.5,D,0
21.9779,92.3587,357.9,3.5,1.8,2010-03-27,0752,Aqua,MODIS,99,6.2,298.4,444.6,D,0
21.9621,92.3612,328.1,3.5,1.8,2010-03-27,0752,Aqua,MODIS,81,6.2,298.1,106.5,D,0
21.9463,92.3629,325.9,3.5,1.8,2010-03-27,0752,Aqua,MODIS,79,6.2,297.9,91.9,D,0
21.9348,92.3337,316.7,3.5,1.8,2010-03-27,0752,Aqua,MODIS,66,6.2,298.1,38,D,0
21.938,92.3688,322.7,3.5,1.8,2010-03-27,0752,Aqua,MODIS,76,6.2,298,74.3,D,0
22.2496,92.5536,348.9,3.7,1.8,2010-03-27,0752,Aqua,MODIS,94,6.2,294.6,337.5,D,0
21.6796,92.2051,323,3.4,1.7,2010-03-27,0752,Aqua,MODIS,76,6.2,298.5,69.8,D,0
22.238,92.4157,352.1,3.6,1.8,2010-03-27,0752,Aqua,MODIS,96,6.2,295.3,367.4,D,0
22.228,92.4244,335.5,3.6,1.8,2010-03-27,0752,Aqua,MODIS,86,6.2,295,163.7,D,0
21.7999,92.3837,332.7,3.5,1.8,2010-03-27,0752,Aqua,MODIS,85,6.2,298.1,136.3,D,0
21.7731,92.362,320.5,3.5,1.8,2010-03-27,0752,Aqua,MODIS,73,6.2,298.6,55,D,0
21.4802,92.4786,318.9,3.6,1.8,2010-03-27,0752,Aqua,MODIS,63,6.2,297.3,55.2,D,0
21.4748,92.4722,319.1,3.6,1.8,2010-03-27,0752,Aqua,MODIS,44,6.2,297.4,52.5,D,0
21.9992,92.482,317.1,3.6,1.8,2010-03-27,0752,Aqua,MODIS,48,6.2,297.4,42,D,0
22.0224,92.3203,337,3.5,1.8,2010-03-27,0752,Aqua,MODIS,88,6.2,296.8,182.7,D,0
22.0026,92.4581,317.4,3.6,1.8,2010-03-27,0752,Aqua,MODIS,68,6.2,298.2,45,D,0
22.0053,92.4892,316,3.6,1.8,2010-03-27,0752,Aqua,MODIS,65,6.2,297.3,38.4,D,0
22.019,92.2839,324.8,3.5,1.8,2010-03-27,0752,Aqua,MODIS,78,6.2,297.4,83.1,D,0
22.0143,92.2771,318.9,3.5,1.8,2010-03-27,0752,Aqua,MODIS,68,6.2,297.8,47,D,0
22.3328,92.3003,319.5,3.5,1.8,2010-03-27,0752,Aqua,MODIS,67,6.2,294.9,51.1,D,0
22.3992,92.3263,315.7,3.6,1.8,2010-03-27,0752,Aqua,MODIS,61,6.2,295.1,35.2,D,0
21.9748,92.3236,321.3,3.5,1.8,2010-03-27,0752,Aqua,MODIS,74,6.2,297.8,57.6,D,0
21.5676,92.5222,327.1,3.6,1.8,2010-03-27,0752,Aqua,MODIS,80,6.2,296,99.1,D,0
21.3992,92.3904,325.4,3.5,1.8,2010-03-27,0752,Aqua,MODIS,79,6.2,296.6,96.9,D,0
21.8662,92.5856,382.4,3.7,1.8,2010-03-27,0752,Aqua,MODIS,100,6.2,301.8,999.8,D,0
21.8596,92.5796,356,3.7,1.8,2010-03-27,0752,Aqua,MODIS,98,6.2,300.3,432,D,0
21.8756,92.5768,346,3.7,1.8,2010-03-27,0752,Aqua,MODIS,93,6.2,298.2,293.2,D,0
21.5542,92.4637,344.3,3.6,1.8,2010-03-27,0752,Aqua,MODIS,92,6.2,298.7,255.7,D,0
21.5571,92.4962,362,3.6,1.8,2010-03-27,0752,Aqua,MODIS,100,6.2,300.2,523.4,D,0
21.8223,92.4556,320.7,3.6,1.8,2010-03-27,0752,Aqua,MODIS,70,6.2,297.9,51.6,D,0
21.8732,92.4842,321.2,3.6,1.8,2010-03-27,0752,Aqua,MODIS,74,6.2,298.9,58.2,D,0
21.8252,92.4888,352.9,3.6,1.8,2010-03-27,0752,Aqua,MODIS,96,6.2,299.1,374,D,0
21.8699,92.5083,359.3,3.6,1.8,2010-03-27,0752,Aqua,MODIS,99,6.2,299.8,486.2,D,0
21.7887,92.5316,338.5,3.6,1.8,2010-03-27,0752,Aqua,MODIS,89,6.2,298.4,204.6,D,0
21.7856,92.4976,352.2,3.6,1.8,2010-03-27,0752,Aqua,MODIS,96,6.2,299.9,366.1,D,0
21.5649,92.4899,374.7,3.6,1.8,2010-03-27,0752,Aqua,MODIS,100,6.2,300.8,783.3,D,0
21.5729,92.494,344.1,3.6,1.8,2010-03-27,0752,Aqua,MODIS,92,6.2,297.9,265,D,0
21.3797,92.5274,317.3,3.6,1.8,2010-03-27,0752,Aqua,MODIS,67,6.2,297.1,50.5,D,0
21.62,92.3857,350,3.5,1.8,2010-03-27,0752,Aqua,MODIS,95,6.2,298.8,329.6,D,0
21.5735,92.326,323.8,3.5,1.8,2010-03-27,0752,Aqua,MODIS,77,6.2,297.7,73.7,D,0
21.5665,92.3189,326.6,3.5,1.8,2010-03-27,0752,Aqua,MODIS,80,6.2,298.2,88.4,D,0
21.6171,92.3524,319.5,3.5,1.8,2010-03-27,0752,Aqua,MODIS,71,6.2,297.7,48.7,D,0
21.6678,92.2138,322,3.4,1.7,2010-03-27,0752,Aqua,MODIS,74,6.2,298.6,58.3,D,0
22.2467,92.5191,335.4,3.7,1.8,2010-03-27,0752,Aqua,MODIS,86,6.2,295.4,168.1,D,0
21.9721,92.5676,318.9,3.7,1.8,2010-03-27,0752,Aqua,MODIS,61,6.2,297.9,57.6,D,0
21.963,92.562,317.5,3.7,1.8,2010-03-27,0752,Aqua,MODIS,43,6.2,299.1,48.6,D,0
21.5196,92.4347,347.5,3.5,1.8,2010-03-27,0752,Aqua,MODIS,94,6.2,298,298.6,D,0
21.5355,92.4334,325.6,3.5,1.8,2010-03-27,0752,Aqua,MODIS,40,6.2,297.2,81.6,D,0
21.4106,92.4155,324.2,3.5,1.8,2010-03-27,0752,Aqua,MODIS,77,6.2,295.8,91.5,D,0
21.5106,92.3322,330.9,3.5,1.8,2010-03-27,0752,Aqua,MODIS,83,6.2,298.6,120.9,D,0
21.5235,92.2989,340.6,3.4,1.7,2010-03-27,0752,Aqua,MODIS,90,6.2,298.6,210.5,D,0
21.8231,92.286,316.4,3.5,1.8,2010-03-27,0752,Aqua,MODIS,59,6.2,297.5,31.5,D,0
21.8358,92.2513,325.9,3.4,1.7,2010-03-27,0752,Aqua,MODIS,79,6.2,297,88.9,D,0
21.5326,92.2931,334,3.4,1.7,2010-03-27,0752,Aqua,MODIS,86,6.2,298.9,142.8,D,0
22.9448,91.9537,318.9,3.4,1.7,2010-03-27,0753,Aqua,MODIS,36,6.2,294.8,45.9,D,0
22.5017,92.4502,341.9,3.6,1.8,2010-03-27,0753,Aqua,MODIS,91,6.2,296.1,240.6,D,0
22.4988,92.517,316.3,3.7,1.8,2010-03-27,0753,Aqua,MODIS,51,6.2,294.7,37.9,D,0
22.4257,92.211,325.6,3.5,1.8,2010-03-27,0753,Aqua,MODIS,49,6.2,294.9,85.8,D,0
22.423,92.1776,325,3.5,1.8,2010-03-27,0753,Aqua,MODIS,36,6.2,295.6,80,D,0
22.5733,92.4384,323.9,3.6,1.8,2010-03-27,0753,Aqua,MODIS,45,6.2,294.7,77.8,D,0
22.5829,92.4298,327.3,3.6,1.8,2010-03-27,0753,Aqua,MODIS,56,6.2,295,102.5,D,0
22.493,92.4464,337.2,3.6,1.8,2010-03-27,0753,Aqua,MODIS,87,6.2,295.9,194,D,0
22.5091,92.4449,332.9,3.6,1.8,2010-03-27,0753,Aqua,MODIS,84,6.2,295.9,146.7,D,0
22.657,92.4515,317.1,3.7,1.8,2010-03-27,0753,Aqua,MODIS,34,6.2,295.3,43.9,D,0
22.5149,92.5152,327.4,3.7,1.8,2010-03-27,0753,Aqua,MODIS,69,6.2,295.1,104.4,D,0
22.8579,92.3144,325.9,3.6,1.8,2010-03-27,0753,Aqua,MODIS,59,6.2,295.1,99.6,D,0
22.4957,92.4788,318.9,3.7,1.8,2010-03-27,0753,Aqua,MODIS,32,6.2,295.5,50.6,D,0
22.5046,92.4827,325,3.7,1.8,2010-03-27,0753,Aqua,MODIS,31,6.2,295.7,83.4,D,0
22.4503,92.5204,320.6,3.7,1.8,2010-03-27,0753,Aqua,MODIS,31,6.2,294,57.1,D,0
22.6893,92.4489,319.9,3.7,1.8,2010-03-27,0753,Aqua,MODIS,69,6.2,295.1,63.5,D,0
22.65,92.4573,319.5,3.7,1.8,2010-03-27,0753,Aqua,MODIS,66,6.2,295.3,59.6,D,0
22.7703,91.956,315.7,3.4,1.7,2010-03-27,0753,Aqua,MODIS,60,6.2,295.6,39.8,D,0
22.7802,91.9501,314.1,3.4,1.7,2010-03-27,0753,Aqua,MODIS,26,6.2,295.3,27.8,D,0
22.9,92.3037,319.9,3.6,1.8,2010-03-27,0753,Aqua,MODIS,37,6.2,295.1,59.1,D,0
23.1948,91.8511,319.9,3.4,1.7,2010-03-27,0753,Aqua,MODIS,72,6.2,291.7,56.5,D,0
22.5117,92.4771,327.4,3.7,1.8,2010-03-27,0753,Aqua,MODIS,56,6.2,295.6,99.5,D,0
23.2217,91.9814,316.9,3.4,1.7,2010-03-27,0753,Aqua,MODIS,65,6.2,291.5,44.7,D,0
22.5278,92.4748,332.7,3.7,1.8,2010-03-27,0753,Aqua,MODIS,64,6.2,294.9,137.6,D,0
22.8899,92.3114,318.9,3.6,1.8,2010-03-27,0753,Aqua,MODIS,59,6.2,295,57.7,D,0
23.2674,92.0028,316.7,3.4,1.7,2010-03-27,0753,Aqua,MODIS,47,6.2,290.6,42.5,D,0
22.6876,92.0964,317.2,3.4,1.7,2010-03-27,0753,Aqua,MODIS,56,6.2,296.5,43.4,D,0
22.9507,91.9579,318.6,3.4,1.7,2010-03-27,0753,Aqua,MODIS,61,6.2,294.8,48.3,D,0
22.5247,92.4576,348.1,1.4,1.2,2010-03-28,0657,Aqua,MODIS,94,6.2,301.3,80.3,D,0
22.1081,92.2524,356.2,1.5,1.2,2010-03-28,0657,Aqua,MODIS,98,6.2,301.7,117.3,D,0
22.1058,92.2394,331.3,1.5,1.2,2010-03-28,0657,Aqua,MODIS,83,6.2,299.9,35.2,D,0
22.218,92.2227,320.1,1.5,1.2,2010-03-28,0657,Aqua,MODIS,55,6.2,299.3,15,D,0
21.9692,92.3928,335.7,1.5,1.2,2010-03-28,0657,Aqua,MODIS,86,6.2,300.1,46.9,D,0
22.2642,92.3004,314.6,1.5,1.2,2010-03-28,0657,Aqua,MODIS,51,6.2,297.8,7.3,D,0
22.4001,92.3676,318.7,1.4,1.2,2010-03-28,0657,Aqua,MODIS,58,6.2,299.5,10.6,D,0
21.7167,92.2134,324.8,1.5,1.2,2010-03-28,0657,Aqua,MODIS,76,6.2,295.1,27,D,0
21.7143,92.199,325.8,1.5,1.2,2010-03-28,0657,Aqua,MODIS,77,6.2,294.4,29.2,D,0
21.7188,92.2077,326.7,1.5,1.2,2010-03-28,0657,Aqua,MODIS,74,6.2,296.3,29.7,D,0
22.8391,92.2909,322.9,1.4,1.2,2010-03-28,0657,Aqua,MODIS,56,6.2,299.6,20.3,D,0
22.4528,92.4495,342.9,1.4,1.2,2010-03-28,0657,Aqua,MODIS,91,6.2,300,66.2,D,0
22.447,92.3513,319.5,1.4,1.2,2010-03-28,0657,Aqua,MODIS,68,6.2,298.9,14.9,D,0
21.9586,92.3948,344.5,1.5,1.2,2010-03-28,0657,Aqua,MODIS,92,6.2,301.5,70.3,D,0
21.948,92.3969,364.9,1.5,1.2,2010-03-28,0657,Aqua,MODIS,100,6.2,303,153,D,0
22.4178,92.3714,326,1.4,1.2,2010-03-28,0657,Aqua,MODIS,77,6.2,299.5,24.4,D,0
22.4202,92.3851,335.1,1.4,1.2,2010-03-28,0657,Aqua,MODIS,86,6.2,300.7,44.4,D,0
22.6309,92.3453,323.8,1.4,1.2,2010-03-28,0657,Aqua,MODIS,75,6.2,298.8,20.8,D,0
22.5272,92.4724,337,1.4,1.2,2010-03-28,0657,Aqua,MODIS,87,6.2,299.2,47.4,D,0
22.7603,92.4394,320,1.4,1.2,2010-03-28,0657,Aqua,MODIS,70,6.2,301,13.2,D,0
22.7707,92.4374,322.6,1.4,1.2,2010-03-28,0657,Aqua,MODIS,74,6.2,300.7,17.7,D,0
22.3215,92.2259,317.7,1.5,1.2,2010-03-28,0657,Aqua,MODIS,45,6.2,300.2,10.2,D,0
22.3181,92.2698,321.5,1.5,1.2,2010-03-28,0657,Aqua,MODIS,72,6.2,300.4,17.2,D,0
22.3321,92.2237,319.7,1.5,1.2,2010-03-28,0657,Aqua,MODIS,69,6.2,299.8,13.3,D,0
22.3297,92.2097,315.7,1.5,1.2,2010-03-28,0657,Aqua,MODIS,47,6.2,298.5,7.3,D,0
22.6932,92.4592,363.6,1.4,1.2,2010-03-28,0657,Aqua,MODIS,100,6.2,302.9,140.5,D,0
22.69,92.4678,347,1.4,1.2,2010-03-28,0657,Aqua,MODIS,93,6.2,301.2,73.5,D,0
22.7004,92.4657,324,1.4,1.2,2010-03-28,0657,Aqua,MODIS,73,6.2,299.7,19.4,D,0
22.4446,92.3375,316.1,1.4,1.2,2010-03-28,0657,Aqua,MODIS,60,6.2,298.6,10.1,D,0
22.6982,92.453,335.9,1.4,1.2,2010-03-28,0657,Aqua,MODIS,87,6.2,302,44.4,D,0
22.5376,92.4702,367.2,1.4,1.2,2010-03-28,0657,Aqua,MODIS,100,6.2,302.6,160.7,D,0
22.4642,92.5163,328.4,1.4,1.2,2010-03-28,0657,Aqua,MODIS,80,6.2,300.9,28.7,D,0
22.2366,92.5192,316.4,1.4,1.2,2010-03-28,0657,Aqua,MODIS,57,6.2,300.6,10.6,D,0
22.2415,92.5252,316.8,1.4,1.2,2010-03-28,0657,Aqua,MODIS,62,6.2,300.3,11.1,D,0
22.34,92.0754,313.6,1.5,1.2,2010-03-28,0657,Aqua,MODIS,18,6.2,296.2,7.3,D,0
22.6481,91.9739,322.7,1.5,1.2,2010-03-28,0657,Aqua,MODIS,72,6.2,295.8,23.8,D,0
22.3293,92.0776,315.4,1.5,1.2,2010-03-28,0657,Aqua,MODIS,44,6.2,297.6,10,D,0
22.3206,92.2839,317.8,1.5,1.2,2010-03-28,0657,Aqua,MODIS,65,6.2,299.7,11.2,D,0
21.8763,92.3877,326.8,1.5,1.2,2010-03-28,0657,Aqua,MODIS,78,6.2,302.2,25.4,D,0
21.874,92.3741,362.8,1.5,1.2,2010-03-28,0657,Aqua,MODIS,100,6.2,304,148.3,D,0
21.8717,92.3609,321.8,1.5,1.2,2010-03-28,0657,Aqua,MODIS,72,6.2,300.8,18.6,D,0
22.6878,92.4551,346.2,1.4,1.2,2010-03-28,0657,Aqua,MODIS,93,6.2,303.3,71.3,D,0
22.5399,92.4834,362.2,1.4,1.2,2010-03-28,0657,Aqua,MODIS,100,6.2,301.1,135.7,D,0
22.4435,92.2669,315.5,1.5,1.2,2010-03-28,0657,Aqua,MODIS,58,6.2,298.4,9.2,D,0
22.6828,92.4614,351.5,1.4,1.2,2010-03-28,0657,Aqua,MODIS,96,6.2,302.1,90.1,D,0
21.9634,92.4228,344.8,1.4,1.2,2010-03-28,0657,Aqua,MODIS,92,6.2,297.7,71.9,D,0
21.9505,92.4109,395.1,1.5,1.2,2010-03-28,0657,Aqua,MODIS,100,6.2,305.5,370.3,D,0
21.9399,92.413,364.9,1.5,1.2,2010-03-28,0657,Aqua,MODIS,100,6.2,302,154.4,D,0
21.9446,92.4033,391.6,1.5,1.2,2010-03-28,0657,Aqua,MODIS,100,6.2,304.5,340.1,D,0
21.9469,92.4174,379,1.5,1.2,2010-03-28,0657,Aqua,MODIS,100,6.2,302.8,238.8,D,0
21.961,92.4089,396.9,1.5,1.2,2010-03-28,0657,Aqua,MODIS,100,6.2,302.7,388.1,D,0
21.9739,92.4203,331.8,1.4,1.2,2010-03-28,0657,Aqua,MODIS,83,6.2,297.9,38.2,D,0
22.1164,92.2373,322.3,1.5,1.2,2010-03-28,0657,Aqua,MODIS,73,6.2,299.4,17.4,D,0
21.9716,92.4068,326.1,1.5,1.2,2010-03-28,0657,Aqua,MODIS,77,6.2,298.7,25,D,0
22.1051,92.2582,338,1.5,1.2,2010-03-28,0657,Aqua,MODIS,88,6.2,301.2,54,D,0
22.1029,92.2454,346.5,1.5,1.2,2010-03-28,0657,Aqua,MODIS,93,6.2,300.1,80.4,D,0
25.0627,89.5828,315.8,2,1.4,2010-03-28,0658,Aqua,MODIS,0,6.2,300.9,17.8,D,0
23.2798,92.1003,319,1.4,1.2,2010-03-28,0658,Aqua,MODIS,52,6.2,293.5,18.7,D,0
23.4524,91.9309,312.8,1.5,1.2,2010-03-28,0658,Aqua,MODIS,0,6.2,286.9,13.6,D,0
23.2332,92.2092,329.8,1.4,1.2,2010-03-28,0658,Aqua,MODIS,83,6.2,292.7,36.8,D,0
23.2308,92.1955,325.6,1.4,1.2,2010-03-28,0658,Aqua,MODIS,79,6.2,295.8,28,D,0
23.0263,91.827,314,1.5,1.2,2010-03-28,0658,Aqua,MODIS,55,6.2,294,12,D,0
23.0238,91.8125,312.9,1.5,1.2,2010-03-28,0658,Aqua,MODIS,54,6.2,292.3,10.5,D,0
23.4933,92.2711,328.7,1.4,1.2,2010-03-28,0658,Aqua,MODIS,0,6.2,288.8,32,D,0
23.603,91.9532,364.2,1.5,1.2,2010-03-28,0658,Aqua,MODIS,100,6.2,294.4,157.7,D,0
23.0221,92.122,321.3,1.5,1.2,2010-03-28,0658,Aqua,MODIS,51,6.2,290.3,24.8,D,0
23.6136,91.9511,320.8,1.5,1.2,2010-03-28,0658,Aqua,MODIS,73,6.2,291.3,20.2,D,0
23.6111,91.9367,329.4,1.5,1.2,2010-03-28,0658,Aqua,MODIS,82,6.2,291.2,37,D,0
23.2129,91.8364,317.4,1.5,1.2,2010-03-28,0658,Aqua,MODIS,55,6.2,292,14,D,0
23.1833,91.8573,363.9,1.5,1.2,2010-03-28,0658,Aqua,MODIS,94,6.2,295.4,162.2,D,0
23.1808,91.8429,327.7,1.5,1.2,2010-03-28,0658,Aqua,MODIS,80,6.2,293.1,33.1,D,0
22.1003,92.2518,304,1.3,1.1,2010-03-28,1620,Terra,MODIS,58,6.2,293.6,5.6,N,0
22.8643,92.4257,303.7,1.3,1.1,2010-03-28,1621,Terra,MODIS,56,6.2,287.8,7.5,N,0
23.1817,89.4239,326.2,1.4,1.2,2010-03-29,0740,Aqua,MODIS,74,6.2,303.5,20.9,D,0
21.6823,92.2145,322.5,2,1.4,2010-03-29,0740,Aqua,MODIS,70,6.2,295.7,30.5,D,0
23.1833,89.4371,329.1,1.4,1.2,2010-03-29,0740,Aqua,MODIS,78,6.2,301.7,26.6,D,0
21.6946,92.2124,325.3,2,1.4,2010-03-29,0740,Aqua,MODIS,75,6.2,297.2,38.4,D,0
23.2488,89.8686,316,3.4,1.7,2010-03-30,0645,Aqua,MODIS,65,6.2,297.1,38.4,D,0
23.0521,89.938,332.2,1,1,2010-03-31,0728,Aqua,MODIS,83,6.2,300.7,18.7,D,0
24.0936,89.2792,334.8,1,1,2010-03-31,0728,Aqua,MODIS,83,6.2,306.3,21.1,D,0
24.1764,89.2045,324.7,1.1,1.1,2010-04-02,0716,Aqua,MODIS,43,6.2,308.4,11.5,D,0
24.2234,89.1955,341.5,1.1,1.1,2010-04-02,0716,Aqua,MODIS,88,6.2,309.3,37.7,D,0
22.8859,89.8037,318.1,1.1,1,2010-04-02,0716,Aqua,MODIS,60,6.2,299.3,7.9,D,0
23.208,89.429,324.8,1,1,2010-04-03,0448,Terra,MODIS,75,6.2,299.9,13.5,D,0
22.6372,92.4754,322.8,1.2,1.1,2010-04-04,0703,Aqua,MODIS,74,6.2,297,15.3,D,0
25.6922,89.7212,317.3,1.5,1.2,2010-04-04,0704,Aqua,MODIS,0,6.2,300.6,12.7,D,0
22.9647,91.9089,317.1,1.2,1.1,2010-04-04,0704,Aqua,MODIS,65,6.2,298.5,10.1,D,0
23.5517,89.539,322.8,1.2,1.1,2010-04-05,0436,Terra,MODIS,65,6.2,300.7,11,D,0
21.8767,92.3603,323,2.7,1.6,2010-04-05,0746,Aqua,MODIS,70,6.2,298.2,50.5,D,0
21.8716,92.369,319.6,2.7,1.6,2010-04-05,0746,Aqua,MODIS,60,6.2,297.9,35.5,D,0
23.0242,92.1094,313.7,2.7,1.6,2010-04-05,0746,Aqua,MODIS,47,6.2,293,21.7,D,0
22.4285,92.5113,315.6,2.8,1.6,2010-04-05,0746,Aqua,MODIS,54,6.2,296.6,25.8,D,0
24.0963,89.2971,331.4,2.6,1.5,2010-04-06,0518,Terra,MODIS,79,6.2,306.1,71.3,D,0
24.0902,89.2889,333,2.6,1.5,2010-04-06,0518,Terra,MODIS,81,6.2,306.8,83.1,D,0
24.1013,89.2727,326.2,2.5,1.5,2010-04-06,0518,Terra,MODIS,72,6.2,305.7,47.8,D,0
23.2699,91.9766,330.6,1.9,1.3,2010-04-06,0651,Aqua,MODIS,82,6.2,299.5,53.2,D,0
22.2948,92.2469,334.9,1.9,1.3,2010-04-06,0651,Aqua,MODIS,86,6.2,300.4,66.7,D,0
22.0043,92.2797,319.6,1.9,1.3,2010-04-06,0651,Aqua,MODIS,67,6.2,296.1,26.2,D,0
23.0605,92.1804,314.3,1.8,1.3,2010-04-06,0651,Aqua,MODIS,57,6.2,299.2,12.1,D,0
23.1994,91.8603,321,1.9,1.4,2010-04-06,0651,Aqua,MODIS,71,6.2,298.4,25.5,D,0
22.2979,92.2347,325.5,1.9,1.3,2010-04-06,0651,Aqua,MODIS,77,6.2,299.2,36.2,D,0
22.301,92.2524,325.4,1.9,1.3,2010-04-06,0651,Aqua,MODIS,77,6.2,300,35.1,D,0
23.0459,91.8043,314.5,1.9,1.4,2010-04-06,0651,Aqua,MODIS,57,6.2,296.9,16.3,D,0
22.2628,92.1413,316.5,1.9,1.3,2010-04-06,0651,Aqua,MODIS,63,6.2,300.4,16,D,0
23.1874,91.8626,319.6,1.9,1.4,2010-04-06,0651,Aqua,MODIS,52,6.2,298.9,21.9,D,0
22.7257,92.0376,315.2,1.9,1.3,2010-04-06,0651,Aqua,MODIS,42,6.2,296.4,15.4,D,0
23.4043,92.1002,312.8,1.8,1.3,2010-04-06,0651,Aqua,MODIS,46,6.2,296.9,11,D,0
22.0007,92.2596,314.6,1.9,1.3,2010-04-06,0651,Aqua,MODIS,51,6.2,299,14.4,D,0
23.2748,91.97,323.9,1.9,1.3,2010-04-06,0651,Aqua,MODIS,75,6.2,298.4,33.5,D,0
23.3339,91.957,316.5,1.9,1.3,2010-04-06,0651,Aqua,MODIS,63,6.2,298.6,17.7,D,0
23.2629,91.9726,316.5,1.9,1.3,2010-04-06,0651,Aqua,MODIS,38,6.2,299,15.2,D,0
22.327,92.2214,315.4,1.9,1.3,2010-04-06,0651,Aqua,MODIS,61,6.2,299.6,12.4,D,0
23.5611,91.9453,343.6,1.9,1.3,2010-04-06,0651,Aqua,MODIS,91,6.2,297.9,101.2,D,0
23.5728,91.9424,316.4,1.9,1.3,2010-04-06,0651,Aqua,MODIS,41,6.2,295.2,15.7,D,0
22.7332,92.0488,316.1,1.9,1.3,2010-04-06,0651,Aqua,MODIS,63,6.2,295.4,18.5,D,0
22.6263,92.3426,315.4,1.8,1.3,2010-04-06,0651,Aqua,MODIS,61,6.2,299.1,14.3,D,0
24.1897,89.2212,308,1,1,2010-04-06,1615,Terra,MODIS,64,6.2,297.8,5.3,N,0
23.587,89.5591,328.3,1.8,1.3,2010-04-07,0423,Terra,MODIS,76,6.2,305.5,30,D,0
22.4405,92.4241,330.2,1.6,1.3,2010-04-07,0734,Aqua,MODIS,78,6.2,302.8,37.3,D,0
22.165,92.3985,330,1.6,1.3,2010-04-07,0734,Aqua,MODIS,76,6.2,303.9,35.9,D,0
22.1666,92.4131,362.8,1.6,1.3,2010-04-07,0734,Aqua,MODIS,100,6.2,304.3,170.4,D,0
22.0957,92.3988,323.1,1.6,1.3,2010-04-07,0734,Aqua,MODIS,61,6.2,303.8,18.8,D,0
22.0845,92.4,319.6,1.6,1.3,2010-04-07,0734,Aqua,MODIS,28,6.2,304.3,11.3,D,0
22.9833,92.0792,319.6,1.6,1.2,2010-04-07,0734,Aqua,MODIS,60,6.2,301.8,14.1,D,0
24.1951,89.2293,330.3,1.1,1.1,2010-04-07,0734,Aqua,MODIS,61,6.2,313.2,13,D,0
22.9961,92.0927,318.1,1.6,1.2,2010-04-07,0734,Aqua,MODIS,33,6.2,301.2,10.4,D,0
22.3338,92.3794,323.7,1.6,1.3,2010-04-07,0734,Aqua,MODIS,66,6.2,302.9,20.5,D,0
22.3452,92.3787,319.1,1.6,1.3,2010-04-07,0734,Aqua,MODIS,28,6.2,303.1,10.7,D,0
22.8099,91.9387,318,1.5,1.2,2010-04-07,0734,Aqua,MODIS,51,6.2,301.4,11.2,D,0
22.8077,91.9457,317,1.5,1.2,2010-04-07,0734,Aqua,MODIS,39,6.2,301.5,10.3,D,0
22.7232,91.9872,322.3,1.6,1.2,2010-04-07,0734,Aqua,MODIS,66,6.2,301.4,19.2,D,0
22.721,91.9782,318,1.6,1.2,2010-04-07,0734,Aqua,MODIS,47,6.2,301.4,11.9,D,0
22.7228,91.9931,317.6,1.6,1.2,2010-04-07,0734,Aqua,MODIS,41,6.2,301.3,11.1,D,0
22.3264,92.4201,327.4,1.6,1.3,2010-04-07,0734,Aqua,MODIS,72,6.2,302.7,28.5,D,0
22.3261,92.413,329,1.6,1.3,2010-04-07,0734,Aqua,MODIS,54,6.2,302.8,30.6,D,0
22.3391,92.4276,323.1,1.6,1.3,2010-04-07,0734,Aqua,MODIS,57,6.2,303.1,19.1,D,0
22.3355,92.3949,326.8,1.6,1.3,2010-04-07,0734,Aqua,MODIS,64,6.2,302.4,26.3,D,0
22.9171,92.0938,317.1,1.6,1.2,2010-04-07,0734,Aqua,MODIS,41,6.2,301.9,10.2,D,0
22.9182,92.1033,319.7,1.6,1.2,2010-04-07,0734,Aqua,MODIS,60,6.2,301.9,14.3,D,0
22.9422,91.9155,324.9,1.5,1.2,2010-04-07,0734,Aqua,MODIS,72,6.2,301.9,20.8,D,0
22.9693,91.9569,323,1.6,1.2,2010-04-07,0734,Aqua,MODIS,49,6.2,301.7,18.3,D,0
22.9676,91.9423,326,1.6,1.2,2010-04-07,0734,Aqua,MODIS,48,6.2,302.2,23.1,D,0
23.0449,91.9103,319.3,1.6,1.2,2010-04-07,0734,Aqua,MODIS,60,6.2,302,12.2,D,0
23.1021,91.9121,317.9,1.6,1.2,2010-04-07,0734,Aqua,MODIS,55,6.2,301.8,10.2,D,0
23.1554,91.89,323.4,1.6,1.2,2010-04-07,0734,Aqua,MODIS,70,6.2,302.3,18.3,D,0
23.1537,91.8751,326.2,1.5,1.2,2010-04-07,0734,Aqua,MODIS,75,6.2,303,24.7,D,0
23.2541,91.9468,319.3,1.6,1.2,2010-04-07,0734,Aqua,MODIS,61,6.2,301.8,12.3,D,0
23.2546,91.8544,319.5,1.5,1.2,2010-04-07,0734,Aqua,MODIS,61,6.2,302.3,12.1,D,0
21.9836,92.3073,326.7,1.6,1.2,2010-04-07,0734,Aqua,MODIS,70,6.2,302.8,28.4,D,0
22.4328,92.4582,331.3,1.7,1.3,2010-04-07,0734,Aqua,MODIS,79,6.2,302.4,41.3,D,0
22.9948,91.9843,323.5,1.6,1.2,2010-04-07,0734,Aqua,MODIS,70,6.2,301.1,20.5,D,0
22.9982,91.9931,320.6,1.6,1.2,2010-04-07,0734,Aqua,MODIS,64,6.2,301.5,14.6,D,0
23.0838,92.1539,320.4,1.6,1.2,2010-04-07,0734,Aqua,MODIS,62,6.2,301.3,15.7,D,0
23.3748,92.1132,318.1,1.6,1.3,2010-04-07,0734,Aqua,MODIS,56,6.2,300.7,14.1,D,0
23.3752,92.1063,318.5,1.6,1.3,2010-04-07,0734,Aqua,MODIS,58,6.2,300.8,13.8,D,0
22.3801,92.4859,318.5,1.7,1.3,2010-04-07,0734,Aqua,MODIS,39,6.2,302,14.4,D,0
22.5228,92.4401,332.9,1.7,1.3,2010-04-07,0734,Aqua,MODIS,81,6.2,302.9,46,D,0
22.5211,92.4242,320.6,1.7,1.3,2010-04-07,0734,Aqua,MODIS,51,6.2,302.3,15.2,D,0
22.5359,92.454,321.8,1.7,1.3,2010-04-07,0734,Aqua,MODIS,58,6.2,301.8,17.5,D,0
22.5342,92.4385,340.5,1.7,1.3,2010-04-07,0734,Aqua,MODIS,88,6.2,302.6,69.3,D,0
22.5682,92.4341,324,1.7,1.3,2010-04-07,0734,Aqua,MODIS,67,6.2,302.2,23.9,D,0
23.033,91.8061,317.4,1.5,1.2,2010-04-07,0734,Aqua,MODIS,43,6.2,301.4,9.3,D,0
23.0795,91.8094,325.2,1.5,1.2,2010-04-07,0734,Aqua,MODIS,73,6.2,301.2,24.5,D,0
23.0905,91.8079,317.1,1.5,1.2,2010-04-07,0734,Aqua,MODIS,51,6.2,300.9,9.7,D,0
23.1542,91.7841,320.8,1.5,1.2,2010-04-07,0734,Aqua,MODIS,63,6.2,301.7,14.3,D,0
23.1586,91.7919,317.9,1.5,1.2,2010-04-07,0734,Aqua,MODIS,53,6.2,301.8,10.1,D,0
23.1569,91.7767,320.8,1.5,1.2,2010-04-07,0734,Aqua,MODIS,65,6.2,302,14.9,D,0
21.5324,92.2622,325.1,1.6,1.2,2010-04-07,0734,Aqua,MODIS,66,6.2,305,21.3,D,0
23.3068,92.0115,317.3,1.6,1.2,2010-04-07,0734,Aqua,MODIS,46,6.2,300.4,9.3,D,0
23.3144,91.9787,318.2,1.6,1.2,2010-04-07,0734,Aqua,MODIS,51,6.2,301.2,11,D,0
23.3588,91.973,339,1.6,1.2,2010-04-07,0734,Aqua,MODIS,88,6.2,301,61.9,D,0
22.6022,92.4298,318.4,1.7,1.3,2010-04-07,0734,Aqua,MODIS,29,6.2,301.7,11.7,D,0
22.6004,92.4139,319.5,1.7,1.3,2010-04-07,0734,Aqua,MODIS,49,6.2,302.3,14.5,D,0
22.5999,92.4245,322.1,1.7,1.3,2010-04-07,0734,Aqua,MODIS,63,6.2,302,20.5,D,0
22.6543,92.4993,329.4,1.7,1.3,2010-04-07,0734,Aqua,MODIS,62,6.2,301.3,32.4,D,0
22.6752,92.4795,323.1,1.7,1.3,2010-04-07,0734,Aqua,MODIS,60,6.2,300.3,20.1,D,0
22.6732,92.4621,324.5,1.7,1.3,2010-04-07,0734,Aqua,MODIS,69,6.2,302,23.3,D,0
22.6662,92.4001,318,1.7,1.3,2010-04-07,0734,Aqua,MODIS,28,6.2,302.1,11,D,0
21.823,92.2048,320.9,1.6,1.2,2010-04-07,0734,Aqua,MODIS,48,6.2,304.9,12.9,D,0
23.357,91.958,319.6,1.6,1.2,2010-04-07,0734,Aqua,MODIS,62,6.2,301.7,14,D,0
21.523,92.2784,341.6,1.6,1.2,2010-04-07,0734,Aqua,MODIS,88,6.2,305.5,65.7,D,0
23.36,91.9662,326.9,1.6,1.2,2010-04-07,0734,Aqua,MODIS,76,6.2,301.9,28.2,D,0
22.3421,92.0532,323.1,1.6,1.2,2010-04-07,0734,Aqua,MODIS,66,6.2,302,21.6,D,0
21.5247,92.2931,325.7,1.6,1.2,2010-04-07,0734,Aqua,MODIS,68,6.2,303.7,20.9,D,0
21.5043,92.3107,346,1.6,1.2,2010-04-07,0734,Aqua,MODIS,91,6.2,305.2,83.4,D,0
23.4282,91.9723,318.8,1.6,1.2,2010-04-07,0734,Aqua,MODIS,60,6.2,297.6,14.2,D,0
21.4772,92.2694,320,1.6,1.2,2010-04-07,0734,Aqua,MODIS,37,6.2,303.3,13.3,D,0
22.2619,92.2548,320.3,1.6,1.2,2010-04-07,0734,Aqua,MODIS,24,6.2,302.9,10.7,D,0
23.1016,92.3112,335.8,1.7,1.3,2010-04-07,0734,Aqua,MODIS,85,6.2,302.4,53.4,D,0
23.1033,92.3261,342.1,1.7,1.3,2010-04-07,0734,Aqua,MODIS,90,6.2,299.7,75.3,D,0
23.0868,92.2813,322.1,1.6,1.3,2010-04-07,0734,Aqua,MODIS,66,6.2,302,19.3,D,0
23.0902,92.312,338.4,1.7,1.3,2010-04-07,0734,Aqua,MODIS,87,6.2,302.4,59.6,D,0
23.4266,91.9575,319.4,1.6,1.2,2010-04-07,0734,Aqua,MODIS,62,6.2,301,14.7,D,0
22.0628,92.501,325.5,1.6,1.3,2010-04-07,0734,Aqua,MODIS,66,6.2,302.8,26.8,D,0
22.134,92.3243,322.5,1.6,1.2,2010-04-07,0734,Aqua,MODIS,61,6.2,304.4,17.9,D,0
22.0624,92.5109,323.6,1.7,1.3,2010-04-07,0734,Aqua,MODIS,62,6.2,302.2,23.2,D,0
23.092,92.3283,349.6,1.7,1.3,2010-04-07,0734,Aqua,MODIS,94,6.2,301.5,103.6,D,0
21.6282,92.1974,328.1,1.6,1.2,2010-04-07,0734,Aqua,MODIS,72,6.2,305.8,25.4,D,0
23.0755,92.2828,331.2,1.6,1.3,2010-04-07,0734,Aqua,MODIS,80,6.2,303,39.1,D,0
23.0772,92.2983,325.2,1.6,1.3,2010-04-07,0734,Aqua,MODIS,36,6.2,301.5,22.4,D,0
23.0642,92.2843,331.2,1.6,1.3,2010-04-07,0734,Aqua,MODIS,80,6.2,302.6,40,D,0
22.5473,92.1511,337,1.6,1.2,2010-04-07,0734,Aqua,MODIS,80,6.2,302.6,55.8,D,0
21.6392,92.196,328,1.6,1.2,2010-04-07,0734,Aqua,MODIS,72,6.2,306.3,25.2,D,0
21.887,92.2672,320.3,1.6,1.2,2010-04-07,0734,Aqua,MODIS,18,6.2,302.8,11.7,D,0
21.8853,92.2521,321.5,1.6,1.2,2010-04-07,0734,Aqua,MODIS,45,6.2,303.7,13.6,D,0
21.8836,92.237,320.8,1.6,1.2,2010-04-07,0734,Aqua,MODIS,22,6.2,303.9,11.3,D,0
21.8946,92.2354,322.6,1.6,1.2,2010-04-07,0734,Aqua,MODIS,24,6.2,303.4,15,D,0
22.897,92.3177,324.6,1.6,1.3,2010-04-07,0734,Aqua,MODIS,70,6.2,302.4,26.8,D,0
21.362,92.1763,321.5,1.5,1.2,2010-04-07,0734,Aqua,MODIS,58,6.2,303.6,13.5,D,0
21.6375,92.1812,322.8,1.5,1.2,2010-04-07,0734,Aqua,MODIS,38,6.2,305.9,13.5,D,0
23.0115,92.3291,336.3,1.7,1.3,2010-04-07,0734,Aqua,MODIS,85,6.2,302,56.4,D,0
22.4311,92.4423,321.4,1.7,1.3,2010-04-07,0734,Aqua,MODIS,24,6.2,302.5,16.1,D,0
22.1851,92.1777,321,1.6,1.2,2010-04-07,0734,Aqua,MODIS,57,6.2,304,14.2,D,0
22.2345,92.2122,322.4,1.6,1.2,2010-04-07,0734,Aqua,MODIS,38,6.2,304,13.8,D,0
23.1172,92.0489,320,1.6,1.2,2010-04-07,0734,Aqua,MODIS,62,6.2,301.9,13.9,D,0
23.13,92.0626,327.4,1.6,1.2,2010-04-07,0734,Aqua,MODIS,76,6.2,301.6,29.8,D,0
23.1728,92.0416,318.5,1.6,1.2,2010-04-07,0734,Aqua,MODIS,57,6.2,301.8,12.2,D,0
23.2183,92.0286,320.1,1.6,1.2,2010-04-07,0734,Aqua,MODIS,63,6.2,302,14.4,D,0
23.261,92.0073,319.9,1.6,1.2,2010-04-07,0734,Aqua,MODIS,63,6.2,301.3,12.8,D,0
23.1847,92.2466,318.7,1.6,1.3,2010-04-07,0734,Aqua,MODIS,57,6.2,302.3,13.4,D,0
23.2204,92.2583,331.8,1.6,1.3,2010-04-07,0734,Aqua,MODIS,81,6.2,301.4,43.3,D,0
23.22,92.2512,322.5,1.6,1.3,2010-04-07,0734,Aqua,MODIS,68,6.2,301.3,21.6,D,0
23.2558,91.9619,318.6,1.6,1.2,2010-04-07,0734,Aqua,MODIS,56,6.2,300.9,10.4,D,0
23.2217,92.2675,325.3,1.6,1.3,2010-04-07,0734,Aqua,MODIS,73,6.2,301.4,28.4,D,0
22.4084,92.4451,322.4,1.7,1.3,2010-04-07,0734,Aqua,MODIS,42,6.2,302.9,18.1,D,0
22.4219,92.4491,322.6,1.7,1.3,2010-04-07,0734,Aqua,MODIS,44,6.2,302.7,18.6,D,0
22.4106,92.4505,326.4,1.7,1.3,2010-04-07,0734,Aqua,MODIS,69,6.2,302.8,27.4,D,0
22.985,92.0944,318.2,1.6,1.2,2010-04-07,0734,Aqua,MODIS,51,6.2,301.4,11.2,D,0
22.3505,92.4264,333.3,1.6,1.3,2010-04-07,0734,Aqua,MODIS,81,6.2,303.5,43.8,D,0
25.4697,89.6571,322.5,1.2,1.1,2010-04-07,0735,Aqua,MODIS,0,6.2,308.6,12,D,0
22.156,92.4157,329.8,3.1,1.7,2010-04-08,0639,Aqua,MODIS,78,6.2,307.9,98.4,D,0
23.1785,92.2833,336.4,3,1.6,2010-04-08,0639,Aqua,MODIS,86,6.2,301.7,145.1,D,0
22.365,92.381,319.3,3.1,1.7,2010-04-08,0639,Aqua,MODIS,52,6.2,307.2,36.7,D,0
22.1564,92.4227,325.6,3.1,1.7,2010-04-08,0639,Aqua,MODIS,71,6.2,307.6,71.9,D,0
22.1502,92.391,322.7,3.1,1.7,2010-04-08,0639,Aqua,MODIS,65,6.2,308.7,53.5,D,0
23.4211,91.9583,315,3.1,1.7,2010-04-08,0639,Aqua,MODIS,48,6.2,301.9,26.9,D,0
23.4226,91.9634,313.7,3.1,1.7,2010-04-08,0639,Aqua,MODIS,48,6.2,301.9,23,D,0
22.3126,92.2773,318.6,3.1,1.7,2010-04-08,0639,Aqua,MODIS,43,6.2,307.5,30.2,D,0
21.9866,92.3418,328.1,3.1,1.7,2010-04-08,0639,Aqua,MODIS,75,6.2,306.3,90.1,D,0
24.2181,91.611,323,2.2,1.4,2010-04-09,0411,Terra,MODIS,72,6.2,299.8,35,D,0
24.2185,91.6051,324.2,2.2,1.4,2010-04-09,0411,Terra,MODIS,73,6.2,300.5,36.5,D,0
21.2137,92.0985,321.9,1,1,2010-04-09,0721,Aqua,MODIS,64,6.2,304.7,9.7,D,0
21.2124,92.0886,321.7,1,1,2010-04-09,0721,Aqua,MODIS,63,6.2,304.3,10.1,D,0
21.2214,92.0908,328.1,1,1,2010-04-09,0721,Aqua,MODIS,76,6.2,305.3,17.4,D,0
21.5763,92.484,367.9,1.1,1,2010-04-09,0721,Aqua,MODIS,100,6.2,308.1,109.9,D,0
21.5749,92.4738,368.2,1.1,1,2010-04-09,0721,Aqua,MODIS,100,6.2,310.1,110.7,D,0
21.6355,92.4474,340.8,1.1,1,2010-04-09,0721,Aqua,MODIS,89,6.2,307.5,38.4,D,0
21.6342,92.4373,321,1.1,1,2010-04-09,0721,Aqua,MODIS,39,6.2,305.4,8,D,0
21.6448,92.4459,350.6,1.1,1,2010-04-09,0721,Aqua,MODIS,95,6.2,305.1,59.9,D,0
21.6435,92.436,323.3,1.1,1,2010-04-09,0721,Aqua,MODIS,69,6.2,304.6,11,D,0
21.8914,92.4919,335.7,1.1,1,2010-04-09,0721,Aqua,MODIS,84,6.2,307.4,28,D,0
21.89,92.4816,340.5,1.1,1,2010-04-09,0721,Aqua,MODIS,88,6.2,310.1,35.7,D,0
21.7881,92.4824,364.4,1.1,1,2010-04-09,0721,Aqua,MODIS,100,6.2,310.6,94.6,D,0
21.7867,92.4717,409.4,1.1,1,2010-04-09,0721,Aqua,MODIS,100,6.2,319.8,338.6,D,0
21.7853,92.4614,331,1.1,1,2010-04-09,0721,Aqua,MODIS,79,6.2,309.5,17.2,D,0
21.7974,92.4809,342.4,1.1,1,2010-04-09,0721,Aqua,MODIS,89,6.2,307.6,36.4,D,0
21.796,92.4702,407.1,1.1,1,2010-04-09,0721,Aqua,MODIS,100,6.2,316.6,321,D,0
21.7946,92.4599,327.1,1.1,1,2010-04-09,0721,Aqua,MODIS,74,6.2,309.7,12.1,D,0
21.8048,92.3939,324.2,1.1,1,2010-04-09,0721,Aqua,MODIS,69,6.2,305.9,12,D,0
21.8127,92.3972,331.9,1.1,1,2010-04-09,0721,Aqua,MODIS,80,6.2,305.3,23.4,D,0
21.8112,92.3861,345,1.1,1,2010-04-09,0721,Aqua,MODIS,91,6.2,305.9,46.9,D,0
21.8099,92.3761,332.2,1.1,1,2010-04-09,0721,Aqua,MODIS,81,6.2,305.7,23.3,D,0
21.8593,92.4647,326.1,1.1,1,2010-04-09,0721,Aqua,MODIS,72,6.2,307.8,11.8,D,0
21.858,92.4543,349.7,1.1,1,2010-04-09,0721,Aqua,MODIS,94,6.2,309.3,54.2,D,0
21.8845,92.44,322.3,1.1,1,2010-04-09,0721,Aqua,MODIS,64,6.2,308.3,7,D,0
21.8832,92.4296,326.9,1.1,1,2010-04-09,0721,Aqua,MODIS,74,6.2,309.6,12.8,D,0
21.8883,92.3972,325.1,1.1,1,2010-04-09,0721,Aqua,MODIS,71,6.2,309.3,10.4,D,0
21.7451,92.2994,319.6,1.1,1,2010-04-09,0721,Aqua,MODIS,56,6.2,304.5,5.5,D,0
21.7437,92.2892,346.4,1.1,1,2010-04-09,0721,Aqua,MODIS,92,6.2,306.6,47.4,D,0
21.7543,92.298,333.8,1.1,1,2010-04-09,0721,Aqua,MODIS,82,6.2,304.8,23,D,0
21.753,92.2877,378.6,1.1,1,2010-04-09,0721,Aqua,MODIS,100,6.2,308.3,149.1,D,0
21.7435,92.2162,324.6,1.1,1,2010-04-09,0721,Aqua,MODIS,71,6.2,308.5,9.4,D,0
21.7714,92.2848,323.6,1.1,1,2010-04-09,0721,Aqua,MODIS,68,6.2,306.7,9.6,D,0
21.77,92.2746,341.5,1.1,1,2010-04-09,0721,Aqua,MODIS,89,6.2,308.1,37,D,0
21.8124,92.2511,324.2,1.1,1,2010-04-09,0721,Aqua,MODIS,70,6.2,306.3,10.2,D,0
21.8279,92.1551,322.8,1.1,1,2010-04-09,0721,Aqua,MODIS,67,6.2,307.8,7,D,0
21.5204,92.3937,320,1.1,1,2010-04-09,0721,Aqua,MODIS,57,6.2,298.2,10.3,D,0
21.5535,92.3828,354,1.1,1,2010-04-09,0721,Aqua,MODIS,97,6.2,304.4,67.7,D,0
21.5522,92.3724,333.8,1.1,1,2010-04-09,0721,Aqua,MODIS,83,6.2,303,26.1,D,0
21.6289,92.3963,321.3,1.1,1,2010-04-09,0721,Aqua,MODIS,62,6.2,307.1,7.9,D,0
21.6381,92.3948,331.3,1.1,1,2010-04-09,0721,Aqua,MODIS,80,6.2,306,20.3,D,0
21.6368,92.3846,321.1,1.1,1,2010-04-09,0721,Aqua,MODIS,48,6.2,306.9,7.4,D,0
21.7012,92.3015,320.8,1.1,1,2010-04-09,0721,Aqua,MODIS,62,6.2,305.9,6.5,D,0
21.8656,92.3686,326.2,1.1,1,2010-04-09,0721,Aqua,MODIS,73,6.2,307.4,12.3,D,0
21.8642,92.3576,332.3,1.1,1,2010-04-09,0721,Aqua,MODIS,81,6.2,306.7,21.5,D,0
21.8749,92.3673,331.1,1.1,1,2010-04-09,0721,Aqua,MODIS,79,6.2,307.6,18.6,D,0
21.8735,92.3566,331.1,1.1,1,2010-04-09,0721,Aqua,MODIS,79,6.2,307.3,19.1,D,0
21.9186,92.3654,323.9,1.1,1,2010-04-09,0721,Aqua,MODIS,69,6.2,307.9,10.8,D,0
21.9755,92.3671,355.4,1.1,1,2010-04-09,0721,Aqua,MODIS,97,6.2,308.4,71.1,D,0
21.9741,92.3566,347.7,1.1,1,2010-04-09,0721,Aqua,MODIS,93,6.2,308.6,51.7,D,0
21.4001,92.3975,334.5,1.1,1,2010-04-09,0721,Aqua,MODIS,84,6.2,301,28.1,D,0
21.3988,92.3874,325.2,1.1,1,2010-04-09,0721,Aqua,MODIS,67,6.2,302.3,14.7,D,0
21.4093,92.3961,351.9,1.1,1,2010-04-09,0721,Aqua,MODIS,95,6.2,301.6,64.5,D,0
21.4186,92.3948,337.6,1.1,1,2010-04-09,0721,Aqua,MODIS,86,6.2,298,35.3,D,0
21.4834,92.3992,319.8,1.1,1,2010-04-09,0721,Aqua,MODIS,58,6.2,298.8,13,D,0
21.5137,92.2224,329.2,1.1,1,2010-04-09,0721,Aqua,MODIS,79,6.2,305.9,17.8,D,0
21.5123,92.2123,323.8,1.1,1,2010-04-09,0721,Aqua,MODIS,55,6.2,304.8,11,D,0
21.5228,92.221,324.4,1.1,1,2010-04-09,0721,Aqua,MODIS,69,6.2,306,11.9,D,0
21.3612,92.1757,330.3,1.1,1,2010-04-09,0721,Aqua,MODIS,79,6.2,300.5,18.3,D,0
21.3599,92.1657,329.2,1.1,1,2010-04-09,0721,Aqua,MODIS,78,6.2,301.6,16.8,D,0
21.3586,92.1558,325.6,1.1,1,2010-04-09,0721,Aqua,MODIS,69,6.2,301.9,12.3,D,0
21.477,92.4944,317.4,1.1,1,2010-04-09,0721,Aqua,MODIS,51,6.2,301.3,8,D,0
21.5243,92.3035,320.6,1.1,1,2010-04-09,0721,Aqua,MODIS,34,6.2,305.7,7,D,0
21.5663,92.266,321.9,1.1,1,2010-04-09,0721,Aqua,MODIS,67,6.2,307.8,7.3,D,0
21.9936,92.3045,390.7,1.1,1,2010-04-09,0721,Aqua,MODIS,100,6.2,310.6,211.8,D,0
21.9922,92.2938,343.9,1.1,1,2010-04-09,0721,Aqua,MODIS,91,6.2,308.8,42,D,0
21.8633,92.1392,327.6,1.1,1,2010-04-09,0721,Aqua,MODIS,75,6.2,308.8,12.1,D,0
21.8891,92.2126,323,1.1,1,2010-04-09,0721,Aqua,MODIS,67,6.2,306.9,8.6,D,0
21.8981,92.1383,323.4,1.1,1,2010-04-09,0721,Aqua,MODIS,66,6.2,308.3,8.3,D,0
21.8968,92.1282,325.2,1.1,1,2010-04-09,0721,Aqua,MODIS,71,6.2,308.5,10.7,D,0
21.9302,92.3101,338.6,1.1,1,2010-04-09,0721,Aqua,MODIS,87,6.2,307.7,31,D,0
21.9289,92.3001,344,1.1,1,2010-04-09,0721,Aqua,MODIS,91,6.2,309.5,41.3,D,0
21.9408,92.3191,342.7,1.1,1,2010-04-09,0721,Aqua,MODIS,90,6.2,307,39.5,D,0
21.9394,92.3085,324.9,1.1,1,2010-04-09,0721,Aqua,MODIS,71,6.2,306.8,11.2,D,0
21.9381,92.2986,322.1,1.1,1,2010-04-09,0721,Aqua,MODIS,52,6.2,307.1,7.6,D,0
21.9501,92.3178,331.4,1.1,1,2010-04-09,0721,Aqua,MODIS,80,6.2,306.2,19.8,D,0
21.9553,92.2857,361.3,1.1,1,2010-04-09,0721,Aqua,MODIS,100,6.2,309,84.5,D,0
21.9539,92.2756,332.9,1.1,1,2010-04-09,0721,Aqua,MODIS,82,6.2,307.7,21.5,D,0
21.9777,92.2551,327.6,1.1,1,2010-04-09,0721,Aqua,MODIS,76,6.2,308.4,14.8,D,0
21.9764,92.2448,326.6,1.1,1,2010-04-09,0721,Aqua,MODIS,74,6.2,308.1,13.3,D,0
22.0003,92.5545,349.2,1.1,1,2010-04-09,0721,Aqua,MODIS,94,6.2,308.4,56.6,D,0
22.0097,92.5531,323.3,1.1,1,2010-04-09,0721,Aqua,MODIS,68,6.2,307.8,11.1,D,0
21.9848,92.3657,380.2,1.1,1,2010-04-09,0721,Aqua,MODIS,100,6.2,308.2,160.2,D,0
21.9834,92.3553,376.5,1.1,1,2010-04-09,0721,Aqua,MODIS,100,6.2,310.1,143.4,D,0
22.0718,92.3247,339.3,1.1,1,2010-04-09,0722,Aqua,MODIS,87,6.2,306.7,34.3,D,0
23.2147,92.0152,370.3,1.1,1,2010-04-09,0722,Aqua,MODIS,100,6.2,306.1,116.7,D,0
23.5585,91.9798,325,1.1,1,2010-04-09,0722,Aqua,MODIS,71,6.2,302.8,14,D,0
23.5715,91.935,344.1,1.1,1,2010-04-09,0722,Aqua,MODIS,91,6.2,300.6,41,D,0
23.5849,91.965,333.8,1.1,1,2010-04-09,0722,Aqua,MODIS,76,6.2,300.4,25.1,D,0
23.5807,91.9336,335.9,1.1,1,2010-04-09,0722,Aqua,MODIS,73,6.2,298.7,24.9,D,0
23.2041,92.0064,321.1,1.1,1,2010-04-09,0722,Aqua,MODIS,51,6.2,299.7,8.1,D,0
23.2141,92.1543,323.6,1.1,1,2010-04-09,0722,Aqua,MODIS,70,6.2,304.3,11,D,0
24.2188,89.1938,341.2,1,1,2010-04-09,0722,Aqua,MODIS,88,6.2,311.4,32.8,D,0
23.3425,91.8774,333.3,1.1,1,2010-04-09,0722,Aqua,MODIS,83,6.2,304.1,24.8,D,0
23.3251,91.8169,326.2,1.1,1,2010-04-09,0722,Aqua,MODIS,74,6.2,304.7,13.9,D,0
23.0021,91.7988,325.7,1.1,1,2010-04-09,0722,Aqua,MODIS,75,6.2,299.1,13.8,D,0
22.9852,91.8119,331.9,1.1,1,2010-04-09,0722,Aqua,MODIS,82,6.2,301.8,22,D,0
22.9145,91.7561,320.1,1.1,1,2010-04-09,0722,Aqua,MODIS,66,6.2,299.9,8.6,D,0
24.2173,89.184,336,1,1,2010-04-09,0722,Aqua,MODIS,68,6.2,312,23.5,D,0
24.2323,89.161,337,1,1,2010-04-09,0722,Aqua,MODIS,85,6.2,308.3,22.8,D,0
23.3553,92.1201,318.8,1.1,1,2010-04-09,0722,Aqua,MODIS,58,6.2,303.1,7.6,D,0
23.4231,92.1311,321.4,1.1,1,2010-04-09,0722,Aqua,MODIS,65,6.2,303.5,10.5,D,0
23.4162,92.0784,318.8,1.1,1,2010-04-09,0722,Aqua,MODIS,57,6.2,303.4,7.3,D,0
23.3173,91.8285,329.1,1.1,1,2010-04-09,0722,Aqua,MODIS,61,6.2,302.8,15.9,D,0
23.3213,91.8596,327.5,1.1,1,2010-04-09,0722,Aqua,MODIS,67,6.2,303.9,15.8,D,0
23.2976,91.8213,324.7,1.1,1,2010-04-09,0722,Aqua,MODIS,65,6.2,305.1,10.9,D,0
23.2989,91.8315,324,1.1,1,2010-04-09,0722,Aqua,MODIS,71,6.2,300.7,9.7,D,0
22.0435,92.5418,364.9,1.1,1,2010-04-09,0722,Aqua,MODIS,87,6.2,312.9,101.8,D,0
23.2917,91.8282,331.7,1.1,1,2010-04-09,0722,Aqua,MODIS,81,6.2,303.3,19.7,D,0
23.2655,91.8427,327,1.1,1,2010-04-09,0722,Aqua,MODIS,61,6.2,304,13.3,D,0
22.3882,92.3687,339.6,1.1,1,2010-04-09,0722,Aqua,MODIS,88,6.2,306.3,34.1,D,0
22.3802,92.3806,325.2,1.1,1,2010-04-09,0722,Aqua,MODIS,72,6.2,307.7,11.9,D,0
23.7109,92.1047,319.2,1.1,1,2010-04-09,0722,Aqua,MODIS,57,6.2,302.8,8.5,D,0
23.7016,92.2207,324,1.1,1,2010-04-09,0722,Aqua,MODIS,70,6.2,303.5,13.4,D,0
23.703,92.2317,338.8,1.1,1,2010-04-09,0722,Aqua,MODIS,87,6.2,304,36.9,D,0
23.6727,92.0731,442.1,1.1,1,2010-04-09,0722,Aqua,MODIS,100,6.2,317.1,684.6,D,0
23.6741,92.0837,370.4,1.1,1,2010-04-09,0722,Aqua,MODIS,100,6.2,304.8,121.2,D,0
23.2576,91.8545,341.5,1.1,1,2010-04-09,0722,Aqua,MODIS,89,6.2,305.7,35.9,D,0
23.259,91.8648,325.6,1.1,1,2010-04-09,0722,Aqua,MODIS,47,6.2,301,11.5,D,0
23.2485,91.8559,332,1.1,1,2010-04-09,0722,Aqua,MODIS,74,6.2,305.2,20.7,D,0
23.2103,91.8513,327.1,1.1,1,2010-04-09,0722,Aqua,MODIS,75,6.2,305.1,15.5,D,0
22.318,92.322,322.8,1.1,1,2010-04-09,0722,Aqua,MODIS,68,6.2,306.3,9.7,D,0
22.7083,92.0089,317,1.1,1,2010-04-09,0722,Aqua,MODIS,56,6.2,301.7,6.2,D,0
22.7069,91.9987,317.6,1.1,1,2010-04-09,0722,Aqua,MODIS,59,6.2,302.1,7,D,0
22.6921,91.8864,316.5,1.1,1,2010-04-09,0722,Aqua,MODIS,53,6.2,301.6,4.6,D,0
22.7277,91.9432,319.2,1.1,1,2010-04-09,0722,Aqua,MODIS,48,6.2,302,7.1,D,0
23.1785,92.2459,323.3,1.1,1,2010-04-09,0722,Aqua,MODIS,69,6.2,304.1,10.9,D,0
23.1799,92.2565,327.1,1.1,1,2010-04-09,0722,Aqua,MODIS,75,6.2,304.3,16.1,D,0
23.1692,92.2474,328.6,1.1,1,2010-04-09,0722,Aqua,MODIS,77,6.2,304.2,17,D,0
23.1706,92.258,330.1,1.1,1,2010-04-09,0722,Aqua,MODIS,79,6.2,304.6,19.7,D,0
23.1632,92.2434,323.4,1.1,1,2010-04-09,0722,Aqua,MODIS,68,6.2,303.8,10.3,D,0
23.1646,92.2539,338.4,1.1,1,2010-04-09,0722,Aqua,MODIS,87,6.2,304.9,32.4,D,0
23.1982,91.8913,326.1,1.1,1,2010-04-09,0722,Aqua,MODIS,74,6.2,303.5,13.9,D,0
23.1798,91.8941,328.5,1.1,1,2010-04-09,0722,Aqua,MODIS,77,6.2,303.6,17.2,D,0
22.7474,91.9505,335.5,1.1,1,2010-04-09,0722,Aqua,MODIS,85,6.2,300.7,27.3,D,0
22.7461,91.9403,323.3,1.1,1,2010-04-09,0722,Aqua,MODIS,48,6.2,301.5,10.5,D,0
22.7662,92.0208,322.5,1.1,1,2010-04-09,0722,Aqua,MODIS,70,6.2,302.9,11.4,D,0
23.1706,91.8956,327.2,1.1,1,2010-04-09,0722,Aqua,MODIS,76,6.2,303.5,15.7,D,0
22.2342,92.2349,320.7,1.1,1,2010-04-09,0722,Aqua,MODIS,62,6.2,306.7,5.6,D,0
22.225,92.2364,320.6,1.1,1,2010-04-09,0722,Aqua,MODIS,63,6.2,306.9,5.7,D,0
22.0756,92.2343,348.4,1.1,1,2010-04-09,0722,Aqua,MODIS,94,6.2,308,49.4,D,0
22.041,92.2349,332.2,1.1,1,2010-04-09,0722,Aqua,MODIS,81,6.2,308.2,19.6,D,0
22.0318,92.2363,345.4,1.1,1,2010-04-09,0722,Aqua,MODIS,92,6.2,308.9,43.5,D,0
23.1219,91.8823,327,1.1,1,2010-04-09,0722,Aqua,MODIS,75,6.2,300.2,16.2,D,0
23.126,91.9131,322.6,1.1,1,2010-04-09,0722,Aqua,MODIS,68,6.2,302.5,10.6,D,0
22.529,92.1859,328.6,1.1,1,2010-04-09,0722,Aqua,MODIS,74,6.2,305.5,16.9,D,0
22.5277,92.1755,326.6,1.1,1,2010-04-09,0722,Aqua,MODIS,72,6.2,305.3,13.8,D,0
22.0541,92.5508,336.2,1.1,1,2010-04-09,0722,Aqua,MODIS,85,6.2,307.9,28.8,D,0
22.0555,92.5611,397.1,1.1,1,2010-04-09,0722,Aqua,MODIS,100,6.2,320,258.9,D,0
22.0448,92.5521,373.6,1.1,1,2010-04-09,0722,Aqua,MODIS,87,6.2,314.5,134.8,D,0
22.0461,92.5622,390.9,1.1,1,2010-04-09,0722,Aqua,MODIS,94,6.2,314,221.2,D,0
22.5462,92.1727,321.1,1.1,1,2010-04-09,0722,Aqua,MODIS,51,6.2,303.7,8.5,D,0
22.5448,92.1622,320.6,1.1,1,2010-04-09,0722,Aqua,MODIS,62,6.2,304.5,7.7,D,0
22.5691,92.2753,319.8,1.1,1,2010-04-09,0722,Aqua,MODIS,63,6.2,306.3,7.5,D,0
22.1972,92.2407,321.5,1.1,1,2010-04-09,0722,Aqua,MODIS,66,6.2,307.6,6.7,D,0
22.1787,92.2435,327.3,1.1,1,2010-04-09,0722,Aqua,MODIS,76,6.2,307,14,D,0
22.1801,92.2537,320.6,1.1,1,2010-04-09,0722,Aqua,MODIS,57,6.2,306.1,6.1,D,0
22.8805,92.3381,321.8,1.1,1,2010-04-09,0722,Aqua,MODIS,67,6.2,304.5,10.3,D,0
22.8791,92.3273,322.5,1.1,1,2010-04-09,0722,Aqua,MODIS,68,6.2,304.1,11.2,D,0
23.1147,91.8788,328.7,1.1,1,2010-04-09,0722,Aqua,MODIS,70,6.2,302.3,17,D,0
22.8913,92.3474,343.2,1.1,1,2010-04-09,0722,Aqua,MODIS,90,6.2,305.2,42.8,D,0
23.1161,91.889,335.4,1.1,1,2010-04-09,0722,Aqua,MODIS,85,6.2,303.9,26.6,D,0
22.8899,92.3367,330.6,1.1,1,2010-04-09,0722,Aqua,MODIS,80,6.2,304.7,20.6,D,0
23.0793,91.8948,331,1.1,1,2010-04-09,0722,Aqua,MODIS,81,6.2,302.4,20.5,D,0
22.7648,92.0102,324.9,1.1,1,2010-04-09,0722,Aqua,MODIS,74,6.2,302.5,14.5,D,0
22.758,91.9593,341.7,1.1,1,2010-04-09,0722,Aqua,MODIS,90,6.2,299.4,37.9,D,0
22.7652,91.9628,332.1,1.1,1,2010-04-09,0722,Aqua,MODIS,82,6.2,301.9,23.9,D,0
22.7639,91.9526,335.6,1.1,1,2010-04-09,0722,Aqua,MODIS,85,6.2,300.9,27.8,D,0
22.7626,91.9424,325.3,1.1,1,2010-04-09,0722,Aqua,MODIS,56,6.2,300.2,12.9,D,0
22.7677,91.9103,323.3,1.1,1,2010-04-09,0722,Aqua,MODIS,50,6.2,302.2,10,D,0
22.7928,91.9586,324.2,1.1,1,2010-04-09,0722,Aqua,MODIS,73,6.2,303,13.2,D,0
22.9689,92.3069,319.1,1.1,1,2010-04-09,0722,Aqua,MODIS,60,6.2,303.9,7.3,D,0
23.0188,92.2829,319.4,1.1,1,2010-04-09,0722,Aqua,MODIS,60,6.2,303.3,7.5,D,0
22.5697,92.1367,321.5,1.1,1,2010-04-09,0722,Aqua,MODIS,68,6.2,303.5,9.6,D,0
22.2529,92.258,323.3,1.1,1,2010-04-09,0722,Aqua,MODIS,63,6.2,307.7,8,D,0
22.4489,92.3538,324.7,1.1,1,2010-04-09,0722,Aqua,MODIS,72,6.2,306.2,12.8,D,0
22.2687,92.4957,326.3,1.1,1,2010-04-09,0722,Aqua,MODIS,74,6.2,306.4,15.9,D,0
23.0807,91.905,318.9,1.1,1,2010-04-09,0722,Aqua,MODIS,37,6.2,299.8,5.2,D,0
23.2911,91.9652,338.4,1.1,1,2010-04-09,0722,Aqua,MODIS,81,6.2,302.9,30.9,D,0
23.4049,91.9351,342.2,1.1,1,2010-04-09,0722,Aqua,MODIS,90,6.2,304.7,40.6,D,0
23.4342,92.0157,350.4,1.1,1,2010-04-09,0722,Aqua,MODIS,95,6.2,303.6,60,D,0
23.4328,92.0052,319.2,1.1,1,2010-04-09,0722,Aqua,MODIS,59,6.2,304.2,8.2,D,0
23.4435,92.0142,343.3,1.1,1,2010-04-09,0722,Aqua,MODIS,90,6.2,303.1,44,D,0
23.4551,91.959,319.5,1.1,1,2010-04-09,0722,Aqua,MODIS,36,6.2,304.3,7.6,D,0
23.4537,91.9486,324.4,1.1,1,2010-04-09,0722,Aqua,MODIS,71,6.2,304,12.7,D,0
23.0769,91.9473,327.8,1.1,1,2010-04-09,0722,Aqua,MODIS,77,6.2,302.7,15.5,D,0
23.065,91.9284,333.4,1.1,1,2010-04-09,0722,Aqua,MODIS,83,6.2,304.2,22.5,D,0
23.0461,91.7853,327.7,1.1,1,2010-04-09,0722,Aqua,MODIS,74,6.2,301.5,16.1,D,0
23.0369,91.7867,328.4,1.1,1,2010-04-09,0722,Aqua,MODIS,74,6.2,301.4,16.8,D,0
23.0199,91.7997,328.5,1.1,1,2010-04-09,0722,Aqua,MODIS,77,6.2,301.4,16.7,D,0
22.5684,92.1267,320.6,1.1,1,2010-04-09,0722,Aqua,MODIS,66,6.2,304.3,8.4,D,0
22.8575,91.8897,326.9,1.1,1,2010-04-09,0722,Aqua,MODIS,77,6.2,303.5,14.5,D,0
22.3816,92.391,333,1.1,1,2010-04-09,0722,Aqua,MODIS,82,6.2,307.4,22.6,D,0
22.6079,92.3547,320,1.1,1,2010-04-09,0722,Aqua,MODIS,62,6.2,306.4,6.9,D,0
22.375,92.4135,328.4,1.1,1,2010-04-09,0722,Aqua,MODIS,77,6.2,307.8,15.4,D,0
22.6961,92.2603,323.8,1.1,1,2010-04-09,0722,Aqua,MODIS,62,6.2,304.8,12,D,0
22.3009,92.0515,318.2,1.1,1,2010-04-09,0722,Aqua,MODIS,57,6.2,304.2,6.6,D,0
22.3763,92.424,340.2,1.1,1,2010-04-09,0722,Aqua,MODIS,88,6.2,308.3,35.2,D,0
22.6948,92.25,320.8,1.1,1,2010-04-09,0722,Aqua,MODIS,0,6.2,305.4,8.9,D,0
22.7826,92.3588,337.8,1.1,1,2010-04-09,0722,Aqua,MODIS,86,6.2,305.8,33.7,D,0
22.2662,92.2877,323.4,1.1,1,2010-04-09,0722,Aqua,MODIS,69,6.2,308.1,9.2,D,0
23.0663,91.9386,331.2,1.1,1,2010-04-09,0722,Aqua,MODIS,81,6.2,303.1,20.4,D,0
22.6555,92.46,322,1.1,1,2010-04-09,0722,Aqua,MODIS,66,6.2,307.7,8.8,D,0
22.634,92.4803,329.8,1.1,1,2010-04-09,0722,Aqua,MODIS,78,6.2,307.2,18.5,D,0
23.0677,91.9489,320.8,1.1,1,2010-04-09,0722,Aqua,MODIS,65,6.2,303.1,7.9,D,0
23.0518,91.8991,322.4,1.1,1,2010-04-09,0722,Aqua,MODIS,69,6.2,302.6,9.8,D,0
23.0531,91.9094,323.7,1.1,1,2010-04-09,0722,Aqua,MODIS,71,6.2,303.4,11.1,D,0
22.2649,92.2773,322.5,1.1,1,2010-04-09,0722,Aqua,MODIS,57,6.2,308.3,7.3,D,0
23.2305,92.0063,319.5,1.1,1,2010-04-09,0722,Aqua,MODIS,55,6.2,300.6,7.2,D,0
23.0545,91.9197,325.3,1.1,1,2010-04-09,0722,Aqua,MODIS,74,6.2,303.8,12.3,D,0
23.1674,92.2749,322.1,1.1,1,2010-04-09,0722,Aqua,MODIS,65,6.2,303.9,9.7,D,0
23.166,92.2644,338.4,1.1,1,2010-04-09,0722,Aqua,MODIS,87,6.2,305.8,33.1,D,0
22.4831,92.2525,340.8,1.1,1,2010-04-09,0722,Aqua,MODIS,77,6.2,307.4,37.3,D,0
22.4844,92.2629,345.4,1.1,1,2010-04-09,0722,Aqua,MODIS,92,6.2,306,47.1,D,0
22.4539,92.2465,323.1,1.1,1,2010-04-09,0722,Aqua,MODIS,69,6.2,306.7,10.2,D,0
23.0558,91.9299,332.9,1.1,1,2010-04-09,0722,Aqua,MODIS,82,6.2,304,22.2,D,0
23.0575,92.2878,330.7,1.1,1,2010-04-09,0722,Aqua,MODIS,80,6.2,304.6,21.3,D,0
23.3907,92.3206,349.1,1.1,1,2010-04-09,0722,Aqua,MODIS,94,6.2,307.4,57,D,0
23.3813,92.322,384.2,1.1,1,2010-04-09,0722,Aqua,MODIS,100,6.2,310.1,186,D,0
23.0185,91.9213,319.3,1.1,1,2010-04-09,0722,Aqua,MODIS,25,6.2,303.5,6.4,D,0
22.5588,92.4161,321.3,1.1,1,2010-04-09,0722,Aqua,MODIS,64,6.2,306.9,9.3,D,0
23.0226,91.9519,331.4,1.1,1,2010-04-09,0722,Aqua,MODIS,81,6.2,304.5,21.2,D,0
22.4553,92.2568,345.7,1.1,1,2010-04-09,0722,Aqua,MODIS,92,6.2,307.3,47.2,D,0
23.0261,92.1209,326,1.1,1,2010-04-09,0722,Aqua,MODIS,75,6.2,304.2,13.8,D,0
23.0248,92.1104,325.1,1.1,1,2010-04-09,0722,Aqua,MODIS,73,6.2,303.6,12.8,D,0
23.0354,92.1195,334,1.1,1,2010-04-09,0722,Aqua,MODIS,84,6.2,303.9,25.3,D,0
23.1719,92.2685,328.4,1.1,1,2010-04-09,0722,Aqua,MODIS,77,6.2,304.2,17.7,D,0
23.5413,91.9931,327.5,1.1,1,2010-04-09,0722,Aqua,MODIS,67,6.2,302,16.6,D,0
23.1541,92.0567,331.4,1.1,1,2010-04-09,0722,Aqua,MODIS,80,6.2,300.2,21.8,D,0
23.1819,92.0524,335.2,1.1,1,2010-04-09,0722,Aqua,MODIS,84,6.2,302.3,27.1,D,0
23.1805,92.0419,344.1,1.1,1,2010-04-09,0722,Aqua,MODIS,91,6.2,304.2,44,D,0
23.1911,92.051,368.4,1.1,1,2010-04-09,0722,Aqua,MODIS,100,6.2,304.5,111,D,0
23.1897,92.0405,379.7,1.1,1,2010-04-09,0722,Aqua,MODIS,100,6.2,308.1,156.7,D,0
23.5599,91.9902,325.2,1.1,1,2010-04-09,0722,Aqua,MODIS,68,6.2,303.2,14,D,0
23.2441,92.111,329.7,1.1,1,2010-04-09,0722,Aqua,MODIS,79,6.2,305,17.9,D,0
23.2454,92.1214,323.8,1.1,1,2010-04-09,0722,Aqua,MODIS,70,6.2,306.2,10.5,D,0
23.2468,92.1318,324.8,1.1,1,2010-04-09,0722,Aqua,MODIS,72,6.2,305.7,11.7,D,0
23.224,92.0138,353,1.1,1,2010-04-09,0722,Aqua,MODIS,96,6.2,304.7,62.7,D,0
23.2392,92.1288,324.2,1.1,1,2010-04-09,0722,Aqua,MODIS,46,6.2,305.6,10.4,D,0
23.034,92.109,331.5,1.1,1,2010-04-09,0722,Aqua,MODIS,81,6.2,303.6,21.5,D,0
23.0285,92.0674,323.7,1.1,1,2010-04-09,0722,Aqua,MODIS,71,6.2,302.6,11.6,D,0
22.4401,92.4029,343.1,1.1,1,2010-04-09,0722,Aqua,MODIS,90,6.2,305.9,42.3,D,0
23.0272,92.0571,325.2,1.1,1,2010-04-09,0722,Aqua,MODIS,74,6.2,302.7,13.3,D,0
22.0861,92.2428,323.7,1.1,1,2010-04-09,0722,Aqua,MODIS,70,6.2,306.1,10,D,0
22.0874,92.2527,350.7,1.1,1,2010-04-09,0722,Aqua,MODIS,95,6.2,307.1,57.2,D,0
22.0782,92.2542,331.6,1.1,1,2010-04-09,0722,Aqua,MODIS,81,6.2,307.2,19.6,D,0
22.0771,92.318,324,1.1,1,2010-04-09,0722,Aqua,MODIS,70,6.2,305.8,12.1,D,0
22.0784,92.3285,330.1,1.1,1,2010-04-09,0722,Aqua,MODIS,79,6.2,305.6,20.4,D,0
22.0663,92.2832,362.9,1.1,1,2010-04-09,0722,Aqua,MODIS,100,6.2,306.9,91,D,0
22.0733,92.3353,327.8,1.1,1,2010-04-09,0722,Aqua,MODIS,76,6.2,304.8,16.4,D,0
22.0516,92.2437,324.6,1.1,1,2010-04-09,0722,Aqua,MODIS,71,6.2,307.1,10.3,D,0
22.057,92.2844,359.3,1.1,1,2010-04-09,0722,Aqua,MODIS,99,6.2,307.8,79.5,D,0
22.0584,92.2951,336.8,1.1,1,2010-04-09,0722,Aqua,MODIS,85,6.2,306.4,28.2,D,0
22.0424,92.2451,370.6,1.1,1,2010-04-09,0722,Aqua,MODIS,100,6.2,310.4,116.5,D,0
22.0331,92.2466,369.4,1.1,1,2010-04-09,0722,Aqua,MODIS,100,6.2,309.6,111.9,D,0
22.0293,92.2886,333,1.1,1,2010-04-09,0722,Aqua,MODIS,82,6.2,306.1,21.8,D,0
22.0307,92.2993,321.6,1.1,1,2010-04-09,0722,Aqua,MODIS,59,6.2,306.3,6.9,D,0
22.02,92.2896,350.4,1.1,1,2010-04-09,0722,Aqua,MODIS,95,6.2,307.6,55.8,D,0
22.0214,92.3004,330.5,1.1,1,2010-04-09,0722,Aqua,MODIS,79,6.2,307,18.4,D,0
22.8016,92.4317,325.4,1.1,1,2010-04-09,0722,Aqua,MODIS,73,6.2,308.4,12.8,D,0
23.0433,92.1076,322.9,1.1,1,2010-04-09,0722,Aqua,MODIS,70,6.2,303.4,10.7,D,0
22.784,92.3696,329,1.1,1,2010-04-09,0722,Aqua,MODIS,78,6.2,305.4,19.4,D,0
22.3238,92.4386,331,1.1,1,2010-04-09,0722,Aqua,MODIS,80,6.2,307.8,20.5,D,0
23.024,91.9622,322.6,1.1,1,2010-04-09,0722,Aqua,MODIS,52,6.2,303.6,9.4,D,0
23.072,92.054,345.1,1.1,1,2010-04-09,0722,Aqua,MODIS,92,6.2,302.9,45.8,D,0
23.0707,92.0437,325.6,1.1,1,2010-04-09,0722,Aqua,MODIS,74,6.2,303,13.9,D,0
23.0213,91.8099,325.4,1.1,1,2010-04-09,0722,Aqua,MODIS,61,6.2,300.9,13,D,0
23.0113,91.7973,327.2,1.1,1,2010-04-09,0722,Aqua,MODIS,58,6.2,300.2,14.5,D,0
23.0126,91.8074,337.6,1.1,1,2010-04-09,0722,Aqua,MODIS,87,6.2,300.1,30.2,D,0
22.3252,92.449,350.5,1.1,1,2010-04-09,0722,Aqua,MODIS,95,6.2,305.2,59.1,D,0
22.2772,92.4456,326,1.1,1,2010-04-09,0722,Aqua,MODIS,73,6.2,306.6,15.3,D,0
22.2725,92.4518,330.2,1.1,1,2010-04-09,0722,Aqua,MODIS,79,6.2,305.3,20.7,D,0
22.9674,91.9606,321.8,1.1,1,2010-04-09,0722,Aqua,MODIS,68,6.2,303.1,10.2,D,0
22.9687,91.9707,322.6,1.1,1,2010-04-09,0722,Aqua,MODIS,70,6.2,303.4,10.9,D,0
22.6356,92.0163,322,1.1,1,2010-04-09,0722,Aqua,MODIS,70,6.2,303.4,10.6,D,0
22.6342,92.0061,329.4,1.1,1,2010-04-09,0722,Aqua,MODIS,80,6.2,302.9,20.1,D,0
22.6833,92.0926,318,1.1,1,2010-04-09,0722,Aqua,MODIS,60,6.2,303.6,5.7,D,0
22.3879,92.2941,326,1.1,1,2010-04-09,0722,Aqua,MODIS,74,6.2,306.9,13.6,D,0
22.3892,92.3044,321.8,1.1,1,2010-04-09,0722,Aqua,MODIS,66,6.2,306,8.9,D,0
22.3868,92.3582,336.8,1.1,1,2010-04-09,0722,Aqua,MODIS,85,6.2,307.8,29.1,D,0
23.406,91.8715,321,1.1,1,2010-04-09,0722,Aqua,MODIS,52,6.2,303.5,8.3,D,0
23.3927,91.8419,336.7,1.1,1,2010-04-09,0722,Aqua,MODIS,85,6.2,302.8,29.1,D,0
23.3843,91.8391,333.5,1.1,1,2010-04-09,0722,Aqua,MODIS,83,6.2,300.3,23.5,D,0
23.3738,91.8302,327.1,1.1,1,2010-04-09,0722,Aqua,MODIS,76,6.2,303.4,15.4,D,0
23.3751,91.8405,350,1.1,1,2010-04-09,0722,Aqua,MODIS,94,6.2,300.4,55.7,D,0
23.3411,91.867,321.4,1.1,1,2010-04-09,0722,Aqua,MODIS,55,6.2,303.4,9.4,D,0
23.2133,92.0048,342.6,1.1,1,2010-04-09,0722,Aqua,MODIS,90,6.2,301.7,39.3,D,0
21.2305,92.079,322.2,1.7,1.3,2010-04-10,0454,Terra,MODIS,70,6.2,299.3,23.5,D,0
22.287,92.507,322.8,1.7,1.3,2010-04-10,0454,Terra,MODIS,70,6.2,301.1,30,D,0
22.2842,92.522,328.4,1.7,1.3,2010-04-10,0454,Terra,MODIS,78,6.2,300.1,44.3,D,0
21.991,92.3551,339.3,1.7,1.3,2010-04-10,0454,Terra,MODIS,88,6.2,302.2,72.5,D,0
21.2052,92.0902,320.8,1.7,1.3,2010-04-10,0454,Terra,MODIS,66,6.2,298.4,21.4,D,0
24.4327,89.1921,324,1.1,1,2010-04-10,0454,Terra,MODIS,57,6.2,307.5,9.5,D,0
21.994,92.3388,328.3,1.7,1.3,2010-04-10,0454,Terra,MODIS,78,6.2,301.5,38.7,D,0
22.9475,90.0333,319.2,1.2,1.1,2010-04-10,0454,Terra,MODIS,48,6.2,306.2,9.7,D,0
23.3669,91.8512,313,1.5,1.2,2010-04-10,0454,Terra,MODIS,38,6.2,294.3,9.2,D,0
22.2871,92.5165,334.4,1.7,1.3,2010-04-10,0454,Terra,MODIS,84,6.2,301,62.5,D,0
21.9257,92.3345,326.6,1.7,1.3,2010-04-10,0454,Terra,MODIS,76,6.2,301.5,38.1,D,0
21.9289,92.3168,325.4,1.7,1.3,2010-04-10,0454,Terra,MODIS,75,6.2,301.3,35.2,D,0
21.9744,92.3173,323,1.7,1.3,2010-04-10,0454,Terra,MODIS,71,6.2,300.9,28.4,D,0
23.199,92.2719,309,1.4,1.2,2010-04-10,1550,Terra,MODIS,76,6.2,294.5,11.3,N,0
24.14,91.4153,308.3,1.5,1.2,2010-04-10,1550,Terra,MODIS,72,6.2,296.2,11.1,N,0
22.5062,92.4879,339.1,1,1,2010-04-11,0709,Aqua,MODIS,88,6.2,301,33.3,D,0
21.7288,92.2875,350.1,1,1,2010-04-11,0709,Aqua,MODIS,95,6.2,304.1,52.4,D,0
21.7379,92.2859,327.4,1,1,2010-04-11,0709,Aqua,MODIS,58,6.2,303,14.6,D,0
21.7485,92.2942,322.6,1,1,2010-04-11,0709,Aqua,MODIS,67,6.2,302.7,10.1,D,0
21.7758,92.2895,328.9,1,1,2010-04-11,0709,Aqua,MODIS,75,6.2,302.2,17,D,0
21.7743,92.2795,332.1,1,1,2010-04-11,0709,Aqua,MODIS,82,6.2,302,21.5,D,0
21.8378,92.3945,351.7,1,1,2010-04-11,0709,Aqua,MODIS,95,6.2,303.4,57,D,0
22.0983,92.2899,353.6,1,1,2010-04-11,0709,Aqua,MODIS,97,6.2,303.3,63.5,D,0
22.0998,92.2998,331.3,1,1,2010-04-11,0709,Aqua,MODIS,81,6.2,301.1,20.9,D,0
22.0967,92.3412,326.4,1,1,2010-04-11,0709,Aqua,MODIS,57,6.2,298.4,13.1,D,0
22.0771,92.3344,322.5,1,1,2010-04-11,0709,Aqua,MODIS,59,6.2,300.7,10.4,D,0
21.7728,92.2695,348.9,1,1,2010-04-11,0709,Aqua,MODIS,94,6.2,303.9,52.4,D,0
21.7713,92.2595,318.5,1,1,2010-04-11,0709,Aqua,MODIS,50,6.2,302.4,5.5,D,0
21.788,92.3115,324.4,1,1,2010-04-11,0709,Aqua,MODIS,55,6.2,300.6,10.5,D,0
21.7819,92.2715,344.7,1,1,2010-04-11,0709,Aqua,MODIS,91,6.2,303.4,41.9,D,0
21.7803,92.2615,328.2,1,1,2010-04-11,0709,Aqua,MODIS,77,6.2,302.7,15.1,D,0
21.7986,92.3199,332.3,1,1,2010-04-11,0709,Aqua,MODIS,78,6.2,301.3,20.8,D,0
21.7971,92.3098,343.5,1,1,2010-04-11,0709,Aqua,MODIS,91,6.2,303.5,38.8,D,0
21.791,92.2699,332.3,1,1,2010-04-11,0709,Aqua,MODIS,76,6.2,301.7,19.4,D,0
21.7894,92.2599,341.8,1,1,2010-04-11,0709,Aqua,MODIS,89,6.2,301.7,35.9,D,0
21.7879,92.2499,334.5,1,1,2010-04-11,0709,Aqua,MODIS,84,6.2,302.1,23.8,D,0
21.8001,92.2683,328.4,1,1,2010-04-11,0709,Aqua,MODIS,40,6.2,302.2,14,D,0
21.8092,92.2667,338.4,1,1,2010-04-11,0709,Aqua,MODIS,86,6.2,302.3,29.7,D,0
21.8077,92.2567,324.7,1,1,2010-04-11,0709,Aqua,MODIS,30,6.2,301.7,10.6,D,0
21.7939,92.1666,322.5,1.1,1,2010-04-11,0709,Aqua,MODIS,43,6.2,303.2,7.5,D,0
21.7924,92.1566,325.3,1.1,1,2010-04-11,0709,Aqua,MODIS,71,6.2,303.4,10.8,D,0
21.8228,92.2951,351.2,1,1,2010-04-11,0709,Aqua,MODIS,95,6.2,300.4,53.7,D,0
21.8213,92.2851,330.7,1,1,2010-04-11,0709,Aqua,MODIS,56,6.2,297.6,16.6,D,0
21.8198,92.2751,344.4,1,1,2010-04-11,0709,Aqua,MODIS,87,6.2,302.6,39.7,D,0
21.803,92.165,321.4,1.1,1,2010-04-11,0709,Aqua,MODIS,7,6.2,303,6.4,D,0
21.8015,92.1549,333,1.1,1,2010-04-11,0709,Aqua,MODIS,82,6.2,304,21.3,D,0
21.8349,92.3135,369.7,1,1,2010-04-11,0709,Aqua,MODIS,100,6.2,304.6,110.4,D,0
21.8304,92.2835,321.6,1,1,2010-04-11,0709,Aqua,MODIS,31,6.2,298.1,7.3,D,0
21.8228,92.2335,320.5,1,1,2010-04-11,0709,Aqua,MODIS,32,6.2,302.9,6.9,D,0
21.8425,92.3018,357.5,1,1,2010-04-11,0709,Aqua,MODIS,98,6.2,302.6,71.8,D,0
21.8516,92.3003,330,1,1,2010-04-11,0709,Aqua,MODIS,52,6.2,298.2,17.9,D,0
21.8562,92.207,326.3,1.1,1,2010-04-11,0709,Aqua,MODIS,67,6.2,304.8,12.1,D,0
21.8547,92.1969,327,1.1,1,2010-04-11,0709,Aqua,MODIS,76,6.2,304.1,13.2,D,0
21.4944,92.3778,317.5,1,1,2010-04-11,0709,Aqua,MODIS,56,6.2,301.9,7,D,0
21.5993,92.4043,328.8,1,1,2010-04-11,0709,Aqua,MODIS,78,6.2,303.1,18.3,D,0
21.6084,92.4027,320.5,1,1,2010-04-11,0709,Aqua,MODIS,65,6.2,302.3,8.7,D,0
21.6434,92.3899,340.1,1,1,2010-04-11,0709,Aqua,MODIS,88,6.2,302.6,34.8,D,0
21.6419,92.38,352.4,1,1,2010-04-11,0709,Aqua,MODIS,96,6.2,303.4,60.2,D,0
21.4244,92.4675,319.4,1,1,2010-04-11,0709,Aqua,MODIS,63,6.2,303.8,7.9,D,0
21.4968,92.58,320.9,1,1,2010-04-11,0709,Aqua,MODIS,65,6.2,301.1,9.9,D,0
21.4954,92.5701,317.1,1,1,2010-04-11,0709,Aqua,MODIS,51,6.2,301.5,6.3,D,0
21.5044,92.5685,362.8,1,1,2010-04-11,0709,Aqua,MODIS,100,6.2,304.5,88.3,D,0
21.5029,92.5587,331.9,1,1,2010-04-11,0709,Aqua,MODIS,82,6.2,302.9,23.1,D,0
22.5705,92.3591,327,1,1,2010-04-11,0709,Aqua,MODIS,73,6.2,300.2,14.6,D,0
22.569,92.3491,339.1,1,1,2010-04-11,0709,Aqua,MODIS,88,6.2,298.8,31.6,D,0
22.5675,92.3389,386.9,1,1,2010-04-11,0709,Aqua,MODIS,100,6.2,304.7,179.1,D,0
22.5765,92.3373,362.6,1,1,2010-04-11,0709,Aqua,MODIS,100,6.2,302.1,84.4,D,0
22.5961,92.3444,326.2,1,1,2010-04-11,0709,Aqua,MODIS,55,6.2,299.2,13.5,D,0
22.608,92.362,319.9,1,1,2010-04-11,0709,Aqua,MODIS,39,6.2,298.5,8.2,D,0
22.6066,92.3523,331.2,1,1,2010-04-11,0709,Aqua,MODIS,82,6.2,300.4,21.5,D,0
22.6142,92.3412,333.9,1,1,2010-04-11,0709,Aqua,MODIS,84,6.2,298.3,25.5,D,0
22.6097,92.311,323,1,1,2010-04-11,0709,Aqua,MODIS,55,6.2,297.6,10.8,D,0
22.6965,92.3406,339.1,1,1,2010-04-11,0709,Aqua,MODIS,72,6.2,299.7,35.3,D,0
22.789,92.3384,331.9,1,1,2010-04-11,0709,Aqua,MODIS,83,6.2,295.6,23.2,D,0
22.7875,92.3284,352.5,1,1,2010-04-11,0709,Aqua,MODIS,96,6.2,301.3,61,D,0
22.786,92.3183,332.3,1,1,2010-04-11,0709,Aqua,MODIS,63,6.2,300.9,22.6,D,0
22.798,92.3368,315.6,1,1,2010-04-11,0709,Aqua,MODIS,19,6.2,295.9,5.1,D,0
22.7965,92.3268,328.1,1,1,2010-04-11,0709,Aqua,MODIS,79,6.2,299.1,18,D,0
22.795,92.3167,338.4,1,1,2010-04-11,0709,Aqua,MODIS,66,6.2,300.9,31.9,D,0
21.5345,92.5836,318.4,1,1,2010-04-11,0709,Aqua,MODIS,45,6.2,301.1,6.6,D,0
21.7513,92.4977,328.5,1,1,2010-04-11,0709,Aqua,MODIS,73,6.2,302.6,16,D,0
21.7498,92.4878,323.6,1,1,2010-04-11,0709,Aqua,MODIS,47,6.2,302.5,9.8,D,0
21.7349,92.3889,339.8,1,1,2010-04-11,0709,Aqua,MODIS,88,6.2,302.3,34.9,D,0
21.7334,92.3789,328.5,1,1,2010-04-11,0709,Aqua,MODIS,78,6.2,299.1,17.4,D,0
21.7603,92.4959,347.4,1,1,2010-04-11,0709,Aqua,MODIS,93,6.2,303.8,46.9,D,0
21.7588,92.486,335.1,1,1,2010-04-11,0709,Aqua,MODIS,84,6.2,304.1,24.6,D,0
21.7439,92.3874,344.6,1,1,2010-04-11,0709,Aqua,MODIS,91,6.2,300,44.6,D,0
21.5315,92.5638,357.6,1,1,2010-04-11,0709,Aqua,MODIS,98,6.2,303.6,73.4,D,0
21.53,92.5539,333.4,1,1,2010-04-11,0709,Aqua,MODIS,83,6.2,302.7,25.2,D,0
21.5435,92.5819,360.7,1,1,2010-04-11,0709,Aqua,MODIS,100,6.2,303.9,80.5,D,0
21.5506,92.5749,335.8,1,1,2010-04-11,0709,Aqua,MODIS,85,6.2,303,26.4,D,0
21.5491,92.565,327.2,1,1,2010-04-11,0709,Aqua,MODIS,42,6.2,303.9,13.8,D,0
21.4758,92.5634,369.9,1,1,2010-04-11,0709,Aqua,MODIS,100,6.2,303.7,111,D,0
21.5597,92.5733,356.1,1,1,2010-04-11,0709,Aqua,MODIS,98,6.2,305,68.1,D,0
21.4773,92.5733,346.2,1,1,2010-04-11,0709,Aqua,MODIS,92,6.2,300.8,46,D,0
21.4668,92.5651,374.2,1,1,2010-04-11,0709,Aqua,MODIS,100,6.2,305,128.1,D,0
21.4682,92.5748,380.3,1,1,2010-04-11,0709,Aqua,MODIS,100,6.2,303.9,152.2,D,0
21.4563,92.5569,321.8,1,1,2010-04-11,0709,Aqua,MODIS,67,6.2,300.5,12.1,D,0
21.4577,92.5667,327.9,1,1,2010-04-11,0709,Aqua,MODIS,77,6.2,300.9,18.9,D,0
21.388,92.5349,317.5,1,1,2010-04-11,0709,Aqua,MODIS,55,6.2,302.5,7.8,D,0
21.3895,92.5449,320.2,1,1,2010-04-11,0709,Aqua,MODIS,64,6.2,301.9,10.8,D,0
21.5702,92.5816,330.8,1,1,2010-04-11,0709,Aqua,MODIS,80,6.2,303,20.1,D,0
21.5763,92.5603,328.2,1,1,2010-04-11,0709,Aqua,MODIS,75,6.2,302.4,16.7,D,0
21.5748,92.5506,330.7,1,1,2010-04-11,0709,Aqua,MODIS,80,6.2,301.6,19.9,D,0
21.3715,92.0543,326.1,1.1,1,2010-04-11,0709,Aqua,MODIS,74,6.2,303.5,13.9,D,0
21.373,92.0645,348.3,1.1,1,2010-04-11,0709,Aqua,MODIS,94,6.2,303.3,52,D,0
21.3638,92.0661,320.9,1.1,1,2010-04-11,0709,Aqua,MODIS,65,6.2,302.9,7.7,D,0
21.3686,92.1592,322.6,1.1,1,2010-04-11,0709,Aqua,MODIS,69,6.2,303.2,9.1,D,0
21.3594,92.1608,318.5,1.1,1,2010-04-11,0709,Aqua,MODIS,35,6.2,301.7,4.6,D,0
22.8806,92.2756,322.1,1,1,2010-04-11,0709,Aqua,MODIS,0,6.2,300,11.4,D,0
22.9218,92.3024,326.2,1,1,2010-04-11,0709,Aqua,MODIS,53,6.2,297.8,15,D,0
22.9367,92.3403,320.1,1,1,2010-04-11,0709,Aqua,MODIS,45,6.2,295.2,9.6,D,0
22.9579,92.2959,322.8,1,1,2010-04-11,0709,Aqua,MODIS,61,6.2,296.8,11.6,D,0
22.9564,92.286,350.8,1,1,2010-04-11,0709,Aqua,MODIS,95,6.2,300.7,56.2,D,0
22.9654,92.2843,328.9,1,1,2010-04-11,0709,Aqua,MODIS,74,6.2,300.1,17.7,D,0
22.9639,92.2744,325.9,1,1,2010-04-11,0709,Aqua,MODIS,60,6.2,300.2,13.5,D,0
21.4977,92.2274,322,1.1,1,2010-04-11,0709,Aqua,MODIS,56,6.2,305.9,9.2,D,0
21.5069,92.2258,395.3,1.1,1,2010-04-11,0709,Aqua,MODIS,100,6.2,308.4,232,D,0
21.5053,92.2157,354.7,1.1,1,2010-04-11,0709,Aqua,MODIS,97,6.2,305.2,65.4,D,0
21.516,92.2242,369.2,1.1,1,2010-04-11,0709,Aqua,MODIS,100,6.2,306.6,109.6,D,0
21.5145,92.2141,329.2,1.1,1,2010-04-11,0709,Aqua,MODIS,76,6.2,305.1,16.4,D,0
21.5251,92.2226,322.1,1.1,1,2010-04-11,0709,Aqua,MODIS,67,6.2,305.8,9.5,D,0
21.5693,92.2045,343.6,1.1,1,2010-04-11,0709,Aqua,MODIS,91,6.2,305.3,42.6,D,0
21.5236,92.2125,327.7,1.1,1,2010-04-11,0709,Aqua,MODIS,77,6.2,307.2,16.1,D,0
21.5343,92.221,337.5,1.1,1,2010-04-11,0709,Aqua,MODIS,87,6.2,305.3,30.7,D,0
21.5327,92.2109,330.9,1.1,1,2010-04-11,0709,Aqua,MODIS,81,6.2,305.7,20.5,D,0
21.8187,92.5767,324.5,1,1,2010-04-11,0709,Aqua,MODIS,22,6.2,301.7,11.5,D,0
23.0089,92.0872,341.2,1,1,2010-04-11,0709,Aqua,MODIS,85,6.2,298.3,38.7,D,0
23.018,92.0856,335.7,1,1,2010-04-11,0709,Aqua,MODIS,73,6.2,299.8,28,D,0
23.0165,92.0756,354.3,1,1,2010-04-11,0709,Aqua,MODIS,97,6.2,297.5,65.5,D,0
22.2384,92.2425,333.3,1,1,2010-04-11,0709,Aqua,MODIS,83,6.2,301.7,23.3,D,0
22.233,92.2594,326.2,1,1,2010-04-11,0709,Aqua,MODIS,76,6.2,298.9,13.9,D,0
21.8285,92.5787,330.3,1,1,2010-04-11,0709,Aqua,MODIS,79,6.2,302.7,20.3,D,0
21.839,92.5869,356.9,1,1,2010-04-11,0709,Aqua,MODIS,98,6.2,303.6,72.6,D,0
21.8375,92.577,323.4,1,1,2010-04-11,0709,Aqua,MODIS,68,6.2,301.2,12.8,D,0
22.242,92.3191,319.7,1,1,2010-04-11,0709,Aqua,MODIS,28,6.2,301.5,7.1,D,0
22.2314,92.3107,326.3,1,1,2010-04-11,0709,Aqua,MODIS,62,6.2,302.1,13.9,D,0
22.2329,92.3207,339.8,1,1,2010-04-11,0709,Aqua,MODIS,88,6.2,301.6,33.7,D,0
22.1665,92.2507,327.8,1,1,2010-04-11,0709,Aqua,MODIS,78,6.2,298.1,17.4,D,0
22.168,92.2606,327.3,1,1,2010-04-11,0709,Aqua,MODIS,77,6.2,301,16.7,D,0
22.1255,92.285,320.4,1,1,2010-04-11,0709,Aqua,MODIS,55,6.2,300,8.4,D,0
21.7137,92.372,322.1,1,1,2010-04-11,0709,Aqua,MODIS,35,6.2,302.5,10,D,0
21.7107,92.3521,334.7,1,1,2010-04-11,0709,Aqua,MODIS,84,6.2,301.6,25.3,D,0
21.8588,92.4721,332.8,1,1,2010-04-11,0709,Aqua,MODIS,76,6.2,303.3,18.6,D,0
21.5992,92.4655,331.5,1,1,2010-04-11,0709,Aqua,MODIS,81,6.2,302.3,22,D,0
22.4808,92.4416,327.1,1,1,2010-04-11,0709,Aqua,MODIS,62,6.2,301.6,15.7,D,0
22.4823,92.4514,350.8,1,1,2010-04-11,0709,Aqua,MODIS,95,6.2,301.5,55.8,D,0
22.4555,92.3345,346.1,1,1,2010-04-11,0709,Aqua,MODIS,92,6.2,301,45.9,D,0
22.4718,92.4432,324.2,1,1,2010-04-11,0709,Aqua,MODIS,67,6.2,300.6,13.4,D,0
21.8754,92.4591,353.8,1,1,2010-04-11,0709,Aqua,MODIS,96,6.2,303.5,59.2,D,0
21.8739,92.4492,350.9,1,1,2010-04-11,0709,Aqua,MODIS,95,6.2,303.2,52.3,D,0
21.8844,92.4574,355.4,1,1,2010-04-11,0709,Aqua,MODIS,97,6.2,299.9,63.5,D,0
21.883,92.4476,360.4,1,1,2010-04-11,0709,Aqua,MODIS,100,6.2,301.9,76.5,D,0
21.8815,92.4376,334.6,1,1,2010-04-11,0709,Aqua,MODIS,82,6.2,303.1,22.1,D,0
21.8785,92.4178,331.3,1,1,2010-04-11,0709,Aqua,MODIS,80,6.2,303.3,18.6,D,0
21.877,92.4079,337.4,1,1,2010-04-11,0709,Aqua,MODIS,86,6.2,303,27.3,D,0
21.892,92.4459,331.8,1,1,2010-04-11,0709,Aqua,MODIS,68,6.2,301.4,17.2,D,0
22.1159,92.5304,393.9,1,1,2010-04-11,0709,Aqua,MODIS,100,6.2,304.1,216.6,D,0
22.1145,92.5207,383.5,1,1,2010-04-11,0709,Aqua,MODIS,100,6.2,305.9,164.6,D,0
22.1249,92.5287,392.8,1,1,2010-04-11,0709,Aqua,MODIS,100,6.2,304.9,211.7,D,0
22.1235,92.5191,324.5,1,1,2010-04-11,0709,Aqua,MODIS,72,6.2,301.5,13.8,D,0
21.5977,92.4557,326.7,1,1,2010-04-11,0709,Aqua,MODIS,76,6.2,301.7,15.5,D,0
21.8632,92.5018,327.9,1,1,2010-04-11,0709,Aqua,MODIS,54,6.2,301.7,15.2,D,0
21.8617,92.4918,346.5,1,1,2010-04-11,0709,Aqua,MODIS,92,6.2,304,44.8,D,0
21.9352,92.494,333.6,1,1,2010-04-11,0709,Aqua,MODIS,83,6.2,302.4,25.8,D,0
21.9337,92.4839,329.5,1,1,2010-04-11,0709,Aqua,MODIS,79,6.2,301.2,19,D,0
21.8905,92.436,361.3,1,1,2010-04-11,0709,Aqua,MODIS,100,6.2,304.3,78.8,D,0
21.889,92.426,391.4,1,1,2010-04-11,0709,Aqua,MODIS,100,6.2,308.9,201.8,D,0
21.8876,92.4161,338.4,1,1,2010-04-11,0709,Aqua,MODIS,87,6.2,304.9,28.7,D,0
21.8991,92.4389,358.1,1,1,2010-04-11,0709,Aqua,MODIS,97,6.2,303.8,71.2,D,0
21.8976,92.429,388.1,1,1,2010-04-11,0709,Aqua,MODIS,100,6.2,308.1,184.1,D,0
22.3972,92.3103,350.7,1,1,2010-04-11,0709,Aqua,MODIS,95,6.2,300.2,56,D,0
22.4076,92.3793,328.4,1,1,2010-04-11,0709,Aqua,MODIS,78,6.2,300.2,17.5,D,0
22.4089,92.4501,338.7,1,1,2010-04-11,0709,Aqua,MODIS,87,6.2,301.1,30.1,D,0
22.4104,92.4599,330.1,1,1,2010-04-11,0709,Aqua,MODIS,58,6.2,301.4,17,D,0
22.4119,92.4699,337.1,1,1,2010-04-11,0709,Aqua,MODIS,86,6.2,301.6,27.5,D,0
22.3984,92.4418,357.1,1,1,2010-04-11,0709,Aqua,MODIS,98,6.2,302.8,68.1,D,0
22.3999,92.4517,367.9,1,1,2010-04-11,0709,Aqua,MODIS,100,6.2,303.6,100.8,D,0
21.8961,92.4191,348.5,1,1,2010-04-11,0709,Aqua,MODIS,94,6.2,306.3,47.8,D,0
21.5031,92.498,315.5,1,1,2010-04-11,0709,Aqua,MODIS,34,6.2,302.5,5.8,D,0
21.7906,92.45,348.3,1,1,2010-04-11,0709,Aqua,MODIS,94,6.2,304.3,49,D,0
21.7981,92.4384,340.8,1,1,2010-04-11,0709,Aqua,MODIS,89,6.2,303,32.6,D,0
21.7952,92.4188,353.1,1,1,2010-04-11,0709,Aqua,MODIS,96,6.2,302.6,59.6,D,0
21.7938,92.4093,359.1,1,1,2010-04-11,0709,Aqua,MODIS,99,6.2,303.7,76.4,D,0
21.7923,92.3998,319.6,1,1,2010-04-11,0709,Aqua,MODIS,27,6.2,300.6,7.9,D,0
21.8122,92.4092,345.9,1,1,2010-04-11,0709,Aqua,MODIS,92,6.2,302.1,43.5,D,0
22.1054,92.5223,374.4,1,1,2010-04-11,0709,Aqua,MODIS,100,6.2,303.9,126.9,D,0
22.1069,92.532,366.9,1,1,2010-04-11,0709,Aqua,MODIS,100,6.2,302,99.8,D,0
22.0593,92.4554,322.8,1,1,2010-04-11,0709,Aqua,MODIS,48,6.2,301.2,9.8,D,0
22.0608,92.4654,335.2,1,1,2010-04-11,0709,Aqua,MODIS,84,6.2,301.8,26.3,D,0
22.0637,92.4851,325.8,1,1,2010-04-11,0709,Aqua,MODIS,74,6.2,296.1,14.4,D,0
22.0652,92.495,340.9,1,1,2010-04-11,0709,Aqua,MODIS,89,6.2,295.1,36.6,D,0
22.0667,92.5049,333.7,1,1,2010-04-11,0709,Aqua,MODIS,83,6.2,298.7,26,D,0
22.0725,92.5437,331.2,1,1,2010-04-11,0709,Aqua,MODIS,80,6.2,302.4,21.8,D,0
22.0503,92.4568,338.9,1,1,2010-04-11,0709,Aqua,MODIS,87,6.2,302.2,31.1,D,0
22.0518,92.467,384.1,1,1,2010-04-11,0709,Aqua,MODIS,100,6.2,305.3,165.9,D,0
22.0533,92.477,376.9,1,1,2010-04-11,0709,Aqua,MODIS,100,6.2,305.3,135,D,0
22.0547,92.4868,364.5,1,1,2010-04-11,0709,Aqua,MODIS,100,6.2,302.3,92,D,0
22.0562,92.4966,356,1,1,2010-04-11,0709,Aqua,MODIS,98,6.2,302.1,69.1,D,0
22.0577,92.5064,375.7,1,1,2010-04-11,0709,Aqua,MODIS,100,6.2,303.1,133.1,D,0
22.0635,92.5453,348.8,1,1,2010-04-11,0709,Aqua,MODIS,94,6.2,304.4,51.4,D,0
22.0442,92.4786,331.2,1,1,2010-04-11,0709,Aqua,MODIS,76,6.2,301.2,20.6,D,0
22.0457,92.4884,324,1,1,2010-04-11,0709,Aqua,MODIS,57,6.2,300.3,12.8,D,0
22.0187,92.4317,345.7,1,1,2010-04-11,0709,Aqua,MODIS,92,6.2,303.7,43.7,D,0
22.0202,92.4417,341.4,1,1,2010-04-11,0709,Aqua,MODIS,89,6.2,302.6,35,D,0
22.0216,92.4514,336.8,1,1,2010-04-11,0709,Aqua,MODIS,86,6.2,302.9,27.5,D,0
21.9111,92.4571,345.5,1,1,2010-04-11,0709,Aqua,MODIS,82,6.2,300.9,41.7,D,0
21.9066,92.4275,381.9,1,1,2010-04-11,0709,Aqua,MODIS,100,6.2,301.9,154.7,D,0
21.9051,92.4175,350.4,1,1,2010-04-11,0709,Aqua,MODIS,95,6.2,305.2,52.5,D,0
21.9231,92.4754,320.3,1,1,2010-04-11,0709,Aqua,MODIS,46,6.2,301.5,8.3,D,0
21.9217,92.4655,356,1,1,2010-04-11,0709,Aqua,MODIS,98,6.2,301.8,67.5,D,0
21.9202,92.4556,356.5,1,1,2010-04-11,0709,Aqua,MODIS,98,6.2,298.9,67.7,D,0
21.9142,92.4159,358.3,1,1,2010-04-11,0709,Aqua,MODIS,99,6.2,302.5,72.7,D,0
21.9127,92.406,322.5,1,1,2010-04-11,0709,Aqua,MODIS,63,6.2,300.4,8.6,D,0
22.2369,92.2326,326.6,1,1,2010-04-11,0709,Aqua,MODIS,76,6.2,302.3,14.4,D,0
22.0739,92.5537,320.6,1,1,2010-04-11,0709,Aqua,MODIS,56,6.2,300.9,8.9,D,0
22.0649,92.5552,353.2,1,1,2010-04-11,0709,Aqua,MODIS,96,6.2,303.6,60.9,D,0
22.0364,92.5501,333.7,1,1,2010-04-11,0709,Aqua,MODIS,83,6.2,303,24.8,D,0
22.0274,92.5517,328.1,1,1,2010-04-11,0709,Aqua,MODIS,77,6.2,300.4,17.4,D,0
21.9307,92.4639,345.4,1,1,2010-04-11,0709,Aqua,MODIS,92,6.2,300.1,43,D,0
21.9292,92.454,341.3,1,1,2010-04-11,0709,Aqua,MODIS,82,6.2,298.7,34.5,D,0
21.9262,92.4343,354.9,1,1,2010-04-11,0709,Aqua,MODIS,97,6.2,299.3,63.7,D,0
21.9247,92.4243,346.7,1,1,2010-04-11,0709,Aqua,MODIS,89,6.2,301.9,44.4,D,0
21.9232,92.4144,353.4,1,1,2010-04-11,0709,Aqua,MODIS,96,6.2,303.3,60.3,D,0
21.9353,92.4327,336.8,1,1,2010-04-11,0709,Aqua,MODIS,63,6.2,298.8,25.6,D,0
21.9473,92.4509,338.2,1,1,2010-04-11,0709,Aqua,MODIS,86,6.2,302.5,30.1,D,0
21.9563,92.4493,338.1,1,1,2010-04-11,0709,Aqua,MODIS,87,6.2,301.8,30.4,D,0
21.9534,92.4296,356,1,1,2010-04-11,0709,Aqua,MODIS,98,6.2,302.5,67.3,D,0
21.8107,92.3997,353.7,1,1,2010-04-11,0709,Aqua,MODIS,96,6.2,300.9,61.9,D,0
21.8093,92.3903,328.4,1,1,2010-04-11,0709,Aqua,MODIS,40,6.2,299.9,16.8,D,0
21.8332,92.4869,379.8,1,1,2010-04-11,0709,Aqua,MODIS,100,6.2,303.4,145.7,D,0
21.8317,92.477,332.7,1,1,2010-04-11,0709,Aqua,MODIS,79,6.2,303.1,19.2,D,0
21.8422,92.4852,366.7,1,1,2010-04-11,0709,Aqua,MODIS,100,6.2,299.1,95.4,D,0
21.9401,92.2173,344.9,1,1,2010-04-11,0709,Aqua,MODIS,92,6.2,302.3,45.6,D,0
21.9447,92.2474,322,1,1,2010-04-11,0709,Aqua,MODIS,60,6.2,300.7,9.6,D,0
21.9461,92.2574,333.7,1,1,2010-04-11,0709,Aqua,MODIS,83,6.2,298.9,24.5,D,0
21.9477,92.2674,381.9,1,1,2010-04-11,0709,Aqua,MODIS,100,6.2,303.5,160.3,D,0
21.9492,92.2774,328.4,1,1,2010-04-11,0709,Aqua,MODIS,78,6.2,300.6,17.4,D,0
21.9143,92.1704,319.6,1.1,1,2010-04-11,0709,Aqua,MODIS,62,6.2,303,7.2,D,0
21.9159,92.304,338.4,1,1,2010-04-11,0709,Aqua,MODIS,87,6.2,300.6,32.5,D,0
21.9053,92.2955,324.6,1,1,2010-04-11,0709,Aqua,MODIS,72,6.2,301.3,13,D,0
21.9068,92.3057,336.7,1,1,2010-04-11,0709,Aqua,MODIS,86,6.2,301,30.2,D,0
21.8733,92.1467,341.4,1.1,1,2010-04-11,0709,Aqua,MODIS,89,6.2,303.7,36.1,D,0
21.8825,92.2069,327.9,1,1,2010-04-11,0709,Aqua,MODIS,64,6.2,303.9,14,D,0
21.884,92.217,331.1,1,1,2010-04-11,0709,Aqua,MODIS,81,6.2,304.5,18.7,D,0
21.8855,92.227,332.2,1,1,2010-04-11,0709,Aqua,MODIS,82,6.2,303.5,21.2,D,0
21.8916,92.2669,323.4,1,1,2010-04-11,0709,Aqua,MODIS,70,6.2,302.7,10.7,D,0
21.8946,92.287,333,1,1,2010-04-11,0709,Aqua,MODIS,82,6.2,302.3,22.2,D,0
21.8962,92.2971,318.8,1,1,2010-04-11,0709,Aqua,MODIS,26,6.2,300.1,6.4,D,0
21.8764,92.2286,323.7,1,1,2010-04-11,0709,Aqua,MODIS,65,6.2,303.2,10.1,D,0
21.8673,92.2303,336.6,1,1,2010-04-11,0709,Aqua,MODIS,86,6.2,304.1,26.5,D,0
21.9519,92.4196,366,1,1,2010-04-11,0709,Aqua,MODIS,100,6.2,304.8,96.3,D,0
21.9624,92.4279,333,1,1,2010-04-11,0709,Aqua,MODIS,82,6.2,301.5,21.6,D,0
21.9609,92.418,360.1,1,1,2010-04-11,0709,Aqua,MODIS,100,6.2,303.6,78.8,D,0
21.9759,92.4561,335.8,1,1,2010-04-11,0709,Aqua,MODIS,85,6.2,301.9,26.4,D,0
21.7304,92.2975,351.9,1,1,2010-04-11,0709,Aqua,MODIS,96,6.2,303,57.3,D,0
21.9869,92.0369,317.6,1.1,1,2010-04-11,0709,Aqua,MODIS,55,6.2,301.8,7.4,D,0
22.6859,92.3932,328.5,1,1,2010-04-11,0709,Aqua,MODIS,74,6.2,299.5,19.3,D,0
22.6873,92.403,316.9,1,1,2010-04-11,0709,Aqua,MODIS,47,6.2,295,6.7,D,0
22.6872,92.4639,335.3,1,1,2010-04-11,0709,Aqua,MODIS,85,6.2,300.2,28.2,D,0
22.6886,92.4736,329.5,1,1,2010-04-11,0709,Aqua,MODIS,80,6.2,300.6,20.1,D,0
21.8407,92.4753,381.3,1,1,2010-04-11,0709,Aqua,MODIS,100,6.2,305.8,150.8,D,0
21.8332,92.4257,329.3,1,1,2010-04-11,0709,Aqua,MODIS,58,6.2,299.9,14.4,D,0
21.2812,92.6195,319.6,1,1,2010-04-11,0709,Aqua,MODIS,61,6.2,303.5,8.7,D,0
21.8006,92.5798,323.1,1,1,2010-04-11,0709,Aqua,MODIS,22,6.2,302.1,11.3,D,0
21.2827,92.6294,331.2,1,1,2010-04-11,0709,Aqua,MODIS,81,6.2,302.4,22.2,D,0
22.572,92.3687,345.3,1,1,2010-04-11,0709,Aqua,MODIS,92,6.2,301.8,43.6,D,0
22.5538,92.4324,324.3,1,1,2010-04-11,0709,Aqua,MODIS,53,6.2,298.3,12.8,D,0
22.5582,92.4621,342,1,1,2010-04-11,0709,Aqua,MODIS,90,6.2,299.4,37.1,D,0
22.5244,92.4237,336.9,1,1,2010-04-11,0709,Aqua,MODIS,86,6.2,299.9,29.4,D,0
22.5259,92.4336,318.9,1,1,2010-04-11,0709,Aqua,MODIS,37,6.2,297.1,6.6,D,0
22.5154,92.4254,331.8,1,1,2010-04-11,0709,Aqua,MODIS,82,6.2,299.8,21.7,D,0
22.5242,92.4847,316.5,1,1,2010-04-11,0709,Aqua,MODIS,42,6.2,294.9,4.7,D,0
22.5123,92.4665,337.1,1,1,2010-04-11,0709,Aqua,MODIS,86,6.2,302.1,29.2,D,0
22.5138,92.4766,383.3,1,1,2010-04-11,0709,Aqua,MODIS,100,6.2,304.9,162.7,D,0
22.5152,92.4863,396.5,1,1,2010-04-11,0709,Aqua,MODIS,100,6.2,304,230.8,D,0
21.6707,92.3238,324.5,1,1,2010-04-11,0709,Aqua,MODIS,71,6.2,305.2,10,D,0
22.0655,92.3725,361.3,1,1,2010-04-11,0709,Aqua,MODIS,100,6.2,303.2,80.8,D,0
22.074,92.3756,354.4,1,1,2010-04-11,0709,Aqua,MODIS,97,6.2,303.1,62.5,D,0
22.071,92.3558,341.2,1,1,2010-04-11,0709,Aqua,MODIS,89,6.2,303,34.2,D,0
22.0951,92.3922,334.3,1,1,2010-04-11,0709,Aqua,MODIS,84,6.2,302.1,24,D,0
22.0936,92.3824,327.5,1,1,2010-04-11,0709,Aqua,MODIS,42,6.2,301.7,13.6,D,0
22.1103,92.3694,319.3,1,1,2010-04-11,0709,Aqua,MODIS,25,6.2,299,6.1,D,0
22.1193,92.3678,334.7,1,1,2010-04-11,0709,Aqua,MODIS,84,6.2,302,25.4,D,0
22.1283,92.3662,358.5,1,1,2010-04-11,0709,Aqua,MODIS,99,6.2,304.1,75,D,0
22.1269,92.3562,344,1,1,2010-04-11,0709,Aqua,MODIS,91,6.2,303,41.1,D,0
22.1448,92.4143,349.3,1,1,2010-04-11,0709,Aqua,MODIS,94,6.2,302,53.5,D,0
22.1433,92.4043,338.7,1,1,2010-04-11,0709,Aqua,MODIS,87,6.2,302.6,32.8,D,0
22.2192,92.4148,323.8,1,1,2010-04-11,0709,Aqua,MODIS,69,6.2,301.7,12,D,0
22.2177,92.4049,367.5,1,1,2010-04-11,0709,Aqua,MODIS,100,6.2,303.3,103,D,0
21.697,92.3238,341.9,1,1,2010-04-11,0709,Aqua,MODIS,90,6.2,303.2,37.1,D,0
21.6955,92.3139,328.6,1,1,2010-04-11,0709,Aqua,MODIS,78,6.2,303.3,16.1,D,0
21.7091,92.3421,368.5,1,1,2010-04-11,0709,Aqua,MODIS,100,6.2,303.7,106.6,D,0
21.7076,92.3322,386.5,1,1,2010-04-11,0709,Aqua,MODIS,100,6.2,307.2,181.1,D,0
21.7061,92.3222,335.7,1,1,2010-04-11,0709,Aqua,MODIS,85,6.2,303.3,26.3,D,0
21.7182,92.3406,328.1,1,1,2010-04-11,0709,Aqua,MODIS,77,6.2,297.8,16.5,D,0
21.7167,92.3306,350.3,1,1,2010-04-11,0709,Aqua,MODIS,95,6.2,299.4,54.6,D,0
21.7152,92.3207,339.3,1,1,2010-04-11,0709,Aqua,MODIS,88,6.2,301.2,32.5,D,0
21.7091,92.2807,344.8,1,1,2010-04-11,0709,Aqua,MODIS,91,6.2,302.2,42.9,D,0
21.7076,92.2707,324.4,1,1,2010-04-11,0709,Aqua,MODIS,70,6.2,302.6,11.2,D,0
21.7167,92.2691,329.6,1,1,2010-04-11,0709,Aqua,MODIS,78,6.2,302.2,17.5,D,0
21.8635,92.3798,331.6,1,1,2010-04-11,0709,Aqua,MODIS,81,6.2,299.7,19.4,D,0
21.8726,92.3781,322.5,1,1,2010-04-11,0709,Aqua,MODIS,54,6.2,300.8,8.7,D,0
21.8856,92.3503,326.5,1,1,2010-04-11,0709,Aqua,MODIS,75,6.2,302.4,15.5,D,0
21.8961,92.3582,319.6,1,1,2010-04-11,0709,Aqua,MODIS,57,6.2,301.5,7.7,D,0
21.8947,92.3485,328.1,1,1,2010-04-11,0709,Aqua,MODIS,77,6.2,302.2,17.7,D,0
21.9731,92.3751,332.8,1,1,2010-04-11,0709,Aqua,MODIS,82,6.2,302.3,24.3,D,0
21.9716,92.3653,339.8,1,1,2010-04-11,0709,Aqua,MODIS,88,6.2,303,35.7,D,0
22.3465,92.4674,340,1,1,2010-04-11,0709,Aqua,MODIS,88,6.2,301.2,32,D,0
22.3555,92.4658,364.7,1,1,2010-04-11,0709,Aqua,MODIS,100,6.2,302.8,90.9,D,0
22.8447,92.0362,325,1,1,2010-04-11,0709,Aqua,MODIS,76,6.2,297.8,15.4,D,0
22.6426,91.9812,318.1,1.1,1,2010-04-11,0709,Aqua,MODIS,60,6.2,299.1,7.9,D,0
22.6334,91.9828,326.6,1.1,1,2010-04-11,0709,Aqua,MODIS,77,6.2,299.7,16.6,D,0
22.635,91.9929,334,1.1,1,2010-04-11,0709,Aqua,MODIS,84,6.2,299.6,25.7,D,0
22.6289,92.0146,321.4,1.1,1,2010-04-11,0709,Aqua,MODIS,70,6.2,299.7,10.5,D,0
22.603,91.9675,314,1.1,1,2010-04-11,0709,Aqua,MODIS,42,6.2,298.1,4.1,D,0
22.2881,92.3867,353.8,1,1,2010-04-11,0709,Aqua,MODIS,97,6.2,302.4,63.1,D,0
22.2912,92.3455,329.8,1,1,2010-04-11,0709,Aqua,MODIS,50,6.2,300.7,17.4,D,0
22.3002,92.3439,336,1,1,2010-04-11,0709,Aqua,MODIS,52,6.2,299.8,24.5,D,0
22.3153,92.3821,366.1,1,1,2010-04-11,0709,Aqua,MODIS,100,6.2,304.2,95.8,D,0
22.3243,92.3805,334.7,1,1,2010-04-11,0709,Aqua,MODIS,39,6.2,300.5,23.2,D,0
22.3183,92.3406,342.2,1,1,2010-04-11,0709,Aqua,MODIS,86,6.2,302.8,35,D,0
22.3169,92.3308,338.4,1,1,2010-04-11,0709,Aqua,MODIS,68,6.2,302.8,27.9,D,0
22.3154,92.3208,358.5,1,1,2010-04-11,0709,Aqua,MODIS,99,6.2,302.8,72,D,0
22.3139,92.3109,359.1,1,1,2010-04-11,0709,Aqua,MODIS,99,6.2,301.7,74.4,D,0
22.3333,92.3788,346.3,1,1,2010-04-11,0709,Aqua,MODIS,92,6.2,300.6,43.9,D,0
22.3318,92.3689,354.3,1,1,2010-04-11,0709,Aqua,MODIS,97,6.2,298.3,60.9,D,0
22.3229,92.3093,337.8,1,1,2010-04-11,0709,Aqua,MODIS,86,6.2,296.4,28.1,D,0
22.3214,92.2993,339.7,1,1,2010-04-11,0709,Aqua,MODIS,88,6.2,302,32.3,D,0
22.3305,92.2977,324.1,1,1,2010-04-11,0709,Aqua,MODIS,48,6.2,301,11.4,D,0
22.3895,92.3825,328.7,1,1,2010-04-11,0709,Aqua,MODIS,78,6.2,300.4,18.4,D,0
22.3791,92.3135,323.3,1,1,2010-04-11,0709,Aqua,MODIS,55,6.2,296,10.6,D,0
22.3541,92.4561,336.3,1,1,2010-04-11,0709,Aqua,MODIS,85,6.2,301.4,27,D,0
22.3482,92.4165,323.7,1,1,2010-04-11,0709,Aqua,MODIS,71,6.2,301.8,11.5,D,0
22.3467,92.4066,326.5,1,1,2010-04-11,0709,Aqua,MODIS,67,6.2,302.7,14.5,D,0
22.3653,92.4678,339.3,1,1,2010-04-11,0709,Aqua,MODIS,88,6.2,298.8,31.1,D,0
22.3638,92.458,326.6,1,1,2010-04-11,0709,Aqua,MODIS,65,6.2,301.1,13.2,D,0
22.3894,92.4435,356.1,1,1,2010-04-11,0709,Aqua,MODIS,98,6.2,303.2,66.1,D,0
22.2144,92.5065,339,1,1,2010-04-11,0709,Aqua,MODIS,77,6.2,301.4,30.2,D,0
22.2115,92.4872,362.5,1,1,2010-04-11,0709,Aqua,MODIS,100,6.2,304.1,84.8,D,0
22.2219,92.4951,389.1,1,1,2010-04-11,0709,Aqua,MODIS,100,6.2,306.7,187.6,D,0
22.2205,92.4855,400.3,1,1,2010-04-11,0709,Aqua,MODIS,100,6.2,308.7,252.3,D,0
22.231,92.4935,344.1,1,1,2010-04-11,0709,Aqua,MODIS,86,6.2,301.3,39.9,D,0
22.2281,92.4744,325.6,1,1,2010-04-11,0709,Aqua,MODIS,16,6.2,300.4,12.4,D,0
22.2266,92.4644,329.3,1,1,2010-04-11,0709,Aqua,MODIS,69,6.2,301.6,18,D,0
22.2371,92.4729,326.8,1,1,2010-04-11,0709,Aqua,MODIS,69,6.2,300.5,15,D,0
22.2356,92.4629,330.2,1,1,2010-04-11,0709,Aqua,MODIS,80,6.2,301.5,19.9,D,0
22.3879,92.4336,337.8,1,1,2010-04-11,0709,Aqua,MODIS,87,6.2,302.4,29.2,D,0
22.391,92.3924,321.3,1,1,2010-04-11,0709,Aqua,MODIS,65,6.2,301.4,9.2,D,0
22.4238,92.488,319.2,1,1,2010-04-11,0709,Aqua,MODIS,48,6.2,298.8,7.3,D,0
22.4253,92.498,335.6,1,1,2010-04-11,0709,Aqua,MODIS,85,6.2,300.1,27.8,D,0
22.3968,92.4929,327.6,1,1,2010-04-11,0709,Aqua,MODIS,77,6.2,300.1,16.5,D,0
22.3983,92.5029,336.8,1,1,2010-04-11,0709,Aqua,MODIS,86,6.2,299.9,29.7,D,0
22.3878,92.4944,342.1,1,1,2010-04-11,0709,Aqua,MODIS,90,6.2,300.8,37.5,D,0
22.9129,92.1202,328.7,1,1,2010-04-11,0709,Aqua,MODIS,80,6.2,298.5,19.2,D,0
22.1979,92.5196,366.7,1,1,2010-04-11,0709,Aqua,MODIS,100,6.2,303.6,97.4,D,0
22.1964,92.5098,356,1,1,2010-04-11,0709,Aqua,MODIS,98,6.2,303.9,66.7,D,0
22.2069,92.518,331.2,1,1,2010-04-11,0709,Aqua,MODIS,60,6.2,300.4,19.3,D,0
22.279,92.449,361.2,1,1,2010-04-11,0709,Aqua,MODIS,100,6.2,303.4,79.8,D,0
22.2775,92.4393,372.6,1,1,2010-04-11,0709,Aqua,MODIS,100,6.2,305.2,117.9,D,0
22.2761,92.4298,348.7,1,1,2010-04-11,0709,Aqua,MODIS,94,6.2,302.6,51,D,0
22.288,92.4474,354.1,1,1,2010-04-11,0709,Aqua,MODIS,97,6.2,302.5,57.3,D,0
22.7663,92.3725,319.1,1,1,2010-04-11,0709,Aqua,MODIS,61,6.2,296.8,9.1,D,0
22.8427,92.3938,322.8,1,1,2010-04-11,0709,Aqua,MODIS,63,6.2,297.1,12.9,D,0
22.2865,92.4376,362.2,1,1,2010-04-11,0709,Aqua,MODIS,100,6.2,303.5,79.7,D,0
22.3893,92.5044,333.7,1,1,2010-04-11,0709,Aqua,MODIS,83,6.2,300,24.4,D,0
22.3908,92.5142,328.7,1,1,2010-04-11,0709,Aqua,MODIS,78,6.2,300.1,18.9,D,0
22.3788,92.4959,342.3,1,1,2010-04-11,0709,Aqua,MODIS,90,6.2,301.4,37.3,D,0
22.3803,92.5059,338,1,1,2010-04-11,0709,Aqua,MODIS,87,6.2,299.5,31.2,D,0
22.3818,92.5158,326.7,1,1,2010-04-11,0709,Aqua,MODIS,76,6.2,299.6,16.6,D,0
22.3683,92.4877,323.2,1,1,2010-04-11,0709,Aqua,MODIS,45,6.2,300.5,9.4,D,0
22.3698,92.4975,348.1,1,1,2010-04-11,0709,Aqua,MODIS,94,6.2,301.1,49.2,D,0
22.3494,92.487,341.2,1,1,2010-04-11,0709,Aqua,MODIS,89,6.2,300.8,32.2,D,0
22.9937,91.9247,322.6,1.1,1,2010-04-11,0709,Aqua,MODIS,73,6.2,298,12.9,D,0
22.2851,92.4281,369.6,1,1,2010-04-11,0709,Aqua,MODIS,100,6.2,304.5,106.4,D,0
22.2836,92.4185,329,1,1,2010-04-11,0709,Aqua,MODIS,70,6.2,299.3,16.2,D,0
22.3,92.4659,340.1,1,1,2010-04-11,0709,Aqua,MODIS,88,6.2,300.6,30.4,D,0
22.3509,92.497,387.9,1,1,2010-04-11,0709,Aqua,MODIS,100,6.2,304.3,181.7,D,0
22.3524,92.507,334.4,1,1,2010-04-11,0709,Aqua,MODIS,75,6.2,300.4,23.4,D,0
22.3387,92.5394,355.2,1,1,2010-04-11,0709,Aqua,MODIS,97,6.2,302.7,65,D,0
22.3283,92.5314,331.8,1,1,2010-04-11,0709,Aqua,MODIS,80,6.2,300.3,20.9,D,0
22.2985,92.4559,366.4,1,1,2010-04-11,0709,Aqua,MODIS,100,6.2,302,93.6,D,0
22.297,92.4458,345.9,1,1,2010-04-11,0709,Aqua,MODIS,92,6.2,299.7,42.3,D,0
22.2941,92.4263,377,1,1,2010-04-11,0709,Aqua,MODIS,100,6.2,303.4,134.2,D,0
22.2926,92.4168,383.5,1,1,2010-04-11,0709,Aqua,MODIS,100,6.2,305.7,162.1,D,0
22.3075,92.4543,359.4,1,1,2010-04-11,0709,Aqua,MODIS,99,6.2,300.5,74.4,D,0
22.306,92.4443,331.6,1,1,2010-04-11,0709,Aqua,MODIS,74,6.2,297.9,17.6,D,0
22.3046,92.4344,337.2,1,1,2010-04-11,0709,Aqua,MODIS,86,6.2,299.4,26.5,D,0
22.3031,92.4246,353.4,1,1,2010-04-11,0709,Aqua,MODIS,96,6.2,301.8,60.3,D,0
22.3297,92.541,352.4,1,1,2010-04-11,0709,Aqua,MODIS,96,6.2,299.7,58.9,D,0
22.3193,92.533,375.2,1,1,2010-04-11,0709,Aqua,MODIS,100,6.2,303.5,128.5,D,0
22.3207,92.5426,351.9,1,1,2010-04-11,0709,Aqua,MODIS,96,6.2,301.3,58.2,D,0
22.3044,92.495,334.7,1,1,2010-04-11,0709,Aqua,MODIS,84,6.2,302.8,24.1,D,0
22.3059,92.5049,327.9,1,1,2010-04-11,0709,Aqua,MODIS,76,6.2,301.8,16.3,D,0
22.3074,92.5149,320.6,1,1,2010-04-11,0709,Aqua,MODIS,22,6.2,300.1,8.3,D,0
22.2954,92.4966,343.9,1,1,2010-04-11,0709,Aqua,MODIS,91,6.2,302.7,39.5,D,0
22.2849,92.4884,330.6,1,1,2010-04-11,0709,Aqua,MODIS,58,6.2,302.6,17.9,D,0
22.2879,92.5081,364.4,1,1,2010-04-11,0709,Aqua,MODIS,100,6.2,304,91,D,0
22.2894,92.5181,333.9,1,1,2010-04-11,0709,Aqua,MODIS,80,6.2,300.4,24.2,D,0
22.2788,92.5097,359,1,1,2010-04-11,0709,Aqua,MODIS,99,6.2,304,75.3,D,0
22.2803,92.5197,339.7,1,1,2010-04-11,0709,Aqua,MODIS,88,6.2,300.7,33.9,D,0
21.7843,92.5322,317.7,1,1,2010-04-11,0709,Aqua,MODIS,33,6.2,302.3,6.4,D,0
21.7828,92.5224,322.8,1,1,2010-04-11,0709,Aqua,MODIS,67,6.2,302,10.7,D,0
21.7933,92.5307,357.1,1,1,2010-04-11,0709,Aqua,MODIS,98,6.2,302.9,71.8,D,0
21.7919,92.5209,332.1,1,1,2010-04-11,0709,Aqua,MODIS,81,6.2,303.1,21.7,D,0
21.8511,92.5446,324.1,1,1,2010-04-11,0709,Aqua,MODIS,70,6.2,301.9,13.4,D,0
21.8497,92.5352,374.5,1,1,2010-04-11,0709,Aqua,MODIS,100,6.2,304.1,128.5,D,0
22.3136,92.4328,340,1,1,2010-04-11,0709,Aqua,MODIS,88,6.2,299.7,33,D,0
21.6733,92.5268,317,1,1,2010-04-11,0709,Aqua,MODIS,36,6.2,302.2,5.1,D,0
21.9981,92.5435,328.6,1,1,2010-04-11,0709,Aqua,MODIS,77,6.2,300.8,18.9,D,0
21.9923,92.5042,350.5,1,1,2010-04-11,0709,Aqua,MODIS,95,6.2,302.7,57.3,D,0
21.9864,92.4644,328.1,1,1,2010-04-11,0709,Aqua,MODIS,71,6.2,299.5,16.3,D,0
21.9849,92.4545,363.3,1,1,2010-04-11,0709,Aqua,MODIS,100,6.2,304.9,87.9,D,0
22.0021,92.5061,321.1,1,1,2010-04-11,0709,Aqua,MODIS,65,6.2,300.6,12.1,D,0
21.9945,92.4564,350.1,1,1,2010-04-11,0709,Aqua,MODIS,95,6.2,303.1,53.2,D,0
22.0036,92.4548,369.7,1,1,2010-04-11,0709,Aqua,MODIS,100,6.2,302.9,108.8,D,0
22.0021,92.4448,333.4,1,1,2010-04-11,0709,Aqua,MODIS,64,6.2,303,21.5,D,0
22.0111,92.4433,331.2,1,1,2010-04-11,0709,Aqua,MODIS,79,6.2,302.6,19.2,D,0
21.6903,92.3921,317.4,1,1,2010-04-11,0709,Aqua,MODIS,52,6.2,300.4,5.9,D,0
21.7347,92.5108,358.5,1,1,2010-04-11,0709,Aqua,MODIS,99,6.2,303.3,75,D,0
21.7332,92.5009,387.7,1,1,2010-04-11,0709,Aqua,MODIS,100,6.2,308.1,185.1,D,0
21.7317,92.491,326.5,1,1,2010-04-11,0709,Aqua,MODIS,61,6.2,303.3,14.1,D,0
21.7438,92.5093,343.1,1,1,2010-04-11,0709,Aqua,MODIS,90,6.2,300.7,39.4,D,0
21.7422,92.4993,371.5,1,1,2010-04-11,0709,Aqua,MODIS,100,6.2,306.1,115.8,D,0
21.7407,92.4894,323,1,1,2010-04-11,0709,Aqua,MODIS,48,6.2,303.6,9.7,D,0
21.6253,92.2707,326.7,1,1,2010-04-11,0709,Aqua,MODIS,75,6.2,305.3,13.7,D,0
21.545,92.2914,324.7,1,1,2010-04-11,0709,Aqua,MODIS,73,6.2,304.4,11.7,D,0
21.5465,92.3013,332.4,1,1,2010-04-11,0709,Aqua,MODIS,82,6.2,304.8,21.8,D,0
21.5373,92.3028,331.1,1,1,2010-04-11,0709,Aqua,MODIS,81,6.2,304.6,19.4,D,0
22.8806,91.7836,318,1.1,1,2010-04-11,0709,Aqua,MODIS,49,6.2,299,7.9,D,0
22.3121,92.423,369.1,1,1,2010-04-11,0709,Aqua,MODIS,100,6.2,302.2,105.7,D,0
22.3077,92.3937,330,1,1,2010-04-11,0709,Aqua,MODIS,75,6.2,301,17.2,D,0
22.2732,92.1645,320.3,1,1,2010-04-11,0709,Aqua,MODIS,66,6.2,303.1,7,D,0
22.299,92.1496,316.3,1,1,2010-04-11,0709,Aqua,MODIS,46,6.2,298.6,5.4,D,0
22.3167,92.3921,347.4,1,1,2010-04-11,0709,Aqua,MODIS,93,6.2,302.4,47,D,0
21.4625,92.2906,316.2,1.1,1,2010-04-11,0709,Aqua,MODIS,48,6.2,302,5.1,D,0
23.0598,92.3027,327.5,1,1,2010-04-11,0709,Aqua,MODIS,46,6.2,293.5,14.1,D,0
23.0418,92.306,340.6,1,1,2010-04-11,0709,Aqua,MODIS,80,6.2,300.3,34,D,0
22.311,92.2297,324.3,1,1,2010-04-11,0709,Aqua,MODIS,73,6.2,298.8,12.4,D,0
22.3095,92.2197,318,1,1,2010-04-11,0709,Aqua,MODIS,51,6.2,299.8,5.8,D,0
22.3474,92.2883,319.6,1,1,2010-04-11,0709,Aqua,MODIS,27,6.2,301.3,7.2,D,0
22.3988,92.2588,380.5,1,1,2010-04-11,0709,Aqua,MODIS,100,6.2,304.2,152.2,D,0
22.3973,92.2488,353.5,1,1,2010-04-11,0709,Aqua,MODIS,96,6.2,302.3,63,D,0
22.3958,92.2388,322.8,1,1,2010-04-11,0709,Aqua,MODIS,21,6.2,299.1,10.6,D,0
22.4079,92.2572,349.4,1,1,2010-04-11,0709,Aqua,MODIS,94,6.2,299.8,53,D,0
22.4169,92.2556,332.5,1,1,2010-04-11,0709,Aqua,MODIS,80,6.2,299.1,22.9,D,0
22.4299,92.2269,327.6,1,1,2010-04-11,0709,Aqua,MODIS,78,6.2,301.3,17,D,0
21.4458,92.4268,320,1,1,2010-04-11,0709,Aqua,MODIS,64,6.2,303.2,9.4,D,0
23.2092,92.2536,357.2,1,1,2010-04-11,0710,Aqua,MODIS,98,6.2,297.8,70.8,D,0
23.249,92.2095,351.7,1,1,2010-04-11,0710,Aqua,MODIS,96,6.2,301.5,57.9,D,0
23.2596,92.2179,332.7,1,1,2010-04-11,0710,Aqua,MODIS,84,6.2,299.8,23.8,D,0
23.6889,92.1267,324.6,1,1,2010-04-11,0710,Aqua,MODIS,75,6.2,296.9,16.2,D,0
23.6845,92.0971,313.9,1,1,2010-04-11,0710,Aqua,MODIS,37,6.2,295.4,5.2,D,0
23.1596,92.0479,318.8,1,1,2010-04-11,0710,Aqua,MODIS,41,6.2,299.1,8.2,D,0
23.3751,92.1301,322.8,1,1,2010-04-11,0710,Aqua,MODIS,43,6.2,299.8,11.4,D,0
23.3691,92.1517,323.8,1,1,2010-04-11,0710,Aqua,MODIS,55,6.2,299.1,12.2,D,0
23.3258,92.1651,325.5,1,1,2010-04-11,0710,Aqua,MODIS,77,6.2,301,13.9,D,0
23.3273,92.1751,324.7,1,1,2010-04-11,0710,Aqua,MODIS,75,6.2,300.5,13.4,D,0
23.3153,92.1568,321.7,1,1,2010-04-11,0710,Aqua,MODIS,71,6.2,301.1,9.7,D,0
23.3556,92.1235,329.2,1,1,2010-04-11,0710,Aqua,MODIS,64,6.2,299.7,18.7,D,0
23.3465,92.1251,318.9,1,1,2010-04-11,0710,Aqua,MODIS,35,6.2,300.3,8.2,D,0
23.5229,92.071,322.6,1,1,2010-04-11,0710,Aqua,MODIS,72,6.2,299.6,14.2,D,0
23.2392,92.2685,361.7,1,1,2010-04-11,0710,Aqua,MODIS,100,6.2,295.2,81.5,D,0
23.2406,92.2784,377.3,1,1,2010-04-11,0710,Aqua,MODIS,100,6.2,299.1,134.4,D,0
23.348,92.135,342.8,1,1,2010-04-11,0710,Aqua,MODIS,91,6.2,301.7,39.7,D,0
23.3495,92.1449,332.9,1,1,2010-04-11,0710,Aqua,MODIS,84,6.2,301.5,22.3,D,0
23.4299,92.1852,324.6,1,1,2010-04-11,0710,Aqua,MODIS,75,6.2,298.8,14.9,D,0
23.1701,92.2402,341.3,1,1,2010-04-11,0710,Aqua,MODIS,90,6.2,298.7,37.3,D,0
23.2505,92.2195,365.8,1,1,2010-04-11,0710,Aqua,MODIS,100,6.2,301.4,96.7,D,0
23.0832,92.1492,324.5,1,1,2010-04-11,0710,Aqua,MODIS,73,6.2,298,14.8,D,0
23.3464,92.3039,330.3,1,1,2010-04-11,0710,Aqua,MODIS,77,6.2,298.1,20.5,D,0
23.3418,91.8477,315.9,1,1,2010-04-11,0710,Aqua,MODIS,36,6.2,297.3,7.8,D,0
23.2421,92.2883,342.9,1,1,2010-04-11,0710,Aqua,MODIS,86,6.2,293.6,38.2,D,0
23.2331,92.2899,333.2,1,1,2010-04-11,0710,Aqua,MODIS,55,6.2,299,23.3,D,0
23.2107,92.2634,364.9,1,1,2010-04-11,0710,Aqua,MODIS,100,6.2,301.6,92.5,D,0
23.4389,91.9993,321.2,1,1,2010-04-11,0710,Aqua,MODIS,71,6.2,297.9,12.1,D,0
23.3853,92.3216,419.1,1,1,2010-04-11,0710,Aqua,MODIS,100,6.2,303.7,388.3,D,0
23.339,92.1366,366.9,1,1,2010-04-11,0710,Aqua,MODIS,100,6.2,301.9,100.7,D,0
23.2747,92.1335,317.3,1,1,2010-04-11,0710,Aqua,MODIS,34,6.2,296.6,6.3,D,0
23.2019,92.0198,335,1,1,2010-04-11,0710,Aqua,MODIS,86,6.2,297.8,28.1,D,0
23.0966,92.2997,335.2,1,1,2010-04-11,0710,Aqua,MODIS,81,6.2,293.9,24.3,D,0
23.1581,92.0379,318.5,1,1,2010-04-11,0710,Aqua,MODIS,59,6.2,298.4,7.6,D,0
23.3554,92.3068,352.5,1,1,2010-04-11,0710,Aqua,MODIS,91,6.2,301.3,58.1,D,0
22.8914,89.5987,320.9,1.3,1.2,2010-04-11,0710,Aqua,MODIS,26,6.2,304.9,10.2,D,0
23.152,91.9977,315.5,1,1,2010-04-11,0710,Aqua,MODIS,37,6.2,297.4,5.2,D,0
23.1929,92.0213,339.2,1,1,2010-04-11,0710,Aqua,MODIS,89,6.2,296.8,34.8,D,0
23.5835,91.9816,327.3,1,1,2010-04-11,0710,Aqua,MODIS,78,6.2,299.5,18.4,D,0
23.0422,91.9406,324.4,1,1,2010-04-11,0710,Aqua,MODIS,42,6.2,294.7,13.6,D,0
23.0406,91.9304,327.9,1,1,2010-04-11,0710,Aqua,MODIS,75,6.2,294.9,17.7,D,0
23.1671,92.2814,356,1,1,2010-04-11,0710,Aqua,MODIS,98,6.2,297.2,67.4,D,0
23.1582,92.2786,406,1,1,2010-04-11,0710,Aqua,MODIS,100,6.2,303.9,288.4,D,0
23.3405,92.1466,333.6,1,1,2010-04-11,0710,Aqua,MODIS,84,6.2,301.4,24.7,D,0
23.2641,92.1252,325,1,1,2010-04-11,0710,Aqua,MODIS,72,6.2,299.6,13.7,D,0
23.3345,92.1681,328,1,1,2010-04-11,0710,Aqua,MODIS,78,6.2,300.1,18.9,D,0
23.1597,92.2885,393.3,1,1,2010-04-11,0710,Aqua,MODIS,100,6.2,300.2,210.3,D,0
23.1507,92.2902,384.1,1,1,2010-04-11,0710,Aqua,MODIS,100,6.2,303.1,164.9,D,0
23.1521,92.3,345.6,1,1,2010-04-11,0710,Aqua,MODIS,92,6.2,295.8,43,D,0
23.4374,91.9893,319.6,1,1,2010-04-11,0710,Aqua,MODIS,68,6.2,296.1,10.1,D,0
23.5851,91.9917,338.9,1,1,2010-04-11,0710,Aqua,MODIS,88,6.2,299.6,35.6,D,0
23.2656,92.1351,328.2,1,1,2010-04-11,0710,Aqua,MODIS,77,6.2,298.8,17.8,D,0
23.3838,92.3118,347.5,1,1,2010-04-11,0710,Aqua,MODIS,94,6.2,298.8,46.4,D,0
21.2793,92.6247,313,2.1,1.4,2010-04-11,1632,Terra,MODIS,85,6.2,294.1,31.5,N,0
23.007,92.1143,321.8,1.1,1,2010-04-12,0442,Terra,MODIS,73,6.2,298.3,12.8,D,0
23.0087,92.1037,317.7,1.1,1,2010-04-12,0442,Terra,MODIS,66,6.2,298.3,8.2,D,0
21.7856,92.5372,316.6,1.1,1.1,2010-04-12,0442,Terra,MODIS,47,6.2,301.1,8.8,D,0
22.3533,92.0374,315.1,1.1,1,2010-04-12,0442,Terra,MODIS,58,6.2,299.4,7.2,D,0
21.8139,92.5776,320.5,3.6,1.8,2010-04-12,0752,Aqua,MODIS,27,6.2,297.6,63.7,D,0
21.8226,92.5802,331.7,3.6,1.8,2010-04-12,0752,Aqua,MODIS,74,6.2,297.9,142.2,D,0
23.1723,92.2862,330.5,3.6,1.8,2010-04-12,0752,Aqua,MODIS,81,6.2,297.2,127.4,D,0
23.1751,92.3207,341.4,3.6,1.8,2010-04-12,0752,Aqua,MODIS,90,6.2,296.6,235.9,D,0
23.1591,92.3222,351.7,3.6,1.8,2010-04-12,0752,Aqua,MODIS,96,6.2,297.2,360.9,D,0
23.1623,92.2941,332.6,3.6,1.8,2010-04-12,0752,Aqua,MODIS,59,6.2,297.1,125.8,D,0
23.1494,92.3307,324.6,3.6,1.8,2010-04-12,0752,Aqua,MODIS,52,6.2,295,78.5,D,0
21.8294,92.4779,360.4,3.6,1.8,2010-04-12,0752,Aqua,MODIS,100,6.2,299.7,478.3,D,0
21.8105,92.4473,320.8,3.6,1.8,2010-04-12,0752,Aqua,MODIS,34,6.2,298.6,51.6,D,0
22.5749,92.4927,328.8,3.7,1.8,2010-04-12,0752,Aqua,MODIS,80,6.2,297.5,125.3,D,0
21.9215,92.3901,330.5,3.5,1.8,2010-04-12,0752,Aqua,MODIS,73,6.2,298.5,107.4,D,0
23.2884,92.2974,325,3.6,1.8,2010-04-12,0752,Aqua,MODIS,40,6.2,295.6,93.3,D,0
23.2947,92.3044,330.1,3.6,1.8,2010-04-12,0752,Aqua,MODIS,50,6.2,295.4,127.5,D,0
23.2655,92.3424,337,3.6,1.8,2010-04-12,0752,Aqua,MODIS,87,6.2,293.2,191.5,D,0
23.2467,92.3093,330.6,3.6,1.8,2010-04-12,0752,Aqua,MODIS,72,6.2,296,132.5,D,0
23.2553,92.3134,336.2,3.6,1.8,2010-04-12,0752,Aqua,MODIS,85,6.2,296.2,178,D,0
22.5842,92.4834,323.2,3.7,1.8,2010-04-12,0752,Aqua,MODIS,73,6.2,297.5,82.2,D,0
21.951,92.4494,323.4,3.6,1.8,2010-04-12,0752,Aqua,MODIS,42,6.2,296.7,67.8,D,0
21.8428,92.5364,324.1,3.6,1.8,2010-04-12,0752,Aqua,MODIS,46,6.2,296.2,84.8,D,0
22.8454,91.9356,314.7,3.4,1.7,2010-04-12,0752,Aqua,MODIS,48,6.2,296.5,32.1,D,0
21.8186,92.442,325.7,3.6,1.8,2010-04-12,0752,Aqua,MODIS,72,6.2,298.2,80.8,D,0
21.8401,92.5056,333.6,3.6,1.8,2010-04-12,0752,Aqua,MODIS,82,6.2,294.6,149.5,D,0
21.9431,92.4549,324,3.6,1.8,2010-04-12,0752,Aqua,MODIS,35,6.2,297.2,68.8,D,0
21.8885,92.3285,339.2,3.5,1.8,2010-04-12,0752,Aqua,MODIS,89,6.2,296.8,192.8,D,0
21.8858,92.2985,328.2,3.5,1.8,2010-04-12,0752,Aqua,MODIS,81,6.2,297.6,96.2,D,0
21.9043,92.3266,335.6,3.5,1.8,2010-04-12,0752,Aqua,MODIS,87,6.2,296,147.3,D,0
21.9015,92.2962,333.1,3.5,1.8,2010-04-12,0752,Aqua,MODIS,80,6.2,297.6,126.8,D,0
21.8994,92.3191,357.2,3.5,1.8,2010-04-12,0752,Aqua,MODIS,98,6.2,296.8,408,D,0
21.9126,92.2877,322.3,3.5,1.8,2010-04-12,0752,Aqua,MODIS,29,6.2,295.3,49.6,D,0
21.9373,92.2806,328.4,3.5,1.8,2010-04-12,0752,Aqua,MODIS,30,6.2,297.1,90.1,D,0
22.0446,92.2378,330,3.4,1.7,2010-04-12,0752,Aqua,MODIS,47,6.2,299.1,102.5,D,0
22.0604,92.2362,331,3.4,1.7,2010-04-12,0752,Aqua,MODIS,54,6.2,299.5,109.6,D,0
22.0402,92.2301,334.5,3.4,1.7,2010-04-12,0752,Aqua,MODIS,72,6.2,299.2,138.1,D,0
22.0205,92.5102,335.6,3.6,1.8,2010-04-12,0752,Aqua,MODIS,85,6.2,296.8,176.6,D,0
22.0176,92.4758,328.2,3.6,1.8,2010-04-12,0752,Aqua,MODIS,78,6.2,296.9,111.2,D,0
22.0364,92.5068,324.5,3.6,1.8,2010-04-12,0752,Aqua,MODIS,69,6.2,296.7,89.7,D,0
22.1406,92.288,325.8,3.5,1.8,2010-04-12,0752,Aqua,MODIS,76,6.2,298.7,83.6,D,0
22.0941,92.4918,324.6,3.6,1.8,2010-04-12,0752,Aqua,MODIS,68,6.2,296.5,90.1,D,0
22.1691,92.2518,328.4,3.5,1.8,2010-04-12,0752,Aqua,MODIS,79,6.2,298.6,96.3,D,0
22.1335,92.2843,322.1,3.5,1.8,2010-04-12,0752,Aqua,MODIS,67,6.2,298.6,59.7,D,0
22.1837,92.3132,335.3,3.5,1.8,2010-04-12,0752,Aqua,MODIS,86,6.2,298.6,160.4,D,0
21.8373,92.4728,338.8,3.6,1.8,2010-04-12,0752,Aqua,MODIS,89,6.2,298.4,195.7,D,0
21.8345,92.4403,318.9,3.6,1.8,2010-04-12,0752,Aqua,MODIS,38,6.2,297.5,40.7,D,0
21.8504,92.4386,336.4,3.6,1.8,2010-04-12,0752,Aqua,MODIS,88,6.2,298.6,175.6,D,0
22.2951,92.3619,331,3.6,1.8,2010-04-12,0752,Aqua,MODIS,82,6.2,298,130.8,D,0
22.2922,92.3282,326.2,3.5,1.8,2010-04-12,0752,Aqua,MODIS,77,6.2,298.4,92.4,D,0
22.3032,92.3564,327.3,3.6,1.8,2010-04-12,0752,Aqua,MODIS,78,6.2,297.8,100.8,D,0
22.3004,92.3225,320.8,3.5,1.8,2010-04-12,0752,Aqua,MODIS,69,6.2,296.8,57,D,0
22.3903,92.3056,325.6,3.5,1.8,2010-04-12,0752,Aqua,MODIS,70,6.2,295.9,88.5,D,0
21.3475,92.1843,326.3,3.4,1.7,2010-04-12,0752,Aqua,MODIS,79,6.2,300.4,84.8,D,0
21.695,92.5351,333.6,3.6,1.8,2010-04-12,0752,Aqua,MODIS,61,6.2,298.7,137.1,D,0
21.698,92.5686,326.2,3.6,1.8,2010-04-12,0752,Aqua,MODIS,26,6.2,298.1,93.5,D,0
21.3509,92.1922,322.1,3.4,1.7,2010-04-12,0752,Aqua,MODIS,72,6.2,300.1,56.5,D,0
21.3478,92.1604,326.3,3.3,1.7,2010-04-12,0752,Aqua,MODIS,79,6.2,300.5,80.7,D,0
21.3447,92.1531,321.7,3.3,1.7,2010-04-12,0752,Aqua,MODIS,74,6.2,300.5,54.6,D,0
21.6339,92.5751,321.2,3.6,1.8,2010-04-12,0752,Aqua,MODIS,60,6.2,297.3,71.1,D,0
21.6425,92.5782,320.8,3.6,1.8,2010-04-12,0752,Aqua,MODIS,53,6.2,297.3,68.7,D,0
21.6265,92.5802,320.4,3.6,1.8,2010-04-12,0752,Aqua,MODIS,23,6.2,297,62.4,D,0
21.5336,92.5627,320.7,3.6,1.8,2010-04-12,0752,Aqua,MODIS,34,6.2,297,59,D,0
21.4479,92.5018,330.1,3.6,1.8,2010-04-12,0752,Aqua,MODIS,25,6.2,296.6,110.5,D,0
21.4696,92.5686,318.8,3.6,1.8,2010-04-12,0752,Aqua,MODIS,53,6.2,295.9,51.7,D,0
21.725,92.3853,335.1,3.5,1.8,2010-04-12,0752,Aqua,MODIS,87,6.2,299.4,152.3,D,0
22.0653,92.4694,335.9,3.6,1.8,2010-04-12,0752,Aqua,MODIS,85,6.2,296.8,180.1,D,0
22.0627,92.439,319.8,3.6,1.8,2010-04-12,0752,Aqua,MODIS,42,6.2,297,56.9,D,0
22.1005,92.5009,328.1,3.6,1.8,2010-04-12,0752,Aqua,MODIS,65,6.2,296.6,111.7,D,0
21.4654,92.438,331.9,3.5,1.8,2010-04-12,0752,Aqua,MODIS,42,6.2,298.5,120.9,D,0
22.0097,92.4794,331.6,3.6,1.8,2010-04-12,0752,Aqua,MODIS,84,6.2,296.9,135.5,D,0
21.7109,92.5325,343.5,3.6,1.8,2010-04-12,0752,Aqua,MODIS,92,6.2,299.1,241.3,D,0
21.4462,92.4033,326.4,3.5,1.8,2010-04-12,0752,Aqua,MODIS,39,6.2,299.4,86,D,0
21.6724,92.4617,323.3,3.6,1.8,2010-04-12,0752,Aqua,MODIS,46,6.2,298,64.3,D,0
22.0974,92.4671,345.9,3.6,1.8,2010-04-12,0752,Aqua,MODIS,92,6.2,297.4,288.7,D,0
22.0594,92.4619,335.9,3.6,1.8,2010-04-12,0752,Aqua,MODIS,86,6.2,297.2,178.8,D,0
22.1375,92.2541,320.8,3.5,1.8,2010-04-12,0752,Aqua,MODIS,58,6.2,299.1,48.4,D,0
21.4549,92.3978,333.9,3.5,1.8,2010-04-12,0752,Aqua,MODIS,85,6.2,299.6,143.2,D,0
21.458,92.4334,340.9,3.5,1.8,2010-04-12,0752,Aqua,MODIS,90,6.2,299.2,210.1,D,0
22.1808,92.2797,336,3.5,1.8,2010-04-12,0752,Aqua,MODIS,86,6.2,298,162.3,D,0
22.0914,92.4597,325.2,3.6,1.8,2010-04-12,0752,Aqua,MODIS,75,6.2,296.9,93.7,D,0
22.1102,92.4915,333.7,3.6,1.8,2010-04-12,0752,Aqua,MODIS,69,6.2,295.9,155.9,D,0
21.5084,92.4615,333.9,3.5,1.8,2010-04-12,0752,Aqua,MODIS,78,6.2,298.3,139.1,D,0
21.7139,92.5665,321.9,3.6,1.8,2010-04-12,0752,Aqua,MODIS,17,6.2,296.8,64,D,0
22.178,92.2462,328,3.5,1.8,2010-04-12,0752,Aqua,MODIS,79,6.2,298.7,93.6,D,0
21.5113,92.4939,339.2,3.6,1.8,2010-04-12,0752,Aqua,MODIS,88,6.2,297.3,191.9,D,0
21.9139,92.4898,320.9,3.6,1.8,2010-04-12,0752,Aqua,MODIS,48,6.2,298,57.1,D,0
21.8214,92.4746,359,3.6,1.8,2010-04-12,0752,Aqua,MODIS,99,6.2,300.2,458.1,D,0
22.336,92.4616,318.7,3.6,1.8,2010-04-12,0752,Aqua,MODIS,60,6.2,296.6,50.1,D,0
22.8393,92.4138,318.1,3.6,1.8,2010-04-12,0752,Aqua,MODIS,64,6.2,297.1,50.6,D,0
22.8465,92.4082,316.6,3.6,1.8,2010-04-12,0752,Aqua,MODIS,49,6.2,297.4,39.8,D,0
21.5879,92.4083,329.7,3.5,1.8,2010-04-12,0752,Aqua,MODIS,81,6.2,299.3,110.7,D,0
21.5852,92.3749,323.7,3.5,1.8,2010-04-12,0752,Aqua,MODIS,60,6.2,299,62,D,0
21.6082,92.3777,326.9,3.5,1.8,2010-04-12,0752,Aqua,MODIS,80,6.2,299,87.9,D,0
21.5924,92.3792,331.2,3.5,1.8,2010-04-12,0752,Aqua,MODIS,83,6.2,299.3,114.2,D,0
21.5499,92.3914,340.3,3.5,1.8,2010-04-12,0752,Aqua,MODIS,71,6.2,300,180.7,D,0
21.8443,92.2291,323.8,3.4,1.7,2010-04-12,0752,Aqua,MODIS,72,6.2,298.6,66,D,0
21.601,92.3735,330.4,3.5,1.8,2010-04-12,0752,Aqua,MODIS,83,6.2,299.4,113.3,D,0
21.6513,92.4024,321.1,3.5,1.8,2010-04-12,0752,Aqua,MODIS,47,6.2,299.1,49.9,D,0
22.3274,92.4581,318.3,3.6,1.8,2010-04-12,0752,Aqua,MODIS,59,6.2,297,48.5,D,0
21.8485,92.2365,318.7,3.4,1.7,2010-04-12,0752,Aqua,MODIS,58,6.2,298.8,34.9,D,0
21.8071,92.307,325.6,3.5,1.8,2010-04-12,0752,Aqua,MODIS,44,6.2,297.5,75,D,0
21.8109,92.2784,324.7,3.4,1.7,2010-04-12,0752,Aqua,MODIS,78,6.2,298.4,71.8,D,0
21.814,92.3111,326.6,3.5,1.8,2010-04-12,0752,Aqua,MODIS,79,6.2,297.5,87.1,D,0
21.7952,92.2801,330.1,3.4,1.7,2010-04-12,0752,Aqua,MODIS,27,6.2,298.9,99.3,D,0
21.7608,92.2503,321.6,3.4,1.7,2010-04-12,0752,Aqua,MODIS,74,6.2,299.2,54.7,D,0
21.6052,92.3448,320.2,3.5,1.8,2010-04-12,0752,Aqua,MODIS,71,6.2,300,43.1,D,0
22.3247,92.4239,316.5,3.6,1.8,2010-04-12,0752,Aqua,MODIS,54,6.2,295.6,34.4,D,0
21.4621,92.4025,336.5,3.5,1.8,2010-04-12,0752,Aqua,MODIS,88,6.2,299.5,171.1,D,0
21.7144,92.3941,323.9,3.5,1.8,2010-04-12,0752,Aqua,MODIS,32,6.2,298.8,67.1,D,0
21.8194,92.5446,338.4,3.6,1.8,2010-04-12,0752,Aqua,MODIS,87,6.2,298.6,200.1,D,0
21.8353,92.5422,348.9,3.6,1.8,2010-04-12,0752,Aqua,MODIS,95,6.2,297.8,328.6,D,0
21.8268,92.538,349.7,3.6,1.8,2010-04-12,0752,Aqua,MODIS,95,6.2,299,335.4,D,0
22.4076,92.4507,316.6,3.6,1.8,2010-04-12,0752,Aqua,MODIS,59,6.2,296.1,45.5,D,0
22.3955,92.3122,330.2,3.5,1.8,2010-04-12,0752,Aqua,MODIS,81,6.2,295.1,124.9,D,0
21.9199,92.4961,325.2,3.6,1.8,2010-04-12,0752,Aqua,MODIS,75,6.2,298.3,85.3,D,0
21.5954,92.4124,334.1,3.5,1.8,2010-04-12,0752,Aqua,MODIS,86,6.2,299.3,144.4,D,0
22.1338,92.4854,326.2,3.6,1.8,2010-04-12,0752,Aqua,MODIS,77,6.2,296.2,110.3,D,0
21.7638,92.2829,320.7,3.4,1.7,2010-04-12,0752,Aqua,MODIS,59,6.2,299.1,48.1,D,0
21.7667,92.3158,326.9,3.5,1.8,2010-04-12,0752,Aqua,MODIS,73,6.2,298.7,86,D,0
21.9884,92.248,337.6,3.4,1.7,2010-04-12,0752,Aqua,MODIS,83,6.2,299,169.7,D,0
21.9975,92.2426,338.2,3.4,1.7,2010-04-12,0752,Aqua,MODIS,87,6.2,299.4,174.3,D,0
22.0631,92.2668,324.6,3.5,1.8,2010-04-12,0752,Aqua,MODIS,25,6.2,298.3,65.7,D,0
22.0644,92.3295,322.5,3.5,1.8,2010-04-12,0752,Aqua,MODIS,29,6.2,296.1,63.1,D,0
22.0585,92.259,324.7,3.5,1.8,2010-04-12,0752,Aqua,MODIS,30,6.2,298.7,68.7,D,0
22.1367,92.5224,322,3.6,1.8,2010-04-12,0752,Aqua,MODIS,71,6.2,295.4,80.4,D,0
22.1423,92.4889,321,3.6,1.8,2010-04-12,0752,Aqua,MODIS,68,6.2,296.3,74.2,D,0
22.1455,92.5255,315.3,3.6,1.8,2010-04-12,0752,Aqua,MODIS,28,6.2,295.8,39.1,D,0
22.096,92.325,326.3,3.5,1.8,2010-04-12,0752,Aqua,MODIS,33,6.2,297.1,85.4,D,0
21.8265,92.4458,331.6,3.6,1.8,2010-04-12,0752,Aqua,MODIS,78,6.2,297.8,124.2,D,0
22.4014,92.4444,319.7,3.6,1.8,2010-04-12,0752,Aqua,MODIS,45,6.2,295.7,57,D,0
22.4538,92.2994,323.9,3.5,1.8,2010-04-12,0752,Aqua,MODIS,74,6.2,295,79.7,D,0
21.8299,92.5756,337.2,3.6,1.8,2010-04-12,0752,Aqua,MODIS,88,6.2,297.4,196,D,0
21.7697,92.3485,323.1,3.5,1.8,2010-04-12,0752,Aqua,MODIS,40,6.2,298.9,60.1,D,0
23.553,92.2518,320.2,3.6,1.8,2010-04-12,0753,Aqua,MODIS,46,6.2,295.2,68.1,D,0
23.3686,92.2567,331,1.4,1.2,2010-04-13,0657,Aqua,MODIS,83,6.2,300.9,34.2,D,0
23.4379,92.2843,353.6,1.4,1.2,2010-04-13,0657,Aqua,MODIS,97,6.2,299.8,97.5,D,0
23.4358,92.2719,380.9,1.4,1.2,2010-04-13,0657,Aqua,MODIS,100,6.2,303.4,241.8,D,0
23.3653,92.2779,320,1.4,1.2,2010-04-13,0657,Aqua,MODIS,57,6.2,300.5,14.5,D,0
23.3284,92.3133,336.7,1.4,1.2,2010-04-13,0657,Aqua,MODIS,87,6.2,299.8,48.4,D,0
23.4615,92.2608,316.1,1.4,1.2,2010-04-13,0657,Aqua,MODIS,47,6.2,297.4,10.5,D,0
23.4637,92.2739,316.3,1.4,1.2,2010-04-13,0657,Aqua,MODIS,53,6.2,296.8,10.6,D,0
23.4565,92.2673,322.2,1.4,1.2,2010-04-13,0657,Aqua,MODIS,62,6.2,297.3,18.6,D,0
23.4461,92.2695,331.8,1.4,1.2,2010-04-13,0657,Aqua,MODIS,83,6.2,298.7,35.8,D,0
23.4483,92.2822,332.2,1.4,1.2,2010-04-13,0657,Aqua,MODIS,75,6.2,298.4,35.5,D,0
23.1971,92.148,316.1,1.4,1.2,2010-04-13,0657,Aqua,MODIS,53,6.2,297.9,11.3,D,0
22.4615,92.3027,318.7,1.4,1.2,2010-04-13,0657,Aqua,MODIS,67,6.2,294.2,16.8,D,0
22.4639,92.316,316.7,1.4,1.2,2010-04-13,0657,Aqua,MODIS,50,6.2,295.6,13.2,D,0
22.4805,92.4123,322.3,1.4,1.2,2010-04-13,0657,Aqua,MODIS,50,6.2,300.4,16.9,D,0
22.4653,92.387,326.5,1.4,1.2,2010-04-13,0657,Aqua,MODIS,57,6.2,299.8,24.5,D,0
22.4753,92.4196,323,1.4,1.2,2010-04-13,0657,Aqua,MODIS,50,6.2,300.4,17,D,0
22.458,92.3809,320.8,1.4,1.2,2010-04-13,0657,Aqua,MODIS,57,6.2,298.4,15.7,D,0
22.4604,92.3953,335.8,1.4,1.2,2010-04-13,0657,Aqua,MODIS,86,6.2,299.8,45.1,D,0
22.4695,92.4491,325.1,1.4,1.2,2010-04-13,0657,Aqua,MODIS,76,6.2,299.1,22.2,D,0
22.4718,92.463,325.6,1.4,1.2,2010-04-13,0657,Aqua,MODIS,77,6.2,298.6,23.5,D,0
23.3672,92.1862,316.5,1.4,1.2,2010-04-13,0657,Aqua,MODIS,50,6.2,297.6,12.1,D,0
23.3648,92.1727,317.5,1.4,1.2,2010-04-13,0657,Aqua,MODIS,58,6.2,295.7,13.3,D,0
22.459,92.4513,331.7,1.4,1.2,2010-04-13,0657,Aqua,MODIS,83,6.2,299.3,35.9,D,0
22.4613,92.465,327.4,1.4,1.2,2010-04-13,0657,Aqua,MODIS,79,6.2,299.2,27.1,D,0
22.1418,92.5325,355.8,1.4,1.2,2010-04-13,0657,Aqua,MODIS,98,6.2,302.1,113.4,D,0
22.1395,92.5192,328.1,1.4,1.2,2010-04-13,0657,Aqua,MODIS,79,6.2,301,30.9,D,0
22.1523,92.5304,343.1,1.4,1.2,2010-04-13,0657,Aqua,MODIS,91,6.2,296.7,68.4,D,0
22.15,92.5172,328.8,1.4,1.2,2010-04-13,0657,Aqua,MODIS,80,6.2,297.9,32.5,D,0
22.1359,92.4347,346.3,1.4,1.2,2010-04-13,0657,Aqua,MODIS,93,6.2,301.9,75.3,D,0
22.1488,92.4466,319.3,1.4,1.2,2010-04-13,0657,Aqua,MODIS,40,6.2,300.6,13.6,D,0
22.1465,92.4333,332.4,1.4,1.2,2010-04-13,0657,Aqua,MODIS,83,6.2,301.3,38.9,D,0
22.102,92.4276,335.6,1.4,1.2,2010-04-13,0657,Aqua,MODIS,85,6.2,302.4,42.2,D,0
22.1044,92.4415,332.8,1.4,1.2,2010-04-13,0657,Aqua,MODIS,75,6.2,301.3,35.4,D,0
22.1079,92.433,346,1.4,1.2,2010-04-13,0657,Aqua,MODIS,93,6.2,301.8,73.8,D,0
22.0975,92.4356,323.8,1.4,1.2,2010-04-13,0657,Aqua,MODIS,68,6.2,301.9,18.6,D,0
22.0778,92.5122,321.2,1.4,1.2,2010-04-13,0657,Aqua,MODIS,68,6.2,299.7,16,D,0
22.0696,92.5273,331.1,1.4,1.2,2010-04-13,0657,Aqua,MODIS,82,6.2,300.1,34,D,0
22.0423,92.4315,336.3,1.4,1.2,2010-04-13,0657,Aqua,MODIS,86,6.2,301.7,47.1,D,0
22.0448,92.4459,326.1,1.4,1.2,2010-04-13,0657,Aqua,MODIS,76,6.2,300.7,24.1,D,0
22.0545,92.5026,338.6,1.4,1.2,2010-04-13,0657,Aqua,MODIS,88,6.2,302.6,52.9,D,0
22.057,92.5168,374.1,1.4,1.2,2010-04-13,0657,Aqua,MODIS,100,6.2,302.4,202.7,D,0
21.9815,92.2925,342.8,1.5,1.2,2010-04-13,0657,Aqua,MODIS,90,6.2,299.3,69.9,D,0
21.8989,92.3243,338.1,1.5,1.2,2010-04-13,0657,Aqua,MODIS,87,6.2,298.7,54.2,D,0
21.9012,92.3376,325.8,1.5,1.2,2010-04-13,0657,Aqua,MODIS,75,6.2,298.2,24.1,D,0
21.8927,92.3168,334.3,1.5,1.2,2010-04-13,0657,Aqua,MODIS,84,6.2,300.3,45.3,D,0
21.8952,92.3322,344.1,1.5,1.2,2010-04-13,0657,Aqua,MODIS,91,6.2,299.7,72.9,D,0
22.558,92.3906,326.2,1.4,1.2,2010-04-13,0657,Aqua,MODIS,78,6.2,296.8,26,D,0
22.5604,92.4042,346.8,1.4,1.2,2010-04-13,0657,Aqua,MODIS,93,6.2,296.8,78.3,D,0
22.5642,92.3949,347.2,1.4,1.2,2010-04-13,0657,Aqua,MODIS,93,6.2,296.4,80,D,0
22.5665,92.4087,339.8,1.4,1.2,2010-04-13,0657,Aqua,MODIS,89,6.2,296.9,57,D,0
22.518,92.3779,314.6,1.4,1.2,2010-04-13,0657,Aqua,MODIS,47,6.2,295.7,8.8,D,0
22.5246,92.417,313.6,1.4,1.2,2010-04-13,0657,Aqua,MODIS,50,6.2,294.6,6.3,D,0
22.5004,92.4646,321.1,1.4,1.2,2010-04-13,0657,Aqua,MODIS,71,6.2,297.8,16.7,D,0
22.0918,92.2429,321.9,1.5,1.2,2010-04-13,0657,Aqua,MODIS,70,6.2,300.6,18.7,D,0
22.0884,92.2863,344.1,1.5,1.2,2010-04-13,0657,Aqua,MODIS,92,6.2,301.6,69.8,D,0
22.0908,92.3006,361.5,1.5,1.2,2010-04-13,0657,Aqua,MODIS,100,6.2,298.3,140.2,D,0
22.0847,92.2942,350.9,1.5,1.2,2010-04-13,0657,Aqua,MODIS,95,6.2,300,94.5,D,0
22.0657,92.312,350.2,1.5,1.2,2010-04-13,0657,Aqua,MODIS,95,6.2,299.6,91.1,D,0
22.0004,92.2522,326.5,1.5,1.2,2010-04-13,0657,Aqua,MODIS,77,6.2,300.1,28.4,D,0
21.9843,92.2864,327.4,1.5,1.2,2010-04-13,0657,Aqua,MODIS,78,6.2,298.6,28.4,D,0
21.9869,92.301,332.4,1.5,1.2,2010-04-13,0657,Aqua,MODIS,83,6.2,297.9,39.4,D,0
21.9839,92.3065,320.5,1.5,1.2,2010-04-13,0657,Aqua,MODIS,60,6.2,298.8,15.9,D,0
23.5975,92.0706,376.7,1.4,1.2,2010-04-13,0657,Aqua,MODIS,100,6.2,296.9,225.7,D,0
23.5998,92.0842,339.3,1.4,1.2,2010-04-13,0657,Aqua,MODIS,89,6.2,297,58.5,D,0
22.1056,92.419,324.6,1.4,1.2,2010-04-13,0657,Aqua,MODIS,58,6.2,301.1,18.5,D,0
22.1207,92.4095,338,1.4,1.2,2010-04-13,0657,Aqua,MODIS,87,6.2,301.1,48.2,D,0
22.1183,92.3956,326,1.4,1.2,2010-04-13,0657,Aqua,MODIS,76,6.2,301.4,22.1,D,0
22.1336,92.4212,336.4,1.4,1.2,2010-04-13,0657,Aqua,MODIS,86,6.2,301.9,45,D,0
22.1265,92.3798,330.8,1.5,1.2,2010-04-13,0657,Aqua,MODIS,82,6.2,301.4,34.5,D,0
22.1442,92.4198,321,1.4,1.2,2010-04-13,0657,Aqua,MODIS,34,6.2,301.8,14.2,D,0
22.2192,92.3842,317.6,1.4,1.2,2010-04-13,0657,Aqua,MODIS,48,6.2,298.8,10,D,0
23.2915,92.3484,330.2,1.4,1.2,2010-04-13,0657,Aqua,MODIS,67,6.2,294.9,28.5,D,0
23.2276,92.325,320.8,1.4,1.2,2010-04-13,0657,Aqua,MODIS,54,6.2,297,15.7,D,0
22.7248,91.9683,313.3,1.5,1.2,2010-04-13,0657,Aqua,MODIS,58,6.2,296.2,9.2,D,0
22.697,92.0635,311.5,1.5,1.2,2010-04-13,0657,Aqua,MODIS,51,6.2,294.6,7.5,D,0
22.6919,92.0547,313.2,1.5,1.2,2010-04-13,0657,Aqua,MODIS,40,6.2,295.4,10.6,D,0
22.2846,92.35,317.1,1.4,1.2,2010-04-13,0657,Aqua,MODIS,28,6.2,295,9.6,D,0
22.3629,92.4906,317.8,1.4,1.2,2010-04-13,0657,Aqua,MODIS,43,6.2,300.1,10.3,D,0
22.4556,92.495,316.6,1.4,1.2,2010-04-13,0657,Aqua,MODIS,47,6.2,298.9,9.5,D,0
21.6131,92.2812,321,1.5,1.2,2010-04-13,0657,Aqua,MODIS,33,6.2,300.6,12.8,D,0
21.6086,92.274,322.5,1.5,1.2,2010-04-13,0657,Aqua,MODIS,68,6.2,299.8,18.6,D,0
21.6108,92.2866,321.2,1.5,1.2,2010-04-13,0657,Aqua,MODIS,64,6.2,301.2,15.3,D,0
21.8057,92.5401,352.7,1.4,1.2,2010-04-13,0657,Aqua,MODIS,96,6.2,300.9,96.1,D,0
21.9688,92.5389,340,1.4,1.2,2010-04-13,0657,Aqua,MODIS,88,6.2,302.5,55.4,D,0
21.9664,92.5253,366.8,1.4,1.2,2010-04-13,0657,Aqua,MODIS,100,6.2,302.6,162.4,D,0
21.9794,92.5375,333.8,1.4,1.2,2010-04-13,0657,Aqua,MODIS,84,6.2,300.8,39.9,D,0
21.9769,92.5229,367,1.4,1.2,2010-04-13,0657,Aqua,MODIS,100,6.2,300.6,162.7,D,0
21.1721,92.0806,324.2,1.6,1.2,2010-04-13,0657,Aqua,MODIS,42,6.2,300.1,24.3,D,0
21.1527,92.0998,350.8,1.6,1.2,2010-04-13,0657,Aqua,MODIS,83,6.2,301.9,101.9,D,0
21.992,92.5483,351.1,1.4,1.2,2010-04-13,0657,Aqua,MODIS,95,6.2,301.5,93.8,D,0
21.9899,92.5356,370.9,1.4,1.2,2010-04-13,0657,Aqua,MODIS,100,6.2,302.3,185.2,D,0
22.0003,92.5332,345.7,1.4,1.2,2010-04-13,0657,Aqua,MODIS,92,6.2,298.1,75,D,0
21.9978,92.5182,340.3,1.4,1.2,2010-04-13,0657,Aqua,MODIS,89,6.2,301.3,58.8,D,0
21.9836,92.4345,332.7,1.4,1.2,2010-04-13,0657,Aqua,MODIS,83,6.2,300.4,36.8,D,0
21.9942,92.4325,318.2,1.4,1.2,2010-04-13,0657,Aqua,MODIS,51,6.2,300.4,9.6,D,0
21.6072,92.3309,319.9,1.5,1.2,2010-04-13,0657,Aqua,MODIS,44,6.2,299,11.7,D,0
21.6096,92.3449,322.7,1.5,1.2,2010-04-13,0657,Aqua,MODIS,59,6.2,300.6,17.3,D,0
23.5178,92.2763,323.6,1.4,1.2,2010-04-13,0657,Aqua,MODIS,75,6.2,299.2,19.9,D,0
23.5156,92.263,331,1.4,1.2,2010-04-13,0657,Aqua,MODIS,83,6.2,299.5,34.3,D,0
23.5282,92.2741,421.4,1.4,1.2,2010-04-13,0657,Aqua,MODIS,100,6.2,308.1,646,D,0
23.526,92.2611,338.7,1.4,1.2,2010-04-13,0657,Aqua,MODIS,89,6.2,300.1,50.2,D,0
23.5386,92.2721,338.5,1.4,1.2,2010-04-13,0657,Aqua,MODIS,88,6.2,299.1,48.3,D,0
23.5757,92.2587,337,1.4,1.2,2010-04-13,0657,Aqua,MODIS,88,6.2,299.6,51.2,D,0
23.5736,92.2466,323.2,1.4,1.2,2010-04-13,0657,Aqua,MODIS,75,6.2,296.9,22.5,D,0
21.38,92.5342,342.4,1.5,1.2,2010-04-13,0657,Aqua,MODIS,90,6.2,300.7,69.9,D,0
21.3735,92.5275,332.9,1.5,1.2,2010-04-13,0657,Aqua,MODIS,82,6.2,300.2,43,D,0
21.3759,92.542,343.8,1.5,1.2,2010-04-13,0657,Aqua,MODIS,91,6.2,300.2,74,D,0
22.9921,92.322,362.1,1.4,1.2,2010-04-13,0657,Aqua,MODIS,100,6.2,296.3,141.7,D,0
21.5156,92.2075,316.1,1.5,1.2,2010-04-13,0657,Aqua,MODIS,38,6.2,299.3,9.2,D,0
21.6955,92.5672,322.3,1.4,1.2,2010-04-13,0657,Aqua,MODIS,57,6.2,300.8,18.8,D,0
21.6238,92.5585,317.6,1.4,1.2,2010-04-13,0657,Aqua,MODIS,36,6.2,298.7,10.9,D,0
21.6261,92.5722,318.6,1.4,1.2,2010-04-13,0657,Aqua,MODIS,48,6.2,299.3,14.1,D,0
21.6134,92.5611,358.1,1.4,1.2,2010-04-13,0657,Aqua,MODIS,99,6.2,301.7,122.1,D,0
21.6157,92.5748,369.5,1.4,1.2,2010-04-13,0657,Aqua,MODIS,100,6.2,302.8,180.1,D,0
21.5875,92.5375,338.1,1.4,1.2,2010-04-13,0657,Aqua,MODIS,86,6.2,301.5,53.3,D,0
21.5386,92.5399,323.1,1.5,1.2,2010-04-13,0657,Aqua,MODIS,38,6.2,301.4,19.2,D,0
21.5174,92.5439,328.5,1.5,1.2,2010-04-13,0657,Aqua,MODIS,72,6.2,300.8,30.3,D,0
22.3258,92.3998,318.9,1.4,1.2,2010-04-13,0657,Aqua,MODIS,64,6.2,300.4,13.2,D,0
22.328,92.4125,322,1.4,1.2,2010-04-13,0657,Aqua,MODIS,72,6.2,301.8,17.6,D,0
22.3814,92.4722,317.3,1.4,1.2,2010-04-13,0657,Aqua,MODIS,37,6.2,300.9,9.3,D,0
21.9482,92.3551,317.5,1.5,1.2,2010-04-13,0657,Aqua,MODIS,58,6.2,299.2,11.8,D,0
21.927,92.3595,327.8,1.5,1.2,2010-04-13,0657,Aqua,MODIS,78,6.2,300,28.5,D,0
21.9294,92.3734,325.4,1.5,1.2,2010-04-13,0657,Aqua,MODIS,75,6.2,300,23.3,D,0
21.8995,92.3575,319.7,1.5,1.2,2010-04-13,0657,Aqua,MODIS,44,6.2,300.6,13.4,D,0
21.6085,92.4038,340.3,1.5,1.2,2010-04-13,0657,Aqua,MODIS,88,6.2,301.5,61.6,D,0
21.5741,92.3959,316.9,1.5,1.2,2010-04-13,0657,Aqua,MODIS,38,6.2,300.8,9.5,D,0
21.8343,92.2977,330.7,1.5,1.2,2010-04-13,0657,Aqua,MODIS,80,6.2,299.4,37.7,D,0
21.8022,92.304,316.9,1.5,1.2,2010-04-13,0657,Aqua,MODIS,46,6.2,298.7,10.5,D,0
21.9673,92.4669,323.9,1.4,1.2,2010-04-13,0657,Aqua,MODIS,72,6.2,301.9,19.6,D,0
21.918,92.4335,321.9,1.5,1.2,2010-04-13,0657,Aqua,MODIS,38,6.2,301.3,15.2,D,0
21.9242,92.4394,324.1,1.5,1.2,2010-04-13,0657,Aqua,MODIS,56,6.2,300.6,18.3,D,0
21.8842,92.4612,331.7,1.4,1.2,2010-04-13,0657,Aqua,MODIS,81,6.2,301.3,35.2,D,0
21.8641,92.4073,320.1,1.5,1.2,2010-04-13,0657,Aqua,MODIS,34,6.2,299.6,10.1,D,0
21.8665,92.4214,361.9,1.5,1.2,2010-04-13,0657,Aqua,MODIS,100,6.2,301.7,138.8,D,0
21.8559,92.4234,359.4,1.5,1.2,2010-04-13,0657,Aqua,MODIS,99,6.2,302.8,126.8,D,0
21.8583,92.4375,332.5,1.5,1.2,2010-04-13,0657,Aqua,MODIS,82,6.2,301.1,35.2,D,0
21.7049,92.3647,339.5,1.5,1.2,2010-04-13,0657,Aqua,MODIS,87,6.2,299.9,56.6,D,0
21.6942,92.3669,328.5,1.5,1.2,2010-04-13,0657,Aqua,MODIS,77,6.2,300.7,29.2,D,0
21.7635,92.4208,318.1,1.5,1.2,2010-04-13,0657,Aqua,MODIS,49,6.2,300,12.6,D,0
21.7656,92.4328,326.7,1.5,1.2,2010-04-13,0657,Aqua,MODIS,74,6.2,301.1,27.2,D,0
21.7362,92.453,319.9,1.5,1.2,2010-04-13,0657,Aqua,MODIS,50,6.2,299.5,14.4,D,0
21.7387,92.4673,327.9,1.5,1.2,2010-04-13,0657,Aqua,MODIS,76,6.2,299.3,28.8,D,0
21.7204,92.3914,319.9,1.5,1.2,2010-04-13,0657,Aqua,MODIS,55,6.2,297.9,15.4,D,0
21.732,92.4605,343.8,1.5,1.2,2010-04-13,0657,Aqua,MODIS,90,6.2,300.2,68.9,D,0
21.7344,92.4749,349.3,1.5,1.2,2010-04-13,0657,Aqua,MODIS,94,6.2,298.9,87.1,D,0
21.7367,92.4889,328.6,1.5,1.2,2010-04-13,0657,Aqua,MODIS,76,6.2,297.7,28.5,D,0
21.7073,92.379,344.9,1.5,1.2,2010-04-13,0657,Aqua,MODIS,91,6.2,299.2,74.6,D,0
21.7238,92.4769,325.9,1.5,1.2,2010-04-13,0657,Aqua,MODIS,73,6.2,299.1,23.9,D,0
21.7261,92.4908,333.2,1.5,1.2,2010-04-13,0657,Aqua,MODIS,82,6.2,300,39.8,D,0
21.6967,92.3813,334.7,1.5,1.2,2010-04-13,0657,Aqua,MODIS,83,6.2,300.6,45.1,D,0
21.7065,92.439,356,1.5,1.2,2010-04-13,0657,Aqua,MODIS,98,6.2,301.5,115.5,D,0
21.7085,92.4511,335.7,1.5,1.2,2010-04-13,0657,Aqua,MODIS,84,6.2,301.5,45.8,D,0
21.6959,92.4417,321.2,1.5,1.2,2010-04-13,0657,Aqua,MODIS,45,6.2,299.3,16.8,D,0
21.733,92.5318,349,1.4,1.2,2010-04-13,0657,Aqua,MODIS,94,6.2,301.6,84.6,D,0
21.699,92.5239,322.7,1.4,1.2,2010-04-13,0657,Aqua,MODIS,56,6.2,302.1,17.1,D,0
21.8174,92.3911,331.5,1.5,1.2,2010-04-13,0657,Aqua,MODIS,81,6.2,300.1,36.8,D,0
21.8195,92.4028,342.7,1.5,1.2,2010-04-13,0657,Aqua,MODIS,90,6.2,301.6,66.6,D,0
21.8218,92.416,323.7,1.5,1.2,2010-04-13,0657,Aqua,MODIS,71,6.2,300.8,18.9,D,0
21.8141,92.3962,345.6,1.5,1.2,2010-04-13,0657,Aqua,MODIS,92,6.2,301.4,77.3,D,0
21.8162,92.4084,346.4,1.5,1.2,2010-04-13,0657,Aqua,MODIS,92,6.2,301.7,78.5,D,0
21.4853,92.4206,319.7,1.5,1.2,2010-04-13,0657,Aqua,MODIS,60,6.2,300.7,15.2,D,0
21.6109,92.418,339.4,1.5,1.2,2010-04-13,0657,Aqua,MODIS,87,6.2,301.1,58.6,D,0
21.6003,92.42,326.8,1.5,1.2,2010-04-13,0657,Aqua,MODIS,74,6.2,301.3,27.2,D,0
21.6027,92.4342,331.9,1.5,1.2,2010-04-13,0657,Aqua,MODIS,81,6.2,301.3,38.9,D,0
21.6193,92.5316,335.7,1.4,1.2,2010-04-13,0657,Aqua,MODIS,84,6.2,300,46.9,D,0
21.5807,92.4976,322,1.5,1.2,2010-04-13,0657,Aqua,MODIS,65,6.2,299.8,18.7,D,0
21.5854,92.5249,341.5,1.5,1.2,2010-04-13,0657,Aqua,MODIS,89,6.2,301.1,62.8,D,0
21.8185,92.5518,348.3,1.4,1.2,2010-04-13,0657,Aqua,MODIS,93,6.2,297.5,81.3,D,0
21.808,92.5537,431.7,1.4,1.2,2010-04-13,0657,Aqua,MODIS,100,6.2,309.4,832.5,D,0
21.8102,92.5668,379.2,1.4,1.2,2010-04-13,0657,Aqua,MODIS,100,6.2,301.7,234.8,D,0
21.8126,92.5809,330,1.4,1.2,2010-04-13,0657,Aqua,MODIS,50,6.2,299.2,32.1,D,0
21.7974,92.5554,324.6,1.4,1.2,2010-04-13,0657,Aqua,MODIS,24,6.2,298.6,15.8,D,0
21.7997,92.5688,338.6,1.4,1.2,2010-04-13,0657,Aqua,MODIS,87,6.2,298.5,50.4,D,0
21.7869,92.5576,352.9,1.4,1.2,2010-04-13,0657,Aqua,MODIS,96,6.2,301.6,94.9,D,0
21.7893,92.5717,387.6,1.4,1.2,2010-04-13,0657,Aqua,MODIS,100,6.2,304.8,296.4,D,0
21.7741,92.5461,329.9,1.4,1.2,2010-04-13,0657,Aqua,MODIS,74,6.2,300,30.1,D,0
21.7353,92.5453,396.5,1.4,1.2,2010-04-13,0657,Aqua,MODIS,100,6.2,304.9,379.7,D,0
23.3631,92.2645,355.4,1.4,1.2,2010-04-13,0657,Aqua,MODIS,98,6.2,301,110,D,0
23.3735,92.2622,321.3,1.4,1.2,2010-04-13,0657,Aqua,MODIS,69,6.2,300.8,17.3,D,0
23.371,92.27,343.9,1.4,1.2,2010-04-13,0657,Aqua,MODIS,92,6.2,301.9,66.2,D,0
23.4254,92.274,356.8,1.4,1.2,2010-04-13,0657,Aqua,MODIS,98,6.2,300.9,112.4,D,0
22.7342,92.424,320.9,1.3,1.1,2010-04-13,1620,Terra,MODIS,100,6.2,294.5,26.3,N,0
22.0281,92.0216,317.9,1,1,2010-04-14,0430,Terra,MODIS,60,6.2,300.7,6.8,D,0
22.4684,92.4254,320.4,1,1,2010-04-14,0430,Terra,MODIS,67,6.2,300.7,8.7,D,0
22.467,92.4352,344.2,1,1,2010-04-14,0430,Terra,MODIS,91,6.2,301.9,42.5,D,0
21.3928,92.0894,318.2,1,1,2010-04-14,0430,Terra,MODIS,37,6.2,300.2,8,D,0
22.6534,91.8865,318.9,1.1,1,2010-04-14,0430,Terra,MODIS,60,6.2,299.7,7,D,0
21.5856,92.4152,323.1,2.1,1.4,2010-04-14,0740,Aqua,MODIS,58,6.2,300,26.4,D,0
21.6022,92.4523,334.1,2.1,1.4,2010-04-14,0740,Aqua,MODIS,80,6.2,300.4,67.4,D,0
22.9903,92.3159,335.6,2.1,1.4,2010-04-14,0740,Aqua,MODIS,85,6.2,296.4,82.5,D,0
21.5245,92.5681,336.2,2.1,1.4,2010-04-14,0740,Aqua,MODIS,83,6.2,300.3,81.4,D,0
21.5372,92.5676,321.9,2.1,1.4,2010-04-14,0740,Aqua,MODIS,54,6.2,300.9,28.8,D,0
21.5857,92.5413,325.6,2.1,1.4,2010-04-14,0740,Aqua,MODIS,44,6.2,299.9,37.5,D,0
21.6,92.5546,322.3,2.1,1.4,2010-04-14,0740,Aqua,MODIS,22,6.2,299,28,D,0
21.7048,92.5561,339.7,2.1,1.4,2010-04-14,0740,Aqua,MODIS,86,6.2,301.1,98.7,D,0
21.7195,92.5735,347.6,2.1,1.4,2010-04-14,0740,Aqua,MODIS,92,6.2,300.2,142.3,D,0
21.7175,92.5542,346.9,2.1,1.4,2010-04-14,0740,Aqua,MODIS,92,6.2,302,135.6,D,0
22.9916,92.331,318.3,2.1,1.4,2010-04-14,0740,Aqua,MODIS,57,6.2,295,21.1,D,0
21.5602,92.4238,337.8,2.1,1.4,2010-04-14,0740,Aqua,MODIS,85,6.2,300.7,80.3,D,0
21.5035,92.4897,349,2.1,1.4,2010-04-14,0740,Aqua,MODIS,93,6.2,301.7,145.1,D,0
21.512,92.449,320.8,2.1,1.4,2010-04-14,0740,Aqua,MODIS,26,6.2,301.3,19.2,D,0
21.5412,92.4845,325.5,2.1,1.4,2010-04-14,0740,Aqua,MODIS,62,6.2,300.6,37,D,0
21.5392,92.465,325,2.1,1.4,2010-04-14,0740,Aqua,MODIS,65,6.2,301.3,33.2,D,0
22.4657,92.3898,324.7,2.1,1.4,2010-04-14,0740,Aqua,MODIS,71,6.2,299.7,35.4,D,0
22.4641,92.3754,322.3,2.1,1.4,2010-04-14,0740,Aqua,MODIS,65,6.2,299.6,27.9,D,0
22.4662,92.3946,320.1,2.1,1.4,2010-04-14,0740,Aqua,MODIS,59,6.2,299.5,20.5,D,0
21.4199,92.447,324.9,2.1,1.4,2010-04-14,0740,Aqua,MODIS,65,6.2,300.7,35.4,D,0
22.9897,92.3111,328.4,2.1,1.4,2010-04-14,0740,Aqua,MODIS,78,6.2,296.9,52.5,D,0
21.5606,92.4188,334.9,2.1,1.4,2010-04-14,0740,Aqua,MODIS,81,6.2,300.8,67.1,D,0
21.8396,92.2267,323.4,2,1.4,2010-04-14,0740,Aqua,MODIS,60,6.2,300.4,25.4,D,0
21.6233,92.5313,333.2,2.1,1.4,2010-04-14,0740,Aqua,MODIS,66,6.2,299.9,65.2,D,0
21.6002,92.4331,330,2.1,1.4,2010-04-14,0740,Aqua,MODIS,75,6.2,300.8,49.9,D,0
21.5853,92.5357,321.1,2.1,1.4,2010-04-14,0740,Aqua,MODIS,30,6.2,299.9,24.8,D,0
23.1857,92.323,321.5,2.1,1.4,2010-04-14,0740,Aqua,MODIS,67,6.2,297.9,26.9,D,0
23.1836,92.3027,318.3,2.1,1.4,2010-04-14,0740,Aqua,MODIS,22,6.2,297.8,15.7,D,0
23.1847,92.3179,324.4,2.1,1.4,2010-04-14,0740,Aqua,MODIS,73,6.2,298,35.9,D,0
21.7448,92.4495,324.8,2.1,1.4,2010-04-14,0740,Aqua,MODIS,63,6.2,300.4,33.7,D,0
21.7526,92.4042,348.2,2.1,1.4,2010-04-14,0740,Aqua,MODIS,93,6.2,300.7,135.1,D,0
21.7448,92.4437,328.9,2.1,1.4,2010-04-14,0740,Aqua,MODIS,73,6.2,300.5,47,D,0
21.755,92.4186,331.7,2.1,1.4,2010-04-14,0740,Aqua,MODIS,77,6.2,300.4,57.9,D,0
21.753,92.3996,338,2.1,1.4,2010-04-14,0740,Aqua,MODIS,84,6.2,300.6,84.5,D,0
22.1011,92.3761,329.6,2.1,1.4,2010-04-14,0740,Aqua,MODIS,76,6.2,301,48,D,0
22.1032,92.3967,345.2,2.1,1.4,2010-04-14,0740,Aqua,MODIS,91,6.2,301.4,120.5,D,0
22.1011,92.3815,342.4,2.1,1.4,2010-04-14,0740,Aqua,MODIS,89,6.2,301.3,103.9,D,0
22.1034,92.4021,337.2,2.1,1.4,2010-04-14,0740,Aqua,MODIS,84,6.2,301.4,79.2,D,0
21.6336,92.5078,322.1,2.1,1.4,2010-04-14,0740,Aqua,MODIS,53,6.2,299.4,31.2,D,0
21.636,92.5304,323.4,2.1,1.4,2010-04-14,0740,Aqua,MODIS,59,6.2,299,35.3,D,0
23.3341,92.1274,323.2,2.1,1.4,2010-04-14,0740,Aqua,MODIS,71,6.2,292.6,39.1,D,0
23.3363,92.1425,318.4,2.1,1.4,2010-04-14,0740,Aqua,MODIS,46,6.2,291.5,23.8,D,0
22.4241,92.3599,321.4,2.1,1.4,2010-04-14,0740,Aqua,MODIS,63,6.2,299.5,25.7,D,0
23.2758,92.2034,328,2.1,1.4,2010-04-14,0740,Aqua,MODIS,78,6.2,291.2,50.9,D,0
23.242,92.2483,336,2.1,1.4,2010-04-14,0740,Aqua,MODIS,85,6.2,293.7,81.9,D,0
23.1391,92.246,318.7,2.1,1.4,2010-04-14,0740,Aqua,MODIS,35,6.2,298.8,17.4,D,0
23.3744,92.2669,327.4,2.1,1.4,2010-04-14,0740,Aqua,MODIS,77,6.2,292,54,D,0
21.7027,92.5359,322.4,2.1,1.4,2010-04-14,0740,Aqua,MODIS,45,6.2,301.7,28.7,D,0
21.7675,92.5421,322.5,2.1,1.4,2010-04-14,0740,Aqua,MODIS,53,6.2,300.7,30.1,D,0
23.3736,92.2615,329.7,2.1,1.4,2010-04-14,0740,Aqua,MODIS,80,6.2,292.7,64.4,D,0
21.7302,92.553,322.4,2.1,1.4,2010-04-14,0740,Aqua,MODIS,50,6.2,300.9,30,D,0
21.6815,92.4544,353.4,2.1,1.4,2010-04-14,0740,Aqua,MODIS,96,6.2,300,176.5,D,0
21.4176,92.4254,322.4,2.1,1.4,2010-04-14,0740,Aqua,MODIS,56,6.2,300.4,28.1,D,0
22.4934,92.2851,317.3,2.1,1.4,2010-04-14,0740,Aqua,MODIS,28,6.2,297.8,17.9,D,0
21.4676,92.5128,322.6,2.1,1.4,2010-04-14,0740,Aqua,MODIS,43,6.2,299.3,28.8,D,0
21.4784,92.5176,321.8,2.1,1.4,2010-04-14,0740,Aqua,MODIS,39,6.2,299.3,27.2,D,0
21.4513,92.5033,324.2,2.1,1.4,2010-04-14,0740,Aqua,MODIS,59,6.2,300.1,33.2,D,0
23.2378,92.3323,331,2.1,1.4,2010-04-14,0740,Aqua,MODIS,81,6.2,296.4,62.6,D,0
23.2442,92.2694,349.7,2.1,1.4,2010-04-14,0740,Aqua,MODIS,94,6.2,296.1,157.2,D,0
21.6793,92.4329,323.5,2.1,1.4,2010-04-14,0740,Aqua,MODIS,59,6.2,299.4,32.1,D,0
23.1412,92.2661,333.3,2.1,1.4,2010-04-14,0740,Aqua,MODIS,83,6.2,298.5,67.2,D,0
23.1538,92.2643,320.5,2.1,1.4,2010-04-14,0740,Aqua,MODIS,54,6.2,298.9,21.5,D,0
21.7402,92.4254,341.5,2.4,1.5,2010-04-15,0645,Aqua,MODIS,88,6.2,298,134.2,D,0
21.9102,92.3462,321.5,2.4,1.5,2010-04-15,0645,Aqua,MODIS,65,6.2,298.2,40.4,D,0
21.6563,92.5399,326.5,2.4,1.5,2010-04-15,0645,Aqua,MODIS,66,6.2,295.8,57.1,D,0
22.147,92.4725,318.1,2.4,1.5,2010-04-15,0645,Aqua,MODIS,53,6.2,297.3,30.7,D,0
22.2172,92.4953,317.7,2.3,1.5,2010-04-15,0645,Aqua,MODIS,44,6.2,298.7,28.3,D,0
21.7008,92.4848,322.7,2.4,1.5,2010-04-15,0645,Aqua,MODIS,61,6.2,297,44.2,D,0
21.6958,92.4811,327.8,2.4,1.5,2010-04-15,0645,Aqua,MODIS,74,6.2,297.1,62.3,D,0
21.6343,92.568,323.8,2.4,1.5,2010-04-15,0645,Aqua,MODIS,48,6.2,295,47.3,D,0
21.6472,92.5486,323.5,2.4,1.5,2010-04-15,0645,Aqua,MODIS,32,6.2,295.7,45.3,D,0
23.0323,92.0424,315.8,2.4,1.5,2010-04-15,0645,Aqua,MODIS,59,6.2,295.1,21.7,D,0
22.2303,92.4926,316.5,2.3,1.5,2010-04-15,0645,Aqua,MODIS,23,6.2,298.9,23.9,D,0
22.7199,92.0313,313.7,2.5,1.5,2010-04-15,0645,Aqua,MODIS,41,6.2,296.3,18.7,D,0
22.7633,91.8957,319,2.5,1.5,2010-04-15,0645,Aqua,MODIS,66,6.2,296.9,37,D,0
21.7525,92.5612,327.8,2.4,1.5,2010-04-15,0645,Aqua,MODIS,74,6.2,296.1,64.8,D,0
21.9064,92.3267,316.6,2.4,1.5,2010-04-15,0645,Aqua,MODIS,39,6.2,297.5,24.9,D,0
21.7306,92.4473,321.2,2.4,1.5,2010-04-15,0645,Aqua,MODIS,59,6.2,297.2,35.4,D,0
21.6763,92.3675,302.5,1,1,2010-04-15,1608,Terra,MODIS,49,6.2,286.6,3.7,N,0
21.9402,92.5408,303.8,1,1,2010-04-15,1608,Terra,MODIS,57,6.2,293.5,4.4,N,0
23.9914,91.1127,315.1,1.8,1.3,2010-04-16,0417,Terra,MODIS,61,6.2,298.3,17.7,D,0
21.6229,92.5312,316.2,1.3,1.1,2010-04-16,0418,Terra,MODIS,48,6.2,296.3,8.5,D,0
21.6394,92.5072,340.3,1.3,1.1,2010-04-16,0727,Aqua,MODIS,88,6.2,301.5,49.4,D,0
21.6048,92.475,330.3,1.3,1.1,2010-04-16,0727,Aqua,MODIS,78,6.2,301.7,26.2,D,0
21.926,92.3491,328.5,1.3,1.1,2010-04-16,0727,Aqua,MODIS,76,6.2,300.5,19.5,D,0
21.9191,92.375,324.8,1.3,1.1,2010-04-16,0727,Aqua,MODIS,55,6.2,302.8,13.3,D,0
21.5903,92.4401,324.8,1.3,1.1,2010-04-16,0727,Aqua,MODIS,64,6.2,302.9,13.1,D,0
21.5918,92.4523,330.6,1.3,1.1,2010-04-16,0727,Aqua,MODIS,78,6.2,302.4,22.7,D,0
21.5605,92.4378,330.3,1.3,1.1,2010-04-16,0727,Aqua,MODIS,79,6.2,301.3,23.5,D,0
21.5901,92.3542,323.9,1.3,1.1,2010-04-16,0727,Aqua,MODIS,68,6.2,301.8,13.6,D,0
21.5916,92.3663,329.9,1.3,1.1,2010-04-16,0727,Aqua,MODIS,78,6.2,302,23.9,D,0
21.9236,92.4118,332.4,1.3,1.1,2010-04-16,0727,Aqua,MODIS,81,6.2,302,27.5,D,0
21.8942,92.339,326.1,1.3,1.1,2010-04-16,0727,Aqua,MODIS,73,6.2,300.4,17.8,D,0
21.9087,92.1307,323,1.2,1.1,2010-04-16,0727,Aqua,MODIS,67,6.2,302.6,10.1,D,0
22.026,92.5048,319.3,1.3,1.1,2010-04-16,0727,Aqua,MODIS,27,6.2,301.1,8.9,D,0
21.7159,92.3784,327,1.3,1.1,2010-04-16,0727,Aqua,MODIS,66,6.2,305,16.8,D,0
21.7174,92.3904,343.1,1.3,1.1,2010-04-16,0727,Aqua,MODIS,90,6.2,304.2,51.8,D,0
21.7059,92.3799,375.6,1.3,1.1,2010-04-16,0727,Aqua,MODIS,100,6.2,307.9,173.9,D,0
21.7074,92.3919,355.1,1.3,1.1,2010-04-16,0727,Aqua,MODIS,97,6.2,302.8,86.1,D,0
21.6858,92.3827,324.7,1.3,1.1,2010-04-16,0727,Aqua,MODIS,58,6.2,303.6,12.2,D,0
21.6976,92.4794,322.1,1.3,1.1,2010-04-16,0727,Aqua,MODIS,62,6.2,301.1,13.3,D,0
21.6788,92.4086,325.6,1.3,1.1,2010-04-16,0727,Aqua,MODIS,42,6.2,303.2,15.8,D,0
21.6592,92.4184,322,1.3,1.1,2010-04-16,0727,Aqua,MODIS,55,6.2,303.6,10.3,D,0
21.7689,92.5581,337.7,1.3,1.1,2010-04-16,0727,Aqua,MODIS,85,6.2,302.7,40.9,D,0
21.7588,92.5596,392.6,1.3,1.1,2010-04-16,0727,Aqua,MODIS,100,6.2,308,294.4,D,0
21.7386,92.5636,339.9,1.3,1.1,2010-04-16,0727,Aqua,MODIS,87,6.2,303,45.3,D,0
21.7441,92.524,330.2,1.3,1.1,2010-04-16,0727,Aqua,MODIS,77,6.2,302.3,24,D,0
21.734,92.5259,323,1.3,1.1,2010-04-16,0727,Aqua,MODIS,51,6.2,301.9,12.5,D,0
21.5392,92.5143,358.8,1.3,1.1,2010-04-16,0727,Aqua,MODIS,99,6.2,301.7,102.2,D,0
21.5407,92.5262,334.9,1.3,1.1,2010-04-16,0727,Aqua,MODIS,83,6.2,298.8,32.8,D,0
21.5291,92.5154,360.3,1.3,1.1,2010-04-16,0727,Aqua,MODIS,100,6.2,302.8,108.6,D,0
21.5307,92.5285,323.7,1.3,1.1,2010-04-16,0727,Aqua,MODIS,27,6.2,298.9,12.9,D,0
21.5074,92.4206,328,1.3,1.1,2010-04-16,0727,Aqua,MODIS,76,6.2,301.3,21.9,D,0
21.5089,92.4328,337.1,1.3,1.1,2010-04-16,0727,Aqua,MODIS,85,6.2,299.9,38.8,D,0
21.5147,92.4812,346.4,1.3,1.1,2010-04-16,0727,Aqua,MODIS,92,6.2,297,61,D,0
21.4988,92.4343,345,1.3,1.1,2010-04-16,0727,Aqua,MODIS,91,6.2,302.5,57.9,D,0
21.5003,92.4462,336,1.3,1.1,2010-04-16,0727,Aqua,MODIS,85,6.2,298.4,35.8,D,0
21.4988,92.5191,326.2,1.3,1.1,2010-04-16,0727,Aqua,MODIS,37,6.2,298.6,18.3,D,0
21.5004,92.5328,340,1.3,1.1,2010-04-16,0727,Aqua,MODIS,88,6.2,300.3,47.3,D,0
21.5014,92.5402,326.9,1.3,1.1,2010-04-16,0727,Aqua,MODIS,74,6.2,300,22.7,D,0
21.4913,92.5416,330.4,1.3,1.1,2010-04-16,0727,Aqua,MODIS,78,6.2,299.6,29.8,D,0
21.6411,92.5209,323.5,1.3,1.1,2010-04-16,0727,Aqua,MODIS,66,6.2,299.2,15.9,D,0
22.4762,92.2711,338.1,1.3,1.1,2010-04-16,0728,Aqua,MODIS,87,6.2,303.8,38.5,D,0
22.456,92.2738,325.3,1.3,1.1,2010-04-16,0728,Aqua,MODIS,50,6.2,300.7,13.8,D,0
22.4575,92.286,347.2,1.3,1.1,2010-04-16,0728,Aqua,MODIS,93,6.2,301.2,62.1,D,0
22.4475,92.2873,323.4,1.3,1.1,2010-04-16,0728,Aqua,MODIS,55,6.2,302.7,11.9,D,0
22.1694,92.4338,326.6,1.3,1.1,2010-04-16,0728,Aqua,MODIS,74,6.2,304.3,17.9,D,0
22.184,92.469,335,1.3,1.1,2010-04-16,0728,Aqua,MODIS,84,6.2,301.1,36.7,D,0
22.1826,92.457,373.6,1.3,1.1,2010-04-16,0728,Aqua,MODIS,100,6.2,305.1,172.9,D,0
22.1811,92.4449,339.7,1.3,1.1,2010-04-16,0728,Aqua,MODIS,88,6.2,303.8,44.7,D,0
23.1971,92.2592,336,1.3,1.1,2010-04-16,0728,Aqua,MODIS,84,6.2,304.9,34.2,D,0
23.1956,92.2465,334.6,1.3,1.1,2010-04-16,0728,Aqua,MODIS,83,6.2,306.9,30.6,D,0
23.2132,92.2381,327.5,1.3,1.1,2010-04-16,0728,Aqua,MODIS,75,6.2,306.3,17.2,D,0
23.2117,92.2257,324.2,1.3,1.1,2010-04-16,0728,Aqua,MODIS,68,6.2,306.5,11.3,D,0
23.2102,92.2132,335,1.3,1.1,2010-04-16,0728,Aqua,MODIS,84,6.2,306.7,31.3,D,0
23.2608,92.206,322.6,1.3,1.1,2010-04-16,0728,Aqua,MODIS,62,6.2,306.2,10.9,D,0
22.1436,92.4757,328.2,1.3,1.1,2010-04-16,0728,Aqua,MODIS,67,6.2,303.1,23.1,D,0
22.1334,92.477,343.9,1.3,1.1,2010-04-16,0728,Aqua,MODIS,91,6.2,303.9,57.8,D,0
22.1346,92.4696,336,1.3,1.1,2010-04-16,0728,Aqua,MODIS,85,6.2,303.1,37.2,D,0
22.1361,92.4821,350,1.3,1.1,2010-04-16,0728,Aqua,MODIS,94,6.2,303.5,75.7,D,0
23.4578,91.9808,328.2,1.3,1.1,2010-04-16,0728,Aqua,MODIS,78,6.2,305.1,20,D,0
23.4593,91.9934,325.2,1.3,1.1,2010-04-16,0728,Aqua,MODIS,66,6.2,305.4,15,D,0
23.4523,92.0196,328.7,1.3,1.1,2010-04-16,0728,Aqua,MODIS,62,6.2,304.8,21.5,D,0
23.4512,92.0141,324.6,1.3,1.1,2010-04-16,0728,Aqua,MODIS,67,6.2,304.9,14.6,D,0
23.4527,92.0264,322.3,1.3,1.1,2010-04-16,0728,Aqua,MODIS,58,6.2,304.4,12.2,D,0
23.3549,91.9705,323.7,1.3,1.1,2010-04-16,0728,Aqua,MODIS,70,6.2,307.9,11.8,D,0
23.3595,92.0078,322.4,1.3,1.1,2010-04-16,0728,Aqua,MODIS,58,6.2,306.6,9.1,D,0
23.4853,92.0399,321.9,1.3,1.1,2010-04-16,0728,Aqua,MODIS,69,6.2,303.5,14.6,D,0
23.4868,92.0525,321.3,1.3,1.1,2010-04-16,0728,Aqua,MODIS,67,6.2,303.8,13.7,D,0
23.4596,92.1651,320.8,1.3,1.1,2010-04-16,0728,Aqua,MODIS,65,6.2,304.7,12,D,0
23.4611,92.1779,320.2,1.3,1.1,2010-04-16,0728,Aqua,MODIS,64,6.2,304.2,11.1,D,0
23.4494,92.1666,326,1.3,1.1,2010-04-16,0728,Aqua,MODIS,61,6.2,304.7,18.4,D,0
23.4292,92.1693,328.5,1.3,1.1,2010-04-16,0728,Aqua,MODIS,78,6.2,305.4,23.3,D,0
23.4307,92.1822,322.4,1.3,1.1,2010-04-16,0728,Aqua,MODIS,68,6.2,305.6,13.2,D,0
23.407,92.0709,321.5,1.3,1.1,2010-04-16,0728,Aqua,MODIS,67,6.2,305.7,10,D,0
23.3361,92.1502,326.2,1.3,1.1,2010-04-16,0728,Aqua,MODIS,74,6.2,306.5,16.3,D,0
23.3376,92.1628,325.6,1.3,1.1,2010-04-16,0728,Aqua,MODIS,73,6.2,305.9,15.9,D,0
23.3391,92.1752,323.8,1.3,1.1,2010-04-16,0728,Aqua,MODIS,65,6.2,304.5,12.4,D,0
22.8871,92.3996,324.4,1.3,1.1,2010-04-16,0728,Aqua,MODIS,68,6.2,306.4,13.3,D,0
23.0851,92.0099,325.3,1.3,1.1,2010-04-16,0728,Aqua,MODIS,71,6.2,305.6,14,D,0
23.0865,92.022,327.7,1.3,1.1,2010-04-16,0728,Aqua,MODIS,75,6.2,305.9,18.4,D,0
23.085,92.0167,332.1,1.3,1.1,2010-04-16,0728,Aqua,MODIS,80,6.2,306.1,26.3,D,0
23.0865,92.0288,323.3,1.3,1.1,2010-04-16,0728,Aqua,MODIS,54,6.2,305.9,11.4,D,0
23.0832,92.1673,323.1,1.3,1.1,2010-04-16,0728,Aqua,MODIS,66,6.2,305.8,11.4,D,0
23.531,91.9957,322,1.3,1.1,2010-04-16,0728,Aqua,MODIS,69,6.2,304.4,12.8,D,0
23.0169,91.7941,332.6,1.2,1.1,2010-04-16,0728,Aqua,MODIS,81,6.2,305.1,26.3,D,0
23.5325,92.008,320.9,1.3,1.1,2010-04-16,0728,Aqua,MODIS,67,6.2,303.8,12,D,0
23.5149,91.9476,325.7,1.3,1.1,2010-04-16,0728,Aqua,MODIS,75,6.2,306.2,15.5,D,0
23.1901,92.2859,322.7,1.3,1.1,2010-04-16,0728,Aqua,MODIS,66,6.2,304.2,11.2,D,0
23.1697,92.2887,339.6,1.3,1.1,2010-04-16,0728,Aqua,MODIS,87,6.2,305.8,43.8,D,0
23.1713,92.3014,329.8,1.3,1.1,2010-04-16,0728,Aqua,MODIS,78,6.2,306.1,23.1,D,0
23.1565,92.2647,332.5,1.3,1.1,2010-04-16,0728,Aqua,MODIS,81,6.2,306.1,27.7,D,0
22.8586,91.9141,323,1.2,1.1,2010-04-16,0728,Aqua,MODIS,66,6.2,304.9,10,D,0
22.6593,92.0287,321.7,1.2,1.1,2010-04-16,0728,Aqua,MODIS,63,6.2,303.4,9.3,D,0
22.2489,92.3284,374.9,1.3,1.1,2010-04-16,0728,Aqua,MODIS,100,6.2,306.6,172.9,D,0
23.3725,92.196,323.1,1.3,1.1,2010-04-16,0728,Aqua,MODIS,68,6.2,304.6,13.6,D,0
22.2474,92.3161,338.8,1.3,1.1,2010-04-16,0728,Aqua,MODIS,87,6.2,306.5,39.1,D,0
22.9437,90.0241,327.2,1,1,2010-04-16,0728,Aqua,MODIS,74,6.2,305.6,14.8,D,0
23.3688,91.8395,324.4,1.2,1.1,2010-04-16,0728,Aqua,MODIS,72,6.2,306.2,14.2,D,0
22.9976,91.8818,320.8,1.2,1.1,2010-04-16,0728,Aqua,MODIS,61,6.2,305.6,8,D,0
22.287,92.2232,325.7,1.3,1.1,2010-04-16,0728,Aqua,MODIS,61,6.2,305.2,14.3,D,0
22.0199,92.2913,320.5,1.3,1.1,2010-04-16,0728,Aqua,MODIS,49,6.2,298.8,9,D,0
22.287,92.23,323.9,1.3,1.1,2010-04-16,0728,Aqua,MODIS,70,6.2,305.4,10.9,D,0
22.4742,92.2656,334.9,1.3,1.1,2010-04-16,0728,Aqua,MODIS,84,6.2,304.8,32.2,D,0
22.259,92.327,341.4,1.3,1.1,2010-04-16,0728,Aqua,MODIS,89,6.2,304.7,46.5,D,0
22.2938,92.3597,325.7,1.3,1.1,2010-04-16,0728,Aqua,MODIS,73,6.2,306,15,D,0
22.3289,92.3239,344.4,1.3,1.1,2010-04-16,0728,Aqua,MODIS,91,6.2,303.8,54.3,D,0
22.3275,92.3117,324.5,1.3,1.1,2010-04-16,0728,Aqua,MODIS,71,6.2,305.3,12.6,D,0
23.1314,92.141,321.3,1.3,1.1,2010-04-16,0728,Aqua,MODIS,62,6.2,305.8,8.6,D,0
22.9454,92.1166,323.1,1.3,1.1,2010-04-16,0728,Aqua,MODIS,66,6.2,305.3,11.6,D,0
22.4622,92.3237,332,1.3,1.1,2010-04-16,0728,Aqua,MODIS,81,6.2,302.4,28.4,D,0
22.1927,92.4554,327.7,1.3,1.1,2010-04-16,0728,Aqua,MODIS,66,6.2,303.8,21.1,D,0
22.9475,92.3062,322.7,1.3,1.1,2010-04-16,0728,Aqua,MODIS,65,6.2,306.8,12.2,D,0
22.9897,92.3133,323.2,1.3,1.1,2010-04-16,0728,Aqua,MODIS,66,6.2,306.7,13.2,D,0
22.4746,92.2587,328.6,1.3,1.1,2010-04-16,0728,Aqua,MODIS,51,6.2,306.1,19,D,0
22.4661,92.2724,325.7,1.3,1.1,2010-04-16,0728,Aqua,MODIS,61,6.2,302.5,14.6,D,0
21.3531,92.0931,320.5,4.4,1.9,2010-04-17,0632,Aqua,MODIS,47,6.2,295,90,D,0
21.3642,92.1256,318.9,4.3,1.9,2010-04-17,0632,Aqua,MODIS,35,6.2,295.4,70.8,D,0
21.3552,92.0847,318.6,4.4,1.9,2010-04-17,0632,Aqua,MODIS,13,6.2,295.1,64.8,D,0
21.446,92.4489,319.2,4.1,1.9,2010-04-17,0632,Aqua,MODIS,47,6.2,291.2,93,D,0
22.1794,92.5003,328.4,3.9,1.8,2010-04-17,0633,Aqua,MODIS,77,6.2,293.2,152.3,D,0
22.0528,92.2554,318.2,4.1,1.9,2010-04-17,0633,Aqua,MODIS,55,6.2,292.1,80.9,D,0
22.0566,92.2496,318.2,4.1,1.9,2010-04-17,0633,Aqua,MODIS,55,6.2,291.9,83.3,D,0
22.0651,92.2885,320,4.1,1.9,2010-04-17,0633,Aqua,MODIS,62,6.2,292.2,93.6,D,0
22.1631,92.5039,319.1,3.9,1.8,2010-04-17,0633,Aqua,MODIS,59,6.2,293.9,82.2,D,0
22.4729,92.2735,307.7,1.2,1.1,2010-04-17,1556,Terra,MODIS,72,6.2,295.6,7.5,N,0
21.754,92.2596,314.6,1,1,2010-04-18,0715,Aqua,MODIS,43,6.2,290.4,5.8,D,0
21.6722,92.4655,316.9,1,1,2010-04-18,0715,Aqua,MODIS,61,6.2,294.3,7.5,D,0
21.8313,92.4175,336.4,1,1,2010-04-18,0715,Aqua,MODIS,88,6.2,296.8,27.6,D,0
21.1915,92.126,321.2,1,1,2010-04-18,0715,Aqua,MODIS,71,6.2,299,8.6,D,0
21.1928,92.1355,331.2,1,1,2010-04-18,0715,Aqua,MODIS,82,6.2,298.1,19.7,D,0
21.6117,92.4907,341.3,1,1,2010-04-18,0715,Aqua,MODIS,91,6.2,295.4,39.2,D,0
21.3573,92.1252,340.5,1,1,2010-04-18,0715,Aqua,MODIS,89,6.2,295.1,34.7,D,0
21.356,92.1157,333.6,1,1,2010-04-18,0715,Aqua,MODIS,84,6.2,299.3,23.3,D,0
21.613,92.5004,322.4,1,1,2010-04-18,0715,Aqua,MODIS,75,6.2,294,13.2,D,0
21.5189,92.2227,326.6,1,1,2010-04-18,0715,Aqua,MODIS,66,6.2,300.6,14,D,0
21.4907,92.4195,348.4,1,1,2010-04-18,0715,Aqua,MODIS,94,6.2,295.3,51.7,D,0
21.5572,92.5586,320.6,1,1,2010-04-18,0715,Aqua,MODIS,62,6.2,299.6,9.4,D,0
21.907,92.1045,328.4,1,1,2010-04-18,0715,Aqua,MODIS,82,6.2,293.5,17.7,D,0
21.7409,92.5556,317.8,1,1,2010-04-18,0715,Aqua,MODIS,47,6.2,294,7.5,D,0
21.8727,92.12,324.9,1,1,2010-04-18,0715,Aqua,MODIS,79,6.2,296.4,12.3,D,0
21.8455,92.1311,328.6,1,1,2010-04-18,0715,Aqua,MODIS,82,6.2,297.7,16.2,D,0
21.8402,92.416,331.3,1,1,2010-04-18,0715,Aqua,MODIS,84,6.2,297.6,19.9,D,0
21.7796,92.1812,316.7,1,1,2010-04-18,0715,Aqua,MODIS,59,6.2,291.7,5.7,D,0
22.0563,92.2753,327.4,1.3,1.1,2010-04-19,0448,Terra,MODIS,71,6.2,287.1,29.9,D,0
23.1814,92.3071,331.5,1.7,1.3,2010-04-23,0734,Aqua,MODIS,82,6.2,297.2,44.4,D,0
23.1823,92.3166,327.9,1.7,1.3,2010-04-23,0734,Aqua,MODIS,78,6.2,295.9,35.7,D,0
22.2911,92.2029,309.5,1,1,2010-04-24,1602,Terra,MODIS,78,6.2,293.6,7.4,N,0
25.0982,89.6014,321.5,1,1,2010-04-25,0722,Aqua,MODIS,0,6.2,306.3,10.2,D,0
23.2638,92.2104,323.5,1,1,2010-04-27,0709,Aqua,MODIS,65,6.2,300.5,12.4,D,0
21.2001,92.1047,330.2,1.1,1,2010-04-27,0709,Aqua,MODIS,80,6.2,302.1,19.3,D,0
23.2231,92.3091,315.6,1,1,2010-04-27,0709,Aqua,MODIS,58,6.2,299.7,5,D,0
21.3593,92.5423,333.9,1,1,2010-04-27,0709,Aqua,MODIS,84,6.2,301.3,27.8,D,0
21.3687,92.0627,321,1.1,1,2010-04-27,0709,Aqua,MODIS,66,6.2,303.1,7.6,D,0
23.2729,92.2088,322.8,1,1,2010-04-27,0709,Aqua,MODIS,75,6.2,300.6,11.9,D,0
21.2017,92.1149,323,1.1,1,2010-04-27,0709,Aqua,MODIS,69,6.2,302.4,9.3,D,0
21.8731,92.1685,322.1,1.5,1.2,2010-04-29,0657,Aqua,MODIS,72,6.2,301.3,14.7,D,0
23.0967,89.9712,319.7,2,1.4,2010-04-29,0657,Aqua,MODIS,46,6.2,297.9,21.9,D,0
21.4227,92.455,320.2,1.5,1.2,2010-04-29,0657,Aqua,MODIS,66,6.2,300.8,14.5,D,0
23.1004,89.9905,320,2,1.4,2010-04-29,0657,Aqua,MODIS,49,6.2,297.5,23.2,D,0
21.8817,92.1718,322.2,1.5,1.2,2010-04-29,0657,Aqua,MODIS,72,6.2,301.6,14.9,D,0
21.4429,92.3793,315.9,1.5,1.2,2010-04-29,0657,Aqua,MODIS,53,6.2,300.1,10.3,D,0
21.182,92.1295,319.4,1.6,1.2,2010-04-29,0657,Aqua,MODIS,63,6.2,300.8,10.1,D,0
23.0428,89.9065,324.2,1.3,1.1,2010-04-30,0429,Terra,MODIS,51,6.2,301.1,17.4,D,0
21.9197,91.9853,319.5,2.6,1.5,2010-05-01,0645,Aqua,MODIS,60,6.2,297,27.8,D,0
21.914,91.9915,316.8,2.6,1.5,2010-05-01,0645,Aqua,MODIS,51,6.2,295.4,19.7,D,0
21.9093,91.9671,315.9,2.6,1.5,2010-05-01,0645,Aqua,MODIS,54,6.2,295.5,14.8,D,0
21.6288,92.1754,321.6,2.5,1.5,2010-05-01,0645,Aqua,MODIS,67,6.2,294.6,40,D,0
21.3753,92.5407,321.6,1.3,1.1,2010-05-02,0727,Aqua,MODIS,52,6.2,300.2,14.5,D,0
23.2822,92.2,312.5,3.8,1.8,2010-05-03,0633,Aqua,MODIS,51,6.2,290.3,42.5,D,0
23.2762,92.2061,313.8,3.8,1.8,2010-05-03,0633,Aqua,MODIS,54,6.2,290.3,52,D,0
21.4216,92.5789,315.3,1,1,2010-05-04,0715,Aqua,MODIS,24,6.2,290.2,8.3,D,0
25.7261,89.5162,318.1,1,1,2010-05-05,0447,Terra,MODIS,65,6.2,300.1,8.9,D,0
25.7793,89.465,317.5,1,1,2010-05-05,0447,Terra,MODIS,31,6.2,299.1,7.9,D,0
24.2595,89.7173,312.6,3.1,1.7,2010-05-05,0759,Aqua,MODIS,0,6.2,290.1,22.1,D,0
23.1954,92.3,312.1,1.2,1.1,2010-05-06,0703,Aqua,MODIS,50,6.2,290.1,5.6,D,0
23.4951,92.2602,319,1.1,1.1,2010-05-06,0703,Aqua,MODIS,66,6.2,287.8,16.3,D,0
25.7795,89.4607,308.5,1.5,1.2,2010-05-06,0704,Aqua,MODIS,27,6.2,281.1,8.9,D,0
23.77,90.8534,326,1,1,2010-05-07,0435,Terra,MODIS,37,6.2,305,13.5,D,0
21.1627,92.1168,326.7,1,1,2010-05-07,0436,Terra,MODIS,74,6.2,304.7,10.8,D,0
22.9826,92.294,317.4,2.8,1.6,2010-05-07,0746,Aqua,MODIS,62,6.2,294.2,28.2,D,0
21.4552,92.2384,319.5,1.1,1,2010-05-13,0709,Aqua,MODIS,52,6.2,301.1,7.2,D,0
21.4568,92.2484,336.5,1,1,2010-05-13,0709,Aqua,MODIS,85,6.2,300.4,30.1,D,0
21.9586,92.212,319.3,1,1,2010-05-13,0709,Aqua,MODIS,33,6.2,299.4,8.6,D,0
22.0819,92.143,319.5,1.5,1.2,2010-05-15,0657,Aqua,MODIS,68,6.2,295.1,14.3,D,0
22.3568,92.476,314.7,1.4,1.2,2010-05-15,0657,Aqua,MODIS,55,6.2,295.4,8,D,0
22.4606,91.1456,316.1,1.7,1.3,2010-05-16,0740,Aqua,MODIS,19,6.2,300.8,16.9,D,3
23.8134,90.3784,307.2,1,1,2010-05-16,1949,Aqua,MODIS,71,6.2,294.2,5.8,N,0
22.214,92.278,307.7,1.1,1.1,2010-05-16,1949,Aqua,MODIS,72,6.2,293.1,7.8,N,0
24.092,88.8812,317.8,1.5,1.2,2010-06-11,0506,Terra,MODIS,24,6.2,296,15,D,0
24.1332,88.9846,319.4,1.5,1.2,2010-06-11,0506,Terra,MODIS,0,6.2,296.1,15.1,D,0
24.2902,89.1346,321.2,1.4,1.2,2010-06-14,0710,Aqua,MODIS,41,6.2,298.9,15.8,D,0
24.355,88.4425,325.1,1.5,1.2,2010-06-14,0710,Aqua,MODIS,40,6.2,301.1,21,D,0
24.8113,91.8014,312.3,1,1,2010-06-30,0709,Aqua,MODIS,52,6.2,292.1,4.2,D,0
24.1678,88.7574,317.6,2.1,1.4,2010-07-01,0752,Aqua,MODIS,0,6.2,293.9,18.4,D,0
23.9991,90.3167,316.6,1.6,1.2,2010-07-03,0740,Aqua,MODIS,23,6.2,294.8,12.4,D,0
23.9421,90.2845,308.1,2.4,1.5,2010-07-04,0512,Terra,MODIS,33,6.2,285.7,14.9,D,0
24.09,88.8789,312.1,1.8,1.3,2010-07-09,0703,Aqua,MODIS,15,6.2,290.2,9.6,D,0
24.882,92.1429,320.5,1.1,1.1,2010-08-10,0703,Aqua,MODIS,55,6.2,296.8,7.9,D,0
23.7692,90.5595,317.5,1.2,1.1,2010-09-02,0709,Aqua,MODIS,61,6.2,298.1,7.6,D,0
23.998,90.3226,318.7,1.2,1.1,2010-09-02,0709,Aqua,MODIS,40,6.2,297.8,9.3,D,0
23.8375,90.4867,308.8,1.1,1,2010-09-12,0435,Terra,MODIS,22,6.2,280.9,4.7,D,0
23.8451,90.6734,307.6,1,1,2010-09-16,0721,Aqua,MODIS,29,6.2,283,4,D,0
23.8148,90.4769,313.5,1,1,2010-10-02,0721,Aqua,MODIS,30,6.2,297.2,3.7,D,0
21.759,91.8424,315.6,1.1,1,2010-10-04,0708,Aqua,MODIS,31,6.2,301,7.6,D,3
25.7787,89.4615,309.3,1,1,2010-10-25,0727,Aqua,MODIS,28,6.2,296.7,4,D,0
25.4682,89.6509,311.3,1,1,2010-11-03,0721,Aqua,MODIS,0,6.2,300.8,5.6,D,0
25.4681,89.6562,310.9,1.1,1,2010-11-04,0453,Terra,MODIS,0,6.2,299.3,6,D,0
25.0199,89.7219,312.2,1.1,1,2010-11-12,0715,Aqua,MODIS,59,6.2,299.9,6.4,D,0
25.9625,89.4815,308.9,1.1,1,2010-11-12,0715,Aqua,MODIS,0,6.2,295.6,3.3,D,0
24.6377,91.5925,313.5,1.3,1.1,2010-11-17,0423,Terra,MODIS,68,6.2,295.7,12.3,D,0
24.2741,91.3385,310.5,2.1,1.4,2010-11-18,0506,Terra,MODIS,33,6.2,296.3,14.1,D,0
23.7213,91.0168,314.8,1.1,1,2010-11-21,0708,Aqua,MODIS,69,6.2,299.5,9.7,D,0
24.3493,89.3765,315.1,1.3,1.1,2010-11-21,0708,Aqua,MODIS,68,6.2,302,10.2,D,0
25.4675,89.6568,307.1,1,1,2010-11-22,0441,Terra,MODIS,0,6.2,296.7,5.3,D,0
24.1467,89.1433,307.7,2.2,1.4,2010-11-22,0751,Aqua,MODIS,43,6.2,296.6,11.4,D,0
24.1464,89.136,309.4,2.2,1.4,2010-11-22,0751,Aqua,MODIS,55,6.2,297.1,15.9,D,0
24.2674,91.2494,313.3,1.9,1.3,2010-11-24,0739,Aqua,MODIS,36,6.2,297.8,13.7,D,0
24.2554,91.2508,314.5,1.9,1.3,2010-11-24,0739,Aqua,MODIS,26,6.2,297.3,14.2,D,0
24.2991,91.3202,313,1.9,1.3,2010-11-24,0739,Aqua,MODIS,50,6.2,297.7,14.5,D,0
23.7313,90.9966,309.6,2.8,1.6,2010-11-25,0644,Aqua,MODIS,64,6.2,295,19.2,D,0
23.2147,90.0684,311.1,1,1,2010-11-26,0726,Aqua,MODIS,59,6.2,297.4,5.1,D,0
23.7407,91.0165,309.9,1.2,1.1,2010-11-26,0727,Aqua,MODIS,58,6.2,297.4,5.2,D,0
24.1702,91.2053,313,1.2,1.1,2010-11-26,0727,Aqua,MODIS,41,6.2,299.6,6.7,D,0
24.2081,91.2706,320.1,1.2,1.1,2010-11-26,0727,Aqua,MODIS,76,6.2,301,13.9,D,0
23.8042,90.9048,312.3,1.1,1.1,2010-11-26,0727,Aqua,MODIS,48,6.2,297.8,5.7,D,0
24.2567,91.3296,314.4,1.2,1.1,2010-11-26,0727,Aqua,MODIS,56,6.2,298.5,8.9,D,0
24.1677,91.2648,312,1.2,1.1,2010-11-26,0727,Aqua,MODIS,63,6.2,298.5,4.7,D,0
23.7718,90.9271,319.1,1,1,2010-11-28,0714,Aqua,MODIS,68,6.2,295.9,9.7,D,0
23.8291,90.881,320.2,1,1,2010-11-28,0714,Aqua,MODIS,75,6.2,297.8,12.4,D,0
23.8535,91.0471,311.7,1,1,2010-11-28,0714,Aqua,MODIS,32,6.2,297.3,5,D,0
23.8259,90.9217,312.1,1,1,2010-11-28,0714,Aqua,MODIS,57,6.2,296.9,5.2,D,0
23.8475,91.0682,313.7,1,1,2010-11-28,0714,Aqua,MODIS,26,6.2,296.9,5.7,D,0
23.8282,91.0616,316,1,1,2010-11-28,0714,Aqua,MODIS,70,6.2,297.2,8.5,D,0
23.8059,90.9712,313.5,1,1,2010-11-28,0714,Aqua,MODIS,65,6.2,296.6,6.9,D,0
23.7762,90.9564,320,1,1,2010-11-28,0714,Aqua,MODIS,75,6.2,296.3,11.3,D,0
23.7776,90.9662,314.7,1,1,2010-11-28,0714,Aqua,MODIS,68,6.2,295.9,7.2,D,0
23.7401,91.0229,313.8,1,1,2010-11-28,0714,Aqua,MODIS,66,6.2,296.5,7.2,D,0
24.1875,91.2493,312.9,1,1,2010-11-28,0714,Aqua,MODIS,65,6.2,295,5.9,D,0
24.2624,91.2607,315.6,1,1,2010-11-28,0715,Aqua,MODIS,59,6.2,297.4,6.6,D,0
24.2227,91.303,319.9,1,1,2010-11-28,0715,Aqua,MODIS,57,6.2,296.7,12.1,D,0
24.29,91.3257,316.1,1,1,2010-11-28,0715,Aqua,MODIS,68,6.2,297.7,7.8,D,0
24.253,91.3222,315.7,1,1,2010-11-28,0715,Aqua,MODIS,55,6.2,295.7,7.7,D,0
24.2342,91.2556,313.8,1,1,2010-11-28,0715,Aqua,MODIS,42,6.2,297,5.3,D,0
24.2086,91.2057,318.8,1,1,2010-11-28,0715,Aqua,MODIS,53,6.2,297.2,9.7,D,0
24.2516,91.3124,316.5,1,1,2010-11-28,0715,Aqua,MODIS,57,6.2,296.6,7.8,D,0
25.4716,89.6593,309.7,1,1,2010-11-29,0447,Terra,MODIS,0,6.2,298.8,6.1,D,0
22.7365,90.1572,310.1,1,1,2010-11-29,0448,Terra,MODIS,62,6.2,293,7.3,D,0
24.2187,91.3058,310.3,4.1,1.9,2010-11-29,0757,Aqua,MODIS,44,6.2,294.6,39.7,D,0
23.8304,90.8919,316.7,1.3,1.1,2010-11-30,0702,Aqua,MODIS,66,6.2,300,12.4,D,0
24.263,91.327,318.3,1.2,1.1,2010-11-30,0702,Aqua,MODIS,74,6.2,302.5,13.6,D,0
23.7411,90.9617,314.1,1.3,1.1,2010-11-30,0702,Aqua,MODIS,28,6.2,300.2,8.1,D,0
23.8393,90.9365,313.4,1.3,1.1,2010-11-30,0702,Aqua,MODIS,62,6.2,300.9,8.9,D,0
23.8308,90.8851,315,1.3,1.1,2010-11-30,0702,Aqua,MODIS,24,6.2,301.3,10,D,0
23.8392,90.9431,312.3,1.3,1.1,2010-11-30,0702,Aqua,MODIS,46,6.2,300.5,8.1,D,0
23.7465,90.9087,311.3,1,1,2010-12-01,0435,Terra,MODIS,60,6.2,300.7,5,D,0
24.1683,91.2022,311.2,2,1.4,2010-12-02,0650,Aqua,MODIS,60,6.2,299.6,13.8,D,0
24.127,91.2568,316.7,1.5,1.2,2010-12-03,0733,Aqua,MODIS,63,6.2,303.4,12.3,D,0
24.5364,91.6605,310.3,1.6,1.2,2010-12-03,0733,Aqua,MODIS,61,6.2,300,8.8,D,0
24.6006,89.0861,314.1,1.1,1.1,2010-12-03,0733,Aqua,MODIS,64,6.2,300.8,8.3,D,0
24.4246,89.3369,320.5,1.2,1.1,2010-12-03,0733,Aqua,MODIS,75,6.2,301.3,15.3,D,0
24.4261,89.3482,314.9,1.2,1.1,2010-12-03,0733,Aqua,MODIS,67,6.2,301.4,8.8,D,0
24.1889,91.3215,319.3,1.5,1.2,2010-12-03,0733,Aqua,MODIS,75,6.2,302.6,16.9,D,0
24.1873,91.3071,321.3,1.5,1.2,2010-12-03,0733,Aqua,MODIS,77,6.2,303.1,19.2,D,0
24.1575,91.238,317.7,1.5,1.2,2010-12-03,0733,Aqua,MODIS,65,6.2,303.6,11.9,D,0
24.4452,89.3581,318.9,1,1,2010-12-05,0721,Aqua,MODIS,73,6.2,303.3,9.9,D,0
26.3186,88.6184,309.9,1,1,2010-12-05,0721,Aqua,MODIS,49,6.2,298.8,5.3,D,0
24.6926,88.9817,329.3,1.1,1.1,2010-12-14,0715,Aqua,MODIS,85,6.2,297.3,29.4,D,0
24.5623,89.1428,308.9,1.1,1.1,2010-12-14,0715,Aqua,MODIS,49,6.2,298.3,5.3,D,0
24.5377,89.1699,308.3,1.1,1.1,2010-12-14,0715,Aqua,MODIS,59,6.2,297.4,5,D,0
24.502,89.1879,308.9,1.1,1.1,2010-12-14,0715,Aqua,MODIS,55,6.2,296.9,5.7,D,0
24.2709,89.0478,318.8,1.1,1.1,2010-12-14,0715,Aqua,MODIS,77,6.2,296.6,17,D,0
25.1682,90.204,306.2,1,1,2010-12-14,0715,Aqua,MODIS,59,6.2,296,4.1,D,0
24.5866,89.0754,309.6,1.1,1.1,2010-12-14,0715,Aqua,MODIS,43,6.2,298.5,6,D,0
24.4421,89.9243,307.4,1.1,1,2010-12-14,0715,Aqua,MODIS,61,6.2,297.2,5.2,D,0
24.5884,89.0863,313.9,1.1,1.1,2010-12-14,0715,Aqua,MODIS,64,6.2,298.3,9.4,D,0
25.5269,89.6349,304.8,1,1,2010-12-15,0447,Terra,MODIS,57,6.2,293.6,4.5,D,0
24.44,89.3612,309.7,1.6,1.3,2010-12-16,0702,Aqua,MODIS,63,6.2,299.3,10.1,D,0
24.5624,89.1403,309.5,1.7,1.3,2010-12-16,0702,Aqua,MODIS,62,6.2,298.1,10.9,D,0
23.7602,90.9664,310.5,1.3,1.1,2010-12-16,0702,Aqua,MODIS,66,6.2,298,8.9,D,0
24.542,91.5948,308.5,1.2,1.1,2010-12-16,0702,Aqua,MODIS,60,6.2,298.5,5.9,D,0
24.6115,89.1119,309.8,1.7,1.3,2010-12-17,0745,Aqua,MODIS,60,6.2,293.1,11.9,D,0
24.4595,89.3793,310.3,1.2,1.1,2010-12-19,0733,Aqua,MODIS,62,6.2,298.7,6,D,0
24.5133,89.2391,314.5,1.1,1.1,2010-12-19,0733,Aqua,MODIS,34,6.2,299.8,8.4,D,0
23.9395,89.4607,311.2,1.2,1.1,2010-12-19,0733,Aqua,MODIS,65,6.2,297.2,8.7,D,0
24.5038,89.2406,314.9,1.1,1.1,2010-12-19,0733,Aqua,MODIS,59,6.2,298.9,9.2,D,0
23.2962,88.873,314.2,1,1,2010-12-21,0720,Aqua,MODIS,61,6.2,298.9,9.3,D,0
22.1016,90.6553,312.7,1,1,2010-12-21,0720,Aqua,MODIS,69,6.2,296.9,8.1,D,0
24.2473,91.2748,310.7,1,1,2010-12-21,0721,Aqua,MODIS,65,6.2,299.3,4.9,D,0
23.7489,90.9262,309.4,1,1,2010-12-21,0721,Aqua,MODIS,63,6.2,298.2,4.4,D,0
24.2486,91.285,310.4,1,1,2010-12-21,0721,Aqua,MODIS,64,6.2,299.8,4.6,D,0
24.4389,89.3657,314.8,1,1,2010-12-21,0721,Aqua,MODIS,72,6.2,297.7,9,D,0
24.4421,89.3249,310.4,1,1,2010-12-21,0721,Aqua,MODIS,51,6.2,296.4,6.3,D,0
24.4692,89.2529,307.1,1,1,2010-12-21,0721,Aqua,MODIS,55,6.2,296.1,4.5,D,0
24.4946,89.2383,319.8,1,1,2010-12-21,0721,Aqua,MODIS,77,6.2,297,13.4,D,0
24.5125,89.2351,312.8,1,1,2010-12-21,0721,Aqua,MODIS,37,6.2,297.6,6.1,D,0
24.5052,89.1859,314.5,1,1,2010-12-21,0721,Aqua,MODIS,71,6.2,296.8,9.4,D,0
24.5896,89.0742,308.3,1,1,2010-12-21,0721,Aqua,MODIS,47,6.2,297.6,4.9,D,0
22.3437,91.8258,307.1,1.5,1.2,2010-12-22,0454,Terra,MODIS,65,6.2,295,8.2,D,0
24.1221,89.397,307.9,1.3,1.1,2010-12-23,0708,Aqua,MODIS,60,6.2,296.9,6.6,D,0
24.4498,89.4027,306.4,2.3,1.5,2010-12-24,0751,Aqua,MODIS,54,6.2,295.2,13.6,D,0
23.831,90.4363,301.8,3,1.7,2010-12-24,1538,Terra,MODIS,44,6.2,286.2,33.4,N,0
24.4432,89.9248,310.8,1.5,1.2,2010-12-26,0739,Aqua,MODIS,65,6.2,298.7,11.3,D,0
23.2572,91.8375,308,1.3,1.1,2010-12-28,0726,Aqua,MODIS,62,6.2,296.9,7.1,D,0
24.1841,91.1868,308.6,1.2,1.1,2010-12-28,0727,Aqua,MODIS,61,6.2,297.7,5.7,D,0
23.3821,89.0395,312.8,1,1,2010-12-28,0727,Aqua,MODIS,67,6.2,298.3,8.1,D,0
24.4427,89.3905,309.8,1,1,2010-12-28,0727,Aqua,MODIS,59,6.2,296.7,5,D,0
24.4441,89.4005,309.3,1,1,2010-12-28,0727,Aqua,MODIS,52,6.2,296.5,4.7,D,0
24.1856,91.1984,310,1.2,1.1,2010-12-28,0727,Aqua,MODIS,65,6.2,297.8,7,D,0
24.4269,89.3419,307.7,1,1,2010-12-28,0727,Aqua,MODIS,26,6.2,296.7,4.6,D,0
24.1848,91.2004,311.3,1,1,2010-12-30,0714,Aqua,MODIS,53,6.2,299.5,5.4,D,0
24.2554,91.3013,318.2,1,1,2010-12-30,0714,Aqua,MODIS,75,6.2,299.8,10.3,D,0
