latitude,longitude,brightness,scan,track,acq_date,acq_time,satellite,instrument,confidence,version,bright_t31,frp,daynight,type
22.1173,91.964,321.4,1.1,1,2005-01-05,0717,Aqua,MODIS,78,6.2,301,14.4,D,0
25.0788,91.5473,321.3,1,1,2005-01-08,0440,Terra,MODIS,79,6.2,296.9,16.3,D,0
25.0804,91.5631,311.6,3.4,1.7,2005-01-08,0748,Aqua,MODIS,50,6.2,291.9,39.2,D,0
25.0811,91.5382,324.1,3.4,1.7,2005-01-08,0748,Aqua,MODIS,0,6.2,294.3,102.7,D,0
25.0832,91.5457,337.7,2.3,1.5,2005-01-08,1537,Terra,MODIS,100,6.2,288.8,144.1,N,0
25.0788,91.5229,301.1,2.4,1.5,2005-01-08,1537,Terra,MODIS,37,6.2,286.7,19.1,N,0
25.0793,91.54,330.4,2.3,1.5,2005-01-08,1537,Terra,MODIS,100,6.2,289.8,109.3,N,0
25.0845,91.5452,300.5,1.3,1.1,2005-01-08,1956,Aqua,MODIS,28,6.2,284.9,9.5,N,0
25.0803,91.5581,308.7,4.5,2,2005-01-09,0523,Terra,MODIS,59,6.2,290.9,59.9,D,0
25.0797,91.551,311.8,4.5,2,2005-01-09,0523,Terra,MODIS,62,6.2,291.1,80.3,D,0
25.0772,91.5418,312.3,1.5,1.2,2005-01-09,0653,Aqua,MODIS,61,6.2,296,12.4,D,0
25.0415,89.5752,304.1,2,1.4,2005-01-09,0653,Aqua,MODIS,0,6.2,290.2,6.9,D,0
25.0476,89.6726,305.2,1.9,1.4,2005-01-09,0653,Aqua,MODIS,0,6.2,291.9,8.3,D,0
25.3365,89.5274,302.2,2,1.4,2005-01-09,0653,Aqua,MODIS,26,6.2,287,6.7,D,0
24.6279,91.8791,304.4,2.1,1.4,2005-01-10,0736,Aqua,MODIS,54,6.2,293.2,11.4,D,0
22.5438,92.1328,306.9,1.2,1.1,2005-01-16,0659,Aqua,MODIS,59,6.2,296.3,5.9,D,0
22.875,91.6462,309.3,2,1.4,2005-01-18,0647,Aqua,MODIS,66,6.2,297.9,14.1,D,0
25.4689,89.6364,305.1,1.2,1.1,2005-01-19,0730,Aqua,MODIS,0,6.2,292,3.2,D,0
22.6396,91.8774,312.9,1.1,1,2005-01-21,0717,Aqua,MODIS,68,6.2,299.8,6.8,D,0
21.9923,92.1928,311.5,1,1,2005-01-23,0705,Aqua,MODIS,44,6.2,300.8,5.3,D,0
23.8097,91.1758,301,1,1,2005-01-24,0441,Terra,MODIS,16,6.2,289.2,1.8,D,0
21.4478,92.2243,310.2,1,1,2005-01-26,0429,Terra,MODIS,56,6.2,298.3,6,D,0
25.6131,89.5506,306.3,1.9,1.4,2005-01-27,0511,Terra,MODIS,22,6.2,293.8,10.9,D,0
22.5759,91.9542,316.5,1,1,2005-01-30,0711,Aqua,MODIS,61,6.2,302.6,7.5,D,0
22.5736,91.2184,311.6,3.9,1.8,2005-01-31,0754,Aqua,MODIS,0,6.2,297.8,32,D,0
22.3454,92.1337,313.8,1.6,1.2,2005-02-04,0729,Aqua,MODIS,64,6.2,302.5,11.6,D,0
22.3471,92.1489,316.3,1.6,1.2,2005-02-04,0729,Aqua,MODIS,68,6.2,301.5,15.9,D,0
24.1413,89.1499,310.7,1,1,2005-02-06,0717,Aqua,MODIS,57,6.2,297,5.2,D,0
24.1398,89.1401,323.5,1,1,2005-02-06,0717,Aqua,MODIS,79,6.2,298.4,16.6,D,0
24.1533,89.1279,308.1,1.1,1,2005-02-07,0453,Terra,MODIS,55,6.2,297.4,5.5,D,0
24.1812,91.3846,315.2,1.1,1,2005-02-08,0705,Aqua,MODIS,43,6.2,299.6,6.9,D,0
22.4046,92.0807,316,1,1,2005-02-08,0705,Aqua,MODIS,67,6.2,303.3,7.4,D,0
22.4619,91.7885,309.7,1.1,1,2005-02-09,0441,Terra,MODIS,50,6.2,299.1,4.4,D,0
22.3591,92.3199,318.1,1.1,1,2005-02-09,0441,Terra,MODIS,75,6.2,298.2,13.9,D,0
24.094,88.829,312.7,1.1,1,2005-02-09,0441,Terra,MODIS,0,6.2,301.5,7.7,D,0
22.4635,91.7784,309.2,1.1,1,2005-02-09,0441,Terra,MODIS,50,6.2,298.8,4.3,D,0
24.2023,91.4036,313.7,3.2,1.7,2005-02-09,0748,Aqua,MODIS,63,6.2,298,33,D,0
25.4679,89.6595,309.1,3.2,1.7,2005-02-10,0523,Terra,MODIS,0,6.2,297.9,31.9,D,0
25.7373,89.7136,311.5,1.9,1.3,2005-02-10,0653,Aqua,MODIS,0,6.2,298.2,12.4,D,0
22.7044,91.6369,311.6,1.1,1,2005-02-11,0429,Terra,MODIS,38,6.2,301,5.3,D,0
22.9162,91.6394,309.7,1.1,1,2005-02-11,0429,Terra,MODIS,60,6.2,299,4.5,D,0
25.4687,89.6522,309.4,2,1.4,2005-02-12,0511,Terra,MODIS,0,6.2,297.8,16.2,D,0
25.465,89.6712,308.3,2,1.4,2005-02-12,0511,Terra,MODIS,0,6.2,297.3,13.8,D,0
24.1819,91.375,316.2,1.2,1.1,2005-02-13,0723,Aqua,MODIS,53,6.2,300.4,8.5,D,0
24.216,91.3872,337.4,1.2,1.1,2005-02-13,0723,Aqua,MODIS,88,6.2,301.7,42,D,0
25.4751,89.6602,310.1,1.2,1.1,2005-02-14,0459,Terra,MODIS,0,6.2,298,8.7,D,0
23.1108,89.5841,312.5,1.3,1.1,2005-02-14,0459,Terra,MODIS,63,6.2,300.8,10.2,D,0
24.0941,88.8832,307.8,1.2,1.1,2005-02-14,0459,Terra,MODIS,0,6.2,297.4,5,D,0
24.5069,91.9343,300.3,1.2,1.1,2005-02-14,1556,Terra,MODIS,23,6.2,288.2,6,N,0
24.1137,90.3971,315.1,1,1,2005-02-15,0711,Aqua,MODIS,59,6.2,300.8,5.6,D,0
24.1152,90.4071,316.2,1,1,2005-02-15,0711,Aqua,MODIS,58,6.2,301.2,6.1,D,0
24.8863,91.9149,312.7,1,1,2005-02-15,0711,Aqua,MODIS,51,6.2,298.3,3.9,D,0
24.2143,91.3916,318.8,1,1,2005-02-15,0711,Aqua,MODIS,70,6.2,304.1,8.1,D,0
24.1773,91.3881,316.9,1,1,2005-02-15,0711,Aqua,MODIS,53,6.2,303.8,6.4,D,0
22.9733,89.5284,315.7,1.1,1.1,2005-02-15,0711,Aqua,MODIS,64,6.2,303.7,8.7,D,0
22.3478,92.386,321.1,1,1,2005-02-15,0711,Aqua,MODIS,75,6.2,301.1,12.3,D,0
25.8758,89.3071,312.7,1.1,1,2005-02-15,0712,Aqua,MODIS,36,6.2,300.2,7.7,D,0
23.1062,89.5816,317.3,1.7,1.3,2005-02-17,0659,Aqua,MODIS,48,6.2,302.3,14.7,D,0
23.6112,89.8844,316.4,1.6,1.2,2005-02-17,0659,Aqua,MODIS,39,6.2,302.2,14.9,D,0
24.164,91.394,319.6,1.2,1.1,2005-02-17,0659,Aqua,MODIS,66,6.2,298.3,12.8,D,0
22.5048,91.7265,315,1,1,2005-02-18,0435,Terra,MODIS,62,6.2,299.2,6.7,D,0
21.8808,92.404,324.2,1.1,1,2005-02-22,0717,Aqua,MODIS,75,6.2,306,13.5,D,0
24.2096,91.3945,346.6,1.3,1.1,2005-02-23,0453,Terra,MODIS,94,6.2,301.8,74.9,D,0
25.1497,89.7047,310.6,1.1,1,2005-02-23,0453,Terra,MODIS,0,6.2,298.2,6.4,D,0
24.2074,91.4073,312.9,1.3,1.1,2005-02-23,0453,Terra,MODIS,63,6.2,300.6,8.5,D,0
24.2118,91.3817,344.2,1.3,1.1,2005-02-23,0453,Terra,MODIS,93,6.2,300.7,67.6,D,0
22.3434,92.3095,322.2,1,1,2005-02-24,0704,Aqua,MODIS,75,6.2,302.7,12.8,D,0
21.7508,92.175,317.4,1.1,1,2005-02-24,0704,Aqua,MODIS,69,6.2,303.4,7.5,D,0
22.2207,92.0508,319.1,1.1,1,2005-02-24,0704,Aqua,MODIS,55,6.2,305.7,7.4,D,0
21.634,92.1403,324.3,1.1,1,2005-02-24,0704,Aqua,MODIS,78,6.2,304,15.3,D,0
24.2107,90.3518,315.9,1.2,1.1,2005-02-24,0705,Aqua,MODIS,65,6.2,301.3,7.4,D,0
23.0195,92.269,315.5,1,1,2005-02-24,0705,Aqua,MODIS,25,6.2,302.4,6.1,D,0
23.0105,92.2706,317.7,1,1,2005-02-24,0705,Aqua,MODIS,61,6.2,301.8,8.3,D,0
24.2156,90.3558,317.1,1.2,1.1,2005-02-24,0705,Aqua,MODIS,68,6.2,301.3,9.5,D,0
24.0801,90.4176,317.1,1.2,1.1,2005-02-24,0705,Aqua,MODIS,67,6.2,301,7.9,D,0
22.7694,91.8325,316.6,1.1,1,2005-02-24,0705,Aqua,MODIS,65,6.2,302.8,6.7,D,0
22.7678,91.8224,320.5,1.1,1,2005-02-24,0705,Aqua,MODIS,72,6.2,303.8,10.7,D,0
23.1007,89.9574,311,1.3,1.1,2005-02-24,0705,Aqua,MODIS,45,6.2,299.5,5.9,D,0
23.0359,89.5033,310.9,1.4,1.2,2005-02-24,0705,Aqua,MODIS,42,6.2,299.7,7.1,D,0
23.0611,89.5914,313,1.3,1.1,2005-02-24,0705,Aqua,MODIS,58,6.2,300.4,9.7,D,0
23.1208,89.587,315.2,1.3,1.1,2005-02-24,0705,Aqua,MODIS,41,6.2,299.7,9.6,D,0
23.1331,89.5978,315,1.3,1.1,2005-02-24,0705,Aqua,MODIS,56,6.2,302.4,9.7,D,0
23.131,89.585,319.5,1.3,1.1,2005-02-24,0705,Aqua,MODIS,72,6.2,302.7,15.9,D,0
24.2308,91.7265,314.9,1,1,2005-02-25,0440,Terra,MODIS,70,6.2,300.9,7.5,D,0
22.3954,92.1165,320.5,1.1,1,2005-02-25,0441,Terra,MODIS,76,6.2,301.4,13.7,D,0
22.2223,92.0762,314.8,1.5,1.2,2005-02-26,0652,Aqua,MODIS,46,6.2,302.4,11.6,D,0
23.093,92.108,313.9,1.4,1.2,2005-02-26,0652,Aqua,MODIS,63,6.2,301.5,10.2,D,0
23.0872,89.5767,318.2,2.2,1.4,2005-02-26,0652,Aqua,MODIS,68,6.2,303.3,30.2,D,0
22.7397,91.8598,317,1.5,1.2,2005-02-26,0652,Aqua,MODIS,68,6.2,302.5,13.6,D,0
22.4827,92.3971,302.4,1.3,1.1,2005-02-26,1619,Terra,MODIS,49,6.2,290.9,8,N,0
22.4812,92.3846,310.1,1.3,1.1,2005-02-26,1619,Terra,MODIS,79,6.2,291.7,14.9,N,0
23.5171,92.2517,309.8,1,1,2005-02-27,0428,Terra,MODIS,56,6.2,298.9,6,D,0
24.08,90.4355,324.8,1.3,1.1,2005-02-27,0428,Terra,MODIS,78,6.2,303.6,20.9,D,0
23.1111,91.7893,315.1,1.1,1,2005-02-27,0429,Terra,MODIS,67,6.2,298.1,9.2,D,0
23.1308,89.599,320.6,1.4,1.2,2005-02-27,0735,Aqua,MODIS,65,6.2,306.7,13.9,D,0
22.3939,92.2661,313.9,2.1,1.4,2005-02-27,0735,Aqua,MODIS,39,6.2,302.6,12.6,D,0
23.2393,92.0214,315.7,2.1,1.4,2005-02-27,0735,Aqua,MODIS,62,6.2,303,16.3,D,0
22.3815,92.1474,332.7,2,1.4,2005-02-27,0735,Aqua,MODIS,83,6.2,304.2,68.1,D,0
22.979,89.5307,316.4,1.4,1.2,2005-02-27,0735,Aqua,MODIS,60,6.2,305,11.3,D,0
22.9775,89.5174,317.7,1.4,1.2,2005-02-27,0735,Aqua,MODIS,64,6.2,304.4,13.3,D,0
23.0874,89.5913,325.7,1.4,1.2,2005-02-27,0735,Aqua,MODIS,77,6.2,305.7,25.6,D,0
23.0978,89.5898,335.9,1.4,1.2,2005-02-27,0735,Aqua,MODIS,86,6.2,306.5,46.3,D,0
23.5193,91.9642,331.4,1.1,1,2005-02-27,1944,Aqua,MODIS,100,6.2,291.7,34.9,N,0
23.4631,91.9691,304.5,1.1,1,2005-02-27,1944,Aqua,MODIS,60,6.2,289.4,8.2,N,0
23.5209,91.9542,332.1,1.1,1,2005-02-27,1944,Aqua,MODIS,100,6.2,289.2,35.9,N,0
23.0024,92.3213,316.9,2.3,1.5,2005-02-28,0640,Aqua,MODIS,69,6.2,300.4,31.6,D,0
22.4992,92.399,309.2,1,1,2005-02-28,1607,Terra,MODIS,77,6.2,292,9.7,N,0
22.4979,92.3893,323.4,1,1,2005-02-28,1607,Terra,MODIS,100,6.2,292.3,22,N,0
22.0621,91.9652,319.2,1.2,1.1,2005-03-01,0723,Aqua,MODIS,68,6.2,306.1,9.1,D,0
24.3439,91.9157,327.7,1.3,1.1,2005-03-01,0723,Aqua,MODIS,81,6.2,300.8,26.6,D,0
24.1988,91.3841,323.3,1.2,1.1,2005-03-01,0723,Aqua,MODIS,72,6.2,307.2,13.8,D,0
24.1973,91.3724,335.1,1.2,1.1,2005-03-01,0723,Aqua,MODIS,87,6.2,305.6,33.7,D,0
23.5065,89.3247,320,1,1,2005-03-01,0723,Aqua,MODIS,67,6.2,306.8,8,D,0
22.849,89.8942,318.9,1,1,2005-03-01,0723,Aqua,MODIS,64,6.2,305.7,9,D,0
24.9737,89.5681,315.7,1.3,1.1,2005-03-02,0459,Terra,MODIS,0,6.2,305.1,12.3,D,0
22.3737,92.4838,316.7,1.2,1.1,2005-03-02,1555,Terra,MODIS,94,6.2,292,17.8,N,0
22.3833,92.4822,308.2,1.2,1.1,2005-03-02,1555,Terra,MODIS,74,6.2,292.6,10.1,N,0
23.1976,92.1469,300,3.3,1.7,2005-03-02,2015,Aqua,MODIS,6,6.2,289.5,26.6,N,0
22.663,91.7155,321.1,1,1,2005-03-03,0710,Aqua,MODIS,67,6.2,303.3,9.9,D,0
22.6644,91.7251,325.1,1,1,2005-03-03,0710,Aqua,MODIS,74,6.2,302.2,13.4,D,0
22.9699,89.5264,319,1.1,1.1,2005-03-03,0711,Aqua,MODIS,54,6.2,306.1,9.5,D,0
23.0766,91.3863,318.3,1,1,2005-03-03,0711,Aqua,MODIS,64,6.2,300.9,6.9,D,0
24.1513,91.4249,321.7,1,1,2005-03-03,0711,Aqua,MODIS,56,6.2,306.7,7.6,D,0
24.1424,91.4264,331.2,1,1,2005-03-03,0711,Aqua,MODIS,82,6.2,305,18.8,D,0
24.1438,91.4361,322.6,1,1,2005-03-03,0711,Aqua,MODIS,62,6.2,304.7,9,D,0
23.4681,91.9285,315.8,1,1,2005-03-03,0711,Aqua,MODIS,59,6.2,300,5.2,D,0
23.0482,89.9052,330.6,1.1,1,2005-03-03,0711,Aqua,MODIS,81,6.2,306.4,21.8,D,0
22.0606,92.2702,314.1,4.5,2,2005-03-04,0753,Aqua,MODIS,60,6.2,296.8,46.9,D,0
22.0588,92.2773,313.3,4.5,2,2005-03-04,0753,Aqua,MODIS,58,6.2,296.8,43.4,D,0
22.6303,91.7474,319.1,1.3,1.1,2005-03-05,0658,Aqua,MODIS,61,6.2,302,10.7,D,0
22.533,92.4659,325.5,1.2,1.1,2005-03-05,0658,Aqua,MODIS,77,6.2,301.9,18,D,0
22.9097,92.2661,319.4,1.2,1.1,2005-03-05,0658,Aqua,MODIS,52,6.2,301.7,11.6,D,0
22.5425,92.4639,328.4,1.2,1.1,2005-03-05,0658,Aqua,MODIS,80,6.2,302.3,22.1,D,0
22.5406,92.4524,348.9,1.2,1.1,2005-03-05,0658,Aqua,MODIS,94,6.2,304.6,63.1,D,0
21.5444,92.5803,323.7,1.2,1.1,2005-03-05,0658,Aqua,MODIS,75,6.2,302.7,16.4,D,0
21.5426,92.5689,333,1.2,1.1,2005-03-05,0658,Aqua,MODIS,84,6.2,304,30.7,D,0
22.3792,92.229,322.8,1.2,1.1,2005-03-05,0658,Aqua,MODIS,74,6.2,302.5,14.2,D,0
22.381,92.2402,321.1,1.2,1.1,2005-03-05,0658,Aqua,MODIS,71,6.2,303.6,12,D,0
22.5311,92.4542,327.8,1.2,1.1,2005-03-05,0658,Aqua,MODIS,80,6.2,302.9,21.5,D,0
23.0888,89.5808,321.8,1.7,1.3,2005-03-05,0658,Aqua,MODIS,55,6.2,302.4,21.3,D,0
23.0859,89.5647,318.5,1.7,1.3,2005-03-05,0658,Aqua,MODIS,21,6.2,300.5,14.3,D,0
23.6862,92.1106,330.6,1.2,1.1,2005-03-05,0659,Aqua,MODIS,83,6.2,299.5,29.8,D,0
22.5292,92.3826,344,1,1,2005-03-06,0435,Terra,MODIS,93,6.2,288,47.1,D,0
22.5277,92.3923,311.6,1,1,2005-03-06,0435,Terra,MODIS,62,6.2,287.1,6.8,D,0
23.1306,89.7707,319.6,1.1,1.1,2005-03-06,0435,Terra,MODIS,56,6.2,303.8,8.7,D,0
22.4698,91.7776,311.4,2.5,1.5,2005-03-06,0741,Aqua,MODIS,45,6.2,293.9,16.9,D,0
22.5585,92.348,363.3,2.8,1.6,2005-03-06,0741,Aqua,MODIS,100,6.2,294.9,389.6,D,0
22.5542,92.3552,341.5,2.8,1.6,2005-03-06,0741,Aqua,MODIS,91,6.2,293.5,172,D,0
22.5685,92.3535,361.6,2.8,1.6,2005-03-06,0741,Aqua,MODIS,100,6.2,294.6,367.8,D,0
22.561,92.3753,344.8,2.8,1.6,2005-03-06,0741,Aqua,MODIS,92,6.2,293.9,198.8,D,0
22.5262,92.3837,309.8,3,1.7,2005-03-06,1531,Terra,MODIS,78,6.2,291.7,48.4,N,0
22.52,92.3537,312.7,3.1,1.7,2005-03-06,1531,Terra,MODIS,85,6.2,291.6,59.3,N,0
22.5265,92.3899,302.2,3,1.7,2005-03-06,1531,Terra,MODIS,48,6.2,291.4,24.1,N,0
22.5207,92.3606,318.5,3.1,1.7,2005-03-06,1531,Terra,MODIS,97,6.2,291.8,84,N,0
22.6977,92.3862,302.8,1.1,1,2005-03-07,1613,Terra,MODIS,39,6.2,292.5,4.6,N,0
22.6964,92.3757,354.7,1.1,1,2005-03-07,1613,Terra,MODIS,100,6.2,294.5,82.7,N,0
24.0883,89.7849,316.6,1.7,1.3,2005-03-09,0505,Terra,MODIS,0,6.2,301.8,16.6,D,0
25.3241,89.613,310.7,4.1,1.9,2005-03-09,0635,Aqua,MODIS,0,6.2,295.3,45.6,D,0
22.6474,92.1396,308.4,1.1,1,2005-03-10,0717,Aqua,MODIS,0,6.2,280.5,6,D,0
23.1515,89.6775,313.8,1,1,2005-03-10,0717,Aqua,MODIS,40,6.2,293.3,5.5,D,0
21.4738,92.3989,334.2,1,1,2005-03-12,0704,Aqua,MODIS,86,6.2,302.5,28.7,D,0
22.5226,92.4401,334.4,1,1,2005-03-12,0704,Aqua,MODIS,55,6.2,277.9,27.9,D,0
21.5452,92.3189,320.3,1,1,2005-03-12,0704,Aqua,MODIS,73,6.2,302.6,9.6,D,0
21.5467,92.329,348.7,1,1,2005-03-12,0704,Aqua,MODIS,95,6.2,304.3,53.9,D,0
21.5376,92.3305,337.8,1,1,2005-03-12,0704,Aqua,MODIS,89,6.2,303.2,32.6,D,0
21.5285,92.332,317.4,1,1,2005-03-12,0704,Aqua,MODIS,42,6.2,301.1,6.7,D,0
21.5179,92.3236,345.6,1,1,2005-03-12,0704,Aqua,MODIS,93,6.2,304.8,48.1,D,0
21.5194,92.3335,348.6,1,1,2005-03-12,0704,Aqua,MODIS,94,6.2,302.5,54.5,D,0
22.5241,92.45,374.9,1,1,2005-03-12,0704,Aqua,MODIS,100,6.2,276.3,128.4,D,0
22.5255,92.46,338.7,1,1,2005-03-12,0704,Aqua,MODIS,67,6.2,269,30.9,D,0
22.527,92.47,337.1,1,1,2005-03-12,0704,Aqua,MODIS,73,6.2,273.5,29.2,D,0
22.518,92.4715,345.9,1,1,2005-03-12,0704,Aqua,MODIS,94,6.2,278.5,43,D,0
22.5075,92.4631,367.9,1,1,2005-03-12,0704,Aqua,MODIS,93,6.2,285,100.2,D,0
22.509,92.4731,421.4,1,1,2005-03-12,0704,Aqua,MODIS,100,6.2,294.6,407,D,0
22.4715,92.4695,344.4,1,1,2005-03-12,0704,Aqua,MODIS,49,6.2,294.7,44.3,D,0
22.473,92.4795,358.1,1,1,2005-03-12,0704,Aqua,MODIS,93,6.2,294.6,76.1,D,0
22.536,92.4684,361.4,1,1,2005-03-12,0704,Aqua,MODIS,94,6.2,272.7,84.2,D,0
22.5345,92.4584,333.2,1,1,2005-03-12,0704,Aqua,MODIS,44,6.2,273.4,23.4,D,0
22.5331,92.4484,328.3,1,1,2005-03-12,0704,Aqua,MODIS,67,6.2,274.7,19,D,0
22.5229,92.3799,383.2,1,1,2005-03-12,0704,Aqua,MODIS,100,6.2,305.2,164.7,D,0
22.5214,92.37,338.3,1,1,2005-03-12,0704,Aqua,MODIS,90,6.2,302.2,33.5,D,0
22.5795,92.455,320.2,1,1,2005-03-12,0704,Aqua,MODIS,63,6.2,284.6,13.4,D,0
22.1672,92.1045,322,1,1,2005-03-12,0704,Aqua,MODIS,77,6.2,302.7,11.7,D,0
21.5942,92.2223,353.8,1,1,2005-03-12,0704,Aqua,MODIS,97,6.2,303.6,67.1,D,0
23.1637,92.0436,309.7,1,1,2005-03-12,0705,Aqua,MODIS,51,6.2,277.1,6.1,D,0
23.1621,92.0336,317.9,1,1,2005-03-12,0705,Aqua,MODIS,74,6.2,280.6,12.9,D,0
24.9729,89.5689,317.8,1,1,2005-03-13,0441,Terra,MODIS,0,6.2,304.7,9.4,D,0
25.3959,89.6421,315.8,1,1,2005-03-13,0441,Terra,MODIS,0,6.2,304,8.7,D,0
25.0514,89.6808,314.5,2.5,1.5,2005-03-13,0748,Aqua,MODIS,0,6.2,299.9,24.8,D,0
22.3518,92.5422,336.9,1.4,1.2,2005-03-14,0652,Aqua,MODIS,89,6.2,290.5,54,D,0
22.5405,92.4371,310.5,1.4,1.2,2005-03-14,0652,Aqua,MODIS,49,6.2,283,12.5,D,0
21.9025,92.5525,351.7,1.4,1.2,2005-03-14,0652,Aqua,MODIS,82,6.2,287.7,85.4,D,0
21.9152,92.5646,357.1,1.4,1.2,2005-03-14,0652,Aqua,MODIS,93,6.2,284.7,109.4,D,0
21.9225,92.5727,320.7,1.4,1.2,2005-03-14,0652,Aqua,MODIS,22,6.2,274.3,18.8,D,0
21.9129,92.5505,412.1,1.4,1.2,2005-03-14,0652,Aqua,MODIS,94,6.2,303.1,526.4,D,0
21.9257,92.5625,358,1.4,1.2,2005-03-14,0652,Aqua,MODIS,99,6.2,280.7,114.3,D,0
23.0826,89.5846,319.1,2.1,1.4,2005-03-14,0652,Aqua,MODIS,47,6.2,302.5,25.9,D,0
22.5463,92.4294,322.4,1.4,1.2,2005-03-14,0652,Aqua,MODIS,73,6.2,283.9,30.1,D,0
23.0952,89.5817,320.2,2.1,1.4,2005-03-14,0652,Aqua,MODIS,44,6.2,303.5,28.4,D,0
22.5383,92.4237,314.8,1.4,1.2,2005-03-14,0652,Aqua,MODIS,68,6.2,283.7,18.2,D,0
21.9107,92.5375,338.5,1.4,1.2,2005-03-14,0652,Aqua,MODIS,85,6.2,284.4,41.9,D,0
21.92,92.5581,374.1,1.4,1.2,2005-03-14,0652,Aqua,MODIS,75,6.2,291.9,197.3,D,0
21.9176,92.5446,365.4,1.4,1.2,2005-03-14,0652,Aqua,MODIS,0,6.2,291.1,144.7,D,0
21.9154,92.5317,328.1,1.4,1.2,2005-03-14,0652,Aqua,MODIS,0,6.2,277.3,19.1,D,0
21.3481,92.1645,342.9,2,1.4,2005-03-15,0735,Aqua,MODIS,91,6.2,298.6,108.1,D,0
21.3501,92.1833,320.6,2,1.4,2005-03-15,0735,Aqua,MODIS,44,6.2,296.3,26,D,0
21.3358,92.1661,331.5,2,1.4,2005-03-15,0735,Aqua,MODIS,75,6.2,297.8,59.5,D,0
23.0662,89.4856,322,1.4,1.2,2005-03-15,0735,Aqua,MODIS,71,6.2,302.4,18.8,D,0
24.5444,88.0851,322.1,1.2,1.1,2005-03-15,0736,Aqua,MODIS,30,6.2,307.6,8.9,D,0
25.128,89.6129,312.5,2,1.4,2005-03-16,0511,Terra,MODIS,0,6.2,299.7,20.8,D,0
24.088,89.7852,314.9,2.2,1.4,2005-03-16,0511,Terra,MODIS,0,6.2,301.1,21.4,D,0
25.4022,89.6352,310.4,2,1.4,2005-03-16,0511,Terra,MODIS,0,6.2,297.5,15.1,D,0
25.0499,89.67,313.7,2,1.4,2005-03-16,0511,Terra,MODIS,0,6.2,300.5,20.7,D,0
21.1882,92.0923,343.6,2.6,1.5,2005-03-16,0640,Aqua,MODIS,87,6.2,297.8,171.2,D,0
21.1928,92.1164,319.5,2.6,1.5,2005-03-16,0640,Aqua,MODIS,64,6.2,295.1,42.3,D,0
21.1745,92.0954,318.1,2.6,1.5,2005-03-16,0640,Aqua,MODIS,48,6.2,294.7,36.6,D,0
22.6407,92.4884,316.6,2.3,1.5,2005-03-16,0640,Aqua,MODIS,63,6.2,299.9,24.1,D,0
21.9105,92.1858,314.2,2.5,1.5,2005-03-16,0640,Aqua,MODIS,58,6.2,300.7,20.2,D,0
22.6498,92.4658,323.9,2.3,1.5,2005-03-16,0640,Aqua,MODIS,77,6.2,300.1,48.5,D,0
22.6536,92.4856,348.7,2.3,1.5,2005-03-16,0640,Aqua,MODIS,95,6.2,300.4,172.8,D,0
21.9668,92.2174,315.3,2.4,1.5,2005-03-16,0640,Aqua,MODIS,53,6.2,299.5,22.6,D,0
21.1822,92.0994,312.3,1,1,2005-03-16,1607,Terra,MODIS,85,6.2,293.5,10.8,N,0
23.4077,92.2802,309.1,1,1,2005-03-16,1608,Terra,MODIS,77,6.2,292.7,9.2,N,0
21.1782,92.0896,318.5,1.2,1.1,2005-03-17,0722,Aqua,MODIS,56,6.2,300.7,10.9,D,0
21.1796,92.1013,332.6,1.2,1.1,2005-03-17,0722,Aqua,MODIS,83,6.2,304.6,32,D,0
21.7977,92.163,325.6,1.3,1.1,2005-03-17,0723,Aqua,MODIS,75,6.2,303.7,18,D,0
22.9534,90.0264,316.2,1,1,2005-03-17,0723,Aqua,MODIS,56,6.2,301.2,8.1,D,0
22.7942,91.7445,322.6,1.2,1.1,2005-03-17,0723,Aqua,MODIS,71,6.2,305.1,9.6,D,0
21.3932,92.0172,320.6,1.2,1.1,2005-03-17,0723,Aqua,MODIS,61,6.2,305.9,10.1,D,0
22.6068,92.4535,357.6,1.3,1.1,2005-03-17,0723,Aqua,MODIS,98,6.2,303,107.4,D,0
21.5539,92.325,325.9,1.3,1.1,2005-03-17,0723,Aqua,MODIS,0,6.2,297.6,23.4,D,0
23.2477,91.7939,326.3,1.2,1.1,2005-03-17,0723,Aqua,MODIS,78,6.2,304,18.4,D,0
22.617,92.4515,329.8,1.3,1.1,2005-03-17,0723,Aqua,MODIS,80,6.2,300.4,28.3,D,0
22.6162,92.4577,336.1,1.3,1.1,2005-03-17,0723,Aqua,MODIS,75,6.2,294.5,43.6,D,0
21.8717,92.0968,319.8,1.2,1.1,2005-03-17,0723,Aqua,MODIS,41,6.2,303.8,9.8,D,0
23.0633,89.4787,321.7,1,1,2005-03-17,0723,Aqua,MODIS,65,6.2,305.5,10.8,D,0
22.7784,91.9411,320.9,1.3,1.1,2005-03-17,0723,Aqua,MODIS,55,6.2,301.7,13.1,D,0
25.0642,89.5864,313.4,1,1,2005-03-17,0724,Aqua,MODIS,17,6.2,296.7,4.8,D,0
23.2548,89.8736,314.6,1.4,1.2,2005-03-18,0500,Terra,MODIS,51,6.2,297.4,13.7,D,0
23.474,92.2665,325.4,3.8,1.8,2005-03-18,0628,Aqua,MODIS,80,6.2,291.7,133.1,D,0
23.4658,92.262,327,3.8,1.8,2005-03-18,0628,Aqua,MODIS,82,6.2,291,145.9,D,0
22.5903,92.4881,323.2,1.2,1.1,2005-03-18,1555,Terra,MODIS,100,6.2,286.2,26.4,N,0
22.3325,92.5227,474.3,1,1,2005-03-19,0710,Aqua,MODIS,94,6.2,330.6,1083.1,D,0
22.3311,92.5131,349,1,1,2005-03-19,0710,Aqua,MODIS,94,6.2,308.8,47.2,D,0
22.3414,92.5213,347.9,1,1,2005-03-19,0710,Aqua,MODIS,93,6.2,307.1,45.9,D,0
21.9728,92.517,328.9,1,1,2005-03-19,0710,Aqua,MODIS,79,6.2,304,18.4,D,0
21.526,92.3565,362.8,1,1,2005-03-19,0710,Aqua,MODIS,87,6.2,296.7,82.6,D,0
21.5246,92.347,402.2,1,1,2005-03-19,0710,Aqua,MODIS,94,6.2,311,255.6,D,0
21.5349,92.3551,324.6,1,1,2005-03-19,0710,Aqua,MODIS,52,6.2,302.4,12.1,D,0
21.7968,92.5088,394.4,1,1,2005-03-19,0710,Aqua,MODIS,100,6.2,306.4,212.1,D,0
21.5336,92.3456,372.7,1,1,2005-03-19,0710,Aqua,MODIS,100,6.2,306.4,115.1,D,0
21.4979,92.3514,364.9,1,1,2005-03-19,0710,Aqua,MODIS,94,6.2,306,90.2,D,0
21.4765,92.394,331.2,1,1,2005-03-19,0710,Aqua,MODIS,71,6.2,296.2,22.7,D,0
22.1609,92.4149,337.1,1,1,2005-03-19,0710,Aqua,MODIS,86,6.2,304.6,28.3,D,0
21.387,92.4729,355.1,1,1,2005-03-19,0710,Aqua,MODIS,97,6.2,300.2,63.7,D,0
21.6215,92.4419,365.2,1,1,2005-03-19,0710,Aqua,MODIS,100,6.2,306.4,90.3,D,0
21.6229,92.4514,375.1,1,1,2005-03-19,0710,Aqua,MODIS,100,6.2,307.2,124.4,D,0
21.6126,92.4433,348.3,1,1,2005-03-19,0710,Aqua,MODIS,94,6.2,305.9,47.4,D,0
22.1622,92.4245,341.9,1,1,2005-03-19,0710,Aqua,MODIS,90,6.2,304.4,36.5,D,0
22.2348,92.4861,325.6,1,1,2005-03-19,0710,Aqua,MODIS,75,6.2,302.5,13.3,D,0
21.3959,92.4715,409.5,1,1,2005-03-19,0710,Aqua,MODIS,100,6.2,304.5,305.3,D,0
21.3946,92.4619,352.6,1,1,2005-03-19,0710,Aqua,MODIS,96,6.2,306.1,57.2,D,0
21.5937,92.3094,358.3,1,1,2005-03-19,0710,Aqua,MODIS,99,6.2,307.2,71,D,0
21.595,92.319,335.7,1,1,2005-03-19,0710,Aqua,MODIS,86,6.2,305,25.9,D,0
21.5848,92.3109,327.4,1,1,2005-03-19,0710,Aqua,MODIS,78,6.2,304.8,15.9,D,0
21.5634,92.3536,317,1,1,2005-03-19,0710,Aqua,MODIS,42,6.2,298,5.6,D,0
21.6139,92.4529,393.1,1,1,2005-03-19,0710,Aqua,MODIS,100,6.2,308.6,204.7,D,0
21.3255,92.1773,327.4,1,1,2005-03-19,0710,Aqua,MODIS,77,6.2,305,14.4,D,0
21.5063,92.2817,327.6,1,1,2005-03-19,0710,Aqua,MODIS,78,6.2,304.6,16.5,D,0
21.5076,92.2912,352.1,1,1,2005-03-19,0710,Aqua,MODIS,96,6.2,304.9,57,D,0
21.9715,92.5073,328,1,1,2005-03-19,0710,Aqua,MODIS,78,6.2,304.3,17.2,D,0
22.2796,92.4789,419.7,1,1,2005-03-19,0710,Aqua,MODIS,100,6.2,313.8,386.5,D,0
22.2809,92.4886,406.4,1,1,2005-03-19,0710,Aqua,MODIS,94,6.2,304.6,286.2,D,0
22.2361,92.4959,346,1,1,2005-03-19,0710,Aqua,MODIS,92,6.2,305.3,44,D,0
22.2375,92.5056,357.5,1,1,2005-03-19,0710,Aqua,MODIS,98,6.2,305.1,69.9,D,0
22.3222,92.5146,333.5,1,1,2005-03-19,0710,Aqua,MODIS,69,6.2,305.2,20.7,D,0
22.3235,92.5243,433,1,1,2005-03-19,0710,Aqua,MODIS,94,6.2,313.9,510.8,D,0
22.2706,92.4804,354.8,1,1,2005-03-19,0710,Aqua,MODIS,97,6.2,306.3,62.7,D,0
21.9346,92.579,403.9,1,1,2005-03-19,0710,Aqua,MODIS,100,6.2,313.1,270.7,D,0
21.3527,92.1663,320.4,1,1,2005-03-19,0710,Aqua,MODIS,66,6.2,305.4,6.6,D,0
21.3541,92.1758,332.1,1,1,2005-03-19,0710,Aqua,MODIS,82,6.2,305.7,20.2,D,0
21.3076,92.1802,355.1,1,1,2005-03-19,0710,Aqua,MODIS,97,6.2,305.6,63.1,D,0
21.4531,92.423,345,1,1,2005-03-19,0710,Aqua,MODIS,80,6.2,296.6,43.8,D,0
21.3063,92.1707,329.7,1,1,2005-03-19,0710,Aqua,MODIS,80,6.2,305.5,17,D,0
22.6814,92.4512,359.1,1,1,2005-03-19,0711,Aqua,MODIS,99,6.2,304.4,72,D,0
23.4557,92.2646,331.7,1,1,2005-03-19,0711,Aqua,MODIS,83,6.2,302.1,24.2,D,0
23.465,92.2674,338,1,1,2005-03-19,0711,Aqua,MODIS,88,6.2,300.7,32.1,D,0
23.474,92.266,350.6,1,1,2005-03-19,0711,Aqua,MODIS,95,6.2,300.3,56.1,D,0
23.4726,92.2562,334.2,1,1,2005-03-19,0711,Aqua,MODIS,86,6.2,302.4,26.4,D,0
23.3857,92.1567,380.3,1,1,2005-03-19,0711,Aqua,MODIS,100,6.2,304.4,148.1,D,0
23.3871,92.1664,353.8,1,1,2005-03-19,0711,Aqua,MODIS,97,6.2,297.9,63.2,D,0
23.4843,92.2743,334.8,1,1,2005-03-19,0711,Aqua,MODIS,86,6.2,299.6,29.2,D,0
23.4829,92.2645,317.3,1,1,2005-03-19,0711,Aqua,MODIS,45,6.2,300.5,8.2,D,0
23.0666,92.0501,320.7,1,1,2005-03-19,0711,Aqua,MODIS,69,6.2,302.6,8.6,D,0
23.5828,92.2509,319.2,1,1,2005-03-19,0711,Aqua,MODIS,66,6.2,297.4,11.1,D,0
23.2662,91.9649,325.6,1,1,2005-03-19,0711,Aqua,MODIS,76,6.2,302.9,12.8,D,0
23.2675,91.9745,358.3,1,1,2005-03-19,0711,Aqua,MODIS,99,6.2,305.8,70.5,D,0
23.2573,91.9664,331.2,1,1,2005-03-19,0711,Aqua,MODIS,82,6.2,304.3,19.3,D,0
23.2586,91.976,382.2,1,1,2005-03-19,0711,Aqua,MODIS,100,6.2,308.4,151.4,D,0
23.1721,92.2807,324.5,1,1,2005-03-19,0711,Aqua,MODIS,75,6.2,302,14.2,D,0
23.1735,92.2905,316.2,1,1,2005-03-19,0711,Aqua,MODIS,56,6.2,299.5,6.5,D,0
25.0278,89.7195,315.1,1.1,1,2005-03-19,0711,Aqua,MODIS,43,6.2,301.4,7.5,D,0
22.3607,92.5282,332.5,1,1,2005-03-19,0711,Aqua,MODIS,75,6.2,303.5,20.8,D,0
22.3593,92.5183,334,1,1,2005-03-19,0711,Aqua,MODIS,73,6.2,305.8,21.7,D,0
22.3697,92.5267,339.4,1,1,2005-03-19,0711,Aqua,MODIS,87,6.2,302.9,31,D,0
22.3683,92.5169,345,1,1,2005-03-19,0711,Aqua,MODIS,92,6.2,306.4,39.7,D,0
22.367,92.5072,327.9,1,1,2005-03-19,0711,Aqua,MODIS,51,6.2,304.9,12.8,D,0
22.3772,92.5154,361.4,1,1,2005-03-19,0711,Aqua,MODIS,100,6.2,308.2,78.9,D,0
22.3759,92.5058,346.4,1,1,2005-03-19,0711,Aqua,MODIS,93,6.2,307,43.7,D,0
22.3862,92.5139,340.1,1,1,2005-03-19,0711,Aqua,MODIS,84,6.2,304,34,D,0
22.3849,92.5043,335,1,1,2005-03-19,0711,Aqua,MODIS,72,6.2,305.5,26.2,D,0
23.2621,91.9358,320.3,1,1,2005-03-19,0711,Aqua,MODIS,69,6.2,301.8,7.3,D,0
23.2778,91.9827,365.1,1,1,2005-03-19,0711,Aqua,MODIS,100,6.2,304.2,91.6,D,0
23.2765,91.973,367.5,1,1,2005-03-19,0711,Aqua,MODIS,100,6.2,306.5,97.7,D,0
23.2881,91.9908,327,1,1,2005-03-19,0711,Aqua,MODIS,78,6.2,300.5,17.1,D,0
23.2868,91.9812,335.5,1,1,2005-03-19,0711,Aqua,MODIS,86,6.2,303.1,27.5,D,0
23.1982,91.873,369.4,1,1,2005-03-19,0711,Aqua,MODIS,100,6.2,303.8,104.3,D,0
23.2161,91.87,319.9,1,1,2005-03-19,0711,Aqua,MODIS,67,6.2,301.2,8.5,D,0
22.5049,92.3736,326.9,1,1,2005-03-19,0711,Aqua,MODIS,76,6.2,306.8,13.3,D,0
23.2693,89.8605,320,1.1,1,2005-03-19,0711,Aqua,MODIS,54,6.2,302.5,8,D,0
22.4879,92.5152,359.9,1,1,2005-03-19,0711,Aqua,MODIS,75,6.2,301.2,77.3,D,0
22.4969,92.5137,348.4,1,1,2005-03-19,0711,Aqua,MODIS,0,6.2,294.8,51.8,D,0
22.4942,92.4942,375.8,1,1,2005-03-19,0711,Aqua,MODIS,100,6.2,306.3,126.6,D,0
22.5045,92.5025,361,1,1,2005-03-19,0711,Aqua,MODIS,87,6.2,296.3,76.3,D,0
22.5031,92.4927,357.2,1,1,2005-03-19,0711,Aqua,MODIS,98,6.2,300.1,67,D,0
22.5135,92.501,419.9,1,1,2005-03-19,0711,Aqua,MODIS,87,6.2,302.6,386.9,D,0
22.5121,92.4912,442.4,1,1,2005-03-19,0711,Aqua,MODIS,100,6.2,319.2,613.7,D,0
22.5157,92.4511,363,1,1,2005-03-19,0711,Aqua,MODIS,100,6.2,302.6,85.8,D,0
22.5247,92.4497,340.1,1,1,2005-03-19,0711,Aqua,MODIS,89,6.2,304,33.8,D,0
22.6474,92.338,317.2,1,1,2005-03-19,0711,Aqua,MODIS,45,6.2,302.2,5.2,D,0
22.6315,92.2978,336,1,1,2005-03-19,0711,Aqua,MODIS,86,6.2,305.9,26.4,D,0
22.6328,92.3074,326.7,1,1,2005-03-19,0711,Aqua,MODIS,76,6.2,303.9,13.7,D,0
22.6369,92.3363,316.8,1,1,2005-03-19,0711,Aqua,MODIS,49,6.2,301.5,4.7,D,0
22.6109,92.2814,339.8,1,1,2005-03-19,0711,Aqua,MODIS,88,6.2,304.8,33,D,0
22.6122,92.2911,321.5,1,1,2005-03-19,0711,Aqua,MODIS,68,6.2,303.4,8.8,D,0
22.5877,92.4435,332,1,1,2005-03-19,0711,Aqua,MODIS,75,6.2,304,19,D,0
22.5891,92.4532,358.5,1,1,2005-03-19,0711,Aqua,MODIS,99,6.2,304.5,70.6,D,0
22.5918,92.4726,346.8,1,1,2005-03-19,0711,Aqua,MODIS,93,6.2,305.3,43.9,D,0
22.5788,92.445,367.8,1,1,2005-03-19,0711,Aqua,MODIS,100,6.2,306.6,99.1,D,0
22.5801,92.4546,371.1,1,1,2005-03-19,0711,Aqua,MODIS,100,6.2,304.9,109.7,D,0
22.5698,92.4465,346.3,1,1,2005-03-19,0711,Aqua,MODIS,93,6.2,306.4,44.9,D,0
22.5712,92.4561,339.4,1,1,2005-03-19,0711,Aqua,MODIS,88,6.2,303.6,31.7,D,0
22.5488,92.4259,328.5,1,1,2005-03-19,0711,Aqua,MODIS,78,6.2,300.9,16.8,D,0
22.5502,92.4356,337.2,1,1,2005-03-19,0711,Aqua,MODIS,86,6.2,301.2,28.6,D,0
22.5336,92.4482,343.1,1,1,2005-03-19,0711,Aqua,MODIS,91,6.2,303.3,39.1,D,0
22.6789,91.9774,320.3,1,1,2005-03-19,0711,Aqua,MODIS,66,6.2,302.2,9.3,D,0
22.7242,91.974,328.3,1,1,2005-03-19,0711,Aqua,MODIS,78,6.2,300,17.9,D,0
22.9462,91.9836,316,1,1,2005-03-19,0711,Aqua,MODIS,35,6.2,300,5.1,D,0
22.9476,91.9933,334.1,1,1,2005-03-19,0711,Aqua,MODIS,84,6.2,302.2,25.6,D,0
22.7317,91.7067,325,1,1,2005-03-19,0711,Aqua,MODIS,73,6.2,305.5,10.3,D,0
22.6089,91.743,321.6,1,1,2005-03-19,0711,Aqua,MODIS,59,6.2,304.6,7.7,D,0
22.4418,92.5194,375.9,1,1,2005-03-19,0711,Aqua,MODIS,100,6.2,306.7,124.7,D,0
22.4404,92.5096,344.6,1,1,2005-03-19,0711,Aqua,MODIS,80,6.2,304.8,38.7,D,0
22.4507,92.5179,362.4,1,1,2005-03-19,0711,Aqua,MODIS,100,6.2,306.7,81,D,0
22.4687,92.515,334.1,1,1,2005-03-19,0711,Aqua,MODIS,78,6.2,303.9,22.1,D,0
22.4776,92.5136,342.1,1,1,2005-03-19,0711,Aqua,MODIS,90,6.2,305.6,35.2,D,0
22.4763,92.5038,332.8,1,1,2005-03-19,0711,Aqua,MODIS,75,6.2,303.7,20.3,D,0
22.5588,91.7121,324.6,1,1,2005-03-19,0711,Aqua,MODIS,72,6.2,304.3,12,D,0
22.5316,91.7232,325.9,1,1,2005-03-19,0711,Aqua,MODIS,69,6.2,306.3,12.8,D,0
23.1511,92.0657,319.7,1,1,2005-03-19,0711,Aqua,MODIS,51,6.2,298.6,8.8,D,0
22.9243,91.8294,323.3,1,1,2005-03-19,0711,Aqua,MODIS,64,6.2,299,10.4,D,0
22.9257,91.839,324.9,1,1,2005-03-19,0711,Aqua,MODIS,71,6.2,299.8,12.6,D,0
23.1809,92.074,319.5,1,1,2005-03-19,0711,Aqua,MODIS,67,6.2,302.1,7.4,D,0
23.26,91.9857,330.8,1,1,2005-03-19,0711,Aqua,MODIS,82,6.2,295,19.7,D,0
23.2703,91.9939,359.8,1,1,2005-03-19,0711,Aqua,MODIS,99,6.2,294,77.4,D,0
23.2689,91.9842,351.9,1,1,2005-03-19,0711,Aqua,MODIS,96,6.2,302.2,56.6,D,0
23.3764,92.2878,327.5,1,1,2005-03-19,0711,Aqua,MODIS,79,6.2,300.9,19,D,0
23.3778,92.2975,316.4,1,1,2005-03-19,0711,Aqua,MODIS,62,6.2,298.4,7.5,D,0
22.7959,91.9553,323.6,1,1,2005-03-19,0711,Aqua,MODIS,72,6.2,302.7,12.1,D,0
23.3064,92.1865,346.1,1,1,2005-03-19,0711,Aqua,MODIS,93,6.2,300.7,45.3,D,0
23.3455,91.8062,321.4,1,1,2005-03-19,0711,Aqua,MODIS,61,6.2,302.7,8.8,D,0
23.3019,91.8301,336.4,1,1,2005-03-19,0711,Aqua,MODIS,86,6.2,305.2,26.8,D,0
23.293,91.8316,338.1,1,1,2005-03-19,0711,Aqua,MODIS,88,6.2,305.3,28.2,D,0
23.2944,91.8413,344.5,1,1,2005-03-19,0711,Aqua,MODIS,92,6.2,302.5,39.6,D,0
22.5144,92.4414,356.8,1,1,2005-03-19,0711,Aqua,MODIS,98,6.2,305.2,69.2,D,0
22.5233,92.44,341.9,1,1,2005-03-19,0711,Aqua,MODIS,90,6.2,302.1,37,D,0
23.3881,91.8485,320.1,1,1,2005-03-19,0711,Aqua,MODIS,69,6.2,299.4,9.4,D,0
23.3531,91.795,325.1,1,1,2005-03-19,0711,Aqua,MODIS,68,6.2,304.2,11,D,0
23.3544,91.8047,415.1,1,1,2005-03-19,0711,Aqua,MODIS,100,6.2,311.4,345.5,D,0
22.4516,92.4583,338.3,1,1,2005-03-19,0711,Aqua,MODIS,87,6.2,303.2,32,D,0
22.689,92.4402,323,1,1,2005-03-19,0711,Aqua,MODIS,40,6.2,304.3,8.6,D,0
22.6828,92.461,344.3,1,1,2005-03-19,0711,Aqua,MODIS,91,6.2,299.8,40.6,D,0
22.4749,92.494,336.6,1,1,2005-03-19,0711,Aqua,MODIS,86,6.2,303.7,26.9,D,0
22.6262,92.4569,373.1,1,1,2005-03-19,0711,Aqua,MODIS,100,6.2,306.4,115.4,D,0
22.6276,92.4667,338,1,1,2005-03-19,0711,Aqua,MODIS,87,6.2,304.3,27.4,D,0
22.616,92.4488,329.6,1,1,2005-03-19,0711,Aqua,MODIS,77,6.2,304.1,15.8,D,0
22.607,92.4503,328.7,1,1,2005-03-19,0711,Aqua,MODIS,49,6.2,304.5,14,D,0
22.6097,92.4696,349.5,1,1,2005-03-19,0711,Aqua,MODIS,94,6.2,306.7,47.4,D,0
22.611,92.4794,344.5,1,1,2005-03-19,0711,Aqua,MODIS,71,6.2,299.2,38.9,D,0
22.6007,92.4711,358.5,1,1,2005-03-19,0711,Aqua,MODIS,99,6.2,307.8,68.4,D,0
22.6021,92.4809,363.2,1,1,2005-03-19,0711,Aqua,MODIS,87,6.2,301,83.2,D,0
22.6738,92.4624,338.1,1,1,2005-03-19,0711,Aqua,MODIS,87,6.2,302.1,30.3,D,0
22.6751,92.4722,316.6,1,1,2005-03-19,0711,Aqua,MODIS,31,6.2,295.9,5.4,D,0
22.698,92.4387,320.5,1,1,2005-03-19,0711,Aqua,MODIS,34,6.2,303.9,6.9,D,0
22.6993,92.4483,335.6,1,1,2005-03-19,0711,Aqua,MODIS,85,6.2,303.7,25.6,D,0
22.6904,92.4498,341.2,1,1,2005-03-19,0711,Aqua,MODIS,88,6.2,304.1,33.5,D,0
22.5931,92.4823,338.5,1,1,2005-03-19,0711,Aqua,MODIS,83,6.2,303.4,30.4,D,0
22.5945,92.4921,320.2,1,1,2005-03-19,0711,Aqua,MODIS,41,6.2,292.2,9.4,D,0
22.4121,92.5042,350.2,1,1,2005-03-19,0711,Aqua,MODIS,94,6.2,302.1,52.5,D,0
22.4108,92.4945,370.9,1,1,2005-03-19,0711,Aqua,MODIS,100,6.2,305.8,111.4,D,0
22.4238,92.5223,340,1,1,2005-03-19,0711,Aqua,MODIS,70,6.2,296.2,31.1,D,0
22.4211,92.5027,341.4,1,1,2005-03-19,0711,Aqua,MODIS,67,6.2,301.9,35,D,0
22.4198,92.4931,331.1,1,1,2005-03-19,0711,Aqua,MODIS,69,6.2,300.4,20.6,D,0
22.3797,92.1325,319.7,1.3,1.1,2005-03-20,0447,Terra,MODIS,70,6.2,301.9,11.9,D,0
23.0923,89.5897,320.6,1,1,2005-03-20,0447,Terra,MODIS,47,6.2,304.9,8.5,D,0
22.5855,92.371,313.6,1.3,1.1,2005-03-20,0447,Terra,MODIS,37,6.2,296.9,7,D,0
22.4377,92.4745,324.2,4.8,2,2005-03-20,0753,Aqua,MODIS,73,6.2,294,140.6,D,0
21.5135,92.3072,324,4.5,2,2005-03-20,0753,Aqua,MODIS,77,6.2,296.6,133.8,D,0
22.4871,92.3833,321.1,4.7,2,2005-03-20,0753,Aqua,MODIS,53,6.2,296.1,97.9,D,0
22.437,92.434,342,4.7,2,2005-03-20,0753,Aqua,MODIS,90,6.2,296.6,376.2,D,0
21.5127,92.3025,323.4,4.5,2,2005-03-20,0753,Aqua,MODIS,76,6.2,296.7,120.5,D,0
22.4346,92.4301,338.6,4.7,2,2005-03-20,0753,Aqua,MODIS,88,6.2,296.6,322.7,D,0
22.4404,92.4781,319.9,4.8,2,2005-03-20,0753,Aqua,MODIS,59,6.2,294,99.2,D,0
22.8601,92.3719,315.9,4.7,2,2005-03-20,0754,Aqua,MODIS,58,6.2,297.5,71.7,D,0
22.7403,92.2105,317.2,4.6,2,2005-03-20,0754,Aqua,MODIS,0,6.2,295.9,74.1,D,0
22.7414,92.2023,318,4.6,2,2005-03-20,0754,Aqua,MODIS,0,6.2,296.1,83.7,D,0
22.8526,92.0026,315.1,4.5,1.9,2005-03-20,0754,Aqua,MODIS,52,6.2,296.5,59.2,D,0
22.5535,92.3213,319.8,4.7,2,2005-03-20,0754,Aqua,MODIS,33,6.2,295,78.7,D,0
22.5713,92.3193,318.5,4.7,2,2005-03-20,0754,Aqua,MODIS,23,6.2,294,68.4,D,0
22.8503,92.0107,314.6,4.5,1.9,2005-03-20,0754,Aqua,MODIS,39,6.2,296.5,54.6,D,0
22.8601,92.3636,314.6,4.7,2,2005-03-20,0754,Aqua,MODIS,43,6.2,297.3,58,D,0
22.4817,92.337,318.3,4.7,2,2005-03-20,0754,Aqua,MODIS,55,6.2,294.9,82.3,D,0
22.6752,92.4961,335.7,4.8,2,2005-03-20,0754,Aqua,MODIS,54,6.2,294.7,257.9,D,0
22.4849,92.3794,322.5,4.7,2,2005-03-20,0754,Aqua,MODIS,67,6.2,296.3,121.4,D,0
23.2858,92.118,302.1,1.8,1.3,2005-03-20,1543,Terra,MODIS,45,6.2,291.3,9.7,N,0
23.2919,92.1102,308.4,1.8,1.3,2005-03-20,1543,Terra,MODIS,74,6.2,291,20.4,N,0
22.6265,92.3912,304.1,1.8,1.3,2005-03-20,1543,Terra,MODIS,58,6.2,293.2,11.7,N,0
22.5031,92.4098,326.3,3.9,1.8,2005-03-21,0352,Terra,MODIS,77,6.2,298.2,125.2,D,0
22.5459,92.4994,399.3,1.1,1.1,2005-03-21,0658,Aqua,MODIS,100,6.2,308.6,290.2,D,0
21.3976,92.433,384.9,1.2,1.1,2005-03-21,0658,Aqua,MODIS,100,6.2,305.4,213.2,D,0
21.3993,92.4436,324.7,1.2,1.1,2005-03-21,0658,Aqua,MODIS,74,6.2,302.2,17,D,0
22.4378,92.5262,324.3,1.1,1.1,2005-03-21,0658,Aqua,MODIS,75,6.2,304.3,14.3,D,0
21.3842,92.4116,379.3,1.2,1.1,2005-03-21,0658,Aqua,MODIS,100,6.2,306.9,183.9,D,0
21.3862,92.4238,328.3,1.2,1.1,2005-03-21,0658,Aqua,MODIS,60,6.2,301,21.2,D,0
22.5776,92.3056,332.4,1.2,1.1,2005-03-21,0658,Aqua,MODIS,84,6.2,301.4,27.2,D,0
21.388,92.4349,328.8,1.2,1.1,2005-03-21,0658,Aqua,MODIS,55,6.2,302,21.6,D,0
21.3819,92.4584,386.2,1.2,1.1,2005-03-21,0658,Aqua,MODIS,100,6.2,309.1,217.3,D,0
21.3837,92.4697,396.3,1.2,1.1,2005-03-21,0658,Aqua,MODIS,100,6.2,307.6,283.8,D,0
21.3688,92.4388,321.9,1.2,1.1,2005-03-21,0658,Aqua,MODIS,62,6.2,300.7,15,D,0
23.1434,92.0688,333.5,1.2,1.1,2005-03-21,0658,Aqua,MODIS,85,6.2,296.9,30.8,D,0
22.6589,92.1099,324,1.2,1.1,2005-03-21,0658,Aqua,MODIS,75,6.2,299.6,16.3,D,0
22.6841,92.0816,327.7,1.2,1.1,2005-03-21,0658,Aqua,MODIS,79,6.2,300.6,21.5,D,0
22.6874,92.0871,328.4,1.2,1.1,2005-03-21,0658,Aqua,MODIS,80,6.2,299.9,23.5,D,0
21.3255,92.1736,326.3,1.2,1.1,2005-03-21,0658,Aqua,MODIS,78,6.2,304.5,19.8,D,0
21.3235,92.1617,329.4,1.2,1.1,2005-03-21,0658,Aqua,MODIS,81,6.2,304,24.4,D,0
23.1557,92.0599,336.2,1.2,1.1,2005-03-21,0658,Aqua,MODIS,77,6.2,299.3,30.9,D,0
23.1539,92.0487,351.9,1.2,1.1,2005-03-21,0658,Aqua,MODIS,96,6.2,300.1,69.5,D,0
22.6989,92.0961,316.3,1.2,1.1,2005-03-21,0658,Aqua,MODIS,20,6.2,298.9,7.5,D,0
22.7346,92.1942,319.5,1.2,1.1,2005-03-21,0658,Aqua,MODIS,65,6.2,299.1,10.3,D,0
23.1635,92.0469,349.1,1.2,1.1,2005-03-21,0658,Aqua,MODIS,95,6.2,300.7,64.1,D,0
23.1767,92.0674,328,1.2,1.1,2005-03-21,0658,Aqua,MODIS,72,6.2,298.6,20.9,D,0
23.1749,92.0562,345.1,1.2,1.1,2005-03-21,0658,Aqua,MODIS,92,6.2,299.3,53.4,D,0
23.1731,92.045,322.5,1.2,1.1,2005-03-21,0658,Aqua,MODIS,53,6.2,299,14,D,0
22.8102,91.9021,316.2,1.2,1.1,2005-03-21,0658,Aqua,MODIS,46,6.2,298.8,10.3,D,0
22.8083,91.8905,312.8,1.2,1.1,2005-03-21,0658,Aqua,MODIS,38,6.2,294.9,6.5,D,0
23.1858,92.1237,328.9,1.2,1.1,2005-03-21,0658,Aqua,MODIS,76,6.2,294,24,D,0
21.5261,92.4139,337.8,1.2,1.1,2005-03-21,0658,Aqua,MODIS,88,6.2,303.1,39.3,D,0
21.5279,92.4251,345.3,1.2,1.1,2005-03-21,0658,Aqua,MODIS,92,6.2,304,55.5,D,0
21.5948,92.5108,332.4,1.2,1.1,2005-03-21,0658,Aqua,MODIS,83,6.2,303.9,29.4,D,0
21.6044,92.5091,318.1,1.2,1.1,2005-03-21,0658,Aqua,MODIS,63,6.2,302.6,9.9,D,0
22.5554,92.4976,317.6,1.1,1.1,2005-03-21,0658,Aqua,MODIS,37,6.2,303.1,6.1,D,0
22.5443,92.4889,326.8,1.1,1.1,2005-03-21,0658,Aqua,MODIS,78,6.2,303.4,16.9,D,0
22.364,92.4549,331.7,1.2,1.1,2005-03-21,0658,Aqua,MODIS,83,6.2,305.1,25.8,D,0
22.3623,92.4439,327.1,1.2,1.1,2005-03-21,0658,Aqua,MODIS,79,6.2,305,19.1,D,0
23.1877,92.135,366.6,1.2,1.1,2005-03-21,0658,Aqua,MODIS,100,6.2,299.6,121.5,D,0
21.9951,92.2545,317,1.2,1.1,2005-03-21,0658,Aqua,MODIS,61,6.2,302.3,7.3,D,0
23.159,92.1404,324.3,1.2,1.1,2005-03-21,0658,Aqua,MODIS,76,6.2,295.1,17,D,0
21.4873,92.2329,327,1.2,1.1,2005-03-21,0658,Aqua,MODIS,78,6.2,302.7,21.8,D,0
22.5866,92.3617,383.3,1.2,1.1,2005-03-21,0658,Aqua,MODIS,100,6.2,306.6,194.9,D,0
22.5849,92.3513,376,1.2,1.1,2005-03-21,0658,Aqua,MODIS,100,6.2,306.7,157.7,D,0
22.5961,92.3597,349,1.2,1.1,2005-03-21,0658,Aqua,MODIS,94,6.2,302.2,62.1,D,0
22.5944,92.3493,349.7,1.2,1.1,2005-03-21,0658,Aqua,MODIS,95,6.2,303.9,63.4,D,0
22.6246,92.354,329.7,1.2,1.1,2005-03-21,0658,Aqua,MODIS,81,6.2,303.4,23.8,D,0
22.3736,92.4533,334.3,1.2,1.1,2005-03-21,0658,Aqua,MODIS,85,6.2,303.8,30.3,D,0
22.3718,92.4423,332.9,1.2,1.1,2005-03-21,0658,Aqua,MODIS,84,6.2,304.1,28.2,D,0
22.8767,91.9917,323.5,1.2,1.1,2005-03-21,0658,Aqua,MODIS,75,6.2,299.6,18.3,D,0
22.8784,92.0026,331.4,1.2,1.1,2005-03-21,0658,Aqua,MODIS,83,6.2,299.2,30.4,D,0
22.6801,91.9815,324.9,1.2,1.1,2005-03-21,0658,Aqua,MODIS,76,6.2,297.6,20.4,D,0
22.6782,91.97,344.1,1.2,1.1,2005-03-21,0658,Aqua,MODIS,92,6.2,297.4,57.9,D,0
22.9619,91.9445,318.5,1.2,1.1,2005-03-21,0658,Aqua,MODIS,68,6.2,297,12.7,D,0
22.614,92.2871,317.2,1.2,1.1,2005-03-21,0658,Aqua,MODIS,63,6.2,300.8,7.2,D,0
22.5277,92.446,339.2,1.1,1.1,2005-03-21,0658,Aqua,MODIS,89,6.2,304.9,38.9,D,0
21.6261,92.4594,320.2,1.2,1.1,2005-03-21,0658,Aqua,MODIS,67,6.2,302.3,12.4,D,0
21.628,92.4712,392.6,1.2,1.1,2005-03-21,0658,Aqua,MODIS,100,6.2,305.1,259.4,D,0
21.6298,92.4828,317,1.2,1.1,2005-03-21,0658,Aqua,MODIS,54,6.2,299.2,9.3,D,0
21.6164,92.4607,362.6,1.2,1.1,2005-03-21,0658,Aqua,MODIS,100,6.2,304.9,107.5,D,0
21.6183,92.4724,354.6,1.2,1.1,2005-03-21,0658,Aqua,MODIS,97,6.2,302.9,81.1,D,0
22.3665,92.265,323.6,1.2,1.1,2005-03-21,0658,Aqua,MODIS,74,6.2,302.9,14.9,D,0
22.3569,92.2669,325.2,1.2,1.1,2005-03-21,0658,Aqua,MODIS,76,6.2,302.7,16.8,D,0
22.9995,91.8052,315.1,1.2,1.1,2005-03-21,0658,Aqua,MODIS,58,6.2,294.1,9.5,D,0
23.0013,91.817,321.5,1.2,1.1,2005-03-21,0658,Aqua,MODIS,72,6.2,293.8,17.2,D,0
22.381,92.3548,334,1.2,1.1,2005-03-21,0658,Aqua,MODIS,85,6.2,304.1,30,D,0
22.3792,92.344,348.1,1.2,1.1,2005-03-21,0658,Aqua,MODIS,94,6.2,305.8,60.7,D,0
22.3775,92.3332,324.7,1.2,1.1,2005-03-21,0658,Aqua,MODIS,76,6.2,303.1,16.2,D,0
22.5619,92.1465,322.4,1.2,1.1,2005-03-21,0658,Aqua,MODIS,73,6.2,300.8,14.1,D,0
22.5601,92.1352,322.3,1.2,1.1,2005-03-21,0658,Aqua,MODIS,73,6.2,301.4,13.3,D,0
22.5716,92.1448,330.6,1.2,1.1,2005-03-21,0658,Aqua,MODIS,82,6.2,298.9,25.4,D,0
22.5698,92.1337,331,1.2,1.1,2005-03-21,0658,Aqua,MODIS,82,6.2,301.3,25.5,D,0
22.3757,92.322,322.8,1.2,1.1,2005-03-21,0658,Aqua,MODIS,73,6.2,302.8,13.7,D,0
22.5794,92.3168,350.8,1.2,1.1,2005-03-21,0658,Aqua,MODIS,95,6.2,301.1,66.6,D,0
22.7694,92.3498,350.3,1.2,1.1,2005-03-21,0658,Aqua,MODIS,95,6.2,304.4,66.4,D,0
22.7711,92.3602,321.6,1.2,1.1,2005-03-21,0658,Aqua,MODIS,72,6.2,302.9,12.4,D,0
21.4257,92.4847,346.6,1.2,1.1,2005-03-21,0658,Aqua,MODIS,93,6.2,303.3,60.1,D,0
21.4239,92.4733,328.9,1.2,1.1,2005-03-21,0658,Aqua,MODIS,80,6.2,303.9,24.2,D,0
21.5694,92.3527,315,1.2,1.1,2005-03-21,0658,Aqua,MODIS,44,6.2,302.1,5.7,D,0
21.5677,92.3419,342.2,1.2,1.1,2005-03-21,0658,Aqua,MODIS,91,6.2,304.2,49.4,D,0
21.5659,92.3308,325,1.2,1.1,2005-03-21,0658,Aqua,MODIS,76,6.2,304.4,17.3,D,0
22.3949,92.5017,315.8,1.1,1.1,2005-03-21,0658,Aqua,MODIS,53,6.2,302,6.5,D,0
22.7397,92.0412,315.9,1.2,1.1,2005-03-21,0658,Aqua,MODIS,51,6.2,299.6,9.1,D,0
22.7692,91.9579,316.6,1.2,1.1,2005-03-21,0658,Aqua,MODIS,62,6.2,295.8,10.2,D,0
22.8288,92.0176,322.1,1.2,1.1,2005-03-21,0658,Aqua,MODIS,73,6.2,298.9,16.8,D,0
22.3383,92.5393,349.8,1.1,1.1,2005-03-21,0658,Aqua,MODIS,95,6.2,304.7,62.9,D,0
23.147,91.8846,323.8,1.2,1.1,2005-03-21,0658,Aqua,MODIS,76,6.2,296.4,18.6,D,0
22.4263,92.3923,322.8,1.2,1.1,2005-03-21,0658,Aqua,MODIS,54,6.2,303,12.3,D,0
22.4245,92.3809,354.7,1.2,1.1,2005-03-21,0658,Aqua,MODIS,97,6.2,304.5,77.7,D,0
21.81,92.5166,357.8,1.2,1.1,2005-03-21,0658,Aqua,MODIS,99,6.2,304.9,86.4,D,0
23.0159,91.97,326.9,1.2,1.1,2005-03-21,0658,Aqua,MODIS,37,6.2,301.1,20.4,D,0
23.0122,91.9468,329.9,1.2,1.1,2005-03-21,0658,Aqua,MODIS,49,6.2,300.2,25.3,D,0
23.0219,91.945,340.3,1.2,1.1,2005-03-21,0658,Aqua,MODIS,90,6.2,298.4,46.4,D,0
23.02,91.9334,320.7,1.2,1.1,2005-03-21,0658,Aqua,MODIS,33,6.2,294,12.9,D,0
23.0558,91.9566,314,1.2,1.1,2005-03-21,0658,Aqua,MODIS,36,6.2,295.9,6.8,D,0
23.0655,91.9546,355,1.2,1.1,2005-03-21,0658,Aqua,MODIS,97,6.2,297.3,85.9,D,0
21.5136,92.3351,324,1.2,1.1,2005-03-21,0658,Aqua,MODIS,75,6.2,303.6,14.8,D,0
21.9445,92.5712,322.8,1.2,1.1,2005-03-21,0658,Aqua,MODIS,72,6.2,301.1,15.2,D,0
21.5562,92.3327,355.8,1.2,1.1,2005-03-21,0658,Aqua,MODIS,98,6.2,306.8,85.9,D,0
21.5579,92.3434,349.6,1.2,1.1,2005-03-21,0658,Aqua,MODIS,95,6.2,305.8,67.6,D,0
20.9053,92.2468,315.1,1.2,1.1,2005-03-21,0658,Aqua,MODIS,0,6.2,299.9,7.6,D,0
21.9463,92.5818,340.3,1.2,1.1,2005-03-21,0658,Aqua,MODIS,89,6.2,301.6,44.8,D,0
21.935,92.5729,348.2,1.2,1.1,2005-03-21,0658,Aqua,MODIS,94,6.2,305.2,61.5,D,0
21.9368,92.5838,384.3,1.2,1.1,2005-03-21,0658,Aqua,MODIS,100,6.2,309.1,200.8,D,0
21.9314,92.5804,365.4,1.2,1.1,2005-03-21,0658,Aqua,MODIS,100,6.2,306.7,113.2,D,0
23.0636,91.9432,336.1,1.2,1.1,2005-03-21,0658,Aqua,MODIS,87,6.2,298.5,38.5,D,0
23.1005,91.9242,326.8,1.2,1.1,2005-03-21,0658,Aqua,MODIS,79,6.2,295.8,24.4,D,0
23.1753,92.2704,320.6,1.2,1.1,2005-03-21,0658,Aqua,MODIS,62,6.2,297.5,12.5,D,0
21.5466,92.3347,362.9,1.2,1.1,2005-03-21,0658,Aqua,MODIS,100,6.2,306.6,109.9,D,0
23.2015,92.2815,320.3,1.1,1.1,2005-03-21,0658,Aqua,MODIS,44,6.2,299.1,11.9,D,0
23.1997,92.2703,320.2,1.1,1.1,2005-03-21,0658,Aqua,MODIS,45,6.2,300,11.5,D,0
22.4454,92.3889,323.1,1.2,1.1,2005-03-21,0658,Aqua,MODIS,74,6.2,303.5,13.9,D,0
21.8063,92.4935,325,1.2,1.1,2005-03-21,0658,Aqua,MODIS,76,6.2,305.3,13.7,D,0
23.0534,92.0802,338.3,1.2,1.1,2005-03-21,0658,Aqua,MODIS,88,6.2,300.3,38.4,D,0
22.6873,92.472,319.8,1.1,1.1,2005-03-21,0658,Aqua,MODIS,61,6.2,302.7,8.9,D,0
23.132,92.0595,333.1,1.2,1.1,2005-03-21,0658,Aqua,MODIS,85,6.2,299.4,31.3,D,0
23.1338,92.0706,356.9,1.2,1.1,2005-03-21,0658,Aqua,MODIS,98,6.2,299.7,87.5,D,0
23.1164,92.0856,333,1.2,1.1,2005-03-21,0658,Aqua,MODIS,85,6.2,299.2,29,D,0
22.526,92.435,345.4,1.2,1.1,2005-03-21,0658,Aqua,MODIS,92,6.2,304.3,52.7,D,0
22.4436,92.3774,321.6,1.2,1.1,2005-03-21,0658,Aqua,MODIS,71,6.2,302.8,12.1,D,0
23.0571,92.0858,329.9,1.2,1.1,2005-03-21,0658,Aqua,MODIS,82,6.2,298.4,25.5,D,0
23.0667,92.0839,350.6,1.2,1.1,2005-03-21,0658,Aqua,MODIS,95,6.2,300.8,68.3,D,0
23.0799,92.1042,326.5,1.2,1.1,2005-03-21,0658,Aqua,MODIS,56,6.2,296.2,19.1,D,0
23.0781,92.0931,345.8,1.2,1.1,2005-03-21,0658,Aqua,MODIS,88,6.2,299.5,53.5,D,0
23.0763,92.082,382.8,1.2,1.1,2005-03-21,0658,Aqua,MODIS,100,6.2,302.2,194.3,D,0
23.0859,92.08,379.1,1.2,1.1,2005-03-21,0658,Aqua,MODIS,100,6.2,299.9,176.5,D,0
21.5483,92.3454,359.2,1.2,1.1,2005-03-21,0658,Aqua,MODIS,99,6.2,306.4,96.9,D,0
21.5155,92.3471,407.9,1.2,1.1,2005-03-21,0658,Aqua,MODIS,100,6.2,310.8,382.4,D,0
21.5173,92.3588,325.8,1.2,1.1,2005-03-21,0658,Aqua,MODIS,77,6.2,302.2,17.6,D,0
21.5014,92.3838,375.6,1.2,1.1,2005-03-21,0658,Aqua,MODIS,100,6.2,307.3,164.6,D,0
21.7303,92.2047,321.3,1.2,1.1,2005-03-21,0658,Aqua,MODIS,71,6.2,305.7,10.2,D,0
21.5357,92.4121,339.1,1.2,1.1,2005-03-21,0658,Aqua,MODIS,89,6.2,303.8,41.6,D,0
21.5032,92.395,377.5,1.2,1.1,2005-03-21,0658,Aqua,MODIS,100,6.2,305.1,173.3,D,0
21.4936,92.3968,317.1,1.2,1.1,2005-03-21,0658,Aqua,MODIS,62,6.2,303.1,8.1,D,0
21.8082,92.5052,421.5,1.2,1.1,2005-03-21,0658,Aqua,MODIS,100,6.2,314.1,495.5,D,0
21.8177,92.503,345.9,1.2,1.1,2005-03-21,0658,Aqua,MODIS,93,6.2,304.8,52.1,D,0
21.5375,92.4232,355.2,1.2,1.1,2005-03-21,0658,Aqua,MODIS,97,6.2,304.4,82.2,D,0
23.084,92.0688,365.1,1.2,1.1,2005-03-21,0658,Aqua,MODIS,100,6.2,297.4,114.9,D,0
23.0936,92.0669,322.8,1.2,1.1,2005-03-21,0658,Aqua,MODIS,65,6.2,296.8,15.6,D,0
21.574,92.504,314.7,1.2,1.1,2005-03-21,0658,Aqua,MODIS,50,6.2,301.7,6.4,D,0
21.5965,92.5216,331.7,1.2,1.1,2005-03-21,0658,Aqua,MODIS,83,6.2,303.6,27.9,D,0
22.6179,92.4353,359.1,1.1,1.1,2005-03-21,0658,Aqua,MODIS,99,6.2,306.8,89,D,0
22.6161,92.4241,323.9,1.1,1.1,2005-03-21,0658,Aqua,MODIS,69,6.2,304.5,13.3,D,0
22.6368,92.4315,346,1.1,1.1,2005-03-21,0658,Aqua,MODIS,93,6.2,304,52.1,D,0
22.6351,92.4204,352,1.1,1.1,2005-03-21,0658,Aqua,MODIS,96,6.2,304.8,68.5,D,0
22.539,92.4556,319.2,1.1,1.1,2005-03-21,0658,Aqua,MODIS,67,6.2,303.6,8.1,D,0
23.2178,91.8775,360.9,1.2,1.1,2005-03-21,0659,Aqua,MODIS,100,6.2,301.2,103.6,D,0
23.3879,92.2916,328.6,1.1,1.1,2005-03-21,0659,Aqua,MODIS,81,6.2,297.7,24.3,D,0
23.2828,91.9713,319.6,1.2,1.1,2005-03-21,0659,Aqua,MODIS,70,6.2,293.9,13.8,D,0
23.2583,91.8813,360.2,1.2,1.1,2005-03-21,0659,Aqua,MODIS,100,6.2,300.8,101.7,D,0
23.2086,92.1429,321.2,1.2,1.1,2005-03-21,0659,Aqua,MODIS,60,6.2,294,15.1,D,0
23.3968,91.9017,317.6,1.2,1.1,2005-03-21,0659,Aqua,MODIS,66,6.2,298.7,10.6,D,0
23.3279,92.0678,329.5,1.2,1.1,2005-03-21,0659,Aqua,MODIS,71,6.2,298.7,24.9,D,0
23.514,92.2615,331.7,1.1,1.1,2005-03-21,0659,Aqua,MODIS,84,6.2,297.3,29.4,D,0
23.2159,91.8661,320.8,1.2,1.1,2005-03-21,0659,Aqua,MODIS,22,6.2,293.5,12.7,D,0
23.2293,91.8869,330.6,1.2,1.1,2005-03-21,0659,Aqua,MODIS,70,6.2,297.5,25,D,0
23.6101,89.6575,328.9,1.6,1.2,2005-03-21,0659,Aqua,MODIS,78,6.2,310.2,24,D,0
23.3316,91.9436,315.2,1.2,1.1,2005-03-21,0659,Aqua,MODIS,59,6.2,297,8.5,D,0
23.3334,91.955,317.8,1.2,1.1,2005-03-21,0659,Aqua,MODIS,67,6.2,297.3,11.5,D,0
23.3861,92.2803,327.3,1.1,1.1,2005-03-21,0659,Aqua,MODIS,80,6.2,298.5,22.7,D,0
23.3353,91.9665,327.2,1.2,1.1,2005-03-21,0659,Aqua,MODIS,80,6.2,299.1,23.8,D,0
23.3972,91.9191,321.4,1.2,1.1,2005-03-21,0659,Aqua,MODIS,73,6.2,298.8,14.8,D,0
23.4171,92.0441,316.8,1.2,1.1,2005-03-21,0659,Aqua,MODIS,65,6.2,298.7,11.1,D,0
23.3987,91.9132,336.1,1.2,1.1,2005-03-21,0659,Aqua,MODIS,82,6.2,299.1,39.1,D,0
23.1605,91.906,325.1,1.2,1.1,2005-03-21,0659,Aqua,MODIS,77,6.2,300,17.9,D,0
23.3956,92.2787,315.1,1.1,1.1,2005-03-21,0659,Aqua,MODIS,47,6.2,297.4,7.5,D,0
23.3327,92.0721,317.2,1.2,1.1,2005-03-21,0659,Aqua,MODIS,66,6.2,298.2,10.9,D,0
23.2818,91.8412,318.4,1.2,1.1,2005-03-21,0659,Aqua,MODIS,56,6.2,298.3,11.2,D,0
23.2837,91.8527,313.8,1.2,1.1,2005-03-21,0659,Aqua,MODIS,23,6.2,295,6.4,D,0
23.4128,92.2641,317.2,1.1,1.1,2005-03-21,0659,Aqua,MODIS,51,6.2,298.5,10,D,0
23.2042,91.992,321.9,1.2,1.1,2005-03-21,0659,Aqua,MODIS,73,6.2,295.6,15.8,D,0
23.3183,92.0696,340,1.2,1.1,2005-03-21,0659,Aqua,MODIS,89,6.2,298.5,45.1,D,0
23.4874,92.2779,328.1,1.1,1.1,2005-03-21,0659,Aqua,MODIS,81,6.2,296.1,24,D,0
23.2759,92.1126,315,1.2,1.1,2005-03-21,0659,Aqua,MODIS,59,6.2,299.6,7,D,0
25.0435,89.5888,316.7,1.5,1.2,2005-03-21,0659,Aqua,MODIS,0,6.2,302.2,13.9,D,0
23.421,92.0493,327.5,1.2,1.1,2005-03-21,0659,Aqua,MODIS,80,6.2,299.2,23.9,D,0
23.2061,92.0035,325.4,1.2,1.1,2005-03-21,0659,Aqua,MODIS,77,6.2,296.1,20.7,D,0
23.7107,91.94,357,1.2,1.1,2005-03-21,0659,Aqua,MODIS,98,6.2,298.4,84.8,D,0
23.3989,91.8539,316.1,1.2,1.1,2005-03-21,0659,Aqua,MODIS,42,6.2,299.7,9.1,D,0
23.4008,91.8654,319.1,1.2,1.1,2005-03-21,0659,Aqua,MODIS,69,6.2,299.2,12.3,D,0
23.2037,92.0506,311.8,1.2,1.1,2005-03-21,0659,Aqua,MODIS,17,6.2,295.1,4.6,D,0
23.2462,91.9903,330.6,1.2,1.1,2005-03-21,0659,Aqua,MODIS,83,6.2,297.5,27.6,D,0
23.2481,92.0018,324.4,1.2,1.1,2005-03-21,0659,Aqua,MODIS,76,6.2,295.7,18.1,D,0
23.3201,92.081,324.7,1.2,1.1,2005-03-21,0659,Aqua,MODIS,74,6.2,298.4,18.2,D,0
23.2197,91.8888,341.4,1.2,1.1,2005-03-21,0659,Aqua,MODIS,90,6.2,299.6,46.4,D,0
23.2565,91.8698,333,1.2,1.1,2005-03-21,0659,Aqua,MODIS,85,6.2,297.4,31.3,D,0
23.0867,89.5764,328.6,1.7,1.3,2005-03-21,0659,Aqua,MODIS,68,6.2,308.5,33,D,0
23.0895,89.5924,324.9,1.7,1.3,2005-03-21,0659,Aqua,MODIS,43,6.2,308.9,23.5,D,0
23.4188,92.0553,320.2,1.2,1.1,2005-03-21,0659,Aqua,MODIS,71,6.2,298.9,14.7,D,0
23.2275,91.8755,325.6,1.2,1.1,2005-03-21,0659,Aqua,MODIS,57,6.2,297.6,17.9,D,0
23.3954,91.9076,330.6,1.2,1.1,2005-03-21,0659,Aqua,MODIS,83,6.2,298.7,28.3,D,0
21.8532,92.5056,306.7,1.6,1.3,2005-03-21,1626,Terra,MODIS,69,6.2,292.9,14.6,N,0
21.8547,92.5196,324.9,1.6,1.3,2005-03-21,1626,Terra,MODIS,100,6.2,292.5,47.3,N,0
21.8544,92.5116,322.4,1.6,1.3,2005-03-21,1626,Terra,MODIS,100,6.2,293.2,41.3,N,0
21.8559,92.5251,311.4,1.6,1.3,2005-03-21,1626,Terra,MODIS,82,6.2,291.5,21.4,N,0
22.2738,92.5498,315.9,1,1,2005-03-22,0435,Terra,MODIS,62,6.2,299.4,8.1,D,0
23.4018,92.2864,315.1,1,1,2005-03-22,0435,Terra,MODIS,65,6.2,298.6,8,D,0
23.3929,92.2848,325.5,1,1,2005-03-22,0435,Terra,MODIS,79,6.2,298.4,17.7,D,0
22.1632,92.2056,334,2.7,1.6,2005-03-22,0741,Aqua,MODIS,85,6.2,300.9,102.3,D,0
22.1703,92.4425,338.7,2.8,1.6,2005-03-22,0741,Aqua,MODIS,83,6.2,301.7,132.4,D,0
22.1679,92.4165,323.8,2.8,1.6,2005-03-22,0741,Aqua,MODIS,0,6.2,294.2,47.8,D,0
21.5373,92.4806,326.7,2.8,1.6,2005-03-22,0741,Aqua,MODIS,75,6.2,299.8,70.6,D,0
21.5349,92.4552,323.7,2.8,1.6,2005-03-22,0741,Aqua,MODIS,71,6.2,299.4,54.9,D,0
21.5396,92.4761,326.9,2.8,1.6,2005-03-22,0741,Aqua,MODIS,76,6.2,299.9,70.1,D,0
22.4339,92.3733,329.6,2.8,1.6,2005-03-22,0741,Aqua,MODIS,59,6.2,294.6,86,D,0
22.4296,92.3519,350.3,2.8,1.6,2005-03-22,0741,Aqua,MODIS,95,6.2,299.4,238.9,D,0
21.5324,92.4302,317.7,2.7,1.6,2005-03-22,0741,Aqua,MODIS,47,6.2,299.3,27.1,D,0
21.535,92.4253,325.1,2.7,1.6,2005-03-22,0741,Aqua,MODIS,67,6.2,299.3,56.7,D,0
21.5298,92.4037,351.2,2.7,1.6,2005-03-22,0741,Aqua,MODIS,95,6.2,299.9,236.3,D,0
21.5326,92.3985,337,2.7,1.6,2005-03-22,0741,Aqua,MODIS,86,6.2,299.7,121.8,D,0
23.3024,92.3324,321.8,2.8,1.6,2005-03-22,0741,Aqua,MODIS,56,6.2,296.2,52.6,D,0
23.2999,92.3054,325.7,2.8,1.6,2005-03-22,0741,Aqua,MODIS,78,6.2,295.7,75.3,D,0
23.3458,92.3283,351.1,2.8,1.6,2005-03-22,0741,Aqua,MODIS,96,6.2,297.3,251.2,D,0
23.3324,92.3246,320.4,2.8,1.6,2005-03-22,0741,Aqua,MODIS,23,6.2,296.1,45.8,D,0
23.3469,92.3228,340.5,2.8,1.6,2005-03-22,0741,Aqua,MODIS,65,6.2,297,153.4,D,0
23.3758,92.32,334.1,2.8,1.6,2005-03-22,0741,Aqua,MODIS,52,6.2,296.6,108.7,D,0
23.2375,92.257,320.3,2.8,1.6,2005-03-22,0741,Aqua,MODIS,71,6.2,296.5,46.8,D,0
23.2399,92.2848,328,2.8,1.6,2005-03-22,0741,Aqua,MODIS,80,6.2,297.6,85.6,D,0
23.2338,92.2651,330.5,2.8,1.6,2005-03-22,0741,Aqua,MODIS,83,6.2,296.9,99.6,D,0
22.4321,92.3785,328.4,2.8,1.6,2005-03-22,0741,Aqua,MODIS,57,6.2,293.1,78.7,D,0
23.2364,92.2926,323.2,2.8,1.6,2005-03-22,0741,Aqua,MODIS,75,6.2,297.5,62,D,0
22.175,92.4958,320.8,2.8,1.6,2005-03-22,0741,Aqua,MODIS,28,6.2,299.4,41.5,D,0
22.2329,92.4915,351.8,2.8,1.6,2005-03-22,0741,Aqua,MODIS,96,6.2,301.3,258.7,D,0
22.2474,92.491,360.3,2.8,1.6,2005-03-22,0741,Aqua,MODIS,94,6.2,302,349.8,D,0
22.2619,92.4902,363.4,2.8,1.6,2005-03-22,0741,Aqua,MODIS,94,6.2,299.1,384.9,D,0
22.1138,92.5089,328.3,2.8,1.6,2005-03-22,0741,Aqua,MODIS,79,6.2,300.4,79.8,D,0
22.1099,92.488,357,2.8,1.6,2005-03-22,0741,Aqua,MODIS,98,6.2,303.9,310.6,D,0
22.6333,92.4215,338.1,2.8,1.6,2005-03-22,0741,Aqua,MODIS,88,6.2,298.2,137.4,D,0
22.6321,92.4267,345.2,2.8,1.6,2005-03-22,0741,Aqua,MODIS,92,6.2,298.6,194.1,D,0
22.3643,92.4743,370.3,2.8,1.6,2005-03-22,0741,Aqua,MODIS,87,6.2,299.8,486.6,D,0
23.1109,91.9102,321.9,2.6,1.6,2005-03-22,0741,Aqua,MODIS,68,6.2,294.7,44.7,D,0
23.1249,91.9087,326.4,2.6,1.6,2005-03-22,0741,Aqua,MODIS,78,6.2,293.7,63.2,D,0
23.115,91.905,325,2.6,1.6,2005-03-22,0741,Aqua,MODIS,70,6.2,295.3,56.3,D,0
22.3667,92.4995,337.3,2.8,1.6,2005-03-22,0741,Aqua,MODIS,81,6.2,295.2,131.4,D,0
22.3699,92.4924,356,2.8,1.6,2005-03-22,0741,Aqua,MODIS,98,6.2,297.2,299.7,D,0
22.708,92.4402,324.2,2.8,1.6,2005-03-22,0741,Aqua,MODIS,75,6.2,296.9,55.9,D,0
22.7136,92.4599,330.6,2.9,1.6,2005-03-22,0741,Aqua,MODIS,82,6.2,298.8,88.6,D,0
22.7112,92.4325,324.1,2.8,1.6,2005-03-22,0741,Aqua,MODIS,71,6.2,298.1,52.8,D,0
23.0441,92.3242,342.4,2.8,1.6,2005-03-22,0741,Aqua,MODIS,91,6.2,299,173.7,D,0
21.8276,92.5367,356.6,2.8,1.6,2005-03-22,0741,Aqua,MODIS,98,6.2,299.5,292,D,0
21.8252,92.5121,398.9,2.8,1.6,2005-03-22,0741,Aqua,MODIS,100,6.2,307.9,1046,D,0
21.842,92.5349,362.7,2.8,1.6,2005-03-22,0741,Aqua,MODIS,100,6.2,301.3,370.7,D,0
21.8594,92.5629,356.5,2.8,1.6,2005-03-22,0741,Aqua,MODIS,98,6.2,300.1,307,D,0
21.8563,92.5323,406.2,2.8,1.6,2005-03-22,0741,Aqua,MODIS,100,6.2,308.1,1268.8,D,0
21.8312,92.529,379.4,2.8,1.6,2005-03-22,0741,Aqua,MODIS,100,6.2,301,623.2,D,0
21.8291,92.5053,374.7,2.8,1.6,2005-03-22,0741,Aqua,MODIS,100,6.2,305.1,534.7,D,0
21.8482,92.5558,352.7,2.8,1.6,2005-03-22,0741,Aqua,MODIS,96,6.2,300.7,264.6,D,0
21.8456,92.5269,360.6,2.8,1.6,2005-03-22,0741,Aqua,MODIS,100,6.2,302.1,343.7,D,0
21.8626,92.5538,384.4,2.8,1.6,2005-03-22,0741,Aqua,MODIS,100,6.2,301.9,745.8,D,0
21.8599,92.5245,379.7,2.8,1.6,2005-03-22,0741,Aqua,MODIS,100,6.2,304.8,642.3,D,0
23.0789,92.3419,318,2.8,1.6,2005-03-22,0741,Aqua,MODIS,67,6.2,298.2,32.2,D,0
22.4034,92.3817,359.1,2.8,1.6,2005-03-22,0741,Aqua,MODIS,99,6.2,299.1,320.6,D,0
22.4059,92.4082,337.1,2.8,1.6,2005-03-22,0741,Aqua,MODIS,68,6.2,292.7,113.6,D,0
21.5705,92.4974,334.3,2.8,1.6,2005-03-22,0741,Aqua,MODIS,84,6.2,299.5,116.1,D,0
22.6609,92.0948,318.9,2.7,1.6,2005-03-22,0741,Aqua,MODIS,66,6.2,298.7,32.9,D,0
21.7583,92.5735,323.2,2.8,1.6,2005-03-22,0741,Aqua,MODIS,49,6.2,299.9,54.5,D,0
23.1964,91.8699,314.7,2.6,1.6,2005-03-22,0741,Aqua,MODIS,44,6.2,293.9,19.2,D,0
23.2383,91.8657,316.8,2.6,1.6,2005-03-22,0741,Aqua,MODIS,47,6.2,296,25.1,D,0
23.2329,91.8847,318.1,2.6,1.6,2005-03-22,0741,Aqua,MODIS,52,6.2,295.1,30.5,D,0
22.5762,92.2964,318.4,2.8,1.6,2005-03-22,0741,Aqua,MODIS,65,6.2,296.4,31.5,D,0
22.4009,92.3547,352.5,2.8,1.6,2005-03-22,0741,Aqua,MODIS,96,6.2,301,252,D,0
21.4445,92.2577,317.8,2.7,1.6,2005-03-22,0741,Aqua,MODIS,55,6.2,299.8,30,D,0
22.9503,92.1226,316.9,2.7,1.6,2005-03-22,0741,Aqua,MODIS,54,6.2,297.8,29.4,D,0
22.5618,92.4961,330.3,2.9,1.6,2005-03-22,0741,Aqua,MODIS,82,6.2,295.3,92,D,0
22.9533,92.1178,316.8,2.7,1.6,2005-03-22,0741,Aqua,MODIS,56,6.2,298,26.5,D,0
23.0607,89.4792,318.1,1.7,1.3,2005-03-22,0741,Aqua,MODIS,48,6.2,300.8,15.3,D,0
22.4867,92.4745,328.3,2.8,1.6,2005-03-22,0741,Aqua,MODIS,53,6.2,293.7,71.7,D,0
21.3999,92.4837,326.1,2.8,1.6,2005-03-22,0741,Aqua,MODIS,74,6.2,300.5,68.1,D,0
21.3919,92.4044,341.5,2.7,1.6,2005-03-22,0741,Aqua,MODIS,89,6.2,299.2,163.1,D,0
21.388,92.4794,317.8,2.8,1.6,2005-03-22,0741,Aqua,MODIS,33,6.2,300.1,32.2,D,0
21.3806,92.401,317.6,2.7,1.6,2005-03-22,0741,Aqua,MODIS,54,6.2,299.5,33.1,D,0
21.4023,92.4784,318,2.8,1.6,2005-03-22,0741,Aqua,MODIS,52,6.2,300.1,33.1,D,0
21.3948,92.3992,333.5,2.7,1.6,2005-03-22,0741,Aqua,MODIS,83,6.2,299.2,109.3,D,0
22.8244,92.3944,323,2.8,1.6,2005-03-22,0741,Aqua,MODIS,73,6.2,299.9,51.1,D,0
22.8389,92.3929,317.5,2.8,1.6,2005-03-22,0741,Aqua,MODIS,31,6.2,299.4,25.6,D,0
22.8257,92.3893,330.2,2.8,1.6,2005-03-22,0741,Aqua,MODIS,71,6.2,299.9,87.2,D,0
21.761,92.4729,323.6,2.8,1.6,2005-03-22,0741,Aqua,MODIS,23,6.2,302.2,46.7,D,0
22.3566,92.3943,335,2.8,1.6,2005-03-22,0741,Aqua,MODIS,0,6.2,299.1,106.6,D,0
21.6677,92.458,323.5,2.8,1.6,2005-03-22,0741,Aqua,MODIS,70,6.2,298.9,58,D,0
21.946,92.5134,332.1,2.8,1.6,2005-03-22,0741,Aqua,MODIS,82,6.2,299.1,102,D,0
21.9476,92.5081,332,2.8,1.6,2005-03-22,0741,Aqua,MODIS,82,6.2,299.4,101.3,D,0
23.176,92.1404,318.1,2.7,1.6,2005-03-22,0741,Aqua,MODIS,48,6.2,297.1,32.2,D,0
23.1785,92.1352,318.1,2.7,1.6,2005-03-22,0741,Aqua,MODIS,67,6.2,297.1,35.2,D,0
21.744,92.5761,322.4,2.8,1.6,2005-03-22,0741,Aqua,MODIS,61,6.2,301.3,53,D,0
22.4339,92.2123,320.6,2.7,1.6,2005-03-22,0741,Aqua,MODIS,70,6.2,299.2,38.5,D,0
22.4285,92.1917,319.5,2.7,1.6,2005-03-22,0741,Aqua,MODIS,68,6.2,300.7,34,D,0
22.431,92.2178,316.9,2.7,1.6,2005-03-22,0741,Aqua,MODIS,61,6.2,299,24.3,D,0
21.8697,92.475,321.2,2.8,1.6,2005-03-22,0741,Aqua,MODIS,66,6.2,300.7,39.7,D,0
22.9534,91.9601,321.2,2.6,1.6,2005-03-22,0741,Aqua,MODIS,71,6.2,296.1,44.6,D,0
22.9494,91.9651,319.9,2.6,1.6,2005-03-22,0741,Aqua,MODIS,69,6.2,296.2,40,D,0
21.6385,92.2463,317.8,2.7,1.6,2005-03-22,0741,Aqua,MODIS,53,6.2,301,23.8,D,0
22.7122,92.0376,316.4,2.7,1.6,2005-03-22,0741,Aqua,MODIS,55,6.2,298.1,24.8,D,0
22.7096,92.0123,320.1,2.6,1.6,2005-03-22,0741,Aqua,MODIS,68,6.2,295.5,40.3,D,0
22.7039,92.031,315.8,2.7,1.6,2005-03-22,0741,Aqua,MODIS,57,6.2,297.9,23.5,D,0
21.6251,92.4646,356.9,2.8,1.6,2005-03-22,0741,Aqua,MODIS,98,6.2,300.7,306.4,D,0
21.611,92.4678,319.2,2.8,1.6,2005-03-22,0741,Aqua,MODIS,60,6.2,300,36.8,D,0
21.5659,92.4778,318,2.8,1.6,2005-03-22,0741,Aqua,MODIS,34,6.2,299,30.8,D,0
21.6329,92.2547,321.6,2.7,1.6,2005-03-22,0741,Aqua,MODIS,66,6.2,301,38.4,D,0
21.9741,92.4816,317.2,2.8,1.6,2005-03-22,0741,Aqua,MODIS,52,6.2,299.9,26.6,D,0
21.9884,92.4794,342.4,2.8,1.6,2005-03-22,0741,Aqua,MODIS,90,6.2,301.1,170.4,D,0
21.9862,92.4563,334.2,2.8,1.6,2005-03-22,0741,Aqua,MODIS,84,6.2,303.2,109.7,D,0
21.9923,92.4735,330.7,2.8,1.6,2005-03-22,0741,Aqua,MODIS,81,6.2,301.5,89.7,D,0
21.9901,92.4488,322,2.8,1.6,2005-03-22,0741,Aqua,MODIS,69,6.2,302.1,43,D,0
22.7178,92.0286,325.2,2.7,1.6,2005-03-22,0741,Aqua,MODIS,76,6.2,298,60.7,D,0
21.6578,92.4521,316.9,2.8,1.6,2005-03-22,0741,Aqua,MODIS,46,6.2,298.3,28.1,D,0
21.6603,92.4785,318.2,2.8,1.6,2005-03-22,0741,Aqua,MODIS,55,6.2,299.5,34.1,D,0
21.6276,92.4898,319.6,2.8,1.6,2005-03-22,0741,Aqua,MODIS,61,6.2,299,39.2,D,0
21.7631,92.4679,322.7,2.8,1.6,2005-03-22,0741,Aqua,MODIS,39,6.2,302.2,43,D,0
22.7836,92.4256,342.4,2.8,1.6,2005-03-22,0741,Aqua,MODIS,91,6.2,300.8,172.2,D,0
22.3676,92.4669,355.2,2.8,1.6,2005-03-22,0741,Aqua,MODIS,97,6.2,298.2,289.7,D,0
22.798,92.4241,333.2,2.8,1.6,2005-03-22,0741,Aqua,MODIS,84,6.2,300.1,101,D,0
22.7992,92.4192,324.7,2.8,1.6,2005-03-22,0741,Aqua,MODIS,66,6.2,300.3,52.2,D,0
23.048,92.1545,318,2.7,1.6,2005-03-22,0741,Aqua,MODIS,66,6.2,297,32.9,D,0
23.0435,92.1629,315.8,2.7,1.6,2005-03-22,0741,Aqua,MODIS,60,6.2,297.1,25.2,D,0
23.1571,92.057,318.6,2.7,1.6,2005-03-22,0741,Aqua,MODIS,68,6.2,297.3,36.3,D,0
23.1946,92.0004,312.4,2.7,1.6,2005-03-22,0741,Aqua,MODIS,45,6.2,292.6,14.9,D,0
23.4344,92.2775,365.4,2.8,1.6,2005-03-22,0741,Aqua,MODIS,100,6.2,296.4,433.3,D,0
23.4284,92.2576,328.5,2.8,1.6,2005-03-22,0741,Aqua,MODIS,81,6.2,295.2,87.9,D,0
23.4311,92.2856,359.7,2.8,1.6,2005-03-22,0741,Aqua,MODIS,99,6.2,296.8,354.6,D,0
23.4021,92.2876,322.7,2.8,1.6,2005-03-22,0741,Aqua,MODIS,63,6.2,296.9,56.7,D,0
23.3733,92.2918,337.7,2.8,1.6,2005-03-22,0741,Aqua,MODIS,88,6.2,297.6,140.4,D,0
23.372,92.2969,339.1,2.8,1.6,2005-03-22,0741,Aqua,MODIS,89,6.2,297.5,151.2,D,0
21.5817,92.3124,337.4,2.7,1.6,2005-03-22,0741,Aqua,MODIS,86,6.2,301.3,127.9,D,0
22.3592,92.4212,342.6,2.8,1.6,2005-03-22,0741,Aqua,MODIS,69,6.2,299.6,159.7,D,0
22.3617,92.4476,343.7,2.8,1.6,2005-03-22,0741,Aqua,MODIS,69,6.2,297.7,173.7,D,0
21.6412,92.274,319.3,2.7,1.6,2005-03-22,0741,Aqua,MODIS,59,6.2,301.6,29.2,D,0
22.7526,91.9488,316.2,2.6,1.6,2005-03-22,0741,Aqua,MODIS,58,6.2,297.6,27.3,D,0
22.8267,91.936,316.1,2.6,1.6,2005-03-22,0741,Aqua,MODIS,55,6.2,294.9,24.4,D,0
22.6345,92.4522,328.7,2.8,1.6,2005-03-22,0741,Aqua,MODIS,80,6.2,295.6,77.7,D,0
22.6356,92.4472,337.5,2.8,1.6,2005-03-22,0741,Aqua,MODIS,87,6.2,296.8,131.3,D,0
22.5763,92.4947,327.1,2.9,1.6,2005-03-22,0741,Aqua,MODIS,78,6.2,297.4,76.4,D,0
22.2632,92.4848,345.6,2.8,1.6,2005-03-22,0741,Aqua,MODIS,80,6.2,297.6,197.2,D,0
22.5792,92.4862,326.9,2.9,1.6,2005-03-22,0741,Aqua,MODIS,72,6.2,296.9,71.9,D,0
22.2446,92.461,343.4,2.8,1.6,2005-03-22,0741,Aqua,MODIS,69,6.2,299.7,171.4,D,0
23.3045,91.8455,322.9,2.6,1.6,2005-03-22,0741,Aqua,MODIS,64,6.2,295.4,49.5,D,0
23.2906,91.8471,322.4,2.6,1.6,2005-03-22,0741,Aqua,MODIS,39,6.2,296.1,44.8,D,0
23.3003,91.8512,322.4,2.6,1.6,2005-03-22,0741,Aqua,MODIS,69,6.2,296.1,48.4,D,0
21.5683,92.5018,330.3,2.8,1.6,2005-03-22,0741,Aqua,MODIS,80,6.2,299.4,91.5,D,0
23.0217,92.0838,324.5,2.7,1.6,2005-03-22,0741,Aqua,MODIS,76,6.2,298.9,55.3,D,0
23.2863,91.8529,328.8,2.6,1.6,2005-03-22,0741,Aqua,MODIS,76,6.2,296.1,73,D,0
23.0711,91.7875,322.8,2.6,1.5,2005-03-22,0741,Aqua,MODIS,74,6.2,293.9,51.7,D,0
21.8167,92.5296,328.5,2.8,1.6,2005-03-22,0741,Aqua,MODIS,50,6.2,299.4,66.4,D,0
22.1243,92.4862,336.3,2.8,1.6,2005-03-22,0741,Aqua,MODIS,86,6.2,300.8,125.6,D,0
22.1114,92.4828,358.7,2.8,1.6,2005-03-22,0741,Aqua,MODIS,99,6.2,304.6,333.2,D,0
22.1258,92.4812,326.5,2.8,1.6,2005-03-22,0741,Aqua,MODIS,77,6.2,300.3,67.7,D,0
22.169,92.4764,363.5,2.8,1.6,2005-03-22,0741,Aqua,MODIS,100,6.2,301.7,391.1,D,0
22.1665,92.4501,372,2.8,1.6,2005-03-22,0741,Aqua,MODIS,100,6.2,303.6,505.9,D,0
22.1832,92.4732,341.6,2.8,1.6,2005-03-22,0741,Aqua,MODIS,90,6.2,299,167.7,D,0
22.1809,92.4491,319.6,2.8,1.6,2005-03-22,0741,Aqua,MODIS,51,6.2,299.5,34.9,D,0
22.1726,92.4683,362.2,2.8,1.6,2005-03-22,0741,Aqua,MODIS,100,6.2,302.9,368.1,D,0
23.3922,92.1806,316.1,2.8,1.6,2005-03-22,0741,Aqua,MODIS,52,6.2,294.8,34,D,0
21.9516,92.5691,318.8,2.8,1.6,2005-03-22,0741,Aqua,MODIS,59,6.2,298,42.3,D,0
22.158,92.214,332.3,2.7,1.6,2005-03-22,0741,Aqua,MODIS,83,6.2,300.9,91.8,D,0
22.1555,92.1886,357,2.7,1.6,2005-03-22,0741,Aqua,MODIS,98,6.2,302.8,288.3,D,0
22.1491,92.2078,330.2,2.7,1.6,2005-03-22,0741,Aqua,MODIS,81,6.2,301.5,80.5,D,0
22.1469,92.1826,325.7,2.7,1.6,2005-03-22,0741,Aqua,MODIS,76,6.2,301.7,57.8,D,0
22.1609,92.1808,333,2.7,1.6,2005-03-22,0741,Aqua,MODIS,84,6.2,301.4,96.2,D,0
21.7965,92.5153,339.3,2.8,1.6,2005-03-22,0741,Aqua,MODIS,83,6.2,301.5,130.5,D,0
21.4796,92.3881,320.3,2.7,1.6,2005-03-22,0741,Aqua,MODIS,63,6.2,300.2,39.5,D,0
21.4844,92.3792,327.6,2.7,1.6,2005-03-22,0741,Aqua,MODIS,77,6.2,300.5,72.6,D,0
22.8938,92.2907,322,2.8,1.6,2005-03-22,0741,Aqua,MODIS,55,6.2,298.4,52.9,D,0
23.1703,89.4244,317,1.7,1.3,2005-03-22,0741,Aqua,MODIS,29,6.2,299.2,9.6,D,0
23.0974,92.0677,325.1,2.7,1.6,2005-03-22,0741,Aqua,MODIS,65,6.2,297.6,57.4,D,0
21.4987,92.379,338.7,2.7,1.6,2005-03-22,0741,Aqua,MODIS,87,6.2,300.2,136.8,D,0
21.4962,92.3526,320.5,2.7,1.6,2005-03-22,0741,Aqua,MODIS,64,6.2,300.3,38.9,D,0
23.3829,91.8557,316.2,2.6,1.6,2005-03-22,0741,Aqua,MODIS,61,6.2,293.3,31.6,D,0
23.3908,91.8624,313.5,2.6,1.6,2005-03-22,0741,Aqua,MODIS,49,6.2,291.6,22.5,D,0
22.1496,92.4253,330.8,2.8,1.6,2005-03-22,0741,Aqua,MODIS,62,6.2,297.6,82.1,D,0
22.164,92.4238,334.8,2.8,1.6,2005-03-22,0741,Aqua,MODIS,64,6.2,297.4,108.5,D,0
23.6074,89.6599,323.1,1.8,1.3,2005-03-22,0742,Aqua,MODIS,69,6.2,302.1,20.5,D,0
21.8568,92.5432,303.8,3,1.7,2005-03-22,1531,Terra,MODIS,55,6.2,291.1,25.2,N,0
21.8507,92.5132,314.3,3.1,1.7,2005-03-22,1531,Terra,MODIS,89,6.2,291.9,60.6,N,0
21.8514,92.5212,318.3,3.1,1.7,2005-03-22,1531,Terra,MODIS,97,6.2,291.8,78.7,N,0
21.326,92.1838,337.8,2,1.4,2005-03-23,0646,Aqua,MODIS,69,6.2,292.1,86.8,D,0
21.4643,92.3755,302,1.1,1,2005-03-23,1613,Terra,MODIS,46,6.2,290.5,4.7,N,0
21.5661,92.5087,316.6,1.1,1.1,2005-03-24,0423,Terra,MODIS,45,6.2,301.2,7.9,D,0
21.6038,91.9704,311.9,1.2,1.1,2005-03-24,0423,Terra,MODIS,28,6.2,288.7,6.7,D,0
21.0592,92.175,322.3,1.1,1.1,2005-03-24,0423,Terra,MODIS,55,6.2,300.8,12.9,D,0
24.2057,89.2324,316.4,1,1,2005-03-26,0717,Aqua,MODIS,33,6.2,300.3,6.3,D,0
24.1878,89.2421,322.1,1,1,2005-03-26,0717,Aqua,MODIS,45,6.2,302.7,9,D,0
23.6122,89.6507,329.3,1,1,2005-03-26,0717,Aqua,MODIS,64,6.2,306.3,19.4,D,0
23.6026,89.648,328.5,1,1,2005-03-26,0717,Aqua,MODIS,66,6.2,301.9,18.1,D,0
23.6041,89.6577,332.2,1,1,2005-03-26,0717,Aqua,MODIS,77,6.2,304.8,22.6,D,0
24.1864,89.2322,335,1,1,2005-03-26,0717,Aqua,MODIS,86,6.2,305.8,26.1,D,0
24.1619,89.241,316.8,1.1,1,2005-03-27,0453,Terra,MODIS,43,6.2,302,6.3,D,0
24.2042,89.3189,325.7,1.1,1,2005-03-27,0453,Terra,MODIS,78,6.2,302,17.8,D,0
24.2216,89.2688,314.1,1.1,1,2005-03-27,0453,Terra,MODIS,56,6.2,301.4,5.9,D,0
24.1446,89.291,314.8,1.1,1,2005-03-27,0453,Terra,MODIS,50,6.2,300.8,6,D,0
22.352,92.0618,317.2,1,1,2005-03-28,0704,Aqua,MODIS,46,6.2,300.7,7.5,D,0
22.7652,91.9842,315.3,1,1,2005-03-28,0704,Aqua,MODIS,46,6.2,298.6,7.1,D,0
22.3611,92.0601,320.7,1,1,2005-03-28,0704,Aqua,MODIS,72,6.2,300.2,11.1,D,0
22.8825,92.3336,317.5,1,1,2005-03-28,0705,Aqua,MODIS,67,6.2,301.4,8,D,0
24.0963,89.3053,321.2,1.3,1.1,2005-03-28,0705,Aqua,MODIS,69,6.2,298.8,13.4,D,0
22.9022,92.2796,314.9,1,1,2005-03-28,0705,Aqua,MODIS,60,6.2,300.8,5.8,D,0
24.1678,89.2454,321.6,1.3,1.1,2005-03-28,0705,Aqua,MODIS,70,6.2,302.5,12.9,D,0
22.1543,92.2308,321.3,1.1,1,2005-03-29,0441,Terra,MODIS,75,6.2,302.2,12,D,0
22.1653,92.2219,326.2,1.1,1,2005-03-29,0441,Terra,MODIS,80,6.2,302.2,17.6,D,0
24.1896,89.2281,335.7,1,1,2005-03-29,0441,Terra,MODIS,86,6.2,303,28.1,D,0
24.1749,89.2673,318.4,1,1,2005-03-29,0441,Terra,MODIS,58,6.2,299.6,6.9,D,0
22.1559,92.2203,322.2,1.1,1,2005-03-29,0441,Terra,MODIS,76,6.2,302.3,13,D,0
22.1635,92.2327,324.4,1.1,1,2005-03-29,0441,Terra,MODIS,78,6.2,301.9,15.6,D,0
22.4125,92.4559,319.4,3.7,1.8,2005-03-29,0747,Aqua,MODIS,66,6.2,295.3,70.4,D,0
22.4059,92.4616,319.2,3.7,1.8,2005-03-29,0747,Aqua,MODIS,54,6.2,294.8,69.5,D,0
21.794,92.3784,315.1,3.6,1.8,2005-03-29,0747,Aqua,MODIS,63,6.2,296.4,38.9,D,0
24.1659,89.2508,322,2.3,1.5,2005-03-29,0748,Aqua,MODIS,66,6.2,301.8,29.6,D,0
22.6658,91.967,316.5,1.5,1.2,2005-03-30,0652,Aqua,MODIS,65,6.2,295.7,13.7,D,0
22.5011,92.4678,314.4,1.4,1.2,2005-03-30,0652,Aqua,MODIS,54,6.2,300.8,8.4,D,0
21.8033,92.1814,314.3,1.5,1.2,2005-03-30,0652,Aqua,MODIS,52,6.2,300.5,8.1,D,0
21.7128,92.1903,354.5,1.5,1.2,2005-03-30,0652,Aqua,MODIS,97,6.2,302.8,113.5,D,0
21.7154,92.205,348,1.5,1.2,2005-03-30,0652,Aqua,MODIS,94,6.2,302,87.3,D,0
22.4745,92.3758,344.5,1.4,1.2,2005-03-30,0652,Aqua,MODIS,92,6.2,302.5,70,D,0
22.464,92.3776,319.1,1.4,1.2,2005-03-30,0652,Aqua,MODIS,68,6.2,301.7,13.7,D,0
23.3134,91.8152,318.1,1.5,1.2,2005-03-30,0652,Aqua,MODIS,70,6.2,297.4,15.2,D,0
21.4471,92.4139,314,1.5,1.2,2005-03-30,0652,Aqua,MODIS,50,6.2,301,9.9,D,0
22.4769,92.3898,339.5,1.4,1.2,2005-03-30,0652,Aqua,MODIS,89,6.2,301,55.1,D,0
22.8352,91.8758,315.6,1.5,1.2,2005-03-30,0652,Aqua,MODIS,63,6.2,296.8,10.7,D,0
22.6859,92.4041,318.2,1.4,1.2,2005-03-30,0652,Aqua,MODIS,63,6.2,302.3,12.1,D,0
23.1671,91.7834,332,1.5,1.2,2005-03-30,0652,Aqua,MODIS,85,6.2,296.1,44.6,D,0
22.2366,92.4848,325.7,1.4,1.2,2005-03-30,0652,Aqua,MODIS,77,6.2,301.5,25.5,D,0
22.3469,92.0503,322.8,1.5,1.2,2005-03-30,0652,Aqua,MODIS,75,6.2,299.6,22.9,D,0
22.3493,92.0645,323.4,1.5,1.2,2005-03-30,0652,Aqua,MODIS,76,6.2,300.2,23.9,D,0
22.2346,92.473,364.8,1.4,1.2,2005-03-30,0652,Aqua,MODIS,100,6.2,303.9,150.5,D,0
22.2321,92.4585,326.3,1.4,1.2,2005-03-30,0652,Aqua,MODIS,77,6.2,302.2,26.8,D,0
22.2297,92.4445,314.5,1.4,1.2,2005-03-30,0652,Aqua,MODIS,51,6.2,301.9,8.2,D,0
22.9055,92.1328,327,1.4,1.2,2005-03-30,0652,Aqua,MODIS,80,6.2,299.1,31,D,0
22.9078,92.1463,324.3,1.4,1.2,2005-03-30,0652,Aqua,MODIS,77,6.2,299.4,25.7,D,0
22.8036,92.201,316.6,1.4,1.2,2005-03-30,0652,Aqua,MODIS,48,6.2,300.6,11.2,D,0
22.7357,92.2216,317.1,1.4,1.2,2005-03-30,0652,Aqua,MODIS,62,6.2,300.8,12.1,D,0
22.4664,92.3915,316.6,1.4,1.2,2005-03-30,0652,Aqua,MODIS,51,6.2,301.1,10,D,0
22.469,92.3833,359.9,1.4,1.2,2005-03-30,0652,Aqua,MODIS,99,6.2,303.4,127.1,D,0
22.4506,92.4023,319.2,1.4,1.2,2005-03-30,0652,Aqua,MODIS,52,6.2,300.3,13.2,D,0
22.4377,92.3898,317.9,1.4,1.2,2005-03-30,0652,Aqua,MODIS,49,6.2,301.5,11.3,D,0
22.4402,92.4043,371.3,1.4,1.2,2005-03-30,0652,Aqua,MODIS,100,6.2,304.8,184.7,D,0
22.4424,92.4176,343.1,1.4,1.2,2005-03-30,0652,Aqua,MODIS,91,6.2,300.9,65.2,D,0
22.6684,91.9611,314.8,1.5,1.2,2005-03-30,0652,Aqua,MODIS,47,6.2,296.5,10.6,D,0
22.6851,92.0807,314.6,1.5,1.2,2005-03-30,0652,Aqua,MODIS,59,6.2,299.7,9.2,D,0
23.278,91.8295,317,1.5,1.2,2005-03-30,0652,Aqua,MODIS,68,6.2,298.8,12.6,D,0
22.7504,91.9886,317.1,1.5,1.2,2005-03-30,0652,Aqua,MODIS,58,6.2,297.8,14.3,D,0
22.8016,92.0013,313.5,1.5,1.2,2005-03-30,0652,Aqua,MODIS,47,6.2,297,9.5,D,0
22.5326,92.4982,315.2,1,1,2005-03-31,0429,Terra,MODIS,62,6.2,296.7,6.6,D,0
22.2291,92.5602,388,1,1,2005-03-31,0429,Terra,MODIS,100,6.2,303.3,181.9,D,0
22.2381,92.5616,327.7,1,1,2005-03-31,0429,Terra,MODIS,65,6.2,298.2,17,D,0
22.6377,92.3409,323.9,1,1,2005-03-31,0429,Terra,MODIS,77,6.2,298.4,14.3,D,0
22.2215,92.5493,387,1,1,2005-03-31,0429,Terra,MODIS,100,6.2,300.9,177,D,0
22.2201,92.5589,500,1,1,2005-03-31,0429,Terra,MODIS,100,6.2,322.4,1622.2,D,0
22.2304,92.5507,368.5,1,1,2005-03-31,0429,Terra,MODIS,100,6.2,301.4,103.6,D,0
22.2111,92.5575,329,1,1,2005-03-31,0429,Terra,MODIS,72,6.2,297.6,18.3,D,0
22.534,92.4886,320.1,1,1,2005-03-31,0429,Terra,MODIS,71,6.2,296.7,11.1,D,0
22.6082,92.4071,331.3,2.2,1.4,2005-03-31,0735,Aqua,MODIS,71,6.2,292.8,63.6,D,0
22.4553,92.3113,334.6,2.1,1.4,2005-03-31,0735,Aqua,MODIS,85,6.2,297.7,80,D,0
22.2408,92.4951,339,2.2,1.4,2005-03-31,0735,Aqua,MODIS,88,6.2,299.6,96.4,D,0
22.2814,92.5108,335.7,2.2,1.4,2005-03-31,0735,Aqua,MODIS,86,6.2,299.7,82.8,D,0
22.3565,92.4748,330.2,2.2,1.4,2005-03-31,0735,Aqua,MODIS,55,6.2,296.4,53.6,D,0
22.4403,92.416,328.7,2.2,1.4,2005-03-31,0735,Aqua,MODIS,50,6.2,295.8,37.7,D,0
22.4426,92.4384,330.3,2.2,1.4,2005-03-31,0735,Aqua,MODIS,55,6.2,295,47.8,D,0
21.6521,92.5648,324.2,2.2,1.4,2005-03-31,0735,Aqua,MODIS,70,6.2,299.9,41.3,D,0
21.5303,92.2813,320.6,2.1,1.4,2005-03-31,0735,Aqua,MODIS,62,6.2,300.5,25.6,D,0
22.2855,92.4245,321.2,2.2,1.4,2005-03-31,0735,Aqua,MODIS,69,6.2,299.5,27.9,D,0
22.2984,92.4244,350.7,2.2,1.4,2005-03-31,0735,Aqua,MODIS,95,6.2,299.7,159.7,D,0
21.6918,92.2088,327.8,2,1.4,2005-03-31,0735,Aqua,MODIS,76,6.2,299.5,43.1,D,0
22.2446,92.5198,347.3,2.2,1.4,2005-03-31,0735,Aqua,MODIS,93,6.2,298.8,142.1,D,0
22.2988,92.4163,349.2,2.2,1.4,2005-03-31,0735,Aqua,MODIS,94,6.2,300.5,146,D,0
22.2599,92.5554,332.3,2.2,1.4,2005-03-31,0735,Aqua,MODIS,58,6.2,297.2,65.9,D,0
22.3152,92.3401,321.6,2.1,1.4,2005-03-31,0735,Aqua,MODIS,69,6.2,300.2,26.9,D,0
22.3285,92.4634,322.2,2.2,1.4,2005-03-31,0735,Aqua,MODIS,39,6.2,296.9,26.4,D,0
21.755,92.1751,320.1,2,1.4,2005-03-31,0735,Aqua,MODIS,63,6.2,300.3,21,D,0
22.3068,92.3814,339.4,2.1,1.4,2005-03-31,0735,Aqua,MODIS,83,6.2,299.4,87.7,D,0
22.2834,92.4043,323,2.1,1.4,2005-03-31,0735,Aqua,MODIS,72,6.2,299.4,32.4,D,0
21.5952,92.2648,321.8,2.1,1.4,2005-03-31,0735,Aqua,MODIS,65,6.2,300,26.1,D,0
21.6899,92.1905,322.7,2,1.4,2005-03-31,0735,Aqua,MODIS,68,6.2,300.4,27.6,D,0
22.3174,92.3599,338.6,2.1,1.4,2005-03-31,0735,Aqua,MODIS,88,6.2,299.7,89.7,D,0
22.2941,92.3832,330.8,2.1,1.4,2005-03-31,0735,Aqua,MODIS,64,6.2,300.7,54.5,D,0
22.6818,91.981,335.8,2,1.4,2005-03-31,0735,Aqua,MODIS,81,6.2,292.5,78.9,D,0
22.3025,92.3415,327.8,2.1,1.4,2005-03-31,0735,Aqua,MODIS,78,6.2,300.9,46.2,D,0
22.3076,92.3746,337.4,2.1,1.4,2005-03-31,0735,Aqua,MODIS,87,6.2,299.9,80.8,D,0
22.4893,92.389,340.4,2.2,1.4,2005-03-31,0735,Aqua,MODIS,89,6.2,300.7,95.4,D,0
22.4917,92.4115,335.1,2.2,1.4,2005-03-31,0735,Aqua,MODIS,85,6.2,297.2,66.8,D,0
22.2961,92.4026,339.1,2.1,1.4,2005-03-31,0735,Aqua,MODIS,88,6.2,300.4,93.3,D,0
21.5972,92.2842,318.3,2.1,1.4,2005-03-31,0735,Aqua,MODIS,45,6.2,299.8,15.7,D,0
21.5827,92.2671,331.4,2.1,1.4,2005-03-31,0735,Aqua,MODIS,80,6.2,300,57,D,0
21.5846,92.2855,329.8,2.1,1.4,2005-03-31,0735,Aqua,MODIS,78,6.2,299.7,50.7,D,0
21.5577,92.4194,324.9,2.1,1.4,2005-03-31,0735,Aqua,MODIS,71,6.2,299.8,35,D,0
22.2256,92.4724,323.7,2.2,1.4,2005-03-31,0735,Aqua,MODIS,56,6.2,298.8,36.1,D,0
21.5598,92.4387,321.6,2.1,1.4,2005-03-31,0735,Aqua,MODIS,59,6.2,299.8,25.4,D,0
21.3859,92.5125,318.8,2.1,1.4,2005-03-31,0735,Aqua,MODIS,51,6.2,300,25.4,D,0
22.2237,92.4534,323.1,2.2,1.4,2005-03-31,0735,Aqua,MODIS,72,6.2,300.3,35.2,D,0
21.5765,92.356,319.8,2.1,1.4,2005-03-31,0735,Aqua,MODIS,59,6.2,300,20.1,D,0
21.6393,92.5665,325.5,2.2,1.4,2005-03-31,0735,Aqua,MODIS,73,6.2,299.8,43.8,D,0
22.539,92.3557,328.8,2.1,1.4,2005-03-31,0735,Aqua,MODIS,29,6.2,294.1,48,D,0
22.1845,92.5682,331.4,2.2,1.4,2005-03-31,0735,Aqua,MODIS,82,6.2,297.1,63.3,D,0
22.5559,92.1427,316.2,2.1,1.4,2005-03-31,0735,Aqua,MODIS,25,6.2,294.5,16.3,D,0
22.225,92.4581,328.6,2.2,1.4,2005-03-31,0735,Aqua,MODIS,79,6.2,300.4,54.6,D,0
22.5263,92.3578,337.5,2.1,1.4,2005-03-31,0735,Aqua,MODIS,62,6.2,295.4,81.1,D,0
22.1586,92.5713,328.2,2.2,1.4,2005-03-31,0735,Aqua,MODIS,54,6.2,297.4,51,D,0
22.3893,92.4239,347,2.2,1.4,2005-03-31,0735,Aqua,MODIS,93,6.2,301,127.8,D,0
22.3913,92.4442,364.7,2.2,1.4,2005-03-31,0735,Aqua,MODIS,100,6.2,300.7,266.8,D,0
21.6794,92.2109,318.6,2,1.4,2005-03-31,0735,Aqua,MODIS,52,6.2,299.5,16,D,0
22.1694,92.5479,349.5,2.2,1.4,2005-03-31,0735,Aqua,MODIS,94,6.2,298.9,158.6,D,0
21.5471,92.4403,337.3,2.1,1.4,2005-03-31,0735,Aqua,MODIS,86,6.2,300.1,82,D,0
21.5451,92.4208,375.4,2.1,1.4,2005-03-31,0735,Aqua,MODIS,100,6.2,303.2,367.2,D,0
22.3907,92.4286,365.8,2.2,1.4,2005-03-31,0735,Aqua,MODIS,100,6.2,301.7,275.3,D,0
22.3929,92.4492,366.6,2.2,1.4,2005-03-31,0735,Aqua,MODIS,100,6.2,299.5,287.1,D,0
22.5177,92.4009,344.5,2.2,1.4,2005-03-31,0735,Aqua,MODIS,92,6.2,294.4,120.8,D,0
22.5389,92.4812,321,2.2,1.4,2005-03-31,0735,Aqua,MODIS,55,6.2,296.8,31.1,D,0
22.5071,92.4239,337.7,2.2,1.4,2005-03-31,0735,Aqua,MODIS,84,6.2,294.5,84.4,D,0
22.3715,92.3686,350.8,2.1,1.4,2005-03-31,0735,Aqua,MODIS,95,6.2,300.2,157.9,D,0
22.3736,92.389,337,2.1,1.4,2005-03-31,0735,Aqua,MODIS,87,6.2,297.9,77.5,D,0
22.492,92.4031,346.2,2.2,1.4,2005-03-31,0735,Aqua,MODIS,93,6.2,298.8,124.6,D,0
22.1716,92.5705,351.6,2.2,1.4,2005-03-31,0735,Aqua,MODIS,96,6.2,297.7,172.9,D,0
22.5046,92.4105,332.3,2.2,1.4,2005-03-31,0735,Aqua,MODIS,76,6.2,296.7,56.4,D,0
22.5068,92.4314,331.5,2.2,1.4,2005-03-31,0735,Aqua,MODIS,70,6.2,294.3,56.5,D,0
22.3587,92.37,325.1,2.1,1.4,2005-03-31,0735,Aqua,MODIS,44,6.2,299.8,34.2,D,0
22.3331,92.3714,339.5,2.1,1.4,2005-03-31,0735,Aqua,MODIS,88,6.2,299.7,92.3,D,0
22.3351,92.3918,338.3,2.1,1.4,2005-03-31,0735,Aqua,MODIS,88,6.2,297.6,87.4,D,0
22.2943,92.5095,375.7,2.2,1.4,2005-03-31,0735,Aqua,MODIS,100,6.2,302.6,398,D,0
22.2923,92.4895,322.2,2.2,1.4,2005-03-31,0735,Aqua,MODIS,60,6.2,300.1,29.2,D,0
22.3203,92.3724,340.3,2.1,1.4,2005-03-31,0735,Aqua,MODIS,89,6.2,298.6,98.1,D,0
22.3223,92.3928,323.7,2.1,1.4,2005-03-31,0735,Aqua,MODIS,73,6.2,296.6,30.7,D,0
22.3195,92.3797,330.7,2.1,1.4,2005-03-31,0735,Aqua,MODIS,72,6.2,298.1,52.5,D,0
22.3183,92.3528,329.6,2.1,1.4,2005-03-31,0735,Aqua,MODIS,63,6.2,299.8,49.7,D,0
22.3056,92.3548,339.2,2.1,1.4,2005-03-31,0735,Aqua,MODIS,88,6.2,301.3,92.2,D,0
22.3047,92.362,338.7,2.1,1.4,2005-03-31,0735,Aqua,MODIS,87,6.2,301.1,87.5,D,0
22.2426,92.5003,356.1,2.2,1.4,2005-03-31,0735,Aqua,MODIS,98,6.2,300,204.3,D,0
22.2469,92.5566,358.8,2.2,1.4,2005-03-31,0735,Aqua,MODIS,99,6.2,297.8,226.8,D,0
22.2428,92.5152,360.1,2.2,1.4,2005-03-31,0735,Aqua,MODIS,100,6.2,299.6,237.7,D,0
22.3415,92.4542,337.7,2.2,1.4,2005-03-31,0735,Aqua,MODIS,80,6.2,298.3,85,D,0
22.7599,92.3586,338.7,2.2,1.4,2005-03-31,0735,Aqua,MODIS,63,6.2,289.3,100.5,D,0
22.8651,92.4219,350.5,2.3,1.5,2005-04-01,0640,Aqua,MODIS,95,6.2,298.4,181,D,0
22.8708,92.3089,337.7,2.3,1.5,2005-04-01,0640,Aqua,MODIS,65,6.2,292.7,101.1,D,0
21.793,92.1627,336.9,2.5,1.5,2005-04-01,0640,Aqua,MODIS,86,6.2,299.4,113.6,D,0
21.7941,92.1445,328.8,2.5,1.5,2005-04-01,0640,Aqua,MODIS,79,6.2,298.7,72.3,D,0
21.7986,92.1681,337.4,2.5,1.5,2005-04-01,0640,Aqua,MODIS,86,6.2,299.3,116.4,D,0
22.7228,91.9648,319.1,2.4,1.5,2005-04-01,0640,Aqua,MODIS,69,6.2,294.5,36.4,D,0
22.3986,92.2601,326.6,2.4,1.5,2005-04-01,0640,Aqua,MODIS,74,6.2,298.5,57.1,D,0
22.3992,92.2766,318.8,2.4,1.5,2005-04-01,0640,Aqua,MODIS,66,6.2,296.8,30.5,D,0
22.3947,92.2538,320.1,2.4,1.5,2005-04-01,0640,Aqua,MODIS,69,6.2,298.3,35.8,D,0
22.4471,92.3131,334.4,2.3,1.5,2005-04-01,0640,Aqua,MODIS,85,6.2,298.7,94.9,D,0
22.4472,92.2418,313.9,2.4,1.5,2005-04-01,0640,Aqua,MODIS,49,6.2,298.3,19.1,D,0
22.4342,92.3166,316.8,2.3,1.5,2005-04-01,0640,Aqua,MODIS,47,6.2,298.3,24.3,D,0
22.697,92.0262,321.9,2.4,1.5,2005-04-01,0640,Aqua,MODIS,73,6.2,295.8,48.8,D,0
21.6533,92.1813,326,2.5,1.5,2005-04-01,0640,Aqua,MODIS,74,6.2,298.5,58.4,D,0
22.7169,92.4844,327.4,2.2,1.5,2005-04-01,0640,Aqua,MODIS,79,6.2,298.8,53.1,D,0
22.7014,92.0495,319.2,2.4,1.5,2005-04-01,0640,Aqua,MODIS,69,6.2,295.9,38.2,D,0
22.6658,91.9359,348.9,2.5,1.5,2005-04-01,0640,Aqua,MODIS,94,6.2,294,197.2,D,0
21.6578,92.2047,333.5,2.5,1.5,2005-04-01,0640,Aqua,MODIS,83,6.2,298.2,91.8,D,0
21.6457,92.1897,321,2.5,1.5,2005-04-01,0640,Aqua,MODIS,64,6.2,297.9,39.6,D,0
21.6502,92.2136,318.9,2.5,1.5,2005-04-01,0640,Aqua,MODIS,56,6.2,297.9,29.3,D,0
22.2806,92.4113,326.8,2.3,1.5,2005-04-01,0640,Aqua,MODIS,71,6.2,294.7,56,D,0
21.4007,92.4334,333.8,2.4,1.5,2005-04-01,0640,Aqua,MODIS,83,6.2,298.1,98.4,D,0
21.3993,92.4502,317.2,2.4,1.5,2005-04-01,0640,Aqua,MODIS,39,6.2,298.5,27.4,D,0
21.3953,92.4295,328.9,2.4,1.5,2005-04-01,0640,Aqua,MODIS,77,6.2,297.9,71.9,D,0
22.3716,92.4054,318.5,2.3,1.5,2005-04-01,0640,Aqua,MODIS,32,6.2,299.1,22.2,D,0
22.367,92.4526,325.8,2.3,1.5,2005-04-01,0640,Aqua,MODIS,67,6.2,297.4,49.5,D,0
22.3327,92.4147,316.7,2.3,1.5,2005-04-01,0640,Aqua,MODIS,45,6.2,298.3,21.3,D,0
22.6016,92.5004,344.8,2.3,1.5,2005-04-01,0640,Aqua,MODIS,92,6.2,296.1,143.9,D,0
22.5999,92.4941,335.3,2.3,1.5,2005-04-01,0640,Aqua,MODIS,86,6.2,295,91.2,D,0
21.727,92.1591,316.4,2.5,1.5,2005-04-01,0640,Aqua,MODIS,49,6.2,298.9,20.1,D,0
21.7318,92.1834,320,2.5,1.5,2005-04-01,0640,Aqua,MODIS,64,6.2,299.7,32,D,0
22.2271,92.4773,315,2.3,1.5,2005-04-01,0640,Aqua,MODIS,36,6.2,295.2,21.9,D,0
22.2887,92.4535,342.7,2.3,1.5,2005-04-01,0640,Aqua,MODIS,90,6.2,296.9,132.1,D,0
22.2846,92.4321,329.3,2.3,1.5,2005-04-01,0640,Aqua,MODIS,77,6.2,296.3,64.7,D,0
22.3016,92.4503,352,2.3,1.5,2005-04-01,0640,Aqua,MODIS,96,6.2,299.1,195.2,D,0
21.7202,92.1657,322.9,2.5,1.5,2005-04-01,0640,Aqua,MODIS,69,6.2,298.8,40.5,D,0
21.7248,92.1902,320.1,2.5,1.5,2005-04-01,0640,Aqua,MODIS,50,6.2,299.7,29.1,D,0
21.698,92.1959,336.4,2.5,1.5,2005-04-01,0640,Aqua,MODIS,85,6.2,299.3,104.3,D,0
21.6846,92.1989,328.6,2.5,1.5,2005-04-01,0640,Aqua,MODIS,78,6.2,298,67.2,D,0
21.7593,92.396,322.9,2.4,1.5,2005-04-01,0640,Aqua,MODIS,69,6.2,296.8,45.6,D,0
21.7463,92.3996,330.9,2.4,1.5,2005-04-01,0640,Aqua,MODIS,80,6.2,295.8,75.3,D,0
21.7465,92.3786,357.1,2.4,1.5,2005-04-01,0640,Aqua,MODIS,98,6.2,297.9,251.3,D,0
21.7513,92.4044,325.8,2.4,1.5,2005-04-01,0640,Aqua,MODIS,73,6.2,296.4,55.2,D,0
22.4358,92.46,315.1,2.3,1.5,2005-04-01,0640,Aqua,MODIS,49,6.2,296.3,20.6,D,0
22.4334,92.4533,315.1,2.3,1.5,2005-04-01,0640,Aqua,MODIS,54,6.2,296.6,22.2,D,0
23.1082,92.0977,320.5,2.3,1.5,2005-04-01,0640,Aqua,MODIS,73,6.2,295.4,38.7,D,0
23.1047,92.0918,315.4,2.3,1.5,2005-04-01,0640,Aqua,MODIS,61,6.2,296,24.3,D,0
21.7894,92.4804,316.6,2.3,1.5,2005-04-01,0640,Aqua,MODIS,44,6.2,299.6,22.5,D,0
21.7764,92.4653,321.6,2.4,1.5,2005-04-01,0640,Aqua,MODIS,46,6.2,299.1,34.6,D,0
22.8626,92.4175,333.7,2.3,1.5,2005-04-01,0640,Aqua,MODIS,81,6.2,297.7,83,D,0
21.5617,92.3324,316.7,2.4,1.5,2005-04-01,0640,Aqua,MODIS,29,6.2,299.7,22.2,D,0
21.9556,92.5792,358.8,2.3,1.5,2005-04-01,0640,Aqua,MODIS,93,6.2,296.6,260.6,D,0
22.3026,92.3296,314.9,2.3,1.5,2005-04-01,0640,Aqua,MODIS,27,6.2,296.8,18.3,D,0
22.2936,92.3359,314.9,2.3,1.5,2005-04-01,0640,Aqua,MODIS,39,6.2,297.1,18.5,D,0
22.8063,91.9916,330,2.4,1.5,2005-04-01,0640,Aqua,MODIS,82,6.2,295.2,82.6,D,0
22.8118,91.9951,327.4,2.4,1.5,2005-04-01,0640,Aqua,MODIS,80,6.2,295.6,69.9,D,0
21.5657,92.3533,368,2.4,1.5,2005-04-01,0640,Aqua,MODIS,100,6.2,301.1,369,D,0
21.5673,92.3357,333.4,2.4,1.5,2005-04-01,0640,Aqua,MODIS,82,6.2,299.7,92,D,0
21.5712,92.3567,363,2.4,1.5,2005-04-01,0640,Aqua,MODIS,100,6.2,300.1,314.4,D,0
23.0067,92.3337,348.8,2.3,1.5,2005-04-01,0640,Aqua,MODIS,95,6.2,295.6,177.5,D,0
22.9897,92.3151,328.2,2.3,1.5,2005-04-01,0640,Aqua,MODIS,81,6.2,291.2,67.3,D,0
22.9938,92.3366,335.6,2.3,1.5,2005-04-01,0640,Aqua,MODIS,87,6.2,295.9,100.6,D,0
21.3717,92.1647,328,2.5,1.5,2005-04-01,0640,Aqua,MODIS,77,6.2,299.9,69.5,D,0
21.3656,92.1713,330.4,2.5,1.5,2005-04-01,0640,Aqua,MODIS,80,6.2,299.8,81.1,D,0
22.5571,92.1359,332.7,2.4,1.5,2005-04-01,0640,Aqua,MODIS,84,6.2,296.2,91.1,D,0
22.5614,92.1578,323.6,2.4,1.5,2005-04-01,0640,Aqua,MODIS,57,6.2,296.4,49.5,D,0
22.5614,92.142,333,2.4,1.5,2005-04-01,0640,Aqua,MODIS,79,6.2,296.5,88.8,D,0
22.5481,92.1443,326,2.4,1.5,2005-04-01,0640,Aqua,MODIS,44,6.2,296.7,55.5,D,0
22.5217,92.1502,353.9,2.4,1.5,2005-04-01,0640,Aqua,MODIS,84,6.2,296.8,231,D,0
22.5261,92.1729,318.9,2.4,1.5,2005-04-01,0640,Aqua,MODIS,38,6.2,297,32.7,D,0
22.0001,92.3276,338.3,2.4,1.5,2005-04-01,0640,Aqua,MODIS,87,6.2,297.3,122,D,0
21.5796,92.475,352.4,2.4,1.5,2005-04-01,0640,Aqua,MODIS,96,6.2,299.4,205.8,D,0
21.606,92.4695,322.8,2.4,1.5,2005-04-01,0640,Aqua,MODIS,67,6.2,297.4,42.1,D,0
21.6016,92.4461,322.6,2.4,1.5,2005-04-01,0640,Aqua,MODIS,66,6.2,298.5,41.6,D,0
21.5749,92.4709,330.9,2.4,1.5,2005-04-01,0640,Aqua,MODIS,79,6.2,299.2,75.9,D,0
21.6012,92.4652,332.4,2.4,1.5,2005-04-01,0640,Aqua,MODIS,81,6.2,298.7,86.2,D,0
21.5968,92.4425,316.8,2.4,1.5,2005-04-01,0640,Aqua,MODIS,14,6.2,299,25.2,D,0
21.6548,92.2386,343.4,2.5,1.5,2005-04-01,0640,Aqua,MODIS,90,6.2,299.7,147.9,D,0
21.6538,92.2559,319.6,2.5,1.5,2005-04-01,0640,Aqua,MODIS,61,6.2,299.5,31.7,D,0
21.6493,92.2329,338.2,2.5,1.5,2005-04-01,0640,Aqua,MODIS,87,6.2,298.9,118.7,D,0
22.8767,91.998,312.7,2.4,1.5,2005-04-01,0640,Aqua,MODIS,50,6.2,296.1,19.8,D,0
22.8721,91.901,314.3,2.5,1.5,2005-04-01,0640,Aqua,MODIS,57,6.2,295.3,23.9,D,0
22.88,91.8922,312.6,2.5,1.5,2005-04-01,0640,Aqua,MODIS,55,6.2,293.3,18.7,D,0
22.9072,91.9595,329.8,2.4,1.5,2005-04-01,0640,Aqua,MODIS,83,6.2,295.3,79.3,D,0
22.3991,92.2057,317.7,2.4,1.5,2005-04-01,0640,Aqua,MODIS,64,6.2,295.6,27.4,D,0
21.9962,92.3069,340.2,2.4,1.5,2005-04-01,0640,Aqua,MODIS,84,6.2,295.6,134.3,D,0
22.5337,92.4256,328.5,2.3,1.5,2005-04-01,0640,Aqua,MODIS,80,6.2,296.5,68.9,D,0
21.5672,92.2614,323,2.5,1.5,2005-04-01,0640,Aqua,MODIS,48,6.2,298.6,42.6,D,0
21.6054,92.1986,318,2.5,1.5,2005-04-01,0640,Aqua,MODIS,52,6.2,298.4,28.5,D,0
21.7596,92.3752,317.9,2.4,1.5,2005-04-01,0640,Aqua,MODIS,37,6.2,297.5,25.7,D,0
21.5494,92.2405,353.1,2.5,1.5,2005-04-01,0640,Aqua,MODIS,96,6.2,299,223.8,D,0
21.545,92.2172,332.3,2.5,1.5,2005-04-01,0640,Aqua,MODIS,66,6.2,298.7,81.6,D,0
21.5628,92.2377,320.7,2.5,1.5,2005-04-01,0640,Aqua,MODIS,30,6.2,298.3,34.6,D,0
21.543,92.2371,332.4,2.5,1.5,2005-04-01,0640,Aqua,MODIS,81,6.2,297.9,88.2,D,0
21.561,92.2577,333.9,2.5,1.5,2005-04-01,0640,Aqua,MODIS,83,6.2,298.5,94.4,D,0
21.5564,92.2343,351.6,2.5,1.5,2005-04-01,0640,Aqua,MODIS,95,6.2,299.2,215.7,D,0
21.5519,92.2109,319,2.5,1.5,2005-04-01,0640,Aqua,MODIS,57,6.2,298.4,30.8,D,0
22.9862,92.0837,315,2.4,1.5,2005-04-01,0640,Aqua,MODIS,63,6.2,293.8,21.8,D,0
22.6392,92.349,316.5,2.3,1.5,2005-04-01,0640,Aqua,MODIS,62,6.2,299.2,21.2,D,0
22.6354,92.329,316.5,2.3,1.5,2005-04-01,0640,Aqua,MODIS,50,6.2,299.1,21.1,D,0
22.6439,92.3025,328.4,2.3,1.5,2005-04-01,0640,Aqua,MODIS,80,6.2,299.1,61.4,D,0
22.6395,92.2797,315.2,2.3,1.5,2005-04-01,0640,Aqua,MODIS,34,6.2,296.7,16.6,D,0
22.5682,92.3947,318.9,2.3,1.5,2005-04-01,0640,Aqua,MODIS,67,6.2,297.7,33.2,D,0
23.1914,91.8522,312.4,2.4,1.5,2005-04-01,0640,Aqua,MODIS,59,6.2,294.2,17.2,D,0
21.417,92.3988,320.5,2.4,1.5,2005-04-01,0640,Aqua,MODIS,61,6.2,295.7,41.5,D,0
22.9113,92.1077,323.4,2.4,1.5,2005-04-01,0640,Aqua,MODIS,76,6.2,296.5,50.9,D,0
22.9075,92.1016,323.4,2.4,1.5,2005-04-01,0640,Aqua,MODIS,72,6.2,296.2,50.5,D,0
21.7896,92.3391,321.1,2.4,1.5,2005-04-01,0640,Aqua,MODIS,65,6.2,294.9,42.3,D,0
21.7851,92.458,323.2,2.4,1.5,2005-04-01,0640,Aqua,MODIS,69,6.2,299.5,44.4,D,0
22.2282,92.49,324.4,2.3,1.5,2005-04-01,0640,Aqua,MODIS,74,6.2,295.9,50.5,D,0
22.2306,92.4963,325.5,2.3,1.5,2005-04-01,0640,Aqua,MODIS,75,6.2,296.1,56.4,D,0
23.0209,91.9282,313.8,2.4,1.5,2005-04-01,0640,Aqua,MODIS,61,6.2,293.7,22,D,0
23.0163,91.9044,313.4,2.4,1.5,2005-04-01,0640,Aqua,MODIS,59,6.2,293.9,21.8,D,0
21.5187,92.3712,333.6,2.4,1.5,2005-04-01,0640,Aqua,MODIS,82,6.2,298.5,95.1,D,0
22.3854,92.335,315.7,2.3,1.5,2005-04-01,0640,Aqua,MODIS,25,6.2,296.6,19.9,D,0
21.7367,92.3507,352.5,2.4,1.5,2005-04-01,0640,Aqua,MODIS,96,6.2,297.5,209.7,D,0
21.7376,92.3313,319.1,2.4,1.5,2005-04-01,0640,Aqua,MODIS,44,6.2,298.8,30.8,D,0
21.742,92.3547,377.8,2.4,1.5,2005-04-01,0640,Aqua,MODIS,100,6.2,299.1,490.3,D,0
21.5841,92.4989,349.9,2.4,1.5,2005-04-01,0640,Aqua,MODIS,94,6.2,298.9,186.1,D,0
21.7499,92.3476,337.8,2.4,1.5,2005-04-01,0640,Aqua,MODIS,87,6.2,298.8,110,D,0
21.7545,92.3712,332.8,2.4,1.5,2005-04-01,0640,Aqua,MODIS,82,6.2,298,86,D,0
21.5795,92.4946,352.2,2.4,1.5,2005-04-01,0640,Aqua,MODIS,96,6.2,299.3,206.9,D,0
22.1776,92.5609,326.2,2.3,1.5,2005-04-01,0640,Aqua,MODIS,73,6.2,298.2,56.3,D,0
21.7882,92.1388,318,2.5,1.5,2005-04-01,0640,Aqua,MODIS,60,6.2,298.4,28.3,D,0
21.3755,92.0749,319.4,1.4,1.2,2005-04-02,0417,Terra,MODIS,67,6.2,302.1,12.8,D,0
21.4256,92.4303,348.2,1.3,1.1,2005-04-02,0722,Aqua,MODIS,88,6.2,288.6,58.9,D,0
21.4241,92.4183,381,1.3,1.1,2005-04-02,0722,Aqua,MODIS,100,6.2,302.3,201,D,0
21.4126,92.4079,350.2,1.3,1.1,2005-04-02,0722,Aqua,MODIS,85,6.2,298.7,68,D,0
21.414,92.4198,440.5,1.3,1.1,2005-04-02,0722,Aqua,MODIS,100,6.2,312.1,838,D,0
21.0872,92.1683,318.8,1.2,1.1,2005-04-02,0722,Aqua,MODIS,47,6.2,303.7,7.1,D,0
21.3827,92.1666,325.3,1.2,1.1,2005-04-02,0722,Aqua,MODIS,69,6.2,306.3,11.8,D,0
21.3812,92.1551,327.4,1.2,1.1,2005-04-02,0722,Aqua,MODIS,75,6.2,307.1,15.8,D,0
21.1515,92.1043,345.5,1.2,1.1,2005-04-02,0722,Aqua,MODIS,92,6.2,305,56.2,D,0
21.1614,92.1029,330.4,1.2,1.1,2005-04-02,0722,Aqua,MODIS,79,6.2,302.3,25,D,0
21.3628,92.1695,327.1,1.2,1.1,2005-04-02,0722,Aqua,MODIS,53,6.2,306.2,14.6,D,0
21.3415,92.1606,344.4,1.2,1.1,2005-04-02,0722,Aqua,MODIS,91,6.2,305.7,50.3,D,0
21.331,92.1689,385.4,1.2,1.1,2005-04-02,0722,Aqua,MODIS,100,6.2,303.1,221.5,D,0
21.3295,92.1572,365.3,1.2,1.1,2005-04-02,0722,Aqua,MODIS,91,6.2,305.3,118.7,D,0
21.3331,92.1738,346.8,1.2,1.1,2005-04-02,0722,Aqua,MODIS,63,6.2,297.9,54,D,0
21.153,92.1161,342.8,1.2,1.1,2005-04-02,0722,Aqua,MODIS,90,6.2,305.2,49.6,D,0
21.3316,92.1621,373.3,1.2,1.1,2005-04-02,0722,Aqua,MODIS,100,6.2,307.5,155,D,0
21.5446,92.4095,356,1.3,1.1,2005-04-02,0723,Aqua,MODIS,98,6.2,307.2,87.5,D,0
22.7393,91.9529,328.9,1.3,1.1,2005-04-02,0723,Aqua,MODIS,71,6.2,296,23.9,D,0
22.7408,91.9651,324.8,1.3,1.1,2005-04-02,0723,Aqua,MODIS,48,6.2,297.3,18,D,0
21.8336,92.3662,353.8,1.3,1.1,2005-04-02,0723,Aqua,MODIS,96,6.2,297,80.7,D,0
22.8899,92.3438,322.1,1.3,1.1,2005-04-02,0723,Aqua,MODIS,49,6.2,294.4,21.5,D,0
21.5467,92.4275,344.2,1.3,1.1,2005-04-02,0723,Aqua,MODIS,91,6.2,303.8,51.3,D,0
21.5128,92.401,351.5,1.3,1.1,2005-04-02,0723,Aqua,MODIS,61,6.2,299.1,69,D,0
22.3175,92.4087,345.3,1.3,1.1,2005-04-02,0723,Aqua,MODIS,69,6.2,290.8,57.8,D,0
22.9131,92.1283,340.8,1.3,1.1,2005-04-02,0723,Aqua,MODIS,88,6.2,299.5,49.5,D,0
21.6015,92.2086,367.5,1.3,1.1,2005-04-02,0723,Aqua,MODIS,100,6.2,307.2,133.9,D,0
22.9117,92.1162,366.3,1.3,1.1,2005-04-02,0723,Aqua,MODIS,100,6.2,304.5,137.5,D,0
23.2689,92.1299,320.8,1.3,1.1,2005-04-02,0723,Aqua,MODIS,53,6.2,297.9,16.2,D,0
21.8555,92.1297,345.4,1.3,1.1,2005-04-02,0723,Aqua,MODIS,92,6.2,304.2,55.7,D,0
23.2077,92.1184,328.3,1.3,1.1,2005-04-02,0723,Aqua,MODIS,76,6.2,293.7,29.1,D,0
21.6525,92.3819,343.2,1.3,1.1,2005-04-02,0723,Aqua,MODIS,90,6.2,304.1,47.4,D,0
23.2093,92.131,325.6,1.3,1.1,2005-04-02,0723,Aqua,MODIS,48,6.2,295.7,24.6,D,0
21.6827,92.3773,358.3,1.3,1.1,2005-04-02,0723,Aqua,MODIS,99,6.2,303.8,91.9,D,0
23.1188,92.0612,323.3,1.3,1.1,2005-04-02,0723,Aqua,MODIS,38,6.2,283.5,22.1,D,0
21.6031,92.2206,340.3,1.3,1.1,2005-04-02,0723,Aqua,MODIS,88,6.2,302.7,44.1,D,0
21.5591,92.2759,361.9,1.3,1.1,2005-04-02,0723,Aqua,MODIS,100,6.2,303.9,113.4,D,0
22.8312,92.2871,337.2,1.3,1.1,2005-04-02,0723,Aqua,MODIS,66,6.2,298.5,46,D,0
22.8326,92.2996,341,1.3,1.1,2005-04-02,0723,Aqua,MODIS,90,6.2,295.1,54.6,D,0
22.7763,92.3397,324.4,1.3,1.1,2005-04-02,0723,Aqua,MODIS,71,6.2,280.8,26.7,D,0
21.6302,92.1988,331.2,1.3,1.1,2005-04-02,0723,Aqua,MODIS,71,6.2,304.1,21.9,D,0
21.6288,92.1868,327.5,1.3,1.1,2005-04-02,0723,Aqua,MODIS,64,6.2,304.5,16.5,D,0
21.6417,92.2094,340.8,1.3,1.1,2005-04-02,0723,Aqua,MODIS,88,6.2,303.8,39.6,D,0
22.7778,92.3524,359.5,1.3,1.1,2005-04-02,0723,Aqua,MODIS,99,6.2,287.2,121.4,D,0
22.6939,91.9966,319.7,1.3,1.1,2005-04-02,0723,Aqua,MODIS,64,6.2,276.5,16.6,D,0
21.5143,92.4135,357,1.3,1.1,2005-04-02,0723,Aqua,MODIS,84,6.2,298.6,90.8,D,0
21.5376,92.4355,337.1,1.3,1.1,2005-04-02,0723,Aqua,MODIS,50,6.2,302.7,34.2,D,0
21.7115,92.3609,335.6,1.3,1.1,2005-04-02,0723,Aqua,MODIS,67,6.2,299,29.4,D,0
21.6402,92.1974,335.6,1.3,1.1,2005-04-02,0723,Aqua,MODIS,68,6.2,304,28.9,D,0
21.6731,92.2171,338.9,1.3,1.1,2005-04-02,0723,Aqua,MODIS,87,6.2,303.7,33.9,D,0
21.867,92.1404,325.2,1.3,1.1,2005-04-02,0723,Aqua,MODIS,54,6.2,303.6,14.5,D,0
21.5462,92.4219,351.7,1.3,1.1,2005-04-02,0723,Aqua,MODIS,95,6.2,304.8,72.7,D,0
22.8883,92.3308,328.1,1.3,1.1,2005-04-02,0723,Aqua,MODIS,57,6.2,297.5,30.6,D,0
21.6581,92.3437,351.4,1.3,1.1,2005-04-02,0723,Aqua,MODIS,95,6.2,303.7,69,D,0
21.5494,92.3641,334.3,1.3,1.1,2005-04-02,0723,Aqua,MODIS,83,6.2,304.1,30.9,D,0
21.5479,92.3516,328.7,1.3,1.1,2005-04-02,0723,Aqua,MODIS,76,6.2,303.8,21.6,D,0
21.6711,92.3665,348.8,1.3,1.1,2005-04-02,0723,Aqua,MODIS,79,6.2,304.2,59.1,D,0
22.1552,92.2414,346.6,1.3,1.1,2005-04-02,0723,Aqua,MODIS,92,6.2,303.4,61.5,D,0
23.1986,89.4246,318.4,1,1,2005-04-02,0723,Aqua,MODIS,56,6.2,304.5,6.1,D,0
21.6812,92.3651,372.7,1.3,1.1,2005-04-02,0723,Aqua,MODIS,100,6.2,304.9,154.8,D,0
22.6735,92.4125,319.9,1.3,1.1,2005-04-02,0723,Aqua,MODIS,52,6.2,294.3,14.1,D,0
21.5669,92.4247,391.1,1.3,1.1,2005-04-02,0723,Aqua,MODIS,100,6.2,311.2,274.9,D,0
22.1934,92.2305,327.3,1.3,1.1,2005-04-02,0723,Aqua,MODIS,76,6.2,302.1,20.9,D,0
21.6746,92.2288,377.6,1.3,1.1,2005-04-02,0723,Aqua,MODIS,100,6.2,307.4,177.9,D,0
23.2968,92.1909,311.2,1.3,1.1,2005-04-02,0723,Aqua,MODIS,63,6.2,291.7,7.4,D,0
21.8205,92.5796,336.7,1.3,1.1,2005-04-02,0723,Aqua,MODIS,84,6.2,301,42.8,D,0
21.664,92.3923,381.6,1.3,1.1,2005-04-02,0723,Aqua,MODIS,100,6.2,308.4,209.5,D,0
21.6655,92.4049,339,1.3,1.1,2005-04-02,0723,Aqua,MODIS,87,6.2,303.4,41.9,D,0
22.7592,91.95,325.8,1.3,1.1,2005-04-02,0723,Aqua,MODIS,56,6.2,299.1,17.2,D,0
21.493,92.4918,346.5,1.3,1.1,2005-04-02,0723,Aqua,MODIS,84,6.2,297.1,56.7,D,0
22.8986,92.3295,330.2,1.3,1.1,2005-04-02,0723,Aqua,MODIS,68,6.2,295,34.3,D,0
23.2861,92.1019,318.5,1.3,1.1,2005-04-02,0723,Aqua,MODIS,56,6.2,291.6,15.2,D,0
23.1273,91.7912,323.2,1.2,1.1,2005-04-02,0723,Aqua,MODIS,79,6.2,302.1,18.1,D,0
23.0758,91.7938,327.6,1.2,1.1,2005-04-02,0723,Aqua,MODIS,56,6.2,294.5,27.8,D,0
21.582,92.2963,343.8,1.3,1.1,2005-04-02,0723,Aqua,MODIS,90,6.2,301.6,49.7,D,0
21.5787,92.5223,332.4,1.3,1.1,2005-04-02,0723,Aqua,MODIS,80,6.2,301.1,31.8,D,0
21.654,92.3941,393.1,1.3,1.1,2005-04-02,0723,Aqua,MODIS,100,6.2,310.1,290.6,D,0
23.1173,92.0489,333.7,1.3,1.1,2005-04-02,0723,Aqua,MODIS,76,6.2,289.4,40.9,D,0
21.703,92.2125,327.1,1.3,1.1,2005-04-02,0723,Aqua,MODIS,41,6.2,303.5,13.2,D,0
21.703,92.2057,324.6,1.3,1.1,2005-04-02,0723,Aqua,MODIS,52,6.2,303.5,11,D,0
23.2,89.4345,319.2,1,1,2005-04-02,0723,Aqua,MODIS,62,6.2,305.3,6.9,D,0
21.6391,92.2713,334.8,1.3,1.1,2005-04-02,0723,Aqua,MODIS,71,6.2,305.5,26.1,D,0
21.6203,92.2003,348,1.3,1.1,2005-04-02,0723,Aqua,MODIS,93,6.2,305,61.7,D,0
21.6188,92.1882,339.9,1.3,1.1,2005-04-02,0723,Aqua,MODIS,88,6.2,306,41.2,D,0
21.6317,92.2109,345.7,1.3,1.1,2005-04-02,0723,Aqua,MODIS,92,6.2,304.1,54,D,0
21.8571,92.1418,359.2,1.3,1.1,2005-04-02,0723,Aqua,MODIS,99,6.2,304.7,99,D,0
21.686,92.2393,353.7,1.3,1.1,2005-04-02,0723,Aqua,MODIS,96,6.2,303.1,76.9,D,0
21.6845,92.2272,373.7,1.3,1.1,2005-04-02,0723,Aqua,MODIS,100,6.2,307.9,157.8,D,0
21.774,92.3692,346.2,1.3,1.1,2005-04-02,0723,Aqua,MODIS,91,6.2,297.4,61,D,0
21.6506,92.2824,334.2,1.3,1.1,2005-04-02,0723,Aqua,MODIS,83,6.2,304.8,26.2,D,0
21.4638,92.4889,338.7,1.3,1.1,2005-04-02,0723,Aqua,MODIS,53,6.2,290.5,36.6,D,0
21.6305,92.2852,341.6,1.3,1.1,2005-04-02,0723,Aqua,MODIS,89,6.2,306.1,41.8,D,0
22.9815,92.3514,319.8,1.3,1.1,2005-04-02,0723,Aqua,MODIS,44,6.2,299.6,12.5,D,0
22.1973,92.523,337.8,1.3,1.1,2005-04-02,0723,Aqua,MODIS,64,6.2,282.4,39.9,D,0
22.9799,92.3377,322.5,1.3,1.1,2005-04-02,0723,Aqua,MODIS,75,6.2,298.2,16.7,D,0
21.7352,92.3877,329.5,1.3,1.1,2005-04-02,0723,Aqua,MODIS,67,6.2,301.2,22.6,D,0
21.7099,92.3486,334.2,1.3,1.1,2005-04-02,0723,Aqua,MODIS,73,6.2,296.3,28.2,D,0
21.5047,92.2538,318.3,1.3,1.1,2005-04-02,0723,Aqua,MODIS,53,6.2,301,9,D,0
21.5031,92.2417,326.8,1.3,1.1,2005-04-02,0723,Aqua,MODIS,75,6.2,302,21.3,D,0
21.569,92.2743,364.3,1.3,1.1,2005-04-02,0723,Aqua,MODIS,100,6.2,304.2,123.3,D,0
21.5805,92.2842,336.4,1.3,1.1,2005-04-02,0723,Aqua,MODIS,85,6.2,301,34,D,0
21.5904,92.2824,331.5,1.3,1.1,2005-04-02,0723,Aqua,MODIS,80,6.2,300.5,23.9,D,0
21.6005,92.2813,361.4,1.3,1.1,2005-04-02,0723,Aqua,MODIS,100,6.2,304.7,109.3,D,0
21.5989,92.2689,332.3,1.3,1.1,2005-04-02,0723,Aqua,MODIS,81,6.2,303,27,D,0
21.5916,92.2099,338.4,1.3,1.1,2005-04-02,0723,Aqua,MODIS,86,6.2,302.1,40.5,D,0
21.59,92.1979,326.7,1.3,1.1,2005-04-02,0723,Aqua,MODIS,70,6.2,304.2,17,D,0
21.5605,92.2874,373.2,1.3,1.1,2005-04-02,0723,Aqua,MODIS,100,6.2,303.2,163.5,D,0
21.6555,92.4065,362.7,1.3,1.1,2005-04-02,0723,Aqua,MODIS,100,6.2,303.4,118.6,D,0
21.7253,92.4722,374.3,1.3,1.1,2005-04-02,0723,Aqua,MODIS,100,6.2,304.5,175.7,D,0
21.5214,92.3875,348.9,1.3,1.1,2005-04-02,0723,Aqua,MODIS,79,6.2,297.9,64.5,D,0
21.6625,92.3802,347.2,1.3,1.1,2005-04-02,0723,Aqua,MODIS,93,6.2,303.8,55,D,0
21.5197,92.3744,343.3,1.3,1.1,2005-04-02,0723,Aqua,MODIS,33,6.2,300.7,50.4,D,0
21.5453,92.4153,341.4,1.3,1.1,2005-04-02,0723,Aqua,MODIS,89,6.2,304.8,42.4,D,0
21.7019,92.4498,326.7,1.3,1.1,2005-04-02,0723,Aqua,MODIS,39,6.2,302.5,18.7,D,0
22.3211,92.5248,331,1.3,1.1,2005-04-02,0723,Aqua,MODIS,67,6.2,285,24.9,D,0
21.6831,92.2155,345.1,1.3,1.1,2005-04-02,0723,Aqua,MODIS,91,6.2,304.5,50.3,D,0
21.667,92.417,327.7,1.3,1.1,2005-04-02,0723,Aqua,MODIS,51,6.2,302.4,20.7,D,0
21.7088,92.4223,377.5,1.3,1.1,2005-04-02,0723,Aqua,MODIS,100,6.2,303.8,190.9,D,0
21.5431,92.3969,345.6,1.3,1.1,2005-04-02,0723,Aqua,MODIS,92,6.2,307.5,55.9,D,0
22.3196,92.5124,330.2,1.3,1.1,2005-04-02,0723,Aqua,MODIS,51,6.2,287,23.5,D,0
22.9986,91.8227,321.5,1.2,1.1,2005-04-02,0723,Aqua,MODIS,70,6.2,287.2,23.2,D,0
21.5583,92.4382,362,1.3,1.1,2005-04-02,0723,Aqua,MODIS,100,6.2,304.1,108.7,D,0
21.5568,92.4261,415.6,1.3,1.1,2005-04-02,0723,Aqua,MODIS,100,6.2,312.8,501.9,D,0
21.5554,92.4138,364.7,1.3,1.1,2005-04-02,0723,Aqua,MODIS,100,6.2,307.3,120.4,D,0
21.5438,92.4027,351.4,1.3,1.1,2005-04-02,0723,Aqua,MODIS,95,6.2,308.7,73.2,D,0
21.5654,92.4124,359.8,1.3,1.1,2005-04-02,0723,Aqua,MODIS,99,6.2,307.2,100.7,D,0
23.2957,92.0111,320.7,1.3,1.1,2005-04-02,0723,Aqua,MODIS,70,6.2,294.8,23.4,D,0
21.5639,92.4,360.2,1.3,1.1,2005-04-02,0723,Aqua,MODIS,100,6.2,306.1,105.7,D,0
21.5755,92.4106,328.6,1.3,1.1,2005-04-02,0723,Aqua,MODIS,45,6.2,304.6,18.2,D,0
21.574,92.3985,341.1,1.3,1.1,2005-04-02,0723,Aqua,MODIS,88,6.2,305.9,46,D,0
21.5856,92.4093,330.9,1.3,1.1,2005-04-02,0723,Aqua,MODIS,69,6.2,305.3,23.9,D,0
21.6394,92.3587,338.1,1.3,1.1,2005-04-02,0723,Aqua,MODIS,86,6.2,304.4,36.5,D,0
22.165,92.4043,333,1.3,1.1,2005-04-02,0723,Aqua,MODIS,62,6.2,287,30.1,D,0
23.3059,91.8464,363.1,1.3,1.1,2005-04-02,0723,Aqua,MODIS,100,6.2,300.6,125.2,D,0
23.3075,91.8516,347.9,1.3,1.1,2005-04-02,0723,Aqua,MODIS,95,6.2,298.6,73.6,D,0
21.5866,92.3337,363.2,1.3,1.1,2005-04-02,0723,Aqua,MODIS,100,6.2,307.4,114.1,D,0
21.5881,92.3464,427,1.3,1.1,2005-04-02,0723,Aqua,MODIS,100,6.2,315,637.6,D,0
23.306,91.8393,327.2,1.3,1.1,2005-04-02,0723,Aqua,MODIS,38,6.2,298.9,26.2,D,0
21.5804,92.5364,368.4,1.3,1.1,2005-04-02,0723,Aqua,MODIS,100,6.2,304.1,150.3,D,0
21.6484,92.5007,340.9,1.3,1.1,2005-04-02,0723,Aqua,MODIS,88,6.2,303.3,50,D,0
21.6468,92.4879,370,1.3,1.1,2005-04-02,0723,Aqua,MODIS,100,6.2,304.8,156.8,D,0
21.645,92.4738,323.2,1.3,1.1,2005-04-02,0723,Aqua,MODIS,57,6.2,300.1,14.3,D,0
21.6407,92.4389,351.4,1.3,1.1,2005-04-02,0723,Aqua,MODIS,95,6.2,303.4,79.3,D,0
21.6391,92.4264,324.1,1.3,1.1,2005-04-02,0723,Aqua,MODIS,51,6.2,300.6,13.7,D,0
21.6455,92.4955,345.5,1.3,1.1,2005-04-02,0723,Aqua,MODIS,91,6.2,303.1,61.6,D,0
21.6439,92.482,349,1.3,1.1,2005-04-02,0723,Aqua,MODIS,94,6.2,304.2,72.2,D,0
21.6396,92.4456,337.1,1.3,1.1,2005-04-02,0723,Aqua,MODIS,85,6.2,302.4,39.7,D,0
21.6381,92.4337,338,1.3,1.1,2005-04-02,0723,Aqua,MODIS,86,6.2,302.7,41.6,D,0
21.6572,92.5072,330.6,1.3,1.1,2005-04-02,0723,Aqua,MODIS,78,6.2,303.7,27.3,D,0
21.6556,92.4938,369.1,1.3,1.1,2005-04-02,0723,Aqua,MODIS,100,6.2,305.8,151.4,D,0
21.6541,92.4808,352.8,1.3,1.1,2005-04-02,0723,Aqua,MODIS,96,6.2,303.6,85.1,D,0
21.6569,92.4188,333.8,1.3,1.1,2005-04-02,0723,Aqua,MODIS,82,6.2,300.9,32.7,D,0
21.5765,92.3348,347.9,1.3,1.1,2005-04-02,0723,Aqua,MODIS,93,6.2,304,60.8,D,0
21.5781,92.3477,344.6,1.3,1.1,2005-04-02,0723,Aqua,MODIS,91,6.2,305,53.3,D,0
21.5649,92.3233,328.3,1.3,1.1,2005-04-02,0723,Aqua,MODIS,76,6.2,302.2,19.8,D,0
21.6122,92.2932,351.8,1.3,1.1,2005-04-02,0723,Aqua,MODIS,95,6.2,306.6,72.3,D,0
21.5519,92.3011,347.8,1.3,1.1,2005-04-02,0723,Aqua,MODIS,93,6.2,302.3,65.3,D,0
21.6726,92.3788,357.4,1.3,1.1,2005-04-02,0723,Aqua,MODIS,98,6.2,304.6,88.4,D,0
21.6741,92.391,370.9,1.3,1.1,2005-04-02,0723,Aqua,MODIS,100,6.2,305.7,150.5,D,0
21.6105,92.2802,390.5,1.3,1.1,2005-04-02,0723,Aqua,MODIS,100,6.2,310.5,265.2,D,0
21.6842,92.3895,373.5,1.3,1.1,2005-04-02,0723,Aqua,MODIS,100,6.2,306.2,163.5,D,0
21.7074,92.4109,335.3,1.3,1.1,2005-04-02,0723,Aqua,MODIS,76,6.2,301.4,33.2,D,0
21.7145,92.3852,330.9,1.3,1.1,2005-04-02,0723,Aqua,MODIS,58,6.2,298.4,20.1,D,0
21.7261,92.3957,366.6,1.3,1.1,2005-04-02,0723,Aqua,MODIS,100,6.2,302.4,132.3,D,0
21.7246,92.3836,343.1,1.3,1.1,2005-04-02,0723,Aqua,MODIS,90,6.2,301.7,48.3,D,0
21.5841,92.397,322.7,1.3,1.1,2005-04-02,0723,Aqua,MODIS,32,6.2,304,11.4,D,0
21.629,92.4276,330.1,1.3,1.1,2005-04-02,0723,Aqua,MODIS,61,6.2,302.1,22.8,D,0
21.4727,92.4942,340.3,1.3,1.1,2005-04-02,0723,Aqua,MODIS,62,6.2,288.4,39.6,D,0
21.5729,92.4736,334.2,1.3,1.1,2005-04-02,0723,Aqua,MODIS,56,6.2,301.5,31.4,D,0
21.5714,92.4613,360.4,1.3,1.1,2005-04-02,0723,Aqua,MODIS,100,6.2,305.6,106.8,D,0
21.5699,92.4488,332.4,1.3,1.1,2005-04-02,0723,Aqua,MODIS,47,6.2,303.6,21.5,D,0
21.5684,92.4368,333.5,1.3,1.1,2005-04-02,0723,Aqua,MODIS,82,6.2,303.7,20.9,D,0
21.583,92.472,359,1.3,1.1,2005-04-02,0723,Aqua,MODIS,99,6.2,303.4,104.2,D,0
21.5815,92.4599,373.8,1.3,1.1,2005-04-02,0723,Aqua,MODIS,100,6.2,308.5,168.9,D,0
21.58,92.4473,388.1,1.3,1.1,2005-04-02,0723,Aqua,MODIS,100,6.2,306.9,256,D,0
21.5785,92.4352,368.5,1.3,1.1,2005-04-02,0723,Aqua,MODIS,100,6.2,308.3,140.2,D,0
21.5946,92.4827,365.9,1.3,1.1,2005-04-02,0723,Aqua,MODIS,100,6.2,306.7,136,D,0
21.5931,92.4708,362.9,1.3,1.1,2005-04-02,0723,Aqua,MODIS,100,6.2,306.3,118.6,D,0
21.5916,92.4584,342.4,1.3,1.1,2005-04-02,0723,Aqua,MODIS,89,6.2,303.3,50.6,D,0
21.6047,92.481,340.5,1.3,1.1,2005-04-02,0723,Aqua,MODIS,88,6.2,303.5,48.5,D,0
21.6032,92.4691,339.3,1.3,1.1,2005-04-02,0723,Aqua,MODIS,87,6.2,303.5,42,D,0
21.6017,92.4569,397.2,1.3,1.1,2005-04-02,0723,Aqua,MODIS,100,6.2,308.3,326.8,D,0
21.6002,92.4444,403.2,1.3,1.1,2005-04-02,0723,Aqua,MODIS,100,6.2,310.8,377.4,D,0
21.5987,92.4324,367.1,1.3,1.1,2005-04-02,0723,Aqua,MODIS,100,6.2,308.4,134.2,D,0
21.6088,92.431,342.5,1.3,1.1,2005-04-02,0723,Aqua,MODIS,89,6.2,304.5,49.8,D,0
21.6089,92.2672,332.4,1.3,1.1,2005-04-02,0723,Aqua,MODIS,73,6.2,303.4,25.9,D,0
21.7265,92.4008,342,1.3,1.1,2005-04-02,0723,Aqua,MODIS,89,6.2,299.1,50,D,0
21.725,92.389,354.4,1.3,1.1,2005-04-02,0723,Aqua,MODIS,97,6.2,304.1,86.4,D,0
21.7366,92.3993,336.6,1.3,1.1,2005-04-02,0723,Aqua,MODIS,85,6.2,301.8,38.2,D,0
21.6206,92.2793,337.5,1.3,1.1,2005-04-02,0723,Aqua,MODIS,86,6.2,306,34.5,D,0
21.6189,92.266,329.3,1.3,1.1,2005-04-02,0723,Aqua,MODIS,60,6.2,303.7,19.7,D,0
21.4916,92.4795,359.5,1.3,1.1,2005-04-02,0723,Aqua,MODIS,99,6.2,301.4,100,D,0
21.5016,92.4778,372.6,1.3,1.1,2005-04-02,0723,Aqua,MODIS,100,6.2,303.4,161.2,D,0
21.5002,92.4656,390.7,1.3,1.1,2005-04-02,0723,Aqua,MODIS,100,6.2,310.8,277.4,D,0
21.6086,92.1046,334.8,1.2,1.1,2005-04-02,0723,Aqua,MODIS,84,6.2,306.3,29,D,0
21.6175,92.2543,327.1,1.3,1.1,2005-04-02,0723,Aqua,MODIS,74,6.2,302.1,17.8,D,0
21.6174,92.2605,327.2,1.3,1.1,2005-04-02,0723,Aqua,MODIS,74,6.2,302.7,17.3,D,0
21.6406,92.2838,346.2,1.3,1.1,2005-04-02,0723,Aqua,MODIS,92,6.2,306.2,54.2,D,0
21.5534,92.313,325.6,1.3,1.1,2005-04-02,0723,Aqua,MODIS,57,6.2,301.9,16.4,D,0
21.5207,92.3004,335.1,1.3,1.1,2005-04-02,0723,Aqua,MODIS,84,6.2,303.1,36.5,D,0
22.9885,92.3234,318.9,1.3,1.1,2005-04-02,0723,Aqua,MODIS,41,6.2,296.4,10.8,D,0
21.6205,92.2864,330.1,1.3,1.1,2005-04-02,0723,Aqua,MODIS,78,6.2,305.5,18.8,D,0
21.6189,92.2734,336.1,1.3,1.1,2005-04-02,0723,Aqua,MODIS,84,6.2,306.2,31,D,0
22.6121,92.3238,325.1,1.3,1.1,2005-04-02,0723,Aqua,MODIS,53,6.2,292.3,20.4,D,0
21.8322,92.3547,350.4,1.3,1.1,2005-04-02,0723,Aqua,MODIS,95,6.2,299.4,69.1,D,0
21.5539,92.4013,353.3,1.3,1.1,2005-04-02,0723,Aqua,MODIS,96,6.2,307.1,79.8,D,0
22.7001,92.4606,331.5,1.3,1.1,2005-04-02,0723,Aqua,MODIS,83,6.2,292,36.1,D,0
21.616,92.2494,321.8,1.3,1.1,2005-04-02,0723,Aqua,MODIS,32,6.2,302.4,9.2,D,0
21.6374,92.2579,334.2,1.3,1.1,2005-04-02,0723,Aqua,MODIS,70,6.2,303.9,25.9,D,0
21.666,92.2418,331.9,1.3,1.1,2005-04-02,0723,Aqua,MODIS,80,6.2,300.9,19,D,0
21.6646,92.2302,341,1.3,1.1,2005-04-02,0723,Aqua,MODIS,88,6.2,302.5,37.8,D,0
21.676,92.2404,362.1,1.3,1.1,2005-04-02,0723,Aqua,MODIS,100,6.2,302.8,106.4,D,0
24.2547,89.1465,320.8,1,1,2005-04-02,0723,Aqua,MODIS,44,6.2,306.6,8.5,D,0
21.6596,92.3558,346.5,1.3,1.1,2005-04-02,0723,Aqua,MODIS,92,6.2,303.4,53.4,D,0
22.1685,92.4809,317.9,4.7,2,2005-04-02,1650,Terra,MODIS,95,6.2,286.1,156.4,N,0
22.1674,92.4729,310.3,4.7,2,2005-04-02,1650,Terra,MODIS,59,6.2,285.9,100.9,N,0
21.724,92.4315,325.9,1,1,2005-04-02,1932,Aqua,MODIS,100,6.2,293.3,23.7,N,0
21.6025,92.5044,303.2,1,1,2005-04-02,1932,Aqua,MODIS,54,6.2,282.6,5.6,N,0
21.6038,92.4949,312.7,1,1,2005-04-02,1932,Aqua,MODIS,86,6.2,283.2,12.1,N,0
21.7226,92.4409,312.5,1,1,2005-04-02,1932,Aqua,MODIS,85,6.2,292.2,11,N,0
25.4656,89.6768,316.4,1.3,1.1,2005-04-03,0459,Terra,MODIS,0,6.2,303.6,10.8,D,0
24.2592,89.1469,326.4,1.2,1.1,2005-04-03,0459,Terra,MODIS,76,6.2,303.2,20.9,D,0
24.2494,89.145,329.7,1.2,1.1,2005-04-03,0459,Terra,MODIS,81,6.2,304.3,25.6,D,0
23.0949,92.3096,351.4,2.1,1.4,2005-04-03,0500,Terra,MODIS,96,6.2,304.4,166.2,D,0
23.0934,92.3041,348.2,2.1,1.4,2005-04-03,0500,Terra,MODIS,94,6.2,304.6,149.3,D,0
23.0899,92.3228,323.7,2.1,1.4,2005-04-03,0500,Terra,MODIS,77,6.2,303.1,42.2,D,0
23.0957,92.3235,347.7,3.8,1.8,2005-04-03,0628,Aqua,MODIS,94,6.2,303.5,339.3,D,0
23.0966,92.2867,350.8,3.8,1.8,2005-04-03,0628,Aqua,MODIS,90,6.2,304.3,390,D,0
23.1047,92.3252,349.9,3.8,1.8,2005-04-03,0628,Aqua,MODIS,95,6.2,303.7,373.5,D,0
23.1033,92.2813,324.5,3.8,1.8,2005-04-03,0628,Aqua,MODIS,58,6.2,303.1,104.8,D,0
22.3249,92.5008,354.6,3.8,1.8,2005-04-03,0628,Aqua,MODIS,97,6.2,298.2,449.7,D,0
22.3317,92.4911,352.3,3.8,1.8,2005-04-03,0628,Aqua,MODIS,73,6.2,288.8,419.9,D,0
22.9635,92.0975,321.5,3.9,1.8,2005-04-03,0628,Aqua,MODIS,63,6.2,302.5,88.4,D,0
22.8905,92.3111,320.8,3.8,1.8,2005-04-03,0628,Aqua,MODIS,54,6.2,303.3,72.2,D,0
23.0335,92.1486,318.6,3.9,1.8,2005-04-03,0628,Aqua,MODIS,64,6.2,302,63.8,D,0
23.1749,92.3012,343.9,3.8,1.8,2005-04-03,0628,Aqua,MODIS,92,6.2,303.1,299.6,D,0
22.9691,92.0878,319.1,3.9,1.8,2005-04-03,0628,Aqua,MODIS,60,6.2,302.5,69.9,D,0
22.3173,92.4643,338.1,3.8,1.8,2005-04-03,0628,Aqua,MODIS,64,6.2,289.2,227.8,D,0
23.1821,92.2913,337.2,3.8,1.8,2005-04-03,0628,Aqua,MODIS,88,6.2,302.9,217.7,D,0
22.9,92.3125,320.2,3.8,1.8,2005-04-03,0628,Aqua,MODIS,54,6.2,303,68.8,D,0
23.0874,92.2855,341.4,3.8,1.8,2005-04-03,0628,Aqua,MODIS,68,6.2,303.3,258.5,D,0
23.1116,92.3192,326.5,3.8,1.8,2005-04-03,0628,Aqua,MODIS,79,6.2,302.7,120,D,0
21.6198,92.2363,308.3,1.2,1.1,2005-04-03,1555,Terra,MODIS,74,6.2,292.2,9.3,N,0
22.0139,92.454,317.6,1.2,1.1,2005-04-03,1555,Terra,MODIS,95,6.2,294.3,18,N,0
22.0342,92.5202,307.1,1.2,1.1,2005-04-03,1555,Terra,MODIS,70,6.2,293.7,8.5,N,0
22.7379,92.3608,305.1,1.2,1.1,2005-04-03,1555,Terra,MODIS,28,6.2,294.9,5.5,N,0
21.8248,92.3641,318.1,1.2,1.1,2005-04-03,1555,Terra,MODIS,96,6.2,296,17.2,N,0
22.7283,92.3622,322.9,1.2,1.1,2005-04-03,1555,Terra,MODIS,100,6.2,295.5,23.5,N,0
22.7665,92.3557,307.3,1.2,1.1,2005-04-03,1555,Terra,MODIS,70,6.2,295.9,7.4,N,0
21.8458,92.3711,325.4,1.2,1.1,2005-04-03,1555,Terra,MODIS,100,6.2,295.8,27.6,N,0
21.848,92.3654,307.2,1.2,1.1,2005-04-03,1555,Terra,MODIS,71,6.2,295.2,8.4,N,0
22.7648,92.3444,330.4,1.2,1.1,2005-04-03,1555,Terra,MODIS,100,6.2,297.2,34.4,N,0
21.6217,92.2483,306.2,1.2,1.1,2005-04-03,1555,Terra,MODIS,67,6.2,293.9,7.2,N,0
22.7677,92.3377,314.1,1.2,1.1,2005-04-03,1555,Terra,MODIS,88,6.2,296.5,14.1,N,0
22.7696,92.3494,325.5,1.2,1.1,2005-04-03,1555,Terra,MODIS,100,6.2,297,28,N,0
21.8054,92.367,308.2,1.2,1.1,2005-04-03,1555,Terra,MODIS,74,6.2,296.2,8,N,0
22.0246,92.5216,305,1.2,1.1,2005-04-03,1555,Terra,MODIS,63,6.2,294,6.9,N,0
23.0904,92.3156,356.9,1.2,1.1,2005-04-03,1556,Terra,MODIS,100,6.2,298.8,95,N,0
22.9509,92.3538,321.1,1.2,1.1,2005-04-03,1556,Terra,MODIS,100,6.2,295.7,22,N,0
22.9541,92.3476,311,1.2,1.1,2005-04-03,1556,Terra,MODIS,82,6.2,295.8,11.4,N,0
23.1188,92.3095,305.9,1.2,1.1,2005-04-03,1556,Terra,MODIS,60,6.2,293.2,6.8,N,0
23.0921,92.3265,305.9,1.2,1.1,2005-04-03,1556,Terra,MODIS,39,6.2,295.2,6.8,N,0
23.2472,91.9746,313,2.5,1.5,2005-04-04,0404,Terra,MODIS,57,6.2,299.8,20.2,D,0
21.8262,92.4777,319.9,2.2,1.4,2005-04-04,0405,Terra,MODIS,70,6.2,299.2,33.6,D,0
22.2439,92.4493,330.2,2.3,1.5,2005-04-04,0405,Terra,MODIS,82,6.2,300.6,71.9,D,0
22.2485,92.4041,327.3,2.3,1.5,2005-04-04,0405,Terra,MODIS,79,6.2,299.1,58.9,D,0
22.0825,92.5078,316.6,2.2,1.4,2005-04-04,0405,Terra,MODIS,64,6.2,298.8,26.7,D,0
21.8376,92.4852,319.4,2.2,1.4,2005-04-04,0405,Terra,MODIS,67,6.2,299,29.7,D,0
22.2461,92.4273,322.5,2.3,1.5,2005-04-04,0405,Terra,MODIS,74,6.2,300.7,41.3,D,0
21.8872,92.3513,349.2,1,1,2005-04-04,0710,Aqua,MODIS,94,6.2,307.4,48.8,D,0
21.8858,92.3416,333.9,1,1,2005-04-04,0710,Aqua,MODIS,84,6.2,306,21.4,D,0
21.8845,92.332,387.8,1,1,2005-04-04,0710,Aqua,MODIS,100,6.2,313.7,174.7,D,0
21.9925,92.5154,320.1,1,1,2005-04-04,0710,Aqua,MODIS,27,6.2,302.7,8.4,D,0
21.632,92.5692,317,1,1,2005-04-04,0710,Aqua,MODIS,51,6.2,302.2,6.5,D,0
21.9396,92.2685,339.6,1,1,2005-04-04,0710,Aqua,MODIS,88,6.2,310.2,29.3,D,0
21.6126,92.3664,336.1,1,1,2005-04-04,0710,Aqua,MODIS,85,6.2,307.2,24.5,D,0
21.6024,92.3583,385.3,1,1,2005-04-04,0710,Aqua,MODIS,100,6.2,312.5,163.6,D,0
21.6037,92.3679,405.8,1,1,2005-04-04,0710,Aqua,MODIS,100,6.2,314.9,277.1,D,0
21.5934,92.3598,323.4,1,1,2005-04-04,0710,Aqua,MODIS,41,6.2,306.3,8.3,D,0
21.5948,92.3694,328.9,1,1,2005-04-04,0710,Aqua,MODIS,75,6.2,304.6,14.8,D,0
21.5831,92.3517,320.4,1,1,2005-04-04,0710,Aqua,MODIS,32,6.2,305.4,5.7,D,0
21.5845,92.3613,368.7,1,1,2005-04-04,0710,Aqua,MODIS,100,6.2,307.5,100.2,D,0
21.5756,92.3627,326.3,1,1,2005-04-04,0710,Aqua,MODIS,75,6.2,304.7,11.9,D,0
22.0477,92.5094,381.7,1,1,2005-04-04,0710,Aqua,MODIS,100,6.2,311.6,148,D,0
21.9739,92.2531,327.5,1,1,2005-04-04,0710,Aqua,MODIS,34,6.2,310.4,11.4,D,0
22.049,92.5189,363.4,1,1,2005-04-04,0710,Aqua,MODIS,100,6.2,306,81.5,D,0
22.0387,92.5109,392.9,1,1,2005-04-04,0710,Aqua,MODIS,100,6.2,316.9,202.4,D,0
22.0401,92.5204,403.4,1,1,2005-04-04,0710,Aqua,MODIS,100,6.2,315.5,263.5,D,0
21.648,92.4879,336.2,1,1,2005-04-04,0710,Aqua,MODIS,85,6.2,304.4,29,D,0
21.6466,92.4782,318.1,1,1,2005-04-04,0710,Aqua,MODIS,58,6.2,302.4,7.3,D,0
21.6586,92.4893,339.7,1,1,2005-04-04,0710,Aqua,MODIS,88,6.2,302.4,35,D,0
21.6572,92.4796,359.1,1,1,2005-04-04,0710,Aqua,MODIS,99,6.2,305,75.8,D,0
21.6505,92.4319,390,1,1,2005-04-04,0710,Aqua,MODIS,100,6.2,311.6,185.4,D,0
21.6492,92.4223,378.9,1,1,2005-04-04,0710,Aqua,MODIS,100,6.2,313.1,134.5,D,0
21.6621,92.4494,328.4,1,1,2005-04-04,0710,Aqua,MODIS,67,6.2,303.2,14.9,D,0
21.6608,92.4398,384.3,1,1,2005-04-04,0710,Aqua,MODIS,100,6.2,311.5,160.1,D,0
21.6594,92.4303,389,1,1,2005-04-04,0710,Aqua,MODIS,100,6.2,316.9,180.8,D,0
21.6581,92.4208,342.8,1,1,2005-04-04,0710,Aqua,MODIS,90,6.2,309.3,34.6,D,0
21.5608,92.5174,345.8,1,1,2005-04-04,0710,Aqua,MODIS,92,6.2,300.9,44.9,D,0
21.5568,92.4888,429.2,1,1,2005-04-04,0710,Aqua,MODIS,100,6.2,321.7,467.7,D,0
21.4656,92.4255,378.7,1,1,2005-04-04,0710,Aqua,MODIS,100,6.2,311.4,137.8,D,0
21.4669,92.435,350.7,1,1,2005-04-04,0710,Aqua,MODIS,95,6.2,303.6,52.9,D,0
21.4617,92.4718,342.3,1,1,2005-04-04,0710,Aqua,MODIS,90,6.2,305.1,38.3,D,0
21.463,92.4814,340.8,1,1,2005-04-04,0710,Aqua,MODIS,89,6.2,304.2,35.4,D,0
21.4335,92.4666,338.6,1,1,2005-04-04,0710,Aqua,MODIS,88,6.2,295.6,29.1,D,0
21.4246,92.4681,358.4,1,1,2005-04-04,0710,Aqua,MODIS,99,6.2,299.1,70.1,D,0
21.6074,92.5241,351.6,1,1,2005-04-04,0710,Aqua,MODIS,83,6.2,306.2,54.2,D,0
21.5649,92.4819,345.5,1,1,2005-04-04,0710,Aqua,MODIS,92,6.2,310.1,41.8,D,0
21.5609,92.4532,329,1,1,2005-04-04,0710,Aqua,MODIS,78,6.2,307.7,15.3,D,0
21.5711,92.4613,321.3,1,1,2005-04-04,0710,Aqua,MODIS,47,6.2,305.3,6.9,D,0
21.5698,92.4517,383.7,1,1,2005-04-04,0710,Aqua,MODIS,100,6.2,308.3,158,D,0
21.5761,92.4312,373.7,1,1,2005-04-04,0710,Aqua,MODIS,100,6.2,308.7,116.7,D,0
21.6109,92.4841,326.2,1,1,2005-04-04,0710,Aqua,MODIS,75,6.2,303.9,14.3,D,0
21.5554,92.4793,395.3,1,1,2005-04-04,0710,Aqua,MODIS,100,6.2,315.9,213.2,D,0
21.924,92.4184,355.8,1,1,2005-04-04,0710,Aqua,MODIS,98,6.2,307.7,64.6,D,0
21.4915,92.4799,342.7,1,1,2005-04-04,0710,Aqua,MODIS,90,6.2,305.5,38.4,D,0
21.4902,92.4704,328.1,1,1,2005-04-04,0710,Aqua,MODIS,78,6.2,305.1,16.8,D,0
22.0298,92.5123,334.6,1,1,2005-04-04,0710,Aqua,MODIS,82,6.2,310.4,25,D,0
22.0285,92.5027,326.4,1,1,2005-04-04,0710,Aqua,MODIS,45,6.2,307.2,13.9,D,0
21.5568,92.4245,332.3,1,1,2005-04-04,0710,Aqua,MODIS,82,6.2,307.6,19.3,D,0
21.3621,92.1561,349,1,1,2005-04-04,0710,Aqua,MODIS,94,6.2,308,47.7,D,0
21.3532,92.1576,335.9,1,1,2005-04-04,0710,Aqua,MODIS,85,6.2,306.9,24.6,D,0
21.4866,92.51,320.3,1,1,2005-04-04,0710,Aqua,MODIS,65,6.2,302.5,10.1,D,0
21.4487,92.4446,326.6,1,1,2005-04-04,0710,Aqua,MODIS,76,6.2,304.2,13.3,D,0
21.4501,92.4542,346.4,1,1,2005-04-04,0710,Aqua,MODIS,93,6.2,305.7,43.3,D,0
21.4514,92.4637,359.2,1,1,2005-04-04,0710,Aqua,MODIS,99,6.2,304.6,73.7,D,0
21.4425,92.4652,350.7,1,1,2005-04-04,0710,Aqua,MODIS,95,6.2,302,51.8,D,0
21.4295,92.4379,376.2,1,1,2005-04-04,0710,Aqua,MODIS,100,6.2,310.5,128,D,0
21.4308,92.4475,378.1,1,1,2005-04-04,0710,Aqua,MODIS,100,6.2,307,133.8,D,0
21.4322,92.4571,365.5,1,1,2005-04-04,0710,Aqua,MODIS,100,6.2,302.8,88.1,D,0
22.0535,92.42,322,1,1,2005-04-04,0710,Aqua,MODIS,68,6.2,305.3,9,D,0
22.0549,92.4295,319.5,1,1,2005-04-04,0710,Aqua,MODIS,60,6.2,304.8,6.7,D,0
21.5555,92.415,333,1,1,2005-04-04,0710,Aqua,MODIS,83,6.2,307.7,19.9,D,0
22.0374,92.5012,353,1,1,2005-04-04,0710,Aqua,MODIS,96,6.2,309.9,57.6,D,0
21.517,92.466,320.8,1,1,2005-04-04,0710,Aqua,MODIS,52,6.2,305.2,6.8,D,0
21.5442,92.5299,326.3,1,1,2005-04-04,0710,Aqua,MODIS,75,6.2,300.9,15.9,D,0
21.5407,92.57,332.9,1,1,2005-04-04,0710,Aqua,MODIS,73,6.2,301.3,22,D,0
21.9271,92.5707,336.3,1,1,2005-04-04,0710,Aqua,MODIS,82,6.2,299.9,26.2,D,0
22.2953,92.4415,324.4,1,1,2005-04-04,0710,Aqua,MODIS,72,6.2,307.3,11.1,D,0
21.6882,92.181,325.9,1,1,2005-04-04,0710,Aqua,MODIS,74,6.2,306.9,9.8,D,0
22.0029,92.32,340.7,1,1,2005-04-04,0710,Aqua,MODIS,89,6.2,307.7,32.8,D,0
21.9815,92.242,328.3,1,1,2005-04-04,0710,Aqua,MODIS,78,6.2,309.4,12.6,D,0
21.9829,92.2516,339.6,1,1,2005-04-04,0710,Aqua,MODIS,88,6.2,310.1,28.7,D,0
21.9842,92.2612,340.5,1,1,2005-04-04,0710,Aqua,MODIS,89,6.2,308.6,29.7,D,0
21.9896,92.2994,331.2,1,1,2005-04-04,0710,Aqua,MODIS,81,6.2,305,18.3,D,0
21.991,92.3091,399.3,1,1,2005-04-04,0710,Aqua,MODIS,100,6.2,309.8,238.4,D,0
21.6249,92.2501,328.9,1,1,2005-04-04,0710,Aqua,MODIS,79,6.2,305.9,15.4,D,0
21.6236,92.2405,326.7,1,1,2005-04-04,0710,Aqua,MODIS,76,6.2,306.8,12.9,D,0
21.6222,92.231,328.9,1,1,2005-04-04,0710,Aqua,MODIS,79,6.2,305.6,14.9,D,0
21.6325,92.2391,332.4,1,1,2005-04-04,0710,Aqua,MODIS,82,6.2,305.9,19.2,D,0
21.649,92.2266,365.9,1,1,2005-04-04,0710,Aqua,MODIS,100,6.2,309.7,89.2,D,0
21.6592,92.2346,348,1,1,2005-04-04,0710,Aqua,MODIS,94,6.2,304.7,44.2,D,0
21.6579,92.2251,413.2,1,1,2005-04-04,0710,Aqua,MODIS,100,6.2,318.3,327.5,D,0
22.2523,92.3948,327.8,1,1,2005-04-04,0710,Aqua,MODIS,77,6.2,311.9,13.5,D,0
21.6657,92.4098,321.5,1,1,2005-04-04,0710,Aqua,MODIS,62,6.2,306.6,6.7,D,0
21.6644,92.4002,330.1,1,1,2005-04-04,0710,Aqua,MODIS,80,6.2,306.7,16.8,D,0
21.9146,92.4156,365.6,1,1,2005-04-04,0710,Aqua,MODIS,100,6.2,307.2,91.3,D,0
22.1372,92.4303,383.8,1,1,2005-04-04,0710,Aqua,MODIS,100,6.2,310.6,157.7,D,0
22.1358,92.4207,382.4,1,1,2005-04-04,0710,Aqua,MODIS,100,6.2,313.6,150.6,D,0
21.7081,92.1916,347.2,1,1,2005-04-04,0710,Aqua,MODIS,93,6.2,310,43,D,0
21.5951,92.2421,334.8,1,1,2005-04-04,0710,Aqua,MODIS,84,6.2,305.6,23.7,D,0
21.5923,92.223,319.4,1,1,2005-04-04,0710,Aqua,MODIS,38,6.2,305.5,5.4,D,0
21.591,92.2135,322.4,1,1,2005-04-04,0710,Aqua,MODIS,70,6.2,306.7,8.8,D,0
21.9552,92.3149,319.9,1,1,2005-04-04,0710,Aqua,MODIS,36,6.2,304,6.9,D,0
21.9628,92.3038,375,1,1,2005-04-04,0710,Aqua,MODIS,100,6.2,310.8,122.9,D,0
21.9159,92.4252,391.6,1,1,2005-04-04,0710,Aqua,MODIS,100,6.2,309.3,196.5,D,0
21.9615,92.2942,335,1,1,2005-04-04,0710,Aqua,MODIS,85,6.2,308.6,22.6,D,0
21.6866,92.2987,340.8,1,1,2005-04-04,0710,Aqua,MODIS,89,6.2,305.9,33.1,D,0
21.7646,92.3976,361.7,1,1,2005-04-04,0710,Aqua,MODIS,100,6.2,309.2,77.8,D,0
21.773,92.3278,363.7,1,1,2005-04-04,0710,Aqua,MODIS,100,6.2,310.4,84.9,D,0
22.2377,92.161,328.4,1,1,2005-04-04,0710,Aqua,MODIS,78,6.2,306.7,14.8,D,0
22.2759,92.2376,321.5,1,1,2005-04-04,0710,Aqua,MODIS,59,6.2,305.6,7.7,D,0
22.2293,92.2312,350,1,1,2005-04-04,0710,Aqua,MODIS,95,6.2,308.3,50.9,D,0
22.3211,92.2991,328,1,1,2005-04-04,0710,Aqua,MODIS,77,6.2,306.8,13.2,D,0
21.4205,92.4393,353.4,1,1,2005-04-04,0710,Aqua,MODIS,96,6.2,305.8,59.8,D,0
21.4219,92.449,348.2,1,1,2005-04-04,0710,Aqua,MODIS,94,6.2,305.9,46.9,D,0
21.347,92.1781,331,1,1,2005-04-04,0710,Aqua,MODIS,81,6.2,305,18,D,0
21.3484,92.1876,320.9,1,1,2005-04-04,0710,Aqua,MODIS,39,6.2,303.3,6.9,D,0
21.7001,92.3944,332.6,1,1,2005-04-04,0710,Aqua,MODIS,82,6.2,305.1,20.3,D,0
22.1461,92.4288,379.5,1,1,2005-04-04,0710,Aqua,MODIS,100,6.2,310.4,138.4,D,0
21.7355,92.5161,351.2,1,1,2005-04-04,0710,Aqua,MODIS,95,6.2,304.1,55.4,D,0
21.7369,92.5257,326.3,1,1,2005-04-04,0710,Aqua,MODIS,72,6.2,302,14.1,D,0
22.3225,92.3087,396.2,1,1,2005-04-04,0710,Aqua,MODIS,100,6.2,310.2,218.9,D,0
22.3238,92.3184,338,1,1,2005-04-04,0710,Aqua,MODIS,87,6.2,304.3,26.4,D,0
22.3279,92.3473,328.6,1,1,2005-04-04,0710,Aqua,MODIS,63,6.2,305.7,13.9,D,0
22.3136,92.3102,351.3,1,1,2005-04-04,0710,Aqua,MODIS,95,6.2,308.8,51.8,D,0
21.4233,92.4585,402.5,1,1,2005-04-04,0710,Aqua,MODIS,100,6.2,310,256.7,D,0
21.7266,92.5176,335.3,1,1,2005-04-04,0710,Aqua,MODIS,85,6.2,303.3,26.1,D,0
21.825,92.437,324.2,1,1,2005-04-04,0710,Aqua,MODIS,66,6.2,306.8,9,D,0
21.8236,92.4274,332.3,1,1,2005-04-04,0710,Aqua,MODIS,82,6.2,307.7,18.7,D,0
21.8368,92.448,344.5,1,1,2005-04-04,0710,Aqua,MODIS,79,6.2,306.1,38,D,0
21.8354,92.4384,366.8,1,1,2005-04-04,0710,Aqua,MODIS,100,6.2,313,93.3,D,0
21.8444,92.437,389.6,1,1,2005-04-04,0710,Aqua,MODIS,100,6.2,310.2,183.4,D,0
21.843,92.4274,380.7,1,1,2005-04-04,0710,Aqua,MODIS,100,6.2,312.8,143.5,D,0
21.8547,92.4451,403.4,1,1,2005-04-04,0710,Aqua,MODIS,100,6.2,313.4,260.9,D,0
21.8533,92.4355,376.3,1,1,2005-04-04,0710,Aqua,MODIS,100,6.2,313.8,124.3,D,0
21.9043,92.4075,348.1,1,1,2005-04-04,0710,Aqua,MODIS,94,6.2,305.3,46.8,D,0
22.2307,92.2408,321.1,1,1,2005-04-04,0710,Aqua,MODIS,66,6.2,306.6,7.1,D,0
21.7315,92.4873,330.1,1,1,2005-04-04,0710,Aqua,MODIS,65,6.2,305.2,17.6,D,0
21.7341,92.5065,319.2,1,1,2005-04-04,0710,Aqua,MODIS,58,6.2,302.4,7.3,D,0
21.7212,92.4792,324.7,1,1,2005-04-04,0710,Aqua,MODIS,51,6.2,305.1,11.5,D,0
21.7225,92.4888,343.5,1,1,2005-04-04,0710,Aqua,MODIS,91,6.2,305.1,38.9,D,0
21.7109,92.471,322.4,1,1,2005-04-04,0710,Aqua,MODIS,14,6.2,304,8.8,D,0
21.7006,92.4629,329.4,1,1,2005-04-04,0710,Aqua,MODIS,37,6.2,305.4,15.5,D,0
21.7019,92.4724,329.4,1,1,2005-04-04,0710,Aqua,MODIS,65,6.2,304.1,16.9,D,0
21.6814,92.4562,375.9,1,1,2005-04-04,0710,Aqua,MODIS,100,6.2,308,126.2,D,0
21.6163,92.5226,358.5,1,1,2005-04-04,0710,Aqua,MODIS,99,6.2,303.8,70.6,D,0
21.629,92.2788,320.5,1,1,2005-04-04,0710,Aqua,MODIS,66,6.2,304.4,6.7,D,0
21.4116,92.4408,341.7,1,1,2005-04-04,0710,Aqua,MODIS,90,6.2,305.4,36.2,D,0
21.413,92.4504,327.1,1,1,2005-04-04,0710,Aqua,MODIS,75,6.2,304.9,13.8,D,0
21.5401,92.2414,324.4,1,1,2005-04-04,0710,Aqua,MODIS,73,6.2,305.2,11.9,D,0
21.5388,92.2319,346.8,1,1,2005-04-04,0710,Aqua,MODIS,93,6.2,306.4,45.5,D,0
21.6827,92.4658,336.6,1,1,2005-04-04,0710,Aqua,MODIS,86,6.2,303.7,27.2,D,0
22.3149,92.3198,330.7,1,1,2005-04-04,0710,Aqua,MODIS,70,6.2,305.1,15,D,0
22.3046,92.3117,328.4,1,1,2005-04-04,0710,Aqua,MODIS,78,6.2,307.3,14,D,0
22.2943,92.3035,347.7,1,1,2005-04-04,0710,Aqua,MODIS,93,6.2,308.7,45,D,0
21.6738,92.4672,337.5,1,1,2005-04-04,0710,Aqua,MODIS,86,6.2,303.1,29.7,D,0
21.5631,92.4039,342.8,1,1,2005-04-04,0710,Aqua,MODIS,90,6.2,307.4,35.6,D,0
21.5617,92.3943,346.8,1,1,2005-04-04,0710,Aqua,MODIS,93,6.2,308.1,43.7,D,0
21.5747,92.4216,345.9,1,1,2005-04-04,0710,Aqua,MODIS,92,6.2,307.3,40.7,D,0
22.0504,92.5286,336.2,1,1,2005-04-04,0710,Aqua,MODIS,74,6.2,296.1,23.3,D,0
22.2957,92.3131,352.2,1,1,2005-04-04,0710,Aqua,MODIS,96,6.2,307.9,54.4,D,0
22.2997,92.342,322.9,1,1,2005-04-04,0710,Aqua,MODIS,69,6.2,308.1,7.8,D,0
21.901,92.3195,410.5,1,1,2005-04-04,0710,Aqua,MODIS,100,6.2,315.7,309.5,D,0
22.0888,92.2808,345.1,1,1,2005-04-04,0710,Aqua,MODIS,92,6.2,308.4,40.7,D,0
21.9271,92.3097,334.1,1,1,2005-04-04,0710,Aqua,MODIS,84,6.2,305.3,23,D,0
21.9258,92.3002,362,1,1,2005-04-04,0710,Aqua,MODIS,100,6.2,308.9,79.9,D,0
21.6987,92.3848,368.6,1,1,2005-04-04,0710,Aqua,MODIS,100,6.2,308.9,99.8,D,0
22.0414,92.5302,350.1,1,1,2005-04-04,0710,Aqua,MODIS,78,6.2,297.3,50.4,D,0
22.2966,92.4511,330.3,1,1,2005-04-04,0710,Aqua,MODIS,80,6.2,307.7,18,D,0
22.2487,92.4348,326,1,1,2005-04-04,0710,Aqua,MODIS,49,6.2,308.7,11.5,D,0
22.2501,92.4444,355.8,1,1,2005-04-04,0710,Aqua,MODIS,98,6.2,309.5,63.7,D,0
21.903,92.3979,363.7,1,1,2005-04-04,0710,Aqua,MODIS,100,6.2,305,85,D,0
22.1102,92.2379,334.6,1,1,2005-04-04,0710,Aqua,MODIS,84,6.2,307.1,22.4,D,0
22.1115,92.2475,343.9,1,1,2005-04-04,0710,Aqua,MODIS,91,6.2,308.2,37.7,D,0
22.3154,92.3887,321.8,1,1,2005-04-04,0710,Aqua,MODIS,48,6.2,305.6,6.6,D,0
22.323,92.3776,331.8,1,1,2005-04-04,0710,Aqua,MODIS,81,6.2,306.9,18.3,D,0
22.1013,92.2393,370.9,1,1,2005-04-04,0710,Aqua,MODIS,100,6.2,309.8,107,D,0
22.1026,92.2489,388.7,1,1,2005-04-04,0710,Aqua,MODIS,100,6.2,310,180.3,D,0
22.2514,92.454,323.5,1,1,2005-04-04,0710,Aqua,MODIS,54,6.2,304,9.1,D,0
21.8613,92.2968,328.9,1,1,2005-04-04,0710,Aqua,MODIS,79,6.2,307.8,15.8,D,0
21.9187,92.38,343.7,1,1,2005-04-04,0710,Aqua,MODIS,91,6.2,300.8,39,D,0
21.9182,92.3112,341.4,1,1,2005-04-04,0710,Aqua,MODIS,89,6.2,307,33.2,D,0
21.9168,92.3016,366.4,1,1,2005-04-04,0710,Aqua,MODIS,100,6.2,308.9,92.1,D,0
21.7153,92.3723,334.9,1,1,2005-04-04,0710,Aqua,MODIS,84,6.2,308,22.3,D,0
21.7072,92.3149,376,1,1,2005-04-04,0710,Aqua,MODIS,100,6.2,307.4,126.5,D,0
21.7058,92.3053,386.8,1,1,2005-04-04,0710,Aqua,MODIS,100,6.2,309.6,172.9,D,0
21.2544,92.5667,316.2,1,1,2005-04-04,0710,Aqua,MODIS,28,6.2,299,6,D,0
21.3759,92.4466,319.6,1,1,2005-04-04,0710,Aqua,MODIS,49,6.2,303.4,8.4,D,0
21.572,92.4025,336.3,1,1,2005-04-04,0710,Aqua,MODIS,86,6.2,306.6,25.1,D,0
21.8114,92.1385,376.3,1,1,2005-04-04,0710,Aqua,MODIS,100,6.2,311.9,125.1,D,0
21.8607,92.2282,322.9,1,1,2005-04-04,0710,Aqua,MODIS,71,6.2,306.9,9.2,D,0
21.8875,92.2238,326.4,1,1,2005-04-04,0710,Aqua,MODIS,76,6.2,307.8,12.8,D,0
21.7093,92.2656,318.6,1,1,2005-04-04,0710,Aqua,MODIS,50,6.2,304.4,5.7,D,0
21.7829,92.4634,322.8,1,1,2005-04-04,0710,Aqua,MODIS,70,6.2,305.3,9.7,D,0
21.7427,92.3719,368.3,1,1,2005-04-04,0710,Aqua,MODIS,100,6.2,312,97.3,D,0
22.2411,92.446,333.6,1,1,2005-04-04,0710,Aqua,MODIS,77,6.2,308.3,19.9,D,0
21.5707,92.3929,332.4,1,1,2005-04-04,0710,Aqua,MODIS,82,6.2,306.5,19.9,D,0
21.6029,92.4268,330.1,1,1,2005-04-04,0710,Aqua,MODIS,80,6.2,304.9,17,D,0
21.6876,92.4354,331.8,1,1,2005-04-04,0710,Aqua,MODIS,79,6.2,303.5,18.6,D,0
21.6862,92.4259,380.4,1,1,2005-04-04,0710,Aqua,MODIS,100,6.2,308.6,143.4,D,0
21.7247,92.4392,319.7,1,1,2005-04-04,0710,Aqua,MODIS,63,6.2,304.3,7.5,D,0
21.6015,92.4172,359.1,1,1,2005-04-04,0710,Aqua,MODIS,99,6.2,306.8,71.4,D,0
21.6002,92.4076,350.9,1,1,2005-04-04,0710,Aqua,MODIS,95,6.2,307,51.5,D,0
21.9244,92.2906,328.9,1,1,2005-04-04,0710,Aqua,MODIS,79,6.2,307.6,14.8,D,0
21.5988,92.3981,330.9,1,1,2005-04-04,0710,Aqua,MODIS,81,6.2,304.6,17.4,D,0
21.6105,92.4157,367.3,1,1,2005-04-04,0710,Aqua,MODIS,100,6.2,307.8,96,D,0
21.6091,92.4062,379,1,1,2005-04-04,0710,Aqua,MODIS,100,6.2,309.3,137.6,D,0
21.6078,92.3966,379.2,1,1,2005-04-04,0710,Aqua,MODIS,100,6.2,308,138.1,D,0
21.8997,92.3099,338.1,1,1,2005-04-04,0710,Aqua,MODIS,87,6.2,307.6,26.5,D,0
21.6064,92.387,337.7,1,1,2005-04-04,0710,Aqua,MODIS,87,6.2,303.9,27.5,D,0
22.3861,92.2324,328.5,1,1,2005-04-04,0710,Aqua,MODIS,78,6.2,306,15.1,D,0
22.348,92.2947,322.3,1,1,2005-04-04,0710,Aqua,MODIS,65,6.2,306.5,7,D,0
21.618,92.4047,338.9,1,1,2005-04-04,0710,Aqua,MODIS,88,6.2,304.9,29.5,D,0
21.6167,92.3951,332.3,1,1,2005-04-04,0710,Aqua,MODIS,82,6.2,305.8,19.2,D,0
21.6153,92.3856,377.5,1,1,2005-04-04,0710,Aqua,MODIS,100,6.2,309.2,131.1,D,0
21.5662,92.4914,337.5,1,1,2005-04-04,0710,Aqua,MODIS,87,6.2,305.2,28.8,D,0
21.8128,92.148,333.3,1,1,2005-04-04,0710,Aqua,MODIS,83,6.2,306.2,19.4,D,0
21.7077,92.3833,350.9,1,1,2005-04-04,0710,Aqua,MODIS,95,6.2,308.7,51.9,D,0
21.6051,92.3774,373.7,1,1,2005-04-04,0710,Aqua,MODIS,100,6.2,307.3,116.2,D,0
21.7166,92.3818,397.1,1,1,2005-04-04,0710,Aqua,MODIS,100,6.2,311.6,224.1,D,0
21.744,92.3815,364.1,1,1,2005-04-04,0710,Aqua,MODIS,100,6.2,309.7,83.9,D,0
21.7556,92.3991,359.5,1,1,2005-04-04,0710,Aqua,MODIS,99,6.2,307,71.7,D,0
21.614,92.376,349.3,1,1,2005-04-04,0710,Aqua,MODIS,94,6.2,307.8,47.5,D,0
21.6971,92.1795,327.5,1,1,2005-04-04,0710,Aqua,MODIS,77,6.2,307.9,11.9,D,0
21.5752,92.49,330.2,1,1,2005-04-04,0710,Aqua,MODIS,80,6.2,306.1,18.7,D,0
22.3355,92.3362,343.6,1,1,2005-04-04,0710,Aqua,MODIS,91,6.2,307.1,35.8,D,0
21.9685,92.2147,325.3,1,1,2005-04-04,0710,Aqua,MODIS,74,6.2,309.1,10.3,D,0
21.8025,92.14,339.1,1,1,2005-04-04,0710,Aqua,MODIS,88,6.2,309.6,28.2,D,0
21.8039,92.1495,322.6,1,1,2005-04-04,0710,Aqua,MODIS,45,6.2,307.5,6.3,D,0
21.7857,92.1592,334.5,1,1,2005-04-04,0710,Aqua,MODIS,84,6.2,309,20.4,D,0
21.5241,92.5824,340.7,1,1,2005-04-04,0710,Aqua,MODIS,81,6.2,301.6,33.9,D,0
21.4657,92.5005,320.6,1,1,2005-04-04,0710,Aqua,MODIS,61,6.2,302.7,9.1,D,0
21.4183,92.4887,334.6,1,1,2005-04-04,0710,Aqua,MODIS,64,6.2,305.4,24,D,0
21.787,92.1687,353,1,1,2005-04-04,0710,Aqua,MODIS,96,6.2,309.9,55.4,D,0
21.615,92.5129,345.4,1,1,2005-04-04,0710,Aqua,MODIS,70,6.2,303.9,40.4,D,0
21.8412,92.3489,348.9,1,1,2005-04-04,0710,Aqua,MODIS,94,6.2,308.5,48.4,D,0
21.8193,92.3233,342.1,1,1,2005-04-04,0710,Aqua,MODIS,90,6.2,309,35,D,0
21.7094,92.2011,344.5,1,1,2005-04-04,0710,Aqua,MODIS,92,6.2,307.8,36.9,D,0
21.7333,92.5657,333.6,1,1,2005-04-04,0710,Aqua,MODIS,83,6.2,299.2,23.5,D,0
21.4143,92.46,379.3,1,1,2005-04-04,0710,Aqua,MODIS,100,6.2,307.3,139.1,D,0
21.732,92.5561,365.9,1,1,2005-04-04,0710,Aqua,MODIS,100,6.2,303.4,93.6,D,0
21.7306,92.5465,351.6,1,1,2005-04-04,0710,Aqua,MODIS,95,6.2,303.2,55.4,D,0
21.7293,92.5369,346.1,1,1,2005-04-04,0710,Aqua,MODIS,92,6.2,302.5,44.5,D,0
21.7279,92.5272,341.8,1,1,2005-04-04,0710,Aqua,MODIS,89,6.2,303.9,36.6,D,0
21.8101,92.3315,321.3,1,1,2005-04-04,0710,Aqua,MODIS,57,6.2,306.9,6.2,D,0
21.8038,92.352,326.8,1,1,2005-04-04,0710,Aqua,MODIS,71,6.2,306.7,11.1,D,0
21.7819,92.3263,361,1,1,2005-04-04,0710,Aqua,MODIS,100,6.2,308.3,77,D,0
21.7833,92.3359,363.5,1,1,2005-04-04,0710,Aqua,MODIS,100,6.2,308.6,83.9,D,0
21.8717,92.5012,344.1,1,1,2005-04-04,0710,Aqua,MODIS,91,6.2,304.4,38.9,D,0
21.7884,92.1783,323.4,1,1,2005-04-04,0710,Aqua,MODIS,66,6.2,307.7,7.9,D,0
21.5331,92.581,355.8,1,1,2005-04-04,0710,Aqua,MODIS,98,6.2,302.8,64.5,D,0
21.5421,92.5796,399.6,1,1,2005-04-04,0710,Aqua,MODIS,100,6.2,309.4,241,D,0
21.7423,92.5643,370.5,1,1,2005-04-04,0710,Aqua,MODIS,100,6.2,301.8,108.7,D,0
22.0938,92.5117,338.8,1,1,2005-04-04,0710,Aqua,MODIS,87,6.2,305.7,30,D,0
21.7409,92.5546,429.4,1,1,2005-04-04,0710,Aqua,MODIS,100,6.2,314.3,473.5,D,0
21.7396,92.545,349.6,1,1,2005-04-04,0710,Aqua,MODIS,94,6.2,303.9,50.9,D,0
21.7498,92.5531,325.7,1,1,2005-04-04,0710,Aqua,MODIS,74,6.2,299.7,14.5,D,0
21.9374,92.3178,319.3,1,1,2005-04-04,0710,Aqua,MODIS,47,6.2,303.8,6.4,D,0
21.5491,92.4998,325.4,1,1,2005-04-04,0710,Aqua,MODIS,33,6.2,303.7,11.5,D,0
21.5594,92.5079,319.3,1,1,2005-04-04,0710,Aqua,MODIS,21,6.2,302.5,7.4,D,0
21.5984,92.5256,334.2,1,1,2005-04-04,0710,Aqua,MODIS,58,6.2,305.3,24.3,D,0
22.0119,92.3186,332.8,1,1,2005-04-04,0710,Aqua,MODIS,83,6.2,305.4,21.6,D,0
21.936,92.3082,328.6,1,1,2005-04-04,0710,Aqua,MODIS,78,6.2,304.6,16,D,0
21.8627,92.5027,369.9,1,1,2005-04-04,0710,Aqua,MODIS,100,6.2,305.8,104.9,D,0
21.4758,92.4335,335.9,1,1,2005-04-04,0710,Aqua,MODIS,44,6.2,301.1,26,D,0
21.4745,92.424,396.5,1,1,2005-04-04,0710,Aqua,MODIS,100,6.2,311.6,222.5,D,0
21.4731,92.4144,356.9,1,1,2005-04-04,0710,Aqua,MODIS,97,6.2,308,66.5,D,0
21.4821,92.413,348.5,1,1,2005-04-04,0710,Aqua,MODIS,87,6.2,303.9,46.1,D,0
21.491,92.4115,336.2,1,1,2005-04-04,0710,Aqua,MODIS,32,6.2,299.9,24.2,D,0
21.5026,92.4292,337,1,1,2005-04-04,0710,Aqua,MODIS,26,6.2,299.9,26.6,D,0
22.1868,92.3926,323.1,1,1,2005-04-04,0710,Aqua,MODIS,68,6.2,308,7.7,D,0
22.1779,92.3941,393.7,1,1,2005-04-04,0710,Aqua,MODIS,100,6.2,314.1,204.9,D,0
22.0848,92.5132,336.7,1,1,2005-04-04,0710,Aqua,MODIS,86,6.2,305.1,26.7,D,0
22.1792,92.4037,366.5,1,1,2005-04-04,0710,Aqua,MODIS,100,6.2,309.9,91.5,D,0
22.1524,92.4081,340.2,1,1,2005-04-04,0710,Aqua,MODIS,88,6.2,308.3,28.5,D,0
22.1421,92.3999,325.8,1,1,2005-04-04,0710,Aqua,MODIS,48,6.2,308.4,9.7,D,0
22.1434,92.4095,398,1,1,2005-04-04,0710,Aqua,MODIS,100,6.2,314.2,228.2,D,0
21.7744,92.3373,366.6,1,1,2005-04-04,0710,Aqua,MODIS,100,6.2,308.4,93.5,D,0
21.9333,92.2891,346.5,1,1,2005-04-04,0710,Aqua,MODIS,93,6.2,306.9,42.4,D,0
21.932,92.2796,350.5,1,1,2005-04-04,0710,Aqua,MODIS,95,6.2,310.6,51.3,D,0
21.9306,92.27,321.9,1,1,2005-04-04,0710,Aqua,MODIS,69,6.2,308.1,7,D,0
22.2975,92.3916,393.3,1,1,2005-04-04,0710,Aqua,MODIS,100,6.2,312.4,204.1,D,0
22.2962,92.382,347.3,1,1,2005-04-04,0710,Aqua,MODIS,93,6.2,310.7,43,D,0
22.1448,92.4191,419.8,1,1,2005-04-04,0710,Aqua,MODIS,100,6.2,320,381,D,0
22.1551,92.4272,335.2,1,1,2005-04-04,0710,Aqua,MODIS,85,6.2,307.9,22.2,D,0
21.9423,92.2877,326.3,1,1,2005-04-04,0710,Aqua,MODIS,56,6.2,304.7,10.4,D,0
21.9409,92.2781,388.7,1,1,2005-04-04,0710,Aqua,MODIS,100,6.2,314.8,179.5,D,0
22.0078,92.2896,344.4,1,1,2005-04-04,0710,Aqua,MODIS,91,6.2,307.1,39.2,D,0
22.0065,92.2801,334.2,1,1,2005-04-04,0710,Aqua,MODIS,84,6.2,308.8,22.3,D,0
22.0154,92.2786,345.4,1,1,2005-04-04,0710,Aqua,MODIS,92,6.2,308.9,40.8,D,0
22.014,92.2691,343,1,1,2005-04-04,0710,Aqua,MODIS,90,6.2,309.2,35.3,D,0
22.0127,92.2595,355.5,1,1,2005-04-04,0710,Aqua,MODIS,97,6.2,310.2,61.9,D,0
22.0113,92.2499,328.4,1,1,2005-04-04,0710,Aqua,MODIS,78,6.2,308.9,13.6,D,0
22.023,92.2676,354.2,1,1,2005-04-04,0710,Aqua,MODIS,97,6.2,308.5,57.8,D,0
22.0216,92.258,348.9,1,1,2005-04-04,0710,Aqua,MODIS,94,6.2,309.6,46,D,0
22.0463,92.3031,360,1,1,2005-04-04,0710,Aqua,MODIS,100,6.2,307,74.9,D,0
22.0449,92.2934,381.3,1,1,2005-04-04,0710,Aqua,MODIS,100,6.2,313.1,146.9,D,0
22.0422,92.2741,322.1,1,1,2005-04-04,0710,Aqua,MODIS,68,6.2,308.1,7.5,D,0
22.0538,92.292,349.7,1,1,2005-04-04,0710,Aqua,MODIS,94,6.2,307.7,48.3,D,0
22.0525,92.2823,329.2,1,1,2005-04-04,0710,Aqua,MODIS,79,6.2,306.8,14.5,D,0
22.0717,92.2891,336.7,1,1,2005-04-04,0710,Aqua,MODIS,86,6.2,308.4,25.3,D,0
22.0752,92.2492,331.2,1,1,2005-04-04,0710,Aqua,MODIS,81,6.2,308.6,18,D,0
22.0739,92.2396,324.4,1,1,2005-04-04,0710,Aqua,MODIS,73,6.2,308,9.6,D,0
21.5013,92.4196,349.1,1,1,2005-04-04,0710,Aqua,MODIS,87,6.2,301,48.5,D,0
21.5129,92.4373,335.5,1,1,2005-04-04,0710,Aqua,MODIS,65,6.2,302.6,23.1,D,0
22.1537,92.4176,352.1,1,1,2005-04-04,0710,Aqua,MODIS,96,6.2,309.7,51.6,D,0
21.5116,92.4277,355.7,1,1,2005-04-04,0710,Aqua,MODIS,98,6.2,303.1,61.7,D,0
22.4229,92.3645,326.7,1,1,2005-04-04,0710,Aqua,MODIS,76,6.2,304.8,14.2,D,0
22.3777,92.3027,323.8,1,1,2005-04-04,0710,Aqua,MODIS,71,6.2,308.7,9.8,D,0
22.3493,92.3043,326,1,1,2005-04-04,0710,Aqua,MODIS,70,6.2,306.8,10.5,D,0
21.9588,92.2752,325.9,1,1,2005-04-04,0710,Aqua,MODIS,66,6.2,308.1,10.6,D,0
21.9753,92.2626,345.6,1,1,2005-04-04,0710,Aqua,MODIS,92,6.2,311.7,39.2,D,0
22.0744,92.3083,325.5,1,1,2005-04-04,0710,Aqua,MODIS,74,6.2,306.3,11.8,D,0
21.5478,92.4902,357.3,1,1,2005-04-04,0710,Aqua,MODIS,98,6.2,308.1,67.5,D,0
22.0405,92.3925,328.6,1,1,2005-04-04,0710,Aqua,MODIS,78,6.2,305.3,17,D,0
21.7748,92.4057,324.1,1,1,2005-04-04,0710,Aqua,MODIS,34,6.2,305.5,9.1,D,0
21.7735,92.3962,334.6,1,1,2005-04-04,0710,Aqua,MODIS,84,6.2,306.6,21.5,D,0
21.7722,92.3867,342.3,1,1,2005-04-04,0710,Aqua,MODIS,90,6.2,307.1,32.7,D,0
21.803,92.4111,356.6,1,1,2005-04-04,0710,Aqua,MODIS,98,6.2,307.1,65,D,0
21.8016,92.4013,331.8,1,1,2005-04-04,0710,Aqua,MODIS,82,6.2,306.3,18.7,D,0
21.8052,92.3616,328.4,1,1,2005-04-04,0710,Aqua,MODIS,78,6.2,306.7,14,D,0
21.8209,92.4082,341.4,1,1,2005-04-04,0710,Aqua,MODIS,89,6.2,306.2,34,D,0
21.8195,92.3985,325.1,1,1,2005-04-04,0710,Aqua,MODIS,74,6.2,305.9,11.8,D,0
21.9023,92.329,342.5,1,1,2005-04-04,0710,Aqua,MODIS,90,6.2,304.5,35.4,D,0
22.3507,92.3139,322.7,1,1,2005-04-04,0710,Aqua,MODIS,29,6.2,306.6,6.8,D,0
22.3534,92.3332,335.9,1,1,2005-04-04,0710,Aqua,MODIS,85,6.2,306.3,23.9,D,0
22.3444,92.3346,342.8,1,1,2005-04-04,0710,Aqua,MODIS,90,6.2,307.5,34.1,D,0
21.8666,92.3349,344,1,1,2005-04-04,0710,Aqua,MODIS,91,6.2,305.5,38.5,D,0
21.8626,92.3063,321.4,1,1,2005-04-04,0710,Aqua,MODIS,68,6.2,306.2,7.2,D,0
22.0043,92.3296,358.4,1,1,2005-04-04,0710,Aqua,MODIS,99,6.2,306.9,70.8,D,0
22.0056,92.3392,358,1,1,2005-04-04,0710,Aqua,MODIS,99,6.2,304.5,70.5,D,0
22.0001,92.5041,327.8,1,1,2005-04-04,0710,Aqua,MODIS,77,6.2,304,15.3,D,0
21.6095,91.9497,320.8,1,1,2005-04-04,0710,Aqua,MODIS,65,6.2,307.6,6.4,D,0
22.2268,92.4088,351,1,1,2005-04-04,0710,Aqua,MODIS,95,6.2,307.1,51.9,D,0
22.2254,92.3992,359.7,1,1,2005-04-04,0710,Aqua,MODIS,99,6.2,311.8,73.4,D,0
22.2241,92.3896,331.7,1,1,2005-04-04,0710,Aqua,MODIS,81,6.2,310.5,18.1,D,0
22.2398,92.4363,333.3,1,1,2005-04-04,0710,Aqua,MODIS,73,6.2,310.9,19.8,D,0
21.8907,92.3114,326,1,1,2005-04-04,0710,Aqua,MODIS,75,6.2,306.6,10.7,D,0
21.8921,92.321,405.6,1,1,2005-04-04,0710,Aqua,MODIS,100,6.2,317.2,276.1,D,0
21.9169,92.5626,361.8,1,1,2005-04-04,0710,Aqua,MODIS,100,6.2,303.5,80.1,D,0
21.9182,92.5721,439.5,1,1,2005-04-04,0710,Aqua,MODIS,100,6.2,314.5,579.6,D,0
21.9195,92.5817,328.1,1,1,2005-04-04,0710,Aqua,MODIS,52,6.2,296,14.8,D,0
21.4807,92.4034,360.8,1,1,2005-04-04,0710,Aqua,MODIS,100,6.2,308.3,76.3,D,0
21.4897,92.4019,327.2,1,1,2005-04-04,0710,Aqua,MODIS,31,6.2,302.6,13,D,0
21.4883,92.3923,361.7,1,1,2005-04-04,0710,Aqua,MODIS,100,6.2,307.8,80.1,D,0
21.5541,92.4054,375.2,1,1,2005-04-04,0710,Aqua,MODIS,100,6.2,309.5,122.3,D,0
21.5528,92.3958,357.8,1,1,2005-04-04,0710,Aqua,MODIS,99,6.2,308.3,68.7,D,0
21.6476,92.217,346.8,1,1,2005-04-04,0710,Aqua,MODIS,93,6.2,308.8,40.6,D,0
21.6565,92.2156,333.6,1,1,2005-04-04,0710,Aqua,MODIS,83,6.2,309.5,18.4,D,0
22.1027,92.5102,337.6,1,1,2005-04-04,0710,Aqua,MODIS,75,6.2,304.8,27.4,D,0
22.2536,92.4044,324.6,1,1,2005-04-04,0710,Aqua,MODIS,62,6.2,309.6,9.3,D,0
21.8934,92.3305,390.4,1,1,2005-04-04,0710,Aqua,MODIS,100,6.2,311,188.4,D,0
21.8832,92.3225,346.3,1,1,2005-04-04,0710,Aqua,MODIS,93,6.2,309.4,41,D,0
21.5501,92.3767,328.1,1,1,2005-04-04,0710,Aqua,MODIS,78,6.2,304.1,15,D,0
21.5295,92.4248,325.7,1,1,2005-04-04,0710,Aqua,MODIS,75,6.2,306.7,10.3,D,0
21.8588,92.1502,335.6,1,1,2005-04-04,0710,Aqua,MODIS,85,6.2,307.7,24.4,D,0
21.8601,92.1598,334.9,1,1,2005-04-04,0710,Aqua,MODIS,85,6.2,307.3,23.4,D,0
21.8266,92.1164,321.8,1,1,2005-04-04,0710,Aqua,MODIS,41,6.2,308.1,6.5,D,0
21.9898,92.4958,339.8,1,1,2005-04-04,0710,Aqua,MODIS,88,6.2,307.6,32.9,D,0
21.9911,92.5056,341.9,1,1,2005-04-04,0710,Aqua,MODIS,90,6.2,307.3,37.2,D,0
21.8101,92.1289,328,1,1,2005-04-04,0710,Aqua,MODIS,78,6.2,308.9,12.6,D,0
21.4671,92.5101,331.2,1,1,2005-04-04,0710,Aqua,MODIS,81,6.2,303.1,21.8,D,0
21.5488,92.3671,326.1,1,1,2005-04-04,0710,Aqua,MODIS,75,6.2,304.9,13.4,D,0
21.5219,92.4358,399.1,1,1,2005-04-04,0710,Aqua,MODIS,100,6.2,308.9,234.5,D,0
21.5205,92.4262,456.7,1,1,2005-04-04,0710,Aqua,MODIS,100,6.2,326.1,790.3,D,0
21.8783,92.3527,344,1,1,2005-04-04,0710,Aqua,MODIS,91,6.2,307.1,38.3,D,0
21.8769,92.343,327.6,1,1,2005-04-04,0710,Aqua,MODIS,77,6.2,305.7,13.9,D,0
23.021,92.1044,341.2,1,1,2005-04-04,0711,Aqua,MODIS,89,6.2,304.6,31.6,D,0
23.0549,92.3472,319.9,1,1,2005-04-04,0711,Aqua,MODIS,54,6.2,303.9,7.7,D,0
23.1417,91.785,336.6,1,1,2005-04-04,0711,Aqua,MODIS,86,6.2,302.7,25.6,D,0
23.1328,91.7865,350.6,1,1,2005-04-04,0711,Aqua,MODIS,95,6.2,305.6,51.7,D,0
23.1341,91.7962,328.7,1,1,2005-04-04,0711,Aqua,MODIS,74,6.2,303.3,16.6,D,0
23.1238,91.788,326.8,1,1,2005-04-04,0711,Aqua,MODIS,40,6.2,304.2,13.5,D,0
23.1252,91.7977,349.8,1,1,2005-04-04,0711,Aqua,MODIS,95,6.2,305.9,52.3,D,0
23.3673,92.2112,324.4,1,1,2005-04-04,0711,Aqua,MODIS,75,6.2,303.7,15.1,D,0
23.366,92.2014,331.1,1,1,2005-04-04,0711,Aqua,MODIS,82,6.2,305,22.9,D,0
23.4107,92.194,326,1,1,2005-04-04,0711,Aqua,MODIS,77,6.2,303.2,16.2,D,0
23.1266,91.8073,336,1,1,2005-04-04,0711,Aqua,MODIS,86,6.2,303.9,28,D,0
23.1067,91.7966,316.9,1,1,2005-04-04,0711,Aqua,MODIS,30,6.2,303.2,4.7,D,0
23.0888,91.7997,331.3,1,1,2005-04-04,0711,Aqua,MODIS,82,6.2,304.1,20.5,D,0
23.0902,91.8093,369.1,1,1,2005-04-04,0711,Aqua,MODIS,100,6.2,306.9,103.4,D,0
23.0916,91.819,340,1,1,2005-04-04,0711,Aqua,MODIS,89,6.2,305.2,33.6,D,0
23.0799,91.8012,337.1,1,1,2005-04-04,0711,Aqua,MODIS,87,6.2,304.5,29.1,D,0
23.0813,91.8108,340.4,1,1,2005-04-04,0711,Aqua,MODIS,89,6.2,305,34.8,D,0
23.6951,92.1175,318.5,1,1,2005-04-04,0711,Aqua,MODIS,66,6.2,302,8.9,D,0
23.2642,91.8665,331.5,1,1,2005-04-04,0711,Aqua,MODIS,63,6.2,304.3,17.6,D,0
23.2628,91.8569,343,1,1,2005-04-04,0711,Aqua,MODIS,91,6.2,306.6,35.4,D,0
23.2731,91.865,325.2,1,1,2005-04-04,0711,Aqua,MODIS,63,6.2,303.3,11.5,D,0
23.2703,91.8457,339,1,1,2005-04-04,0711,Aqua,MODIS,88,6.2,306.2,28.1,D,0
23.269,91.836,361.2,1,1,2005-04-04,0711,Aqua,MODIS,100,6.2,308.2,75.4,D,0
23.2868,91.833,332.8,1,1,2005-04-04,0711,Aqua,MODIS,81,6.2,307.5,17.5,D,0
23.2854,91.8233,336.5,1,1,2005-04-04,0711,Aqua,MODIS,86,6.2,308.8,24,D,0
23.3012,91.8702,318.4,1,1,2005-04-04,0711,Aqua,MODIS,49,6.2,303.9,6,D,0
23.2999,91.8605,323.3,1,1,2005-04-04,0711,Aqua,MODIS,69,6.2,303.3,10.2,D,0
23.2985,91.8508,342.3,1,1,2005-04-04,0711,Aqua,MODIS,90,6.2,304.4,35.7,D,0
23.2957,91.8315,328.2,1,1,2005-04-04,0711,Aqua,MODIS,79,6.2,306.3,12.9,D,0
23.2944,91.8218,333.5,1,1,2005-04-04,0711,Aqua,MODIS,84,6.2,307.9,20.7,D,0
23.293,91.8122,324.4,1,1,2005-04-04,0711,Aqua,MODIS,74,6.2,307.7,10,D,0
23.3074,91.8493,338.8,1,1,2005-04-04,0711,Aqua,MODIS,84,6.2,304.1,28.7,D,0
23.306,91.8396,403.6,1,1,2005-04-04,0711,Aqua,MODIS,100,6.2,311.3,261.9,D,0
23.3047,91.83,328.5,1,1,2005-04-04,0711,Aqua,MODIS,64,6.2,306.5,12.6,D,0
23.3184,91.8617,330.3,1,1,2005-04-04,0711,Aqua,MODIS,81,6.2,294.2,18.3,D,0
23.317,91.8521,352.2,1,1,2005-04-04,0711,Aqua,MODIS,96,6.2,302,55.6,D,0
23.3156,91.8424,386.9,1,1,2005-04-04,0711,Aqua,MODIS,100,6.2,313.1,171.2,D,0
23.3143,91.8327,349.3,1,1,2005-04-04,0711,Aqua,MODIS,94,6.2,308.7,47.1,D,0
23.3246,91.8409,363.9,1,1,2005-04-04,0711,Aqua,MODIS,100,6.2,303.7,84.2,D,0
23.3232,91.8312,388.1,1,1,2005-04-04,0711,Aqua,MODIS,100,6.2,312.3,176.6,D,0
23.3218,91.8215,336.2,1,1,2005-04-04,0711,Aqua,MODIS,85,6.2,305.2,24.3,D,0
23.3177,91.7925,330.2,1,1,2005-04-04,0711,Aqua,MODIS,66,6.2,305.8,16,D,0
23.315,91.7732,336.2,1,1,2005-04-04,0711,Aqua,MODIS,86,6.2,306.8,25.8,D,0
23.3362,91.8587,335.9,1,1,2005-04-04,0711,Aqua,MODIS,81,6.2,299.9,26.3,D,0
23.3308,91.82,366.6,1,1,2005-04-04,0711,Aqua,MODIS,100,6.2,306.8,94.2,D,0
23.3294,91.8104,331.5,1,1,2005-04-04,0711,Aqua,MODIS,82,6.2,305.1,19.3,D,0
23.328,91.8007,323.7,1,1,2005-04-04,0711,Aqua,MODIS,67,6.2,304.1,9.8,D,0
23.3465,91.8669,331,1,1,2005-04-04,0711,Aqua,MODIS,64,6.2,301.1,19.4,D,0
23.3369,91.7992,325.1,1,1,2005-04-04,0711,Aqua,MODIS,59,6.2,303.5,11.3,D,0
23.1176,92.3299,333.5,1,1,2005-04-04,0711,Aqua,MODIS,84,6.2,303.1,22.5,D,0
23.1266,92.3285,402.8,1,1,2005-04-04,0711,Aqua,MODIS,100,6.2,310,261.7,D,0
23.1252,92.3188,421.6,1,1,2005-04-04,0711,Aqua,MODIS,100,6.2,313.7,400.9,D,0
23.1239,92.3092,396.5,1,1,2005-04-04,0711,Aqua,MODIS,100,6.2,311.8,222.9,D,0
23.1225,92.2995,332.7,1,1,2005-04-04,0711,Aqua,MODIS,80,6.2,305,19.2,D,0
23.1212,92.2897,335.5,1,1,2005-04-04,0711,Aqua,MODIS,82,6.2,305,22.3,D,0
23.1355,92.3271,361,1,1,2005-04-04,0711,Aqua,MODIS,100,6.2,303.8,80,D,0
23.1342,92.3173,364.4,1,1,2005-04-04,0711,Aqua,MODIS,100,6.2,305.3,89.1,D,0
23.1328,92.3077,351.4,1,1,2005-04-04,0711,Aqua,MODIS,95,6.2,308,55,D,0
23.1274,92.2688,350.3,1,1,2005-04-04,0711,Aqua,MODIS,95,6.2,305.9,50.2,D,0
23.1377,92.277,350.8,1,1,2005-04-04,0711,Aqua,MODIS,95,6.2,304.1,53.3,D,0
23.1364,92.2673,373.3,1,1,2005-04-04,0711,Aqua,MODIS,100,6.2,309.3,116.8,D,0
22.841,91.9393,326.2,1,1,2005-04-04,0711,Aqua,MODIS,75,6.2,305,13.1,D,0
22.8423,91.9489,352.5,1,1,2005-04-04,0711,Aqua,MODIS,96,6.2,306.5,56.6,D,0
22.8416,92.0082,326.9,1,1,2005-04-04,0711,Aqua,MODIS,76,6.2,305.1,15.1,D,0
22.8115,91.9245,318.5,1,1,2005-04-04,0711,Aqua,MODIS,53,6.2,304.9,5,D,0
23.3119,92.206,344,1,1,2005-04-04,0711,Aqua,MODIS,91,6.2,305.2,40,D,0
23.3105,92.1963,334.7,1,1,2005-04-04,0711,Aqua,MODIS,69,6.2,304,23.8,D,0
23.3208,92.2045,325.4,1,1,2005-04-04,0711,Aqua,MODIS,35,6.2,303.5,12.7,D,0
23.3195,92.1947,327,1,1,2005-04-04,0711,Aqua,MODIS,35,6.2,303,14.1,D,0
23.3311,92.2127,319,1,1,2005-04-04,0711,Aqua,MODIS,21,6.2,303.3,7.3,D,0
23.3414,92.221,358.5,1,1,2005-04-04,0711,Aqua,MODIS,99,6.2,305,73.1,D,0
23.3401,92.2113,361.5,1,1,2005-04-04,0711,Aqua,MODIS,100,6.2,307.1,81.1,D,0
23.3387,92.2015,324.7,1,1,2005-04-04,0711,Aqua,MODIS,42,6.2,303.9,12.4,D,0
23.3504,92.2195,339.1,1,1,2005-04-04,0711,Aqua,MODIS,82,6.2,302.3,31.2,D,0
23.349,92.2098,350,1,1,2005-04-04,0711,Aqua,MODIS,95,6.2,305.4,51.5,D,0
23.3463,92.1903,348.6,1,1,2005-04-04,0711,Aqua,MODIS,94,6.2,304.2,49.6,D,0
23.3449,92.1805,328.1,1,1,2005-04-04,0711,Aqua,MODIS,68,6.2,302.4,16.7,D,0
22.8128,91.9341,321.1,1,1,2005-04-04,0711,Aqua,MODIS,65,6.2,305.4,7.6,D,0
22.8039,91.9356,354.4,1,1,2005-04-04,0711,Aqua,MODIS,97,6.2,307.3,60.8,D,0
22.8053,91.9452,353.4,1,1,2005-04-04,0711,Aqua,MODIS,96,6.2,307.2,58.3,D,0
22.7867,92.0075,328.6,1,1,2005-04-04,0711,Aqua,MODIS,78,6.2,304.6,17.3,D,0
22.7921,92.0461,319.5,1,1,2005-04-04,0711,Aqua,MODIS,47,6.2,304.6,6.2,D,0
22.7586,91.939,327.7,1,1,2005-04-04,0711,Aqua,MODIS,77,6.2,305.7,14.3,D,0
22.76,91.9486,359.1,1,1,2005-04-04,0711,Aqua,MODIS,99,6.2,306.7,72,D,0
22.7695,92.016,343.5,1,1,2005-04-04,0711,Aqua,MODIS,91,6.2,305.9,37.5,D,0
22.7565,91.9886,347.5,1,1,2005-04-04,0711,Aqua,MODIS,93,6.2,306.3,46.4,D,0
22.7441,92.0301,331.6,1,1,2005-04-04,0711,Aqua,MODIS,81,6.2,305.5,19.5,D,0
24.2713,91.8985,319.1,1,1,2005-04-04,0711,Aqua,MODIS,68,6.2,302.5,9.8,D,0
23.2223,91.7648,328.7,1,1,2005-04-04,0711,Aqua,MODIS,79,6.2,304.2,16.7,D,0
23.2134,91.7663,332.4,1,1,2005-04-04,0711,Aqua,MODIS,83,6.2,304.4,21.6,D,0
23.0002,92.2822,330.4,1,1,2005-04-04,0711,Aqua,MODIS,80,6.2,306,20,D,0
23.0016,92.2919,322.9,1,1,2005-04-04,0711,Aqua,MODIS,70,6.2,304.1,11.5,D,0
23.1595,91.782,328.8,1,1,2005-04-04,0711,Aqua,MODIS,79,6.2,304.9,16.4,D,0
23.6937,92.1077,335.1,1,1,2005-04-04,0711,Aqua,MODIS,86,6.2,302.8,28.1,D,0
23.3781,92.2891,345.7,1,1,2005-04-04,0711,Aqua,MODIS,92,6.2,303.2,45,D,0
23.3768,92.2794,342.1,1,1,2005-04-04,0711,Aqua,MODIS,90,6.2,304.4,38.8,D,0
23.3974,92.2959,320,1,1,2005-04-04,0711,Aqua,MODIS,15,6.2,304.1,6.9,D,0
23.396,92.286,348.5,1,1,2005-04-04,0711,Aqua,MODIS,94,6.2,306.1,50.4,D,0
23.4063,92.2945,327,1,1,2005-04-04,0711,Aqua,MODIS,60,6.2,305.7,14,D,0
23.4139,92.2831,344,1,1,2005-04-04,0711,Aqua,MODIS,91,6.2,304,41.6,D,0
23.4126,92.2733,333.7,1,1,2005-04-04,0711,Aqua,MODIS,84,6.2,304.1,24.7,D,0
23.1506,91.7835,343.6,1,1,2005-04-04,0711,Aqua,MODIS,91,6.2,305.1,38.9,D,0
23.152,91.7932,320.8,1,1,2005-04-04,0711,Aqua,MODIS,49,6.2,303.6,8.1,D,0
23.2668,92.0147,339.4,1,1,2005-04-04,0711,Aqua,MODIS,88,6.2,303.1,30.1,D,0
23.2565,92.0065,365.7,1,1,2005-04-04,0711,Aqua,MODIS,100,6.2,305,90.1,D,0
23.2579,92.0162,324.2,1,1,2005-04-04,0711,Aqua,MODIS,26,6.2,302.9,10,D,0
23.2129,92.0303,318.2,1,1,2005-04-04,0711,Aqua,MODIS,30,6.2,303.7,6,D,0
23.1896,91.9946,330.7,1,1,2005-04-04,0711,Aqua,MODIS,69,6.2,304.2,17.7,D,0
23.1978,92.0527,322.3,1,1,2005-04-04,0711,Aqua,MODIS,20,6.2,303.2,8.6,D,0
23.1861,92.0348,323.3,1,1,2005-04-04,0711,Aqua,MODIS,46,6.2,304.7,10.2,D,0
23.1875,92.0445,340.5,1,1,2005-04-04,0711,Aqua,MODIS,89,6.2,305.3,33.5,D,0
23.1889,92.0542,327.6,1,1,2005-04-04,0711,Aqua,MODIS,54,6.2,304.7,14.4,D,0
23.1786,92.046,322.9,1,1,2005-04-04,0711,Aqua,MODIS,42,6.2,304.3,9.7,D,0
23.1799,92.0557,344.6,1,1,2005-04-04,0711,Aqua,MODIS,92,6.2,305.7,40.9,D,0
23.1813,92.0654,326.9,1,1,2005-04-04,0711,Aqua,MODIS,71,6.2,304.8,14.3,D,0
23.2475,92.3429,395.7,1,1,2005-04-04,0711,Aqua,MODIS,100,6.2,307.6,222.1,D,0
23.2461,92.3331,408.3,1,1,2005-04-04,0711,Aqua,MODIS,100,6.2,314.2,300.6,D,0
23.1457,92.0077,324.1,1,1,2005-04-04,0711,Aqua,MODIS,73,6.2,304.9,11.6,D,0
23.145,92.0672,317.5,1,1,2005-04-04,0711,Aqua,MODIS,38,6.2,302.7,5.2,D,0
23.4471,91.9226,320.5,1,1,2005-04-04,0711,Aqua,MODIS,69,6.2,303.5,9.6,D,0
23.4601,91.9501,332.9,1,1,2005-04-04,0711,Aqua,MODIS,84,6.2,302.9,24.7,D,0
23.4587,91.9405,351.8,1,1,2005-04-04,0711,Aqua,MODIS,96,6.2,304.1,57.1,D,0
23.4574,91.9308,325.3,1,1,2005-04-04,0711,Aqua,MODIS,76,6.2,303.7,13.7,D,0
23.0614,92.1969,318.3,1,1,2005-04-04,0711,Aqua,MODIS,40,6.2,304.7,6.2,D,0
23.0601,92.1872,319.8,1,1,2005-04-04,0711,Aqua,MODIS,58,6.2,304.3,7.4,D,0
23.056,92.1581,326.1,1,1,2005-04-04,0711,Aqua,MODIS,75,6.2,303.7,13.8,D,0
23.069,92.1857,335.5,1,1,2005-04-04,0711,Aqua,MODIS,85,6.2,305.4,25,D,0
23.0725,92.1455,327.7,1,1,2005-04-04,0711,Aqua,MODIS,77,6.2,304.3,15.3,D,0
23.0898,92.1955,340.7,1,1,2005-04-04,0711,Aqua,MODIS,67,6.2,305.7,32.6,D,0
23.0884,92.1858,351.8,1,1,2005-04-04,0711,Aqua,MODIS,72,6.2,307.4,53.1,D,0
23.087,92.1761,335.6,1,1,2005-04-04,0711,Aqua,MODIS,37,6.2,306,22.6,D,0
23.0857,92.1664,330.4,1,1,2005-04-04,0711,Aqua,MODIS,44,6.2,306.5,17,D,0
23.0843,92.1567,321.3,1,1,2005-04-04,0711,Aqua,MODIS,56,6.2,304.9,8.3,D,0
23.083,92.147,334.4,1,1,2005-04-04,0711,Aqua,MODIS,84,6.2,305.2,24.4,D,0
23.0987,92.194,342,1,1,2005-04-04,0711,Aqua,MODIS,90,6.2,305.9,35.1,D,0
23.0973,92.1843,343.6,1,1,2005-04-04,0711,Aqua,MODIS,91,6.2,304.8,37.3,D,0
23.096,92.1746,360.3,1,1,2005-04-04,0711,Aqua,MODIS,100,6.2,306.5,74.7,D,0
23.0946,92.1649,336.9,1,1,2005-04-04,0711,Aqua,MODIS,64,6.2,306.7,25,D,0
23.1049,92.1731,338.8,1,1,2005-04-04,0711,Aqua,MODIS,88,6.2,304.8,29.2,D,0
23.1166,92.191,351.2,1,1,2005-04-04,0711,Aqua,MODIS,95,6.2,305.3,53.1,D,0
23.1152,92.1813,350.9,1,1,2005-04-04,0711,Aqua,MODIS,95,6.2,306.9,51.6,D,0
23.1139,92.1716,338.7,1,1,2005-04-04,0711,Aqua,MODIS,88,6.2,305.6,28.4,D,0
23.1125,92.1619,361,1,1,2005-04-04,0711,Aqua,MODIS,100,6.2,307,76.7,D,0
23.1112,92.1522,359.7,1,1,2005-04-04,0711,Aqua,MODIS,99,6.2,308.3,74.5,D,0
23.1318,92.1686,337.1,1,1,2005-04-04,0711,Aqua,MODIS,86,6.2,305.2,27.8,D,0
23.1304,92.1589,367.4,1,1,2005-04-04,0711,Aqua,MODIS,100,6.2,307.9,96.9,D,0
22.8901,91.8257,319.3,1,1,2005-04-04,0711,Aqua,MODIS,61,6.2,305.8,5.7,D,0
22.8997,91.7649,321.8,1,1,2005-04-04,0711,Aqua,MODIS,55,6.2,305.6,7.7,D,0
22.9086,91.7634,325.6,1,1,2005-04-04,0711,Aqua,MODIS,74,6.2,305.8,12.3,D,0
22.9072,91.7538,326.5,1,1,2005-04-04,0711,Aqua,MODIS,75,6.2,306.4,13.2,D,0
23.2902,91.9216,319.2,1,1,2005-04-04,0711,Aqua,MODIS,65,6.2,304.1,7.6,D,0
23.3431,91.9071,323.9,1,1,2005-04-04,0711,Aqua,MODIS,25,6.2,303.1,10.8,D,0
23.3493,91.8863,323.5,1,1,2005-04-04,0711,Aqua,MODIS,42,6.2,302.2,10.5,D,0
23.3726,91.922,330.9,1,1,2005-04-04,0711,Aqua,MODIS,79,6.2,304.3,18.6,D,0
23.3918,91.9287,329.7,1,1,2005-04-04,0711,Aqua,MODIS,53,6.2,301.4,16.4,D,0
23.3877,91.8996,336.7,1,1,2005-04-04,0711,Aqua,MODIS,87,6.2,303.1,28.2,D,0
23.3863,91.8899,341.6,1,1,2005-04-04,0711,Aqua,MODIS,90,6.2,304.6,36.6,D,0
23.3994,91.9175,333.4,1,1,2005-04-04,0711,Aqua,MODIS,47,6.2,302,21.3,D,0
23.4069,91.9063,326.1,1,1,2005-04-04,0711,Aqua,MODIS,46,6.2,302.6,13.7,D,0
23.4203,91.9271,323.5,1,1,2005-04-04,0711,Aqua,MODIS,74,6.2,302.3,12.1,D,0
23.4162,91.898,321.2,1,1,2005-04-04,0711,Aqua,MODIS,71,6.2,303.2,10.2,D,0
23.4148,91.8883,326.8,1,1,2005-04-04,0711,Aqua,MODIS,78,6.2,303.6,15.5,D,0
23.4134,91.8786,326.4,1,1,2005-04-04,0711,Aqua,MODIS,41,6.2,303,13.7,D,0
22.9257,91.8197,326.5,1,1,2005-04-04,0711,Aqua,MODIS,75,6.2,306.3,11.9,D,0
22.7715,92.4215,327.8,1,1,2005-04-04,0711,Aqua,MODIS,49,6.2,309.2,12.1,D,0
22.7728,92.4312,328,1,1,2005-04-04,0711,Aqua,MODIS,67,6.2,308.7,12.2,D,0
23.1038,92.0345,326.4,1,1,2005-04-04,0711,Aqua,MODIS,50,6.2,305,12.5,D,0
23.1114,92.0233,334.8,1,1,2005-04-04,0711,Aqua,MODIS,85,6.2,305.2,23.2,D,0
23.1203,92.0218,334.5,1,1,2005-04-04,0711,Aqua,MODIS,85,6.2,305.5,22.9,D,0
23.1189,92.0121,322.5,1,1,2005-04-04,0711,Aqua,MODIS,44,6.2,305.1,8.9,D,0
23.1306,92.03,338,1,1,2005-04-04,0711,Aqua,MODIS,87,6.2,304.9,28,D,0
22.5678,92.1507,325.4,1,1,2005-04-04,0711,Aqua,MODIS,67,6.2,303.5,13.1,D,0
22.5269,92.1937,325.8,1,1,2005-04-04,0711,Aqua,MODIS,75,6.2,306,14.7,D,0
23.3456,92.0556,318.2,1,1,2005-04-04,0711,Aqua,MODIS,57,6.2,302.9,6.5,D,0
23.3375,92.0624,339.4,1,1,2005-04-04,0711,Aqua,MODIS,88,6.2,303.6,31.8,D,0
23.3483,92.0749,326,1,1,2005-04-04,0711,Aqua,MODIS,70,6.2,302.1,14.5,D,0
22.9244,91.8101,334.8,1,1,2005-04-04,0711,Aqua,MODIS,84,6.2,305.9,23.2,D,0
22.9333,91.8086,320.9,1,1,2005-04-04,0711,Aqua,MODIS,42,6.2,306.1,6.7,D,0
22.9416,91.8015,327.3,1,1,2005-04-04,0711,Aqua,MODIS,77,6.2,306.2,14.8,D,0
22.5508,91.7106,326.2,1,1,2005-04-04,0711,Aqua,MODIS,75,6.2,306,13.3,D,0
22.8393,91.7258,317.2,1,1,2005-04-04,0711,Aqua,MODIS,53,6.2,304.1,4.8,D,0
23.2701,92.1035,336.3,1,1,2005-04-04,0711,Aqua,MODIS,86,6.2,304.7,24.5,D,0
23.2611,92.105,334.2,1,1,2005-04-04,0711,Aqua,MODIS,84,6.2,305.6,21.9,D,0
23.2625,92.1147,355.4,1,1,2005-04-04,0711,Aqua,MODIS,97,6.2,307.8,62,D,0
23.2638,92.1244,357.8,1,1,2005-04-04,0711,Aqua,MODIS,99,6.2,307.2,68.6,D,0
23.2652,92.1341,347.1,1,1,2005-04-04,0711,Aqua,MODIS,93,6.2,304.5,45,D,0
23.2666,92.1438,339.2,1,1,2005-04-04,0711,Aqua,MODIS,88,6.2,303.4,32.4,D,0
23.2679,92.1536,327.7,1,1,2005-04-04,0711,Aqua,MODIS,78,6.2,302.6,16.1,D,0
23.252,92.1131,344,1,1,2005-04-04,0711,Aqua,MODIS,91,6.2,305.6,36.9,D,0
23.2534,92.1228,341.5,1,1,2005-04-04,0711,Aqua,MODIS,90,6.2,305.2,30.5,D,0
23.2548,92.1325,343.4,1,1,2005-04-04,0711,Aqua,MODIS,91,6.2,305.1,36.6,D,0
23.2629,92.1909,328,1,1,2005-04-04,0711,Aqua,MODIS,29,6.2,303.9,14.6,D,0
23.2643,92.2006,342.3,1,1,2005-04-04,0711,Aqua,MODIS,90,6.2,303.2,36.5,D,0
23.2444,92.1243,330.9,1,1,2005-04-04,0711,Aqua,MODIS,40,6.2,305.3,14.7,D,0
23.254,92.1924,319.8,1,1,2005-04-04,0711,Aqua,MODIS,41,6.2,303.7,7,D,0
23.2554,92.2021,321.5,1,1,2005-04-04,0711,Aqua,MODIS,51,6.2,302.7,9.5,D,0
23.0082,91.8199,333.8,1,1,2005-04-04,0711,Aqua,MODIS,47,6.2,303.8,20.2,D,0
23.0171,91.8184,332.7,1,1,2005-04-04,0711,Aqua,MODIS,60,6.2,303.9,20.4,D,0
23.0143,91.7991,331.9,1,1,2005-04-04,0711,Aqua,MODIS,59,6.2,304.2,18.6,D,0
23.0088,91.7605,319.6,1,1,2005-04-04,0711,Aqua,MODIS,53,6.2,304.4,7,D,0
23.0353,91.8087,331.3,1,1,2005-04-04,0711,Aqua,MODIS,82,6.2,303.1,19,D,0
23.0339,91.7991,353,1,1,2005-04-04,0711,Aqua,MODIS,96,6.2,306,56.7,D,0
23.0325,91.7894,337.3,1,1,2005-04-04,0711,Aqua,MODIS,87,6.2,305.4,26.1,D,0
23.0428,91.7976,323.7,1,1,2005-04-04,0711,Aqua,MODIS,59,6.2,302.3,10.7,D,0
23.0415,91.7879,368.2,1,1,2005-04-04,0711,Aqua,MODIS,100,6.2,305.8,98.9,D,0
23.0401,91.7783,332.1,1,1,2005-04-04,0711,Aqua,MODIS,63,6.2,305.3,19.5,D,0
23.0634,91.8138,336.5,1,1,2005-04-04,0711,Aqua,MODIS,86,6.2,303.8,27.7,D,0
23.0621,91.8042,334.8,1,1,2005-04-04,0711,Aqua,MODIS,85,6.2,303.6,24.6,D,0
23.0552,91.756,318.9,1,1,2005-04-04,0711,Aqua,MODIS,15,6.2,300.4,6.5,D,0
23.2355,92.1258,350.5,1,1,2005-04-04,0711,Aqua,MODIS,95,6.2,306.9,48.1,D,0
23.2369,92.1355,339.2,1,1,2005-04-04,0711,Aqua,MODIS,88,6.2,304.8,28.3,D,0
23.2382,92.1452,333,1,1,2005-04-04,0711,Aqua,MODIS,64,6.2,303.6,19.9,D,0
23.2464,92.2036,330.4,1,1,2005-04-04,0711,Aqua,MODIS,81,6.2,303.8,19.2,D,0
23.3497,92.0847,321,1,1,2005-04-04,0711,Aqua,MODIS,36,6.2,301.5,9.5,D,0
23.2358,92.3249,321,1,1,2005-04-04,0711,Aqua,MODIS,42,6.2,303.8,9.1,D,0
23.2255,92.3166,335.9,1,1,2005-04-04,0711,Aqua,MODIS,86,6.2,303.6,27.9,D,0
23.2268,92.3264,392.6,1,1,2005-04-04,0711,Aqua,MODIS,100,6.2,306.3,204.9,D,0
23.179,92.3101,346.4,1,1,2005-04-04,0711,Aqua,MODIS,93,6.2,305,45.7,D,0
22.9347,91.7533,324.1,1,1,2005-04-04,0711,Aqua,MODIS,72,6.2,305.3,11.4,D,0
22.9834,91.7747,317.9,1,1,2005-04-04,0711,Aqua,MODIS,58,6.2,304.2,5.6,D,0
23.3224,92.0848,345.2,1,1,2005-04-04,0711,Aqua,MODIS,92,6.2,304.1,40.4,D,0
23.3292,92.1334,319.4,1,1,2005-04-04,0711,Aqua,MODIS,47,6.2,302,8.5,D,0
23.3306,92.1431,322.8,1,1,2005-04-04,0711,Aqua,MODIS,68,6.2,302.8,11.6,D,0
23.3134,92.0863,359.8,1,1,2005-04-04,0711,Aqua,MODIS,99,6.2,305.2,72.5,D,0
23.3148,92.096,342.2,1,1,2005-04-04,0711,Aqua,MODIS,77,6.2,303.3,34.7,D,0
23.2478,92.2133,337.7,1,1,2005-04-04,0711,Aqua,MODIS,87,6.2,302.7,30.2,D,0
23.2266,92.1273,343,1,1,2005-04-04,0711,Aqua,MODIS,91,6.2,306.5,33.7,D,0
23.3058,92.0975,366.2,1,1,2005-04-04,0711,Aqua,MODIS,100,6.2,308.5,91.7,D,0
22.9579,91.9821,349.1,1,1,2005-04-04,0711,Aqua,MODIS,94,6.2,306,49.6,D,0
22.9566,91.9724,357.6,1,1,2005-04-04,0711,Aqua,MODIS,98,6.2,307.4,69,D,0
22.9525,91.9435,322.8,1,1,2005-04-04,0711,Aqua,MODIS,36,6.2,304.3,7.4,D,0
22.9511,91.9339,345.9,1,1,2005-04-04,0711,Aqua,MODIS,92,6.2,306.5,40.9,D,0
22.9689,91.9944,327.1,1,1,2005-04-04,0711,Aqua,MODIS,77,6.2,305.1,14.6,D,0
22.9697,91.935,329.3,1,1,2005-04-04,0711,Aqua,MODIS,75,6.2,304.2,15.3,D,0
22.967,91.9157,328.5,1,1,2005-04-04,0711,Aqua,MODIS,54,6.2,305.5,12.2,D,0
22.9656,91.9061,331.6,1,1,2005-04-04,0711,Aqua,MODIS,64,6.2,306.1,16.4,D,0
22.9813,91.9528,368.6,1,1,2005-04-04,0711,Aqua,MODIS,100,6.2,305.8,101.2,D,0
22.98,91.9432,334.9,1,1,2005-04-04,0711,Aqua,MODIS,85,6.2,305,23.5,D,0
22.9786,91.9335,332.8,1,1,2005-04-04,0711,Aqua,MODIS,83,6.2,304.9,20.1,D,0
23.2279,92.1369,350.8,1,1,2005-04-04,0711,Aqua,MODIS,95,6.2,306.4,51.4,D,0
23.3072,92.1072,370,1,1,2005-04-04,0711,Aqua,MODIS,100,6.2,305.9,106,D,0
23.3086,92.1169,351.9,1,1,2005-04-04,0711,Aqua,MODIS,96,6.2,302.4,55.9,D,0
23.314,92.1559,335.2,1,1,2005-04-04,0711,Aqua,MODIS,80,6.2,302.1,24.8,D,0
23.2969,92.099,333.7,1,1,2005-04-04,0711,Aqua,MODIS,84,6.2,304.3,20.3,D,0
22.8444,91.8992,351.6,1,1,2005-04-04,0711,Aqua,MODIS,95,6.2,306.6,53.9,D,0
22.8629,91.9652,320.6,1,1,2005-04-04,0711,Aqua,MODIS,62,6.2,306,8.4,D,0
22.8615,91.9555,319.1,1,1,2005-04-04,0711,Aqua,MODIS,51,6.2,305.9,6.2,D,0
22.8681,91.9281,350.2,1,1,2005-04-04,0711,Aqua,MODIS,95,6.2,307,49.5,D,0
22.8667,91.9185,324,1,1,2005-04-04,0711,Aqua,MODIS,38,6.2,306.4,9.2,D,0
22.8852,91.9844,322.4,1,1,2005-04-04,0711,Aqua,MODIS,58,6.2,303.7,8.8,D,0
22.89,91.954,324.2,1,1,2005-04-04,0711,Aqua,MODIS,56,6.2,305.4,10,D,0
22.8818,91.8962,327.2,1,1,2005-04-04,0711,Aqua,MODIS,71,6.2,306.3,12.5,D,0
22.8989,91.9525,328.1,1,1,2005-04-04,0711,Aqua,MODIS,75,6.2,305.3,14.2,D,0
22.8976,91.9429,324.4,1,1,2005-04-04,0711,Aqua,MODIS,33,6.2,305.5,9.7,D,0
22.8921,91.9043,345.7,1,1,2005-04-04,0711,Aqua,MODIS,92,6.2,306.4,41.5,D,0
22.9133,91.9896,324.8,1,1,2005-04-04,0711,Aqua,MODIS,72,6.2,305.3,10.7,D,0
22.912,91.9799,327.6,1,1,2005-04-04,0711,Aqua,MODIS,75,6.2,306.8,13.4,D,0
23.2375,92.2051,330.7,1,1,2005-04-04,0711,Aqua,MODIS,80,6.2,304.2,18.9,D,0
23.2388,92.2148,333.6,1,1,2005-04-04,0711,Aqua,MODIS,84,6.2,302.4,23.5,D,0
22.6498,91.954,323.5,1,1,2005-04-04,0711,Aqua,MODIS,62,6.2,303,10.6,D,0
23.2983,92.1087,327.4,1,1,2005-04-04,0711,Aqua,MODIS,19,6.2,303.4,13.7,D,0
22.4116,92.2183,335.3,1,1,2005-04-04,0711,Aqua,MODIS,85,6.2,307,24.2,D,0
22.4102,92.2087,331,1,1,2005-04-04,0711,Aqua,MODIS,74,6.2,306.1,18.2,D,0
22.4692,92.1737,321.9,1,1,2005-04-04,0711,Aqua,MODIS,57,6.2,305.6,7.4,D,0
22.4679,92.1641,332.4,1,1,2005-04-04,0711,Aqua,MODIS,82,6.2,308.2,19.9,D,0
23.2136,92.0997,325.1,1,1,2005-04-04,0711,Aqua,MODIS,75,6.2,304.8,12.4,D,0
23.2149,92.1094,324.1,1,1,2005-04-04,0711,Aqua,MODIS,62,6.2,304.3,10.9,D,0
23.219,92.1384,332.6,1,1,2005-04-04,0711,Aqua,MODIS,83,6.2,306.5,19.3,D,0
23.2203,92.1482,356.4,1,1,2005-04-04,0711,Aqua,MODIS,98,6.2,305.4,64.7,D,0
23.2285,92.2066,337.3,1,1,2005-04-04,0711,Aqua,MODIS,87,6.2,305.1,28.4,D,0
23.2073,92.1206,328.3,1,1,2005-04-04,0711,Aqua,MODIS,69,6.2,304.5,14.7,D,0
23.2996,92.1184,353.1,1,1,2005-04-04,0711,Aqua,MODIS,96,6.2,304.1,59.2,D,0
23.301,92.1281,325.2,1,1,2005-04-04,0711,Aqua,MODIS,51,6.2,301.5,13,D,0
23.6657,91.9729,423.9,1,1,2005-04-04,0711,Aqua,MODIS,100,6.2,314.4,423,D,0
23.6643,91.9632,370.6,1,1,2005-04-04,0711,Aqua,MODIS,100,6.2,306.9,110.7,D,0
23.21,92.14,341.5,1,1,2005-04-04,0711,Aqua,MODIS,90,6.2,306.2,33.5,D,0
23.2114,92.1497,350.4,1,1,2005-04-04,0711,Aqua,MODIS,95,6.2,304.9,51,D,0
23.6746,91.9714,369.5,1,1,2005-04-04,0711,Aqua,MODIS,100,6.2,306.4,106.8,D,0
23.2128,92.1594,362.7,1,1,2005-04-04,0711,Aqua,MODIS,100,6.2,305.6,82.5,D,0
23.2209,92.2178,320,1,1,2005-04-04,0711,Aqua,MODIS,46,6.2,303.8,7.9,D,0
23.2092,92.1998,324,1,1,2005-04-04,0711,Aqua,MODIS,73,6.2,304.4,11.6,D,0
23.2106,92.2095,334.5,1,1,2005-04-04,0711,Aqua,MODIS,85,6.2,303.8,24.4,D,0
23.1859,92.1639,333.5,1,1,2005-04-04,0711,Aqua,MODIS,84,6.2,304.6,21.8,D,0
23.1491,92.0963,320.7,1,1,2005-04-04,0711,Aqua,MODIS,67,6.2,304.5,7.7,D,0
23.1586,92.1642,324.6,1,1,2005-04-04,0711,Aqua,MODIS,74,6.2,306,12,D,0
23.16,92.1739,318.4,1,1,2005-04-04,0711,Aqua,MODIS,45,6.2,304.9,6.1,D,0
23.1442,92.1269,319.7,1,1,2005-04-04,0711,Aqua,MODIS,54,6.2,304.5,6.2,D,0
23.1407,92.1671,325.6,1,1,2005-04-04,0711,Aqua,MODIS,62,6.2,305.1,11.5,D,0
23.1421,92.1769,340.3,1,1,2005-04-04,0711,Aqua,MODIS,89,6.2,305,32.6,D,0
22.7634,92.3631,334.9,1,1,2005-04-04,0711,Aqua,MODIS,84,6.2,309.2,23.8,D,0
22.6587,91.9525,338.6,1,1,2005-04-04,0711,Aqua,MODIS,87,6.2,303.9,29.8,D,0
22.6573,91.9429,348.4,1,1,2005-04-04,0711,Aqua,MODIS,94,6.2,306.7,46.8,D,0
22.6872,91.951,327.5,1,1,2005-04-04,0711,Aqua,MODIS,76,6.2,305.3,16.3,D,0
22.7647,92.3729,362.9,1,1,2005-04-04,0711,Aqua,MODIS,94,6.2,309.3,84.3,D,0
22.6907,91.911,323.6,1,1,2005-04-04,0711,Aqua,MODIS,71,6.2,306.7,10.4,D,0
22.6893,91.9014,319.7,1,1,2005-04-04,0711,Aqua,MODIS,57,6.2,306.4,6.7,D,0
22.8224,91.8733,319.9,1,1,2005-04-04,0711,Aqua,MODIS,62,6.2,306.1,5.7,D,0
22.8314,91.8718,342.2,1,1,2005-04-04,0711,Aqua,MODIS,90,6.2,306.9,34.7,D,0
22.83,91.8622,334.1,1,1,2005-04-04,0711,Aqua,MODIS,83,6.2,308.1,22.1,D,0
22.843,91.8896,346.6,1,1,2005-04-04,0711,Aqua,MODIS,93,6.2,306.8,43.2,D,0
22.7099,91.9176,318.8,1,1,2005-04-04,0711,Aqua,MODIS,20,6.2,305.7,5,D,0
23.6733,91.9617,337.4,1,1,2005-04-04,0711,Aqua,MODIS,87,6.2,303.9,31,D,0
23.3051,92.1573,326.6,1,1,2005-04-04,0711,Aqua,MODIS,60,6.2,302.5,14.1,D,0
23.2907,92.1199,354.3,1,1,2005-04-04,0711,Aqua,MODIS,97,6.2,305.9,61.7,D,0
23.292,92.1296,332.5,1,1,2005-04-04,0711,Aqua,MODIS,80,6.2,301.9,21,D,0
23.2804,92.1117,328,1,1,2005-04-04,0711,Aqua,MODIS,60,6.2,304,14.1,D,0
23.2817,92.1214,368.3,1,1,2005-04-04,0711,Aqua,MODIS,100,6.2,305.9,99.6,D,0
22.9977,92.0687,324.8,1,1,2005-04-04,0711,Aqua,MODIS,73,6.2,304.7,10.9,D,0
22.999,92.0784,334.2,1,1,2005-04-04,0711,Aqua,MODIS,84,6.2,304.8,22.1,D,0
23.2831,92.1311,343.5,1,1,2005-04-04,0711,Aqua,MODIS,91,6.2,303.8,38.8,D,0
23.2845,92.1409,343.8,1,1,2005-04-04,0711,Aqua,MODIS,91,6.2,302.8,39.7,D,0
23.2714,92.1132,339.7,1,1,2005-04-04,0711,Aqua,MODIS,89,6.2,304.3,29.7,D,0
23.2728,92.1229,405.2,1,1,2005-04-04,0711,Aqua,MODIS,100,6.2,312.3,275.3,D,0
23.2742,92.1326,395,1,1,2005-04-04,0711,Aqua,MODIS,100,6.2,306.7,214.4,D,0
22.6315,92.2785,320.6,1,1,2005-04-04,0711,Aqua,MODIS,60,6.2,305.3,7.4,D,0
22.6302,92.2688,346.9,1,1,2005-04-04,0711,Aqua,MODIS,93,6.2,306.8,45.9,D,0
22.8389,92.3154,322.4,1,1,2005-04-04,0711,Aqua,MODIS,37,6.2,305.8,8.4,D,0
22.8403,92.325,318.7,1,1,2005-04-04,0711,Aqua,MODIS,37,6.2,304.8,5.3,D,0
22.83,92.3168,331.6,1,1,2005-04-04,0711,Aqua,MODIS,51,6.2,307.5,18.2,D,0
22.8313,92.3265,345.5,1,1,2005-04-04,0711,Aqua,MODIS,87,6.2,307.4,41.2,D,0
22.8367,92.3655,358.9,1,1,2005-04-04,0711,Aqua,MODIS,99,6.2,307.7,74.3,D,0
22.8381,92.3752,319.6,1,1,2005-04-04,0711,Aqua,MODIS,62,6.2,303.7,7.1,D,0
22.8275,92.3627,348.1,1,1,2005-04-04,0711,Aqua,MODIS,94,6.2,306.6,46,D,0
22.8288,92.3724,343.4,1,1,2005-04-04,0711,Aqua,MODIS,91,6.2,305.6,38.2,D,0
22.8171,92.3544,357.1,1,1,2005-04-04,0711,Aqua,MODIS,98,6.2,308.3,67.1,D,0
22.8185,92.3641,326.5,1,1,2005-04-04,0711,Aqua,MODIS,54,6.2,305.6,12,D,0
22.8082,92.3559,322,1,1,2005-04-04,0711,Aqua,MODIS,68,6.2,306.8,8.3,D,0
22.7911,92.2992,321.1,1,1,2005-04-04,0711,Aqua,MODIS,0,6.2,302.5,7.9,D,0
22.7924,92.3089,317.3,1,1,2005-04-04,0711,Aqua,MODIS,46,6.2,303.6,4.1,D,0
22.9345,92.075,328.9,1,1,2005-04-04,0711,Aqua,MODIS,74,6.2,305.4,17,D,0
22.9427,92.133,316,1,1,2005-04-04,0711,Aqua,MODIS,38,6.2,303.7,4.2,D,0
22.9297,92.1055,320.1,1,1,2005-04-04,0711,Aqua,MODIS,51,6.2,305.8,6.6,D,0
22.6552,91.9925,323.8,1,1,2005-04-04,0711,Aqua,MODIS,72,6.2,303.5,12.6,D,0
23.2525,91.8487,332.1,1,1,2005-04-04,0711,Aqua,MODIS,75,6.2,305.3,16.7,D,0
23.2539,91.8584,337.8,1,1,2005-04-04,0711,Aqua,MODIS,87,6.2,304.8,26.3,D,0
23.2449,91.8599,343.2,1,1,2005-04-04,0711,Aqua,MODIS,91,6.2,304,35.7,D,0
23.223,91.8339,325,1,1,2005-04-04,0711,Aqua,MODIS,29,6.2,307,10.6,D,0
23.2244,91.8436,356.8,1,1,2005-04-04,0711,Aqua,MODIS,98,6.2,308.9,65,D,0
23.2257,91.8532,333.2,1,1,2005-04-04,0711,Aqua,MODIS,84,6.2,304,19.3,D,0
23.2137,91.8421,349.8,1,1,2005-04-04,0711,Aqua,MODIS,95,6.2,308,48.2,D,0
23.2151,91.8517,362.6,1,1,2005-04-04,0711,Aqua,MODIS,100,6.2,307.1,79.4,D,0
23.2165,91.8614,336.5,1,1,2005-04-04,0711,Aqua,MODIS,80,6.2,304.4,24.1,D,0
22.7229,91.945,325.8,1,1,2005-04-04,0711,Aqua,MODIS,74,6.2,304.9,13,D,0
22.4857,92.1611,332.2,1,1,2005-04-04,0711,Aqua,MODIS,82,6.2,306,20.5,D,0
22.4844,92.1515,320.7,1,1,2005-04-04,0711,Aqua,MODIS,32,6.2,306.2,7,D,0
23.2755,92.1424,332.1,1,1,2005-04-04,0711,Aqua,MODIS,83,6.2,301.5,21.1,D,0
23.2048,91.8436,324.1,1,1,2005-04-04,0711,Aqua,MODIS,54,6.2,305.2,10.3,D,0
23.178,91.8481,323.1,1,1,2005-04-04,0711,Aqua,MODIS,69,6.2,304.8,10.7,D,0
23.1808,91.8674,323,1,1,2005-04-04,0711,Aqua,MODIS,21,6.2,304.1,9.1,D,0
23.3046,91.9588,318,1,1,2005-04-04,0711,Aqua,MODIS,55,6.2,302.7,6.4,D,0
23.3101,91.9975,326.5,1,1,2005-04-04,0711,Aqua,MODIS,71,6.2,301.4,14.9,D,0
23.3115,92.0072,324.2,1,1,2005-04-04,0711,Aqua,MODIS,68,6.2,300.8,12.5,D,0
23.2998,91.9893,345.8,1,1,2005-04-04,0711,Aqua,MODIS,92,6.2,304,43.1,D,0
23.3011,91.999,381.8,1,1,2005-04-04,0711,Aqua,MODIS,100,6.2,305.7,150,D,0
23.3025,92.0087,335.5,1,1,2005-04-04,0711,Aqua,MODIS,85,6.2,301.8,26.3,D,0
23.2908,91.9907,339,1,1,2005-04-04,0711,Aqua,MODIS,88,6.2,303.3,30.6,D,0
22.6599,92.0903,324.9,1,1,2005-04-04,0711,Aqua,MODIS,73,6.2,307.3,11.6,D,0
22.6853,92.0762,325.5,1,1,2005-04-04,0711,Aqua,MODIS,74,6.2,305.4,12.9,D,0
22.684,92.0666,328.5,1,1,2005-04-04,0711,Aqua,MODIS,78,6.2,306.2,16.4,D,0
22.6997,92.1133,319.3,1,1,2005-04-04,0711,Aqua,MODIS,62,6.2,305.6,6.6,D,0
22.7596,92.2053,322.5,1,1,2005-04-04,0711,Aqua,MODIS,69,6.2,305.8,8.6,D,0
22.7734,92.1734,321.9,1,1,2005-04-04,0711,Aqua,MODIS,68,6.2,307.4,7.6,D,0
22.8236,92.1397,325.8,1,1,2005-04-04,0711,Aqua,MODIS,70,6.2,305.4,13.2,D,0
22.8222,92.13,330.4,1,1,2005-04-04,0711,Aqua,MODIS,0,6.2,305.9,18.6,D,0
22.9096,92.1583,323.7,1,1,2005-04-04,0711,Aqua,MODIS,71,6.2,305.1,11.5,D,0
22.9221,92.1167,344.9,1,1,2005-04-04,0711,Aqua,MODIS,92,6.2,307.4,40.9,D,0
22.9207,92.107,342.5,1,1,2005-04-04,0711,Aqua,MODIS,90,6.2,307.1,36.8,D,0
23.2922,92.0005,338.1,1,1,2005-04-04,0711,Aqua,MODIS,76,6.2,302.9,27.8,D,0
23.2819,91.9922,358.6,1,1,2005-04-04,0711,Aqua,MODIS,99,6.2,305.2,72.5,D,0
23.1705,91.8593,335.6,1,1,2005-04-04,0711,Aqua,MODIS,85,6.2,304.7,24.9,D,0
23.1684,91.909,347.9,1,1,2005-04-04,0711,Aqua,MODIS,94,6.2,304.9,46.4,D,0
23.154,91.8719,328.5,1,1,2005-04-04,0711,Aqua,MODIS,71,6.2,303.7,15.6,D,0
23.0804,92.333,325.1,1,1,2005-04-04,0711,Aqua,MODIS,60,6.2,303.3,12.6,D,0
23.079,92.3231,326.5,1,1,2005-04-04,0711,Aqua,MODIS,51,6.2,303.3,13.3,D,0
23.0777,92.3133,389.9,1,1,2005-04-04,0711,Aqua,MODIS,100,6.2,307.3,188.8,D,0
23.0763,92.3037,408.7,1,1,2005-04-04,0711,Aqua,MODIS,100,6.2,316,300,D,0
23.075,92.294,344.4,1,1,2005-04-04,0711,Aqua,MODIS,91,6.2,308.2,39.1,D,0
23.0894,92.3315,328.2,1,1,2005-04-04,0711,Aqua,MODIS,46,6.2,302.1,14.4,D,0
23.088,92.3216,348,1,1,2005-04-04,0711,Aqua,MODIS,94,6.2,303.8,45.6,D,0
23.0866,92.3119,362.6,1,1,2005-04-04,0711,Aqua,MODIS,100,6.2,305.5,80.8,D,0
23.0853,92.3022,408.4,1,1,2005-04-04,0711,Aqua,MODIS,100,6.2,317.5,295.5,D,0
23.0839,92.2925,383.2,1,1,2005-04-04,0711,Aqua,MODIS,100,6.2,312.2,154.1,D,0
23.0826,92.2828,328.8,1,1,2005-04-04,0711,Aqua,MODIS,55,6.2,304.9,14.2,D,0
23.0983,92.3299,359.3,1,1,2005-04-04,0711,Aqua,MODIS,99,6.2,304.3,71,D,0
23.0969,92.3201,360.4,1,1,2005-04-04,0711,Aqua,MODIS,100,6.2,303,73.1,D,0
23.0956,92.3105,335.9,1,1,2005-04-04,0711,Aqua,MODIS,85,6.2,302.7,21.7,D,0
23.0943,92.3008,369.4,1,1,2005-04-04,0711,Aqua,MODIS,100,6.2,307.1,99,D,0
23.0929,92.2911,363.1,1,1,2005-04-04,0711,Aqua,MODIS,100,6.2,308.2,80.6,D,0
23.1086,92.3314,349,1,1,2005-04-04,0711,Aqua,MODIS,94,6.2,303.8,49.1,D,0
23.1033,92.2927,345.7,1,1,2005-04-04,0711,Aqua,MODIS,92,6.2,306,41,D,0
23.1019,92.283,350.5,1,1,2005-04-04,0711,Aqua,MODIS,95,6.2,306.3,49.9,D,0
23.1006,92.2732,345.5,1,1,2005-04-04,0711,Aqua,MODIS,92,6.2,306.6,40.6,D,0
23.0522,92.3276,323.7,1,1,2005-04-04,0711,Aqua,MODIS,58,6.2,303.1,11.3,D,0
23.0674,92.3052,352.5,1,1,2005-04-04,0711,Aqua,MODIS,96,6.2,305.6,57.3,D,0
23.0647,92.2858,319.9,1,1,2005-04-04,0711,Aqua,MODIS,50,6.2,304.7,8.4,D,0
23.0633,92.2761,343.7,1,1,2005-04-04,0711,Aqua,MODIS,91,6.2,305.3,40.8,D,0
23.0606,92.2567,316.5,1,1,2005-04-04,0711,Aqua,MODIS,45,6.2,304.2,6.1,D,0
23.2371,92.3346,351.5,1,1,2005-04-04,0711,Aqua,MODIS,95,6.2,303.3,57,D,0
23.1581,91.9009,338.5,1,1,2005-04-04,0711,Aqua,MODIS,88,6.2,304.8,28.3,D,0
23.1595,91.9105,345.9,1,1,2005-04-04,0711,Aqua,MODIS,92,6.2,305.1,41.8,D,0
23.1266,91.8724,328.7,1,1,2005-04-04,0711,Aqua,MODIS,79,6.2,304.4,17,D,0
23.1279,91.882,336.5,1,1,2005-04-04,0711,Aqua,MODIS,86,6.2,304.3,27.2,D,0
23.1293,91.8917,326.6,1,1,2005-04-04,0711,Aqua,MODIS,68,6.2,303.7,13.6,D,0
23.1307,91.9013,348.4,1,1,2005-04-04,0711,Aqua,MODIS,94,6.2,303.7,47.7,D,0
23.1204,91.8932,342.3,1,1,2005-04-04,0711,Aqua,MODIS,90,6.2,305.1,35.8,D,0
23.1218,91.9028,326.7,1,1,2005-04-04,0711,Aqua,MODIS,54,6.2,304.2,12.7,D,0
23.1101,91.885,329.3,1,1,2005-04-04,0711,Aqua,MODIS,80,6.2,305.1,17.8,D,0
23.1115,91.8947,331.5,1,1,2005-04-04,0711,Aqua,MODIS,82,6.2,305.9,20.3,D,0
23.4167,92.3028,356,1,1,2005-04-04,0711,Aqua,MODIS,98,6.2,306,66.9,D,0
23.418,92.3126,410.9,1,1,2005-04-04,0711,Aqua,MODIS,100,6.2,310.9,321,D,0
23.4077,92.3043,403.5,1,1,2005-04-04,0711,Aqua,MODIS,100,6.2,315.4,267.2,D,0
23.4091,92.3141,394.3,1,1,2005-04-04,0711,Aqua,MODIS,100,6.2,306.8,214.3,D,0
23.3987,92.3058,368.7,1,1,2005-04-04,0711,Aqua,MODIS,100,6.2,309.1,102.6,D,0
23.4001,92.3156,345.9,1,1,2005-04-04,0711,Aqua,MODIS,93,6.2,303.9,44.3,D,0
23.6671,91.9827,337.5,1,1,2005-04-04,0711,Aqua,MODIS,87,6.2,302.8,31.4,D,0
23.5782,91.9447,346.1,1,1,2005-04-04,0711,Aqua,MODIS,93,6.2,303.3,47.1,D,0
22.6408,91.9555,324.8,1,1,2005-04-04,0711,Aqua,MODIS,73,6.2,301.1,12.3,D,0
22.8753,92.3791,328.7,1,1,2005-04-04,0711,Aqua,MODIS,74,6.2,306.8,16.2,D,0
23.2048,92.3001,367.1,1,1,2005-04-04,0711,Aqua,MODIS,100,6.2,305.4,97.1,D,0
23.2201,92.2777,326.8,1,1,2005-04-04,0711,Aqua,MODIS,50,6.2,303.6,13.6,D,0
23.2187,92.2679,333.2,1,1,2005-04-04,0711,Aqua,MODIS,83,6.2,304.2,21.8,D,0
23.2174,92.2582,350.5,1,1,2005-04-04,0711,Aqua,MODIS,95,6.2,305.4,52.2,D,0
23.2146,92.2386,333.2,1,1,2005-04-04,0711,Aqua,MODIS,78,6.2,304.6,21.9,D,0
23.2133,92.2289,340.8,1,1,2005-04-04,0711,Aqua,MODIS,89,6.2,305.5,34,D,0
23.2304,92.2859,325.1,1,1,2005-04-04,0711,Aqua,MODIS,75,6.2,302.6,14.2,D,0
23.229,92.2762,322.4,1,1,2005-04-04,0711,Aqua,MODIS,67,6.2,303.9,10.8,D,0
23.2393,92.2845,339.5,1,1,2005-04-04,0711,Aqua,MODIS,88,6.2,303.5,34.6,D,0
23.238,92.2747,355.6,1,1,2005-04-04,0711,Aqua,MODIS,97,6.2,306.1,67.1,D,0
23.3689,92.2863,357.2,1,1,2005-04-04,0711,Aqua,MODIS,98,6.2,304.3,72.5,D,0
23.1954,92.2319,320.5,1,1,2005-04-04,0711,Aqua,MODIS,43,6.2,304.3,7,D,0
23.3308,92.3426,358.2,1,1,2005-04-04,0711,Aqua,MODIS,99,6.2,306.7,74.1,D,0
23.2408,91.9596,327.3,1,1,2005-04-04,0711,Aqua,MODIS,72,6.2,304.6,14.3,D,0
23.2394,91.9499,324,1,1,2005-04-04,0711,Aqua,MODIS,56,6.2,304.4,10.8,D,0
23.251,91.9678,322.8,1,1,2005-04-04,0711,Aqua,MODIS,24,6.2,303.5,9.2,D,0
23.2497,91.9581,357,1,1,2005-04-04,0711,Aqua,MODIS,98,6.2,305.1,67.6,D,0
23.2483,91.9484,343.1,1,1,2005-04-04,0711,Aqua,MODIS,91,6.2,305.6,37.5,D,0
23.6264,92.0192,412.7,1,1,2005-04-04,0711,Aqua,MODIS,100,6.2,312.8,332.4,D,0
23.6278,92.029,370.4,1,1,2005-04-04,0711,Aqua,MODIS,100,6.2,302.1,111,D,0
23.6175,92.0207,349.3,1,1,2005-04-04,0711,Aqua,MODIS,95,6.2,306.9,53.8,D,0
23.6189,92.0305,353.9,1,1,2005-04-04,0711,Aqua,MODIS,97,6.2,303.1,64.1,D,0
23.607,92.0193,365.5,1,1,2005-04-04,0711,Aqua,MODIS,100,6.2,304.4,95.1,D,0
23.6084,92.0291,344,1,1,2005-04-04,0711,Aqua,MODIS,92,6.2,302.8,43.1,D,0
23.0847,91.8992,321.9,1,1,2005-04-04,0711,Aqua,MODIS,39,6.2,304.3,8.8,D,0
23.0758,91.9007,322.7,1,1,2005-04-04,0711,Aqua,MODIS,48,6.2,304.9,9.4,D,0
23.0771,91.9103,325.7,1,1,2005-04-04,0711,Aqua,MODIS,75,6.2,304,12.7,D,0
23.049,91.9052,321.8,1,1,2005-04-04,0711,Aqua,MODIS,39,6.2,304.5,7.5,D,0
23.0383,91.9037,323.5,1,1,2005-04-04,0711,Aqua,MODIS,43,6.2,304.5,9.5,D,0
23.0198,91.8377,340.2,1,1,2005-04-04,0711,Aqua,MODIS,89,6.2,304.3,32.6,D,0
23.0294,91.9052,321.7,1,1,2005-04-04,0711,Aqua,MODIS,22,6.2,304.7,7.7,D,0
23.0095,91.8295,349.6,1,1,2005-04-04,0711,Aqua,MODIS,94,6.2,304,47.9,D,0
22.9931,91.8422,341.3,1,1,2005-04-04,0711,Aqua,MODIS,89,6.2,304.8,33.6,D,0
22.9985,91.8808,320.7,1,1,2005-04-04,0711,Aqua,MODIS,66,6.2,304.7,8.1,D,0
22.9367,92.3522,321,1,1,2005-04-04,0711,Aqua,MODIS,61,6.2,304.6,8.6,D,0
23.4216,91.9368,326.6,1,1,2005-04-04,0711,Aqua,MODIS,78,6.2,302.2,15.7,D,0
23.4021,91.9369,330.4,1,1,2005-04-04,0711,Aqua,MODIS,37,6.2,301.1,16.9,D,0
23.4035,91.9466,360.5,1,1,2005-04-04,0711,Aqua,MODIS,100,6.2,301.9,75.4,D,0
23.3932,91.9384,328.6,1,1,2005-04-04,0711,Aqua,MODIS,53,6.2,301.1,14.4,D,0
23.3945,91.9481,348.2,1,1,2005-04-04,0711,Aqua,MODIS,94,6.2,302.3,46.5,D,0
23.3959,91.9577,382.6,1,1,2005-04-04,0711,Aqua,MODIS,100,6.2,304.6,154.9,D,0
23.3973,91.9674,355.1,1,1,2005-04-04,0711,Aqua,MODIS,97,6.2,301.6,64.4,D,0
23.3843,91.9399,327,1,1,2005-04-04,0711,Aqua,MODIS,64,6.2,301.9,12.9,D,0
23.3499,91.9556,328,1,1,2005-04-04,0711,Aqua,MODIS,64,6.2,303.4,15.4,D,0
23.3526,91.9749,321,1,1,2005-04-04,0711,Aqua,MODIS,22,6.2,301,8.7,D,0
23.3423,91.9667,386.4,1,1,2005-04-04,0711,Aqua,MODIS,100,6.2,310,168.5,D,0
23.3437,91.9764,397.1,1,1,2005-04-04,0711,Aqua,MODIS,100,6.2,308.2,224.2,D,0
23.345,91.9861,346.8,1,1,2005-04-04,0711,Aqua,MODIS,93,6.2,301.9,43.2,D,0
22.8927,92.3064,347.4,1,1,2005-04-04,0711,Aqua,MODIS,93,6.2,307,46.9,D,0
22.4443,92.3214,325.3,1,1,2005-04-04,0711,Aqua,MODIS,66,6.2,304.9,11.9,D,0
22.4573,92.2841,337.5,1,1,2005-04-04,0711,Aqua,MODIS,86,6.2,307.2,27.8,D,0
22.4586,92.2937,334.3,1,1,2005-04-04,0711,Aqua,MODIS,84,6.2,306,23.4,D,0
22.46,92.3034,320.3,1,1,2005-04-04,0711,Aqua,MODIS,62,6.2,305.1,7.5,D,0
22.4613,92.3131,318.2,1,1,2005-04-04,0711,Aqua,MODIS,48,6.2,302.7,6,D,0
22.4492,92.2909,333,1,1,2005-04-04,0711,Aqua,MODIS,83,6.2,307.1,21.2,D,0
23.0148,92.1253,321.9,1,1,2005-04-04,0711,Aqua,MODIS,66,6.2,304.2,9.1,D,0
23.0134,92.1156,335.2,1,1,2005-04-04,0711,Aqua,MODIS,85,6.2,304.6,24.4,D,0
23.012,92.1059,347.9,1,1,2005-04-04,0711,Aqua,MODIS,94,6.2,305,44.9,D,0
23.0107,92.0962,327.1,1,1,2005-04-04,0711,Aqua,MODIS,74,6.2,304.5,12.3,D,0
23.0237,92.1238,321.4,1,1,2005-04-04,0711,Aqua,MODIS,41,6.2,303.8,8.5,D,0
23.0223,92.1141,340,1,1,2005-04-04,0711,Aqua,MODIS,89,6.2,305,31.8,D,0
23.0535,92.3374,328.3,1,1,2005-04-04,0711,Aqua,MODIS,78,6.2,304,17.3,D,0
23.0196,92.0947,350.2,1,1,2005-04-04,0711,Aqua,MODIS,95,6.2,306.3,50.8,D,0
23.0183,92.0851,323.6,1,1,2005-04-04,0711,Aqua,MODIS,47,6.2,305.2,8.4,D,0
23.0326,92.1223,333.4,1,1,2005-04-04,0711,Aqua,MODIS,68,6.2,303.4,21.5,D,0
23.0313,92.1126,343.2,1,1,2005-04-04,0711,Aqua,MODIS,91,6.2,303.4,36.2,D,0
23.0299,92.1029,357.2,1,1,2005-04-04,0711,Aqua,MODIS,98,6.2,305.2,64.5,D,0
23.0286,92.0932,355.8,1,1,2005-04-04,0711,Aqua,MODIS,98,6.2,308.6,63.4,D,0
23.0231,92.0546,338.3,1,1,2005-04-04,0711,Aqua,MODIS,87,6.2,305.7,29,D,0
23.0416,92.1209,336.2,1,1,2005-04-04,0711,Aqua,MODIS,86,6.2,303.3,26.8,D,0
23.0402,92.1112,333,1,1,2005-04-04,0711,Aqua,MODIS,83,6.2,302.1,21.4,D,0
23.0389,92.1014,336.2,1,1,2005-04-04,0711,Aqua,MODIS,82,6.2,303.1,23.7,D,0
23.0505,92.1194,319,1,1,2005-04-04,0711,Aqua,MODIS,62,6.2,302.9,7.4,D,0
23.0492,92.1097,350.1,1,1,2005-04-04,0711,Aqua,MODIS,95,6.2,304.1,52.5,D,0
23.0478,92.1,341.1,1,1,2005-04-04,0711,Aqua,MODIS,89,6.2,304.2,33.3,D,0
23.0581,92.1082,381,1,1,2005-04-04,0711,Aqua,MODIS,100,6.2,305.8,147.3,D,0
23.0567,92.0985,388,1,1,2005-04-04,0711,Aqua,MODIS,100,6.2,308.4,178.3,D,0
23.067,92.1067,339.1,1,1,2005-04-04,0711,Aqua,MODIS,88,6.2,302.8,30.4,D,0
23.0657,92.097,342.3,1,1,2005-04-04,0711,Aqua,MODIS,90,6.2,304.9,35.9,D,0
23.0789,92.1179,326,1,1,2005-04-04,0711,Aqua,MODIS,76,6.2,302.9,13.3,D,0
23.0776,92.1082,317.8,1,1,2005-04-04,0711,Aqua,MODIS,21,6.2,302.5,4.6,D,0
23.0865,92.1067,318.1,1,1,2005-04-04,0711,Aqua,MODIS,47,6.2,303.4,5.3,D,0
23.0838,92.0873,331,1,1,2005-04-04,0711,Aqua,MODIS,81,6.2,304,18.5,D,0
23.0824,92.0776,326.9,1,1,2005-04-04,0711,Aqua,MODIS,77,6.2,303.9,13.8,D,0
22.4259,92.2554,329.4,1,1,2005-04-04,0711,Aqua,MODIS,79,6.2,305.8,16.7,D,0
22.4273,92.265,363.2,1,1,2005-04-04,0711,Aqua,MODIS,100,6.2,306.9,83.9,D,0
22.894,92.3162,365.4,1,1,2005-04-04,0711,Aqua,MODIS,100,6.2,308.2,92.5,D,0
23.0218,92.045,320.6,1,1,2005-04-04,0711,Aqua,MODIS,34,6.2,305.3,6.9,D,0
23.041,92.0516,322,1,1,2005-04-04,0711,Aqua,MODIS,48,6.2,305,8.2,D,0
23.0396,92.042,329.7,1,1,2005-04-04,0711,Aqua,MODIS,80,6.2,305.6,17.3,D,0
23.0694,92.0501,321.4,1,1,2005-04-04,0711,Aqua,MODIS,69,6.2,304.6,8.5,D,0
23.4547,92.2465,422.6,1,1,2005-04-04,0711,Aqua,MODIS,100,6.2,314.8,414.6,D,0
23.4534,92.2367,345.9,1,1,2005-04-04,0711,Aqua,MODIS,93,6.2,304.7,46.8,D,0
23.465,92.248,400.3,1,1,2005-04-04,0711,Aqua,MODIS,100,6.2,315.8,249.4,D,0
23.4637,92.2383,339.1,1,1,2005-04-04,0711,Aqua,MODIS,89,6.2,307.4,34.4,D,0
23.474,92.2465,325.7,1,1,2005-04-04,0711,Aqua,MODIS,77,6.2,303.6,15.3,D,0
22.417,92.2568,336.3,1,1,2005-04-04,0711,Aqua,MODIS,86,6.2,307.2,26.3,D,0
22.4183,92.2665,417.5,1,1,2005-04-04,0711,Aqua,MODIS,100,6.2,316.9,365.2,D,0
22.4197,92.2761,371.5,1,1,2005-04-04,0711,Aqua,MODIS,100,6.2,307.3,110.5,D,0
23.0997,92.3398,339.4,1,1,2005-04-04,0711,Aqua,MODIS,88,6.2,302.1,30.5,D,0
23.3765,92.0802,378.6,1,1,2005-04-04,0711,Aqua,MODIS,100,6.2,307.9,138.4,D,0
23.3752,92.0705,337.5,1,1,2005-04-04,0711,Aqua,MODIS,82,6.2,304.3,29.1,D,0
23.3738,92.0608,316.9,1,1,2005-04-04,0711,Aqua,MODIS,60,6.2,302.8,6.4,D,0
23.3855,92.0787,344.5,1,1,2005-04-04,0711,Aqua,MODIS,92,6.2,303.2,40.1,D,0
23.3827,92.0593,325.2,1,1,2005-04-04,0711,Aqua,MODIS,57,6.2,303.3,12.7,D,0
23.3917,92.0578,333.1,1,1,2005-04-04,0711,Aqua,MODIS,84,6.2,303,23.1,D,0
23.3903,92.0481,327.8,1,1,2005-04-04,0711,Aqua,MODIS,79,6.2,302.6,16.5,D,0
23.4061,92.0952,336.1,1,1,2005-04-04,0711,Aqua,MODIS,64,6.2,302.8,26.5,D,0
23.4047,92.0855,336.1,1,1,2005-04-04,0711,Aqua,MODIS,55,6.2,302.7,25.3,D,0
23.4034,92.0757,357.8,1,1,2005-04-04,0711,Aqua,MODIS,99,6.2,304.4,69.1,D,0
23.402,92.066,343.4,1,1,2005-04-04,0711,Aqua,MODIS,90,6.2,303,38.2,D,0
23.3979,92.0369,323,1,1,2005-04-04,0711,Aqua,MODIS,73,6.2,302.3,12.3,D,0
23.415,92.0937,322.2,1,1,2005-04-04,0711,Aqua,MODIS,37,6.2,302.1,11.1,D,0
23.4137,92.084,324.6,1,1,2005-04-04,0711,Aqua,MODIS,33,6.2,302.1,13.1,D,0
23.4171,92.0436,317.6,1,1,2005-04-04,0711,Aqua,MODIS,38,6.2,301.9,7.4,D,0
23.5153,92.2798,379.8,1,1,2005-04-04,0711,Aqua,MODIS,100,6.2,307.2,147.1,D,0
23.4753,92.2562,335.9,1,1,2005-04-04,0711,Aqua,MODIS,86,6.2,302.9,28.5,D,0
23.4664,92.2577,366.3,1,1,2005-04-04,0711,Aqua,MODIS,100,6.2,305,96.4,D,0
23.4691,92.2774,367.4,1,1,2005-04-04,0711,Aqua,MODIS,100,6.2,307,100.3,D,0
23.4704,92.2871,375.3,1,1,2005-04-04,0711,Aqua,MODIS,100,6.2,304.4,128.3,D,0
23.4561,92.2562,336.6,1,1,2005-04-04,0711,Aqua,MODIS,87,6.2,304.3,29.3,D,0
23.3605,92.1625,331.9,1,1,2005-04-04,0711,Aqua,MODIS,33,6.2,303.4,20.2,D,0
23.3578,92.143,332.2,1,1,2005-04-04,0711,Aqua,MODIS,48,6.2,303.7,20.1,D,0
23.3668,92.1415,339.9,1,1,2005-04-04,0711,Aqua,MODIS,73,6.2,304,31.2,D,0
23.3874,92.158,332.9,1,1,2005-04-04,0711,Aqua,MODIS,52,6.2,302.4,21.6,D,0
23.3809,91.8512,323.8,1,1,2005-04-04,0711,Aqua,MODIS,61,6.2,304.3,11.2,D,0
23.374,91.8028,350.3,1,1,2005-04-04,0711,Aqua,MODIS,95,6.2,304.7,51.9,D,0
23.3898,91.8497,386.9,1,1,2005-04-04,0711,Aqua,MODIS,100,6.2,307.9,173.7,D,0
23.3884,91.84,380.7,1,1,2005-04-04,0711,Aqua,MODIS,100,6.2,309.7,146.4,D,0
23.4015,91.8676,338.2,1,1,2005-04-04,0711,Aqua,MODIS,88,6.2,302.3,30.4,D,0
23.4001,91.8579,326.9,1,1,2005-04-04,0711,Aqua,MODIS,43,6.2,302,14.6,D,0
23.3987,91.8482,344,1,1,2005-04-04,0711,Aqua,MODIS,92,6.2,303.1,40.7,D,0
23.3973,91.8385,327.8,1,1,2005-04-04,0711,Aqua,MODIS,74,6.2,301.5,16.6,D,0
23.386,92.1483,358.4,1,1,2005-04-04,0711,Aqua,MODIS,99,6.2,304.6,70.8,D,0
23.3963,92.1565,337.3,1,1,2005-04-04,0711,Aqua,MODIS,85,6.2,302,29.2,D,0
23.1003,92.0746,367.3,1,1,2005-04-04,0711,Aqua,MODIS,100,6.2,306.7,97.2,D,0
23.0989,92.065,321,1,1,2005-04-04,0711,Aqua,MODIS,47,6.2,305.2,7.2,D,0
23.1154,92.0523,333.7,1,1,2005-04-04,0711,Aqua,MODIS,78,6.2,305.2,20.9,D,0
23.1353,92.1284,324.5,1,1,2005-04-04,0711,Aqua,MODIS,74,6.2,305.1,11.3,D,0
23.1312,92.0993,328.8,1,1,2005-04-04,0711,Aqua,MODIS,79,6.2,305.6,16.4,D,0
23.1244,92.0508,349.3,1,1,2005-04-04,0711,Aqua,MODIS,94,6.2,304.6,49.2,D,0
23.1333,92.0493,335.1,1,1,2005-04-04,0711,Aqua,MODIS,85,6.2,302.7,24.8,D,0
23.132,92.0396,344.1,1,1,2005-04-04,0711,Aqua,MODIS,91,6.2,304.7,39.8,D,0
23.395,92.1468,357.4,1,1,2005-04-04,0711,Aqua,MODIS,98,6.2,304.6,69,D,0
22.8766,92.3888,326.1,1,1,2005-04-04,0711,Aqua,MODIS,71,6.2,306.2,11.8,D,0
22.9875,91.932,331.4,1,1,2005-04-04,0711,Aqua,MODIS,80,6.2,304.4,18.5,D,0
23.0081,91.9483,329.7,1,1,2005-04-04,0711,Aqua,MODIS,80,6.2,304.4,17,D,0
23.0067,91.9387,322.7,1,1,2005-04-04,0711,Aqua,MODIS,62,6.2,304.2,8.7,D,0
23.0211,91.9758,323.7,1,1,2005-04-04,0711,Aqua,MODIS,39,6.2,305.3,9.3,D,0
23.0273,91.9549,340.8,1,1,2005-04-04,0711,Aqua,MODIS,89,6.2,306,31.8,D,0
23.026,91.9453,344.9,1,1,2005-04-04,0711,Aqua,MODIS,92,6.2,306,39.6,D,0
23.039,91.9728,333,1,1,2005-04-04,0711,Aqua,MODIS,83,6.2,303.2,21.1,D,0
23.0376,91.9631,325.1,1,1,2005-04-04,0711,Aqua,MODIS,48,6.2,302.9,10.4,D,0
23.0362,91.9534,387.1,1,1,2005-04-04,0711,Aqua,MODIS,100,6.2,309,172.2,D,0
23.0349,91.9438,400.7,1,1,2005-04-04,0711,Aqua,MODIS,100,6.2,315,245.5,D,0
23.0308,91.9149,331.2,1,1,2005-04-04,0711,Aqua,MODIS,81,6.2,305.5,18.4,D,0
23.0438,91.9423,321.7,1,1,2005-04-04,0711,Aqua,MODIS,59,6.2,304.3,7.5,D,0
23.0397,91.9134,341.8,1,1,2005-04-04,0711,Aqua,MODIS,90,6.2,305.2,34.4,D,0
23.084,91.9586,337.5,1,1,2005-04-04,0711,Aqua,MODIS,87,6.2,304.2,29.1,D,0
23.1361,91.9399,330,1,1,2005-04-04,0711,Aqua,MODIS,62,6.2,303.3,17.1,D,0
23.1457,91.9426,328.3,1,1,2005-04-04,0711,Aqua,MODIS,61,6.2,303,14.9,D,0
23.1444,91.9329,332.2,1,1,2005-04-04,0711,Aqua,MODIS,83,6.2,303.5,19.8,D,0
23.1547,91.9411,323.1,1,1,2005-04-04,0711,Aqua,MODIS,34,6.2,303.1,9.4,D,0
23.1533,91.9314,328.4,1,1,2005-04-04,0711,Aqua,MODIS,79,6.2,302.8,15.6,D,0
23.1609,91.9202,330.9,1,1,2005-04-04,0711,Aqua,MODIS,58,6.2,303.8,17.7,D,0
23.178,91.9768,323.9,1,1,2005-04-04,0711,Aqua,MODIS,41,6.2,304.1,9.3,D,0
23.1855,91.9656,328,1,1,2005-04-04,0711,Aqua,MODIS,52,6.2,305.1,13.7,D,0
23.1687,92.3018,327.1,1,1,2005-04-04,0711,Aqua,MODIS,67,6.2,304.1,15.5,D,0
23.1673,92.2921,341.6,1,1,2005-04-04,0711,Aqua,MODIS,90,6.2,305.4,36.3,D,0
23.1619,92.2531,322.9,1,1,2005-04-04,0711,Aqua,MODIS,46,6.2,305.5,9.6,D,0
23.1606,92.2434,326.7,1,1,2005-04-04,0711,Aqua,MODIS,76,6.2,305.6,13.1,D,0
23.1777,92.3003,331.3,1,1,2005-04-04,0711,Aqua,MODIS,51,6.2,304.8,19.5,D,0
23.1763,92.2906,336.2,1,1,2005-04-04,0711,Aqua,MODIS,70,6.2,305,26.1,D,0
23.1722,92.2613,337.2,1,1,2005-04-04,0711,Aqua,MODIS,87,6.2,304.3,27.1,D,0
23.1709,92.2516,379.6,1,1,2005-04-04,0711,Aqua,MODIS,100,6.2,308.4,141.4,D,0
23.1695,92.2419,333.1,1,1,2005-04-04,0711,Aqua,MODIS,83,6.2,304.9,20.5,D,0
23.1812,92.2599,351.9,1,1,2005-04-04,0711,Aqua,MODIS,96,6.2,303.8,52.9,D,0
23.1798,92.2501,366.1,1,1,2005-04-04,0711,Aqua,MODIS,100,6.2,307.1,91,D,0
23.1959,92.3016,333,1,1,2005-04-04,0711,Aqua,MODIS,79,6.2,303.4,21.9,D,0
23.1932,92.2821,330,1,1,2005-04-04,0711,Aqua,MODIS,54,6.2,303.6,15.8,D,0
23.1905,92.2626,333.6,1,1,2005-04-04,0711,Aqua,MODIS,62,6.2,302.6,19.7,D,0
23.1891,92.2529,355.2,1,1,2005-04-04,0711,Aqua,MODIS,97,6.2,306.9,60.9,D,0
23.1878,92.2431,368.5,1,1,2005-04-04,0711,Aqua,MODIS,100,6.2,310.7,99.5,D,0
22.2106,92.5644,302.5,2.8,1.6,2005-04-04,1638,Terra,MODIS,50,6.2,291.7,20.5,N,0
21.8021,92.408,303.8,1.4,1.2,2005-04-04,1920,Aqua,MODIS,57,6.2,292.3,8.6,N,0
24.9756,89.5671,317.9,1,1,2005-04-05,0447,Terra,MODIS,0,6.2,305.2,9,D,0
23.4558,92.256,330.7,1.3,1.1,2005-04-05,0447,Terra,MODIS,84,6.2,296.9,35.3,D,0
23.4579,92.2441,321.6,1.3,1.1,2005-04-05,0447,Terra,MODIS,76,6.2,297.4,20.7,D,0
23.2478,92.3299,320.9,1.3,1.1,2005-04-05,0447,Terra,MODIS,74,6.2,298.1,19.6,D,0
23.2457,92.3422,312.9,1.3,1.1,2005-04-05,0447,Terra,MODIS,59,6.2,297.8,9.3,D,0
21.8845,92.2436,324.5,1.3,1.1,2005-04-05,0448,Terra,MODIS,77,6.2,301.8,22.6,D,0
22.3524,92.031,318.5,1.3,1.1,2005-04-05,0448,Terra,MODIS,68,6.2,301.8,12.9,D,0
21.7922,92.5322,339.6,1.4,1.2,2005-04-05,0448,Terra,MODIS,89,6.2,296.5,58.9,D,0
21.7845,92.5383,326.4,1.4,1.2,2005-04-05,0448,Terra,MODIS,78,6.2,295,29.8,D,0
21.7946,92.5187,325.1,1.4,1.2,2005-04-05,0448,Terra,MODIS,77,6.2,299.7,25.4,D,0
21.8551,92.3538,317.4,1.4,1.2,2005-04-05,0448,Terra,MODIS,64,6.2,301,12.4,D,0
21.8527,92.3677,366.6,1.4,1.2,2005-04-05,0448,Terra,MODIS,100,6.2,302.1,154,D,0
21.8426,92.3646,326.1,1.4,1.2,2005-04-05,0448,Terra,MODIS,79,6.2,302.6,26.4,D,0
21.9974,92.3097,329.8,1.3,1.1,2005-04-05,0448,Terra,MODIS,82,6.2,302.5,32.1,D,0
21.7867,92.5249,369,1.4,1.2,2005-04-05,0448,Terra,MODIS,100,6.2,302.2,173.8,D,0
21.9828,92.3337,348,1.3,1.2,2005-04-05,0448,Terra,MODIS,94,6.2,302,79,D,0
21.9725,92.332,328.4,1.3,1.2,2005-04-05,0448,Terra,MODIS,81,6.2,301.6,30.4,D,0
21.9849,92.3209,313.9,1.3,1.1,2005-04-05,0448,Terra,MODIS,56,6.2,301.6,7.9,D,0
22.1379,92.3254,362.7,4.6,2,2005-04-05,0753,Aqua,MODIS,100,6.2,299.6,767.8,D,0
21.48,92.3833,313.8,4.6,2,2005-04-05,0753,Aqua,MODIS,17,6.2,295.1,53.2,D,0
21.484,92.4314,334,4.6,2,2005-04-05,0753,Aqua,MODIS,86,6.2,294.1,253.1,D,0
21.4822,92.427,328.9,4.6,2,2005-04-05,0753,Aqua,MODIS,82,6.2,293.5,194.3,D,0
21.4191,92.532,370.9,4.7,2,2005-04-05,0753,Aqua,MODIS,100,6.2,297.1,1031,D,0
21.4195,92.5248,365.4,4.7,2,2005-04-05,0753,Aqua,MODIS,100,6.2,297,864.7,D,0
21.4373,92.5218,319.2,4.7,2,2005-04-05,0753,Aqua,MODIS,50,6.2,290.9,90,D,0
21.4948,92.5657,336.7,4.7,2,2005-04-05,0753,Aqua,MODIS,88,6.2,293.5,306.7,D,0
21.4921,92.5606,333,4.7,2,2005-04-05,0753,Aqua,MODIS,85,6.2,293.6,257.1,D,0
21.7792,92.1267,317.9,4.4,1.9,2005-04-05,0753,Aqua,MODIS,56,6.2,298.6,65.1,D,0
22.0215,92.4376,326.2,4.7,2,2005-04-05,0753,Aqua,MODIS,35,6.2,292.3,131.1,D,0
22.0499,92.3452,357.1,4.6,2,2005-04-05,0753,Aqua,MODIS,98,6.2,297.5,598.6,D,0
21.8455,92.5023,325.6,4.7,2,2005-04-05,0753,Aqua,MODIS,52,6.2,289.8,143.7,D,0
22.1015,92.3362,355.7,4.6,2,2005-04-05,0753,Aqua,MODIS,98,6.2,299.9,593.6,D,0
21.8245,92.4615,323.6,4.7,2,2005-04-05,0753,Aqua,MODIS,40,6.2,289.4,119.1,D,0
22.2671,92.3969,314.8,4.7,2,2005-04-05,0753,Aqua,MODIS,54,6.2,297.4,45.6,D,0
22.1228,92.3783,372.9,4.7,2,2005-04-05,0753,Aqua,MODIS,94,6.2,297.8,1068,D,0
22.1193,92.3347,363,4.6,2,2005-04-05,0753,Aqua,MODIS,100,6.2,300.6,777.2,D,0
22.1406,92.3772,351.5,4.7,2,2005-04-05,0753,Aqua,MODIS,90,6.2,297,516.5,D,0
22.1371,92.3335,367.4,4.6,2,2005-04-05,0753,Aqua,MODIS,100,6.2,299.6,896.5,D,0
22.1585,92.3765,325.8,4.7,2,2005-04-05,0753,Aqua,MODIS,79,6.2,299,129.7,D,0
22.1549,92.3321,358.9,4.6,2,2005-04-05,0753,Aqua,MODIS,99,6.2,297.7,676.7,D,0
22.1056,92.372,345.9,4.7,2,2005-04-05,0753,Aqua,MODIS,90,6.2,298.4,394.1,D,0
22.1024,92.3279,351.4,4.6,2,2005-04-05,0753,Aqua,MODIS,96,6.2,299.8,506.6,D,0
22.1234,92.3701,377.5,4.7,2,2005-04-05,0753,Aqua,MODIS,100,6.2,299.2,1228.2,D,0
21.3905,92.1863,313,4.4,1.9,2005-04-05,0753,Aqua,MODIS,56,6.2,296.2,43.1,D,0
21.3869,92.144,313.6,4.4,1.9,2005-04-05,0753,Aqua,MODIS,58,6.2,298.4,45.7,D,0
21.3929,92.1777,315.7,4.4,1.9,2005-04-05,0753,Aqua,MODIS,64,6.2,296.6,62.1,D,0
21.7851,92.1606,317.2,4.5,1.9,2005-04-05,0753,Aqua,MODIS,46,6.2,298.7,58.4,D,0
21.7817,92.1187,315,4.4,1.9,2005-04-05,0753,Aqua,MODIS,60,6.2,298.5,50.6,D,0
22.0783,92.4725,330.6,4.7,2,2005-04-05,0753,Aqua,MODIS,47,6.2,293,166.8,D,0
21.7549,92.48,322.4,4.7,2,2005-04-05,0753,Aqua,MODIS,56,6.2,292.6,116.6,D,0
21.9077,92.3554,328.8,4.6,2,2005-04-05,0753,Aqua,MODIS,57,6.2,296.4,153,D,0
21.9209,92.3167,328.2,4.6,2,2005-04-05,0753,Aqua,MODIS,76,6.2,296.2,159.1,D,0
21.7555,92.4735,323.2,4.7,2,2005-04-05,0753,Aqua,MODIS,55,6.2,292.9,125.9,D,0
22.075,92.4322,343.5,4.7,2,2005-04-05,0753,Aqua,MODIS,92,6.2,297.5,357.1,D,0
22.091,92.2041,315.4,4.5,2,2005-04-05,0753,Aqua,MODIS,53,6.2,297.2,51,D,0
22.2194,92.4505,327.3,4.7,2,2005-04-05,0753,Aqua,MODIS,80,6.2,295.1,169.2,D,0
22.0728,92.4285,340.8,4.7,2,2005-04-05,0753,Aqua,MODIS,90,6.2,297.7,315.7,D,0
22.0482,92.3411,356.4,4.6,2,2005-04-05,0753,Aqua,MODIS,98,6.2,297.3,598,D,0
21.5218,92.2483,313.8,4.5,2,2005-04-05,0753,Aqua,MODIS,45,6.2,296.9,51.1,D,0
22.1201,92.3266,347.4,4.6,2,2005-04-05,0753,Aqua,MODIS,94,6.2,300.1,428.6,D,0
22.1412,92.3691,361.5,4.7,2,2005-04-05,0753,Aqua,MODIS,100,6.2,297.7,750.4,D,0
22.1591,92.3687,331.4,4.7,2,2005-04-05,0753,Aqua,MODIS,84,6.2,298.8,195.9,D,0
22.1557,92.324,344.7,4.6,2,2005-04-05,0753,Aqua,MODIS,92,6.2,297.4,386,D,0
21.8515,92.5507,356.3,4.8,2,2005-04-05,0753,Aqua,MODIS,98,6.2,293.1,663.4,D,0
21.848,92.5063,323.5,4.7,2,2005-04-05,0753,Aqua,MODIS,27,6.2,290.5,125.2,D,0
21.8486,92.5462,352.5,4.8,2,2005-04-05,0753,Aqua,MODIS,96,6.2,293,567.3,D,0
21.6178,92.5431,315.2,4.7,2,2005-04-05,0753,Aqua,MODIS,32,6.2,295.1,76.2,D,0
21.6177,92.5505,317.6,4.7,2,2005-04-05,0753,Aqua,MODIS,68,6.2,295.2,100.5,D,0
21.9069,92.3648,327.9,4.6,2,2005-04-05,0753,Aqua,MODIS,77,6.2,296.1,154.8,D,0
22.2168,92.446,331.8,4.7,2,2005-04-05,0753,Aqua,MODIS,84,6.2,295,223.8,D,0
21.7953,92.2916,333.5,4.6,2,2005-04-05,0753,Aqua,MODIS,85,6.2,298.7,222.6,D,0
21.7776,92.2926,321.2,4.6,2,2005-04-05,0753,Aqua,MODIS,39,6.2,298.4,88.2,D,0
21.7938,92.2995,330.7,4.6,2,2005-04-05,0753,Aqua,MODIS,77,6.2,298.6,183.2,D,0
22.2105,92.3593,346.6,4.7,2,2005-04-05,0753,Aqua,MODIS,93,6.2,300,433.3,D,0
22.2136,92.4027,331,4.7,2,2005-04-05,0753,Aqua,MODIS,84,6.2,298.9,204.9,D,0
22.059,92.2488,325.3,4.6,2,2005-04-05,0753,Aqua,MODIS,46,6.2,298.2,120.9,D,0
22.1444,92.4123,320,4.7,2,2005-04-05,0753,Aqua,MODIS,52,6.2,294.9,79,D,0
21.7766,92.5157,317.3,4.7,2,2005-04-05,0753,Aqua,MODIS,28,6.2,291.7,82.7,D,0
22.1267,92.4157,327.9,4.7,2,2005-04-05,0753,Aqua,MODIS,60,6.2,284.6,143.4,D,0
22.0601,92.2528,327.2,4.6,2,2005-04-05,0753,Aqua,MODIS,51,6.2,298.3,138.4,D,0
21.8268,92.466,321.7,4.7,2,2005-04-05,0753,Aqua,MODIS,38,6.2,288.8,105.6,D,0
21.9255,92.3549,346.1,4.6,2,2005-04-05,0753,Aqua,MODIS,93,6.2,296.2,415.8,D,0
21.9247,92.364,344.9,4.6,2,2005-04-05,0753,Aqua,MODIS,93,6.2,295.9,397.7,D,0
21.5897,92.4103,314.1,4.6,2,2005-04-05,0753,Aqua,MODIS,31,6.2,292.2,53.6,D,0
22.209,92.3195,317.6,4.6,2,2005-04-05,0753,Aqua,MODIS,68,6.2,299.5,63.6,D,0
21.6702,92.3107,327.4,4.6,2,2005-04-05,0753,Aqua,MODIS,49,6.2,298,143.2,D,0
21.6891,92.3141,318.3,4.6,2,2005-04-05,0753,Aqua,MODIS,39,6.2,294.7,58.3,D,0
22.2125,92.3637,347,4.7,2,2005-04-05,0753,Aqua,MODIS,94,6.2,299.9,439.2,D,0
22.216,92.4071,334.5,4.7,2,2005-04-05,0753,Aqua,MODIS,86,6.2,299.2,247.2,D,0
21.6715,92.3159,327.8,4.6,2,2005-04-05,0753,Aqua,MODIS,63,6.2,297.9,147.9,D,0
23.2537,92.1964,327.3,4.7,2,2005-04-05,0754,Aqua,MODIS,63,6.2,297,151,D,0
23.3528,92.3173,360.8,4.8,2,2005-04-05,0754,Aqua,MODIS,100,6.2,300.2,754,D,0
23.3708,92.3163,324.2,4.8,2,2005-04-05,0754,Aqua,MODIS,68,6.2,298.3,142.7,D,0
23.167,91.775,327.7,4.3,1.9,2005-04-05,0754,Aqua,MODIS,62,6.2,296.6,144.9,D,0
23.0653,92.3158,333,4.7,2,2005-04-05,0754,Aqua,MODIS,80,6.2,299.2,221.8,D,0
23.0646,92.2756,335.5,4.7,2,2005-04-05,0754,Aqua,MODIS,65,6.2,301,265.7,D,0
23.0678,92.3193,332,4.7,2,2005-04-05,0754,Aqua,MODIS,82,6.2,298.9,201.9,D,0
23.6671,91.946,324.9,4.5,2,2005-04-05,0754,Aqua,MODIS,76,6.2,294.3,148.5,D,0
23.011,92.2799,320.6,4.7,2,2005-04-05,0754,Aqua,MODIS,40,6.2,300.7,100.2,D,0
22.9389,92.2928,314.7,4.7,2,2005-04-05,0754,Aqua,MODIS,27,6.2,300.5,48.6,D,0
23.2481,92.3387,324.3,4.8,2,2005-04-05,0754,Aqua,MODIS,68,6.2,297.3,140.7,D,0
23.2268,92.3033,339.5,4.7,2,2005-04-05,0754,Aqua,MODIS,60,6.2,298.5,289.1,D,0
23.2089,92.2965,346.6,4.7,2,2005-04-05,0754,Aqua,MODIS,92,6.2,299.9,416.3,D,0
22.9412,92.2969,315.3,4.7,2,2005-04-05,0754,Aqua,MODIS,34,6.2,300.6,53.8,D,0
23.3351,92.3279,338.6,4.8,2,2005-04-05,0754,Aqua,MODIS,85,6.2,298.1,301.3,D,0
23.2474,92.1056,321.2,4.6,2,2005-04-05,0754,Aqua,MODIS,71,6.2,297.6,101.5,D,0
23.3531,92.3267,365.8,4.8,2,2005-04-05,0754,Aqua,MODIS,100,6.2,300.3,899,D,0
23.2089,92.305,354.6,4.7,2,2005-04-05,0754,Aqua,MODIS,97,6.2,299.9,591,D,0
23.2489,92.1099,320.3,4.6,2,2005-04-05,0754,Aqua,MODIS,70,6.2,297.9,95.7,D,0
23.2268,92.2946,333.5,4.7,2,2005-04-05,0754,Aqua,MODIS,32,6.2,298.5,214.4,D,0
23.6487,91.9608,317.4,4.5,2,2005-04-05,0754,Aqua,MODIS,35,6.2,293.9,81.4,D,0
23.4213,92.2642,320.2,4.7,2,2005-04-05,0754,Aqua,MODIS,62,6.2,297.2,110.1,D,0
23.3506,91.831,347,4.4,1.9,2005-04-05,0754,Aqua,MODIS,93,6.2,295.1,417.3,D,0
23.368,91.8297,317.4,4.4,1.9,2005-04-05,0754,Aqua,MODIS,43,6.2,295.1,71.3,D,0
23.3566,91.8667,314.7,4.4,1.9,2005-04-05,0754,Aqua,MODIS,28,6.2,292,49.7,D,0
23.3927,92.1392,313.7,4.6,2,2005-04-05,0754,Aqua,MODIS,22,6.2,295.2,50.8,D,0
23.1517,92.2633,327.8,4.7,2,2005-04-05,0754,Aqua,MODIS,52,6.2,299.4,155.5,D,0
23.1909,92.3065,344.1,4.7,2,2005-04-05,0754,Aqua,MODIS,92,6.2,299.1,385.1,D,0
23.1909,92.298,335.7,4.7,2,2005-04-05,0754,Aqua,MODIS,57,6.2,299.1,245.7,D,0
23.3533,91.8225,345.6,4.4,1.9,2005-04-05,0754,Aqua,MODIS,92,6.2,295.3,397.7,D,0
23.3707,91.8213,314,4.4,1.9,2005-04-05,0754,Aqua,MODIS,28,6.2,294.3,51.1,D,0
23.2558,92.2006,330.6,4.7,2,2005-04-05,0754,Aqua,MODIS,82,6.2,296.9,194.9,D,0
23.0105,92.2877,318.3,4.7,2,2005-04-05,0754,Aqua,MODIS,38,6.2,300.5,80.5,D,0
23.6654,91.9544,326.2,4.5,2,2005-04-05,0754,Aqua,MODIS,78,6.2,294.6,160.2,D,0
23.0623,92.2715,326.4,4.7,2,2005-04-05,0754,Aqua,MODIS,59,6.2,301,157.8,D,0
21.6017,92.354,319.1,1.9,1.3,2005-04-05,1543,Terra,MODIS,98,6.2,294.1,41.6,N,0
22.0576,92.4481,304.2,1.8,1.3,2005-04-05,1543,Terra,MODIS,59,6.2,293.5,12.6,N,0
23.3393,91.8289,305.4,1.9,1.3,2005-04-05,1543,Terra,MODIS,64,6.2,294.1,13.8,N,0
23.0778,92.3233,305.7,1.8,1.3,2005-04-05,1543,Terra,MODIS,65,6.2,294.1,13.5,N,0
22.2863,92.1475,308.9,1.9,1.3,2005-04-05,1543,Terra,MODIS,76,6.2,293.8,20.3,N,0
22.2911,92.1408,312,1.9,1.3,2005-04-05,1543,Terra,MODIS,84,6.2,293.7,26.6,N,0
23.3441,91.8223,308.3,1.9,1.3,2005-04-05,1543,Terra,MODIS,74,6.2,294.2,19.5,N,0
23.0942,92.182,325.2,1.2,1.1,2005-04-06,0658,Aqua,MODIS,76,6.2,299.1,18.3,D,0
21.6987,92.5762,406.5,1.2,1.1,2005-04-06,0658,Aqua,MODIS,100,6.2,310.3,352.6,D,0
21.7082,92.5743,368.7,1.2,1.1,2005-04-06,0658,Aqua,MODIS,100,6.2,306.5,126,D,0
21.7326,92.5749,339.7,1.2,1.1,2005-04-06,0658,Aqua,MODIS,88,6.2,307.2,42.5,D,0
21.7595,92.5589,340.9,1.2,1.1,2005-04-06,0658,Aqua,MODIS,89,6.2,304.1,43.6,D,0
21.7577,92.5475,374.7,1.2,1.1,2005-04-06,0658,Aqua,MODIS,100,6.2,309.9,152.7,D,0
21.7558,92.5358,329.9,1.2,1.1,2005-04-06,0658,Aqua,MODIS,79,6.2,309,23.8,D,0
21.7915,92.5756,336.5,1.2,1.1,2005-04-06,0658,Aqua,MODIS,86,6.2,304,36.4,D,0
21.6708,92.524,367.7,1.2,1.1,2005-04-06,0658,Aqua,MODIS,100,6.2,307.5,123.6,D,0
21.6274,92.499,325.2,1.2,1.1,2005-04-06,0658,Aqua,MODIS,73,6.2,298.1,17.4,D,0
21.9468,92.5138,344.4,1.2,1.1,2005-04-06,0658,Aqua,MODIS,91,6.2,302.6,51.9,D,0
21.9699,92.4732,338,1.2,1.1,2005-04-06,0658,Aqua,MODIS,87,6.2,307,36.8,D,0
21.9681,92.4618,325.4,1.2,1.1,2005-04-06,0658,Aqua,MODIS,74,6.2,307.2,15.2,D,0
21.8467,92.4681,387.1,1.2,1.1,2005-04-06,0658,Aqua,MODIS,100,6.2,308.8,215.6,D,0
21.8449,92.4569,368.6,1.2,1.1,2005-04-06,0658,Aqua,MODIS,100,6.2,308.6,124.2,D,0
21.8562,92.4663,361.2,1.2,1.1,2005-04-06,0658,Aqua,MODIS,100,6.2,309,96.7,D,0
21.8545,92.4552,347.3,1.2,1.1,2005-04-06,0658,Aqua,MODIS,93,6.2,308.5,55.4,D,0
21.8693,92.4865,332.3,1.2,1.1,2005-04-06,0658,Aqua,MODIS,82,6.2,305.9,27,D,0
21.8788,92.4848,355,1.2,1.1,2005-04-06,0658,Aqua,MODIS,97,6.2,306.9,76.6,D,0
21.8771,92.4735,354,1.2,1.1,2005-04-06,0658,Aqua,MODIS,97,6.2,307,73,D,0
21.8753,92.4626,336.8,1.2,1.1,2005-04-06,0658,Aqua,MODIS,86,6.2,306.3,33.1,D,0
21.8884,92.4828,332.3,1.2,1.1,2005-04-06,0658,Aqua,MODIS,69,6.2,304,24.4,D,0
21.8866,92.4718,373.8,1.2,1.1,2005-04-06,0658,Aqua,MODIS,100,6.2,308.6,146.3,D,0
21.8849,92.4606,351.4,1.2,1.1,2005-04-06,0658,Aqua,MODIS,95,6.2,307.5,67.8,D,0
21.8934,92.4868,323.3,1.2,1.1,2005-04-06,0658,Aqua,MODIS,71,6.2,303,14.9,D,0
21.8916,92.4758,345.3,1.2,1.1,2005-04-06,0658,Aqua,MODIS,92,6.2,305.3,53.4,D,0
21.8898,92.4647,337.3,1.2,1.1,2005-04-06,0658,Aqua,MODIS,86,6.2,307.5,35,D,0
21.9012,92.4742,343.4,1.2,1.1,2005-04-06,0658,Aqua,MODIS,91,6.2,304.2,47,D,0
21.8994,92.463,331.7,1.2,1.1,2005-04-06,0658,Aqua,MODIS,82,6.2,305.5,24.2,D,0
21.9107,92.4722,330.4,1.2,1.1,2005-04-06,0658,Aqua,MODIS,65,6.2,305.3,22.3,D,0
21.9089,92.461,358.1,1.2,1.1,2005-04-06,0658,Aqua,MODIS,99,6.2,308.1,87.3,D,0
21.9071,92.4499,335.2,1.2,1.1,2005-04-06,0658,Aqua,MODIS,85,6.2,306.7,30.3,D,0
21.8901,92.4942,358.2,1.2,1.1,2005-04-06,0658,Aqua,MODIS,99,6.2,305.7,87.3,D,0
21.9203,92.4705,325.5,1.2,1.1,2005-04-06,0658,Aqua,MODIS,74,6.2,306.7,16.6,D,0
21.9185,92.4593,334.9,1.2,1.1,2005-04-06,0658,Aqua,MODIS,84,6.2,307.8,31.3,D,0
21.9131,92.4257,320.8,1.2,1.1,2005-04-06,0658,Aqua,MODIS,38,6.2,304.9,8.8,D,0
21.9527,92.2859,344.7,1.2,1.1,2005-04-06,0658,Aqua,MODIS,92,6.2,301.6,52.6,D,0
21.9678,92.3181,353.9,1.2,1.1,2005-04-06,0658,Aqua,MODIS,97,6.2,303.6,77,D,0
21.9643,92.2962,353.3,1.2,1.1,2005-04-06,0658,Aqua,MODIS,96,6.2,297.4,73.3,D,0
21.9623,92.2841,391.5,1.2,1.1,2005-04-06,0658,Aqua,MODIS,100,6.2,300.2,249.5,D,0
21.8674,92.3502,326.6,1.2,1.1,2005-04-06,0658,Aqua,MODIS,76,6.2,302.9,18.8,D,0
21.8718,92.3536,327.8,1.2,1.1,2005-04-06,0658,Aqua,MODIS,78,6.2,305.6,19.3,D,0
21.7735,92.3367,339.1,1.2,1.1,2005-04-06,0658,Aqua,MODIS,88,6.2,305.8,40.1,D,0
21.7769,92.3422,350.2,1.2,1.1,2005-04-06,0658,Aqua,MODIS,95,6.2,305.5,65.6,D,0
21.7751,92.3308,340.2,1.2,1.1,2005-04-06,0658,Aqua,MODIS,89,6.2,305.3,41.1,D,0
21.7944,92.3273,345.9,1.2,1.1,2005-04-06,0658,Aqua,MODIS,92,6.2,305.5,54.4,D,0
21.7925,92.3159,323.4,1.2,1.1,2005-04-06,0658,Aqua,MODIS,61,6.2,306.3,12.3,D,0
21.804,92.3256,339,1.2,1.1,2005-04-06,0658,Aqua,MODIS,88,6.2,307.2,39.1,D,0
21.8022,92.3141,324.8,1.2,1.1,2005-04-06,0658,Aqua,MODIS,68,6.2,307.7,14.6,D,0
22.0577,92.1767,321.3,1.2,1.1,2005-04-06,0658,Aqua,MODIS,67,6.2,306.3,10,D,0
22.2023,92.3192,333.5,1.2,1.1,2005-04-06,0658,Aqua,MODIS,84,6.2,305.2,29.1,D,0
21.7506,92.5034,327.9,1.2,1.1,2005-04-06,0658,Aqua,MODIS,77,6.2,305.8,19.1,D,0
21.7488,92.4919,322.6,1.2,1.1,2005-04-06,0658,Aqua,MODIS,61,6.2,306.1,11.5,D,0
21.6691,92.5131,339.2,1.2,1.1,2005-04-06,0658,Aqua,MODIS,88,6.2,305.4,39.1,D,0
21.6674,92.5029,330.4,1.2,1.1,2005-04-06,0658,Aqua,MODIS,78,6.2,304.7,22.6,D,0
21.7056,92.4953,326.6,1.2,1.1,2005-04-06,0658,Aqua,MODIS,76,6.2,303.4,18.9,D,0
21.7039,92.4847,328.4,1.2,1.1,2005-04-06,0658,Aqua,MODIS,78,6.2,304.4,21.3,D,0
21.7088,92.4881,332.6,1.2,1.1,2005-04-06,0658,Aqua,MODIS,82,6.2,304.6,27.2,D,0
21.7297,92.4955,332.3,1.2,1.1,2005-04-06,0658,Aqua,MODIS,82,6.2,306.3,26.8,D,0
21.7279,92.4845,326.5,1.2,1.1,2005-04-06,0658,Aqua,MODIS,69,6.2,308.3,17.2,D,0
21.7411,92.5052,345.7,1.2,1.1,2005-04-06,0658,Aqua,MODIS,92,6.2,306.4,53.1,D,0
21.7392,92.4938,369.6,1.2,1.1,2005-04-06,0658,Aqua,MODIS,100,6.2,311,130.2,D,0
21.7374,92.4826,354,1.2,1.1,2005-04-06,0658,Aqua,MODIS,97,6.2,309.3,75.1,D,0
21.9835,92.2927,350.5,1.2,1.1,2005-04-06,0658,Aqua,MODIS,95,6.2,300.7,66.4,D,0
21.9816,92.2806,356.5,1.2,1.1,2005-04-06,0658,Aqua,MODIS,98,6.2,304.6,84.7,D,0
21.9805,92.5407,385.5,1.2,1.1,2005-04-06,0658,Aqua,MODIS,100,6.2,296.3,205.9,D,0
21.9787,92.5293,339.9,1.2,1.1,2005-04-06,0658,Aqua,MODIS,59,6.2,294.1,39.2,D,0
21.9759,92.4489,356.3,1.2,1.1,2005-04-06,0658,Aqua,MODIS,98,6.2,308.3,81.3,D,0
21.9741,92.4377,334,1.2,1.1,2005-04-06,0658,Aqua,MODIS,84,6.2,306.6,28.8,D,0
21.98,92.4541,331.1,1.2,1.1,2005-04-06,0658,Aqua,MODIS,81,6.2,306.6,21.5,D,0
21.9782,92.4429,346.8,1.2,1.1,2005-04-06,0658,Aqua,MODIS,93,6.2,308.1,54.3,D,0
22.0023,92.531,365.2,1.2,1.1,2005-04-06,0658,Aqua,MODIS,100,6.2,302.7,110.6,D,0
22.0003,92.5192,381.1,1.2,1.1,2005-04-06,0658,Aqua,MODIS,100,6.2,312.3,181.7,D,0
22.0098,92.5173,369,1.2,1.1,2005-04-06,0658,Aqua,MODIS,100,6.2,310.6,124.2,D,0
22.0056,92.3684,342.6,1.2,1.1,2005-04-06,0658,Aqua,MODIS,90,6.2,302.5,48.9,D,0
22.0038,92.3571,328,1.2,1.1,2005-04-06,0658,Aqua,MODIS,78,6.2,302.4,22.4,D,0
22.0206,92.4001,325.7,1.2,1.1,2005-04-06,0658,Aqua,MODIS,75,6.2,306.2,14.7,D,0
22.0212,92.3426,346.5,1.2,1.1,2005-04-06,0658,Aqua,MODIS,93,6.2,304,57.1,D,0
22.0194,92.3313,353.9,1.2,1.1,2005-04-06,0658,Aqua,MODIS,97,6.2,306.4,77.3,D,0
21.4178,92.4853,320.1,1.2,1.1,2005-04-06,0658,Aqua,MODIS,68,6.2,305,10.6,D,0
21.4677,92.4709,359.5,1.2,1.1,2005-04-06,0658,Aqua,MODIS,99,6.2,306.9,94.3,D,0
22.1116,92.2018,322.8,1.2,1.1,2005-04-06,0658,Aqua,MODIS,71,6.2,307,12.4,D,0
21.5588,92.4591,322.6,1.2,1.1,2005-04-06,0658,Aqua,MODIS,71,6.2,306.3,11.1,D,0
21.7325,92.2038,322.4,1.2,1.1,2005-04-06,0658,Aqua,MODIS,71,6.2,305.3,9.5,D,0
21.7306,92.1923,322.8,1.2,1.1,2005-04-06,0658,Aqua,MODIS,71,6.2,307.6,10.2,D,0
21.8743,92.2471,318.6,1.2,1.1,2005-04-06,0658,Aqua,MODIS,56,6.2,304.2,8.2,D,0
21.8725,92.2357,320.5,1.2,1.1,2005-04-06,0658,Aqua,MODIS,67,6.2,306.1,10.9,D,0
21.884,92.2452,332.8,1.2,1.1,2005-04-06,0658,Aqua,MODIS,83,6.2,303.4,28.1,D,0
21.8821,92.2338,336.5,1.2,1.1,2005-04-06,0658,Aqua,MODIS,86,6.2,306,35.8,D,0
21.634,92.1691,321.9,1.2,1.1,2005-04-06,0658,Aqua,MODIS,70,6.2,307.4,10.5,D,0
22.4467,92.3577,322.3,1.2,1.1,2005-04-06,0658,Aqua,MODIS,71,6.2,303.2,13.1,D,0
22.4527,92.3336,320.9,1.2,1.1,2005-04-06,0658,Aqua,MODIS,69,6.2,302.9,11.6,D,0
21.834,92.2022,320.8,1.2,1.1,2005-04-06,0658,Aqua,MODIS,68,6.2,305.1,10.4,D,0
22.1116,92.388,322.7,1.2,1.1,2005-04-06,0658,Aqua,MODIS,65,6.2,305.9,13.2,D,0
22.1367,92.3603,320.9,1.2,1.1,2005-04-06,0658,Aqua,MODIS,64,6.2,303.6,10.3,D,0
22.135,92.3491,323.2,1.2,1.1,2005-04-06,0658,Aqua,MODIS,72,6.2,302.4,13.1,D,0
21.8844,92.52,322.6,1.2,1.1,2005-04-06,0658,Aqua,MODIS,53,6.2,302,13.7,D,0
21.8825,92.5079,372.8,1.2,1.1,2005-04-06,0658,Aqua,MODIS,100,6.2,306.1,144.5,D,0
21.8806,92.4962,375.4,1.2,1.1,2005-04-06,0658,Aqua,MODIS,100,6.2,308.6,154.7,D,0
21.892,92.5061,347.9,1.2,1.1,2005-04-06,0658,Aqua,MODIS,93,6.2,304.3,58.7,D,0
21.8953,92.4984,316.5,1.2,1.1,2005-04-06,0658,Aqua,MODIS,47,6.2,302.3,7.1,D,0
21.4449,92.4519,333.7,1.2,1.1,2005-04-06,0658,Aqua,MODIS,84,6.2,304.2,28.1,D,0
21.443,92.4406,332.3,1.2,1.1,2005-04-06,0658,Aqua,MODIS,72,6.2,304.9,26.5,D,0
21.4563,92.4612,333.5,1.2,1.1,2005-04-06,0658,Aqua,MODIS,84,6.2,303.9,27.9,D,0
21.4527,92.4388,325.9,1.2,1.1,2005-04-06,0658,Aqua,MODIS,48,6.2,305.2,16.4,D,0
21.4659,92.4594,390.7,1.2,1.1,2005-04-06,0658,Aqua,MODIS,100,6.2,312.3,243.6,D,0
22.041,92.4667,333.6,1.2,1.1,2005-04-06,0658,Aqua,MODIS,76,6.2,304.5,26.8,D,0
22.0372,92.443,324.9,1.2,1.1,2005-04-06,0658,Aqua,MODIS,48,6.2,308.4,12.3,D,0
22.0564,92.4399,325.1,1.2,1.1,2005-04-06,0658,Aqua,MODIS,70,6.2,307.2,13.5,D,0
23.121,92.0776,318,1.2,1.1,2005-04-06,0658,Aqua,MODIS,66,6.2,303.6,8.5,D,0
23.1347,92.04,318,1.2,1.1,2005-04-06,0658,Aqua,MODIS,66,6.2,303,9.5,D,0
23.3578,92.216,321.3,1.1,1.1,2005-04-06,0658,Aqua,MODIS,71,6.2,299,15.1,D,0
23.356,92.2048,324.3,1.2,1.1,2005-04-06,0658,Aqua,MODIS,66,6.2,301,18.8,D,0
23.1173,92.327,348.1,1.1,1.1,2005-04-06,0658,Aqua,MODIS,94,6.2,302.7,59.6,D,0
23.1439,92.3099,332.3,1.1,1.1,2005-04-06,0658,Aqua,MODIS,84,6.2,300.1,29.7,D,0
23.1422,92.299,326.1,1.1,1.1,2005-04-06,0658,Aqua,MODIS,78,6.2,298.9,20.2,D,0
23.3465,92.2067,341.8,1.2,1.1,2005-04-06,0658,Aqua,MODIS,91,6.2,298.1,47.2,D,0
21.6631,92.5372,319.8,1.2,1.1,2005-04-06,0658,Aqua,MODIS,61,6.2,301.9,10.2,D,0
21.6612,92.5258,340.6,1.2,1.1,2005-04-06,0658,Aqua,MODIS,89,6.2,304.7,43.4,D,0
21.6726,92.5355,341.3,1.2,1.1,2005-04-06,0658,Aqua,MODIS,89,6.2,303.5,44.7,D,0
21.6969,92.5648,366,1.2,1.1,2005-04-06,0658,Aqua,MODIS,100,6.2,307.4,116.7,D,0
21.7065,92.5631,361,1.2,1.1,2005-04-06,0658,Aqua,MODIS,100,6.2,306.8,98,D,0
21.7213,92.5653,332.3,1.2,1.1,2005-04-06,0658,Aqua,MODIS,82,6.2,307,27.1,D,0
21.7308,92.5635,325.1,1.2,1.1,2005-04-06,0658,Aqua,MODIS,73,6.2,306.3,16.8,D,0
21.6475,92.5629,318.3,1.2,1.1,2005-04-06,0658,Aqua,MODIS,58,6.2,303.6,9.2,D,0
23.2477,92.3173,358.3,1.1,1.1,2005-04-06,0658,Aqua,MODIS,93,6.2,298.9,89.5,D,0
23.246,92.3062,317.2,1.1,1.1,2005-04-06,0658,Aqua,MODIS,22,6.2,300.2,8.5,D,0
23.2509,92.3112,330,1.1,1.1,2005-04-06,0658,Aqua,MODIS,77,6.2,297.8,27.2,D,0
22.0477,92.2375,319,1.2,1.1,2005-04-06,0658,Aqua,MODIS,62,6.2,305.1,7.9,D,0
22.0805,92.2559,316.8,1.2,1.1,2005-04-06,0658,Aqua,MODIS,55,6.2,304.5,6.1,D,0
21.7686,92.4304,356.3,1.2,1.1,2005-04-06,0658,Aqua,MODIS,98,6.2,305.9,82.8,D,0
21.7669,92.4203,361.8,1.2,1.1,2005-04-06,0658,Aqua,MODIS,100,6.2,306,101.7,D,0
21.637,92.4972,387.9,1.2,1.1,2005-04-06,0658,Aqua,MODIS,100,6.2,307,224.4,D,0
21.6352,92.4864,337.5,1.2,1.1,2005-04-06,0658,Aqua,MODIS,87,6.2,304.3,37.2,D,0
21.6595,92.5147,326.6,1.2,1.1,2005-04-06,0658,Aqua,MODIS,52,6.2,305,17.2,D,0
21.6639,92.4807,321,1.2,1.1,2005-04-06,0658,Aqua,MODIS,44,6.2,304.3,11.2,D,0
21.6623,92.4704,318.1,1.2,1.1,2005-04-06,0658,Aqua,MODIS,47,6.2,302.4,8.3,D,0
21.5605,92.4701,348.1,1.2,1.1,2005-04-06,0658,Aqua,MODIS,94,6.2,306.7,60.6,D,0
21.5701,92.4683,360.6,1.2,1.1,2005-04-06,0658,Aqua,MODIS,100,6.2,307.9,97.2,D,0
21.5683,92.4572,329,1.2,1.1,2005-04-06,0658,Aqua,MODIS,79,6.2,307.8,19.9,D,0
22.9756,91.9536,334.7,1.2,1.1,2005-04-06,0658,Aqua,MODIS,85,6.2,298.3,33.5,D,0
22.9737,91.9419,349.7,1.2,1.1,2005-04-06,0658,Aqua,MODIS,95,6.2,297.9,67.1,D,0
22.8637,91.8981,347.1,1.2,1.1,2005-04-06,0658,Aqua,MODIS,93,6.2,302.5,61.6,D,0
22.8618,91.8865,319.5,1.2,1.1,2005-04-06,0658,Aqua,MODIS,67,6.2,303.8,9.1,D,0
22.9293,91.9146,320.1,1.2,1.1,2005-04-06,0658,Aqua,MODIS,69,6.2,301.5,10.8,D,0
21.718,92.3003,336.7,1.2,1.1,2005-04-06,0658,Aqua,MODIS,86,6.2,306,35.9,D,0
21.7277,92.2984,349.1,1.2,1.1,2005-04-06,0658,Aqua,MODIS,94,6.2,306.3,64.9,D,0
21.7621,92.327,354,1.2,1.1,2005-04-06,0658,Aqua,MODIS,97,6.2,305.7,77.8,D,0
21.7587,92.1692,322.7,1.2,1.1,2005-04-06,0658,Aqua,MODIS,71,6.2,308.1,10.8,D,0
21.8903,92.4067,328,1.2,1.1,2005-04-06,0658,Aqua,MODIS,25,6.2,303.5,16.8,D,0
21.9017,92.4163,325.1,1.2,1.1,2005-04-06,0658,Aqua,MODIS,49,6.2,305.7,14.5,D,0
21.8999,92.405,355.9,1.2,1.1,2005-04-06,0658,Aqua,MODIS,98,6.2,307,81.2,D,0
21.9113,92.4144,324.6,1.2,1.1,2005-04-06,0658,Aqua,MODIS,71,6.2,304.8,14.1,D,0
21.5179,92.2677,338.4,1.2,1.1,2005-04-06,0658,Aqua,MODIS,88,6.2,304.8,40.4,D,0
21.5161,92.2562,317,1.2,1.1,2005-04-06,0658,Aqua,MODIS,55,6.2,303.8,6.7,D,0
21.9159,92.1329,332.6,1.2,1.1,2005-04-06,0658,Aqua,MODIS,83,6.2,303.9,29.3,D,0
21.914,92.1214,317.2,1.2,1.1,2005-04-06,0658,Aqua,MODIS,58,6.2,301.7,7.2,D,0
21.6874,92.4423,323.6,1.2,1.1,2005-04-06,0658,Aqua,MODIS,68,6.2,304.6,15,D,0
21.759,92.4323,323.3,1.2,1.1,2005-04-06,0658,Aqua,MODIS,71,6.2,305.6,14.3,D,0
21.9599,92.3307,322.9,1.2,1.1,2005-04-06,0658,Aqua,MODIS,35,6.2,297.6,14.1,D,0
23.0427,92.3122,384.5,1.1,1.1,2005-04-06,0658,Aqua,MODIS,100,6.2,298.7,200.1,D,0
23.0409,92.3009,413.3,1.1,1.1,2005-04-06,0658,Aqua,MODIS,100,6.2,309.3,409,D,0
23.0651,92.3302,326.3,1.1,1.1,2005-04-06,0658,Aqua,MODIS,77,6.2,302.3,17.7,D,0
23.0634,92.3196,332.6,1.1,1.1,2005-04-06,0658,Aqua,MODIS,83,6.2,302.1,27.2,D,0
23.0681,92.3245,349.4,1.1,1.1,2005-04-06,0658,Aqua,MODIS,95,6.2,303.5,62,D,0
23.0664,92.3136,322.1,1.1,1.1,2005-04-06,0658,Aqua,MODIS,73,6.2,302.3,11.6,D,0
21.7781,92.4286,344,1.2,1.1,2005-04-06,0658,Aqua,MODIS,91,6.2,306.3,47.7,D,0
21.7765,92.4182,356.1,1.2,1.1,2005-04-06,0658,Aqua,MODIS,98,6.2,306.5,81.1,D,0
21.7861,92.4162,330.8,1.2,1.1,2005-04-06,0658,Aqua,MODIS,81,6.2,305.4,23,D,0
21.7898,92.421,324.1,1.2,1.1,2005-04-06,0658,Aqua,MODIS,72,6.2,305.3,14.6,D,0
21.7881,92.4108,320.3,1.2,1.1,2005-04-06,0658,Aqua,MODIS,56,6.2,304.9,10.4,D,0
23.2236,92.2879,328.5,1.1,1.1,2005-04-06,0658,Aqua,MODIS,76,6.2,298.5,22.4,D,0
23.2278,92.2529,352.1,1.1,1.1,2005-04-06,0658,Aqua,MODIS,96,6.2,297.9,71.7,D,0
23.2373,92.2511,374.6,1.1,1.1,2005-04-06,0658,Aqua,MODIS,100,6.2,300.5,151.8,D,0
23.2356,92.2402,325.8,1.2,1.1,2005-04-06,0658,Aqua,MODIS,64,6.2,299.5,16.9,D,0
23.2402,92.2452,336.7,1.1,1.1,2005-04-06,0658,Aqua,MODIS,82,6.2,300.8,37.6,D,0
22.999,91.913,319.3,1.2,1.1,2005-04-06,0658,Aqua,MODIS,57,6.2,299.7,10.1,D,0
23.0329,91.9251,319.1,1.2,1.1,2005-04-06,0658,Aqua,MODIS,68,6.2,299.3,10.4,D,0
23.1464,92.2637,340.2,1.2,1.1,2005-04-06,0658,Aqua,MODIS,89,6.2,300.5,41.2,D,0
23.1501,92.2562,334.3,1.2,1.1,2005-04-06,0658,Aqua,MODIS,85,6.2,302.1,30.5,D,0
23.1958,92.2361,337.7,1.2,1.1,2005-04-06,0658,Aqua,MODIS,88,6.2,302.2,36.3,D,0
21.7603,92.3157,337.2,1.2,1.1,2005-04-06,0658,Aqua,MODIS,87,6.2,307.1,36.7,D,0
21.6771,92.3144,349.6,1.2,1.1,2005-04-06,0658,Aqua,MODIS,94,6.2,306.5,62.9,D,0
21.6812,92.3187,332,1.2,1.1,2005-04-06,0658,Aqua,MODIS,82,6.2,306.8,25.8,D,0
21.6794,92.3075,329.5,1.2,1.1,2005-04-06,0658,Aqua,MODIS,80,6.2,306,21.7,D,0
21.7198,92.3116,346.3,1.2,1.1,2005-04-06,0658,Aqua,MODIS,93,6.2,307.4,57.3,D,0
21.7295,92.3098,334.1,1.2,1.1,2005-04-06,0658,Aqua,MODIS,84,6.2,305.9,30.8,D,0
22.3517,92.4904,321,1.1,1.1,2005-04-06,0658,Aqua,MODIS,61,6.2,307.1,8.5,D,0
23.1474,92.3319,313.8,1.1,1.1,2005-04-06,0658,Aqua,MODIS,22,6.2,299.4,6.5,D,0
21.8385,92.5397,319.7,1.2,1.1,2005-04-06,0658,Aqua,MODIS,47,6.2,302.8,8.8,D,0
21.8711,92.498,328.8,1.2,1.1,2005-04-06,0658,Aqua,MODIS,78,6.2,304.8,21.1,D,0
21.7897,92.5642,368.4,1.2,1.1,2005-04-06,0658,Aqua,MODIS,100,6.2,306.7,126.6,D,0
21.5574,92.5734,352.9,1.2,1.1,2005-04-06,0658,Aqua,MODIS,96,6.2,306.7,72.8,D,0
21.5556,92.5622,334.8,1.2,1.1,2005-04-06,0658,Aqua,MODIS,85,6.2,306.5,31.1,D,0
21.5634,92.5496,322.9,1.2,1.1,2005-04-06,0658,Aqua,MODIS,71,6.2,302.4,14,D,0
21.5617,92.539,362.5,1.2,1.1,2005-04-06,0658,Aqua,MODIS,100,6.2,300.3,106.2,D,0
21.5046,92.5786,331.1,1.2,1.1,2005-04-06,0658,Aqua,MODIS,81,6.2,304.5,27.2,D,0
21.3522,92.596,316,1.2,1.1,2005-04-06,0658,Aqua,MODIS,55,6.2,304.5,9.2,D,0
23.2943,92.1544,316.1,1.2,1.1,2005-04-06,0658,Aqua,MODIS,32,6.2,298.1,8.3,D,0
23.2925,92.1433,324.9,1.2,1.1,2005-04-06,0658,Aqua,MODIS,77,6.2,299.1,17.9,D,0
23.3081,92.1175,333,1.2,1.1,2005-04-06,0658,Aqua,MODIS,85,6.2,300.5,29.5,D,0
23.1763,91.8666,322.6,1.2,1.1,2005-04-06,0658,Aqua,MODIS,74,6.2,301.4,14.4,D,0
23.1793,91.8726,322.8,1.2,1.1,2005-04-06,0658,Aqua,MODIS,75,6.2,301.2,14.2,D,0
23.2335,92.1434,317.2,1.2,1.1,2005-04-06,0658,Aqua,MODIS,56,6.2,298.7,8.3,D,0
23.2538,92.2081,319.6,1.2,1.1,2005-04-06,0658,Aqua,MODIS,70,6.2,297.2,12,D,0
23.2579,92.1729,319,1.2,1.1,2005-04-06,0658,Aqua,MODIS,69,6.2,301.2,11.1,D,0
21.5924,92.3594,321.2,1.2,1.1,2005-04-06,0658,Aqua,MODIS,52,6.2,307.7,9.2,D,0
21.6416,92.4029,328.4,1.2,1.1,2005-04-06,0658,Aqua,MODIS,79,6.2,308.5,19.3,D,0
21.6397,92.3916,326.5,1.2,1.1,2005-04-06,0658,Aqua,MODIS,76,6.2,307.6,16.2,D,0
21.8631,92.1784,340,1.2,1.1,2005-04-06,0658,Aqua,MODIS,89,6.2,306.7,43.1,D,0
21.8613,92.1669,321.8,1.2,1.1,2005-04-06,0658,Aqua,MODIS,69,6.2,305.7,11.1,D,0
21.8325,92.3795,320,1.2,1.1,2005-04-06,0658,Aqua,MODIS,65,6.2,303.2,10.8,D,0
21.8309,92.3692,322.3,1.2,1.1,2005-04-06,0658,Aqua,MODIS,70,6.2,300.8,13.5,D,0
21.8691,92.3604,343.7,1.2,1.1,2005-04-06,0658,Aqua,MODIS,91,6.2,304.8,50.5,D,0
21.8735,92.3641,332.3,1.2,1.1,2005-04-06,0658,Aqua,MODIS,82,6.2,304.2,25.7,D,0
21.8831,92.3623,324.3,1.2,1.1,2005-04-06,0658,Aqua,MODIS,73,6.2,305.2,14.7,D,0
22.9725,92.3324,316.8,1.1,1.1,2005-04-06,0658,Aqua,MODIS,57,6.2,303.1,7.1,D,0
22.9781,92.336,315.7,1.1,1.1,2005-04-06,0658,Aqua,MODIS,55,6.2,303.2,6.2,D,0
22.2536,92.2448,354,1.2,1.1,2005-04-06,0658,Aqua,MODIS,97,6.2,305.8,77.4,D,0
22.2517,92.2336,323.5,1.2,1.1,2005-04-06,0658,Aqua,MODIS,73,6.2,305.3,14,D,0
22.2632,92.2431,322.3,1.2,1.1,2005-04-06,0658,Aqua,MODIS,66,6.2,305.6,11.8,D,0
22.2563,92.1388,316.3,1.2,1.1,2005-04-06,0658,Aqua,MODIS,38,6.2,303.6,6.3,D,0
23.3756,91.9581,324.8,1.2,1.1,2005-04-06,0659,Aqua,MODIS,65,6.2,299.9,18,D,0
23.5075,92.2733,324,1.1,1.1,2005-04-06,0659,Aqua,MODIS,39,6.2,294.7,16.6,D,0
23.5092,92.2842,337.2,1.1,1.1,2005-04-06,0659,Aqua,MODIS,88,6.2,297.9,38.3,D,0
23.409,92.0859,332.7,1.2,1.1,2005-04-06,0659,Aqua,MODIS,80,6.2,298.2,32.5,D,0
23.4186,92.0841,315.4,1.2,1.1,2005-04-06,0659,Aqua,MODIS,31,6.2,296.3,9.5,D,0
23.3869,92.1533,353.8,1.2,1.1,2005-04-06,0659,Aqua,MODIS,97,6.2,298.1,79.1,D,0
23.3851,92.1419,316.9,1.2,1.1,2005-04-06,0659,Aqua,MODIS,52,6.2,300.2,10.1,D,0
23.5228,92.2749,332.3,1.1,1.1,2005-04-06,0659,Aqua,MODIS,84,6.2,297.1,30.9,D,0
23.5187,92.2824,360.2,1.1,1.1,2005-04-06,0659,Aqua,MODIS,100,6.2,298.9,95.9,D,0
23.5063,91.9909,322.2,1.2,1.1,2005-04-06,0659,Aqua,MODIS,63,6.2,294.5,18,D,0
23.7047,91.9522,324.6,1.2,1.1,2005-04-06,0659,Aqua,MODIS,61,6.2,298.3,18.7,D,0
23.3732,92.0052,319.9,1.2,1.1,2005-04-06,0659,Aqua,MODIS,71,6.2,301.1,12.7,D,0
23.4835,92.2443,394.9,1.1,1.1,2005-04-06,0659,Aqua,MODIS,87,6.2,297.7,261.1,D,0
23.3727,92.0637,335.4,1.2,1.1,2005-04-06,0659,Aqua,MODIS,87,6.2,301.1,36.5,D,0
23.3822,92.0618,374.5,1.2,1.1,2005-04-06,0659,Aqua,MODIS,94,6.2,297.2,156.8,D,0
23.4633,91.9942,320.6,1.2,1.1,2005-04-06,0659,Aqua,MODIS,72,6.2,298,14.4,D,0
23.4868,92.0528,335.4,1.2,1.1,2005-04-06,0659,Aqua,MODIS,82,6.2,298.2,36.7,D,0
23.5209,92.0809,319,1.2,1.1,2005-04-06,0659,Aqua,MODIS,32,6.2,295.2,12.1,D,0
23.5191,92.0698,323,1.2,1.1,2005-04-06,0659,Aqua,MODIS,35,6.2,298.2,16.5,D,0
23.5286,92.0679,321,1.2,1.1,2005-04-06,0659,Aqua,MODIS,42,6.2,297.3,14.8,D,0
23.6389,91.9369,337.2,1.2,1.1,2005-04-06,0659,Aqua,MODIS,87,6.2,298.6,40,D,0
23.6467,91.9234,346.2,1.2,1.1,2005-04-06,0659,Aqua,MODIS,88,6.2,293.5,57.6,D,0
23.6615,92.1405,336.7,1.1,1.1,2005-04-06,0659,Aqua,MODIS,88,6.2,297.6,39.6,D,0
23.671,92.1387,332.1,1.1,1.1,2005-04-06,0659,Aqua,MODIS,84,6.2,299.6,31.2,D,0
23.6692,92.1276,311.8,1.2,1.1,2005-04-06,0659,Aqua,MODIS,43,6.2,298.9,5.5,D,0
23.3283,91.8492,353.1,1.2,1.1,2005-04-06,0659,Aqua,MODIS,97,6.2,301,79.9,D,0
23.3265,91.8378,348,1.2,1.1,2005-04-06,0659,Aqua,MODIS,94,6.2,300.4,65.5,D,0
23.6819,91.9336,325.5,1.2,1.1,2005-04-06,0659,Aqua,MODIS,62,6.2,294,19.6,D,0
23.6801,91.9222,333.1,1.2,1.1,2005-04-06,0659,Aqua,MODIS,85,6.2,297,31.7,D,0
23.722,91.9372,330.5,1.2,1.1,2005-04-06,0659,Aqua,MODIS,65,6.2,296.7,26,D,0
23.4615,91.9831,330.9,1.2,1.1,2005-04-06,0659,Aqua,MODIS,83,6.2,299.5,28.5,D,0
23.4675,91.9587,332.6,1.2,1.1,2005-04-06,0659,Aqua,MODIS,85,6.2,299.8,30.8,D,0
23.4721,91.963,325.9,1.2,1.1,2005-04-06,0659,Aqua,MODIS,65,6.2,299.7,21,D,0
23.4798,91.9496,343.1,1.2,1.1,2005-04-06,0659,Aqua,MODIS,92,6.2,298.5,52.6,D,0
23.3145,91.8872,320.2,1.2,1.1,2005-04-06,0659,Aqua,MODIS,71,6.2,298.7,11.3,D,0
23.3127,91.8757,337.9,1.2,1.1,2005-04-06,0659,Aqua,MODIS,88,6.2,300.9,40.1,D,0
23.6997,92.259,357.7,1.1,1.1,2005-04-06,0659,Aqua,MODIS,99,6.2,303.5,87.5,D,0
23.7039,92.2513,364.2,1.1,1.1,2005-04-06,0659,Aqua,MODIS,100,6.2,304,108.7,D,0
23.6752,92.0742,316.6,1.2,1.1,2005-04-06,0659,Aqua,MODIS,37,6.2,299.1,10,D,0
23.6208,92.2518,314.4,1.1,1.1,2005-04-06,0659,Aqua,MODIS,56,6.2,298.6,8.3,D,0
23.619,92.2409,319.6,1.1,1.1,2005-04-06,0659,Aqua,MODIS,71,6.2,298.5,13.9,D,0
23.6302,92.2498,359,1.1,1.1,2005-04-06,0659,Aqua,MODIS,99,6.2,296.6,93.4,D,0
23.6284,92.239,328.7,1.1,1.1,2005-04-06,0659,Aqua,MODIS,82,6.2,298.9,25.2,D,0
23.4177,91.9564,327.8,1.2,1.1,2005-04-06,0659,Aqua,MODIS,81,6.2,295.5,24.9,D,0
23.4663,92.0749,317.3,1.2,1.1,2005-04-06,0659,Aqua,MODIS,67,6.2,298.7,11.5,D,0
23.3696,91.9827,331.2,1.2,1.1,2005-04-06,0659,Aqua,MODIS,75,6.2,299.1,27,D,0
22.2578,92.3817,308.6,1.6,1.3,2005-04-06,1626,Terra,MODIS,75,6.2,293.9,16.9,N,0
21.9805,92.556,320.7,1,1,2005-04-07,0435,Terra,MODIS,70,6.2,304.7,9.9,D,0
22.1169,92.3875,320.7,1,1,2005-04-07,0435,Terra,MODIS,70,6.2,306.8,8.7,D,0
21.9328,92.3236,326.2,1,1,2005-04-07,0435,Terra,MODIS,78,6.2,304.6,15.6,D,0
21.982,92.5461,326.1,1,1,2005-04-07,0435,Terra,MODIS,77,6.2,308.4,15.9,D,0
21.1004,92.1556,321.8,1,1,2005-04-07,0436,Terra,MODIS,71,6.2,303.6,10.9,D,0
21.7328,92.425,351.9,1,1,2005-04-07,0436,Terra,MODIS,96,6.2,303.8,58.8,D,0
21.7313,92.435,338.9,1,1,2005-04-07,0436,Terra,MODIS,89,6.2,304.9,33.5,D,0
21.1018,92.146,332.6,1,1,2005-04-07,0436,Terra,MODIS,84,6.2,303.7,24,D,0
21.5521,92.5725,355.4,2.8,1.6,2005-04-07,0741,Aqua,MODIS,97,6.2,305,292.1,D,0
21.5495,92.5438,339.7,2.8,1.6,2005-04-07,0741,Aqua,MODIS,87,6.2,306.7,145.5,D,0
21.5639,92.5419,321.5,2.8,1.6,2005-04-07,0741,Aqua,MODIS,63,6.2,304.9,44,D,0
21.7079,92.3341,343.2,2.7,1.6,2005-04-07,0741,Aqua,MODIS,90,6.2,301.9,162.1,D,0
21.6937,92.336,336,2.7,1.6,2005-04-07,0741,Aqua,MODIS,84,6.2,301.6,107.3,D,0
21.6771,92.3116,329.9,2.7,1.6,2005-04-07,0741,Aqua,MODIS,69,6.2,300.9,65.4,D,0
21.7534,92.3249,318.8,2.7,1.6,2005-04-07,0741,Aqua,MODIS,50,6.2,298.8,31.8,D,0
21.7478,92.3038,320.2,2.7,1.6,2005-04-07,0741,Aqua,MODIS,57,6.2,300.1,36.2,D,0
23.6937,92.1099,325.8,2.8,1.6,2005-04-07,0741,Aqua,MODIS,38,6.2,296.2,66.6,D,0
23.49,92.0112,313.8,2.7,1.6,2005-04-07,0741,Aqua,MODIS,13,6.2,294.4,22.8,D,0
23.5348,92.0325,313.6,2.7,1.6,2005-04-07,0741,Aqua,MODIS,46,6.2,293.2,27.9,D,0
23.1645,91.786,315.5,2.6,1.5,2005-04-07,0741,Aqua,MODIS,57,6.2,297.8,23,D,0
23.3736,92.0899,317.7,2.7,1.6,2005-04-07,0741,Aqua,MODIS,65,6.2,295.3,37.8,D,0
23.4371,92.0032,322.9,2.7,1.6,2005-04-07,0741,Aqua,MODIS,74,6.2,296.2,59.3,D,0
23.4303,92.0222,314.3,2.7,1.6,2005-04-07,0741,Aqua,MODIS,40,6.2,294.5,25,D,0
23.4279,91.9954,317.9,2.7,1.6,2005-04-07,0741,Aqua,MODIS,65,6.2,296.5,38.4,D,0
23.6389,92.0123,331.7,2.7,1.6,2005-04-07,0741,Aqua,MODIS,83,6.2,295.5,103.7,D,0
23.6584,92.2268,334.6,2.8,1.6,2005-04-07,0741,Aqua,MODIS,85,6.2,296.1,124.6,D,0
23.1529,92.2891,318.7,2.8,1.6,2005-04-07,0741,Aqua,MODIS,42,6.2,293.8,30.9,D,0
23.2404,92.2441,335.3,2.8,1.6,2005-04-07,0741,Aqua,MODIS,86,6.2,297.4,118.7,D,0
23.3225,92.3468,316.3,2.9,1.6,2005-04-07,0741,Aqua,MODIS,61,6.2,295.6,35.5,D,0
22.2114,92.3749,357.6,2.8,1.6,2005-04-07,0741,Aqua,MODIS,98,6.2,300.9,306.7,D,0
22.2138,92.4007,324.3,2.8,1.6,2005-04-07,0741,Aqua,MODIS,46,6.2,294.4,50.2,D,0
22.1971,92.377,388.2,2.8,1.6,2005-04-07,0741,Aqua,MODIS,100,6.2,304.4,791.4,D,0
22.1994,92.4022,338.5,2.8,1.6,2005-04-07,0741,Aqua,MODIS,87,6.2,297.2,132.4,D,0
22.2048,92.357,346.6,2.8,1.6,2005-04-07,0741,Aqua,MODIS,93,6.2,301.8,194.2,D,0
22.2074,92.3832,379.6,2.8,1.6,2005-04-07,0741,Aqua,MODIS,100,6.2,301.5,621.9,D,0
22.2099,92.4086,325.1,2.8,1.6,2005-04-07,0741,Aqua,MODIS,62,6.2,292,54.7,D,0
22.1905,92.3586,329.8,2.8,1.6,2005-04-07,0741,Aqua,MODIS,78,6.2,300.2,77.2,D,0
22.1931,92.3851,367.1,2.8,1.6,2005-04-07,0741,Aqua,MODIS,100,6.2,302.2,424,D,0
21.8173,92.3922,319.8,2.8,1.6,2005-04-07,0741,Aqua,MODIS,42,6.2,299.4,29.6,D,0
21.7943,92.4526,323.2,2.8,1.6,2005-04-07,0741,Aqua,MODIS,67,6.2,300.6,42.4,D,0
23.0674,92.3305,322.1,2.8,1.6,2005-04-07,0741,Aqua,MODIS,40,6.2,298.4,45.2,D,0
23.0302,92.2876,322.9,2.8,1.6,2005-04-07,0741,Aqua,MODIS,51,6.2,297.7,52.2,D,0
22.9107,92.116,321,2.7,1.6,2005-04-07,0741,Aqua,MODIS,66,6.2,298.1,48.7,D,0
21.9697,92.3942,351.1,2.8,1.6,2005-04-07,0741,Aqua,MODIS,95,6.2,299.3,239.8,D,0
21.922,92.346,327.6,2.7,1.6,2005-04-07,0741,Aqua,MODIS,76,6.2,299.9,71.5,D,0
23.6729,92.2262,345.3,2.8,1.6,2005-04-07,0741,Aqua,MODIS,92,6.2,296.8,200.8,D,0
21.9193,92.317,324.6,2.7,1.6,2005-04-07,0741,Aqua,MODIS,71,6.2,297.7,57.1,D,0
21.9164,92.3215,327.7,2.7,1.6,2005-04-07,0741,Aqua,MODIS,75,6.2,298.1,71.6,D,0
21.9194,92.351,322.6,2.7,1.6,2005-04-07,0741,Aqua,MODIS,66,6.2,299.9,46.1,D,0
21.8986,92.4337,318.3,2.8,1.6,2005-04-07,0741,Aqua,MODIS,49,6.2,299.8,28.9,D,0
21.7934,92.2943,326.9,2.7,1.6,2005-04-07,0741,Aqua,MODIS,73,6.2,299.5,66.9,D,0
21.7792,92.2955,370.2,2.7,1.6,2005-04-07,0741,Aqua,MODIS,100,6.2,300.1,454.5,D,0
21.7651,92.2971,326.4,2.7,1.6,2005-04-07,0741,Aqua,MODIS,66,6.2,300,60,D,0
21.7675,92.3231,329.9,2.7,1.6,2005-04-07,0741,Aqua,MODIS,78,6.2,298.5,79.9,D,0
21.7509,92.2989,325.7,2.7,1.6,2005-04-07,0741,Aqua,MODIS,72,6.2,300.2,60.6,D,0
21.5796,92.2511,326.5,2.7,1.6,2005-04-07,0741,Aqua,MODIS,73,6.2,302.7,59,D,0
21.5819,92.2751,353.2,2.7,1.6,2005-04-07,0741,Aqua,MODIS,96,6.2,303,246,D,0
23.241,92.1437,315.6,2.8,1.6,2005-04-07,0741,Aqua,MODIS,55,6.2,296.4,22.2,D,0
23.2385,92.117,327.4,2.7,1.6,2005-04-07,0741,Aqua,MODIS,79,6.2,298.3,76.3,D,0
23.2453,92.1345,318.6,2.8,1.6,2005-04-07,0741,Aqua,MODIS,61,6.2,297.6,32.2,D,0
23.243,92.1085,322.9,2.7,1.6,2005-04-07,0741,Aqua,MODIS,74,6.2,298.3,53,D,0
22.0689,92.2905,326.8,2.7,1.6,2005-04-07,0741,Aqua,MODIS,76,6.2,298.7,68,D,0
22.0662,92.2961,325.3,2.7,1.6,2005-04-07,0741,Aqua,MODIS,73,6.2,298.8,61.2,D,0
23.2982,91.8871,319.5,2.6,1.6,2005-04-07,0741,Aqua,MODIS,56,6.2,296.4,35.5,D,0
23.2943,91.8921,317.2,2.6,1.6,2005-04-07,0741,Aqua,MODIS,63,6.2,295.8,28.6,D,0
23.4876,91.9843,324.4,2.7,1.6,2005-04-07,0741,Aqua,MODIS,76,6.2,294.6,64,D,0
23.4845,91.9896,334.7,2.7,1.6,2005-04-07,0741,Aqua,MODIS,85,6.2,295.1,119.9,D,0
23.2765,92.3232,338.5,2.8,1.6,2005-04-07,0741,Aqua,MODIS,88,6.2,296.7,154.5,D,0
23.2597,92.2981,352.3,2.8,1.6,2005-04-07,0741,Aqua,MODIS,96,6.2,296.8,267.6,D,0
23.262,92.3248,330.1,2.8,1.6,2005-04-07,0741,Aqua,MODIS,82,6.2,297,97.6,D,0
23.2709,92.305,347,2.8,1.6,2005-04-07,0741,Aqua,MODIS,93,6.2,296.8,216.3,D,0
23.2734,92.3315,336.4,2.8,1.6,2005-04-07,0741,Aqua,MODIS,87,6.2,296.7,133.1,D,0
23.2512,92.2514,325.7,2.8,1.6,2005-04-07,0741,Aqua,MODIS,44,6.2,296.2,61,D,0
23.2565,92.3068,326.2,2.8,1.6,2005-04-07,0741,Aqua,MODIS,46,6.2,297.1,66.9,D,0
23.3764,92.2803,315.9,2.8,1.6,2005-04-07,0741,Aqua,MODIS,27,6.2,295.7,31.8,D,0
23.7023,91.9267,337.1,2.7,1.6,2005-04-07,0741,Aqua,MODIS,87,6.2,294.8,124.3,D,0
22.9918,92.3462,314.9,2.8,1.6,2005-04-07,0741,Aqua,MODIS,54,6.2,299,24,D,0
21.4149,92.5714,399.4,2.8,1.6,2005-04-07,0741,Aqua,MODIS,100,6.2,310.9,1075.2,D,0
21.4175,92.5991,364.2,2.8,1.6,2005-04-07,0741,Aqua,MODIS,100,6.2,302.7,398.8,D,0
21.4133,92.5774,407.9,2.8,1.6,2005-04-07,0741,Aqua,MODIS,100,6.2,310.6,1319.1,D,0
21.416,92.6039,345.5,2.8,1.6,2005-04-07,0741,Aqua,MODIS,92,6.2,301.6,193,D,0
21.4642,92.5864,334.3,2.8,1.6,2005-04-07,0741,Aqua,MODIS,83,6.2,305,116.2,D,0
21.4607,92.5945,336.7,2.8,1.6,2005-04-07,0741,Aqua,MODIS,85,6.2,304.4,129.1,D,0
22.505,92.1663,318.2,2.7,1.6,2005-04-07,0741,Aqua,MODIS,59,6.2,298.9,32.5,D,0
21.7323,92.5668,333.2,2.8,1.6,2005-04-07,0741,Aqua,MODIS,72,6.2,300.9,109.4,D,0
21.7453,92.5694,327.9,2.8,1.6,2005-04-07,0741,Aqua,MODIS,61,6.2,299.8,81.6,D,0
21.7309,92.5707,332.9,2.8,1.6,2005-04-07,0741,Aqua,MODIS,79,6.2,300.7,110.4,D,0
21.714,92.5467,331.9,2.8,1.6,2005-04-07,0741,Aqua,MODIS,80,6.2,303.4,95,D,0
21.6707,92.5496,346.7,2.8,1.6,2005-04-07,0741,Aqua,MODIS,92,6.2,304.1,204.4,D,0
21.6672,92.5581,361.7,2.8,1.6,2005-04-07,0741,Aqua,MODIS,100,6.2,304.5,366.7,D,0
23.3074,92.1834,320.7,2.8,1.6,2005-04-07,0741,Aqua,MODIS,48,6.2,296.7,38.8,D,0
23.3099,92.2098,330,2.8,1.6,2005-04-07,0741,Aqua,MODIS,82,6.2,296.9,88.7,D,0
23.3123,92.2366,350.6,2.8,1.6,2005-04-07,0741,Aqua,MODIS,95,6.2,296.8,248,D,0
23.2931,92.1847,332.5,2.8,1.6,2005-04-07,0741,Aqua,MODIS,84,6.2,297.7,99.4,D,0
23.2955,92.2109,328.2,2.8,1.6,2005-04-07,0741,Aqua,MODIS,76,6.2,296.8,78.5,D,0
23.1345,92.2689,333.3,2.8,1.6,2005-04-07,0741,Aqua,MODIS,84,6.2,298.2,104.3,D,0
23.137,92.2951,335.7,2.8,1.6,2005-04-07,0741,Aqua,MODIS,86,6.2,298.1,120.3,D,0
23.1202,92.2705,324,2.8,1.6,2005-04-07,0741,Aqua,MODIS,75,6.2,298.7,55.9,D,0
23.1226,92.2974,331,2.8,1.6,2005-04-07,0741,Aqua,MODIS,82,6.2,299.1,93.1,D,0
22.7555,91.9371,316.5,2.6,1.6,2005-04-07,0741,Aqua,MODIS,57,6.2,297.7,28,D,0
23.2918,91.8662,315,2.6,1.6,2005-04-07,0741,Aqua,MODIS,50,6.2,296.5,19.5,D,0
23.6773,92.1169,352.4,2.8,1.6,2005-04-07,0741,Aqua,MODIS,96,6.2,297.3,258.3,D,0
23.6818,92.1399,343.9,2.8,1.6,2005-04-07,0741,Aqua,MODIS,91,6.2,297.7,177.8,D,0
22.2518,92.3442,330.7,2.8,1.6,2005-04-07,0741,Aqua,MODIS,81,6.2,300.5,88.4,D,0
22.2563,92.365,325,2.8,1.6,2005-04-07,0741,Aqua,MODIS,75,6.2,300,61.1,D,0
22.254,92.3388,319.5,2.8,1.6,2005-04-07,0741,Aqua,MODIS,62,6.2,300.1,33.5,D,0
23.6916,92.1151,330.8,2.8,1.6,2005-04-07,0741,Aqua,MODIS,50,6.2,296.5,92,D,0
21.9881,92.2263,327.7,2.7,1.6,2005-04-07,0741,Aqua,MODIS,76,6.2,300.5,66.8,D,0
23.68,92.1451,347.7,2.8,1.6,2005-04-07,0741,Aqua,MODIS,94,6.2,297.2,214.5,D,0
23.1089,91.7919,326.2,2.6,1.5,2005-04-07,0741,Aqua,MODIS,78,6.2,298.4,60.7,D,0
21.5783,92.5407,338.1,2.8,1.6,2005-04-07,0741,Aqua,MODIS,86,6.2,304.9,133.5,D,0
21.5809,92.5694,332.2,2.8,1.6,2005-04-07,0741,Aqua,MODIS,81,6.2,302.5,98.5,D,0
21.5666,92.5711,321.2,2.8,1.6,2005-04-07,0741,Aqua,MODIS,62,6.2,303.1,46.4,D,0
21.5767,92.5467,347.4,2.8,1.6,2005-04-07,0741,Aqua,MODIS,93,6.2,305.3,210.1,D,0
23.3975,91.8154,330.2,2.6,1.6,2005-04-07,0741,Aqua,MODIS,41,6.2,296.6,74.4,D,0
23.3913,91.8242,339.2,2.6,1.6,2005-04-07,0741,Aqua,MODIS,89,6.2,296.4,134.5,D,0
23.361,91.8025,325.2,2.6,1.6,2005-04-07,0741,Aqua,MODIS,67,6.2,296.7,55.4,D,0
23.3633,91.8271,352.8,2.6,1.6,2005-04-07,0741,Aqua,MODIS,96,6.2,297.2,241,D,0
22.1096,92.4209,350.1,2.8,1.6,2005-04-07,0741,Aqua,MODIS,95,6.2,300,233.2,D,0
22.1078,92.4255,351.4,2.8,1.6,2005-04-07,0741,Aqua,MODIS,95,6.2,299.9,245.2,D,0
22.0882,92.3741,346.9,2.8,1.6,2005-04-07,0741,Aqua,MODIS,93,6.2,299.7,199.4,D,0
22.0856,92.347,335.7,2.8,1.6,2005-04-07,0741,Aqua,MODIS,85,6.2,298.8,116.4,D,0
22.0973,92.3193,339.7,2.7,1.6,2005-04-07,0741,Aqua,MODIS,88,6.2,299,137,D,0
22.0904,92.3688,354.3,2.8,1.6,2005-04-07,0741,Aqua,MODIS,97,6.2,300,265.2,D,0
22.088,92.3421,328,2.8,1.6,2005-04-07,0741,Aqua,MODIS,58,6.2,298.7,64.5,D,0
22.0952,92.4211,328.6,2.8,1.6,2005-04-07,0741,Aqua,MODIS,78,6.2,300.1,73.7,D,0
22.0671,92.4551,323.1,2.8,1.6,2005-04-07,0741,Aqua,MODIS,61,6.2,300.2,45.1,D,0
22.0503,92.431,326.8,2.8,1.6,2005-04-07,0741,Aqua,MODIS,72,6.2,301.2,62.2,D,0
22.0526,92.4555,336.7,2.8,1.6,2005-04-07,0741,Aqua,MODIS,86,6.2,299.8,120.2,D,0
22.0383,92.4573,322,2.8,1.6,2005-04-07,0741,Aqua,MODIS,56,6.2,300.6,41.1,D,0
21.4521,92.4535,326.2,2.8,1.6,2005-04-07,0741,Aqua,MODIS,73,6.2,305.4,61.3,D,0
21.4477,92.4616,330.7,2.8,1.6,2005-04-07,0741,Aqua,MODIS,79,6.2,305,85.7,D,0
21.5479,92.5497,358.5,2.8,1.6,2005-04-07,0741,Aqua,MODIS,99,6.2,307.2,325.7,D,0
21.5336,92.5519,318.7,2.8,1.6,2005-04-07,0741,Aqua,MODIS,47,6.2,304.6,32.8,D,0
21.4616,92.558,319.9,2.8,1.6,2005-04-07,0741,Aqua,MODIS,59,6.2,304,39.3,D,0
21.458,92.5668,330.2,2.8,1.6,2005-04-07,0741,Aqua,MODIS,79,6.2,304.5,88.7,D,0
21.4294,92.5709,320.8,2.8,1.6,2005-04-07,0741,Aqua,MODIS,49,6.2,304.7,41,D,0
22.1165,92.3394,324.7,2.8,1.6,2005-04-07,0741,Aqua,MODIS,47,6.2,299.2,51.9,D,0
22.1023,92.3409,406.2,2.8,1.6,2005-04-07,0741,Aqua,MODIS,100,6.2,302.9,1228.6,D,0
22.1047,92.3669,344,2.8,1.6,2005-04-07,0741,Aqua,MODIS,91,6.2,296.6,171.5,D,0
22.1071,92.3938,320.1,2.8,1.6,2005-04-07,0741,Aqua,MODIS,45,6.2,296.4,29.7,D,0
22.1142,92.3444,340.5,2.8,1.6,2005-04-07,0741,Aqua,MODIS,88,6.2,299.7,146,D,0
22.0999,92.3457,403.2,2.8,1.6,2005-04-07,0741,Aqua,MODIS,100,6.2,302.1,1142,D,0
22.1025,92.3719,336.6,2.8,1.6,2005-04-07,0741,Aqua,MODIS,85,6.2,297,116.7,D,0
22.1051,92.399,329.8,2.8,1.6,2005-04-07,0741,Aqua,MODIS,79,6.2,298,77.2,D,0
21.7718,92.2189,319.3,2.7,1.6,2005-04-07,0741,Aqua,MODIS,53,6.2,302.1,28.3,D,0
21.7767,92.2699,356,2.7,1.6,2005-04-07,0741,Aqua,MODIS,98,6.2,301.4,275,D,0
23.0641,92.3391,324.1,2.8,1.6,2005-04-07,0741,Aqua,MODIS,75,6.2,298.6,59.5,D,0
21.7108,92.1738,332.3,2.6,1.6,2005-04-07,0741,Aqua,MODIS,81,6.2,303,86.8,D,0
21.7207,92.1772,335.2,2.6,1.6,2005-04-07,0741,Aqua,MODIS,83,6.2,303.2,103.4,D,0
21.6732,92.5768,350.6,2.8,1.6,2005-04-07,0741,Aqua,MODIS,89,6.2,299.6,246.7,D,0
22.1376,92.2581,324.4,2.7,1.6,2005-04-07,0741,Aqua,MODIS,71,6.2,299.5,50.9,D,0
21.4545,92.4797,322.8,2.8,1.6,2005-04-07,0741,Aqua,MODIS,67,6.2,304.4,46.6,D,0
21.9882,92.3847,323.3,2.8,1.6,2005-04-07,0741,Aqua,MODIS,55,6.2,298.6,48.4,D,0
21.9906,92.4113,325.8,2.8,1.6,2005-04-07,0741,Aqua,MODIS,74,6.2,297.7,61.3,D,0
21.984,92.393,371.2,2.8,1.6,2005-04-07,0741,Aqua,MODIS,100,6.2,300.1,485.2,D,0
21.9866,92.4196,339.2,2.8,1.6,2005-04-07,0741,Aqua,MODIS,87,6.2,296.8,143.4,D,0
21.9722,92.4206,330.9,2.8,1.6,2005-04-07,0741,Aqua,MODIS,80,6.2,293.2,88.2,D,0
21.9436,92.4232,343.3,2.8,1.6,2005-04-07,0741,Aqua,MODIS,90,6.2,299,176.5,D,0
21.9415,92.4277,340.8,2.8,1.6,2005-04-07,0741,Aqua,MODIS,88,6.2,298.8,157.2,D,0
21.9829,92.2346,327.5,2.7,1.6,2005-04-07,0741,Aqua,MODIS,75,6.2,300.3,68.4,D,0
21.7371,92.4585,324.9,2.8,1.6,2005-04-07,0741,Aqua,MODIS,70,6.2,302.2,52,D,0
21.7394,92.4841,342.4,2.8,1.6,2005-04-07,0741,Aqua,MODIS,89,6.2,302.8,161.4,D,0
21.7349,92.4629,322.7,2.8,1.6,2005-04-07,0741,Aqua,MODIS,34,6.2,302.3,40.6,D,0
21.4103,92.5483,323.5,2.8,1.6,2005-04-07,0741,Aqua,MODIS,68,6.2,303.9,47.3,D,0
21.7374,92.4883,330.8,2.8,1.6,2005-04-07,0741,Aqua,MODIS,76,6.2,302.7,81.4,D,0
21.7561,92.5087,328.4,2.8,1.6,2005-04-07,0741,Aqua,MODIS,68,6.2,300.2,69.9,D,0
21.7493,92.4621,324.5,2.8,1.6,2005-04-07,0741,Aqua,MODIS,48,6.2,302.4,48.6,D,0
21.7518,92.4874,328.6,2.8,1.6,2005-04-07,0741,Aqua,MODIS,67,6.2,301.3,69.1,D,0
21.7543,92.513,329.8,2.8,1.6,2005-04-07,0741,Aqua,MODIS,55,6.2,300.2,73.9,D,0
21.8008,92.3111,325.3,2.7,1.6,2005-04-07,0741,Aqua,MODIS,71,6.2,298.1,57.4,D,0
21.7959,92.3198,318.3,2.7,1.6,2005-04-07,0741,Aqua,MODIS,45,6.2,297.7,28.5,D,0
22.2446,92.2335,318.2,2.7,1.6,2005-04-07,0741,Aqua,MODIS,60,6.2,299.6,28.2,D,0
22.2543,92.3701,334.3,2.8,1.6,2005-04-07,0741,Aqua,MODIS,84,6.2,299.9,112.6,D,0
21.9763,92.2533,327.2,2.7,1.6,2005-04-07,0741,Aqua,MODIS,76,6.2,299.9,67.8,D,0
21.9786,92.2782,319.3,2.7,1.6,2005-04-07,0741,Aqua,MODIS,59,6.2,298.3,32.5,D,0
21.9713,92.2619,333.2,2.7,1.6,2005-04-07,0741,Aqua,MODIS,82,6.2,300.1,102.5,D,0
21.8437,92.4649,323.5,2.8,1.6,2005-04-07,0741,Aqua,MODIS,68,6.2,302.1,44.9,D,0
21.8461,92.4912,322.2,2.8,1.6,2005-04-07,0741,Aqua,MODIS,58,6.2,301,39.7,D,0
21.8542,92.4728,321.6,2.8,1.6,2005-04-07,0741,Aqua,MODIS,49,6.2,302,35.2,D,0
21.8398,92.4738,321.7,2.8,1.6,2005-04-07,0741,Aqua,MODIS,44,6.2,301.8,34.8,D,0
21.5506,92.577,356.8,2.8,1.6,2005-04-07,0741,Aqua,MODIS,98,6.2,304.1,309.2,D,0
21.5795,92.5746,326.6,2.8,1.6,2005-04-07,0741,Aqua,MODIS,74,6.2,302.2,68.3,D,0
23.708,91.948,332.7,2.7,1.6,2005-04-07,0742,Aqua,MODIS,76,6.2,295.6,93.6,D,0
23.7056,91.9215,332.3,2.7,1.6,2005-04-07,0742,Aqua,MODIS,78,6.2,295.3,92.6,D,0
21.9616,92.3102,331.4,4.7,2,2005-04-08,0518,Terra,MODIS,84,6.2,293.5,226.3,D,0
21.9546,92.2534,311.9,4.7,2,2005-04-08,0518,Terra,MODIS,30,6.2,292.3,36.8,D,0
21.9544,92.2579,312.6,4.7,2,2005-04-08,0518,Terra,MODIS,50,6.2,292.6,43,D,0
21.9628,92.303,327.7,4.7,2,2005-04-08,0518,Terra,MODIS,80,6.2,293.5,184.5,D,0
21.9504,92.3765,380.6,1.8,1.3,2005-04-08,0646,Aqua,MODIS,100,6.2,302.2,352.6,D,0
22.2942,92.2974,325.7,1.8,1.3,2005-04-08,0646,Aqua,MODIS,76,6.2,301.5,35.2,D,0
21.5783,92.5682,317.1,1.8,1.3,2005-04-08,0646,Aqua,MODIS,36,6.2,302.9,15.5,D,0
23.4198,92.1801,311.8,1.8,1.3,2005-04-08,0646,Aqua,MODIS,23,6.2,290.8,10.3,D,0
23.6491,91.9999,324,1.8,1.3,2005-04-08,0646,Aqua,MODIS,77,6.2,291.6,39.2,D,0
23.6637,92.1285,331.6,1.8,1.3,2005-04-08,0646,Aqua,MODIS,84,6.2,293.5,52.8,D,0
23.6491,92.114,320.1,1.8,1.3,2005-04-08,0646,Aqua,MODIS,71,6.2,292.7,26.6,D,0
23.4298,92.1907,315.1,1.8,1.3,2005-04-08,0646,Aqua,MODIS,63,6.2,292.9,18.4,D,0
23.7061,92.1128,358,1.8,1.3,2005-04-08,0646,Aqua,MODIS,99,6.2,296.8,169.4,D,0
23.7092,92.1299,352.3,1.8,1.3,2005-04-08,0646,Aqua,MODIS,96,6.2,296.6,134.9,D,0
23.6607,92.1117,338.9,1.8,1.3,2005-04-08,0646,Aqua,MODIS,89,6.2,294.5,79.6,D,0
22.0162,92.2297,369.6,1.9,1.3,2005-04-08,0646,Aqua,MODIS,100,6.2,302.2,261.1,D,0
21.9602,92.2601,324.2,1.9,1.3,2005-04-08,0646,Aqua,MODIS,72,6.2,299.9,30.5,D,0
23.6593,92.2365,330.1,1.7,1.3,2005-04-08,0646,Aqua,MODIS,43,6.2,290.9,45,D,0
21.7749,92.4975,322.4,1.8,1.3,2005-04-08,0646,Aqua,MODIS,67,6.2,302.3,24,D,0
23.4292,92.3006,406.5,1.7,1.3,2005-04-08,0646,Aqua,MODIS,100,6.2,299.6,642.3,D,0
21.796,92.5481,382.6,1.8,1.3,2005-04-08,0646,Aqua,MODIS,100,6.2,303.7,367.1,D,0
21.7929,92.5306,341.3,1.8,1.3,2005-04-08,0646,Aqua,MODIS,89,6.2,301.4,85.1,D,0
23.3626,91.9956,314.8,1.8,1.3,2005-04-08,0646,Aqua,MODIS,63,6.2,294.3,17.6,D,0
21.8024,92.5419,341,1.8,1.3,2005-04-08,0646,Aqua,MODIS,89,6.2,301.1,85.6,D,0
23.1727,91.9016,314.7,1.9,1.3,2005-04-08,0646,Aqua,MODIS,26,6.2,297.3,13.4,D,0
22.2926,92.0532,314.6,1.9,1.3,2005-04-08,0646,Aqua,MODIS,42,6.2,296.1,14.5,D,0
22.2959,92.0713,331.2,1.9,1.3,2005-04-08,0646,Aqua,MODIS,82,6.2,295.9,59.8,D,0
22.2558,92.0848,326.5,1.9,1.3,2005-04-08,0646,Aqua,MODIS,77,6.2,296.9,46.2,D,0
22.2591,92.1027,315.2,1.9,1.3,2005-04-08,0646,Aqua,MODIS,49,6.2,296.2,16.9,D,0
23.5047,92.0251,344.4,1.8,1.3,2005-04-08,0646,Aqua,MODIS,92,6.2,295.8,107.2,D,0
22.0234,92.3384,344.4,1.8,1.3,2005-04-08,0646,Aqua,MODIS,91,6.2,299,99.7,D,0
21.9614,92.333,327,1.8,1.3,2005-04-08,0646,Aqua,MODIS,49,6.2,301.1,32.8,D,0
21.9646,92.3506,328.7,1.8,1.3,2005-04-08,0646,Aqua,MODIS,68,6.2,301,39.1,D,0
21.9678,92.3681,352.8,1.8,1.3,2005-04-08,0646,Aqua,MODIS,96,6.2,300.1,143.8,D,0
21.9528,92.3529,326.4,1.8,1.3,2005-04-08,0646,Aqua,MODIS,15,6.2,300.9,31.2,D,0
21.9561,92.3704,354.2,1.8,1.3,2005-04-08,0646,Aqua,MODIS,97,6.2,300.3,150.7,D,0
21.9593,92.3879,340.2,1.8,1.3,2005-04-08,0646,Aqua,MODIS,88,6.2,299.3,83.9,D,0
21.9677,92.3366,331.5,1.8,1.3,2005-04-08,0646,Aqua,MODIS,65,6.2,301.3,45,D,0
21.9591,92.3566,350.5,1.8,1.3,2005-04-08,0646,Aqua,MODIS,95,6.2,301.7,123.1,D,0
21.9622,92.3741,354.3,1.8,1.3,2005-04-08,0646,Aqua,MODIS,97,6.2,299.7,147.5,D,0
21.9473,92.359,342.5,1.8,1.3,2005-04-08,0646,Aqua,MODIS,83,6.2,301.7,82.8,D,0
23.6389,91.9908,332.3,1.8,1.3,2005-04-08,0646,Aqua,MODIS,85,6.2,295.3,62.3,D,0
21.9536,92.394,323.2,1.8,1.3,2005-04-08,0646,Aqua,MODIS,61,6.2,299.5,26.6,D,0
21.9387,92.379,334.4,1.8,1.3,2005-04-08,0646,Aqua,MODIS,84,6.2,301.9,58.4,D,0
23.5014,92.0075,330.1,1.8,1.3,2005-04-08,0646,Aqua,MODIS,83,6.2,295.2,55.2,D,0
23.4078,92.071,327.7,1.8,1.3,2005-04-08,0646,Aqua,MODIS,81,6.2,297.4,45.9,D,0
23.5828,92.257,317,1.7,1.3,2005-04-08,0646,Aqua,MODIS,67,6.2,294.8,22.8,D,0
23.4046,92.0538,330.7,1.8,1.3,2005-04-08,0646,Aqua,MODIS,84,6.2,297.4,54.6,D,0
23.58,92.2416,316.5,1.7,1.3,2005-04-08,0646,Aqua,MODIS,59,6.2,294.1,21.5,D,0
23.559,92.191,323.5,1.8,1.3,2005-04-08,0646,Aqua,MODIS,71,6.2,294.3,35.6,D,0
23.6446,92.2213,337.9,1.7,1.3,2005-04-08,0646,Aqua,MODIS,88,6.2,291.8,75.4,D,0
23.6478,92.2389,337.3,1.7,1.3,2005-04-08,0646,Aqua,MODIS,88,6.2,292.1,71.8,D,0
23.6735,92.2496,339.8,1.7,1.3,2005-04-08,0646,Aqua,MODIS,44,6.2,294.8,75.8,D,0
21.982,92.3122,355.3,1.9,1.3,2005-04-08,0646,Aqua,MODIS,97,6.2,302.4,153.8,D,0
22.0043,92.2322,334.7,1.9,1.3,2005-04-08,0646,Aqua,MODIS,84,6.2,302,62.7,D,0
21.9732,92.3309,333,1.8,1.3,2005-04-08,0646,Aqua,MODIS,83,6.2,301.6,53.8,D,0
21.985,92.3285,353.4,1.8,1.3,2005-04-08,0646,Aqua,MODIS,96,6.2,300.7,141.5,D,0
22.0062,92.378,315.6,1.8,1.3,2005-04-08,0646,Aqua,MODIS,21,6.2,299.1,12,D,0
22.003,92.3604,360.4,1.8,1.3,2005-04-08,0646,Aqua,MODIS,100,6.2,300.8,190.4,D,0
21.9999,92.3434,357.8,1.8,1.3,2005-04-08,0646,Aqua,MODIS,98,6.2,300.6,169.9,D,0
21.9003,92.1657,327.1,1.9,1.3,2005-04-08,0646,Aqua,MODIS,74,6.2,300.4,37.8,D,0
21.9036,92.1838,332.6,1.9,1.3,2005-04-08,0646,Aqua,MODIS,82,6.2,299.5,54.8,D,0
21.8917,92.1864,324.9,1.9,1.3,2005-04-08,0646,Aqua,MODIS,73,6.2,301.6,33.6,D,0
21.8982,92.2225,351.6,1.9,1.3,2005-04-08,0646,Aqua,MODIS,95,6.2,297.9,140.4,D,0
21.9015,92.2405,333.7,1.9,1.3,2005-04-08,0646,Aqua,MODIS,83,6.2,299.8,61,D,0
21.9179,92.3311,324.8,1.9,1.3,2005-04-08,0646,Aqua,MODIS,73,6.2,301.7,31.1,D,0
21.9967,92.3259,348.3,1.8,1.3,2005-04-08,0646,Aqua,MODIS,94,6.2,300.2,115.1,D,0
22.018,92.3758,326.9,1.8,1.3,2005-04-08,0646,Aqua,MODIS,76,6.2,298.8,38.6,D,0
22.0148,92.3581,335.5,1.8,1.3,2005-04-08,0646,Aqua,MODIS,85,6.2,299.6,65.6,D,0
21.9034,92.3859,320.3,1.8,1.3,2005-04-08,0646,Aqua,MODIS,64,6.2,302.2,18.6,D,0
21.8623,92.3614,322.7,1.8,1.3,2005-04-08,0646,Aqua,MODIS,69,6.2,301.2,25.2,D,0
21.8561,92.3691,315.9,1.8,1.3,2005-04-08,0646,Aqua,MODIS,24,6.2,300.3,10.7,D,0
21.824,92.394,325.3,1.8,1.3,2005-04-08,0646,Aqua,MODIS,73,6.2,300.8,32.6,D,0
21.9013,92.4411,332.3,1.8,1.3,2005-04-08,0646,Aqua,MODIS,82,6.2,300.8,49.7,D,0
21.8268,92.4095,322.3,1.8,1.3,2005-04-08,0646,Aqua,MODIS,68,6.2,300.2,24.4,D,0
21.9227,92.4922,338.7,1.8,1.3,2005-04-08,0646,Aqua,MODIS,87,6.2,300.9,75.3,D,0
23.6422,92.0089,347.2,1.8,1.3,2005-04-08,0646,Aqua,MODIS,94,6.2,292.5,120.4,D,0
21.8464,92.3149,337.4,1.9,1.3,2005-04-08,0646,Aqua,MODIS,86,6.2,300.2,73.6,D,0
21.8346,92.3172,331.4,1.9,1.3,2005-04-08,0646,Aqua,MODIS,81,6.2,299.5,51.9,D,0
21.8228,92.3196,322.6,1.9,1.3,2005-04-08,0646,Aqua,MODIS,38,6.2,298.7,24.1,D,0
21.8077,92.3042,347.8,1.9,1.3,2005-04-08,0646,Aqua,MODIS,93,6.2,298.5,115.3,D,0
22.8511,91.9344,318.3,1.9,1.3,2005-04-08,0646,Aqua,MODIS,66,6.2,298.3,23.2,D,0
22.8545,91.9527,313.5,1.9,1.3,2005-04-08,0646,Aqua,MODIS,51,6.2,296.9,12.9,D,0
22.9698,91.939,314.9,1.9,1.3,2005-04-08,0646,Aqua,MODIS,58,6.2,297.6,14.4,D,0
21.8884,92.1684,321.1,1.9,1.3,2005-04-08,0646,Aqua,MODIS,66,6.2,301.9,23.7,D,0
21.8526,92.1758,318.7,1.9,1.3,2005-04-08,0646,Aqua,MODIS,57,6.2,300.1,18,D,0
21.9345,92.4904,350.4,1.8,1.3,2005-04-08,0646,Aqua,MODIS,95,6.2,298.4,128.6,D,0
21.8637,92.2739,326.7,1.9,1.3,2005-04-08,0646,Aqua,MODIS,76,6.2,295.9,39.9,D,0
21.8573,92.2683,316.8,1.9,1.3,2005-04-08,0646,Aqua,MODIS,45,6.2,297.1,15,D,0
21.8692,92.2658,328.3,1.9,1.3,2005-04-08,0646,Aqua,MODIS,78,6.2,297.6,43.5,D,0
21.8863,92.2248,326.1,1.9,1.3,2005-04-08,0646,Aqua,MODIS,74,6.2,299.8,35.4,D,0
22.0486,92.234,332,1.9,1.3,2005-04-08,0646,Aqua,MODIS,82,6.2,300.8,53.4,D,0
22.052,92.2524,323.5,1.9,1.3,2005-04-08,0646,Aqua,MODIS,60,6.2,300.1,27.9,D,0
22.0556,92.2721,326.6,1.9,1.3,2005-04-08,0646,Aqua,MODIS,76,6.2,299.5,36.4,D,0
22.0586,92.2882,359.3,1.9,1.3,2005-04-08,0646,Aqua,MODIS,99,6.2,300.1,184.1,D,0
22.0368,92.2366,347.8,1.9,1.3,2005-04-08,0646,Aqua,MODIS,93,6.2,298.2,115.4,D,0
22.0402,92.2548,338.5,1.9,1.3,2005-04-08,0646,Aqua,MODIS,87,6.2,299.5,72.5,D,0
22.0438,92.2748,357,1.9,1.3,2005-04-08,0646,Aqua,MODIS,98,6.2,303,165.4,D,0
22.0469,92.2912,355.4,1.9,1.3,2005-04-08,0646,Aqua,MODIS,97,6.2,301.5,156.9,D,0
22.025,92.2391,347.4,1.9,1.3,2005-04-08,0646,Aqua,MODIS,93,6.2,298.1,112.9,D,0
22.043,92.2424,364.8,1.9,1.3,2005-04-08,0646,Aqua,MODIS,100,6.2,300.4,219.8,D,0
22.0497,92.2805,377.4,1.9,1.3,2005-04-08,0646,Aqua,MODIS,100,6.2,302.3,323.5,D,0
22.0525,92.296,342.6,1.9,1.3,2005-04-08,0646,Aqua,MODIS,90,6.2,300.9,90.1,D,0
22.0311,92.2448,337.2,1.9,1.3,2005-04-08,0646,Aqua,MODIS,86,6.2,297.6,69.1,D,0
22.4479,92.3247,315.9,1.8,1.3,2005-04-08,0646,Aqua,MODIS,56,6.2,299.9,14.1,D,0
21.811,92.3222,382.5,1.9,1.3,2005-04-08,0646,Aqua,MODIS,100,6.2,303.3,379.1,D,0
21.7873,92.327,324,1.9,1.3,2005-04-08,0646,Aqua,MODIS,71,6.2,301.4,29.1,D,0
21.7906,92.345,328.3,1.9,1.3,2005-04-08,0646,Aqua,MODIS,77,6.2,302.6,41,D,0
22.0193,92.2475,385.7,1.9,1.3,2005-04-08,0646,Aqua,MODIS,100,6.2,303.2,415.9,D,0
22.0261,92.2852,329.3,1.9,1.3,2005-04-08,0646,Aqua,MODIS,79,6.2,300.8,39.5,D,0
22.0075,92.2499,337.7,1.9,1.3,2005-04-08,0646,Aqua,MODIS,87,6.2,302.4,72.5,D,0
22.0144,92.2884,327.5,1.9,1.3,2005-04-08,0646,Aqua,MODIS,77,6.2,301.6,36.1,D,0
21.8891,92.4865,321.8,1.8,1.3,2005-04-08,0646,Aqua,MODIS,46,6.2,302,22.4,D,0
22.0616,92.3046,317.4,1.8,1.3,2005-04-08,0646,Aqua,MODIS,56,6.2,299.8,17.1,D,0
22.0203,92.3209,343.9,1.8,1.3,2005-04-08,0646,Aqua,MODIS,91,6.2,300.1,97.3,D,0
21.4853,92.4333,324.6,1.9,1.3,2005-04-08,0646,Aqua,MODIS,72,6.2,301.1,31.6,D,0
23.6965,92.2551,349.8,1.7,1.3,2005-04-08,0646,Aqua,MODIS,90,6.2,293.1,124,D,0
23.6963,92.2442,359.4,1.7,1.3,2005-04-08,0646,Aqua,MODIS,0,6.2,288.7,168.2,D,0
23.6849,92.2471,395.2,1.7,1.3,2005-04-08,0646,Aqua,MODIS,87,6.2,297.8,483.2,D,0
21.4821,92.4155,316.1,1.9,1.3,2005-04-08,0646,Aqua,MODIS,22,6.2,301.7,12.4,D,0
21.4971,92.4305,339.2,1.9,1.3,2005-04-08,0646,Aqua,MODIS,88,6.2,301,79.1,D,0
21.4939,92.4129,320.9,1.9,1.3,2005-04-08,0646,Aqua,MODIS,61,6.2,300.3,21.9,D,0
21.9077,92.4761,365.5,1.8,1.3,2005-04-08,0646,Aqua,MODIS,100,6.2,304.4,216.6,D,0
21.786,92.2529,323.8,1.9,1.3,2005-04-08,0646,Aqua,MODIS,71,6.2,298.1,33.1,D,0
21.8422,92.2225,318.9,1.9,1.3,2005-04-08,0646,Aqua,MODIS,37,6.2,297.8,19.1,D,0
21.8474,92.2145,325,1.9,1.3,2005-04-08,0646,Aqua,MODIS,68,6.2,298.7,33,D,0
23.4471,91.9541,328.2,1.8,1.3,2005-04-08,0646,Aqua,MODIS,82,6.2,293.6,49.7,D,0
21.7467,92.3402,329.5,1.9,1.3,2005-04-08,0646,Aqua,MODIS,79,6.2,297.9,44.6,D,0
21.9111,92.4947,376.7,1.8,1.3,2005-04-08,0646,Aqua,MODIS,100,6.2,303.3,307.8,D,0
21.9194,92.4736,323.1,1.8,1.3,2005-04-08,0646,Aqua,MODIS,51,6.2,299.5,25.1,D,0
21.7199,92.3275,325.4,1.9,1.3,2005-04-08,0646,Aqua,MODIS,73,6.2,301.1,33.6,D,0
21.7349,92.3427,321.4,1.9,1.3,2005-04-08,0646,Aqua,MODIS,66,6.2,301.2,23.3,D,0
21.7414,92.3787,327.3,1.9,1.3,2005-04-08,0646,Aqua,MODIS,76,6.2,302.2,38.2,D,0
21.7449,92.3981,330.9,1.8,1.3,2005-04-08,0646,Aqua,MODIS,80,6.2,301.9,49.6,D,0
23.4255,92.2965,386.2,1.7,1.3,2005-04-08,0646,Aqua,MODIS,100,6.2,301.2,387.2,D,0
23.4263,92.2844,337.2,1.7,1.3,2005-04-08,0646,Aqua,MODIS,88,6.2,294.6,68.5,D,0
23.415,92.2874,328.6,1.7,1.3,2005-04-08,0646,Aqua,MODIS,81,6.2,296,44.3,D,0
23.3408,92.3269,321.4,1.7,1.3,2005-04-08,0646,Aqua,MODIS,58,6.2,295.1,26.4,D,0
23.6945,91.9178,330.9,1.8,1.3,2005-04-08,0646,Aqua,MODIS,65,6.2,295.4,49.8,D,0
21.9435,92.2687,364.6,1.9,1.3,2005-04-08,0646,Aqua,MODIS,100,6.2,302.2,218.1,D,0
21.9553,92.2662,328.3,1.9,1.3,2005-04-08,0646,Aqua,MODIS,46,6.2,300,36.9,D,0
21.9518,92.2809,344.5,1.9,1.3,2005-04-08,0646,Aqua,MODIS,91,6.2,301.5,97.3,D,0
21.9484,92.2627,355.8,1.9,1.3,2005-04-08,0646,Aqua,MODIS,98,6.2,301.2,160.1,D,0
22.0744,92.3743,366,1.8,1.3,2005-04-08,0646,Aqua,MODIS,100,6.2,299.4,229.9,D,0
22.0594,92.3592,342.9,1.8,1.3,2005-04-08,0646,Aqua,MODIS,90,6.2,299.9,96.4,D,0
22.0626,92.3764,351.5,1.8,1.3,2005-04-08,0646,Aqua,MODIS,95,6.2,300.2,137.5,D,0
22.0647,92.365,383.9,1.8,1.3,2005-04-08,0646,Aqua,MODIS,100,6.2,301,390.4,D,0
22.0678,92.3825,354.5,1.8,1.3,2005-04-08,0646,Aqua,MODIS,97,6.2,300,153.2,D,0
21.3958,92.5829,317.3,1.8,1.3,2005-04-08,0646,Aqua,MODIS,45,6.2,302.6,18.3,D,0
21.3989,92.6002,325.3,1.8,1.3,2005-04-08,0646,Aqua,MODIS,73,6.2,303.5,36.3,D,0
23.3378,92.3102,322.1,1.7,1.3,2005-04-08,0646,Aqua,MODIS,64,6.2,294.1,29.1,D,0
23.3492,92.3186,333.2,1.7,1.3,2005-04-08,0646,Aqua,MODIS,84,6.2,296.9,56.8,D,0
21.6756,92.3253,321.5,1.9,1.3,2005-04-08,0646,Aqua,MODIS,64,6.2,299.6,22.3,D,0
21.6692,92.3193,323.8,1.9,1.3,2005-04-08,0646,Aqua,MODIS,61,6.2,303,28.2,D,0
21.576,92.3516,322.6,1.9,1.3,2005-04-08,0646,Aqua,MODIS,68,6.2,300.2,25.2,D,0
23.3359,92.1807,327.1,1.8,1.3,2005-04-08,0646,Aqua,MODIS,80,6.2,296.4,42.6,D,0
23.339,92.1976,320.9,1.8,1.3,2005-04-08,0646,Aqua,MODIS,73,6.2,293.7,27.9,D,0
22.5497,92.2575,327.1,1.1,1,2005-04-08,1614,Terra,MODIS,100,6.2,295.2,27.1,N,0
22.6125,92.3274,307.1,1.1,1,2005-04-08,1614,Terra,MODIS,70,6.2,294.4,6.9,N,0
23.5642,92.2533,372.2,1.2,1.1,2005-04-09,0423,Terra,MODIS,100,6.2,298,152.5,D,0
21.7447,92.4267,357.2,1.1,1.1,2005-04-09,0423,Terra,MODIS,98,6.2,304.2,81.6,D,0
23.719,92.1505,314.9,1.2,1.1,2005-04-09,0423,Terra,MODIS,35,6.2,296.6,8.9,D,0
21.746,92.4168,336.3,1.1,1.1,2005-04-09,0423,Terra,MODIS,86,6.2,302,32.2,D,0
21.7426,92.5133,325.2,1.1,1.1,2005-04-09,0423,Terra,MODIS,75,6.2,304.1,13.1,D,0
21.9068,92.1495,320.1,1.2,1.1,2005-04-09,0423,Terra,MODIS,67,6.2,301.3,9.3,D,0
21.7412,92.5237,341.4,1.1,1.1,2005-04-09,0423,Terra,MODIS,90,6.2,303.9,40,D,0
21.9518,92.3252,350.1,1.1,1.1,2005-04-09,0423,Terra,MODIS,95,6.2,301.2,62.2,D,0
23.5628,92.2644,354.6,1.2,1.1,2005-04-09,0423,Terra,MODIS,97,6.2,297.6,85.6,D,0
20.9678,92.2376,322.8,1.1,1.1,2005-04-09,0424,Terra,MODIS,60,6.2,304.2,8.7,D,0
21.106,92.1615,318.9,1.5,1.2,2005-04-09,0728,Aqua,MODIS,34,6.2,300,10.9,D,0
21.1043,92.1468,324.7,1.5,1.2,2005-04-09,0728,Aqua,MODIS,66,6.2,300.7,22.3,D,0
21.0396,92.192,324.3,1.5,1.2,2005-04-09,0728,Aqua,MODIS,57,6.2,300.6,17.3,D,0
21.0489,92.1761,321.7,1.5,1.2,2005-04-09,0728,Aqua,MODIS,0,6.2,301.4,13.7,D,0
21.4115,92.5396,354.7,1.6,1.3,2005-04-09,0729,Aqua,MODIS,97,6.2,296,128,D,0
21.507,92.2809,325.1,1.6,1.2,2005-04-09,0729,Aqua,MODIS,69,6.2,297.7,26.9,D,0
21.4097,92.5249,421.8,1.6,1.3,2005-04-09,0729,Aqua,MODIS,100,6.2,307.7,826.8,D,0
21.4061,92.494,349.3,1.6,1.3,2005-04-09,0729,Aqua,MODIS,94,6.2,304,101.7,D,0
21.8867,92.4106,332.5,1.6,1.3,2005-04-09,0729,Aqua,MODIS,50,6.2,300.1,36.4,D,0
21.8754,92.4118,356.9,1.6,1.3,2005-04-09,0729,Aqua,MODIS,98,6.2,301.6,130.8,D,0
21.8658,92.4289,334.2,1.6,1.3,2005-04-09,0729,Aqua,MODIS,78,6.2,297.1,44.9,D,0
21.4093,92.5347,398.1,1.6,1.3,2005-04-09,0729,Aqua,MODIS,87,6.2,301.6,477.5,D,0
21.4077,92.5196,405.6,1.6,1.3,2005-04-09,0729,Aqua,MODIS,94,6.2,307.2,569.7,D,0
21.5633,92.5737,359.2,1.7,1.3,2005-04-09,0729,Aqua,MODIS,99,6.2,302.6,153,D,0
23.1592,92.2712,351.4,1.7,1.3,2005-04-09,0729,Aqua,MODIS,96,6.2,297.7,116.7,D,0
21.4043,92.4787,324.2,1.6,1.3,2005-04-09,0729,Aqua,MODIS,57,6.2,301,25,D,0
21.4155,92.487,399.5,1.6,1.3,2005-04-09,0729,Aqua,MODIS,100,6.2,306.5,490,D,0
22.2889,92.2375,343.7,1.6,1.3,2005-04-09,0729,Aqua,MODIS,91,6.2,298.4,75.9,D,0
22.0899,92.2914,336.1,1.6,1.3,2005-04-09,0729,Aqua,MODIS,79,6.2,299.5,52.5,D,0
22.1011,92.2904,329.6,1.6,1.3,2005-04-09,0729,Aqua,MODIS,63,6.2,296.2,32.4,D,0
22.0993,92.2749,340.2,1.6,1.3,2005-04-09,0729,Aqua,MODIS,88,6.2,299,66.7,D,0
21.7088,92.3508,332.3,1.6,1.3,2005-04-09,0729,Aqua,MODIS,80,6.2,298.6,44.4,D,0
23.2663,92.3179,358.7,1.7,1.3,2005-04-09,0729,Aqua,MODIS,99,6.2,295.3,158.6,D,0
23.6439,92.226,339.9,1.7,1.3,2005-04-09,0729,Aqua,MODIS,87,6.2,295.5,69.6,D,0
23.6441,92.2351,331.1,1.7,1.3,2005-04-09,0729,Aqua,MODIS,58,6.2,295.3,39.9,D,0
21.8519,92.3037,326.3,1.6,1.2,2005-04-09,0729,Aqua,MODIS,69,6.2,300,27.9,D,0
21.7714,92.5119,341.4,1.7,1.3,2005-04-09,0729,Aqua,MODIS,88,6.2,297.5,76.5,D,0
22.2329,92.2452,328,1.6,1.3,2005-04-09,0729,Aqua,MODIS,49,6.2,300,26.5,D,0
22.103,92.306,353.9,1.6,1.3,2005-04-09,0729,Aqua,MODIS,91,6.2,294.1,120.1,D,0
22.1106,92.2736,341.7,1.6,1.3,2005-04-09,0729,Aqua,MODIS,89,6.2,300,72.6,D,0
22.1093,92.2683,336.1,1.6,1.3,2005-04-09,0729,Aqua,MODIS,85,6.2,299.8,55.3,D,0
21.5852,92.3736,327.3,1.6,1.3,2005-04-09,0729,Aqua,MODIS,72,6.2,298.8,30.7,D,0
22.1464,92.2948,329.5,1.6,1.3,2005-04-09,0729,Aqua,MODIS,73,6.2,294.4,36.4,D,0
22.1447,92.2794,340,1.6,1.3,2005-04-09,0729,Aqua,MODIS,88,6.2,299.9,67,D,0
22.1541,92.2624,321.7,1.6,1.3,2005-04-09,0729,Aqua,MODIS,65,6.2,298.4,18.8,D,0
21.5728,92.5561,327.3,1.7,1.3,2005-04-09,0729,Aqua,MODIS,58,6.2,297.8,30.4,D,0
21.5842,92.5544,328.5,1.7,1.3,2005-04-09,0729,Aqua,MODIS,70,6.2,297.2,33.5,D,0
21.5834,92.5649,330.6,1.7,1.3,2005-04-09,0729,Aqua,MODIS,77,6.2,294.9,40.3,D,0
21.5817,92.549,323.4,1.7,1.3,2005-04-09,0729,Aqua,MODIS,44,6.2,296.8,21.6,D,0
22.1014,92.3006,343.9,1.6,1.3,2005-04-09,0729,Aqua,MODIS,85,6.2,296,78.3,D,0
22.1534,92.3575,329.2,1.6,1.3,2005-04-09,0729,Aqua,MODIS,77,6.2,296.5,37.6,D,0
21.9707,92.4568,318.9,1.7,1.3,2005-04-09,0729,Aqua,MODIS,24,6.2,294.7,14.8,D,0
23.3699,92.2155,349.9,1.7,1.3,2005-04-09,0729,Aqua,MODIS,95,6.2,296.4,108.8,D,0
23.3681,92.1993,369.5,1.7,1.3,2005-04-09,0729,Aqua,MODIS,100,6.2,298.2,223.3,D,0
23.3674,92.2101,355.3,1.7,1.3,2005-04-09,0729,Aqua,MODIS,97,6.2,297.2,137,D,0
23.3787,92.2085,332.4,1.7,1.3,2005-04-09,0729,Aqua,MODIS,83,6.2,295.1,47.3,D,0
23.7223,92.1214,351.1,1.7,1.3,2005-04-09,0729,Aqua,MODIS,83,6.2,290.4,111.7,D,0
22.3432,92.3204,318.3,1.6,1.3,2005-04-09,0729,Aqua,MODIS,47,6.2,293.8,15,D,0
21.8502,92.2884,323.9,1.6,1.2,2005-04-09,0729,Aqua,MODIS,44,6.2,300.3,21.8,D,0
22.2287,92.309,337.5,1.6,1.3,2005-04-09,0729,Aqua,MODIS,83,6.2,293.4,54.3,D,0
22.2174,92.3105,329.8,1.6,1.3,2005-04-09,0729,Aqua,MODIS,30,6.2,295.6,32.9,D,0
22.3828,92.2607,320.2,1.6,1.3,2005-04-09,0729,Aqua,MODIS,64,6.2,297.9,15.1,D,0
22.0166,92.3556,323.7,1.6,1.3,2005-04-09,0729,Aqua,MODIS,25,6.2,299.1,22.8,D,0
22.636,92.2794,319.3,1.6,1.3,2005-04-09,0729,Aqua,MODIS,40,6.2,297.7,14.7,D,0
21.5492,92.2541,332.8,1.6,1.2,2005-04-09,0729,Aqua,MODIS,80,6.2,298.4,44.6,D,0
21.5479,92.2448,324.6,1.6,1.2,2005-04-09,0729,Aqua,MODIS,68,6.2,297.8,25.8,D,0
22.0164,92.3487,325.2,1.6,1.3,2005-04-09,0729,Aqua,MODIS,40,6.2,299.2,26,D,0
21.4172,92.5021,363.2,1.6,1.3,2005-04-09,0729,Aqua,MODIS,100,6.2,299.6,171,D,0
21.5497,92.2599,334.8,1.6,1.2,2005-04-09,0729,Aqua,MODIS,83,6.2,297.7,51.6,D,0
21.5036,92.2507,328.2,1.6,1.2,2005-04-09,0729,Aqua,MODIS,74,6.2,297.1,33.5,D,0
21.5053,92.2658,361.3,1.6,1.2,2005-04-09,0729,Aqua,MODIS,100,6.2,299.5,157.9,D,0
22.2877,92.2321,331.9,1.6,1.3,2005-04-09,0729,Aqua,MODIS,82,6.2,298.7,40,D,0
22.2894,92.2478,335.5,1.6,1.3,2005-04-09,0729,Aqua,MODIS,85,6.2,298.9,50.4,D,0
23.4446,92.2819,375.8,1.7,1.3,2005-04-09,0729,Aqua,MODIS,100,6.2,296.9,266.7,D,0
21.9507,92.3803,329.7,1.6,1.3,2005-04-09,0729,Aqua,MODIS,77,6.2,300.5,37.2,D,0
21.936,92.3506,337.5,1.6,1.3,2005-04-09,0729,Aqua,MODIS,80,6.2,300.3,55.5,D,0
21.9376,92.356,331.2,1.6,1.3,2005-04-09,0729,Aqua,MODIS,72,6.2,300.1,36.5,D,0
21.7189,92.5408,325.5,1.7,1.3,2005-04-09,0729,Aqua,MODIS,68,6.2,298.2,26,D,0
21.7057,92.5262,351.9,1.7,1.3,2005-04-09,0729,Aqua,MODIS,95,6.2,301.7,112.9,D,0
22.2908,92.2533,323.6,1.6,1.3,2005-04-09,0729,Aqua,MODIS,35,6.2,299.4,18.9,D,0
21.7075,92.542,414.8,1.7,1.3,2005-04-09,0729,Aqua,MODIS,100,6.2,306.2,720.9,D,0
22.2353,92.1663,326.6,1.6,1.2,2005-04-09,0729,Aqua,MODIS,76,6.2,296.8,30.8,D,0
21.7093,92.558,325.5,1.7,1.3,2005-04-09,0729,Aqua,MODIS,24,6.2,294.1,24,D,0
21.4042,92.4887,337.2,1.6,1.3,2005-04-09,0729,Aqua,MODIS,84,6.2,302.5,54.5,D,0
21.4059,92.504,337.8,1.6,1.3,2005-04-09,0729,Aqua,MODIS,69,6.2,301.5,53.6,D,0
22.1079,92.4481,333,1.7,1.3,2005-04-09,0729,Aqua,MODIS,61,6.2,292.4,48.3,D,0
21.6944,92.5279,342.7,1.7,1.3,2005-04-09,0729,Aqua,MODIS,89,6.2,300.4,73.6,D,0
21.6962,92.5439,378.1,1.7,1.3,2005-04-09,0729,Aqua,MODIS,100,6.2,301.7,281.1,D,0
21.7739,92.5171,344.2,1.7,1.3,2005-04-09,0729,Aqua,MODIS,90,6.2,297.9,86.4,D,0
22.064,92.4684,331.4,1.7,1.3,2005-04-09,0729,Aqua,MODIS,50,6.2,294.6,40.1,D,0
22.0755,92.4674,341.2,1.7,1.3,2005-04-09,0729,Aqua,MODIS,88,6.2,291.9,70.1,D,0
22.0738,92.4527,358.9,1.7,1.3,2005-04-09,0729,Aqua,MODIS,99,6.2,298.9,151.9,D,0
23.4868,92.0413,337,1.6,1.3,2005-04-09,0729,Aqua,MODIS,66,6.2,294.1,64,D,0
22.5322,92.3794,320.5,1.7,1.3,2005-04-09,0729,Aqua,MODIS,64,6.2,298.7,17.6,D,0
22.0934,92.3225,325.2,1.6,1.3,2005-04-09,0729,Aqua,MODIS,53,6.2,296.2,26.2,D,0
21.7721,92.5015,320.7,1.7,1.3,2005-04-09,0729,Aqua,MODIS,44,6.2,296.3,17.7,D,0
22.0953,92.3385,322.7,1.6,1.3,2005-04-09,0729,Aqua,MODIS,54,6.2,293.1,21.9,D,0
22.0616,92.3434,324.8,1.6,1.3,2005-04-09,0729,Aqua,MODIS,60,6.2,297.4,27.1,D,0
21.6979,92.5598,327.7,1.7,1.3,2005-04-09,0729,Aqua,MODIS,30,6.2,294.3,29.9,D,0
22.3958,92.2747,345.2,1.6,1.3,2005-04-09,0729,Aqua,MODIS,92,6.2,298.1,87.2,D,0
23.5195,92.2321,393.1,1.7,1.3,2005-04-09,0729,Aqua,MODIS,100,6.2,299.7,439,D,0
22.3941,92.2592,325.1,1.6,1.3,2005-04-09,0729,Aqua,MODIS,68,6.2,299,25.5,D,0
21.7071,92.3355,328.1,1.6,1.2,2005-04-09,0729,Aqua,MODIS,74,6.2,299.5,32,D,0
21.9525,92.396,328.9,1.6,1.3,2005-04-09,0729,Aqua,MODIS,75,6.2,299.5,35,D,0
21.9095,92.2129,358.3,1.6,1.2,2005-04-09,0729,Aqua,MODIS,99,6.2,301.1,138.4,D,0
21.9084,92.2032,328.9,1.6,1.2,2005-04-09,0729,Aqua,MODIS,76,6.2,299.9,29.4,D,0
21.9101,92.2183,383.2,1.6,1.2,2005-04-09,0729,Aqua,MODIS,100,6.2,299.9,304.9,D,0
21.6611,92.5384,330.4,1.7,1.3,2005-04-09,0729,Aqua,MODIS,59,6.2,297.5,35.7,D,0
23.6341,92.2429,410.2,1.7,1.3,2005-04-09,0729,Aqua,MODIS,100,6.2,297.6,662.8,D,0
23.2003,92.2444,320.6,1.7,1.3,2005-04-09,0729,Aqua,MODIS,64,6.2,298.2,18.2,D,0
23.1575,92.2555,352.9,1.7,1.3,2005-04-09,0729,Aqua,MODIS,96,6.2,295.4,123.1,D,0
23.5177,92.2164,363,1.7,1.3,2005-04-09,0729,Aqua,MODIS,100,6.2,298,184.3,D,0
23.5656,92.2525,327.1,1.7,1.3,2005-04-09,0729,Aqua,MODIS,44,6.2,295.1,35.4,D,0
21.9008,92.235,341,1.6,1.2,2005-04-09,0729,Aqua,MODIS,88,6.2,298.6,62.2,D,0
21.5747,92.5724,348.4,1.7,1.3,2005-04-09,0729,Aqua,MODIS,93,6.2,299,97.3,D,0
21.6813,92.5132,333.8,1.7,1.3,2005-04-09,0729,Aqua,MODIS,80,6.2,298.1,47.8,D,0
21.6795,92.4966,323.7,1.7,1.3,2005-04-09,0729,Aqua,MODIS,44,6.2,298.2,23.6,D,0
22.0013,92.4218,356,1.6,1.3,2005-04-09,0729,Aqua,MODIS,97,6.2,295.8,137.4,D,0
22.0126,92.4202,340.1,1.6,1.3,2005-04-09,0729,Aqua,MODIS,87,6.2,296.6,69.8,D,0
21.8299,92.5192,326.6,1.7,1.3,2005-04-09,0729,Aqua,MODIS,70,6.2,299.7,32.7,D,0
22.0721,92.4376,353.1,1.7,1.3,2005-04-09,0729,Aqua,MODIS,96,6.2,298.3,121.6,D,0
22.2972,92.2152,320.4,1.6,1.2,2005-04-09,0729,Aqua,MODIS,28,6.2,298.2,16.6,D,0
22.286,92.2167,321.1,1.6,1.2,2005-04-09,0729,Aqua,MODIS,42,6.2,297.2,16.9,D,0
22.2,92.3605,327.3,1.6,1.3,2005-04-09,0729,Aqua,MODIS,46,6.2,296.1,27.9,D,0
21.646,92.5068,324.9,1.7,1.3,2005-04-09,0729,Aqua,MODIS,46,6.2,297.7,27.3,D,0
21.4079,92.5095,351.9,1.6,1.3,2005-04-09,0729,Aqua,MODIS,95,6.2,302.1,109.5,D,0
23.3901,92.2072,338.8,1.7,1.3,2005-04-09,0729,Aqua,MODIS,88,6.2,295.8,68.6,D,0
21.9611,92.4741,328.3,1.7,1.3,2005-04-09,0729,Aqua,MODIS,70,6.2,294.6,37.2,D,0
22.0235,92.2066,325.9,1.6,1.2,2005-04-09,0729,Aqua,MODIS,72,6.2,300,25,D,0
23.4312,92.2658,339.6,1.7,1.3,2005-04-09,0729,Aqua,MODIS,55,6.2,296.3,67.9,D,0
23.4332,92.2834,345.1,1.7,1.3,2005-04-09,0729,Aqua,MODIS,84,6.2,297.4,85.9,D,0
21.72,92.3491,334.3,1.6,1.3,2005-04-09,0729,Aqua,MODIS,82,6.2,298.8,50.6,D,0
22.6853,91.9223,320.3,1.6,1.2,2005-04-09,0729,Aqua,MODIS,66,6.2,296.7,16,D,0
23.3839,92.2567,343.6,1.7,1.3,2005-04-09,0729,Aqua,MODIS,89,6.2,298.4,81.2,D,0
21.3508,92.6131,398.6,1.7,1.3,2005-04-09,0729,Aqua,MODIS,87,6.2,297.8,494.5,D,0
21.3491,92.5974,438.6,1.7,1.3,2005-04-09,0729,Aqua,MODIS,100,6.2,309.1,1187.9,D,0
21.3622,92.6116,350,1.7,1.3,2005-04-09,0729,Aqua,MODIS,82,6.2,294.9,108.5,D,0
23.3856,92.2729,334.9,1.7,1.3,2005-04-09,0729,Aqua,MODIS,50,6.2,297,48.3,D,0
21.8708,92.2701,323.9,1.6,1.2,2005-04-09,0729,Aqua,MODIS,24,6.2,296.5,18.9,D,0
21.882,92.2687,344.8,1.6,1.2,2005-04-09,0729,Aqua,MODIS,91,6.2,300.5,78.2,D,0
21.8803,92.2535,366.6,1.6,1.2,2005-04-09,0729,Aqua,MODIS,100,6.2,301.1,183.2,D,0
23.3742,92.2748,328,1.7,1.3,2005-04-09,0729,Aqua,MODIS,45,6.2,293,30.5,D,0
21.7183,92.3339,338.6,1.6,1.2,2005-04-09,0729,Aqua,MODIS,86,6.2,299.9,62.2,D,0
21.7967,92.4291,336,1.6,1.3,2005-04-09,0729,Aqua,MODIS,83,6.2,301.4,51.9,D,0
21.7854,92.4305,330.3,1.6,1.3,2005-04-09,0729,Aqua,MODIS,77,6.2,300.5,37.9,D,0
23.3868,92.2619,343.1,1.7,1.3,2005-04-09,0729,Aqua,MODIS,91,6.2,298,80.8,D,0
23.4852,92.2361,326.2,1.7,1.3,2005-04-09,0729,Aqua,MODIS,75,6.2,296.9,32.1,D,0
23.4835,92.2204,331.7,1.7,1.3,2005-04-09,0729,Aqua,MODIS,83,6.2,296.6,49.5,D,0
23.3754,92.2636,340.7,1.7,1.3,2005-04-09,0729,Aqua,MODIS,89,6.2,296,71.7,D,0
21.6801,92.5037,335.8,1.7,1.3,2005-04-09,0729,Aqua,MODIS,83,6.2,298.5,53.6,D,0
21.3604,92.5959,400.9,1.7,1.3,2005-04-09,0729,Aqua,MODIS,100,6.2,305.5,522.5,D,0
23.2885,92.2092,327.5,1.7,1.3,2005-04-09,0729,Aqua,MODIS,74,6.2,293.6,35.1,D,0
23.2894,92.2157,324.1,1.7,1.3,2005-04-09,0729,Aqua,MODIS,54,6.2,294.8,27.4,D,0
22.2535,92.2265,324.4,1.6,1.2,2005-04-09,0729,Aqua,MODIS,41,6.2,299,20.6,D,0
23.6342,91.9293,326.6,1.6,1.2,2005-04-09,0729,Aqua,MODIS,0,6.2,290.9,34.3,D,0
23.4561,92.2804,409.5,1.7,1.3,2005-04-09,0729,Aqua,MODIS,100,6.2,298.6,651.7,D,0
22.2835,92.0862,304.1,1,1,2005-04-09,1938,Aqua,MODIS,59,6.2,294.1,4.3,N,0
23.521,91.9434,304,1,1,2005-04-09,1938,Aqua,MODIS,58,6.2,291.7,5.1,N,0
23.7244,90.9086,309.4,3.6,1.8,2005-04-10,0634,Aqua,MODIS,26,6.2,290.5,32.2,D,0
24.5834,92.1189,305.5,2.8,1.6,2005-04-10,0634,Aqua,MODIS,36,6.2,287.1,8.4,D,0
22.3167,89.7326,314.7,1.3,1.1,2005-04-13,0704,Aqua,MODIS,39,6.2,303.7,8,D,0
23.4255,92.0813,316.6,1,1,2005-04-13,0705,Aqua,MODIS,60,6.2,301.7,8,D,0
23.3548,91.9817,322.3,1,1,2005-04-13,0705,Aqua,MODIS,59,6.2,302.8,13.2,D,0
21.6769,92.2986,315.5,1.1,1.1,2005-04-14,0442,Terra,MODIS,29,6.2,303.1,5.4,D,0
21.1424,92.1319,319.5,3.4,1.7,2005-04-14,0747,Aqua,MODIS,62,6.2,301.5,60.5,D,0
21.137,92.128,317.6,3.4,1.7,2005-04-14,0747,Aqua,MODIS,51,6.2,301.2,49.8,D,0
23.6301,92.0052,315.1,3.5,1.8,2005-04-14,0748,Aqua,MODIS,50,6.2,294.8,44.7,D,0
23.3439,92.1692,315.6,1.4,1.2,2005-04-15,0652,Aqua,MODIS,55,6.2,299.5,10,D,0
22.6653,92.0504,313.6,1.5,1.2,2005-04-15,0652,Aqua,MODIS,42,6.2,300,8.1,D,0
21.9102,92.0898,318.1,1.5,1.2,2005-04-15,0652,Aqua,MODIS,62,6.2,303.2,12.9,D,0
23.6188,92.2215,380.8,1.4,1.2,2005-04-15,0652,Aqua,MODIS,100,6.2,302.5,239.2,D,0
23.6166,92.208,404.6,1.4,1.2,2005-04-15,0652,Aqua,MODIS,100,6.2,306.5,441.1,D,0
23.6291,92.2193,324.3,1.4,1.2,2005-04-15,0652,Aqua,MODIS,62,6.2,297,24.2,D,0
23.6143,92.1943,329.7,1.4,1.2,2005-04-15,0652,Aqua,MODIS,68,6.2,300,33,D,0
23.5987,91.9376,330,1.4,1.2,2005-04-15,0652,Aqua,MODIS,82,6.2,301,38,D,0
23.5179,91.9462,374.8,1.4,1.2,2005-04-15,0652,Aqua,MODIS,100,6.2,303.1,215.9,D,0
23.5074,91.9484,315.2,1.4,1.2,2005-04-15,0652,Aqua,MODIS,58,6.2,300.9,11.6,D,0
21.8299,92.2871,358.8,1.5,1.2,2005-04-15,0652,Aqua,MODIS,99,6.2,302.2,130.3,D,0
23.627,92.2062,335.8,1.4,1.2,2005-04-15,0652,Aqua,MODIS,87,6.2,291.5,47.9,D,0
21.8193,92.2892,321.1,1.5,1.2,2005-04-15,0652,Aqua,MODIS,67,6.2,301.8,17.7,D,0
23.6251,92.2138,378.4,1.4,1.2,2005-04-15,0652,Aqua,MODIS,100,6.2,301.1,225.4,D,0
23.0585,92.316,341.3,1.4,1.2,2005-04-15,0652,Aqua,MODIS,90,6.2,299.4,61.2,D,0
23.0607,92.3288,383.1,1.4,1.2,2005-04-15,0652,Aqua,MODIS,100,6.2,302.8,257.5,D,0
23.0411,92.277,354,1.4,1.2,2005-04-15,0652,Aqua,MODIS,97,6.2,302.9,104.1,D,0
23.0435,92.2906,325,1.4,1.2,2005-04-15,0652,Aqua,MODIS,76,6.2,300.8,24.5,D,0
23.5959,92.2119,329,1.4,1.2,2005-04-15,0652,Aqua,MODIS,81,6.2,300.3,34.4,D,0
23.5089,92.0194,314.4,1.4,1.2,2005-04-15,0652,Aqua,MODIS,55,6.2,300.2,11.6,D,0
23.45,92.0226,380.4,1.4,1.2,2005-04-15,0652,Aqua,MODIS,100,6.2,302.9,250.4,D,0
23.4524,92.0363,337.6,1.4,1.2,2005-04-15,0652,Aqua,MODIS,88,6.2,299.8,55.4,D,0
23.4395,92.0248,313.4,1.4,1.2,2005-04-15,0652,Aqua,MODIS,50,6.2,300.2,8.8,D,0
23.6514,92.18,319.7,1.4,1.2,2005-04-15,0652,Aqua,MODIS,58,6.2,300.2,17.5,D,0
23.6594,92.1644,315.6,1.4,1.2,2005-04-15,0652,Aqua,MODIS,21,6.2,300.3,11.1,D,0
23.6228,92.2002,332,1.4,1.2,2005-04-15,0652,Aqua,MODIS,84,6.2,295.4,38.7,D,0
21.8217,92.3031,326.9,1.5,1.2,2005-04-15,0652,Aqua,MODIS,76,6.2,303,28.9,D,0
23.6617,92.1777,358.3,1.4,1.2,2005-04-15,0652,Aqua,MODIS,99,6.2,303.8,121.4,D,0
23.3659,92.0747,316.6,1.4,1.2,2005-04-15,0652,Aqua,MODIS,63,6.2,299.6,13.3,D,0
23.3635,92.061,325,1.4,1.2,2005-04-15,0652,Aqua,MODIS,77,6.2,300.7,26.6,D,0
23.3752,92.129,316.2,1.4,1.2,2005-04-15,0652,Aqua,MODIS,62,6.2,300,12.6,D,0
23.3845,92.1832,312.6,1.4,1.2,2005-04-15,0652,Aqua,MODIS,46,6.2,300.3,8.1,D,0
23.4169,92.1205,312.3,1.4,1.2,2005-04-15,0652,Aqua,MODIS,42,6.2,298.7,8,D,0
23.3462,92.1829,314.1,1.4,1.2,2005-04-15,0652,Aqua,MODIS,45,6.2,299,7.9,D,0
23.6062,92.2098,328.6,1.4,1.2,2005-04-15,0652,Aqua,MODIS,79,6.2,301.2,32.2,D,0
23.5206,92.2475,317.9,1.4,1.2,2005-04-15,0652,Aqua,MODIS,67,6.2,299.7,15.5,D,0
23.5182,92.2334,323.6,1.4,1.2,2005-04-15,0652,Aqua,MODIS,76,6.2,300.3,25.1,D,0
21.8323,92.3011,340.1,1.5,1.2,2005-04-15,0652,Aqua,MODIS,89,6.2,302.5,61,D,0
23.351,92.1763,313.9,1.4,1.2,2005-04-15,0652,Aqua,MODIS,26,6.2,298.7,7.6,D,0
23.5729,91.9439,314.9,1.1,1,2005-04-16,0429,Terra,MODIS,60,6.2,297.9,7,D,0
23.6487,92.0752,369.1,2.1,1.4,2005-04-16,0735,Aqua,MODIS,100,6.2,299.2,309.4,D,0
23.6518,92.0885,350.5,2.1,1.4,2005-04-16,0735,Aqua,MODIS,95,6.2,299.1,165.4,D,0
23.6498,92.0674,341.1,2.1,1.4,2005-04-16,0735,Aqua,MODIS,90,6.2,298.3,107.8,D,0
21.7615,92.5113,336.3,2.1,1.4,2005-04-16,0735,Aqua,MODIS,83,6.2,303.9,76.5,D,0
23.6276,91.9955,334.5,2.1,1.4,2005-04-16,0735,Aqua,MODIS,52,6.2,297.9,69.5,D,0
23.6402,91.9941,355,2.1,1.4,2005-04-16,0735,Aqua,MODIS,97,6.2,299.7,185.6,D,0
23.6528,91.9924,326.5,2.1,1.4,2005-04-16,0735,Aqua,MODIS,54,6.2,296.9,45,D,0
23.6438,92.0062,328.3,2.1,1.4,2005-04-16,0735,Aqua,MODIS,79,6.2,298.5,52,D,0
23.6419,91.9865,338.9,2.1,1.4,2005-04-16,0735,Aqua,MODIS,88,6.2,299.3,94.6,D,0
23.6545,91.985,330.4,2.1,1.4,2005-04-16,0735,Aqua,MODIS,82,6.2,296.5,60,D,0
21.7594,92.4919,319.9,2.1,1.4,2005-04-16,0735,Aqua,MODIS,8,6.2,303.8,14.6,D,0
22.2627,92.0912,325.1,2,1.4,2005-04-16,0735,Aqua,MODIS,72,6.2,300.3,42.7,D,0
21.7272,92.4292,321.5,2.1,1.4,2005-04-16,0735,Aqua,MODIS,52,6.2,303.3,23.7,D,0
21.9165,92.3793,321,2.1,1.4,2005-04-16,0735,Aqua,MODIS,53,6.2,302.9,24.5,D,0
23.5959,92.0608,339.2,2.1,1.4,2005-04-16,0735,Aqua,MODIS,89,6.2,298.8,100.7,D,0
21.8894,92.2406,320,2.1,1.4,2005-04-16,0735,Aqua,MODIS,45,6.2,303.1,18.5,D,0
21.8954,92.299,355.1,2.1,1.4,2005-04-16,0735,Aqua,MODIS,97,6.2,304.6,183.7,D,0
23.6636,92.2197,338.8,2.2,1.4,2005-04-16,0735,Aqua,MODIS,88,6.2,297.8,101.8,D,0
23.6765,92.2189,326.5,2.2,1.4,2005-04-16,0735,Aqua,MODIS,58,6.2,297.5,48,D,0
23.6638,92.2126,330.8,2.2,1.4,2005-04-16,0735,Aqua,MODIS,76,6.2,298.7,63.2,D,0
21.793,92.3199,321.8,2.1,1.4,2005-04-16,0735,Aqua,MODIS,50,6.2,303,24.1,D,0
21.8162,92.2972,336.2,2.1,1.4,2005-04-16,0735,Aqua,MODIS,83,6.2,302.4,72.8,D,0
21.791,92.3003,324.1,2.1,1.4,2005-04-16,0735,Aqua,MODIS,64,6.2,303.8,31.1,D,0
21.7784,92.3016,327,2.1,1.4,2005-04-16,0735,Aqua,MODIS,58,6.2,303.8,38.4,D,0
21.7907,92.3053,328.3,2.1,1.4,2005-04-16,0735,Aqua,MODIS,34,6.2,303.8,40.2,D,0
21.7781,92.3065,323.7,2.1,1.4,2005-04-16,0735,Aqua,MODIS,45,6.2,303.7,27.9,D,0
21.8973,92.317,325.2,2.1,1.4,2005-04-16,0735,Aqua,MODIS,68,6.2,301.9,35.8,D,0
21.9776,92.2249,319.7,2.1,1.4,2005-04-16,0735,Aqua,MODIS,38,6.2,303.2,17.8,D,0
23.6736,91.9208,323.5,2.1,1.4,2005-04-16,0735,Aqua,MODIS,74,6.2,297.8,35.9,D,0
21.9692,92.2658,326.5,2.1,1.4,2005-04-16,0735,Aqua,MODIS,48,6.2,304.2,35.9,D,0
21.9711,92.2846,340.5,2.1,1.4,2005-04-16,0735,Aqua,MODIS,88,6.2,303.9,94.1,D,0
21.9689,92.271,334.3,2.1,1.4,2005-04-16,0735,Aqua,MODIS,81,6.2,304.4,65.9,D,0
21.226,92.1121,321.7,2,1.4,2005-04-16,0735,Aqua,MODIS,58,6.2,301.5,29.7,D,0
23.6403,92.1184,327.4,2.1,1.4,2005-04-16,0735,Aqua,MODIS,47,6.2,298.7,48.9,D,0
23.7195,92.1218,317.3,2.1,1.4,2005-04-16,0735,Aqua,MODIS,64,6.2,297.4,24.6,D,0
21.9709,92.2893,333.6,2.1,1.4,2005-04-16,0735,Aqua,MODIS,81,6.2,303.3,63.4,D,0
21.7637,92.533,366.9,2.2,1.4,2005-04-16,0735,Aqua,MODIS,100,6.2,304.9,287.5,D,0
23.4281,92.1987,335.1,2.1,1.4,2005-04-16,0735,Aqua,MODIS,85,6.2,297.6,84.5,D,0
21.5855,92.5668,326,2.2,1.4,2005-04-16,0735,Aqua,MODIS,70,6.2,299.1,43.1,D,0
23.6379,91.9453,349.3,2.1,1.4,2005-04-16,0735,Aqua,MODIS,95,6.2,298,147.4,D,0
23.6486,91.9519,322.9,2.1,1.4,2005-04-16,0735,Aqua,MODIS,36,6.2,296.3,31.1,D,0
23.636,91.9534,343.4,2.1,1.4,2005-04-16,0735,Aqua,MODIS,80,6.2,297.6,107.4,D,0
23.6213,91.9344,338.5,2.1,1.4,2005-04-16,0735,Aqua,MODIS,45,6.2,298.5,81.7,D,0
23.6234,91.9549,339.4,2.1,1.4,2005-04-16,0735,Aqua,MODIS,38,6.2,298.2,83.7,D,0
23.6256,91.9754,334.8,2.1,1.4,2005-04-16,0735,Aqua,MODIS,28,6.2,298.7,67,D,0
23.6487,92.2013,373.5,2.2,1.4,2005-04-16,0735,Aqua,MODIS,100,6.2,302.5,369.2,D,0
23.6359,92.2027,371.4,2.2,1.4,2005-04-16,0735,Aqua,MODIS,100,6.2,302,346.9,D,0
21.7786,92.5509,322.8,2.2,1.4,2005-04-16,0735,Aqua,MODIS,59,6.2,304.4,31.1,D,0
22.229,92.1625,324.5,2.1,1.4,2005-04-16,0735,Aqua,MODIS,70,6.2,301.9,37.8,D,0
21.8906,92.5035,390.9,2.2,1.4,2005-04-16,0735,Aqua,MODIS,100,6.2,310.8,589.5,D,0
21.8924,92.5213,348.7,2.2,1.4,2005-04-16,0735,Aqua,MODIS,93,6.2,301,150.4,D,0
21.89,92.5101,394.6,2.2,1.4,2005-04-16,0735,Aqua,MODIS,100,6.2,309,649,D,0
21.7765,92.5312,325.7,2.2,1.4,2005-04-16,0735,Aqua,MODIS,68,6.2,305.4,36.8,D,0
21.8141,92.2774,328.7,2.1,1.4,2005-04-16,0735,Aqua,MODIS,53,6.2,303.3,43.4,D,0
21.8881,92.4924,344.8,2.1,1.4,2005-04-16,0735,Aqua,MODIS,90,6.2,306.7,123.6,D,0
21.9943,92.2626,341.6,2.1,1.4,2005-04-16,0735,Aqua,MODIS,88,6.2,304.4,99.1,D,0
21.9961,92.2804,323,2.1,1.4,2005-04-16,0735,Aqua,MODIS,51,6.2,301.9,26,D,0
21.9817,92.2641,322.1,2.1,1.4,2005-04-16,0735,Aqua,MODIS,26,6.2,303.7,23,D,0
21.7173,92.3339,326.6,2.1,1.4,2005-04-16,0735,Aqua,MODIS,69,6.2,303.5,41.3,D,0
21.7298,92.4541,322,2.1,1.4,2005-04-16,0735,Aqua,MODIS,50,6.2,303.9,23.7,D,0
21.7171,92.4556,321.9,2.1,1.4,2005-04-16,0735,Aqua,MODIS,39,6.2,305.1,24,D,0
23.5456,91.9483,321,2.1,1.4,2005-04-16,0735,Aqua,MODIS,27,6.2,298.2,27.4,D,0
23.548,91.9634,321.6,2.1,1.4,2005-04-16,0735,Aqua,MODIS,24,6.2,297.5,29.1,D,0
24.1859,91.7222,312.4,2,1.4,2005-04-16,0735,Aqua,MODIS,31,6.2,293.1,13,D,0
23.5719,92.211,335.4,2.2,1.4,2005-04-16,0735,Aqua,MODIS,86,6.2,299.4,83.9,D,0
23.5713,92.1955,315.1,2.2,1.4,2005-04-16,0735,Aqua,MODIS,20,6.2,298.7,18.4,D,0
23.5734,92.2158,347.1,2.2,1.4,2005-04-16,0735,Aqua,MODIS,93,6.2,299.4,151.7,D,0
23.5094,92.2237,340.8,2.2,1.4,2005-04-16,0735,Aqua,MODIS,90,6.2,297.9,113.2,D,0
23.5113,92.2435,339.9,2.2,1.4,2005-04-16,0735,Aqua,MODIS,89,6.2,297.7,106.9,D,0
23.4946,92.2045,324.2,2.2,1.4,2005-04-16,0735,Aqua,MODIS,46,6.2,297.7,41.9,D,0
23.4965,92.2249,335.5,2.2,1.4,2005-04-16,0735,Aqua,MODIS,86,6.2,297.9,85.7,D,0
22.6501,91.9601,321,2,1.4,2005-04-16,0735,Aqua,MODIS,64,6.2,300.4,28.2,D,0
22.6516,91.9542,317.9,2,1.4,2005-04-16,0735,Aqua,MODIS,53,6.2,300.4,20.3,D,0
23.3358,92.173,316.4,2.1,1.4,2005-04-16,0735,Aqua,MODIS,44,6.2,297.2,17.8,D,0
23.3485,92.1713,323.8,2.1,1.4,2005-04-16,0735,Aqua,MODIS,73,6.2,297,40,D,0
23.4985,92.2449,330.1,2.2,1.4,2005-04-16,0735,Aqua,MODIS,57,6.2,298,59.8,D,0
23.5069,92.2103,333.7,2.2,1.4,2005-04-16,0735,Aqua,MODIS,84,6.2,297.9,77.6,D,0
23.5091,92.2308,341,2.2,1.4,2005-04-16,0735,Aqua,MODIS,90,6.2,297.9,112.3,D,0
23.5112,92.2514,333.7,2.2,1.4,2005-04-16,0735,Aqua,MODIS,84,6.2,297.3,75.5,D,0
23.4941,92.2118,336.1,2.2,1.4,2005-04-16,0735,Aqua,MODIS,86,6.2,298.2,88.1,D,0
23.4962,92.2319,330,2.2,1.4,2005-04-16,0735,Aqua,MODIS,81,6.2,297.8,63.4,D,0
23.4984,92.2525,320.9,2.2,1.4,2005-04-16,0735,Aqua,MODIS,32,6.2,297.5,30.1,D,0
23.5857,91.9592,323.8,2.1,1.4,2005-04-16,0735,Aqua,MODIS,31,6.2,297.2,33.2,D,0
23.3633,92.0656,324.3,2.1,1.4,2005-04-16,0735,Aqua,MODIS,74,6.2,297.8,42.5,D,0
23.4348,92.011,329.3,2.1,1.4,2005-04-16,0735,Aqua,MODIS,80,6.2,298.2,56.2,D,0
23.46,92.0078,328,2.1,1.4,2005-04-16,0735,Aqua,MODIS,53,6.2,298.4,47.8,D,0
23.4747,92.0265,323.2,2.1,1.4,2005-04-16,0735,Aqua,MODIS,58,6.2,296.8,35,D,0
23.4726,92.0063,321.9,2.1,1.4,2005-04-16,0735,Aqua,MODIS,48,6.2,297.5,30.3,D,0
23.4618,92.0004,323.8,2.1,1.4,2005-04-16,0735,Aqua,MODIS,58,6.2,298.5,36.1,D,0
23.4764,92.019,333,2.1,1.4,2005-04-16,0735,Aqua,MODIS,84,6.2,296.7,71.8,D,0
23.4643,92.1735,328.9,2.1,1.4,2005-04-16,0735,Aqua,MODIS,80,6.2,297.8,59.7,D,0
23.4493,92.1531,320.8,2.1,1.4,2005-04-16,0735,Aqua,MODIS,53,6.2,298.1,32.7,D,0
23.4516,92.175,342.4,2.1,1.4,2005-04-16,0735,Aqua,MODIS,90,6.2,298.8,120.8,D,0
23.638,92.2232,371.2,2.2,1.4,2005-04-16,0735,Aqua,MODIS,100,6.2,299.7,347.4,D,0
23.6252,92.225,317.3,2.2,1.4,2005-04-16,0735,Aqua,MODIS,64,6.2,296.6,22.6,D,0
23.6103,92.2062,345.1,2.2,1.4,2005-04-16,0735,Aqua,MODIS,92,6.2,299.9,134.2,D,0
23.6123,92.226,342.1,2.2,1.4,2005-04-16,0735,Aqua,MODIS,91,6.2,297.9,116.9,D,0
23.5975,92.2078,338,2.2,1.4,2005-04-16,0735,Aqua,MODIS,88,6.2,299.6,94.5,D,0
23.5995,92.2276,345.3,2.2,1.4,2005-04-16,0735,Aqua,MODIS,92,6.2,298.4,131.2,D,0
23.5867,92.2292,336.2,2.2,1.4,2005-04-16,0735,Aqua,MODIS,73,6.2,298.2,81.4,D,0
23.5886,92.2493,368.7,2.2,1.4,2005-04-16,0735,Aqua,MODIS,100,6.2,300.2,315.1,D,0
23.5758,92.2509,327,2.2,1.4,2005-04-16,0735,Aqua,MODIS,55,6.2,298,47.9,D,0
23.599,92.2128,358.2,2.2,1.4,2005-04-16,0735,Aqua,MODIS,99,6.2,300.1,225,D,0
23.601,92.2316,334.3,2.2,1.4,2005-04-16,0735,Aqua,MODIS,85,6.2,297.5,76.1,D,0
23.5862,92.2142,331.6,2.2,1.4,2005-04-16,0735,Aqua,MODIS,83,6.2,298.7,68.6,D,0
23.5882,92.2335,334.1,2.2,1.4,2005-04-16,0735,Aqua,MODIS,85,6.2,298.1,76.4,D,0
23.5904,92.2551,373.2,2.2,1.4,2005-04-16,0735,Aqua,MODIS,100,6.2,299.7,369.3,D,0
23.5753,92.2346,318.6,2.2,1.4,2005-04-16,0735,Aqua,MODIS,36,6.2,297.4,24.7,D,0
23.5776,92.2565,349.3,2.2,1.4,2005-04-16,0735,Aqua,MODIS,95,6.2,298.9,167.6,D,0
23.4327,91.9904,325.6,2.1,1.4,2005-04-16,0735,Aqua,MODIS,76,6.2,298.4,42.7,D,0
23.6508,92.2211,363.9,2.2,1.4,2005-04-16,0735,Aqua,MODIS,100,6.2,299.1,274.7,D,0
23.6254,92.0991,323.2,2.1,1.4,2005-04-16,0735,Aqua,MODIS,69,6.2,298.2,38.2,D,0
23.619,92.0364,346.6,2.1,1.4,2005-04-16,0735,Aqua,MODIS,93,6.2,298.5,134.2,D,0
23.6317,92.0349,333.5,2.1,1.4,2005-04-16,0735,Aqua,MODIS,84,6.2,297.6,71.3,D,0
23.6508,92.0961,337.9,2.1,1.4,2005-04-16,0735,Aqua,MODIS,88,6.2,298.6,93,D,0
23.6538,92.1092,324.7,2.1,1.4,2005-04-16,0735,Aqua,MODIS,76,6.2,298.1,43.1,D,0
21.1741,92.1366,321.4,2.6,1.5,2005-04-17,0639,Aqua,MODIS,72,6.2,291.2,51.9,D,0
23.0021,92.2821,331.3,2.3,1.5,2005-04-17,0640,Aqua,MODIS,78,6.2,297.5,79.1,D,0
23.6129,91.9566,359.7,2.3,1.5,2005-04-17,0640,Aqua,MODIS,86,6.2,278.1,278.9,D,0
21.8248,92.2928,328,2.4,1.5,2005-04-17,0640,Aqua,MODIS,76,6.2,285.8,83,D,0
22.9229,92.2845,326.7,2.3,1.5,2005-04-17,0640,Aqua,MODIS,59,6.2,298,60.4,D,0
23.6085,91.934,332.8,2.4,1.5,2005-04-17,0640,Aqua,MODIS,74,6.2,284.4,97.2,D,0
22.9202,92.2781,336.8,2.3,1.5,2005-04-17,0640,Aqua,MODIS,66,6.2,298,107,D,0
23.5955,91.9372,331.9,2.4,1.5,2005-04-17,0640,Aqua,MODIS,72,6.2,285.6,95.4,D,0
21.8381,92.29,331.2,2.4,1.5,2005-04-17,0640,Aqua,MODIS,71,6.2,289.3,91.9,D,0
23.6608,91.9216,313.8,2.4,1.5,2005-04-17,0640,Aqua,MODIS,57,6.2,290.7,25.8,D,0
23.6564,91.9173,311.5,2.4,1.5,2005-04-17,0640,Aqua,MODIS,39,6.2,290.2,16.6,D,0
22.3547,92.0158,314.3,2.5,1.5,2005-04-17,0640,Aqua,MODIS,21,6.2,293.7,26.2,D,0
22.3593,92.0396,315.4,2.5,1.5,2005-04-17,0640,Aqua,MODIS,44,6.2,292.3,28,D,0
21.921,92.2427,316.3,2.4,1.5,2005-04-17,0640,Aqua,MODIS,50,6.2,296.8,22.4,D,0
21.6892,92.3348,319.6,2.4,1.5,2005-04-17,0640,Aqua,MODIS,66,6.2,285.9,47,D,0
21.956,92.4248,338.8,2.4,1.5,2005-04-17,0640,Aqua,MODIS,87,6.2,292.6,122,D,0
23.6392,92.0217,333.3,2.3,1.5,2005-04-17,0640,Aqua,MODIS,60,6.2,287.8,98.4,D,0
23.6032,91.9649,362.2,2.3,1.5,2005-04-17,0640,Aqua,MODIS,87,6.2,282.5,297.4,D,0
23.5991,91.9431,366.1,2.4,1.5,2005-04-17,0640,Aqua,MODIS,94,6.2,286.6,339.7,D,0
23.6042,91.9814,314,2.3,1.5,2005-04-17,0640,Aqua,MODIS,0,6.2,271.4,28.9,D,0
22.9988,92.2778,328.6,2.3,1.5,2005-04-17,0640,Aqua,MODIS,76,6.2,298,67.3,D,0
23.5998,91.9594,357.1,2.3,1.5,2005-04-17,0640,Aqua,MODIS,86,6.2,283.5,258.7,D,0
21.9182,92.2439,308.8,1,1,2005-04-17,1608,Terra,MODIS,76,6.2,295.4,6.9,N,0
21.9196,92.2535,314.1,1,1,2005-04-17,1608,Terra,MODIS,89,6.2,295.6,10.7,N,0
21.9516,92.3064,321.5,1.4,1.2,2005-04-18,0417,Terra,MODIS,74,6.2,293.5,16.4,D,0
22.7219,92.2535,328,1.4,1.2,2005-04-18,0417,Terra,MODIS,0,6.2,299.4,30.9,D,0
21.9501,92.319,316.3,1.4,1.2,2005-04-18,0417,Terra,MODIS,65,6.2,293.2,9.2,D,0
21.1697,92.1401,316.3,1.4,1.2,2005-04-18,0417,Terra,MODIS,60,6.2,297.7,9.6,D,0
22.0884,92.37,322.4,1.4,1.2,2005-04-18,0417,Terra,MODIS,74,6.2,289.8,18.8,D,0
22.09,92.357,338.1,1.4,1.2,2005-04-18,0417,Terra,MODIS,88,6.2,292.5,51.8,D,0
21.4383,92.5846,339.3,1.3,1.1,2005-04-18,0722,Aqua,MODIS,86,6.2,305.2,46.8,D,0
22.0329,92.3815,325.9,1.3,1.1,2005-04-18,0722,Aqua,MODIS,74,6.2,305,15.1,D,0
21.9422,92.298,335.7,1.3,1.1,2005-04-18,0722,Aqua,MODIS,85,6.2,305.3,33.9,D,0
21.5457,92.551,333.6,1.3,1.1,2005-04-18,0722,Aqua,MODIS,81,6.2,304.3,31.3,D,0
21.5119,92.5288,345.6,1.3,1.1,2005-04-18,0722,Aqua,MODIS,91,6.2,302.3,63.3,D,0
21.5018,92.5301,335.2,1.3,1.1,2005-04-18,0722,Aqua,MODIS,83,6.2,302.1,38.5,D,0
21.5034,92.5437,321.8,1.3,1.1,2005-04-18,0722,Aqua,MODIS,58,6.2,301.3,14,D,0
21.9407,92.2862,328.8,1.3,1.1,2005-04-18,0722,Aqua,MODIS,78,6.2,306.2,20.4,D,0
21.9723,92.2934,330.4,1.3,1.1,2005-04-18,0722,Aqua,MODIS,79,6.2,305.4,23.8,D,0
21.7572,92.4511,331.3,1.3,1.1,2005-04-18,0722,Aqua,MODIS,77,6.2,300.9,22.8,D,0
21.6238,92.5197,326.4,1.3,1.1,2005-04-18,0722,Aqua,MODIS,70,6.2,305.4,17.3,D,0
21.9333,92.2255,336.3,1.3,1.1,2005-04-18,0722,Aqua,MODIS,85,6.2,304.7,35.1,D,0
21.9318,92.2134,339.8,1.3,1.1,2005-04-18,0722,Aqua,MODIS,88,6.2,304.8,42.8,D,0
21.9648,92.2333,359.2,1.3,1.1,2005-04-18,0722,Aqua,MODIS,99,6.2,305.3,101.8,D,0
21.9633,92.2212,324.1,1.3,1.1,2005-04-18,0722,Aqua,MODIS,65,6.2,303.8,13,D,0
21.9749,92.232,322.9,1.3,1.1,2005-04-18,0722,Aqua,MODIS,65,6.2,302,10.9,D,0
21.8219,92.236,333.4,1.3,1.1,2005-04-18,0722,Aqua,MODIS,82,6.2,304,30.8,D,0
21.8233,92.2481,335.9,1.3,1.1,2005-04-18,0722,Aqua,MODIS,85,6.2,303,36.8,D,0
21.9733,92.2198,325.2,1.3,1.1,2005-04-18,0722,Aqua,MODIS,72,6.2,303.2,14.7,D,0
22.0149,92.2332,351.7,1.3,1.1,2005-04-18,0722,Aqua,MODIS,95,6.2,304.6,75.4,D,0
21.7385,92.1308,324.5,1.2,1.1,2005-04-18,0722,Aqua,MODIS,70,6.2,304.4,13.5,D,0
21.6829,92.1822,321.2,1.3,1.1,2005-04-18,0722,Aqua,MODIS,56,6.2,303.7,8,D,0
21.7658,92.4372,343.6,1.3,1.1,2005-04-18,0722,Aqua,MODIS,90,6.2,303.6,51.2,D,0
21.7641,92.4235,328.7,1.3,1.1,2005-04-18,0722,Aqua,MODIS,47,6.2,304.4,18.4,D,0
21.3683,92.1002,342.4,1.2,1.1,2005-04-18,0722,Aqua,MODIS,90,6.2,303.9,48.5,D,0
21.3697,92.1119,369.7,1.2,1.1,2005-04-18,0722,Aqua,MODIS,100,6.2,305.2,141.9,D,0
21.7743,92.1745,328.5,1.3,1.1,2005-04-18,0722,Aqua,MODIS,76,6.2,304.4,19.2,D,0
21.7728,92.1624,321.2,1.3,1.1,2005-04-18,0722,Aqua,MODIS,54,6.2,303.8,7.6,D,0
21.8444,92.1713,324.7,1.3,1.1,2005-04-18,0722,Aqua,MODIS,71,6.2,304.3,12.3,D,0
21.8429,92.1592,324.9,1.3,1.1,2005-04-18,0722,Aqua,MODIS,71,6.2,304.2,13,D,0
21.8614,92.1442,326.1,1.3,1.1,2005-04-18,0722,Aqua,MODIS,44,6.2,303.8,13.5,D,0
21.8713,92.1428,321,1.3,1.1,2005-04-18,0722,Aqua,MODIS,59,6.2,303.6,8,D,0
21.3471,92.0912,324.8,1.2,1.1,2005-04-18,0722,Aqua,MODIS,71,6.2,303.2,14.7,D,0
21.7378,92.2908,334.2,1.3,1.1,2005-04-18,0722,Aqua,MODIS,82,6.2,304.5,31.6,D,0
21.7593,92.3001,326.8,1.3,1.1,2005-04-18,0722,Aqua,MODIS,58,6.2,305.4,15.6,D,0
21.7578,92.2879,344.8,1.3,1.1,2005-04-18,0722,Aqua,MODIS,91,6.2,304.4,55.2,D,0
21.7519,92.2393,327.1,1.3,1.1,2005-04-18,0722,Aqua,MODIS,63,6.2,304.1,15.2,D,0
21.8095,92.2929,321.4,1.3,1.1,2005-04-18,0722,Aqua,MODIS,47,6.2,303.8,9.4,D,0
21.8234,92.4035,331.5,1.3,1.1,2005-04-18,0722,Aqua,MODIS,79,6.2,302.8,25.2,D,0
21.8731,92.4041,338.9,1.3,1.1,2005-04-18,0722,Aqua,MODIS,87,6.2,303.1,39.8,D,0
21.8583,92.3669,342.3,1.3,1.1,2005-04-18,0722,Aqua,MODIS,90,6.2,303,50.3,D,0
21.8716,92.3917,324,1.3,1.1,2005-04-18,0722,Aqua,MODIS,39,6.2,302,11.2,D,0
21.87,92.3791,351.3,1.3,1.1,2005-04-18,0722,Aqua,MODIS,95,6.2,302.9,75.3,D,0
21.8685,92.3662,331.2,1.3,1.1,2005-04-18,0722,Aqua,MODIS,80,6.2,303.8,25.1,D,0
21.9004,92.3749,342.9,1.3,1.1,2005-04-18,0722,Aqua,MODIS,90,6.2,302.7,52.5,D,0
21.8988,92.3623,320.9,1.3,1.1,2005-04-18,0722,Aqua,MODIS,63,6.2,302.7,9,D,0
21.38,92.1948,320.7,1.2,1.1,2005-04-18,0722,Aqua,MODIS,61,6.2,302.5,10.3,D,0
21.3815,92.2068,335.1,1.2,1.1,2005-04-18,0722,Aqua,MODIS,84,6.2,302.3,34.6,D,0
21.3403,92.2003,321.3,1.2,1.1,2005-04-18,0722,Aqua,MODIS,49,6.2,301.8,10.7,D,0
21.3382,92.195,327.8,1.2,1.1,2005-04-18,0722,Aqua,MODIS,76,6.2,302.3,19.5,D,0
21.9965,92.4051,328.4,1.3,1.1,2005-04-18,0722,Aqua,MODIS,77,6.2,307.3,18.6,D,0
21.977,92.3314,324.9,1.3,1.1,2005-04-18,0722,Aqua,MODIS,72,6.2,304.4,15.6,D,0
21.6535,92.2724,324.1,1.3,1.1,2005-04-18,0722,Aqua,MODIS,66,6.2,304.4,10.6,D,0
21.7151,92.276,328.6,1.3,1.1,2005-04-18,0722,Aqua,MODIS,75,6.2,302.4,19.8,D,0
21.7135,92.264,336.1,1.3,1.1,2005-04-18,0722,Aqua,MODIS,84,6.2,302.6,33.1,D,0
21.7162,92.2813,334.3,1.3,1.1,2005-04-18,0722,Aqua,MODIS,83,6.2,302.6,30.7,D,0
21.7148,92.2692,328.8,1.3,1.1,2005-04-18,0722,Aqua,MODIS,76,6.2,301.7,19.7,D,0
21.7422,92.3275,324.4,1.3,1.1,2005-04-18,0722,Aqua,MODIS,69,6.2,304.6,12.9,D,0
21.9356,92.4133,328.4,1.3,1.1,2005-04-18,0722,Aqua,MODIS,77,6.2,306.5,19.7,D,0
21.9371,92.4256,372.7,1.3,1.1,2005-04-18,0722,Aqua,MODIS,100,6.2,308.7,165.8,D,0
21.6996,92.3155,336.1,1.3,1.1,2005-04-18,0722,Aqua,MODIS,84,6.2,305.3,34.2,D,0
21.7011,92.3277,328.4,1.3,1.1,2005-04-18,0722,Aqua,MODIS,74,6.2,304.9,19.1,D,0
21.7369,92.4539,330.9,1.3,1.1,2005-04-18,0722,Aqua,MODIS,66,6.2,303.1,22.9,D,0
21.7383,92.466,353.7,1.3,1.1,2005-04-18,0722,Aqua,MODIS,96,6.2,302.8,84.3,D,0
21.7382,92.4605,362,1.3,1.1,2005-04-18,0722,Aqua,MODIS,100,6.2,304,115.2,D,0
21.7397,92.4726,336.8,1.3,1.1,2005-04-18,0722,Aqua,MODIS,84,6.2,298.6,36,D,0
21.7281,92.462,330.4,1.3,1.1,2005-04-18,0722,Aqua,MODIS,74,6.2,302.3,23.2,D,0
21.7092,92.4761,329.7,1.3,1.1,2005-04-18,0722,Aqua,MODIS,72,6.2,303.8,22,D,0
21.7108,92.4893,327.1,1.3,1.1,2005-04-18,0722,Aqua,MODIS,55,6.2,301.4,17.7,D,0
21.7133,92.2571,334.8,1.3,1.1,2005-04-18,0722,Aqua,MODIS,83,6.2,303.6,30.5,D,0
21.7759,92.4359,327.3,1.3,1.1,2005-04-18,0722,Aqua,MODIS,54,6.2,303.8,15.5,D,0
21.306,92.596,354.7,1.3,1.1,2005-04-18,0722,Aqua,MODIS,97,6.2,302.7,96.1,D,0
21.3076,92.6092,354.5,1.3,1.1,2005-04-18,0722,Aqua,MODIS,97,6.2,299,95.3,D,0
21.7876,92.4469,323.3,1.3,1.1,2005-04-18,0722,Aqua,MODIS,27,6.2,304.9,9.3,D,0
21.7861,92.4346,328.1,1.3,1.1,2005-04-18,0722,Aqua,MODIS,75,6.2,305.2,17.7,D,0
21.75,92.4771,351.4,1.3,1.1,2005-04-18,0722,Aqua,MODIS,95,6.2,298.4,76.7,D,0
21.7556,92.4384,347,1.3,1.1,2005-04-18,0722,Aqua,MODIS,92,6.2,304.6,62.6,D,0
21.754,92.4245,323.1,1.3,1.1,2005-04-18,0722,Aqua,MODIS,37,6.2,304.4,10.8,D,0
21.9397,92.3622,321.2,1.3,1.1,2005-04-18,0722,Aqua,MODIS,64,6.2,303.9,9.9,D,0
22.0134,92.221,326.8,1.3,1.1,2005-04-18,0722,Aqua,MODIS,75,6.2,303.5,16.5,D,0
21.5524,92.5219,336.4,1.3,1.1,2005-04-18,0722,Aqua,MODIS,84,6.2,302.5,39,D,0
21.5949,92.5373,327.5,1.3,1.1,2005-04-18,0722,Aqua,MODIS,72,6.2,304.8,18.8,D,0
21.5692,92.5734,331.5,1.3,1.1,2005-04-18,0722,Aqua,MODIS,78,6.2,307.6,24.3,D,0
21.5689,92.5793,329.5,1.3,1.1,2005-04-18,0722,Aqua,MODIS,75,6.2,306.9,20.6,D,0
21.1799,92.1396,321.9,1.2,1.1,2005-04-18,0722,Aqua,MODIS,65,6.2,303.9,12.3,D,0
21.1814,92.1514,318.8,1.2,1.1,2005-04-18,0722,Aqua,MODIS,45,6.2,303.5,8,D,0
21.1014,92.1696,317.6,1.2,1.1,2005-04-18,0722,Aqua,MODIS,42,6.2,302.4,7.6,D,0
21.7485,92.4649,385.7,1.3,1.1,2005-04-18,0722,Aqua,MODIS,100,6.2,304.4,242.9,D,0
21.747,92.4526,334.5,1.3,1.1,2005-04-18,0722,Aqua,MODIS,76,6.2,302.7,29.7,D,0
21.7587,92.4636,335.6,1.3,1.1,2005-04-18,0722,Aqua,MODIS,84,6.2,302.8,33.1,D,0
21.3891,92.5979,322.1,1.3,1.1,2005-04-18,0722,Aqua,MODIS,52,6.2,300.2,15.4,D,0
21.3875,92.5854,334.4,1.3,1.1,2005-04-18,0722,Aqua,MODIS,82,6.2,302.4,37.7,D,0
21.3976,92.5901,370.7,1.3,1.1,2005-04-18,0722,Aqua,MODIS,100,6.2,301.8,160.8,D,0
21.3961,92.5775,353.2,1.3,1.1,2005-04-18,0722,Aqua,MODIS,96,6.2,304.8,86.7,D,0
21.4093,92.6013,325.9,1.3,1.1,2005-04-18,0722,Aqua,MODIS,45,6.2,302.4,19,D,0
21.4078,92.5888,328.5,1.3,1.1,2005-04-18,0722,Aqua,MODIS,64,6.2,303.9,23.5,D,0
21.4297,92.5985,337.7,1.3,1.1,2005-04-18,0722,Aqua,MODIS,85,6.2,303.7,43.1,D,0
21.4398,92.5969,363.4,1.3,1.1,2005-04-18,0722,Aqua,MODIS,100,6.2,304.6,127,D,0
22.6367,91.9887,321.6,1.3,1.1,2005-04-18,0723,Aqua,MODIS,66,6.2,301.7,12.3,D,0
22.1253,92.2985,323.5,1.3,1.1,2005-04-18,0723,Aqua,MODIS,42,6.2,302.8,11.1,D,0
22.1369,92.3094,322.7,1.3,1.1,2005-04-18,0723,Aqua,MODIS,65,6.2,302.3,11.1,D,0
22.1719,92.3426,323.7,1.3,1.1,2005-04-18,0723,Aqua,MODIS,70,6.2,303.9,12.7,D,0
22.1672,92.3051,320.5,1.3,1.1,2005-04-18,0723,Aqua,MODIS,63,6.2,302,8.9,D,0
22.1851,92.3658,330,1.3,1.1,2005-04-18,0723,Aqua,MODIS,79,6.2,304.3,22.6,D,0
22.1835,92.3534,325.8,1.3,1.1,2005-04-18,0723,Aqua,MODIS,69,6.2,303.8,15.1,D,0
22.1824,92.3607,328.8,1.3,1.1,2005-04-18,0723,Aqua,MODIS,78,6.2,304.2,20.2,D,0
22.0279,92.0106,320.6,1.2,1.1,2005-04-18,0723,Aqua,MODIS,63,6.2,303,9.2,D,0
22.6352,91.9765,329,1.3,1.1,2005-04-18,0723,Aqua,MODIS,78,6.2,302.7,23.5,D,0
22.2977,92.2111,319.2,1.3,1.1,2005-04-18,0723,Aqua,MODIS,60,6.2,303.8,8.5,D,0
22.3123,92.2467,321.9,1.3,1.1,2005-04-18,0723,Aqua,MODIS,67,6.2,303.3,12.4,D,0
22.3108,92.2343,330.9,1.3,1.1,2005-04-18,0723,Aqua,MODIS,80,6.2,304.7,26.9,D,0
22.4281,92.1998,325.1,1.3,1.1,2005-04-18,0723,Aqua,MODIS,71,6.2,303,16,D,0
22.4211,92.2261,319.3,1.3,1.1,2005-04-18,0723,Aqua,MODIS,25,6.2,303.1,8.2,D,0
22.1037,92.2889,321.7,1.3,1.1,2005-04-18,0723,Aqua,MODIS,39,6.2,303.8,9.3,D,0
22.099,92.2505,337.8,1.3,1.1,2005-04-18,0723,Aqua,MODIS,86,6.2,303.3,39.3,D,0
22.1293,92.2475,323,1.3,1.1,2005-04-18,0723,Aqua,MODIS,67,6.2,303.8,11.1,D,0
22.1394,92.2462,324.4,1.3,1.1,2005-04-18,0723,Aqua,MODIS,71,6.2,303.6,13.6,D,0
22.1851,92.2972,321.2,1.3,1.1,2005-04-18,0723,Aqua,MODIS,66,6.2,302.8,10.4,D,0
22.1952,92.2958,345.6,1.3,1.1,2005-04-18,0723,Aqua,MODIS,92,6.2,302.9,60.8,D,0
22.1993,92.2449,328.6,1.3,1.1,2005-04-18,0723,Aqua,MODIS,78,6.2,302.8,21.2,D,0
22.0905,92.3479,324,1.3,1.1,2005-04-18,0723,Aqua,MODIS,57,6.2,302.6,13.9,D,0
22.2589,92.312,332,1.3,1.1,2005-04-18,0723,Aqua,MODIS,78,6.2,302.2,28,D,0
22.0635,92.214,322.5,1.3,1.1,2005-04-18,0723,Aqua,MODIS,67,6.2,303.3,10,D,0
22.0305,92.194,327.5,1.3,1.1,2005-04-18,0723,Aqua,MODIS,76,6.2,304.9,16.1,D,0
22.0319,92.2062,325.3,1.3,1.1,2005-04-18,0723,Aqua,MODIS,55,6.2,304.3,12.2,D,0
22.2365,92.2145,321,1.3,1.1,2005-04-18,0723,Aqua,MODIS,65,6.2,302.7,9.8,D,0
22.2866,92.2884,326.1,1.3,1.1,2005-04-18,0723,Aqua,MODIS,63,6.2,302.7,16.8,D,0
22.4366,92.186,348.5,1.3,1.1,2005-04-18,0723,Aqua,MODIS,94,6.2,303.7,69,D,0
22.4767,91.764,319,1.2,1.1,2005-04-18,0723,Aqua,MODIS,60,6.2,302.2,8.6,D,0
22.0234,92.2196,329.2,1.3,1.1,2005-04-18,0723,Aqua,MODIS,78,6.2,304.2,19.5,D,0
22.2737,92.3479,363.3,1.3,1.1,2005-04-18,0723,Aqua,MODIS,100,6.2,304.4,122.9,D,0
22.2442,92.2761,334.4,1.3,1.1,2005-04-18,0723,Aqua,MODIS,84,6.2,303,30.5,D,0
22.2738,92.3536,346.2,1.3,1.1,2005-04-18,0723,Aqua,MODIS,92,6.2,303.6,61.9,D,0
22.0909,92.3534,326.5,1.3,1.1,2005-04-18,0723,Aqua,MODIS,63,6.2,303.4,17.5,D,0
22.4374,92.1914,339.4,1.3,1.1,2005-04-18,0723,Aqua,MODIS,88,6.2,303.4,44.3,D,0
22.436,92.1792,328.5,1.3,1.1,2005-04-18,0723,Aqua,MODIS,77,6.2,303.2,21.2,D,0
22.2723,92.341,331.9,1.3,1.1,2005-04-18,0723,Aqua,MODIS,80,6.2,303,27.4,D,0
22.2881,92.3008,329.6,1.3,1.1,2005-04-18,0723,Aqua,MODIS,79,6.2,302.4,24,D,0
22.2926,92.3381,323.5,1.3,1.1,2005-04-18,0723,Aqua,MODIS,70,6.2,304.3,14.5,D,0
22.322,92.4106,325.5,1.3,1.1,2005-04-18,0723,Aqua,MODIS,73,6.2,303.7,17.6,D,0
22.2426,92.2638,328.7,1.3,1.1,2005-04-18,0723,Aqua,MODIS,60,6.2,303.7,19.3,D,0
22.2381,92.2268,335.4,1.3,1.1,2005-04-18,0723,Aqua,MODIS,85,6.2,303.4,34.5,D,0
22.0249,92.2319,343.4,1.3,1.1,2005-04-18,0723,Aqua,MODIS,90,6.2,304.2,50.9,D,0
22.278,92.3023,320.8,1.3,1.1,2005-04-18,0723,Aqua,MODIS,32,6.2,302,9.7,D,0
22.092,92.3602,322,1.3,1.1,2005-04-18,0723,Aqua,MODIS,57,6.2,303,11,D,0
22.4567,92.3541,324,1.3,1.1,2005-04-18,0723,Aqua,MODIS,70,6.2,304.4,15.7,D,0
22.2362,92.3786,330.9,1.3,1.1,2005-04-18,0723,Aqua,MODIS,80,6.2,304,25.8,D,0
22.4141,92.2523,343.1,1.3,1.1,2005-04-18,0723,Aqua,MODIS,90,6.2,303.9,55.6,D,0
22.2488,92.3134,361.3,1.3,1.1,2005-04-18,0723,Aqua,MODIS,100,6.2,304.7,113.1,D,0
22.2839,92.3521,322.3,1.3,1.1,2005-04-18,0723,Aqua,MODIS,54,6.2,303.3,11.5,D,0
22.2503,92.3258,375.2,1.3,1.1,2005-04-18,0723,Aqua,MODIS,100,6.2,303.8,180.1,D,0
22.4381,92.1983,324.9,1.3,1.1,2005-04-18,0723,Aqua,MODIS,72,6.2,302.1,16.1,D,0
22.0789,92.3371,342.8,1.3,1.1,2005-04-18,0723,Aqua,MODIS,90,6.2,302.7,51.8,D,0
22.0688,92.3388,337.4,1.3,1.1,2005-04-18,0723,Aqua,MODIS,86,6.2,301.7,38.1,D,0
22.8633,91.7671,324.5,1.2,1.1,2005-04-18,0723,Aqua,MODIS,73,6.2,302.9,16,D,0
22.2372,92.3025,333.7,1.3,1.1,2005-04-18,0723,Aqua,MODIS,83,6.2,303.7,30.8,D,0
23.2842,92.3118,318.4,1.3,1.1,2005-04-18,0723,Aqua,MODIS,61,6.2,299.3,11.6,D,0
23.274,92.3133,328.4,1.3,1.1,2005-04-18,0723,Aqua,MODIS,79,6.2,299.7,26.6,D,0
23.2754,92.3258,325.5,1.3,1.1,2005-04-18,0723,Aqua,MODIS,75,6.2,300.5,20.7,D,0
23.2777,92.3184,325.4,1.3,1.1,2005-04-18,0723,Aqua,MODIS,67,6.2,300,20.5,D,0
23.2675,92.3199,341.5,1.3,1.1,2005-04-18,0723,Aqua,MODIS,90,6.2,301.2,56,D,0
22.2346,92.3661,325.8,1.3,1.1,2005-04-18,0723,Aqua,MODIS,74,6.2,304.1,16.2,D,0
22.2387,92.3148,367.9,1.3,1.1,2005-04-18,0723,Aqua,MODIS,100,6.2,304,141.9,D,0
22.2402,92.3272,339,1.3,1.1,2005-04-18,0723,Aqua,MODIS,88,6.2,298.9,42.7,D,0
22.1269,92.311,337,1.3,1.1,2005-04-18,0723,Aqua,MODIS,86,6.2,303.7,37.6,D,0
21.6232,92.2965,319.3,2.2,1.4,2005-04-19,0500,Terra,MODIS,63,6.2,298.6,26.4,D,0
21.6274,92.2745,315.5,2.2,1.4,2005-04-19,0500,Terra,MODIS,39,6.2,295.8,16,D,0
21.9763,92.1768,316.9,2.1,1.4,2005-04-19,0500,Terra,MODIS,57,6.2,299.4,19.7,D,0
21.9761,92.1833,319.2,2.1,1.4,2005-04-19,0500,Terra,MODIS,63,6.2,299.2,24.9,D,0
21.9475,92.3638,321.9,4,1.9,2005-04-19,0627,Aqua,MODIS,60,6.2,290.8,96.6,D,0
21.5149,92.5025,321.9,4,1.9,2005-04-19,0627,Aqua,MODIS,48,6.2,295,92.3,D,0
21.9555,92.402,318.8,4,1.9,2005-04-19,0627,Aqua,MODIS,38,6.2,293.2,74.3,D,0
23.7032,92.1506,317.4,3.8,1.8,2005-04-19,0628,Aqua,MODIS,67,6.2,294,67.5,D,0
23.6092,92.0638,317.1,3.8,1.8,2005-04-19,0628,Aqua,MODIS,66,6.2,293.4,70.6,D,0
21.027,92.219,324.4,1,1,2005-04-20,0710,Aqua,MODIS,74,6.2,304.9,10.6,D,0
21.3843,92.5944,325.3,1,1,2005-04-20,0710,Aqua,MODIS,50,6.2,302.6,11,D,0
21.1627,92.1357,325.1,1,1,2005-04-20,0710,Aqua,MODIS,74,6.2,306.6,9.3,D,0
21.1305,92.1021,322.7,1,1,2005-04-20,0710,Aqua,MODIS,0,6.2,304.2,8.2,D,0
21.1318,92.1116,329.4,1,1,2005-04-20,0710,Aqua,MODIS,58,6.2,304.3,15.5,D,0
21.4291,92.5872,339.3,1,1,2005-04-20,0710,Aqua,MODIS,88,6.2,298.4,31.4,D,0
21.4304,92.5968,321.9,1,1,2005-04-20,0710,Aqua,MODIS,48,6.2,299.2,8.7,D,0
21.383,92.5849,376,1,1,2005-04-20,0710,Aqua,MODIS,100,6.2,304.9,127,D,0
22.0839,92.333,326.8,1,1,2005-04-20,0710,Aqua,MODIS,78,6.2,302.8,13.8,D,0
21.7683,92.2527,322,1,1,2005-04-20,0710,Aqua,MODIS,64,6.2,303,8.6,D,0
21.9106,92.3444,326.3,1,1,2005-04-20,0710,Aqua,MODIS,77,6.2,304.8,11.7,D,0
22.7468,91.6222,327.6,1,1,2005-04-20,0710,Aqua,MODIS,78,6.2,301.4,18.2,D,0
21.5773,92.4626,328.1,1,1,2005-04-20,0710,Aqua,MODIS,77,6.2,301.2,14,D,0
21.5863,92.4612,333,1,1,2005-04-20,0710,Aqua,MODIS,82,6.2,304.6,19.5,D,0
23.4145,92.0459,326.1,1,1,2005-04-20,0711,Aqua,MODIS,78,6.2,301.7,15.2,D,0
23.4131,92.0362,328.2,1,1,2005-04-20,0711,Aqua,MODIS,81,6.2,301.6,17.9,D,0
23.3117,92.1692,318.5,1,1,2005-04-20,0711,Aqua,MODIS,68,6.2,300.3,7.5,D,0
23.4151,92.1154,323.4,1,1,2005-04-20,0711,Aqua,MODIS,76,6.2,301,13.5,D,0
23.6586,92.1099,321.2,1.2,1.1,2005-04-21,0447,Terra,MODIS,72,6.2,303.3,16,D,0
21.4827,92.1494,352.6,1.3,1.1,2005-04-21,0448,Terra,MODIS,96,6.2,300.1,90.8,D,0
21.4848,92.1367,336.3,1.3,1.1,2005-04-21,0448,Terra,MODIS,87,6.2,299.9,44.1,D,0
21.4725,92.1475,323.1,1.3,1.1,2005-04-21,0448,Terra,MODIS,75,6.2,299.3,18.8,D,0
21.2893,92.5754,317.3,4.7,2,2005-04-21,0753,Aqua,MODIS,54,6.2,295.5,80.5,D,0
21.2906,92.6166,321.1,4.7,2,2005-04-21,0753,Aqua,MODIS,74,6.2,295.8,113.5,D,0
21.2932,92.622,322.8,4.7,2,2005-04-21,0753,Aqua,MODIS,76,6.2,295.8,127.6,D,0
23.6343,92.0609,333.6,1.2,1.1,2005-04-22,0658,Aqua,MODIS,84,6.2,301.1,30.5,D,0
23.6361,92.072,416.2,1.2,1.1,2005-04-22,0658,Aqua,MODIS,100,6.2,307.7,443.4,D,0
23.6379,92.0834,365.4,1.2,1.1,2005-04-22,0658,Aqua,MODIS,100,6.2,301.3,115.9,D,0
23.6284,92.0852,335.6,1.2,1.1,2005-04-22,0658,Aqua,MODIS,86,6.2,299.5,35.5,D,0
23.6836,92.2168,316.7,1.1,1.1,2005-04-22,0658,Aqua,MODIS,49,6.2,298.1,8.7,D,0
22.6365,91.9717,315.5,1.2,1.1,2005-04-22,0658,Aqua,MODIS,48,6.2,298.8,8.8,D,0
23.6376,92.0537,377,1.2,1.1,2005-04-22,0658,Aqua,MODIS,100,6.2,303.8,166.9,D,0
22.0816,92.538,319.8,1.2,1.1,2005-04-22,0658,Aqua,MODIS,53,6.2,300.6,9.6,D,0
23.5492,91.9609,325.2,1.2,1.1,2005-04-22,0658,Aqua,MODIS,76,6.2,299.1,21,D,0
23.6394,92.0648,399.1,1.2,1.1,2005-04-22,0658,Aqua,MODIS,100,6.2,305.3,299.8,D,0
23.448,92.0502,313.8,1.2,1.1,2005-04-22,0658,Aqua,MODIS,48,6.2,298.2,7.2,D,0
23.6472,92.0519,382.1,1.2,1.1,2005-04-22,0658,Aqua,MODIS,100,6.2,301.7,193.4,D,0
23.6748,91.9179,321.3,1.2,1.1,2005-04-22,0658,Aqua,MODIS,70,6.2,298.4,14.9,D,0
23.6412,92.076,359.5,1.2,1.1,2005-04-22,0658,Aqua,MODIS,99,6.2,302.9,96.9,D,0
23.6266,92.0739,378.6,1.2,1.1,2005-04-22,0658,Aqua,MODIS,100,6.2,302.3,173.8,D,0
24.2668,89.7242,320.3,1.6,1.2,2005-04-22,0659,Aqua,MODIS,0,6.2,303.5,18.7,D,0
21.3741,92.5809,318.9,2.8,1.6,2005-04-23,0741,Aqua,MODIS,50,6.2,300.2,37.5,D,0
21.7186,92.2576,319.8,2.7,1.6,2005-04-23,0741,Aqua,MODIS,49,6.2,298.9,27.2,D,0
22.7057,91.6708,315.2,2.5,1.5,2005-04-23,0741,Aqua,MODIS,42,6.2,297.9,20.8,D,0
23.3633,92.2534,370.1,2.8,1.6,2005-04-23,0741,Aqua,MODIS,100,6.2,297.3,488,D,0
23.3658,92.2809,366.5,2.8,1.6,2005-04-23,0741,Aqua,MODIS,100,6.2,293.5,438.4,D,0
21.7081,92.2534,320.9,2.7,1.6,2005-04-23,0741,Aqua,MODIS,56,6.2,298.9,31.6,D,0
23.3617,92.2588,381.7,2.8,1.6,2005-04-23,0741,Aqua,MODIS,100,6.2,297.6,682.7,D,0
21.3786,92.6042,323.1,2.8,1.6,2005-04-23,0741,Aqua,MODIS,62,6.2,299.5,51.2,D,0
21.3769,92.6089,321.9,2.8,1.6,2005-04-23,0741,Aqua,MODIS,63,6.2,299.3,50.1,D,0
21.3744,92.5905,333.2,1.8,1.3,2005-04-24,0646,Aqua,MODIS,81,6.2,301.1,61.8,D,0
21.2351,92.079,317.5,1.5,1.2,2005-04-25,0728,Aqua,MODIS,46,6.2,299.6,10.6,D,0
21.1346,92.1197,345.2,1.5,1.2,2005-04-25,0728,Aqua,MODIS,87,6.2,299.7,83.1,D,0
21.868,92.0469,320.6,1.5,1.2,2005-04-25,0728,Aqua,MODIS,68,6.2,302.2,12.4,D,0
21.1363,92.1343,323.2,1.5,1.2,2005-04-25,0728,Aqua,MODIS,63,6.2,298.3,24.2,D,0
22.8334,89.6916,325.5,1,1,2005-04-27,0717,Aqua,MODIS,69,6.2,305.2,11.4,D,0
21.3697,92.6025,368.3,1.4,1.2,2005-05-01,0651,Aqua,MODIS,87,6.2,295.8,177.3,D,0
21.3649,92.6101,338.3,1.4,1.2,2005-05-01,0651,Aqua,MODIS,83,6.2,292.1,60.2,D,0
21.3626,92.5964,340.4,1.4,1.2,2005-05-01,0651,Aqua,MODIS,0,6.2,291.7,66.6,D,0
25.1244,89.6629,315.2,2,1.4,2005-05-03,0511,Terra,MODIS,0,6.2,298.3,17.8,D,0
22.8974,89.6105,333.4,1,1,2005-05-04,0723,Aqua,MODIS,81,6.2,306.1,18.8,D,0
22.6526,91.6711,313.8,1.2,1.1,2005-05-07,0448,Terra,MODIS,54,6.2,294.5,8.5,D,0
21.1732,92.1458,319.1,1.3,1.1,2005-05-08,0657,Aqua,MODIS,58,6.2,302.8,8.9,D,0
21.1712,92.134,320.9,1.3,1.1,2005-05-08,0657,Aqua,MODIS,67,6.2,302.4,11.3,D,0
21.6395,92.1738,316.5,1.2,1.1,2005-05-08,0658,Aqua,MODIS,65,6.2,299.7,6.6,D,0
21.8752,92.1769,318.8,1.2,1.1,2005-05-08,0658,Aqua,MODIS,66,6.2,301,8.2,D,0
21.5749,91.9663,314.1,2.5,1.5,2005-05-09,0740,Aqua,MODIS,0,6.2,292,20.2,D,0
24.9379,91.7375,308.5,1.4,1.2,2005-05-14,0453,Terra,MODIS,17,6.2,291.6,4.1,D,0
22.7514,91.6685,319,1.3,1.1,2005-06-09,0658,Aqua,MODIS,67,6.2,297.8,11.7,D,0
24.0922,88.8255,320.7,1,1,2005-07-07,0723,Aqua,MODIS,0,6.2,301.4,9.4,D,0
24.1321,88.9724,320.9,1,1,2005-07-07,0723,Aqua,MODIS,35,6.2,300.9,8.8,D,0
24.2716,89.2611,313.4,1.1,1.1,2005-08-26,0711,Aqua,MODIS,34,6.2,292.4,5.4,D,0
23.9441,90.2803,316.3,1,1,2005-09-12,0447,Terra,MODIS,65,6.2,296.5,6.9,D,0
25.0762,91.5477,308.5,1.1,1,2005-09-15,1614,Terra,MODIS,65,6.2,297.6,4.8,N,0
25.0819,91.5448,303.1,1,1,2005-09-17,1602,Terra,MODIS,36,6.2,281.3,4.3,N,0
25.0737,91.5445,316.7,1.1,1,2005-09-18,0717,Aqua,MODIS,61,6.2,299.5,5.5,D,0
23.669,90.427,313.6,1.2,1.1,2005-09-19,0453,Terra,MODIS,45,6.2,291.4,8.1,D,0
22.3379,91.8457,317.3,1,1,2005-10-09,0429,Terra,MODIS,52,6.2,300.9,8.5,D,0
23.6686,90.4305,316.4,1.1,1,2005-10-14,0447,Terra,MODIS,21,6.2,301.3,7.1,D,0
22.3346,91.8067,304.2,4.3,1.9,2005-11-13,0627,Aqua,MODIS,0,6.2,292.6,20.7,D,0
22.6424,92.359,309.4,1,1,2005-11-14,0710,Aqua,MODIS,64,6.2,298,6,D,0
24.8779,91.962,309.9,1,1,2005-11-14,0711,Aqua,MODIS,60,6.2,299,4.6,D,0
24.2996,91.2988,305.7,1,1,2005-11-21,0717,Aqua,MODIS,62,6.2,287.9,4.3,D,0
24.5072,89.8324,305.6,1.1,1.1,2005-11-22,0453,Terra,MODIS,26,6.2,291,3.9,D,0
24.3248,91.3179,305.2,1.1,1,2005-11-23,0704,Aqua,MODIS,43,6.2,287.6,4.3,D,0
24.1862,91.2491,313.1,1.1,1,2005-11-23,0704,Aqua,MODIS,70,6.2,297.2,6.5,D,0
24.2202,91.236,311.6,1.1,1,2005-11-23,0704,Aqua,MODIS,51,6.2,296.5,5.5,D,0
23.7428,91.02,310.3,1.1,1,2005-11-23,0704,Aqua,MODIS,56,6.2,297.7,5.7,D,0
23.8124,90.9339,315.9,1.1,1.1,2005-11-23,0704,Aqua,MODIS,58,6.2,299.1,10.3,D,0
24.2127,91.2482,310.3,1.1,1,2005-11-23,0704,Aqua,MODIS,50,6.2,295.5,4.2,D,0
24.1255,91.2551,314.5,1.6,1.2,2005-11-25,0652,Aqua,MODIS,66,6.2,301.6,13.1,D,0
24.1228,91.24,317.2,1.6,1.2,2005-11-25,0652,Aqua,MODIS,70,6.2,299.9,18.5,D,0
23.7623,91.077,309.1,1.2,1.1,2005-11-28,0723,Aqua,MODIS,60,6.2,295.8,6.1,D,0
23.7424,90.9214,309.3,1.1,1.1,2005-11-28,0723,Aqua,MODIS,60,6.2,291.3,4.8,D,0
24.155,91.2838,313.9,1.2,1.1,2005-11-28,0723,Aqua,MODIS,69,6.2,298.5,7,D,0
24.1507,91.249,314.1,1.2,1.1,2005-11-28,0723,Aqua,MODIS,65,6.2,297.9,7.4,D,0
24.2062,91.2826,324.3,1.2,1.1,2005-11-28,0723,Aqua,MODIS,81,6.2,298.8,19.5,D,0
24.199,91.2246,314,1.2,1.1,2005-11-28,0723,Aqua,MODIS,54,6.2,298.7,8.3,D,0
24.2574,91.3121,311.8,1.7,1.3,2005-11-29,0459,Terra,MODIS,65,6.2,298,11.1,D,0
24.144,91.3162,321.2,1,1,2005-11-30,0710,Aqua,MODIS,62,6.2,301,12.1,D,0
24.128,91.2691,314.9,1,1,2005-11-30,0710,Aqua,MODIS,37,6.2,301.5,6,D,0
23.791,90.9225,312.2,1,1,2005-11-30,0710,Aqua,MODIS,58,6.2,300.4,4.1,D,0
23.7924,90.9323,313.8,1,1,2005-11-30,0710,Aqua,MODIS,56,6.2,301.4,5.1,D,0
23.7864,90.9535,314.8,1,1,2005-11-30,0710,Aqua,MODIS,36,6.2,301.8,5.6,D,0
23.7563,90.9989,313.2,1,1,2005-11-30,0710,Aqua,MODIS,44,6.2,301.5,5.5,D,0
23.7474,91.0005,312.7,1,1,2005-11-30,0710,Aqua,MODIS,49,6.2,301.3,5.2,D,0
24.2078,91.315,320.2,1,1,2005-11-30,0710,Aqua,MODIS,76,6.2,301.4,10.8,D,0
24.1937,91.2176,313.1,1,1,2005-11-30,0710,Aqua,MODIS,40,6.2,301,5.2,D,0
24.2189,91.2565,322.7,1,1,2005-11-30,0710,Aqua,MODIS,78,6.2,302,13.4,D,0
24.2203,91.2662,314.9,1,1,2005-11-30,0710,Aqua,MODIS,64,6.2,300.6,6,D,0
24.2837,91.325,314.8,1,1,2005-11-30,0710,Aqua,MODIS,63,6.2,301.2,6.7,D,0
24.1923,91.2079,313.2,1,1,2005-11-30,0710,Aqua,MODIS,21,6.2,301.1,5.4,D,0
24.2692,91.2876,313.4,1,1,2005-11-30,0710,Aqua,MODIS,24,6.2,300.8,5,D,0
24.2541,91.3102,325.5,1,1,2005-11-30,0710,Aqua,MODIS,81,6.2,302.1,16,D,0
23.833,90.8281,315.3,1,1,2005-11-30,0710,Aqua,MODIS,69,6.2,300.6,8.2,D,0
24.1712,91.2515,314.4,1,1,2005-11-30,0710,Aqua,MODIS,68,6.2,301.1,5.6,D,0
24.1726,91.2613,317.7,1,1,2005-11-30,0710,Aqua,MODIS,73,6.2,302,8,D,0
24.1426,91.3064,327.2,1,1,2005-11-30,0710,Aqua,MODIS,82,6.2,302.7,18.3,D,0
23.8375,90.8812,312.8,1.3,1.1,2005-12-02,0658,Aqua,MODIS,54,6.2,296.3,8.9,D,0
24.1937,91.2222,311.5,1.3,1.1,2005-12-02,0658,Aqua,MODIS,63,6.2,297.1,6.3,D,0
24.1477,91.313,313.6,1.3,1.1,2005-12-02,0658,Aqua,MODIS,62,6.2,297.8,8.7,D,0
23.8404,90.8871,311.1,1.3,1.1,2005-12-02,0658,Aqua,MODIS,46,6.2,295.8,6.6,D,0
23.8464,90.9329,312.5,1.3,1.1,2005-12-02,0658,Aqua,MODIS,23,6.2,297.4,8,D,0
25.8049,88.1213,307,2,1.4,2005-12-04,0517,Terra,MODIS,59,6.2,293.4,12.8,D,0
22.8124,92.0429,315.6,1.6,1.2,2005-12-05,0728,Aqua,MODIS,73,6.2,297.6,20.4,D,0
23.7675,90.9297,318.2,1.4,1.2,2005-12-05,0729,Aqua,MODIS,75,6.2,300.5,15.6,D,0
24.1891,91.2226,313.4,1.4,1.2,2005-12-05,0729,Aqua,MODIS,61,6.2,301.1,8,D,0
23.7704,90.931,310.9,1,1,2005-12-07,0716,Aqua,MODIS,65,6.2,295.6,4.8,D,0
24.2472,91.261,315.8,1,1,2005-12-07,0716,Aqua,MODIS,74,6.2,297.4,8.5,D,0
23.462,90.9005,310.7,1,1,2005-12-07,0716,Aqua,MODIS,59,6.2,298.2,5.1,D,0
22.5717,92.0914,309,1,1,2005-12-09,0704,Aqua,MODIS,48,6.2,296.6,4.7,D,0
24.1701,91.2023,312,1.6,1.2,2005-12-11,0652,Aqua,MODIS,61,6.2,299.6,11,D,0
23.8062,90.9376,312.9,1.7,1.3,2005-12-12,0735,Aqua,MODIS,63,6.2,300.6,11.2,D,0
24.0088,89.095,314.5,1.3,1.1,2005-12-12,0735,Aqua,MODIS,62,6.2,300.4,10.8,D,0
24.4632,89.3357,310.9,1.4,1.2,2005-12-12,0735,Aqua,MODIS,58,6.2,300.2,7.7,D,0
24.2696,90.0692,310.7,1.5,1.2,2005-12-12,0735,Aqua,MODIS,58,6.2,300.2,8.1,D,0
24.5195,91.783,311.1,2.3,1.5,2005-12-13,0640,Aqua,MODIS,28,6.2,298.8,16,D,0
24.5272,91.8114,311.7,2.3,1.5,2005-12-13,0640,Aqua,MODIS,68,6.2,299.2,20.7,D,0
24.5229,91.7889,318.1,2.3,1.5,2005-12-13,0640,Aqua,MODIS,76,6.2,299.6,38.9,D,0
24.524,91.8055,317.4,2.3,1.5,2005-12-13,0640,Aqua,MODIS,75,6.2,299.2,33.4,D,0
24.5879,91.5501,312.6,1.2,1.1,2005-12-14,0723,Aqua,MODIS,60,6.2,300,7.7,D,0
23.8714,89.5953,312.9,1,1,2005-12-14,0723,Aqua,MODIS,64,6.2,301.1,6,D,0
24.5886,91.5557,312.3,1.2,1.1,2005-12-14,0723,Aqua,MODIS,63,6.2,300.5,7.3,D,0
24.5365,91.2934,309,1.7,1.3,2005-12-15,0459,Terra,MODIS,63,6.2,298.6,9.1,D,0
25.1641,91.7308,316.2,1.2,1.1,2005-12-18,0658,Aqua,MODIS,73,6.2,298.7,12.3,D,0
23.7801,91.0153,315.4,1.3,1.1,2005-12-18,0658,Aqua,MODIS,72,6.2,299.2,11.2,D,0
24.4681,89.3227,311.5,1.6,1.3,2005-12-18,0658,Aqua,MODIS,45,6.2,299.8,10.2,D,0
23.571,89.6504,309.5,1.8,1.3,2005-12-19,0741,Aqua,MODIS,53,6.2,299.4,9.3,D,0
24.4575,89.3824,315.5,1.2,1.1,2005-12-21,0729,Aqua,MODIS,61,6.2,301,8.7,D,0
24.4561,89.3711,313.2,1.2,1.1,2005-12-21,0729,Aqua,MODIS,44,6.2,301.9,6.4,D,0
24.2846,90.0532,310.3,1,1,2005-12-23,0717,Aqua,MODIS,60,6.2,298.6,4.6,D,0
23.7839,90.9523,311.4,1.1,1.1,2005-12-25,0704,Aqua,MODIS,63,6.2,299.5,5.5,D,0
24.7474,92.1209,314.2,1,1,2005-12-25,0705,Aqua,MODIS,68,6.2,300,7.1,D,0
24.6177,91.875,309.2,1,1,2005-12-25,0705,Aqua,MODIS,46,6.2,298.6,4,D,0
24.9829,92.2791,312.9,1,1,2005-12-25,0705,Aqua,MODIS,67,6.2,300.7,6.2,D,0
24.8889,91.6511,311.3,1,1,2005-12-25,0705,Aqua,MODIS,61,6.2,299.1,5.1,D,0
24.62,91.5844,312.4,1,1,2005-12-25,0705,Aqua,MODIS,62,6.2,300.3,5.4,D,0
24.9267,92.0863,310.8,1,1,2005-12-25,0705,Aqua,MODIS,60,6.2,299.1,4.6,D,0
25.0926,91.9621,312.4,1,1,2005-12-25,0705,Aqua,MODIS,67,6.2,301.3,5.2,D,0
25.0078,91.9536,310.9,1,1,2005-12-25,0705,Aqua,MODIS,63,6.2,300.6,5.1,D,0
25.0542,91.8938,308.7,1,1,2005-12-25,0705,Aqua,MODIS,48,6.2,298.4,4.1,D,0
25.0557,91.9038,308.4,1,1,2005-12-25,0705,Aqua,MODIS,55,6.2,298.3,4.2,D,0
24.8799,91.6528,310.5,1,1,2005-12-25,0705,Aqua,MODIS,55,6.2,299.5,4.6,D,0
24.1749,89.3441,310.2,1.4,1.2,2005-12-28,0735,Aqua,MODIS,59,6.2,299.6,8,D,0
24.5294,91.7939,311.8,2.1,1.4,2005-12-28,0735,Aqua,MODIS,67,6.2,300.5,15.9,D,0
24.4436,89.3842,314.6,1.4,1.2,2005-12-28,0735,Aqua,MODIS,68,6.2,298.8,12.5,D,0
23.4113,90.8473,310.8,1.1,1.1,2005-12-30,0723,Aqua,MODIS,64,6.2,299.5,6.1,D,0
23.3346,89.3934,308.6,1,1,2005-12-30,0723,Aqua,MODIS,54,6.2,298.3,4.7,D,0
24.7364,92.0826,311.8,1.3,1.1,2005-12-30,0723,Aqua,MODIS,66,6.2,300.3,9,D,0
24.5118,91.5736,309.4,1.2,1.1,2005-12-30,0723,Aqua,MODIS,59,6.2,299.3,6.8,D,0
