latitude,longitude,brightness,scan,track,acq_date,acq_time,satellite,instrument,confidence,version,bright_t31,frp,daynight,type
24.9647,92.2445,311.4,1.6,1.3,2012-01-06,0650,Aqua,MODIS,71,6.2,295.4,14.6,D,0
24.6386,91.5538,307.3,1.9,1.3,2012-01-06,0650,Aqua,MODIS,53,6.2,294.2,10.9,D,0
24.9676,92.2604,306.9,1.6,1.3,2012-01-06,0650,Aqua,MODIS,64,6.2,295.4,8.3,D,0
24.6335,91.5599,310.5,1.9,1.3,2012-01-06,0650,Aqua,MODIS,68,6.2,295.1,16.5,D,0
23.9435,90.1348,301.8,1.8,1.3,2012-01-08,0506,Terra,MODIS,20,6.2,287.8,4.5,D,0
22.7972,91.8403,307.6,1.1,1,2012-01-11,0707,Aqua,MODIS,49,6.2,289.5,4.7,D,0
25.0814,91.998,320.5,1,1,2012-01-11,0708,Aqua,MODIS,78,6.2,300.7,12.6,D,0
24.8128,91.5853,303.4,1.5,1.2,2012-01-13,0656,Aqua,MODIS,54,6.2,288.8,5.5,D,0
24.8058,91.5816,307.6,1.5,1.2,2012-01-13,0656,Aqua,MODIS,65,6.2,289.5,9.9,D,0
24.8104,91.5712,307,1.5,1.2,2012-01-13,0656,Aqua,MODIS,64,6.2,289.1,9.4,D,0
24.5994,91.5845,305,2,1.4,2012-01-14,0738,Aqua,MODIS,57,6.2,294.1,10.4,D,0
24.5616,91.6282,309.5,1.3,1.1,2012-01-16,0726,Aqua,MODIS,64,6.2,296.2,7.6,D,0
24.7573,91.9016,317.2,1.3,1.1,2012-01-16,0726,Aqua,MODIS,71,6.2,297.5,17.7,D,0
24.7572,91.9077,314.7,1.3,1.1,2012-01-16,0726,Aqua,MODIS,54,6.2,296.7,14.1,D,0
24.9302,92.0766,307.3,1.3,1.2,2012-01-16,0726,Aqua,MODIS,54,6.2,296.6,5.9,D,0
23.8526,89.4427,304.7,1.3,1.1,2012-01-17,0500,Terra,MODIS,0,6.2,293.6,7.3,D,0
24.8778,92.1593,301.2,1.2,1.1,2012-01-19,0447,Terra,MODIS,31,6.2,287.5,2.8,D,0
21.5497,92.2136,315,1.2,1.1,2012-01-20,0701,Aqua,MODIS,73,6.2,299.5,11.6,D,0
21.5516,92.2252,311.5,1.2,1.1,2012-01-20,0701,Aqua,MODIS,67,6.2,298.2,8.2,D,0
24.5277,91.2884,309.3,1.5,1.2,2012-01-23,0732,Aqua,MODIS,63,6.2,298,10.1,D,0
22.8826,91.602,307.4,1.5,1.2,2012-01-23,0732,Aqua,MODIS,57,6.2,297.4,8.2,D,0
24.4146,91.7105,314.3,1.6,1.2,2012-01-23,0732,Aqua,MODIS,72,6.2,300.5,16.7,D,0
24.5261,91.2739,309.4,1.5,1.2,2012-01-23,0732,Aqua,MODIS,63,6.2,299.1,10.4,D,0
21.5414,92.22,313.1,1.1,1,2012-01-25,0719,Aqua,MODIS,69,6.2,300.4,7.9,D,0
24.7076,92.1988,310.6,1.1,1.1,2012-01-25,0720,Aqua,MODIS,66,6.2,296.9,7.5,D,0
22.9569,92.0122,309.8,1.1,1,2012-01-25,0720,Aqua,MODIS,63,6.2,297.8,6.6,D,0
24.1671,91.3089,311.6,1,1,2012-01-25,0720,Aqua,MODIS,66,6.2,298.2,7.5,D,0
26.4867,88.3335,309.8,1,1,2012-01-25,0721,Aqua,MODIS,63,6.2,295.5,6,D,0
25.4715,89.6573,307.6,1.1,1,2012-01-26,0453,Terra,MODIS,0,6.2,296.8,6.2,D,0
22.1419,92.1537,320,1,1,2012-01-27,0707,Aqua,MODIS,78,6.2,297.9,14.4,D,0
23.9885,90.2737,312.8,1.2,1.1,2012-01-27,0708,Aqua,MODIS,66,6.2,297.4,8.7,D,0
23.9866,90.2622,311.5,1.2,1.1,2012-01-27,0708,Aqua,MODIS,64,6.2,298.7,7.8,D,0
25.4763,89.6596,309,1,1,2012-01-28,0441,Terra,MODIS,0,6.2,298.2,6.2,D,0
24.7887,92.1351,311.7,1,1,2012-01-28,0441,Terra,MODIS,71,6.2,296.5,8.8,D,0
23.0858,89.5773,309.1,2.2,1.4,2012-01-29,0655,Aqua,MODIS,63,6.2,287.4,20.3,D,0
24.7876,92.1384,310.5,1.3,1.2,2012-01-29,0656,Aqua,MODIS,62,6.2,298.4,8.7,D,0
24.7854,92.1252,309.7,1.4,1.2,2012-01-29,0656,Aqua,MODIS,61,6.2,298.9,7.6,D,0
25.4703,89.6526,306.5,1.5,1.2,2012-01-30,0429,Terra,MODIS,0,6.2,296.3,10.1,D,0
23.8495,89.7404,314.3,1.5,1.2,2012-01-30,0738,Aqua,MODIS,0,6.2,299.9,13.3,D,0
21.801,92.272,311,2,1.4,2012-01-30,0738,Aqua,MODIS,57,6.2,300.6,13.5,D,0
24.9294,92.4642,311.2,2.3,1.5,2012-01-30,0739,Aqua,MODIS,66,6.2,301.2,16.7,D,0
23.7823,90.3048,311.1,1.1,1,2012-02-01,0726,Aqua,MODIS,62,6.2,297.3,7,D,0
23.1083,89.587,310.4,1,1,2012-02-01,0726,Aqua,MODIS,63,6.2,297.2,6.2,D,0
23.4866,89.3337,306.4,1,1,2012-02-01,0726,Aqua,MODIS,46,6.2,296.1,3.8,D,0
25.071,92.0735,314.7,1.4,1.2,2012-02-01,0726,Aqua,MODIS,71,6.2,301,9.7,D,0
24.908,91.6576,311.2,1.3,1.1,2012-02-01,0726,Aqua,MODIS,65,6.2,299.2,7.8,D,0
24.272,88.956,307.4,1,1,2012-02-01,0726,Aqua,MODIS,51,6.2,294,4.6,D,0
22.0109,91.9755,316.3,1,1,2012-02-03,0713,Aqua,MODIS,71,6.2,301.4,9.4,D,0
25.4645,89.6558,310.3,1.1,1,2012-02-03,0714,Aqua,MODIS,0,6.2,298.8,6.5,D,0
24.2192,91.3861,312.6,1,1,2012-02-03,0714,Aqua,MODIS,63,6.2,301.3,5.6,D,0
24.7123,92.1396,311.8,1,1,2012-02-03,0714,Aqua,MODIS,62,6.2,301.2,5.1,D,0
23.1192,89.5878,310.4,1.1,1.1,2012-02-03,0714,Aqua,MODIS,63,6.2,298,7,D,0
23.8521,89.4386,308,1,1,2012-02-04,0447,Terra,MODIS,61,6.2,297.6,5.5,D,0
23.8506,89.4483,308.9,1,1,2012-02-04,0447,Terra,MODIS,59,6.2,298.4,6.1,D,0
25.4783,89.6654,307.7,1,1,2012-02-04,0447,Terra,MODIS,0,6.2,297.3,5.7,D,0
21.8828,92.3363,315.3,1.2,1.1,2012-02-05,0701,Aqua,MODIS,70,6.2,299.8,11.7,D,0
23.0018,91.7679,313.3,1.2,1.1,2012-02-05,0701,Aqua,MODIS,65,6.2,302.2,8.5,D,0
22.9763,91.7972,328.8,1.2,1.1,2012-02-05,0701,Aqua,MODIS,83,6.2,302.6,29.3,D,0
22.9782,91.8089,316.6,1.2,1.1,2012-02-05,0701,Aqua,MODIS,71,6.2,301.2,12.2,D,0
21.7575,92.259,312.8,1.2,1.1,2012-02-05,0701,Aqua,MODIS,65,6.2,302.2,7.6,D,0
24.2167,91.6498,321.3,1.2,1.1,2012-02-05,0702,Aqua,MODIS,77,6.2,302,17.2,D,0
21.5408,92.24,316.7,1.9,1.4,2012-02-07,0649,Aqua,MODIS,71,6.2,300.5,25,D,0
24.3894,91.9814,312.9,1.8,1.3,2012-02-07,0650,Aqua,MODIS,66,6.2,301.3,11.3,D,0
24.5618,91.6735,314.4,1.8,1.3,2012-02-07,0650,Aqua,MODIS,69,6.2,301.3,16.6,D,0
24.5585,91.6558,322.4,1.8,1.3,2012-02-07,0650,Aqua,MODIS,79,6.2,302.1,34.7,D,0
22.5636,92.352,303.7,1.1,1,2012-02-07,1614,Terra,MODIS,56,6.2,291,7.3,N,0
24.5318,91.9163,311.3,1.3,1.1,2012-02-08,0423,Terra,MODIS,71,6.2,280.7,14.9,D,0
21.3764,92.0892,313.8,1.5,1.2,2012-02-08,0732,Aqua,MODIS,60,6.2,303.1,10.8,D,0
23.8499,89.442,305.5,1.6,1.2,2012-02-09,0506,Terra,MODIS,35,6.2,294.3,8,D,0
23.847,89.4574,306.4,1.6,1.2,2012-02-09,0506,Terra,MODIS,0,6.2,294.8,8.7,D,0
22.9682,89.5271,311.7,1,1,2012-02-10,0720,Aqua,MODIS,66,6.2,296,8,D,0
24.9617,92.3348,330.3,1.2,1.1,2012-02-10,0720,Aqua,MODIS,85,6.2,304,28.2,D,0
24.9631,92.3462,315.7,1.2,1.1,2012-02-10,0720,Aqua,MODIS,64,6.2,301.9,8.8,D,0
24.7191,92.14,320.8,1.1,1.1,2012-02-10,0720,Aqua,MODIS,76,6.2,304.2,13.7,D,0
24.6601,91.9814,316.2,1.1,1.1,2012-02-10,0720,Aqua,MODIS,70,6.2,300.3,10,D,0
25.7906,88.8833,308.3,1,1,2012-02-11,0453,Terra,MODIS,64,6.2,293.6,6.7,D,0
25.7891,88.8933,306.5,1,1,2012-02-11,0453,Terra,MODIS,58,6.2,294.1,5.3,D,0
25.7996,88.885,306,1,1,2012-02-11,0453,Terra,MODIS,37,6.2,293.5,4.9,D,0
24.5976,91.5826,313.5,1.4,1.2,2012-02-11,0453,Terra,MODIS,72,6.2,301,11.7,D,0
24.4942,91.6649,316.8,1,1,2012-02-12,0708,Aqua,MODIS,62,6.2,302.8,7.9,D,0
24.4149,91.6852,314.1,1,1,2012-02-12,0708,Aqua,MODIS,36,6.2,300.7,6.4,D,0
24.9097,92.4669,315.8,1,1,2012-02-12,0708,Aqua,MODIS,62,6.2,303.3,6.5,D,0
24.9815,91.7094,310.6,1,1,2012-02-12,0708,Aqua,MODIS,63,6.2,298.5,5.2,D,0
24.6337,91.9724,310.5,1,1,2012-02-12,0708,Aqua,MODIS,58,6.2,299.3,4.5,D,0
24.2129,91.3894,316.2,1.1,1,2012-02-12,0708,Aqua,MODIS,70,6.2,302.6,8.6,D,0
23.5064,91.9606,311.4,1,1,2012-02-12,0708,Aqua,MODIS,64,6.2,299.7,7.2,D,0
24.4957,91.6749,315.4,1,1,2012-02-12,0708,Aqua,MODIS,61,6.2,304.1,6.4,D,0
25.7908,88.8934,311.9,1.3,1.1,2012-02-12,0709,Aqua,MODIS,66,6.2,295,11.4,D,0
25.7886,88.8805,323.6,1.3,1.1,2012-02-12,0709,Aqua,MODIS,80,6.2,294.7,27.4,D,0
25.7888,88.8873,325.9,1.3,1.1,2012-02-12,0709,Aqua,MODIS,82,6.2,295.1,29.9,D,0
24.458,90.1814,307.2,1,1,2012-02-13,0441,Terra,MODIS,59,6.2,296,3.8,D,0
24.2319,91.3969,315,1,1,2012-02-13,0441,Terra,MODIS,72,6.2,300.4,8.2,D,0
22.4981,91.7413,322.1,1.1,1,2012-02-13,0442,Terra,MODIS,79,6.2,301.2,15.6,D,0
22.489,91.7396,316,1.1,1,2012-02-13,0442,Terra,MODIS,48,6.2,300.7,8.6,D,0
22.667,91.7206,314,1.5,1.2,2012-02-14,0655,Aqua,MODIS,66,6.2,301.2,12.9,D,0
24.2726,91.7527,313.2,1.4,1.2,2012-02-14,0656,Aqua,MODIS,41,6.2,301.6,8.5,D,0
23.1271,89.5779,309.5,2.1,1.4,2012-02-14,0656,Aqua,MODIS,53,6.2,297.6,14,D,0
23.1313,89.5912,310.2,2.1,1.4,2012-02-14,0656,Aqua,MODIS,55,6.2,297.6,14.9,D,0
24.8364,91.9231,307.4,1.1,1,2012-02-15,0429,Terra,MODIS,57,6.2,293.3,4.9,D,0
25.157,91.7264,306.7,1.1,1.1,2012-02-15,0429,Terra,MODIS,53,6.2,289.5,5.5,D,0
23.0881,89.5846,324.4,1.4,1.2,2012-02-15,0738,Aqua,MODIS,61,6.2,300.7,22.2,D,0
23.0926,89.5909,322.7,1.4,1.2,2012-02-15,0738,Aqua,MODIS,59,6.2,300.2,19.9,D,0
23.0909,89.5773,319.6,1.4,1.2,2012-02-15,0738,Aqua,MODIS,32,6.2,300.2,15.3,D,0
22.5305,91.7308,307.1,1,1,2012-02-16,1608,Terra,MODIS,70,6.2,292.5,7.2,N,0
22.5319,91.7404,303.8,1,1,2012-02-16,1608,Terra,MODIS,57,6.2,292.1,5.3,N,0
21.5552,92.2203,313.4,1.4,1.2,2012-02-17,0417,Terra,MODIS,65,6.2,301.6,8.2,D,0
21.5569,92.2069,317.9,1.4,1.2,2012-02-17,0417,Terra,MODIS,72,6.2,302.5,14.3,D,0
22.3143,92.2182,313.8,1.3,1.1,2012-02-17,0726,Aqua,MODIS,59,6.2,300,6.5,D,0
21.9463,92.2478,305,1.2,1.1,2012-02-18,1556,Terra,MODIS,62,6.2,291.3,9,N,0
21.2078,92.1316,321.5,1,1,2012-02-19,0713,Aqua,MODIS,73,6.2,304.2,10.9,D,0
24.9053,92.4568,316.4,1,1,2012-02-19,0714,Aqua,MODIS,37,6.2,304.9,4.7,D,0
24.2823,91.6106,320.6,1,1,2012-02-19,0714,Aqua,MODIS,72,6.2,306.6,10.4,D,0
24.1683,91.3977,320.7,1,1,2012-02-19,0714,Aqua,MODIS,64,6.2,304.4,10.5,D,0
21.9494,92.2396,317.5,1,1,2012-02-19,0714,Aqua,MODIS,69,6.2,306.9,7.9,D,0
25.0945,91.824,314.7,1,1,2012-02-19,0714,Aqua,MODIS,57,6.2,302.6,6.7,D,0
24.9423,91.8566,315.9,1,1,2012-02-19,0714,Aqua,MODIS,55,6.2,305.6,6,D,0
22.6656,91.6412,313.7,1,1,2012-02-19,0714,Aqua,MODIS,51,6.2,302.6,4.5,D,0
24.9868,92.1128,316.7,1,1,2012-02-19,0714,Aqua,MODIS,59,6.2,304.7,6.9,D,0
22.667,91.6508,316,1,1,2012-02-19,0714,Aqua,MODIS,63,6.2,303.9,7.1,D,0
22.292,92.1878,316.5,1,1,2012-02-19,0714,Aqua,MODIS,67,6.2,305.5,6.8,D,0
21.5183,92.2474,364.1,1,1,2012-02-19,0714,Aqua,MODIS,100,6.2,309,89.9,D,0
21.5169,92.2379,332.4,1,1,2012-02-19,0714,Aqua,MODIS,85,6.2,306.4,23.8,D,0
22.6082,92.4027,312.2,1,1,2012-02-19,0714,Aqua,MODIS,55,6.2,302.1,5.2,D,0
22.7036,91.8416,318.9,1,1,2012-02-19,0714,Aqua,MODIS,70,6.2,305.1,8.1,D,0
25.4726,89.6606,314.9,1,1,2012-02-20,0447,Terra,MODIS,0,6.2,303.8,9,D,0
22.6216,91.6841,312.1,1.2,1.1,2012-02-20,0448,Terra,MODIS,63,6.2,300.5,7.8,D,0
21.5193,92.2616,312.5,4.5,2,2012-02-20,0756,Aqua,MODIS,54,6.2,300.8,50,D,0
21.5156,92.219,311.7,4.5,1.9,2012-02-20,0756,Aqua,MODIS,50,6.2,301.3,45.9,D,0
21.5212,92.2531,315,4.5,2,2012-02-20,0756,Aqua,MODIS,63,6.2,300.8,68.5,D,0
22.0039,92.0214,314,1.2,1.1,2012-02-21,0701,Aqua,MODIS,65,6.2,301,8,D,0
22.0775,91.9646,316.1,1.2,1.1,2012-02-21,0701,Aqua,MODIS,69,6.2,301.3,9.5,D,0
25.0179,92.1925,315.2,1.1,1,2012-02-21,0702,Aqua,MODIS,65,6.2,300.8,5.9,D,0
24.0978,91.4438,312.7,1.2,1.1,2012-02-21,0702,Aqua,MODIS,56,6.2,301.5,7,D,0
22.3687,92.2353,312.3,1.2,1.1,2012-02-21,0702,Aqua,MODIS,59,6.2,302,5.8,D,0
23.0248,92.3165,315.3,1.1,1.1,2012-02-21,0702,Aqua,MODIS,62,6.2,299.2,9.5,D,0
25.0162,92.1817,317.1,1.1,1,2012-02-21,0702,Aqua,MODIS,68,6.2,301.8,8.2,D,0
23.023,92.3052,335.3,1.2,1.1,2012-02-21,0702,Aqua,MODIS,87,6.2,299.9,37.2,D,0
23.0135,92.3069,321.7,1.2,1.1,2012-02-21,0702,Aqua,MODIS,76,6.2,300.3,16.9,D,0
21.9965,91.9829,309.9,1,1,2012-02-22,0436,Terra,MODIS,55,6.2,299.7,3.8,D,0
23.461,89.0671,313.3,3,1.6,2012-02-23,0650,Aqua,MODIS,57,6.2,300.6,29,D,0
22.7381,91.8669,315.6,1.2,1.1,2012-02-24,0423,Terra,MODIS,66,6.2,302.9,8.8,D,0
22.7387,91.8731,313.9,1.2,1.1,2012-02-24,0423,Terra,MODIS,62,6.2,302.7,7.2,D,0
24.1299,91.4915,330.6,1.3,1.1,2012-02-24,0423,Terra,MODIS,84,6.2,304.9,32.1,D,0
24.1283,91.5044,323.2,1.3,1.1,2012-02-24,0423,Terra,MODIS,78,6.2,304,18.1,D,0
23.0793,89.5898,324.7,1.2,1.1,2012-02-24,0732,Aqua,MODIS,44,6.2,308,15,D,0
23.3688,92.071,315.9,1.6,1.3,2012-02-24,0732,Aqua,MODIS,55,6.2,302.3,12.9,D,0
23.367,92.0619,319.4,1.6,1.3,2012-02-24,0732,Aqua,MODIS,70,6.2,303.5,18.9,D,0
22.0998,91.9397,319.9,1.5,1.2,2012-02-24,0732,Aqua,MODIS,68,6.2,303.9,17.5,D,0
23.0779,89.5786,325.6,1.1,1.1,2012-02-24,0732,Aqua,MODIS,54,6.2,308.2,16.6,D,0
23.074,89.5858,338.3,1.1,1.1,2012-02-24,0732,Aqua,MODIS,88,6.2,308.2,37.1,D,0
23.3428,91.8347,301.3,1,1,2012-02-24,1941,Aqua,MODIS,40,6.2,290.8,5.5,N,0
21.5172,92.2327,314.3,2.9,1.6,2012-02-25,0506,Terra,MODIS,63,6.2,303.7,30.4,D,0
22.6661,91.6625,305.5,1.1,1,2012-02-25,1602,Terra,MODIS,64,6.2,293.3,7.5,N,0
22.129,92.5021,305.9,1,1,2012-02-25,1602,Terra,MODIS,56,6.2,294.2,7,N,0
22.5195,91.7375,315,2,1.4,2012-02-26,0411,Terra,MODIS,66,6.2,302.9,16,D,0
20.8846,92.2823,318.7,1.1,1,2012-02-26,0719,Aqua,MODIS,57,6.2,306.5,7.8,D,0
20.8832,92.2723,317.8,1.1,1,2012-02-26,0719,Aqua,MODIS,50,6.2,306.8,7.2,D,0
22.7096,91.6405,339,1,1,2012-02-26,0720,Aqua,MODIS,88,6.2,305.5,35,D,0
22.7082,91.6306,328.2,1,1,2012-02-26,0720,Aqua,MODIS,79,6.2,305.9,17.9,D,0
22.5198,91.7346,321.2,1,1,2012-02-26,0720,Aqua,MODIS,58,6.2,308.1,8.7,D,0
24.349,91.6038,322,1.1,1,2012-02-26,0720,Aqua,MODIS,73,6.2,306.8,10.7,D,0
22.128,92.5057,317.3,1.1,1,2012-02-26,0720,Aqua,MODIS,60,6.2,304.2,7.6,D,0
23.069,91.3744,320.1,1,1,2012-02-26,0720,Aqua,MODIS,70,6.2,308.7,8.4,D,0
22.607,91.7047,317.6,1,1,2012-02-26,0720,Aqua,MODIS,57,6.2,303.9,6.8,D,0
22.6057,91.6946,323.9,1,1,2012-02-26,0720,Aqua,MODIS,74,6.2,306.6,13.1,D,0
22.6577,91.6658,326.7,1,1,2012-02-26,0720,Aqua,MODIS,77,6.2,305.7,16.6,D,0
22.6564,91.6559,325.3,1,1,2012-02-26,0720,Aqua,MODIS,75,6.2,307.8,14,D,0
24.1835,91.3894,316.8,1.1,1,2012-02-26,0720,Aqua,MODIS,33,6.2,304.8,4.6,D,0
24.3504,91.6143,319.1,1.1,1,2012-02-26,0720,Aqua,MODIS,68,6.2,307.1,7.3,D,0
23.0929,89.5998,322.8,1,1,2012-02-26,0720,Aqua,MODIS,47,6.2,308.7,9.4,D,0
25.0514,91.7748,319.1,1.1,1,2012-02-26,0721,Aqua,MODIS,72,6.2,304.6,10.5,D,0
25.1643,91.7445,321.7,1.1,1,2012-02-26,0721,Aqua,MODIS,70,6.2,305.5,13,D,0
25.473,89.6603,317.5,1.1,1,2012-02-27,0453,Terra,MODIS,0,6.2,307,12.3,D,0
24.1415,91.4653,323.5,1.4,1.2,2012-02-27,0454,Terra,MODIS,79,6.2,302.3,22.6,D,0
24.3513,91.6312,314.3,1.4,1.2,2012-02-27,0454,Terra,MODIS,68,6.2,303.7,9.4,D,0
24.1438,91.4521,317.8,1.4,1.2,2012-02-27,0454,Terra,MODIS,69,6.2,299.8,14.3,D,0
22.123,92.4998,302.9,1.4,1.2,2012-02-27,1550,Terra,MODIS,52,6.2,292,9.4,N,0
22.8988,91.9718,301.7,1.5,1.2,2012-02-27,1550,Terra,MODIS,44,6.2,291.3,8.9,N,0
22.1205,92.4855,308,1.4,1.2,2012-02-27,1550,Terra,MODIS,73,6.2,290.6,14.2,N,0
21.5652,92.2029,317.4,1,1,2012-02-28,0707,Aqua,MODIS,67,6.2,305.6,6.7,D,0
23.195,91.8259,319.8,1,1,2012-02-28,0708,Aqua,MODIS,72,6.2,304,10.1,D,0
22.1163,92.4961,338.6,1,1,2012-02-28,0708,Aqua,MODIS,89,6.2,305.3,35.4,D,0
22.1148,92.4862,316.9,1,1,2012-02-28,0708,Aqua,MODIS,66,6.2,303.8,8,D,0
23.3593,91.8151,318.2,1,1,2012-02-28,0708,Aqua,MODIS,70,6.2,302.3,9.5,D,0
24.5045,91.6351,317.5,1,1,2012-02-28,0708,Aqua,MODIS,64,6.2,306.3,7.2,D,0
24.1675,91.4223,316.8,1.1,1,2012-02-28,0708,Aqua,MODIS,65,6.2,302.6,6.8,D,0
23.1598,92.1359,315.8,1,1,2012-02-28,0708,Aqua,MODIS,65,6.2,302.8,6.2,D,0
25.0516,91.7766,321.1,1,1,2012-02-28,0708,Aqua,MODIS,75,6.2,303.9,11.1,D,0
24.1341,90.4434,315.8,1.2,1.1,2012-02-28,0708,Aqua,MODIS,62,6.2,303.4,6.5,D,0
25.0531,91.7866,319.2,1,1,2012-02-28,0708,Aqua,MODIS,73,6.2,303.8,8.8,D,0
22.9597,91.6198,316.1,1.1,1,2012-02-28,0708,Aqua,MODIS,64,6.2,303,7,D,0
23.1583,92.126,319.3,1,1,2012-02-28,0708,Aqua,MODIS,72,6.2,303,9.7,D,0
24.9617,91.9728,318.2,1,1,2012-02-28,0708,Aqua,MODIS,66,6.2,301.1,7.6,D,0
23.0855,92.1355,315.5,1,1,2012-02-28,0708,Aqua,MODIS,64,6.2,303.4,6.4,D,0
23.1935,91.8158,314.8,1,1,2012-02-28,0708,Aqua,MODIS,61,6.2,303,4.8,D,0
21.9072,92.1485,314.6,1,1,2012-02-28,0708,Aqua,MODIS,61,6.2,303.6,4.6,D,0
22.6529,91.6579,323.3,1.1,1,2012-02-28,0708,Aqua,MODIS,75,6.2,304.4,14.8,D,0
23.4366,91.894,316.4,1,1,2012-02-28,0708,Aqua,MODIS,64,6.2,302.8,6.1,D,0
24.9527,91.9744,319.4,1,1,2012-02-28,0708,Aqua,MODIS,69,6.2,301.7,8.9,D,0
23.1642,92.2875,312.4,1,1,2012-02-28,0708,Aqua,MODIS,55,6.2,301,4.6,D,0
25.4728,89.6597,317.8,1,1,2012-02-29,0441,Terra,MODIS,0,6.2,307.1,11,D,0
24.5023,91.9303,317.4,1.4,1.2,2012-03-01,0656,Aqua,MODIS,69,6.2,302.9,11.1,D,0
23.0924,89.5902,314.7,1.4,1.2,2012-03-02,0430,Terra,MODIS,27,6.2,299.3,10.5,D,0
24.1531,91.4129,327.4,2.5,1.5,2012-03-03,0644,Aqua,MODIS,82,6.2,299.4,65.3,D,0
23.079,89.5706,311,3.6,1.8,2012-03-03,0644,Aqua,MODIS,57,6.2,298.6,33.9,D,0
24.1665,91.4096,321.9,2.5,1.5,2012-03-03,0644,Aqua,MODIS,77,6.2,298.2,43.7,D,0
23.0906,89.5932,320.6,1,1,2012-03-04,0726,Aqua,MODIS,35,6.2,307.3,8.5,D,0
23.0831,89.6,330.3,1,1,2012-03-04,0726,Aqua,MODIS,64,6.2,307,17.8,D,0
23.0892,89.5833,326.2,1,1,2012-03-04,0726,Aqua,MODIS,67,6.2,308.4,15.3,D,0
22.9708,89.5245,315.1,1,1,2012-03-04,0726,Aqua,MODIS,57,6.2,303.2,7.4,D,0
25.4708,89.6587,313.5,1.3,1.1,2012-03-05,0459,Terra,MODIS,0,6.2,298,11.6,D,0
22.8941,91.5995,316,1,1,2012-03-06,0714,Aqua,MODIS,57,6.2,298.7,7.4,D,0
22.8659,91.5944,313.7,1,1,2012-03-06,0714,Aqua,MODIS,46,6.2,295.6,5.3,D,0
24.6817,90.0979,315.2,1,1,2012-03-06,0714,Aqua,MODIS,61,6.2,302.8,5.2,D,0
24.1723,91.3921,323,1,1,2012-03-06,0714,Aqua,MODIS,73,6.2,308.2,7,D,0
22.9744,89.5262,318.7,1.1,1.1,2012-03-06,0714,Aqua,MODIS,63,6.2,305.5,10.4,D,0
22.8904,92.2753,322.6,1.2,1.1,2012-03-08,0702,Aqua,MODIS,58,6.2,297.6,17.9,D,0
24.1588,91.294,316.7,1.3,1.1,2012-03-08,0702,Aqua,MODIS,43,6.2,298.2,8.5,D,0
24.0805,89.7667,314.2,2.8,1.6,2012-03-10,0518,Terra,MODIS,0,6.2,299,33.8,D,0
23.0665,89.4738,315.9,1.1,1.1,2012-03-11,0732,Aqua,MODIS,57,6.2,304,8.4,D,0
23.0902,89.5822,326.5,1.1,1.1,2012-03-11,0732,Aqua,MODIS,51,6.2,312,15.7,D,0
22.6407,91.6631,323.5,1.5,1.2,2012-03-11,0732,Aqua,MODIS,73,6.2,308.1,18.7,D,0
22.6459,91.6551,325.7,1.5,1.2,2012-03-11,0732,Aqua,MODIS,76,6.2,308.2,21.9,D,0
23.1698,92.1237,319.9,1.6,1.3,2012-03-11,0732,Aqua,MODIS,68,6.2,306.3,14.3,D,0
23.0916,89.5933,325.2,1.1,1.1,2012-03-11,0732,Aqua,MODIS,57,6.2,312.5,13.3,D,0
23.0679,89.4847,320.7,1.1,1.1,2012-03-11,0732,Aqua,MODIS,69,6.2,304.2,14.3,D,0
23.5812,92.2359,314.2,1.7,1.3,2012-03-11,0732,Aqua,MODIS,52,6.2,301.6,12.8,D,0
23.6268,92.2307,313.4,1.7,1.3,2012-03-11,0732,Aqua,MODIS,47,6.2,302.7,10.4,D,0
23.6275,92.2394,313,1.7,1.3,2012-03-11,0732,Aqua,MODIS,45,6.2,302.1,10.3,D,0
24.6959,90.1176,320.7,1.3,1.1,2012-03-11,0733,Aqua,MODIS,72,6.2,305,11.9,D,0
22.1355,92.2335,309.3,1,1,2012-03-11,1941,Aqua,MODIS,77,6.2,293.4,9.5,N,0
22.9641,92.1158,312.4,1,1,2012-03-11,1941,Aqua,MODIS,85,6.2,293.8,11.4,N,0
22.9627,92.1254,312.5,1,1,2012-03-11,1941,Aqua,MODIS,85,6.2,294.6,11.5,N,0
22.66,91.6677,306.1,1.1,1,2012-03-12,1602,Terra,MODIS,63,6.2,293.1,7.1,N,0
23.3668,91.8211,313.1,1,1,2012-03-12,1602,Terra,MODIS,86,6.2,291.2,13.4,N,0
23.1494,91.7896,306.2,1.1,1,2012-03-12,1602,Terra,MODIS,67,6.2,290.8,8.6,N,0
22.8922,91.9792,312.1,1,1,2012-03-12,1602,Terra,MODIS,84,6.2,295.2,11.4,N,0
23.3683,91.8312,306,1,1,2012-03-12,1602,Terra,MODIS,66,6.2,290.9,8,N,0
22.5424,92.3518,306.8,1,1,2012-03-12,1602,Terra,MODIS,69,6.2,292.8,7.7,N,0
22.951,92.1225,307.8,1,1,2012-03-12,1602,Terra,MODIS,73,6.2,292.6,8.7,N,0
22.5439,92.362,315.1,1,1,2012-03-12,1602,Terra,MODIS,90,6.2,294.2,13.9,N,0
22.6692,91.666,305.1,1.1,1,2012-03-12,1602,Terra,MODIS,40,6.2,292.9,6.1,N,0
22.5458,92.3903,307.5,4.6,2,2012-03-12,2024,Aqua,MODIS,72,6.2,288.2,87.4,N,0
22.5447,92.3863,308.3,4.6,2,2012-03-12,2024,Aqua,MODIS,74,6.2,288.5,91.7,N,0
24.1882,89.8218,322,1,1,2012-03-13,0720,Aqua,MODIS,46,6.2,304.8,11.6,D,0
23.0084,89.3228,318.4,1,1,2012-03-13,0720,Aqua,MODIS,56,6.2,304.9,9.4,D,0
24.2427,90.2666,315.9,1,1,2012-03-13,0720,Aqua,MODIS,62,6.2,301.4,6.3,D,0
24.1434,91.2772,324.7,1,1,2012-03-13,0720,Aqua,MODIS,76,6.2,304.1,14.1,D,0
24.2206,91.3105,321.1,1,1,2012-03-13,0720,Aqua,MODIS,42,6.2,307.3,10.2,D,0
23.0865,89.5999,333.8,1,1,2012-03-13,0720,Aqua,MODIS,72,6.2,307,22.1,D,0
24.2687,90.2565,314.4,1,1,2012-03-13,0720,Aqua,MODIS,54,6.2,302,5,D,0
25.4717,89.6563,318.8,1.1,1,2012-03-14,0453,Terra,MODIS,0,6.2,306.8,13.6,D,0
25.4734,89.6458,314.3,1.1,1,2012-03-14,0453,Terra,MODIS,0,6.2,303.4,10.4,D,0
24.2178,91.3093,317.6,1.3,1.1,2012-03-14,0454,Terra,MODIS,22,6.2,301.6,11.9,D,0
22.9616,91.6108,312.6,1.5,1.2,2012-03-14,0454,Terra,MODIS,61,6.2,299.2,8.4,D,0
21.5871,92.1854,316.1,1.7,1.3,2012-03-14,0454,Terra,MODIS,68,6.2,300.2,16.8,D,0
21.9334,92.4946,333.3,1,1,2012-03-15,0707,Aqua,MODIS,84,6.2,304.9,25.6,D,0
21.9349,92.5046,351.2,1,1,2012-03-15,0707,Aqua,MODIS,95,6.2,305.4,59.3,D,0
21.9432,92.4969,318.4,1,1,2012-03-15,0707,Aqua,MODIS,62,6.2,303.3,9,D,0
22.1437,92.1729,317.2,1,1,2012-03-15,0707,Aqua,MODIS,64,6.2,303.5,6.2,D,0
22.4159,92.3925,326,1,1,2012-03-15,0707,Aqua,MODIS,78,6.2,305.3,15.5,D,0
21.5192,92.3173,335.6,1,1,2012-03-15,0707,Aqua,MODIS,86,6.2,304.4,30.6,D,0
21.51,92.3187,316.5,1,1,2012-03-15,0707,Aqua,MODIS,63,6.2,304.5,7.5,D,0
22.1928,92.5612,316.1,1,1,2012-03-15,0707,Aqua,MODIS,60,6.2,302.1,7.1,D,0
23.6084,92.2218,389.7,1,1,2012-03-15,0708,Aqua,MODIS,100,6.2,303.9,198.2,D,0
22.5367,92.4557,341.3,1,1,2012-03-15,0708,Aqua,MODIS,90,6.2,299.4,39.3,D,0
23.0898,92.3308,333.2,1,1,2012-03-15,0708,Aqua,MODIS,85,6.2,303.5,25.2,D,0
23.0913,92.3405,341,1,1,2012-03-15,0708,Aqua,MODIS,90,6.2,303.6,37.8,D,0
23.0808,92.3323,315.2,1,1,2012-03-15,0708,Aqua,MODIS,62,6.2,302.5,5.6,D,0
24.1639,91.2133,320.3,1.1,1,2012-03-15,0708,Aqua,MODIS,44,6.2,305.1,7.7,D,0
23.5265,92.2327,309.5,1,1,2012-03-15,0708,Aqua,MODIS,28,6.2,297.2,3.4,D,0
23.0822,92.3421,319.2,1,1,2012-03-15,0708,Aqua,MODIS,70,6.2,304.5,9.5,D,0
23.5724,92.2283,333.5,1,1,2012-03-15,0708,Aqua,MODIS,86,6.2,299.9,29.4,D,0
23.5709,92.2183,310.8,1,1,2012-03-15,0708,Aqua,MODIS,50,6.2,298,5,D,0
23.6099,92.232,341.8,1,1,2012-03-15,0708,Aqua,MODIS,91,6.2,298.3,42.5,D,0
22.5324,92.3656,325,1,1,2012-03-15,0708,Aqua,MODIS,77,6.2,308.9,13.4,D,0
22.5309,92.3555,336.3,1,1,2012-03-15,0708,Aqua,MODIS,87,6.2,306,28.8,D,0
25.0547,91.7779,315.5,1,1,2012-03-15,0708,Aqua,MODIS,66,6.2,302.5,6.4,D,0
23.4889,92.2902,331.9,1,1,2012-03-15,0708,Aqua,MODIS,80,6.2,294.3,26.6,D,0
26.1459,89.6849,311.6,1.2,1.1,2012-03-15,0709,Aqua,MODIS,0,6.2,299.4,5.8,D,0
22.5531,92.2711,317,1.1,1,2012-03-16,0442,Terra,MODIS,51,6.2,301.6,9.7,D,0
22.5243,92.212,321.2,1.1,1,2012-03-16,0442,Terra,MODIS,56,6.2,300.8,13.7,D,0
22.1926,92.5478,317.5,1.1,1.1,2012-03-16,0442,Terra,MODIS,67,6.2,300.7,11.3,D,0
22.5547,92.2607,317.8,1.1,1,2012-03-16,0442,Terra,MODIS,0,6.2,301.8,10.5,D,0
22.1909,92.5585,311.8,1.1,1.1,2012-03-16,0442,Terra,MODIS,43,6.2,300.3,5.8,D,0
22.5344,92.4858,316.8,3.7,1.8,2012-03-16,0750,Aqua,MODIS,65,6.2,299.9,52.7,D,0
22.1796,92.5433,324.7,3.7,1.8,2012-03-16,0750,Aqua,MODIS,78,6.2,299.7,98.1,D,0
21.9473,92.5019,319.7,3.6,1.8,2012-03-16,0750,Aqua,MODIS,72,6.2,300,68.1,D,0
22.189,92.5363,327,3.7,1.8,2012-03-16,0750,Aqua,MODIS,80,6.2,300.5,120.8,D,0
22.1918,92.5702,318.5,3.7,1.8,2012-03-16,0750,Aqua,MODIS,69,6.2,299.9,60.4,D,0
22.5184,92.4877,325.6,3.7,1.8,2012-03-16,0750,Aqua,MODIS,78,6.2,299.7,107.5,D,0
22.5275,92.4772,328.4,3.7,1.8,2012-03-16,0750,Aqua,MODIS,81,6.2,300.6,131.6,D,0
23.418,91.9834,312.6,3.4,1.7,2012-03-16,0751,Aqua,MODIS,52,6.2,298,32.6,D,0
23.0578,89.4716,316.3,2.2,1.4,2012-03-16,0751,Aqua,MODIS,58,6.2,298.9,26.9,D,0
22.6335,92.3354,301.4,1.6,1.3,2012-03-16,2000,Aqua,MODIS,41,6.2,289.7,10.8,N,0
22.4735,92.4802,357.9,1.4,1.2,2012-03-17,0655,Aqua,MODIS,99,6.2,302.7,118.1,D,0
22.4861,92.491,319.3,1.4,1.2,2012-03-17,0655,Aqua,MODIS,12,6.2,300.1,14.5,D,0
22.5726,92.4525,356.6,1.4,1.2,2012-03-17,0655,Aqua,MODIS,98,6.2,305.4,109.6,D,0
22.7734,91.9484,318.5,1.5,1.2,2012-03-17,0655,Aqua,MODIS,70,6.2,302.4,16.4,D,0
22.4942,92.4756,366.1,1.4,1.2,2012-03-17,0655,Aqua,MODIS,100,6.2,306.4,153.6,D,0
22.4417,92.5183,343.3,1.4,1.2,2012-03-17,0655,Aqua,MODIS,89,6.2,299.9,66,D,0
22.4396,92.5058,368.7,1.4,1.2,2012-03-17,0655,Aqua,MODIS,100,6.2,303.4,167.6,D,0
22.4375,92.4929,362.9,1.4,1.2,2012-03-17,0655,Aqua,MODIS,100,6.2,303,138.3,D,0
22.4246,92.4804,329.6,1.4,1.2,2012-03-17,0655,Aqua,MODIS,81,6.2,299,34.5,D,0
22.427,92.4949,323.6,1.4,1.2,2012-03-17,0655,Aqua,MODIS,39,6.2,296.9,20.3,D,0
22.4293,92.508,352.8,1.4,1.2,2012-03-17,0655,Aqua,MODIS,96,6.2,301.2,100.2,D,0
22.4166,92.4969,333,1.4,1.2,2012-03-17,0655,Aqua,MODIS,60,6.2,298,39.4,D,0
22.4189,92.5103,335.4,1.4,1.2,2012-03-17,0655,Aqua,MODIS,73,6.2,299.5,45.5,D,0
22.421,92.5223,334,1.4,1.2,2012-03-17,0655,Aqua,MODIS,71,6.2,298.7,42.6,D,0
22.4085,92.5122,338.5,1.4,1.2,2012-03-17,0655,Aqua,MODIS,88,6.2,299,55.3,D,0
22.3425,92.5448,319.3,1.4,1.2,2012-03-17,0655,Aqua,MODIS,69,6.2,301.2,17.1,D,0
22.3173,92.5232,350.3,1.4,1.2,2012-03-17,0655,Aqua,MODIS,95,6.2,301.8,91,D,0
22.4521,92.516,340.9,1.4,1.2,2012-03-17,0655,Aqua,MODIS,68,6.2,300.6,56.6,D,0
22.45,92.5037,353.8,1.4,1.2,2012-03-17,0655,Aqua,MODIS,97,6.2,301.7,98.1,D,0
22.4478,92.4904,338.9,1.4,1.2,2012-03-17,0655,Aqua,MODIS,49,6.2,301.5,49.2,D,0
22.3196,92.5366,382.5,1.4,1.2,2012-03-17,0655,Aqua,MODIS,100,6.2,304.1,255.6,D,0
22.307,92.5258,316.5,1.4,1.2,2012-03-17,0655,Aqua,MODIS,62,6.2,299.9,12.3,D,0
22.3092,92.5388,325.4,1.4,1.2,2012-03-17,0655,Aqua,MODIS,77,6.2,300.4,27.4,D,0
22.2838,92.5163,342.7,1.4,1.2,2012-03-17,0655,Aqua,MODIS,91,6.2,301.9,68,D,0
21.5485,92.355,320.3,1.5,1.2,2012-03-17,0655,Aqua,MODIS,71,6.2,303.6,19.3,D,0
22.2293,92.4198,317,1.4,1.2,2012-03-17,0655,Aqua,MODIS,64,6.2,302.8,11.1,D,0
22.2399,92.4181,366.7,1.4,1.2,2012-03-17,0655,Aqua,MODIS,100,6.2,306.4,164.7,D,0
21.5438,92.3283,316.8,1.5,1.2,2012-03-17,0655,Aqua,MODIS,54,6.2,301.5,13,D,0
21.5461,92.3416,357.4,1.5,1.2,2012-03-17,0655,Aqua,MODIS,98,6.2,305.1,130.3,D,0
21.5065,92.3047,312.8,1.5,1.2,2012-03-17,0655,Aqua,MODIS,51,6.2,300.6,9.5,D,0
22.4604,92.5012,328.9,1.4,1.2,2012-03-17,0655,Aqua,MODIS,81,6.2,300.2,30.9,D,0
22.4571,92.5099,324.5,1.4,1.2,2012-03-17,0655,Aqua,MODIS,65,6.2,300.5,23.9,D,0
22.455,92.4975,341.6,1.4,1.2,2012-03-17,0655,Aqua,MODIS,90,6.2,301.8,62,D,0
21.7844,92.5255,313.2,1.4,1.2,2012-03-17,0655,Aqua,MODIS,46,6.2,302.6,7.5,D,0
22.6451,91.6766,314.8,1.6,1.2,2012-03-17,0655,Aqua,MODIS,56,6.2,302.1,9.7,D,0
22.7778,91.6366,314.9,1.6,1.2,2012-03-17,0655,Aqua,MODIS,62,6.2,302.3,11.2,D,0
22.8053,91.5995,316.9,1.6,1.2,2012-03-17,0655,Aqua,MODIS,67,6.2,299,13.7,D,0
22.8739,91.5954,316.8,1.6,1.2,2012-03-17,0655,Aqua,MODIS,67,6.2,302.9,13.8,D,0
22.4839,92.4781,346.5,1.4,1.2,2012-03-17,0655,Aqua,MODIS,93,6.2,303.1,75.9,D,0
21.9136,92.1981,328,1.5,1.2,2012-03-17,0655,Aqua,MODIS,80,6.2,304.9,32.2,D,0
21.8617,92.5605,326,1.4,1.2,2012-03-17,0655,Aqua,MODIS,65,6.2,301.7,27,D,0
21.864,92.5741,369.4,1.4,1.2,2012-03-17,0655,Aqua,MODIS,100,6.2,304.4,177.8,D,0
21.8664,92.5882,354.4,1.4,1.2,2012-03-17,0655,Aqua,MODIS,97,6.2,301,108.2,D,0
21.8536,92.5766,320,1.4,1.2,2012-03-17,0655,Aqua,MODIS,39,6.2,301,15.8,D,0
22.435,92.4785,342.8,1.4,1.2,2012-03-17,0655,Aqua,MODIS,91,6.2,301.7,65.1,D,0
22.617,92.3322,318.8,1.4,1.2,2012-03-17,0655,Aqua,MODIS,69,6.2,301.5,15.9,D,0
22.1878,92.5329,314.8,1.4,1.2,2012-03-17,0655,Aqua,MODIS,48,6.2,301.9,9.6,D,0
22.6211,92.3258,313.8,1.4,1.2,2012-03-17,0655,Aqua,MODIS,57,6.2,302.3,8.8,D,0
21.877,92.5872,319.2,1.4,1.2,2012-03-17,0655,Aqua,MODIS,62,6.2,298.2,17.5,D,0
21.8745,92.5724,341.5,1.4,1.2,2012-03-17,0655,Aqua,MODIS,90,6.2,300.7,65.3,D,0
22.6396,92.4673,328.7,1.4,1.2,2012-03-17,0655,Aqua,MODIS,81,6.2,303,29.8,D,0
22.6417,92.4797,332.3,1.4,1.2,2012-03-17,0655,Aqua,MODIS,84,6.2,302.5,37.7,D,0
21.3813,92.4584,312.9,1.5,1.2,2012-03-17,0655,Aqua,MODIS,55,6.2,301.8,10.6,D,0
21.3837,92.4724,320.9,1.5,1.2,2012-03-17,0655,Aqua,MODIS,73,6.2,301.9,22.3,D,0
22.583,92.4505,347,1.4,1.2,2012-03-17,0655,Aqua,MODIS,83,6.2,304.7,73.3,D,0
22.2316,92.4334,327.3,1.4,1.2,2012-03-17,0655,Aqua,MODIS,79,6.2,303.2,30.1,D,0
22.2422,92.4319,398,1.4,1.2,2012-03-17,0655,Aqua,MODIS,100,6.2,309.9,394.7,D,0
22.8931,92.165,326.9,1.4,1.2,2012-03-17,0655,Aqua,MODIS,75,6.2,301.7,31.7,D,0
23.0304,92.3022,316.9,1.4,1.2,2012-03-17,0655,Aqua,MODIS,66,6.2,302.8,12.5,D,0
22.4965,92.4891,336,1.4,1.2,2012-03-17,0655,Aqua,MODIS,81,6.2,301.5,45.9,D,0
22.5022,92.4591,338.9,1.4,1.2,2012-03-17,0655,Aqua,MODIS,89,6.2,303.5,52.4,D,0
22.5126,92.457,343.6,1.4,1.2,2012-03-17,0655,Aqua,MODIS,92,6.2,305.2,66.1,D,0
22.5359,92.4675,324.3,1.4,1.2,2012-03-17,0655,Aqua,MODIS,22,6.2,302.4,20.3,D,0
22.5334,92.4528,331.7,1.4,1.2,2012-03-17,0655,Aqua,MODIS,68,6.2,304.3,35.2,D,0
22.5414,92.4588,334.6,1.4,1.2,2012-03-17,0655,Aqua,MODIS,86,6.2,303.8,42.1,D,0
22.5669,92.4819,352,1.4,1.2,2012-03-17,0655,Aqua,MODIS,96,6.2,301.6,94.1,D,0
22.5646,92.4684,352.9,1.4,1.2,2012-03-17,0655,Aqua,MODIS,96,6.2,304.1,96.3,D,0
22.5773,92.4797,337.2,1.4,1.2,2012-03-17,0655,Aqua,MODIS,62,6.2,302.1,47,D,0
22.575,92.4664,342.4,1.4,1.2,2012-03-17,0655,Aqua,MODIS,84,6.2,303.5,59.9,D,0
23.5621,92.2278,336,1.4,1.2,2012-03-17,0656,Aqua,MODIS,88,6.2,298.9,51.7,D,0
23.1663,91.8877,326.9,1.5,1.2,2012-03-17,0656,Aqua,MODIS,80,6.2,301.5,31.6,D,0
23.2123,91.872,319.9,1.5,1.2,2012-03-17,0656,Aqua,MODIS,38,6.2,297.2,18.7,D,0
23.0744,92.3074,315.9,1.4,1.2,2012-03-17,0656,Aqua,MODIS,49,6.2,302.7,9.7,D,0
23.0719,92.3155,314.1,1.4,1.2,2012-03-17,0656,Aqua,MODIS,35,6.2,301.6,6.9,D,0
23.5701,92.2118,313.4,1.4,1.2,2012-03-17,0656,Aqua,MODIS,36,6.2,300.1,10.3,D,0
23.5725,92.2256,344.5,1.4,1.2,2012-03-17,0656,Aqua,MODIS,92,6.2,302.1,74.7,D,0
23.5597,92.2138,320.5,1.4,1.2,2012-03-17,0656,Aqua,MODIS,74,6.2,299.6,20.9,D,0
23.4278,92.2322,313,1.4,1.2,2012-03-17,0656,Aqua,MODIS,60,6.2,299.8,8.6,D,0
23.4302,92.2242,316.4,1.4,1.2,2012-03-17,0656,Aqua,MODIS,67,6.2,300.2,12.9,D,0
23.2639,91.9787,336,1.5,1.2,2012-03-17,0656,Aqua,MODIS,76,6.2,296.9,53.4,D,0
23.3166,91.815,334,1.5,1.2,2012-03-17,0656,Aqua,MODIS,86,6.2,303.6,46.1,D,0
24.1554,91.318,319.6,1.6,1.2,2012-03-17,0656,Aqua,MODIS,53,6.2,303.9,16.3,D,0
23.0003,91.9342,329.9,1.5,1.2,2012-03-17,0656,Aqua,MODIS,83,6.2,298.6,37.4,D,0
23.0061,91.9413,318.1,1.5,1.2,2012-03-17,0656,Aqua,MODIS,56,6.2,301.2,13.8,D,0
22.4241,92.415,309.2,1.3,1.1,2012-03-17,1620,Terra,MODIS,77,6.2,289.1,15,N,0
22.4638,92.4864,301.7,1.3,1.1,2012-03-17,1620,Terra,MODIS,43,6.2,285.4,7.6,N,0
22.5047,92.4807,302.6,1.3,1.1,2012-03-17,1620,Terra,MODIS,50,6.2,290.4,7.5,N,0
22.4284,92.4211,300.1,3,1.6,2012-03-17,1905,Aqua,MODIS,17,6.2,288.3,23.7,N,0
22.1508,92.5567,318.3,1,1,2012-03-18,0430,Terra,MODIS,72,6.2,298.2,11.1,D,0
22.2312,92.4464,320.9,1,1,2012-03-18,0430,Terra,MODIS,67,6.2,300.5,11.3,D,0
22.2208,92.4547,322.2,1,1,2012-03-18,0430,Terra,MODIS,75,6.2,299.1,12.6,D,0
22.1607,92.5546,314.2,1,1,2012-03-18,0430,Terra,MODIS,64,6.2,297.3,6.4,D,0
22.2222,92.4449,337.3,1,1,2012-03-18,0430,Terra,MODIS,89,6.2,299.2,32,D,0
21.5136,92.2318,314,2,1.4,2012-03-18,0738,Aqua,MODIS,55,6.2,297.9,15.8,D,0
23.0559,92.3473,321.7,2.2,1.4,2012-03-18,0738,Aqua,MODIS,74,6.2,297.6,34.3,D,0
23.0664,92.3236,326.7,2.1,1.4,2012-03-18,0738,Aqua,MODIS,80,6.2,298.2,48.6,D,0
22.6667,92.4633,316.9,2.2,1.4,2012-03-18,0738,Aqua,MODIS,65,6.2,297.5,23.9,D,0
22.4607,92.4793,315.4,2.2,1.4,2012-03-18,0738,Aqua,MODIS,61,6.2,298.1,20.6,D,0
22.1423,92.4168,316.2,2.1,1.4,2012-03-18,0738,Aqua,MODIS,61,6.2,299.3,20.5,D,0
21.5157,92.2511,313.1,2,1.4,2012-03-18,0738,Aqua,MODIS,51,6.2,298,13.9,D,0
22.6434,92.4894,327.6,2.2,1.4,2012-03-18,0738,Aqua,MODIS,80,6.2,298,57,D,0
22.6691,92.4863,316.9,2.2,1.4,2012-03-18,0738,Aqua,MODIS,65,6.2,297.3,23.7,D,0
22.4269,92.4007,316,2.1,1.4,2012-03-18,0738,Aqua,MODIS,62,6.2,299.7,20.5,D,0
22.4259,92.4074,316.8,2.1,1.4,2012-03-18,0738,Aqua,MODIS,61,6.2,299.3,21.1,D,0
23.4228,92.2561,317,2.1,1.4,2012-03-18,0739,Aqua,MODIS,47,6.2,296,23.8,D,0
23.3963,92.2443,342.7,2.1,1.4,2012-03-18,0739,Aqua,MODIS,90,6.2,300.7,112.8,D,0
23.41,92.2575,420.5,2.1,1.4,2012-03-18,0739,Aqua,MODIS,100,6.2,305.5,1191.2,D,0
23.408,92.2376,331.1,2.1,1.4,2012-03-18,0739,Aqua,MODIS,84,6.2,297.9,65.9,D,0
23.3973,92.2596,437.9,2.1,1.4,2012-03-18,0739,Aqua,MODIS,100,6.2,316.5,1700.3,D,0
23.3984,92.2642,450.5,2.1,1.4,2012-03-18,0739,Aqua,MODIS,100,6.2,316.7,2153.9,D,0
23.5871,92.2083,376.2,2.1,1.4,2012-03-18,0739,Aqua,MODIS,100,6.2,298.9,394.8,D,0
23.5753,92.2249,339.8,2.1,1.4,2012-03-18,0739,Aqua,MODIS,90,6.2,296.7,107.1,D,0
23.5899,92.2423,320.8,2.2,1.4,2012-03-18,0739,Aqua,MODIS,59,6.2,293.2,35.2,D,0
23.588,92.2234,413.9,2.1,1.4,2012-03-18,0739,Aqua,MODIS,100,6.2,302.4,1035.9,D,0
23.5861,92.2035,341.6,2.1,1.4,2012-03-18,0739,Aqua,MODIS,91,6.2,297,116.9,D,0
23.4913,92.2831,310.7,2.2,1.4,2012-03-18,0739,Aqua,MODIS,44,6.2,295.4,13.9,D,0
23.419,91.9682,327.2,2,1.4,2012-03-18,0739,Aqua,MODIS,80,6.2,296.3,53.4,D,0
23.3953,92.2394,326,2.1,1.4,2012-03-18,0739,Aqua,MODIS,47,6.2,298.9,43.4,D,0
23.4111,92.2621,412.3,2.1,1.4,2012-03-18,0739,Aqua,MODIS,100,6.2,303,992.2,D,0
23.4065,91.9699,315.9,2,1.4,2012-03-18,0739,Aqua,MODIS,64,6.2,296.3,21.7,D,0
23.409,92.2425,363.6,2.1,1.4,2012-03-18,0739,Aqua,MODIS,100,6.2,299,260.7,D,0
23.3865,92.2813,358.8,2.2,1.4,2012-03-18,0739,Aqua,MODIS,93,6.2,298.9,216.2,D,0
23.3845,92.2612,370.2,2.1,1.4,2012-03-18,0739,Aqua,MODIS,100,6.2,302.7,323.4,D,0
23.6008,92.2217,341.1,2.1,1.4,2012-03-18,0739,Aqua,MODIS,91,6.2,296.2,117.5,D,0
23.7858,89.9867,319.1,1.5,1.2,2012-03-18,0739,Aqua,MODIS,61,6.2,300.9,14.2,D,0
23.4105,92.1336,329.3,2.1,1.4,2012-03-18,0739,Aqua,MODIS,82,6.2,294.9,65.5,D,0
23.3992,92.2794,418.3,2.2,1.4,2012-03-18,0739,Aqua,MODIS,94,6.2,300.5,1136.8,D,0
23.4888,92.2692,310.9,2.2,1.4,2012-03-18,0739,Aqua,MODIS,45,6.2,295.6,13.6,D,0
23.412,92.2776,351.9,2.2,1.4,2012-03-18,0739,Aqua,MODIS,91,6.2,293.1,177.9,D,0
23.3877,92.2859,355.1,2.2,1.4,2012-03-18,0739,Aqua,MODIS,92,6.2,297.3,191.7,D,0
23.3857,92.266,405.3,2.1,1.4,2012-03-18,0739,Aqua,MODIS,100,6.2,306,842.7,D,0
23.4005,92.2842,385.2,2.2,1.4,2012-03-18,0739,Aqua,MODIS,94,6.2,294.9,498.4,D,0
23.5382,92.2344,391.5,2.1,1.4,2012-03-18,0739,Aqua,MODIS,100,6.2,302.6,606.8,D,0
23.5362,92.2146,348.5,2.1,1.4,2012-03-18,0739,Aqua,MODIS,94,6.2,298.6,156.5,D,0
23.5509,92.2325,396,2.1,1.4,2012-03-18,0739,Aqua,MODIS,100,6.2,300.7,677.2,D,0
23.5489,92.2128,368.8,2.1,1.4,2012-03-18,0739,Aqua,MODIS,100,6.2,299.1,316,D,0
23.5764,92.2292,336.1,2.1,1.4,2012-03-18,0739,Aqua,MODIS,87,6.2,296.5,88.3,D,0
23.5892,92.2279,406.2,2.1,1.4,2012-03-18,0739,Aqua,MODIS,100,6.2,301.2,865.7,D,0
22.5133,92.4787,300.7,3.8,1.8,2012-03-18,1525,Terra,MODIS,32,6.2,289.5,32.6,N,0
25.4658,89.6629,318.3,2,1.4,2012-03-19,0512,Terra,MODIS,0,6.2,303.4,30.5,D,0
23.4501,92.2422,310.3,3.4,1.7,2012-03-19,0512,Terra,MODIS,42,6.2,293.3,29.5,D,0
23.4436,92.2735,313.4,3.4,1.7,2012-03-19,0512,Terra,MODIS,65,6.2,292.4,44,D,0
22.8208,91.6224,310.8,3.1,1.7,2012-03-19,0512,Terra,MODIS,54,6.2,291.6,30.5,D,0
23.4586,92.2779,308.4,3.4,1.7,2012-03-19,0512,Terra,MODIS,18,6.2,291.6,22.6,D,0
25.4867,89.6621,314.6,2,1.4,2012-03-19,0512,Terra,MODIS,0,6.2,301.7,21.8,D,0
22.5334,92.4671,321.8,2.3,1.5,2012-03-19,0643,Aqua,MODIS,73,6.2,294.4,43,D,0
23.0247,92.34,323.6,2.3,1.5,2012-03-19,0643,Aqua,MODIS,73,6.2,295.2,50.5,D,0
23.0694,92.1604,326.6,2.3,1.5,2012-03-19,0643,Aqua,MODIS,80,6.2,300.3,60.6,D,0
23.0729,92.1669,318,2.3,1.5,2012-03-19,0643,Aqua,MODIS,59,6.2,300.1,25.9,D,0
23.3265,92.3208,312.2,2.3,1.5,2012-03-19,0643,Aqua,MODIS,42,6.2,297.8,16.7,D,0
23.4067,91.9893,327.9,2.4,1.5,2012-03-19,0643,Aqua,MODIS,69,6.2,293.6,67.7,D,0
23.3936,91.9921,328.8,2.4,1.5,2012-03-19,0643,Aqua,MODIS,78,6.2,297.3,74.9,D,0
23.3932,91.9755,352.7,2.4,1.5,2012-03-19,0643,Aqua,MODIS,73,6.2,293.1,222.4,D,0
23.3305,92.3416,333.9,2.3,1.5,2012-03-19,0643,Aqua,MODIS,86,6.2,298.4,88.3,D,0
23.0604,92.0447,333.3,2.4,1.5,2012-03-19,0643,Aqua,MODIS,81,6.2,299,92.2,D,0
23.0598,92.1698,320.9,2.3,1.5,2012-03-19,0643,Aqua,MODIS,74,6.2,300.2,36.1,D,0
23.214,92.0227,313.2,2.4,1.5,2012-03-19,0643,Aqua,MODIS,33,6.2,296.6,17,D,0
22.4029,92.4777,313.2,2.3,1.5,2012-03-19,0643,Aqua,MODIS,42,6.2,297.9,15.7,D,0
23.104,92.2684,319.7,2.3,1.5,2012-03-19,0643,Aqua,MODIS,46,6.2,300.4,36.1,D,0
23.3975,91.9978,321.3,2.4,1.5,2012-03-19,0643,Aqua,MODIS,71,6.2,296.8,45.3,D,0
23.4011,92.299,342.4,2.3,1.5,2012-03-19,0643,Aqua,MODIS,86,6.2,297.6,134.2,D,0
23.405,92.3196,337.2,2.3,1.5,2012-03-19,0643,Aqua,MODIS,88,6.2,296.4,105.3,D,0
23.4331,91.9836,324.8,2.4,1.5,2012-03-19,0644,Aqua,MODIS,75,6.2,294.9,61.6,D,0
23.5021,92.1997,319.1,2.3,1.5,2012-03-19,0644,Aqua,MODIS,63,6.2,293,39.1,D,0
23.5163,92.2142,361.2,2.3,1.5,2012-03-19,0644,Aqua,MODIS,87,6.2,293.2,277.4,D,0
23.5192,92.2187,358.4,2.3,1.5,2012-03-19,0644,Aqua,MODIS,75,6.2,291.5,252.5,D,0
23.4287,91.961,326.6,2.4,1.5,2012-03-19,0644,Aqua,MODIS,61,6.2,293.1,70.8,D,0
23.4494,92.2402,304.5,1,1,2012-03-19,1608,Terra,MODIS,60,6.2,287.8,6.4,N,0
21.9762,92.5472,336.9,1.3,1.1,2012-03-20,0726,Aqua,MODIS,75,6.2,290.9,42.4,D,0
23.0238,92.3014,318.4,1.3,1.1,2012-03-20,0726,Aqua,MODIS,64,6.2,299.1,10.3,D,0
23.0253,92.3137,318.6,1.3,1.1,2012-03-20,0726,Aqua,MODIS,50,6.2,300.2,10.3,D,0
23.5549,92.2393,341.8,1.3,1.1,2012-03-20,0726,Aqua,MODIS,90,6.2,299.7,58.6,D,0
23.5564,92.2525,325.8,1.3,1.1,2012-03-20,0726,Aqua,MODIS,78,6.2,294.7,24.3,D,0
21.9193,92.4988,327.1,1.3,1.1,2012-03-20,0726,Aqua,MODIS,23,6.2,293.5,20.6,D,0
21.9409,92.5128,324.8,1.3,1.1,2012-03-20,0726,Aqua,MODIS,63,6.2,292.1,15.9,D,0
22.7061,92.3589,321.4,1.3,1.1,2012-03-20,0726,Aqua,MODIS,71,6.2,299.8,15.7,D,0
22.5749,92.2944,327.6,1.3,1.1,2012-03-20,0726,Aqua,MODIS,79,6.2,298.3,23.7,D,0
22.5765,92.307,319.8,1.3,1.1,2012-03-20,0726,Aqua,MODIS,50,6.2,298.5,11.5,D,0
21.9747,92.535,334.9,1.3,1.1,2012-03-20,0726,Aqua,MODIS,82,6.2,293.2,37.9,D,0
21.9645,92.5368,330.3,1.3,1.1,2012-03-20,0726,Aqua,MODIS,66,6.2,290.1,27.2,D,0
21.9425,92.526,339.7,1.3,1.1,2012-03-20,0726,Aqua,MODIS,77,6.2,289.8,44.3,D,0
21.9323,92.5274,355.6,1.3,1.1,2012-03-20,0726,Aqua,MODIS,85,6.2,292.1,89.8,D,0
21.9221,92.5289,376.3,1.3,1.1,2012-03-20,0726,Aqua,MODIS,94,6.2,298.9,181,D,0
21.9238,92.5425,337.9,1.3,1.1,2012-03-20,0726,Aqua,MODIS,66,6.2,288.2,37.7,D,0
21.9222,92.5224,370.2,1.3,1.1,2012-03-20,0726,Aqua,MODIS,100,6.2,296.4,153,D,0
21.924,92.5363,362.4,1.3,1.1,2012-03-20,0726,Aqua,MODIS,100,6.2,293,116.4,D,0
21.9256,92.5492,328.8,1.3,1.1,2012-03-20,0726,Aqua,MODIS,39,6.2,284.4,17.2,D,0
21.9121,92.5242,391.9,1.3,1.1,2012-03-20,0726,Aqua,MODIS,94,6.2,298.7,289.4,D,0
21.9138,92.5378,378.2,1.3,1.1,2012-03-20,0726,Aqua,MODIS,87,6.2,293.5,193.2,D,0
23.0901,91.9318,355.1,1.3,1.1,2012-03-20,0726,Aqua,MODIS,97,6.2,304.8,88.4,D,0
22.2846,92.3282,338.9,1.3,1.1,2012-03-20,0726,Aqua,MODIS,88,6.2,299.3,46.8,D,0
22.2861,92.3406,322.7,1.3,1.1,2012-03-20,0726,Aqua,MODIS,72,6.2,295.5,15.3,D,0
23.376,91.9335,321.8,1.3,1.1,2012-03-20,0726,Aqua,MODIS,55,6.2,301.4,12.1,D,0
23.3775,91.9458,326.6,1.3,1.1,2012-03-20,0726,Aqua,MODIS,68,6.2,300,18.8,D,0
23.372,91.9841,334.3,1.3,1.1,2012-03-20,0726,Aqua,MODIS,63,6.2,297.5,34,D,0
23.3404,91.9759,325.7,1.3,1.1,2012-03-20,0726,Aqua,MODIS,77,6.2,300.2,18.4,D,0
23.3418,91.9879,323.1,1.3,1.1,2012-03-20,0726,Aqua,MODIS,74,6.2,296.8,15.7,D,0
23.3289,91.9653,382.6,1.3,1.1,2012-03-20,0726,Aqua,MODIS,100,6.2,307.5,215,D,0
23.3303,91.9773,414.2,1.3,1.1,2012-03-20,0726,Aqua,MODIS,100,6.2,308.8,480.5,D,0
23.3318,91.9894,347.1,1.3,1.1,2012-03-20,0726,Aqua,MODIS,93,6.2,300.5,65.5,D,0
23.3189,91.9668,362.6,1.3,1.1,2012-03-20,0726,Aqua,MODIS,100,6.2,308.2,112.9,D,0
23.3203,91.9786,418.1,1.3,1.1,2012-03-20,0726,Aqua,MODIS,100,6.2,315.1,523.3,D,0
23.3218,91.9908,325.1,1.3,1.1,2012-03-20,0726,Aqua,MODIS,58,6.2,301.3,17,D,0
23.3192,91.9734,430.2,1.3,1.1,2012-03-20,0726,Aqua,MODIS,100,6.2,316.9,673.8,D,0
23.3206,91.9852,388.8,1.3,1.1,2012-03-20,0726,Aqua,MODIS,100,6.2,305.8,256.3,D,0
23.3091,91.9749,344.5,1.3,1.1,2012-03-20,0726,Aqua,MODIS,92,6.2,303.4,55.2,D,0
23.3106,91.9867,352.1,1.3,1.1,2012-03-20,0726,Aqua,MODIS,96,6.2,304.3,78.8,D,0
22.2708,92.4637,353.8,1.3,1.1,2012-03-20,0726,Aqua,MODIS,97,6.2,300.9,90.1,D,0
22.2826,92.4751,337.9,1.3,1.1,2012-03-20,0726,Aqua,MODIS,87,6.2,300.4,43.4,D,0
22.281,92.4623,359.9,1.3,1.1,2012-03-20,0726,Aqua,MODIS,99,6.2,304.3,111.4,D,0
22.2795,92.4504,353.8,1.3,1.1,2012-03-20,0726,Aqua,MODIS,97,6.2,301.8,90.4,D,0
22.2779,92.4371,323.5,1.3,1.1,2012-03-20,0726,Aqua,MODIS,73,6.2,297.9,17.1,D,0
22.2807,92.4681,351,1.3,1.1,2012-03-20,0726,Aqua,MODIS,95,6.2,302.5,78.1,D,0
22.2793,92.4561,343.9,1.3,1.1,2012-03-20,0726,Aqua,MODIS,91,6.2,301.6,55.3,D,0
22.2909,92.4664,371.8,1.3,1.1,2012-03-20,0726,Aqua,MODIS,100,6.2,301.8,164.9,D,0
22.2894,92.4544,399.1,1.3,1.1,2012-03-20,0726,Aqua,MODIS,100,6.2,307.4,351.9,D,0
22.288,92.4423,344.8,1.3,1.1,2012-03-20,0726,Aqua,MODIS,92,6.2,297.9,59,D,0
22.2996,92.453,360.9,1.3,1.1,2012-03-20,0726,Aqua,MODIS,100,6.2,302.6,114,D,0
23.3731,92.1623,345.5,1.3,1.1,2012-03-20,0726,Aqua,MODIS,93,6.2,300.7,66.2,D,0
23.316,92.113,321.2,1.3,1.1,2012-03-20,0726,Aqua,MODIS,71,6.2,300.7,14.5,D,0
23.0896,92.0947,333.6,1.3,1.1,2012-03-20,0726,Aqua,MODIS,63,6.2,291.9,30.2,D,0
23.0665,92.0725,345,1.3,1.1,2012-03-20,0726,Aqua,MODIS,87,6.2,295.3,53.9,D,0
23.003,91.962,345.1,1.3,1.1,2012-03-20,0726,Aqua,MODIS,92,6.2,302,59.7,D,0
23.0045,91.9741,336,1.3,1.1,2012-03-20,0726,Aqua,MODIS,86,6.2,295.9,38.3,D,0
23.7356,90.9264,326.4,1.1,1.1,2012-03-20,0726,Aqua,MODIS,31,6.2,304.5,13.8,D,0
23.7247,90.9168,327.4,1.1,1.1,2012-03-20,0726,Aqua,MODIS,21,6.2,306,16.8,D,0
23.2691,91.9807,336,1.3,1.1,2012-03-20,0726,Aqua,MODIS,55,6.2,301.7,38.4,D,0
23.1353,92.05,333.1,1.3,1.1,2012-03-20,0726,Aqua,MODIS,81,6.2,291.6,29.3,D,0
23.1253,92.0514,346.9,1.3,1.1,2012-03-20,0726,Aqua,MODIS,93,6.2,297.1,61.8,D,0
23.0981,92.3376,316.1,1.3,1.1,2012-03-20,0726,Aqua,MODIS,32,6.2,297.7,5.9,D,0
23.1082,92.3355,327.2,1.3,1.1,2012-03-20,0726,Aqua,MODIS,78,6.2,296.6,22.7,D,0
23.4276,92.27,326.8,1.3,1.1,2012-03-20,0726,Aqua,MODIS,79,6.2,299.6,23,D,0
23.4293,92.2841,355.4,1.3,1.1,2012-03-20,0726,Aqua,MODIS,98,6.2,302.7,99.9,D,0
23.4309,92.2972,332.8,1.3,1.1,2012-03-20,0726,Aqua,MODIS,84,6.2,298.1,38.1,D,0
23.394,92.25,350.8,1.3,1.1,2012-03-20,0726,Aqua,MODIS,95,6.2,305.8,79.7,D,0
23.3777,92.2005,333,1.3,1.1,2012-03-20,0726,Aqua,MODIS,84,6.2,298.8,35,D,0
23.3823,92.2388,330.8,1.3,1.1,2012-03-20,0726,Aqua,MODIS,80,6.2,305.3,26.8,D,0
23.3838,92.2514,359.8,1.3,1.1,2012-03-20,0726,Aqua,MODIS,99,6.2,306.2,111.2,D,0
23.3664,92.2799,330.5,1.3,1.1,2012-03-20,0726,Aqua,MODIS,82,6.2,302,30.6,D,0
23.3276,92.2923,325.9,1.3,1.1,2012-03-20,0726,Aqua,MODIS,67,6.2,299.5,23.8,D,0
23.3292,92.3053,373.3,1.3,1.1,2012-03-20,0726,Aqua,MODIS,100,6.2,303.2,180,D,0
23.3323,92.3312,350.2,1.3,1.1,2012-03-20,0726,Aqua,MODIS,95,6.2,300,78,D,0
23.3189,92.3067,334.6,1.3,1.1,2012-03-20,0726,Aqua,MODIS,76,6.2,300.1,38.9,D,0
23.3015,92.3352,383.3,1.3,1.1,2012-03-20,0726,Aqua,MODIS,100,6.2,301.2,237.6,D,0
23.3031,92.3484,401.4,1.3,1.1,2012-03-20,0726,Aqua,MODIS,94,6.2,301.5,382.9,D,0
22.2969,92.5174,382,1.3,1.1,2012-03-20,0726,Aqua,MODIS,100,6.2,304,227.5,D,0
22.2955,92.5056,346.9,1.3,1.1,2012-03-20,0726,Aqua,MODIS,93,6.2,303,66.9,D,0
22.3496,92.5227,333.5,1.3,1.1,2012-03-20,0726,Aqua,MODIS,78,6.2,294.8,33.1,D,0
22.4628,92.4509,346.6,1.3,1.1,2012-03-20,0726,Aqua,MODIS,87,6.2,298.2,64.7,D,0
23.2928,92.3498,385.3,1.3,1.1,2012-03-20,0726,Aqua,MODIS,100,6.2,297.8,251.8,D,0
23.2913,92.3368,363.3,1.3,1.1,2012-03-20,0726,Aqua,MODIS,100,6.2,299.4,128,D,0
22.429,92.4295,334.4,1.3,1.1,2012-03-20,0726,Aqua,MODIS,68,6.2,286.3,29.5,D,0
22.4337,92.4679,359.6,1.3,1.1,2012-03-20,0726,Aqua,MODIS,99,6.2,299.2,107.2,D,0
22.4188,92.4311,363.5,1.3,1.1,2012-03-20,0726,Aqua,MODIS,94,6.2,294.8,121.3,D,0
22.4204,92.4442,346.3,1.3,1.1,2012-03-20,0726,Aqua,MODIS,87,6.2,287.6,58.6,D,0
23.7866,89.9972,331.1,1.1,1,2012-03-20,0726,Aqua,MODIS,73,6.2,304,21.2,D,0
22.0922,92.5,329,1.3,1.1,2012-03-20,0726,Aqua,MODIS,57,6.2,288.6,24.9,D,0
22.082,92.501,352.7,1.3,1.1,2012-03-20,0726,Aqua,MODIS,73,6.2,291.8,80.9,D,0
22.0617,92.5043,338.7,1.3,1.1,2012-03-20,0726,Aqua,MODIS,75,6.2,285.7,39.1,D,0
22.0484,92.4801,338.8,1.3,1.1,2012-03-20,0726,Aqua,MODIS,87,6.2,290.3,42.1,D,0
22.5149,92.4623,332.9,1.3,1.1,2012-03-20,0726,Aqua,MODIS,71,6.2,287.3,29.2,D,0
22.579,92.5004,353.3,1.3,1.1,2012-03-20,0726,Aqua,MODIS,96,6.2,295.6,88.5,D,0
23.7939,89.71,317.2,1,1,2012-03-20,0727,Aqua,MODIS,16,6.2,297.8,9.2,D,0
21.8016,92.4831,312.5,2.3,1.5,2012-03-21,0500,Terra,MODIS,48,6.2,294.5,21.1,D,0
21.7998,92.4982,323.6,2.3,1.5,2012-03-21,0500,Terra,MODIS,62,6.2,292.9,50.2,D,0
23.1492,89.6898,315.1,1.4,1.2,2012-03-21,0500,Terra,MODIS,44,6.2,302.8,8.9,D,0
24.1016,89.7822,316.5,1.3,1.1,2012-03-21,0500,Terra,MODIS,0,6.2,303,10.9,D,0
21.7977,92.5029,323.8,2.3,1.5,2012-03-21,0500,Terra,MODIS,76,6.2,291.2,56.4,D,0
22.4982,92.4054,324.8,3.9,1.8,2012-03-21,0631,Aqua,MODIS,76,6.2,290.7,127,D,0
22.405,92.4395,319.2,3.9,1.8,2012-03-21,0631,Aqua,MODIS,66,6.2,293.2,89.5,D,0
22.9809,92.2959,313.8,3.8,1.8,2012-03-21,0631,Aqua,MODIS,51,6.2,296.5,45.2,D,0
22.3168,92.4243,314.7,3.9,1.8,2012-03-21,0631,Aqua,MODIS,50,6.2,294.9,61.3,D,0
22.3265,92.4285,314.9,3.9,1.8,2012-03-21,0631,Aqua,MODIS,52,6.2,294.1,60.7,D,0
23.2397,91.8497,309.9,4.1,1.9,2012-03-21,0631,Aqua,MODIS,32,6.2,291.9,41.5,D,0
22.4111,92.4341,316,3.9,1.8,2012-03-21,0631,Aqua,MODIS,57,6.2,290.1,68.4,D,0
22.7901,92.4324,325.1,1,1,2012-03-22,0714,Aqua,MODIS,76,6.2,301.9,12.9,D,0
22.7516,92.419,318.4,1,1,2012-03-22,0714,Aqua,MODIS,64,6.2,301.4,6.5,D,0
22.7529,92.4286,328.2,1,1,2012-03-22,0714,Aqua,MODIS,79,6.2,301.8,16.6,D,0
21.5911,92.2179,323.4,1,1,2012-03-22,0714,Aqua,MODIS,73,6.2,301.5,12.3,D,0
21.5925,92.2274,319.4,1,1,2012-03-22,0714,Aqua,MODIS,54,6.2,300.3,8.1,D,0
22.2066,92.5354,332.5,1,1,2012-03-22,0714,Aqua,MODIS,82,6.2,303.7,24,D,0
23.6072,89.6567,333,1.1,1,2012-03-22,0714,Aqua,MODIS,82,6.2,310.4,20.6,D,0
23.0652,92.0944,322.4,1,1,2012-03-22,0714,Aqua,MODIS,46,6.2,296.3,10.6,D,0
23.4091,92.1171,317.6,1,1,2012-03-22,0714,Aqua,MODIS,62,6.2,299.5,7.9,D,0
23.1089,92.2756,334.3,1,1,2012-03-22,0714,Aqua,MODIS,85,6.2,303.7,24.3,D,0
23.0978,92.327,320.5,1,1,2012-03-22,0714,Aqua,MODIS,69,6.2,302.5,7.7,D,0
23.0884,92.3244,340.7,1,1,2012-03-22,0714,Aqua,MODIS,89,6.2,303.3,33.8,D,0
23.0898,92.3342,355.5,1,1,2012-03-22,0714,Aqua,MODIS,98,6.2,305.3,64.4,D,0
21.3815,92.1673,314,1,1,2012-03-22,0714,Aqua,MODIS,41,6.2,298.9,4.4,D,0
21.3828,92.1768,316.5,1,1,2012-03-22,0714,Aqua,MODIS,59,6.2,298.7,6.4,D,0
21.3471,92.1827,321,1,1,2012-03-22,0714,Aqua,MODIS,69,6.2,299.2,10.4,D,0
23.2076,91.8658,337,1,1,2012-03-22,0714,Aqua,MODIS,87,6.2,298.6,28.4,D,0
23.0158,91.9402,323,1,1,2012-03-22,0714,Aqua,MODIS,55,6.2,302.4,10.2,D,0
23.0069,91.9417,328.6,1,1,2012-03-22,0714,Aqua,MODIS,50,6.2,301.2,15.2,D,0
23.0082,91.9514,334.6,1,1,2012-03-22,0714,Aqua,MODIS,85,6.2,301.2,23.2,D,0
23.2269,92.0011,340,1,1,2012-03-22,0714,Aqua,MODIS,89,6.2,299.7,32.7,D,0
22.9337,91.9508,322.4,1,1,2012-03-22,0714,Aqua,MODIS,71,6.2,302.2,10.3,D,0
23.2255,91.9915,325.7,1,1,2012-03-22,0714,Aqua,MODIS,61,6.2,303.3,13.2,D,0
23.2241,91.9818,324.7,1,1,2012-03-22,0714,Aqua,MODIS,66,6.2,303.3,12.1,D,0
23.2392,92.0232,327.3,1,1,2012-03-22,0714,Aqua,MODIS,79,6.2,300.8,16.6,D,0
23.8224,90.9591,320.5,1,1,2012-03-22,0714,Aqua,MODIS,58,6.2,303.1,8.3,D,0
22.6141,92.4241,331.3,1,1,2012-03-22,0714,Aqua,MODIS,82,6.2,302.5,20.6,D,0
22.6128,92.4145,338.9,1,1,2012-03-22,0714,Aqua,MODIS,88,6.2,302.7,32.5,D,0
23.2783,91.9769,332.1,1,1,2012-03-22,0714,Aqua,MODIS,83,6.2,303.6,22.4,D,0
21.7928,92.5347,320.5,1,1,2012-03-22,0714,Aqua,MODIS,58,6.2,302.9,8.2,D,0
21.7839,92.5362,327.4,1,1,2012-03-22,0714,Aqua,MODIS,77,6.2,303.9,15.2,D,0
21.8367,92.5864,338.2,1,1,2012-03-22,0714,Aqua,MODIS,87,6.2,305.1,30.9,D,0
22.3495,92.4362,330.2,1,1,2012-03-22,0714,Aqua,MODIS,80,6.2,302.8,19.2,D,0
21.8354,92.5769,329.8,1,1,2012-03-22,0714,Aqua,MODIS,79,6.2,304.7,18.8,D,0
22.4243,92.448,322.2,1,1,2012-03-22,0714,Aqua,MODIS,45,6.2,302.3,9.3,D,0
22.4229,92.4383,322.5,1,1,2012-03-22,0714,Aqua,MODIS,34,6.2,299.9,8.2,D,0
22.4215,92.4286,345.8,1,1,2012-03-22,0714,Aqua,MODIS,92,6.2,303.7,41.2,D,0
22.4319,92.4368,327.3,1,1,2012-03-22,0714,Aqua,MODIS,33,6.2,300.8,13.2,D,0
22.4305,92.4271,357.2,1,1,2012-03-22,0714,Aqua,MODIS,98,6.2,305.8,66.5,D,0
22.4291,92.4173,326.4,1,1,2012-03-22,0714,Aqua,MODIS,45,6.2,304.7,11.1,D,0
22.421,92.3596,322.2,1,1,2012-03-22,0714,Aqua,MODIS,54,6.2,302.3,9.3,D,0
22.4197,92.3499,321,1,1,2012-03-22,0714,Aqua,MODIS,35,6.2,301.4,7.4,D,0
22.4183,92.3403,339.9,1,1,2012-03-22,0714,Aqua,MODIS,89,6.2,303.2,31.9,D,0
22.4169,92.3306,325.6,1,1,2012-03-22,0714,Aqua,MODIS,63,6.2,303.8,12.2,D,0
22.4394,92.4256,343.2,1,1,2012-03-22,0714,Aqua,MODIS,91,6.2,302.2,37.8,D,0
22.4381,92.4158,333.9,1,1,2012-03-22,0714,Aqua,MODIS,84,6.2,303.2,22.3,D,0
22.4313,92.3678,359.3,1,1,2012-03-22,0714,Aqua,MODIS,99,6.2,301.6,74.4,D,0
22.43,92.3581,373.9,1,1,2012-03-22,0714,Aqua,MODIS,100,6.2,301.5,119.8,D,0
23.5996,91.9676,318.1,1,1,2012-03-22,0714,Aqua,MODIS,63,6.2,297.6,8.6,D,0
21.7852,92.5457,323,1,1,2012-03-22,0714,Aqua,MODIS,70,6.2,302.7,10.7,D,0
22.4375,92.347,328.1,1,1,2012-03-22,0714,Aqua,MODIS,73,6.2,298.2,16,D,0
22.4362,92.3373,326.1,1,1,2012-03-22,0714,Aqua,MODIS,62,6.2,302.3,13.7,D,0
23.1165,92.2644,328.3,1,1,2012-03-22,0714,Aqua,MODIS,79,6.2,303.1,16.3,D,0
22.8351,91.5827,326.9,1,1,2012-03-22,0714,Aqua,MODIS,77,6.2,302.4,17,D,0
22.7488,91.6821,318.1,1,1,2012-03-22,0714,Aqua,MODIS,61,6.2,300.4,6.1,D,0
21.795,92.4852,353.9,1,1,2012-03-22,0714,Aqua,MODIS,97,6.2,307.3,59.2,D,0
21.8129,92.4823,323.9,1,1,2012-03-22,0714,Aqua,MODIS,72,6.2,303.7,10.6,D,0
21.8116,92.4727,322.8,1,1,2012-03-22,0714,Aqua,MODIS,70,6.2,304.9,9.4,D,0
22.7175,90.4792,318,1,1,2012-03-22,0714,Aqua,MODIS,55,6.2,303.7,6.9,D,0
23.3549,91.7989,319.9,1,1,2012-03-22,0714,Aqua,MODIS,56,6.2,302.6,7.6,D,0
23.0078,92.3378,317.4,1,1,2012-03-22,0714,Aqua,MODIS,61,6.2,301.7,6,D,0
22.8868,92.3304,326.1,1,1,2012-03-22,0714,Aqua,MODIS,77,6.2,297.7,15.1,D,0
22.8779,92.3319,316.9,1,1,2012-03-22,0714,Aqua,MODIS,48,6.2,300.9,5.9,D,0
22.5626,92.3831,320.3,1,1,2012-03-22,0714,Aqua,MODIS,68,6.2,302.9,8.8,D,0
22.5827,92.3303,354.9,1,1,2012-03-22,0714,Aqua,MODIS,97,6.2,303.6,63.8,D,0
21.9083,92.51,374,1,1,2012-03-22,0714,Aqua,MODIS,100,6.2,305.6,121.4,D,0
21.907,92.5005,386.5,1,1,2012-03-22,0714,Aqua,MODIS,100,6.2,309.5,172.2,D,0
21.9172,92.5085,386.2,1,1,2012-03-22,0714,Aqua,MODIS,100,6.2,305.4,171.5,D,0
21.9159,92.499,340.4,1,1,2012-03-22,0714,Aqua,MODIS,89,6.2,305.6,33.3,D,0
22.2687,92.2524,325.7,1,1,2012-03-22,0714,Aqua,MODIS,75,6.2,302.6,13.6,D,0
22.2701,92.262,340.9,1,1,2012-03-22,0714,Aqua,MODIS,89,6.2,303.8,35,D,0
21.5966,92.256,326.3,1,1,2012-03-22,0714,Aqua,MODIS,77,6.2,299.2,16.9,D,0
21.5877,92.2575,331,1,1,2012-03-22,0714,Aqua,MODIS,82,6.2,301.1,22.4,D,0
21.589,92.267,332.5,1,1,2012-03-22,0714,Aqua,MODIS,83,6.2,300.2,24.4,D,0
21.5227,92.3236,319.2,1,1,2012-03-22,0714,Aqua,MODIS,65,6.2,300.5,8.8,D,0
21.524,92.3331,361.1,1,1,2012-03-22,0714,Aqua,MODIS,100,6.2,302.3,81.5,D,0
23.0343,91.8129,316.2,1,1,2012-03-22,0714,Aqua,MODIS,51,6.2,300.5,4.6,D,0
23.046,91.9591,319.1,1,1,2012-03-22,0714,Aqua,MODIS,66,6.2,303.9,6.9,D,0
23.0638,92.0846,344.4,1,1,2012-03-22,0714,Aqua,MODIS,92,6.2,301,42.1,D,0
23.1075,92.2659,369.3,1,1,2012-03-22,0714,Aqua,MODIS,100,6.2,305.5,104.2,D,0
22.9931,91.9737,352.5,1,1,2012-03-22,0714,Aqua,MODIS,96,6.2,302.5,57.3,D,0
21.869,92.5559,322.4,1,1,2012-03-22,0714,Aqua,MODIS,61,6.2,302.2,11.4,D,0
22.6133,92.4837,319,1,1,2012-03-22,0714,Aqua,MODIS,31,6.2,302.9,6.8,D,0
22.6119,92.474,326.4,1,1,2012-03-22,0714,Aqua,MODIS,77,6.2,304,14.1,D,0
22.6209,92.4725,332,1,1,2012-03-22,0714,Aqua,MODIS,83,6.2,300.7,20.8,D,0
21.9185,92.518,332.9,1,1,2012-03-22,0714,Aqua,MODIS,83,6.2,297.7,23.7,D,0
22.9698,91.9381,322.1,1,1,2012-03-22,0714,Aqua,MODIS,37,6.2,302.7,8.8,D,0
22.9712,91.9478,333.7,1,1,2012-03-22,0714,Aqua,MODIS,84,6.2,303,22.6,D,0
22.9609,91.9396,322.3,1,1,2012-03-22,0714,Aqua,MODIS,54,6.2,301.6,9.7,D,0
22.6657,92.4583,335,1,1,2012-03-22,0714,Aqua,MODIS,85,6.2,301.6,26.5,D,0
22.6217,92.413,322.2,1,1,2012-03-22,0714,Aqua,MODIS,72,6.2,301.1,10.6,D,0
22.6231,92.4227,336,1,1,2012-03-22,0714,Aqua,MODIS,86,6.2,299.9,27.5,D,0
24.1355,89.3743,318.6,1,1,2012-03-23,0447,Terra,MODIS,38,6.2,305.8,7.4,D,0
24.568,90.1729,319.5,1,1,2012-03-23,0447,Terra,MODIS,56,6.2,308.4,8.9,D,0
23.6124,89.6615,330.4,1,1,2012-03-23,0448,Terra,MODIS,81,6.2,311.2,17.5,D,0
23.6035,89.6599,340.3,1,1,2012-03-23,0448,Terra,MODIS,89,6.2,310.5,31.5,D,0
23.2722,91.9646,320.1,1.2,1.1,2012-03-23,0448,Terra,MODIS,72,6.2,297.7,15,D,0
23.605,89.6501,324.6,1,1,2012-03-23,0448,Terra,MODIS,45,6.2,309.2,9.8,D,0
23.6139,89.6517,323.3,1,1,2012-03-23,0448,Terra,MODIS,66,6.2,308.8,9,D,0
21.683,92.2185,317.9,4.5,1.9,2012-03-23,0757,Aqua,MODIS,69,6.2,297.1,79.3,D,0
21.6887,92.2553,312.9,4.5,2,2012-03-23,0757,Aqua,MODIS,56,6.2,297.1,41.9,D,0
21.6853,92.2108,317.4,4.5,1.9,2012-03-23,0757,Aqua,MODIS,68,6.2,296.9,76.6,D,0
22.0432,92.4673,326.2,4.7,2,2012-03-23,0757,Aqua,MODIS,79,6.2,300.1,152.9,D,0
21.5324,92.3221,311.9,4.5,2,2012-03-23,0757,Aqua,MODIS,52,6.2,295.7,38.4,D,0
21.9479,92.3915,318.5,4.6,2,2012-03-23,0757,Aqua,MODIS,70,6.2,299.4,74.4,D,0
21.5307,92.3299,310.4,4.5,2,2012-03-23,0757,Aqua,MODIS,33,6.2,295.5,28.4,D,0
22.9098,92.3375,334,4.7,2,2012-03-23,0757,Aqua,MODIS,85,6.2,298.7,249.1,D,0
21.9496,92.3961,317,4.6,2,2012-03-23,0757,Aqua,MODIS,67,6.2,299.5,66.1,D,0
21.7763,92.468,335.7,4.7,2,2012-03-23,0757,Aqua,MODIS,87,6.2,300,269.9,D,0
21.8297,92.4629,321.6,4.7,2,2012-03-23,0757,Aqua,MODIS,74,6.2,299.4,110.2,D,0
21.7743,92.4636,328.8,4.7,2,2012-03-23,0757,Aqua,MODIS,82,6.2,299.9,181.4,D,0
21.8277,92.4582,320.8,4.7,2,2012-03-23,0757,Aqua,MODIS,73,6.2,299.5,101.8,D,0
23.2163,91.8849,313.3,4.4,1.9,2012-03-23,0757,Aqua,MODIS,39,6.2,294.1,36.9,D,0
21.752,92.1637,311.8,4.4,1.9,2012-03-23,0757,Aqua,MODIS,51,6.2,296.9,36.5,D,0
22.9121,92.3419,336.2,4.7,2,2012-03-23,0757,Aqua,MODIS,87,6.2,298.4,271.3,D,0
23.3743,92.3112,320.8,4.7,2,2012-03-23,0757,Aqua,MODIS,70,6.2,296.4,113.6,D,0
23.3717,92.3063,317.8,4.7,2,2012-03-23,0757,Aqua,MODIS,49,6.2,295.8,77.9,D,0
22.0437,92.4605,328.7,4.7,2,2012-03-23,0757,Aqua,MODIS,82,6.2,300.6,178,D,0
22.0402,92.4289,317.9,4.7,2,2012-03-23,0757,Aqua,MODIS,69,6.2,301.1,69.8,D,0
21.5177,92.2771,319.8,1.2,1.1,2012-03-24,0701,Aqua,MODIS,67,6.2,301.6,12.3,D,0
21.5155,92.3254,324.1,1.2,1.1,2012-03-24,0701,Aqua,MODIS,72,6.2,301.6,16.6,D,0
21.4747,92.339,338.8,1.2,1.1,2012-03-24,0701,Aqua,MODIS,88,6.2,302.5,44.7,D,0
21.5807,92.2841,332.5,1.2,1.1,2012-03-24,0701,Aqua,MODIS,83,6.2,299.7,31.4,D,0
21.4461,92.285,315.4,1.2,1.1,2012-03-24,0701,Aqua,MODIS,56,6.2,301.8,7.3,D,0
21.5796,92.4768,357.9,1.2,1.1,2012-03-24,0701,Aqua,MODIS,99,6.2,307.1,89.7,D,0
21.6007,92.4669,319.9,1.2,1.1,2012-03-24,0701,Aqua,MODIS,66,6.2,306.1,12.5,D,0
21.5833,92.4997,340.8,1.2,1.1,2012-03-24,0701,Aqua,MODIS,89,6.2,304.3,44.1,D,0
21.5911,92.4866,357,1.2,1.1,2012-03-24,0701,Aqua,MODIS,98,6.2,307.1,84.9,D,0
21.4999,92.352,345.7,1.2,1.1,2012-03-24,0701,Aqua,MODIS,92,6.2,303.1,58.6,D,0
21.5851,92.5109,325.7,1.2,1.1,2012-03-24,0701,Aqua,MODIS,66,6.2,302.7,17.7,D,0
21.57,92.4784,357,1.2,1.1,2012-03-24,0701,Aqua,MODIS,98,6.2,307,87,D,0
21.5988,92.4557,318.5,1.2,1.1,2012-03-24,0701,Aqua,MODIS,62,6.2,305.5,10.7,D,0
21.498,92.3404,338.3,1.2,1.1,2012-03-24,0701,Aqua,MODIS,88,6.2,303.6,41.3,D,0
21.5756,92.5132,334.1,1.2,1.1,2012-03-24,0701,Aqua,MODIS,84,6.2,303.9,31.4,D,0
21.4337,92.3939,363.1,1.2,1.1,2012-03-24,0701,Aqua,MODIS,100,6.2,302.5,113,D,0
21.4319,92.3828,323.7,1.2,1.1,2012-03-24,0701,Aqua,MODIS,74,6.2,302.9,17.7,D,0
21.4512,92.379,318.6,1.2,1.1,2012-03-24,0701,Aqua,MODIS,40,6.2,302.5,11.2,D,0
21.5582,92.528,335,1.2,1.1,2012-03-24,0701,Aqua,MODIS,85,6.2,304.3,33.7,D,0
21.6103,92.4652,329.1,1.2,1.1,2012-03-24,0701,Aqua,MODIS,80,6.2,305.2,24.2,D,0
21.6084,92.4538,327.2,1.2,1.1,2012-03-24,0701,Aqua,MODIS,78,6.2,306.8,21.2,D,0
21.6776,92.4535,341.4,1.2,1.1,2012-03-24,0701,Aqua,MODIS,90,6.2,303.7,48.1,D,0
21.5826,92.2956,344.6,1.2,1.1,2012-03-24,0701,Aqua,MODIS,92,6.2,300.6,56.8,D,0
21.5929,92.4978,371.6,1.2,1.1,2012-03-24,0701,Aqua,MODIS,100,6.2,306.1,142.1,D,0
21.5778,92.4652,320.1,1.2,1.1,2012-03-24,0701,Aqua,MODIS,67,6.2,305.7,10.1,D,0
21.4479,92.2965,316.9,1.2,1.1,2012-03-24,0701,Aqua,MODIS,61,6.2,302.5,9.3,D,0
21.4729,92.3276,326.5,1.2,1.1,2012-03-24,0701,Aqua,MODIS,78,6.2,301.6,22.6,D,0
21.5349,92.3219,330.7,1.2,1.1,2012-03-24,0701,Aqua,MODIS,82,6.2,303.3,26.9,D,0
21.676,92.443,314.1,1.2,1.1,2012-03-24,0701,Aqua,MODIS,29,6.2,302.1,5.5,D,0
23.3192,91.9895,339.6,1.2,1.1,2012-03-24,0702,Aqua,MODIS,88,6.2,306.7,40.6,D,0
23.321,92.0004,335,1.2,1.1,2012-03-24,0702,Aqua,MODIS,85,6.2,304.4,31.8,D,0
23.3077,91.9797,363.1,1.2,1.1,2012-03-24,0702,Aqua,MODIS,100,6.2,309.6,106.7,D,0
23.3096,91.9913,338,1.2,1.1,2012-03-24,0702,Aqua,MODIS,87,6.2,306.3,37.7,D,0
23.3114,92.0023,333.6,1.2,1.1,2012-03-24,0702,Aqua,MODIS,84,6.2,304.2,30.1,D,0
23.2961,91.9699,336.3,1.2,1.1,2012-03-24,0702,Aqua,MODIS,86,6.2,308,31.6,D,0
23.2981,91.9816,336.6,1.2,1.1,2012-03-24,0702,Aqua,MODIS,86,6.2,308.4,31.5,D,0
23.3,91.9932,343.2,1.2,1.1,2012-03-24,0702,Aqua,MODIS,91,6.2,305.9,47.3,D,0
23.2865,91.9717,333.3,1.2,1.1,2012-03-24,0702,Aqua,MODIS,84,6.2,307.5,26.3,D,0
23.2884,91.9835,328.1,1.2,1.1,2012-03-24,0702,Aqua,MODIS,73,6.2,308,17.4,D,0
23.2903,91.9951,362,1.2,1.1,2012-03-24,0702,Aqua,MODIS,100,6.2,308.5,102.1,D,0
23.2921,92.0059,361.6,1.2,1.1,2012-03-24,0702,Aqua,MODIS,100,6.2,306.1,101.5,D,0
22.5449,92.4695,325.9,1.1,1.1,2012-03-24,0702,Aqua,MODIS,70,6.2,307.4,15.5,D,0
22.5289,92.37,333,1.2,1.1,2012-03-24,0702,Aqua,MODIS,83,6.2,311.5,24.3,D,0
22.5662,92.4193,317.4,1.2,1.1,2012-03-24,0702,Aqua,MODIS,59,6.2,305.9,7,D,0
22.2947,92.3276,334.8,1.2,1.1,2012-03-24,0702,Aqua,MODIS,85,6.2,306.5,31.7,D,0
22.3428,92.3013,322.2,1.2,1.1,2012-03-24,0702,Aqua,MODIS,69,6.2,307.5,10.8,D,0
22.371,92.3537,334.4,1.2,1.1,2012-03-24,0702,Aqua,MODIS,84,6.2,305.6,30.1,D,0
22.3692,92.3429,348.6,1.2,1.1,2012-03-24,0702,Aqua,MODIS,94,6.2,309,61.2,D,0
21.8793,92.3503,332.5,1.2,1.1,2012-03-24,0702,Aqua,MODIS,83,6.2,301.5,30.8,D,0
22.3788,92.3412,344.7,1.2,1.1,2012-03-24,0702,Aqua,MODIS,92,6.2,307.7,50.9,D,0
22.3771,92.3303,328.7,1.2,1.1,2012-03-24,0702,Aqua,MODIS,79,6.2,307.1,19.2,D,0
22.3753,92.3189,351.9,1.2,1.1,2012-03-24,0702,Aqua,MODIS,96,6.2,310.1,68.6,D,0
22.3734,92.3072,321.2,1.2,1.1,2012-03-24,0702,Aqua,MODIS,66,6.2,309.1,8.6,D,0
23.4735,92.0703,319.5,1.2,1.1,2012-03-24,0702,Aqua,MODIS,65,6.2,302.8,12.9,D,0
23.4753,92.0816,314.6,1.2,1.1,2012-03-24,0702,Aqua,MODIS,44,6.2,302.9,7.4,D,0
23.4402,92.1693,322.9,1.2,1.1,2012-03-24,0702,Aqua,MODIS,57,6.2,306,13.4,D,0
23.4289,92.1603,322.6,1.2,1.1,2012-03-24,0702,Aqua,MODIS,71,6.2,304.8,13.9,D,0
23.4307,92.1712,323.2,1.2,1.1,2012-03-24,0702,Aqua,MODIS,72,6.2,305.5,14.2,D,0
22.2168,92.5449,317.8,1.1,1.1,2012-03-24,0702,Aqua,MODIS,54,6.2,303.1,7.3,D,0
22.2391,92.5625,367.5,1.1,1.1,2012-03-24,0702,Aqua,MODIS,100,6.2,305.8,118.8,D,0
23.3915,92.0514,348.1,1.2,1.1,2012-03-24,0702,Aqua,MODIS,94,6.2,305.5,61.5,D,0
22.2375,92.5522,347.8,1.1,1.1,2012-03-24,0702,Aqua,MODIS,93,6.2,303.8,58,D,0
23.6769,92.2494,337,1.1,1.1,2012-03-24,0702,Aqua,MODIS,87,6.2,308.9,36.6,D,0
23.718,92.1088,325.1,1.2,1.1,2012-03-24,0702,Aqua,MODIS,74,6.2,303.6,18.3,D,0
22.2495,92.4747,320.1,1.2,1.1,2012-03-24,0702,Aqua,MODIS,35,6.2,305.1,9.3,D,0
22.2589,92.4726,416.3,1.2,1.1,2012-03-24,0702,Aqua,MODIS,100,6.2,317.6,437.1,D,0
22.2573,92.4622,331.5,1.2,1.1,2012-03-24,0702,Aqua,MODIS,72,6.2,306.8,23.9,D,0
22.2685,92.4713,334,1.2,1.1,2012-03-24,0702,Aqua,MODIS,84,6.2,300.7,25.7,D,0
22.2893,92.4782,345.1,1.2,1.1,2012-03-24,0702,Aqua,MODIS,92,6.2,303.5,45,D,0
22.2988,92.4765,386.7,1.2,1.1,2012-03-24,0702,Aqua,MODIS,100,6.2,311,208.4,D,0
22.2971,92.4659,371.2,1.2,1.1,2012-03-24,0702,Aqua,MODIS,100,6.2,309.1,131.4,D,0
22.3083,92.4746,353.2,1.2,1.1,2012-03-24,0702,Aqua,MODIS,96,6.2,305.4,69.7,D,0
22.3066,92.4639,373.5,1.2,1.1,2012-03-24,0702,Aqua,MODIS,100,6.2,307.2,141.4,D,0
22.3048,92.4525,388.9,1.2,1.1,2012-03-24,0702,Aqua,MODIS,100,6.2,312.6,223.9,D,0
22.3351,92.4583,328.5,1.2,1.1,2012-03-24,0702,Aqua,MODIS,63,6.2,304.5,18.5,D,0
22.3333,92.4469,345.8,1.2,1.1,2012-03-24,0702,Aqua,MODIS,92,6.2,308.7,51.6,D,0
22.3315,92.4355,326.8,1.2,1.1,2012-03-24,0702,Aqua,MODIS,40,6.2,306.4,15.6,D,0
22.3377,92.4524,335.6,1.2,1.1,2012-03-24,0702,Aqua,MODIS,85,6.2,306.9,31.4,D,0
22.3358,92.4407,325.9,1.2,1.1,2012-03-24,0702,Aqua,MODIS,75,6.2,307.7,15.4,D,0
23.3801,92.0418,317.8,1.2,1.1,2012-03-24,0702,Aqua,MODIS,43,6.2,305.9,6.4,D,0
23.382,92.0533,328.1,1.2,1.1,2012-03-24,0702,Aqua,MODIS,79,6.2,305.4,20.8,D,0
23.3781,92.0477,323.7,1.2,1.1,2012-03-24,0702,Aqua,MODIS,73,6.2,305.9,13.7,D,0
23.39,92.1842,319.1,1.2,1.1,2012-03-24,0702,Aqua,MODIS,42,6.2,305.7,8.6,D,0
23.1052,92.0543,343.8,1.2,1.1,2012-03-24,0702,Aqua,MODIS,91,6.2,310.8,47.6,D,0
23.107,92.0656,378.8,1.2,1.1,2012-03-24,0702,Aqua,MODIS,100,6.2,314.7,173,D,0
23.1089,92.0769,349.4,1.2,1.1,2012-03-24,0702,Aqua,MODIS,94,6.2,308.6,61.6,D,0
23.1008,92.0498,331.4,1.2,1.1,2012-03-24,0702,Aqua,MODIS,81,6.2,309.6,22.3,D,0
23.1026,92.0613,379.6,1.2,1.1,2012-03-24,0702,Aqua,MODIS,100,6.2,313.2,176.8,D,0
23.1044,92.0726,384.2,1.2,1.1,2012-03-24,0702,Aqua,MODIS,100,6.2,312.7,200.2,D,0
23.1062,92.0839,327.8,1.2,1.1,2012-03-24,0702,Aqua,MODIS,72,6.2,307.4,15.7,D,0
23.0966,92.0858,357.2,1.2,1.1,2012-03-24,0702,Aqua,MODIS,98,6.2,311,83.3,D,0
23.0984,92.0969,350.5,1.2,1.1,2012-03-24,0702,Aqua,MODIS,95,6.2,308.6,63.7,D,0
23.0792,92.1007,347.5,1.2,1.1,2012-03-24,0702,Aqua,MODIS,93,6.2,309.2,56.4,D,0
23.081,92.1119,320.7,1.2,1.1,2012-03-24,0702,Aqua,MODIS,59,6.2,307.5,7.5,D,0
22.9837,92.0777,321.6,1.2,1.1,2012-03-24,0702,Aqua,MODIS,68,6.2,306.3,11,D,0
22.9855,92.0892,318.6,1.2,1.1,2012-03-24,0702,Aqua,MODIS,61,6.2,306.4,7.1,D,0
23.2788,91.9852,327.5,1.2,1.1,2012-03-24,0702,Aqua,MODIS,78,6.2,309.7,18.2,D,0
23.2763,91.9924,366.6,1.2,1.1,2012-03-24,0702,Aqua,MODIS,100,6.2,310.9,117.9,D,0
23.2781,92.0036,380.4,1.2,1.1,2012-03-24,0702,Aqua,MODIS,100,6.2,309,181.8,D,0
23.2533,91.9729,329.9,1.2,1.1,2012-03-24,0702,Aqua,MODIS,70,6.2,308.4,19.8,D,0
23.2571,91.9961,336,1.2,1.1,2012-03-24,0702,Aqua,MODIS,86,6.2,307.7,30.2,D,0
23.2589,92.0074,331.8,1.2,1.1,2012-03-24,0702,Aqua,MODIS,63,6.2,306.3,22.5,D,0
23.2456,91.9863,371.2,1.2,1.1,2012-03-24,0702,Aqua,MODIS,100,6.2,313.3,136.6,D,0
23.2474,91.998,377.7,1.2,1.1,2012-03-24,0702,Aqua,MODIS,100,6.2,310.4,167.5,D,0
23.2493,92.0093,335.6,1.2,1.1,2012-03-24,0702,Aqua,MODIS,84,6.2,307.5,29.7,D,0
23.2359,91.9881,323.8,1.2,1.1,2012-03-24,0702,Aqua,MODIS,70,6.2,309.5,11,D,0
23.2378,91.9997,327.5,1.2,1.1,2012-03-24,0702,Aqua,MODIS,78,6.2,309.2,16.7,D,0
23.207,91.9937,323.2,1.2,1.1,2012-03-24,0702,Aqua,MODIS,72,6.2,309.1,11.1,D,0
23.1514,92.0335,329.5,1.2,1.1,2012-03-24,0702,Aqua,MODIS,80,6.2,308.5,20.6,D,0
23.1533,92.045,340.7,1.2,1.1,2012-03-24,0702,Aqua,MODIS,89,6.2,306.9,42.2,D,0
23.1418,92.0354,344.8,1.2,1.1,2012-03-24,0702,Aqua,MODIS,92,6.2,309.2,50.5,D,0
23.1436,92.0468,341.4,1.2,1.1,2012-03-24,0702,Aqua,MODIS,90,6.2,305.8,42.9,D,0
23.1322,92.0372,355.9,1.2,1.1,2012-03-24,0702,Aqua,MODIS,98,6.2,310,80.5,D,0
23.134,92.0487,356.1,1.2,1.1,2012-03-24,0702,Aqua,MODIS,98,6.2,308.2,81.2,D,0
23.1359,92.0601,354.7,1.2,1.1,2012-03-24,0702,Aqua,MODIS,97,6.2,308.3,76.5,D,0
23.1377,92.0713,370.3,1.2,1.1,2012-03-24,0702,Aqua,MODIS,100,6.2,309.4,133.6,D,0
23.1167,92.0638,330.8,1.2,1.1,2012-03-24,0702,Aqua,MODIS,81,6.2,308.9,21.3,D,0
23.1185,92.075,384.3,1.2,1.1,2012-03-24,0702,Aqua,MODIS,100,6.2,311.7,202.7,D,0
21.9721,92.4774,315.9,1.2,1.1,2012-03-24,0702,Aqua,MODIS,39,6.2,303.3,5.1,D,0
21.9679,92.4717,328.5,1.2,1.1,2012-03-24,0702,Aqua,MODIS,78,6.2,305.5,19.5,D,0
21.9583,92.4732,335.2,1.2,1.1,2012-03-24,0702,Aqua,MODIS,85,6.2,307.4,30.7,D,0
21.9128,92.4355,336.5,1.2,1.1,2012-03-24,0702,Aqua,MODIS,86,6.2,305.2,35.1,D,0
21.9147,92.4469,347.2,1.2,1.1,2012-03-24,0702,Aqua,MODIS,93,6.2,301.5,58.6,D,0
21.9032,92.4373,319.6,1.2,1.1,2012-03-24,0702,Aqua,MODIS,35,6.2,305.4,9.7,D,0
21.9051,92.4485,322.3,1.2,1.1,2012-03-24,0702,Aqua,MODIS,70,6.2,295.8,12.9,D,0
22.9593,91.9884,326.5,1.2,1.1,2012-03-24,0702,Aqua,MODIS,76,6.2,307.1,17.1,D,0
22.9537,91.9539,332.5,1.2,1.1,2012-03-24,0702,Aqua,MODIS,83,6.2,307.2,24.3,D,0
22.9518,91.9422,324.2,1.2,1.1,2012-03-24,0702,Aqua,MODIS,52,6.2,308.5,10.9,D,0
22.9672,91.9757,336.7,1.2,1.1,2012-03-24,0702,Aqua,MODIS,86,6.2,306.8,33.4,D,0
21.9518,92.5559,321.1,1.2,1.1,2012-03-24,0702,Aqua,MODIS,63,6.2,307.9,10.7,D,0
21.8558,92.3502,327.5,1.2,1.1,2012-03-24,0702,Aqua,MODIS,78,6.2,300.1,22,D,0
22.9653,91.9638,358,1.2,1.1,2012-03-24,0702,Aqua,MODIS,99,6.2,308.9,87.8,D,0
22.9634,91.952,343.5,1.2,1.1,2012-03-24,0702,Aqua,MODIS,91,6.2,309.5,46.6,D,0
22.975,91.962,347.6,1.2,1.1,2012-03-24,0702,Aqua,MODIS,93,6.2,306.8,57.3,D,0
22.9731,91.9502,355.1,1.2,1.1,2012-03-24,0702,Aqua,MODIS,97,6.2,309.8,79.5,D,0
22.9712,91.9385,323.8,1.2,1.1,2012-03-24,0702,Aqua,MODIS,54,6.2,308.6,11.2,D,0
22.1681,92.5701,320.9,1.1,1.1,2012-03-24,0702,Aqua,MODIS,43,6.2,304.7,10.5,D,0
22.1665,92.5599,335.7,1.1,1.1,2012-03-24,0702,Aqua,MODIS,85,6.2,304.9,33.4,D,0
22.1711,92.5644,332.3,1.1,1.1,2012-03-24,0702,Aqua,MODIS,82,6.2,305.4,27.8,D,0
22.1694,92.5542,323.3,1.1,1.1,2012-03-24,0702,Aqua,MODIS,71,6.2,304.5,14.5,D,0
23.0109,91.9252,320.1,1.2,1.1,2012-03-24,0702,Aqua,MODIS,66,6.2,308.7,8.2,D,0
23.4284,92.2174,335.5,1.2,1.1,2012-03-24,0702,Aqua,MODIS,85,6.2,307.1,33.3,D,0
23.4302,92.2286,317.3,1.1,1.1,2012-03-24,0702,Aqua,MODIS,50,6.2,304.8,6.7,D,0
23.4189,92.2193,315.9,1.2,1.1,2012-03-24,0702,Aqua,MODIS,25,6.2,305.3,5.7,D,0
23.4012,92.1935,356.8,1.2,1.1,2012-03-24,0702,Aqua,MODIS,98,6.2,306.1,84.6,D,0
23.403,92.2048,318.9,1.2,1.1,2012-03-24,0702,Aqua,MODIS,43,6.2,304.4,8.3,D,0
23.3917,92.1953,369,1.2,1.1,2012-03-24,0702,Aqua,MODIS,100,6.2,309.8,127.7,D,0
23.3935,92.2064,337.7,1.2,1.1,2012-03-24,0702,Aqua,MODIS,87,6.2,306.9,36.6,D,0
23.3947,92.2754,334.1,1.1,1.1,2012-03-24,0702,Aqua,MODIS,84,6.2,312.7,26.3,D,0
23.3981,92.2973,339.7,1.1,1.1,2012-03-24,0702,Aqua,MODIS,88,6.2,303,39.6,D,0
23.3999,92.3081,351.2,1.1,1.1,2012-03-24,0702,Aqua,MODIS,95,6.2,302.5,66.6,D,0
23.3745,92.2101,332.3,1.2,1.1,2012-03-24,0702,Aqua,MODIS,82,6.2,305.2,26.8,D,0
23.009,91.9135,324.4,1.2,1.1,2012-03-24,0702,Aqua,MODIS,74,6.2,307.9,14.3,D,0
23.1193,91.8976,330.6,1.2,1.1,2012-03-24,0702,Aqua,MODIS,81,6.2,309,23.1,D,0
23.1174,91.886,325.6,1.2,1.1,2012-03-24,0702,Aqua,MODIS,75,6.2,309.2,15,D,0
23.1715,91.9115,323.7,1.2,1.1,2012-03-24,0702,Aqua,MODIS,57,6.2,307.5,11.1,D,0
23.1697,91.8998,336,1.2,1.1,2012-03-24,0702,Aqua,MODIS,86,6.2,308.2,32.4,D,0
23.1678,91.8882,322.6,1.2,1.1,2012-03-24,0702,Aqua,MODIS,20,6.2,309,9.6,D,0
23.1726,91.9057,332.9,1.2,1.1,2012-03-24,0702,Aqua,MODIS,83,6.2,307.8,25.2,D,0
23.1707,91.8941,330.3,1.2,1.1,2012-03-24,0702,Aqua,MODIS,81,6.2,308.6,21.1,D,0
23.1901,91.8904,331.2,1.2,1.1,2012-03-24,0702,Aqua,MODIS,81,6.2,306.8,21.1,D,0
22.6684,92.4159,325.4,1.2,1.1,2012-03-24,0702,Aqua,MODIS,75,6.2,307.1,16.1,D,0
23.3834,92.2658,340.1,1.1,1.1,2012-03-24,0702,Aqua,MODIS,89,6.2,312.1,35.7,D,0
23.3852,92.277,382.5,1.1,1.1,2012-03-24,0702,Aqua,MODIS,100,6.2,316.8,181.8,D,0
23.387,92.2885,377.8,1.1,1.1,2012-03-24,0702,Aqua,MODIS,100,6.2,307.5,158.4,D,0
23.3887,92.2992,393.8,1.1,1.1,2012-03-24,0702,Aqua,MODIS,100,6.2,311.1,250.2,D,0
23.3904,92.3098,433.7,1.1,1.1,2012-03-24,0702,Aqua,MODIS,100,6.2,319.7,621.2,D,0
23.3921,92.3207,352,1.1,1.1,2012-03-24,0702,Aqua,MODIS,96,6.2,302,67.4,D,0
23.3739,92.2676,333.5,1.1,1.1,2012-03-24,0702,Aqua,MODIS,80,6.2,311.4,25.5,D,0
23.1882,91.8788,360,1.2,1.1,2012-03-24,0702,Aqua,MODIS,99,6.2,308.9,94.7,D,0
23.3756,92.2785,379,1.1,1.1,2012-03-24,0702,Aqua,MODIS,100,6.2,318,166.5,D,0
22.2486,92.5606,328.1,1.1,1.1,2012-03-24,0702,Aqua,MODIS,57,6.2,304.1,19.3,D,0
22.2581,92.5588,321.6,1.1,1.1,2012-03-24,0702,Aqua,MODIS,43,6.2,303.4,12.1,D,0
22.2566,92.5188,335.4,1.2,1.1,2012-03-24,0702,Aqua,MODIS,66,6.2,304.4,30.9,D,0
22.2607,92.4832,368.9,1.2,1.1,2012-03-24,0702,Aqua,MODIS,100,6.2,304.1,123.5,D,0
22.272,92.4925,332.9,1.2,1.1,2012-03-24,0702,Aqua,MODIS,73,6.2,302.8,23,D,0
23.3775,92.2899,345.3,1.1,1.1,2012-03-24,0702,Aqua,MODIS,92,6.2,308.1,48.6,D,0
23.3792,92.3011,356,1.1,1.1,2012-03-24,0702,Aqua,MODIS,98,6.2,307.1,77.6,D,0
23.381,92.3118,374,1.1,1.1,2012-03-24,0702,Aqua,MODIS,100,6.2,307.9,144.3,D,0
23.3662,92.2805,324.7,1.1,1.1,2012-03-24,0702,Aqua,MODIS,73,6.2,309,16,D,0
23.3072,92.3096,320.3,1.1,1.1,2012-03-24,0702,Aqua,MODIS,63,6.2,305.4,11.6,D,0
23.2977,92.3114,355.3,1.1,1.1,2012-03-24,0702,Aqua,MODIS,97,6.2,309.1,79,D,0
23.2995,92.3227,378.9,1.1,1.1,2012-03-24,0702,Aqua,MODIS,100,6.2,307.6,169,D,0
23.1863,91.8672,337.2,1.2,1.1,2012-03-24,0702,Aqua,MODIS,87,6.2,307.8,32.8,D,0
23.1979,91.8771,324,1.2,1.1,2012-03-24,0702,Aqua,MODIS,38,6.2,305.9,10.5,D,0
23.2154,91.8619,336.8,1.2,1.1,2012-03-24,0702,Aqua,MODIS,80,6.2,307.3,30.5,D,0
23.227,91.8714,326.7,1.2,1.1,2012-03-24,0702,Aqua,MODIS,44,6.2,306.2,14.5,D,0
23.2251,91.8599,327.5,1.2,1.1,2012-03-24,0702,Aqua,MODIS,35,6.2,308.1,15.1,D,0
23.2366,91.8694,333.6,1.2,1.1,2012-03-24,0702,Aqua,MODIS,83,6.2,307.2,26.6,D,0
23.2542,91.8541,328,1.2,1.1,2012-03-24,0702,Aqua,MODIS,78,6.2,307.8,16.9,D,0
23.2523,91.8425,331,1.2,1.1,2012-03-24,0702,Aqua,MODIS,82,6.2,310.3,22.1,D,0
23.256,91.8472,331.4,1.2,1.1,2012-03-24,0702,Aqua,MODIS,82,6.2,309.4,23.3,D,0
21.7999,92.5553,346.7,1.2,1.1,2012-03-24,0702,Aqua,MODIS,93,6.2,309,57.4,D,0
21.8017,92.5663,377.1,1.2,1.1,2012-03-24,0702,Aqua,MODIS,100,6.2,308.4,165.1,D,0
21.7974,92.5613,409.2,1.2,1.1,2012-03-24,0702,Aqua,MODIS,100,6.2,314.8,375.5,D,0
22.4113,92.2117,328.5,1.2,1.1,2012-03-24,0702,Aqua,MODIS,78,6.2,306.6,19.7,D,0
21.7992,92.5724,364.9,1.2,1.1,2012-03-24,0702,Aqua,MODIS,100,6.2,304.7,110.5,D,0
22.2851,92.5133,352.7,1.2,1.1,2012-03-24,0702,Aqua,MODIS,96,6.2,304,71.1,D,0
22.2833,92.5019,344.1,1.2,1.1,2012-03-24,0702,Aqua,MODIS,91,6.2,303.6,47.9,D,0
22.3005,92.4871,345.2,1.2,1.1,2012-03-24,0702,Aqua,MODIS,92,6.2,304.1,49,D,0
22.3153,92.5188,320.7,1.1,1.1,2012-03-24,0702,Aqua,MODIS,41,6.2,303,11.3,D,0
22.3135,92.5076,340.5,1.2,1.1,2012-03-24,0702,Aqua,MODIS,89,6.2,304.1,43.1,D,0
22.31,92.4853,332,1.2,1.1,2012-03-24,0702,Aqua,MODIS,82,6.2,302.2,25.8,D,0
22.3657,92.5042,334.1,1.1,1.1,2012-03-24,0702,Aqua,MODIS,84,6.2,302.3,29.7,D,0
22.3639,92.4929,382.3,1.2,1.1,2012-03-24,0702,Aqua,MODIS,100,6.2,307.7,187.9,D,0
22.3621,92.4817,360.7,1.2,1.1,2012-03-24,0702,Aqua,MODIS,100,6.2,307,96.1,D,0
22.3804,92.5346,364.1,1.1,1.1,2012-03-24,0702,Aqua,MODIS,100,6.2,305.8,105.4,D,0
22.3787,92.5243,342.1,1.1,1.1,2012-03-24,0702,Aqua,MODIS,90,6.2,305,44,D,0
22.3733,92.4909,317.7,1.2,1.1,2012-03-24,0702,Aqua,MODIS,53,6.2,302.3,6.8,D,0
22.3898,92.5328,366,1.1,1.1,2012-03-24,0702,Aqua,MODIS,100,6.2,301.1,112.4,D,0
22.3882,92.5223,349.9,1.1,1.1,2012-03-24,0702,Aqua,MODIS,95,6.2,305,63,D,0
22.3865,92.512,344,1.1,1.1,2012-03-24,0702,Aqua,MODIS,91,6.2,303.9,48.9,D,0
22.3976,92.5204,322.4,1.1,1.1,2012-03-24,0702,Aqua,MODIS,69,6.2,303.3,13.5,D,0
21.7384,92.3763,364.6,1.2,1.1,2012-03-24,0702,Aqua,MODIS,100,6.2,310.1,114.3,D,0
21.7403,92.3879,343.2,1.2,1.1,2012-03-24,0702,Aqua,MODIS,91,6.2,303.5,50.3,D,0
21.7288,92.3782,327.2,1.2,1.1,2012-03-24,0702,Aqua,MODIS,78,6.2,306.1,19.5,D,0
21.7306,92.3897,335.1,1.2,1.1,2012-03-24,0702,Aqua,MODIS,85,6.2,305.7,33.7,D,0
23.3984,91.8498,328.1,1.2,1.1,2012-03-24,0702,Aqua,MODIS,79,6.2,307,21.1,D,0
22.6644,91.9446,338.5,1.2,1.1,2012-03-24,0702,Aqua,MODIS,88,6.2,306.3,41.6,D,0
22.7786,91.9518,322.4,1.2,1.1,2012-03-24,0702,Aqua,MODIS,70,6.2,306.9,13.3,D,0
23.3927,91.8152,337,1.2,1.1,2012-03-24,0702,Aqua,MODIS,87,6.2,310.1,36.6,D,0
22.4815,92.4638,330.7,1.2,1.1,2012-03-24,0702,Aqua,MODIS,70,6.2,301.3,22.5,D,0
22.4614,92.3996,347.9,1.2,1.1,2012-03-24,0702,Aqua,MODIS,94,6.2,307,56,D,0
22.4632,92.4107,332.1,1.2,1.1,2012-03-24,0702,Aqua,MODIS,64,6.2,306.1,21.4,D,0
22.4666,92.4322,357.3,1.2,1.1,2012-03-24,0702,Aqua,MODIS,98,6.2,305.5,78.2,D,0
22.4684,92.4433,367.3,1.2,1.1,2012-03-24,0702,Aqua,MODIS,100,6.2,303.8,113.5,D,0
22.4519,92.4016,335.6,1.2,1.1,2012-03-24,0702,Aqua,MODIS,79,6.2,305.7,27.3,D,0
22.4554,92.4232,346.2,1.2,1.1,2012-03-24,0702,Aqua,MODIS,84,6.2,304.4,46,D,0
22.4607,92.4563,336,1.2,1.1,2012-03-24,0702,Aqua,MODIS,61,6.2,301.5,26.8,D,0
22.4625,92.4674,348.7,1.2,1.1,2012-03-24,0702,Aqua,MODIS,94,6.2,300.5,57.2,D,0
22.4442,92.4145,338.2,1.2,1.1,2012-03-24,0702,Aqua,MODIS,77,6.2,307.1,29.7,D,0
22.4459,92.4249,377.4,1.2,1.1,2012-03-24,0702,Aqua,MODIS,100,6.2,308.5,156.5,D,0
22.4476,92.4359,378.2,1.2,1.1,2012-03-24,0702,Aqua,MODIS,100,6.2,302,160.3,D,0
22.4494,92.4471,356.2,1.2,1.1,2012-03-24,0702,Aqua,MODIS,98,6.2,296.1,74.9,D,0
22.4512,92.4581,344,1.2,1.1,2012-03-24,0702,Aqua,MODIS,91,6.2,303,44.6,D,0
22.453,92.4691,352.8,1.2,1.1,2012-03-24,0702,Aqua,MODIS,96,6.2,304.1,68.9,D,0
22.4435,92.471,328.4,1.2,1.1,2012-03-24,0702,Aqua,MODIS,65,6.2,303.8,18.9,D,0
21.9639,92.3057,322.5,1.2,1.1,2012-03-24,0702,Aqua,MODIS,56,6.2,304.7,14.5,D,0
23.2232,89.8619,320.7,1.6,1.2,2012-03-24,0702,Aqua,MODIS,55,6.2,305.8,19.8,D,0
22.4506,92.5148,324.1,1.1,1.1,2012-03-24,0702,Aqua,MODIS,73,6.2,305.2,14.2,D,0
22.4489,92.5045,326,1.1,1.1,2012-03-24,0702,Aqua,MODIS,70,6.2,305.6,16.3,D,0
21.8365,92.3534,353.8,1.2,1.1,2012-03-24,0702,Aqua,MODIS,97,6.2,303.5,78.5,D,0
21.8191,92.3689,324.8,1.2,1.1,2012-03-24,0702,Aqua,MODIS,74,6.2,300.5,17.6,D,0
21.821,92.3809,319.8,1.2,1.1,2012-03-24,0702,Aqua,MODIS,56,6.2,293,10.8,D,0
21.8094,92.3702,327.5,1.2,1.1,2012-03-24,0702,Aqua,MODIS,64,6.2,302.3,20.9,D,0
21.7861,92.4095,321.1,1.2,1.1,2012-03-24,0702,Aqua,MODIS,63,6.2,302.8,12.2,D,0
21.7746,92.3999,336.7,1.2,1.1,2012-03-24,0702,Aqua,MODIS,86,6.2,305.5,36.4,D,0
21.7765,92.4115,384,1.2,1.1,2012-03-24,0702,Aqua,MODIS,100,6.2,308.7,205.3,D,0
21.7729,92.4062,380.2,1.2,1.1,2012-03-24,0702,Aqua,MODIS,100,6.2,308.1,184.5,D,0
21.7746,92.4169,360.1,1.2,1.1,2012-03-24,0702,Aqua,MODIS,100,6.2,305.2,97.7,D,0
22.8404,91.58,321.9,1.3,1.1,2012-03-24,0702,Aqua,MODIS,61,6.2,310.3,11.6,D,0
21.7879,92.5633,327.7,1.2,1.1,2012-03-24,0702,Aqua,MODIS,78,6.2,307.8,19.8,D,0
21.7897,92.5747,348.6,1.2,1.1,2012-03-24,0702,Aqua,MODIS,94,6.2,307.8,62.4,D,0
23.2634,92.3409,327.9,1.1,1.1,2012-03-24,0702,Aqua,MODIS,78,6.2,306.5,19.4,D,0
23.2616,92.3299,323.1,1.1,1.1,2012-03-24,0702,Aqua,MODIS,66,6.2,306.5,12.9,D,0
23.2746,92.3499,321.9,1.1,1.1,2012-03-24,0702,Aqua,MODIS,64,6.2,304.9,11.2,D,0
23.2729,92.339,391.1,1.1,1.1,2012-03-24,0702,Aqua,MODIS,100,6.2,315.4,235.2,D,0
23.2711,92.3282,354.3,1.1,1.1,2012-03-24,0702,Aqua,MODIS,97,6.2,310.9,73.8,D,0
23.2823,92.3372,368.4,1.1,1.1,2012-03-24,0702,Aqua,MODIS,100,6.2,305.8,121.1,D,0
23.2806,92.3264,383,1.1,1.1,2012-03-24,0702,Aqua,MODIS,100,6.2,313.5,188.2,D,0
23.2918,92.3354,333.8,1.1,1.1,2012-03-24,0702,Aqua,MODIS,80,6.2,301.6,28,D,0
23.29,92.3244,365.9,1.1,1.1,2012-03-24,0702,Aqua,MODIS,100,6.2,308,112.8,D,0
22.4296,92.3247,340.9,1.2,1.1,2012-03-24,0702,Aqua,MODIS,89,6.2,308.2,42,D,0
22.4314,92.3355,328,1.2,1.1,2012-03-24,0702,Aqua,MODIS,77,6.2,306.5,18.8,D,0
22.4332,92.3467,326.2,1.2,1.1,2012-03-24,0702,Aqua,MODIS,70,6.2,305.7,16.3,D,0
22.4386,92.3802,344.3,1.2,1.1,2012-03-24,0702,Aqua,MODIS,91,6.2,307.9,48,D,0
22.4405,92.3917,338.2,1.2,1.1,2012-03-24,0702,Aqua,MODIS,87,6.2,305.9,33.6,D,0
22.4201,92.3269,325.6,1.2,1.1,2012-03-24,0702,Aqua,MODIS,75,6.2,307.9,15.8,D,0
22.4218,92.3375,319.2,1.2,1.1,2012-03-24,0702,Aqua,MODIS,57,6.2,305.7,7.6,D,0
22.4381,92.4377,381.2,1.2,1.1,2012-03-24,0702,Aqua,MODIS,100,6.2,308.3,177,D,0
22.4399,92.4488,360.7,1.2,1.1,2012-03-24,0702,Aqua,MODIS,100,6.2,305.3,91.3,D,0
22.4159,92.3615,348,1.2,1.1,2012-03-24,0702,Aqua,MODIS,94,6.2,307,59.2,D,0
22.4177,92.3726,333.2,1.2,1.1,2012-03-24,0702,Aqua,MODIS,83,6.2,305.2,27.2,D,0
22.4022,92.302,326.4,1.2,1.1,2012-03-24,0702,Aqua,MODIS,76,6.2,309,16.3,D,0
22.411,92.3576,337.2,1.2,1.1,2012-03-24,0702,Aqua,MODIS,86,6.2,305.5,34.2,D,0
22.4128,92.3687,359.3,1.2,1.1,2012-03-24,0702,Aqua,MODIS,99,6.2,306.7,92.3,D,0
22.406,92.4504,327.4,1.2,1.1,2012-03-24,0702,Aqua,MODIS,70,6.2,308.8,15.1,D,0
22.4078,92.4615,387.8,1.2,1.1,2012-03-24,0702,Aqua,MODIS,100,6.2,312.3,217.1,D,0
22.3983,92.4632,389.1,1.2,1.1,2012-03-24,0702,Aqua,MODIS,100,6.2,310.7,224.7,D,0
22.4001,92.4746,333.8,1.2,1.1,2012-03-24,0702,Aqua,MODIS,78,6.2,303.5,27.3,D,0
21.9889,92.5203,351.8,1.2,1.1,2012-03-24,0702,Aqua,MODIS,96,6.2,308.4,70,D,0
21.987,92.5088,320.8,1.2,1.1,2012-03-24,0702,Aqua,MODIS,44,6.2,305.9,9.8,D,0
21.9983,92.518,356.3,1.2,1.1,2012-03-24,0702,Aqua,MODIS,98,6.2,310,82.4,D,0
22.0173,92.5143,335.3,1.2,1.1,2012-03-24,0702,Aqua,MODIS,85,6.2,308.6,30.9,D,0
23.8004,89.9829,322.8,1.5,1.2,2012-03-24,0702,Aqua,MODIS,70,6.2,308.9,18.3,D,0
23.7978,89.9682,328.8,1.5,1.2,2012-03-24,0702,Aqua,MODIS,79,6.2,311.2,31.3,D,0
22.0898,92.4478,352.7,1.2,1.1,2012-03-24,0702,Aqua,MODIS,96,6.2,308.9,70.4,D,0
22.0917,92.4594,365.6,1.2,1.1,2012-03-24,0702,Aqua,MODIS,100,6.2,306.6,113.8,D,0
22.0103,92.2854,320.1,1.2,1.1,2012-03-24,0702,Aqua,MODIS,62,6.2,306.1,10.8,D,0
22.0784,92.4383,324.1,1.2,1.1,2012-03-24,0702,Aqua,MODIS,72,6.2,308.5,12.2,D,0
22.0803,92.4498,358.2,1.2,1.1,2012-03-24,0702,Aqua,MODIS,99,6.2,311.7,87,D,0
22.0821,92.4613,368.6,1.2,1.1,2012-03-24,0702,Aqua,MODIS,100,6.2,312.5,123.7,D,0
22.084,92.4728,405.3,1.2,1.1,2012-03-24,0702,Aqua,MODIS,100,6.2,314.4,342.3,D,0
22.0858,92.484,328.3,1.2,1.1,2012-03-24,0702,Aqua,MODIS,69,6.2,305.5,19.9,D,0
22.0745,92.4748,362.6,1.2,1.1,2012-03-24,0702,Aqua,MODIS,100,6.2,310.7,101.6,D,0
22.0763,92.4861,425.1,1.2,1.1,2012-03-24,0702,Aqua,MODIS,100,6.2,316.8,533.5,D,0
22.0781,92.4973,347,1.2,1.1,2012-03-24,0702,Aqua,MODIS,93,6.2,307.9,56.8,D,0
22.0667,92.4877,321.2,1.2,1.1,2012-03-24,0702,Aqua,MODIS,44,6.2,308.1,10.2,D,0
22.0504,92.4751,331.2,1.2,1.1,2012-03-24,0702,Aqua,MODIS,81,6.2,306.7,21.8,D,0
22.0371,92.4534,324.3,1.2,1.1,2012-03-24,0702,Aqua,MODIS,73,6.2,309.1,13,D,0
22.046,92.5093,353.8,1.2,1.1,2012-03-24,0702,Aqua,MODIS,97,6.2,307.4,73.6,D,0
22.0479,92.5211,356.9,1.2,1.1,2012-03-24,0702,Aqua,MODIS,98,6.2,305.7,84,D,0
22.0495,92.5315,331.5,1.2,1.1,2012-03-24,0702,Aqua,MODIS,81,6.2,303.2,26.3,D,0
22.0365,92.511,357.5,1.2,1.1,2012-03-24,0702,Aqua,MODIS,98,6.2,309.2,84.3,D,0
22.0383,92.5228,359.3,1.2,1.1,2012-03-24,0702,Aqua,MODIS,99,6.2,306.4,91.4,D,0
22.0251,92.5013,338.7,1.2,1.1,2012-03-24,0702,Aqua,MODIS,88,6.2,306.8,37.2,D,0
22.0269,92.5128,339.9,1.2,1.1,2012-03-24,0702,Aqua,MODIS,88,6.2,308.7,40.2,D,0
22.0288,92.5242,321.8,1.2,1.1,2012-03-24,0702,Aqua,MODIS,56,6.2,306.1,11.1,D,0
22.1617,92.3244,319.7,1.2,1.1,2012-03-24,0702,Aqua,MODIS,64,6.2,307.8,7.3,D,0
22.1599,92.3134,318.2,1.2,1.1,2012-03-24,0702,Aqua,MODIS,60,6.2,306.4,5.5,D,0
23.2807,91.9968,376.9,1.2,1.1,2012-03-24,0702,Aqua,MODIS,100,6.2,311.8,167,D,0
23.2825,92.0078,347.5,1.2,1.1,2012-03-24,0702,Aqua,MODIS,93,6.2,305.1,58.1,D,0
22.4131,92.2231,323.9,1.2,1.1,2012-03-24,0702,Aqua,MODIS,72,6.2,305.2,13.5,D,0
21.9698,92.4837,366.3,1.2,1.1,2012-03-24,0702,Aqua,MODIS,100,6.2,303.8,117.8,D,0
21.9716,92.4952,321.7,1.2,1.1,2012-03-24,0702,Aqua,MODIS,50,6.2,303.8,11,D,0
21.9602,92.4851,367.7,1.2,1.1,2012-03-24,0702,Aqua,MODIS,100,6.2,308.6,122.2,D,0
22.5174,92.36,332.9,1.2,1.1,2012-03-24,0702,Aqua,MODIS,73,6.2,311.6,21.8,D,0
22.527,92.3583,328.5,1.2,1.1,2012-03-24,0702,Aqua,MODIS,77,6.2,311.8,16.5,D,0
22.5365,92.3566,353.7,1.2,1.1,2012-03-24,0702,Aqua,MODIS,97,6.2,313,71.6,D,0
22.8813,92.3241,317.7,1.2,1.1,2012-03-24,0702,Aqua,MODIS,58,6.2,307.2,6.6,D,0
22.5005,92.4601,331.9,1.2,1.1,2012-03-24,0702,Aqua,MODIS,79,6.2,303.6,24.2,D,0
22.4987,92.4489,365.7,1.2,1.1,2012-03-24,0702,Aqua,MODIS,100,6.2,307.6,110.2,D,0
22.5065,92.4361,381.9,1.2,1.1,2012-03-24,0702,Aqua,MODIS,100,6.2,309.1,184.1,D,0
22.5047,92.425,345.1,1.2,1.1,2012-03-24,0702,Aqua,MODIS,92,6.2,307,49.1,D,0
22.5012,92.403,343.5,1.2,1.1,2012-03-24,0702,Aqua,MODIS,91,6.2,309.8,44.6,D,0
22.5125,92.412,326.2,1.2,1.1,2012-03-24,0702,Aqua,MODIS,75,6.2,304.4,15.2,D,0
22.5107,92.4011,395.6,1.2,1.1,2012-03-24,0702,Aqua,MODIS,100,6.2,313.9,266.9,D,0
22.5091,92.3908,347,1.2,1.1,2012-03-24,0702,Aqua,MODIS,93,6.2,309.5,52.9,D,0
22.5151,92.406,348.2,1.2,1.1,2012-03-24,0702,Aqua,MODIS,94,6.2,305.1,57.9,D,0
22.5133,92.3954,349.6,1.2,1.1,2012-03-24,0702,Aqua,MODIS,95,6.2,310.9,60.7,D,0
22.5193,92.3717,342.4,1.2,1.1,2012-03-24,0702,Aqua,MODIS,90,6.2,310.8,41.2,D,0
22.5484,92.4913,323.4,1.1,1.1,2012-03-24,0702,Aqua,MODIS,64,6.2,302.7,12.7,D,0
22.5467,92.4806,389.6,1.1,1.1,2012-03-24,0702,Aqua,MODIS,100,6.2,310.8,228,D,0
22.1458,92.4091,320.3,1.2,1.1,2012-03-24,0702,Aqua,MODIS,65,6.2,307.2,8.5,D,0
22.134,92.4167,344.8,1.2,1.1,2012-03-24,0702,Aqua,MODIS,92,6.2,308.4,47.9,D,0
22.1357,92.4274,401,1.2,1.1,2012-03-24,0702,Aqua,MODIS,100,6.2,313,308.3,D,0
22.1375,92.4386,357.1,1.2,1.1,2012-03-24,0702,Aqua,MODIS,98,6.2,305.5,83.7,D,0
22.1261,92.4289,369.9,1.2,1.1,2012-03-24,0702,Aqua,MODIS,100,6.2,311.2,130,D,0
22.1279,92.4401,328.5,1.2,1.1,2012-03-24,0702,Aqua,MODIS,66,6.2,307.7,19.4,D,0
23.4376,92.0308,318.2,1.2,1.1,2012-03-24,0702,Aqua,MODIS,62,6.2,304.8,10,D,0
23.3959,91.9569,363.1,1.2,1.1,2012-03-24,0702,Aqua,MODIS,100,6.2,308.3,106.1,D,0
23.3978,91.9684,344.8,1.2,1.1,2012-03-24,0702,Aqua,MODIS,92,6.2,307.5,51,D,0
23.3844,91.9472,337.8,1.2,1.1,2012-03-24,0702,Aqua,MODIS,87,6.2,307.8,35,D,0
23.3863,91.9587,393.7,1.2,1.1,2012-03-24,0702,Aqua,MODIS,100,6.2,310.7,263.3,D,0
23.3882,91.9703,324.6,1.2,1.1,2012-03-24,0702,Aqua,MODIS,60,6.2,307.8,13.2,D,0
23.3689,91.974,330.8,1.2,1.1,2012-03-24,0702,Aqua,MODIS,59,6.2,307.1,20.5,D,0
23.3654,91.9684,336.3,1.2,1.1,2012-03-24,0702,Aqua,MODIS,86,6.2,307,33.4,D,0
23.3402,91.9968,319.7,1.2,1.1,2012-03-24,0702,Aqua,MODIS,66,6.2,305.6,9,D,0
25.4795,89.6653,317.5,1.2,1.1,2012-03-25,0435,Terra,MODIS,0,6.2,304.6,11.9,D,0
23.6289,88.5887,318.6,1.3,1.1,2012-03-25,0435,Terra,MODIS,44,6.2,306.3,9.8,D,0
23.24,92.0447,319.8,1,1,2012-03-25,0435,Terra,MODIS,71,6.2,304,7.9,D,0
22.0601,92.5295,337.3,1,1,2012-03-25,0436,Terra,MODIS,88,6.2,304.6,30.5,D,0
22.3103,92.4625,322.3,1,1,2012-03-25,0436,Terra,MODIS,73,6.2,306.1,10.3,D,0
22.0586,92.5393,368.6,1,1,2012-03-25,0436,Terra,MODIS,100,6.2,307.1,105,D,0
22.0511,92.5278,342.8,1,1,2012-03-25,0436,Terra,MODIS,91,6.2,305.8,39.5,D,0
22.2476,89.2699,314.8,1.2,1.1,2012-03-25,0436,Terra,MODIS,0,6.2,304.3,8.5,D,0
22.0496,92.5377,378.7,1,1,2012-03-25,0436,Terra,MODIS,100,6.2,305.9,142,D,0
21.7235,92.3827,319,2.7,1.6,2012-03-25,0744,Aqua,MODIS,43,6.2,302.3,32.1,D,0
21.7518,92.3793,320,2.7,1.6,2012-03-25,0744,Aqua,MODIS,51,6.2,302,35.8,D,0
21.3845,92.4721,323.2,2.7,1.6,2012-03-25,0744,Aqua,MODIS,71,6.2,302.3,62.6,D,0
21.9789,92.5537,361.8,2.8,1.6,2012-03-25,0744,Aqua,MODIS,100,6.2,303.7,379,D,0
21.8383,92.4985,338.9,2.8,1.6,2012-03-25,0744,Aqua,MODIS,87,6.2,304.2,142.4,D,0
21.8358,92.4724,339.3,2.8,1.6,2012-03-25,0744,Aqua,MODIS,88,6.2,305.5,143.5,D,0
21.9802,92.5478,358.2,2.8,1.6,2012-03-25,0744,Aqua,MODIS,99,6.2,304,332.9,D,0
21.5496,92.3094,317.5,2.7,1.6,2012-03-25,0744,Aqua,MODIS,56,6.2,299.7,33.2,D,0
21.5588,92.2589,333.9,2.7,1.6,2012-03-25,0744,Aqua,MODIS,84,6.2,299.7,104.4,D,0
21.5728,92.2571,349.1,2.7,1.6,2012-03-25,0744,Aqua,MODIS,94,6.2,299.5,211.5,D,0
21.5626,92.2534,354.5,2.7,1.6,2012-03-25,0744,Aqua,MODIS,97,6.2,300.6,262.1,D,0
22.0355,92.5169,318.3,2.8,1.6,2012-03-25,0744,Aqua,MODIS,23,6.2,303.6,27.5,D,0
22.0498,92.5141,322.9,2.8,1.6,2012-03-25,0744,Aqua,MODIS,69,6.2,303.9,48.1,D,0
21.9658,92.5499,315.9,2.8,1.6,2012-03-25,0744,Aqua,MODIS,27,6.2,301.7,27.4,D,0
21.5766,92.2516,321.6,2.7,1.6,2012-03-25,0744,Aqua,MODIS,67,6.2,299.4,45.4,D,0
21.9763,92.5275,316.9,2.8,1.6,2012-03-25,0744,Aqua,MODIS,43,6.2,300.8,26.2,D,0
21.6921,92.2048,317.1,2.6,1.6,2012-03-25,0744,Aqua,MODIS,51,6.2,298.5,29.9,D,0
21.5563,92.2336,325.6,2.6,1.6,2012-03-25,0744,Aqua,MODIS,74,6.2,300,62.8,D,0
21.5703,92.232,335.4,2.6,1.6,2012-03-25,0744,Aqua,MODIS,85,6.2,299.6,113.5,D,0
21.9947,92.5478,346,2.8,1.6,2012-03-25,0744,Aqua,MODIS,92,6.2,303,207.2,D,0
21.9922,92.5206,325.8,2.8,1.6,2012-03-25,0744,Aqua,MODIS,74,6.2,303.7,65,D,0
21.9906,92.5254,333.6,2.8,1.6,2012-03-25,0744,Aqua,MODIS,83,6.2,303.7,110.2,D,0
21.5602,92.2281,325.5,2.6,1.6,2012-03-25,0744,Aqua,MODIS,74,6.2,300,59.7,D,0
21.9934,92.5534,343.2,2.8,1.6,2012-03-25,0744,Aqua,MODIS,91,6.2,302.7,183.4,D,0
22.3771,92.459,358.6,2.8,1.6,2012-03-25,0745,Aqua,MODIS,99,6.2,304.4,329,D,0
22.6945,92.4538,325.9,2.8,1.6,2012-03-25,0745,Aqua,MODIS,69,6.2,303.5,61.9,D,0
22.6897,92.4011,318.5,2.8,1.6,2012-03-25,0745,Aqua,MODIS,17,6.2,304.1,29.5,D,0
22.6883,92.4064,319.9,2.8,1.6,2012-03-25,0745,Aqua,MODIS,51,6.2,304.1,35.7,D,0
22.2622,92.3413,317,2.8,1.6,2012-03-25,0745,Aqua,MODIS,57,6.2,301.4,24.7,D,0
22.5119,92.4327,323.4,2.8,1.6,2012-03-25,0745,Aqua,MODIS,73,6.2,304.3,48.4,D,0
23.1533,92.0484,319.8,2.7,1.6,2012-03-25,0745,Aqua,MODIS,69,6.2,303.4,31,D,0
22.5104,92.4378,325.3,2.8,1.6,2012-03-25,0745,Aqua,MODIS,75,6.2,304.4,55.5,D,0
23.1509,92.0227,321.1,2.7,1.6,2012-03-25,0745,Aqua,MODIS,71,6.2,304,35.6,D,0
23.6541,92.0621,325.9,2.7,1.6,2012-03-25,0745,Aqua,MODIS,49,6.2,299.5,67.3,D,0
22.3628,92.4608,334,2.8,1.6,2012-03-25,0745,Aqua,MODIS,84,6.2,303.2,108,D,0
22.389,92.4304,329.5,2.8,1.6,2012-03-25,0745,Aqua,MODIS,80,6.2,303.2,78.8,D,0
22.3951,92.4497,321.7,2.8,1.6,2012-03-25,0745,Aqua,MODIS,42,6.2,301,40.8,D,0
22.3927,92.423,328.6,2.8,1.6,2012-03-25,0745,Aqua,MODIS,76,6.2,303.4,73.3,D,0
22.056,92.5351,318.7,2.8,1.6,2012-03-25,0745,Aqua,MODIS,33,6.2,303.3,29.9,D,0
23.1016,92.2698,323.9,2.8,1.6,2012-03-25,0745,Aqua,MODIS,75,6.2,301.4,55.3,D,0
23.1097,92.25,315.7,2.8,1.6,2012-03-25,0745,Aqua,MODIS,41,6.2,301.4,21.1,D,0
23.1122,92.2766,321.3,2.8,1.6,2012-03-25,0745,Aqua,MODIS,71,6.2,301.3,43.5,D,0
23.0741,92.335,331,2.8,1.6,2012-03-25,0745,Aqua,MODIS,82,6.2,305,84.4,D,0
22.5957,92.397,321.2,2.8,1.6,2012-03-25,0745,Aqua,MODIS,69,6.2,302.7,45.2,D,0
22.3652,92.4866,327,2.8,1.6,2012-03-25,0745,Aqua,MODIS,64,6.2,298.1,69.5,D,0
22.6922,92.428,321.2,2.8,1.6,2012-03-25,0745,Aqua,MODIS,69,6.2,303.9,42.6,D,0
22.6909,92.433,326.5,2.8,1.6,2012-03-25,0745,Aqua,MODIS,77,6.2,304.1,70.6,D,0
22.6934,92.4592,323.3,2.8,1.6,2012-03-25,0745,Aqua,MODIS,73,6.2,303.3,53,D,0
22.5994,92.3888,319.7,2.8,1.6,2012-03-25,0745,Aqua,MODIS,66,6.2,302.7,39.2,D,0
22.5802,92.5002,329,2.9,1.6,2012-03-25,0745,Aqua,MODIS,80,6.2,301.9,82.1,D,0
23.6131,89.6535,333.6,1.8,1.3,2012-03-25,0745,Aqua,MODIS,83,6.2,310.4,49.5,D,0
23.5212,89.6541,324.5,1.8,1.3,2012-03-25,0745,Aqua,MODIS,72,6.2,308.8,22.1,D,0
23.3732,92.3094,342.2,2.8,1.6,2012-03-25,0745,Aqua,MODIS,91,6.2,301.5,171.7,D,0
23.3706,92.2824,329.9,2.8,1.6,2012-03-25,0745,Aqua,MODIS,81,6.2,302.4,88.7,D,0
23.6649,92.2305,315.5,2.8,1.6,2012-03-25,0745,Aqua,MODIS,55,6.2,300.3,29.4,D,0
23.6685,92.2229,313.3,2.8,1.6,2012-03-25,0745,Aqua,MODIS,31,6.2,300.2,21.6,D,0
23.368,92.2549,320.9,2.8,1.6,2012-03-25,0745,Aqua,MODIS,70,6.2,303,42.1,D,0
23.3745,92.3043,338.8,2.8,1.6,2012-03-25,0745,Aqua,MODIS,88,6.2,301.8,143.6,D,0
23.3721,92.2773,323.4,2.8,1.6,2012-03-25,0745,Aqua,MODIS,72,6.2,302.7,50.9,D,0
22.1964,92.4597,316.6,2.8,1.6,2012-03-25,0745,Aqua,MODIS,54,6.2,303.2,25.9,D,0
22.1988,92.486,326.4,2.8,1.6,2012-03-25,0745,Aqua,MODIS,76,6.2,302.6,71.4,D,0
22.1633,92.5736,326.8,2.9,1.6,2012-03-25,0745,Aqua,MODIS,77,6.2,302.7,72,D,0
23.061,92.041,319.9,2.7,1.6,2012-03-25,0745,Aqua,MODIS,69,6.2,303.7,28.8,D,0
22.2647,92.3674,347.8,2.8,1.6,2012-03-25,0745,Aqua,MODIS,93,6.2,302.3,214,D,0
22.7236,92.4521,348.2,2.8,1.6,2012-03-25,0745,Aqua,MODIS,94,6.2,304.9,216.9,D,0
22.318,92.4699,320.1,2.8,1.6,2012-03-25,0745,Aqua,MODIS,40,6.2,303.6,35.9,D,0
22.3154,92.4428,322,2.8,1.6,2012-03-25,0745,Aqua,MODIS,65,6.2,304,43,D,0
22.305,92.465,327.4,2.8,1.6,2012-03-25,0745,Aqua,MODIS,78,6.2,303.5,71.2,D,0
23.4334,92.0011,316.2,2.7,1.6,2012-03-25,0745,Aqua,MODIS,57,6.2,301,28,D,0
23.3604,91.982,319.5,2.7,1.6,2012-03-25,0745,Aqua,MODIS,48,6.2,301.2,36.5,D,0
23.0599,89.4805,318.2,1.7,1.3,2012-03-25,0745,Aqua,MODIS,55,6.2,304.2,19,D,0
22.3027,92.4394,320.3,2.8,1.6,2012-03-25,0745,Aqua,MODIS,56,6.2,303.2,35.2,D,0
22.9771,91.9497,324.9,2.6,1.6,2012-03-25,0745,Aqua,MODIS,76,6.2,299.2,56.6,D,0
23.4031,92.1381,316.6,2.8,1.6,2012-03-25,0745,Aqua,MODIS,56,6.2,300.2,31.2,D,0
22.4034,92.4291,327.8,2.8,1.6,2012-03-25,0745,Aqua,MODIS,78,6.2,303.2,70.1,D,0
23.3569,91.9873,317.7,2.7,1.6,2012-03-25,0745,Aqua,MODIS,20,6.2,301.3,28.5,D,0
24.376,89.7413,314.7,2.7,1.6,2012-03-26,0518,Terra,MODIS,0,6.2,303.4,31.8,D,0
21.3803,92.4647,335,1.9,1.3,2012-03-26,0649,Aqua,MODIS,85,6.2,301.3,73.5,D,0
21.6785,92.4412,360.3,1.8,1.3,2012-03-26,0649,Aqua,MODIS,100,6.2,303.7,195.4,D,0
21.5586,92.3591,319.4,1.9,1.3,2012-03-26,0649,Aqua,MODIS,63,6.2,300.9,26,D,0
21.5468,92.3624,316.3,1.9,1.3,2012-03-26,0649,Aqua,MODIS,50,6.2,300.4,19.1,D,0
21.4948,92.3793,321,1.9,1.3,2012-03-26,0649,Aqua,MODIS,68,6.2,300,30.1,D,0
22.2514,92.365,318.1,1.8,1.3,2012-03-26,0649,Aqua,MODIS,62,6.2,304.3,16.8,D,0
21.392,92.4619,329.2,1.9,1.3,2012-03-26,0649,Aqua,MODIS,80,6.2,301.4,53.4,D,0
21.8771,92.3445,315.2,1.9,1.3,2012-03-26,0649,Aqua,MODIS,50,6.2,302.2,15.9,D,0
21.389,92.4449,315.1,1.9,1.3,2012-03-26,0649,Aqua,MODIS,44,6.2,300.4,17.8,D,0
21.4214,92.4205,321.3,1.9,1.3,2012-03-26,0649,Aqua,MODIS,69,6.2,299.6,32.1,D,0
21.4181,92.4012,340.9,1.9,1.3,2012-03-26,0649,Aqua,MODIS,89,6.2,300.9,98.8,D,0
21.4269,92.4118,375.4,1.9,1.3,2012-03-26,0649,Aqua,MODIS,100,6.2,302.3,322.8,D,0
21.4235,92.3934,362,1.9,1.3,2012-03-26,0649,Aqua,MODIS,100,6.2,302.1,215.3,D,0
21.5241,92.44,334.3,1.9,1.3,2012-03-26,0649,Aqua,MODIS,84,6.2,300.8,68.9,D,0
21.5286,92.531,393.6,1.8,1.3,2012-03-26,0649,Aqua,MODIS,100,6.2,307.7,506.4,D,0
21.6869,92.4504,348.6,1.8,1.3,2012-03-26,0649,Aqua,MODIS,94,6.2,304,126.7,D,0
21.4844,92.358,348.6,1.9,1.3,2012-03-26,0649,Aqua,MODIS,94,6.2,301.7,133.2,D,0
21.4878,92.3766,348.6,1.9,1.3,2012-03-26,0649,Aqua,MODIS,94,6.2,300.6,132.7,D,0
21.6813,92.4566,351,1.8,1.3,2012-03-26,0649,Aqua,MODIS,95,6.2,303.8,139.7,D,0
22.0385,92.5194,342.8,1.8,1.3,2012-03-26,0649,Aqua,MODIS,91,6.2,306.2,91.5,D,0
22.0413,92.5348,352.2,1.8,1.3,2012-03-26,0649,Aqua,MODIS,96,6.2,306.4,135.8,D,0
21.5158,92.4283,327.6,1.9,1.3,2012-03-26,0649,Aqua,MODIS,77,6.2,300.6,47.3,D,0
21.519,92.4461,324.3,1.9,1.3,2012-03-26,0649,Aqua,MODIS,73,6.2,300.7,37.3,D,0
21.5318,92.5188,325.4,1.8,1.3,2012-03-26,0649,Aqua,MODIS,74,6.2,301.8,37,D,0
21.5209,92.4225,318.4,1.9,1.3,2012-03-26,0649,Aqua,MODIS,60,6.2,300.4,23.9,D,0
21.4831,92.3826,322,1.9,1.3,2012-03-26,0649,Aqua,MODIS,70,6.2,299.5,33,D,0
21.4799,92.3644,353.2,1.9,1.3,2012-03-26,0649,Aqua,MODIS,96,6.2,301,159.4,D,0
21.5346,92.5345,355.3,1.8,1.3,2012-03-26,0649,Aqua,MODIS,97,6.2,304.8,160,D,0
21.5316,92.547,328,1.8,1.3,2012-03-26,0649,Aqua,MODIS,77,6.2,302.8,43.5,D,0
21.5201,92.5213,341.1,1.8,1.3,2012-03-26,0649,Aqua,MODIS,89,6.2,301.8,91.7,D,0
21.5227,92.5364,376.4,1.8,1.3,2012-03-26,0649,Aqua,MODIS,100,6.2,304.4,317.8,D,0
21.3865,92.4994,328.7,1.9,1.3,2012-03-26,0649,Aqua,MODIS,79,6.2,301.1,52.2,D,0
21.3898,92.5174,319.4,1.8,1.3,2012-03-26,0649,Aqua,MODIS,65,6.2,299.9,27.7,D,0
22.2546,92.3823,317,1.8,1.3,2012-03-26,0649,Aqua,MODIS,58,6.2,304.2,14.8,D,0
21.9563,92.3085,319.2,1.9,1.3,2012-03-26,0649,Aqua,MODIS,65,6.2,301.9,22.5,D,0
21.9503,92.3027,314.2,1.9,1.3,2012-03-26,0649,Aqua,MODIS,39,6.2,301.4,12.9,D,0
21.6839,92.4343,329.2,1.8,1.3,2012-03-26,0649,Aqua,MODIS,79,6.2,302.3,49.3,D,0
21.4917,92.3619,352,1.9,1.3,2012-03-26,0649,Aqua,MODIS,96,6.2,300.7,151.9,D,0
22.5758,92.4186,334.4,1.8,1.3,2012-03-26,0650,Aqua,MODIS,85,6.2,301.5,60.8,D,0
23.4365,92.1904,324.3,1.8,1.3,2012-03-26,0650,Aqua,MODIS,76,6.2,300.7,32.2,D,0
23.4113,92.1678,322.9,1.8,1.3,2012-03-26,0650,Aqua,MODIS,14,6.2,297,25.6,D,0
23.2316,91.884,317.3,1.9,1.3,2012-03-26,0650,Aqua,MODIS,64,6.2,300.8,14.7,D,0
23.0557,91.9349,324.9,1.9,1.3,2012-03-26,0650,Aqua,MODIS,76,6.2,301.6,34.2,D,0
23.7152,91.9334,339.9,1.8,1.3,2012-03-26,0650,Aqua,MODIS,89,6.2,301.1,81.4,D,0
23.4571,91.9714,318,1.8,1.3,2012-03-26,0650,Aqua,MODIS,55,6.2,300.5,18,D,0
23.4543,92.2224,322.4,1.8,1.3,2012-03-26,0650,Aqua,MODIS,74,6.2,300.8,26.8,D,0
23.4475,91.9494,327.4,1.8,1.3,2012-03-26,0650,Aqua,MODIS,80,6.2,301.6,40.5,D,0
23.6431,92.2417,349.4,1.7,1.3,2012-03-26,0650,Aqua,MODIS,95,6.2,302.4,119.8,D,0
23.666,92.2366,342.1,1.7,1.3,2012-03-26,0650,Aqua,MODIS,91,6.2,302.4,89.2,D,0
23.551,91.9386,330.4,1.8,1.3,2012-03-26,0650,Aqua,MODIS,82,6.2,299.9,50.4,D,0
23.5447,91.9471,314.2,1.8,1.3,2012-03-26,0650,Aqua,MODIS,42,6.2,300.1,12,D,0
23.4334,92.1737,317.8,1.8,1.3,2012-03-26,0650,Aqua,MODIS,57,6.2,300.9,18.7,D,0
23.3452,92.0021,320.4,1.8,1.3,2012-03-26,0650,Aqua,MODIS,71,6.2,300.4,23.6,D,0
22.4667,92.3968,325.1,1.8,1.3,2012-03-26,0650,Aqua,MODIS,75,6.2,304.2,31.4,D,0
23.0439,91.9377,318,1.9,1.3,2012-03-26,0650,Aqua,MODIS,23,6.2,302.4,15.1,D,0
23.4071,92.1618,348.6,1.8,1.3,2012-03-26,0650,Aqua,MODIS,94,6.2,296.1,113.3,D,0
23.7948,89.9672,321,2.5,1.5,2012-03-26,0650,Aqua,MODIS,68,6.2,307.9,34.9,D,0
22.7814,91.9569,313.1,1.9,1.3,2012-03-26,0650,Aqua,MODIS,38,6.2,300.8,12.2,D,0
23.4039,92.1444,339.7,1.8,1.3,2012-03-26,0650,Aqua,MODIS,89,6.2,294.8,77.6,D,0
23.6546,92.2393,328.1,1.7,1.3,2012-03-26,0650,Aqua,MODIS,80,6.2,302,42.7,D,0
23.451,91.9677,329.5,1.8,1.3,2012-03-26,0650,Aqua,MODIS,82,6.2,300.8,47.7,D,0
23.4538,91.9532,341.9,1.8,1.3,2012-03-26,0650,Aqua,MODIS,91,6.2,302,93.2,D,0
23.1467,91.9291,318.8,1.9,1.3,2012-03-26,0650,Aqua,MODIS,67,6.2,301.4,18.6,D,0
23.4043,92.1595,306,1.1,1,2012-03-26,1614,Terra,MODIS,67,6.2,294.4,6.8,N,0
23.3767,92.2916,320.5,1.2,1.1,2012-03-27,0423,Terra,MODIS,69,6.2,303,12.6,D,0
22.3565,92.4507,321.6,1.1,1.1,2012-03-27,0423,Terra,MODIS,72,6.2,303.8,11,D,0
22.347,92.4495,320.6,1.1,1.1,2012-03-27,0423,Terra,MODIS,68,6.2,304.7,9.9,D,0
21.5407,92.5159,322.6,1.1,1.1,2012-03-27,0424,Terra,MODIS,75,6.2,304.2,15.3,D,0
22.3009,92.5223,351.4,1.7,1.3,2012-03-27,0732,Aqua,MODIS,95,6.2,303.6,120.2,D,0
22.6394,92.3908,317.8,1.7,1.3,2012-03-27,0732,Aqua,MODIS,52,6.2,303.3,13.7,D,0
21.7833,92.5779,334.2,1.7,1.3,2012-03-27,0732,Aqua,MODIS,82,6.2,307.5,52.3,D,0
22.2045,92.3639,334.6,1.6,1.3,2012-03-27,0732,Aqua,MODIS,83,6.2,306.1,45.7,D,0
22.4683,92.1839,320.4,1.6,1.2,2012-03-27,0732,Aqua,MODIS,57,6.2,304.9,15.1,D,0
21.7631,92.501,328.1,1.7,1.3,2012-03-27,0732,Aqua,MODIS,75,6.2,308.1,30,D,0
21.7408,92.4057,324.4,1.6,1.3,2012-03-27,0732,Aqua,MODIS,69,6.2,304.9,23.4,D,0
21.6786,92.4513,338.2,1.6,1.3,2012-03-27,0732,Aqua,MODIS,86,6.2,305.6,63.5,D,0
21.6805,92.4685,338.2,1.6,1.3,2012-03-27,0732,Aqua,MODIS,86,6.2,306.2,63.9,D,0
22.3028,92.5393,358.1,1.7,1.3,2012-03-27,0732,Aqua,MODIS,99,6.2,303.3,156.7,D,0
22.3143,92.5384,336,1.7,1.3,2012-03-27,0732,Aqua,MODIS,85,6.2,301.7,59.2,D,0
22.3125,92.522,347.5,1.7,1.3,2012-03-27,0732,Aqua,MODIS,93,6.2,302.6,100.3,D,0
22.3222,92.505,325.7,1.7,1.3,2012-03-27,0732,Aqua,MODIS,46,6.2,301.3,27.1,D,0
22.3336,92.5034,345.8,1.7,1.3,2012-03-27,0732,Aqua,MODIS,92,6.2,302.3,93.6,D,0
22.4044,92.5203,320.8,1.7,1.3,2012-03-27,0732,Aqua,MODIS,50,6.2,301.3,17.8,D,0
22.362,92.3468,357.4,1.6,1.3,2012-03-27,0732,Aqua,MODIS,98,6.2,307.8,139.9,D,0
22.3638,92.3634,335.2,1.6,1.3,2012-03-27,0732,Aqua,MODIS,84,6.2,304.4,50.4,D,0
22.3507,92.348,346.9,1.6,1.3,2012-03-27,0732,Aqua,MODIS,93,6.2,306.9,91.7,D,0
22.4468,92.2972,321.6,1.6,1.3,2012-03-27,0732,Aqua,MODIS,65,6.2,303.8,18.1,D,0
22.0324,92.5588,354,1.7,1.3,2012-03-27,0732,Aqua,MODIS,97,6.2,303.7,131.7,D,0
22.3196,92.2799,326,1.6,1.3,2012-03-27,0732,Aqua,MODIS,73,6.2,305.1,24.8,D,0
21.9533,92.3686,327.6,1.6,1.3,2012-03-27,0732,Aqua,MODIS,74,6.2,304.7,31.3,D,0
21.863,92.3693,323.1,1.6,1.3,2012-03-27,0732,Aqua,MODIS,66,6.2,306.3,21,D,0
21.8416,92.4836,326.3,1.7,1.3,2012-03-27,0732,Aqua,MODIS,72,6.2,307.8,25,D,0
21.8252,92.4391,354,1.6,1.3,2012-03-27,0732,Aqua,MODIS,96,6.2,305.8,122.8,D,0
21.8143,92.4472,323.8,1.6,1.3,2012-03-27,0732,Aqua,MODIS,45,6.2,307.6,19.5,D,0
22.3525,92.3647,335.3,1.6,1.3,2012-03-27,0732,Aqua,MODIS,84,6.2,305.7,50.8,D,0
22.3493,92.3387,322.8,1.6,1.3,2012-03-27,0732,Aqua,MODIS,67,6.2,306,18.3,D,0
22.3512,92.3551,355,1.6,1.3,2012-03-27,0732,Aqua,MODIS,97,6.2,307.4,128.9,D,0
22.2894,92.3156,323.4,1.6,1.3,2012-03-27,0732,Aqua,MODIS,69,6.2,304.7,20.5,D,0
22.2911,92.3313,319,1.6,1.3,2012-03-27,0732,Aqua,MODIS,52,6.2,305.1,11.3,D,0
22.5738,92.4048,319.3,1.7,1.3,2012-03-27,0732,Aqua,MODIS,58,6.2,303,14.2,D,0
22.5756,92.4207,326.2,1.7,1.3,2012-03-27,0732,Aqua,MODIS,74,6.2,303.6,29.6,D,0
22.518,92.4187,361.9,1.7,1.3,2012-03-27,0732,Aqua,MODIS,100,6.2,306.3,169.8,D,0
22.5198,92.4347,321.1,1.7,1.3,2012-03-27,0732,Aqua,MODIS,64,6.2,303.5,15.6,D,0
22.1452,92.2523,326.9,1.6,1.2,2012-03-27,0732,Aqua,MODIS,74,6.2,305.7,26,D,0
22.1456,92.2452,327.2,1.6,1.2,2012-03-27,0732,Aqua,MODIS,75,6.2,306.1,27,D,0
21.7324,92.3314,333.9,1.6,1.2,2012-03-27,0732,Aqua,MODIS,82,6.2,305.2,48.2,D,0
21.501,92.3951,331.4,1.6,1.2,2012-03-27,0732,Aqua,MODIS,80,6.2,304.8,44.8,D,0
21.4991,92.3787,320.4,1.6,1.2,2012-03-27,0732,Aqua,MODIS,61,6.2,304.6,18.7,D,0
21.4972,92.3626,332.1,1.6,1.2,2012-03-27,0732,Aqua,MODIS,81,6.2,305.2,45.1,D,0
21.5103,92.3773,320.1,1.6,1.2,2012-03-27,0732,Aqua,MODIS,43,6.2,303.1,16.9,D,0
22.1519,92.4089,327.7,1.6,1.3,2012-03-27,0732,Aqua,MODIS,75,6.2,305.8,27.9,D,0
21.5083,92.3609,342.3,1.6,1.2,2012-03-27,0732,Aqua,MODIS,90,6.2,306.1,75.5,D,0
22.3936,92.4242,344.1,1.7,1.3,2012-03-27,0732,Aqua,MODIS,91,6.2,307,80.8,D,0
22.3709,92.4272,322.3,1.7,1.3,2012-03-27,0732,Aqua,MODIS,45,6.2,305.8,16,D,0
22.3612,92.4446,326.7,1.7,1.3,2012-03-27,0732,Aqua,MODIS,74,6.2,306.8,26.8,D,0
22.363,92.4608,333.2,1.7,1.3,2012-03-27,0732,Aqua,MODIS,82,6.2,305.7,46.1,D,0
22.3498,92.4455,331.4,1.7,1.3,2012-03-27,0732,Aqua,MODIS,35,6.2,308,35.6,D,0
22.3515,92.4616,348,1.7,1.3,2012-03-27,0732,Aqua,MODIS,93,6.2,306.9,96.3,D,0
22.3624,92.4512,332.8,1.7,1.3,2012-03-27,0732,Aqua,MODIS,56,6.2,306.7,39.7,D,0
22.3509,92.4518,352.3,1.7,1.3,2012-03-27,0732,Aqua,MODIS,96,6.2,308.6,114.1,D,0
22.3528,92.4687,338.3,1.7,1.3,2012-03-27,0732,Aqua,MODIS,80,6.2,304.6,58.4,D,0
21.5307,92.3583,317.7,1.6,1.2,2012-03-27,0732,Aqua,MODIS,28,6.2,303.8,12,D,0
22.165,92.4227,352.1,1.7,1.3,2012-03-27,0732,Aqua,MODIS,96,6.2,306.8,115.5,D,0
22.1615,92.3926,325.7,1.6,1.3,2012-03-27,0732,Aqua,MODIS,72,6.2,305.7,23.3,D,0
22.1764,92.4215,333.2,1.7,1.3,2012-03-27,0732,Aqua,MODIS,82,6.2,304.6,45.2,D,0
21.9057,92.4544,321.4,1.6,1.3,2012-03-27,0732,Aqua,MODIS,61,6.2,306.9,15.5,D,0
21.906,92.4438,323.9,1.6,1.3,2012-03-27,0732,Aqua,MODIS,64,6.2,307.9,19,D,0
21.9187,92.4685,326.8,1.7,1.3,2012-03-27,0732,Aqua,MODIS,73,6.2,305.1,26.3,D,0
21.917,92.4527,372.4,1.6,1.3,2012-03-27,0732,Aqua,MODIS,100,6.2,309.3,234.4,D,0
21.9509,92.4478,339.6,1.6,1.3,2012-03-27,0732,Aqua,MODIS,87,6.2,307.4,64.9,D,0
21.9079,92.4597,334.7,1.6,1.3,2012-03-27,0732,Aqua,MODIS,83,6.2,307.7,47.9,D,0
22.1076,92.5278,325.5,1.7,1.3,2012-03-27,0732,Aqua,MODIS,42,6.2,303.4,27.2,D,0
22.0963,92.5299,324.5,1.7,1.3,2012-03-27,0732,Aqua,MODIS,64,6.2,306,26.7,D,0
22.098,92.5458,326.2,1.7,1.3,2012-03-27,0732,Aqua,MODIS,73,6.2,303.2,31.1,D,0
22.0745,92.4358,327.7,1.7,1.3,2012-03-27,0732,Aqua,MODIS,75,6.2,307.1,27.8,D,0
22.0761,92.4509,327.9,1.7,1.3,2012-03-27,0732,Aqua,MODIS,75,6.2,306.7,29,D,0
22.0992,92.5349,330.4,1.7,1.3,2012-03-27,0732,Aqua,MODIS,73,6.2,305.9,40.2,D,0
22.0767,92.4407,328.8,1.7,1.3,2012-03-27,0732,Aqua,MODIS,76,6.2,306.9,29.4,D,0
22.0654,92.4425,332.7,1.7,1.3,2012-03-27,0732,Aqua,MODIS,67,6.2,307.5,37.3,D,0
22.0671,92.4572,328.8,1.7,1.3,2012-03-27,0732,Aqua,MODIS,28,6.2,306.5,27.6,D,0
22.0723,92.5027,324.9,1.7,1.3,2012-03-27,0732,Aqua,MODIS,61,6.2,301.8,24.7,D,0
22.0539,92.443,331.5,1.7,1.3,2012-03-27,0732,Aqua,MODIS,50,6.2,306.7,31.9,D,0
21.7947,92.5768,357.6,1.7,1.3,2012-03-27,0732,Aqua,MODIS,98,6.2,308.6,147.9,D,0
22.0557,92.458,366.2,1.7,1.3,2012-03-27,0732,Aqua,MODIS,100,6.2,309.2,187.7,D,0
21.7342,92.3466,339.7,1.6,1.2,2012-03-27,0732,Aqua,MODIS,87,6.2,304.8,65.2,D,0
22.1628,92.5036,333.6,1.7,1.3,2012-03-27,0732,Aqua,MODIS,82,6.2,304.9,49.2,D,0
22.1712,92.479,317.5,1.7,1.3,2012-03-27,0732,Aqua,MODIS,27,6.2,303.7,12.1,D,0
22.1661,92.4319,334.5,1.7,1.3,2012-03-27,0732,Aqua,MODIS,83,6.2,304.4,51.2,D,0
22.1774,92.4305,325.2,1.7,1.3,2012-03-27,0732,Aqua,MODIS,72,6.2,303.7,26.7,D,0
21.5403,92.447,334.4,1.6,1.3,2012-03-27,0732,Aqua,MODIS,83,6.2,305.5,52.4,D,0
22.2264,92.4563,320.4,1.7,1.3,2012-03-27,0732,Aqua,MODIS,61,6.2,305.4,16.6,D,0
21.4309,92.5861,350.9,1.7,1.3,2012-03-27,0732,Aqua,MODIS,95,6.2,307.8,117,D,0
21.4423,92.5846,375.7,1.7,1.3,2012-03-27,0732,Aqua,MODIS,100,6.2,309.8,268.9,D,0
21.5419,92.4622,327.6,1.6,1.3,2012-03-27,0732,Aqua,MODIS,75,6.2,304.4,33.6,D,0
21.5357,92.5096,319.7,1.6,1.3,2012-03-27,0732,Aqua,MODIS,57,6.2,306.1,15.8,D,0
21.5419,92.4523,344.7,1.6,1.3,2012-03-27,0732,Aqua,MODIS,91,6.2,305.4,87.7,D,0
22.1644,92.4159,336.5,1.7,1.3,2012-03-27,0732,Aqua,MODIS,85,6.2,306,54.9,D,0
22.1627,92.4011,326.4,1.6,1.3,2012-03-27,0732,Aqua,MODIS,74,6.2,305.6,25.3,D,0
22.0592,92.4888,339.7,1.7,1.3,2012-03-27,0732,Aqua,MODIS,87,6.2,303,64.5,D,0
22.228,92.4709,337.2,1.7,1.3,2012-03-27,0732,Aqua,MODIS,86,6.2,305.2,61.5,D,0
22.232,92.506,330.2,1.7,1.3,2012-03-27,0732,Aqua,MODIS,79,6.2,306.7,43.1,D,0
21.8176,92.5742,321.6,1.7,1.3,2012-03-27,0732,Aqua,MODIS,61,6.2,306.5,17.4,D,0
21.818,92.5827,327,1.7,1.3,2012-03-27,0732,Aqua,MODIS,69,6.2,307.3,28.9,D,0
22.061,92.5046,358.3,1.7,1.3,2012-03-27,0732,Aqua,MODIS,99,6.2,302.9,149.1,D,0
22.0427,92.4451,343.7,1.7,1.3,2012-03-27,0732,Aqua,MODIS,90,6.2,307.3,74.5,D,0
22.0306,92.543,358.7,1.7,1.3,2012-03-27,0732,Aqua,MODIS,99,6.2,308.1,154.7,D,0
22.0192,92.5442,323.7,1.7,1.3,2012-03-27,0732,Aqua,MODIS,62,6.2,306.3,23.3,D,0
22.1757,92.4149,328.3,1.7,1.3,2012-03-27,0732,Aqua,MODIS,76,6.2,304.9,32.3,D,0
22.2451,92.5195,326.1,1.7,1.3,2012-03-27,0732,Aqua,MODIS,73,6.2,302.9,33.1,D,0
22.2434,92.5042,342.3,1.7,1.3,2012-03-27,0732,Aqua,MODIS,90,6.2,306.4,82.1,D,0
22.1495,92.4889,337.1,1.7,1.3,2012-03-27,0732,Aqua,MODIS,85,6.2,308.4,56.4,D,0
22.1057,92.3046,339.9,1.6,1.3,2012-03-27,0732,Aqua,MODIS,88,6.2,305.7,65.7,D,0
22.1039,92.289,326.7,1.6,1.3,2012-03-27,0732,Aqua,MODIS,74,6.2,304.9,27.2,D,0
22.1115,92.2563,319.8,1.6,1.2,2012-03-27,0732,Aqua,MODIS,59,6.2,305.7,12.1,D,0
22.1513,92.5043,353.3,1.7,1.3,2012-03-27,0732,Aqua,MODIS,96,6.2,308.6,124.2,D,0
22.3018,92.426,324.2,1.7,1.3,2012-03-27,0732,Aqua,MODIS,47,6.2,304.7,20.9,D,0
22.2868,92.3952,328.6,1.7,1.3,2012-03-27,0732,Aqua,MODIS,61,6.2,306.2,30.1,D,0
22.2885,92.4098,366.9,1.7,1.3,2012-03-27,0732,Aqua,MODIS,100,6.2,309,195.8,D,0
22.2903,92.4266,358.9,1.7,1.3,2012-03-27,0732,Aqua,MODIS,99,6.2,306.5,148.5,D,0
22.1399,92.5058,328.8,1.7,1.3,2012-03-27,0732,Aqua,MODIS,47,6.2,306.8,33.6,D,0
22.125,92.4762,336.7,1.7,1.3,2012-03-27,0732,Aqua,MODIS,85,6.2,308.2,56.6,D,0
22.1267,92.4912,361.2,1.7,1.3,2012-03-27,0732,Aqua,MODIS,100,6.2,307.5,162.7,D,0
22.1285,92.507,332.5,1.7,1.3,2012-03-27,0732,Aqua,MODIS,77,6.2,303.9,42.2,D,0
22.1306,92.5256,330.2,1.7,1.3,2012-03-27,0732,Aqua,MODIS,63,6.2,303.1,39,D,0
22.1136,92.4777,377.8,1.7,1.3,2012-03-27,0732,Aqua,MODIS,100,6.2,313.6,281.9,D,0
22.1154,92.4933,356.9,1.7,1.3,2012-03-27,0732,Aqua,MODIS,98,6.2,308.1,138.3,D,0
21.5297,92.3526,317.6,1.6,1.2,2012-03-27,0732,Aqua,MODIS,47,6.2,303.9,13.5,D,0
22.2788,92.4268,346.9,1.7,1.3,2012-03-27,0732,Aqua,MODIS,93,6.2,305.8,91.2,D,0
22.2675,92.4285,331.2,1.7,1.3,2012-03-27,0732,Aqua,MODIS,62,6.2,305.8,37.7,D,0
22.2693,92.4452,330.8,1.7,1.3,2012-03-27,0732,Aqua,MODIS,67,6.2,306.2,37.9,D,0
22.2596,92.4624,323,1.7,1.3,2012-03-27,0732,Aqua,MODIS,64,6.2,306.2,21.3,D,0
22.27,92.4338,338,1.7,1.3,2012-03-27,0732,Aqua,MODIS,86,6.2,306.3,59.9,D,0
22.272,92.4511,327.5,1.7,1.3,2012-03-27,0732,Aqua,MODIS,62,6.2,306.1,29.7,D,0
22.2624,92.4681,326.6,1.7,1.3,2012-03-27,0732,Aqua,MODIS,74,6.2,306.5,29.4,D,0
21.5066,92.3461,326.2,1.6,1.2,2012-03-27,0732,Aqua,MODIS,71,6.2,304.8,27.6,D,0
21.5786,92.2848,325.7,1.6,1.2,2012-03-27,0732,Aqua,MODIS,73,6.2,303.8,26.4,D,0
21.5769,92.2704,333.1,1.6,1.2,2012-03-27,0732,Aqua,MODIS,82,6.2,304.4,45.2,D,0
21.6557,92.2525,321.2,1.6,1.2,2012-03-27,0732,Aqua,MODIS,63,6.2,304.7,17.3,D,0
23.2193,91.8565,340.3,1.6,1.2,2012-03-27,0733,Aqua,MODIS,89,6.2,302.7,61,D,0
23.1189,92.1827,324.9,1.6,1.3,2012-03-27,0733,Aqua,MODIS,70,6.2,303.8,23.1,D,0
23.3342,91.9759,350.8,1.6,1.2,2012-03-27,0733,Aqua,MODIS,95,6.2,305.3,106.1,D,0
23.2887,91.9722,325.4,1.6,1.2,2012-03-27,0733,Aqua,MODIS,75,6.2,305.2,22.3,D,0
23.505,92.27,323.1,1.7,1.3,2012-03-27,0733,Aqua,MODIS,46,6.2,301.2,25.7,D,0
23.5069,92.2866,389.1,1.7,1.3,2012-03-27,0733,Aqua,MODIS,100,6.2,308.7,399.9,D,0
23.5266,92.2788,322.1,1.7,1.3,2012-03-27,0733,Aqua,MODIS,65,6.2,300.2,26.2,D,0
23.1055,91.8696,328.6,1.6,1.2,2012-03-27,0733,Aqua,MODIS,79,6.2,302.5,31.7,D,0
23.696,91.9507,339.5,1.6,1.2,2012-03-27,0733,Aqua,MODIS,88,6.2,303.9,66,D,0
23.1389,91.3857,320.9,1.5,1.2,2012-03-27,0733,Aqua,MODIS,67,6.2,303.2,14.2,D,0
23.1451,91.3923,319.4,1.5,1.2,2012-03-27,0733,Aqua,MODIS,52,6.2,303.6,11.6,D,0
23.0895,92.3329,348.6,1.7,1.3,2012-03-27,0733,Aqua,MODIS,94,6.2,307.3,102.5,D,0
23.4382,92.0833,320,1.6,1.3,2012-03-27,0733,Aqua,MODIS,63,6.2,300.9,18,D,0
23.4294,92.0044,336.8,1.6,1.2,2012-03-27,0733,Aqua,MODIS,86,6.2,303.6,58.8,D,0
23.7072,91.9495,344.6,1.6,1.2,2012-03-27,0733,Aqua,MODIS,91,6.2,304.2,82.8,D,0
22.9007,92.2723,317.5,1.7,1.3,2012-03-27,0733,Aqua,MODIS,40,6.2,304.4,13.1,D,0
23.2617,92.3476,328.5,1.7,1.3,2012-03-27,0733,Aqua,MODIS,78,6.2,305,37.6,D,0
23.7055,91.9336,319.7,1.6,1.2,2012-03-27,0733,Aqua,MODIS,60,6.2,302.6,15.5,D,0
23.2811,92.3122,333.7,1.7,1.3,2012-03-27,0733,Aqua,MODIS,83,6.2,304.4,51.5,D,0
23.2793,92.2962,327.4,1.7,1.3,2012-03-27,0733,Aqua,MODIS,77,6.2,303.3,35,D,0
23.2925,92.3108,361,1.7,1.3,2012-03-27,0733,Aqua,MODIS,100,6.2,307.1,171.2,D,0
23.3325,91.9609,365.3,1.6,1.2,2012-03-27,0733,Aqua,MODIS,100,6.2,306.9,179.6,D,0
23.2811,92.0045,323.3,1.6,1.2,2012-03-27,0733,Aqua,MODIS,71,6.2,304.9,19.1,D,0
23.2049,91.8503,327.9,1.6,1.2,2012-03-27,0733,Aqua,MODIS,78,6.2,302.4,28.4,D,0
22.8711,92.0056,319.8,1.6,1.2,2012-03-27,0733,Aqua,MODIS,63,6.2,304.9,15,D,0
22.954,92.1363,324.3,1.6,1.3,2012-03-27,0733,Aqua,MODIS,72,6.2,304.9,22.1,D,0
22.9525,92.1304,323.6,1.6,1.3,2012-03-27,0733,Aqua,MODIS,70,6.2,305.3,19.3,D,0
23.2907,92.2945,353.2,1.7,1.3,2012-03-27,0733,Aqua,MODIS,96,6.2,306.2,129.6,D,0
23.0366,91.9545,324.8,1.6,1.2,2012-03-27,0733,Aqua,MODIS,74,6.2,305.4,20.8,D,0
23.3143,92.0957,324.5,1.6,1.3,2012-03-27,0733,Aqua,MODIS,58,6.2,304.5,21.9,D,0
23.1759,91.7935,322.6,1.5,1.2,2012-03-27,0733,Aqua,MODIS,70,6.2,305.3,18.2,D,0
23.4469,92.1625,357.9,1.7,1.3,2012-03-27,0733,Aqua,MODIS,99,6.2,302.2,143.5,D,0
23.1171,92.1667,330.3,1.6,1.3,2012-03-27,0733,Aqua,MODIS,80,6.2,304.3,37,D,0
23.1509,92.1622,335.6,1.6,1.3,2012-03-27,0733,Aqua,MODIS,85,6.2,304,52.2,D,0
23.1491,92.1466,324.7,1.6,1.3,2012-03-27,0733,Aqua,MODIS,73,6.2,303.2,23.1,D,0
23.1363,92.0364,333.6,1.6,1.2,2012-03-27,0733,Aqua,MODIS,83,6.2,304.6,41.8,D,0
23.1491,92.1569,339.8,1.6,1.3,2012-03-27,0733,Aqua,MODIS,88,6.2,304.3,66.2,D,0
23.4355,92.1637,334.9,1.7,1.3,2012-03-27,0733,Aqua,MODIS,52,6.2,300.7,45.3,D,0
23.4276,91.9883,316.8,1.6,1.2,2012-03-27,0733,Aqua,MODIS,52,6.2,302.8,10.4,D,0
23.137,92.0463,327.1,1.6,1.2,2012-03-27,0733,Aqua,MODIS,73,6.2,300.3,26.4,D,0
23.1353,92.0311,328.7,1.6,1.2,2012-03-27,0733,Aqua,MODIS,45,6.2,304.8,29.5,D,0
22.8254,92.3199,320.6,1.7,1.3,2012-03-27,0733,Aqua,MODIS,64,6.2,305.3,17.4,D,0
22.9922,92.0781,320.7,1.6,1.2,2012-03-27,0733,Aqua,MODIS,66,6.2,303.2,15.3,D,0
22.9817,91.985,320.9,1.6,1.2,2012-03-27,0733,Aqua,MODIS,66,6.2,303.9,14.3,D,0
23.306,91.8243,329.2,1.6,1.2,2012-03-27,0733,Aqua,MODIS,79,6.2,303.6,30.2,D,0
23.295,91.8259,331.5,1.6,1.2,2012-03-27,0733,Aqua,MODIS,82,6.2,305.8,35,D,0
23.2967,91.8409,335.4,1.6,1.2,2012-03-27,0733,Aqua,MODIS,85,6.2,303.7,46,D,0
23.5152,92.2802,350.3,1.7,1.3,2012-03-27,0733,Aqua,MODIS,95,6.2,304.3,115.1,D,0
23.2262,92.1303,320,1.6,1.3,2012-03-27,0733,Aqua,MODIS,65,6.2,302,14.1,D,0
23.2244,92.1149,322.3,1.6,1.3,2012-03-27,0733,Aqua,MODIS,70,6.2,303,18.5,D,0
22.9799,91.9689,324.6,1.6,1.2,2012-03-27,0733,Aqua,MODIS,73,6.2,304.6,21.5,D,0
23.0312,92.1206,321.2,1.6,1.3,2012-03-27,0733,Aqua,MODIS,67,6.2,304.4,15.9,D,0
23.0293,92.1041,319.7,1.6,1.3,2012-03-27,0733,Aqua,MODIS,63,6.2,304.3,12.4,D,0
23.0517,92.1016,326.1,1.6,1.3,2012-03-27,0733,Aqua,MODIS,58,6.2,304.4,22.9,D,0
23.0353,91.9614,322.5,1.6,1.2,2012-03-27,0733,Aqua,MODIS,56,6.2,305,14.9,D,0
23.0538,92.1108,322.3,1.6,1.3,2012-03-27,0733,Aqua,MODIS,69,6.2,303.7,16.9,D,0
23.052,92.0944,321.1,1.6,1.3,2012-03-27,0733,Aqua,MODIS,67,6.2,304.2,13.9,D,0
23.0469,92.0485,326.2,1.6,1.2,2012-03-27,0733,Aqua,MODIS,76,6.2,304.4,24.6,D,0
23.0874,92.1064,323.1,1.6,1.3,2012-03-27,0733,Aqua,MODIS,64,6.2,304.8,17.9,D,0
23.226,92.1237,327.1,1.6,1.3,2012-03-27,0733,Aqua,MODIS,77,6.2,302.9,28,D,0
23.3239,92.0889,321.4,1.6,1.3,2012-03-27,0733,Aqua,MODIS,48,6.2,303.4,15.8,D,0
23.3256,92.1045,323.3,1.6,1.3,2012-03-27,0733,Aqua,MODIS,63,6.2,303.6,20.4,D,0
23.5366,91.9522,341,1.6,1.2,2012-03-27,0733,Aqua,MODIS,89,6.2,305.5,68.3,D,0
23.5477,91.9504,355,1.6,1.2,2012-03-27,0733,Aqua,MODIS,97,6.2,306.4,124.9,D,0
23.4164,92.1996,327.2,1.7,1.3,2012-03-27,0733,Aqua,MODIS,33,6.2,303.2,28,D,0
23.2067,91.8652,326,1.6,1.2,2012-03-27,0733,Aqua,MODIS,75,6.2,303.5,23.5,D,0
23.0839,92.0744,322.8,1.6,1.2,2012-03-27,0733,Aqua,MODIS,66,6.2,302.6,15.9,D,0
23.1081,92.0876,326.6,1.6,1.3,2012-03-27,0733,Aqua,MODIS,44,6.2,304.3,23.9,D,0
23.1057,91.864,323.1,1.6,1.2,2012-03-27,0733,Aqua,MODIS,71,6.2,302.4,19.2,D,0
23.4269,92.1892,326.2,1.7,1.3,2012-03-27,0733,Aqua,MODIS,22,6.2,302.5,25.3,D,0
23.4042,92.1922,331.1,1.7,1.3,2012-03-27,0733,Aqua,MODIS,58,6.2,303.7,37.9,D,0
23.406,92.208,353.7,1.7,1.3,2012-03-27,0733,Aqua,MODIS,97,6.2,305.5,123.5,D,0
23.3606,92.2143,324.4,1.7,1.3,2012-03-27,0733,Aqua,MODIS,45,6.2,304.3,21.9,D,0
23.2949,91.8315,341.3,1.6,1.2,2012-03-27,0733,Aqua,MODIS,89,6.2,305.8,62.6,D,0
23.2967,91.8466,323.5,1.6,1.2,2012-03-27,0733,Aqua,MODIS,65,6.2,303.1,16,D,0
23.1073,91.8791,323,1.6,1.2,2012-03-27,0733,Aqua,MODIS,71,6.2,301.6,18.9,D,0
23.5589,91.9489,360.1,1.6,1.2,2012-03-27,0733,Aqua,MODIS,100,6.2,304.3,148.7,D,0
23.3658,92.2622,322.6,1.7,1.3,2012-03-27,0733,Aqua,MODIS,54,6.2,305.2,19.1,D,0
23.3676,92.2786,335.3,1.7,1.3,2012-03-27,0733,Aqua,MODIS,85,6.2,307.9,52.5,D,0
23.3694,92.2948,362.8,1.7,1.3,2012-03-27,0733,Aqua,MODIS,100,6.2,308.1,178.1,D,0
23.3712,92.3111,318.6,1.7,1.3,2012-03-27,0733,Aqua,MODIS,27,6.2,303.3,13.2,D,0
23.3492,92.2156,343.9,1.7,1.3,2012-03-27,0733,Aqua,MODIS,91,6.2,305.2,82.2,D,0
23.3544,92.2637,328.8,1.7,1.3,2012-03-27,0733,Aqua,MODIS,63,6.2,303.3,33.7,D,0
23.3562,92.28,348.5,1.7,1.3,2012-03-27,0733,Aqua,MODIS,94,6.2,306.7,100.7,D,0
23.358,92.2965,342.7,1.7,1.3,2012-03-27,0733,Aqua,MODIS,90,6.2,308.2,78.3,D,0
23.3351,92.2997,324.8,1.7,1.3,2012-03-27,0733,Aqua,MODIS,74,6.2,303.6,29,D,0
23.3368,92.3157,318.3,1.7,1.3,2012-03-27,0733,Aqua,MODIS,53,6.2,302.2,13.9,D,0
23.3382,92.3048,336.5,1.7,1.3,2012-03-27,0733,Aqua,MODIS,86,6.2,304.2,62.4,D,0
23.3039,92.3093,318,1.7,1.3,2012-03-27,0733,Aqua,MODIS,54,6.2,303,15.5,D,0
23.446,92.2603,324.4,1.7,1.3,2012-03-27,0733,Aqua,MODIS,73,6.2,304.8,27.9,D,0
22.8169,91.9426,319.6,1.6,1.2,2012-03-27,0733,Aqua,MODIS,54,6.2,304.2,12.9,D,0
22.8239,92.003,320.8,1.6,1.2,2012-03-27,0733,Aqua,MODIS,65,6.2,303.8,17.4,D,0
23.4494,92.0818,316.1,1.6,1.3,2012-03-27,0733,Aqua,MODIS,25,6.2,301.4,11.3,D,0
23.4601,92.1777,353,1.7,1.3,2012-03-27,0733,Aqua,MODIS,96,6.2,301.3,122.7,D,0
23.4522,92.2111,361.5,1.7,1.3,2012-03-27,0733,Aqua,MODIS,100,6.2,307.3,167.2,D,0
23.4505,92.1951,342.8,1.7,1.3,2012-03-27,0733,Aqua,MODIS,90,6.2,305.7,76.9,D,0
23.2525,91.8524,322.2,1.6,1.2,2012-03-27,0733,Aqua,MODIS,51,6.2,304.3,15,D,0
23.2287,91.8404,348.3,1.6,1.2,2012-03-27,0733,Aqua,MODIS,94,6.2,302.9,87.6,D,0
23.2304,91.8554,326.8,1.6,1.2,2012-03-27,0733,Aqua,MODIS,69,6.2,302.6,22.8,D,0
23.4636,92.2096,372.1,1.7,1.3,2012-03-27,0733,Aqua,MODIS,100,6.2,305.6,241,D,0
23.4618,92.1937,325.9,1.7,1.3,2012-03-27,0733,Aqua,MODIS,58,6.2,301.8,28.7,D,0
23.4955,92.288,343.9,1.7,1.3,2012-03-27,0733,Aqua,MODIS,91,6.2,302.1,89.9,D,0
23.357,92.1816,338.9,1.7,1.3,2012-03-27,0733,Aqua,MODIS,88,6.2,302.5,61.8,D,0
23.3552,92.1659,321.8,1.6,1.3,2012-03-27,0733,Aqua,MODIS,42,6.2,302,17.5,D,0
23.3838,92.1137,321.4,1.6,1.3,2012-03-27,0733,Aqua,MODIS,64,6.2,303,18.7,D,0
23.3915,92.0804,323.9,1.6,1.3,2012-03-27,0733,Aqua,MODIS,71,6.2,303.1,23.1,D,0
23.4213,92.1408,320.9,1.6,1.3,2012-03-27,0733,Aqua,MODIS,15,6.2,302.2,15.1,D,0
23.4195,92.1252,326.6,1.6,1.3,2012-03-27,0733,Aqua,MODIS,76,6.2,303,28.6,D,0
23.4208,92.1339,324.1,1.6,1.3,2012-03-27,0733,Aqua,MODIS,68,6.2,302.6,22.7,D,0
23.4191,92.118,328.4,1.6,1.3,2012-03-27,0733,Aqua,MODIS,78,6.2,302.8,31.9,D,0
23.2176,91.8417,339.4,1.6,1.2,2012-03-27,0733,Aqua,MODIS,88,6.2,302.8,57.8,D,0
23.572,91.9638,350.2,1.6,1.2,2012-03-27,0733,Aqua,MODIS,95,6.2,302.6,103.3,D,0
23.5701,91.9476,394,1.6,1.2,2012-03-27,0733,Aqua,MODIS,100,6.2,307.9,413.6,D,0
23.5723,91.9563,372,1.6,1.2,2012-03-27,0733,Aqua,MODIS,100,6.2,304.9,228,D,0
23.5706,91.9409,363.2,1.6,1.2,2012-03-27,0733,Aqua,MODIS,100,6.2,307,169.3,D,0
23.2083,91.8581,335.9,1.6,1.2,2012-03-27,0733,Aqua,MODIS,85,6.2,302.9,48.6,D,0
23.2066,91.8433,319.9,1.6,1.2,2012-03-27,0733,Aqua,MODIS,60,6.2,302.5,11.2,D,0
22.0817,92.5148,325.8,1,1,2012-03-27,1942,Aqua,MODIS,100,6.2,293.2,25.3,N,0
22.0278,92.5654,302.3,1,1,2012-03-27,1942,Aqua,MODIS,41,6.2,288.3,5.5,N,0
22.171,92.4168,302.5,1,1,2012-03-27,1942,Aqua,MODIS,50,6.2,291.8,5.4,N,0
22.1323,92.4895,303.4,1,1,2012-03-27,1942,Aqua,MODIS,55,6.2,291.7,5.9,N,0
22.1891,92.4791,305,1,1,2012-03-27,1942,Aqua,MODIS,62,6.2,292.5,6.3,N,0
22.1876,92.4889,306.3,1,1,2012-03-27,1942,Aqua,MODIS,68,6.2,293.1,7.4,N,0
23.1859,91.892,314.8,2.5,1.5,2012-03-28,0506,Terra,MODIS,53,6.2,300.3,20.1,D,0
22.0751,92.519,314.4,2.9,1.6,2012-03-28,0506,Terra,MODIS,50,6.2,302,21.3,D,0
22.0736,92.5121,314.3,2.9,1.6,2012-03-28,0506,Terra,MODIS,53,6.2,302.3,21.9,D,0
22.175,92.4118,314.3,2.8,1.6,2012-03-28,0506,Terra,MODIS,51,6.2,301.8,20.3,D,0
22.0051,92.5555,316.8,2.9,1.6,2012-03-28,0506,Terra,MODIS,62,6.2,302.5,34.2,D,0
22.0193,92.5592,365.3,2.9,1.6,2012-03-28,0506,Terra,MODIS,87,6.2,305.7,446,D,0
21.8532,92.4728,317.5,3,1.7,2012-03-28,0637,Aqua,MODIS,36,6.2,303.6,35.4,D,0
22.3788,92.4076,324.5,3,1.6,2012-03-28,0637,Aqua,MODIS,71,6.2,302.1,64.8,D,0
22.3708,92.4329,320.5,3,1.6,2012-03-28,0637,Aqua,MODIS,61,6.2,302.3,43,D,0
22.3853,92.4295,318.7,3,1.6,2012-03-28,0637,Aqua,MODIS,43,6.2,302.5,33.8,D,0
22.1704,92.4435,322,3,1.7,2012-03-28,0637,Aqua,MODIS,57,6.2,301.5,49.5,D,0
22.1766,92.4741,339.1,3,1.6,2012-03-28,0637,Aqua,MODIS,87,6.2,301.7,167.2,D,0
21.7777,92.5593,322.7,3,1.7,2012-03-28,0637,Aqua,MODIS,64,6.2,303.1,61.2,D,0
21.5258,92.3855,329.8,3.1,1.7,2012-03-28,0637,Aqua,MODIS,77,6.2,300.9,105.9,D,0
22.0218,92.5503,323.6,3,1.6,2012-03-28,0637,Aqua,MODIS,49,6.2,303.7,57.8,D,0
21.5333,92.418,319.8,3.1,1.7,2012-03-28,0637,Aqua,MODIS,49,6.2,302.1,52.6,D,0
21.5317,92.414,321.7,3.1,1.7,2012-03-28,0637,Aqua,MODIS,40,6.2,302,57.1,D,0
21.5204,92.3594,338,3.2,1.7,2012-03-28,0637,Aqua,MODIS,86,6.2,301.7,165.6,D,0
22.3414,92.4482,324,3,1.6,2012-03-28,0637,Aqua,MODIS,70,6.2,302.8,61.6,D,0
22.0075,92.5542,321.7,3,1.6,2012-03-28,0637,Aqua,MODIS,16,6.2,302.4,48.5,D,0
21.7596,92.4706,322.7,3.1,1.7,2012-03-28,0637,Aqua,MODIS,65,6.2,304.3,59,D,0
21.7605,92.4753,323.6,3.1,1.7,2012-03-28,0637,Aqua,MODIS,66,6.2,304.5,62.7,D,0
22.1145,92.3939,322.5,3,1.7,2012-03-28,0637,Aqua,MODIS,67,6.2,303.2,57.5,D,0
22.1644,92.4137,331.8,3,1.7,2012-03-28,0637,Aqua,MODIS,81,6.2,302.1,107.9,D,0
22.0754,92.504,332.7,3,1.6,2012-03-28,0637,Aqua,MODIS,82,6.2,303.3,110.9,D,0
22.0608,92.5072,349.7,3,1.6,2012-03-28,0637,Aqua,MODIS,94,6.2,303.7,253.7,D,0
22.0661,92.533,325.9,3,1.6,2012-03-28,0637,Aqua,MODIS,73,6.2,302,67.4,D,0
22.0546,92.4857,325.5,3,1.7,2012-03-28,0637,Aqua,MODIS,72,6.2,303,61.6,D,0
22.0603,92.5146,347.3,3,1.6,2012-03-28,0637,Aqua,MODIS,93,6.2,303.2,228.3,D,0
22.0651,92.5392,322.7,3,1.6,2012-03-28,0637,Aqua,MODIS,64,6.2,301.8,51.2,D,0
22.3469,92.4753,328.1,3,1.6,2012-03-28,0637,Aqua,MODIS,77,6.2,303.1,84.2,D,0
22.0715,92.4093,318.1,3,1.7,2012-03-28,0637,Aqua,MODIS,52,6.2,303.7,33.8,D,0
22.1582,92.3828,322.2,3,1.7,2012-03-28,0637,Aqua,MODIS,57,6.2,303,48.1,D,0
22.1788,92.4092,327.7,3,1.7,2012-03-28,0637,Aqua,MODIS,76,6.2,302.7,78.8,D,0
22.1727,92.3788,321.9,3,1.7,2012-03-28,0637,Aqua,MODIS,46,6.2,304.3,46.8,D,0
22.1152,92.3984,320.7,3,1.7,2012-03-28,0637,Aqua,MODIS,62,6.2,303.2,47.7,D,0
21.5074,92.3657,351.9,3.2,1.7,2012-03-28,0637,Aqua,MODIS,95,6.2,301.9,313.5,D,0
22.1095,92.3695,318,3.1,1.7,2012-03-28,0637,Aqua,MODIS,51,6.2,303.3,34.4,D,0
21.7716,92.3784,325,3.1,1.7,2012-03-28,0637,Aqua,MODIS,70,6.2,301.3,77.1,D,0
21.5224,92.3632,330.8,3.2,1.7,2012-03-28,0637,Aqua,MODIS,78,6.2,301,116.9,D,0
21.7781,92.5647,322.4,3,1.7,2012-03-28,0637,Aqua,MODIS,62,6.2,303,60.7,D,0
22.3847,92.4373,319.9,3,1.6,2012-03-28,0637,Aqua,MODIS,61,6.2,302.4,42,D,0
23.5733,91.9756,320.5,3,1.7,2012-03-28,0638,Aqua,MODIS,40,6.2,299.3,48.5,D,0
23.5296,91.9862,330.8,3,1.7,2012-03-28,0638,Aqua,MODIS,83,6.2,298.8,112.8,D,0
23.5245,91.9628,315.3,3,1.7,2012-03-28,0638,Aqua,MODIS,54,6.2,299.5,28.5,D,0
23.53,91.9907,327.9,3,1.7,2012-03-28,0638,Aqua,MODIS,80,6.2,298.6,95.2,D,0
22.9941,91.9382,327.6,3.1,1.7,2012-03-28,0638,Aqua,MODIS,79,6.2,299.8,91.5,D,0
23.5879,91.9721,330.4,3,1.7,2012-03-28,0638,Aqua,MODIS,66,6.2,298.4,100.2,D,0
23.6087,91.9909,338.6,3,1.7,2012-03-28,0638,Aqua,MODIS,89,6.2,299,165.1,D,0
23.6084,91.9981,337,3,1.7,2012-03-28,0638,Aqua,MODIS,88,6.2,298.9,151.5,D,0
23.4051,92.0518,325.1,3,1.7,2012-03-28,0638,Aqua,MODIS,78,6.2,300.2,77.5,D,0
23.5125,92.2041,312.4,2.9,1.6,2012-03-28,0638,Aqua,MODIS,48,6.2,299.5,23.9,D,0
23.6696,91.9154,315.5,3,1.7,2012-03-28,0638,Aqua,MODIS,51,6.2,299.6,29,D,0
23.1203,92.0234,316.4,3.1,1.7,2012-03-28,0638,Aqua,MODIS,62,6.2,301.3,26.3,D,0
22.8839,92.0008,313.9,3.1,1.7,2012-03-28,0638,Aqua,MODIS,48,6.2,300.1,24.6,D,0
23.6258,91.9261,318.7,3,1.7,2012-03-28,0638,Aqua,MODIS,68,6.2,299.4,43.5,D,0
23.1254,92.0487,319.8,3.1,1.7,2012-03-28,0638,Aqua,MODIS,70,6.2,300.9,39.4,D,0
23.226,91.8621,318.1,3.1,1.7,2012-03-28,0638,Aqua,MODIS,68,6.2,300.9,36.5,D,0
23.3898,92.2159,316.9,2.9,1.6,2012-03-28,0638,Aqua,MODIS,57,6.2,300.1,30.9,D,0
23.2273,91.8686,317.8,3.1,1.7,2012-03-28,0638,Aqua,MODIS,66,6.2,300.8,32.7,D,0
23.1264,92.0534,318.1,3.1,1.7,2012-03-28,0638,Aqua,MODIS,66,6.2,300.8,34,D,0
23.3904,92.2111,317.9,2.9,1.6,2012-03-28,0638,Aqua,MODIS,67,6.2,300.2,36.9,D,0
23.4048,92.0588,328.7,3,1.7,2012-03-28,0638,Aqua,MODIS,81,6.2,300.3,99.2,D,0
23.6113,91.9297,328.5,3,1.7,2012-03-28,0638,Aqua,MODIS,81,6.2,300.3,89,D,0
23.5735,91.969,330.9,3,1.7,2012-03-28,0638,Aqua,MODIS,80,6.2,299.5,103.2,D,0
23.4111,92.0801,315.3,3,1.6,2012-03-28,0638,Aqua,MODIS,61,6.2,299.8,31.6,D,0
23.3586,92.2523,311.4,1,1,2012-03-28,1602,Terra,MODIS,82,6.2,294.6,9.9,N,0
23.3571,92.2423,338.2,1,1,2012-03-28,1602,Terra,MODIS,100,6.2,296.8,41.3,N,0
23.3661,92.2407,330.2,1,1,2012-03-28,1602,Terra,MODIS,100,6.2,295.9,29.4,N,0
22.0053,92.4523,305.5,1,1,2012-03-28,1602,Terra,MODIS,65,6.2,294.3,5.9,N,0
22.088,92.509,307.3,1,1,2012-03-28,1602,Terra,MODIS,71,6.2,294.2,7,N,0
22.0624,92.5237,313.9,1,1,2012-03-28,1602,Terra,MODIS,88,6.2,294.4,12.1,N,0
22.0397,92.5576,309,1,1,2012-03-28,1602,Terra,MODIS,51,6.2,292.9,7.6,N,0
22.5068,92.4752,312.5,1,1,2012-03-28,1602,Terra,MODIS,85,6.2,296,10.5,N,0
22.0144,92.4507,310.4,1,1,2012-03-28,1602,Terra,MODIS,80,6.2,293.8,9,N,0
22.0402,92.5578,334.9,1.7,1.3,2012-03-29,0411,Terra,MODIS,74,6.2,307.4,51.8,D,0
21.7743,92.3861,318.7,1.8,1.3,2012-03-29,0411,Terra,MODIS,66,6.2,305.3,15.1,D,0
22.0922,92.5139,323.5,1.7,1.3,2012-03-29,0411,Terra,MODIS,45,6.2,305.8,19.4,D,0
23.3635,92.2443,337.5,1.9,1.3,2012-03-29,0411,Terra,MODIS,87,6.2,303.4,78.6,D,0
23.3615,92.2627,329,1.9,1.3,2012-03-29,0411,Terra,MODIS,80,6.2,302.1,48.3,D,0
23.3515,92.2427,318.5,1.9,1.3,2012-03-29,0411,Terra,MODIS,65,6.2,301.8,22.8,D,0
22.1503,92.4946,318.2,1.7,1.3,2012-03-29,0411,Terra,MODIS,54,6.2,305.6,13.2,D,0
22.1252,92.4032,321.8,1.8,1.3,2012-03-29,0411,Terra,MODIS,69,6.2,307,20,D,0
22.1234,92.4194,319.9,1.8,1.3,2012-03-29,0411,Terra,MODIS,65,6.2,306.6,15.3,D,0
22.2436,92.4772,317.9,1.8,1.3,2012-03-29,0411,Terra,MODIS,50,6.2,304,13.3,D,0
22.1833,92.4886,325.4,1.8,1.3,2012-03-29,0411,Terra,MODIS,75,6.2,305.9,30.5,D,0
22.1869,92.4834,322.8,1.8,1.3,2012-03-29,0411,Terra,MODIS,51,6.2,305.1,21.7,D,0
22.1852,92.498,322.3,1.7,1.3,2012-03-29,0411,Terra,MODIS,47,6.2,304.3,21.4,D,0
21.9161,92.5373,321,1.7,1.3,2012-03-29,0411,Terra,MODIS,56,6.2,306.7,18,D,0
21.9063,92.5207,321.2,1.7,1.3,2012-03-29,0411,Terra,MODIS,59,6.2,305.4,17,D,0
21.9045,92.5364,331.1,1.7,1.3,2012-03-29,0411,Terra,MODIS,82,6.2,306,43.4,D,0
21.9078,92.5301,335.7,1.7,1.3,2012-03-29,0411,Terra,MODIS,86,6.2,306.8,56.9,D,0
22.013,92.4867,324,1.7,1.3,2012-03-29,0411,Terra,MODIS,65,6.2,304.5,22.3,D,0
22.0073,92.5377,323.7,1.7,1.3,2012-03-29,0411,Terra,MODIS,71,6.2,306.1,22.4,D,0
22.0056,92.5532,323.9,1.7,1.3,2012-03-29,0411,Terra,MODIS,50,6.2,307.7,21.1,D,0
22.0048,92.4809,329,1.7,1.3,2012-03-29,0411,Terra,MODIS,70,6.2,306.5,34,D,0
21.9816,92.4777,319.3,1.7,1.3,2012-03-29,0411,Terra,MODIS,62,6.2,305.6,14.2,D,0
23.2464,92.0109,327.5,1.1,1,2012-03-29,0720,Aqua,MODIS,76,6.2,305.7,13.3,D,0
23.1992,92.0564,327.5,1.1,1,2012-03-29,0720,Aqua,MODIS,76,6.2,307.8,13.1,D,0
23.1899,92.0579,323.9,1.1,1,2012-03-29,0720,Aqua,MODIS,53,6.2,307.7,8.7,D,0
21.9746,92.3747,339.1,1.1,1,2012-03-29,0720,Aqua,MODIS,87,6.2,308.5,34.1,D,0
22.351,92.4427,327.9,1.1,1,2012-03-29,0720,Aqua,MODIS,75,6.2,311.1,13.9,D,0
22.3833,92.4322,328.4,1.1,1,2012-03-29,0720,Aqua,MODIS,76,6.2,310.9,14.1,D,0
22.3294,92.4245,330.1,1.1,1,2012-03-29,0720,Aqua,MODIS,77,6.2,309.3,17.3,D,0
23.0535,92.0853,329.3,1.1,1,2012-03-29,0720,Aqua,MODIS,78,6.2,307.2,17.1,D,0
23.0548,92.0959,338.7,1.1,1,2012-03-29,0720,Aqua,MODIS,87,6.2,307.5,32.2,D,0
23.0279,91.9613,345.5,1.1,1,2012-03-29,0720,Aqua,MODIS,92,6.2,308.1,42.1,D,0
22.7682,92.348,327.6,1.1,1,2012-03-29,0720,Aqua,MODIS,52,6.2,306.9,15,D,0
22.7696,92.359,345.4,1.1,1,2012-03-29,0720,Aqua,MODIS,92,6.2,308.1,47.2,D,0
23.0524,92.1504,322.4,1.1,1,2012-03-29,0720,Aqua,MODIS,59,6.2,304.9,9.4,D,0
22.7494,92.351,370.3,1.1,1,2012-03-29,0720,Aqua,MODIS,75,6.2,310.6,120.8,D,0
22.6751,92.2605,320.4,1.1,1,2012-03-29,0720,Aqua,MODIS,0,6.2,305.9,8.3,D,0
22.6764,92.2709,320,1.1,1,2012-03-29,0720,Aqua,MODIS,58,6.2,305.6,7.9,D,0
22.6326,92.2996,373.2,1.1,1,2012-03-29,0720,Aqua,MODIS,100,6.2,310.6,131.4,D,0
22.6339,92.31,362.1,1.1,1,2012-03-29,0720,Aqua,MODIS,100,6.2,308,91.2,D,0
22.6353,92.3204,320.8,1.1,1,2012-03-29,0720,Aqua,MODIS,47,6.2,305.9,6.7,D,0
22.6232,92.3011,321.8,1.1,1,2012-03-29,0720,Aqua,MODIS,39,6.2,307.8,7.6,D,0
22.7579,91.6462,318.9,1,1,2012-03-29,0720,Aqua,MODIS,56,6.2,301.8,8,D,0
23.0234,92.1175,326.3,1.1,1,2012-03-29,0720,Aqua,MODIS,74,6.2,309,13.4,D,0
23.0248,92.1281,322.2,1.1,1,2012-03-29,0720,Aqua,MODIS,67,6.2,308.3,8.4,D,0
23.0072,92.0665,320.8,1.1,1,2012-03-29,0720,Aqua,MODIS,64,6.2,306.3,7,D,0
22.9807,92.0814,350.4,1.1,1,2012-03-29,0720,Aqua,MODIS,95,6.2,307.6,57.3,D,0
22.9821,92.0918,327.6,1.1,1,2012-03-29,0720,Aqua,MODIS,76,6.2,306.8,15.2,D,0
21.4598,92.3888,327.1,1.1,1,2012-03-29,0720,Aqua,MODIS,76,6.2,296.5,21.9,D,0
23.2371,92.0123,336.2,1.1,1,2012-03-29,0720,Aqua,MODIS,85,6.2,307.6,26.1,D,0
21.9011,92.321,361.5,1.1,1,2012-03-29,0720,Aqua,MODIS,100,6.2,307.8,89.6,D,0
22.6246,92.3115,333.3,1.1,1,2012-03-29,0720,Aqua,MODIS,83,6.2,308.3,22.9,D,0
22.8677,91.9252,319.5,1.1,1,2012-03-29,0720,Aqua,MODIS,52,6.2,305.4,5.6,D,0
22.8601,92.0109,322.6,1.1,1,2012-03-29,0720,Aqua,MODIS,67,6.2,307.2,10,D,0
22.45,92.3072,331,1.1,1,2012-03-29,0720,Aqua,MODIS,80,6.2,308.3,20.4,D,0
22.48,92.4649,324.1,1.1,1.1,2012-03-29,0720,Aqua,MODIS,48,6.2,308.2,8.4,D,0
22.4894,92.4635,324.2,1.1,1.1,2012-03-29,0720,Aqua,MODIS,58,6.2,309.2,8.9,D,0
22.4881,92.4531,324.9,1.1,1.1,2012-03-29,0720,Aqua,MODIS,62,6.2,309.2,9.6,D,0
22.4839,92.4212,327.4,1.1,1,2012-03-29,0720,Aqua,MODIS,68,6.2,309.1,12.4,D,0
22.4825,92.4104,336.4,1.1,1,2012-03-29,0720,Aqua,MODIS,85,6.2,310,26.7,D,0
22.6098,92.2708,320,1.1,1,2012-03-29,0720,Aqua,MODIS,47,6.2,305.8,8,D,0
22.5922,92.3335,341.4,1.1,1,2012-03-29,0720,Aqua,MODIS,89,6.2,309.5,37.7,D,0
22.5935,92.3437,355,1.1,1,2012-03-29,0720,Aqua,MODIS,97,6.2,309.2,70.2,D,0
21.5597,92.2312,321.2,1.1,1,2012-03-29,0720,Aqua,MODIS,63,6.2,305,8.8,D,0
23.4134,92.2165,332.7,1.1,1,2012-03-29,0720,Aqua,MODIS,82,6.2,306.4,23.6,D,0
23.4148,92.2273,326.1,1.1,1,2012-03-29,0720,Aqua,MODIS,74,6.2,306,13.8,D,0
22.8615,92.0213,322.1,1.1,1,2012-03-29,0720,Aqua,MODIS,66,6.2,306.2,9.1,D,0
22.8319,91.8678,327.6,1.1,1,2012-03-29,0720,Aqua,MODIS,76,6.2,306.7,15.1,D,0
22.7962,91.9316,330.8,1.1,1,2012-03-29,0720,Aqua,MODIS,80,6.2,303.4,20.3,D,0
22.7856,91.9228,317.7,1.1,1,2012-03-29,0720,Aqua,MODIS,34,6.2,303.1,5,D,0
22.787,91.9331,318.8,1.1,1,2012-03-29,0720,Aqua,MODIS,44,6.2,303.3,5.9,D,0
22.7818,91.9654,323,1.1,1,2012-03-29,0720,Aqua,MODIS,56,6.2,304.8,10.9,D,0
22.688,91.9551,317.6,1.1,1,2012-03-29,0720,Aqua,MODIS,35,6.2,302.2,6.3,D,0
22.6788,91.9566,339.4,1.1,1,2012-03-29,0720,Aqua,MODIS,88,6.2,304.4,36,D,0
22.6801,91.9668,323.6,1.1,1,2012-03-29,0720,Aqua,MODIS,70,6.2,302.1,13,D,0
22.6621,92.0915,321.4,1.1,1,2012-03-29,0720,Aqua,MODIS,66,6.2,305.1,8.7,D,0
23.3839,92.2103,372.8,1.1,1,2012-03-29,0720,Aqua,MODIS,100,6.2,308.8,131.2,D,0
22.5459,92.1269,320.1,1.1,1,2012-03-29,0720,Aqua,MODIS,62,6.2,306.6,6.1,D,0
22.5721,92.3261,331,1.1,1,2012-03-29,0720,Aqua,MODIS,80,6.2,309.5,18.9,D,0
22.5735,92.3366,326.3,1.1,1,2012-03-29,0720,Aqua,MODIS,74,6.2,308.1,12.2,D,0
22.5548,92.3396,324,1.1,1,2012-03-29,0720,Aqua,MODIS,35,6.2,307.7,7.8,D,0
21.8706,92.5036,324.9,1.1,1,2012-03-29,0720,Aqua,MODIS,47,6.2,301.7,12.6,D,0
22.4225,92.5128,323.3,1.1,1.1,2012-03-29,0720,Aqua,MODIS,67,6.2,305.7,10.5,D,0
23.4443,92.1952,320.8,1.1,1,2012-03-29,0720,Aqua,MODIS,63,6.2,305.4,8.1,D,0
23.3853,92.221,347.7,1.1,1,2012-03-29,0720,Aqua,MODIS,93,6.2,305.5,51,D,0
22.3902,92.4851,333.3,1.1,1.1,2012-03-29,0720,Aqua,MODIS,82,6.2,310,23.9,D,0
22.3915,92.4956,321.9,1.1,1.1,2012-03-29,0720,Aqua,MODIS,36,6.2,307.6,8.2,D,0
22.3634,92.5001,322.8,1.1,1.1,2012-03-29,0720,Aqua,MODIS,32,6.2,308.5,8.6,D,0
22.3647,92.5105,337.2,1.1,1.1,2012-03-29,0720,Aqua,MODIS,85,6.2,308.1,31.2,D,0
22.3594,92.5062,339.1,1.1,1.1,2012-03-29,0720,Aqua,MODIS,87,6.2,308.8,32.4,D,0
22.3607,92.5165,330.6,1.1,1.1,2012-03-29,0720,Aqua,MODIS,79,6.2,308.1,18.4,D,0
22.6779,92.0937,318.2,1.1,1,2012-03-29,0720,Aqua,MODIS,45,6.2,304.2,5.4,D,0
22.4614,92.1774,354.1,1.1,1,2012-03-29,0720,Aqua,MODIS,97,6.2,309.7,65,D,0
22.4628,92.1879,335.4,1.1,1,2012-03-29,0720,Aqua,MODIS,84,6.2,308.4,25.9,D,0
23.3745,92.2117,328.6,1.1,1,2012-03-29,0720,Aqua,MODIS,77,6.2,307,15.7,D,0
23.3585,92.2358,328.5,1.1,1,2012-03-29,0720,Aqua,MODIS,67,6.2,309.1,14.7,D,0
23.3599,92.2465,353.6,1.1,1.1,2012-03-29,0720,Aqua,MODIS,96,6.2,308.2,65.6,D,0
23.3613,92.2573,330.7,1.1,1.1,2012-03-29,0720,Aqua,MODIS,64,6.2,303.3,18.1,D,0
23.3491,92.2374,374.1,1.1,1,2012-03-29,0720,Aqua,MODIS,100,6.2,313.8,136.1,D,0
23.3505,92.248,441.8,1.1,1.1,2012-03-29,0720,Aqua,MODIS,100,6.2,320.5,696.1,D,0
23.3411,92.2495,325.9,1.1,1.1,2012-03-29,0720,Aqua,MODIS,26,6.2,303.9,13.3,D,0
22.4459,92.2758,326.3,1.1,1,2012-03-29,0720,Aqua,MODIS,74,6.2,307.9,13.8,D,0
22.303,92.2249,325.9,1.1,1,2012-03-29,0720,Aqua,MODIS,73,6.2,306.8,13.1,D,0
22.3044,92.2353,330.5,1.1,1,2012-03-29,0720,Aqua,MODIS,79,6.2,307.4,18.7,D,0
22.2713,92.2723,333.5,1.1,1,2012-03-29,0720,Aqua,MODIS,82,6.2,310.8,22.4,D,0
22.1461,92.572,327.5,1.1,1.1,2012-03-29,0720,Aqua,MODIS,75,6.2,303.3,16.8,D,0
22.1447,92.5615,324.7,1.1,1.1,2012-03-29,0720,Aqua,MODIS,46,6.2,303.3,12.3,D,0
22.2727,92.2828,338.2,1.1,1,2012-03-29,0720,Aqua,MODIS,86,6.2,308.7,30.6,D,0
22.262,92.2738,324.2,1.1,1,2012-03-29,0720,Aqua,MODIS,70,6.2,308.3,9.8,D,0
22.2634,92.2843,329.9,1.1,1,2012-03-29,0720,Aqua,MODIS,78,6.2,308.4,17.7,D,0
21.5349,92.5256,322.4,1.1,1,2012-03-29,0720,Aqua,MODIS,68,6.2,305.5,11,D,0
21.5197,92.4118,324.8,1.1,1,2012-03-29,0720,Aqua,MODIS,73,6.2,295.6,18.1,D,0
21.542,92.5283,316.6,1.1,1,2012-03-29,0720,Aqua,MODIS,19,6.2,304.2,6.4,D,0
21.5836,92.269,325,1.1,1,2012-03-29,0720,Aqua,MODIS,73,6.2,307,12.8,D,0
21.5849,92.279,349.4,1.1,1,2012-03-29,0720,Aqua,MODIS,94,6.2,306.7,55.3,D,0
21.5863,92.2891,325.6,1.1,1,2012-03-29,0720,Aqua,MODIS,61,6.2,304.1,12.9,D,0
21.5757,92.2806,325.2,1.1,1,2012-03-29,0720,Aqua,MODIS,73,6.2,306.1,13.3,D,0
21.561,92.2414,333.3,1.1,1,2012-03-29,0720,Aqua,MODIS,83,6.2,305.3,25.1,D,0
21.5719,92.323,331.5,1.1,1,2012-03-29,0720,Aqua,MODIS,81,6.2,305.3,22.7,D,0
21.5733,92.3334,356.6,1.1,1,2012-03-29,0720,Aqua,MODIS,98,6.2,304.1,75.1,D,0
21.5641,92.3348,320.8,1.1,1,2012-03-29,0720,Aqua,MODIS,64,6.2,304.4,10,D,0
21.4925,92.2795,322.5,1.1,1,2012-03-29,0720,Aqua,MODIS,70,6.2,301.9,12.9,D,0
21.4716,92.3349,316.3,1.1,1,2012-03-29,0720,Aqua,MODIS,50,6.2,298.6,8.8,D,0
21.3524,92.5344,317,1.1,1,2012-03-29,0720,Aqua,MODIS,55,6.2,304.1,7.9,D,0
22.2615,92.5383,339.7,1.1,1.1,2012-03-29,0720,Aqua,MODIS,87,6.2,304.5,36.4,D,0
22.2629,92.549,335.6,1.1,1.1,2012-03-29,0720,Aqua,MODIS,84,6.2,304.2,29.5,D,0
22.2494,92.5187,323.3,1.1,1.1,2012-03-29,0720,Aqua,MODIS,59,6.2,307.1,11.6,D,0
22.2535,92.5505,321.8,1.1,1.1,2012-03-29,0720,Aqua,MODIS,23,6.2,304.4,9.8,D,0
21.3877,92.533,349.9,1.1,1,2012-03-29,0720,Aqua,MODIS,95,6.2,307.1,61.2,D,0
23.0622,92.3393,350.4,1.1,1.1,2012-03-29,0720,Aqua,MODIS,95,6.2,310.2,58.2,D,0
23.0836,92.3186,324.8,1.1,1.1,2012-03-29,0720,Aqua,MODIS,72,6.2,307.7,11.6,D,0
23.1049,92.2615,321.9,1.1,1,2012-03-29,0720,Aqua,MODIS,66,6.2,308.6,7.7,D,0
21.5394,92.5078,335.2,1.1,1,2012-03-29,0720,Aqua,MODIS,84,6.2,308.4,29.9,D,0
23.1618,91.7758,336.6,1.1,1,2012-03-29,0720,Aqua,MODIS,85,6.2,305.8,27.8,D,0
22.1548,92.2332,333.2,1.1,1,2012-03-29,0720,Aqua,MODIS,82,6.2,308.7,22.4,D,0
22.722,92.4709,343.4,1.1,1.1,2012-03-29,0720,Aqua,MODIS,90,6.2,307.2,42.9,D,0
23.06,91.7777,342,1.1,1,2012-03-29,0720,Aqua,MODIS,90,6.2,308.2,37,D,0
23.0614,91.7879,364.4,1.1,1,2012-03-29,0720,Aqua,MODIS,100,6.2,307.8,93,D,0
23.0508,91.7792,328.4,1.1,1,2012-03-29,0720,Aqua,MODIS,77,6.2,307.4,15,D,0
23.0522,91.7894,352.2,1.1,1,2012-03-29,0720,Aqua,MODIS,96,6.2,307.7,58.3,D,0
23.0457,91.8113,326.2,1.1,1,2012-03-29,0720,Aqua,MODIS,74,6.2,306.7,13.2,D,0
21.538,92.4975,345.6,1.1,1,2012-03-29,0720,Aqua,MODIS,92,6.2,308.6,49.3,D,0
22.0089,92.4489,325.5,1.1,1,2012-03-29,0720,Aqua,MODIS,33,6.2,311.3,9.1,D,0
22.0035,92.4811,325.9,1.1,1,2012-03-29,0720,Aqua,MODIS,24,6.2,308.7,11.5,D,0
21.9794,92.3682,328.5,1.1,1,2012-03-29,0720,Aqua,MODIS,77,6.2,307.8,16.8,D,0
21.9807,92.3788,333.3,1.1,1,2012-03-29,0720,Aqua,MODIS,82,6.2,308,23.9,D,0
21.9027,92.5299,326.3,1.1,1,2012-03-29,0720,Aqua,MODIS,73,6.2,300.7,16.3,D,0
21.8732,92.5234,323.6,1.1,1,2012-03-29,0720,Aqua,MODIS,47,6.2,299.6,12.2,D,0
21.7727,92.5248,320.9,1.1,1,2012-03-29,0720,Aqua,MODIS,35,6.2,303.3,7.9,D,0
21.7812,92.3734,335.7,1.1,1,2012-03-29,0720,Aqua,MODIS,54,6.2,309.4,23.1,D,0
21.7932,92.3921,363.4,1.1,1,2012-03-29,0720,Aqua,MODIS,100,6.2,309.7,92.2,D,0
21.7995,92.396,339.4,1.1,1,2012-03-29,0720,Aqua,MODIS,87,6.2,304.7,36.4,D,0
22.7191,92.4491,322.3,1.1,1.1,2012-03-29,0720,Aqua,MODIS,26,6.2,307.4,8.4,D,0
21.7981,92.3857,339.8,1.1,1,2012-03-29,0720,Aqua,MODIS,88,6.2,307.7,37.3,D,0
21.7955,92.3657,337.5,1.1,1,2012-03-29,0720,Aqua,MODIS,86,6.2,310.2,32.2,D,0
21.821,92.4155,352.7,1.1,1,2012-03-29,0720,Aqua,MODIS,96,6.2,307.9,62.8,D,0
21.8196,92.4049,342,1.1,1,2012-03-29,0720,Aqua,MODIS,89,6.2,307.8,39.5,D,0
21.8303,92.4141,324.9,1.1,1,2012-03-29,0720,Aqua,MODIS,72,6.2,307.4,11.6,D,0
21.8289,92.4035,323.2,1.1,1,2012-03-29,0720,Aqua,MODIS,69,6.2,307.2,10.8,D,0
23.358,91.8698,326.9,1.1,1,2012-03-29,0720,Aqua,MODIS,75,6.2,307.3,13.2,D,0
23.3594,91.8803,325.6,1.1,1,2012-03-29,0720,Aqua,MODIS,73,6.2,306.7,11.6,D,0
23.3275,91.8533,324.5,1.1,1,2012-03-29,0720,Aqua,MODIS,61,6.2,306.1,9.4,D,0
23.3169,91.8443,372.5,1.1,1,2012-03-29,0720,Aqua,MODIS,100,6.2,310.4,121.3,D,0
23.3183,91.8548,336.9,1.1,1,2012-03-29,0720,Aqua,MODIS,86,6.2,307,26.4,D,0
21.7634,92.5262,322,1.1,1,2012-03-29,0720,Aqua,MODIS,48,6.2,304.5,9.5,D,0
21.6867,92.5014,326.9,1.1,1,2012-03-29,0720,Aqua,MODIS,74,6.2,307.5,16.6,D,0
21.7258,92.4571,318.4,1.1,1,2012-03-29,0720,Aqua,MODIS,52,6.2,303.2,7,D,0
21.7244,92.4462,341.9,1.1,1,2012-03-29,0720,Aqua,MODIS,89,6.2,303.9,42.2,D,0
23.1229,91.9085,325.4,1.1,1,2012-03-29,0720,Aqua,MODIS,62,6.2,305.5,10.5,D,0
23.1243,91.9187,324.3,1.1,1,2012-03-29,0720,Aqua,MODIS,25,6.2,303.9,9.2,D,0
23.115,91.9202,346.4,1.1,1,2012-03-29,0720,Aqua,MODIS,92,6.2,307.7,44.5,D,0
23.0871,91.91,320.8,1.1,1,2012-03-29,0720,Aqua,MODIS,65,6.2,305.1,6.4,D,0
23.0502,91.9159,324.5,1.1,1,2012-03-29,0720,Aqua,MODIS,50,6.2,305.5,9.5,D,0
23.0529,91.9365,358.5,1.1,1,2012-03-29,0720,Aqua,MODIS,99,6.2,307.6,74.4,D,0
23.0331,91.9291,337.5,1.1,1,2012-03-29,0720,Aqua,MODIS,85,6.2,305.2,25.6,D,0
23.0344,91.9393,329.3,1.1,1,2012-03-29,0720,Aqua,MODIS,43,6.2,305.7,12.5,D,0
23.0225,91.9202,347.1,1.1,1,2012-03-29,0720,Aqua,MODIS,93,6.2,307.9,46.3,D,0
22.7271,92.4754,334.9,1.1,1.1,2012-03-29,0720,Aqua,MODIS,84,6.2,306.2,27.1,D,0
22.7257,92.4645,324.2,1.1,1.1,2012-03-29,0720,Aqua,MODIS,51,6.2,306.6,10.4,D,0
22.2174,92.2769,328.2,1.1,1,2012-03-29,0720,Aqua,MODIS,76,6.2,310,15.1,D,0
21.7796,92.5771,339.8,1.1,1,2012-03-29,0720,Aqua,MODIS,88,6.2,308.5,35.9,D,0
21.7889,92.5754,326.5,1.1,1,2012-03-29,0720,Aqua,MODIS,72,6.2,307.2,14.8,D,0
21.5902,92.5327,332.2,1.1,1,2012-03-29,0720,Aqua,MODIS,81,6.2,306.5,25,D,0
21.5888,92.5219,322.1,1.1,1,2012-03-29,0720,Aqua,MODIS,66,6.2,305.3,10.8,D,0
21.5844,92.4166,351.8,1.1,1,2012-03-29,0720,Aqua,MODIS,95,6.2,303.6,65.1,D,0
21.6019,92.4771,324.3,1.1,1,2012-03-29,0720,Aqua,MODIS,71,6.2,301.9,14.6,D,0
21.6508,92.5177,327.5,1.1,1,2012-03-29,0720,Aqua,MODIS,75,6.2,308.5,16.7,D,0
23.0163,92.2808,321.7,1.1,1,2012-03-29,0720,Aqua,MODIS,66,6.2,307.4,8.1,D,0
23.011,92.3139,368.8,1.1,1,2012-03-29,0720,Aqua,MODIS,100,6.2,310.4,116.4,D,0
23.0124,92.3245,320.5,1.1,1.1,2012-03-29,0720,Aqua,MODIS,61,6.2,307.3,6.6,D,0
23.0016,92.3153,330.2,1.1,1,2012-03-29,0720,Aqua,MODIS,79,6.2,308.7,19.3,D,0
23.003,92.3259,328.6,1.1,1.1,2012-03-29,0720,Aqua,MODIS,77,6.2,307.6,17.1,D,0
22.7234,92.4818,324.2,1.1,1.1,2012-03-29,0720,Aqua,MODIS,64,6.2,305.9,11.6,D,0
22.7096,92.4503,322.9,1.1,1.1,2012-03-29,0720,Aqua,MODIS,40,6.2,306.9,9.3,D,0
22.6328,92.3755,331.8,1.1,1,2012-03-29,0720,Aqua,MODIS,81,6.2,306.4,22.8,D,0
22.633,92.4511,324.6,1.1,1.1,2012-03-29,0720,Aqua,MODIS,72,6.2,307.8,11.6,D,0
22.5996,92.4629,324.4,1.1,1.1,2012-03-29,0720,Aqua,MODIS,71,6.2,309.3,10.6,D,0
22.9653,92.3059,323.1,1.1,1,2012-03-29,0720,Aqua,MODIS,69,6.2,307.2,10.7,D,0
22.9667,92.3165,331.5,1.1,1,2012-03-29,0720,Aqua,MODIS,80,6.2,305.7,22.7,D,0
22.956,92.3074,347.5,1.1,1,2012-03-29,0720,Aqua,MODIS,93,6.2,308.6,53,D,0
22.9574,92.3181,356.5,1.1,1,2012-03-29,0720,Aqua,MODIS,98,6.2,309,76.5,D,0
23.0238,91.9305,349.6,1.1,1,2012-03-29,0720,Aqua,MODIS,94,6.2,307.5,51.7,D,0
23.0265,91.951,338.4,1.1,1,2012-03-29,0720,Aqua,MODIS,87,6.2,309.6,28.2,D,0
23.0156,91.9165,332.1,1.1,1,2012-03-29,0720,Aqua,MODIS,81,6.2,305.8,20.2,D,0
23.0169,91.9268,361.8,1.1,1,2012-03-29,0720,Aqua,MODIS,100,6.2,310.1,85.1,D,0
23.0183,91.9371,341.3,1.1,1,2012-03-29,0720,Aqua,MODIS,89,6.2,308.3,33.3,D,0
22.9971,91.9195,330.6,1.1,1,2012-03-29,0720,Aqua,MODIS,77,6.2,305.6,16.7,D,0
21.7619,92.5152,320.8,1.1,1,2012-03-29,0720,Aqua,MODIS,43,6.2,302.3,8.2,D,0
21.748,92.4095,325.1,1.1,1,2012-03-29,0720,Aqua,MODIS,70,6.2,305.1,13,D,0
21.7603,92.4302,333.7,1.1,1,2012-03-29,0720,Aqua,MODIS,82,6.2,308,25.1,D,0
22.7898,92.3673,322,1.1,1,2012-03-29,0720,Aqua,MODIS,67,6.2,305.4,10,D,0
22.7805,92.3687,327.8,1.1,1,2012-03-29,0720,Aqua,MODIS,75,6.2,306.5,16.5,D,0
22.186,92.4733,329.8,1.1,1,2012-03-29,0720,Aqua,MODIS,44,6.2,308.1,16.1,D,0
22.9684,91.9872,325.3,1.1,1,2012-03-29,0720,Aqua,MODIS,73,6.2,307,12.1,D,0
22.9444,91.9487,325.1,1.1,1,2012-03-29,0720,Aqua,MODIS,69,6.2,307,11.2,D,0
22.9392,91.9809,327.6,1.1,1,2012-03-29,0720,Aqua,MODIS,76,6.2,306.2,15.2,D,0
22.9406,91.9916,333.9,1.1,1,2012-03-29,0720,Aqua,MODIS,83,6.2,306.6,24.5,D,0
22.9281,92.0961,346,1.1,1,2012-03-29,0720,Aqua,MODIS,92,6.2,307.5,46.9,D,0
22.9295,92.1065,325.6,1.1,1,2012-03-29,0720,Aqua,MODIS,73,6.2,306.7,12,D,0
22.905,91.9931,329.4,1.1,1,2012-03-29,0720,Aqua,MODIS,78,6.2,307.1,16.1,D,0
22.8957,91.9945,333.2,1.1,1,2012-03-29,0720,Aqua,MODIS,82,6.2,306.5,21.7,D,0
21.928,92.0973,320.7,1.1,1,2012-03-29,0720,Aqua,MODIS,64,6.2,306.5,8.2,D,0
21.9028,92.4071,326.3,1.1,1,2012-03-29,0720,Aqua,MODIS,74,6.2,308.3,13.3,D,0
21.9203,92.4684,323.5,1.1,1,2012-03-29,0720,Aqua,MODIS,69,6.2,309.5,9.2,D,0
21.919,92.4579,323.7,1.1,1,2012-03-29,0720,Aqua,MODIS,69,6.2,310.8,9,D,0
22.2181,92.4262,328.6,1.1,1,2012-03-29,0720,Aqua,MODIS,67,6.2,308.7,13.6,D,0
22.2209,92.4473,329.5,1.1,1,2012-03-29,0720,Aqua,MODIS,78,6.2,310.1,16,D,0
22.2222,92.4577,325.3,1.1,1,2012-03-29,0720,Aqua,MODIS,23,6.2,308.7,10.3,D,0
22.2249,92.4784,327,1.1,1,2012-03-29,0720,Aqua,MODIS,65,6.2,307.1,14,D,0
22.2292,92.5114,362.5,1.1,1.1,2012-03-29,0720,Aqua,MODIS,100,6.2,309.9,94.5,D,0
22.2306,92.5219,338.5,1.1,1.1,2012-03-29,0720,Aqua,MODIS,86,6.2,306.3,33.8,D,0
22.3938,92.366,328.6,1.1,1,2012-03-29,0720,Aqua,MODIS,77,6.2,309,16.2,D,0
22.2167,92.4156,328.1,1.1,1,2012-03-29,0720,Aqua,MODIS,76,6.2,309.2,13.5,D,0
22.124,92.4033,334.7,1.1,1,2012-03-29,0720,Aqua,MODIS,83,6.2,312.1,22.2,D,0
22.1254,92.414,330.4,1.1,1,2012-03-29,0720,Aqua,MODIS,79,6.2,311,15.7,D,0
22.1146,92.4047,335.4,1.1,1,2012-03-29,0720,Aqua,MODIS,84,6.2,311,23.2,D,0
22.0529,92.4212,328.8,1.1,1,2012-03-29,0720,Aqua,MODIS,77,6.2,310.4,12.8,D,0
21.7864,92.3414,378.9,1.1,1,2012-03-29,0720,Aqua,MODIS,100,6.2,309.9,152.6,D,0
22.0183,92.4477,330.4,1.1,1,2012-03-29,0720,Aqua,MODIS,75,6.2,309.7,14.9,D,0
22.0894,92.5044,326.7,1.1,1,2012-03-29,0720,Aqua,MODIS,64,6.2,307.9,14.1,D,0
22.8983,92.3051,348.5,1.1,1,2012-03-29,0720,Aqua,MODIS,94,6.2,307.4,55.1,D,0
21.8998,92.311,326.7,1.1,1,2012-03-29,0720,Aqua,MODIS,75,6.2,306.3,15.6,D,0
22.5416,92.3848,322.9,1.1,1,2012-03-29,0720,Aqua,MODIS,56,6.2,309.3,8.1,D,0
22.5251,92.3709,326.3,1.1,1,2012-03-29,0720,Aqua,MODIS,69,6.2,312,10.7,D,0
22.8876,92.2961,328.4,1.1,1,2012-03-29,0720,Aqua,MODIS,73,6.2,307.1,17.1,D,0
22.8889,92.3065,359.5,1.1,1,2012-03-29,0720,Aqua,MODIS,99,6.2,309.2,84.3,D,0
21.7851,92.3311,382.6,1.1,1,2012-03-29,0720,Aqua,MODIS,100,6.2,311.9,170.8,D,0
21.8163,92.2363,325.3,1.1,1,2012-03-29,0720,Aqua,MODIS,73,6.2,306.8,13.3,D,0
21.8027,92.1338,319.3,1.1,1,2012-03-29,0720,Aqua,MODIS,60,6.2,306.1,5.7,D,0
21.8013,92.1236,324.2,1.1,1,2012-03-29,0720,Aqua,MODIS,71,6.2,307.4,11.1,D,0
22.1457,92.496,331.3,1.1,1,2012-03-29,0720,Aqua,MODIS,79,6.2,309.5,19.6,D,0
22.1295,92.4458,322.4,1.1,1,2012-03-29,0720,Aqua,MODIS,42,6.2,309.1,7.4,D,0
22.135,92.4873,334,1.1,1,2012-03-29,0720,Aqua,MODIS,82,6.2,310.3,22.7,D,0
22.1363,92.4977,375.6,1.1,1,2012-03-29,0720,Aqua,MODIS,100,6.2,314,141.1,D,0
22.1377,92.5082,334.4,1.1,1,2012-03-29,0720,Aqua,MODIS,83,6.2,308.1,24,D,0
22.1269,92.4988,324.8,1.1,1,2012-03-29,0720,Aqua,MODIS,57,6.2,308.4,10.4,D,0
23.4725,91.9739,341.9,1.1,1,2012-03-29,0720,Aqua,MODIS,89,6.2,306.1,39.4,D,0
23.4581,92.0086,318,1.1,1,2012-03-29,0720,Aqua,MODIS,49,6.2,303.8,6,D,0
23.3306,91.9486,322.2,1.1,1,2012-03-29,0720,Aqua,MODIS,67,6.2,306.6,8,D,0
21.5183,92.4015,321.6,1.1,1,2012-03-29,0720,Aqua,MODIS,67,6.2,297.7,13.7,D,0
21.5538,92.4002,333.1,1.1,1,2012-03-29,0720,Aqua,MODIS,82,6.2,302.9,27.6,D,0
21.583,92.4063,326.5,1.1,1,2012-03-29,0720,Aqua,MODIS,75,6.2,303,17.9,D,0
21.6997,92.1868,321.6,1.1,1,2012-03-29,0720,Aqua,MODIS,61,6.2,304.2,10.4,D,0
22.8903,92.3174,320.5,1.1,1,2012-03-29,0720,Aqua,MODIS,46,6.2,306.7,7.3,D,0
23.5517,92.237,335.2,1.1,1.1,2012-03-29,0720,Aqua,MODIS,84,6.2,307,30.3,D,0
23.5372,91.979,331.1,1.1,1,2012-03-29,0720,Aqua,MODIS,80,6.2,304.3,21.1,D,0
23.5386,91.9895,340.4,1.1,1,2012-03-29,0720,Aqua,MODIS,88,6.2,303.7,38.4,D,0
23.5399,92,324.9,1.1,1,2012-03-29,0720,Aqua,MODIS,72,6.2,303.7,14.7,D,0
23.5279,91.9804,320.4,1.1,1,2012-03-29,0720,Aqua,MODIS,37,6.2,303.6,7.6,D,0
23.5123,92.08,322.4,1.1,1,2012-03-29,0720,Aqua,MODIS,68,6.2,302.9,13.1,D,0
23.4429,92.1845,322.2,1.1,1,2012-03-29,0720,Aqua,MODIS,67,6.2,305.1,9.9,D,0
23.4091,92.0702,325.2,1.1,1,2012-03-29,0720,Aqua,MODIS,73,6.2,304.8,14.1,D,0
23.4105,92.0809,330.7,1.1,1,2012-03-29,0720,Aqua,MODIS,80,6.2,305.2,21.6,D,0
23.4045,92.0767,347.4,1.1,1,2012-03-29,0720,Aqua,MODIS,93,6.2,306.6,52.9,D,0
23.4059,92.0874,322,1.1,1,2012-03-29,0720,Aqua,MODIS,67,6.2,305.3,10.3,D,0
23.3807,92.1129,330.9,1.1,1,2012-03-29,0720,Aqua,MODIS,80,6.2,304.8,22,D,0
23.3821,92.1235,320.3,1.1,1,2012-03-29,0720,Aqua,MODIS,63,6.2,303.6,8.2,D,0
23.3713,92.1143,356.8,1.1,1,2012-03-29,0720,Aqua,MODIS,98,6.2,307.2,76.4,D,0
23.3727,92.125,353.4,1.1,1,2012-03-29,0720,Aqua,MODIS,96,6.2,305.9,67.3,D,0
23.3689,92.1689,320.7,1.1,1,2012-03-29,0720,Aqua,MODIS,64,6.2,305.5,8.6,D,0
21.8713,92.365,328.9,1.1,1,2012-03-29,0720,Aqua,MODIS,78,6.2,308.2,17.3,D,0
23.5729,91.9624,327,1.1,1,2012-03-29,0721,Aqua,MODIS,75,6.2,303,15.7,D,0
23.5793,91.9667,340,1.1,1,2012-03-29,0721,Aqua,MODIS,88,6.2,304.3,38.2,D,0
23.6615,91.9428,328.7,1.1,1,2012-03-29,0721,Aqua,MODIS,63,6.2,305.7,17,D,0
23.6601,91.9323,327.1,1.1,1,2012-03-29,0721,Aqua,MODIS,54,6.2,308.5,13.6,D,0
23.643,91.9457,326.5,1.1,1,2012-03-29,0721,Aqua,MODIS,48,6.2,306,13.8,D,0
23.6416,91.9352,325.6,1.1,1,2012-03-29,0721,Aqua,MODIS,33,6.2,307.2,11.2,D,0
23.5779,91.9559,324.2,1.1,1,2012-03-29,0721,Aqua,MODIS,70,6.2,304,13.1,D,0
23.5465,91.9775,328,1.1,1,2012-03-29,0721,Aqua,MODIS,74,6.2,304.3,16.7,D,0
23.6522,91.9443,412.7,1.1,1,2012-03-29,0721,Aqua,MODIS,100,6.2,316.2,366.8,D,0
23.6508,91.9337,402.8,1.1,1,2012-03-29,0721,Aqua,MODIS,100,6.2,318.4,289.1,D,0
23.5479,91.9881,332.6,1.1,1,2012-03-29,0721,Aqua,MODIS,82,6.2,303.6,24.2,D,0
23.5516,91.9442,326,1.1,1,2012-03-29,0721,Aqua,MODIS,66,6.2,305.9,12.1,D,0
22.2408,92.5482,318.2,1.1,1.1,2012-03-29,1930,Aqua,MODIS,96,6.2,291.8,18.3,N,0
22.2626,92.5293,301.9,1.1,1.1,2012-03-29,1930,Aqua,MODIS,44,6.2,291.8,5.5,N,0
21.9832,92.4907,302.9,1.1,1.1,2012-03-29,1930,Aqua,MODIS,52,6.2,290.7,6.3,N,0
21.8781,92.5124,305.7,1.1,1.1,2012-03-29,1930,Aqua,MODIS,65,6.2,292.1,8.2,N,0
21.8013,92.5476,302.7,1.1,1.1,2012-03-29,1930,Aqua,MODIS,51,6.2,290.2,6.7,N,0
21.8766,92.5238,312.9,1.1,1.1,2012-03-29,1930,Aqua,MODIS,86,6.2,291.1,14.2,N,0
22.2394,92.5583,305.3,1.1,1.1,2012-03-29,1930,Aqua,MODIS,64,6.2,292.1,7.2,N,0
24.1014,89.3724,328.7,1.1,1,2012-03-30,0453,Terra,MODIS,78,6.2,305.7,18.1,D,0
22.1666,92.5086,315.9,1.7,1.3,2012-03-30,0454,Terra,MODIS,60,6.2,300.8,14.7,D,0
22.3033,92.0673,312.2,1.6,1.2,2012-03-30,0454,Terra,MODIS,44,6.2,294.8,9.6,D,0
21.5477,92.5435,318,1.8,1.3,2012-03-30,0454,Terra,MODIS,67,6.2,300.3,22.2,D,0
21.8763,92.3238,314.6,1.7,1.3,2012-03-30,0454,Terra,MODIS,59,6.2,298.2,14.7,D,0
22.0986,92.503,316.2,1.7,1.3,2012-03-30,0454,Terra,MODIS,60,6.2,300.4,12.9,D,0
23.2282,91.8471,321.6,1,1,2012-03-31,0708,Aqua,MODIS,66,6.2,298.5,7.9,D,0
21.9412,92.3072,334.8,1,1,2012-03-31,0708,Aqua,MODIS,76,6.2,303.8,24.4,D,0
21.9382,92.287,381.3,1,1,2012-03-31,0708,Aqua,MODIS,100,6.2,308.4,155.4,D,0
21.9366,92.277,326.9,1,1,2012-03-31,0708,Aqua,MODIS,77,6.2,304.4,14.8,D,0
21.9503,92.3056,325.9,1,1,2012-03-31,0708,Aqua,MODIS,30,6.2,303.6,11.7,D,0
21.9487,92.2954,336.5,1,1,2012-03-31,0708,Aqua,MODIS,86,6.2,304.4,26.1,D,0
21.9472,92.2854,321.7,1,1,2012-03-31,0708,Aqua,MODIS,69,6.2,304,8.1,D,0
21.9652,92.343,347.5,1,1,2012-03-31,0708,Aqua,MODIS,93,6.2,305,49.1,D,0
21.9637,92.3331,331.4,1,1,2012-03-31,0708,Aqua,MODIS,82,6.2,304.5,19.5,D,0
21.9578,92.2939,353.1,1,1,2012-03-31,0708,Aqua,MODIS,96,6.2,304.8,59.1,D,0
21.9563,92.2838,339.8,1,1,2012-03-31,0708,Aqua,MODIS,89,6.2,304.2,32.9,D,0
21.9804,92.3202,361.3,1,1,2012-03-31,0708,Aqua,MODIS,100,6.2,306.1,80.5,D,0
21.9789,92.3106,346,1,1,2012-03-31,0708,Aqua,MODIS,92,6.2,305.6,43.8,D,0
21.9729,92.2705,333.5,1,1,2012-03-31,0708,Aqua,MODIS,84,6.2,303.2,23.8,D,0
21.9714,92.2606,333.8,1,1,2012-03-31,0708,Aqua,MODIS,84,6.2,304.4,24.3,D,0
21.9804,92.259,341.5,1,1,2012-03-31,0708,Aqua,MODIS,90,6.2,304.4,36.9,D,0
22.557,92.4139,320.7,1,1,2012-03-31,0708,Aqua,MODIS,68,6.2,303.9,8.8,D,0
22.5585,92.4238,325.6,1,1,2012-03-31,0708,Aqua,MODIS,76,6.2,303.9,14.3,D,0
23.6288,91.9403,321.1,1,1,2012-03-31,0708,Aqua,MODIS,46,6.2,304,7.7,D,0
22.0689,92.2377,353.2,1,1,2012-03-31,0708,Aqua,MODIS,96,6.2,305.6,60.2,D,0
23.1972,92.258,322.2,1,1,2012-03-31,0708,Aqua,MODIS,70,6.2,301.9,9.2,D,0
22.0915,92.2644,320.9,1,1,2012-03-31,0708,Aqua,MODIS,47,6.2,305.1,6.9,D,0
22.0794,92.2462,341.3,1,1,2012-03-31,0708,Aqua,MODIS,90,6.2,305.8,34.9,D,0
22.081,92.2564,334.3,1,1,2012-03-31,0708,Aqua,MODIS,84,6.2,304.6,22.9,D,0
22.0825,92.2662,357.5,1,1,2012-03-31,0708,Aqua,MODIS,98,6.2,308.3,70.2,D,0
22.0839,92.2758,360.1,1,1,2012-03-31,0708,Aqua,MODIS,100,6.2,308.3,78.2,D,0
22.0749,92.2776,335.2,1,1,2012-03-31,0708,Aqua,MODIS,85,6.2,303.8,24.7,D,0
22.0703,92.3086,328.3,1,1,2012-03-31,0708,Aqua,MODIS,79,6.2,304.1,16.1,D,0
22.0718,92.3186,350.1,1,1,2012-03-31,0708,Aqua,MODIS,95,6.2,305.4,54.2,D,0
22.0447,92.2626,345.4,1,1,2012-03-31,0708,Aqua,MODIS,92,6.2,307.6,42.1,D,0
22.0463,92.2728,353.9,1,1,2012-03-31,0708,Aqua,MODIS,97,6.2,307.4,60.5,D,0
22.0478,92.2828,388.5,1,1,2012-03-31,0708,Aqua,MODIS,100,6.2,308.4,188,D,0
22.0552,92.3315,323.1,1,1,2012-03-31,0708,Aqua,MODIS,72,6.2,304.4,10.2,D,0
22.0356,92.2641,362.4,1,1,2012-03-31,0708,Aqua,MODIS,100,6.2,306.4,85.3,D,0
22.0372,92.2744,323.4,1,1,2012-03-31,0708,Aqua,MODIS,62,6.2,303.4,8.7,D,0
22.0461,92.3332,328.7,1,1,2012-03-31,0708,Aqua,MODIS,79,6.2,304.4,16.9,D,0
22.0221,92.2972,336.7,1,1,2012-03-31,0708,Aqua,MODIS,86,6.2,304.5,27.8,D,0
22.0236,92.3069,321.6,1,1,2012-03-31,0708,Aqua,MODIS,55,6.2,303,8.4,D,0
22.0122,92.2846,333.7,1,1,2012-03-31,0708,Aqua,MODIS,84,6.2,304.4,22.3,D,0
22.0031,92.2862,322.9,1,1,2012-03-31,0708,Aqua,MODIS,64,6.2,303.1,9.3,D,0
21.9985,92.3169,356.1,1,1,2012-03-31,0708,Aqua,MODIS,98,6.2,305.8,67.2,D,0
22,92.3268,396.7,1,1,2012-03-31,0708,Aqua,MODIS,100,6.2,309.5,233.6,D,0
22.0014,92.3367,322.5,1,1,2012-03-31,0708,Aqua,MODIS,65,6.2,304.2,9.6,D,0
21.9819,92.269,350.7,1,1,2012-03-31,0708,Aqua,MODIS,95,6.2,303.8,55,D,0
21.9894,92.3185,343.5,1,1,2012-03-31,0708,Aqua,MODIS,91,6.2,305.2,38.6,D,0
21.9909,92.3283,353.3,1,1,2012-03-31,0708,Aqua,MODIS,96,6.2,305.5,59.6,D,0
22.0503,92.54,326.2,1,1,2012-03-31,0708,Aqua,MODIS,76,6.2,308.5,10.6,D,0
22.0445,92.4448,335.4,1,1,2012-03-31,0708,Aqua,MODIS,85,6.2,308.2,21.9,D,0
22.043,92.4349,382.9,1,1,2012-03-31,0708,Aqua,MODIS,100,6.2,313.3,157.5,D,0
22.052,92.4335,335.4,1,1,2012-03-31,0708,Aqua,MODIS,85,6.2,308.3,22.4,D,0
22.067,92.4715,328.2,1,1,2012-03-31,0708,Aqua,MODIS,78,6.2,308.6,13,D,0
22.076,92.4698,323.7,1,1,2012-03-31,0708,Aqua,MODIS,46,6.2,307.4,7.9,D,0
22.0984,92.4961,320.2,1,1,2012-03-31,0708,Aqua,MODIS,49,6.2,304.8,6.6,D,0
23.6051,91.9604,333.3,1,1,2012-03-31,0708,Aqua,MODIS,83,6.2,303.8,24.6,D,0
23.5127,91.9633,317.3,1,1,2012-03-31,0708,Aqua,MODIS,55,6.2,302.5,5,D,0
23.2401,92.2944,327.1,1,1,2012-03-31,0708,Aqua,MODIS,77,6.2,303.1,16.6,D,0
23.2415,92.3043,330.5,1,1,2012-03-31,0708,Aqua,MODIS,81,6.2,302.6,20.9,D,0
22.4154,92.3347,337.3,1,1,2012-03-31,0708,Aqua,MODIS,87,6.2,306,28.8,D,0
22.4139,92.3251,368.2,1,1,2012-03-31,0708,Aqua,MODIS,100,6.2,307.1,102.7,D,0
22.4363,92.412,325.9,1,1,2012-03-31,0708,Aqua,MODIS,76,6.2,303.8,11,D,0
22.4348,92.4021,332.1,1,1,2012-03-31,0708,Aqua,MODIS,82,6.2,306.5,19.6,D,0
22.4333,92.3921,323.1,1,1,2012-03-31,0708,Aqua,MODIS,59,6.2,306.9,9.3,D,0
22.4244,92.333,356.2,1,1,2012-03-31,0708,Aqua,MODIS,98,6.2,305.8,68,D,0
22.4229,92.3234,384.1,1,1,2012-03-31,0708,Aqua,MODIS,100,6.2,310.9,166.1,D,0
22.7819,91.6501,326.1,1.1,1,2012-03-31,0708,Aqua,MODIS,75,6.2,305,14.8,D,0
22.8091,92.0093,318.7,1,1,2012-03-31,0708,Aqua,MODIS,57,6.2,301.3,7.4,D,0
22.7559,91.9635,317.5,1,1,2012-03-31,0708,Aqua,MODIS,41,6.2,300.9,6.3,D,0
22.7394,92.0385,320.3,1,1,2012-03-31,0708,Aqua,MODIS,65,6.2,303.8,8.2,D,0
22.6522,91.8843,333.3,1.1,1,2012-03-31,0708,Aqua,MODIS,83,6.2,303.4,23.4,D,0
22.666,91.9751,324.2,1,1,2012-03-31,0708,Aqua,MODIS,72,6.2,302.8,12.9,D,0
22.6523,91.9465,323.8,1,1,2012-03-31,0708,Aqua,MODIS,72,6.2,304.5,12,D,0
22.6539,91.9566,323.5,1,1,2012-03-31,0708,Aqua,MODIS,71,6.2,303.6,11.5,D,0
22.4467,92.4201,326.1,1,1,2012-03-31,0708,Aqua,MODIS,76,6.2,304.5,12.1,D,0
22.4453,92.4105,372.2,1,1,2012-03-31,0708,Aqua,MODIS,100,6.2,306.7,114.8,D,0
22.4438,92.4006,364.6,1,1,2012-03-31,0708,Aqua,MODIS,100,6.2,307.8,89.6,D,0
22.4196,92.4852,322.7,1,1,2012-03-31,0708,Aqua,MODIS,71,6.2,306.5,9,D,0
22.3549,92.5422,320.6,1,1,2012-03-31,0708,Aqua,MODIS,55,6.2,304.2,7,D,0
22.3445,92.5342,370.3,1,1,2012-03-31,0708,Aqua,MODIS,100,6.2,308.8,108.5,D,0
22.3459,92.5438,385.9,1,1,2012-03-31,0708,Aqua,MODIS,100,6.2,306.8,171.5,D,0
22.3281,92.4867,331.1,1,1,2012-03-31,0708,Aqua,MODIS,82,6.2,306.3,19.7,D,0
22.6767,92.1067,318.5,1,1,2012-03-31,0708,Aqua,MODIS,61,6.2,302.1,6.7,D,0
21.6307,92.2642,357.6,1,1,2012-03-31,0708,Aqua,MODIS,98,6.2,304.1,74,D,0
21.6322,92.2738,342.2,1,1,2012-03-31,0708,Aqua,MODIS,90,6.2,304.9,38.9,D,0
21.6111,92.2574,317.2,1,1,2012-03-31,0708,Aqua,MODIS,59,6.2,301.6,6.2,D,0
21.6126,92.2677,317.7,1,1,2012-03-31,0708,Aqua,MODIS,60,6.2,301.7,6.3,D,0
21.5884,92.2921,332.2,1,1,2012-03-31,0708,Aqua,MODIS,83,6.2,303.3,23.7,D,0
21.5641,92.2551,332.8,1,1,2012-03-31,0708,Aqua,MODIS,83,6.2,302.7,26,D,0
21.5657,92.3267,318.3,1,1,2012-03-31,0708,Aqua,MODIS,38,6.2,302.9,8,D,0
21.5672,92.3365,328.6,1,1,2012-03-31,0708,Aqua,MODIS,63,6.2,304.7,18,D,0
21.5687,92.3462,358.7,1,1,2012-03-31,0708,Aqua,MODIS,99,6.2,305.5,76.6,D,0
21.5564,92.3247,355.7,1,1,2012-03-31,0708,Aqua,MODIS,98,6.2,303.8,69.9,D,0
21.5578,92.3344,335,1,1,2012-03-31,0708,Aqua,MODIS,85,6.2,303.5,27.3,D,0
21.5593,92.3441,339.5,1,1,2012-03-31,0708,Aqua,MODIS,89,6.2,306,34.6,D,0
23.0981,92.332,346.8,1,1,2012-03-31,0708,Aqua,MODIS,93,6.2,304.2,44.7,D,0
21.4779,92.5364,319.1,1,1,2012-03-31,0708,Aqua,MODIS,69,6.2,298.2,9.8,D,0
21.4794,92.5459,345,1,1,2012-03-31,0708,Aqua,MODIS,92,6.2,298.5,46.9,D,0
21.4645,92.5083,320.4,1,1,2012-03-31,0708,Aqua,MODIS,37,6.2,302.4,9.5,D,0
21.4539,92.5001,413.4,1,1,2012-03-31,0708,Aqua,MODIS,100,6.2,313.9,349.5,D,0
21.4554,92.5099,327.9,1,1,2012-03-31,0708,Aqua,MODIS,80,6.2,301.9,18,D,0
21.4449,92.5015,318,1,1,2012-03-31,0708,Aqua,MODIS,26,6.2,301.5,6.9,D,0
21.4357,92.5636,334.2,1,1,2012-03-31,0708,Aqua,MODIS,85,6.2,301.5,29,D,0
21.4372,92.5733,326.9,1,1,2012-03-31,0708,Aqua,MODIS,79,6.2,301.6,18.7,D,0
21.3663,92.169,328.9,1.1,1,2012-03-31,0708,Aqua,MODIS,80,6.2,300.8,21.1,D,0
23.3181,92.204,326.1,1,1,2012-03-31,0708,Aqua,MODIS,74,6.2,301.9,13.2,D,0
23.3166,92.1941,349.9,1,1,2012-03-31,0708,Aqua,MODIS,95,6.2,303.9,52.9,D,0
23.3271,92.2024,344.6,1,1,2012-03-31,0708,Aqua,MODIS,92,6.2,303.7,40.9,D,0
23.3256,92.1925,370.7,1,1,2012-03-31,0708,Aqua,MODIS,100,6.2,306.5,111.4,D,0
23.3406,92.2305,338.7,1,1,2012-03-31,0708,Aqua,MODIS,83,6.2,297.7,30.4,D,0
23.3511,92.2387,362,1,1,2012-03-31,0708,Aqua,MODIS,87,6.2,292.2,81.1,D,0
23.3496,92.2289,399.5,1,1,2012-03-31,0708,Aqua,MODIS,100,6.2,305.7,244.5,D,0
23.3601,92.2371,334.5,1,1,2012-03-31,0708,Aqua,MODIS,65,6.2,295.9,21.5,D,0
23.3586,92.2273,340.8,1,1,2012-03-31,0708,Aqua,MODIS,78,6.2,301,30.8,D,0
23.3541,92.1975,339.9,1,1,2012-03-31,0708,Aqua,MODIS,87,6.2,305,31,D,0
23.369,92.2355,344.9,1,1,2012-03-31,0708,Aqua,MODIS,92,6.2,297.1,41.1,D,0
23.3766,92.2239,348.3,1,1,2012-03-31,0708,Aqua,MODIS,94,6.2,299.5,48.3,D,0
23.3751,92.2141,319.9,1,1,2012-03-31,0708,Aqua,MODIS,23,6.2,300.3,7.1,D,0
23.3736,92.2042,323.6,1,1,2012-03-31,0708,Aqua,MODIS,44,6.2,302.6,10.4,D,0
23.3721,92.1943,325,1,1,2012-03-31,0708,Aqua,MODIS,68,6.2,302.1,12.1,D,0
21.6677,92.2105,335.9,1,1,2012-03-31,0708,Aqua,MODIS,86,6.2,303.4,28.3,D,0
21.6692,92.2205,337.2,1,1,2012-03-31,0708,Aqua,MODIS,87,6.2,302.8,29.1,D,0
21.6601,92.2222,348.2,1,1,2012-03-31,0708,Aqua,MODIS,94,6.2,303.3,51.4,D,0
21.6617,92.2323,331.1,1,1,2012-03-31,0708,Aqua,MODIS,81,6.2,302.4,20.1,D,0
21.651,92.2238,333.7,1,1,2012-03-31,0708,Aqua,MODIS,84,6.2,301.6,26.4,D,0
21.6526,92.234,352.8,1,1,2012-03-31,0708,Aqua,MODIS,96,6.2,302.3,62.9,D,0
24.2175,91.6198,323.1,1,1,2012-03-31,0708,Aqua,MODIS,64,6.2,303.4,10.4,D,0
21.687,92.5778,315,1,1,2012-03-31,0708,Aqua,MODIS,7,6.2,296.5,4.4,D,0
21.5707,92.5443,338.6,1,1,2012-03-31,0708,Aqua,MODIS,88,6.2,299.4,31.5,D,0
21.5603,92.5363,341.3,1,1,2012-03-31,0708,Aqua,MODIS,90,6.2,301.1,37,D,0
21.5617,92.5458,334.5,1,1,2012-03-31,0708,Aqua,MODIS,80,6.2,300.5,24.9,D,0
21.5422,92.5393,327,1,1,2012-03-31,0708,Aqua,MODIS,76,6.2,300.9,15.6,D,0
21.5332,92.5407,346.7,1,1,2012-03-31,0708,Aqua,MODIS,93,6.2,302.1,48.1,D,0
21.5346,92.5504,326.1,1,1,2012-03-31,0708,Aqua,MODIS,78,6.2,301,15.1,D,0
21.4974,92.5428,325.1,1,1,2012-03-31,0708,Aqua,MODIS,77,6.2,301.1,15.6,D,0
21.4884,92.5444,360.6,1,1,2012-03-31,0708,Aqua,MODIS,100,6.2,300.6,83.3,D,0
21.4796,92.4855,322.3,1,1,2012-03-31,0708,Aqua,MODIS,50,6.2,302.2,10.8,D,0
21.4557,92.3886,320.4,1,1,2012-03-31,0708,Aqua,MODIS,70,6.2,293.3,10.6,D,0
21.4661,92.4574,321.5,1,1,2012-03-31,0708,Aqua,MODIS,72,6.2,304.1,11.1,D,0
21.4482,92.4002,397.4,1,1,2012-03-31,0708,Aqua,MODIS,100,6.2,306.1,241.6,D,0
21.4497,92.4101,346.7,1,1,2012-03-31,0708,Aqua,MODIS,93,6.2,299.7,48.8,D,0
21.457,92.459,338.9,1,1,2012-03-31,0708,Aqua,MODIS,89,6.2,304.1,34.5,D,0
21.4391,92.4017,326.9,1,1,2012-03-31,0708,Aqua,MODIS,43,6.2,300.9,16.5,D,0
21.4406,92.4117,351.4,1,1,2012-03-31,0708,Aqua,MODIS,96,6.2,302,59.3,D,0
23.1178,92.0383,341.9,1,1,2012-03-31,0708,Aqua,MODIS,90,6.2,305.6,35.1,D,0
23.1163,92.0283,328.8,1,1,2012-03-31,0708,Aqua,MODIS,53,6.2,306.1,14.9,D,0
23.1269,92.0367,349.2,1,1,2012-03-31,0708,Aqua,MODIS,94,6.2,306.5,50.7,D,0
23.1329,92.015,323.9,1,1,2012-03-31,0708,Aqua,MODIS,52,6.2,302.5,10.6,D,0
23.2449,92.0191,322.6,1,1,2012-03-31,0708,Aqua,MODIS,71,6.2,306.6,8.1,D,0
23.2434,92.0092,320.9,1,1,2012-03-31,0708,Aqua,MODIS,49,6.2,305.9,6.4,D,0
23.2715,92.0189,323.9,1,1,2012-03-31,0708,Aqua,MODIS,72,6.2,304.9,9.5,D,0
23.27,92.0089,341.3,1,1,2012-03-31,0708,Aqua,MODIS,90,6.2,306.2,34.3,D,0
23.267,91.989,327.3,1,1,2012-03-31,0708,Aqua,MODIS,77,6.2,308,13.8,D,0
21.451,92.4803,350.4,1,1,2012-03-31,0708,Aqua,MODIS,95,6.2,304.7,55.7,D,0
21.4524,92.4901,331.7,1,1,2012-03-31,0708,Aqua,MODIS,83,6.2,304.8,22,D,0
21.4208,92.4653,337.5,1,1,2012-03-31,0708,Aqua,MODIS,88,6.2,304.1,32.4,D,0
21.4044,92.418,364.8,1,1,2012-03-31,0708,Aqua,MODIS,100,6.2,302.3,96.9,D,0
21.4059,92.4281,340,1,1,2012-03-31,0708,Aqua,MODIS,89,6.2,298.5,37.7,D,0
21.3922,92.3996,335.8,1,1,2012-03-31,0708,Aqua,MODIS,85,6.2,301.8,30.6,D,0
21.3938,92.4095,328.1,1,1,2012-03-31,0708,Aqua,MODIS,62,6.2,300.2,19.3,D,0
22.3419,92.3937,348.1,1,1,2012-03-31,0708,Aqua,MODIS,94,6.2,305.7,47.3,D,0
22.3329,92.3956,328.3,1,1,2012-03-31,0708,Aqua,MODIS,79,6.2,303.5,13.6,D,0
22.3343,92.4051,359.2,1,1,2012-03-31,0708,Aqua,MODIS,99,6.2,306.9,72.6,D,0
22.3358,92.4149,347.4,1,1,2012-03-31,0708,Aqua,MODIS,93,6.2,306.7,45,D,0
22.3373,92.4247,345.9,1,1,2012-03-31,0708,Aqua,MODIS,92,6.2,306.3,42,D,0
22.3388,92.4345,327.6,1,1,2012-03-31,0708,Aqua,MODIS,78,6.2,303.7,13.4,D,0
22.3239,92.3972,347.7,1,1,2012-03-31,0708,Aqua,MODIS,93,6.2,306.5,45.9,D,0
22.3253,92.4068,432,1,1,2012-03-31,0708,Aqua,MODIS,100,6.2,319.8,510.1,D,0
22.3268,92.4165,364.2,1,1,2012-03-31,0708,Aqua,MODIS,100,6.2,305.6,87.7,D,0
22.3283,92.4263,333.2,1,1,2012-03-31,0708,Aqua,MODIS,83,6.2,304.9,20.9,D,0
22.3149,92.3989,360.6,1,1,2012-03-31,0708,Aqua,MODIS,100,6.2,309.8,77.6,D,0
22.3163,92.4085,382.6,1,1,2012-03-31,0708,Aqua,MODIS,100,6.2,310.7,156.7,D,0
22.3178,92.4182,325.1,1,1,2012-03-31,0708,Aqua,MODIS,75,6.2,302.6,10,D,0
22.305,92.3971,351.8,1,1,2012-03-31,0708,Aqua,MODIS,96,6.2,307.1,55.4,D,0
22.3065,92.407,365.5,1,1,2012-03-31,0708,Aqua,MODIS,100,6.2,306.9,93.1,D,0
22.3094,92.4262,336.6,1,1,2012-03-31,0708,Aqua,MODIS,86,6.2,303.6,27.7,D,0
22.3077,92.4769,321.5,1,1,2012-03-31,0708,Aqua,MODIS,68,6.2,306.6,7.7,D,0
22.2704,92.4133,324.5,1,1,2012-03-31,0708,Aqua,MODIS,68,6.2,305.2,10.2,D,0
22.2719,92.4233,322.3,1,1,2012-03-31,0708,Aqua,MODIS,63,6.2,304.4,8.5,D,0
22.9867,92.0843,318.7,1,1,2012-03-31,0708,Aqua,MODIS,61,6.2,303.1,6.3,D,0
23.064,92.1047,327.8,1,1,2012-03-31,0708,Aqua,MODIS,78,6.2,304,14.6,D,0
23.0791,92.0817,328.5,1,1,2012-03-31,0708,Aqua,MODIS,79,6.2,306.8,14.6,D,0
22.26,92.405,348.4,1,1,2012-03-31,0708,Aqua,MODIS,94,6.2,306.4,47,D,0
22.2614,92.4149,385.4,1,1,2012-03-31,0708,Aqua,MODIS,100,6.2,309.9,169,D,0
22.2629,92.4247,352.4,1,1,2012-03-31,0708,Aqua,MODIS,96,6.2,306.2,55.8,D,0
22.2644,92.4347,348.6,1,1,2012-03-31,0708,Aqua,MODIS,94,6.2,305.8,47.8,D,0
22.2539,92.4262,382.4,1,1,2012-03-31,0708,Aqua,MODIS,100,6.2,311.2,154.7,D,0
22.2554,92.4361,449.4,1,1,2012-03-31,0708,Aqua,MODIS,100,6.2,319.8,715.2,D,0
22.2569,92.4461,327.6,1,1,2012-03-31,0708,Aqua,MODIS,67,6.2,301.2,13.5,D,0
22.2449,92.4279,322.5,1,1,2012-03-31,0708,Aqua,MODIS,45,6.2,305.2,7.4,D,0
22.2464,92.4376,339.2,1,1,2012-03-31,0708,Aqua,MODIS,88,6.2,303.2,30.5,D,0
22.3553,92.4215,325.9,1,1,2012-03-31,0708,Aqua,MODIS,76,6.2,305.3,11.8,D,0
22.3448,92.4133,336.5,1,1,2012-03-31,0708,Aqua,MODIS,86,6.2,305.8,25.9,D,0
22.3463,92.4231,362.1,1,1,2012-03-31,0708,Aqua,MODIS,100,6.2,308,81.5,D,0
22.3478,92.4329,380.6,1,1,2012-03-31,0708,Aqua,MODIS,100,6.2,309.2,147.7,D,0
21.9486,92.356,334.2,1,1,2012-03-31,0708,Aqua,MODIS,84,6.2,303.4,24.7,D,0
21.933,92.3756,383.3,1,1,2012-03-31,0708,Aqua,MODIS,100,6.2,307.4,163.7,D,0
21.9345,92.3854,384,1,1,2012-03-31,0708,Aqua,MODIS,100,6.2,307,166.2,D,0
21.8592,92.3785,322,1,1,2012-03-31,0708,Aqua,MODIS,51,6.2,303.9,8.2,D,0
23.3017,92.0952,373.8,1,1,2012-03-31,0708,Aqua,MODIS,100,6.2,305.7,121.6,D,0
23.3002,92.0852,389.7,1,1,2012-03-31,0708,Aqua,MODIS,100,6.2,311,192.6,D,0
23.3107,92.0936,334.9,1,1,2012-03-31,0708,Aqua,MODIS,85,6.2,307.6,23.9,D,0
23.3092,92.0836,333.2,1,1,2012-03-31,0708,Aqua,MODIS,83,6.2,307.4,21.3,D,0
23.3527,92.1877,327,1,1,2012-03-31,0708,Aqua,MODIS,76,6.2,303.2,13.8,D,0
23.3708,92.1234,323.1,1,1,2012-03-31,0708,Aqua,MODIS,72,6.2,304.2,11.3,D,0
23.37,92.0559,334.5,1,1,2012-03-31,0708,Aqua,MODIS,85,6.2,304.8,25.5,D,0
23.379,92.0543,354.9,1,1,2012-03-31,0708,Aqua,MODIS,97,6.2,304.6,65.6,D,0
23.4421,92.1652,317.6,1,1,2012-03-31,0708,Aqua,MODIS,24,6.2,287.4,7.2,D,0
23.4496,92.1538,401.4,1,1,2012-03-31,0708,Aqua,MODIS,94,6.2,302.8,261,D,0
23.4407,92.0941,315.9,1,1,2012-03-31,0708,Aqua,MODIS,49,6.2,299.2,6.2,D,0
23.4392,92.0842,316.3,1,1,2012-03-31,0708,Aqua,MODIS,45,6.2,300.2,6.2,D,0
23.4586,92.1522,382.8,1,1,2012-03-31,0708,Aqua,MODIS,94,6.2,302.1,161.3,D,0
23.4901,92.0591,321.1,1,1,2012-03-31,0708,Aqua,MODIS,64,6.2,302.2,10.4,D,0
23.4886,92.0492,318.7,1,1,2012-03-31,0708,Aqua,MODIS,49,6.2,302.1,8,D,0
23.4991,92.0575,319.1,1,1,2012-03-31,0708,Aqua,MODIS,34,6.2,302.7,8.2,D,0
21.7025,92.1941,332.2,1,1,2012-03-31,0708,Aqua,MODIS,82,6.2,302.7,23.6,D,0
21.7041,92.2042,351.6,1,1,2012-03-31,0708,Aqua,MODIS,96,6.2,303.5,59.7,D,0
21.6889,92.2275,340.4,1,1,2012-03-31,0708,Aqua,MODIS,89,6.2,304.4,34.9,D,0
21.6904,92.2375,320.2,1,1,2012-03-31,0708,Aqua,MODIS,40,6.2,304.3,7,D,0
21.6783,92.2191,323.8,1,1,2012-03-31,0708,Aqua,MODIS,72,6.2,303.2,11.5,D,0
21.6798,92.2291,394,1,1,2012-03-31,0708,Aqua,MODIS,100,6.2,308.8,221.6,D,0
21.6814,92.2392,355.4,1,1,2012-03-31,0708,Aqua,MODIS,97,6.2,304.9,66.9,D,0
21.6707,92.2307,358.6,1,1,2012-03-31,0708,Aqua,MODIS,99,6.2,303.6,75,D,0
21.6723,92.2409,332.8,1,1,2012-03-31,0708,Aqua,MODIS,83,6.2,302.8,22,D,0
21.6501,92.3925,352.9,1,1,2012-03-31,0708,Aqua,MODIS,96,6.2,304.6,59.7,D,0
21.6516,92.4024,378.1,1,1,2012-03-31,0708,Aqua,MODIS,100,6.2,305.4,139.7,D,0
21.5883,92.3527,324.9,1,1,2012-03-31,0708,Aqua,MODIS,75,6.2,303.6,13.8,D,0
21.5792,92.3543,321.7,1,1,2012-03-31,0708,Aqua,MODIS,52,6.2,303.5,10.9,D,0
23.3062,92.0025,324.2,1,1,2012-03-31,0708,Aqua,MODIS,73,6.2,302.4,11.8,D,0
23.3047,91.9927,319.5,1,1,2012-03-31,0708,Aqua,MODIS,48,6.2,302.8,6.5,D,0
23.3484,91.9743,324.9,1,1,2012-03-31,0708,Aqua,MODIS,74,6.2,301.7,12.6,D,0
23.3579,91.9764,331.8,1,1,2012-03-31,0708,Aqua,MODIS,68,6.2,303.2,18.6,D,0
23.3564,91.9663,329.2,1,1,2012-03-31,0708,Aqua,MODIS,79,6.2,303.7,15.3,D,0
23.4408,92.0329,316.3,1,1,2012-03-31,0708,Aqua,MODIS,53,6.2,303.4,6,D,0
23.4393,92.023,315.9,1,1,2012-03-31,0708,Aqua,MODIS,51,6.2,303.2,5.2,D,0
23.4494,91.9746,385,1,1,2012-03-31,0708,Aqua,MODIS,100,6.2,308.8,170.5,D,0
23.4675,91.9714,333.9,1,1,2012-03-31,0708,Aqua,MODIS,15,6.2,305.2,22,D,0
23.466,91.9613,343.5,1,1,2012-03-31,0708,Aqua,MODIS,90,6.2,304.9,38,D,0
23.4991,91.9961,341,1,1,2012-03-31,0708,Aqua,MODIS,89,6.2,303.9,37.2,D,0
22.1518,92.4799,339.1,1,1,2012-03-31,0708,Aqua,MODIS,88,6.2,304.2,29.8,D,0
22.1503,92.4701,375,1,1,2012-03-31,0708,Aqua,MODIS,100,6.2,308.7,125.3,D,0
22.1488,92.4603,358.9,1,1,2012-03-31,0708,Aqua,MODIS,99,6.2,307.5,73.4,D,0
21.8441,92.1568,325.2,1,1,2012-03-31,0708,Aqua,MODIS,74,6.2,305.5,13,D,0
21.8335,92.1485,322.6,1,1,2012-03-31,0708,Aqua,MODIS,70,6.2,304.5,9.8,D,0
21.8518,92.3295,319.6,1,1,2012-03-31,0708,Aqua,MODIS,46,6.2,301.5,7.8,D,0
21.8533,92.3395,348,1,1,2012-03-31,0708,Aqua,MODIS,94,6.2,302.6,50.6,D,0
21.804,92.3127,319.4,1,1,2012-03-31,0708,Aqua,MODIS,60,6.2,303.3,7.7,D,0
21.8055,92.3227,344.9,1,1,2012-03-31,0708,Aqua,MODIS,92,6.2,303.4,44.2,D,0
21.7889,92.3357,336,1,1,2012-03-31,0708,Aqua,MODIS,86,6.2,303.8,26.2,D,0
21.7768,92.3175,333.3,1,1,2012-03-31,0708,Aqua,MODIS,83,6.2,304.7,23.9,D,0
21.7783,92.3274,321.8,1,1,2012-03-31,0708,Aqua,MODIS,30,6.2,303.3,8.6,D,0
21.7677,92.3191,321.1,1,1,2012-03-31,0708,Aqua,MODIS,64,6.2,303.9,9.1,D,0
21.7707,92.3389,328,1,1,2012-03-31,0708,Aqua,MODIS,72,6.2,303.7,16,D,0
22.1032,92.404,343.6,1,1,2012-03-31,0708,Aqua,MODIS,91,6.2,307.8,38.1,D,0
22.1017,92.3942,330.3,1,1,2012-03-31,0708,Aqua,MODIS,81,6.2,307.1,16.9,D,0
22.1093,92.3829,335.9,1,1,2012-03-31,0708,Aqua,MODIS,86,6.2,307,25.1,D,0
22.1078,92.373,328,1,1,2012-03-31,0708,Aqua,MODIS,78,6.2,307.1,14.3,D,0
22.1168,92.3715,328.3,1,1,2012-03-31,0708,Aqua,MODIS,79,6.2,306.8,15.2,D,0
22.1153,92.3615,321.1,1,1,2012-03-31,0708,Aqua,MODIS,68,6.2,305.6,7.7,D,0
22.1505,92.4097,338.5,1,1,2012-03-31,0708,Aqua,MODIS,88,6.2,305.3,28.1,D,0
22.1489,92.3997,381,1,1,2012-03-31,0708,Aqua,MODIS,100,6.2,309.6,149.4,D,0
22.1475,92.3898,353.5,1,1,2012-03-31,0708,Aqua,MODIS,97,6.2,308.5,57.9,D,0
22.143,92.3603,322.5,1,1,2012-03-31,0708,Aqua,MODIS,69,6.2,306.4,8.2,D,0
22.1565,92.3882,346.6,1,1,2012-03-31,0708,Aqua,MODIS,93,6.2,307.1,42.1,D,0
22.155,92.3783,377.4,1,1,2012-03-31,0708,Aqua,MODIS,100,6.2,310.2,133.8,D,0
22.176,92.3948,344.6,1,1,2012-03-31,0708,Aqua,MODIS,92,6.2,307.1,38.1,D,0
22.1926,92.3817,322.4,1,1,2012-03-31,0708,Aqua,MODIS,14,6.2,307.2,5.8,D,0
22.2016,92.3802,339.1,1,1,2012-03-31,0708,Aqua,MODIS,88,6.2,307.7,29.3,D,0
21.9711,92.4433,333.4,1,1,2012-03-31,0708,Aqua,MODIS,82,6.2,305.8,20.6,D,0
21.9726,92.4531,355.5,1,1,2012-03-31,0708,Aqua,MODIS,97,6.2,306.9,63.6,D,0
21.9636,92.4547,328.6,1,1,2012-03-31,0708,Aqua,MODIS,66,6.2,305.4,14.7,D,0
21.9666,92.4744,334.2,1,1,2012-03-31,0708,Aqua,MODIS,84,6.2,305.4,23.6,D,0
21.9545,92.4561,327.8,1,1,2012-03-31,0708,Aqua,MODIS,37,6.2,306.2,13.6,D,0
21.9575,92.4759,349.2,1,1,2012-03-31,0708,Aqua,MODIS,94,6.2,308.7,50.5,D,0
21.9374,92.4051,347.1,1,1,2012-03-31,0708,Aqua,MODIS,93,6.2,304.4,47.2,D,0
21.9389,92.415,340.9,1,1,2012-03-31,0708,Aqua,MODIS,89,6.2,303.9,35.1,D,0
21.9448,92.4544,339.7,1,1,2012-03-31,0708,Aqua,MODIS,88,6.2,306.2,30.3,D,0
21.9463,92.4643,366.3,1,1,2012-03-31,0708,Aqua,MODIS,100,6.2,309.6,92.5,D,0
21.9284,92.4067,367.2,1,1,2012-03-31,0708,Aqua,MODIS,100,6.2,307.3,99.6,D,0
21.9299,92.4166,375.2,1,1,2012-03-31,0708,Aqua,MODIS,100,6.2,307.3,128,D,0
22.2857,92.3294,319,1,1,2012-03-31,0708,Aqua,MODIS,64,6.2,303.8,6.9,D,0
22.2842,92.3195,326.3,1,1,2012-03-31,0708,Aqua,MODIS,76,6.2,303.7,14.8,D,0
22.3021,92.3772,323.7,1,1,2012-03-31,0708,Aqua,MODIS,73,6.2,304,9.8,D,0
22.3006,92.3673,325.6,1,1,2012-03-31,0708,Aqua,MODIS,75,6.2,304.2,12.6,D,0
22.3314,92.3857,347.2,1,1,2012-03-31,0708,Aqua,MODIS,93,6.2,306.1,45.8,D,0
22.3404,92.3839,362.8,1,1,2012-03-31,0708,Aqua,MODIS,100,6.2,307.2,85,D,0
22.3615,92.3399,322.2,1,1,2012-03-31,0708,Aqua,MODIS,70,6.2,305.3,8.3,D,0
21.9343,92.4462,361.5,1,1,2012-03-31,0708,Aqua,MODIS,100,6.2,307.4,80.4,D,0
21.9358,92.456,418.7,1,1,2012-03-31,0708,Aqua,MODIS,100,6.2,320.8,385.9,D,0
21.9373,92.4659,446.8,1,1,2012-03-31,0708,Aqua,MODIS,100,6.2,325.5,682.3,D,0
21.9387,92.4757,390,1,1,2012-03-31,0708,Aqua,MODIS,100,6.2,307.2,193,D,0
21.9267,92.4576,342.4,1,1,2012-03-31,0708,Aqua,MODIS,90,6.2,302.1,34.4,D,0
21.9282,92.4674,384.9,1,1,2012-03-31,0708,Aqua,MODIS,100,6.2,303.1,166.3,D,0
21.9297,92.4773,356.4,1,1,2012-03-31,0708,Aqua,MODIS,98,6.2,299.9,65.6,D,0
21.9192,92.469,340.5,1,1,2012-03-31,0708,Aqua,MODIS,89,6.2,301.3,32,D,0
21.8998,92.4016,334.8,1,1,2012-03-31,0708,Aqua,MODIS,85,6.2,304.2,24.6,D,0
21.9013,92.4115,356.9,1,1,2012-03-31,0708,Aqua,MODIS,98,6.2,305.4,69.4,D,0
21.9028,92.4213,322.6,1,1,2012-03-31,0708,Aqua,MODIS,41,6.2,303.4,8.5,D,0
22.2313,92.4605,346,1,1,2012-03-31,0708,Aqua,MODIS,93,6.2,306.6,44.4,D,0
22.2298,92.4506,333.3,1,1,2012-03-31,0708,Aqua,MODIS,84,6.2,306.4,21.6,D,0
21.9043,92.4312,338,1,1,2012-03-31,0708,Aqua,MODIS,87,6.2,304.4,29.2,D,0
21.8923,92.413,325,1,1,2012-03-31,0708,Aqua,MODIS,54,6.2,304,11.2,D,0
21.8997,92.4623,346.6,1,1,2012-03-31,0708,Aqua,MODIS,93,6.2,306.4,43.2,D,0
21.9012,92.4722,367.1,1,1,2012-03-31,0708,Aqua,MODIS,100,6.2,308.5,97.2,D,0
21.8907,92.4639,332.4,1,1,2012-03-31,0708,Aqua,MODIS,72,6.2,304.7,19.4,D,0
21.8921,92.4737,365,1,1,2012-03-31,0708,Aqua,MODIS,100,6.2,307.1,91.5,D,0
21.8757,92.4261,340.1,1,1,2012-03-31,0708,Aqua,MODIS,89,6.2,304.4,33.8,D,0
21.8772,92.4359,320.5,1,1,2012-03-31,0708,Aqua,MODIS,48,6.2,303,6.8,D,0
21.8831,92.4752,322.4,1,1,2012-03-31,0708,Aqua,MODIS,65,6.2,303.5,9.4,D,0
21.8667,92.4277,328.6,1,1,2012-03-31,0708,Aqua,MODIS,79,6.2,303.5,15.8,D,0
21.8681,92.4375,366.7,1,1,2012-03-31,0708,Aqua,MODIS,100,6.2,305.1,98.3,D,0
21.8696,92.4474,326.5,1,1,2012-03-31,0708,Aqua,MODIS,67,6.2,304.1,12.8,D,0
21.8712,92.4574,379.8,1,1,2012-03-31,0708,Aqua,MODIS,100,6.2,308.1,145.6,D,0
21.8621,92.4589,354.8,1,1,2012-03-31,0708,Aqua,MODIS,97,6.2,306.1,62.5,D,0
21.8636,92.4687,331.1,1,1,2012-03-31,0708,Aqua,MODIS,81,6.2,303.1,18.4,D,0
21.9471,92.3461,327.7,1,1,2012-03-31,0708,Aqua,MODIS,78,6.2,304.4,15.8,D,0
21.8548,92.3496,322.8,1,1,2012-03-31,0708,Aqua,MODIS,45,6.2,302.7,9.8,D,0
22.8862,92.0261,325.8,1,1,2012-03-31,0708,Aqua,MODIS,75,6.2,303.1,13.6,D,0
22.8847,92.0161,322.5,1,1,2012-03-31,0708,Aqua,MODIS,69,6.2,303.5,9.7,D,0
22.8899,91.9375,324.5,1,1,2012-03-31,0708,Aqua,MODIS,73,6.2,303.2,12,D,0
22.9656,92.129,321.2,1,1,2012-03-31,0708,Aqua,MODIS,68,6.2,298.4,9.8,D,0
21.9903,92.5708,330.4,1,1,2012-03-31,0708,Aqua,MODIS,76,6.2,305,17.3,D,0
21.9993,92.5693,338.3,1,1,2012-03-31,0708,Aqua,MODIS,87,6.2,305.6,27.5,D,0
21.7447,92.3499,323.5,1,1,2012-03-31,0708,Aqua,MODIS,72,6.2,303.2,11.6,D,0
21.7371,92.3614,352.1,1,1,2012-03-31,0708,Aqua,MODIS,96,6.2,304.6,58.2,D,0
22.1667,92.5173,352.4,1,1,2012-03-31,0708,Aqua,MODIS,96,6.2,302.3,56.9,D,0
22.1652,92.5078,366.4,1,1,2012-03-31,0708,Aqua,MODIS,100,6.2,304.3,94.7,D,0
22.1608,92.4785,333.5,1,1,2012-03-31,0708,Aqua,MODIS,84,6.2,305.7,20.4,D,0
22.1593,92.4686,332.8,1,1,2012-03-31,0708,Aqua,MODIS,83,6.2,307.3,20,D,0
22.1757,92.5158,423.2,1,1,2012-03-31,0708,Aqua,MODIS,100,6.2,312.1,424.2,D,0
22.1742,92.5061,411.3,1,1,2012-03-31,0708,Aqua,MODIS,100,6.2,314,325.4,D,0
22.1847,92.5142,320.1,1,1,2012-03-31,0708,Aqua,MODIS,43,6.2,303.8,6.9,D,0
22.1759,92.4558,387.3,1,1,2012-03-31,0708,Aqua,MODIS,100,6.2,307.8,178.5,D,0
22.1744,92.4459,392.3,1,1,2012-03-31,0708,Aqua,MODIS,100,6.2,311.6,204.6,D,0
22.1849,92.4541,327.2,1,1,2012-03-31,0708,Aqua,MODIS,78,6.2,306,12.8,D,0
22.1834,92.4442,328.3,1,1,2012-03-31,0708,Aqua,MODIS,79,6.2,306.9,14.2,D,0
22.7903,92.375,319.2,1,1,2012-03-31,0708,Aqua,MODIS,63,6.2,303.5,6.8,D,0
22.8082,92.4323,326.6,1,1,2012-03-31,0708,Aqua,MODIS,76,6.2,306.9,13.1,D,0
22.8171,92.4307,336.8,1,1,2012-03-31,0708,Aqua,MODIS,86,6.2,306.4,27,D,0
21.7617,92.4019,332.7,1,1,2012-03-31,0708,Aqua,MODIS,83,6.2,304.7,21.4,D,0
21.7633,92.412,334.6,1,1,2012-03-31,0708,Aqua,MODIS,85,6.2,303.8,24,D,0
21.7647,92.4215,323.3,1,1,2012-03-31,0708,Aqua,MODIS,50,6.2,303.4,10.4,D,0
21.7661,92.4309,323.8,1,1,2012-03-31,0708,Aqua,MODIS,73,6.2,303.6,11.6,D,0
21.7521,92.3998,336,1,1,2012-03-31,0708,Aqua,MODIS,86,6.2,303.9,26.3,D,0
21.7536,92.41,328.6,1,1,2012-03-31,0708,Aqua,MODIS,79,6.2,301.8,14.9,D,0
21.7578,92.4994,325.8,1,1,2012-03-31,0708,Aqua,MODIS,76,6.2,304.4,11.4,D,0
21.7371,92.4231,343.9,1,1,2012-03-31,0708,Aqua,MODIS,91,6.2,302.5,38.1,D,0
21.7385,92.4325,354.2,1,1,2012-03-31,0708,Aqua,MODIS,97,6.2,305.4,62.1,D,0
21.7458,92.4813,337,1,1,2012-03-31,0708,Aqua,MODIS,87,6.2,304.9,27.1,D,0
21.7473,92.4912,396.7,1,1,2012-03-31,0708,Aqua,MODIS,100,6.2,312.2,230.2,D,0
21.7488,92.5011,370.7,1,1,2012-03-31,0708,Aqua,MODIS,100,6.2,311.6,110.2,D,0
21.7502,92.5111,326.3,1,1,2012-03-31,0708,Aqua,MODIS,43,6.2,303.9,12.5,D,0
21.722,92.3845,323.3,1,1,2012-03-31,0708,Aqua,MODIS,64,6.2,304.4,9,D,0
21.725,92.4045,378.7,1,1,2012-03-31,0708,Aqua,MODIS,100,6.2,308.2,140.8,D,0
21.7265,92.4146,396.2,1,1,2012-03-31,0708,Aqua,MODIS,100,6.2,304.7,228.9,D,0
21.7353,92.4731,366.6,1,1,2012-03-31,0708,Aqua,MODIS,100,6.2,306,98.7,D,0
21.7368,92.4829,379.5,1,1,2012-03-31,0708,Aqua,MODIS,100,6.2,309.7,145.7,D,0
21.7383,92.4928,412.2,1,1,2012-03-31,0708,Aqua,MODIS,100,6.2,317.7,336.2,D,0
21.7397,92.5027,374.2,1,1,2012-03-31,0708,Aqua,MODIS,100,6.2,306.3,124.9,D,0
21.7412,92.5125,326.4,1,1,2012-03-31,0708,Aqua,MODIS,63,6.2,300.4,14,D,0
21.7114,92.3761,332.3,1,1,2012-03-31,0708,Aqua,MODIS,78,6.2,304.6,20.1,D,0
21.7129,92.386,378.2,1,1,2012-03-31,0708,Aqua,MODIS,100,6.2,308.7,139.3,D,0
21.7144,92.396,354.4,1,1,2012-03-31,0708,Aqua,MODIS,97,6.2,303.8,60.6,D,0
21.7159,92.406,348.4,1,1,2012-03-31,0708,Aqua,MODIS,94,6.2,300.9,46.8,D,0
21.7174,92.416,345.4,1,1,2012-03-31,0708,Aqua,MODIS,92,6.2,297.6,42.1,D,0
21.719,92.4262,346.2,1,1,2012-03-31,0708,Aqua,MODIS,93,6.2,295.1,43.4,D,0
21.7204,92.4359,334.4,1,1,2012-03-31,0708,Aqua,MODIS,85,6.2,298.7,24.2,D,0
21.7263,92.4747,328.5,1,1,2012-03-31,0708,Aqua,MODIS,79,6.2,302.9,17.6,D,0
21.7278,92.4846,375.9,1,1,2012-03-31,0708,Aqua,MODIS,100,6.2,305.3,132.3,D,0
21.7292,92.4943,369,1,1,2012-03-31,0708,Aqua,MODIS,100,6.2,295.6,108.6,D,0
21.7307,92.5042,319.5,1,1,2012-03-31,0708,Aqua,MODIS,65,6.2,295.5,9.2,D,0
21.7024,92.3777,355.4,1,1,2012-03-31,0708,Aqua,MODIS,97,6.2,304.3,64.4,D,0
21.7039,92.3876,351.5,1,1,2012-03-31,0708,Aqua,MODIS,96,6.2,303.1,53.6,D,0
21.7069,92.4074,336.1,1,1,2012-03-31,0708,Aqua,MODIS,83,6.2,301.6,22.6,D,0
21.7084,92.4175,326.9,1,1,2012-03-31,0708,Aqua,MODIS,49,6.2,300.5,13.2,D,0
21.7099,92.4277,335.8,1,1,2012-03-31,0708,Aqua,MODIS,81,6.2,300,26.2,D,0
21.6978,92.4089,372.1,1,1,2012-03-31,0708,Aqua,MODIS,100,6.2,305.4,116,D,0
21.6993,92.419,360.2,1,1,2012-03-31,0708,Aqua,MODIS,100,6.2,303,79.5,D,0
21.6858,92.3908,322.9,1,1,2012-03-31,0708,Aqua,MODIS,57,6.2,301.8,8.2,D,0
21.6873,92.4006,349.9,1,1,2012-03-31,0708,Aqua,MODIS,95,6.2,303.1,50.3,D,0
21.6888,92.4106,347.5,1,1,2012-03-31,0708,Aqua,MODIS,93,6.2,302.7,46,D,0
21.6918,92.4307,325.1,1,1,2012-03-31,0708,Aqua,MODIS,75,6.2,301.6,14.1,D,0
21.6767,92.3923,329.2,1,1,2012-03-31,0708,Aqua,MODIS,59,6.2,303.1,16.8,D,0
21.6782,92.4022,389.4,1,1,2012-03-31,0708,Aqua,MODIS,100,6.2,308.5,192.1,D,0
21.6797,92.4121,384.8,1,1,2012-03-31,0708,Aqua,MODIS,100,6.2,306.2,169.5,D,0
21.6902,92.4814,327.2,1,1,2012-03-31,0708,Aqua,MODIS,78,6.2,302.2,16.4,D,0
21.6692,92.4037,329.3,1,1,2012-03-31,0708,Aqua,MODIS,35,6.2,303,16.3,D,0
21.6707,92.4136,336.7,1,1,2012-03-31,0708,Aqua,MODIS,84,6.2,302.7,27.7,D,0
21.6634,92.4817,331.5,1,1,2012-03-31,0708,Aqua,MODIS,82,6.2,303.8,22.9,D,0
23.1147,91.8949,326.5,1,1,2012-03-31,0708,Aqua,MODIS,76,6.2,305.8,13.9,D,0
23.1131,91.8848,321.2,1,1,2012-03-31,0708,Aqua,MODIS,68,6.2,304.5,7.8,D,0
23.1648,91.9207,331.1,1,1,2012-03-31,0708,Aqua,MODIS,81,6.2,303.5,18.5,D,0
23.1632,91.9106,327.3,1,1,2012-03-31,0708,Aqua,MODIS,69,6.2,302.8,13.8,D,0
23.1783,91.8872,368.6,1,1,2012-03-31,0708,Aqua,MODIS,100,6.2,307.3,105.1,D,0
23.1768,91.8771,332,1,1,2012-03-31,0708,Aqua,MODIS,54,6.2,303.3,18.6,D,0
23.1859,91.8755,335.1,1,1,2012-03-31,0708,Aqua,MODIS,80,6.2,304.6,22.8,D,0
23.1843,91.8654,355.5,1,1,2012-03-31,0708,Aqua,MODIS,97,6.2,304.4,65.5,D,0
23.1934,91.8638,346.5,1,1,2012-03-31,0708,Aqua,MODIS,93,6.2,303.3,44.4,D,0
23.1919,91.8537,347.3,1,1,2012-03-31,0708,Aqua,MODIS,93,6.2,303.2,46.6,D,0
23.2025,91.8622,359.2,1,1,2012-03-31,0708,Aqua,MODIS,99,6.2,304,75.6,D,0
23.201,91.8521,347.1,1,1,2012-03-31,0708,Aqua,MODIS,93,6.2,302.6,46.6,D,0
23.2085,91.8403,328.7,1,1,2012-03-31,0708,Aqua,MODIS,79,6.2,300.8,16.3,D,0
23.2358,91.8973,319.8,1,1,2012-03-31,0708,Aqua,MODIS,59,6.2,302,5.5,D,0
23.2343,91.8873,340.9,1,1,2012-03-31,0708,Aqua,MODIS,89,6.2,303,35,D,0
23.2328,91.8773,325.5,1,1,2012-03-31,0708,Aqua,MODIS,51,6.2,304.9,11.9,D,0
21.9291,92.2886,376.5,1,1,2012-03-31,0708,Aqua,MODIS,100,6.2,307.9,135.9,D,0
23.2373,91.8455,333.7,1,1,2012-03-31,0708,Aqua,MODIS,84,6.2,298.7,23.5,D,0
23.3257,91.8239,332.2,1,1,2012-03-31,0708,Aqua,MODIS,82,6.2,308.4,19.6,D,0
23.3605,91.8109,323.8,1,1,2012-03-31,0708,Aqua,MODIS,72,6.2,308,9.5,D,0
23.3742,91.8395,335.9,1,1,2012-03-31,0708,Aqua,MODIS,85,6.2,308.5,25.7,D,0
21.8416,92.3775,376.8,1,1,2012-03-31,0708,Aqua,MODIS,100,6.2,306,133.8,D,0
21.843,92.3871,343.9,1,1,2012-03-31,0708,Aqua,MODIS,91,6.2,304.1,39.4,D,0
21.8311,92.3698,342.8,1,1,2012-03-31,0708,Aqua,MODIS,91,6.2,301.8,38.5,D,0
21.8326,92.3793,381.4,1,1,2012-03-31,0708,Aqua,MODIS,100,6.2,304.9,154.5,D,0
21.834,92.3888,362.7,1,1,2012-03-31,0708,Aqua,MODIS,100,6.2,304.6,86.3,D,0
21.8355,92.3985,349.6,1,1,2012-03-31,0708,Aqua,MODIS,94,6.2,303.3,52.9,D,0
21.8428,92.4477,352.3,1,1,2012-03-31,0708,Aqua,MODIS,96,6.2,307.6,57.6,D,0
21.8443,92.4577,332.2,1,1,2012-03-31,0708,Aqua,MODIS,82,6.2,305.8,20.1,D,0
21.8221,92.3714,327.6,1,1,2012-03-31,0708,Aqua,MODIS,78,6.2,300.8,16.3,D,0
21.8236,92.3813,327.7,1,1,2012-03-31,0708,Aqua,MODIS,78,6.2,300.6,15.9,D,0
21.825,92.3906,364.3,1,1,2012-03-31,0708,Aqua,MODIS,100,6.2,304.7,92.3,D,0
21.8264,92.4001,361.2,1,1,2012-03-31,0708,Aqua,MODIS,100,6.2,304.2,82.7,D,0
21.81,92.3526,329.3,1,1,2012-03-31,0708,Aqua,MODIS,80,6.2,302.7,18.3,D,0
21.8115,92.3626,318.7,1,1,2012-03-31,0708,Aqua,MODIS,52,6.2,301.9,6.6,D,0
21.7994,92.4053,331.7,1,1,2012-03-31,0708,Aqua,MODIS,82,6.2,303.4,21.1,D,0
21.8008,92.4148,346,1,1,2012-03-31,0708,Aqua,MODIS,92,6.2,304.6,45.1,D,0
21.7904,92.4071,343.4,1,1,2012-03-31,0708,Aqua,MODIS,91,6.2,304.8,39.9,D,0
21.7918,92.4165,361.3,1,1,2012-03-31,0708,Aqua,MODIS,100,6.2,306,82,D,0
21.7932,92.4261,349.8,1,1,2012-03-31,0708,Aqua,MODIS,95,6.2,304.9,52.4,D,0
21.8036,92.4952,341.9,1,1,2012-03-31,0708,Aqua,MODIS,90,6.2,307.2,36.1,D,0
21.8051,92.5051,333,1,1,2012-03-31,0708,Aqua,MODIS,83,6.2,305.5,21.8,D,0
21.7722,92.3488,325.6,1,1,2012-03-31,0708,Aqua,MODIS,75,6.2,303.4,13.3,D,0
21.7737,92.4198,337.9,1,1,2012-03-31,0708,Aqua,MODIS,87,6.2,304.2,29.1,D,0
21.7752,92.4293,339.1,1,1,2012-03-31,0708,Aqua,MODIS,88,6.2,304,31.6,D,0
21.802,92.5458,393.2,1,1,2012-03-31,0708,Aqua,MODIS,100,6.2,310.8,211.1,D,0
21.811,92.5442,327.8,1,1,2012-03-31,0708,Aqua,MODIS,78,6.2,301.8,15.1,D,0
21.544,92.4278,332.8,1,1,2012-03-31,0708,Aqua,MODIS,55,6.2,302.3,22.9,D,0
21.9831,92.4613,352.5,1,1,2012-03-31,0708,Aqua,MODIS,96,6.2,306.3,55.9,D,0
21.9816,92.4515,350.7,1,1,2012-03-31,0708,Aqua,MODIS,95,6.2,308.3,52.3,D,0
21.9981,92.4996,335.6,1,1,2012-03-31,0708,Aqua,MODIS,85,6.2,304.4,25.6,D,0
22.0071,92.4978,323.2,1,1,2012-03-31,0708,Aqua,MODIS,71,6.2,304,9.8,D,0
22.0029,92.3465,348.8,1,1,2012-03-31,0708,Aqua,MODIS,94,6.2,305.2,51.5,D,0
21.5455,92.4377,355.6,1,1,2012-03-31,0708,Aqua,MODIS,98,6.2,300.8,67.7,D,0
21.5364,92.4393,341.3,1,1,2012-03-31,0708,Aqua,MODIS,90,6.2,301.5,37.8,D,0
21.4871,92.474,328.6,1,1,2012-03-31,0708,Aqua,MODIS,81,6.2,303.1,18.3,D,0
21.4886,92.4838,331.6,1,1,2012-03-31,0708,Aqua,MODIS,83,6.2,303.2,23,D,0
21.496,92.5331,325.2,1,1,2012-03-31,0708,Aqua,MODIS,77,6.2,300.7,15.9,D,0
21.487,92.5348,367.2,1,1,2012-03-31,0708,Aqua,MODIS,100,6.2,301,103.7,D,0
23.1175,91.7909,349.9,1.1,1,2012-03-31,0708,Aqua,MODIS,95,6.2,302,54.2,D,0
23.1281,91.7992,357.6,1,1,2012-03-31,0708,Aqua,MODIS,98,6.2,305.3,73.4,D,0
23.1266,91.7892,372.6,1.1,1,2012-03-31,0708,Aqua,MODIS,100,6.2,306.6,120.8,D,0
23.1537,91.788,338.3,1,1,2012-03-31,0708,Aqua,MODIS,87,6.2,303.4,30.6,D,0
23.1522,91.778,332.5,1.1,1,2012-03-31,0708,Aqua,MODIS,82,6.2,304.1,21.4,D,0
23.1628,91.7863,328.9,1,1,2012-03-31,0708,Aqua,MODIS,79,6.2,304.8,16.6,D,0
23.1613,91.7763,330.1,1.1,1,2012-03-31,0708,Aqua,MODIS,79,6.2,304.1,18.4,D,0
22.2542,92.2435,324.7,1,1,2012-03-31,0708,Aqua,MODIS,74,6.2,305.3,11.6,D,0
22.2527,92.2336,322.3,1,1,2012-03-31,0708,Aqua,MODIS,71,6.2,304.5,9.5,D,0
22.3808,92.2291,319.5,1,1,2012-03-31,0708,Aqua,MODIS,64,6.2,305.9,6,D,0
21.9591,92.4859,327,1,1,2012-03-31,0708,Aqua,MODIS,58,6.2,305.3,13.7,D,0
21.9606,92.4959,326.8,1,1,2012-03-31,0708,Aqua,MODIS,77,6.2,304.3,15,D,0
21.9621,92.5059,333.3,1,1,2012-03-31,0708,Aqua,MODIS,83,6.2,303.2,23.9,D,0
21.9492,92.4842,339.1,1,1,2012-03-31,0708,Aqua,MODIS,88,6.2,305.7,29.7,D,0
21.9507,92.4942,336.6,1,1,2012-03-31,0708,Aqua,MODIS,86,6.2,304.1,26.4,D,0
21.9402,92.4858,324.5,1,1,2012-03-31,0708,Aqua,MODIS,69,6.2,301.1,12,D,0
21.9417,92.4959,344.5,1,1,2012-03-31,0708,Aqua,MODIS,92,6.2,303,42.9,D,0
21.9026,92.482,338,1,1,2012-03-31,0708,Aqua,MODIS,85,6.2,303.6,28.5,D,0
22.6218,92.2959,325.5,1,1,2012-03-31,0708,Aqua,MODIS,75,6.2,303.5,14.6,D,0
22.8309,92.3377,344.4,1,1,2012-03-31,0708,Aqua,MODIS,91,6.2,304.1,40.6,D,0
22.8295,92.328,331.4,1,1,2012-03-31,0708,Aqua,MODIS,81,6.2,304.9,19.6,D,0
22.8399,92.3361,333.2,1,1,2012-03-31,0708,Aqua,MODIS,83,6.2,302.8,22.5,D,0
22.8385,92.3264,325.9,1,1,2012-03-31,0708,Aqua,MODIS,75,6.2,303.4,13,D,0
22.8489,92.3344,343.4,1,1,2012-03-31,0708,Aqua,MODIS,91,6.2,303.5,40.4,D,0
22.8475,92.3247,321.3,1,1,2012-03-31,0708,Aqua,MODIS,67,6.2,304.1,9,D,0
21.6531,92.4123,336.9,1,1,2012-03-31,0708,Aqua,MODIS,87,6.2,300.1,25.8,D,0
21.635,92.4156,328.5,1,1,2012-03-31,0708,Aqua,MODIS,75,6.2,297.3,16.2,D,0
21.6063,92.4104,319.7,1,1,2012-03-31,0708,Aqua,MODIS,43,6.2,301.1,8.6,D,0
21.6078,92.4203,318.8,1,1,2012-03-31,0708,Aqua,MODIS,45,6.2,300.3,7.5,D,0
21.6198,92.4994,386.4,1,1,2012-03-31,0708,Aqua,MODIS,100,6.2,307.7,178.5,D,0
21.6212,92.5092,407.7,1,1,2012-03-31,0708,Aqua,MODIS,100,6.2,308.2,303.3,D,0
21.6107,92.5009,325.1,1,1,2012-03-31,0708,Aqua,MODIS,50,6.2,302.7,12.4,D,0
21.6122,92.5107,391.2,1,1,2012-03-31,0708,Aqua,MODIS,100,6.2,307.9,200.2,D,0
21.6136,92.5203,368.3,1,1,2012-03-31,0708,Aqua,MODIS,100,6.2,305.2,101.3,D,0
21.6151,92.5301,340.6,1,1,2012-03-31,0708,Aqua,MODIS,89,6.2,301.9,33.5,D,0
21.5942,92.4532,321,1,1,2012-03-31,0708,Aqua,MODIS,61,6.2,300.9,9.7,D,0
21.6017,92.5025,327.3,1,1,2012-03-31,0708,Aqua,MODIS,71,6.2,302,16.5,D,0
21.6032,92.5122,352.1,1,1,2012-03-31,0708,Aqua,MODIS,96,6.2,302.2,57.9,D,0
21.6046,92.5219,337.9,1,1,2012-03-31,0708,Aqua,MODIS,74,6.2,300.9,29.3,D,0
21.5852,92.4547,335.8,1,1,2012-03-31,0708,Aqua,MODIS,86,6.2,300.7,27.8,D,0
21.5867,92.4646,337.5,1,1,2012-03-31,0708,Aqua,MODIS,87,6.2,299.1,30.5,D,0
21.5927,92.5041,326,1,1,2012-03-31,0708,Aqua,MODIS,77,6.2,301.2,15.7,D,0
21.5941,92.5137,334.3,1,1,2012-03-31,0708,Aqua,MODIS,85,6.2,299.7,26.2,D,0
21.568,92.4642,327.6,1,1,2012-03-31,0708,Aqua,MODIS,63,6.2,295.2,15.1,D,0
22.9384,92.3122,316,1,1,2012-03-31,0708,Aqua,MODIS,48,6.2,301.4,5.6,D,0
22.9369,92.3022,316.3,1,1,2012-03-31,0708,Aqua,MODIS,49,6.2,301.7,6,D,0
21.5695,92.474,333.1,1,1,2012-03-31,0708,Aqua,MODIS,75,6.2,298.5,24.1,D,0
21.5693,92.5347,339.8,1,1,2012-03-31,0708,Aqua,MODIS,89,6.2,299.7,33.7,D,0
21.5589,92.5269,324,1,1,2012-03-31,0708,Aqua,MODIS,49,6.2,299.1,12.5,D,0
21.8125,92.554,327.4,1,1,2012-03-31,0708,Aqua,MODIS,77,6.2,303,14.6,D,0
21.8035,92.5554,405.6,1,1,2012-03-31,0708,Aqua,MODIS,100,6.2,310,286.5,D,0
21.3133,92.607,378.1,1,1,2012-03-31,0708,Aqua,MODIS,100,6.2,305.9,144.7,D,0
23.6348,92.22,356.4,1,1,2012-03-31,0708,Aqua,MODIS,98,6.2,304.6,70.1,D,0
23.6333,92.2103,340.4,1,1,2012-03-31,0708,Aqua,MODIS,89,6.2,303.6,36.2,D,0
23.6438,92.2184,317.9,1,1,2012-03-31,0708,Aqua,MODIS,59,6.2,302.7,7.6,D,0
23.7129,92.1292,321,1,1,2012-03-31,0708,Aqua,MODIS,34,6.2,289.2,11.2,D,0
23.7219,92.1276,355.8,1,1,2012-03-31,0708,Aqua,MODIS,92,6.2,295,67.9,D,0
23.7204,92.1177,419.5,1,1,2012-03-31,0708,Aqua,MODIS,87,6.2,300.9,393.3,D,0
21.3148,92.6167,371.4,1,1,2012-03-31,0708,Aqua,MODIS,100,6.2,304.1,118.2,D,0
22.116,92.2435,321.5,1,1,2012-03-31,0708,Aqua,MODIS,44,6.2,304.9,7.2,D,0
22.1385,92.3306,321.3,1,1,2012-03-31,0708,Aqua,MODIS,69,6.2,307,7.8,D,0
22.137,92.3207,331.3,1,1,2012-03-31,0708,Aqua,MODIS,82,6.2,306.8,19.5,D,0
22.131,92.2811,320.5,1,1,2012-03-31,0708,Aqua,MODIS,61,6.2,304.3,6.7,D,0
22.125,92.2419,322.7,1,1,2012-03-31,0708,Aqua,MODIS,71,6.2,305.2,8.5,D,0
22.1416,92.2895,319.7,1,1,2012-03-31,0708,Aqua,MODIS,64,6.2,304.4,5.6,D,0
22.1656,92.3257,325,1,1,2012-03-31,0708,Aqua,MODIS,72,6.2,307,10.3,D,0
22.1567,92.2664,330.3,1,1,2012-03-31,0708,Aqua,MODIS,81,6.2,305.2,18.5,D,0
22.1732,92.3143,341.3,1,1,2012-03-31,0708,Aqua,MODIS,90,6.2,307,34.4,D,0
22.1717,92.3044,323.3,1,1,2012-03-31,0708,Aqua,MODIS,62,6.2,305.6,8.6,D,0
22.1837,92.3226,328.6,1,1,2012-03-31,0708,Aqua,MODIS,78,6.2,306.3,14,D,0
22.1822,92.3127,342.6,1,1,2012-03-31,0708,Aqua,MODIS,90,6.2,307.1,36.3,D,0
22.6426,92.373,322.2,1,1,2012-03-31,0708,Aqua,MODIS,71,6.2,303.2,11.6,D,0
22.6095,92.3991,334.7,1,1,2012-03-31,0708,Aqua,MODIS,85,6.2,303.4,25.1,D,0
22.611,92.4089,320.1,1,1,2012-03-31,0708,Aqua,MODIS,32,6.2,302.8,7.6,D,0
22.5886,92.3826,318.8,1,1,2012-03-31,0708,Aqua,MODIS,44,6.2,302.7,6,D,0
22.5901,92.3925,324.9,1,1,2012-03-31,0708,Aqua,MODIS,57,6.2,303,11.3,D,0
22.5915,92.4023,351.5,1,1,2012-03-31,0708,Aqua,MODIS,96,6.2,304.5,55.6,D,0
22.5826,92.3993,364.2,1,1,2012-03-31,0708,Aqua,MODIS,100,6.2,305.7,89.2,D,0
22.5841,92.4091,339.6,1,1,2012-03-31,0708,Aqua,MODIS,88,6.2,303.3,32.3,D,0
21.9306,92.2987,348.1,1,1,2012-03-31,0708,Aqua,MODIS,94,6.2,302.7,48.1,D,0
22.936,92.3163,314.4,1.1,1,2012-04-01,0441,Terra,MODIS,54,6.2,302.2,5.8,D,0
23.413,92.2224,320.4,1.1,1,2012-04-01,0441,Terra,MODIS,66,6.2,300,11,D,0
23.4619,92.2582,312.4,1.1,1,2012-04-01,0441,Terra,MODIS,52,6.2,294.8,7.1,D,0
23.4022,92.231,322.7,1.1,1,2012-04-01,0441,Terra,MODIS,76,6.2,300.5,12.7,D,0
22.8622,92.3182,317,1.1,1,2012-04-01,0441,Terra,MODIS,63,6.2,303.5,7.1,D,0
23.4038,92.2207,325,1.1,1,2012-04-01,0441,Terra,MODIS,79,6.2,301.1,15.6,D,0
23.4057,91.8597,318.4,1,1,2012-04-01,0441,Terra,MODIS,71,6.2,303.3,7.3,D,0
24.2614,91.5794,319.2,1,1,2012-04-01,0441,Terra,MODIS,51,6.2,304.7,6.2,D,0
22.7593,92.4445,316.5,1.1,1,2012-04-01,0441,Terra,MODIS,61,6.2,305,6.3,D,0
23.2323,92.315,315.4,1.1,1,2012-04-01,0441,Terra,MODIS,62,6.2,302.6,6.2,D,0
24.2599,91.5892,318.6,1,1,2012-04-01,0441,Terra,MODIS,52,6.2,304.3,6.1,D,0
22.5384,91.7311,319.3,1,1,2012-04-01,0442,Terra,MODIS,57,6.2,305.6,8.2,D,0
22.1037,92.4985,327.5,1.1,1.1,2012-04-01,0442,Terra,MODIS,79,6.2,306.5,17.3,D,0
21.866,92.4659,349.6,1.1,1.1,2012-04-01,0442,Terra,MODIS,95,6.2,307.2,61.6,D,0
21.8677,92.4551,337.1,1.1,1.1,2012-04-01,0442,Terra,MODIS,88,6.2,305.1,34.6,D,0
21.6079,92.2518,321.3,1.1,1.1,2012-04-01,0442,Terra,MODIS,75,6.2,306.4,11.3,D,0
22.3692,92.2728,323,1.1,1,2012-04-01,0442,Terra,MODIS,73,6.2,307,10.9,D,0
22.5293,91.7295,323.8,1,1,2012-04-01,0442,Terra,MODIS,74,6.2,304.9,13,D,0
22.8098,92.3161,324.5,3.6,1.8,2012-04-01,0751,Aqua,MODIS,0,6.2,300.9,88.9,D,0
22.1285,92.2889,323.8,3.6,1.8,2012-04-01,0751,Aqua,MODIS,46,6.2,297.6,79.3,D,0
21.9972,92.3888,334.4,3.6,1.8,2012-04-01,0751,Aqua,MODIS,86,6.2,298.5,164.8,D,0
21.994,92.3539,324.2,3.6,1.8,2012-04-01,0751,Aqua,MODIS,67,6.2,299.8,84.4,D,0
21.7326,92.5302,320.3,3.7,1.8,2012-04-01,0751,Aqua,MODIS,37,6.2,303.1,55,D,0
21.7754,92.2851,321.8,3.5,1.8,2012-04-01,0751,Aqua,MODIS,53,6.2,299.5,62.1,D,0
21.7785,92.3186,327.2,3.5,1.8,2012-04-01,0751,Aqua,MODIS,76,6.2,300.3,99.3,D,0
21.7626,92.3204,329.1,3.5,1.8,2012-04-01,0751,Aqua,MODIS,79,6.2,298.5,111.8,D,0
21.7234,92.5403,322.9,3.7,1.8,2012-04-01,0751,Aqua,MODIS,65,6.2,303.6,71.9,D,0
22.3302,92.3589,322.7,3.6,1.8,2012-04-01,0751,Aqua,MODIS,49,6.2,300.5,65.6,D,0
21.7839,92.2798,324.8,3.5,1.8,2012-04-01,0751,Aqua,MODIS,77,6.2,299.7,82.9,D,0
21.7997,92.278,322.5,3.5,1.8,2012-04-01,0751,Aqua,MODIS,75,6.2,299.5,69.1,D,0
21.7427,92.4597,331.3,3.6,1.8,2012-04-01,0751,Aqua,MODIS,84,6.2,300.9,133.2,D,0
21.7048,92.3933,317.4,3.6,1.8,2012-04-01,0751,Aqua,MODIS,37,6.2,295.8,42.3,D,0
21.4584,92.583,352.5,3.7,1.8,2012-04-01,0751,Aqua,MODIS,96,6.2,300.9,403.5,D,0
23.7013,91.9181,323.4,3.5,1.8,2012-04-01,0751,Aqua,MODIS,71,6.2,299.4,70.3,D,0
22.1235,92.3286,325.4,3.6,1.8,2012-04-01,0751,Aqua,MODIS,62,6.2,302.3,85.6,D,0
21.623,92.4141,321.4,3.6,1.8,2012-04-01,0751,Aqua,MODIS,74,6.2,294.7,68.2,D,0
21.9005,92.3317,322.3,3.6,1.8,2012-04-01,0751,Aqua,MODIS,72,6.2,294.3,71.5,D,0
21.4654,92.5776,323.2,3.7,1.8,2012-04-01,0751,Aqua,MODIS,76,6.2,299.5,100,D,0
21.7438,92.2887,332.8,3.5,1.8,2012-04-01,0751,Aqua,MODIS,85,6.2,299.1,138.8,D,0
21.7913,92.284,328.5,3.5,1.8,2012-04-01,0751,Aqua,MODIS,54,6.2,300,101.8,D,0
21.7468,92.3222,337.2,3.5,1.8,2012-04-01,0751,Aqua,MODIS,88,6.2,295.7,179.9,D,0
21.4493,92.5793,347.2,3.7,1.8,2012-04-01,0751,Aqua,MODIS,94,6.2,300.6,327,D,0
21.615,92.4108,327.2,3.6,1.8,2012-04-01,0751,Aqua,MODIS,80,6.2,294.8,111.5,D,0
22.8004,92.3249,328.9,3.6,1.8,2012-04-01,0751,Aqua,MODIS,0,6.2,300.7,118.5,D,0
21.702,92.3603,333.4,3.6,1.8,2012-04-01,0751,Aqua,MODIS,85,6.2,297.5,156.5,D,0
21.9887,92.3839,326.8,3.6,1.8,2012-04-01,0751,Aqua,MODIS,75,6.2,299.2,102.4,D,0
22.0047,92.3825,327.9,3.6,1.8,2012-04-01,0751,Aqua,MODIS,81,6.2,298.8,112.6,D,0
21.7076,92.3675,338.5,3.6,1.8,2012-04-01,0751,Aqua,MODIS,89,6.2,297.7,204,D,0
22.3785,92.3563,321.4,3.6,1.8,2012-04-01,0751,Aqua,MODIS,31,6.2,302.4,55.4,D,0
21.4424,92.585,321.3,3.7,1.8,2012-04-01,0751,Aqua,MODIS,74,6.2,299.2,87.9,D,0
21.755,92.3164,340.4,3.5,1.8,2012-04-01,0751,Aqua,MODIS,90,6.2,297.5,215.4,D,0
21.7522,92.2829,326.6,3.5,1.8,2012-04-01,0751,Aqua,MODIS,66,6.2,299.3,91.2,D,0
21.7867,92.3131,328.4,3.5,1.8,2012-04-01,0751,Aqua,MODIS,81,6.2,300.1,110.4,D,0
22.1205,92.2949,322.4,3.6,1.8,2012-04-01,0751,Aqua,MODIS,43,6.2,299.8,71.6,D,0
21.5874,92.5571,319,3.7,1.8,2012-04-01,0751,Aqua,MODIS,70,6.2,299,57.5,D,0
22.3435,92.3242,328.1,3.6,1.8,2012-04-01,0751,Aqua,MODIS,62,6.2,303.9,97.5,D,0
22.858,92.311,315.9,3.6,1.8,2012-04-01,0751,Aqua,MODIS,46,6.2,299.6,30.8,D,0
23.3393,92.1938,320.1,3.6,1.8,2012-04-01,0751,Aqua,MODIS,34,6.2,295.1,77,D,0
21.9682,92.4246,320.1,3.6,1.8,2012-04-01,0751,Aqua,MODIS,53,6.2,297.8,59.7,D,0
21.9755,92.4196,319.9,3.6,1.8,2012-04-01,0751,Aqua,MODIS,50,6.2,297.7,60.9,D,0
21.9042,92.3708,331.5,3.6,1.8,2012-04-01,0751,Aqua,MODIS,84,6.2,294.6,138.4,D,0
21.3202,92.6029,313.7,3.7,1.8,2012-04-01,0751,Aqua,MODIS,59,6.2,297.9,52.1,D,0
21.546,92.5704,316,3.7,1.8,2012-04-01,0751,Aqua,MODIS,27,6.2,298.6,41.7,D,0
21.5553,92.5612,317.1,3.7,1.8,2012-04-01,0751,Aqua,MODIS,43,6.2,299.1,47.3,D,0
22.2445,92.5354,308.3,2.3,1.5,2012-04-01,1537,Terra,MODIS,74,6.2,294.9,24.6,N,0
22.8314,92.4258,307.5,2.3,1.5,2012-04-01,1537,Terra,MODIS,60,6.2,294.1,20.6,N,0
22.8301,92.4083,307.7,2.3,1.5,2012-04-01,1537,Terra,MODIS,72,6.2,293.8,23.2,N,0
23.2828,92.2239,304,2.3,1.5,2012-04-01,1537,Terra,MODIS,58,6.2,291.7,17.2,N,0
23.2821,92.2068,303.1,2.3,1.5,2012-04-01,1537,Terra,MODIS,52,6.2,286.2,14.6,N,0
21.3907,92.5942,349.5,1.4,1.2,2012-04-02,0655,Aqua,MODIS,95,6.2,301.3,89.3,D,0
21.3779,92.583,330.2,1.4,1.2,2012-04-02,0655,Aqua,MODIS,82,6.2,300.4,36.5,D,0
21.3884,92.5807,358.6,1.4,1.2,2012-04-02,0655,Aqua,MODIS,99,6.2,302,126.6,D,0
21.3863,92.5683,323.5,1.4,1.2,2012-04-02,0655,Aqua,MODIS,72,6.2,299.7,23.2,D,0
21.3026,92.6168,318.3,1.4,1.2,2012-04-02,0655,Aqua,MODIS,66,6.2,300.5,16.6,D,0
21.3109,92.6016,313.8,1.4,1.2,2012-04-02,0655,Aqua,MODIS,43,6.2,300.1,10.8,D,0
21.3802,92.5963,328.8,1.4,1.2,2012-04-02,0655,Aqua,MODIS,81,6.2,300.8,32.6,D,0
23.4299,92.0722,321,1.4,1.2,2012-04-02,0656,Aqua,MODIS,69,6.2,304.7,16.3,D,0
22.155,92.4441,319,1.4,1.2,2012-04-02,0656,Aqua,MODIS,65,6.2,303.3,10.9,D,0
22.7761,91.9765,318.3,1.5,1.2,2012-04-02,0656,Aqua,MODIS,62,6.2,301.6,14.1,D,0
23.1074,92.2879,321.8,1.4,1.2,2012-04-02,0656,Aqua,MODIS,70,6.2,305.1,15.1,D,0
24.0746,89.7526,321.4,2,1.4,2012-04-02,0656,Aqua,MODIS,0,6.2,304.7,29.3,D,0
21.8591,92.4989,327.3,1.4,1.2,2012-04-02,0656,Aqua,MODIS,78,6.2,304.5,26.9,D,0
22.9177,91.9794,320.5,1.5,1.2,2012-04-02,0656,Aqua,MODIS,67,6.2,303.3,15.5,D,0
23.0259,92.0654,325.9,1.4,1.2,2012-04-02,0656,Aqua,MODIS,76,6.2,300.3,22.4,D,0
23.0283,92.0794,357.9,1.4,1.2,2012-04-02,0656,Aqua,MODIS,99,6.2,300,119.4,D,0
23.0309,92.094,344.9,1.4,1.2,2012-04-02,0656,Aqua,MODIS,92,6.2,301.7,71,D,0
21.4317,92.4804,317.9,1.4,1.2,2012-04-02,0656,Aqua,MODIS,64,6.2,300.9,13.8,D,0
21.6145,92.4041,316.5,1.5,1.2,2012-04-02,0656,Aqua,MODIS,59,6.2,301.6,11.7,D,0
21.5943,92.3505,317.7,1.5,1.2,2012-04-02,0656,Aqua,MODIS,63,6.2,301.4,13,D,0
21.7355,92.4458,317.2,1.4,1.2,2012-04-02,0656,Aqua,MODIS,56,6.2,302.7,10.9,D,0
21.6697,92.4073,348.3,1.4,1.2,2012-04-02,0656,Aqua,MODIS,94,6.2,302.5,87.5,D,0
21.6722,92.4222,315.5,1.4,1.2,2012-04-02,0656,Aqua,MODIS,41,6.2,300.4,10,D,0
21.5714,92.3761,317.3,1.5,1.2,2012-04-02,0656,Aqua,MODIS,63,6.2,300.2,12,D,0
22.7273,92.0357,316.6,1.5,1.2,2012-04-02,0656,Aqua,MODIS,32,6.2,301.4,9.9,D,0
21.7645,92.5534,334.3,1.4,1.2,2012-04-02,0656,Aqua,MODIS,85,6.2,303.6,41,D,0
21.7354,92.5721,338.4,1.4,1.2,2012-04-02,0656,Aqua,MODIS,88,6.2,302.9,51.2,D,0
21.5635,92.5226,340.3,1.4,1.2,2012-04-02,0656,Aqua,MODIS,89,6.2,301.8,58.8,D,0
21.7516,92.5405,318.3,1.4,1.2,2012-04-02,0656,Aqua,MODIS,40,6.2,303.4,9.8,D,0
21.762,92.5386,329.5,1.4,1.2,2012-04-02,0656,Aqua,MODIS,81,6.2,304.4,30,D,0
21.5738,92.3899,336,1.5,1.2,2012-04-02,0656,Aqua,MODIS,86,6.2,300.9,50.4,D,0
22.0001,92.5571,321.1,1.4,1.2,2012-04-02,0656,Aqua,MODIS,69,6.2,305.3,13.5,D,0
21.6604,92.2011,317.1,1.5,1.2,2012-04-02,0656,Aqua,MODIS,62,6.2,300.4,12.9,D,0
22.0999,92.4768,315.8,1.4,1.2,2012-04-02,0656,Aqua,MODIS,50,6.2,301.6,7.1,D,0
22.1022,92.4904,320.9,1.4,1.2,2012-04-02,0656,Aqua,MODIS,68,6.2,302.6,15.3,D,0
21.6591,92.4093,356.3,1.4,1.2,2012-04-02,0656,Aqua,MODIS,98,6.2,302.4,117.8,D,0
21.6616,92.4239,328.2,1.4,1.2,2012-04-02,0656,Aqua,MODIS,79,6.2,300.7,31.9,D,0
21.6754,92.5059,339.5,1.4,1.2,2012-04-02,0656,Aqua,MODIS,89,6.2,303.4,57.4,D,0
23.628,91.9288,322.2,1.4,1.2,2012-04-02,0656,Aqua,MODIS,66,6.2,303.7,15.6,D,0
22.7618,92.3686,316,1.4,1.2,2012-04-02,0656,Aqua,MODIS,45,6.2,303,7.8,D,0
23.6305,91.943,362.1,1.4,1.2,2012-04-02,0656,Aqua,MODIS,100,6.2,303.7,138.9,D,0
23.6347,91.9331,353.4,1.4,1.2,2012-04-02,0656,Aqua,MODIS,96,6.2,304.3,101,D,0
23.637,91.947,358.5,1.4,1.2,2012-04-02,0656,Aqua,MODIS,99,6.2,303.6,122.1,D,0
21.5632,92.392,340.3,1.5,1.2,2012-04-02,0656,Aqua,MODIS,89,6.2,301.4,61.8,D,0
21.5655,92.4057,315.9,1.5,1.2,2012-04-02,0656,Aqua,MODIS,54,6.2,301.3,9.5,D,0
21.5079,92.389,320.2,1.5,1.2,2012-04-02,0656,Aqua,MODIS,45,6.2,300.6,16.8,D,0
21.5103,92.4029,323.3,1.5,1.2,2012-04-02,0656,Aqua,MODIS,65,6.2,300.5,21.5,D,0
21.5118,92.4744,329,1.4,1.2,2012-04-02,0656,Aqua,MODIS,29,6.2,300.8,28.8,D,0
21.5005,92.5658,317.1,1.4,1.2,2012-04-02,0656,Aqua,MODIS,63,6.2,300.6,13.2,D,0
21.5213,92.5292,313.8,1.4,1.2,2012-04-02,0656,Aqua,MODIS,47,6.2,300.6,8.4,D,0
21.4927,92.4543,322.6,1.4,1.2,2012-04-02,0656,Aqua,MODIS,73,6.2,301.4,21.1,D,0
21.9686,92.3107,321.7,1.5,1.2,2012-04-02,0656,Aqua,MODIS,53,6.2,301.5,15.6,D,0
21.8772,92.3208,326.4,1.5,1.2,2012-04-02,0656,Aqua,MODIS,77,6.2,301.5,28.6,D,0
23.2604,91.884,329.9,1.5,1.2,2012-04-02,0656,Aqua,MODIS,81,6.2,307,29.9,D,0
23.0154,92.0677,355.5,1.4,1.2,2012-04-02,0656,Aqua,MODIS,97,6.2,302.8,108.6,D,0
23.0178,92.0817,343.9,1.4,1.2,2012-04-02,0656,Aqua,MODIS,91,6.2,300.7,66.5,D,0
22.7597,92.3561,327.8,1.4,1.2,2012-04-02,0656,Aqua,MODIS,74,6.2,304.3,27,D,0
21.4983,92.5523,336,1.4,1.2,2012-04-02,0656,Aqua,MODIS,86,6.2,301.4,51.2,D,0
21.496,92.539,318,1.4,1.2,2012-04-02,0656,Aqua,MODIS,65,6.2,300.5,14.6,D,0
21.6194,92.5584,323.7,1.4,1.2,2012-04-02,0656,Aqua,MODIS,34,6.2,301.3,19.8,D,0
21.6403,92.5544,330.1,1.4,1.2,2012-04-02,0656,Aqua,MODIS,27,6.2,301.5,29.3,D,0
21.495,92.4683,321.1,1.4,1.2,2012-04-02,0656,Aqua,MODIS,55,6.2,301.1,17.8,D,0
23.4322,92.0858,316.6,1.4,1.2,2012-04-02,0656,Aqua,MODIS,46,6.2,305.1,8.9,D,0
23.3857,92.0673,327,1.4,1.2,2012-04-02,0656,Aqua,MODIS,77,6.2,305.3,24.9,D,0
23.3881,92.0809,317.5,1.4,1.2,2012-04-02,0656,Aqua,MODIS,49,6.2,304.7,8.9,D,0
23.2926,92.0983,318,1.4,1.2,2012-04-02,0656,Aqua,MODIS,33,6.2,302.4,8.2,D,0
21.644,92.5126,325.1,1.4,1.2,2012-04-02,0656,Aqua,MODIS,75,6.2,302.4,22.9,D,0
21.5843,92.5175,322.3,1.4,1.2,2012-04-02,0656,Aqua,MODIS,70,6.2,301.1,18.4,D,0
21.574,92.5205,328.8,1.4,1.2,2012-04-02,0656,Aqua,MODIS,80,6.2,300.9,30.6,D,0
21.576,92.5325,319.6,1.4,1.2,2012-04-02,0656,Aqua,MODIS,34,6.2,301.1,13.7,D,0
21.7075,92.5688,360.9,1.4,1.2,2012-04-02,0656,Aqua,MODIS,100,6.2,304.5,132.5,D,0
21.7052,92.5551,323.6,1.4,1.2,2012-04-02,0656,Aqua,MODIS,72,6.2,303.3,19.5,D,0
21.7016,92.5642,326.8,1.4,1.2,2012-04-02,0656,Aqua,MODIS,71,6.2,302.7,25.1,D,0
21.7145,92.5763,349.1,1.4,1.2,2012-04-02,0656,Aqua,MODIS,94,6.2,301.1,82.7,D,0
21.7121,92.5624,362.2,1.4,1.2,2012-04-02,0656,Aqua,MODIS,100,6.2,304.7,135,D,0
21.725,92.5746,405.2,1.4,1.2,2012-04-02,0656,Aqua,MODIS,100,6.2,309.7,456.8,D,0
21.7226,92.5603,362.4,1.4,1.2,2012-04-02,0656,Aqua,MODIS,100,6.2,304.6,136.9,D,0
22.2964,92.3535,358.4,1.4,1.2,2012-04-02,0656,Aqua,MODIS,99,6.2,301.4,120.1,D,0
22.294,92.3398,363.4,1.4,1.2,2012-04-02,0656,Aqua,MODIS,100,6.2,302.7,144.1,D,0
22.3068,92.3512,324.3,1.4,1.2,2012-04-02,0656,Aqua,MODIS,63,6.2,302.3,18.8,D,0
22.3045,92.3378,347.3,1.4,1.2,2012-04-02,0656,Aqua,MODIS,93,6.2,303,77.4,D,0
22.3173,92.3494,344.2,1.4,1.2,2012-04-02,0656,Aqua,MODIS,91,6.2,301.7,64.8,D,0
22.315,92.3356,328.1,1.4,1.2,2012-04-02,0656,Aqua,MODIS,36,6.2,302.3,24.2,D,0
22.3119,92.3438,324.8,1.4,1.2,2012-04-02,0656,Aqua,MODIS,38,6.2,301.2,18.5,D,0
22.3273,92.3697,325,1.4,1.2,2012-04-02,0656,Aqua,MODIS,56,6.2,299.4,20.2,D,0
22.3249,92.356,324.8,1.4,1.2,2012-04-02,0656,Aqua,MODIS,36,6.2,302.4,18.5,D,0
22.3224,92.3416,347.5,1.4,1.2,2012-04-02,0656,Aqua,MODIS,93,6.2,303.7,77,D,0
22.3399,92.3804,333,1.4,1.2,2012-04-02,0656,Aqua,MODIS,83,6.2,301.8,37,D,0
22.3376,92.3669,344.2,1.4,1.2,2012-04-02,0656,Aqua,MODIS,91,6.2,303.9,65.3,D,0
22.383,92.3162,318.1,1.4,1.2,2012-04-02,0656,Aqua,MODIS,61,6.2,302.9,10,D,0
23.4819,92.0279,318.3,1.4,1.2,2012-04-02,0656,Aqua,MODIS,47,6.2,303,12,D,0
23.5015,91.9528,341.2,1.4,1.2,2012-04-02,0656,Aqua,MODIS,89,6.2,305.5,60.9,D,0
21.5174,92.4441,368.3,1.4,1.2,2012-04-02,0656,Aqua,MODIS,100,6.2,303.5,173.6,D,0
21.5199,92.4582,363.9,1.4,1.2,2012-04-02,0656,Aqua,MODIS,100,6.2,302,151.1,D,0
21.5223,92.4722,325,1.4,1.2,2012-04-02,0656,Aqua,MODIS,76,6.2,301,23.7,D,0
21.5093,92.4604,336,1.4,1.2,2012-04-02,0656,Aqua,MODIS,70,6.2,301.1,44.5,D,0
21.6201,92.2447,329,1.5,1.2,2012-04-02,0656,Aqua,MODIS,80,6.2,300.7,34.6,D,0
21.6309,92.2429,329.8,1.5,1.2,2012-04-02,0656,Aqua,MODIS,81,6.2,299.9,36.7,D,0
23.4866,92.0551,321.4,1.4,1.2,2012-04-02,0656,Aqua,MODIS,69,6.2,303.8,18.4,D,0
21.8356,92.2704,325.3,1.5,1.2,2012-04-02,0656,Aqua,MODIS,76,6.2,299.6,24.8,D,0
22.3168,92.4748,351.9,1.4,1.2,2012-04-02,0656,Aqua,MODIS,96,6.2,304.2,91.9,D,0
22.3147,92.4623,350.8,1.4,1.2,2012-04-02,0656,Aqua,MODIS,95,6.2,304.6,88.2,D,0
22.3375,92.4705,358,1.4,1.2,2012-04-02,0656,Aqua,MODIS,99,6.2,305.1,115.4,D,0
22.3354,92.4579,336.8,1.4,1.2,2012-04-02,0656,Aqua,MODIS,86,6.2,304.1,46.2,D,0
22.3353,92.478,326.8,1.4,1.2,2012-04-02,0656,Aqua,MODIS,77,6.2,303.3,24.2,D,0
22.333,92.4652,351.7,1.4,1.2,2012-04-02,0656,Aqua,MODIS,96,6.2,305.2,91.2,D,0
21.838,92.2843,332.6,1.5,1.2,2012-04-02,0656,Aqua,MODIS,83,6.2,298.6,40.4,D,0
21.8325,92.2764,336.1,1.5,1.2,2012-04-02,0656,Aqua,MODIS,86,6.2,298.2,50.3,D,0
21.8348,92.2904,321.6,1.5,1.2,2012-04-02,0656,Aqua,MODIS,71,6.2,298.8,18.4,D,0
21.8266,92.3063,326.6,1.5,1.2,2012-04-02,0656,Aqua,MODIS,68,6.2,300.8,26.4,D,0
21.829,92.3205,358.1,1.5,1.2,2012-04-02,0656,Aqua,MODIS,99,6.2,301.9,125.8,D,0
21.816,92.3085,319.3,1.5,1.2,2012-04-02,0656,Aqua,MODIS,46,6.2,300.5,13.5,D,0
21.4035,92.6057,335.4,1.4,1.2,2012-04-02,0656,Aqua,MODIS,86,6.2,301.5,49.7,D,0
23.4669,92.163,382.8,1.4,1.2,2012-04-02,0656,Aqua,MODIS,100,6.2,307.7,256.5,D,0
21.8178,92.3835,321.4,1.4,1.2,2012-04-02,0656,Aqua,MODIS,70,6.2,301,18.9,D,0
21.8488,92.5018,330.9,1.4,1.2,2012-04-02,0656,Aqua,MODIS,82,6.2,304.2,34,D,0
23.2763,92.13,323.9,1.4,1.2,2012-04-02,0656,Aqua,MODIS,73,6.2,305,18.4,D,0
23.2496,92.1631,320,1.4,1.2,2012-04-02,0656,Aqua,MODIS,66,6.2,306.7,11.5,D,0
21.8184,92.3226,327.9,1.5,1.2,2012-04-02,0656,Aqua,MODIS,79,6.2,300.9,30.5,D,0
21.8006,92.2826,317.2,1.5,1.2,2012-04-02,0656,Aqua,MODIS,33,6.2,300.9,10.6,D,0
21.7794,92.287,320.2,1.5,1.2,2012-04-02,0656,Aqua,MODIS,68,6.2,300.9,16.3,D,0
22.2254,92.5417,315.6,1.4,1.2,2012-04-02,0656,Aqua,MODIS,45,6.2,301.1,8.7,D,0
22.2358,92.5401,318.1,1.4,1.2,2012-04-02,0656,Aqua,MODIS,61,6.2,301.3,12.4,D,0
21.7413,92.2866,317.7,1.5,1.2,2012-04-02,0656,Aqua,MODIS,63,6.2,300.3,13.7,D,0
21.7953,92.5677,319.8,1.4,1.2,2012-04-02,0656,Aqua,MODIS,67,6.2,303,14.3,D,0
21.7875,92.562,325.4,1.4,1.2,2012-04-02,0656,Aqua,MODIS,76,6.2,303.1,22.6,D,0
21.6629,92.2154,315.8,1.5,1.2,2012-04-02,0656,Aqua,MODIS,58,6.2,300.8,10.2,D,0
23.5504,92.2386,317.7,1.4,1.2,2012-04-02,0656,Aqua,MODIS,61,6.2,303.9,11.4,D,0
22.0648,92.2719,374.9,1.5,1.2,2012-04-02,0656,Aqua,MODIS,100,6.2,304.2,214.9,D,0
22.067,92.2845,346.8,1.5,1.2,2012-04-02,0656,Aqua,MODIS,93,6.2,301.3,79.4,D,0
21.8568,92.2661,313.3,1.5,1.2,2012-04-02,0656,Aqua,MODIS,35,6.2,298.5,6.2,D,0
22.0108,92.3019,328.7,1.5,1.2,2012-04-02,0656,Aqua,MODIS,80,6.2,300.2,28.5,D,0
22.8198,91.9457,323.5,1.5,1.2,2012-04-02,0656,Aqua,MODIS,72,6.2,301.8,22,D,0
23.4692,92.1762,394.5,1.4,1.2,2012-04-02,0656,Aqua,MODIS,100,6.2,308.7,348.1,D,0
23.4275,92.0585,322.1,1.4,1.2,2012-04-02,0656,Aqua,MODIS,71,6.2,305,17.3,D,0
22.4614,92.3639,325.9,1.4,1.2,2012-04-02,0656,Aqua,MODIS,76,6.2,302.2,24.8,D,0
22.0129,92.3148,334.3,1.4,1.2,2012-04-02,0656,Aqua,MODIS,85,6.2,299.6,41.8,D,0
23.2579,91.87,327.9,1.5,1.2,2012-04-02,0656,Aqua,MODIS,78,6.2,305.3,25.7,D,0
21.7749,92.5507,325.3,1.4,1.2,2012-04-02,0656,Aqua,MODIS,76,6.2,302.1,22.1,D,0
23.0084,92.0612,318.8,1.4,1.2,2012-04-02,0656,Aqua,MODIS,61,6.2,302.5,11.6,D,0
23.0108,92.0752,358.4,1.4,1.2,2012-04-02,0656,Aqua,MODIS,99,6.2,302.7,123.3,D,0
22.0753,92.2696,326.2,1.5,1.2,2012-04-02,0656,Aqua,MODIS,77,6.2,302.2,24.7,D,0
22.0623,92.2571,322.5,1.5,1.2,2012-04-02,0656,Aqua,MODIS,72,6.2,303.1,18.3,D,0
22.1345,92.2634,321.9,1.5,1.2,2012-04-02,0656,Aqua,MODIS,59,6.2,302.4,14.9,D,0
21.7725,92.5368,332.8,1.4,1.2,2012-04-02,0656,Aqua,MODIS,84,6.2,303.4,37.6,D,0
21.5304,92.4562,334.1,1.4,1.2,2012-04-02,0656,Aqua,MODIS,85,6.2,301.6,42.4,D,0
23.092,91.9166,323.2,1.5,1.2,2012-04-02,0656,Aqua,MODIS,72,6.2,303.5,19.5,D,0
21.9662,92.2972,327.3,1.5,1.2,2012-04-02,0656,Aqua,MODIS,78,6.2,302,26.9,D,0
23.2567,92.3286,316.9,1.4,1.2,2012-04-02,0656,Aqua,MODIS,56,6.2,306.1,8.5,D,0
22.8296,91.6077,316.4,1.6,1.2,2012-04-02,0656,Aqua,MODIS,50,6.2,301.8,10.1,D,0
22.137,92.2774,363.4,1.4,1.2,2012-04-02,0656,Aqua,MODIS,100,6.2,303.4,146.6,D,0
21.4002,92.5223,324.4,1.4,1.2,2012-04-02,0656,Aqua,MODIS,55,6.2,300.3,23.4,D,0
21.4026,92.5363,366.6,1.4,1.2,2012-04-02,0656,Aqua,MODIS,100,6.2,301.9,164.1,D,0
21.3989,92.5785,329.6,1.4,1.2,2012-04-02,0656,Aqua,MODIS,81,6.2,301,34.9,D,0
21.4918,92.5137,334.6,1.4,1.2,2012-04-02,0656,Aqua,MODIS,85,6.2,299.9,47.6,D,0
21.494,92.5269,350.6,1.4,1.2,2012-04-02,0656,Aqua,MODIS,95,6.2,301.2,96.6,D,0
23.255,91.8759,337.2,1.5,1.2,2012-04-02,0656,Aqua,MODIS,87,6.2,305.7,48.2,D,0
21.8821,92.3492,326.4,1.4,1.2,2012-04-02,0656,Aqua,MODIS,77,6.2,302.7,27.2,D,0
21.9145,92.4114,332.5,1.4,1.2,2012-04-02,0656,Aqua,MODIS,83,6.2,303.4,37.9,D,0
21.9169,92.4253,320.4,1.4,1.2,2012-04-02,0656,Aqua,MODIS,68,6.2,302.6,13.4,D,0
22.1264,92.2794,324.7,1.4,1.2,2012-04-02,0656,Aqua,MODIS,75,6.2,302.3,20.6,D,0
22.1955,92.2366,316.9,1.5,1.2,2012-04-02,0656,Aqua,MODIS,59,6.2,302.5,9,D,0
23.3374,92.0126,320.7,1.4,1.2,2012-04-02,0656,Aqua,MODIS,68,6.2,304.8,13.7,D,0
21.5328,92.4703,340.3,1.4,1.2,2012-04-02,0656,Aqua,MODIS,89,6.2,301.8,58.7,D,0
22.9283,92.3231,318,1.4,1.2,2012-04-02,0656,Aqua,MODIS,60,6.2,302.6,11,D,0
22.9305,92.3358,315.8,1.4,1.2,2012-04-02,0656,Aqua,MODIS,49,6.2,302.1,7.6,D,0
21.793,92.5544,316.2,1.4,1.2,2012-04-02,0656,Aqua,MODIS,57,6.2,302.7,8.9,D,0
23.0457,91.7984,316.1,1.5,1.2,2012-04-02,0656,Aqua,MODIS,44,6.2,302,7.4,D,0
23.1607,91.7777,322.4,1.5,1.2,2012-04-02,0656,Aqua,MODIS,70,6.2,305.4,18.4,D,0
23.3351,91.9991,328.2,1.4,1.2,2012-04-02,0656,Aqua,MODIS,79,6.2,304.6,28.3,D,0
23.3535,91.9454,320.7,1.4,1.2,2012-04-02,0656,Aqua,MODIS,68,6.2,304,12.5,D,0
23.4181,92.0036,318.3,1.4,1.2,2012-04-02,0656,Aqua,MODIS,63,6.2,303.2,11.6,D,0
23.4216,91.9605,328.3,1.4,1.2,2012-04-02,0656,Aqua,MODIS,79,6.2,303.3,28.9,D,0
25.0681,89.6758,320.6,1.9,1.3,2012-04-02,0657,Aqua,MODIS,0,6.2,306.2,27.4,D,0
21.8755,92.3638,316.7,1,1,2012-04-03,0429,Terra,MODIS,38,6.2,301.1,6.2,D,0
22.066,92.3831,316.2,1,1,2012-04-03,0429,Terra,MODIS,62,6.2,301.9,5.4,D,0
23.6846,92.1231,322.5,1.1,1,2012-04-03,0429,Terra,MODIS,71,6.2,301,14.2,D,0
23.2735,92.3023,324,1,1,2012-04-03,0429,Terra,MODIS,74,6.2,301.1,15.2,D,0
23.2721,92.3124,341.1,1,1,2012-04-03,0429,Terra,MODIS,90,6.2,301.6,39.4,D,0
23.5905,91.9484,319.1,1.1,1,2012-04-03,0429,Terra,MODIS,62,6.2,303,8.4,D,0
21.4735,92.4324,315.5,2.1,1.4,2012-04-03,0738,Aqua,MODIS,60,6.2,299.3,17.4,D,0
21.4272,92.4791,334.4,2.1,1.4,2012-04-03,0738,Aqua,MODIS,86,6.2,300.7,81.3,D,0
21.5194,92.5013,347.5,2.1,1.4,2012-04-03,0738,Aqua,MODIS,94,6.2,299.8,144.4,D,0
21.5174,92.4819,351.2,2.1,1.4,2012-04-03,0738,Aqua,MODIS,96,6.2,300.7,168.1,D,0
21.4252,92.5827,324.4,2.2,1.4,2012-04-03,0738,Aqua,MODIS,68,6.2,300.6,42.8,D,0
21.7306,92.3951,336,2.1,1.4,2012-04-03,0738,Aqua,MODIS,87,6.2,300.9,83.1,D,0
21.6182,92.5671,322.7,2.2,1.4,2012-04-03,0738,Aqua,MODIS,68,6.2,300.5,35,D,0
21.5215,92.5209,337.2,2.1,1.4,2012-04-03,0738,Aqua,MODIS,87,6.2,298.5,88.7,D,0
21.631,92.5657,322,2.2,1.4,2012-04-03,0738,Aqua,MODIS,54,6.2,301,32.3,D,0
21.3816,92.5503,314.7,2.1,1.4,2012-04-03,0738,Aqua,MODIS,59,6.2,298.5,19.1,D,0
21.5153,92.4622,316.4,2.1,1.4,2012-04-03,0738,Aqua,MODIS,33,6.2,301.1,16.4,D,0
21.5758,92.4075,328.1,2.1,1.4,2012-04-03,0738,Aqua,MODIS,80,6.2,298.9,49.1,D,0
21.5737,92.3876,333.1,2.1,1.4,2012-04-03,0738,Aqua,MODIS,84,6.2,300.1,68.8,D,0
21.541,92.5833,318.2,2.2,1.4,2012-04-03,0738,Aqua,MODIS,64,6.2,299.2,24.2,D,0
21.7519,92.3536,327.1,2.1,1.4,2012-04-03,0738,Aqua,MODIS,79,6.2,300.3,47.6,D,0
21.5617,92.4171,317.7,2.1,1.4,2012-04-03,0738,Aqua,MODIS,65,6.2,300,18.8,D,0
21.4145,92.4805,315.7,2.1,1.4,2012-04-03,0738,Aqua,MODIS,61,6.2,300.1,19,D,0
21.6347,92.3551,327.3,2.1,1.4,2012-04-03,0738,Aqua,MODIS,79,6.2,299.8,46,D,0
21.5321,92.4998,334.9,2.1,1.4,2012-04-03,0738,Aqua,MODIS,86,6.2,301,79.8,D,0
21.53,92.4802,321.7,2.1,1.4,2012-04-03,0738,Aqua,MODIS,72,6.2,301.1,30.9,D,0
21.6052,92.4439,353.1,2.1,1.4,2012-04-03,0738,Aqua,MODIS,96,6.2,299.5,177.3,D,0
21.7393,92.3549,325.8,2.1,1.4,2012-04-03,0738,Aqua,MODIS,78,6.2,299.4,43.1,D,0
21.6325,92.3403,328.5,2.1,1.4,2012-04-03,0738,Aqua,MODIS,80,6.2,299.7,48.1,D,0
21.6326,92.3352,322,2.1,1.4,2012-04-03,0738,Aqua,MODIS,73,6.2,299.7,29.2,D,0
21.6032,92.4245,342.4,2.1,1.4,2012-04-03,0738,Aqua,MODIS,91,6.2,300.9,112.8,D,0
21.6394,92.5226,330.4,2.1,1.4,2012-04-03,0738,Aqua,MODIS,81,6.2,300.3,58.7,D,0
21.6745,92.3702,320,2.1,1.4,2012-04-03,0738,Aqua,MODIS,60,6.2,300.6,22.1,D,0
21.6872,92.3685,328.5,2.1,1.4,2012-04-03,0738,Aqua,MODIS,80,6.2,300.9,48.8,D,0
21.601,92.4045,319.2,2.1,1.4,2012-04-03,0738,Aqua,MODIS,68,6.2,299.9,22.4,D,0
21.6369,92.4998,323.5,2.1,1.4,2012-04-03,0738,Aqua,MODIS,75,6.2,300.5,37.4,D,0
21.6345,92.4778,316.5,2.1,1.4,2012-04-03,0738,Aqua,MODIS,36,6.2,298.8,15.9,D,0
21.6432,92.4391,340.7,2.1,1.4,2012-04-03,0738,Aqua,MODIS,90,6.2,300.3,105.2,D,0
21.6411,92.4194,320,2.1,1.4,2012-04-03,0738,Aqua,MODIS,69,6.2,300.8,24.7,D,0
21.6346,92.3602,321,2.1,1.4,2012-04-03,0738,Aqua,MODIS,59,6.2,299.6,24.1,D,0
21.6382,92.517,329.7,2.1,1.4,2012-04-03,0738,Aqua,MODIS,71,6.2,300.6,54.9,D,0
21.6446,92.4525,321.2,2.1,1.4,2012-04-03,0738,Aqua,MODIS,22,6.2,297.9,24.4,D,0
21.6427,92.4345,338.2,2.1,1.4,2012-04-03,0738,Aqua,MODIS,88,6.2,300.7,92.5,D,0
21.4543,92.3677,314.6,2.1,1.4,2012-04-03,0738,Aqua,MODIS,56,6.2,298.5,18.1,D,0
21.5539,92.5821,330.8,2.2,1.4,2012-04-03,0738,Aqua,MODIS,82,6.2,298.7,63.5,D,0
21.6958,92.5737,329.3,2.2,1.4,2012-04-03,0738,Aqua,MODIS,80,6.2,298.4,57.5,D,0
21.7193,92.5505,327.1,2.2,1.4,2012-04-03,0738,Aqua,MODIS,39,6.2,302.6,42.4,D,0
21.6766,92.39,345.7,2.1,1.4,2012-04-03,0738,Aqua,MODIS,93,6.2,300,129.9,D,0
21.5945,92.2247,314.9,2,1.4,2012-04-03,0738,Aqua,MODIS,37,6.2,297.8,12.6,D,0
21.5518,92.5625,329.6,2.2,1.4,2012-04-03,0738,Aqua,MODIS,81,6.2,301.7,57.2,D,0
21.5389,92.5637,324.7,2.2,1.4,2012-04-03,0738,Aqua,MODIS,76,6.2,300.8,43,D,0
21.71,92.3185,327.8,2.1,1.4,2012-04-03,0738,Aqua,MODIS,80,6.2,299.7,48.1,D,0
21.5542,92.5751,330.4,2.2,1.4,2012-04-03,0738,Aqua,MODIS,82,6.2,300.3,62.7,D,0
21.706,92.3063,320.6,2.1,1.4,2012-04-03,0738,Aqua,MODIS,70,6.2,299.4,27.2,D,0
21.6892,92.3883,350.1,2.1,1.4,2012-04-03,0738,Aqua,MODIS,95,6.2,301.2,156.7,D,0
21.7081,92.3261,321.9,2.1,1.4,2012-04-03,0738,Aqua,MODIS,73,6.2,299.2,30.6,D,0
21.7291,92.4018,345.1,2.1,1.4,2012-04-03,0738,Aqua,MODIS,92,6.2,300.3,128.2,D,0
21.7323,92.4122,328.1,2.1,1.4,2012-04-03,0738,Aqua,MODIS,80,6.2,298.7,51,D,0
22.4709,92.2789,323.7,2.1,1.4,2012-04-03,0739,Aqua,MODIS,72,6.2,300.3,33.6,D,0
23.3827,92.1916,322.3,2.1,1.4,2012-04-03,0739,Aqua,MODIS,56,6.2,300.9,26.9,D,0
22.1272,92.3445,319.1,2.1,1.4,2012-04-03,0739,Aqua,MODIS,58,6.2,302.1,15.4,D,0
23.3654,92.2779,331.1,2.2,1.4,2012-04-03,0739,Aqua,MODIS,82,6.2,303.2,60.6,D,0
22.1863,92.2973,335.6,2.1,1.4,2012-04-03,0739,Aqua,MODIS,86,6.2,302.7,73.9,D,0
23.3547,92.3007,337.7,2.2,1.4,2012-04-03,0739,Aqua,MODIS,87,6.2,302.2,92,D,0
23.3633,92.2643,328,2.2,1.4,2012-04-03,0739,Aqua,MODIS,79,6.2,302,47.3,D,0
23.3655,92.2857,325.5,2.2,1.4,2012-04-03,0739,Aqua,MODIS,44,6.2,303.4,39.1,D,0
23.3527,92.2872,330.8,2.2,1.4,2012-04-03,0739,Aqua,MODIS,77,6.2,301.1,62.7,D,0
23.3549,92.3081,327.2,2.2,1.4,2012-04-03,0739,Aqua,MODIS,64,6.2,301.1,51.1,D,0
23.3204,92.227,327.4,2.2,1.4,2012-04-03,0739,Aqua,MODIS,63,6.2,300.9,45.7,D,0
23.3076,92.2282,345.3,2.2,1.4,2012-04-03,0739,Aqua,MODIS,92,6.2,302.8,128.9,D,0
23.1838,91.8995,327.8,2,1.4,2012-04-03,0739,Aqua,MODIS,78,6.2,303.5,40.5,D,0
22.1839,92.272,345.8,2.1,1.4,2012-04-03,0739,Aqua,MODIS,92,6.2,302.9,124.2,D,0
22.2261,92.3078,338.5,2.1,1.4,2012-04-03,0739,Aqua,MODIS,88,6.2,302.9,87.2,D,0
23.134,91.9056,332.6,2,1.4,2012-04-03,0739,Aqua,MODIS,80,6.2,304.7,55.2,D,0
23.1359,91.9244,357,2,1.4,2012-04-03,0739,Aqua,MODIS,98,6.2,304.4,187.5,D,0
23.1196,91.8877,326.3,2,1.4,2012-04-03,0739,Aqua,MODIS,63,6.2,303,30.9,D,0
23.1188,91.9148,324.6,2,1.4,2012-04-03,0739,Aqua,MODIS,70,6.2,302.3,26.3,D,0
23.1167,91.8953,338.4,2,1.4,2012-04-03,0739,Aqua,MODIS,88,6.2,303.5,78.6,D,0
23.1333,91.9321,342,2,1.4,2012-04-03,0739,Aqua,MODIS,90,6.2,301.9,95.7,D,0
23.1312,91.913,350.7,2,1.4,2012-04-03,0739,Aqua,MODIS,95,6.2,305.1,142.6,D,0
23.1216,91.9072,332.3,2,1.4,2012-04-03,0739,Aqua,MODIS,83,6.2,302.9,52.4,D,0
23.4687,92.1539,319.6,2.1,1.4,2012-04-03,0739,Aqua,MODIS,55,6.2,301.6,25.7,D,0
23.471,92.1761,316.1,2.1,1.4,2012-04-03,0739,Aqua,MODIS,24,6.2,300.4,15.8,D,0
23.456,92.1556,319.1,2.1,1.4,2012-04-03,0739,Aqua,MODIS,38,6.2,301.4,23.6,D,0
23.4205,92.0567,324.9,2.1,1.4,2012-04-03,0739,Aqua,MODIS,74,6.2,302.1,38.7,D,0
23.4186,92.0413,322.7,2.1,1.4,2012-04-03,0739,Aqua,MODIS,65,6.2,301.3,30.8,D,0
23.4208,92.0618,320.2,2.1,1.4,2012-04-03,0739,Aqua,MODIS,46,6.2,302.2,24.4,D,0
23.4061,92.1674,326.2,2.1,1.4,2012-04-03,0739,Aqua,MODIS,76,6.2,299.1,41.6,D,0
23.2003,92.3105,364.2,2.2,1.4,2012-04-03,0739,Aqua,MODIS,100,6.2,305,270.8,D,0
23.1489,92.324,329.6,2.2,1.4,2012-04-03,0739,Aqua,MODIS,81,6.2,304.3,49.2,D,0
23.1359,92.3244,338.3,2.2,1.4,2012-04-03,0739,Aqua,MODIS,88,6.2,305.2,88.1,D,0
21.9099,92.3917,326,2.1,1.4,2012-04-03,0739,Aqua,MODIS,78,6.2,301.1,42.2,D,0
21.911,92.3838,320.2,2.1,1.4,2012-04-03,0739,Aqua,MODIS,69,6.2,300.8,23.7,D,0
23.2131,92.3091,335.1,2.2,1.4,2012-04-03,0739,Aqua,MODIS,85,6.2,301.1,77.7,D,0
22.3567,92.4308,335.6,2.2,1.4,2012-04-03,0739,Aqua,MODIS,86,6.2,299.6,77.5,D,0
23.32,91.9779,324.2,2.1,1.4,2012-04-03,0739,Aqua,MODIS,74,6.2,301.4,29.7,D,0
23.4563,92.0316,342.7,2.1,1.4,2012-04-03,0739,Aqua,MODIS,90,6.2,301.5,113.3,D,0
23.4689,92.03,349.6,2.1,1.4,2012-04-03,0739,Aqua,MODIS,95,6.2,298.2,155.2,D,0
22.3545,92.4104,339.1,2.2,1.4,2012-04-03,0739,Aqua,MODIS,88,6.2,299.6,90.3,D,0
21.8193,92.2598,316.5,2.1,1.4,2012-04-03,0739,Aqua,MODIS,46,6.2,298.6,15.7,D,0
21.8189,92.2651,320.1,2.1,1.4,2012-04-03,0739,Aqua,MODIS,55,6.2,298.6,24.2,D,0
21.7751,92.3307,336.7,2.1,1.4,2012-04-03,0739,Aqua,MODIS,87,6.2,299.1,86.1,D,0
22.3523,92.3895,325.8,2.1,1.4,2012-04-03,0739,Aqua,MODIS,70,6.2,301.5,33.2,D,0
22.3673,92.4088,333.7,2.2,1.4,2012-04-03,0739,Aqua,MODIS,84,6.2,301.6,65.8,D,0
22.3552,92.4256,336.2,2.2,1.4,2012-04-03,0739,Aqua,MODIS,80,6.2,300,81.5,D,0
22.3659,92.4034,329,2.2,1.4,2012-04-03,0739,Aqua,MODIS,57,6.2,301.2,46.3,D,0
23.2579,92.2396,333.4,2.2,1.4,2012-04-03,0739,Aqua,MODIS,84,6.2,299.4,72.2,D,0
21.9808,92.4364,338.9,2.1,1.4,2012-04-03,0739,Aqua,MODIS,88,6.2,301.2,91.9,D,0
21.9787,92.4163,336.7,2.1,1.4,2012-04-03,0739,Aqua,MODIS,87,6.2,301.7,81.2,D,0
22.0191,92.4321,320.6,2.1,1.4,2012-04-03,0739,Aqua,MODIS,65,6.2,301.6,22.5,D,0
22.186,92.2922,350.2,2.1,1.4,2012-04-03,0739,Aqua,MODIS,95,6.2,303.1,151.1,D,0
21.9659,92.4173,334.1,2.1,1.4,2012-04-03,0739,Aqua,MODIS,85,6.2,302.1,70.8,D,0
23.2557,92.2188,343.2,2.1,1.4,2012-04-03,0739,Aqua,MODIS,91,6.2,302,116.7,D,0
23.2707,92.2382,334.6,2.2,1.4,2012-04-03,0739,Aqua,MODIS,85,6.2,300.1,77.2,D,0
23.2684,92.2172,360,2.1,1.4,2012-04-03,0739,Aqua,MODIS,99,6.2,304.6,229.9,D,0
21.9849,92.3537,319.4,2.1,1.4,2012-04-03,0739,Aqua,MODIS,45,6.2,299.7,19.9,D,0
22.0181,92.4273,321,2.1,1.4,2012-04-03,0739,Aqua,MODIS,69,6.2,301.4,24.9,D,0
22.0098,92.3458,319.6,2.1,1.4,2012-04-03,0739,Aqua,MODIS,31,6.2,299,19.3,D,0
21.8737,92.2931,318.7,2.1,1.4,2012-04-03,0739,Aqua,MODIS,64,6.2,296.4,22.6,D,0
21.8757,92.3122,321.5,2.1,1.4,2012-04-03,0739,Aqua,MODIS,59,6.2,296.6,29,D,0
22.0627,92.3606,348.9,2.1,1.4,2012-04-03,0739,Aqua,MODIS,94,6.2,298.9,145.5,D,0
22.0796,92.3991,368.5,2.1,1.4,2012-04-03,0739,Aqua,MODIS,100,6.2,303.7,301.7,D,0
22.0753,92.3588,342.8,2.1,1.4,2012-04-03,0739,Aqua,MODIS,91,6.2,297.9,107.5,D,0
22.0924,92.3979,380.9,2.1,1.4,2012-04-03,0739,Aqua,MODIS,100,6.2,306.3,438.1,D,0
22.0902,92.3776,331.2,2.1,1.4,2012-04-03,0739,Aqua,MODIS,80,6.2,303.6,54,D,0
22.0825,92.4113,341.7,2.1,1.4,2012-04-03,0739,Aqua,MODIS,90,6.2,299.5,103.5,D,0
22.0806,92.3919,362.7,2.1,1.4,2012-04-03,0739,Aqua,MODIS,100,6.2,304.1,248.2,D,0
22.0765,92.3511,348.8,2.1,1.4,2012-04-03,0739,Aqua,MODIS,94,6.2,300.1,138.3,D,0
22.0953,92.4102,345.2,2.1,1.4,2012-04-03,0739,Aqua,MODIS,92,6.2,303.9,122,D,0
22.0933,92.3905,366.3,2.1,1.4,2012-04-03,0739,Aqua,MODIS,100,6.2,305.9,277.3,D,0
21.9532,92.4189,371.7,2.1,1.4,2012-04-03,0739,Aqua,MODIS,100,6.2,303.1,337.3,D,0
21.9552,92.4385,321.8,2.1,1.4,2012-04-03,0739,Aqua,MODIS,57,6.2,299.1,24.6,D,0
21.9131,92.4041,320.3,2.1,1.4,2012-04-03,0739,Aqua,MODIS,66,6.2,301.4,22.8,D,0
21.9269,92.4296,318.3,2.1,1.4,2012-04-03,0739,Aqua,MODIS,51,6.2,301.7,15.8,D,0
22.0919,92.1276,323,2,1.4,2012-04-03,0739,Aqua,MODIS,73,6.2,300.6,32.8,D,0
22.0749,92.2364,324.2,2.1,1.4,2012-04-03,0739,Aqua,MODIS,75,6.2,301.1,32.2,D,0
22.0226,92.2227,322,2.1,1.4,2012-04-03,0739,Aqua,MODIS,71,6.2,301.2,27.8,D,0
22.0224,92.344,324.5,2.1,1.4,2012-04-03,0739,Aqua,MODIS,75,6.2,299.3,34.9,D,0
22.9301,92.3408,322.2,2.2,1.4,2012-04-03,0739,Aqua,MODIS,71,6.2,303.3,27.5,D,0
23.0693,91.8027,330.3,2,1.4,2012-04-03,0739,Aqua,MODIS,81,6.2,302.5,47.6,D,0
21.8716,92.2735,323.1,2.1,1.4,2012-04-03,0739,Aqua,MODIS,74,6.2,298.6,33.7,D,0
22.5717,92.3877,347.8,2.2,1.4,2012-04-03,0739,Aqua,MODIS,94,6.2,302.5,146.9,D,0
22.5738,92.4082,345.3,2.2,1.4,2012-04-03,0739,Aqua,MODIS,92,6.2,301.5,133.5,D,0
22.299,92.3736,330.1,2.1,1.4,2012-04-03,0739,Aqua,MODIS,79,6.2,302.7,51.8,D,0
22.3075,92.3316,335.8,2.1,1.4,2012-04-03,0739,Aqua,MODIS,86,6.2,302.6,72.3,D,0
22.3182,92.31,326,2.1,1.4,2012-04-03,0739,Aqua,MODIS,76,6.2,301.5,35.5,D,0
22.3689,92.3041,344.6,2.1,1.4,2012-04-03,0739,Aqua,MODIS,92,6.2,302.4,116.4,D,0
22.351,92.3838,329.1,2.1,1.4,2012-04-03,0739,Aqua,MODIS,79,6.2,302.1,44.9,D,0
22.3702,92.318,333.1,2.1,1.4,2012-04-03,0739,Aqua,MODIS,83,6.2,301.4,62.9,D,0
22.3683,92.2987,336.6,2.1,1.4,2012-04-03,0739,Aqua,MODIS,86,6.2,301.9,78,D,0
23.3701,92.0675,323.8,2.1,1.4,2012-04-03,0739,Aqua,MODIS,62,6.2,301.6,30.2,D,0
23.3322,92.0721,320.4,2.1,1.4,2012-04-03,0739,Aqua,MODIS,67,6.2,302.9,20.7,D,0
22.5348,92.3971,319.6,2.2,1.4,2012-04-03,0739,Aqua,MODIS,48,6.2,302.1,20.2,D,0
22.0203,92.3238,325.5,2.1,1.4,2012-04-03,0739,Aqua,MODIS,76,6.2,301.6,37.2,D,0
22.033,92.3221,335.2,2.1,1.4,2012-04-03,0739,Aqua,MODIS,82,6.2,302.3,71.3,D,0
22.3225,92.4764,330.7,2.2,1.4,2012-04-03,0739,Aqua,MODIS,81,6.2,297,62.6,D,0
22.3202,92.4544,321.8,2.2,1.4,2012-04-03,0739,Aqua,MODIS,61,6.2,298.7,29.9,D,0
22.0732,92.3386,359.2,2.1,1.4,2012-04-03,0739,Aqua,MODIS,99,6.2,302.9,215.2,D,0
22.0709,92.3177,323,2.1,1.4,2012-04-03,0739,Aqua,MODIS,35,6.2,301.5,25.6,D,0
21.7771,92.3503,328.1,2.1,1.4,2012-04-03,0739,Aqua,MODIS,80,6.2,297.8,51.1,D,0
21.8366,92.4259,326.4,2.1,1.4,2012-04-03,0739,Aqua,MODIS,48,6.2,301.6,36.4,D,0
22.0858,92.3366,328.9,2.1,1.4,2012-04-03,0739,Aqua,MODIS,44,6.2,301.7,43,D,0
22.0768,92.2543,326.2,2.1,1.4,2012-04-03,0739,Aqua,MODIS,77,6.2,301.9,38.8,D,0
22.094,92.2946,328.4,2.1,1.4,2012-04-03,0739,Aqua,MODIS,76,6.2,302.1,41.9,D,0
22.0744,92.3306,348.1,2.1,1.4,2012-04-03,0739,Aqua,MODIS,94,6.2,303.2,131.3,D,0
22.0663,92.2495,320.1,2.1,1.4,2012-04-03,0739,Aqua,MODIS,58,6.2,302,19.5,D,0
22.0788,92.2474,327.5,2.1,1.4,2012-04-03,0739,Aqua,MODIS,78,6.2,301.5,41.5,D,0
22.0956,92.2872,325.3,2.1,1.4,2012-04-03,0739,Aqua,MODIS,73,6.2,302.2,32.7,D,0
22.2447,92.2169,319.4,2.1,1.4,2012-04-03,0739,Aqua,MODIS,65,6.2,302.1,17.3,D,0
22.316,92.2899,319.2,2.1,1.4,2012-04-03,0739,Aqua,MODIS,63,6.2,301.1,16.4,D,0
22.3668,92.2842,324.6,2.1,1.4,2012-04-03,0739,Aqua,MODIS,70,6.2,302.1,28.7,D,0
22.3662,92.2786,322,2.1,1.4,2012-04-03,0739,Aqua,MODIS,70,6.2,302.4,23.4,D,0
22.4422,92.2689,321.4,2.1,1.4,2012-04-03,0739,Aqua,MODIS,69,6.2,301,26.4,D,0
21.8379,92.441,324.8,2.1,1.4,2012-04-03,0739,Aqua,MODIS,64,6.2,302.4,32.5,D,0
23.3723,91.8439,320.5,2,1.4,2012-04-03,0739,Aqua,MODIS,60,6.2,300.1,19.3,D,0
21.9278,92.298,355.6,2.1,1.4,2012-04-03,0739,Aqua,MODIS,98,6.2,299.4,189.2,D,0
21.8548,92.4798,319.6,2.1,1.4,2012-04-03,0739,Aqua,MODIS,32,6.2,302.6,19.2,D,0
23.4083,92.1886,324.1,2.1,1.4,2012-04-03,0739,Aqua,MODIS,63,6.2,302.5,34.3,D,0
22.7376,91.9861,317.8,2,1.4,2012-04-03,0739,Aqua,MODIS,59,6.2,300.8,17.1,D,0
23.471,92.0505,321.8,2.1,1.4,2012-04-03,0739,Aqua,MODIS,57,6.2,299.7,31.6,D,0
22.1841,92.2772,360,2.1,1.4,2012-04-03,0739,Aqua,MODIS,99,6.2,303.3,220.9,D,0
21.9259,92.2791,337.8,2.1,1.4,2012-04-03,0739,Aqua,MODIS,88,6.2,300.5,86.5,D,0
23.2565,92.2342,340.9,2.2,1.4,2012-04-03,0739,Aqua,MODIS,89,6.2,300.3,106.3,D,0
23.2545,92.2143,330.2,2.1,1.4,2012-04-03,0739,Aqua,MODIS,81,6.2,301.5,54.5,D,0
23.2693,92.2332,350.7,2.2,1.4,2012-04-03,0739,Aqua,MODIS,95,6.2,301.4,162.1,D,0
23.2672,92.2126,350.9,2.1,1.4,2012-04-03,0739,Aqua,MODIS,95,6.2,304.3,160,D,0
21.8568,92.4998,320,2.2,1.4,2012-04-03,0739,Aqua,MODIS,67,6.2,302.4,22.6,D,0
22.8752,91.9423,324.3,2,1.4,2012-04-03,0739,Aqua,MODIS,74,6.2,301.8,30.1,D,0
22.8764,91.9368,325.5,2,1.4,2012-04-03,0739,Aqua,MODIS,75,6.2,302.1,33.4,D,0
23.2949,92.23,352.5,2.2,1.4,2012-04-03,0739,Aqua,MODIS,96,6.2,301.2,173.9,D,0
21.8358,92.4209,320.1,2.1,1.4,2012-04-03,0739,Aqua,MODIS,61,6.2,300.9,20.5,D,0
21.8464,92.3988,325.4,2.1,1.4,2012-04-03,0739,Aqua,MODIS,53,6.2,302,37.2,D,0
23.2928,92.2094,394.6,2.1,1.4,2012-04-03,0739,Aqua,MODIS,100,6.2,309.7,644.7,D,0
22.1781,92.4606,320.5,2.2,1.4,2012-04-03,0739,Aqua,MODIS,27,6.2,298.1,24.1,D,0
22.176,92.4408,327.9,2.2,1.4,2012-04-03,0739,Aqua,MODIS,79,6.2,303.1,46.2,D,0
22.1909,92.4591,354.4,2.2,1.4,2012-04-03,0739,Aqua,MODIS,97,6.2,298.3,189.3,D,0
22.1889,92.4401,370.9,2.2,1.4,2012-04-03,0739,Aqua,MODIS,100,6.2,304.5,331.3,D,0
22.2016,92.4383,334.6,2.2,1.4,2012-04-03,0739,Aqua,MODIS,85,6.2,302.5,71.3,D,0
22.1895,92.4546,371.2,2.2,1.4,2012-04-03,0739,Aqua,MODIS,100,6.2,300.6,336.3,D,0
22.1876,92.4354,356.5,2.2,1.4,2012-04-03,0739,Aqua,MODIS,98,6.2,303.6,199.4,D,0
22.2003,92.4334,336.5,2.2,1.4,2012-04-03,0739,Aqua,MODIS,86,6.2,302.7,80.1,D,0
23.2907,92.1892,324.3,2.1,1.4,2012-04-03,0739,Aqua,MODIS,66,6.2,303.4,28.9,D,0
21.9615,92.255,319.9,2.1,1.4,2012-04-03,0739,Aqua,MODIS,69,6.2,301,22.5,D,0
21.9238,92.2595,320.4,2.1,1.4,2012-04-03,0739,Aqua,MODIS,63,6.2,301,24.2,D,0
21.8502,92.5624,320.3,2.2,1.4,2012-04-03,0739,Aqua,MODIS,54,6.2,301,29.3,D,0
22.9279,92.3186,322.7,2.2,1.4,2012-04-03,0739,Aqua,MODIS,72,6.2,303.9,29.5,D,0
25.9142,89.194,310.4,1.8,1.3,2012-04-04,0511,Terra,MODIS,37,6.2,293,11.8,D,0
25.4684,89.6517,311.8,2,1.4,2012-04-04,0511,Terra,MODIS,0,6.2,293,17.2,D,0
21.6576,92.5152,321.1,2.3,1.5,2012-04-04,0643,Aqua,MODIS,61,6.2,296.7,37.5,D,0
21.6538,92.4949,338.9,2.4,1.5,2012-04-04,0643,Aqua,MODIS,87,6.2,296.6,116.5,D,0
21.6619,92.5377,323.7,2.3,1.5,2012-04-04,0643,Aqua,MODIS,68,6.2,296.1,46.7,D,0
22.0043,92.3387,318.3,2.4,1.5,2012-04-04,0643,Aqua,MODIS,57,6.2,298.4,26.7,D,0
21.4738,92.4702,318.8,2.4,1.5,2012-04-04,0643,Aqua,MODIS,52,6.2,296.4,37,D,0
21.7105,92.4525,319.8,2.4,1.5,2012-04-04,0643,Aqua,MODIS,43,6.2,295.2,32.2,D,0
21.7068,92.4332,322,2.4,1.5,2012-04-04,0643,Aqua,MODIS,52,6.2,296.8,40,D,0
21.4786,92.4735,320.5,2.4,1.5,2012-04-04,0643,Aqua,MODIS,61,6.2,296.4,43.2,D,0
21.9958,92.3453,321.3,2.4,1.5,2012-04-04,0643,Aqua,MODIS,65,6.2,298.8,39.7,D,0
22.1706,92.241,321.5,2.4,1.5,2012-04-04,0644,Aqua,MODIS,68,6.2,297.9,39,D,0
22.1756,92.2449,321.2,2.4,1.5,2012-04-04,0644,Aqua,MODIS,67,6.2,297.7,37.6,D,0
22.0832,92.3212,328.2,2.4,1.5,2012-04-04,0644,Aqua,MODIS,77,6.2,297.7,62.9,D,0
22.0793,92.3153,326.1,2.4,1.5,2012-04-04,0644,Aqua,MODIS,71,6.2,297.7,51.9,D,0
22.4632,92.3729,321.2,2.3,1.5,2012-04-04,0644,Aqua,MODIS,68,6.2,298.4,34.3,D,0
23.3934,91.8349,318.8,2.4,1.5,2012-04-04,0644,Aqua,MODIS,51,6.2,288.2,37.2,D,0
22.0394,92.2355,317.3,2.4,1.5,2012-04-04,0644,Aqua,MODIS,22,6.2,297.6,23.2,D,0
22.0573,92.2571,317.6,2.4,1.5,2012-04-04,0644,Aqua,MODIS,23,6.2,298.1,23.2,D,0
22.0618,92.2805,326.5,2.4,1.5,2012-04-04,0644,Aqua,MODIS,75,6.2,298.3,54.4,D,0
22.0656,92.3009,316.7,2.4,1.5,2012-04-04,0644,Aqua,MODIS,29,6.2,298.3,21.4,D,0
22.0526,92.2323,321.2,2.4,1.5,2012-04-04,0644,Aqua,MODIS,66,6.2,297.3,37.8,D,0
23.3561,92.0638,306.8,1,1,2012-04-04,1608,Terra,MODIS,69,6.2,295.4,5.8,N,0
23.3396,92.2118,308.2,1,1,2012-04-04,1608,Terra,MODIS,74,6.2,295.3,6.6,N,0
21.4131,92.4771,327,1.3,1.1,2012-04-05,0726,Aqua,MODIS,54,6.2,295.5,23.8,D,0
21.5724,92.3665,321.2,1.3,1.1,2012-04-05,0726,Aqua,MODIS,65,6.2,300.4,13.3,D,0
21.5466,92.408,324.2,1.3,1.1,2012-04-05,0726,Aqua,MODIS,71,6.2,301.6,16.3,D,0
21.8091,92.3148,324.1,1.3,1.1,2012-04-05,0726,Aqua,MODIS,71,6.2,300.7,17,D,0
21.7965,92.285,321.1,1.3,1.1,2012-04-05,0726,Aqua,MODIS,65,6.2,300.6,11,D,0
21.7981,92.2972,326.3,1.3,1.1,2012-04-05,0726,Aqua,MODIS,74,6.2,301,17.7,D,0
21.7996,92.3094,325.1,1.3,1.1,2012-04-05,0726,Aqua,MODIS,57,6.2,300.9,15.4,D,0
21.8011,92.3215,329.8,1.3,1.1,2012-04-05,0726,Aqua,MODIS,79,6.2,300.8,24.4,D,0
21.7422,92.3425,330.2,1.3,1.1,2012-04-05,0726,Aqua,MODIS,68,6.2,300.8,22.7,D,0
21.7277,92.3072,330.7,1.3,1.1,2012-04-05,0726,Aqua,MODIS,70,6.2,300.2,25.6,D,0
21.9138,92.4139,324.6,1.3,1.1,2012-04-05,0726,Aqua,MODIS,41,6.2,303.1,12.2,D,0
21.8717,92.4072,321.6,1.3,1.1,2012-04-05,0726,Aqua,MODIS,35,6.2,302.6,7.2,D,0
22.1192,92.2643,328.8,1.3,1.1,2012-04-05,0726,Aqua,MODIS,75,6.2,302.1,21.4,D,0
22.1696,92.257,348.6,1.3,1.1,2012-04-05,0726,Aqua,MODIS,94,6.2,298.3,69.7,D,0
21.9911,92.4592,324.6,1.3,1.1,2012-04-05,0726,Aqua,MODIS,51,6.2,304,14.9,D,0
21.9951,92.4082,326,1.3,1.1,2012-04-05,0726,Aqua,MODIS,74,6.2,300.5,18.1,D,0
22.0258,92.4241,324.1,1.3,1.1,2012-04-05,0726,Aqua,MODIS,70,6.2,298.8,14.4,D,0
21.8925,92.3261,328.1,1.3,1.1,2012-04-05,0726,Aqua,MODIS,77,6.2,299.3,24.5,D,0
22.2504,92.3414,323.9,1.3,1.1,2012-04-05,0726,Aqua,MODIS,63,6.2,302.3,11.9,D,0
22.2488,92.3287,350.1,1.3,1.1,2012-04-05,0726,Aqua,MODIS,95,6.2,301.5,72.4,D,0
22.2473,92.3163,336.2,1.3,1.1,2012-04-05,0726,Aqua,MODIS,85,6.2,300,35.7,D,0
22.291,92.3412,335.4,1.3,1.1,2012-04-05,0726,Aqua,MODIS,85,6.2,301.1,34.6,D,0
22.3159,92.3755,321.9,1.3,1.1,2012-04-05,0726,Aqua,MODIS,68,6.2,302.2,9.7,D,0
22.3465,92.3718,334.3,1.3,1.1,2012-04-05,0726,Aqua,MODIS,84,6.2,301,31.5,D,0
22.3449,92.3589,323,1.3,1.1,2012-04-05,0726,Aqua,MODIS,51,6.2,302.2,10.7,D,0
22.3403,92.3215,350.9,1.3,1.1,2012-04-05,0726,Aqua,MODIS,95,6.2,300.2,74.5,D,0
22.169,92.2642,333.7,1.3,1.1,2012-04-05,0726,Aqua,MODIS,83,6.2,293.5,32.5,D,0
21.7538,92.3535,335.2,1.3,1.1,2012-04-05,0726,Aqua,MODIS,84,6.2,301.7,35,D,0
21.7553,92.3656,330.4,1.3,1.1,2012-04-05,0726,Aqua,MODIS,79,6.2,301.7,25.7,D,0
21.7437,92.3548,349.9,1.3,1.1,2012-04-05,0726,Aqua,MODIS,94,6.2,301.3,71.6,D,0
21.6927,92.3566,320.6,1.3,1.1,2012-04-05,0726,Aqua,MODIS,63,6.2,300.8,10.2,D,0
21.6826,92.3579,319.4,1.3,1.1,2012-04-05,0726,Aqua,MODIS,45,6.2,300.4,8.5,D,0
21.8707,92.4835,322.8,1.3,1.1,2012-04-05,0726,Aqua,MODIS,67,6.2,302.9,12.1,D,0
21.7542,92.4418,324.2,1.3,1.1,2012-04-05,0726,Aqua,MODIS,70,6.2,303.7,14.5,D,0
21.7558,92.4545,327,1.3,1.1,2012-04-05,0726,Aqua,MODIS,75,6.2,303,18.2,D,0
21.7234,92.4385,325.7,1.3,1.1,2012-04-05,0726,Aqua,MODIS,60,6.2,302.4,17.6,D,0
21.7252,92.4527,341,1.3,1.1,2012-04-05,0726,Aqua,MODIS,89,6.2,303.9,49,D,0
21.7151,92.4542,320.9,1.3,1.1,2012-04-05,0726,Aqua,MODIS,46,6.2,303.7,11.7,D,0
21.6806,92.5099,344.5,1.3,1.1,2012-04-05,0726,Aqua,MODIS,91,6.2,303,59.8,D,0
22.1675,92.2519,337.3,1.3,1.1,2012-04-05,0726,Aqua,MODIS,86,6.2,298.6,40.5,D,0
21.59,92.4266,328.4,1.3,1.1,2012-04-05,0726,Aqua,MODIS,61,6.2,300.3,23.8,D,0
21.9895,92.2813,329.8,1.3,1.1,2012-04-05,0726,Aqua,MODIS,67,6.2,297,23.1,D,0
21.988,92.2696,338.5,1.3,1.1,2012-04-05,0726,Aqua,MODIS,87,6.2,295.4,41.4,D,0
21.9874,92.2765,335.5,1.3,1.1,2012-04-05,0726,Aqua,MODIS,84,6.2,298.2,33.9,D,0
22.0162,92.2602,368,1.3,1.1,2012-04-05,0726,Aqua,MODIS,100,6.2,298.5,140.9,D,0
22.0147,92.2481,371.6,1.3,1.1,2012-04-05,0726,Aqua,MODIS,100,6.2,302.4,157.9,D,0
22.0919,92.2928,361.2,1.3,1.1,2012-04-05,0726,Aqua,MODIS,100,6.2,303.4,113.3,D,0
22.0905,92.2807,347.5,1.3,1.1,2012-04-05,0726,Aqua,MODIS,93,6.2,304.2,65.5,D,0
21.5799,92.4281,322.6,1.3,1.1,2012-04-05,0726,Aqua,MODIS,38,6.2,300.8,14.4,D,0
21.5656,92.4802,359.3,1.3,1.1,2012-04-05,0726,Aqua,MODIS,99,6.2,302.9,110.5,D,0
21.567,92.492,321.7,1.3,1.1,2012-04-05,0726,Aqua,MODIS,64,6.2,299.3,14.6,D,0
21.554,92.4694,328.1,1.3,1.1,2012-04-05,0726,Aqua,MODIS,76,6.2,300.8,22.5,D,0
21.5555,92.4818,336.2,1.3,1.1,2012-04-05,0726,Aqua,MODIS,85,6.2,301.4,39.5,D,0
21.5553,92.476,336.8,1.3,1.1,2012-04-05,0726,Aqua,MODIS,85,6.2,301.4,40.3,D,0
21.4818,92.5501,354.2,1.3,1.1,2012-04-05,0726,Aqua,MODIS,73,6.2,297.4,87.7,D,0
21.4833,92.5628,359.8,1.3,1.1,2012-04-05,0726,Aqua,MODIS,75,6.2,295.6,104.2,D,0
21.4716,92.5516,353.6,1.3,1.1,2012-04-05,0726,Aqua,MODIS,85,6.2,300.4,87.1,D,0
21.4747,92.5569,361.6,1.3,1.1,2012-04-05,0726,Aqua,MODIS,100,6.2,301.8,119.4,D,0
22.3401,92.4896,324.6,1.3,1.1,2012-04-05,0726,Aqua,MODIS,71,6.2,303,14.5,D,0
21.6545,92.5514,327.1,1.3,1.1,2012-04-05,0726,Aqua,MODIS,74,6.2,300.3,21.3,D,0
21.6461,92.5458,323,1.3,1.1,2012-04-05,0726,Aqua,MODIS,67,6.2,301.3,14.4,D,0
21.6053,92.5515,319.1,1.3,1.1,2012-04-05,0726,Aqua,MODIS,54,6.2,299.6,10.2,D,0
21.8296,92.4,323,1.3,1.1,2012-04-05,0726,Aqua,MODIS,60,6.2,303.9,13.3,D,0
21.8221,92.4068,331,1.3,1.1,2012-04-05,0726,Aqua,MODIS,73,6.2,303.5,26.4,D,0
21.8034,92.4223,337,1.3,1.1,2012-04-05,0726,Aqua,MODIS,85,6.2,304.7,38.5,D,0
21.4727,92.4749,327,1.3,1.1,2012-04-05,0726,Aqua,MODIS,75,6.2,299.7,23,D,0
21.4567,92.4273,322.7,1.3,1.1,2012-04-05,0726,Aqua,MODIS,52,6.2,300.7,15.3,D,0
21.4582,92.4396,328.9,1.3,1.1,2012-04-05,0726,Aqua,MODIS,74,6.2,301.3,24.8,D,0
21.4597,92.4521,340.5,1.3,1.1,2012-04-05,0726,Aqua,MODIS,88,6.2,301,47.6,D,0
21.459,92.4326,333.9,1.3,1.1,2012-04-05,0726,Aqua,MODIS,83,6.2,300.9,34.5,D,0
21.4606,92.445,340.1,1.3,1.1,2012-04-05,0726,Aqua,MODIS,88,6.2,301.2,47.8,D,0
21.4652,92.4817,322.7,1.3,1.1,2012-04-05,0726,Aqua,MODIS,53,6.2,298.1,17,D,0
21.4116,92.4644,349.2,1.3,1.1,2012-04-05,0726,Aqua,MODIS,94,6.2,295.9,76.3,D,0
21.5481,92.4205,332.5,1.3,1.1,2012-04-05,0726,Aqua,MODIS,82,6.2,301.3,30.9,D,0
21.5476,92.4147,337.1,1.3,1.1,2012-04-05,0726,Aqua,MODIS,86,6.2,301.8,40.2,D,0
21.5452,92.4774,338.3,1.3,1.1,2012-04-05,0726,Aqua,MODIS,87,6.2,301.4,44.6,D,0
21.5274,92.4174,322.5,1.3,1.1,2012-04-05,0726,Aqua,MODIS,68,6.2,300.7,14.3,D,0
21.5173,92.4186,338.7,1.3,1.1,2012-04-05,0726,Aqua,MODIS,87,6.2,301.1,45.5,D,0
21.5188,92.4311,325.5,1.3,1.1,2012-04-05,0726,Aqua,MODIS,73,6.2,300.3,19,D,0
23.4917,89.6851,322.3,1,1,2012-04-05,0727,Aqua,MODIS,27,6.2,305.3,6.5,D,0
23.3969,91.8179,321,1.3,1.1,2012-04-05,0727,Aqua,MODIS,67,6.2,301.9,9.5,D,0
23.3139,92.1411,323.2,1.3,1.1,2012-04-05,0727,Aqua,MODIS,70,6.2,302.1,12.8,D,0
23.3053,92.1554,321,1.3,1.1,2012-04-05,0727,Aqua,MODIS,27,6.2,302.1,8.5,D,0
23.2967,92.1696,326.1,1.3,1.1,2012-04-05,0727,Aqua,MODIS,69,6.2,302.4,15.8,D,0
24.0912,89.2886,328.2,1,1,2012-04-05,0727,Aqua,MODIS,73,6.2,306.9,12.7,D,0
24.3124,88.5699,324.2,1,1,2012-04-05,0727,Aqua,MODIS,51,6.2,305.7,8.5,D,0
23.2982,92.1823,327.8,1.3,1.1,2012-04-05,0727,Aqua,MODIS,78,6.2,301.7,19.5,D,0
23.4194,92.0806,320.8,1.3,1.1,2012-04-05,0727,Aqua,MODIS,69,6.2,300.1,13.2,D,0
23.421,92.0933,319.5,1.3,1.1,2012-04-05,0727,Aqua,MODIS,66,6.2,299.9,11.9,D,0
23.4155,92.1327,358.8,1.3,1.1,2012-04-05,0727,Aqua,MODIS,99,6.2,301.3,110,D,0
23.417,92.1451,358.6,1.3,1.1,2012-04-05,0727,Aqua,MODIS,99,6.2,300.8,109.3,D,0
23.3778,92.1637,322.4,1.3,1.1,2012-04-05,0727,Aqua,MODIS,71,6.2,301.3,13.9,D,0
23.3794,92.1766,323.2,1.3,1.1,2012-04-05,0727,Aqua,MODIS,73,6.2,300.3,14.9,D,0
24.1003,89.2871,327.3,1,1,2012-04-05,0727,Aqua,MODIS,59,6.2,305.6,11.3,D,0
24.1346,89.4036,323.9,1,1,2012-04-05,0727,Aqua,MODIS,69,6.2,301.8,13.6,D,0
24.284,89.2851,327.2,1,1,2012-04-05,0727,Aqua,MODIS,66,6.2,304.8,13.3,D,0
24.4162,89.2472,320.6,1,1,2012-04-05,0727,Aqua,MODIS,22,6.2,304.1,9.1,D,0
23.2406,91.9602,327.6,1.3,1.1,2012-04-05,0727,Aqua,MODIS,78,6.2,302.6,18.8,D,0
23.6093,91.9838,326.3,1.3,1.1,2012-04-05,0727,Aqua,MODIS,77,6.2,299.1,22,D,0
23.6078,91.9712,329.9,1.3,1.1,2012-04-05,0727,Aqua,MODIS,81,6.2,299.6,27.7,D,0
23.1913,92.0488,328.6,1.3,1.1,2012-04-05,0727,Aqua,MODIS,54,6.2,298.2,25.1,D,0
23.3303,92.1905,346.7,1.3,1.1,2012-04-05,0727,Aqua,MODIS,93,6.2,301.9,65.8,D,0
23.4283,92.0866,325.4,1.3,1.1,2012-04-05,0727,Aqua,MODIS,76,6.2,299.6,20.8,D,0
23.3444,92.1367,323.2,1.3,1.1,2012-04-05,0727,Aqua,MODIS,72,6.2,300.6,15,D,0
23.3288,92.1778,327.6,1.3,1.1,2012-04-05,0727,Aqua,MODIS,78,6.2,301.5,20.1,D,0
21.3726,92.5395,320.8,1,1,2012-04-07,0714,Aqua,MODIS,69,6.2,301.4,11.2,D,0
21.7542,92.5706,330.5,1,1,2012-04-07,0714,Aqua,MODIS,72,6.2,302.5,19.2,D,0
21.3807,92.5971,324.8,1,1,2012-04-07,0714,Aqua,MODIS,75,6.2,301.7,14.7,D,0
21.4965,92.4452,322.1,1,1,2012-04-07,0714,Aqua,MODIS,67,6.2,296.4,13.2,D,0
21.7439,92.5626,324.3,1,1,2012-04-07,0714,Aqua,MODIS,62,6.2,303.7,11.4,D,0
21.5585,92.4873,337.8,1,1,2012-04-07,0714,Aqua,MODIS,87,6.2,302.4,29.5,D,0
21.3514,92.1329,314.9,1,1,2012-04-07,0714,Aqua,MODIS,0,6.2,289.4,7.7,D,0
21.5709,92.4461,326.5,1,1,2012-04-07,0714,Aqua,MODIS,65,6.2,302.5,14.5,D,0
21.7529,92.5611,340.1,1,1,2012-04-07,0714,Aqua,MODIS,88,6.2,302,33.1,D,0
21.5303,92.4821,320.9,1,1,2012-04-07,0714,Aqua,MODIS,49,6.2,301.2,8.3,D,0
21.1698,92.0876,316,1,1,2012-04-07,0714,Aqua,MODIS,49,6.2,300.3,5.8,D,0
21.382,92.6067,331.4,1,1,2012-04-07,0714,Aqua,MODIS,82,6.2,301.5,22.6,D,0
21.6203,92.205,313.8,1.3,1.1,2012-04-08,0448,Terra,MODIS,64,6.2,294.6,7.9,D,0
22.1849,92.2642,314,4.6,2,2012-04-08,0757,Aqua,MODIS,60,6.2,292.9,52.3,D,0
22.1863,92.2691,313.4,4.6,2,2012-04-08,0757,Aqua,MODIS,58,6.2,292.8,48.6,D,0
24.1884,89.2232,323.5,1.5,1.2,2012-04-13,0506,Terra,MODIS,74,6.2,300.3,24.3,D,0
24.1927,89.2213,316.3,4.6,2,2012-04-13,0638,Aqua,MODIS,65,6.2,296.6,67.5,D,0
24.1921,89.2291,315.7,4.6,2,2012-04-13,0638,Aqua,MODIS,64,6.2,296.6,65,D,0
24.196,89.2154,325.7,3.2,1.7,2012-04-14,0411,Terra,MODIS,77,6.2,301.3,84.4,D,0
24.1932,89.221,327.4,3.2,1.7,2012-04-14,0411,Terra,MODIS,79,6.2,301.8,96.1,D,0
21.6341,92.3606,338.9,1.1,1,2012-04-14,0720,Aqua,MODIS,87,6.2,307.5,32.7,D,0
21.457,92.4101,321.4,1.1,1,2012-04-14,0720,Aqua,MODIS,65,6.2,301.1,10.7,D,0
24.3,89.2522,328.4,1,1,2012-04-14,0721,Aqua,MODIS,77,6.2,306.7,13.7,D,0
22.9343,89.6148,320,1,1,2012-04-14,0721,Aqua,MODIS,38,6.2,305.1,7,D,0
24.1953,89.2262,333.3,1,1,2012-04-14,0721,Aqua,MODIS,75,6.2,311.3,17.1,D,0
24.4423,89.154,323,1,1,2012-04-14,0721,Aqua,MODIS,68,6.2,305.4,9.9,D,0
24.1968,89.236,330.2,1,1,2012-04-14,0721,Aqua,MODIS,56,6.2,310.3,13.3,D,0
23.2077,92.2324,314.3,1.6,1.2,2012-04-15,0454,Terra,MODIS,61,6.2,300.3,10.2,D,0
22.3254,92.292,332.5,1,1,2012-04-16,0708,Aqua,MODIS,83,6.2,302.4,22.5,D,0
22.3583,92.3873,329.6,1,1,2012-04-16,0708,Aqua,MODIS,81,6.2,301.1,18.6,D,0
22.3568,92.3775,325.4,1,1,2012-04-16,0708,Aqua,MODIS,76,6.2,301.2,13.2,D,0
22.3673,92.3857,319.9,1,1,2012-04-16,0708,Aqua,MODIS,68,6.2,300.4,8.2,D,0
23.1128,92.0657,315.8,1,1,2012-04-16,0708,Aqua,MODIS,62,6.2,299.3,5.8,D,0
23.1563,92.1698,321.4,1,1,2012-04-16,0708,Aqua,MODIS,73,6.2,300.3,10.5,D,0
23.1549,92.16,322.7,1,1,2012-04-16,0708,Aqua,MODIS,74,6.2,300.8,11.4,D,0
23.1654,92.1682,328.8,1,1,2012-04-16,0708,Aqua,MODIS,81,6.2,299.8,18.1,D,0
23.1639,92.1584,334,1,1,2012-04-16,0708,Aqua,MODIS,85,6.2,300.4,25,D,0
23.2102,92.0424,317.6,1,1,2012-04-16,0708,Aqua,MODIS,67,6.2,299,7.1,D,0
23.2583,92.1154,318.4,1,1,2012-04-16,0708,Aqua,MODIS,32,6.2,300.3,6.5,D,0
21.6211,92.5757,322,1,1,2012-04-16,0708,Aqua,MODIS,68,6.2,304.4,10.4,D,0
21.6839,92.1932,326,1,1,2012-04-16,0708,Aqua,MODIS,75,6.2,301.8,15.9,D,0
23.1291,91.8052,314.6,1,1,2012-04-16,0708,Aqua,MODIS,59,6.2,298.9,5.5,D,0
21.896,92.499,343,1,1,2012-04-16,0708,Aqua,MODIS,90,6.2,303.8,39.8,D,0
21.8975,92.5092,377.4,1,1,2012-04-16,0708,Aqua,MODIS,100,6.2,302.4,138.1,D,0
21.887,92.5006,326.3,1,1,2012-04-16,0708,Aqua,MODIS,76,6.2,304.6,14.6,D,0
21.4133,92.5997,323.3,1,1,2012-04-16,0708,Aqua,MODIS,71,6.2,303.2,12.9,D,0
22.8302,91.9091,318.2,1,1,2012-04-16,0708,Aqua,MODIS,65,6.2,298.4,7.6,D,0
23.1429,91.8959,330.6,1,1,2012-04-16,0708,Aqua,MODIS,83,6.2,300.4,21.9,D,0
23.1444,91.906,318,1,1,2012-04-16,0708,Aqua,MODIS,63,6.2,299.6,6.9,D,0
23.0033,91.8346,317.9,1,1,2012-04-16,0708,Aqua,MODIS,57,6.2,295.6,7.8,D,0
22.4508,92.3848,325.3,1,1,2012-04-16,0708,Aqua,MODIS,76,6.2,300.7,14,D,0
21.6854,92.2033,317.7,1,1,2012-04-16,0708,Aqua,MODIS,58,6.2,301.5,6.8,D,0
22.9528,92.3501,324.6,1,1,2012-04-16,0708,Aqua,MODIS,76,6.2,299.8,14,D,0
21.6096,92.1924,327,1,1,2012-04-16,0708,Aqua,MODIS,76,6.2,302.8,16.6,D,0
22.7897,92.4313,315.2,1,1,2012-04-16,0708,Aqua,MODIS,58,6.2,299.4,5.7,D,0
21.8481,92.3051,319.4,1,1,2012-04-16,0708,Aqua,MODIS,51,6.2,301.5,7.6,D,0
22.2355,92.3035,318,1,1,2012-04-16,0708,Aqua,MODIS,63,6.2,301.6,6,D,0
22.1929,92.2668,318.5,1,1,2012-04-16,0708,Aqua,MODIS,64,6.2,302.4,6.6,D,0
22.1943,92.2767,320,1,1,2012-04-16,0708,Aqua,MODIS,67,6.2,302.6,8,D,0
22.1611,92.303,318.1,1,1,2012-04-16,0708,Aqua,MODIS,63,6.2,300.9,5.6,D,0
21.8375,92.2967,321.3,1,1,2012-04-16,0708,Aqua,MODIS,68,6.2,302,9.6,D,0
21.839,92.3067,318.3,1,1,2012-04-16,0708,Aqua,MODIS,54,6.2,301.8,6.8,D,0
21.8132,92.2568,317.7,1,1,2012-04-16,0708,Aqua,MODIS,59,6.2,301.4,6.3,D,0
22.9618,92.3484,323.1,1,1,2012-04-16,0708,Aqua,MODIS,50,6.2,299.2,11.7,D,0
22.9559,92.3091,334.7,1,1,2012-04-16,0708,Aqua,MODIS,86,6.2,299.9,27.6,D,0
22.9544,92.2992,327.4,1,1,2012-04-16,0708,Aqua,MODIS,79,6.2,299.5,17.6,D,0
22.9892,92.1001,343.3,1,1,2012-04-16,0708,Aqua,MODIS,91,6.2,300.3,41.4,D,0
22.9907,92.1101,331,1,1,2012-04-16,0708,Aqua,MODIS,83,6.2,299.3,21.5,D,0
22.9802,92.1017,324.8,1,1,2012-04-16,0708,Aqua,MODIS,77,6.2,300.3,14.7,D,0
23.2794,92.132,320,1,1,2012-04-16,0708,Aqua,MODIS,49,6.2,299.5,8.5,D,0
22.9817,92.1118,318.9,1,1,2012-04-16,0708,Aqua,MODIS,67,6.2,299.7,8.2,D,0
22.9648,92.3075,325.9,1,1,2012-04-16,0708,Aqua,MODIS,78,6.2,299.2,16.5,D,0
22.9634,92.2976,323,1,1,2012-04-16,0708,Aqua,MODIS,74,6.2,299.2,13,D,0
21.4407,92.4184,325.5,1,1,2012-04-16,0708,Aqua,MODIS,74,6.2,301.5,14.9,D,0
21.4421,92.428,369.3,1,1,2012-04-16,0708,Aqua,MODIS,100,6.2,302.9,110.1,D,0
21.4436,92.4377,331.5,1,1,2012-04-16,0708,Aqua,MODIS,81,6.2,300.9,21.8,D,0
21.4451,92.4476,329.6,1,1,2012-04-16,0708,Aqua,MODIS,79,6.2,300.7,19.3,D,0
21.4495,92.4771,319.8,1,1,2012-04-16,0708,Aqua,MODIS,61,6.2,301.8,9.2,D,0
21.436,92.4491,343.7,1,1,2012-04-16,0708,Aqua,MODIS,91,6.2,301.8,42.2,D,0
21.4375,92.459,355,1,1,2012-04-16,0708,Aqua,MODIS,97,6.2,301.3,66,D,0
21.4074,92.4442,316.6,1,1,2012-04-16,0708,Aqua,MODIS,44,6.2,302.1,6.8,D,0
21.4089,92.4539,317.7,1,1,2012-04-16,0708,Aqua,MODIS,52,6.2,302,7.4,D,0
22.0075,92.2611,317.8,1,1,2012-04-16,0708,Aqua,MODIS,60,6.2,301.5,6.1,D,0
21.7228,92.4509,324.1,1,1,2012-04-16,0708,Aqua,MODIS,72,6.2,303.8,11.7,D,0
21.7214,92.4414,321,1,1,2012-04-16,0708,Aqua,MODIS,62,6.2,303.4,8.8,D,0
21.9175,92.3337,349.5,1,1,2012-04-16,0708,Aqua,MODIS,94,6.2,302,54.8,D,0
22.8286,91.8991,322.9,1,1,2012-04-16,0708,Aqua,MODIS,74,6.2,298.8,12.3,D,0
21.8738,92.2291,320.8,1,1,2012-04-16,0708,Aqua,MODIS,67,6.2,302.5,9.2,D,0
22.9911,91.816,328.6,1.1,1,2012-04-16,0708,Aqua,MODIS,81,6.2,298.2,19,D,0
23.0109,91.8228,316,1,1,2012-04-16,0708,Aqua,MODIS,26,6.2,296.8,6.2,D,0
22.324,92.2822,322.5,1,1,2012-04-16,0708,Aqua,MODIS,72,6.2,301.5,9.9,D,0
22.769,91.9259,316.4,1,1,2012-04-16,0708,Aqua,MODIS,59,6.2,298.2,7.2,D,0
21.322,92.1792,325.4,1.1,1,2012-04-16,0708,Aqua,MODIS,74,6.2,301.2,16.4,D,0
23.0458,91.8061,316.8,1.1,1,2012-04-16,0708,Aqua,MODIS,64,6.2,297.3,7.3,D,0
22.3269,92.3019,331,1,1,2012-04-16,0708,Aqua,MODIS,82,6.2,301.7,20,D,0
21.6301,92.5741,339.7,1,1,2012-04-16,0708,Aqua,MODIS,88,6.2,305,34.3,D,0
21.8885,92.5107,365.7,1,1,2012-04-16,0708,Aqua,MODIS,100,6.2,304.6,96.4,D,0
21.4678,92.4132,318.3,1,1,2012-04-16,0708,Aqua,MODIS,55,6.2,300.6,7.8,D,0
21.4497,92.4166,321.8,1,1,2012-04-16,0708,Aqua,MODIS,67,6.2,302.3,10.8,D,0
21.4511,92.4263,357.1,1,1,2012-04-16,0708,Aqua,MODIS,98,6.2,303.5,72.9,D,0
23.2162,92.2127,317.8,1.1,1,2012-04-17,0441,Terra,MODIS,67,6.2,299.2,7.9,D,0
23.2145,92.223,335.5,1.1,1,2012-04-17,0441,Terra,MODIS,87,6.2,300.2,31.3,D,0
21.3662,92.487,316.5,3.6,1.8,2012-04-17,0751,Aqua,MODIS,66,6.2,296.6,48.3,D,0
21.2124,92.082,312.8,3.3,1.7,2012-04-17,0751,Aqua,MODIS,42,6.2,296.2,27.1,D,0
23.0491,92.2824,320.3,3.6,1.8,2012-04-17,0751,Aqua,MODIS,42,6.2,297.8,64.7,D,0
21.7175,92.5043,328.5,3.6,1.8,2012-04-17,0751,Aqua,MODIS,81,6.2,295.1,118.3,D,0
21.7108,92.4964,327.4,3.6,1.8,2012-04-17,0751,Aqua,MODIS,80,6.2,296,109,D,0
23.1986,92.2151,329.7,3.6,1.8,2012-04-17,0751,Aqua,MODIS,81,6.2,298.9,122.2,D,0
21.6828,92.3028,317.9,3.5,1.8,2012-04-17,0751,Aqua,MODIS,69,6.2,296.7,38.1,D,0
23.1735,91.9063,317.2,3.4,1.7,2012-04-17,0751,Aqua,MODIS,61,6.2,296.2,43.3,D,0
21.5528,92.5622,314.9,3.7,1.8,2012-04-17,0751,Aqua,MODIS,62,6.2,298.1,32.8,D,0
23.2015,92.2504,321.8,3.6,1.8,2012-04-17,0751,Aqua,MODIS,52,6.2,298.4,62.7,D,0
23.2073,92.2192,319.3,3.6,1.8,2012-04-17,0751,Aqua,MODIS,53,6.2,298.5,49.8,D,0
21.9464,92.3933,320.2,3.6,1.8,2012-04-17,0751,Aqua,MODIS,72,6.2,297,58.9,D,0
23.1913,92.2208,332.7,3.6,1.8,2012-04-17,0751,Aqua,MODIS,84,6.2,298.9,145.7,D,0
23.2619,92.2722,318.2,3.7,1.8,2012-04-17,0751,Aqua,MODIS,64,6.2,297.9,54.7,D,0
21.7122,92.326,318.2,3.5,1.8,2012-04-17,0751,Aqua,MODIS,69,6.2,297.6,37.3,D,0
23.1841,92.3272,316.3,3.7,1.8,2012-04-17,0751,Aqua,MODIS,35,6.2,298.6,37.1,D,0
23.1748,92.3236,317.1,3.7,1.8,2012-04-17,0751,Aqua,MODIS,38,6.2,298.7,41,D,0
23.172,92.2886,319.7,3.7,1.8,2012-04-17,0751,Aqua,MODIS,50,6.2,299,52.8,D,0
21.8412,92.2404,314.7,3.5,1.8,2012-04-17,0751,Aqua,MODIS,62,6.2,295.9,25.9,D,0
23.2687,92.2791,317.5,3.7,1.8,2012-04-17,0751,Aqua,MODIS,63,6.2,297.5,52.1,D,0
21.8363,92.2331,317.1,3.5,1.8,2012-04-17,0751,Aqua,MODIS,67,6.2,296.2,37.8,D,0
21.938,92.389,319.5,3.6,1.8,2012-04-17,0751,Aqua,MODIS,67,6.2,297.1,54.3,D,0
22.814,92.1621,317.5,1.4,1.2,2012-04-18,0656,Aqua,MODIS,65,6.2,297,13.3,D,0
21.4161,92.5809,331.1,1.4,1.2,2012-04-18,0656,Aqua,MODIS,81,6.2,297,38.7,D,0
21.4139,92.568,325.3,1.4,1.2,2012-04-18,0656,Aqua,MODIS,75,6.2,298.8,27.2,D,0
23.3547,92.3012,322,1.4,1.2,2012-04-18,0656,Aqua,MODIS,74,6.2,299.6,20.3,D,0
22.9757,91.8998,315,1.5,1.2,2012-04-18,0656,Aqua,MODIS,59,6.2,297.3,9.7,D,0
23.1038,91.9113,317.7,1.5,1.2,2012-04-18,0656,Aqua,MODIS,66,6.2,299.4,13,D,0
23.1092,91.9193,317.9,1.5,1.2,2012-04-18,0656,Aqua,MODIS,59,6.2,299.1,12,D,0
23.1655,91.8634,315.2,1.5,1.2,2012-04-18,0656,Aqua,MODIS,59,6.2,299.3,8.6,D,0
21.5954,92.5478,327.4,1.4,1.2,2012-04-18,0656,Aqua,MODIS,76,6.2,299.9,26.9,D,0
23.2502,92.2328,319.9,1.4,1.2,2012-04-18,0656,Aqua,MODIS,70,6.2,297.5,15.4,D,0
23.2478,92.2188,316.6,1.4,1.2,2012-04-18,0656,Aqua,MODIS,64,6.2,299.8,10.4,D,0
22.7565,92.3631,324.4,1.4,1.2,2012-04-18,0656,Aqua,MODIS,76,6.2,300.5,22.1,D,0
22.5185,92.1824,321.5,1.4,1.2,2012-04-18,0656,Aqua,MODIS,72,6.2,298,19,D,0
22.5117,92.1762,318.9,1.5,1.2,2012-04-18,0656,Aqua,MODIS,57,6.2,297.5,14.5,D,0
22.7586,92.3751,324.4,1.4,1.2,2012-04-18,0656,Aqua,MODIS,66,6.2,300,21.8,D,0
21.7053,92.5196,321.9,1.4,1.2,2012-04-18,0656,Aqua,MODIS,67,6.2,300,19.7,D,0
23.4916,92.0799,313.6,1.4,1.2,2012-04-18,0656,Aqua,MODIS,55,6.2,297.5,9.9,D,0
23.3749,92.0682,316.2,1.4,1.2,2012-04-18,0656,Aqua,MODIS,63,6.2,296.3,12,D,0
23.3171,92.1418,316.1,1.4,1.2,2012-04-18,0656,Aqua,MODIS,63,6.2,297.8,10.3,D,0
21.8337,92.1215,317.2,1.5,1.2,2012-04-18,0656,Aqua,MODIS,60,6.2,299.6,12.2,D,0
21.8612,92.2186,322.8,1.5,1.2,2012-04-18,0656,Aqua,MODIS,71,6.2,298.1,19.8,D,0
23.3578,91.8413,317.7,1.5,1.2,2012-04-18,0656,Aqua,MODIS,66,6.2,296.1,13.9,D,0
23.1686,92.0083,317,1.4,1.2,2012-04-18,0656,Aqua,MODIS,65,6.2,296,11.2,D,0
23.2646,92.0251,321,1.4,1.2,2012-04-18,0656,Aqua,MODIS,72,6.2,297.4,16.5,D,0
23.2622,92.0116,326.8,1.4,1.2,2012-04-18,0656,Aqua,MODIS,79,6.2,298.9,27.2,D,0
23.2751,92.023,316.1,1.4,1.2,2012-04-18,0656,Aqua,MODIS,44,6.2,295.8,9,D,0
21.9888,92.2685,346.3,1.5,1.2,2012-04-18,0656,Aqua,MODIS,93,6.2,297.2,77.8,D,0
21.9863,92.2541,360.7,1.5,1.2,2012-04-18,0656,Aqua,MODIS,100,6.2,300.6,136.2,D,0
22.3343,92.4772,322.9,1.4,1.2,2012-04-18,0656,Aqua,MODIS,73,6.2,301,18.7,D,0
22.3195,92.1983,317.2,1.5,1.2,2012-04-18,0656,Aqua,MODIS,63,6.2,299.5,11.7,D,0
21.9994,92.2664,318.3,1.5,1.2,2012-04-18,0656,Aqua,MODIS,10,6.2,297.4,11.7,D,0
21.9757,92.2563,326,1.5,1.2,2012-04-18,0656,Aqua,MODIS,59,6.2,299.5,23,D,0
21.8878,92.2225,322.3,1.5,1.2,2012-04-18,0656,Aqua,MODIS,72,6.2,300.3,19.4,D,0
21.7633,92.5732,319,1.4,1.2,2012-04-18,0656,Aqua,MODIS,51,6.2,299.3,15.9,D,0
22.6386,91.9638,319.3,1.5,1.2,2012-04-18,0656,Aqua,MODIS,69,6.2,295.7,17.5,D,0
21.8636,92.2328,322.1,1.5,1.2,2012-04-18,0656,Aqua,MODIS,70,6.2,298.3,19.1,D,0
21.8665,92.2269,325,1.5,1.2,2012-04-18,0656,Aqua,MODIS,46,6.2,297.7,22.2,D,0
21.8776,92.4448,318.4,1.4,1.2,2012-04-18,0656,Aqua,MODIS,60,6.2,298.4,11.2,D,0
21.9921,92.224,319.9,1.5,1.2,2012-04-18,0656,Aqua,MODIS,40,6.2,298.2,15.2,D,0
21.9897,92.2098,320,1.5,1.2,2012-04-18,0656,Aqua,MODIS,55,6.2,297.9,15.7,D,0
21.5395,92.475,317.2,1.4,1.2,2012-04-18,0656,Aqua,MODIS,49,6.2,297.7,11.7,D,0
21.5419,92.4891,315.5,1.4,1.2,2012-04-18,0656,Aqua,MODIS,21,6.2,297.4,9.6,D,0
21.5357,92.4812,318.6,1.4,1.2,2012-04-18,0656,Aqua,MODIS,61,6.2,299.3,14.9,D,0
22.0476,92.2272,316.8,1.5,1.2,2012-04-18,0656,Aqua,MODIS,52,6.2,297.8,10.5,D,0
22.0582,92.2252,337.4,1.5,1.2,2012-04-18,0656,Aqua,MODIS,87,6.2,297.6,53.4,D,0
22.0558,92.2112,327.2,1.5,1.2,2012-04-18,0656,Aqua,MODIS,78,6.2,297.6,29.1,D,0
23.2487,92.2874,322.1,1.4,1.2,2012-04-18,0656,Aqua,MODIS,67,6.2,296.9,18.1,D,0
23.1171,92.3063,317.4,1.4,1.2,2012-04-18,0656,Aqua,MODIS,56,6.2,298.4,9.9,D,0
23.1298,92.3181,322.1,1.4,1.2,2012-04-18,0656,Aqua,MODIS,73,6.2,300.2,17.4,D,0
23.1274,92.3043,330.8,1.4,1.2,2012-04-18,0656,Aqua,MODIS,83,6.2,299,33.9,D,0
22.0507,92.2214,339.7,1.5,1.2,2012-04-18,0656,Aqua,MODIS,89,6.2,299.9,59.8,D,0
21.4899,92.404,336.9,1.5,1.2,2012-04-18,0656,Aqua,MODIS,86,6.2,296.5,54.1,D,0
21.5755,92.3671,315.3,1.5,1.2,2012-04-18,0656,Aqua,MODIS,28,6.2,298.7,8.5,D,0
21.6114,92.3532,321.3,1.5,1.2,2012-04-18,0656,Aqua,MODIS,65,6.2,299.3,16.8,D,0
21.6049,92.3466,317.9,1.5,1.2,2012-04-18,0656,Aqua,MODIS,55,6.2,297.1,11.8,D,0
21.6617,92.1977,328.2,1.5,1.2,2012-04-18,0656,Aqua,MODIS,78,6.2,298.9,34.1,D,0
21.6593,92.1835,321.4,1.5,1.2,2012-04-18,0656,Aqua,MODIS,68,6.2,298.9,20.5,D,0
22.3511,92.1604,320.5,1,1,2012-04-19,0429,Terra,MODIS,69,6.2,299.7,9.4,D,0
22.8486,91.8953,317.3,2,1.4,2012-04-19,0739,Aqua,MODIS,59,6.2,296.6,18.5,D,0
21.9785,92.2344,318.9,2.1,1.4,2012-04-19,0739,Aqua,MODIS,55,6.2,298.6,18.8,D,0
21.9763,92.2418,318.9,2.1,1.4,2012-04-19,0739,Aqua,MODIS,50,6.2,298.9,19.4,D,0
21.932,92.305,324.7,2.1,1.4,2012-04-19,0739,Aqua,MODIS,69,6.2,298,35.4,D,0
23.0588,92.2851,321.3,2.2,1.4,2012-04-19,0739,Aqua,MODIS,70,6.2,297.2,31.3,D,0
23.2301,92.037,319,2.1,1.4,2012-04-19,0739,Aqua,MODIS,45,6.2,295.8,22.9,D,0
23.0084,91.8046,319.3,2,1.4,2012-04-19,0739,Aqua,MODIS,66,6.2,295.8,24.3,D,0
21.5022,92.4094,321.7,2.1,1.4,2012-04-19,0739,Aqua,MODIS,62,6.2,298.5,29.7,D,0
21.5863,92.3542,330.2,2.1,1.4,2012-04-19,0739,Aqua,MODIS,78,6.2,299.3,53.8,D,0
22.1861,92.265,321.6,2.1,1.4,2012-04-19,0739,Aqua,MODIS,59,6.2,298.7,22.3,D,0
21.6532,92.3587,322.2,2.1,1.4,2012-04-19,0739,Aqua,MODIS,63,6.2,300.2,22.2,D,0
21.9978,92.4427,319.8,2.1,1.4,2012-04-19,0739,Aqua,MODIS,42,6.2,297.1,20.3,D,0
23.5238,92.004,317.6,2.1,1.4,2012-04-19,0739,Aqua,MODIS,38,6.2,296.7,23.4,D,0
21.8821,92.4418,325.3,2.1,1.4,2012-04-19,0739,Aqua,MODIS,70,6.2,299.4,36.2,D,0
22.9429,92.2825,323.8,2.1,1.4,2012-04-19,0739,Aqua,MODIS,69,6.2,296.5,38.1,D,0
21.5926,92.414,318.2,2.1,1.4,2012-04-19,0739,Aqua,MODIS,43,6.2,299.5,16.1,D,0
21.5947,92.4335,319.6,2.1,1.4,2012-04-19,0739,Aqua,MODIS,55,6.2,299.3,20.5,D,0
21.6493,92.3471,325,2.1,1.4,2012-04-19,0739,Aqua,MODIS,70,6.2,300.6,30,D,0
21.4272,92.5696,330.2,2.1,1.4,2012-04-19,0739,Aqua,MODIS,78,6.2,298.5,62.9,D,0
23.3141,92.2342,315.1,2.2,1.4,2012-04-19,0739,Aqua,MODIS,30,6.2,294.7,17.8,D,0
23.1531,92.3085,335.4,2.2,1.4,2012-04-19,0739,Aqua,MODIS,86,6.2,297.3,84.1,D,0
22.1949,92.3457,324.6,2.1,1.4,2012-04-19,0739,Aqua,MODIS,72,6.2,298.5,32.9,D,0
21.9492,92.3466,319.4,2.1,1.4,2012-04-19,0739,Aqua,MODIS,32,6.2,298.5,18,D,0
23.6885,92.0945,314.6,2.1,1.4,2012-04-19,0739,Aqua,MODIS,37,6.2,294.1,15.7,D,0
22.1879,92.2575,322.4,2.1,1.4,2012-04-19,0739,Aqua,MODIS,69,6.2,298.9,25.8,D,0
22.1961,92.3383,325.5,2.1,1.4,2012-04-19,0739,Aqua,MODIS,74,6.2,299.2,35.3,D,0
22.1753,92.2588,322.7,2.1,1.4,2012-04-19,0739,Aqua,MODIS,69,6.2,298.1,26.6,D,0
23.5199,91.9785,312.3,2.3,1.5,2012-04-20,0644,Aqua,MODIS,58,6.2,293.5,18.1,D,0
23.3039,92.1622,314.8,2.3,1.5,2012-04-20,0644,Aqua,MODIS,63,6.2,295.7,22.1,D,0
23.5242,92.0006,310.6,2.3,1.5,2012-04-20,0644,Aqua,MODIS,50,6.2,293,14.2,D,0
21.8503,92.2359,320.8,2.4,1.5,2012-04-20,0644,Aqua,MODIS,64,6.2,296.8,38.1,D,0
23.4841,91.9932,312.1,2.3,1.5,2012-04-20,0644,Aqua,MODIS,57,6.2,295.1,17.3,D,0
24.0547,89.7521,320,1,1,2012-04-21,0727,Aqua,MODIS,0,6.2,302.3,8.6,D,0
21.3851,92.1371,319.1,1,1,2012-04-23,0714,Aqua,MODIS,64,6.2,299.4,7.9,D,0
21.6795,92.1963,322.8,1,1,2012-04-23,0714,Aqua,MODIS,71,6.2,297.4,11.7,D,0
21.3838,92.1276,320.3,1,1,2012-04-23,0714,Aqua,MODIS,67,6.2,298.9,9,D,0
21.504,92.2343,318.2,1.2,1.1,2012-04-25,0702,Aqua,MODIS,61,6.2,300.2,9.7,D,0
21.5021,92.2228,318.4,1.2,1.1,2012-04-25,0702,Aqua,MODIS,62,6.2,300.1,9.4,D,0
21.4856,92.571,322.1,1.2,1.1,2012-04-25,0702,Aqua,MODIS,68,6.2,300.3,13.9,D,0
24.4965,89.7911,313.5,4.1,1.9,2012-04-29,0638,Aqua,MODIS,0,6.2,296.6,40.8,D,0
25.5384,89.6269,321.1,1,1,2012-05-03,0441,Terra,MODIS,43,6.2,304.1,9.6,D,0
25.0615,91.9374,311.8,1,1,2012-05-03,0441,Terra,MODIS,32,6.2,296,3.5,D,0
21.6021,92.2023,313.7,2.2,1.4,2012-05-08,0500,Terra,MODIS,59,6.2,295.3,24.5,D,0
23.3677,92.1776,319.5,1,1,2012-05-09,0714,Aqua,MODIS,66,6.2,302,8.6,D,0
23.4573,92.1558,315.4,1,1,2012-05-09,0714,Aqua,MODIS,38,6.2,299.3,6.1,D,0
21.4012,92.5967,330.2,1,1,2012-05-09,0714,Aqua,MODIS,81,6.2,298.8,21.4,D,0
24.6005,91.3825,320.6,1.1,1,2012-05-10,0447,Terra,MODIS,62,6.2,296.8,8.8,D,0
24.9659,91.4108,320.2,1.1,1,2012-05-10,0447,Terra,MODIS,43,6.2,297.2,10.5,D,0
25.0679,91.2934,317.3,1.1,1,2012-05-10,0447,Terra,MODIS,32,6.2,297.8,6.1,D,0
25.0651,89.6739,320,1.5,1.2,2012-05-11,0703,Aqua,MODIS,0,6.2,301.1,14.4,D,0
24.0316,90.254,319.3,1.1,1,2012-05-12,0435,Terra,MODIS,62,6.2,299.7,7.2,D,0
25.4657,89.6447,314.7,2.4,1.5,2012-05-13,0651,Aqua,MODIS,0,6.2,297.1,21,D,0
22.0524,92.1926,314.2,1.3,1.1,2012-05-26,0448,Terra,MODIS,49,6.2,296.9,8.6,D,0
22.0545,92.1802,315.6,1.3,1.1,2012-05-26,0448,Terra,MODIS,54,6.2,298.3,9.5,D,0
25.1931,91.2515,317.8,1.5,1.2,2012-05-30,0733,Aqua,MODIS,56,6.2,293.5,12.4,D,0
25.5406,89.6243,322.2,1,1,2012-06-01,0721,Aqua,MODIS,46,6.2,300.9,8.7,D,0
24.2937,90.3868,313.3,1.4,1.2,2012-07-30,0702,Aqua,MODIS,64,6.2,294,8.9,D,0
23.9383,90.2809,317.5,1.5,1.2,2012-08-15,0702,Aqua,MODIS,63,6.2,296.2,13.2,D,0
23.999,90.3212,318.9,1.4,1.2,2012-08-31,0702,Aqua,MODIS,52,6.2,298.4,13.8,D,0
24.2413,90.3963,318.6,1.2,1.1,2012-09-07,0708,Aqua,MODIS,45,6.2,298.7,8.2,D,0
23.5365,89.6514,314.8,1.1,1.1,2012-09-22,0454,Terra,MODIS,63,6.2,292.7,8.6,D,0
25.7907,88.8843,314.2,1,1,2012-10-17,0447,Terra,MODIS,64,6.2,301.5,6.7,D,0
22.8628,92.0384,313.4,1.2,1.1,2012-10-18,0701,Aqua,MODIS,66,6.2,297.4,8.8,D,0
23.0079,91.396,305.9,1.6,1.3,2012-10-27,0655,Aqua,MODIS,35,6.2,294.9,4.7,D,0
25.7919,88.8912,310.4,1,1,2012-11-18,0447,Terra,MODIS,56,6.2,299.8,4.9,D,0
24.1746,91.1326,316.1,1.3,1.1,2012-11-19,0702,Aqua,MODIS,68,6.2,300.8,10.1,D,0
24.147,91.297,312.8,2,1.4,2012-11-21,0649,Aqua,MODIS,52,6.2,296.7,11.6,D,0
24.4126,89.3691,311.8,1.1,1.1,2012-11-22,0732,Aqua,MODIS,61,6.2,301.2,6.4,D,0
24.1337,91.277,312.4,1.5,1.2,2012-11-22,0732,Aqua,MODIS,66,6.2,300.1,8.3,D,0
24.2757,91.252,312.7,1.5,1.2,2012-11-22,0732,Aqua,MODIS,48,6.2,297,9.9,D,0
23.9358,89.4492,315.6,1.1,1.1,2012-11-22,0732,Aqua,MODIS,68,6.2,299.6,11.5,D,0
24.1293,91.2845,312.8,1.5,1.2,2012-11-22,0732,Aqua,MODIS,57,6.2,298.7,9.1,D,0
24.1855,91.2555,316.6,1.5,1.2,2012-11-22,0732,Aqua,MODIS,72,6.2,300.5,13.2,D,0
23.7539,90.9379,310.9,1,1,2012-11-24,0720,Aqua,MODIS,35,6.2,299.8,5.1,D,0
24.2623,91.305,314.2,1,1,2012-11-24,0720,Aqua,MODIS,68,6.2,302,6,D,0
24.2439,91.2931,318.2,1,1,2012-11-24,0720,Aqua,MODIS,17,6.2,301,6.5,D,0
24.2243,91.2859,325.3,1,1,2012-11-24,0720,Aqua,MODIS,57,6.2,302.7,14.4,D,0
24.2298,91.3265,319.3,1,1,2012-11-24,0720,Aqua,MODIS,55,6.2,301.7,11,D,0
24.1761,91.273,314.9,1,1,2012-11-24,0720,Aqua,MODIS,63,6.2,302.6,6.8,D,0
24.111,91.2694,311.9,1,1,2012-11-24,0720,Aqua,MODIS,37,6.2,301.6,5.3,D,0
23.7711,90.9957,312,1,1,2012-11-24,0720,Aqua,MODIS,65,6.2,298.9,6.8,D,0
23.6394,90.7125,311.5,1,1,2012-11-24,0720,Aqua,MODIS,64,6.2,299.1,6.5,D,0
23.6399,90.7824,310.4,1,1,2012-11-24,0720,Aqua,MODIS,61,6.2,299.3,5.5,D,0
24.2541,91.3117,318.7,1.1,1,2012-11-26,0708,Aqua,MODIS,64,6.2,299.7,10.4,D,0
23.8264,91.0589,310.5,1.1,1,2012-11-26,0708,Aqua,MODIS,63,6.2,299.7,6.3,D,0
24.1789,91.3151,313.1,1.1,1,2012-11-26,0708,Aqua,MODIS,43,6.2,298.9,7.8,D,0
23.8281,91.0695,312.8,1.1,1,2012-11-26,0708,Aqua,MODIS,68,6.2,299.4,8,D,0
24.2525,91.3013,321.5,1.1,1,2012-11-26,0708,Aqua,MODIS,66,6.2,299.7,12.4,D,0
24.2217,91.2857,317.5,1.1,1,2012-11-26,0708,Aqua,MODIS,58,6.2,299.5,8.4,D,0
24.3181,91.3156,309.8,1.1,1,2012-11-26,0708,Aqua,MODIS,31,6.2,299,5.1,D,0
24.1806,91.3255,309.5,1.1,1,2012-11-26,0708,Aqua,MODIS,40,6.2,298.2,5.4,D,0
24.2586,91.3033,312.1,1.6,1.2,2012-11-28,0656,Aqua,MODIS,52,6.2,299.4,9.2,D,0
25.0833,92.1864,308.1,1.1,1,2012-11-29,0429,Terra,MODIS,64,6.2,295.5,6.2,D,0
23.7782,90.9429,311.7,1.7,1.3,2012-11-29,0738,Aqua,MODIS,60,6.2,297.1,11.3,D,0
23.5177,90.3452,309.7,1.1,1,2012-12-01,0726,Aqua,MODIS,57,6.2,296.7,6.2,D,0
23.7692,90.9505,310.5,1.1,1.1,2012-12-01,0726,Aqua,MODIS,23,6.2,297.9,5.2,D,0
24.3227,91.325,311,1.2,1.1,2012-12-01,0726,Aqua,MODIS,63,6.2,300.9,7.1,D,0
24.2619,91.3276,317.4,1.2,1.1,2012-12-01,0726,Aqua,MODIS,54,6.2,298.9,11.6,D,0
24.0746,91.2966,310.1,1.2,1.1,2012-12-01,0726,Aqua,MODIS,62,6.2,296.7,7,D,0
24.1311,91.2588,312.1,1.2,1.1,2012-12-01,0726,Aqua,MODIS,35,6.2,295.8,6.5,D,0
24.2561,91.3132,309.6,4.2,1.9,2012-12-02,0631,Aqua,MODIS,24,6.2,298.1,36.8,D,0
24.1851,91.2075,309.9,1,1,2012-12-03,0714,Aqua,MODIS,25,6.2,294.2,5.7,D,0
24.2569,91.3247,316.1,1,1,2012-12-03,0714,Aqua,MODIS,68,6.2,294.9,9.1,D,0
23.7285,90.9288,312.2,1,1,2012-12-03,0714,Aqua,MODIS,42,6.2,300.4,4.4,D,0
23.7508,90.9549,313.6,1,1,2012-12-03,0714,Aqua,MODIS,67,6.2,300.5,5.8,D,0
23.824,90.8851,313.1,1,1,2012-12-03,0714,Aqua,MODIS,67,6.2,302.8,5.9,D,0
24.1384,91.2332,309.7,1.3,1.1,2012-12-05,0702,Aqua,MODIS,40,6.2,299.1,5.6,D,0
24.0673,91.2979,310.7,1.3,1.1,2012-12-05,0702,Aqua,MODIS,57,6.2,300,8,D,0
25.7352,89.2613,304.8,1.2,1.1,2012-12-05,1627,Terra,MODIS,62,6.2,287.9,9.8,N,0
24.4227,89.3363,308.4,1.2,1.1,2012-12-08,0733,Aqua,MODIS,57,6.2,297.5,5.4,D,0
22.6157,92.0532,310.6,1,1,2012-12-12,0708,Aqua,MODIS,68,6.2,288.2,10,D,0
24.2066,91.3018,308.3,1.1,1,2012-12-12,0708,Aqua,MODIS,54,6.2,290.9,5,D,0
24.2059,91.3117,307.2,3.2,1.7,2012-12-13,0751,Aqua,MODIS,58,6.2,293.4,22.3,D,0
24.2046,91.3041,307.3,3.2,1.7,2012-12-13,0751,Aqua,MODIS,59,6.2,293.6,22.5,D,0
24.2195,91.3306,309.3,1.5,1.2,2012-12-14,0656,Aqua,MODIS,33,6.2,295.8,7.6,D,0
24.7517,92.1058,306.9,1.1,1,2012-12-15,0429,Terra,MODIS,62,6.2,294.9,5.1,D,0
24.1214,89.4238,309,1.4,1.2,2012-12-15,0739,Aqua,MODIS,47,6.2,296.9,6.7,D,0
24.1272,89.4313,311,1.4,1.2,2012-12-15,0739,Aqua,MODIS,63,6.2,296.8,10.1,D,0
24.1863,91.218,313.8,1.9,1.3,2012-12-15,0739,Aqua,MODIS,71,6.2,298.8,17.7,D,0
23.8728,89.5533,306.4,3.4,1.7,2012-12-16,0644,Aqua,MODIS,42,6.2,294.2,25.8,D,0
24.1839,91.193,305.5,1,1,2012-12-19,0714,Aqua,MODIS,59,6.2,291.8,4.5,D,0
24.5453,91.3349,304.7,1,1,2012-12-19,0714,Aqua,MODIS,52,6.2,290.3,4,D,0
24.5037,89.2316,308.6,1.2,1.1,2012-12-24,0733,Aqua,MODIS,60,6.2,296.3,6.1,D,0
23.9477,89.452,308.6,1.2,1.1,2012-12-24,0733,Aqua,MODIS,52,6.2,297.6,5.1,D,0
23.9525,89.4559,309,1.2,1.1,2012-12-24,0733,Aqua,MODIS,54,6.2,297.2,6.5,D,0
23.7117,91.1094,306.1,1.4,1.2,2012-12-24,0733,Aqua,MODIS,56,6.2,294.8,6.6,D,0
24.0369,89.7764,301.3,1.7,1.3,2012-12-25,0506,Terra,MODIS,0,6.2,290.5,7.3,D,0
26.0694,89.7313,302.4,1,1,2012-12-26,0721,Aqua,MODIS,0,6.2,289.2,2.7,D,0
24.4968,91.6348,308.9,1.1,1,2012-12-26,0721,Aqua,MODIS,63,6.2,297.1,6.6,D,0
24.2385,90.0012,304.8,1,1,2012-12-26,0721,Aqua,MODIS,33,6.2,291.2,4.1,D,0
24.2103,89.9961,302.4,1,1,2012-12-26,0721,Aqua,MODIS,26,6.2,290,2.8,D,0
24.2612,90.0971,302.6,1,1,2012-12-26,0721,Aqua,MODIS,39,6.2,292.1,2.9,D,0
24.4606,89.2911,307,3.9,1.8,2012-12-27,0804,Aqua,MODIS,59,6.2,293.2,37.9,D,0
24.5031,89.2364,306.3,3.8,1.8,2012-12-27,0804,Aqua,MODIS,56,6.2,293.5,31.7,D,0
23.9506,89.4522,310.6,1.4,1.2,2012-12-31,0739,Aqua,MODIS,63,6.2,296.5,9.9,D,0
24.6315,89.0308,311.4,1.4,1.2,2012-12-31,0739,Aqua,MODIS,44,6.2,297.7,8.2,D,0
23.9457,89.4615,308,1.4,1.2,2012-12-31,0739,Aqua,MODIS,54,6.2,295.9,6.9,D,0
24.6299,89.0175,310.5,1.4,1.2,2012-12-31,0739,Aqua,MODIS,26,6.2,297.9,7.4,D,0
24.6371,89.0243,313.7,1.4,1.2,2012-12-31,0739,Aqua,MODIS,60,6.2,298.2,10.8,D,0
24.6785,89.0185,315.6,1.4,1.2,2012-12-31,0739,Aqua,MODIS,72,6.2,297.3,14.5,D,0
