latitude,longitude,brightness,scan,track,acq_date,acq_time,satellite,instrument,confidence,version,bright_t31,frp,daynight,type
23.9999,91.2035,303.4,3.3,1.7,2025-01-04,730,Aqua,MODIS,30,61.03,290.1,10.9,D,0
22.8722,92.0413,307.0,1.0,1.0,2025-01-05,809,Aqua,MODIS,45,61.03,294.5,4.8,D,0
23.7106,90.9132,314.8,1.0,1.0,2025-01-05,809,Aqua,MODIS,70,61.03,296.3,9.1,D,0
24.7086,89.0576,312.7,1.0,1.0,2025-01-05,810,Aqua,MODIS,54,61.03,297.2,7.9,D,0
25.0926,91.9721,312.2,1.1,1.0,2025-01-05,810,Aqua,MODIS,64,61.03,300.1,5.8,D,0
23.5546,88.8399,307.7,1.3,1.1,2025-01-08,829,Aqua,MODIS,59,61.03,294.9,8.2,D,0
23.4842,89.3435,314.1,1.0,1.0,2025-01-10,810,Aqua,MODIS,70,61.03,297.2,10.6,D,0
24.9877,92.25,330.0,1.1,1.0,2025-01-10,811,Aqua,MODIS,86,61.03,301.4,28.4,D,0
25.9084,88.2669,310.7,1.1,1.0,2025-01-10,811,Aqua,MODIS,64,61.03,296.6,7.6,D,0
25.0344,92.2246,315.0,1.2,1.1,2025-01-12,751,Aqua,MODIS,72,61.03,300.2,9.4,D,0
25.0692,92.2064,308.9,2.5,1.5,2025-01-14,732,Aqua,MODIS,47,61.03,296.8,15.7,D,0
25.0696,92.2244,315.7,2.5,1.5,2025-01-14,732,Aqua,MODIS,76,61.03,297.2,39.9,D,0
25.0738,92.2301,311.2,2.5,1.5,2025-01-14,732,Aqua,MODIS,62,61.03,296.7,23.2,D,0
23.0823,90.5893,300.7,1.3,1.1,2025-01-16,359,Terra,MODIS,0,61.03,290.5,4.6,D,0
23.5455,89.531,306.5,1.2,1.1,2025-01-16,359,Terra,MODIS,0,61.03,292.2,7.5,D,0
22.8018,92.0545,321.5,1.3,1.1,2025-01-17,752,Aqua,MODIS,79,61.03,298.5,21.9,D,0
25.1732,91.7506,312.5,1.2,1.1,2025-01-17,752,Aqua,MODIS,52,61.03,298.5,10.0,D,0
21.536,91.8647,310.6,1.0,1.0,2025-01-20,811,Aqua,MODIS,0,61.03,298.5,5.7,D,0
22.9547,91.9179,309.4,1.1,1.0,2025-01-20,812,Aqua,MODIS,61,61.03,299.3,5.1,D,0
25.0755,92.089,314.9,1.1,1.1,2025-01-20,812,Aqua,MODIS,72,61.03,299.1,10.2,D,0
23.7194,90.4468,307.7,1.6,1.2,2025-01-22,753,Aqua,MODIS,57,61.03,296.5,7.4,D,2
22.9315,91.7736,312.0,2.0,1.4,2025-01-23,832,Aqua,MODIS,66,61.03,298.5,18.3,D,0
22.9361,91.7659,310.1,2.0,1.4,2025-01-23,832,Aqua,MODIS,63,61.03,298.4,13.7,D,0
23.2397,91.9491,309.1,2.1,1.4,2025-01-23,832,Aqua,MODIS,62,61.03,298.7,14.7,D,0
22.4014,92.1957,307.2,1.1,1.0,2025-01-25,812,Aqua,MODIS,57,61.03,297.0,4.6,D,0
25.6012,89.5718,302.1,1.3,1.1,2025-01-26,403,Terra,MODIS,27,61.03,291.5,4.8,D,0
24.9304,92.4594,319.7,1.1,1.1,2025-01-27,754,Aqua,MODIS,78,61.03,297.8,15.3,D,0
24.9322,92.4702,316.6,1.1,1.1,2025-01-27,754,Aqua,MODIS,75,61.03,298.4,11.8,D,0
25.0709,91.639,308.5,1.2,1.1,2025-01-27,754,Aqua,MODIS,63,61.03,297.6,6.2,D,0
21.7231,92.1178,319.0,1.3,1.1,2025-02-01,753,Aqua,MODIS,77,61.03,298.6,18.3,D,0
21.9189,90.3477,313.2,1.0,1.0,2025-02-04,813,Aqua,MODIS,0,61.03,302.4,4.7,D,0
22.953,91.9152,323.6,1.1,1.0,2025-02-04,813,Aqua,MODIS,80,61.03,300.8,17.4,D,0
23.5576,88.8334,314.4,1.0,1.0,2025-02-04,814,Aqua,MODIS,67,61.03,299.2,9.6,D,0
24.9051,92.4697,323.3,1.2,1.1,2025-02-04,814,Aqua,MODIS,80,61.03,299.8,19.3,D,0
24.9065,92.4808,313.2,1.2,1.1,2025-02-04,814,Aqua,MODIS,69,61.03,298.9,8.0,D,0
23.5685,88.9127,305.4,1.0,1.0,2025-02-07,349,Terra,MODIS,58,61.03,293.7,5.2,D,0
22.917,91.9046,315.9,2.1,1.4,2025-02-07,833,Aqua,MODIS,69,61.03,303.2,22.3,D,0
22.9192,91.899,315.0,2.1,1.4,2025-02-07,833,Aqua,MODIS,68,61.03,303.3,20.1,D,0
21.6264,92.1195,321.9,1.0,1.0,2025-02-09,813,Aqua,MODIS,77,61.03,303.0,15.3,D,0
22.877,91.7613,312.1,1.0,1.0,2025-02-09,814,Aqua,MODIS,63,61.03,301.6,6.0,D,0
22.8784,91.7711,328.1,1.0,1.0,2025-02-09,814,Aqua,MODIS,83,61.03,301.9,22.6,D,0
23.7029,89.6705,314.1,1.0,1.0,2025-02-09,814,Aqua,MODIS,67,61.03,297.9,9.0,D,0
25.8303,88.385,306.0,1.0,1.0,2025-02-09,815,Aqua,MODIS,51,61.03,295.5,3.8,D,0
24.0995,88.9038,306.2,1.6,1.2,2025-02-10,409,Terra,MODIS,0,61.03,296.2,9.9,D,0
25.6031,89.5737,303.1,1.7,1.3,2025-02-10,409,Terra,MODIS,35,61.03,292.1,7.9,D,0
22.0445,92.1917,312.9,1.3,1.1,2025-02-11,754,Aqua,MODIS,67,61.03,301.1,9.2,D,0
23.4076,92.218,308.4,1.2,1.1,2025-02-11,754,Aqua,MODIS,58,61.03,297.8,6.2,D,0
20.9798,92.2517,308.3,1.5,1.2,2025-02-12,351,Terra,MODIS,0,61.03,297.9,8.1,D,0
23.5256,88.873,319.1,1.3,1.1,2025-02-12,834,Aqua,MODIS,72,61.03,301.1,16.7,D,0
23.5271,88.8853,316.1,1.3,1.1,2025-02-12,834,Aqua,MODIS,66,61.03,299.5,12.8,D,0
23.0968,91.8985,316.4,1.1,1.0,2025-02-14,814,Aqua,MODIS,71,61.03,299.2,9.2,D,0
25.0937,91.813,316.4,1.1,1.0,2025-02-14,815,Aqua,MODIS,73,61.03,300.3,10.4,D,0
22.3457,92.0044,314.6,1.3,1.1,2025-02-16,754,Aqua,MODIS,68,61.03,301.7,10.4,D,0
22.8838,91.8347,314.3,1.3,1.1,2025-02-16,755,Aqua,MODIS,68,61.03,300.1,10.2,D,0
24.8269,92.0326,309.1,1.2,1.1,2025-02-16,755,Aqua,MODIS,58,61.03,297.6,5.8,D,0
25.0535,91.8049,313.1,1.2,1.1,2025-02-16,755,Aqua,MODIS,67,61.03,298.9,8.6,D,0
22.8962,92.3637,312.6,1.2,1.1,2025-02-21,755,Aqua,MODIS,63,61.03,300.6,7.9,D,0
24.2831,90.1316,315.1,1.6,1.2,2025-02-22,834,Aqua,MODIS,67,61.03,298.0,15.9,D,0
24.8755,92.4687,320.1,1.1,1.1,2025-02-24,815,Aqua,MODIS,51,61.03,303.1,10.8,D,0
24.8819,92.4609,314.7,1.1,1.1,2025-02-24,815,Aqua,MODIS,48,61.03,303.2,5.9,D,0
24.8833,92.4718,317.0,1.1,1.1,2025-02-24,815,Aqua,MODIS,66,61.03,304.5,8.4,D,0
24.9248,89.6028,312.5,1.0,1.0,2025-02-24,815,Aqua,MODIS,0,61.03,299.7,6.5,D,0
21.592,92.3272,305.9,1.0,1.0,2025-02-25,1509,Terra,MODIS,66,61.03,292.2,7.0,N,0
21.5933,92.3367,304.0,1.0,1.0,2025-02-25,1509,Terra,MODIS,58,61.03,292.3,5.9,N,0
23.2723,89.7618,305.5,1.1,1.0,2025-02-25,1510,Terra,MODIS,65,61.03,291.4,7.4,N,0
23.2738,89.772,302.5,1.1,1.0,2025-02-25,1510,Terra,MODIS,49,61.03,291.8,5.4,N,0
24.703,90.4617,311.5,1.3,1.1,2025-02-27,356,Terra,MODIS,63,61.03,298.1,10.8,D,0
23.6766,91.9391,316.1,2.0,1.4,2025-02-27,834,Aqua,MODIS,68,61.03,299.3,23.3,D,0
23.6861,91.9433,310.7,2.0,1.4,2025-02-27,834,Aqua,MODIS,47,61.03,299.5,11.5,D,0
22.8284,89.676,311.8,1.0,1.0,2025-03-01,814,Aqua,MODIS,50,61.03,300.0,5.4,D,0
23.6501,92.0347,335.1,1.1,1.0,2025-03-01,815,Aqua,MODIS,87,61.03,296.6,33.3,D,0
24.3896,91.5725,315.1,1.0,1.0,2025-03-01,815,Aqua,MODIS,65,61.03,300.1,6.3,D,0
22.5879,92.161,308.3,1.4,1.2,2025-03-03,319,Terra,MODIS,0,61.03,294.8,6.6,D,0
24.6989,90.4586,312.7,1.4,1.2,2025-03-04,358,Terra,MODIS,67,61.03,298.6,12.0,D,0
22.3831,92.1463,318.0,2.0,1.4,2025-03-04,834,Aqua,MODIS,63,61.03,301.6,20.9,D,0
23.631,92.0168,306.6,1.0,1.0,2025-03-04,2041,Aqua,MODIS,69,61.03,291.8,8.4,N,0
21.2304,92.2166,315.3,1.0,1.0,2025-03-06,814,Aqua,MODIS,60,61.03,304.4,6.5,D,0
22.9431,89.8999,314.2,1.0,1.0,2025-03-06,814,Aqua,MODIS,60,61.03,299.9,8.5,D,0
22.9552,91.9557,315.8,1.0,1.0,2025-03-06,814,Aqua,MODIS,50,61.03,301.8,6.6,D,0
23.579,88.8727,313.7,1.1,1.0,2025-03-06,815,Aqua,MODIS,57,61.03,303.1,8.3,D,0
24.177,90.3635,313.4,1.0,1.0,2025-03-06,815,Aqua,MODIS,58,61.03,302.3,5.3,D,0
25.1025,92.2099,314.6,1.1,1.0,2025-03-06,815,Aqua,MODIS,56,61.03,303.0,5.5,D,0
24.72,89.6588,310.4,2.8,1.6,2025-03-07,419,Terra,MODIS,0,61.03,299.4,31.7,D,0
23.1185,92.0927,300.7,1.1,1.0,2025-03-07,1513,Terra,MODIS,32,61.03,289.3,5.4,N,0
22.6683,91.6574,310.3,1.4,1.2,2025-03-08,321,Terra,MODIS,54,61.03,299.6,6.9,D,0
21.7153,92.3476,355.8,1.4,1.2,2025-03-08,754,Aqua,MODIS,98,61.03,307.4,109.3,D,0
21.7175,92.3605,332.5,1.4,1.2,2025-03-08,754,Aqua,MODIS,85,61.03,303.9,39.4,D,0
21.9984,92.3796,314.7,1.4,1.2,2025-03-08,754,Aqua,MODIS,47,61.03,303.8,8.6,D,0
22.0084,92.3775,319.9,1.4,1.2,2025-03-08,754,Aqua,MODIS,72,61.03,303.2,16.0,D,0
22.6673,91.6555,311.9,1.5,1.2,2025-03-08,755,Aqua,MODIS,40,61.03,301.2,8.4,D,0
22.8862,91.9055,314.4,1.4,1.2,2025-03-08,755,Aqua,MODIS,65,61.03,302.2,8.3,D,0
22.986,91.9477,348.7,1.4,1.2,2025-03-08,755,Aqua,MODIS,95,61.03,303.1,85.4,D,0
22.9883,91.9613,333.7,1.4,1.2,2025-03-08,755,Aqua,MODIS,86,61.03,301.9,43.4,D,0
22.9961,91.9457,314.7,1.4,1.2,2025-03-08,755,Aqua,MODIS,66,61.03,302.4,9.8,D,0
23.1494,92.3534,314.8,1.3,1.1,2025-03-08,755,Aqua,MODIS,67,61.03,303.2,10.6,D,0
23.2274,91.8523,313.9,1.4,1.2,2025-03-08,755,Aqua,MODIS,46,61.03,301.6,8.1,D,0
23.2297,91.8655,317.2,1.4,1.2,2025-03-08,755,Aqua,MODIS,71,61.03,300.7,12.8,D,0
23.2299,91.8584,315.7,1.4,1.2,2025-03-08,755,Aqua,MODIS,34,61.03,301.6,10.3,D,0
23.3981,92.304,313.3,1.3,1.1,2025-03-08,755,Aqua,MODIS,64,61.03,300.3,8.7,D,0
23.4136,91.9705,310.4,1.4,1.2,2025-03-08,755,Aqua,MODIS,57,61.03,299.9,6.5,D,0
22.5402,92.3743,317.2,2.0,1.4,2025-03-09,834,Aqua,MODIS,60,61.03,306.7,14.8,D,0
23.0418,91.9092,319.1,1.9,1.3,2025-03-09,834,Aqua,MODIS,69,61.03,306.5,17.2,D,0
23.0512,91.9189,319.3,1.9,1.3,2025-03-09,834,Aqua,MODIS,70,61.03,306.6,18.6,D,0
23.3924,92.2805,343.0,2.9,1.6,2025-03-10,735,Aqua,MODIS,92,61.03,304.6,203.4,D,0
23.3949,92.2744,335.3,2.9,1.6,2025-03-10,735,Aqua,MODIS,88,61.03,304.4,144.0,D,0
23.3976,92.3065,333.9,2.9,1.6,2025-03-10,735,Aqua,MODIS,87,61.03,302.7,132.6,D,0
23.4005,92.3014,340.9,2.9,1.6,2025-03-10,735,Aqua,MODIS,91,61.03,303.3,185.3,D,0
23.5367,91.9913,311.2,3.1,1.7,2025-03-10,735,Aqua,MODIS,59,61.03,300.7,26.6,D,0
23.5499,91.9926,312.4,3.1,1.7,2025-03-10,735,Aqua,MODIS,62,61.03,300.6,30.6,D,0
25.07,92.2248,315.5,2.7,1.6,2025-03-10,736,Aqua,MODIS,35,61.03,302.8,24.7,D,0
22.1036,92.1807,319.0,1.1,1.1,2025-03-11,341,Terra,MODIS,75,61.03,303.2,12.9,D,0
22.4865,92.3876,313.7,1.1,1.1,2025-03-11,341,Terra,MODIS,68,61.03,301.7,7.9,D,0
21.5413,92.2269,313.6,1.1,1.1,2025-03-11,342,Terra,MODIS,69,61.03,301.1,8.4,D,0
21.5485,92.2237,313.4,1.1,1.1,2025-03-11,342,Terra,MODIS,68,61.03,302.1,8.1,D,0
21.8417,92.5597,317.7,1.0,1.0,2025-03-11,814,Aqua,MODIS,63,61.03,305.5,7.8,D,0
22.0231,92.2124,321.4,1.0,1.0,2025-03-11,814,Aqua,MODIS,72,61.03,305.7,10.5,D,0
22.0751,92.1883,331.2,1.0,1.0,2025-03-11,814,Aqua,MODIS,83,61.03,307.0,20.0,D,0
22.1003,92.1744,318.5,1.0,1.0,2025-03-11,814,Aqua,MODIS,64,61.03,307.0,7.0,D,0
22.1252,92.4168,321.3,1.0,1.0,2025-03-11,814,Aqua,MODIS,72,61.03,307.6,10.1,D,0
22.3132,92.5738,315.6,1.0,1.0,2025-03-11,814,Aqua,MODIS,58,61.03,305.5,5.9,D,0
22.4792,92.3744,323.7,1.0,1.0,2025-03-11,814,Aqua,MODIS,75,61.03,307.1,13.0,D,0
22.4805,92.384,320.8,1.0,1.0,2025-03-11,814,Aqua,MODIS,71,61.03,306.5,9.8,D,0
22.5015,91.7447,315.2,1.0,1.0,2025-03-11,814,Aqua,MODIS,48,61.03,302.7,5.3,D,0
22.6917,91.72,315.5,1.0,1.0,2025-03-11,814,Aqua,MODIS,59,61.03,302.4,5.8,D,0
22.8328,89.684,311.4,1.1,1.0,2025-03-11,814,Aqua,MODIS,45,61.03,300.7,5.2,D,0
22.9169,92.1388,309.7,1.2,1.1,2025-03-13,322,Terra,MODIS,57,61.03,296.8,5.4,D,0
23.1659,91.8423,315.9,1.4,1.2,2025-03-13,755,Aqua,MODIS,45,61.03,298.7,10.6,D,0
23.1739,91.8495,315.2,1.4,1.2,2025-03-13,755,Aqua,MODIS,59,61.03,299.4,10.1,D,0
23.3436,92.2582,309.7,3.4,1.7,2025-03-13,2001,Aqua,MODIS,78,61.03,290.1,54.7,N,0
23.3544,92.2676,311.1,3.4,1.7,2025-03-13,2001,Aqua,MODIS,82,61.03,290.0,62.8,N,0
23.3573,92.2344,309.6,3.4,1.7,2025-03-13,2001,Aqua,MODIS,78,61.03,290.4,57.2,N,0
23.3589,92.2599,309.4,3.4,1.7,2025-03-13,2001,Aqua,MODIS,77,61.03,290.2,53.3,N,0
21.4577,92.2406,320.5,1.8,1.3,2025-03-14,833,Aqua,MODIS,66,61.03,303.6,22.0,D,0
21.4597,92.2578,326.1,1.8,1.3,2025-03-14,833,Aqua,MODIS,75,61.03,304.0,36.1,D,0
21.4666,92.2513,325.2,1.8,1.3,2025-03-14,833,Aqua,MODIS,74,61.03,303.6,33.0,D,0
22.5726,92.4014,326.0,2.0,1.4,2025-03-14,833,Aqua,MODIS,77,61.03,301.3,38.6,D,0
22.5771,92.3954,324.5,2.0,1.4,2025-03-14,833,Aqua,MODIS,75,61.03,301.2,36.0,D,0
22.579,92.4135,324.5,2.0,1.4,2025-03-14,833,Aqua,MODIS,75,61.03,300.7,35.4,D,0
22.5846,92.3999,324.7,2.0,1.4,2025-03-14,833,Aqua,MODIS,75,61.03,300.4,36.7,D,0
22.8683,91.8881,319.9,1.8,1.3,2025-03-14,833,Aqua,MODIS,70,61.03,299.4,21.5,D,0
22.8702,91.9051,321.0,1.8,1.3,2025-03-14,833,Aqua,MODIS,72,61.03,299.0,24.2,D,0
22.9587,91.9933,317.1,1.8,1.3,2025-03-14,833,Aqua,MODIS,66,61.03,299.2,17.2,D,0
23.131,92.3435,320.1,2.0,1.4,2025-03-14,833,Aqua,MODIS,54,61.03,299.5,24.7,D,0
23.1389,92.3482,319.7,2.0,1.4,2025-03-14,833,Aqua,MODIS,27,61.03,299.2,22.8,D,0
23.1983,91.9966,317.5,1.9,1.3,2025-03-14,834,Aqua,MODIS,68,61.03,298.8,17.7,D,0
23.2002,92.0139,320.1,1.9,1.3,2025-03-14,834,Aqua,MODIS,72,61.03,298.1,24.0,D,0
23.3279,92.2496,336.3,2.0,1.4,2025-03-14,834,Aqua,MODIS,87,61.03,295.2,79.7,D,0
23.3398,92.2481,320.2,2.0,1.4,2025-03-14,834,Aqua,MODIS,68,61.03,296.7,27.6,D,0
23.3518,92.2465,342.7,2.0,1.4,2025-03-14,834,Aqua,MODIS,91,61.03,296.5,106.3,D,0
23.3907,91.977,322.6,1.9,1.3,2025-03-14,834,Aqua,MODIS,51,61.03,296.0,30.1,D,0
23.4024,91.9752,321.9,1.9,1.3,2025-03-14,834,Aqua,MODIS,22,61.03,295.8,27.7,D,0
23.4122,91.9561,325.2,1.9,1.3,2025-03-14,834,Aqua,MODIS,60,61.03,297.0,36.8,D,0
23.4141,91.9733,323.6,1.9,1.3,2025-03-14,834,Aqua,MODIS,54,61.03,296.9,32.4,D,0
23.3512,92.2476,324.4,1.1,1.1,2025-03-14,1456,Terra,MODIS,100,61.03,295.5,24.6,N,0
23.3589,92.2351,309.7,1.1,1.1,2025-03-14,1456,Terra,MODIS,19,61.03,294.5,8.6,N,0
23.3606,92.2459,369.3,1.1,1.1,2025-03-14,1456,Terra,MODIS,100,61.03,298.7,136.3,N,0
23.3623,92.2568,356.5,1.1,1.1,2025-03-14,1456,Terra,MODIS,100,61.03,297.0,90.9,N,0
23.3642,92.2574,304.4,1.0,1.0,2025-03-14,2040,Aqua,MODIS,60,61.03,292.4,6.1,N,0
23.3657,92.2479,304.2,1.0,1.0,2025-03-14,2040,Aqua,MODIS,59,61.03,292.4,5.8,N,0
22.2155,92.5854,317.2,3.1,1.7,2025-03-15,735,Aqua,MODIS,37,61.03,300.9,39.7,D,0
22.4112,92.5501,323.6,3.1,1.7,2025-03-15,735,Aqua,MODIS,73,61.03,301.2,75.5,D,0
23.1161,92.3598,320.2,3.0,1.7,2025-03-15,735,Aqua,MODIS,31,61.03,296.0,48.8,D,0
23.1736,92.3471,323.1,3.0,1.7,2025-03-15,735,Aqua,MODIS,41,61.03,294.8,63.2,D,0
23.1756,92.3399,325.5,3.0,1.7,2025-03-15,735,Aqua,MODIS,61,61.03,294.8,77.4,D,0
23.3444,92.2565,315.1,3.1,1.7,2025-03-15,735,Aqua,MODIS,66,61.03,297.3,37.8,D,0
23.3569,92.2605,311.7,3.1,1.7,2025-03-15,735,Aqua,MODIS,56,61.03,297.5,22.7,D,0
23.6724,92.2776,312.4,3.0,1.6,2025-03-15,735,Aqua,MODIS,59,61.03,295.9,29.2,D,0
22.2851,92.1617,327.9,1.0,1.0,2025-03-16,814,Aqua,MODIS,78,61.03,308.3,16.0,D,0
22.2864,92.1712,355.6,1.0,1.0,2025-03-16,814,Aqua,MODIS,98,61.03,309.8,65.6,D,0
22.3325,92.2418,319.3,1.0,1.0,2025-03-16,814,Aqua,MODIS,58,61.03,305.4,5.7,D,0
22.3338,92.2513,320.0,1.0,1.0,2025-03-16,814,Aqua,MODIS,66,61.03,305.3,6.6,D,0
22.498,92.4451,320.9,1.0,1.0,2025-03-16,814,Aqua,MODIS,67,61.03,306.6,7.7,D,0
22.4993,92.4547,343.1,1.0,1.0,2025-03-16,814,Aqua,MODIS,91,61.03,307.8,39.1,D,0
22.5247,92.1681,322.3,1.0,1.0,2025-03-16,814,Aqua,MODIS,71,61.03,305.1,9.9,D,0
22.859,91.5949,317.6,1.0,1.0,2025-03-16,814,Aqua,MODIS,61,61.03,303.5,7.1,D,0
22.8604,91.6044,317.7,1.0,1.0,2025-03-16,814,Aqua,MODIS,61,61.03,304.1,7.0,D,0
22.88,92.006,317.6,1.0,1.0,2025-03-16,814,Aqua,MODIS,60,61.03,303.3,6.2,D,0
22.9105,92.4157,317.5,1.0,1.0,2025-03-16,814,Aqua,MODIS,60,61.03,304.3,5.5,D,0
23.0401,92.2825,329.8,1.0,1.0,2025-03-16,814,Aqua,MODIS,81,61.03,305.4,19.6,D,0
23.049,92.281,325.4,1.0,1.0,2025-03-16,814,Aqua,MODIS,76,61.03,304.6,14.3,D,0
23.0503,92.2907,318.3,1.0,1.0,2025-03-16,814,Aqua,MODIS,64,61.03,304.3,7.2,D,0
23.0953,92.353,339.3,1.0,1.0,2025-03-16,814,Aqua,MODIS,88,61.03,306.5,32.3,D,0
23.0967,92.3628,329.1,1.0,1.0,2025-03-16,814,Aqua,MODIS,80,61.03,304.5,16.5,D,0
23.1108,92.0672,338.2,1.0,1.0,2025-03-16,814,Aqua,MODIS,88,61.03,305.6,31.1,D,0
23.1109,91.9394,317.4,1.0,1.0,2025-03-16,814,Aqua,MODIS,62,61.03,303.7,4.8,D,0
23.1122,92.0769,341.3,1.0,1.0,2025-03-16,814,Aqua,MODIS,90,61.03,305.3,36.4,D,0
23.142,91.9049,323.3,1.0,1.0,2025-03-16,814,Aqua,MODIS,73,61.03,305.3,9.1,D,0
23.1433,91.9144,407.7,1.0,1.0,2025-03-16,814,Aqua,MODIS,100,61.03,312.1,295.7,D,0
23.1447,91.9239,348.9,1.0,1.0,2025-03-16,814,Aqua,MODIS,94,61.03,304.6,49.5,D,0
23.1508,91.9034,327.9,1.0,1.0,2025-03-16,814,Aqua,MODIS,79,61.03,304.8,14.1,D,0
23.1521,91.9129,378.3,1.0,1.0,2025-03-16,814,Aqua,MODIS,100,61.03,307.4,137.1,D,0
23.2753,91.9879,329.4,1.0,1.0,2025-03-16,814,Aqua,MODIS,81,61.03,306.1,18.5,D,0
23.2766,91.9975,324.5,1.0,1.0,2025-03-16,814,Aqua,MODIS,75,61.03,303.8,12.4,D,0
23.3383,92.2448,331.6,1.0,1.0,2025-03-16,814,Aqua,MODIS,83,61.03,306.8,22.3,D,0
23.3396,92.2545,379.3,1.0,1.0,2025-03-16,814,Aqua,MODIS,100,61.03,308.2,147.5,D,0
23.341,92.2643,319.5,1.0,1.0,2025-03-16,814,Aqua,MODIS,61,61.03,301.6,9.3,D,0
23.3471,92.2433,343.2,1.0,1.0,2025-03-16,814,Aqua,MODIS,91,61.03,307.3,40.5,D,0
23.3485,92.2531,379.5,1.0,1.0,2025-03-16,814,Aqua,MODIS,100,61.03,308.3,147.2,D,0
23.3499,92.2628,374.3,1.0,1.0,2025-03-16,814,Aqua,MODIS,100,61.03,305.6,127.0,D,0
23.3977,92.0697,317.7,1.0,1.0,2025-03-16,814,Aqua,MODIS,64,61.03,303.7,6.9,D,0
23.5401,92.2387,346.7,1.0,1.0,2025-03-16,814,Aqua,MODIS,93,61.03,303.2,49.7,D,0
23.5414,92.2484,361.4,1.0,1.0,2025-03-16,814,Aqua,MODIS,100,61.03,303.3,85.8,D,0
24.0718,90.4112,317.0,1.0,1.0,2025-03-16,814,Aqua,MODIS,57,61.03,303.6,5.4,D,0
22.6132,92.4993,311.3,4.6,2.0,2025-03-17,853,Aqua,MODIS,45,61.03,290.8,38.6,D,0
22.6143,92.4942,311.3,4.6,2.0,2025-03-17,853,Aqua,MODIS,40,61.03,290.1,36.7,D,0
22.707,92.3413,310.6,1.1,1.1,2025-03-18,324,Terra,MODIS,0,61.03,295.1,5.5,D,0
22.2858,92.3238,317.6,1.4,1.2,2025-03-18,754,Aqua,MODIS,65,61.03,298.3,15.4,D,0
22.3724,92.5341,323.9,1.4,1.2,2025-03-18,754,Aqua,MODIS,77,61.03,295.5,23.6,D,0
22.3755,92.5387,320.6,1.4,1.2,2025-03-18,754,Aqua,MODIS,50,61.03,295.3,16.8,D,0
22.4393,92.495,333.6,1.4,1.2,2025-03-18,754,Aqua,MODIS,86,61.03,295.2,42.8,D,0
22.6089,92.339,322.5,1.4,1.2,2025-03-18,754,Aqua,MODIS,76,61.03,295.6,23.5,D,0
22.6232,92.4848,319.8,1.4,1.2,2025-03-18,754,Aqua,MODIS,71,61.03,294.8,17.6,D,0
22.8089,91.6056,324.8,1.6,1.2,2025-03-18,754,Aqua,MODIS,79,61.03,294.8,33.0,D,0
22.8115,91.6203,313.0,1.6,1.2,2025-03-18,754,Aqua,MODIS,60,61.03,295.9,11.4,D,0
23.0967,92.0619,317.9,1.4,1.2,2025-03-18,754,Aqua,MODIS,49,61.03,295.8,16.0,D,0
23.1071,92.0597,327.7,1.4,1.2,2025-03-18,754,Aqua,MODIS,82,61.03,294.5,32.9,D,0
23.1439,92.1495,312.6,1.4,1.2,2025-03-18,754,Aqua,MODIS,55,61.03,294.4,9.6,D,0
23.3144,92.3083,314.6,1.4,1.2,2025-03-18,754,Aqua,MODIS,58,61.03,296.6,11.9,D,0
23.3167,92.3217,313.6,1.4,1.2,2025-03-18,754,Aqua,MODIS,64,61.03,294.2,10.3,D,0
23.3674,92.3177,325.2,1.4,1.2,2025-03-18,754,Aqua,MODIS,76,61.03,297.7,24.3,D,0
23.3697,92.3304,382.2,1.4,1.2,2025-03-18,754,Aqua,MODIS,100,61.03,302.2,248.9,D,0
23.3719,92.3432,323.4,1.4,1.2,2025-03-18,754,Aqua,MODIS,78,61.03,297.2,22.4,D,0
23.3776,92.3157,330.6,1.4,1.2,2025-03-18,754,Aqua,MODIS,84,61.03,296.4,35.2,D,0
23.3798,92.3283,363.1,1.4,1.2,2025-03-18,754,Aqua,MODIS,94,61.03,295.3,140.3,D,0
22.3091,92.2886,319.3,1.8,1.3,2025-03-19,833,Aqua,MODIS,53,61.03,303.2,12.9,D,0
22.8472,91.5917,324.3,1.7,1.3,2025-03-19,833,Aqua,MODIS,75,61.03,302.0,25.6,D,0
22.8476,91.5976,331.0,1.7,1.3,2025-03-19,833,Aqua,MODIS,82,61.03,302.3,41.0,D,0
22.849,91.6076,318.7,1.7,1.3,2025-03-19,833,Aqua,MODIS,64,61.03,302.9,14.0,D,0
23.0606,91.9509,317.9,1.8,1.3,2025-03-19,833,Aqua,MODIS,44,61.03,302.8,10.3,D,0
23.0924,92.333,319.1,1.9,1.3,2025-03-19,833,Aqua,MODIS,64,61.03,303.5,17.1,D,0
23.583,92.2478,318.3,1.9,1.3,2025-03-19,833,Aqua,MODIS,65,61.03,300.6,22.6,D,0
24.0658,89.0147,318.7,1.2,1.1,2025-03-19,833,Aqua,MODIS,0,61.03,307.4,8.7,D,0
22.5184,92.4854,325.4,3.2,1.7,2025-03-20,734,Aqua,MODIS,51,61.03,296.9,78.6,D,0
22.533,92.4891,352.3,3.2,1.7,2025-03-20,734,Aqua,MODIS,96,61.03,295.0,323.5,D,0
22.5331,92.4825,342.1,3.2,1.7,2025-03-20,734,Aqua,MODIS,90,61.03,294.7,206.4,D,0
22.5534,92.5057,322.9,3.2,1.7,2025-03-20,734,Aqua,MODIS,65,61.03,294.1,64.9,D,0
22.5622,92.482,325.1,3.2,1.7,2025-03-20,734,Aqua,MODIS,72,61.03,297.6,79.9,D,0
22.5677,92.509,349.2,3.2,1.7,2025-03-20,734,Aqua,MODIS,94,61.03,297.0,283.8,D,0
22.568,92.5023,347.2,3.2,1.7,2025-03-20,734,Aqua,MODIS,93,61.03,297.8,259.6,D,0
22.8961,92.1439,311.5,3.3,1.7,2025-03-20,734,Aqua,MODIS,40,61.03,293.8,25.7,D,0
22.9736,91.9216,314.4,3.4,1.7,2025-03-20,734,Aqua,MODIS,62,61.03,294.3,35.8,D,0
22.9777,91.9475,320.1,3.4,1.7,2025-03-20,734,Aqua,MODIS,73,61.03,293.9,64.7,D,0
22.9805,91.9549,315.7,3.4,1.7,2025-03-20,734,Aqua,MODIS,65,61.03,294.1,41.5,D,0
23.0273,92.3302,312.7,3.2,1.7,2025-03-20,734,Aqua,MODIS,53,61.03,297.3,24.9,D,0
23.071,92.3122,318.2,3.2,1.7,2025-03-20,734,Aqua,MODIS,54,61.03,297.1,45.0,D,0
23.0712,92.3198,322.9,3.2,1.7,2025-03-20,734,Aqua,MODIS,65,61.03,297.3,68.3,D,0
23.0768,92.3475,319.9,3.2,1.7,2025-03-20,734,Aqua,MODIS,65,61.03,298.2,53.2,D,0
23.077,92.3404,321.9,3.2,1.7,2025-03-20,734,Aqua,MODIS,75,61.03,298.2,67.1,D,0
23.0831,92.3695,316.7,3.2,1.7,2025-03-20,734,Aqua,MODIS,42,61.03,297.9,37.5,D,0
21.3852,92.1768,333.9,1.0,1.0,2025-03-21,813,Aqua,MODIS,85,61.03,302.1,25.1,D,0
21.8162,92.5434,331.4,1.0,1.0,2025-03-21,813,Aqua,MODIS,83,61.03,300.3,23.2,D,0
21.9685,92.38,316.5,1.0,1.0,2025-03-21,813,Aqua,MODIS,63,61.03,300.2,6.2,D,0
21.976,92.3691,315.3,1.0,1.0,2025-03-21,813,Aqua,MODIS,60,61.03,300.5,4.8,D,0
21.9773,92.3786,346.6,1.0,1.0,2025-03-21,813,Aqua,MODIS,93,61.03,301.8,47.3,D,0
22.2806,92.2938,327.9,1.0,1.0,2025-03-21,813,Aqua,MODIS,80,61.03,301.4,16.8,D,0
22.2819,92.3033,320.4,1.0,1.0,2025-03-21,813,Aqua,MODIS,70,61.03,300.8,8.8,D,0
22.3759,92.5215,362.9,1.0,1.0,2025-03-21,813,Aqua,MODIS,100,61.03,300.8,88.6,D,0
22.3773,92.5313,387.7,1.0,1.0,2025-03-21,813,Aqua,MODIS,100,61.03,302.3,183.9,D,0
22.4354,92.349,314.7,1.0,1.0,2025-03-21,813,Aqua,MODIS,57,61.03,299.4,5.6,D,0
22.5794,92.3811,321.0,1.0,1.0,2025-03-21,813,Aqua,MODIS,72,61.03,300.7,10.4,D,0
22.5808,92.3906,355.7,1.0,1.0,2025-03-21,813,Aqua,MODIS,98,61.03,301.6,68.4,D,0
22.6132,92.4931,332.1,1.0,1.0,2025-03-21,813,Aqua,MODIS,84,61.03,299.9,23.7,D,0
22.7063,92.3738,320.5,1.0,1.0,2025-03-21,813,Aqua,MODIS,57,61.03,300.4,9.4,D,0
22.8144,91.9631,323.1,1.0,1.0,2025-03-21,813,Aqua,MODIS,76,61.03,300.4,13.3,D,0
22.8273,91.5956,316.0,1.0,1.0,2025-03-21,813,Aqua,MODIS,53,61.03,298.8,6.0,D,0
22.8286,91.6051,401.2,1.0,1.0,2025-03-21,813,Aqua,MODIS,100,61.03,307.0,252.2,D,0
22.83,91.6145,367.3,1.0,1.0,2025-03-21,813,Aqua,MODIS,100,61.03,301.1,99.5,D,0
22.8503,92.0251,326.5,1.0,1.0,2025-03-21,813,Aqua,MODIS,80,61.03,300.8,16.3,D,0
22.9157,91.9586,324.4,1.0,1.0,2025-03-21,813,Aqua,MODIS,78,61.03,301.7,12.2,D,0
22.9319,91.9461,343.3,1.0,1.0,2025-03-21,813,Aqua,MODIS,92,61.03,302.1,37.9,D,0
22.9332,91.9556,326.9,1.0,1.0,2025-03-21,813,Aqua,MODIS,68,61.03,301.6,13.6,D,0
22.9347,91.7654,317.2,1.0,1.0,2025-03-21,813,Aqua,MODIS,69,61.03,299.5,6.6,D,0
22.9406,91.9447,317.8,1.0,1.0,2025-03-21,813,Aqua,MODIS,42,61.03,301.4,5.5,D,0
22.9523,92.0887,315.3,1.0,1.0,2025-03-21,813,Aqua,MODIS,64,61.03,297.0,5.5,D,0
22.9768,91.933,318.8,1.0,1.0,2025-03-21,813,Aqua,MODIS,72,61.03,301.3,7.2,D,0
22.9984,91.9584,331.8,1.0,1.0,2025-03-21,813,Aqua,MODIS,85,61.03,302.6,21.7,D,0
22.9998,91.9679,336.8,1.0,1.0,2025-03-21,813,Aqua,MODIS,88,61.03,302.3,29.2,D,0
23.0479,92.1159,348.9,1.0,1.0,2025-03-21,813,Aqua,MODIS,95,61.03,301.1,52.0,D,0
23.0493,92.1254,325.3,1.0,1.0,2025-03-21,813,Aqua,MODIS,79,61.03,299.9,14.5,D,0
23.0567,92.1144,320.4,1.0,1.0,2025-03-21,813,Aqua,MODIS,74,61.03,300.5,10.2,D,0
23.0681,92.0472,341.6,1.0,1.0,2025-03-21,813,Aqua,MODIS,91,61.03,302.1,37.8,D,0
23.0694,92.0567,356.9,1.0,1.0,2025-03-21,813,Aqua,MODIS,98,61.03,301.9,70.2,D,0
23.0745,92.3666,366.1,1.0,1.0,2025-03-21,813,Aqua,MODIS,100,61.03,299.8,98.3,D,0
23.0758,92.3762,347.5,1.0,1.0,2025-03-21,813,Aqua,MODIS,94,61.03,298.6,50.2,D,0
23.0869,91.927,348.1,1.0,1.0,2025-03-21,813,Aqua,MODIS,94,61.03,301.3,50.0,D,0
23.0884,92.0632,335.8,1.0,1.0,2025-03-21,813,Aqua,MODIS,88,61.03,300.9,28.0,D,0
23.0908,92.354,326.0,1.0,1.0,2025-03-21,813,Aqua,MODIS,75,61.03,298.4,16.2,D,0
23.0971,92.0617,328.0,1.0,1.0,2025-03-21,813,Aqua,MODIS,82,61.03,301.6,17.6,D,0
23.1397,92.0448,321.9,1.0,1.0,2025-03-21,813,Aqua,MODIS,76,61.03,300.7,11.6,D,0
23.1439,91.8728,321.2,1.0,1.0,2025-03-21,813,Aqua,MODIS,76,61.03,299.1,10.3,D,0
23.1471,92.0338,328.9,1.0,1.0,2025-03-21,813,Aqua,MODIS,83,61.03,299.9,18.7,D,0
23.1485,92.0433,353.6,1.0,1.0,2025-03-21,813,Aqua,MODIS,97,61.03,301.0,62.2,D,0
23.1718,92.1317,321.4,1.0,1.0,2025-03-21,813,Aqua,MODIS,76,61.03,300.4,9.9,D,0
23.1806,92.1302,321.4,1.0,1.0,2025-03-21,813,Aqua,MODIS,76,61.03,300.2,10.1,D,0
23.1819,92.1397,325.4,1.0,1.0,2025-03-21,813,Aqua,MODIS,80,61.03,300.8,14.3,D,0
23.2127,91.8513,318.0,1.0,1.0,2025-03-21,813,Aqua,MODIS,72,61.03,298.9,7.6,D,0
23.217,92.0065,332.6,1.0,1.0,2025-03-21,813,Aqua,MODIS,86,61.03,299.6,23.1,D,0
23.2258,92.0051,345.5,1.0,1.0,2025-03-21,813,Aqua,MODIS,93,61.03,301.1,44.2,D,0
23.2293,92.3481,316.1,1.0,1.0,2025-03-21,813,Aqua,MODIS,68,61.03,298.8,7.1,D,0
23.2359,92.0131,320.2,1.0,1.0,2025-03-21,813,Aqua,MODIS,75,61.03,299.7,8.8,D,0
23.2933,92.0162,317.9,1.0,1.0,2025-03-21,813,Aqua,MODIS,64,61.03,293.4,8.2,D,0
23.3151,91.841,317.3,1.0,1.0,2025-03-21,813,Aqua,MODIS,72,61.03,298.9,7.1,D,0
23.3165,91.8505,317.4,1.0,1.0,2025-03-21,813,Aqua,MODIS,72,61.03,298.9,7.5,D,0
23.3348,92.3734,337.4,1.0,1.0,2025-03-21,813,Aqua,MODIS,89,61.03,297.3,31.0,D,0
23.3808,91.986,328.9,1.0,1.0,2025-03-21,813,Aqua,MODIS,83,61.03,294.0,20.7,D,0
23.3809,92.2413,319.7,1.0,1.0,2025-03-21,813,Aqua,MODIS,75,61.03,299.0,10.9,D,0
23.3821,91.9956,315.2,1.0,1.0,2025-03-21,813,Aqua,MODIS,52,61.03,293.7,6.6,D,0
23.3822,92.2509,348.1,1.0,1.0,2025-03-21,813,Aqua,MODIS,95,61.03,299.7,52.5,D,0
23.4214,92.0183,341.9,1.0,1.0,2025-03-21,813,Aqua,MODIS,92,61.03,296.0,42.2,D,0
21.6271,92.3569,314.1,4.1,1.9,2025-03-22,852,Aqua,MODIS,60,61.03,296.7,35.5,D,0
21.9129,92.5415,320.6,4.3,1.9,2025-03-22,852,Aqua,MODIS,64,61.03,296.1,92.3,D,0
21.9186,92.5333,319.9,4.3,1.9,2025-03-22,852,Aqua,MODIS,72,61.03,296.0,92.2,D,0
21.9219,92.5724,315.4,4.3,1.9,2025-03-22,852,Aqua,MODIS,63,61.03,294.6,63.2,D,0
22.5598,92.4782,318.1,4.3,1.9,2025-03-22,852,Aqua,MODIS,27,61.03,292.8,66.8,D,0
22.9818,92.1264,313.8,4.1,1.9,2025-03-22,852,Aqua,MODIS,27,61.03,289.6,50.4,D,0
23.107,92.3412,313.3,1.1,1.0,2025-03-23,325,Terra,MODIS,67,61.03,295.1,7.8,D,0
23.2695,92.162,311.0,1.1,1.0,2025-03-23,325,Terra,MODIS,60,61.03,294.4,5.6,D,0
23.2709,92.1516,317.0,1.1,1.0,2025-03-23,325,Terra,MODIS,73,61.03,293.0,11.0,D,0
22.5788,92.5003,315.6,1.1,1.0,2025-03-23,326,Terra,MODIS,70,61.03,298.2,8.8,D,0
22.7236,92.4536,314.2,1.1,1.0,2025-03-23,326,Terra,MODIS,50,61.03,289.2,9.5,D,0
21.2644,92.1873,318.9,1.6,1.2,2025-03-23,753,Aqua,MODIS,71,61.03,298.4,20.8,D,0
21.2671,92.2027,314.6,1.6,1.2,2025-03-23,753,Aqua,MODIS,62,61.03,298.7,12.6,D,0
21.2693,92.1951,321.8,1.6,1.2,2025-03-23,753,Aqua,MODIS,75,61.03,298.7,24.7,D,0
22.1856,92.5867,323.1,1.4,1.2,2025-03-23,753,Aqua,MODIS,78,61.03,298.0,23.8,D,0
22.2363,92.2224,341.5,1.5,1.2,2025-03-23,753,Aqua,MODIS,91,61.03,297.5,71.9,D,0
22.421,92.2166,343.8,1.5,1.2,2025-03-23,753,Aqua,MODIS,92,61.03,301.4,77.7,D,0
22.4732,92.4516,334.4,1.5,1.2,2025-03-23,753,Aqua,MODIS,86,61.03,300.1,47.7,D,0
22.4861,92.4635,328.0,1.5,1.2,2025-03-23,753,Aqua,MODIS,82,61.03,300.4,33.1,D,0
22.5275,92.4547,343.1,1.5,1.2,2025-03-23,753,Aqua,MODIS,92,61.03,300.1,69.2,D,0
22.5327,92.4481,325.0,1.5,1.2,2025-03-23,753,Aqua,MODIS,49,61.03,299.9,24.2,D,0
22.5353,92.4629,326.2,1.5,1.2,2025-03-23,753,Aqua,MODIS,55,61.03,299.1,25.9,D,0
22.5624,92.3716,317.1,1.5,1.2,2025-03-23,753,Aqua,MODIS,68,61.03,300.8,13.4,D,0
22.5711,92.4836,345.8,1.4,1.2,2025-03-23,753,Aqua,MODIS,93,61.03,298.8,77.4,D,0
22.5814,92.4813,335.6,1.4,1.2,2025-03-23,753,Aqua,MODIS,84,61.03,299.8,45.6,D,0
22.5828,91.7549,315.1,1.6,1.3,2025-03-23,753,Aqua,MODIS,58,61.03,299.8,10.2,D,0
22.5837,92.4942,343.0,1.4,1.2,2025-03-23,753,Aqua,MODIS,86,61.03,300.3,65.6,D,0
22.5918,92.4791,349.6,1.4,1.2,2025-03-23,753,Aqua,MODIS,95,61.03,300.6,88.0,D,0
22.5986,92.5186,323.1,1.4,1.2,2025-03-23,753,Aqua,MODIS,64,61.03,297.7,20.6,D,0
22.6009,92.532,347.0,1.4,1.2,2025-03-23,753,Aqua,MODIS,94,61.03,300.7,81.2,D,0
22.6417,92.4757,330.0,1.4,1.2,2025-03-23,753,Aqua,MODIS,83,61.03,299.7,36.7,D,0
22.6439,92.4886,324.3,1.4,1.2,2025-03-23,753,Aqua,MODIS,78,61.03,299.6,24.7,D,0
22.6475,91.9883,326.9,1.6,1.2,2025-03-23,753,Aqua,MODIS,81,61.03,298.9,34.7,D,0
22.6497,92.4606,321.1,1.4,1.2,2025-03-23,753,Aqua,MODIS,73,61.03,300.5,18.5,D,0
22.652,92.4738,332.9,1.4,1.2,2025-03-23,753,Aqua,MODIS,86,61.03,300.3,42.5,D,0
22.7632,91.9266,318.4,1.6,1.2,2025-03-23,753,Aqua,MODIS,71,61.03,298.9,17.7,D,0
23.0304,92.3289,342.5,1.5,1.2,2025-03-23,753,Aqua,MODIS,91,61.03,301.5,69.5,D,0
23.032,92.1213,318.0,1.5,1.2,2025-03-23,753,Aqua,MODIS,59,61.03,300.0,15.1,D,0
23.0326,92.3418,335.0,1.5,1.2,2025-03-23,753,Aqua,MODIS,87,61.03,300.6,46.9,D,0
23.0373,92.3688,324.0,1.4,1.2,2025-03-23,753,Aqua,MODIS,78,61.03,300.1,24.5,D,0
23.0408,92.3268,316.2,1.5,1.2,2025-03-23,753,Aqua,MODIS,34,61.03,301.0,11.6,D,0
23.043,92.3397,352.6,1.5,1.2,2025-03-23,753,Aqua,MODIS,96,61.03,302.5,103.9,D,0
23.0738,92.356,319.3,1.4,1.2,2025-03-23,753,Aqua,MODIS,65,61.03,302.1,14.6,D,0
23.1486,92.3548,317.1,1.4,1.2,2025-03-23,753,Aqua,MODIS,59,61.03,301.6,13.2,D,0
23.1708,92.3156,321.5,1.4,1.2,2025-03-23,753,Aqua,MODIS,41,61.03,296.3,19.6,D,0
23.2201,92.0117,321.3,1.5,1.2,2025-03-23,753,Aqua,MODIS,53,61.03,296.0,22.8,D,0
23.5612,92.2406,314.1,1.4,1.2,2025-03-23,754,Aqua,MODIS,68,61.03,279.7,18.7,D,0
23.4846,92.2785,311.0,2.7,1.6,2025-03-24,405,Terra,MODIS,37,61.03,297.3,24.7,D,0
23.4899,92.2867,319.9,2.7,1.6,2025-03-24,405,Terra,MODIS,76,61.03,297.3,59.0,D,0
23.4951,92.2607,321.5,2.7,1.6,2025-03-24,405,Terra,MODIS,77,61.03,297.8,65.4,D,0
23.4982,92.2821,320.1,2.7,1.6,2025-03-24,405,Terra,MODIS,76,61.03,297.7,60.3,D,0
23.5034,92.2554,308.6,2.7,1.6,2025-03-24,405,Terra,MODIS,52,61.03,297.6,19.6,D,0
23.7157,89.9242,311.2,1.8,1.3,2025-03-24,405,Terra,MODIS,0,61.03,300.3,13.2,D,0
21.2101,92.0618,374.2,1.6,1.2,2025-03-24,832,Aqua,MODIS,75,61.03,307.4,246.4,D,0
21.2119,92.0768,322.2,1.6,1.3,2025-03-24,832,Aqua,MODIS,70,61.03,302.5,22.3,D,0
21.2126,92.0712,345.3,1.6,1.3,2025-03-24,832,Aqua,MODIS,80,61.03,303.6,87.8,D,0
21.8835,92.5394,317.2,1.8,1.3,2025-03-24,832,Aqua,MODIS,52,61.03,302.2,16.9,D,0
22.0944,92.1806,331.4,1.7,1.3,2025-03-24,832,Aqua,MODIS,82,61.03,307.2,43.1,D,0
22.1547,92.6077,338.9,1.8,1.3,2025-03-24,832,Aqua,MODIS,88,61.03,304.7,78.3,D,0
22.1691,92.3461,321.4,1.7,1.3,2025-03-24,832,Aqua,MODIS,68,61.03,305.4,17.9,D,0
22.1718,92.3513,320.4,1.7,1.3,2025-03-24,832,Aqua,MODIS,66,61.03,305.1,14.5,D,0
22.2167,92.2568,323.7,1.7,1.3,2025-03-24,832,Aqua,MODIS,72,61.03,306.5,22.3,D,0
22.378,92.5502,318.4,1.8,1.3,2025-03-24,832,Aqua,MODIS,61,61.03,304.1,14.4,D,0
22.4449,92.3481,321.9,1.8,1.3,2025-03-24,832,Aqua,MODIS,69,61.03,306.1,20.6,D,0
22.4454,92.3577,331.5,1.8,1.3,2025-03-24,832,Aqua,MODIS,82,61.03,306.4,45.8,D,0
22.4469,92.3646,325.2,1.8,1.3,2025-03-24,832,Aqua,MODIS,75,61.03,306.6,28.4,D,0
22.4812,92.4706,323.2,1.8,1.3,2025-03-24,832,Aqua,MODIS,62,61.03,306.3,22.1,D,0
22.5083,92.5025,329.6,1.8,1.3,2025-03-24,832,Aqua,MODIS,76,61.03,304.6,39.3,D,0
22.5199,92.5011,323.9,1.8,1.3,2025-03-24,832,Aqua,MODIS,69,61.03,307.0,24.6,D,0
22.5667,92.1197,323.2,1.7,1.3,2025-03-24,832,Aqua,MODIS,55,61.03,306.4,20.7,D,0
22.7745,91.9273,319.3,1.7,1.3,2025-03-24,832,Aqua,MODIS,67,61.03,303.4,14.8,D,0
22.7762,91.943,325.1,1.7,1.3,2025-03-24,832,Aqua,MODIS,76,61.03,303.4,28.0,D,0
22.8048,91.6111,315.6,1.6,1.2,2025-03-24,832,Aqua,MODIS,56,61.03,303.1,9.6,D,0
22.8448,92.3485,319.6,1.8,1.3,2025-03-24,832,Aqua,MODIS,59,61.03,306.6,15.0,D,0
22.8467,92.3657,322.1,1.8,1.3,2025-03-24,832,Aqua,MODIS,67,61.03,306.4,20.2,D,0
22.8698,92.3627,318.6,1.8,1.3,2025-03-24,832,Aqua,MODIS,25,61.03,305.5,11.6,D,0
22.89,92.1503,327.6,1.7,1.3,2025-03-24,832,Aqua,MODIS,79,61.03,303.1,36.8,D,0
22.8935,91.5938,317.5,1.6,1.2,2025-03-24,832,Aqua,MODIS,63,61.03,304.4,11.6,D,0
22.9299,91.9975,339.7,1.7,1.3,2025-03-24,832,Aqua,MODIS,89,61.03,307.6,67.3,D,0
22.9653,92.1007,325.7,1.7,1.3,2025-03-24,832,Aqua,MODIS,77,61.03,307.2,28.5,D,0
22.9657,92.1074,321.6,1.7,1.3,2025-03-24,832,Aqua,MODIS,66,61.03,306.6,17.8,D,0
23.054,92.0723,331.8,1.7,1.3,2025-03-24,832,Aqua,MODIS,40,61.03,307.2,39.7,D,0
23.0652,92.0812,329.4,1.7,1.3,2025-03-24,832,Aqua,MODIS,61,61.03,307.1,33.5,D,0
23.066,92.3767,315.9,1.8,1.3,2025-03-24,832,Aqua,MODIS,58,61.03,302.7,9.0,D,0
23.0747,92.0638,332.5,1.7,1.3,2025-03-24,832,Aqua,MODIS,67,61.03,306.8,42.0,D,0
23.0988,92.2803,319.0,1.8,1.3,2025-03-24,832,Aqua,MODIS,62,61.03,305.2,16.6,D,0
23.0992,92.0771,332.2,1.7,1.3,2025-03-24,832,Aqua,MODIS,84,61.03,306.5,43.1,D,0
23.137,91.9999,319.9,1.7,1.3,2025-03-24,832,Aqua,MODIS,69,61.03,302.6,15.5,D,0
23.137,92.0067,316.1,1.7,1.3,2025-03-24,832,Aqua,MODIS,36,61.03,300.9,7.8,D,0
23.2098,92.3441,352.2,1.8,1.3,2025-03-24,832,Aqua,MODIS,96,61.03,310.2,133.5,D,0
23.2214,92.3426,342.1,1.8,1.3,2025-03-24,832,Aqua,MODIS,90,61.03,309.2,85.1,D,0
23.2289,92.0033,326.0,1.7,1.3,2025-03-24,832,Aqua,MODIS,49,61.03,307.6,24.4,D,0
23.229,92.0142,323.5,1.7,1.3,2025-03-24,832,Aqua,MODIS,66,61.03,306.1,19.3,D,0
23.233,92.3412,325.3,1.8,1.3,2025-03-24,832,Aqua,MODIS,76,61.03,306.9,31.3,D,0
23.2385,91.9966,326.7,1.7,1.3,2025-03-24,832,Aqua,MODIS,71,61.03,307.0,26.0,D,0
23.2403,92.013,331.1,1.7,1.3,2025-03-24,832,Aqua,MODIS,83,61.03,306.5,38.8,D,0
23.2738,92.3895,324.3,1.8,1.3,2025-03-24,832,Aqua,MODIS,66,61.03,305.2,26.8,D,0
23.2809,92.3829,320.8,1.8,1.3,2025-03-24,832,Aqua,MODIS,65,61.03,305.2,18.8,D,0
23.3174,91.9789,317.9,1.7,1.3,2025-03-24,832,Aqua,MODIS,47,61.03,302.7,12.7,D,0
23.3174,91.9855,324.2,1.7,1.3,2025-03-24,832,Aqua,MODIS,57,61.03,302.5,23.9,D,0
23.3191,91.9952,328.1,1.7,1.3,2025-03-24,832,Aqua,MODIS,80,61.03,302.2,38.3,D,0
23.3194,92.0024,331.4,1.7,1.3,2025-03-24,832,Aqua,MODIS,83,61.03,302.3,44.3,D,0
23.321,92.0123,324.8,1.7,1.3,2025-03-24,832,Aqua,MODIS,76,61.03,301.8,30.4,D,0
23.3367,91.8463,318.2,1.7,1.3,2025-03-24,832,Aqua,MODIS,66,61.03,304.1,11.2,D,0
23.3465,92.2348,320.2,1.8,1.3,2025-03-24,832,Aqua,MODIS,36,61.03,306.3,17.5,D,0
23.3484,92.2516,321.2,1.8,1.3,2025-03-24,832,Aqua,MODIS,27,61.03,307.8,20.1,D,0
23.3579,92.2434,319.4,1.8,1.3,2025-03-24,832,Aqua,MODIS,49,61.03,306.2,15.4,D,0
23.372,91.956,322.2,1.7,1.3,2025-03-24,832,Aqua,MODIS,60,61.03,303.9,20.4,D,0
23.3738,91.9719,324.8,1.7,1.3,2025-03-24,832,Aqua,MODIS,76,61.03,303.6,27.7,D,0
23.3851,91.9704,322.5,1.7,1.3,2025-03-24,832,Aqua,MODIS,47,61.03,304.0,21.0,D,0
23.4377,92.0411,317.4,1.7,1.3,2025-03-24,832,Aqua,MODIS,64,61.03,301.1,18.6,D,0
23.4511,91.9559,318.2,1.7,1.3,2025-03-24,832,Aqua,MODIS,65,61.03,302.8,15.4,D,0
23.4983,92.2711,316.9,1.8,1.3,2025-03-24,832,Aqua,MODIS,29,61.03,299.4,17.6,D,0
23.5224,91.9727,326.3,1.7,1.3,2025-03-24,833,Aqua,MODIS,56,61.03,297.9,34.9,D,0
23.5271,92.2264,317.6,1.8,1.3,2025-03-24,833,Aqua,MODIS,65,61.03,303.0,19.6,D,0
23.5288,92.2422,356.8,1.8,1.3,2025-03-24,833,Aqua,MODIS,98,61.03,303.8,167.5,D,0
23.5291,92.2326,341.9,1.8,1.3,2025-03-24,833,Aqua,MODIS,90,61.03,303.8,91.9,D,0
23.5309,92.2486,345.3,1.8,1.3,2025-03-24,833,Aqua,MODIS,92,61.03,302.2,107.1,D,0
23.5846,92.2182,323.5,1.8,1.3,2025-03-24,833,Aqua,MODIS,75,61.03,301.5,34.9,D,0
23.6173,92.2248,312.9,1.8,1.3,2025-03-24,833,Aqua,MODIS,47,61.03,299.6,13.5,D,0
23.6222,91.9537,321.6,1.7,1.3,2025-03-24,833,Aqua,MODIS,47,61.03,299.6,25.5,D,0
23.6314,92.0352,314.6,1.7,1.3,2025-03-24,833,Aqua,MODIS,55,61.03,300.1,15.2,D,0
23.6336,91.9522,320.2,1.7,1.3,2025-03-24,833,Aqua,MODIS,24,61.03,299.4,22.6,D,0
23.6785,91.9392,324.7,1.7,1.3,2025-03-24,833,Aqua,MODIS,76,61.03,300.6,33.6,D,0
23.7661,90.9051,318.1,1.5,1.2,2025-03-24,833,Aqua,MODIS,56,61.03,305.1,11.7,D,0
24.0841,90.4083,319.4,1.4,1.2,2025-03-24,833,Aqua,MODIS,66,61.03,305.0,11.5,D,0
24.0857,90.4214,317.3,1.4,1.2,2025-03-24,833,Aqua,MODIS,61,61.03,304.5,8.3,D,0
21.8823,92.5484,303.4,1.1,1.0,2025-03-24,1459,Terra,MODIS,55,61.03,293.3,5.0,N,0
22.5513,92.2645,305.3,1.1,1.0,2025-03-24,1459,Terra,MODIS,64,61.03,293.3,6.2,N,0
22.6162,92.4526,304.9,1.0,1.0,2025-03-24,1459,Terra,MODIS,62,61.03,294.8,5.0,N,0
22.6193,92.1007,304.8,1.1,1.0,2025-03-24,1459,Terra,MODIS,62,61.03,294.0,5.6,N,0
22.666,92.2898,307.4,1.1,1.0,2025-03-24,1459,Terra,MODIS,66,61.03,295.0,6.2,N,0
22.6738,92.2826,307.6,1.1,1.0,2025-03-24,1459,Terra,MODIS,72,61.03,294.7,7.2,N,0
22.7401,92.2296,308.2,1.1,1.0,2025-03-24,1459,Terra,MODIS,50,61.03,295.2,6.5,N,0
22.7446,92.1973,305.7,1.1,1.0,2025-03-24,1459,Terra,MODIS,58,61.03,293.9,5.4,N,0
22.7554,92.2103,307.1,1.1,1.0,2025-03-24,1459,Terra,MODIS,70,61.03,295.1,6.7,N,0
22.8541,92.4388,304.4,1.0,1.0,2025-03-24,1459,Terra,MODIS,60,61.03,293.9,5.5,N,0
22.9525,92.3546,305.6,1.1,1.0,2025-03-24,1459,Terra,MODIS,65,61.03,294.3,6.0,N,0
23.0024,91.9495,319.2,1.1,1.0,2025-03-24,1459,Terra,MODIS,98,61.03,293.8,18.1,N,0
23.0481,92.067,305.7,1.1,1.0,2025-03-24,1459,Terra,MODIS,65,61.03,293.0,6.2,N,0
23.1261,92.3424,305.2,1.0,1.0,2025-03-24,1459,Terra,MODIS,63,61.03,294.9,4.9,N,0
23.2925,92.2186,338.0,1.1,1.0,2025-03-24,1459,Terra,MODIS,100,61.03,295.8,42.7,N,0
23.3015,92.2169,303.9,1.1,1.0,2025-03-24,1459,Terra,MODIS,57,61.03,293.2,5.3,N,0
23.3666,91.9752,316.1,1.1,1.0,2025-03-24,1459,Terra,MODIS,93,61.03,294.6,14.6,N,0
23.3741,91.9632,306.8,1.1,1.0,2025-03-24,1459,Terra,MODIS,69,61.03,292.1,7.5,N,0
23.3757,91.9735,360.5,1.1,1.0,2025-03-24,1459,Terra,MODIS,100,61.03,295.7,96.3,N,0
23.5873,92.0279,315.4,1.1,1.0,2025-03-24,1459,Terra,MODIS,91,61.03,295.0,14.6,N,0
23.6038,92.2621,306.8,1.0,1.0,2025-03-24,1459,Terra,MODIS,69,61.03,294.0,6.9,N,0
23.6128,92.2606,314.5,1.0,1.0,2025-03-24,1459,Terra,MODIS,89,61.03,294.2,12.9,N,0
23.6159,92.0952,311.9,1.1,1.0,2025-03-24,1459,Terra,MODIS,84,61.03,293.9,11.1,N,0
23.6249,92.0936,323.7,1.1,1.0,2025-03-24,1459,Terra,MODIS,100,61.03,294.8,22.7,N,0
23.6549,92.1088,308.7,1.1,1.0,2025-03-24,1459,Terra,MODIS,75,61.03,293.1,8.6,N,0
23.6645,92.1112,307.0,1.1,1.0,2025-03-24,1459,Terra,MODIS,70,61.03,291.5,7.9,N,0
23.1365,92.3517,302.6,1.0,1.0,2025-03-24,2039,Aqua,MODIS,41,61.03,291.0,5.0,N,0
23.1379,92.3422,310.9,1.0,1.0,2025-03-24,2039,Aqua,MODIS,81,61.03,293.6,10.3,N,0
23.3772,91.9777,308.4,1.0,1.0,2025-03-24,2039,Aqua,MODIS,74,61.03,291.1,9.2,N,0
23.5424,92.2913,313.8,1.0,1.0,2025-03-24,2039,Aqua,MODIS,88,61.03,288.4,14.0,N,0
23.6118,92.2613,304.7,1.0,1.0,2025-03-24,2039,Aqua,MODIS,61,61.03,292.7,6.5,N,0
23.6248,92.2343,312.3,1.0,1.0,2025-03-24,2039,Aqua,MODIS,85,61.03,292.0,11.2,N,0
23.6262,92.2248,346.2,1.0,1.0,2025-03-24,2039,Aqua,MODIS,100,61.03,291.8,54.8,N,0
23.6265,92.2281,314.8,2.2,1.4,2025-03-25,306,Terra,MODIS,67,61.03,299.3,26.2,D,0
22.1657,92.607,313.3,1.9,1.4,2025-03-25,307,Terra,MODIS,60,61.03,300.6,17.5,D,0
22.5333,92.4686,320.5,2.0,1.4,2025-03-25,307,Terra,MODIS,75,61.03,300.0,32.4,D,0
21.5391,92.3592,316.3,3.6,1.8,2025-03-25,733,Aqua,MODIS,49,61.03,302.4,52.1,D,0
21.5487,92.3506,318.6,3.6,1.8,2025-03-25,733,Aqua,MODIS,61,61.03,303.5,61.9,D,0
21.807,92.525,314.7,3.5,1.8,2025-03-25,733,Aqua,MODIS,33,61.03,299.3,42.2,D,0
21.8095,92.5513,323.8,3.5,1.8,2025-03-25,733,Aqua,MODIS,73,61.03,300.1,96.8,D,0
21.8131,92.5553,321.3,3.5,1.8,2025-03-25,733,Aqua,MODIS,68,61.03,299.9,82.0,D,0
21.9497,92.5473,325.9,3.4,1.7,2025-03-25,733,Aqua,MODIS,76,61.03,299.6,115.6,D,0
21.9559,92.3644,337.0,3.6,1.8,2025-03-25,733,Aqua,MODIS,87,61.03,298.1,207.2,D,0
21.9603,92.3675,339.7,3.6,1.8,2025-03-25,733,Aqua,MODIS,89,61.03,298.4,234.9,D,0
22.0076,92.599,316.3,3.4,1.7,2025-03-25,733,Aqua,MODIS,48,61.03,300.2,50.5,D,0
22.1617,92.606,328.8,3.4,1.7,2025-03-25,733,Aqua,MODIS,37,61.03,299.0,110.0,D,0
22.2294,92.4846,327.4,3.4,1.7,2025-03-25,733,Aqua,MODIS,56,61.03,297.1,109.7,D,0
22.2317,92.4903,326.5,3.4,1.7,2025-03-25,733,Aqua,MODIS,65,61.03,297.2,107.4,D,0
22.2405,92.4562,325.9,3.4,1.7,2025-03-25,733,Aqua,MODIS,68,61.03,296.0,102.3,D,0
22.2443,92.4804,338.7,3.4,1.7,2025-03-25,733,Aqua,MODIS,88,61.03,297.3,203.2,D,0
22.2467,92.4861,338.5,3.4,1.7,2025-03-25,733,Aqua,MODIS,88,61.03,297.5,199.0,D,0
22.2558,92.4537,313.5,3.4,1.7,2025-03-25,733,Aqua,MODIS,12,61.03,295.7,34.0,D,0
22.259,92.4753,330.0,3.4,1.7,2025-03-25,733,Aqua,MODIS,64,61.03,296.8,124.0,D,0
22.2615,92.4815,319.4,3.4,1.7,2025-03-25,733,Aqua,MODIS,19,61.03,296.8,59.4,D,0
22.2682,92.5144,332.2,3.4,1.7,2025-03-25,733,Aqua,MODIS,79,61.03,299.2,141.4,D,0
22.2785,92.5677,332.7,3.4,1.7,2025-03-25,733,Aqua,MODIS,84,61.03,302.5,138.2,D,0
22.2804,92.5744,339.5,3.4,1.7,2025-03-25,733,Aqua,MODIS,89,61.03,303.3,203.2,D,0
22.2973,92.4319,325.5,3.4,1.7,2025-03-25,733,Aqua,MODIS,22,61.03,298.3,87.0,D,0
22.3041,92.4643,332.8,3.4,1.7,2025-03-25,733,Aqua,MODIS,66,61.03,299.3,140.7,D,0
22.3293,92.3569,316.1,3.5,1.8,2025-03-25,733,Aqua,MODIS,12,61.03,299.4,38.5,D,0
22.3325,92.3863,346.2,3.5,1.8,2025-03-25,733,Aqua,MODIS,93,61.03,300.8,285.1,D,0
22.336,92.389,345.4,3.5,1.8,2025-03-25,733,Aqua,MODIS,92,61.03,300.8,275.0,D,0
22.4321,92.4882,322.1,3.4,1.7,2025-03-25,733,Aqua,MODIS,71,61.03,299.1,73.5,D,0
22.4343,92.4952,332.6,3.4,1.7,2025-03-25,733,Aqua,MODIS,83,61.03,300.0,146.2,D,0
22.4383,92.5173,337.3,3.4,1.7,2025-03-25,733,Aqua,MODIS,87,61.03,301.1,181.0,D,0
22.4401,92.5237,326.2,3.4,1.7,2025-03-25,733,Aqua,MODIS,77,61.03,300.9,95.0,D,0
22.4573,92.454,314.6,3.4,1.7,2025-03-25,733,Aqua,MODIS,41,61.03,297.6,36.4,D,0
22.5116,92.4274,317.1,3.4,1.7,2025-03-25,734,Aqua,MODIS,48,61.03,298.3,46.3,D,0
22.5265,92.4235,340.5,3.4,1.7,2025-03-25,734,Aqua,MODIS,89,61.03,299.9,217.6,D,0
22.5295,92.4272,351.5,3.4,1.7,2025-03-25,734,Aqua,MODIS,96,61.03,300.6,340.6,D,0
22.5415,92.42,326.8,3.4,1.7,2025-03-25,734,Aqua,MODIS,66,61.03,299.8,97.3,D,0
22.5428,92.4922,324.9,3.4,1.7,2025-03-25,734,Aqua,MODIS,57,61.03,300.4,84.7,D,0
22.5553,92.4852,348.0,3.4,1.7,2025-03-25,734,Aqua,MODIS,94,61.03,302.5,288.4,D,0
22.5577,92.4884,347.7,3.4,1.7,2025-03-25,734,Aqua,MODIS,94,61.03,302.2,283.2,D,0
22.5612,92.5135,335.4,3.4,1.7,2025-03-25,734,Aqua,MODIS,86,61.03,301.2,161.4,D,0
22.5635,92.5169,323.1,3.4,1.7,2025-03-25,734,Aqua,MODIS,44,61.03,301.0,70.8,D,0
22.5784,92.4455,324.7,3.4,1.7,2025-03-25,734,Aqua,MODIS,76,61.03,301.9,89.7,D,0
22.6638,92.4817,320.0,3.4,1.7,2025-03-25,734,Aqua,MODIS,69,61.03,302.1,62.8,D,0
22.67,92.5112,317.4,3.3,1.7,2025-03-25,734,Aqua,MODIS,64,61.03,302.3,48.6,D,0
22.9135,91.9633,316.4,3.6,1.8,2025-03-25,734,Aqua,MODIS,64,61.03,300.9,43.5,D,0
23.046,92.0914,322.5,3.5,1.8,2025-03-25,734,Aqua,MODIS,75,61.03,300.8,75.0,D,0
23.0895,92.1464,332.4,3.5,1.8,2025-03-25,734,Aqua,MODIS,81,61.03,303.6,139.1,D,0
23.0913,92.0794,320.2,3.5,1.8,2025-03-25,734,Aqua,MODIS,44,61.03,300.6,56.1,D,0
23.0934,92.1724,329.0,3.4,1.7,2025-03-25,734,Aqua,MODIS,71,61.03,303.1,117.0,D,0
23.0962,92.1785,324.4,3.4,1.7,2025-03-25,734,Aqua,MODIS,67,61.03,303.1,88.8,D,0
23.1182,92.0658,317.8,3.5,1.8,2025-03-25,734,Aqua,MODIS,52,61.03,301.4,46.6,D,0
23.1463,91.9158,315.1,3.6,1.8,2025-03-25,734,Aqua,MODIS,65,61.03,301.5,36.2,D,0
23.1512,91.9188,315.2,3.6,1.8,2025-03-25,734,Aqua,MODIS,64,61.03,301.7,37.7,D,0
23.1566,92.021,313.4,3.5,1.8,2025-03-25,734,Aqua,MODIS,59,61.03,300.7,29.0,D,0
23.2101,92.2759,310.3,3.4,1.7,2025-03-25,734,Aqua,MODIS,28,61.03,288.2,18.0,D,0
23.2167,92.3076,355.4,3.4,1.7,2025-03-25,734,Aqua,MODIS,98,61.03,301.0,390.7,D,0
23.2234,92.3398,326.0,3.3,1.7,2025-03-25,734,Aqua,MODIS,78,61.03,296.6,93.7,D,0
23.225,92.2724,316.2,3.4,1.7,2025-03-25,734,Aqua,MODIS,31,61.03,296.9,48.2,D,0
23.2293,92.3001,400.1,3.4,1.7,2025-03-25,734,Aqua,MODIS,100,61.03,306.3,1428.0,D,0
23.2316,92.3041,399.0,3.4,1.7,2025-03-25,734,Aqua,MODIS,100,61.03,305.0,1394.6,D,0
23.2361,92.3316,370.9,3.3,1.7,2025-03-25,734,Aqua,MODIS,100,61.03,295.1,637.5,D,0
23.2382,92.3359,347.6,3.3,1.7,2025-03-25,734,Aqua,MODIS,94,61.03,294.5,286.0,D,0
23.2426,92.362,353.8,3.3,1.7,2025-03-25,734,Aqua,MODIS,97,61.03,300.7,354.5,D,0
23.2445,92.3661,371.6,3.3,1.7,2025-03-25,734,Aqua,MODIS,100,61.03,302.4,652.1,D,0
23.249,92.3919,407.1,3.3,1.7,2025-03-25,734,Aqua,MODIS,100,61.03,305.9,1644.2,D,0
23.2593,92.3624,313.2,3.3,1.7,2025-03-25,734,Aqua,MODIS,24,61.03,299.5,27.2,D,0
23.2853,91.977,314.4,3.5,1.8,2025-03-25,734,Aqua,MODIS,64,61.03,301.0,35.4,D,0
23.2892,91.9839,312.5,3.5,1.8,2025-03-25,734,Aqua,MODIS,58,61.03,300.9,24.4,D,0
23.3081,92.3771,333.1,3.3,1.7,2025-03-25,734,Aqua,MODIS,86,61.03,300.2,146.8,D,0
23.3102,92.3127,312.9,3.3,1.7,2025-03-25,734,Aqua,MODIS,53,61.03,292.7,35.4,D,0
23.3154,92.3371,327.7,3.3,1.7,2025-03-25,734,Aqua,MODIS,81,61.03,298.0,108.6,D,0
23.3166,92.3434,338.5,3.3,1.7,2025-03-25,734,Aqua,MODIS,89,61.03,298.7,198.0,D,0
23.3235,92.3022,353.5,3.3,1.7,2025-03-25,734,Aqua,MODIS,97,61.03,291.6,363.8,D,0
23.325,92.309,378.2,3.3,1.7,2025-03-25,734,Aqua,MODIS,100,61.03,295.4,802.7,D,0
23.33,92.3327,398.7,3.3,1.7,2025-03-25,734,Aqua,MODIS,100,61.03,301.9,1358.1,D,0
23.3313,92.3393,386.6,3.3,1.7,2025-03-25,734,Aqua,MODIS,100,61.03,301.1,999.5,D,0
23.3383,92.2985,328.3,3.3,1.7,2025-03-25,734,Aqua,MODIS,82,61.03,297.4,113.8,D,0
23.3398,92.3053,344.7,3.3,1.7,2025-03-25,734,Aqua,MODIS,93,61.03,298.7,257.7,D,0
23.3448,92.329,371.2,3.3,1.7,2025-03-25,734,Aqua,MODIS,100,61.03,302.3,645.6,D,0
23.3461,92.3357,363.6,3.3,1.7,2025-03-25,734,Aqua,MODIS,100,61.03,301.7,508.0,D,0
23.3661,91.8476,328.5,3.6,1.8,2025-03-25,734,Aqua,MODIS,82,61.03,302.0,122.7,D,0
23.368,92.2911,325.2,3.3,1.7,2025-03-25,734,Aqua,MODIS,79,61.03,299.7,85.8,D,0
23.3744,92.3215,335.5,3.3,1.7,2025-03-25,734,Aqua,MODIS,87,61.03,300.2,159.2,D,0
23.3815,91.8438,324.5,3.6,1.8,2025-03-25,734,Aqua,MODIS,79,61.03,302.0,99.7,D,0
23.398,92.2851,319.1,3.3,1.7,2025-03-25,734,Aqua,MODIS,43,61.03,300.2,51.5,D,0
23.4109,92.278,327.3,3.3,1.7,2025-03-25,734,Aqua,MODIS,80,61.03,301.2,99.5,D,0
23.4128,92.2813,326.3,3.3,1.7,2025-03-25,734,Aqua,MODIS,78,61.03,301.1,94.8,D,0
23.4313,92.0032,316.6,3.5,1.8,2025-03-25,734,Aqua,MODIS,68,61.03,301.4,50.7,D,0
23.4351,92.0292,329.1,3.5,1.8,2025-03-25,734,Aqua,MODIS,83,61.03,302.0,129.5,D,0
23.4365,92.1031,327.3,3.4,1.7,2025-03-25,734,Aqua,MODIS,81,61.03,299.3,119.6,D,0
23.4381,92.0355,327.4,3.5,1.8,2025-03-25,734,Aqua,MODIS,81,61.03,301.6,119.4,D,0
23.4565,92.1982,314.5,3.4,1.7,2025-03-25,734,Aqua,MODIS,55,61.03,299.1,41.2,D,0
23.4615,92.2956,422.6,3.3,1.7,2025-03-25,734,Aqua,MODIS,100,61.03,307.5,2338.5,D,0
23.4667,91.9541,321.1,3.5,1.8,2025-03-25,734,Aqua,MODIS,75,61.03,301.6,77.3,D,0
23.4677,92.3254,362.8,3.3,1.7,2025-03-25,734,Aqua,MODIS,100,61.03,300.9,492.4,D,0
23.4701,91.9603,317.5,3.5,1.8,2025-03-25,734,Aqua,MODIS,49,61.03,301.5,50.8,D,0
23.4763,92.2922,326.9,3.3,1.7,2025-03-25,734,Aqua,MODIS,81,61.03,301.2,107.5,D,0
23.5491,92.2668,315.6,3.3,1.7,2025-03-25,734,Aqua,MODIS,67,61.03,300.1,46.2,D,0
23.6772,92.2864,320.3,3.3,1.7,2025-03-25,734,Aqua,MODIS,73,61.03,300.7,65.2,D,0
23.0236,92.3227,310.2,3.0,1.6,2025-03-25,1539,Terra,MODIS,79,61.03,293.3,43.5,N,0
23.0254,92.3163,308.6,3.0,1.6,2025-03-25,1539,Terra,MODIS,75,61.03,293.3,40.3,N,0
23.3963,92.2542,307.0,3.0,1.6,2025-03-25,1539,Terra,MODIS,70,61.03,293.0,34.7,N,0
23.3986,92.2812,307.0,3.0,1.6,2025-03-25,1539,Terra,MODIS,70,61.03,293.6,35.2,N,0
23.4684,92.2127,306.3,3.0,1.6,2025-03-25,1539,Terra,MODIS,67,61.03,292.7,32.1,N,0
23.4093,92.3025,308.1,3.6,1.8,2025-03-25,2118,Aqua,MODIS,73,61.03,290.8,61.9,N,0
23.4138,92.299,313.2,3.6,1.8,2025-03-25,2118,Aqua,MODIS,87,61.03,291.1,83.3,N,0
23.4169,92.2671,326.7,3.6,1.8,2025-03-25,2118,Aqua,MODIS,100,61.03,291.5,169.5,N,0
23.4211,92.2641,323.3,3.6,1.8,2025-03-25,2118,Aqua,MODIS,100,61.03,291.2,142.1,N,0
22.5104,92.4145,313.1,1.3,1.2,2025-03-26,346,Terra,MODIS,63,61.03,299.8,9.0,D,0
22.8909,91.5969,318.1,1.2,1.1,2025-03-26,346,Terra,MODIS,72,61.03,302.7,12.6,D,0
23.1394,92.3467,316.8,1.3,1.1,2025-03-26,346,Terra,MODIS,70,61.03,302.4,12.9,D,0
23.4105,92.2661,319.3,1.3,1.1,2025-03-26,346,Terra,MODIS,74,61.03,301.2,16.0,D,0
23.5465,92.2481,343.5,1.3,1.1,2025-03-26,346,Terra,MODIS,92,61.03,301.0,63.6,D,0
23.5485,92.2363,347.0,1.3,1.1,2025-03-26,346,Terra,MODIS,94,61.03,301.6,72.9,D,0
23.6256,92.0262,315.0,1.2,1.1,2025-03-26,346,Terra,MODIS,68,61.03,298.9,12.4,D,0
23.6275,92.0144,310.2,1.2,1.1,2025-03-26,346,Terra,MODIS,56,61.03,299.0,7.3,D,0
23.9991,88.7333,318.5,1.0,1.0,2025-03-26,346,Terra,MODIS,67,61.03,304.0,8.3,D,0
24.7183,89.6521,315.1,1.0,1.0,2025-03-26,346,Terra,MODIS,0,61.03,304.9,8.3,D,0
24.797,89.6065,313.8,1.0,1.0,2025-03-26,346,Terra,MODIS,0,61.03,303.4,7.5,D,0
21.1656,92.0819,321.1,1.0,1.0,2025-03-26,812,Aqua,MODIS,67,61.03,305.8,10.3,D,0
21.2183,92.1823,315.0,1.0,1.0,2025-03-26,812,Aqua,MODIS,50,61.03,304.6,5.6,D,0
21.5919,92.2093,325.3,1.0,1.0,2025-03-26,812,Aqua,MODIS,77,61.03,304.2,15.4,D,0
21.6161,91.9459,325.3,1.0,1.0,2025-03-26,812,Aqua,MODIS,77,61.03,306.0,14.8,D,0
21.6175,91.9553,323.7,1.0,1.0,2025-03-26,812,Aqua,MODIS,74,61.03,305.3,13.1,D,0
21.6217,92.2906,317.1,1.0,1.0,2025-03-26,812,Aqua,MODIS,57,61.03,305.7,5.0,D,0
21.9537,92.5429,324.7,1.0,1.0,2025-03-26,812,Aqua,MODIS,76,61.03,303.4,14.5,D,0
21.955,92.5523,390.6,1.0,1.0,2025-03-26,812,Aqua,MODIS,100,61.03,310.8,194.7,D,0
21.9564,92.5617,336.7,1.0,1.0,2025-03-26,812,Aqua,MODIS,87,61.03,302.2,29.9,D,0
21.9625,92.5415,323.9,1.0,1.0,2025-03-26,812,Aqua,MODIS,75,61.03,304.2,13.4,D,0
21.9638,92.5508,381.8,1.0,1.0,2025-03-26,812,Aqua,MODIS,100,61.03,311.5,153.7,D,0
21.9651,92.5602,373.1,1.0,1.0,2025-03-26,812,Aqua,MODIS,100,61.03,307.0,119.1,D,0
21.9732,92.4913,322.1,1.0,1.0,2025-03-26,812,Aqua,MODIS,58,61.03,305.0,10.4,D,0
21.9806,92.4805,345.4,1.0,1.0,2025-03-26,812,Aqua,MODIS,92,61.03,307.6,42.2,D,0
21.982,92.4898,378.0,1.0,1.0,2025-03-26,812,Aqua,MODIS,100,61.03,308.2,135.6,D,0
21.9907,92.4884,320.2,1.0,1.0,2025-03-26,812,Aqua,MODIS,47,61.03,304.4,8.3,D,0
21.9921,92.4978,318.1,1.0,1.0,2025-03-26,812,Aqua,MODIS,30,61.03,303.8,6.8,D,0
22.1066,92.3219,321.4,1.0,1.0,2025-03-26,812,Aqua,MODIS,72,61.03,307.3,9.2,D,0
22.108,92.3313,323.7,1.0,1.0,2025-03-26,812,Aqua,MODIS,75,61.03,306.6,11.9,D,0
22.1444,92.3348,320.9,1.0,1.0,2025-03-26,812,Aqua,MODIS,71,61.03,308.1,8.4,D,0
22.1806,92.3231,326.5,1.0,1.0,2025-03-26,812,Aqua,MODIS,78,61.03,308.4,13.7,D,0
22.182,92.3325,320.1,1.0,1.0,2025-03-26,812,Aqua,MODIS,70,61.03,308.3,6.9,D,0
22.1866,92.3027,330.9,1.0,1.0,2025-03-26,812,Aqua,MODIS,82,61.03,308.4,18.9,D,0
22.2302,92.0862,315.8,1.0,1.0,2025-03-26,812,Aqua,MODIS,56,61.03,304.0,6.1,D,0
22.2535,92.4555,315.2,1.0,1.0,2025-03-26,812,Aqua,MODIS,44,61.03,301.2,4.9,D,0
22.2582,92.4258,327.7,1.0,1.0,2025-03-26,812,Aqua,MODIS,79,61.03,307.0,16.9,D,0
22.2624,92.5802,322.2,1.0,1.0,2025-03-26,812,Aqua,MODIS,72,61.03,303.2,12.9,D,0
22.2704,92.4266,343.1,1.0,1.0,2025-03-26,812,Aqua,MODIS,91,61.03,309.5,37.6,D,0
22.2718,92.4361,331.9,1.0,1.0,2025-03-26,812,Aqua,MODIS,62,61.03,305.5,19.9,D,0
22.2732,92.4457,327.2,1.0,1.0,2025-03-26,812,Aqua,MODIS,67,61.03,305.5,15.7,D,0
22.2779,92.4157,336.9,1.0,1.0,2025-03-26,812,Aqua,MODIS,84,61.03,306.4,27.1,D,0
22.2792,92.4251,344.6,1.0,1.0,2025-03-26,812,Aqua,MODIS,92,61.03,306.0,39.2,D,0
22.2806,92.4347,331.1,1.0,1.0,2025-03-26,812,Aqua,MODIS,53,61.03,306.2,18.1,D,0
22.2819,92.4442,326.4,1.0,1.0,2025-03-26,812,Aqua,MODIS,58,61.03,305.9,14.1,D,0
22.2894,92.4333,329.7,1.0,1.0,2025-03-26,812,Aqua,MODIS,78,61.03,306.7,15.5,D,0
22.2954,92.4128,321.7,1.0,1.0,2025-03-26,812,Aqua,MODIS,34,61.03,306.1,8.5,D,0
22.2968,92.4223,346.6,1.0,1.0,2025-03-26,812,Aqua,MODIS,93,61.03,309.1,43.6,D,0
22.2981,92.4318,338.5,1.0,1.0,2025-03-26,812,Aqua,MODIS,88,61.03,308.2,28.8,D,0
22.3069,92.4304,327.9,1.0,1.0,2025-03-26,812,Aqua,MODIS,59,61.03,307.2,14.5,D,0
22.3436,92.2349,329.0,1.0,1.0,2025-03-26,812,Aqua,MODIS,80,61.03,308.9,15.8,D,0
22.4403,92.4701,319.2,1.0,1.0,2025-03-26,812,Aqua,MODIS,67,61.03,306.1,7.7,D,0
22.4666,92.3815,333.2,1.0,1.0,2025-03-26,812,Aqua,MODIS,84,61.03,311.0,22.4,D,0
22.468,92.391,340.0,1.0,1.0,2025-03-26,812,Aqua,MODIS,89,61.03,309.0,32.8,D,0
22.4808,92.4179,318.9,1.0,1.0,2025-03-26,812,Aqua,MODIS,48,61.03,306.3,6.6,D,0
22.4822,92.4274,318.0,1.0,1.0,2025-03-26,812,Aqua,MODIS,36,61.03,306.5,6.0,D,0
22.4832,92.1852,318.6,1.0,1.0,2025-03-26,812,Aqua,MODIS,64,61.03,308.6,6.5,D,0
22.4837,91.7446,319.3,1.0,1.0,2025-03-26,812,Aqua,MODIS,37,61.03,308.3,6.1,D,0
22.4896,92.4165,322.7,1.0,1.0,2025-03-26,812,Aqua,MODIS,72,61.03,306.8,10.2,D,0
22.4909,92.4259,317.5,1.0,1.0,2025-03-26,812,Aqua,MODIS,45,61.03,305.2,5.2,D,0
22.5031,92.5112,320.6,1.0,1.0,2025-03-26,812,Aqua,MODIS,69,61.03,305.7,9.1,D,0
22.5045,92.5208,340.6,1.0,1.0,2025-03-26,812,Aqua,MODIS,89,61.03,306.0,35.5,D,0
22.5119,92.5098,327.7,1.0,1.0,2025-03-26,812,Aqua,MODIS,79,61.03,306.3,16.1,D,0
22.5133,92.5193,349.4,1.0,1.0,2025-03-26,812,Aqua,MODIS,94,61.03,307.2,51.6,D,0
22.5159,92.412,331.3,1.0,1.0,2025-03-26,812,Aqua,MODIS,82,61.03,308.1,20.8,D,0
22.5173,92.4215,320.2,1.0,1.0,2025-03-26,812,Aqua,MODIS,68,61.03,307.1,7.7,D,0
22.5776,92.3281,334.3,1.0,1.0,2025-03-26,812,Aqua,MODIS,85,61.03,309.4,23.8,D,0
22.579,92.3375,345.3,1.0,1.0,2025-03-26,812,Aqua,MODIS,92,61.03,308.4,42.4,D,0
22.6011,91.7274,319.6,1.0,1.0,2025-03-26,812,Aqua,MODIS,58,61.03,306.5,7.2,D,0
22.6236,92.398,317.3,1.0,1.0,2025-03-26,812,Aqua,MODIS,61,61.03,307.0,5.7,D,0
22.6284,92.4943,323.2,1.0,1.0,2025-03-26,812,Aqua,MODIS,73,61.03,306.8,10.4,D,0
22.6372,92.4929,343.4,1.0,1.0,2025-03-26,812,Aqua,MODIS,91,61.03,308.5,38.2,D,0
22.6398,91.9915,320.0,1.0,1.0,2025-03-26,812,Aqua,MODIS,67,61.03,307.5,7.7,D,0
22.6567,92.4829,324.3,1.0,1.0,2025-03-26,812,Aqua,MODIS,74,61.03,307.9,12.2,D,0
22.6581,92.4924,328.4,1.0,1.0,2025-03-26,812,Aqua,MODIS,79,61.03,307.4,17.3,D,0
22.6736,92.4119,332.0,1.0,1.0,2025-03-26,812,Aqua,MODIS,83,61.03,308.6,20.5,D,0
22.6749,92.4214,325.0,1.0,1.0,2025-03-26,812,Aqua,MODIS,75,61.03,308.2,11.4,D,0
22.6763,92.4309,348.0,1.0,1.0,2025-03-26,812,Aqua,MODIS,94,61.03,309.3,47.2,D,0
22.6795,92.2653,326.5,1.0,1.0,2025-03-26,812,Aqua,MODIS,40,61.03,309.0,13.1,D,0
22.6851,92.4294,323.9,1.0,1.0,2025-03-26,812,Aqua,MODIS,73,61.03,308.6,10.1,D,0
22.6885,92.5166,335.3,1.0,1.0,2025-03-26,812,Aqua,MODIS,85,61.03,307.7,26.0,D,0
22.6946,92.496,324.9,1.0,1.0,2025-03-26,812,Aqua,MODIS,75,61.03,307.0,13.6,D,0
22.6949,91.986,318.3,1.0,1.0,2025-03-26,812,Aqua,MODIS,62,61.03,307.5,6.7,D,0
22.7114,92.0993,318.8,1.0,1.0,2025-03-26,812,Aqua,MODIS,64,61.03,307.6,5.9,D,0
22.7435,91.6225,318.4,1.0,1.0,2025-03-26,812,Aqua,MODIS,41,61.03,306.4,6.1,D,0
22.7955,92.4344,321.2,1.0,1.0,2025-03-26,812,Aqua,MODIS,60,61.03,308.8,7.4,D,0
22.803,92.4235,328.0,1.0,1.0,2025-03-26,812,Aqua,MODIS,79,61.03,309.8,15.1,D,0
22.8043,92.433,340.0,1.0,1.0,2025-03-26,812,Aqua,MODIS,89,61.03,309.3,32.5,D,0
22.8445,91.9287,319.6,1.0,1.0,2025-03-26,812,Aqua,MODIS,64,61.03,307.7,6.1,D,0
22.8661,91.954,319.6,1.0,1.0,2025-03-26,812,Aqua,MODIS,57,61.03,308.4,6.0,D,0
22.9039,91.9669,323.6,1.0,1.0,2025-03-26,812,Aqua,MODIS,66,61.03,309.8,9.0,D,0
22.9397,91.7602,320.0,1.0,1.0,2025-03-26,812,Aqua,MODIS,59,61.03,307.0,6.6,D,0
22.9866,92.0817,319.9,1.0,1.0,2025-03-26,812,Aqua,MODIS,66,61.03,308.7,6.0,D,0
22.9879,92.0912,322.6,1.0,1.0,2025-03-26,812,Aqua,MODIS,72,61.03,309.7,8.4,D,0
23.0294,92.3174,337.4,1.0,1.0,2025-03-26,812,Aqua,MODIS,87,61.03,307.7,28.6,D,0
23.0368,92.3064,374.9,1.0,1.0,2025-03-26,812,Aqua,MODIS,100,61.03,312.3,123.2,D,0
23.0382,92.3159,407.8,1.0,1.0,2025-03-26,812,Aqua,MODIS,100,61.03,319.1,294.3,D,0
23.0396,92.3254,319.8,1.0,1.0,2025-03-26,812,Aqua,MODIS,17,61.03,306.0,6.4,D,0
23.0565,92.3812,359.0,1.0,1.0,2025-03-26,812,Aqua,MODIS,99,61.03,307.5,74.0,D,0
23.0579,92.3908,325.1,1.0,1.0,2025-03-26,812,Aqua,MODIS,75,61.03,304.8,12.6,D,0
23.0626,92.3607,356.8,1.0,1.0,2025-03-26,812,Aqua,MODIS,98,61.03,308.3,68.0,D,0
23.064,92.3702,374.8,1.0,1.0,2025-03-26,812,Aqua,MODIS,100,61.03,309.6,124.2,D,0
23.0105,91.8004,317.2,1.0,1.0,2025-03-26,813,Aqua,MODIS,38,61.03,306.3,4.4,D,0
23.0308,91.8163,330.1,1.0,1.0,2025-03-26,813,Aqua,MODIS,81,61.03,306.4,18.9,D,0
23.0804,92.2838,326.0,1.0,1.0,2025-03-26,813,Aqua,MODIS,76,61.03,308.6,13.7,D,0
23.0817,92.2933,326.5,1.0,1.0,2025-03-26,813,Aqua,MODIS,77,61.03,307.9,14.6,D,0
23.089,92.1558,347.5,1.0,1.0,2025-03-26,813,Aqua,MODIS,93,61.03,308.7,43.9,D,0
23.0917,92.1748,343.2,1.0,1.0,2025-03-26,813,Aqua,MODIS,91,61.03,309.8,35.9,D,0
23.0978,92.1543,326.1,1.0,1.0,2025-03-26,813,Aqua,MODIS,53,61.03,308.6,11.3,D,0
23.098,89.662,318.4,1.1,1.1,2025-03-26,813,Aqua,MODIS,60,61.03,306.6,9.0,D,0
23.0991,92.1638,328.2,1.0,1.0,2025-03-26,813,Aqua,MODIS,63,61.03,309.3,13.9,D,0
23.1131,89.7563,325.7,1.1,1.0,2025-03-26,813,Aqua,MODIS,76,61.03,309.5,14.8,D,0
23.1532,91.8952,337.7,1.0,1.0,2025-03-26,813,Aqua,MODIS,87,61.03,310.5,27.2,D,0
23.1546,91.9047,335.7,1.0,1.0,2025-03-26,813,Aqua,MODIS,86,61.03,307.9,24.4,D,0
23.2313,92.1247,320.7,1.0,1.0,2025-03-26,813,Aqua,MODIS,68,61.03,309.8,6.9,D,0
23.2512,91.999,356.6,1.0,1.0,2025-03-26,813,Aqua,MODIS,98,61.03,309.6,64.9,D,0
23.2525,92.0085,320.4,1.0,1.0,2025-03-26,813,Aqua,MODIS,66,61.03,308.8,5.2,D,0
23.259,92.2412,320.2,1.0,1.0,2025-03-26,813,Aqua,MODIS,66,61.03,306.2,9.4,D,0
23.2604,92.2507,315.3,1.0,1.0,2025-03-26,813,Aqua,MODIS,44,61.03,305.1,5.5,D,0
23.261,92.1921,332.7,1.0,1.0,2025-03-26,813,Aqua,MODIS,83,61.03,308.6,21.9,D,0
23.2989,92.3321,337.7,1.0,1.0,2025-03-26,813,Aqua,MODIS,87,61.03,310.1,29.1,D,0
23.3003,92.3416,342.6,1.0,1.0,2025-03-26,813,Aqua,MODIS,91,61.03,309.3,37.6,D,0
23.3077,92.3305,331.7,1.0,1.0,2025-03-26,813,Aqua,MODIS,82,61.03,310.4,19.6,D,0
23.3091,92.3401,337.8,1.0,1.0,2025-03-26,813,Aqua,MODIS,87,61.03,310.7,28.9,D,0
23.3304,91.8426,322.4,1.0,1.0,2025-03-26,813,Aqua,MODIS,72,61.03,307.4,8.5,D,0
23.3308,91.9689,318.8,1.0,1.0,2025-03-26,813,Aqua,MODIS,66,61.03,307.0,5.6,D,0
23.3322,91.9784,328.7,1.0,1.0,2025-03-26,813,Aqua,MODIS,80,61.03,307.2,16.5,D,0
23.3395,92.3644,348.4,1.0,1.0,2025-03-26,813,Aqua,MODIS,94,61.03,306.4,50.2,D,0
23.3409,92.374,316.4,1.0,1.0,2025-03-26,813,Aqua,MODIS,57,61.03,305.5,5.1,D,0
23.3412,92.1034,321.6,1.0,1.0,2025-03-26,813,Aqua,MODIS,71,61.03,307.3,9.8,D,0
23.3557,91.9549,319.7,1.0,1.0,2025-03-26,813,Aqua,MODIS,68,61.03,307.4,6.3,D,0
23.3571,92.3615,328.4,1.0,1.0,2025-03-26,813,Aqua,MODIS,79,61.03,307.5,16.6,D,0
23.3584,91.9739,346.4,1.0,1.0,2025-03-26,813,Aqua,MODIS,93,61.03,309.5,43.7,D,0
23.3585,92.371,335.7,1.0,1.0,2025-03-26,813,Aqua,MODIS,86,61.03,306.7,26.8,D,0
23.3598,91.9834,330.7,1.0,1.0,2025-03-26,813,Aqua,MODIS,82,61.03,308.3,18.8,D,0
23.3636,92.1971,321.7,1.0,1.0,2025-03-26,813,Aqua,MODIS,71,61.03,307.2,9.4,D,0
23.365,92.2067,322.4,1.0,1.0,2025-03-26,813,Aqua,MODIS,72,61.03,308.2,9.9,D,0
23.3665,92.3433,401.7,1.0,1.0,2025-03-26,813,Aqua,MODIS,100,61.03,315.7,256.8,D,0
23.3678,92.3529,355.7,1.0,1.0,2025-03-26,813,Aqua,MODIS,98,61.03,307.6,66.7,D,0
23.3907,91.9489,328.8,1.0,1.0,2025-03-26,813,Aqua,MODIS,80,61.03,309.2,15.5,D,0
23.3921,91.9583,330.9,1.0,1.0,2025-03-26,813,Aqua,MODIS,82,61.03,308.4,17.9,D,0
23.4083,92.2578,351.1,1.0,1.0,2025-03-26,813,Aqua,MODIS,95,61.03,308.2,53.4,D,0
23.4096,92.2673,325.2,1.0,1.0,2025-03-26,813,Aqua,MODIS,52,61.03,306.3,11.3,D,0
23.4108,91.9495,322.3,1.0,1.0,2025-03-26,813,Aqua,MODIS,72,61.03,308.0,9.1,D,0
23.417,92.2563,377.1,1.0,1.0,2025-03-26,813,Aqua,MODIS,100,61.03,309.0,131.8,D,0
23.4184,92.2658,326.0,1.0,1.0,2025-03-26,813,Aqua,MODIS,50,61.03,306.2,12.9,D,0
23.4198,92.2753,328.4,1.0,1.0,2025-03-26,813,Aqua,MODIS,73,61.03,303.5,17.6,D,0
23.4258,92.2548,340.3,1.0,1.0,2025-03-26,813,Aqua,MODIS,89,61.03,309.2,32.7,D,0
23.4272,92.2643,337.8,1.0,1.0,2025-03-26,813,Aqua,MODIS,76,61.03,306.1,27.8,D,0
23.43,92.0826,323.3,1.0,1.0,2025-03-26,813,Aqua,MODIS,74,61.03,306.4,12.4,D,0
23.4346,92.2533,339.0,1.0,1.0,2025-03-26,813,Aqua,MODIS,66,61.03,308.3,30.1,D,0
23.4359,92.2628,337.4,1.0,1.0,2025-03-26,813,Aqua,MODIS,59,61.03,306.9,26.8,D,0
23.4457,92.2556,336.3,1.0,1.0,2025-03-26,813,Aqua,MODIS,81,61.03,309.0,27.0,D,0
23.4471,92.2651,351.8,1.0,1.0,2025-03-26,813,Aqua,MODIS,96,61.03,307.1,56.1,D,0
23.4486,91.9624,319.7,1.0,1.0,2025-03-26,813,Aqua,MODIS,47,61.03,308.3,6.4,D,0
23.4545,92.2541,325.2,1.0,1.0,2025-03-26,813,Aqua,MODIS,76,61.03,306.1,13.7,D,0
23.4559,92.2636,323.1,1.0,1.0,2025-03-26,813,Aqua,MODIS,71,61.03,304.0,11.6,D,0
23.4613,92.3019,319.3,1.0,1.0,2025-03-26,813,Aqua,MODIS,61,61.03,302.3,9.6,D,0
23.4639,92.1939,321.7,1.0,1.0,2025-03-26,813,Aqua,MODIS,72,61.03,306.4,10.8,D,0
23.4653,92.2034,317.0,1.0,1.0,2025-03-26,813,Aqua,MODIS,58,61.03,306.4,6.5,D,0
23.5328,92.2146,331.1,1.0,1.0,2025-03-26,813,Aqua,MODIS,74,61.03,308.9,20.2,D,0
23.5416,92.2131,342.3,1.0,1.0,2025-03-26,813,Aqua,MODIS,91,61.03,308.3,38.1,D,0
23.5599,92.2786,315.2,1.0,1.0,2025-03-26,813,Aqua,MODIS,38,61.03,304.8,5.7,D,0
23.5923,92.2533,335.1,1.0,1.0,2025-03-26,813,Aqua,MODIS,86,61.03,305.5,28.1,D,0
23.6172,92.2391,320.5,1.0,1.0,2025-03-26,813,Aqua,MODIS,55,61.03,305.5,9.5,D,0
23.6233,92.0174,317.1,1.0,1.0,2025-03-26,813,Aqua,MODIS,62,61.03,303.6,7.8,D,0
23.6246,92.0269,316.6,1.0,1.0,2025-03-26,813,Aqua,MODIS,60,61.03,303.6,7.4,D,0
23.627,92.2319,317.0,1.0,1.0,2025-03-26,813,Aqua,MODIS,27,61.03,305.7,6.5,D,0
23.6459,92.2383,324.9,1.0,1.0,2025-03-26,813,Aqua,MODIS,76,61.03,305.5,14.9,D,0
23.6473,92.248,326.3,1.0,1.0,2025-03-26,813,Aqua,MODIS,77,61.03,304.9,16.6,D,0
23.6886,91.9508,322.6,1.0,1.0,2025-03-26,813,Aqua,MODIS,72,61.03,305.4,12.3,D,0
24.1389,91.6272,318.5,1.0,1.0,2025-03-26,813,Aqua,MODIS,64,61.03,305.2,7.4,D,0
23.4078,92.2726,324.7,1.7,1.3,2025-03-26,2019,Aqua,MODIS,100,61.03,293.8,47.9,N,0
23.4097,92.256,314.1,1.7,1.3,2025-03-26,2019,Aqua,MODIS,88,61.03,292.5,26.9,N,0
22.5409,92.4753,313.1,4.1,1.9,2025-03-27,851,Aqua,MODIS,39,61.03,295.9,30.5,D,0
22.5459,92.4706,313.9,4.1,1.9,2025-03-27,851,Aqua,MODIS,49,61.03,295.6,36.5,D,0
22.5741,92.4739,315.5,4.1,1.9,2025-03-27,851,Aqua,MODIS,58,61.03,298.0,47.2,D,0
22.579,92.4683,315.2,4.1,1.9,2025-03-27,851,Aqua,MODIS,56,61.03,298.1,45.3,D,0
22.5829,92.3167,314.9,4.0,1.9,2025-03-27,851,Aqua,MODIS,54,61.03,297.6,41.3,D,0
22.7652,92.4075,316.8,4.1,1.9,2025-03-27,851,Aqua,MODIS,53,61.03,298.4,52.3,D,0
23.0874,92.1607,313.6,3.9,1.8,2025-03-27,851,Aqua,MODIS,27,61.03,293.7,35.6,D,0
23.135,92.1434,317.7,3.9,1.8,2025-03-27,852,Aqua,MODIS,52,61.03,297.3,52.0,D,0
23.2882,92.2037,341.6,4.0,1.9,2025-03-27,852,Aqua,MODIS,90,61.03,296.0,291.1,D,0
23.2915,92.2413,336.5,4.0,1.9,2025-03-27,852,Aqua,MODIS,87,61.03,294.3,233.7,D,0
23.294,92.1985,347.8,4.0,1.9,2025-03-27,852,Aqua,MODIS,94,61.03,296.3,378.1,D,0
23.2971,92.2358,354.9,4.0,1.9,2025-03-27,852,Aqua,MODIS,97,61.03,294.9,498.7,D,0
23.4235,92.0653,313.7,3.9,1.8,2025-03-27,852,Aqua,MODIS,31,61.03,295.9,41.2,D,0
22.6247,92.3343,309.5,1.3,1.1,2025-03-27,1520,Terra,MODIS,77,61.03,295.1,10.8,N,0
22.625,92.3279,304.9,1.3,1.1,2025-03-27,1520,Terra,MODIS,43,61.03,294.7,6.1,N,0
22.6845,92.406,305.0,1.4,1.2,2025-03-27,1520,Terra,MODIS,62,61.03,294.8,6.7,N,0
23.1839,91.8908,305.3,1.3,1.1,2025-03-27,1520,Terra,MODIS,64,61.03,294.9,6.7,N,0
23.1938,91.8894,306.6,1.3,1.1,2025-03-27,1520,Terra,MODIS,69,61.03,294.8,8.0,N,0
23.3045,92.2251,322.2,1.3,1.1,2025-03-27,1520,Terra,MODIS,100,61.03,295.7,29.1,N,0
23.4662,92.3098,305.3,1.4,1.2,2025-03-27,1520,Terra,MODIS,64,61.03,293.7,8.9,N,0
22.0886,92.2752,313.3,1.0,1.0,2025-03-28,327,Terra,MODIS,61,61.03,300.9,4.6,D,0
22.3395,92.4614,312.7,1.0,1.0,2025-03-28,327,Terra,MODIS,59,61.03,300.8,4.8,D,0
22.4598,92.2582,314.0,1.0,1.0,2025-03-28,327,Terra,MODIS,62,61.03,299.7,6.5,D,0
22.9104,91.9952,315.4,1.1,1.0,2025-03-28,327,Terra,MODIS,66,61.03,299.3,6.9,D,0
23.2931,92.2319,323.6,1.0,1.0,2025-03-28,327,Terra,MODIS,78,61.03,297.7,17.5,D,0
23.2944,92.222,317.4,1.0,1.0,2025-03-28,327,Terra,MODIS,70,61.03,298.8,10.7,D,0
21.7985,92.2253,319.4,1.6,1.3,2025-03-28,752,Aqua,MODIS,67,61.03,303.0,17.0,D,0
22.1408,92.3795,327.4,1.6,1.2,2025-03-28,752,Aqua,MODIS,79,61.03,304.4,31.6,D,0
22.1418,92.5962,316.1,1.5,1.2,2025-03-28,752,Aqua,MODIS,44,61.03,303.0,9.3,D,0
22.1434,92.3943,339.8,1.6,1.2,2025-03-28,752,Aqua,MODIS,89,61.03,304.0,65.6,D,0
22.464,92.5039,356.8,1.5,1.2,2025-03-28,752,Aqua,MODIS,98,61.03,301.8,126.1,D,0
22.4664,92.5175,371.1,1.5,1.2,2025-03-28,752,Aqua,MODIS,100,61.03,305.4,203.1,D,0
22.5042,92.5191,318.2,1.5,1.2,2025-03-28,753,Aqua,MODIS,63,61.03,303.9,11.4,D,0
22.5935,92.4347,333.9,1.5,1.2,2025-03-28,753,Aqua,MODIS,84,61.03,302.3,46.3,D,0
22.6649,92.4656,316.8,1.5,1.2,2025-03-28,753,Aqua,MODIS,59,61.03,304.2,9.9,D,0
22.694,91.9774,320.6,1.6,1.3,2025-03-28,753,Aqua,MODIS,69,61.03,301.4,19.6,D,0
22.6953,91.9704,315.2,1.6,1.3,2025-03-28,753,Aqua,MODIS,56,61.03,301.0,10.6,D,0
22.698,91.9856,315.3,1.6,1.3,2025-03-28,753,Aqua,MODIS,56,61.03,301.5,10.3,D,0
22.7284,92.028,317.9,1.6,1.3,2025-03-28,753,Aqua,MODIS,64,61.03,302.9,13.9,D,0
22.7317,92.4454,324.2,1.5,1.2,2025-03-28,753,Aqua,MODIS,74,61.03,305.4,22.9,D,0
22.7341,92.4592,318.3,1.5,1.2,2025-03-28,753,Aqua,MODIS,64,61.03,303.9,12.2,D,0
22.7423,92.4431,327.2,1.5,1.2,2025-03-28,753,Aqua,MODIS,78,61.03,305.8,27.8,D,0
22.7447,92.4571,319.3,1.5,1.2,2025-03-28,753,Aqua,MODIS,40,61.03,304.7,12.7,D,0
22.8365,91.6007,328.3,1.7,1.3,2025-03-28,753,Aqua,MODIS,80,61.03,302.6,40.4,D,0
22.8448,91.582,315.5,1.7,1.3,2025-03-28,753,Aqua,MODIS,40,61.03,301.2,10.6,D,0
22.8477,91.5982,375.6,1.7,1.3,2025-03-28,753,Aqua,MODIS,100,61.03,303.1,285.7,D,0
22.8507,91.6142,316.4,1.7,1.3,2025-03-28,753,Aqua,MODIS,56,61.03,301.4,12.5,D,0
22.8682,91.9122,322.1,1.6,1.3,2025-03-28,753,Aqua,MODIS,72,61.03,302.6,18.3,D,0
22.9557,92.3202,346.0,1.5,1.2,2025-03-28,753,Aqua,MODIS,93,61.03,304.1,84.8,D,0
22.9584,92.3351,321.1,1.5,1.2,2025-03-28,753,Aqua,MODIS,70,61.03,300.6,18.2,D,0
22.9664,92.3181,351.7,1.5,1.2,2025-03-28,753,Aqua,MODIS,96,61.03,304.4,105.7,D,0
22.969,92.3331,374.8,1.5,1.2,2025-03-28,753,Aqua,MODIS,100,61.03,297.4,231.3,D,0
23.0293,92.3634,323.1,1.5,1.2,2025-03-28,753,Aqua,MODIS,74,61.03,303.6,21.4,D,0
23.0328,92.3575,322.9,1.5,1.2,2025-03-28,753,Aqua,MODIS,74,61.03,303.0,19.9,D,0
23.0366,92.0693,324.0,1.6,1.2,2025-03-28,753,Aqua,MODIS,63,61.03,302.4,22.6,D,0
23.0822,92.0529,317.6,1.6,1.2,2025-03-28,753,Aqua,MODIS,63,61.03,302.1,10.7,D,0
23.1335,92.0262,324.3,1.6,1.2,2025-03-28,753,Aqua,MODIS,76,61.03,303.4,23.6,D,0
23.1362,92.0415,331.2,1.6,1.2,2025-03-28,753,Aqua,MODIS,83,61.03,303.7,40.0,D,0
23.1443,92.0239,323.7,1.6,1.2,2025-03-28,753,Aqua,MODIS,75,61.03,303.5,22.1,D,0
23.147,92.0392,338.7,1.6,1.2,2025-03-28,753,Aqua,MODIS,89,61.03,303.6,62.0,D,0
23.1969,92.2365,318.6,1.5,1.2,2025-03-28,753,Aqua,MODIS,67,61.03,303.0,12.4,D,0
23.1973,91.9918,322.0,1.6,1.2,2025-03-28,753,Aqua,MODIS,73,61.03,302.5,17.3,D,0
23.2083,91.864,328.9,1.6,1.3,2025-03-28,753,Aqua,MODIS,81,61.03,303.0,35.5,D,0
23.211,91.8791,316.7,1.6,1.3,2025-03-28,753,Aqua,MODIS,63,61.03,302.9,9.2,D,0
23.2388,92.3473,325.5,1.5,1.2,2025-03-28,753,Aqua,MODIS,77,61.03,303.7,27.2,D,0
23.3361,92.2458,316.1,1.5,1.2,2025-03-28,753,Aqua,MODIS,42,61.03,302.3,10.6,D,0
23.3442,91.8387,321.7,1.6,1.3,2025-03-28,753,Aqua,MODIS,72,61.03,304.4,17.7,D,0
23.3578,91.8513,326.5,1.6,1.3,2025-03-28,753,Aqua,MODIS,77,61.03,303.5,26.6,D,0
23.4188,92.2529,363.5,1.5,1.2,2025-03-28,753,Aqua,MODIS,100,61.03,304.2,161.0,D,0
23.4215,92.2685,325.6,1.5,1.2,2025-03-28,753,Aqua,MODIS,78,61.03,302.6,26.3,D,0
23.4228,91.9634,337.2,1.6,1.2,2025-03-28,753,Aqua,MODIS,88,61.03,304.0,56.8,D,0
23.4255,91.9787,360.0,1.6,1.2,2025-03-28,753,Aqua,MODIS,99,61.03,304.4,150.7,D,0
23.4281,91.9715,355.5,1.6,1.2,2025-03-28,753,Aqua,MODIS,98,61.03,305.6,128.6,D,0
23.4308,91.9858,325.8,1.6,1.2,2025-03-28,753,Aqua,MODIS,78,61.03,301.5,28.3,D,0
23.4336,91.961,318.6,1.6,1.2,2025-03-28,753,Aqua,MODIS,67,61.03,302.6,12.6,D,0
23.4363,91.9763,325.4,1.6,1.2,2025-03-28,753,Aqua,MODIS,77,61.03,301.9,27.1,D,0
23.5098,92.3006,372.3,1.5,1.2,2025-03-28,753,Aqua,MODIS,100,61.03,306.9,212.0,D,0
23.5123,92.3145,370.6,1.5,1.2,2025-03-28,753,Aqua,MODIS,100,61.03,304.4,201.5,D,0
23.5277,91.9651,335.5,1.6,1.2,2025-03-28,753,Aqua,MODIS,86,61.03,301.9,51.3,D,0
23.5297,91.9597,324.2,1.6,1.2,2025-03-28,753,Aqua,MODIS,75,61.03,300.9,24.0,D,0
23.5302,91.9796,323.9,1.6,1.2,2025-03-28,753,Aqua,MODIS,61,61.03,302.3,22.4,D,0
23.5323,91.9739,335.3,1.6,1.2,2025-03-28,753,Aqua,MODIS,86,61.03,302.0,52.2,D,0
23.5413,92.2937,321.5,1.5,1.2,2025-03-28,753,Aqua,MODIS,29,61.03,302.2,20.2,D,0
23.5457,91.9863,336.7,1.6,1.2,2025-03-28,753,Aqua,MODIS,87,61.03,302.3,55.7,D,0
23.5484,92.0012,379.7,1.6,1.2,2025-03-28,753,Aqua,MODIS,100,61.03,302.0,279.6,D,0
23.5519,92.2916,323.1,1.5,1.2,2025-03-28,753,Aqua,MODIS,75,61.03,302.0,23.4,D,0
23.5646,91.9671,330.4,1.6,1.2,2025-03-28,753,Aqua,MODIS,82,61.03,302.4,40.6,D,0
23.632,92.0691,328.1,1.6,1.2,2025-03-28,753,Aqua,MODIS,80,61.03,300.4,35.4,D,0
23.6347,92.0839,332.4,1.5,1.2,2025-03-28,753,Aqua,MODIS,84,61.03,301.7,45.8,D,0
23.6366,92.0597,317.1,1.6,1.2,2025-03-28,753,Aqua,MODIS,39,61.03,298.3,13.3,D,0
23.6391,92.0743,359.8,1.6,1.2,2025-03-28,753,Aqua,MODIS,99,61.03,302.1,148.2,D,0
23.6427,92.0669,330.6,1.6,1.2,2025-03-28,753,Aqua,MODIS,82,61.03,299.5,41.5,D,0
23.6453,92.0814,321.5,1.5,1.2,2025-03-28,753,Aqua,MODIS,71,61.03,298.5,21.9,D,0
23.6564,92.2367,318.8,1.5,1.2,2025-03-28,753,Aqua,MODIS,67,61.03,300.9,16.5,D,0
23.661,92.2289,375.0,1.5,1.2,2025-03-28,753,Aqua,MODIS,100,61.03,304.2,229.2,D,0
23.6636,92.243,357.4,1.5,1.2,2025-03-28,753,Aqua,MODIS,98,61.03,301.5,129.3,D,0
23.6669,92.2343,399.1,1.5,1.2,2025-03-28,753,Aqua,MODIS,100,61.03,304.2,438.6,D,0
23.6829,91.9816,316.8,1.6,1.2,2025-03-28,753,Aqua,MODIS,61,61.03,302.0,13.1,D,0
23.2893,92.2119,305.1,4.4,1.9,2025-03-28,1421,Terra,MODIS,63,61.03,294.9,44.3,N,0
23.5133,92.3131,308.6,4.3,1.9,2025-03-28,1422,Terra,MODIS,75,61.03,294.4,57.7,N,0
23.5044,92.3032,316.0,3.0,1.6,2025-03-29,406,Terra,MODIS,66,61.03,296.1,43.8,D,0
23.5185,92.3069,314.2,3.0,1.6,2025-03-29,406,Terra,MODIS,38,61.03,296.5,36.3,D,0
24.1097,89.3668,316.1,1.8,1.3,2025-03-29,406,Terra,MODIS,49,61.03,305.5,10.7,D,0
24.81,88.5793,314.1,1.5,1.2,2025-03-29,406,Terra,MODIS,51,61.03,302.1,12.5,D,0
21.4024,92.5791,322.8,1.7,1.3,2025-03-29,831,Aqua,MODIS,53,61.03,304.0,21.2,D,0
21.4035,92.5896,388.5,1.7,1.3,2025-03-29,831,Aqua,MODIS,100,61.03,308.1,384.6,D,0
21.4043,92.5949,406.9,1.7,1.3,2025-03-29,831,Aqua,MODIS,100,61.03,309.6,610.6,D,0
21.4052,92.6049,377.1,1.7,1.3,2025-03-29,831,Aqua,MODIS,100,61.03,304.5,279.2,D,0
21.4061,92.6099,342.5,1.7,1.3,2025-03-29,831,Aqua,MODIS,89,61.03,302.8,79.1,D,0
21.4147,92.5881,319.7,1.7,1.3,2025-03-29,831,Aqua,MODIS,39,61.03,304.0,14.6,D,0
21.4577,92.287,320.0,1.6,1.2,2025-03-29,831,Aqua,MODIS,58,61.03,304.5,13.2,D,0
21.4875,92.3212,335.0,1.6,1.2,2025-03-29,831,Aqua,MODIS,84,61.03,305.0,48.8,D,0
21.4892,92.336,350.4,1.6,1.2,2025-03-29,831,Aqua,MODIS,95,61.03,303.8,105.5,D,0
21.4984,92.3194,369.7,1.6,1.2,2025-03-29,831,Aqua,MODIS,100,61.03,306.4,208.8,D,0
21.5002,92.3341,389.2,1.6,1.2,2025-03-29,831,Aqua,MODIS,100,61.03,306.3,369.7,D,0
21.5019,92.3488,322.3,1.6,1.3,2025-03-29,831,Aqua,MODIS,57,61.03,301.0,18.8,D,0
21.5346,92.5318,318.4,1.7,1.3,2025-03-29,831,Aqua,MODIS,42,61.03,302.7,11.8,D,0
21.5835,92.2713,322.9,1.6,1.2,2025-03-29,831,Aqua,MODIS,66,61.03,304.0,17.6,D,0
21.5851,92.2854,335.5,1.6,1.2,2025-03-29,831,Aqua,MODIS,84,61.03,303.7,49.7,D,0
21.6072,92.2833,325.3,1.6,1.2,2025-03-29,831,Aqua,MODIS,71,61.03,304.7,20.7,D,0
21.6106,92.4073,322.6,1.6,1.3,2025-03-29,831,Aqua,MODIS,65,61.03,303.7,16.8,D,0
21.7945,92.5107,330.7,1.7,1.3,2025-03-29,831,Aqua,MODIS,78,61.03,305.9,37.6,D,0
21.7963,92.5265,323.5,1.7,1.3,2025-03-29,831,Aqua,MODIS,63,61.03,304.3,20.9,D,0
21.8556,92.3376,330.9,1.6,1.3,2025-03-29,831,Aqua,MODIS,78,61.03,305.5,38.8,D,0
21.9355,92.5421,319.2,1.7,1.3,2025-03-29,831,Aqua,MODIS,31,61.03,303.2,14.4,D,0
21.9368,92.5477,328.6,1.7,1.3,2025-03-29,831,Aqua,MODIS,75,61.03,303.6,35.2,D,0
21.9373,92.5577,327.8,1.7,1.3,2025-03-29,831,Aqua,MODIS,74,61.03,303.1,35.9,D,0
21.9386,92.5629,328.3,1.7,1.3,2025-03-29,831,Aqua,MODIS,71,61.03,302.7,35.7,D,0
21.948,92.5461,319.9,1.7,1.3,2025-03-29,831,Aqua,MODIS,38,61.03,303.4,15.9,D,0
21.9485,92.556,339.9,1.7,1.3,2025-03-29,831,Aqua,MODIS,87,61.03,305.2,72.3,D,0
21.9498,92.5612,345.4,1.7,1.3,2025-03-29,831,Aqua,MODIS,91,61.03,304.6,94.3,D,0
21.9502,92.5715,332.7,1.7,1.3,2025-03-29,831,Aqua,MODIS,80,61.03,302.1,49.4,D,0
21.9749,92.4883,320.7,1.7,1.3,2025-03-29,831,Aqua,MODIS,49,61.03,304.3,14.8,D,0
22.0899,92.2954,324.7,1.6,1.3,2025-03-29,831,Aqua,MODIS,69,61.03,305.7,20.2,D,0
22.0917,92.3108,336.4,1.6,1.3,2025-03-29,831,Aqua,MODIS,84,61.03,304.6,51.9,D,0
22.0918,92.305,333.5,1.6,1.3,2025-03-29,831,Aqua,MODIS,82,61.03,305.3,42.7,D,0
22.1029,92.3099,335.9,1.6,1.3,2025-03-29,831,Aqua,MODIS,84,61.03,306.7,49.7,D,0
22.103,92.3041,327.4,1.6,1.3,2025-03-29,831,Aqua,MODIS,74,61.03,306.5,26.5,D,0
22.1047,92.3196,328.9,1.6,1.3,2025-03-29,831,Aqua,MODIS,76,61.03,305.8,31.0,D,0
22.1365,92.6026,342.3,1.7,1.3,2025-03-29,831,Aqua,MODIS,89,61.03,303.6,80.3,D,0
22.1386,92.6085,339.8,1.7,1.3,2025-03-29,831,Aqua,MODIS,87,61.03,303.3,70.2,D,0
22.1479,92.6013,332.2,1.7,1.3,2025-03-29,831,Aqua,MODIS,80,61.03,303.5,45.9,D,0
22.1592,92.6002,322.2,1.7,1.3,2025-03-29,831,Aqua,MODIS,48,61.03,303.8,21.9,D,0
22.1706,92.599,334.7,1.7,1.3,2025-03-29,831,Aqua,MODIS,83,61.03,304.2,56.2,D,0
22.1799,92.5803,325.7,1.7,1.3,2025-03-29,831,Aqua,MODIS,57,61.03,303.0,29.1,D,0
22.1822,92.4036,319.7,1.7,1.3,2025-03-29,831,Aqua,MODIS,54,61.03,305.1,11.8,D,0
22.1858,92.4345,339.7,1.7,1.3,2025-03-29,831,Aqua,MODIS,87,61.03,306.4,66.0,D,0
22.1969,92.4329,334.3,1.7,1.3,2025-03-29,831,Aqua,MODIS,82,61.03,306.1,47.3,D,0
22.1989,92.3542,327.8,1.7,1.3,2025-03-29,831,Aqua,MODIS,75,61.03,305.4,27.8,D,0
22.2008,92.3698,341.3,1.7,1.3,2025-03-29,831,Aqua,MODIS,89,61.03,305.2,69.0,D,0
22.2019,92.3627,344.3,1.7,1.3,2025-03-29,831,Aqua,MODIS,91,61.03,305.5,81.0,D,0
22.2037,92.3785,318.0,1.7,1.3,2025-03-29,831,Aqua,MODIS,46,61.03,303.2,7.9,D,0
22.2078,92.3148,346.5,1.6,1.3,2025-03-29,831,Aqua,MODIS,92,61.03,307.7,88.2,D,0
22.21,92.4471,329.8,1.7,1.3,2025-03-29,831,Aqua,MODIS,49,61.03,304.9,31.9,D,0
22.2118,92.4622,343.4,1.7,1.3,2025-03-29,831,Aqua,MODIS,90,61.03,306.0,79.2,D,0
22.2124,92.4559,338.6,1.7,1.3,2025-03-29,831,Aqua,MODIS,59,61.03,306.2,56.6,D,0
22.214,92.4703,331.5,1.7,1.3,2025-03-29,831,Aqua,MODIS,42,61.03,303.9,39.0,D,0
22.2313,92.4217,325.6,1.7,1.3,2025-03-29,831,Aqua,MODIS,45,61.03,306.4,22.8,D,0
22.2331,92.4375,335.2,1.7,1.3,2025-03-29,831,Aqua,MODIS,84,61.03,307.0,50.7,D,0
22.2495,92.5826,320.0,1.7,1.3,2025-03-29,831,Aqua,MODIS,23,61.03,304.0,16.8,D,0
22.2521,92.309,333.4,1.6,1.3,2025-03-29,831,Aqua,MODIS,82,61.03,307.6,41.3,D,0
22.2539,92.3243,322.7,1.6,1.3,2025-03-29,831,Aqua,MODIS,66,61.03,306.1,14.7,D,0
22.265,92.3228,333.9,1.6,1.3,2025-03-29,831,Aqua,MODIS,82,61.03,307.4,42.5,D,0
22.2723,92.3847,321.6,1.7,1.3,2025-03-29,831,Aqua,MODIS,63,61.03,304.4,17.0,D,0
22.2741,92.3995,320.7,1.7,1.3,2025-03-29,831,Aqua,MODIS,60,61.03,303.7,15.0,D,0
22.287,92.3141,329.6,1.6,1.3,2025-03-29,831,Aqua,MODIS,78,61.03,306.1,31.7,D,0
22.2872,92.3198,338.4,1.6,1.3,2025-03-29,831,Aqua,MODIS,86,61.03,306.5,57.4,D,0
22.2872,92.5111,324.4,1.7,1.3,2025-03-29,831,Aqua,MODIS,52,61.03,304.1,24.6,D,0
22.2888,92.3297,328.8,1.7,1.3,2025-03-29,831,Aqua,MODIS,77,61.03,306.2,30.0,D,0
22.2929,92.5604,319.3,1.7,1.3,2025-03-29,831,Aqua,MODIS,41,61.03,302.0,15.0,D,0
22.3023,92.5532,321.0,1.7,1.3,2025-03-29,831,Aqua,MODIS,28,61.03,301.8,16.4,D,0
22.314,92.4529,326.5,1.7,1.3,2025-03-29,831,Aqua,MODIS,47,61.03,306.0,22.6,D,0
22.3325,92.5152,326.8,1.7,1.3,2025-03-29,831,Aqua,MODIS,60,61.03,303.0,29.3,D,0
22.3382,92.5656,321.3,1.7,1.3,2025-03-29,831,Aqua,MODIS,63,61.03,302.0,19.4,D,0
22.3438,92.5137,323.3,1.7,1.3,2025-03-29,831,Aqua,MODIS,22,61.03,302.6,19.9,D,0
22.346,92.434,328.0,1.7,1.3,2025-03-29,831,Aqua,MODIS,74,61.03,305.9,26.1,D,0
22.3554,92.4169,338.7,1.7,1.3,2025-03-29,831,Aqua,MODIS,87,61.03,307.8,56.1,D,0
22.3573,92.4327,333.4,1.7,1.3,2025-03-29,831,Aqua,MODIS,82,61.03,306.7,40.8,D,0
22.3703,92.4465,340.9,1.7,1.3,2025-03-29,831,Aqua,MODIS,88,61.03,307.5,63.6,D,0
22.3722,92.5612,333.4,1.7,1.3,2025-03-29,831,Aqua,MODIS,82,61.03,304.1,50.2,D,0
22.3775,92.5086,353.6,1.7,1.3,2025-03-29,831,Aqua,MODIS,96,61.03,304.1,127.1,D,0
22.3794,92.3321,346.2,1.7,1.3,2025-03-29,831,Aqua,MODIS,92,61.03,306.8,89.0,D,0
22.3795,92.5256,328.2,1.7,1.3,2025-03-29,831,Aqua,MODIS,62,61.03,301.6,32.1,D,0
22.3806,92.3249,326.2,1.7,1.3,2025-03-29,831,Aqua,MODIS,73,61.03,305.6,25.2,D,0
22.3814,92.4447,335.4,1.7,1.3,2025-03-29,831,Aqua,MODIS,77,61.03,306.8,45.7,D,0
22.3815,92.349,333.7,1.7,1.3,2025-03-29,831,Aqua,MODIS,82,61.03,305.9,45.7,D,0
22.3819,92.4379,327.7,1.7,1.3,2025-03-29,831,Aqua,MODIS,36,61.03,307.3,23.6,D,0
22.3825,92.3416,348.5,1.7,1.3,2025-03-29,831,Aqua,MODIS,94,61.03,306.9,99.2,D,0
22.3835,92.5598,319.2,1.7,1.3,2025-03-29,831,Aqua,MODIS,27,61.03,302.9,14.0,D,0
22.3927,92.4435,332.6,1.7,1.3,2025-03-29,831,Aqua,MODIS,79,61.03,307.1,37.6,D,0
22.3949,92.4526,337.0,1.7,1.3,2025-03-29,831,Aqua,MODIS,85,61.03,306.1,50.9,D,0
22.4174,92.4499,333.5,1.7,1.3,2025-03-29,831,Aqua,MODIS,65,61.03,307.0,40.4,D,0
22.4237,92.2106,325.8,1.6,1.3,2025-03-29,831,Aqua,MODIS,73,61.03,305.4,23.6,D,0
22.4326,92.3836,345.6,1.7,1.3,2025-03-29,831,Aqua,MODIS,92,61.03,308.3,87.7,D,0
22.4343,92.3984,327.1,1.7,1.3,2025-03-29,831,Aqua,MODIS,75,61.03,305.8,25.5,D,0
22.438,92.4306,328.8,1.7,1.3,2025-03-29,831,Aqua,MODIS,59,61.03,305.1,27.1,D,0
22.4397,92.5456,328.8,1.7,1.3,2025-03-29,831,Aqua,MODIS,76,61.03,302.1,35.1,D,0
22.4399,92.4468,331.9,1.7,1.3,2025-03-29,831,Aqua,MODIS,68,61.03,305.5,37.0,D,0
22.4799,92.4028,338.6,1.7,1.3,2025-03-29,831,Aqua,MODIS,87,61.03,306.9,56.2,D,0
22.481,92.4087,341.0,1.7,1.3,2025-03-29,831,Aqua,MODIS,89,61.03,307.0,65.2,D,0
22.4818,92.4198,328.4,1.7,1.3,2025-03-29,831,Aqua,MODIS,40,61.03,305.6,24.0,D,0
22.483,92.5343,318.7,1.7,1.3,2025-03-29,831,Aqua,MODIS,47,61.03,303.1,12.9,D,0
22.5043,92.4169,325.1,1.7,1.3,2025-03-29,831,Aqua,MODIS,52,61.03,306.6,19.6,D,0
22.5438,92.1503,320.1,1.6,1.3,2025-03-29,831,Aqua,MODIS,57,61.03,305.2,12.9,D,0
22.5492,92.411,336.4,1.7,1.3,2025-03-29,831,Aqua,MODIS,85,61.03,306.1,54.1,D,0
22.551,92.4269,323.9,1.7,1.3,2025-03-29,831,Aqua,MODIS,69,61.03,305.0,18.2,D,0
22.5584,92.4899,320.9,1.7,1.3,2025-03-29,831,Aqua,MODIS,21,61.03,306.1,13.2,D,0
22.5772,92.4483,326.5,1.7,1.3,2025-03-29,831,Aqua,MODIS,63,61.03,307.1,23.4,D,0
22.579,92.4636,332.3,1.7,1.3,2025-03-29,831,Aqua,MODIS,81,61.03,307.0,39.6,D,0
22.579,92.4706,340.9,1.7,1.3,2025-03-29,831,Aqua,MODIS,89,61.03,307.4,66.4,D,0
22.5808,92.48,337.9,1.7,1.3,2025-03-29,831,Aqua,MODIS,86,61.03,306.0,60.5,D,0
22.5868,92.4314,327.0,1.7,1.3,2025-03-29,831,Aqua,MODIS,68,61.03,307.7,25.6,D,0
22.5885,92.4468,355.7,1.7,1.3,2025-03-29,831,Aqua,MODIS,97,61.03,309.5,133.5,D,0
22.5902,92.4622,363.3,1.7,1.3,2025-03-29,831,Aqua,MODIS,100,61.03,308.5,177.2,D,0
22.5998,92.4457,335.2,1.7,1.3,2025-03-29,831,Aqua,MODIS,71,61.03,308.0,45.1,D,0
22.6016,92.4614,347.6,1.7,1.3,2025-03-29,831,Aqua,MODIS,93,61.03,309.1,93.3,D,0
22.6034,92.4774,331.3,1.7,1.3,2025-03-29,831,Aqua,MODIS,52,61.03,307.2,37.5,D,0
22.6111,92.4441,327.9,1.7,1.3,2025-03-29,831,Aqua,MODIS,37,61.03,307.8,25.4,D,0
22.6128,92.4594,347.3,1.7,1.3,2025-03-29,831,Aqua,MODIS,93,61.03,308.1,93.2,D,0
22.6147,92.4757,337.4,1.7,1.3,2025-03-29,831,Aqua,MODIS,86,61.03,306.9,57.4,D,0
22.624,92.4571,348.2,1.7,1.3,2025-03-29,831,Aqua,MODIS,93,61.03,307.5,99.6,D,0
22.626,92.4742,342.6,1.7,1.3,2025-03-29,831,Aqua,MODIS,90,61.03,305.1,76.0,D,0
22.6298,92.508,319.7,1.7,1.3,2025-03-29,831,Aqua,MODIS,25,61.03,302.7,12.1,D,0
22.6317,92.5246,328.6,1.7,1.3,2025-03-29,831,Aqua,MODIS,77,61.03,302.7,34.5,D,0
22.6353,92.4561,322.4,1.7,1.3,2025-03-29,831,Aqua,MODIS,66,61.03,307.0,16.7,D,0
22.693,92.0775,319.1,1.6,1.2,2025-03-29,831,Aqua,MODIS,58,61.03,303.9,10.8,D,0
22.7197,91.9912,320.6,1.6,1.2,2025-03-29,831,Aqua,MODIS,64,61.03,302.7,16.4,D,0
22.7204,92.4084,331.2,1.7,1.3,2025-03-29,831,Aqua,MODIS,80,61.03,305.7,39.1,D,0
22.7214,92.0059,320.5,1.6,1.2,2025-03-29,831,Aqua,MODIS,64,61.03,302.5,15.4,D,0
22.7223,92.4244,320.1,1.7,1.3,2025-03-29,831,Aqua,MODIS,56,61.03,305.2,12.0,D,0
22.7393,92.3647,320.0,1.7,1.3,2025-03-29,831,Aqua,MODIS,53,61.03,304.9,13.9,D,0
22.7694,91.6365,319.2,1.5,1.2,2025-03-29,831,Aqua,MODIS,61,61.03,303.8,14.2,D,0
22.8162,92.4378,333.1,1.7,1.3,2025-03-29,831,Aqua,MODIS,82,61.03,306.4,46.5,D,0
22.8611,91.9509,328.8,1.6,1.2,2025-03-29,831,Aqua,MODIS,78,61.03,303.4,32.9,D,0
22.9366,91.9949,321.2,1.6,1.2,2025-03-29,832,Aqua,MODIS,30,61.03,304.1,12.9,D,0
22.9439,91.9629,322.1,1.6,1.2,2025-03-29,832,Aqua,MODIS,60,61.03,304.3,12.0,D,0
22.9473,92.0871,321.0,1.6,1.3,2025-03-29,832,Aqua,MODIS,62,61.03,304.0,13.3,D,0
22.9821,92.0977,325.1,1.6,1.3,2025-03-29,832,Aqua,MODIS,73,61.03,305.8,20.5,D,0
22.9825,92.0922,328.8,1.6,1.3,2025-03-29,832,Aqua,MODIS,78,61.03,305.6,28.8,D,0
22.9932,92.0961,330.6,1.6,1.3,2025-03-29,832,Aqua,MODIS,80,61.03,304.3,33.5,D,0
22.9935,92.0906,326.8,1.6,1.3,2025-03-29,832,Aqua,MODIS,76,61.03,304.6,23.9,D,0
22.9941,91.9975,321.5,1.6,1.2,2025-03-29,832,Aqua,MODIS,67,61.03,303.5,15.1,D,0
23.0259,91.7954,321.9,1.6,1.2,2025-03-29,832,Aqua,MODIS,68,61.03,304.4,16.2,D,0
23.0562,91.9575,322.4,1.6,1.2,2025-03-29,832,Aqua,MODIS,69,61.03,305.4,16.0,D,0
23.0589,91.9502,325.0,1.6,1.2,2025-03-29,832,Aqua,MODIS,74,61.03,305.6,20.4,D,0
23.0744,92.088,330.2,1.6,1.3,2025-03-29,832,Aqua,MODIS,80,61.03,306.3,32.0,D,0
23.0818,92.0782,353.2,1.6,1.3,2025-03-29,832,Aqua,MODIS,96,61.03,306.7,113.3,D,0
23.0836,92.0941,328.8,1.6,1.3,2025-03-29,832,Aqua,MODIS,78,61.03,304.5,28.3,D,0
23.0837,92.071,332.4,1.6,1.3,2025-03-29,832,Aqua,MODIS,82,61.03,306.2,36.0,D,0
23.0854,92.0867,339.6,1.6,1.3,2025-03-29,832,Aqua,MODIS,88,61.03,305.1,59.8,D,0
23.0893,92.1413,321.3,1.6,1.3,2025-03-29,832,Aqua,MODIS,57,61.03,302.9,13.9,D,0
23.1054,92.1639,329.5,1.7,1.3,2025-03-29,832,Aqua,MODIS,79,61.03,299.6,32.8,D,0
23.1071,92.1796,331.1,1.7,1.3,2025-03-29,832,Aqua,MODIS,81,61.03,303.0,39.0,D,0
23.124,92.1296,323.0,1.6,1.3,2025-03-29,832,Aqua,MODIS,70,61.03,304.0,19.8,D,0
23.1258,92.1453,319.9,1.6,1.3,2025-03-29,832,Aqua,MODIS,64,61.03,302.9,13.6,D,0
23.1336,91.9243,328.2,1.6,1.2,2025-03-29,832,Aqua,MODIS,78,61.03,304.9,26.3,D,0
23.1355,91.9397,322.6,1.6,1.2,2025-03-29,832,Aqua,MODIS,59,61.03,303.6,14.8,D,0
23.1371,92.0483,352.6,1.6,1.3,2025-03-29,832,Aqua,MODIS,96,61.03,306.0,113.6,D,0
23.1389,92.0638,325.1,1.6,1.3,2025-03-29,832,Aqua,MODIS,74,61.03,304.1,22.0,D,0
23.1446,91.9229,328.7,1.6,1.2,2025-03-29,832,Aqua,MODIS,78,61.03,305.8,26.9,D,0
23.1459,91.9174,325.9,1.6,1.2,2025-03-29,832,Aqua,MODIS,75,61.03,306.6,20.8,D,0
23.1569,92.3183,319.1,1.7,1.3,2025-03-29,832,Aqua,MODIS,58,61.03,304.6,14.2,D,0
23.1813,92.2338,321.3,1.7,1.3,2025-03-29,832,Aqua,MODIS,67,61.03,304.1,16.2,D,0
23.1822,92.2441,323.1,1.7,1.3,2025-03-29,832,Aqua,MODIS,62,61.03,304.1,18.5,D,0
23.2023,92.3228,330.8,1.7,1.3,2025-03-29,832,Aqua,MODIS,81,61.03,306.2,40.9,D,0
23.2038,92.328,332.9,1.7,1.3,2025-03-29,832,Aqua,MODIS,83,61.03,306.8,47.0,D,0
23.204,92.3385,321.6,1.7,1.3,2025-03-29,832,Aqua,MODIS,45,61.03,305.2,17.1,D,0
23.2044,91.8486,331.3,1.6,1.2,2025-03-29,832,Aqua,MODIS,81,61.03,307.9,33.2,D,0
23.2266,92.3357,325.9,1.7,1.3,2025-03-29,832,Aqua,MODIS,50,61.03,305.3,26.1,D,0
23.2361,92.3184,322.9,1.7,1.3,2025-03-29,832,Aqua,MODIS,67,61.03,303.9,21.5,D,0
23.2379,92.3342,333.0,1.7,1.3,2025-03-29,832,Aqua,MODIS,83,61.03,304.7,47.7,D,0
23.2416,92.3673,338.1,1.7,1.3,2025-03-29,832,Aqua,MODIS,87,61.03,304.3,66.1,D,0
23.2435,92.3837,339.7,1.7,1.3,2025-03-29,832,Aqua,MODIS,88,61.03,304.5,72.1,D,0
23.2649,91.9568,335.2,1.6,1.2,2025-03-29,832,Aqua,MODIS,85,61.03,305.9,46.4,D,0
23.2903,91.9836,339.0,1.6,1.3,2025-03-29,832,Aqua,MODIS,88,61.03,306.8,58.6,D,0
23.3082,92.1404,330.9,1.7,1.3,2025-03-29,832,Aqua,MODIS,81,61.03,303.7,38.2,D,0
23.3251,91.9947,325.1,1.6,1.3,2025-03-29,832,Aqua,MODIS,74,61.03,306.3,21.8,D,0
23.3267,92.1051,327.3,1.6,1.3,2025-03-29,832,Aqua,MODIS,77,61.03,304.2,29.8,D,0
23.3361,91.9931,350.9,1.6,1.3,2025-03-29,832,Aqua,MODIS,95,61.03,306.8,104.6,D,0
23.3366,91.987,329.1,1.6,1.3,2025-03-29,832,Aqua,MODIS,79,61.03,306.5,30.0,D,0
23.338,92.0093,325.4,1.6,1.3,2025-03-29,832,Aqua,MODIS,74,61.03,304.8,22.1,D,0
23.3384,92.0033,335.6,1.6,1.3,2025-03-29,832,Aqua,MODIS,85,61.03,305.6,48.9,D,0
23.3451,92.264,346.3,1.7,1.3,2025-03-29,832,Aqua,MODIS,92,61.03,305.0,94.1,D,0
23.3469,92.2801,343.8,1.7,1.3,2025-03-29,832,Aqua,MODIS,91,61.03,303.3,83.0,D,0
23.3563,92.2625,332.1,1.7,1.3,2025-03-29,832,Aqua,MODIS,82,61.03,304.1,41.5,D,0
23.3582,92.2787,369.1,1.7,1.3,2025-03-29,832,Aqua,MODIS,100,61.03,304.6,219.0,D,0
23.368,92.2717,328.8,1.7,1.3,2025-03-29,832,Aqua,MODIS,78,61.03,304.1,30.3,D,0
23.3695,92.2774,334.3,1.7,1.3,2025-03-29,832,Aqua,MODIS,84,61.03,303.9,45.1,D,0
23.3698,92.288,328.4,1.7,1.3,2025-03-29,832,Aqua,MODIS,72,61.03,302.9,29.3,D,0
23.3758,91.8431,335.2,1.6,1.2,2025-03-29,832,Aqua,MODIS,85,61.03,308.2,45.7,D,0
23.3793,92.2704,334.6,1.7,1.3,2025-03-29,832,Aqua,MODIS,84,61.03,304.8,48.0,D,0
23.3807,92.2759,335.0,1.7,1.3,2025-03-29,832,Aqua,MODIS,84,61.03,304.6,47.9,D,0
23.381,92.2859,323.5,1.7,1.3,2025-03-29,832,Aqua,MODIS,55,61.03,303.9,17.5,D,0
23.3959,92.3177,323.6,1.7,1.3,2025-03-29,832,Aqua,MODIS,47,61.03,304.1,20.3,D,0
23.4043,92.0897,323.8,1.6,1.3,2025-03-29,832,Aqua,MODIS,70,61.03,306.0,20.9,D,0
23.4072,92.3161,364.8,1.7,1.3,2025-03-29,832,Aqua,MODIS,100,61.03,305.8,191.3,D,0
23.4097,92.1369,321.2,1.7,1.3,2025-03-29,832,Aqua,MODIS,47,61.03,305.3,16.3,D,0
23.4136,92.0724,322.1,1.6,1.3,2025-03-29,832,Aqua,MODIS,67,61.03,304.9,17.8,D,0
23.4154,92.0882,328.2,1.6,1.3,2025-03-29,832,Aqua,MODIS,78,61.03,305.3,31.4,D,0
23.4191,92.1196,320.5,1.7,1.3,2025-03-29,832,Aqua,MODIS,32,61.03,305.2,15.0,D,0
23.4209,92.1353,324.1,1.7,1.3,2025-03-29,832,Aqua,MODIS,72,61.03,304.8,24.2,D,0
23.4211,91.9453,323.5,1.6,1.2,2025-03-29,832,Aqua,MODIS,71,61.03,306.0,18.7,D,0
23.4251,91.9535,327.5,1.6,1.3,2025-03-29,832,Aqua,MODIS,77,61.03,307.2,26.9,D,0
23.428,92.297,321.4,1.7,1.3,2025-03-29,832,Aqua,MODIS,39,61.03,305.4,15.2,D,0
23.4298,92.3133,323.3,1.7,1.3,2025-03-29,832,Aqua,MODIS,60,61.03,305.3,22.0,D,0
23.4506,91.9811,318.2,1.6,1.3,2025-03-29,832,Aqua,MODIS,48,61.03,305.0,9.7,D,0
23.4543,92.3268,347.6,1.7,1.3,2025-03-29,832,Aqua,MODIS,93,61.03,305.9,104.4,D,0
23.4599,92.1786,316.1,1.7,1.3,2025-03-29,832,Aqua,MODIS,32,61.03,302.6,9.7,D,0
23.4606,92.1716,319.1,1.7,1.3,2025-03-29,832,Aqua,MODIS,62,61.03,302.3,16.9,D,0
23.4637,92.3087,341.5,1.7,1.3,2025-03-29,832,Aqua,MODIS,89,61.03,306.6,79.2,D,0
23.4653,92.3184,352.3,1.7,1.3,2025-03-29,832,Aqua,MODIS,96,61.03,307.2,128.4,D,0
23.4657,92.3253,358.9,1.7,1.3,2025-03-29,832,Aqua,MODIS,99,61.03,305.8,163.4,D,0
23.5108,92.2133,370.4,1.7,1.3,2025-03-29,832,Aqua,MODIS,100,61.03,305.4,232.5,D,0
23.5282,91.9648,329.9,1.6,1.3,2025-03-29,832,Aqua,MODIS,54,61.03,307.8,29.9,D,0
23.5297,91.9867,331.0,1.6,1.3,2025-03-29,832,Aqua,MODIS,54,61.03,308.5,34.8,D,0
23.53,91.9809,327.1,1.6,1.3,2025-03-29,832,Aqua,MODIS,62,61.03,308.1,26.7,D,0
23.5392,91.9631,331.9,1.6,1.3,2025-03-29,832,Aqua,MODIS,39,61.03,308.5,33.6,D,0
23.541,91.9794,335.9,1.6,1.3,2025-03-29,832,Aqua,MODIS,77,61.03,308.2,48.5,D,0
23.5538,91.9934,335.7,1.6,1.3,2025-03-29,832,Aqua,MODIS,71,61.03,305.4,50.8,D,0
23.6178,92.257,316.2,1.7,1.3,2025-03-29,832,Aqua,MODIS,48,61.03,303.6,12.7,D,0
23.6202,91.9617,319.7,1.6,1.3,2025-03-29,832,Aqua,MODIS,43,61.03,305.8,15.9,D,0
23.6715,90.2428,327.4,1.3,1.1,2025-03-29,832,Aqua,MODIS,35,61.03,310.1,16.7,D,0
23.6731,90.2548,328.5,1.3,1.1,2025-03-29,832,Aqua,MODIS,55,61.03,309.6,17.5,D,0
23.7099,92.2544,345.8,1.7,1.3,2025-03-29,832,Aqua,MODIS,92,61.03,305.2,91.9,D,0
23.7212,92.2531,399.0,1.7,1.3,2025-03-29,832,Aqua,MODIS,100,61.03,309.9,517.1,D,0
23.791,89.9706,331.2,1.2,1.1,2025-03-29,832,Aqua,MODIS,58,61.03,313.0,20.2,D,0
23.8006,89.9691,328.7,1.2,1.1,2025-03-29,832,Aqua,MODIS,38,61.03,313.0,16.4,D,0
23.8021,89.9808,330.4,1.2,1.1,2025-03-29,832,Aqua,MODIS,55,61.03,310.6,19.7,D,0
23.9463,88.7659,322.5,1.1,1.0,2025-03-29,832,Aqua,MODIS,61,61.03,311.4,6.6,D,0
24.272,88.7953,324.7,1.1,1.0,2025-03-29,832,Aqua,MODIS,70,61.03,312.2,11.4,D,0
22.1521,92.6081,309.1,1.0,1.0,2025-03-29,1500,Terra,MODIS,76,61.03,296.9,7.1,N,0
22.3743,92.4822,306.3,1.0,1.0,2025-03-29,1500,Terra,MODIS,67,61.03,296.3,5.1,N,0
22.3907,92.4694,306.1,1.0,1.0,2025-03-29,1500,Terra,MODIS,61,61.03,296.1,4.8,N,0
22.7415,91.9045,322.7,1.1,1.0,2025-03-29,1501,Terra,MODIS,100,61.03,296.7,20.6,N,0
22.8731,92.4256,309.3,1.0,1.0,2025-03-29,1501,Terra,MODIS,76,61.03,297.4,7.2,N,0
23.2272,92.0023,308.7,1.0,1.0,2025-03-29,1501,Terra,MODIS,73,61.03,296.7,7.2,N,0
23.4226,92.1372,318.2,1.0,1.0,2025-03-29,1501,Terra,MODIS,96,61.03,296.8,15.2,N,0
22.1163,92.334,319.4,3.8,1.8,2025-03-30,733,Aqua,MODIS,60,61.03,300.6,56.5,D,0
22.1229,92.3366,331.2,3.8,1.8,2025-03-30,733,Aqua,MODIS,81,61.03,301.1,152.7,D,0
22.1318,92.3299,322.0,3.8,1.8,2025-03-30,733,Aqua,MODIS,67,61.03,301.3,74.7,D,0
22.3077,92.562,322.1,3.6,1.8,2025-03-30,733,Aqua,MODIS,67,61.03,302.7,71.1,D,0
22.3119,92.5683,322.7,3.6,1.8,2025-03-30,733,Aqua,MODIS,25,61.03,303.0,65.6,D,0
22.4303,92.4167,332.1,3.6,1.8,2025-03-30,733,Aqua,MODIS,81,61.03,297.1,152.9,D,0
22.4353,92.4232,336.9,3.6,1.8,2025-03-30,733,Aqua,MODIS,86,61.03,299.2,197.6,D,0
22.4372,92.4486,317.2,3.6,1.8,2025-03-30,733,Aqua,MODIS,44,61.03,300.2,43.7,D,0
22.6566,92.4535,318.7,3.6,1.8,2025-03-30,733,Aqua,MODIS,60,61.03,300.7,53.9,D,0
22.6608,92.4597,322.9,3.6,1.8,2025-03-30,733,Aqua,MODIS,69,61.03,300.5,76.3,D,0
23.1682,91.8523,317.6,3.8,1.8,2025-03-30,733,Aqua,MODIS,63,61.03,301.0,48.6,D,0
23.3639,92.2673,318.6,3.6,1.8,2025-03-30,733,Aqua,MODIS,46,61.03,299.6,45.3,D,0
23.4042,92.3186,318.2,3.5,1.8,2025-03-30,733,Aqua,MODIS,41,61.03,297.9,43.7,D,0
23.4153,92.3113,336.7,3.5,1.8,2025-03-30,733,Aqua,MODIS,87,61.03,298.6,185.0,D,0
23.4193,92.3146,346.4,3.5,1.8,2025-03-30,733,Aqua,MODIS,93,61.03,299.2,287.8,D,0
23.4223,92.3431,339.1,3.5,1.8,2025-03-30,733,Aqua,MODIS,89,61.03,300.2,211.6,D,0
23.4261,92.3466,333.1,3.5,1.8,2025-03-30,733,Aqua,MODIS,84,61.03,299.6,154.8,D,0
23.4389,92.2726,312.1,3.5,1.8,2025-03-30,733,Aqua,MODIS,12,61.03,299.0,20.6,D,0
23.4845,92.2615,313.9,3.5,1.8,2025-03-30,733,Aqua,MODIS,49,61.03,300.0,34.3,D,0
23.4876,92.0474,313.7,3.7,1.8,2025-03-30,733,Aqua,MODIS,51,61.03,300.5,37.3,D,0
23.5521,91.9872,320.8,3.7,1.8,2025-03-30,733,Aqua,MODIS,71,61.03,299.0,73.4,D,0
23.5539,92.0193,359.4,3.7,1.8,2025-03-30,733,Aqua,MODIS,99,61.03,300.2,510.0,D,0
23.5595,92.0219,366.6,3.7,1.8,2025-03-30,733,Aqua,MODIS,100,61.03,300.5,646.4,D,0
23.5692,92.015,331.9,3.7,1.8,2025-03-30,733,Aqua,MODIS,83,61.03,298.7,160.0,D,0
23.6131,92.2168,313.5,3.5,1.8,2025-03-30,733,Aqua,MODIS,48,61.03,300.6,33.9,D,0
23.6174,92.2203,321.3,3.5,1.8,2025-03-30,733,Aqua,MODIS,72,61.03,300.5,77.3,D,0
23.6206,92.2514,346.5,3.5,1.8,2025-03-30,733,Aqua,MODIS,93,61.03,300.5,301.6,D,0
23.6244,92.2539,344.4,3.5,1.8,2025-03-30,733,Aqua,MODIS,92,61.03,300.2,276.1,D,0
23.6435,92.2092,356.6,3.5,1.8,2025-03-30,733,Aqua,MODIS,98,61.03,301.9,439.5,D,0
23.6507,92.243,343.1,3.5,1.8,2025-03-30,733,Aqua,MODIS,91,61.03,299.7,257.3,D,0
23.6586,92.2052,317.0,3.5,1.8,2025-03-30,733,Aqua,MODIS,63,61.03,295.9,52.9,D,0
22.7513,92.0293,329.1,1.3,1.2,2025-03-31,347,Terra,MODIS,83,61.03,297.3,34.2,D,0
22.7535,92.0162,321.3,1.3,1.1,2025-03-31,347,Terra,MODIS,75,61.03,296.3,20.9,D,0
23.3614,92.3235,320.4,1.4,1.2,2025-03-31,347,Terra,MODIS,75,61.03,297.5,19.3,D,0
23.5214,91.9833,310.8,1.3,1.1,2025-03-31,347,Terra,MODIS,45,61.03,297.2,7.4,D,0
25.0697,89.6275,315.8,1.0,1.0,2025-03-31,347,Terra,MODIS,0,61.03,303.4,7.2,D,0
21.1643,92.0812,322.9,1.0,1.0,2025-03-31,811,Aqua,MODIS,53,61.03,305.7,10.7,D,0
21.1657,92.0906,328.0,1.0,1.0,2025-03-31,811,Aqua,MODIS,59,61.03,305.4,16.6,D,0
21.4063,92.5423,334.2,1.0,1.0,2025-03-31,811,Aqua,MODIS,84,61.03,305.2,26.7,D,0
21.4128,92.4493,338.9,1.0,1.0,2025-03-31,811,Aqua,MODIS,88,61.03,308.2,32.7,D,0
21.4141,92.4586,329.0,1.0,1.0,2025-03-31,811,Aqua,MODIS,79,61.03,306.8,18.2,D,0
21.4215,92.4478,348.4,1.0,1.0,2025-03-31,811,Aqua,MODIS,94,61.03,308.7,49.6,D,0
21.4229,92.4571,338.0,1.0,1.0,2025-03-31,811,Aqua,MODIS,87,61.03,306.6,30.4,D,0
21.4899,92.6088,316.6,1.0,1.0,2025-03-31,811,Aqua,MODIS,55,61.03,304.8,5.7,D,0
21.492,92.2948,325.3,1.0,1.0,2025-03-31,811,Aqua,MODIS,75,61.03,305.6,13.4,D,0
21.4957,92.3806,328.2,1.0,1.0,2025-03-31,811,Aqua,MODIS,78,61.03,305.9,17.6,D,0
21.5353,92.345,349.1,1.0,1.0,2025-03-31,811,Aqua,MODIS,94,61.03,307.3,50.4,D,0
21.5367,92.3544,331.5,1.0,1.0,2025-03-31,811,Aqua,MODIS,82,61.03,306.5,20.4,D,0
21.544,92.3435,327.1,1.0,1.0,2025-03-31,811,Aqua,MODIS,77,61.03,305.8,15.0,D,0
21.5652,92.4263,325.6,1.0,1.0,2025-03-31,811,Aqua,MODIS,75,61.03,305.2,12.2,D,0
21.8888,92.3561,335.3,1.0,1.0,2025-03-31,811,Aqua,MODIS,85,61.03,307.4,25.1,D,0
21.8902,92.3655,379.6,1.0,1.0,2025-03-31,811,Aqua,MODIS,100,61.03,309.5,140.3,D,0
21.8989,92.364,324.4,1.0,1.0,2025-03-31,811,Aqua,MODIS,73,61.03,307.4,11.2,D,0
22.0788,92.3305,321.0,1.0,1.0,2025-03-31,811,Aqua,MODIS,67,61.03,307.2,8.1,D,0
22.1174,92.2121,319.9,1.0,1.0,2025-03-31,811,Aqua,MODIS,65,61.03,305.4,6.9,D,0
22.1899,92.5852,322.8,1.0,1.0,2025-03-31,811,Aqua,MODIS,59,61.03,305.8,10.4,D,0
22.2224,92.2936,322.5,1.0,1.0,2025-03-31,811,Aqua,MODIS,70,61.03,306.9,8.1,D,0
22.2463,92.2123,328.7,1.0,1.0,2025-03-31,811,Aqua,MODIS,79,61.03,305.5,16.9,D,0
22.2657,92.1607,331.6,1.0,1.0,2025-03-31,811,Aqua,MODIS,82,61.03,305.9,19.9,D,0
22.2671,92.1701,335.6,1.0,1.0,2025-03-31,811,Aqua,MODIS,85,61.03,306.4,25.7,D,0
22.279,92.3128,324.3,1.0,1.0,2025-03-31,811,Aqua,MODIS,73,61.03,307.6,9.9,D,0
22.2889,92.1219,339.5,1.0,1.0,2025-03-31,811,Aqua,MODIS,88,61.03,309.1,32.1,D,0
22.2963,92.1109,371.3,1.0,1.0,2025-03-31,811,Aqua,MODIS,100,61.03,310.8,109.8,D,0
22.2977,92.1204,357.0,1.0,1.0,2025-03-31,811,Aqua,MODIS,98,61.03,306.9,67.5,D,0
22.3515,92.4876,320.0,1.0,1.0,2025-03-31,811,Aqua,MODIS,64,61.03,306.9,6.8,D,0
22.3572,92.3419,333.2,1.0,1.0,2025-03-31,811,Aqua,MODIS,83,61.03,306.7,22.0,D,0
22.3585,92.3513,327.8,1.0,1.0,2025-03-31,811,Aqua,MODIS,78,61.03,306.6,15.1,D,0
22.3621,92.4375,334.6,1.0,1.0,2025-03-31,811,Aqua,MODIS,84,61.03,307.8,22.1,D,0
22.3635,92.4469,364.7,1.0,1.0,2025-03-31,811,Aqua,MODIS,100,61.03,307.9,86.7,D,0
22.3709,92.436,322.2,1.0,1.0,2025-03-31,811,Aqua,MODIS,67,61.03,307.0,7.9,D,0
22.3723,92.4454,325.5,1.0,1.0,2025-03-31,811,Aqua,MODIS,75,61.03,305.9,11.6,D,0
22.3974,92.557,320.9,1.0,1.0,2025-03-31,811,Aqua,MODIS,66,61.03,305.0,8.2,D,0
22.4128,92.3933,329.5,1.0,1.0,2025-03-31,811,Aqua,MODIS,80,61.03,306.1,16.7,D,0
22.4142,92.4027,335.7,1.0,1.0,2025-03-31,811,Aqua,MODIS,85,61.03,307.0,24.9,D,0
22.4243,92.4106,342.5,1.0,1.0,2025-03-31,811,Aqua,MODIS,90,61.03,307.9,36.4,D,0
22.4257,92.42,345.6,1.0,1.0,2025-03-31,811,Aqua,MODIS,92,61.03,304.3,42.1,D,0
22.4319,92.5252,327.1,1.0,1.0,2025-03-31,811,Aqua,MODIS,77,61.03,305.7,15.2,D,0
22.4333,92.5346,331.6,1.0,1.0,2025-03-31,811,Aqua,MODIS,82,61.03,305.6,20.6,D,0
22.461,92.5396,321.4,1.0,1.0,2025-03-31,811,Aqua,MODIS,67,61.03,305.0,8.2,D,0
22.474,92.184,337.1,1.0,1.0,2025-03-31,811,Aqua,MODIS,87,61.03,305.8,27.3,D,0
22.4827,92.1825,324.8,1.0,1.0,2025-03-31,811,Aqua,MODIS,74,61.03,306.1,11.8,D,0
22.4943,92.3986,340.8,1.0,1.0,2025-03-31,811,Aqua,MODIS,89,61.03,306.4,33.3,D,0
22.4946,92.5242,329.3,1.0,1.0,2025-03-31,811,Aqua,MODIS,79,61.03,305.4,17.7,D,0
22.4957,92.4081,336.2,1.0,1.0,2025-03-31,811,Aqua,MODIS,86,61.03,304.7,26.1,D,0
22.496,92.5336,325.4,1.0,1.0,2025-03-31,811,Aqua,MODIS,74,61.03,304.6,12.2,D,0
22.5043,92.3913,320.7,1.0,1.0,2025-03-31,811,Aqua,MODIS,66,61.03,305.5,7.2,D,0
22.5057,92.4007,325.5,1.0,1.0,2025-03-31,811,Aqua,MODIS,75,61.03,305.4,12.4,D,0
22.5366,92.1828,325.0,1.0,1.0,2025-03-31,811,Aqua,MODIS,70,61.03,305.4,13.2,D,0
22.5587,92.3337,322.2,1.0,1.0,2025-03-31,811,Aqua,MODIS,69,61.03,303.0,8.5,D,0
22.5686,92.5253,320.6,1.0,1.0,2025-03-31,811,Aqua,MODIS,66,61.03,303.9,8.2,D,0
22.5738,92.4374,325.7,1.0,1.0,2025-03-31,811,Aqua,MODIS,75,61.03,306.2,12.8,D,0
22.5752,92.4468,320.6,1.0,1.0,2025-03-31,811,Aqua,MODIS,66,61.03,306.1,7.2,D,0
22.5812,92.4265,326.6,1.0,1.0,2025-03-31,811,Aqua,MODIS,76,61.03,305.8,13.0,D,0
22.5826,92.4359,333.1,1.0,1.0,2025-03-31,811,Aqua,MODIS,83,61.03,306.6,21.2,D,0
22.6134,92.3176,338.2,1.0,1.0,2025-03-31,812,Aqua,MODIS,87,61.03,307.6,28.5,D,0
22.6148,92.327,323.2,1.0,1.0,2025-03-31,812,Aqua,MODIS,71,61.03,306.6,9.1,D,0
22.6214,91.6898,325.7,1.0,1.0,2025-03-31,812,Aqua,MODIS,76,61.03,303.4,15.4,D,0
22.6368,92.478,339.1,1.0,1.0,2025-03-31,812,Aqua,MODIS,88,61.03,306.8,30.0,D,0
22.6381,92.4874,321.0,1.0,1.0,2025-03-31,812,Aqua,MODIS,61,61.03,305.1,7.0,D,0
22.6435,91.9583,319.8,1.0,1.0,2025-03-31,812,Aqua,MODIS,66,61.03,302.6,8.1,D,0
22.6449,91.9678,323.7,1.0,1.0,2025-03-31,812,Aqua,MODIS,73,61.03,301.0,12.4,D,0
22.6471,92.3022,326.8,1.0,1.0,2025-03-31,812,Aqua,MODIS,77,61.03,308.8,12.4,D,0
22.651,92.5143,326.1,1.0,1.0,2025-03-31,812,Aqua,MODIS,75,61.03,304.4,13.8,D,0
22.6584,92.5034,326.5,1.0,1.0,2025-03-31,812,Aqua,MODIS,76,61.03,305.1,13.5,D,0
22.6598,92.5128,328.1,1.0,1.0,2025-03-31,812,Aqua,MODIS,78,61.03,303.9,15.8,D,0
22.71,92.4115,324.9,1.0,1.0,2025-03-31,812,Aqua,MODIS,74,61.03,306.1,11.1,D,0
22.7113,92.421,358.1,1.0,1.0,2025-03-31,812,Aqua,MODIS,99,61.03,307.1,70.0,D,0
22.7384,92.4841,322.3,1.0,1.0,2025-03-31,812,Aqua,MODIS,69,61.03,305.3,10.1,D,0
22.7472,92.0306,315.7,1.0,1.0,2025-03-31,812,Aqua,MODIS,32,61.03,300.5,4.2,D,0
22.7482,92.3662,318.4,1.0,1.0,2025-03-31,812,Aqua,MODIS,60,61.03,306.0,5.7,D,0
22.7694,92.4498,319.8,1.0,1.0,2025-03-31,812,Aqua,MODIS,62,61.03,307.4,6.1,D,0
22.7706,91.6315,314.7,1.0,1.0,2025-03-31,812,Aqua,MODIS,41,61.03,301.3,4.9,D,0
22.8123,92.2905,320.6,1.0,1.0,2025-03-31,812,Aqua,MODIS,50,61.03,304.4,7.8,D,0
22.8219,92.3566,335.1,1.0,1.0,2025-03-31,812,Aqua,MODIS,85,61.03,306.9,25.1,D,0
22.8233,92.366,327.2,1.0,1.0,2025-03-31,812,Aqua,MODIS,73,61.03,305.8,14.9,D,0
22.8247,92.1915,321.7,1.0,1.0,2025-03-31,812,Aqua,MODIS,65,61.03,303.5,10.5,D,0
22.8286,92.0204,319.4,1.0,1.0,2025-03-31,812,Aqua,MODIS,60,61.03,304.8,7.1,D,0
22.8292,91.6015,411.8,1.0,1.0,2025-03-31,812,Aqua,MODIS,100,61.03,309.6,327.3,D,0
22.8307,91.611,358.1,1.0,1.0,2025-03-31,812,Aqua,MODIS,99,61.03,304.6,73.3,D,0
22.8349,91.9417,391.1,1.0,1.0,2025-03-31,812,Aqua,MODIS,100,61.03,309.2,193.3,D,0
22.8363,91.9511,371.8,1.0,1.0,2025-03-31,812,Aqua,MODIS,100,61.03,303.9,111.4,D,0
22.838,91.5999,351.3,1.0,1.0,2025-03-31,812,Aqua,MODIS,95,61.03,305.1,56.9,D,0
22.8394,91.6095,326.7,1.0,1.0,2025-03-31,812,Aqua,MODIS,77,61.03,300.6,15.8,D,0
22.8437,91.9401,321.4,1.0,1.0,2025-03-31,812,Aqua,MODIS,46,61.03,298.0,6.9,D,0
22.8612,91.937,324.4,1.0,1.0,2025-03-31,812,Aqua,MODIS,31,61.03,303.9,10.5,D,0
22.8674,92.285,319.4,1.0,1.0,2025-03-31,812,Aqua,MODIS,64,61.03,304.9,6.9,D,0
22.8688,92.2944,320.2,1.0,1.0,2025-03-31,812,Aqua,MODIS,66,61.03,304.3,7.9,D,0
22.8724,92.3811,318.2,1.0,1.0,2025-03-31,812,Aqua,MODIS,59,61.03,305.8,5.0,D,0
22.9344,91.9857,331.5,1.0,1.0,2025-03-31,812,Aqua,MODIS,82,61.03,303.4,19.9,D,0
22.9383,92.3406,368.1,1.0,1.0,2025-03-31,812,Aqua,MODIS,100,61.03,308.1,100.1,D,0
22.9397,92.3501,399.7,1.0,1.0,2025-03-31,812,Aqua,MODIS,100,61.03,309.6,241.3,D,0
22.9457,92.3297,340.8,1.0,1.0,2025-03-31,812,Aqua,MODIS,89,61.03,304.6,34.8,D,0
22.947,92.3391,374.0,1.0,1.0,2025-03-31,812,Aqua,MODIS,100,61.03,306.3,120.3,D,0
22.9484,92.3485,350.6,1.0,1.0,2025-03-31,812,Aqua,MODIS,95,61.03,304.0,53.3,D,0
22.9997,91.988,321.7,1.0,1.0,2025-03-31,812,Aqua,MODIS,28,61.03,305.3,7.5,D,0
23.0109,92.0637,322.1,1.0,1.0,2025-03-31,812,Aqua,MODIS,60,61.03,304.6,8.9,D,0
23.0116,91.9471,322.4,1.0,1.0,2025-03-31,812,Aqua,MODIS,60,61.03,301.4,9.0,D,0
23.0122,92.0731,323.7,1.0,1.0,2025-03-31,812,Aqua,MODIS,63,61.03,304.0,10.6,D,0
23.0336,92.3564,337.3,1.0,1.0,2025-03-31,812,Aqua,MODIS,87,61.03,304.3,27.6,D,0
23.0349,92.3659,321.0,1.0,1.0,2025-03-31,812,Aqua,MODIS,64,61.03,304.7,7.7,D,0
23.0772,92.3335,324.1,1.0,1.0,2025-03-31,812,Aqua,MODIS,44,61.03,306.1,10.4,D,0
23.0781,92.0325,316.8,1.0,1.0,2025-03-31,812,Aqua,MODIS,38,61.03,303.2,3.9,D,0
23.0786,92.343,325.1,1.0,1.0,2025-03-31,812,Aqua,MODIS,51,61.03,307.1,11.3,D,0
23.0836,92.0704,320.0,1.0,1.0,2025-03-31,812,Aqua,MODIS,48,61.03,303.0,5.7,D,0
23.0846,92.3225,332.8,1.0,1.0,2025-03-31,812,Aqua,MODIS,73,61.03,304.1,19.8,D,0
23.0859,92.332,347.0,1.0,1.0,2025-03-31,812,Aqua,MODIS,93,61.03,305.1,43.8,D,0
23.0947,92.3305,323.9,1.0,1.0,2025-03-31,812,Aqua,MODIS,35,61.03,304.7,10.4,D,0
23.1379,92.297,379.8,1.0,1.0,2025-03-31,812,Aqua,MODIS,100,61.03,309.4,143.1,D,0
23.1393,92.3065,363.5,1.0,1.0,2025-03-31,812,Aqua,MODIS,100,61.03,305.7,86.0,D,0
23.1775,92.0766,319.1,1.0,1.0,2025-03-31,812,Aqua,MODIS,66,61.03,304.5,6.2,D,0
23.1977,91.8339,324.6,1.0,1.0,2025-03-31,812,Aqua,MODIS,75,61.03,305.6,12.0,D,0
23.1983,92.2186,340.2,1.0,1.0,2025-03-31,812,Aqua,MODIS,89,61.03,303.2,34.1,D,0
23.1991,91.8434,320.3,1.0,1.0,2025-03-31,812,Aqua,MODIS,68,61.03,303.9,7.7,D,0
23.1997,92.2281,323.7,1.0,1.0,2025-03-31,812,Aqua,MODIS,73,61.03,303.6,11.0,D,0
23.2806,92.0918,318.1,1.0,1.0,2025-03-31,812,Aqua,MODIS,59,61.03,302.1,4.4,D,0
23.282,92.1012,338.7,1.0,1.0,2025-03-31,812,Aqua,MODIS,88,61.03,305.4,29.8,D,0
23.2836,91.968,357.0,1.0,1.0,2025-03-31,812,Aqua,MODIS,98,61.03,304.0,68.6,D,0
23.3274,91.9603,317.2,1.0,1.0,2025-03-31,812,Aqua,MODIS,43,61.03,300.5,5.4,D,0
23.3307,92.1056,320.6,1.0,1.0,2025-03-31,812,Aqua,MODIS,69,61.03,303.9,8.5,D,0
23.365,91.9578,327.4,1.0,1.0,2025-03-31,812,Aqua,MODIS,67,61.03,304.6,14.2,D,0
23.3726,92.3317,345.9,1.0,1.0,2025-03-31,812,Aqua,MODIS,93,61.03,309.7,39.5,D,0
23.374,92.3412,427.7,1.0,1.0,2025-03-31,812,Aqua,MODIS,100,61.03,320.4,449.2,D,0
23.3754,92.3507,388.2,1.0,1.0,2025-03-31,812,Aqua,MODIS,100,61.03,309.2,175.8,D,0
23.3811,91.9452,325.7,1.0,1.0,2025-03-31,812,Aqua,MODIS,66,61.03,305.3,11.4,D,0
23.3814,92.3302,437.6,1.0,1.0,2025-03-31,812,Aqua,MODIS,100,61.03,326.9,551.0,D,0
23.3817,92.0716,318.9,1.0,1.0,2025-03-31,812,Aqua,MODIS,46,61.03,304.3,5.8,D,0
23.3827,92.3397,451.5,1.0,1.0,2025-03-31,812,Aqua,MODIS,100,61.03,326.5,718.0,D,0
23.3839,91.9642,333.6,1.0,1.0,2025-03-31,812,Aqua,MODIS,84,61.03,306.3,21.2,D,0
23.3841,92.3492,348.9,1.0,1.0,2025-03-31,812,Aqua,MODIS,89,61.03,299.6,46.4,D,0
23.3853,91.9737,337.8,1.0,1.0,2025-03-31,812,Aqua,MODIS,88,61.03,304.3,28.2,D,0
23.3901,92.3287,349.7,1.0,1.0,2025-03-31,812,Aqua,MODIS,95,61.03,304.5,50.2,D,0
23.3915,92.3382,359.8,1.0,1.0,2025-03-31,812,Aqua,MODIS,99,61.03,303.1,73.9,D,0
23.3966,92.2497,323.5,1.0,1.0,2025-03-31,812,Aqua,MODIS,67,61.03,307.2,11.2,D,0
23.3986,91.9421,327.5,1.0,1.0,2025-03-31,812,Aqua,MODIS,79,61.03,305.2,14.0,D,0
23.402,92.0875,320.7,1.0,1.0,2025-03-31,812,Aqua,MODIS,70,61.03,305.9,8.3,D,0
23.4102,91.9596,320.0,1.0,1.0,2025-03-31,812,Aqua,MODIS,55,61.03,304.4,6.4,D,0
23.4162,92.3088,331.1,1.0,1.0,2025-03-31,812,Aqua,MODIS,82,61.03,303.7,19.8,D,0
23.419,92.3278,320.2,1.0,1.0,2025-03-31,812,Aqua,MODIS,53,61.03,305.6,8.0,D,0
23.4203,92.3373,335.0,1.0,1.0,2025-03-31,812,Aqua,MODIS,85,61.03,305.8,26.0,D,0
23.437,92.0814,321.4,1.0,1.0,2025-03-31,812,Aqua,MODIS,70,61.03,304.2,10.0,D,0
23.4374,92.0229,342.8,1.0,1.0,2025-03-31,812,Aqua,MODIS,91,61.03,303.8,38.8,D,0
23.4384,92.0909,334.8,1.0,1.0,2025-03-31,812,Aqua,MODIS,85,61.03,304.3,26.5,D,0
23.4388,92.0324,366.2,1.0,1.0,2025-03-31,812,Aqua,MODIS,100,61.03,306.0,94.5,D,0
23.4471,92.0894,334.8,1.0,1.0,2025-03-31,812,Aqua,MODIS,85,61.03,304.1,27.0,D,0
23.4476,92.0309,367.4,1.0,1.0,2025-03-31,812,Aqua,MODIS,100,61.03,307.6,98.0,D,0
23.4563,92.0294,364.3,1.0,1.0,2025-03-31,812,Aqua,MODIS,100,61.03,308.4,88.0,D,0
23.4577,92.0389,337.4,1.0,1.0,2025-03-31,812,Aqua,MODIS,87,61.03,303.8,29.3,D,0
23.461,92.1843,323.2,1.0,1.0,2025-03-31,812,Aqua,MODIS,46,61.03,303.0,12.2,D,0
23.4687,92.0303,366.2,1.0,1.0,2025-03-31,812,Aqua,MODIS,100,61.03,308.7,93.9,D,0
23.4705,91.9814,326.2,1.0,1.0,2025-03-31,812,Aqua,MODIS,77,61.03,303.0,14.4,D,0
23.472,92.2602,340.1,1.0,1.0,2025-03-31,812,Aqua,MODIS,89,61.03,304.8,34.5,D,0
23.4756,92.0778,319.1,1.0,1.0,2025-03-31,812,Aqua,MODIS,37,61.03,300.5,9.4,D,0
23.4977,92.0447,337.6,1.0,1.0,2025-03-31,812,Aqua,MODIS,88,61.03,304.5,31.8,D,0
23.4991,92.0542,339.2,1.0,1.0,2025-03-31,812,Aqua,MODIS,89,61.03,303.5,34.4,D,0
23.5083,91.9942,321.4,1.0,1.0,2025-03-31,812,Aqua,MODIS,58,61.03,303.6,10.0,D,0
23.5088,92.3057,322.3,1.0,1.0,2025-03-31,812,Aqua,MODIS,68,61.03,298.8,11.8,D,0
23.517,91.9927,342.6,1.0,1.0,2025-03-31,812,Aqua,MODIS,91,61.03,304.8,38.6,D,0
23.5244,91.9816,329.8,1.0,1.0,2025-03-31,812,Aqua,MODIS,81,61.03,303.0,17.7,D,0
23.5258,91.9911,340.0,1.0,1.0,2025-03-31,812,Aqua,MODIS,89,61.03,306.0,33.2,D,0
23.5575,92.0092,317.9,1.0,1.0,2025-03-31,812,Aqua,MODIS,31,61.03,303.0,7.2,D,0
23.5694,91.9681,337.1,1.0,1.0,2025-03-31,812,Aqua,MODIS,87,61.03,305.9,29.1,D,0
23.5708,91.9776,332.5,1.0,1.0,2025-03-31,812,Aqua,MODIS,84,61.03,304.1,22.6,D,0
23.5768,91.9571,318.1,1.0,1.0,2025-03-31,812,Aqua,MODIS,38,61.03,304.0,5.9,D,0
23.5781,91.9666,354.9,1.0,1.0,2025-03-31,812,Aqua,MODIS,97,61.03,307.9,64.3,D,0
23.5795,91.9761,336.0,1.0,1.0,2025-03-31,812,Aqua,MODIS,86,61.03,304.7,28.3,D,0
23.5975,92.2848,330.0,1.0,1.0,2025-03-31,812,Aqua,MODIS,81,61.03,302.9,20.6,D,0
23.6459,92.0619,370.2,1.0,1.0,2025-03-31,812,Aqua,MODIS,100,61.03,302.9,107.1,D,0
23.6473,92.0714,325.8,1.0,1.0,2025-03-31,812,Aqua,MODIS,70,61.03,299.0,14.0,D,0
23.6487,92.0809,320.9,1.0,1.0,2025-03-31,812,Aqua,MODIS,25,61.03,301.4,8.8,D,0
23.6611,92.0819,407.9,1.0,1.0,2025-03-31,812,Aqua,MODIS,87,61.03,303.9,293.1,D,0
23.6698,92.0804,342.0,1.0,1.0,2025-03-31,812,Aqua,MODIS,79,61.03,297.5,36.1,D,0
23.7149,92.2674,343.9,1.0,1.0,2025-03-31,812,Aqua,MODIS,91,61.03,303.6,42.1,D,0
24.3357,90.1346,318.3,1.1,1.0,2025-03-31,812,Aqua,MODIS,65,61.03,303.2,8.8,D,0
23.3494,92.2418,306.3,1.8,1.3,2025-03-31,1442,Terra,MODIS,66,61.03,296.0,13.1,N,0
23.5176,92.2117,311.8,1.8,1.3,2025-03-31,1442,Terra,MODIS,83,61.03,295.5,21.8,N,0
24.4411,88.2834,316.7,3.4,1.7,2025-04-01,426,Terra,MODIS,41,61.03,305.8,46.7,D,0
21.5888,92.2649,315.8,3.6,1.8,2025-04-01,850,Aqua,MODIS,61,61.03,300.4,32.0,D,0
21.592,92.2993,335.1,3.6,1.8,2025-04-01,850,Aqua,MODIS,87,61.03,301.2,172.6,D,0
22.0699,92.4887,321.3,3.8,1.8,2025-04-01,850,Aqua,MODIS,71,61.03,301.0,69.6,D,0
22.0785,92.493,319.3,3.8,1.8,2025-04-01,850,Aqua,MODIS,63,61.03,301.0,56.2,D,0
22.0921,92.5607,319.6,3.9,1.8,2025-04-01,850,Aqua,MODIS,24,61.03,301.6,53.7,D,0
22.1004,92.2809,324.4,3.7,1.8,2025-04-01,850,Aqua,MODIS,76,61.03,301.3,84.8,D,0
22.1076,92.2856,327.4,3.7,1.8,2025-04-01,850,Aqua,MODIS,79,61.03,301.1,103.5,D,0
22.1504,92.4842,318.2,3.8,1.8,2025-04-01,850,Aqua,MODIS,66,61.03,301.4,58.6,D,0
22.1542,92.3457,320.5,3.7,1.8,2025-04-01,850,Aqua,MODIS,70,61.03,301.2,56.2,D,0
22.1648,92.3375,321.9,3.7,1.8,2025-04-01,850,Aqua,MODIS,73,61.03,301.5,65.2,D,0
22.1678,92.3725,324.2,3.8,1.8,2025-04-01,850,Aqua,MODIS,76,61.03,301.4,81.8,D,0
22.1701,92.3446,318.1,3.7,1.8,2025-04-01,850,Aqua,MODIS,51,61.03,301.6,40.3,D,0
22.1794,92.4459,325.4,3.8,1.8,2025-04-01,850,Aqua,MODIS,77,61.03,302.6,94.6,D,0
22.1824,92.4788,360.8,3.8,1.8,2025-04-01,850,Aqua,MODIS,100,61.03,303.1,559.3,D,0
22.1895,92.4384,325.4,3.8,1.8,2025-04-01,850,Aqua,MODIS,68,61.03,303.0,87.3,D,0
22.1922,92.4706,370.6,3.8,1.8,2025-04-01,850,Aqua,MODIS,100,61.03,304.1,763.2,D,0
22.1954,92.4447,330.4,3.8,1.8,2025-04-01,850,Aqua,MODIS,82,61.03,302.8,137.5,D,0
22.1955,92.5092,317.1,3.8,1.8,2025-04-01,850,Aqua,MODIS,41,61.03,298.0,43.7,D,0
22.1985,92.4783,338.3,3.8,1.8,2025-04-01,850,Aqua,MODIS,88,61.03,301.7,225.5,D,0
22.2375,92.4338,322.7,3.8,1.8,2025-04-01,850,Aqua,MODIS,74,61.03,301.9,71.6,D,0
22.2405,92.4674,321.6,3.8,1.8,2025-04-01,850,Aqua,MODIS,72,61.03,301.7,67.2,D,0
22.2666,92.5786,324.9,3.9,1.8,2025-04-01,850,Aqua,MODIS,73,61.03,301.8,96.9,D,0
22.2733,92.5724,324.1,3.9,1.8,2025-04-01,850,Aqua,MODIS,72,61.03,300.7,90.5,D,0
22.2843,92.3201,317.5,3.7,1.8,2025-04-01,850,Aqua,MODIS,64,61.03,299.2,41.1,D,0
22.3835,92.4099,323.7,3.8,1.8,2025-04-01,850,Aqua,MODIS,75,61.03,300.7,74.2,D,0
22.3865,92.4444,321.2,3.8,1.8,2025-04-01,850,Aqua,MODIS,49,61.03,300.1,57.3,D,0
22.439,92.397,330.8,3.8,1.8,2025-04-01,850,Aqua,MODIS,82,61.03,301.5,135.8,D,0
22.4474,92.4006,334.7,3.8,1.8,2025-04-01,850,Aqua,MODIS,85,61.03,301.3,174.3,D,0
22.5251,92.5293,322.9,3.9,1.8,2025-04-01,850,Aqua,MODIS,71,61.03,301.7,69.7,D,0
22.5287,92.4974,320.0,3.9,1.8,2025-04-01,850,Aqua,MODIS,69,61.03,302.2,51.7,D,0
22.5321,92.5366,320.5,3.9,1.8,2025-04-01,850,Aqua,MODIS,69,61.03,300.9,56.4,D,0
22.6156,92.4448,327.7,3.8,1.8,2025-04-01,850,Aqua,MODIS,79,61.03,300.7,116.3,D,0
22.6228,92.4392,330.2,3.8,1.8,2025-04-01,850,Aqua,MODIS,82,61.03,301.2,140.3,D,0
23.0153,92.0572,317.8,3.6,1.8,2025-04-01,851,Aqua,MODIS,63,61.03,298.9,41.0,D,0
23.0182,92.0905,319.1,3.7,1.8,2025-04-01,851,Aqua,MODIS,66,61.03,298.8,50.0,D,0
23.0493,91.9414,317.9,3.6,1.8,2025-04-01,851,Aqua,MODIS,65,61.03,298.2,47.1,D,0
23.088,92.334,318.0,3.8,1.8,2025-04-01,851,Aqua,MODIS,57,61.03,300.1,43.0,D,0
23.0976,92.3232,316.1,3.8,1.8,2025-04-01,851,Aqua,MODIS,59,61.03,300.0,34.9,D,0
23.1372,91.9277,324.3,3.6,1.8,2025-04-01,851,Aqua,MODIS,76,61.03,297.7,82.2,D,0
23.1401,91.8992,318.3,3.6,1.8,2025-04-01,851,Aqua,MODIS,66,61.03,298.8,43.5,D,0
23.1431,91.9318,321.4,3.6,1.8,2025-04-01,851,Aqua,MODIS,71,61.03,297.8,61.4,D,0
23.1781,92.3175,327.9,3.8,1.8,2025-04-01,851,Aqua,MODIS,80,61.03,301.0,113.8,D,0
23.1813,92.353,363.0,3.8,1.8,2025-04-01,851,Aqua,MODIS,100,61.03,302.3,599.8,D,0
23.1855,92.312,320.7,3.8,1.8,2025-04-01,851,Aqua,MODIS,69,61.03,300.7,58.8,D,0
23.1883,92.3463,374.8,3.8,1.8,2025-04-01,851,Aqua,MODIS,100,61.03,302.8,869.4,D,0
23.1941,92.3157,319.8,3.8,1.8,2025-04-01,851,Aqua,MODIS,68,61.03,300.2,52.3,D,0
23.1973,92.3512,337.3,3.8,1.8,2025-04-01,851,Aqua,MODIS,87,61.03,301.4,208.1,D,0
23.2337,92.3073,327.9,3.8,1.8,2025-04-01,851,Aqua,MODIS,80,61.03,299.3,118.3,D,0
23.2368,92.3427,325.4,3.8,1.8,2025-04-01,851,Aqua,MODIS,77,61.03,300.5,98.3,D,0
23.2434,92.2988,323.3,3.8,1.8,2025-04-01,851,Aqua,MODIS,75,61.03,299.4,85.9,D,0
23.2462,92.3336,334.1,3.8,1.8,2025-04-01,851,Aqua,MODIS,85,61.03,299.9,179.4,D,0
23.3413,92.2114,319.5,3.8,1.8,2025-04-01,851,Aqua,MODIS,68,61.03,299.4,59.3,D,0
23.3442,92.2465,322.5,3.8,1.8,2025-04-01,851,Aqua,MODIS,73,61.03,299.9,78.3,D,0
23.3495,92.2155,319.0,3.8,1.8,2025-04-01,851,Aqua,MODIS,68,61.03,299.6,54.6,D,0
23.3526,92.2503,317.4,3.8,1.8,2025-04-01,851,Aqua,MODIS,60,61.03,297.2,42.6,D,0
23.4197,92.0538,325.7,3.7,1.8,2025-04-01,851,Aqua,MODIS,77,61.03,301.4,102.2,D,0
23.4215,92.0264,351.1,3.7,1.8,2025-04-01,851,Aqua,MODIS,95,61.03,301.4,366.0,D,0
23.4246,92.0613,340.8,3.7,1.8,2025-04-01,851,Aqua,MODIS,90,61.03,301.0,240.4,D,0
23.4326,92.0173,339.8,3.7,1.8,2025-04-01,851,Aqua,MODIS,89,61.03,300.0,225.9,D,0
23.4355,92.0522,343.1,3.7,1.8,2025-04-01,851,Aqua,MODIS,91,61.03,299.6,268.5,D,0
23.4799,92.0125,321.5,3.7,1.8,2025-04-01,851,Aqua,MODIS,72,61.03,299.8,73.2,D,0
23.6468,92.2299,315.3,3.8,1.8,2025-04-01,851,Aqua,MODIS,56,61.03,298.2,50.0,D,0
22.2914,92.1231,309.3,1.4,1.2,2025-04-01,1521,Terra,MODIS,77,61.03,295.6,11.9,N,0
22.6224,92.4257,315.9,1.0,1.0,2025-04-02,328,Terra,MODIS,65,61.03,300.3,7.1,D,0
22.1598,92.3694,316.9,1.0,1.0,2025-04-02,329,Terra,MODIS,67,61.03,301.5,7.9,D,0
21.9409,92.5517,333.8,1.6,1.3,2025-04-02,751,Aqua,MODIS,84,61.03,306.5,53.4,D,0
21.9707,92.3978,326.4,1.7,1.3,2025-04-02,751,Aqua,MODIS,76,61.03,301.1,31.7,D,0
21.9709,92.3906,321.9,1.7,1.3,2025-04-02,751,Aqua,MODIS,69,61.03,301.2,22.3,D,0
21.9738,92.4064,318.8,1.7,1.3,2025-04-02,751,Aqua,MODIS,60,61.03,302.0,15.4,D,0
22.1058,92.3076,332.5,1.7,1.3,2025-04-02,751,Aqua,MODIS,83,61.03,304.8,48.5,D,0
22.1644,92.3697,327.0,1.7,1.3,2025-04-02,751,Aqua,MODIS,77,61.03,306.4,32.2,D,0
22.3939,92.4219,324.8,1.6,1.3,2025-04-02,752,Aqua,MODIS,74,61.03,305.0,23.9,D,0
22.3968,92.4377,338.0,1.6,1.3,2025-04-02,752,Aqua,MODIS,87,61.03,304.7,60.7,D,0
22.4049,92.4198,326.2,1.6,1.3,2025-04-02,752,Aqua,MODIS,42,61.03,306.1,24.6,D,0
22.4077,92.4353,331.9,1.6,1.3,2025-04-02,752,Aqua,MODIS,82,61.03,305.7,39.7,D,0
22.4241,92.4,321.3,1.6,1.3,2025-04-02,752,Aqua,MODIS,65,61.03,306.5,18.6,D,0
22.427,92.4164,319.8,1.6,1.3,2025-04-02,752,Aqua,MODIS,61,61.03,303.7,14.6,D,0
22.4275,92.4108,328.4,1.6,1.3,2025-04-02,752,Aqua,MODIS,78,61.03,304.6,32.5,D,0
22.4352,92.3983,340.8,1.6,1.3,2025-04-02,752,Aqua,MODIS,89,61.03,306.3,70.6,D,0
22.4355,92.3924,327.4,1.6,1.3,2025-04-02,752,Aqua,MODIS,58,61.03,306.6,30.5,D,0
22.438,92.4143,340.2,1.6,1.3,2025-04-02,752,Aqua,MODIS,89,61.03,303.2,67.2,D,0
22.4386,92.409,347.6,1.6,1.3,2025-04-02,752,Aqua,MODIS,93,61.03,304.2,95.4,D,0
22.4495,92.4067,318.2,1.6,1.3,2025-04-02,752,Aqua,MODIS,49,61.03,303.9,12.0,D,0
22.4604,92.4042,326.9,1.6,1.3,2025-04-02,752,Aqua,MODIS,77,61.03,304.1,30.3,D,0
22.4847,92.5387,315.8,1.6,1.2,2025-04-02,752,Aqua,MODIS,49,61.03,302.0,7.6,D,0
22.5311,92.4191,318.8,1.6,1.3,2025-04-02,752,Aqua,MODIS,63,61.03,303.2,12.9,D,0
22.5362,92.5123,348.5,1.6,1.2,2025-04-02,752,Aqua,MODIS,94,61.03,303.5,99.3,D,0
22.5383,92.5054,328.6,1.6,1.2,2025-04-02,752,Aqua,MODIS,79,61.03,305.2,33.9,D,0
22.5388,92.5272,323.3,1.6,1.2,2025-04-02,752,Aqua,MODIS,72,61.03,302.7,22.0,D,0
22.541,92.5201,341.1,1.6,1.2,2025-04-02,752,Aqua,MODIS,89,61.03,303.7,70.0,D,0
22.5471,92.5101,318.2,1.6,1.2,2025-04-02,752,Aqua,MODIS,42,61.03,304.2,11.6,D,0
22.5626,92.3897,320.0,1.6,1.3,2025-04-02,752,Aqua,MODIS,66,61.03,304.5,16.6,D,0
22.5654,92.4051,358.3,1.6,1.3,2025-04-02,752,Aqua,MODIS,99,61.03,305.7,148.0,D,0
22.6145,92.4268,326.4,1.6,1.3,2025-04-02,752,Aqua,MODIS,76,61.03,304.1,28.3,D,0
22.6154,92.4213,327.4,1.6,1.3,2025-04-02,752,Aqua,MODIS,78,61.03,304.3,31.1,D,0
22.6173,92.4426,318.8,1.6,1.3,2025-04-02,752,Aqua,MODIS,33,61.03,304.6,11.2,D,0
22.6183,92.437,327.4,1.6,1.3,2025-04-02,752,Aqua,MODIS,78,61.03,304.6,29.8,D,0
22.6254,92.4243,324.1,1.6,1.3,2025-04-02,752,Aqua,MODIS,73,61.03,303.7,23.4,D,0
22.6369,91.9684,328.3,1.7,1.3,2025-04-02,752,Aqua,MODIS,80,61.03,302.0,38.9,D,0
22.6383,91.975,345.5,1.7,1.3,2025-04-02,752,Aqua,MODIS,92,61.03,302.3,99.8,D,0
22.6399,91.9848,340.2,1.7,1.3,2025-04-02,752,Aqua,MODIS,89,61.03,302.1,77.1,D,0
22.6412,91.9913,321.4,1.7,1.3,2025-04-02,752,Aqua,MODIS,70,61.03,302.1,22.2,D,0
22.6594,91.9638,321.2,1.7,1.3,2025-04-02,752,Aqua,MODIS,70,61.03,301.3,22.7,D,0
22.8451,91.9624,317.5,1.7,1.3,2025-04-02,752,Aqua,MODIS,63,61.03,303.0,14.7,D,0
23.2918,92.1222,320.3,1.7,1.3,2025-04-02,752,Aqua,MODIS,20,61.03,303.7,15.0,D,0
23.2945,92.1374,322.0,1.6,1.3,2025-04-02,752,Aqua,MODIS,73,61.03,303.2,19.6,D,0
23.2972,92.0885,319.7,1.7,1.3,2025-04-02,752,Aqua,MODIS,27,61.03,302.6,13.0,D,0
23.3384,92.0581,317.8,1.7,1.3,2025-04-02,752,Aqua,MODIS,63,61.03,302.6,13.0,D,0
23.3558,91.833,331.8,1.7,1.3,2025-04-02,752,Aqua,MODIS,84,61.03,301.7,48.9,D,0
23.3566,91.8394,331.2,1.7,1.3,2025-04-02,752,Aqua,MODIS,83,61.03,301.5,46.5,D,0
23.399,92.2057,319.3,1.6,1.3,2025-04-02,752,Aqua,MODIS,69,61.03,302.7,16.6,D,0
23.4054,92.1014,326.7,1.6,1.3,2025-04-02,752,Aqua,MODIS,79,61.03,301.0,33.0,D,0
23.4189,92.0501,335.2,1.7,1.3,2025-04-02,752,Aqua,MODIS,86,61.03,301.0,56.7,D,0
23.4217,92.0657,321.1,1.7,1.3,2025-04-02,752,Aqua,MODIS,71,61.03,299.9,20.3,D,0
23.4245,92.0812,326.2,1.7,1.3,2025-04-02,752,Aqua,MODIS,79,61.03,300.4,33.0,D,0
23.4497,92.1571,339.6,1.6,1.3,2025-04-02,752,Aqua,MODIS,89,61.03,300.3,72.6,D,0
23.4523,92.1716,319.8,1.6,1.3,2025-04-02,752,Aqua,MODIS,70,61.03,300.5,20.3,D,0
23.4551,92.1869,313.7,1.6,1.3,2025-04-02,752,Aqua,MODIS,50,61.03,300.8,9.7,D,0
23.4959,92.0285,331.3,1.7,1.3,2025-04-02,752,Aqua,MODIS,83,61.03,298.4,47.3,D,0
23.507,92.0263,342.0,1.7,1.3,2025-04-02,752,Aqua,MODIS,91,61.03,299.2,82.0,D,0
23.5098,92.0419,319.3,1.7,1.3,2025-04-02,752,Aqua,MODIS,58,61.03,298.1,20.7,D,0
23.5122,91.9921,326.3,1.7,1.3,2025-04-02,752,Aqua,MODIS,79,61.03,298.2,33.0,D,0
23.5232,91.9898,314.3,1.7,1.3,2025-04-02,752,Aqua,MODIS,21,61.03,297.7,8.7,D,0
23.6314,91.9441,321.8,1.7,1.3,2025-04-02,752,Aqua,MODIS,72,61.03,300.8,23.6,D,0
23.6341,91.9592,322.2,1.7,1.3,2025-04-02,752,Aqua,MODIS,74,61.03,300.0,25.8,D,0
23.6781,91.9447,392.1,1.7,1.3,2025-04-02,752,Aqua,MODIS,100,61.03,300.2,428.2,D,0
24.1011,89.3785,319.2,2.5,1.5,2025-04-02,752,Aqua,MODIS,67,61.03,304.7,25.6,D,0
24.1059,89.382,318.7,2.5,1.5,2025-04-02,752,Aqua,MODIS,51,61.03,303.6,20.5,D,0
21.5015,92.3043,350.0,1.5,1.2,2025-04-03,830,Aqua,MODIS,94,61.03,305.0,93.5,D,0
21.5064,92.2971,328.9,1.5,1.2,2025-04-03,830,Aqua,MODIS,77,61.03,304.7,28.8,D,0
21.508,92.311,337.5,1.5,1.2,2025-04-03,830,Aqua,MODIS,86,61.03,305.0,50.9,D,0
21.558,92.2756,321.4,1.5,1.2,2025-04-03,830,Aqua,MODIS,62,61.03,304.7,13.7,D,0
21.5596,92.2889,345.3,1.5,1.2,2025-04-03,830,Aqua,MODIS,91,61.03,304.7,75.8,D,0
21.5645,92.4205,322.9,1.5,1.2,2025-04-03,830,Aqua,MODIS,60,61.03,305.9,14.1,D,0
21.5752,92.4186,329.8,1.5,1.2,2025-04-03,830,Aqua,MODIS,77,61.03,306.3,28.6,D,0
21.6124,92.3352,322.5,1.5,1.2,2025-04-03,830,Aqua,MODIS,64,61.03,305.6,13.3,D,0
21.6902,92.3031,326.9,1.5,1.2,2025-04-03,830,Aqua,MODIS,73,61.03,303.8,23.6,D,0
21.6919,92.3173,322.0,1.5,1.2,2025-04-03,830,Aqua,MODIS,52,61.03,303.2,13.4,D,0
21.6946,92.2949,321.0,1.5,1.2,2025-04-03,830,Aqua,MODIS,60,61.03,303.4,11.6,D,0
21.6963,92.3091,340.8,1.5,1.2,2025-04-03,830,Aqua,MODIS,88,61.03,303.9,60.1,D,0
21.7009,92.3016,320.7,1.5,1.2,2025-04-03,830,Aqua,MODIS,41,61.03,303.0,11.7,D,0
21.786,92.4656,323.2,1.6,1.2,2025-04-03,830,Aqua,MODIS,65,61.03,306.2,14.6,D,0
21.864,92.3593,322.9,1.5,1.2,2025-04-03,830,Aqua,MODIS,64,61.03,303.9,17.7,D,0
21.9144,92.1016,335.5,1.5,1.2,2025-04-03,830,Aqua,MODIS,84,61.03,303.4,46.9,D,0
21.925,92.1002,321.6,1.5,1.2,2025-04-03,830,Aqua,MODIS,63,61.03,302.7,16.9,D,0
22.0794,92.3118,327.2,1.5,1.2,2025-04-03,830,Aqua,MODIS,74,61.03,304.7,24.4,D,0
22.0958,92.5497,321.7,1.6,1.2,2025-04-03,830,Aqua,MODIS,55,61.03,305.0,16.1,D,0
22.1068,92.5481,334.6,1.6,1.2,2025-04-03,830,Aqua,MODIS,83,61.03,305.9,47.8,D,0
22.1083,92.562,321.5,1.6,1.2,2025-04-03,830,Aqua,MODIS,40,61.03,302.2,14.3,D,0
22.126,92.3355,324.5,1.6,1.2,2025-04-03,830,Aqua,MODIS,70,61.03,304.1,18.2,D,0
22.2759,92.3324,328.8,1.6,1.2,2025-04-03,830,Aqua,MODIS,77,61.03,307.3,25.8,D,0
22.3818,92.4634,331.2,1.6,1.2,2025-04-03,830,Aqua,MODIS,80,61.03,307.8,33.7,D,0
22.4034,92.5533,321.6,1.6,1.3,2025-04-03,830,Aqua,MODIS,64,61.03,304.9,14.8,D,0
22.5212,92.3914,324.4,1.6,1.2,2025-04-03,830,Aqua,MODIS,52,61.03,293.7,21.5,D,0
22.5708,92.1396,321.0,1.5,1.2,2025-04-03,830,Aqua,MODIS,62,61.03,301.9,12.8,D,0
22.6434,92.4394,338.1,1.6,1.2,2025-04-03,830,Aqua,MODIS,86,61.03,308.5,51.2,D,0
22.7074,92.4158,323.3,1.6,1.2,2025-04-03,830,Aqua,MODIS,57,61.03,305.6,14.3,D,0
22.7252,92.3616,323.0,1.6,1.2,2025-04-03,830,Aqua,MODIS,33,61.03,305.4,13.3,D,0
22.7257,92.4752,326.1,1.6,1.3,2025-04-03,830,Aqua,MODIS,51,61.03,304.7,22.9,D,0
22.7263,92.4691,324.8,1.6,1.3,2025-04-03,830,Aqua,MODIS,59,61.03,304.7,20.6,D,0
22.728,92.4847,319.7,1.6,1.3,2025-04-03,830,Aqua,MODIS,36,61.03,304.3,11.0,D,0
22.8711,91.5936,326.6,1.4,1.2,2025-04-03,831,Aqua,MODIS,76,61.03,302.3,23.6,D,0
22.8754,92.2886,341.3,1.6,1.2,2025-04-03,831,Aqua,MODIS,78,61.03,303.9,67.6,D,0
22.877,92.2829,349.9,1.6,1.2,2025-04-03,831,Aqua,MODIS,72,61.03,304.7,99.5,D,0
22.8814,91.5921,319.0,1.4,1.2,2025-04-03,831,Aqua,MODIS,63,61.03,301.4,10.2,D,0
22.8863,92.2871,332.7,1.6,1.2,2025-04-03,831,Aqua,MODIS,62,61.03,302.9,41.2,D,0
22.8879,92.2814,341.6,1.6,1.2,2025-04-03,831,Aqua,MODIS,78,61.03,303.8,68.4,D,0
23.1545,92.3021,324.3,1.6,1.2,2025-04-03,831,Aqua,MODIS,73,61.03,296.6,22.2,D,0
23.1562,92.3174,317.9,1.6,1.2,2025-04-03,831,Aqua,MODIS,30,61.03,296.9,9.2,D,0
23.1882,92.1157,318.3,1.6,1.2,2025-04-03,831,Aqua,MODIS,44,61.03,297.3,9.3,D,0
23.2148,92.2477,321.8,1.6,1.2,2025-04-03,831,Aqua,MODIS,69,61.03,293.6,19.2,D,0
23.3485,91.8305,355.4,1.5,1.2,2025-04-03,831,Aqua,MODIS,97,61.03,304.0,112.2,D,0
23.3502,91.8451,345.1,1.5,1.2,2025-04-03,831,Aqua,MODIS,92,61.03,301.3,73.5,D,0
23.4431,92.0475,328.8,1.5,1.2,2025-04-03,831,Aqua,MODIS,69,61.03,293.5,33.7,D,0
23.4744,92.3182,357.3,1.6,1.3,2025-04-03,831,Aqua,MODIS,98,61.03,293.3,141.7,D,0
23.51,92.0162,336.1,1.5,1.2,2025-04-03,831,Aqua,MODIS,86,61.03,302.7,50.4,D,0
23.6404,92.2671,322.9,1.6,1.2,2025-04-03,831,Aqua,MODIS,72,61.03,300.4,23.9,D,0
23.6514,92.2656,384.2,1.6,1.2,2025-04-03,831,Aqua,MODIS,100,61.03,305.7,325.9,D,0
24.0391,88.754,320.8,1.1,1.0,2025-04-03,831,Aqua,MODIS,53,61.03,306.6,6.8,D,0
24.2063,89.1079,322.1,1.1,1.0,2025-04-03,831,Aqua,MODIS,49,61.03,308.5,7.4,D,0
21.419,92.4779,306.7,1.0,1.0,2025-04-03,1502,Terra,MODIS,68,61.03,294.7,5.8,N,0
21.6198,92.2753,308.1,1.0,1.0,2025-04-03,1502,Terra,MODIS,72,61.03,295.0,6.9,N,0
22.2509,92.3616,319.7,1.0,1.0,2025-04-03,1502,Terra,MODIS,99,61.03,295.1,15.5,N,0
22.2523,92.3713,320.7,1.0,1.0,2025-04-03,1502,Terra,MODIS,100,61.03,295.1,16.6,N,0
22.4272,92.241,312.1,1.0,1.0,2025-04-03,1502,Terra,MODIS,83,61.03,295.2,8.6,N,0
22.436,92.2395,309.7,1.0,1.0,2025-04-03,1502,Terra,MODIS,77,61.03,295.0,7.1,N,0
22.4947,92.3965,308.0,1.0,1.0,2025-04-03,1502,Terra,MODIS,72,61.03,295.0,5.8,N,0
22.6588,92.3171,311.9,1.0,1.0,2025-04-03,1502,Terra,MODIS,83,61.03,295.9,8.0,N,0
22.7043,91.9275,305.4,1.0,1.0,2025-04-03,1502,Terra,MODIS,58,61.03,295.3,4.6,N,0
22.7311,92.3672,326.0,1.0,1.0,2025-04-03,1502,Terra,MODIS,100,61.03,296.1,21.1,N,0
22.7325,92.3767,307.6,1.0,1.0,2025-04-03,1502,Terra,MODIS,67,61.03,295.8,4.5,N,0
22.9517,92.3664,306.7,1.0,1.0,2025-04-03,1502,Terra,MODIS,66,61.03,296.0,4.6,N,0
22.953,92.3759,311.4,1.0,1.0,2025-04-03,1502,Terra,MODIS,81,61.03,295.9,7.9,N,0
23.2373,92.2248,311.7,1.0,1.0,2025-04-03,1502,Terra,MODIS,83,61.03,296.4,8.3,N,0
23.269,92.1307,315.1,1.0,1.0,2025-04-03,1502,Terra,MODIS,91,61.03,295.9,11.0,N,0
23.2704,92.1403,311.7,1.0,1.0,2025-04-03,1502,Terra,MODIS,83,61.03,296.0,8.3,N,0
23.3052,92.1187,307.3,1.0,1.0,2025-04-03,1502,Terra,MODIS,71,61.03,294.0,5.2,N,0
23.3563,92.1591,330.5,1.0,1.0,2025-04-03,1502,Terra,MODIS,100,61.03,296.1,27.7,N,0
23.6505,92.2183,305.2,1.0,1.0,2025-04-03,1502,Terra,MODIS,61,61.03,294.8,4.1,N,0
23.7254,92.1601,306.5,1.0,1.0,2025-04-03,1502,Terra,MODIS,66,61.03,295.7,4.8,N,0
23.7268,92.1699,321.4,1.0,1.0,2025-04-03,1502,Terra,MODIS,100,61.03,296.5,17.0,N,0
23.7356,92.1684,306.1,1.0,1.0,2025-04-03,1502,Terra,MODIS,64,61.03,296.0,4.6,N,0
24.6412,91.5943,309.2,1.0,1.0,2025-04-03,1502,Terra,MODIS,73,61.03,296.6,6.8,N,0
22.2288,92.4165,319.9,3.9,1.8,2025-04-04,732,Aqua,MODIS,63,61.03,292.2,76.5,D,0
22.2821,92.1168,315.9,4.1,1.9,2025-04-04,732,Aqua,MODIS,28,61.03,293.7,54.3,D,0
22.2839,92.0841,319.7,4.1,1.9,2025-04-04,732,Aqua,MODIS,62,61.03,292.1,84.2,D,0
22.2919,92.1218,316.7,4.1,1.9,2025-04-04,732,Aqua,MODIS,48,61.03,293.7,62.3,D,0
22.5834,92.4139,319.9,3.8,1.8,2025-04-04,732,Aqua,MODIS,61,61.03,296.0,68.9,D,0
22.915,92.2754,321.1,3.9,1.8,2025-04-04,732,Aqua,MODIS,0,61.03,288.4,94.7,D,0
23.2868,92.0721,313.4,3.9,1.8,2025-04-04,732,Aqua,MODIS,42,61.03,278.4,60.2,D,0
23.2948,92.1091,314.1,3.9,1.8,2025-04-04,732,Aqua,MODIS,39,61.03,277.1,64.2,D,0
24.0359,88.7497,320.7,1.0,1.0,2025-04-05,349,Terra,MODIS,64,61.03,306.0,8.5,D,0
24.0373,88.7401,320.6,1.0,1.0,2025-04-05,349,Terra,MODIS,65,61.03,305.7,8.3,D,0
22.656,92.3191,328.7,1.0,1.0,2025-04-05,810,Aqua,MODIS,69,61.03,296.6,16.4,D,0
22.6756,92.4514,343.0,1.0,1.0,2025-04-05,810,Aqua,MODIS,79,61.03,293.1,33.2,D,0
22.6844,92.4499,369.9,1.0,1.0,2025-04-05,810,Aqua,MODIS,100,61.03,303.0,99.9,D,0
22.6903,92.4294,332.7,1.0,1.0,2025-04-05,810,Aqua,MODIS,81,61.03,300.6,17.2,D,0
22.6917,92.4389,341.8,1.0,1.0,2025-04-05,810,Aqua,MODIS,69,61.03,303.6,30.0,D,0
22.6931,92.4484,377.6,1.0,1.0,2025-04-05,810,Aqua,MODIS,100,61.03,308.4,128.4,D,0
22.6945,92.4578,347.0,1.0,1.0,2025-04-05,810,Aqua,MODIS,88,61.03,297.7,43.0,D,0
22.7005,92.4373,350.8,1.0,1.0,2025-04-05,811,Aqua,MODIS,95,61.03,298.8,48.3,D,0
22.7019,92.4468,348.1,1.0,1.0,2025-04-05,811,Aqua,MODIS,94,61.03,303.5,42.5,D,0
22.7092,92.4358,364.4,1.0,1.0,2025-04-05,811,Aqua,MODIS,100,61.03,298.0,83.7,D,0
22.7106,92.4453,347.4,1.0,1.0,2025-04-05,811,Aqua,MODIS,94,61.03,297.2,41.3,D,0
22.718,92.4343,335.5,1.0,1.0,2025-04-05,811,Aqua,MODIS,76,61.03,298.9,23.1,D,0
22.7295,92.4517,344.0,1.0,1.0,2025-04-05,811,Aqua,MODIS,85,61.03,298.4,39.0,D,0
22.8591,92.3199,318.2,1.0,1.0,2025-04-05,811,Aqua,MODIS,59,61.03,293.1,7.5,D,0
22.9453,91.9609,329.1,1.0,1.0,2025-04-05,811,Aqua,MODIS,62,61.03,300.6,19.0,D,0
22.9468,91.9705,343.0,1.0,1.0,2025-04-05,811,Aqua,MODIS,91,61.03,300.9,39.9,D,0
22.994,92.3681,331.1,1.0,1.0,2025-04-05,811,Aqua,MODIS,83,61.03,294.7,22.2,D,0
22.9954,92.3776,354.2,1.0,1.0,2025-04-05,811,Aqua,MODIS,97,61.03,293.8,63.5,D,0
23.0682,92.1677,313.2,1.0,1.0,2025-04-05,811,Aqua,MODIS,37,61.03,279.4,7.1,D,0
23.1214,92.0412,329.6,1.0,1.0,2025-04-05,811,Aqua,MODIS,81,61.03,286.4,21.5,D,0
23.2257,92.2991,321.7,1.0,1.0,2025-04-05,811,Aqua,MODIS,60,61.03,287.2,13.1,D,0
23.3193,91.9873,327.4,1.0,1.0,2025-04-05,811,Aqua,MODIS,73,61.03,297.6,15.0,D,0
23.3383,91.9937,354.2,1.0,1.0,2025-04-05,811,Aqua,MODIS,92,61.03,299.6,63.0,D,0
23.3397,92.0032,353.1,1.0,1.0,2025-04-05,811,Aqua,MODIS,91,61.03,303.0,61.4,D,0
23.3606,91.8424,341.1,1.0,1.0,2025-04-05,811,Aqua,MODIS,90,61.03,302.5,35.2,D,0
23.3982,91.9732,325.3,1.0,1.0,2025-04-05,811,Aqua,MODIS,55,61.03,302.6,11.0,D,0
23.3994,92.0415,345.2,1.0,1.0,2025-04-05,811,Aqua,MODIS,92,61.03,303.5,41.7,D,0
23.4008,92.051,386.0,1.0,1.0,2025-04-05,811,Aqua,MODIS,100,61.03,307.2,169.3,D,0
23.4096,92.0494,351.1,1.0,1.0,2025-04-05,811,Aqua,MODIS,96,61.03,305.4,53.6,D,0
23.4475,92.3062,316.3,1.0,1.0,2025-04-05,811,Aqua,MODIS,42,61.03,278.8,9.7,D,0
23.4514,92.0754,343.2,1.0,1.0,2025-04-05,811,Aqua,MODIS,91,61.03,305.2,40.2,D,0
23.4528,92.0849,337.1,1.0,1.0,2025-04-05,811,Aqua,MODIS,87,61.03,300.9,30.1,D,0
23.4603,92.3177,347.6,1.0,1.0,2025-04-05,811,Aqua,MODIS,0,61.03,286.9,51.8,D,0
23.4898,91.9708,411.8,1.0,1.0,2025-04-05,811,Aqua,MODIS,100,61.03,309.1,322.9,D,0
23.4912,91.9803,338.5,1.0,1.0,2025-04-05,811,Aqua,MODIS,75,61.03,299.6,29.5,D,0
23.5062,92.2024,364.8,1.0,1.0,2025-04-05,811,Aqua,MODIS,100,61.03,305.6,91.6,D,0
23.5076,92.212,334.0,1.0,1.0,2025-04-05,811,Aqua,MODIS,85,61.03,301.4,25.4,D,0
23.5529,92.0117,342.7,1.0,1.0,2025-04-05,811,Aqua,MODIS,91,61.03,302.6,41.0,D,0
23.5552,92.1481,320.1,1.0,1.0,2025-04-05,811,Aqua,MODIS,40,61.03,283.2,11.9,D,0
23.6534,92.2521,324.0,1.0,1.0,2025-04-05,811,Aqua,MODIS,34,61.03,292.5,16.2,D,0
23.6863,92.1096,340.1,1.0,1.0,2025-04-05,811,Aqua,MODIS,78,61.03,301.0,35.2,D,0
24.2373,90.2651,320.4,1.1,1.0,2025-04-05,811,Aqua,MODIS,61,61.03,297.0,11.8,D,0
24.2389,90.2755,321.1,1.1,1.0,2025-04-05,811,Aqua,MODIS,64,61.03,295.7,12.8,D,0
21.3903,92.5806,304.6,1.8,1.3,2025-04-05,1443,Terra,MODIS,61,61.03,293.1,10.1,N,0
21.3906,92.5919,304.8,1.8,1.3,2025-04-05,1443,Terra,MODIS,28,61.03,293.2,9.4,N,0
21.3931,92.597,304.6,1.8,1.3,2025-04-05,1443,Terra,MODIS,61,61.03,293.2,10.0,N,0
22.8878,92.4069,306.8,1.7,1.3,2025-04-05,1443,Terra,MODIS,69,61.03,296.3,11.6,N,0
22.9706,92.3506,306.2,1.7,1.3,2025-04-05,1443,Terra,MODIS,67,61.03,295.5,11.3,N,0
23.3465,91.9874,314.2,1.8,1.3,2025-04-05,1443,Terra,MODIS,89,61.03,284.1,30.0,N,0
23.3986,92.2145,300.6,1.7,1.3,2025-04-05,1443,Terra,MODIS,26,61.03,282.7,8.4,N,0
21.8764,92.3591,314.5,3.9,1.8,2025-04-06,251,Terra,MODIS,63,61.03,297.1,49.2,D,0
21.884,92.3642,314.9,3.9,1.8,2025-04-06,251,Terra,MODIS,63,61.03,296.7,51.3,D,0
21.6714,92.5014,320.6,3.5,1.8,2025-04-06,849,Aqua,MODIS,30,61.03,296.2,62.5,D,0
21.6746,92.5363,323.8,3.6,1.8,2025-04-06,849,Aqua,MODIS,49,61.03,294.7,76.8,D,0
21.7157,92.5275,327.7,3.6,1.8,2025-04-06,849,Aqua,MODIS,81,61.03,297.6,104.4,D,0
21.7214,92.5323,321.2,3.6,1.8,2025-04-06,849,Aqua,MODIS,67,61.03,296.8,60.8,D,0
22.1066,92.3311,322.2,3.5,1.8,2025-04-06,849,Aqua,MODIS,73,61.03,297.4,67.1,D,0
22.4772,92.4351,323.5,3.6,1.8,2025-04-06,849,Aqua,MODIS,74,61.03,300.8,68.9,D,0
22.8733,92.3267,321.0,3.6,1.8,2025-04-06,849,Aqua,MODIS,71,61.03,302.5,53.3,D,0
22.8769,92.335,319.1,3.6,1.8,2025-04-06,849,Aqua,MODIS,68,61.03,302.3,42.7,D,0
23.3999,92.3401,326.0,3.6,1.8,2025-04-06,850,Aqua,MODIS,74,61.03,300.0,92.1,D,0
23.4041,92.3476,322.7,3.6,1.8,2025-04-06,850,Aqua,MODIS,72,61.03,299.1,72.5,D,0
23.4184,92.002,318.2,3.4,1.7,2025-04-06,850,Aqua,MODIS,65,61.03,299.7,37.1,D,0
23.4756,91.9913,329.9,3.4,1.7,2025-04-06,850,Aqua,MODIS,81,61.03,299.1,114.6,D,0
23.4797,91.996,328.1,3.4,1.7,2025-04-06,850,Aqua,MODIS,80,61.03,298.8,102.9,D,0
23.6693,92.0941,328.8,3.5,1.8,2025-04-06,850,Aqua,MODIS,80,61.03,299.2,119.3,D,0
23.6798,92.0876,329.7,3.5,1.8,2025-04-06,850,Aqua,MODIS,81,61.03,299.2,125.5,D,0
21.7337,92.5425,305.0,1.5,1.2,2025-04-06,1522,Terra,MODIS,62,61.03,293.3,8.3,N,0
21.7353,92.5569,304.2,1.5,1.2,2025-04-06,1522,Terra,MODIS,59,61.03,293.2,7.7,N,0
22.4137,92.4114,303.5,1.5,1.2,2025-04-06,1522,Terra,MODIS,55,61.03,292.7,6.9,N,0
22.8592,92.3068,306.6,1.5,1.2,2025-04-06,1522,Terra,MODIS,27,61.03,293.6,8.5,N,0
22.8623,92.301,312.7,1.5,1.2,2025-04-06,1522,Terra,MODIS,85,61.03,293.5,17.2,N,0
22.8638,92.3146,304.8,1.5,1.2,2025-04-06,1522,Terra,MODIS,62,61.03,293.3,7.5,N,0
22.87,92.3054,309.4,1.5,1.2,2025-04-06,1522,Terra,MODIS,77,61.03,293.0,12.8,N,0
23.2428,92.1379,305.3,1.5,1.2,2025-04-06,1522,Terra,MODIS,64,61.03,294.3,7.5,N,0
23.37,92.263,303.0,1.5,1.2,2025-04-06,1522,Terra,MODIS,41,61.03,292.3,6.7,N,0
22.4467,92.4275,317.9,1.0,1.0,2025-04-07,330,Terra,MODIS,70,61.03,300.9,7.0,D,0
22.4912,92.3671,320.3,1.0,1.0,2025-04-07,330,Terra,MODIS,74,61.03,303.2,9.3,D,0
22.5717,92.1349,315.7,1.0,1.0,2025-04-07,330,Terra,MODIS,66,61.03,300.5,5.1,D,0
22.6774,92.2937,318.8,1.0,1.0,2025-04-07,330,Terra,MODIS,71,61.03,302.4,7.5,D,0
22.8402,92.0019,323.1,1.0,1.0,2025-04-07,330,Terra,MODIS,76,61.03,301.4,13.4,D,0
22.8415,91.9925,328.8,1.0,1.0,2025-04-07,330,Terra,MODIS,82,61.03,300.3,20.0,D,0
22.9366,92.1014,315.0,1.0,1.0,2025-04-07,330,Terra,MODIS,64,61.03,300.3,5.0,D,0
22.9736,92.3665,314.4,1.0,1.0,2025-04-07,330,Terra,MODIS,57,61.03,301.1,4.9,D,0
22.9749,92.3571,333.2,1.0,1.0,2025-04-07,330,Terra,MODIS,86,61.03,301.5,25.2,D,0
23.0185,92.1112,320.5,1.0,1.0,2025-04-07,330,Terra,MODIS,74,61.03,301.6,9.8,D,0
23.0198,92.1018,325.5,1.0,1.0,2025-04-07,330,Terra,MODIS,79,61.03,301.3,15.5,D,0
21.3858,92.5837,320.7,1.8,1.3,2025-04-07,750,Aqua,MODIS,61,61.03,293.9,33.4,D,0
21.4421,92.332,316.3,1.9,1.3,2025-04-07,750,Aqua,MODIS,33,61.03,297.1,16.4,D,0
21.4576,92.336,316.1,1.9,1.3,2025-04-07,750,Aqua,MODIS,47,61.03,294.9,16.2,D,0
21.4675,92.4682,340.9,1.8,1.3,2025-04-07,750,Aqua,MODIS,60,61.03,296.1,85.5,D,0
21.503,92.5316,315.3,1.8,1.3,2025-04-07,750,Aqua,MODIS,31,61.03,298.5,16.5,D,0
21.5083,92.2998,321.1,1.9,1.3,2025-04-07,750,Aqua,MODIS,52,61.03,295.7,25.7,D,0
21.5116,92.3177,324.3,1.9,1.3,2025-04-07,750,Aqua,MODIS,69,61.03,296.7,32.9,D,0
21.5148,92.3356,328.4,1.9,1.3,2025-04-07,750,Aqua,MODIS,72,61.03,297.4,42.5,D,0
21.5182,92.3544,373.2,1.8,1.3,2025-04-07,750,Aqua,MODIS,100,61.03,299.6,290.1,D,0
21.5302,92.3088,318.0,1.9,1.3,2025-04-07,750,Aqua,MODIS,26,61.03,295.4,18.3,D,0
21.5605,92.4073,324.0,1.8,1.3,2025-04-07,750,Aqua,MODIS,76,61.03,300.2,29.7,D,0
21.5637,92.4244,324.1,1.8,1.3,2025-04-07,750,Aqua,MODIS,76,61.03,298.8,29.7,D,0
21.5643,92.4116,331.4,1.8,1.3,2025-04-07,750,Aqua,MODIS,83,61.03,300.4,48.5,D,0
21.5713,92.3362,313.9,1.8,1.3,2025-04-07,750,Aqua,MODIS,53,61.03,295.2,10.5,D,0
21.5742,92.3519,333.7,1.8,1.3,2025-04-07,750,Aqua,MODIS,85,61.03,296.4,62.2,D,0
21.5752,92.4223,321.2,1.8,1.3,2025-04-07,750,Aqua,MODIS,40,61.03,300.1,21.3,D,0
21.6124,92.2485,329.1,1.9,1.3,2025-04-07,750,Aqua,MODIS,81,61.03,291.0,49.0,D,0
21.6159,92.2672,331.5,1.9,1.3,2025-04-07,750,Aqua,MODIS,83,61.03,296.8,54.8,D,0
21.6167,92.2554,327.5,1.9,1.3,2025-04-07,750,Aqua,MODIS,80,61.03,293.9,45.6,D,0
21.6339,92.4835,317.7,1.8,1.3,2025-04-07,750,Aqua,MODIS,62,61.03,299.3,18.2,D,0
21.6473,92.2418,332.2,1.9,1.3,2025-04-07,750,Aqua,MODIS,84,61.03,295.4,58.9,D,0
21.6589,92.2391,331.5,1.9,1.3,2025-04-07,750,Aqua,MODIS,83,61.03,294.6,55.5,D,0
21.6649,92.5247,319.2,1.8,1.3,2025-04-07,750,Aqua,MODIS,53,61.03,294.3,16.9,D,0
21.6762,92.5222,345.4,1.8,1.3,2025-04-07,750,Aqua,MODIS,92,61.03,299.8,99.2,D,0
21.6773,92.5328,380.6,1.8,1.3,2025-04-07,750,Aqua,MODIS,100,61.03,302.4,337.9,D,0
21.6793,92.5397,381.5,1.8,1.3,2025-04-07,750,Aqua,MODIS,100,61.03,302.8,348.5,D,0
21.6804,92.5497,346.9,1.8,1.3,2025-04-07,750,Aqua,MODIS,93,61.03,298.3,106.8,D,0
21.6987,92.1927,325.0,1.9,1.3,2025-04-07,750,Aqua,MODIS,58,61.03,298.8,33.3,D,0
21.702,92.211,325.9,1.9,1.3,2025-04-07,750,Aqua,MODIS,63,61.03,298.9,35.5,D,0
21.7052,92.1861,322.5,1.9,1.3,2025-04-07,750,Aqua,MODIS,74,61.03,298.6,28.9,D,0
21.7086,92.2042,337.8,1.9,1.3,2025-04-07,750,Aqua,MODIS,88,61.03,298.9,78.1,D,0
21.7104,92.1903,323.3,1.9,1.3,2025-04-07,750,Aqua,MODIS,75,61.03,298.9,30.5,D,0
21.7136,92.2084,318.4,1.9,1.3,2025-04-07,750,Aqua,MODIS,66,61.03,298.7,18.3,D,0
21.8293,92.3396,320.3,1.8,1.3,2025-04-07,750,Aqua,MODIS,61,61.03,297.9,24.5,D,0
21.8331,92.2418,325.3,1.9,1.3,2025-04-07,750,Aqua,MODIS,78,61.03,298.0,36.7,D,0
21.8376,92.3307,321.8,1.8,1.3,2025-04-07,750,Aqua,MODIS,53,61.03,296.8,26.8,D,0
21.8411,92.3493,325.2,1.8,1.3,2025-04-07,750,Aqua,MODIS,76,61.03,298.6,34.3,D,0
21.8526,92.3474,322.9,1.8,1.3,2025-04-07,750,Aqua,MODIS,48,61.03,297.9,26.6,D,0
21.9957,92.4306,338.8,1.8,1.3,2025-04-07,750,Aqua,MODIS,89,61.03,300.4,74.4,D,0
22.0791,92.4405,323.4,1.8,1.3,2025-04-07,750,Aqua,MODIS,68,61.03,293.8,31.9,D,0
22.1281,92.2676,337.8,1.8,1.3,2025-04-07,750,Aqua,MODIS,88,61.03,300.1,73.3,D,0
22.1312,92.2847,324.1,1.8,1.3,2025-04-07,750,Aqua,MODIS,77,61.03,298.0,29.2,D,0
22.1395,92.2653,330.4,1.8,1.3,2025-04-07,750,Aqua,MODIS,83,61.03,300.3,47.6,D,0
22.1426,92.2823,328.3,1.8,1.3,2025-04-07,750,Aqua,MODIS,81,61.03,297.8,40.1,D,0
22.2837,92.3497,321.9,1.8,1.3,2025-04-07,750,Aqua,MODIS,70,61.03,303.7,18.9,D,0
22.2911,92.0784,320.6,1.9,1.3,2025-04-07,750,Aqua,MODIS,71,61.03,300.4,24.1,D,0
22.2943,92.0957,336.5,1.9,1.3,2025-04-07,750,Aqua,MODIS,87,61.03,303.2,72.0,D,0
22.3006,92.3242,321.9,1.8,1.3,2025-04-07,750,Aqua,MODIS,73,61.03,303.3,19.6,D,0
22.3467,92.3828,320.3,1.8,1.3,2025-04-07,750,Aqua,MODIS,71,61.03,303.9,15.5,D,0
22.3533,92.4833,322.0,1.7,1.3,2025-04-07,750,Aqua,MODIS,46,61.03,303.1,21.2,D,0
22.3912,92.4348,329.1,1.7,1.3,2025-04-07,750,Aqua,MODIS,79,61.03,304.6,34.8,D,0
22.3925,92.4415,338.5,1.7,1.3,2025-04-07,750,Aqua,MODIS,88,61.03,304.8,66.0,D,0
22.3993,92.4154,323.1,1.8,1.3,2025-04-07,750,Aqua,MODIS,57,61.03,304.0,19.6,D,0
22.4007,92.4222,326.8,1.8,1.3,2025-04-07,750,Aqua,MODIS,71,61.03,304.2,28.3,D,0
22.4013,92.4911,322.3,1.7,1.3,2025-04-07,750,Aqua,MODIS,74,61.03,300.0,22.9,D,0
22.4035,92.5012,325.4,1.7,1.3,2025-04-07,750,Aqua,MODIS,77,61.03,300.9,29.3,D,0
22.4044,92.5082,317.8,1.7,1.3,2025-04-07,750,Aqua,MODIS,66,61.03,301.2,14.3,D,0
22.4754,92.3829,319.3,1.8,1.3,2025-04-07,751,Aqua,MODIS,59,61.03,303.6,15.1,D,0
22.4762,92.3951,322.9,1.8,1.3,2025-04-07,751,Aqua,MODIS,56,61.03,303.6,20.7,D,0
22.4784,92.3997,320.2,1.8,1.3,2025-04-07,751,Aqua,MODIS,68,61.03,303.8,15.5,D,0
22.4851,92.4426,328.8,1.7,1.3,2025-04-07,751,Aqua,MODIS,81,61.03,304.9,37.0,D,0
22.4869,92.4474,328.6,1.7,1.3,2025-04-07,751,Aqua,MODIS,80,61.03,304.7,37.4,D,0
22.567,92.1254,320.2,1.8,1.3,2025-04-07,751,Aqua,MODIS,71,61.03,303.0,18.9,D,0
22.5962,91.9565,319.3,1.9,1.3,2025-04-07,751,Aqua,MODIS,70,61.03,302.4,17.2,D,0
22.641,91.9603,316.5,1.9,1.3,2025-04-07,751,Aqua,MODIS,55,61.03,301.0,11.5,D,0
22.6642,91.9552,318.9,1.9,1.3,2025-04-07,751,Aqua,MODIS,69,61.03,301.6,16.4,D,0
22.7111,92.0289,326.1,1.8,1.3,2025-04-07,751,Aqua,MODIS,78,61.03,303.1,35.1,D,0
22.7142,92.0456,321.0,1.8,1.3,2025-04-07,751,Aqua,MODIS,72,61.03,303.1,21.7,D,0
22.7619,92.3654,339.3,1.7,1.3,2025-04-07,751,Aqua,MODIS,89,61.03,303.4,68.8,D,0
22.7991,92.0046,318.8,1.8,1.3,2025-04-07,751,Aqua,MODIS,55,61.03,302.5,15.6,D,0
22.8106,92.0022,322.8,1.8,1.3,2025-04-07,751,Aqua,MODIS,74,61.03,302.3,24.7,D,0
22.8481,92.0109,323.4,1.8,1.3,2025-04-07,751,Aqua,MODIS,50,61.03,302.7,25.5,D,0
22.8596,92.0084,325.0,1.8,1.3,2025-04-07,751,Aqua,MODIS,56,61.03,303.4,29.3,D,0
22.8679,92.0005,322.2,1.8,1.3,2025-04-07,751,Aqua,MODIS,64,61.03,302.4,22.3,D,0
22.9895,92.0918,326.3,1.8,1.3,2025-04-07,751,Aqua,MODIS,78,61.03,305.0,28.9,D,0
22.9927,92.1091,324.9,1.8,1.3,2025-04-07,751,Aqua,MODIS,76,61.03,305.7,25.5,D,0
22.9928,92.0965,328.8,1.8,1.3,2025-04-07,751,Aqua,MODIS,81,61.03,305.4,35.3,D,0
23.0006,92.335,320.3,1.7,1.3,2025-04-07,751,Aqua,MODIS,70,61.03,304.7,16.1,D,0
23.0036,91.9108,327.9,1.9,1.3,2025-04-07,751,Aqua,MODIS,80,61.03,304.8,36.4,D,0
23.0068,91.9285,325.9,1.8,1.3,2025-04-07,751,Aqua,MODIS,78,61.03,303.6,30.5,D,0
23.0091,92.3823,325.1,1.7,1.3,2025-04-07,751,Aqua,MODIS,77,61.03,305.3,25.3,D,0
23.0107,91.8186,335.5,1.9,1.3,2025-04-07,751,Aqua,MODIS,86,61.03,302.5,65.3,D,0
23.0139,91.836,321.4,1.9,1.3,2025-04-07,751,Aqua,MODIS,72,61.03,302.8,22.5,D,0
23.0151,91.9083,319.5,1.9,1.3,2025-04-07,751,Aqua,MODIS,69,61.03,305.0,15.8,D,0
23.0179,91.8102,319.4,1.9,1.3,2025-04-07,751,Aqua,MODIS,69,61.03,302.2,16.7,D,0
23.0212,91.8277,326.2,1.9,1.3,2025-04-07,751,Aqua,MODIS,78,61.03,302.5,35.0,D,0
23.0782,92.066,318.5,1.8,1.3,2025-04-07,751,Aqua,MODIS,67,61.03,304.8,13.5,D,0
23.163,92.2707,323.8,1.7,1.3,2025-04-07,751,Aqua,MODIS,73,61.03,304.6,25.1,D,0
23.1742,92.2681,328.2,1.7,1.3,2025-04-07,751,Aqua,MODIS,73,61.03,303.6,34.5,D,0
23.2173,92.2534,369.0,1.7,1.3,2025-04-07,751,Aqua,MODIS,100,61.03,301.0,229.8,D,0
23.2203,92.2693,354.6,1.7,1.3,2025-04-07,751,Aqua,MODIS,97,61.03,304.2,139.9,D,0
23.2285,92.251,358.4,1.7,1.3,2025-04-07,751,Aqua,MODIS,99,61.03,306.0,162.0,D,0
23.2315,92.2671,350.4,1.7,1.3,2025-04-07,751,Aqua,MODIS,95,61.03,304.5,119.4,D,0
23.2826,91.9738,322.1,1.8,1.3,2025-04-07,751,Aqua,MODIS,31,61.03,304.0,18.1,D,0
23.3055,91.9687,323.0,1.8,1.3,2025-04-07,751,Aqua,MODIS,72,61.03,304.8,21.9,D,0
23.3087,91.9865,321.5,1.8,1.3,2025-04-07,751,Aqua,MODIS,65,61.03,303.7,18.2,D,0
23.3709,92.2642,322.3,1.7,1.3,2025-04-07,751,Aqua,MODIS,73,61.03,304.7,19.7,D,0
23.3778,92.0525,321.7,1.8,1.3,2025-04-07,751,Aqua,MODIS,55,61.03,303.6,19.6,D,0
23.3788,92.121,320.1,1.8,1.3,2025-04-07,751,Aqua,MODIS,71,61.03,303.0,19.8,D,0
23.3807,92.2568,327.2,1.7,1.3,2025-04-07,751,Aqua,MODIS,80,61.03,305.3,30.4,D,0
23.3809,92.0692,327.0,1.8,1.3,2025-04-07,751,Aqua,MODIS,80,61.03,303.4,33.5,D,0
23.3821,92.2617,330.1,1.7,1.3,2025-04-07,751,Aqua,MODIS,82,61.03,305.1,38.3,D,0
23.3837,92.273,322.9,1.7,1.3,2025-04-07,751,Aqua,MODIS,65,61.03,304.4,20.1,D,0
23.3922,92.0666,332.2,1.8,1.3,2025-04-07,751,Aqua,MODIS,84,61.03,303.4,46.8,D,0
23.4156,92.1301,317.3,1.8,1.3,2025-04-07,751,Aqua,MODIS,66,61.03,302.3,13.8,D,0
23.4187,92.1471,327.0,1.7,1.3,2025-04-07,751,Aqua,MODIS,80,61.03,302.5,36.3,D,0
23.4208,92.0945,329.0,1.8,1.3,2025-04-07,751,Aqua,MODIS,81,61.03,302.1,39.9,D,0
23.4261,92.059,338.2,1.8,1.3,2025-04-07,751,Aqua,MODIS,88,61.03,301.7,66.1,D,0
23.4355,92.0501,348.6,1.8,1.3,2025-04-07,751,Aqua,MODIS,94,61.03,304.6,111.3,D,0
23.4375,92.0565,368.3,1.8,1.3,2025-04-07,751,Aqua,MODIS,100,61.03,304.8,229.0,D,0
23.4387,92.0667,340.5,1.8,1.3,2025-04-07,751,Aqua,MODIS,90,61.03,302.2,77.4,D,0
23.4469,92.0476,321.2,1.8,1.3,2025-04-07,751,Aqua,MODIS,20,61.03,303.5,19.8,D,0
23.4809,92.0404,334.8,1.8,1.3,2025-04-07,751,Aqua,MODIS,86,61.03,302.1,59.9,D,0
23.4826,92.1766,316.4,1.7,1.3,2025-04-07,751,Aqua,MODIS,64,61.03,302.0,13.8,D,0
23.4839,92.0569,319.0,1.8,1.3,2025-04-07,751,Aqua,MODIS,69,61.03,301.4,18.4,D,0
23.4856,92.1929,369.3,1.7,1.3,2025-04-07,751,Aqua,MODIS,100,61.03,304.5,235.2,D,0
23.5087,91.9992,364.5,1.8,1.3,2025-04-07,751,Aqua,MODIS,100,61.03,304.0,207.7,D,0
23.5118,92.0163,318.8,1.8,1.3,2025-04-07,751,Aqua,MODIS,60,61.03,301.8,16.3,D,0
23.5172,91.9924,345.3,1.8,1.3,2025-04-07,751,Aqua,MODIS,93,61.03,304.3,98.9,D,0
23.5204,92.0093,337.7,1.8,1.3,2025-04-07,751,Aqua,MODIS,88,61.03,301.7,69.9,D,0
23.5274,92.1668,314.3,1.7,1.3,2025-04-07,751,Aqua,MODIS,59,61.03,302.0,11.3,D,0
23.6412,92.029,337.0,1.8,1.3,2025-04-07,751,Aqua,MODIS,87,61.03,302.1,70.2,D,0
23.6687,91.9873,314.7,1.8,1.3,2025-04-07,751,Aqua,MODIS,58,61.03,301.5,10.3,D,0
23.6959,92.1355,321.3,1.7,1.3,2025-04-07,751,Aqua,MODIS,73,61.03,301.3,23.6,D,0
23.3438,92.2208,312.3,3.8,1.8,2025-04-07,1424,Terra,MODIS,85,61.03,290.8,69.5,N,0
23.3513,92.2245,324.8,3.8,1.8,2025-04-07,1424,Terra,MODIS,100,61.03,291.5,149.1,N,0
23.3595,92.2166,316.7,3.8,1.8,2025-04-07,1424,Terra,MODIS,94,61.03,290.7,94.4,N,0
23.4153,92.1844,312.4,3.4,1.7,2025-04-08,409,Terra,MODIS,43,61.03,287.6,36.7,D,0
23.4239,92.219,310.2,3.4,1.7,2025-04-08,409,Terra,MODIS,43,61.03,286.9,31.3,D,0
23.4303,92.1881,314.7,3.4,1.7,2025-04-08,409,Terra,MODIS,67,61.03,287.6,51.2,D,0
22.1624,92.4114,317.9,1.5,1.2,2025-04-08,829,Aqua,MODIS,32,61.03,288.3,17.1,D,0
22.1641,92.4249,318.0,1.5,1.2,2025-04-08,829,Aqua,MODIS,27,61.03,289.7,16.7,D,0
22.1684,92.4191,322.6,1.5,1.2,2025-04-08,829,Aqua,MODIS,77,61.03,290.0,25.4,D,0
22.2289,92.2378,319.2,1.4,1.2,2025-04-08,829,Aqua,MODIS,62,61.03,293.3,13.6,D,0
22.2309,92.2306,323.6,1.4,1.2,2025-04-08,829,Aqua,MODIS,78,61.03,293.7,21.7,D,0
22.2679,92.1226,348.1,1.4,1.2,2025-04-08,829,Aqua,MODIS,94,61.03,295.8,81.8,D,0
22.2695,92.136,326.8,1.4,1.2,2025-04-08,829,Aqua,MODIS,81,61.03,294.3,26.2,D,0
22.2732,92.3427,322.5,1.5,1.2,2025-04-08,829,Aqua,MODIS,70,61.03,285.4,26.9,D,0
22.2748,92.3564,333.4,1.5,1.2,2025-04-08,829,Aqua,MODIS,81,61.03,288.7,48.8,D,0
22.2782,92.1211,356.7,1.4,1.2,2025-04-08,829,Aqua,MODIS,98,61.03,295.8,114.2,D,0
22.2798,92.1345,331.4,1.4,1.2,2025-04-08,829,Aqua,MODIS,84,61.03,293.0,36.0,D,0
22.2836,92.0797,330.7,1.4,1.2,2025-04-08,829,Aqua,MODIS,84,61.03,294.6,34.9,D,0
22.293,92.5099,336.9,1.5,1.2,2025-04-08,829,Aqua,MODIS,81,61.03,294.8,56.8,D,0
22.2939,92.0782,328.8,1.4,1.2,2025-04-08,829,Aqua,MODIS,83,61.03,294.2,31.4,D,0
22.3007,92.3939,353.7,1.5,1.2,2025-04-08,829,Aqua,MODIS,73,61.03,288.2,112.2,D,0
22.3023,92.4072,322.9,1.5,1.2,2025-04-08,829,Aqua,MODIS,0,61.03,290.7,23.3,D,0
22.3037,92.5084,321.2,1.5,1.2,2025-04-08,829,Aqua,MODIS,41,61.03,292.2,23.1,D,0
22.3751,92.4359,328.4,1.5,1.2,2025-04-08,829,Aqua,MODIS,82,61.03,293.6,34.1,D,0
22.435,92.2518,313.8,1.5,1.2,2025-04-08,829,Aqua,MODIS,64,61.03,288.5,10.0,D,0
22.4366,92.2654,317.9,1.5,1.2,2025-04-08,829,Aqua,MODIS,71,61.03,288.9,16.8,D,0
22.444,92.4187,320.9,1.5,1.2,2025-04-08,829,Aqua,MODIS,76,61.03,288.3,20.8,D,0
22.4546,92.4175,315.7,1.5,1.2,2025-04-08,829,Aqua,MODIS,58,61.03,287.3,12.4,D,0
22.5952,91.9702,316.9,1.4,1.2,2025-04-08,829,Aqua,MODIS,0,61.03,275.0,22.1,D,0
24.9592,89.5862,316.4,1.1,1.1,2025-04-08,830,Aqua,MODIS,0,61.03,301.9,6.6,D,0
25.0313,89.6452,320.2,1.1,1.1,2025-04-08,830,Aqua,MODIS,0,61.03,303.1,11.2,D,0
23.0152,92.3129,308.9,1.0,1.0,2025-04-08,2037,Aqua,MODIS,76,61.03,293.3,8.2,N,0
23.7009,92.1332,319.4,1.8,1.3,2025-04-09,310,Terra,MODIS,69,61.03,299.2,19.8,D,0
23.2326,92.2452,321.0,1.7,1.3,2025-04-09,311,Terra,MODIS,68,61.03,302.0,17.2,D,0
23.2337,92.2387,318.9,1.7,1.3,2025-04-09,311,Terra,MODIS,67,61.03,301.9,13.9,D,0
23.6699,92.1173,313.3,4.1,1.9,2025-04-09,731,Aqua,MODIS,40,61.03,292.9,59.2,D,0
23.3631,92.2245,319.1,3.7,1.8,2025-04-09,1543,Terra,MODIS,98,61.03,292.2,103.5,N,0
23.367,92.1961,302.1,3.7,1.8,2025-04-09,1543,Terra,MODIS,20,61.03,291.9,19.8,N,0
23.3699,92.231,326.1,3.7,1.8,2025-04-09,1543,Terra,MODIS,100,61.03,292.1,151.3,N,0
23.3791,92.2236,305.7,3.7,1.8,2025-04-09,1543,Terra,MODIS,65,61.03,291.9,35.6,N,0
21.7264,92.4805,321.9,1.7,1.3,2025-04-10,350,Terra,MODIS,78,61.03,295.6,26.7,D,0
21.7272,92.4748,317.6,1.7,1.3,2025-04-10,350,Terra,MODIS,73,61.03,295.2,19.0,D,0
22.6546,91.8662,317.2,1.5,1.2,2025-04-10,350,Terra,MODIS,69,61.03,297.6,11.6,D,0
22.9286,92.3029,311.2,1.6,1.2,2025-04-10,350,Terra,MODIS,51,61.03,291.8,8.1,D,0
23.2898,92.2336,342.6,1.5,1.2,2025-04-10,350,Terra,MODIS,92,61.03,294.8,78.5,D,0
23.2924,92.2188,345.6,1.5,1.2,2025-04-10,350,Terra,MODIS,93,61.03,295.9,87.7,D,0
23.303,92.221,320.1,1.5,1.2,2025-04-10,350,Terra,MODIS,75,61.03,295.8,22.0,D,0
23.3324,92.2422,318.8,1.5,1.2,2025-04-10,350,Terra,MODIS,64,61.03,294.3,18.5,D,0
23.3349,92.2278,338.2,1.5,1.2,2025-04-10,350,Terra,MODIS,89,61.03,295.9,63.1,D,0
23.339,92.1397,334.6,1.5,1.2,2025-04-10,350,Terra,MODIS,87,61.03,297.4,52.1,D,0
23.3415,92.1252,318.8,1.5,1.2,2025-04-10,350,Terra,MODIS,73,61.03,296.1,18.0,D,0
22.4427,92.2251,326.7,1.0,1.0,2025-04-10,809,Aqua,MODIS,78,61.03,299.8,15.7,D,0
22.8333,91.9417,317.1,1.0,1.0,2025-04-10,809,Aqua,MODIS,25,61.03,296.5,5.1,D,0
23.0057,91.9181,337.3,1.0,1.0,2025-04-10,809,Aqua,MODIS,88,61.03,299.7,30.6,D,0
23.0146,91.9165,319.5,1.0,1.0,2025-04-10,809,Aqua,MODIS,49,61.03,299.0,9.1,D,0
23.1249,91.9042,320.2,1.0,1.0,2025-04-10,810,Aqua,MODIS,48,61.03,302.8,9.1,D,0
22.7328,91.8794,308.0,1.7,1.3,2025-04-10,1444,Terra,MODIS,73,61.03,287.2,19.1,N,0
22.7357,91.8959,301.6,1.7,1.3,2025-04-10,1444,Terra,MODIS,35,61.03,285.3,10.3,N,0
23.3935,92.1426,308.7,1.6,1.3,2025-04-10,1444,Terra,MODIS,75,61.03,290.2,16.1,N,0
22.6619,91.9417,308.1,1.5,1.2,2025-04-11,1524,Terra,MODIS,73,61.03,292.0,13.3,N,0
22.0276,92.2914,319.9,1.0,1.0,2025-04-12,331,Terra,MODIS,73,61.03,298.6,10.1,D,0
22.9573,92.3135,327.5,1.0,1.0,2025-04-12,331,Terra,MODIS,81,61.03,301.1,17.6,D,0
22.9586,92.3041,321.7,1.0,1.0,2025-04-12,331,Terra,MODIS,74,61.03,302.2,10.9,D,0
23.1154,92.0614,318.5,1.0,1.0,2025-04-12,331,Terra,MODIS,68,61.03,299.8,9.2,D,0
23.2968,92.2102,316.6,1.0,1.0,2025-04-12,331,Terra,MODIS,67,61.03,296.1,7.6,D,0
21.619,92.2237,347.7,2.0,1.4,2025-04-12,749,Aqua,MODIS,94,61.03,300.6,139.4,D,0
21.6228,92.2434,325.0,2.0,1.4,2025-04-12,749,Aqua,MODIS,75,61.03,301.0,40.8,D,0
21.6588,92.236,339.1,2.0,1.4,2025-04-12,749,Aqua,MODIS,88,61.03,300.9,90.8,D,0
21.6707,92.2334,318.0,2.0,1.4,2025-04-12,749,Aqua,MODIS,47,61.03,301.4,19.9,D,0
21.7719,92.2816,326.6,2.0,1.4,2025-04-12,749,Aqua,MODIS,77,61.03,301.2,45.7,D,0
22.2325,91.829,315.7,2.1,1.4,2025-04-12,749,Aqua,MODIS,0,61.03,298.7,14.0,D,0
22.2361,91.8485,316.4,2.1,1.4,2025-04-12,749,Aqua,MODIS,54,61.03,298.8,17.0,D,2
22.257,92.259,321.2,1.9,1.4,2025-04-12,749,Aqua,MODIS,69,61.03,300.3,25.5,D,0
22.2588,92.2348,314.4,2.0,1.4,2025-04-12,749,Aqua,MODIS,25,61.03,297.2,11.4,D,0
22.2737,92.1167,313.6,2.0,1.4,2025-04-12,749,Aqua,MODIS,33,61.03,298.4,10.4,D,0
23.2092,92.2796,325.6,1.9,1.3,2025-04-12,750,Aqua,MODIS,79,61.03,298.4,36.3,D,0
23.2125,92.2972,322.0,1.8,1.3,2025-04-12,750,Aqua,MODIS,67,61.03,299.6,27.1,D,0
23.2515,92.1361,345.3,1.9,1.3,2025-04-12,750,Aqua,MODIS,93,61.03,299.2,112.1,D,0
23.2547,92.153,318.5,1.9,1.3,2025-04-12,750,Aqua,MODIS,62,61.03,299.0,19.2,D,0
23.2562,92.1418,344.4,1.9,1.3,2025-04-12,750,Aqua,MODIS,92,61.03,299.3,106.8,D,0
23.3793,92.0654,335.3,1.9,1.3,2025-04-12,750,Aqua,MODIS,87,61.03,296.5,78.5,D,0
23.3826,92.0831,314.7,1.9,1.3,2025-04-12,750,Aqua,MODIS,48,61.03,296.5,19.1,D,0
23.5473,92.1628,310.4,1.9,1.3,2025-04-12,750,Aqua,MODIS,45,61.03,292.6,12.4,D,0
23.5607,91.9754,342.0,1.9,1.4,2025-04-12,750,Aqua,MODIS,86,61.03,295.9,105.1,D,0
23.5724,91.9728,352.3,1.9,1.4,2025-04-12,750,Aqua,MODIS,96,61.03,298.3,156.0,D,0
23.5906,91.9621,325.7,1.9,1.4,2025-04-12,750,Aqua,MODIS,80,61.03,295.5,45.8,D,0
23.5958,91.9677,317.8,1.9,1.4,2025-04-12,750,Aqua,MODIS,62,61.03,295.7,24.2,D,0
23.7041,92.1351,309.9,1.9,1.3,2025-04-12,750,Aqua,MODIS,33,61.03,293.1,11.4,D,0
22.2699,92.2249,307.0,3.8,1.8,2025-04-12,1425,Terra,MODIS,70,61.03,294.4,40.1,N,0
22.2768,92.2282,309.9,3.8,1.8,2025-04-12,1425,Terra,MODIS,79,61.03,294.4,49.9,N,0
21.8463,92.1366,322.0,1.3,1.1,2025-04-13,828,Aqua,MODIS,68,61.03,302.8,11.4,D,0
21.9514,92.411,321.2,1.4,1.2,2025-04-13,828,Aqua,MODIS,60,61.03,303.3,8.7,D,0
22.0525,92.4797,328.9,1.4,1.2,2025-04-13,828,Aqua,MODIS,77,61.03,302.5,24.3,D,0
22.0628,92.4788,321.0,1.4,1.2,2025-04-13,828,Aqua,MODIS,43,61.03,303.2,10.3,D,0
22.066,92.5046,332.8,1.4,1.2,2025-04-13,828,Aqua,MODIS,82,61.03,302.1,33.6,D,0
22.891,92.3355,326.3,1.4,1.2,2025-04-13,828,Aqua,MODIS,73,61.03,305.3,17.3,D,0
22.9987,91.8136,341.5,1.3,1.1,2025-04-13,828,Aqua,MODIS,89,61.03,306.2,46.8,D,0
23.1601,92.0461,353.2,1.4,1.2,2025-04-13,828,Aqua,MODIS,96,61.03,306.0,85.9,D,0
23.1617,92.0591,333.5,1.4,1.2,2025-04-13,828,Aqua,MODIS,83,61.03,305.4,29.9,D,0
23.1743,92.3373,327.1,1.4,1.2,2025-04-13,828,Aqua,MODIS,69,61.03,307.0,18.4,D,0
23.1974,92.0146,319.6,1.3,1.1,2025-04-13,828,Aqua,MODIS,59,61.03,302.3,6.5,D,0
23.2119,92.1309,323.7,1.4,1.2,2025-04-13,828,Aqua,MODIS,65,61.03,305.7,10.7,D,0
23.217,91.838,322.2,1.3,1.1,2025-04-13,828,Aqua,MODIS,67,61.03,304.4,9.3,D,0
23.222,92.1293,323.7,1.4,1.2,2025-04-13,828,Aqua,MODIS,63,61.03,305.6,10.8,D,0
23.2367,92.2475,322.4,1.4,1.2,2025-04-13,828,Aqua,MODIS,56,61.03,304.9,9.7,D,0
23.2384,92.2608,337.4,1.4,1.2,2025-04-13,828,Aqua,MODIS,86,61.03,304.8,41.7,D,0
23.3105,92.0965,322.0,1.4,1.2,2025-04-13,828,Aqua,MODIS,57,61.03,304.6,10.4,D,0
23.4354,92.2133,323.6,1.4,1.2,2025-04-13,828,Aqua,MODIS,49,61.03,304.0,14.3,D,0
23.5069,92.0502,316.0,1.4,1.2,2025-04-13,828,Aqua,MODIS,47,61.03,298.5,8.3,D,0
24.1448,89.2846,319.0,1.0,1.0,2025-04-13,829,Aqua,MODIS,63,61.03,302.4,7.8,D,0
24.1832,89.2209,324.8,1.0,1.0,2025-04-13,829,Aqua,MODIS,56,61.03,301.9,12.8,D,0
24.1921,89.2195,323.3,1.0,1.0,2025-04-13,829,Aqua,MODIS,54,61.03,302.2,11.1,D,0
24.1935,89.2293,324.5,1.0,1.0,2025-04-13,829,Aqua,MODIS,60,61.03,302.1,12.3,D,0
24.2208,89.1642,319.1,1.0,1.0,2025-04-13,829,Aqua,MODIS,54,61.03,298.7,8.0,D,0
24.2222,89.1741,320.4,1.0,1.0,2025-04-13,829,Aqua,MODIS,54,61.03,297.5,9.3,D,0
22.9125,92.383,307.7,1.0,1.0,2025-04-13,1505,Terra,MODIS,72,61.03,297.3,4.7,N,0
21.6987,92.465,314.7,1.5,1.2,2025-04-14,312,Terra,MODIS,60,61.03,295.1,10.1,D,0
21.0856,92.1711,320.3,1.1,1.0,2025-04-15,808,Aqua,MODIS,72,61.03,299.2,10.4,D,0
21.6935,92.5723,344.7,1.0,1.0,2025-04-15,808,Aqua,MODIS,93,61.03,301.1,44.7,D,0
21.7098,92.5594,345.1,1.0,1.0,2025-04-15,808,Aqua,MODIS,93,61.03,299.7,44.6,D,0
21.7113,92.5692,330.7,1.0,1.0,2025-04-15,808,Aqua,MODIS,84,61.03,300.4,21.6,D,0
22.769,91.6312,313.8,1.1,1.0,2025-04-15,808,Aqua,MODIS,32,61.03,297.6,6.4,D,0
23.3516,91.9836,319.5,1.0,1.0,2025-04-15,808,Aqua,MODIS,47,61.03,301.8,7.0,D,0
23.3906,92.0577,325.4,1.0,1.0,2025-04-15,808,Aqua,MODIS,79,61.03,302.6,13.9,D,0
23.5495,92.0059,331.4,1.0,1.0,2025-04-15,808,Aqua,MODIS,84,61.03,301.8,24.0,D,0
23.551,92.0158,331.8,1.0,1.0,2025-04-15,808,Aqua,MODIS,84,61.03,300.6,25.3,D,0
23.6457,92.2042,407.9,1.0,1.0,2025-04-15,808,Aqua,MODIS,100,61.03,304.7,308.1,D,0
23.6472,92.2141,384.2,1.0,1.0,2025-04-15,808,Aqua,MODIS,94,61.03,300.8,169.7,D,0
23.6546,92.2026,386.5,1.0,1.0,2025-04-15,808,Aqua,MODIS,94,61.03,302.1,180.9,D,0
23.693,92.2757,326.0,1.0,1.0,2025-04-15,808,Aqua,MODIS,79,61.03,299.4,18.6,D,0
23.6945,92.2853,334.8,1.0,1.0,2025-04-15,808,Aqua,MODIS,86,61.03,300.8,29.2,D,0
23.6989,92.1885,411.9,1.0,1.0,2025-04-15,808,Aqua,MODIS,94,61.03,308.0,338.1,D,0
23.7002,92.138,366.5,1.0,1.0,2025-04-15,808,Aqua,MODIS,100,61.03,304.8,100.7,D,0
23.7004,92.1984,443.7,1.0,1.0,2025-04-15,808,Aqua,MODIS,75,61.03,301.8,650.8,D,0
23.7017,92.1478,335.8,1.0,1.0,2025-04-15,808,Aqua,MODIS,87,61.03,300.1,28.7,D,0
23.7063,92.1773,337.5,1.0,1.0,2025-04-15,808,Aqua,MODIS,88,61.03,298.5,33.0,D,0
23.7078,92.187,365.8,1.0,1.0,2025-04-15,808,Aqua,MODIS,87,61.03,289.3,99.0,D,0
23.7091,92.1365,319.8,1.0,1.0,2025-04-15,808,Aqua,MODIS,54,61.03,299.6,9.4,D,0
23.7106,92.1463,321.5,1.0,1.0,2025-04-15,808,Aqua,MODIS,62,61.03,299.1,10.9,D,0
23.7195,92.1447,333.0,1.0,1.0,2025-04-15,808,Aqua,MODIS,85,61.03,299.7,25.0,D,0
23.3458,92.0966,312.8,1.0,1.0,2025-04-17,332,Terra,MODIS,62,61.03,296.7,5.5,D,0
21.7091,92.1914,315.7,2.2,1.4,2025-04-17,748,Aqua,MODIS,67,61.03,294.6,21.0,D,0
23.3495,92.2248,321.3,2.0,1.4,2025-04-17,748,Aqua,MODIS,52,61.03,296.6,30.6,D,0
23.3614,92.222,321.1,2.0,1.4,2025-04-17,748,Aqua,MODIS,63,61.03,296.0,29.7,D,0
23.3831,92.1377,313.0,2.0,1.4,2025-04-17,748,Aqua,MODIS,29,61.03,287.6,28.4,D,0
22.1219,92.2828,320.1,1.3,1.1,2025-04-18,827,Aqua,MODIS,59,61.03,296.0,11.2,D,0
22.1251,92.2877,321.0,1.3,1.1,2025-04-18,827,Aqua,MODIS,70,61.03,295.4,14.1,D,0
23.1883,92.1352,320.1,1.1,1.0,2025-04-20,807,Aqua,MODIS,75,61.03,296.8,12.1,D,0
24.1366,91.3378,314.6,1.1,1.1,2025-04-20,807,Aqua,MODIS,63,61.03,296.7,7.9,D,0
23.2437,92.2705,325.2,2.2,1.4,2025-04-22,747,Aqua,MODIS,79,61.03,294.4,52.0,D,0
21.1588,92.0829,315.5,1.1,1.1,2025-04-23,825,Aqua,MODIS,43,61.03,300.4,6.3,D,0
21.4679,92.4738,322.4,1.2,1.1,2025-04-23,825,Aqua,MODIS,63,61.03,301.4,13.0,D,0
21.4694,92.4849,320.1,1.2,1.1,2025-04-23,825,Aqua,MODIS,42,61.03,301.0,10.1,D,0
21.4702,92.4168,316.8,1.2,1.1,2025-04-23,825,Aqua,MODIS,53,61.03,301.5,8.1,D,0
21.4775,92.4725,322.9,1.2,1.1,2025-04-23,825,Aqua,MODIS,46,61.03,302.2,13.1,D,0
21.4871,92.4713,344.1,1.2,1.1,2025-04-23,825,Aqua,MODIS,91,61.03,302.8,51.9,D,0
21.5362,92.4467,321.2,1.2,1.1,2025-04-23,825,Aqua,MODIS,66,61.03,302.0,11.1,D,0
21.5376,92.4578,337.8,1.2,1.1,2025-04-23,825,Aqua,MODIS,87,61.03,303.2,38.6,D,0
21.539,92.4689,319.0,1.2,1.1,2025-04-23,825,Aqua,MODIS,60,61.03,302.7,8.1,D,0
21.5648,92.4424,319.4,1.2,1.1,2025-04-23,825,Aqua,MODIS,62,61.03,301.7,9.3,D,0
21.6912,92.2979,317.2,1.2,1.1,2025-04-23,825,Aqua,MODIS,51,61.03,301.2,7.2,D,0
21.7159,92.3394,327.1,1.2,1.1,2025-04-23,825,Aqua,MODIS,76,61.03,303.2,18.5,D,0
21.717,92.4992,327.9,1.2,1.1,2025-04-23,825,Aqua,MODIS,76,61.03,302.9,18.9,D,0
21.7185,92.5105,325.7,1.2,1.1,2025-04-23,825,Aqua,MODIS,70,61.03,302.7,14.9,D,0
21.7266,92.4978,324.3,1.2,1.1,2025-04-23,825,Aqua,MODIS,71,61.03,303.3,14.4,D,0
21.7281,92.509,320.1,1.2,1.1,2025-04-23,825,Aqua,MODIS,58,61.03,302.9,7.9,D,0
21.7745,92.3009,327.1,1.2,1.1,2025-04-23,825,Aqua,MODIS,76,61.03,302.6,18.4,D,0
21.7777,92.4015,332.2,1.2,1.1,2025-04-23,825,Aqua,MODIS,82,61.03,303.5,26.9,D,0
21.7953,92.3872,321.8,1.2,1.1,2025-04-23,825,Aqua,MODIS,67,61.03,302.4,11.1,D,0
21.8072,92.4794,321.2,1.2,1.1,2025-04-23,825,Aqua,MODIS,30,61.03,303.0,7.8,D,0
21.808,92.4099,328.6,1.2,1.1,2025-04-23,825,Aqua,MODIS,78,61.03,303.8,20.1,D,0
21.8153,92.4664,353.8,1.2,1.1,2025-04-23,825,Aqua,MODIS,97,61.03,304.7,76.2,D,0
21.8168,92.4778,393.0,1.2,1.1,2025-04-23,825,Aqua,MODIS,100,61.03,306.9,266.3,D,0
21.8285,92.5691,323.1,1.2,1.1,2025-04-23,825,Aqua,MODIS,69,61.03,303.0,15.2,D,0
21.8299,92.5801,348.3,1.2,1.1,2025-04-23,825,Aqua,MODIS,94,61.03,303.3,66.5,D,0
21.8633,92.4591,322.2,1.2,1.1,2025-04-23,825,Aqua,MODIS,68,61.03,302.6,10.6,D,0
21.8648,92.4708,342.4,1.2,1.1,2025-04-23,825,Aqua,MODIS,90,61.03,303.6,47.7,D,0
21.8671,92.4646,333.3,1.2,1.1,2025-04-23,825,Aqua,MODIS,83,61.03,303.4,28.9,D,0
21.8686,92.4764,323.7,1.2,1.1,2025-04-23,825,Aqua,MODIS,70,61.03,302.3,13.7,D,0
21.9359,92.466,338.7,1.2,1.1,2025-04-23,825,Aqua,MODIS,87,61.03,302.2,40.4,D,0
21.9373,92.4772,318.1,1.2,1.1,2025-04-23,825,Aqua,MODIS,31,61.03,301.5,7.4,D,0
21.9425,92.4416,318.3,1.2,1.1,2025-04-23,825,Aqua,MODIS,55,61.03,301.8,7.8,D,0
21.9614,92.4781,323.2,1.2,1.1,2025-04-23,825,Aqua,MODIS,67,61.03,303.4,14.0,D,0
21.9615,92.2489,318.5,1.2,1.1,2025-04-23,825,Aqua,MODIS,58,61.03,301.6,8.5,D,0
21.9628,92.4888,321.4,1.2,1.1,2025-04-23,825,Aqua,MODIS,59,61.03,301.8,12.5,D,0
21.9629,92.2601,319.2,1.2,1.1,2025-04-23,825,Aqua,MODIS,60,61.03,301.5,9.2,D,0
22.0171,92.3777,321.0,1.2,1.1,2025-04-23,825,Aqua,MODIS,65,61.03,301.2,11.1,D,0
22.0273,92.2779,323.0,1.2,1.1,2025-04-23,825,Aqua,MODIS,45,61.03,301.9,12.4,D,0
22.0463,92.2748,323.9,1.2,1.1,2025-04-23,825,Aqua,MODIS,57,61.03,301.6,13.0,D,0
22.1362,92.5171,327.1,1.2,1.1,2025-04-23,825,Aqua,MODIS,76,61.03,301.0,22.9,D,0
22.2891,92.354,319.4,1.2,1.1,2025-04-23,825,Aqua,MODIS,62,61.03,301.5,8.8,D,0
22.2906,92.3654,321.0,1.2,1.1,2025-04-23,825,Aqua,MODIS,66,61.03,301.5,11.0,D,0
22.7501,92.3577,336.4,1.2,1.1,2025-04-23,825,Aqua,MODIS,81,61.03,296.3,39.2,D,0
22.7584,92.3455,329.0,1.2,1.1,2025-04-23,825,Aqua,MODIS,75,61.03,296.5,24.8,D,0
22.7598,92.3565,338.2,1.2,1.1,2025-04-23,825,Aqua,MODIS,87,61.03,296.8,42.8,D,0
22.7705,92.4389,316.4,1.2,1.1,2025-04-23,825,Aqua,MODIS,41,61.03,295.1,7.0,D,0
22.8586,92.3063,320.5,1.2,1.1,2025-04-23,825,Aqua,MODIS,60,61.03,296.4,12.5,D,0
22.86,92.3174,317.7,1.2,1.1,2025-04-23,825,Aqua,MODIS,37,61.03,295.9,9.1,D,0
22.9302,89.6912,325.2,1.0,1.0,2025-04-23,826,Aqua,MODIS,74,61.03,305.2,11.7,D,0
23.2414,92.2719,336.1,1.2,1.1,2025-04-23,826,Aqua,MODIS,87,61.03,296.5,40.6,D,0
21.7814,92.2819,309.8,1.0,1.0,2025-04-23,1507,Terra,MODIS,78,61.03,297.2,6.9,N,0
21.2527,92.2072,313.5,1.2,1.1,2025-04-25,805,Aqua,MODIS,49,61.03,300.3,6.4,D,0
21.2884,92.61,331.6,1.1,1.1,2025-04-25,805,Aqua,MODIS,83,61.03,299.5,27.5,D,0
21.2901,92.6204,323.1,1.1,1.1,2025-04-25,805,Aqua,MODIS,50,61.03,300.3,15.3,D,0
21.2977,92.6082,328.6,1.1,1.1,2025-04-25,805,Aqua,MODIS,66,61.03,301.6,22.7,D,0
21.3069,92.6066,320.6,1.1,1.1,2025-04-25,805,Aqua,MODIS,33,61.03,300.1,12.7,D,0
21.3536,92.6128,320.7,1.1,1.1,2025-04-25,805,Aqua,MODIS,70,61.03,301.1,13.4,D,0
21.4312,92.5818,338.4,1.1,1.1,2025-04-25,805,Aqua,MODIS,88,61.03,302.5,39.2,D,0
21.4329,92.5923,319.2,1.1,1.1,2025-04-25,805,Aqua,MODIS,65,61.03,301.8,10.6,D,0
21.4404,92.5801,327.5,1.1,1.1,2025-04-25,805,Aqua,MODIS,79,61.03,302.1,20.1,D,0
21.4421,92.5906,332.9,1.1,1.1,2025-04-25,805,Aqua,MODIS,84,61.03,303.0,28.9,D,0
21.4439,92.6014,320.5,1.1,1.1,2025-04-25,805,Aqua,MODIS,70,61.03,301.6,11.7,D,0
21.4656,92.4999,324.0,1.1,1.1,2025-04-25,805,Aqua,MODIS,76,61.03,301.5,16.5,D,0
21.4673,92.5106,367.7,1.1,1.1,2025-04-25,805,Aqua,MODIS,100,61.03,303.1,121.9,D,0
21.4706,92.4109,316.4,1.1,1.1,2025-04-25,805,Aqua,MODIS,42,61.03,299.7,7.7,D,0
21.4866,92.5717,319.8,1.1,1.1,2025-04-25,805,Aqua,MODIS,60,61.03,299.5,10.8,D,0
21.4883,92.4625,320.0,1.1,1.1,2025-04-25,805,Aqua,MODIS,70,61.03,301.2,11.1,D,0
21.4992,92.5912,321.6,1.1,1.1,2025-04-25,805,Aqua,MODIS,69,61.03,297.8,12.5,D,0
21.5105,92.4958,318.0,1.1,1.1,2025-04-25,805,Aqua,MODIS,65,61.03,300.6,10.3,D,0
21.519,92.5484,322.0,1.1,1.1,2025-04-25,805,Aqua,MODIS,68,61.03,300.9,13.3,D,0
21.5207,92.559,334.0,1.1,1.1,2025-04-25,805,Aqua,MODIS,85,61.03,301.3,30.5,D,0
21.5299,92.5571,325.5,1.1,1.1,2025-04-25,805,Aqua,MODIS,65,61.03,301.5,16.8,D,0
21.5372,92.4246,330.0,1.1,1.1,2025-04-25,805,Aqua,MODIS,82,61.03,299.7,24.2,D,0
21.5389,92.4354,341.0,1.1,1.1,2025-04-25,805,Aqua,MODIS,90,61.03,301.4,43.7,D,0
21.5568,92.4873,322.6,1.1,1.1,2025-04-25,805,Aqua,MODIS,73,61.03,301.7,15.5,D,0
21.5585,92.498,319.1,1.1,1.1,2025-04-25,805,Aqua,MODIS,66,61.03,297.4,11.3,D,0
21.5793,92.4113,342.8,1.1,1.1,2025-04-25,805,Aqua,MODIS,91,61.03,303.6,48.0,D,0
21.5874,92.3436,324.8,1.1,1.1,2025-04-25,805,Aqua,MODIS,60,61.03,302.0,14.9,D,0
21.5916,92.3099,325.7,1.2,1.1,2025-04-25,805,Aqua,MODIS,68,61.03,303.0,16.8,D,0
21.5933,92.3205,357.5,1.2,1.1,2025-04-25,805,Aqua,MODIS,98,61.03,303.6,84.5,D,0
21.595,92.3312,327.0,1.2,1.1,2025-04-25,805,Aqua,MODIS,47,61.03,301.7,16.3,D,0
21.599,92.4738,328.7,1.1,1.1,2025-04-25,805,Aqua,MODIS,80,61.03,302.8,23.3,D,0
21.6026,92.3185,325.0,1.2,1.1,2025-04-25,805,Aqua,MODIS,77,61.03,298.9,15.4,D,0
21.6089,92.4168,335.5,1.1,1.1,2025-04-25,805,Aqua,MODIS,86,61.03,302.2,32.3,D,0
21.6106,92.4275,321.8,1.1,1.1,2025-04-25,805,Aqua,MODIS,71,61.03,301.5,11.8,D,0
21.6182,92.4151,321.3,1.1,1.1,2025-04-25,805,Aqua,MODIS,68,61.03,301.0,11.6,D,0
21.6316,92.3794,350.6,1.1,1.1,2025-04-25,805,Aqua,MODIS,95,61.03,301.2,66.7,D,0
21.6333,92.3901,328.4,1.1,1.1,2025-04-25,805,Aqua,MODIS,80,61.03,299.7,21.3,D,0
21.6455,92.4665,325.6,1.1,1.1,2025-04-25,805,Aqua,MODIS,61,61.03,298.8,18.8,D,0
21.6612,92.3851,320.9,1.1,1.1,2025-04-25,805,Aqua,MODIS,46,61.03,300.7,12.1,D,0
21.6759,92.432,320.1,1.1,1.1,2025-04-25,805,Aqua,MODIS,69,61.03,300.1,11.9,D,0
21.6777,92.4429,335.9,1.1,1.1,2025-04-25,805,Aqua,MODIS,86,61.03,299.4,35.1,D,0
21.6987,92.5136,339.0,1.1,1.1,2025-04-25,805,Aqua,MODIS,89,61.03,302.6,38.1,D,0
21.7004,92.5239,325.7,1.1,1.1,2025-04-25,805,Aqua,MODIS,68,61.03,302.7,15.6,D,0
21.7063,92.5014,320.8,1.1,1.1,2025-04-25,805,Aqua,MODIS,63,61.03,297.1,10.5,D,0
21.708,92.5122,339.9,1.1,1.1,2025-04-25,805,Aqua,MODIS,89,61.03,300.2,39.5,D,0
21.7135,92.3685,340.4,1.1,1.1,2025-04-25,805,Aqua,MODIS,90,61.03,303.7,42.8,D,0
21.7274,92.5735,331.4,1.1,1.1,2025-04-25,805,Aqua,MODIS,83,61.03,303.6,23.9,D,0
21.7291,92.5843,323.7,1.1,1.1,2025-04-25,805,Aqua,MODIS,55,61.03,300.3,14.2,D,0
21.7306,92.4753,320.0,1.1,1.1,2025-04-25,805,Aqua,MODIS,65,61.03,303.7,9.4,D,0
21.7323,92.4859,331.2,1.1,1.1,2025-04-25,805,Aqua,MODIS,83,61.03,304.8,24.5,D,0
21.7516,92.5472,331.3,1.1,1.1,2025-04-25,805,Aqua,MODIS,75,61.03,300.8,22.7,D,0
21.752,92.3336,322.4,1.1,1.1,2025-04-25,805,Aqua,MODIS,63,61.03,301.7,13.0,D,0
21.7566,92.459,319.5,1.1,1.1,2025-04-25,805,Aqua,MODIS,55,61.03,301.9,8.4,D,0
21.7608,92.5455,324.5,1.1,1.1,2025-04-25,805,Aqua,MODIS,72,61.03,300.1,14.9,D,0
21.7614,92.3319,333.6,1.1,1.1,2025-04-25,805,Aqua,MODIS,85,61.03,299.6,28.3,D,0
21.772,92.3969,332.5,1.1,1.1,2025-04-25,805,Aqua,MODIS,84,61.03,301.3,28.1,D,0
21.7763,92.4824,345.8,1.1,1.1,2025-04-25,805,Aqua,MODIS,93,61.03,306.1,51.4,D,0
21.7781,92.4932,324.1,1.1,1.1,2025-04-25,805,Aqua,MODIS,58,61.03,304.0,13.4,D,0
21.78,92.3284,325.5,1.1,1.1,2025-04-25,805,Aqua,MODIS,78,61.03,302.4,17.1,D,0
21.7817,92.3392,324.3,1.1,1.1,2025-04-25,805,Aqua,MODIS,72,61.03,302.6,15.1,D,0
21.7835,92.3499,333.7,1.1,1.1,2025-04-25,805,Aqua,MODIS,85,61.03,301.7,29.4,D,0
21.7912,92.1593,316.9,1.2,1.1,2025-04-25,805,Aqua,MODIS,65,61.03,301.3,7.4,D,0
21.8116,92.4653,320.4,1.1,1.1,2025-04-25,805,Aqua,MODIS,39,61.03,299.7,9.2,D,0
21.8352,92.4936,320.3,1.1,1.1,2025-04-25,805,Aqua,MODIS,38,61.03,299.3,11.0,D,0
21.842,92.2547,322.6,1.2,1.1,2025-04-25,805,Aqua,MODIS,74,61.03,300.1,15.3,D,0
21.8469,92.4475,320.8,1.1,1.1,2025-04-25,805,Aqua,MODIS,71,61.03,299.2,10.8,D,0
21.8486,92.4584,318.5,1.1,1.1,2025-04-25,805,Aqua,MODIS,67,61.03,300.3,8.3,D,0
21.8733,92.4469,320.2,1.1,1.1,2025-04-25,805,Aqua,MODIS,48,61.03,302.1,8.9,D,0
21.8748,92.3385,322.6,1.1,1.1,2025-04-25,805,Aqua,MODIS,66,61.03,301.4,14.7,D,0
21.8823,92.3255,326.8,1.1,1.1,2025-04-25,805,Aqua,MODIS,79,61.03,299.1,20.2,D,0
21.9068,92.4186,331.1,1.1,1.1,2025-04-25,805,Aqua,MODIS,83,61.03,302.1,25.9,D,0
21.9169,92.362,337.4,1.1,1.1,2025-04-25,805,Aqua,MODIS,88,61.03,300.1,34.4,D,0
21.9195,92.3188,324.4,1.1,1.1,2025-04-25,805,Aqua,MODIS,76,61.03,300.0,17.9,D,0
21.9203,92.3832,323.2,1.1,1.1,2025-04-25,805,Aqua,MODIS,70,61.03,298.4,13.3,D,0
21.9319,92.2995,327.1,1.1,1.1,2025-04-25,805,Aqua,MODIS,79,61.03,300.4,19.7,D,0
21.9338,92.3106,330.4,1.1,1.1,2025-04-25,805,Aqua,MODIS,82,61.03,300.4,24.8,D,0
21.9412,92.2976,322.8,1.1,1.1,2025-04-25,805,Aqua,MODIS,59,61.03,301.1,14.2,D,0
21.9423,92.3627,324.0,1.1,1.1,2025-04-25,805,Aqua,MODIS,76,61.03,302.6,16.3,D,0
21.9487,92.2848,357.0,1.1,1.1,2025-04-25,805,Aqua,MODIS,98,61.03,302.6,83.2,D,0
21.958,92.2831,325.4,1.1,1.1,2025-04-25,805,Aqua,MODIS,44,61.03,300.8,16.1,D,0
21.9633,92.3154,327.3,1.1,1.1,2025-04-25,805,Aqua,MODIS,64,61.03,295.5,18.9,D,0
21.9684,92.3469,331.5,1.1,1.1,2025-04-25,805,Aqua,MODIS,74,61.03,300.6,26.6,D,0
21.9688,92.4672,328.0,1.1,1.1,2025-04-25,805,Aqua,MODIS,80,61.03,301.2,21.0,D,0
21.9933,92.5601,317.4,1.1,1.1,2025-04-25,805,Aqua,MODIS,30,61.03,302.8,9.2,D,0
21.9949,92.5707,316.1,1.1,1.1,2025-04-25,805,Aqua,MODIS,25,61.03,301.2,8.1,D,0
22.0008,92.548,320.6,1.1,1.1,2025-04-25,805,Aqua,MODIS,69,61.03,301.6,11.9,D,0
22.0022,92.4389,321.8,1.1,1.1,2025-04-25,805,Aqua,MODIS,72,61.03,302.5,12.1,D,0
22.0024,92.5584,337.9,1.1,1.1,2025-04-25,805,Aqua,MODIS,88,61.03,301.9,37.9,D,0
22.0028,92.2634,338.3,1.1,1.1,2025-04-25,805,Aqua,MODIS,88,61.03,296.6,39.2,D,0
22.0046,92.2745,351.9,1.1,1.1,2025-04-25,805,Aqua,MODIS,96,61.03,295.9,70.5,D,0
22.0115,92.4374,319.3,1.1,1.1,2025-04-25,805,Aqua,MODIS,68,61.03,301.9,9.0,D,0
22.0198,92.3702,332.1,1.1,1.1,2025-04-25,805,Aqua,MODIS,84,61.03,301.5,26.9,D,0
22.0233,92.5112,321.6,1.1,1.1,2025-04-25,805,Aqua,MODIS,38,61.03,301.2,12.2,D,0
22.0291,92.3686,346.6,1.1,1.1,2025-04-25,805,Aqua,MODIS,93,61.03,303.3,56.3,D,0
22.0325,92.5097,337.8,1.1,1.1,2025-04-25,805,Aqua,MODIS,88,61.03,301.7,36.1,D,0
22.0346,92.2394,321.5,1.1,1.1,2025-04-25,805,Aqua,MODIS,66,61.03,299.8,12.1,D,0
22.0381,92.2612,331.7,1.1,1.1,2025-04-25,805,Aqua,MODIS,83,61.03,300.9,26.6,D,0
22.0417,92.508,323.8,1.1,1.1,2025-04-25,805,Aqua,MODIS,67,61.03,300.6,15.6,D,0
22.0434,92.2936,328.9,1.1,1.1,2025-04-25,805,Aqua,MODIS,57,61.03,301.0,21.9,D,0
22.0451,92.3038,336.7,1.1,1.1,2025-04-25,805,Aqua,MODIS,86,61.03,301.7,35.4,D,0
22.0527,92.2917,320.9,1.1,1.1,2025-04-25,805,Aqua,MODIS,44,61.03,298.4,11.4,D,0
22.0543,92.3021,321.3,1.1,1.1,2025-04-25,805,Aqua,MODIS,23,61.03,299.0,12.3,D,0
22.0617,92.4655,352.3,1.1,1.1,2025-04-25,805,Aqua,MODIS,96,61.03,298.6,69.5,D,0
22.0625,92.2341,320.3,1.1,1.1,2025-04-25,805,Aqua,MODIS,70,61.03,302.9,9.6,D,0
22.0663,92.3763,317.2,1.1,1.1,2025-04-25,805,Aqua,MODIS,64,61.03,301.3,8.2,D,0
22.0709,92.4634,315.6,1.1,1.1,2025-04-25,805,Aqua,MODIS,49,61.03,296.9,7.2,D,0
22.0861,92.5579,315.4,1.1,1.1,2025-04-25,805,Aqua,MODIS,51,61.03,299.4,7.9,D,0
22.0935,92.5451,326.4,1.1,1.1,2025-04-25,805,Aqua,MODIS,78,61.03,301.3,19.6,D,0
22.0952,92.5557,327.8,1.1,1.1,2025-04-25,805,Aqua,MODIS,79,61.03,301.0,21.6,D,0
22.1034,92.3697,322.4,1.1,1.1,2025-04-25,805,Aqua,MODIS,69,61.03,299.8,13.0,D,0
22.1082,92.2431,326.9,1.1,1.1,2025-04-25,805,Aqua,MODIS,79,61.03,300.5,18.9,D,0
22.1109,92.3572,324.1,1.1,1.1,2025-04-25,805,Aqua,MODIS,76,61.03,298.4,14.6,D,0
22.1766,92.2513,316.6,1.1,1.1,2025-04-25,805,Aqua,MODIS,64,61.03,301.4,6.5,D,0
22.1783,92.262,316.4,1.1,1.1,2025-04-25,805,Aqua,MODIS,53,61.03,301.2,6.3,D,0
22.2334,92.3219,331.4,1.1,1.1,2025-04-25,805,Aqua,MODIS,83,61.03,303.0,23.4,D,0
22.2426,92.3201,322.5,1.1,1.1,2025-04-25,805,Aqua,MODIS,74,61.03,302.7,11.6,D,0
22.2474,92.2312,312.6,1.1,1.1,2025-04-25,805,Aqua,MODIS,43,61.03,298.3,3.4,D,0
22.2945,92.0719,384.4,1.2,1.1,2025-04-25,805,Aqua,MODIS,100,61.03,305.2,204.6,D,0
22.2963,92.0828,350.9,1.2,1.1,2025-04-25,805,Aqua,MODIS,95,61.03,300.7,69.6,D,0
22.2991,92.3752,333.5,1.1,1.1,2025-04-25,805,Aqua,MODIS,85,61.03,302.1,28.6,D,0
22.3039,92.0701,380.5,1.2,1.1,2025-04-25,805,Aqua,MODIS,100,61.03,303.2,184.2,D,0
22.3056,92.081,327.0,1.2,1.1,2025-04-25,805,Aqua,MODIS,79,61.03,299.3,21.3,D,0
22.3249,92.3761,325.1,1.1,1.1,2025-04-25,805,Aqua,MODIS,74,61.03,301.4,17.4,D,0
22.3254,92.321,327.0,1.1,1.1,2025-04-25,805,Aqua,MODIS,79,61.03,301.3,19.1,D,0
22.3524,92.3702,323.5,1.1,1.1,2025-04-25,805,Aqua,MODIS,75,61.03,301.3,14.6,D,0
22.4096,92.2653,334.3,1.1,1.1,2025-04-25,805,Aqua,MODIS,81,61.03,300.1,28.0,D,0
22.4224,92.285,344.1,1.1,1.1,2025-04-25,805,Aqua,MODIS,92,61.03,296.8,47.5,D,0
22.4247,92.2403,322.2,1.1,1.1,2025-04-25,805,Aqua,MODIS,71,61.03,299.6,14.1,D,0
22.4266,92.5393,322.7,1.1,1.0,2025-04-25,805,Aqua,MODIS,74,61.03,300.2,14.3,D,0
22.4316,92.2833,337.2,1.1,1.1,2025-04-25,805,Aqua,MODIS,88,61.03,298.0,35.7,D,0
22.4409,92.2816,334.8,1.1,1.1,2025-04-25,805,Aqua,MODIS,84,61.03,298.5,31.0,D,0
22.4426,92.2924,349.1,1.1,1.1,2025-04-25,805,Aqua,MODIS,95,61.03,300.0,60.5,D,0
22.4737,92.4272,318.7,1.1,1.1,2025-04-25,805,Aqua,MODIS,68,61.03,300.6,9.7,D,0
22.5459,92.1234,315.3,1.1,1.1,2025-04-25,805,Aqua,MODIS,62,61.03,300.0,6.6,D,0
22.6241,92.3865,334.3,1.1,1.1,2025-04-25,805,Aqua,MODIS,81,61.03,298.4,32.7,D,0
22.769,92.0175,316.3,1.2,1.1,2025-04-25,805,Aqua,MODIS,64,61.03,298.4,8.9,D,0
22.7707,92.0282,319.5,1.2,1.1,2025-04-25,805,Aqua,MODIS,70,61.03,299.3,12.2,D,0
22.8211,92.1627,314.7,1.1,1.1,2025-04-25,805,Aqua,MODIS,59,61.03,298.5,6.4,D,0
22.8891,92.3086,315.6,1.1,1.1,2025-04-25,805,Aqua,MODIS,39,61.03,298.9,6.3,D,0
22.9656,91.968,320.2,1.2,1.1,2025-04-25,805,Aqua,MODIS,72,61.03,299.8,12.9,D,0
22.9673,91.979,325.1,1.2,1.1,2025-04-25,805,Aqua,MODIS,78,61.03,299.7,19.1,D,0
23.1414,92.2628,326.7,1.1,1.1,2025-04-25,805,Aqua,MODIS,79,61.03,300.2,18.7,D,0
23.1498,92.0201,327.2,1.1,1.1,2025-04-25,805,Aqua,MODIS,80,61.03,300.5,20.3,D,0
23.2034,91.9597,313.8,1.1,1.1,2025-04-25,805,Aqua,MODIS,58,61.03,296.8,5.3,D,0
23.2392,92.239,315.1,1.1,1.1,2025-04-25,805,Aqua,MODIS,58,61.03,299.9,5.8,D,0
23.3701,92.1198,319.2,1.1,1.1,2025-04-25,805,Aqua,MODIS,71,61.03,299.3,11.8,D,0
23.4639,92.0238,324.9,1.1,1.1,2025-04-25,805,Aqua,MODIS,78,61.03,296.9,18.7,D,0
23.5173,92.1775,385.8,1.1,1.1,2025-04-25,805,Aqua,MODIS,100,61.03,302.2,200.1,D,0
23.519,92.188,341.2,1.1,1.1,2025-04-25,805,Aqua,MODIS,91,61.03,299.1,43.5,D,0
23.5207,92.1986,326.2,1.1,1.1,2025-04-25,805,Aqua,MODIS,79,61.03,298.9,19.6,D,0
23.5224,92.2091,322.6,1.1,1.0,2025-04-25,805,Aqua,MODIS,75,61.03,296.8,15.3,D,0
21.7649,92.532,309.5,1.4,1.2,2025-04-25,1447,Terra,MODIS,75,61.03,295.0,11.0,N,0
22.2964,92.192,313.7,1.4,1.2,2025-04-25,1448,Terra,MODIS,87,61.03,294.1,16.1,N,0
21.266,92.6227,326.0,2.6,1.5,2025-04-26,844,Aqua,MODIS,73,61.03,297.0,66.0,D,0
21.3155,92.6095,332.3,2.6,1.5,2025-04-26,844,Aqua,MODIS,81,61.03,297.6,101.0,D,0
21.3174,92.591,322.3,2.5,1.5,2025-04-26,844,Aqua,MODIS,66,61.03,297.2,54.1,D,0
21.3202,92.6166,323.4,2.6,1.5,2025-04-26,844,Aqua,MODIS,68,61.03,297.7,58.7,D,0
21.4323,92.4721,322.4,2.5,1.5,2025-04-26,844,Aqua,MODIS,34,61.03,300.1,39.6,D,0
21.4615,92.4913,321.9,2.5,1.5,2025-04-26,844,Aqua,MODIS,39,61.03,299.6,39.1,D,0
21.4915,92.552,318.5,2.5,1.5,2025-04-26,844,Aqua,MODIS,48,61.03,297.8,33.5,D,0
21.496,92.5594,322.5,2.5,1.5,2025-04-26,844,Aqua,MODIS,66,61.03,297.8,50.8,D,0
21.527,92.498,327.5,2.5,1.5,2025-04-26,844,Aqua,MODIS,62,61.03,298.6,56.9,D,0
21.5602,92.4259,321.3,2.5,1.5,2025-04-26,844,Aqua,MODIS,34,61.03,300.2,30.0,D,0
21.5736,92.424,338.0,2.5,1.5,2025-04-26,844,Aqua,MODIS,86,61.03,300.5,109.0,D,0
21.576,92.4465,344.7,2.5,1.5,2025-04-26,844,Aqua,MODIS,91,61.03,300.1,151.4,D,0
21.5816,92.418,330.5,2.5,1.5,2025-04-26,844,Aqua,MODIS,66,61.03,299.0,65.0,D,0
21.5838,92.4407,361.6,2.5,1.5,2025-04-26,844,Aqua,MODIS,100,61.03,300.8,299.5,D,0
21.5893,92.4445,339.5,2.5,1.5,2025-04-26,844,Aqua,MODIS,87,61.03,299.9,116.9,D,0
21.5972,92.439,332.5,2.5,1.5,2025-04-26,844,Aqua,MODIS,73,61.03,299.8,78.7,D,0
21.5988,92.3225,318.1,2.5,1.5,2025-04-26,844,Aqua,MODIS,34,61.03,300.7,22.1,D,0
21.6583,92.4015,332.4,2.5,1.5,2025-04-26,844,Aqua,MODIS,80,61.03,298.8,83.5,D,0
21.6594,92.3854,323.4,2.5,1.5,2025-04-26,844,Aqua,MODIS,50,61.03,299.6,38.0,D,0
21.6619,92.4088,327.8,2.5,1.5,2025-04-26,844,Aqua,MODIS,69,61.03,298.4,59.3,D,0
21.7349,92.4863,324.6,2.5,1.5,2025-04-26,844,Aqua,MODIS,68,61.03,299.2,47.0,D,0
21.7424,92.4811,324.7,2.5,1.5,2025-04-26,844,Aqua,MODIS,52,61.03,298.6,46.0,D,0
21.758,92.3198,320.8,2.5,1.5,2025-04-26,844,Aqua,MODIS,34,61.03,298.1,28.6,D,0
21.7888,92.4006,322.0,2.5,1.5,2025-04-26,844,Aqua,MODIS,61,61.03,299.0,38.2,D,0
21.821,92.4493,322.1,2.5,1.5,2025-04-26,844,Aqua,MODIS,61,61.03,297.8,39.8,D,0
21.8233,92.4718,327.3,2.5,1.5,2025-04-26,844,Aqua,MODIS,73,61.03,298.4,65.6,D,0
21.8638,92.4674,323.1,2.5,1.5,2025-04-26,844,Aqua,MODIS,57,61.03,297.7,42.6,D,0
21.889,92.4811,324.8,2.5,1.5,2025-04-26,844,Aqua,MODIS,56,61.03,299.1,50.8,D,0
21.9251,92.3531,323.2,2.5,1.5,2025-04-26,844,Aqua,MODIS,59,61.03,299.7,41.5,D,0
21.9306,92.3574,319.5,2.5,1.5,2025-04-26,844,Aqua,MODIS,34,61.03,299.5,28.3,D,0
21.9405,92.4507,335.5,2.5,1.5,2025-04-26,844,Aqua,MODIS,83,61.03,300.2,101.3,D,0
21.9478,92.4444,329.7,2.5,1.5,2025-04-26,844,Aqua,MODIS,77,61.03,300.2,71.9,D,0
21.9502,92.4684,323.2,2.5,1.5,2025-04-26,844,Aqua,MODIS,66,61.03,300.2,45.2,D,0
21.984,92.5328,319.4,2.6,1.5,2025-04-26,844,Aqua,MODIS,34,61.03,297.2,35.3,D,0
21.9977,92.5322,321.3,2.6,1.5,2025-04-26,844,Aqua,MODIS,52,61.03,297.8,42.7,D,0
22.0606,92.5172,317.1,2.6,1.5,2025-04-26,844,Aqua,MODIS,25,61.03,298.6,29.5,D,0
22.0943,92.4439,319.0,2.5,1.5,2025-04-26,844,Aqua,MODIS,53,61.03,296.7,34.8,D,0
22.1151,92.4374,319.5,2.5,1.5,2025-04-26,844,Aqua,MODIS,38,61.03,297.7,33.6,D,0
22.1215,92.4419,325.5,2.5,1.5,2025-04-26,844,Aqua,MODIS,66,61.03,298.0,58.0,D,0
22.1309,92.4592,338.4,2.6,1.5,2025-04-26,844,Aqua,MODIS,87,61.03,297.8,127.0,D,0
22.135,92.4407,327.3,2.5,1.5,2025-04-26,844,Aqua,MODIS,75,61.03,298.0,66.3,D,0
22.1374,92.463,331.8,2.6,1.5,2025-04-26,844,Aqua,MODIS,80,61.03,297.0,90.5,D,0
22.162,92.3609,318.9,2.5,1.5,2025-04-26,844,Aqua,MODIS,43,61.03,298.8,23.1,D,0
22.2164,92.3939,327.3,2.5,1.5,2025-04-26,844,Aqua,MODIS,76,61.03,299.4,62.3,D,0
22.2207,92.4008,322.7,2.5,1.5,2025-04-26,844,Aqua,MODIS,61,61.03,298.9,39.9,D,0
22.234,92.2974,323.3,2.5,1.5,2025-04-26,844,Aqua,MODIS,70,61.03,300.3,38.6,D,0
22.2363,92.3206,332.0,2.5,1.5,2025-04-26,844,Aqua,MODIS,81,61.03,300.2,78.4,D,0
22.3024,92.3553,317.5,2.5,1.5,2025-04-26,844,Aqua,MODIS,51,61.03,299.9,21.8,D,0
23.2767,92.327,319.4,2.6,1.5,2025-04-26,844,Aqua,MODIS,64,61.03,299.6,35.6,D,0
21.4993,92.5591,318.1,2.5,1.5,2025-04-27,745,Aqua,MODIS,59,61.03,299.6,31.2,D,0
21.5525,92.5627,320.1,2.5,1.5,2025-04-27,745,Aqua,MODIS,60,61.03,302.2,34.4,D,0
21.5571,92.5867,324.5,2.4,1.5,2025-04-27,745,Aqua,MODIS,72,61.03,301.8,50.0,D,0
21.8283,92.2835,316.3,2.5,1.5,2025-04-27,745,Aqua,MODIS,51,61.03,298.8,26.5,D,0
21.8605,92.4461,315.8,2.5,1.5,2025-04-27,745,Aqua,MODIS,26,61.03,299.2,19.6,D,0
21.864,92.4528,316.9,2.5,1.5,2025-04-27,745,Aqua,MODIS,30,61.03,299.0,22.8,D,0
21.8736,92.443,316.4,2.5,1.5,2025-04-27,745,Aqua,MODIS,44,61.03,298.8,21.3,D,0
21.8813,92.2713,319.1,2.5,1.5,2025-04-27,745,Aqua,MODIS,62,61.03,296.8,39.3,D,0
21.8865,92.4395,339.1,2.5,1.5,2025-04-27,745,Aqua,MODIS,88,61.03,299.5,121.9,D,0
21.9082,92.4103,319.5,2.5,1.5,2025-04-27,745,Aqua,MODIS,52,61.03,298.8,28.8,D,0
21.9084,92.3399,321.9,2.5,1.5,2025-04-27,745,Aqua,MODIS,69,61.03,299.1,46.0,D,0
21.9303,92.4007,321.4,2.5,1.5,2025-04-27,745,Aqua,MODIS,63,61.03,298.9,35.8,D,0
21.9396,92.4475,340.8,2.5,1.5,2025-04-27,745,Aqua,MODIS,89,61.03,298.7,130.2,D,0
21.9435,92.4514,344.8,2.5,1.5,2025-04-27,745,Aqua,MODIS,92,61.03,299.2,155.2,D,0
21.9443,92.471,320.2,2.4,1.5,2025-04-27,745,Aqua,MODIS,46,61.03,298.3,35.3,D,0
21.9522,92.4256,321.3,2.5,1.5,2025-04-27,745,Aqua,MODIS,50,61.03,297.1,33.2,D,0
21.9543,92.59,324.2,2.4,1.5,2025-04-27,745,Aqua,MODIS,73,61.03,297.4,53.0,D,0
21.9566,92.3951,316.8,2.5,1.5,2025-04-27,745,Aqua,MODIS,27,61.03,297.5,21.7,D,0
21.9572,92.5947,332.8,2.4,1.5,2025-04-27,745,Aqua,MODIS,83,61.03,297.7,87.8,D,0
21.9611,92.4183,340.3,2.5,1.5,2025-04-27,745,Aqua,MODIS,89,61.03,298.0,129.0,D,0
21.9628,92.5645,334.9,2.4,1.5,2025-04-27,745,Aqua,MODIS,85,61.03,299.0,98.5,D,0
21.9657,92.5682,356.8,2.4,1.5,2025-04-27,745,Aqua,MODIS,98,61.03,300.6,250.8,D,0
21.9672,92.5867,357.8,2.4,1.5,2025-04-27,745,Aqua,MODIS,99,61.03,300.2,259.9,D,0
21.9701,92.5913,360.3,2.4,1.5,2025-04-27,745,Aqua,MODIS,100,61.03,300.5,281.7,D,0
21.9756,92.5607,327.7,2.4,1.5,2025-04-27,745,Aqua,MODIS,77,61.03,299.5,65.1,D,0
21.9785,92.5644,321.8,2.4,1.5,2025-04-27,745,Aqua,MODIS,68,61.03,299.0,44.3,D,0
21.98,92.5834,353.8,2.4,1.5,2025-04-27,745,Aqua,MODIS,97,61.03,300.0,224.9,D,0
21.983,92.5883,322.9,2.4,1.5,2025-04-27,745,Aqua,MODIS,70,61.03,298.5,48.3,D,0
22.0374,92.5371,337.0,2.4,1.5,2025-04-27,745,Aqua,MODIS,87,61.03,301.0,114.5,D,0
22.0398,92.5434,357.8,2.4,1.5,2025-04-27,745,Aqua,MODIS,93,61.03,301.9,266.5,D,0
22.0421,92.5607,347.4,2.4,1.5,2025-04-27,745,Aqua,MODIS,93,61.03,300.3,178.7,D,0
22.0445,92.5683,335.7,2.4,1.5,2025-04-27,745,Aqua,MODIS,80,61.03,298.9,106.2,D,0
22.0708,92.3611,319.0,2.5,1.5,2025-04-27,745,Aqua,MODIS,63,61.03,298.8,31.5,D,0
22.0809,92.4828,342.1,2.4,1.5,2025-04-27,745,Aqua,MODIS,90,61.03,297.3,143.3,D,0
22.0853,92.5056,326.2,2.4,1.5,2025-04-27,745,Aqua,MODIS,76,61.03,296.7,60.3,D,0
22.0938,92.4794,317.0,2.4,1.5,2025-04-27,745,Aqua,MODIS,57,61.03,296.7,28.2,D,0
22.3866,92.344,313.9,2.4,1.5,2025-04-27,745,Aqua,MODIS,48,61.03,296.5,19.5,D,0
22.9309,92.1486,303.9,3.0,1.7,2025-04-27,1429,Terra,MODIS,51,61.03,292.5,18.3,N,0
22.9324,92.1423,304.7,3.0,1.7,2025-04-27,1429,Terra,MODIS,61,61.03,292.7,22.1,N,0
21.2856,92.6252,355.6,1.1,1.1,2025-04-28,823,Aqua,MODIS,97,61.03,304.5,79.4,D,0
21.2869,92.6356,325.5,1.1,1.1,2025-04-28,823,Aqua,MODIS,74,61.03,299.1,17.9,D,0
21.2921,92.6021,323.9,1.1,1.1,2025-04-28,823,Aqua,MODIS,45,61.03,302.9,15.6,D,0
21.2935,92.6131,345.5,1.1,1.1,2025-04-28,823,Aqua,MODIS,92,61.03,304.2,53.2,D,0
21.2949,92.6238,340.0,1.1,1.1,2025-04-28,823,Aqua,MODIS,89,61.03,300.9,40.7,D,0
21.3029,92.6116,335.7,1.1,1.1,2025-04-28,823,Aqua,MODIS,85,61.03,301.8,32.9,D,0
21.3122,92.6101,341.0,1.1,1.1,2025-04-28,823,Aqua,MODIS,89,61.03,302.3,43.1,D,0
21.3136,92.6209,339.8,1.1,1.1,2025-04-28,823,Aqua,MODIS,88,61.03,300.7,40.8,D,0
21.3201,92.5979,374.0,1.1,1.1,2025-04-28,823,Aqua,MODIS,100,61.03,303.5,147.0,D,0
21.3216,92.6088,350.3,1.1,1.1,2025-04-28,823,Aqua,MODIS,95,61.03,301.1,64.9,D,0
21.3295,92.5966,379.8,1.1,1.1,2025-04-28,823,Aqua,MODIS,100,61.03,302.8,175.3,D,0
21.3309,92.6074,344.3,1.1,1.1,2025-04-28,823,Aqua,MODIS,91,61.03,301.4,51.2,D,0
21.3403,92.6059,323.0,1.1,1.1,2025-04-28,823,Aqua,MODIS,71,61.03,301.1,15.8,D,0
21.3417,92.6166,317.4,1.1,1.1,2025-04-28,823,Aqua,MODIS,54,61.03,300.7,9.4,D,0
21.3744,92.6061,341.6,1.1,1.1,2025-04-28,823,Aqua,MODIS,90,61.03,301.1,46.2,D,0
21.3758,92.6166,315.2,1.1,1.1,2025-04-28,823,Aqua,MODIS,25,61.03,299.7,6.9,D,0
21.3805,92.5071,346.7,1.1,1.1,2025-04-28,823,Aqua,MODIS,92,61.03,302.6,53.2,D,0
21.3838,92.6047,326.2,1.1,1.1,2025-04-28,823,Aqua,MODIS,66,61.03,300.5,19.4,D,0
21.3903,92.5819,346.4,1.1,1.1,2025-04-28,823,Aqua,MODIS,93,61.03,302.0,57.3,D,0
21.3917,92.5925,363.2,1.1,1.1,2025-04-28,823,Aqua,MODIS,100,61.03,302.0,104.6,D,0
21.3931,92.6033,360.5,1.1,1.1,2025-04-28,823,Aqua,MODIS,100,61.03,302.1,96.3,D,0
21.3945,92.6138,345.3,1.1,1.1,2025-04-28,823,Aqua,MODIS,92,61.03,298.9,55.5,D,0
21.387,92.4846,330.2,1.1,1.1,2025-04-28,824,Aqua,MODIS,58,61.03,300.8,21.7,D,0
21.3884,92.4952,335.2,1.1,1.1,2025-04-28,824,Aqua,MODIS,53,61.03,300.9,27.8,D,0
21.3898,92.5056,338.5,1.1,1.1,2025-04-28,824,Aqua,MODIS,78,61.03,301.5,35.4,D,0
21.3935,92.4619,314.9,1.1,1.1,2025-04-28,824,Aqua,MODIS,19,61.03,299.2,5.9,D,0
21.3997,92.5805,332.2,1.1,1.1,2025-04-28,824,Aqua,MODIS,82,61.03,301.1,28.5,D,0
21.4011,92.5912,361.3,1.1,1.1,2025-04-28,824,Aqua,MODIS,100,61.03,302.2,98.3,D,0
21.4025,92.6019,358.4,1.1,1.1,2025-04-28,824,Aqua,MODIS,99,61.03,300.7,90.3,D,0
21.4104,92.5899,336.7,1.1,1.1,2025-04-28,824,Aqua,MODIS,86,61.03,299.9,36.0,D,0
21.4118,92.6005,325.7,1.1,1.1,2025-04-28,824,Aqua,MODIS,74,61.03,297.8,19.4,D,0
21.4169,92.5667,328.2,1.1,1.1,2025-04-28,824,Aqua,MODIS,78,61.03,299.9,22.3,D,0
21.4191,92.5118,343.3,1.1,1.1,2025-04-28,824,Aqua,MODIS,91,61.03,299.7,45.2,D,0
21.4247,92.5541,338.8,1.1,1.1,2025-04-28,824,Aqua,MODIS,88,61.03,299.7,40.7,D,0
21.4263,92.5654,362.1,1.1,1.1,2025-04-28,824,Aqua,MODIS,100,61.03,298.6,102.1,D,0
21.4298,92.5209,383.3,1.1,1.1,2025-04-28,824,Aqua,MODIS,100,61.03,303.7,188.5,D,0
21.4312,92.5311,351.1,1.1,1.1,2025-04-28,824,Aqua,MODIS,95,61.03,299.3,66.0,D,0
21.4357,92.438,328.5,1.1,1.1,2025-04-28,824,Aqua,MODIS,79,61.03,300.4,22.2,D,0
21.4532,92.5,366.2,1.1,1.1,2025-04-28,824,Aqua,MODIS,100,61.03,302.6,112.4,D,0
21.457,92.4565,317.9,1.1,1.1,2025-04-28,824,Aqua,MODIS,46,61.03,301.6,7.4,D,0
21.4612,92.4881,337.4,1.1,1.1,2025-04-28,824,Aqua,MODIS,75,61.03,300.5,32.5,D,0
21.4626,92.4986,388.6,1.1,1.1,2025-04-28,824,Aqua,MODIS,100,61.03,302.7,216.0,D,0
21.464,92.5092,341.5,1.1,1.1,2025-04-28,824,Aqua,MODIS,86,61.03,299.9,41.6,D,0
21.4722,92.3568,373.2,1.1,1.1,2025-04-28,824,Aqua,MODIS,100,61.03,302.9,139.9,D,0
21.4746,92.5176,335.8,1.1,1.1,2025-04-28,824,Aqua,MODIS,85,61.03,298.7,34.3,D,0
21.4779,92.3992,320.8,1.1,1.1,2025-04-28,824,Aqua,MODIS,44,61.03,301.8,10.7,D,0
21.4803,92.5614,317.0,1.1,1.1,2025-04-28,824,Aqua,MODIS,55,61.03,296.9,9.3,D,0
21.5071,92.4057,339.4,1.1,1.1,2025-04-28,824,Aqua,MODIS,88,61.03,302.4,39.1,D,0
21.5083,92.5569,320.7,1.1,1.1,2025-04-28,824,Aqua,MODIS,59,61.03,300.6,11.8,D,0
21.5085,92.4162,316.3,1.1,1.1,2025-04-28,824,Aqua,MODIS,28,61.03,300.6,5.4,D,0
21.5191,92.5662,321.9,1.1,1.1,2025-04-28,824,Aqua,MODIS,69,61.03,300.5,12.8,D,0
21.5204,92.3871,326.7,1.1,1.1,2025-04-28,824,Aqua,MODIS,76,61.03,301.7,18.9,D,0
21.5349,92.5422,334.1,1.1,1.1,2025-04-28,824,Aqua,MODIS,84,61.03,301.5,30.5,D,0
21.5375,92.3736,318.9,1.1,1.1,2025-04-28,824,Aqua,MODIS,61,61.03,301.7,8.7,D,0
21.5396,92.535,337.3,1.1,1.1,2025-04-28,824,Aqua,MODIS,86,61.03,300.7,37.8,D,0
21.5713,92.4866,322.9,1.1,1.1,2025-04-28,824,Aqua,MODIS,69,61.03,300.9,14.3,D,0
21.5769,92.5291,320.2,1.1,1.1,2025-04-28,824,Aqua,MODIS,38,61.03,300.6,10.5,D,0
21.5807,92.4852,339.3,1.1,1.1,2025-04-28,824,Aqua,MODIS,88,61.03,302.8,39.2,D,0
21.5909,92.4193,329.8,1.1,1.1,2025-04-28,824,Aqua,MODIS,80,61.03,300.2,21.0,D,0
21.5965,92.4615,331.0,1.1,1.1,2025-04-28,824,Aqua,MODIS,81,61.03,301.8,24.3,D,0
21.6016,92.4285,324.0,1.1,1.1,2025-04-28,824,Aqua,MODIS,50,61.03,300.9,13.4,D,0
21.603,92.4389,335.3,1.1,1.1,2025-04-28,824,Aqua,MODIS,85,61.03,303.6,30.7,D,0
21.6243,92.5988,326.9,1.2,1.1,2025-04-28,824,Aqua,MODIS,69,61.03,299.4,19.9,D,0
21.6252,92.5334,326.6,1.1,1.1,2025-04-28,824,Aqua,MODIS,73,61.03,299.6,18.8,D,0
21.6297,92.5146,325.0,1.1,1.1,2025-04-28,824,Aqua,MODIS,73,61.03,301.0,15.8,D,0
21.6311,92.5258,342.1,1.1,1.1,2025-04-28,824,Aqua,MODIS,90,61.03,301.9,44.8,D,0
21.6333,92.4695,320.5,1.1,1.1,2025-04-28,824,Aqua,MODIS,51,61.03,299.0,13.0,D,0
21.6347,92.48,323.9,1.1,1.1,2025-04-28,824,Aqua,MODIS,72,61.03,301.4,16.6,D,0
21.6381,92.5796,315.8,1.1,1.1,2025-04-28,824,Aqua,MODIS,15,61.03,296.8,8.1,D,0
21.6577,92.5108,324.1,1.1,1.1,2025-04-28,824,Aqua,MODIS,53,61.03,299.5,13.1,D,0
21.6606,92.5324,334.8,1.1,1.1,2025-04-28,824,Aqua,MODIS,84,61.03,301.1,29.6,D,0
21.6823,92.4093,339.9,1.1,1.1,2025-04-28,824,Aqua,MODIS,88,61.03,302.8,38.9,D,0
21.7094,92.2814,328.5,1.1,1.1,2025-04-28,824,Aqua,MODIS,78,61.03,302.1,19.4,D,0
21.71,92.4303,322.6,1.1,1.1,2025-04-28,824,Aqua,MODIS,29,61.03,301.1,14.1,D,0
21.7115,92.4416,328.8,1.1,1.1,2025-04-28,824,Aqua,MODIS,64,61.03,301.9,22.1,D,0
21.7187,92.28,337.3,1.1,1.1,2025-04-28,824,Aqua,MODIS,87,61.03,302.8,33.9,D,0
21.7416,92.6003,316.6,1.2,1.1,2025-04-28,824,Aqua,MODIS,26,61.03,301.0,8.3,D,0
21.7465,92.4913,337.3,1.1,1.1,2025-04-28,824,Aqua,MODIS,86,61.03,302.7,34.8,D,0
21.7545,92.4794,322.6,1.1,1.1,2025-04-28,824,Aqua,MODIS,48,61.03,303.0,10.6,D,0
21.784,92.3449,323.9,1.1,1.1,2025-04-28,824,Aqua,MODIS,48,61.03,302.7,12.2,D,0
21.7999,92.336,318.4,1.1,1.1,2025-04-28,824,Aqua,MODIS,39,61.03,298.3,7.5,D,0
21.8008,92.2716,319.8,1.1,1.1,2025-04-28,824,Aqua,MODIS,47,61.03,302.1,7.4,D,0
21.8272,92.2567,321.1,1.1,1.1,2025-04-28,824,Aqua,MODIS,65,61.03,302.0,9.8,D,0
21.8833,92.4643,330.2,1.1,1.1,2025-04-28,824,Aqua,MODIS,57,61.03,302.2,20.1,D,0
21.8911,92.2626,334.1,1.1,1.1,2025-04-28,824,Aqua,MODIS,84,61.03,302.5,29.5,D,0
21.8924,92.2731,320.8,1.1,1.1,2025-04-28,824,Aqua,MODIS,57,61.03,301.3,10.9,D,0
21.8948,92.2191,322.2,1.1,1.1,2025-04-28,824,Aqua,MODIS,69,61.03,301.7,12.7,D,0
21.8961,92.2296,326.6,1.1,1.1,2025-04-28,824,Aqua,MODIS,76,61.03,301.7,18.4,D,0
21.8992,92.3244,340.4,1.1,1.1,2025-04-28,824,Aqua,MODIS,89,61.03,301.8,39.8,D,0
21.9054,92.2281,335.2,1.1,1.1,2025-04-28,824,Aqua,MODIS,85,61.03,301.8,31.2,D,0
21.9068,92.2386,335.2,1.1,1.1,2025-04-28,824,Aqua,MODIS,85,61.03,301.3,30.6,D,0
21.9207,92.3441,339.3,1.1,1.1,2025-04-28,824,Aqua,MODIS,88,61.03,303.7,37.9,D,0
21.9221,92.3548,321.4,1.1,1.1,2025-04-28,824,Aqua,MODIS,67,61.03,302.8,10.9,D,0
21.9235,92.3653,319.6,1.1,1.1,2025-04-28,824,Aqua,MODIS,62,61.03,301.9,8.7,D,0
21.9292,92.408,342.6,1.1,1.1,2025-04-28,824,Aqua,MODIS,90,61.03,302.0,43.5,D,0
21.9333,92.4397,409.5,1.1,1.1,2025-04-28,824,Aqua,MODIS,100,61.03,308.2,367.0,D,0
21.9348,92.4506,369.6,1.1,1.1,2025-04-28,824,Aqua,MODIS,100,61.03,302.1,124.7,D,0
21.9373,92.2553,334.8,1.1,1.1,2025-04-28,824,Aqua,MODIS,84,61.03,300.0,31.5,D,0
21.9385,92.4065,330.1,1.1,1.1,2025-04-28,824,Aqua,MODIS,77,61.03,298.4,21.7,D,0
21.9996,92.2391,325.7,1.1,1.1,2025-04-28,824,Aqua,MODIS,63,61.03,302.5,15.0,D,0
22.0425,92.4919,336.3,1.1,1.1,2025-04-28,824,Aqua,MODIS,85,61.03,300.8,35.3,D,0
22.044,92.5032,334.2,1.2,1.1,2025-04-28,824,Aqua,MODIS,84,61.03,301.3,31.8,D,0
22.7113,92.1226,313.9,1.1,1.1,2025-04-28,824,Aqua,MODIS,55,61.03,296.5,6.8,D,0
22.7623,92.3669,316.0,1.2,1.1,2025-04-28,824,Aqua,MODIS,63,61.03,297.3,9.5,D,0
21.7841,92.3935,304.7,1.0,1.0,2025-04-28,1508,Terra,MODIS,61,61.03,294.2,4.2,N,0
21.7854,92.4032,335.2,1.0,1.0,2025-04-28,1508,Terra,MODIS,100,61.03,295.0,36.0,N,0
22.8259,89.7902,318.1,1.5,1.2,2025-05-01,843,Aqua,MODIS,61,61.03,301.6,12.3,D,0
24.0994,88.8948,314.7,4.4,1.9,2025-05-02,744,Aqua,MODIS,43,61.03,295.5,49.3,D,0
21.3691,92.2255,313.9,1.1,1.0,2025-05-03,822,Aqua,MODIS,63,61.03,298.6,5.2,D,0
22.2986,92.1481,343.1,1.1,1.0,2025-05-03,822,Aqua,MODIS,92,61.03,298.4,45.4,D,0
22.6206,92.2745,314.9,1.1,1.0,2025-05-03,822,Aqua,MODIS,63,61.03,297.7,6.6,D,0
24.1402,91.3336,312.9,1.7,1.3,2025-05-05,355,Terra,MODIS,65,61.03,294.4,11.7,D,0
22.2318,91.8487,308.3,2.1,1.4,2025-05-05,356,Terra,MODIS,19,61.03,290.8,12.4,D,2
21.3543,92.603,316.6,1.3,1.1,2025-05-05,802,Aqua,MODIS,70,61.03,296.1,13.3,D,0
21.4232,92.584,323.1,1.3,1.1,2025-05-05,802,Aqua,MODIS,78,61.03,297.0,21.9,D,0
21.433,92.5821,338.0,1.3,1.1,2025-05-05,802,Aqua,MODIS,89,61.03,296.9,49.3,D,0
21.4406,92.5067,316.1,1.3,1.1,2025-05-05,802,Aqua,MODIS,66,61.03,290.9,15.8,D,0
21.5361,92.5202,311.6,1.3,1.1,2025-05-05,802,Aqua,MODIS,51,61.03,290.2,10.0,D,0
21.5691,92.4697,331.1,1.3,1.1,2025-05-05,802,Aqua,MODIS,85,61.03,292.1,39.9,D,0
21.9241,92.3142,317.7,1.3,1.1,2025-05-05,802,Aqua,MODIS,56,61.03,292.5,15.8,D,0
21.9572,92.2684,317.7,1.3,1.1,2025-05-05,802,Aqua,MODIS,35,61.03,291.3,13.9,D,0
23.5795,90.6523,313.4,1.0,1.0,2025-05-07,336,Terra,MODIS,55,61.03,298.4,5.0,D,0
21.4544,92.5508,323.3,3.0,1.6,2025-05-07,741,Aqua,MODIS,73,61.03,295.3,68.0,D,0
21.4565,92.5463,325.5,3.0,1.6,2025-05-07,741,Aqua,MODIS,76,61.03,295.2,80.7,D,0
21.465,92.5149,315.9,3.0,1.7,2025-05-07,741,Aqua,MODIS,55,61.03,296.0,37.7,D,0
21.4706,92.5425,321.4,3.0,1.6,2025-05-07,741,Aqua,MODIS,69,61.03,294.6,63.0,D,0
21.5982,92.4148,314.3,3.0,1.7,2025-05-07,742,Aqua,MODIS,32,61.03,293.6,35.6,D,0
21.8177,92.5863,314.3,2.9,1.6,2025-05-07,742,Aqua,MODIS,26,61.03,293.4,35.5,D,0
21.8203,92.5799,314.0,2.9,1.6,2025-05-07,742,Aqua,MODIS,35,61.03,292.4,34.2,D,0
21.8597,92.4823,328.2,3.0,1.6,2025-05-07,742,Aqua,MODIS,79,61.03,295.9,96.0,D,0
21.8626,92.4744,329.0,3.0,1.6,2025-05-07,742,Aqua,MODIS,80,61.03,295.8,99.7,D,0
23.3378,92.3671,313.3,2.8,1.6,2025-05-07,742,Aqua,MODIS,60,61.03,294.4,25.0,D,0
21.33,92.6115,317.3,1.0,1.0,2025-05-08,820,Aqua,MODIS,56,61.03,302.7,6.8,D,0
21.3486,92.2245,316.4,1.0,1.0,2025-05-08,820,Aqua,MODIS,51,61.03,301.6,6.2,D,0
21.4887,92.4249,319.6,1.0,1.0,2025-05-08,820,Aqua,MODIS,65,61.03,302.2,8.2,D,0
21.5811,92.3649,318.0,1.0,1.0,2025-05-08,820,Aqua,MODIS,58,61.03,303.2,5.7,D,0
21.6434,92.2105,322.1,1.0,1.0,2025-05-08,820,Aqua,MODIS,70,61.03,300.9,10.9,D,0
21.6447,92.2201,316.1,1.0,1.0,2025-05-08,820,Aqua,MODIS,42,61.03,301.0,4.8,D,0
21.6686,92.1967,318.1,1.0,1.0,2025-05-08,820,Aqua,MODIS,61,61.03,301.7,6.3,D,0
21.755,92.3541,347.8,1.0,1.0,2025-05-08,820,Aqua,MODIS,94,61.03,303.0,49.8,D,0
21.7563,92.3637,365.4,1.0,1.0,2025-05-08,820,Aqua,MODIS,100,61.03,298.9,96.2,D,0
21.8573,92.2913,331.3,1.0,1.0,2025-05-08,820,Aqua,MODIS,82,61.03,301.5,22.1,D,0
21.865,92.4785,328.0,1.0,1.0,2025-05-08,820,Aqua,MODIS,78,61.03,302.9,16.8,D,0
21.9194,92.4101,319.0,1.0,1.0,2025-05-08,820,Aqua,MODIS,62,61.03,303.1,7.0,D,0
21.9201,92.3504,317.3,1.0,1.0,2025-05-08,820,Aqua,MODIS,56,61.03,302.2,6.4,D,0
21.9448,92.2615,328.5,1.0,1.0,2025-05-08,820,Aqua,MODIS,79,61.03,300.4,19.1,D,0
21.9515,92.3094,340.0,1.0,1.0,2025-05-08,820,Aqua,MODIS,89,61.03,297.7,37.1,D,0
22.0785,92.1641,320.7,1.0,1.0,2025-05-08,820,Aqua,MODIS,62,61.03,303.9,6.8,D,0
22.113,92.476,315.6,1.0,1.0,2025-05-08,820,Aqua,MODIS,41,61.03,301.4,6.3,D,0
22.1891,92.2989,318.6,1.0,1.0,2025-05-08,820,Aqua,MODIS,62,61.03,301.3,6.7,D,0
22.2197,92.5846,318.3,1.1,1.0,2025-05-08,820,Aqua,MODIS,53,61.03,301.7,7.1,D,0
22.5772,91.9664,316.5,1.0,1.0,2025-05-08,820,Aqua,MODIS,56,61.03,300.9,5.8,D,0
22.5786,91.9761,324.6,1.0,1.0,2025-05-08,820,Aqua,MODIS,74,61.03,300.5,14.0,D,0
22.4154,91.2576,310.7,3.8,1.8,2025-05-09,859,Aqua,MODIS,0,61.03,298.1,38.1,D,3
26.4847,88.4089,316.9,1.1,1.1,2025-05-10,356,Terra,MODIS,65,61.03,298.6,9.1,D,0
21.3415,92.6155,322.6,1.4,1.2,2025-05-10,800,Aqua,MODIS,71,61.03,296.7,21.3,D,0
21.4323,92.5391,333.9,1.4,1.2,2025-05-10,800,Aqua,MODIS,84,61.03,299.3,44.0,D,0
21.8617,92.2159,315.5,1.4,1.2,2025-05-10,800,Aqua,MODIS,56,61.03,298.6,10.1,D,0
21.8641,92.2294,319.5,1.4,1.2,2025-05-10,800,Aqua,MODIS,67,61.03,298.1,16.5,D,0
22.2515,92.5717,316.5,1.3,1.2,2025-05-10,800,Aqua,MODIS,38,61.03,298.7,9.4,D,0
22.4848,92.4268,318.1,1.4,1.2,2025-05-10,800,Aqua,MODIS,63,61.03,300.5,10.7,D,0
22.9288,89.6991,325.8,2.1,1.4,2025-05-10,800,Aqua,MODIS,75,61.03,299.2,32.1,D,0
23.358,92.2881,318.2,1.3,1.1,2025-05-10,800,Aqua,MODIS,62,61.03,299.8,10.6,D,0
23.3602,92.3009,331.0,1.3,1.1,2025-05-10,800,Aqua,MODIS,83,61.03,299.9,32.1,D,0
21.0463,92.2197,313.1,1.2,1.1,2025-05-12,338,Terra,MODIS,51,61.03,296.2,5.9,D,0
23.7919,90.2972,325.2,1.0,1.0,2025-05-13,819,Aqua,MODIS,75,61.03,296.8,13.6,D,0
21.8285,92.4579,315.6,1.5,1.2,2025-05-15,758,Aqua,MODIS,67,61.03,296.8,10.0,D,0
24.1393,91.3351,308.3,1.0,1.0,2025-05-17,338,Terra,MODIS,46,61.03,287.7,4.6,D,0
22.0866,92.1394,314.1,1.0,1.0,2025-05-18,817,Aqua,MODIS,73,61.03,288.3,9.1,D,0
24.2625,90.3914,314.7,1.1,1.0,2025-06-06,342,Terra,MODIS,22,61.03,297.1,6.8,D,0
24.2973,90.3874,312.2,2.2,1.4,2025-06-09,402,Terra,MODIS,55,61.03,292.5,14.1,D,0
24.0977,88.8896,322.1,1.0,1.0,2025-06-10,828,Aqua,MODIS,41,61.03,302.4,11.2,D,0
24.0992,88.8994,318.7,1.0,1.0,2025-06-10,828,Aqua,MODIS,21,61.03,299.9,7.6,D,0
24.3388,88.5955,325.0,1.0,1.0,2025-06-10,828,Aqua,MODIS,45,61.03,303.7,10.4,D,0
24.5218,88.1621,324.5,1.1,1.0,2025-06-10,828,Aqua,MODIS,58,61.03,303.4,11.4,D,0
24.5308,88.1604,323.3,1.1,1.0,2025-06-10,828,Aqua,MODIS,0,61.03,302.9,9.9,D,0
24.7978,91.3196,315.5,1.2,1.1,2025-06-11,342,Terra,MODIS,48,61.03,295.4,6.5,D,0
25.1305,91.9171,314.4,1.3,1.1,2025-06-11,342,Terra,MODIS,64,61.03,295.4,6.5,D,0
25.1631,91.8548,313.3,1.2,1.1,2025-06-11,342,Terra,MODIS,52,61.03,295.3,7.1,D,0
23.8416,90.4126,316.5,1.1,1.0,2025-06-11,343,Terra,MODIS,65,61.03,292.6,8.7,D,2
24.1588,88.8172,317.8,1.0,1.0,2025-06-11,343,Terra,MODIS,42,61.03,299.3,7.3,D,0
24.4935,88.2927,317.3,1.0,1.0,2025-06-11,343,Terra,MODIS,45,61.03,299.2,6.3,D,0
23.7865,90.4352,318.6,1.6,1.2,2025-06-12,807,Aqua,MODIS,39,61.03,298.5,14.7,D,2
24.0861,90.3688,317.1,1.5,1.2,2025-06-12,807,Aqua,MODIS,61,61.03,298.9,12.6,D,0
24.2757,90.391,317.1,1.5,1.2,2025-06-12,807,Aqua,MODIS,28,61.03,298.3,11.4,D,0
24.2932,90.3955,316.5,1.5,1.2,2025-06-12,807,Aqua,MODIS,44,61.03,297.6,11.8,D,0
22.4126,89.3091,311.2,1.1,1.0,2025-06-16,344,Terra,MODIS,22,61.03,289.5,6.0,D,0
24.2938,90.3736,311.0,2.1,1.4,2025-07-30,805,Aqua,MODIS,48,61.03,291.3,14.5,D,0
25.1448,91.7523,315.6,1.2,1.1,2025-08-17,815,Aqua,MODIS,53,61.03,296.3,5.8,D,0
24.8624,89.2061,313.7,2.0,1.4,2025-08-22,813,Aqua,MODIS,66,61.03,290.9,18.1,D,0
24.2984,90.3936,311.4,1.9,1.3,2025-08-25,352,Terra,MODIS,57,61.03,290.5,12.6,D,0
24.2951,90.3784,314.7,1.9,1.4,2025-08-27,810,Aqua,MODIS,54,61.03,292.4,17.3,D,0
23.5793,90.6472,311.7,1.1,1.0,2025-09-01,334,Terra,MODIS,52,61.03,294.2,5.0,D,0
23.4451,91.1862,313.3,1.2,1.1,2025-09-06,334,Terra,MODIS,38,61.03,293.4,6.9,D,2
23.5771,90.6508,312.3,1.1,1.0,2025-09-06,334,Terra,MODIS,59,61.03,293.1,5.9,D,0
25.6268,89.5468,310.1,1.4,1.2,2025-10-07,824,Aqua,MODIS,14,61.03,295.4,7.1,D,0
25.6134,89.5366,313.3,1.7,1.3,2025-10-12,821,Aqua,MODIS,63,61.03,297.2,15.3,D,0
25.6164,89.5526,309.5,1.7,1.3,2025-10-12,821,Aqua,MODIS,40,61.03,296.9,9.1,D,0
23.8446,90.393,319.8,1.3,1.2,2025-10-18,855,Aqua,MODIS,72,61.03,303.0,12.5,D,2
23.8462,90.4058,323.5,1.4,1.2,2025-10-18,855,Aqua,MODIS,77,61.03,304.2,18.4,D,2
24.6968,90.462,308.9,1.2,1.1,2025-10-26,336,Terra,MODIS,48,61.03,294.6,4.9,D,0
22.9665,91.5327,305.2,1.2,1.1,2025-10-28,2054,Aqua,MODIS,63,61.03,292.8,6.2,N,0
23.625,89.8765,312.1,1.0,1.0,2025-11-07,840,Aqua,MODIS,45,61.03,300.3,6.5,D,0
24.1514,89.1279,322.3,1.0,1.0,2025-11-15,853,Aqua,MODIS,79,61.03,299.2,17.4,D,0
22.8467,92.0426,307.5,1.2,1.1,2025-11-20,848,Aqua,MODIS,57,61.03,297.4,4.8,D,0
22.8481,92.0536,308.0,1.2,1.1,2025-11-20,848,Aqua,MODIS,55,61.03,297.5,5.0,D,0
23.4788,90.4991,315.3,1.0,1.0,2025-11-20,848,Aqua,MODIS,70,61.03,299.2,9.6,D,0
23.4802,90.5089,312.6,1.0,1.0,2025-11-20,848,Aqua,MODIS,66,61.03,299.5,7.3,D,0
24.1996,91.2559,311.8,1.1,1.0,2025-11-20,849,Aqua,MODIS,65,61.03,300.4,7.1,D,0
21.9763,92.2217,310.0,1.2,1.1,2025-11-22,827,Aqua,MODIS,69,61.03,296.9,9.4,D,0
24.1968,91.2573,308.5,2.0,1.4,2025-11-23,906,Aqua,MODIS,64,61.03,297.7,14.0,D,0
23.6746,90.3857,312.2,1.0,1.0,2025-11-25,844,Aqua,MODIS,66,61.03,297.7,7.1,D,0
23.7905,89.982,310.9,1.0,1.0,2025-11-25,844,Aqua,MODIS,48,61.03,299.5,5.6,D,0
24.2453,91.2809,312.7,1.0,1.0,2025-11-25,844,Aqua,MODIS,67,61.03,298.9,7.7,D,0
23.7782,90.4136,314.5,1.8,1.3,2025-11-25,1430,Terra,MODIS,89,61.03,293.7,29.5,N,2
23.7896,90.4111,312.0,1.8,1.3,2025-11-25,1430,Terra,MODIS,84,61.03,293.3,24.9,N,2
24.213,91.2628,313.9,1.5,1.2,2025-11-27,823,Aqua,MODIS,62,61.03,301.6,12.6,D,0
23.9339,89.4804,312.1,1.3,1.1,2025-11-28,901,Aqua,MODIS,65,61.03,299.7,9.1,D,0
24.2448,91.2831,313.7,1.6,1.3,2025-11-28,901,Aqua,MODIS,48,61.03,299.2,15.3,D,0
24.2559,91.2817,311.2,1.6,1.3,2025-11-28,901,Aqua,MODIS,30,61.03,299.4,12.0,D,0
23.6473,90.4927,306.6,1.4,1.2,2025-11-30,335,Terra,MODIS,62,61.03,295.9,6.3,D,0
23.4609,90.7772,307.9,1.0,1.0,2025-11-30,840,Aqua,MODIS,63,61.03,297.5,4.9,D,0
23.5885,89.9356,307.1,1.1,1.0,2025-11-30,840,Aqua,MODIS,36,61.03,294.0,5.5,D,0
23.6152,90.7623,308.5,1.0,1.0,2025-11-30,840,Aqua,MODIS,63,61.03,297.5,5.2,D,0
23.9248,89.452,308.3,1.3,1.1,2025-12-05,836,Aqua,MODIS,58,61.03,298.2,6.8,D,0
23.9082,90.6829,314.5,1.0,1.0,2025-12-06,2120,Aqua,MODIS,89,61.03,289.1,15.6,N,0
23.9097,90.6731,314.8,1.0,1.0,2025-12-06,2120,Aqua,MODIS,90,61.03,288.8,15.8,N,0
23.9054,90.6767,315.0,1.0,1.0,2025-12-07,315,Terra,MODIS,75,61.03,293.7,12.2,D,0
22.7434,92.0501,317.8,2.2,1.4,2025-12-07,814,Aqua,MODIS,78,61.03,295.8,43.3,D,0
22.7449,92.045,315.8,2.2,1.4,2025-12-07,814,Aqua,MODIS,76,61.03,295.8,36.1,D,0
22.7488,92.065,307.8,2.2,1.4,2025-12-07,814,Aqua,MODIS,32,61.03,295.6,16.2,D,0
24.0906,89.5483,310.6,1.5,1.2,2025-12-10,831,Aqua,MODIS,65,61.03,298.2,12.1,D,0
23.4968,90.7836,308.6,1.0,1.0,2025-12-13,848,Aqua,MODIS,58,61.03,298.4,4.8,D,0
23.9442,89.481,309.0,1.0,1.0,2025-12-13,848,Aqua,MODIS,56,61.03,298.7,4.5,D,0
23.0499,89.8631,309.7,1.1,1.0,2025-12-18,843,Aqua,MODIS,61,61.03,299.0,6.6,D,0
23.433,90.8949,311.6,1.0,1.0,2025-12-18,843,Aqua,MODIS,65,61.03,299.1,6.7,D,0
23.573,89.5404,310.3,1.1,1.0,2025-12-18,843,Aqua,MODIS,61,61.03,299.3,5.7,D,0
24.6549,91.5914,309.1,1.0,1.0,2025-12-18,843,Aqua,MODIS,55,61.03,298.9,5.0,D,0
25.0416,92.1693,307.3,1.5,1.2,2025-12-20,822,Aqua,MODIS,65,61.03,295.7,7.4,D,0
25.0441,92.1834,317.4,1.5,1.2,2025-12-20,822,Aqua,MODIS,77,61.03,296.2,21.5,D,0
21.6945,92.1413,312.0,1.0,1.0,2025-12-23,838,Aqua,MODIS,71,61.03,296.1,8.6,D,0
23.0324,89.6853,302.6,1.0,1.0,2025-12-31,851,Aqua,MODIS,53,61.03,292.5,4.4,D,0
24.1435,89.1307,303.1,1.0,1.0,2025-12-31,851,Aqua,MODIS,55,61.03,292.8,4.3,D,0
24.2712,89.9893,310.7,1.0,1.0,2025-12-31,851,Aqua,MODIS,70,61.03,294.4,8.1,D,0
24.4467,89.3039,302.5,1.0,1.0,2025-12-31,851,Aqua,MODIS,32,61.03,291.9,3.2,D,0
