latitude,longitude,brightness,scan,track,acq_date,acq_time,satellite,instrument,confidence,version,bright_t31,frp,daynight,type
21.9256,92.1422,307.4,1.0,1.0,2026-01-05,846,Aqua,MODIS,65,61.03,293.5,6.8,D,0
22.0179,92.2231,304.2,1.0,1.0,2026-01-05,846,Aqua,MODIS,58,61.03,292.5,5.4,D,0
22.0455,92.213,306.6,1.0,1.0,2026-01-05,846,Aqua,MODIS,64,61.03,292.6,6.7,D,0
24.4984,89.2336,303.6,1.1,1.1,2026-01-08,903,Aqua,MODIS,50,61.03,293.2,4.9,D,0
24.7135,89.11,307.7,1.1,1.1,2026-01-08,903,Aqua,MODIS,65,61.03,293.5,7.7,D,0
24.7173,89.6532,302.5,1.2,1.1,2026-01-10,842,Aqua,MODIS,0,61.03,291.8,4.4,D,0
25.0627,92.054,309.7,1.8,1.3,2026-01-12,821,Aqua,MODIS,67,61.03,299.0,11.1,D,0
25.0704,92.1573,311.3,1.8,1.3,2026-01-12,821,Aqua,MODIS,70,61.03,298.8,13.9,D,0
22.9748,91.9179,314.3,1.3,1.1,2026-01-13,858,Aqua,MODIS,72,61.03,294.4,15.0,D,0
23.5277,91.1441,321.5,1.2,1.1,2026-01-13,858,Aqua,MODIS,79,61.03,295.8,19.8,D,0
23.7141,90.3363,310.1,1.1,1.0,2026-01-13,858,Aqua,MODIS,64,61.03,298.4,7.2,D,0
24.9764,92.0458,310.0,1.1,1.0,2026-01-15,837,Aqua,MODIS,66,61.03,298.8,6.4,D,0
24.978,92.0559,309.8,1.1,1.0,2026-01-15,837,Aqua,MODIS,65,61.03,298.1,6.0,D,0
21.3634,92.2384,310.9,1.1,1.0,2026-01-18,853,Aqua,MODIS,67,61.03,299.1,6.9,D,0
21.3648,92.2485,314.3,1.1,1.0,2026-01-18,853,Aqua,MODIS,72,61.03,298.3,10.1,D,0
22.321,92.2266,312.5,1.1,1.1,2026-01-18,853,Aqua,MODIS,69,61.03,297.7,9.0,D,0
23.5887,89.6719,307.6,1.0,1.0,2026-01-18,854,Aqua,MODIS,56,61.03,297.5,4.1,D,0
23.9121,89.2975,318.3,1.0,1.0,2026-01-18,854,Aqua,MODIS,57,61.03,299.7,13.1,D,0
21.1622,92.1603,302.1,2.2,1.4,2026-01-19,2139,Aqua,MODIS,47,61.03,287.8,20.7,N,0
23.4868,89.3478,306.7,1.9,1.3,2026-01-20,832,Aqua,MODIS,50,61.03,296.3,11.2,D,0
24.2523,89.9512,309.2,1.7,1.3,2026-01-20,833,Aqua,MODIS,62,61.03,295.9,13.2,D,0
23.7971,90.3046,300.2,1.0,1.0,2026-01-22,1446,Terra,MODIS,19,61.03,288.1,5.3,N,0
22.0532,92.2658,305.0,1.3,1.1,2026-01-23,254,Terra,MODIS,60,61.03,294.3,7.3,D,0
24.9934,92.3238,313.3,1.1,1.0,2026-01-23,849,Aqua,MODIS,69,61.03,301.3,6.8,D,0
25.0271,91.763,312.2,1.0,1.0,2026-01-23,849,Aqua,MODIS,66,61.03,300.3,6.3,D,0
25.0697,92.0861,308.6,1.4,1.2,2026-01-25,828,Aqua,MODIS,45,61.03,294.8,6.1,D,0
25.0799,92.0839,311.2,1.4,1.2,2026-01-25,828,Aqua,MODIS,43,61.03,298.8,9.4,D,0
25.2001,91.1986,310.5,1.6,1.3,2026-01-25,828,Aqua,MODIS,67,61.03,297.1,14.1,D,0
23.8068,90.2455,301.7,1.0,1.0,2026-01-26,312,Terra,MODIS,48,61.03,291.7,3.5,D,0
25.0335,92.307,313.4,1.8,1.3,2026-01-26,906,Aqua,MODIS,71,61.03,299.4,16.8,D,0
25.0437,92.3176,311.8,1.8,1.3,2026-01-26,906,Aqua,MODIS,69,61.03,299.2,15.6,D,0
24.8811,92.2352,317.2,1.0,1.0,2026-01-28,844,Aqua,MODIS,74,61.03,300.7,10.5,D,0
22.7858,91.886,306.9,3.1,1.7,2026-01-29,922,Aqua,MODIS,56,61.03,296.5,21.1,D,0
22.7879,91.8782,306.6,3.1,1.7,2026-01-29,922,Aqua,MODIS,55,61.03,296.4,19.2,D,0
22.8442,92.0372,307.3,2.0,1.4,2026-01-30,822,Aqua,MODIS,62,61.03,297.1,13.5,D,0
22.8498,92.0383,311.2,1.3,1.1,2026-01-31,900,Aqua,MODIS,67,61.03,298.8,9.5,D,0
24.9743,92.3776,311.3,1.4,1.2,2026-01-31,901,Aqua,MODIS,67,61.03,300.7,9.8,D,0
21.737,92.5169,315.2,1.1,1.0,2026-02-02,839,Aqua,MODIS,75,61.03,295.5,12.0,D,0
23.0607,91.4717,307.3,1.2,1.1,2026-02-02,839,Aqua,MODIS,63,61.03,286.4,6.1,D,0
24.4881,91.6448,302.3,1.7,1.3,2026-02-03,331,Terra,MODIS,52,61.03,289.1,9.0,D,0
24.491,91.6285,306.2,1.7,1.3,2026-02-03,331,Terra,MODIS,63,61.03,289.2,14.4,D,0
24.9593,90.9982,311.6,1.5,1.2,2026-02-03,331,Terra,MODIS,37,61.03,290.9,16.5,D,0
24.9628,91.0054,311.7,1.5,1.2,2026-02-03,331,Terra,MODIS,62,61.03,290.0,18.8,D,0
24.2534,90.3972,304.4,1.0,1.0,2026-02-05,311,Terra,MODIS,59,61.03,294.3,4.6,D,0
23.5422,90.6489,317.7,1.0,1.0,2026-02-05,856,Aqua,MODIS,69,61.03,299.8,12.2,D,0
23.5435,90.6585,314.0,1.0,1.0,2026-02-05,856,Aqua,MODIS,60,61.03,301.4,8.9,D,0
22.5224,92.1795,307.8,1.3,1.1,2026-02-07,834,Aqua,MODIS,54,61.03,297.7,7.0,D,0
22.5244,92.1915,308.1,1.3,1.1,2026-02-07,834,Aqua,MODIS,57,61.03,297.7,7.7,D,0
22.5253,92.1848,313.8,1.3,1.1,2026-02-07,834,Aqua,MODIS,70,61.03,298.0,13.8,D,0
22.9079,92.0711,311.1,1.3,1.1,2026-02-07,834,Aqua,MODIS,50,61.03,298.4,9.9,D,0
22.91,92.0833,320.9,1.3,1.1,2026-02-07,834,Aqua,MODIS,74,61.03,299.1,22.7,D,0
24.9623,90.9971,310.7,1.4,1.2,2026-02-07,835,Aqua,MODIS,62,61.03,299.1,11.2,D,0
24.492,91.6363,315.4,1.7,1.3,2026-02-08,330,Terra,MODIS,76,61.03,292.0,28.5,D,0
24.9634,90.9984,322.6,1.5,1.2,2026-02-08,330,Terra,MODIS,77,61.03,292.2,37.2,D,0
22.7892,91.3663,310.2,1.8,1.3,2026-02-08,331,Terra,MODIS,0,61.03,294.7,18.7,D,0
22.8589,91.5769,347.5,1.8,1.3,2026-02-08,912,Aqua,MODIS,94,61.03,299.5,127.7,D,0
22.8608,91.5941,314.7,1.8,1.3,2026-02-08,912,Aqua,MODIS,70,61.03,297.2,22.4,D,0
22.8705,91.5756,307.7,1.8,1.3,2026-02-08,912,Aqua,MODIS,33,61.03,297.7,8.6,D,0
25.0482,91.8414,311.5,1.0,1.0,2026-02-10,851,Aqua,MODIS,65,61.03,300.5,5.7,D,0
22.5507,92.3645,314.6,1.6,1.2,2026-02-13,907,Aqua,MODIS,66,61.03,300.3,15.7,D,0
21.3822,92.2491,323.4,1.0,1.0,2026-02-15,845,Aqua,MODIS,80,61.03,300.9,17.6,D,0
22.0636,92.1736,312.0,1.0,1.0,2026-02-15,845,Aqua,MODIS,65,61.03,301.1,6.1,D,0
24.9091,92.4574,316.0,1.0,1.0,2026-02-15,846,Aqua,MODIS,72,61.03,299.3,8.6,D,0
24.9962,92.3566,327.1,1.0,1.0,2026-02-15,846,Aqua,MODIS,83,61.03,302.3,19.5,D,0
24.9976,92.3661,311.6,1.0,1.0,2026-02-15,846,Aqua,MODIS,65,61.03,301.3,4.8,D,0
21.2056,92.1534,311.8,1.3,1.1,2026-02-16,2130,Aqua,MODIS,83,61.03,287.9,19.6,N,0
24.9867,92.2343,314.9,1.8,1.3,2026-02-17,824,Aqua,MODIS,70,61.03,304.6,13.9,D,0
22.8177,91.8926,316.0,1.2,1.1,2026-02-18,902,Aqua,MODIS,66,61.03,305.7,8.9,D,0
22.8192,91.9041,334.2,1.2,1.1,2026-02-18,902,Aqua,MODIS,86,61.03,305.3,36.7,D,0
23.1512,91.853,315.1,1.2,1.1,2026-02-18,902,Aqua,MODIS,65,61.03,304.9,7.8,D,0
24.8877,92.4347,318.7,1.4,1.2,2026-02-18,902,Aqua,MODIS,68,61.03,305.4,13.3,D,0
22.6204,92.3396,318.8,1.1,1.0,2026-02-20,310,Terra,MODIS,78,61.03,295.1,15.7,D,0
22.6219,92.3297,309.4,1.1,1.0,2026-02-20,310,Terra,MODIS,67,61.03,294.4,7.4,D,0
22.6151,92.3337,315.3,1.1,1.1,2026-02-20,840,Aqua,MODIS,69,61.03,300.5,9.4,D,0
22.9205,91.7518,313.6,1.2,1.1,2026-02-20,840,Aqua,MODIS,65,61.03,302.3,7.7,D,0
23.7821,89.8319,317.8,1.5,1.2,2026-02-20,840,Aqua,MODIS,0,61.03,299.3,18.0,D,0
23.0813,92.1761,304.4,1.0,1.0,2026-02-21,1443,Terra,MODIS,60,61.03,292.3,6.3,N,0
23.0826,92.1861,303.5,1.0,1.0,2026-02-21,1443,Terra,MODIS,56,61.03,292.1,5.7,N,0
24.2213,91.748,318.2,2.6,1.6,2026-02-22,819,Aqua,MODIS,74,61.03,296.2,43.1,D,0
22.271,92.1078,315.5,1.1,1.0,2026-02-23,856,Aqua,MODIS,67,61.03,302.2,8.3,D,0
22.385,92.1956,320.7,1.1,1.0,2026-02-23,856,Aqua,MODIS,75,61.03,303.5,13.0,D,0
22.7514,91.6399,323.0,1.0,1.0,2026-02-23,856,Aqua,MODIS,77,61.03,298.2,16.4,D,0
22.8626,91.5752,310.8,1.0,1.0,2026-02-23,857,Aqua,MODIS,55,61.03,300.4,5.0,D,0
25.0626,92.2421,316.1,1.1,1.1,2026-02-23,857,Aqua,MODIS,71,61.03,300.0,9.7,D,0
24.6988,90.4569,313.8,1.6,1.3,2026-02-25,835,Aqua,MODIS,66,61.03,296.3,17.5,D,0
21.5431,92.2138,314.7,1.0,1.0,2026-02-28,851,Aqua,MODIS,55,61.03,301.7,8.4,D,0
21.8446,92.4979,314.4,1.0,1.0,2026-02-28,851,Aqua,MODIS,68,61.03,301.7,7.2,D,0
22.3373,92.4039,310.1,1.0,1.0,2026-02-28,851,Aqua,MODIS,58,61.03,300.0,4.5,D,0
23.0773,91.9511,310.0,1.0,1.0,2026-02-28,851,Aqua,MODIS,56,61.03,299.9,3.3,D,0
23.3579,91.2862,312.2,1.0,1.0,2026-02-28,851,Aqua,MODIS,61,61.03,302.1,5.0,D,0
24.9777,92.3151,312.3,1.0,1.0,2026-02-28,852,Aqua,MODIS,55,61.03,300.5,6.0,D,0
24.7302,92.2875,332.2,1.5,1.2,2026-03-02,830,Aqua,MODIS,86,61.03,296.2,50.3,D,0
25.7646,88.3906,303.4,2.1,1.4,2026-03-03,347,Terra,MODIS,44,61.03,293.1,9.7,D,0
24.5279,91.9118,313.6,1.5,1.2,2026-03-03,908,Aqua,MODIS,64,61.03,299.1,10.8,D,0
22.4149,92.1919,303.0,1.0,1.0,2026-03-03,1442,Terra,MODIS,53,61.03,291.9,5.0,N,0
23.0817,91.8707,316.0,1.1,1.0,2026-03-05,846,Aqua,MODIS,67,61.03,301.3,7.1,D,0
23.0848,91.8906,318.2,1.1,1.0,2026-03-05,846,Aqua,MODIS,71,61.03,301.8,9.2,D,0
25.2986,89.9674,310.9,1.2,1.1,2026-03-05,847,Aqua,MODIS,55,61.03,299.2,6.1,D,0
22.3002,92.5698,313.7,2.1,1.4,2026-03-07,824,Aqua,MODIS,60,61.03,298.7,21.0,D,0
22.7553,91.6236,310.5,2.4,1.5,2026-03-07,824,Aqua,MODIS,51,61.03,296.2,15.6,D,0
22.7574,91.6394,329.1,2.4,1.5,2026-03-07,824,Aqua,MODIS,83,61.03,297.3,81.9,D,0
22.7595,91.6454,328.4,2.4,1.5,2026-03-07,824,Aqua,MODIS,83,61.03,297.4,78.3,D,0
22.9458,92.3516,312.3,2.9,1.6,2026-03-07,1402,Terra,MODIS,85,61.03,291.4,53.7,N,0
22.9486,92.3459,312.1,2.9,1.6,2026-03-07,1402,Terra,MODIS,84,61.03,291.2,54.0,N,0
21.6382,92.2033,313.4,1.2,1.1,2026-03-08,902,Aqua,MODIS,59,61.03,301.0,7.2,D,0
22.7602,91.6315,324.8,1.1,1.1,2026-03-08,902,Aqua,MODIS,79,61.03,298.4,18.8,D,0
22.7617,91.6422,342.4,1.1,1.1,2026-03-08,902,Aqua,MODIS,91,61.03,300.1,48.5,D,0
22.7695,91.63,318.4,1.1,1.1,2026-03-08,902,Aqua,MODIS,71,61.03,298.5,11.6,D,0
22.7709,91.6408,323.4,1.1,1.1,2026-03-08,902,Aqua,MODIS,78,61.03,299.1,17.4,D,0
24.8926,92.383,315.9,1.3,1.1,2026-03-08,903,Aqua,MODIS,69,61.03,298.3,10.9,D,0
24.7184,89.6553,309.4,1.2,1.1,2026-03-10,327,Terra,MODIS,0,61.03,296.9,7.4,D,0
21.2226,92.197,317.5,1.2,1.1,2026-03-10,840,Aqua,MODIS,70,61.03,300.0,13.2,D,0
23.0657,91.9418,322.6,1.2,1.1,2026-03-10,841,Aqua,MODIS,77,61.03,299.6,18.1,D,0
25.6136,89.5385,329.6,1.5,1.2,2026-03-10,841,Aqua,MODIS,79,61.03,296.7,40.9,D,0
23.7111,92.2663,311.4,2.3,1.5,2026-03-11,919,Aqua,MODIS,57,61.03,293.7,18.1,D,0
22.5077,92.1829,315.1,1.0,1.0,2026-03-13,857,Aqua,MODIS,51,61.03,296.8,9.0,D,0
22.6035,92.082,311.9,1.0,1.0,2026-03-13,857,Aqua,MODIS,44,61.03,296.6,5.3,D,0
22.6443,92.1148,315.9,1.0,1.0,2026-03-13,857,Aqua,MODIS,70,61.03,296.8,9.2,D,0
23.0973,91.9074,309.9,1.5,1.2,2026-03-15,835,Aqua,MODIS,44,61.03,295.0,8.7,D,0
23.2032,92.3473,310.2,1.4,1.2,2026-03-15,835,Aqua,MODIS,46,61.03,295.4,8.0,D,0
22.2178,92.3515,313.0,1.7,1.3,2026-03-16,913,Aqua,MODIS,59,61.03,296.1,9.7,D,0
22.1898,92.5868,325.8,3.6,1.8,2026-03-17,813,Aqua,MODIS,74,61.03,295.2,117.5,D,0
22.1941,92.5895,325.4,3.6,1.8,2026-03-17,813,Aqua,MODIS,74,61.03,296.0,115.9,D,0
22.3073,92.5484,312.5,3.6,1.8,2026-03-17,813,Aqua,MODIS,56,61.03,297.4,36.0,D,0
22.3111,92.5539,320.0,3.6,1.8,2026-03-17,813,Aqua,MODIS,72,61.03,297.5,75.7,D,0
22.3638,92.5301,314.1,3.6,1.8,2026-03-17,813,Aqua,MODIS,63,61.03,297.9,43.3,D,0
22.4232,92.221,311.1,3.8,1.8,2026-03-17,813,Aqua,MODIS,56,61.03,296.6,32.8,D,0
22.429,92.2266,310.6,3.8,1.8,2026-03-17,813,Aqua,MODIS,52,61.03,296.6,28.6,D,0
21.5663,92.3891,312.9,1.0,1.0,2026-03-18,851,Aqua,MODIS,59,61.03,300.5,4.2,D,0
21.5737,92.3782,325.0,1.0,1.0,2026-03-18,851,Aqua,MODIS,79,61.03,300.6,15.5,D,0
21.5751,92.3876,342.8,1.0,1.0,2026-03-18,851,Aqua,MODIS,92,61.03,301.0,41.0,D,0
21.7794,92.3976,316.3,1.0,1.0,2026-03-18,851,Aqua,MODIS,68,61.03,300.7,8.1,D,0
22.0613,92.5516,318.8,1.0,1.0,2026-03-18,851,Aqua,MODIS,61,61.03,302.3,8.9,D,0
22.0686,92.5407,367.7,1.0,1.0,2026-03-18,851,Aqua,MODIS,100,61.03,305.3,100.5,D,0
22.07,92.5501,351.8,1.0,1.0,2026-03-18,851,Aqua,MODIS,96,61.03,303.2,58.1,D,0
22.0714,92.5594,316.7,1.0,1.0,2026-03-18,851,Aqua,MODIS,15,61.03,301.7,7.5,D,0
22.1621,92.6043,323.7,1.0,1.0,2026-03-18,851,Aqua,MODIS,77,61.03,300.5,14.5,D,0
22.2023,92.2551,323.2,1.0,1.0,2026-03-18,851,Aqua,MODIS,77,61.03,301.2,12.8,D,0
22.3408,92.0639,335.6,1.0,1.0,2026-03-18,851,Aqua,MODIS,87,61.03,299.8,31.0,D,0
22.4112,92.1515,316.0,1.0,1.0,2026-03-18,851,Aqua,MODIS,66,61.03,299.1,6.8,D,0
22.4175,92.3979,321.6,1.0,1.0,2026-03-18,851,Aqua,MODIS,75,61.03,302.7,11.3,D,0
22.4455,92.2613,329.0,1.0,1.0,2026-03-18,851,Aqua,MODIS,82,61.03,301.3,19.4,D,0
22.4528,92.2504,357.6,1.0,1.0,2026-03-18,851,Aqua,MODIS,99,61.03,303.2,72.6,D,0
22.4542,92.2598,321.1,1.0,1.0,2026-03-18,851,Aqua,MODIS,74,61.03,300.9,10.9,D,0
22.5382,91.7081,316.3,1.0,1.0,2026-03-18,851,Aqua,MODIS,67,61.03,297.4,8.5,D,0
22.5396,91.7176,318.7,1.0,1.0,2026-03-18,851,Aqua,MODIS,71,61.03,298.2,11.1,D,0
22.5427,92.4949,314.1,1.0,1.0,2026-03-18,851,Aqua,MODIS,62,61.03,300.2,5.1,D,0
22.5441,92.5043,327.1,1.0,1.0,2026-03-18,851,Aqua,MODIS,81,61.03,300.9,18.1,D,0
22.5451,92.3732,318.3,1.0,1.0,2026-03-18,851,Aqua,MODIS,71,61.03,299.8,8.4,D,0
22.5465,92.3825,315.5,1.0,1.0,2026-03-18,851,Aqua,MODIS,66,61.03,300.1,6.2,D,0
22.884,91.8043,312.3,1.0,1.0,2026-03-18,851,Aqua,MODIS,59,61.03,296.7,5.5,D,0
23.1063,92.3542,315.3,1.0,1.0,2026-03-18,851,Aqua,MODIS,55,61.03,297.6,7.5,D,0
23.1658,92.0078,313.9,1.0,1.0,2026-03-18,851,Aqua,MODIS,39,61.03,297.1,6.1,D,0
23.3126,91.8721,313.4,1.0,1.0,2026-03-18,851,Aqua,MODIS,21,61.03,297.5,5.8,D,0
23.3269,91.967,314.7,1.0,1.0,2026-03-18,851,Aqua,MODIS,67,61.03,298.8,6.7,D,0
23.3283,91.9765,314.1,1.0,1.0,2026-03-18,851,Aqua,MODIS,66,61.03,298.7,6.3,D,0
23.3879,91.9561,328.5,1.0,1.0,2026-03-18,851,Aqua,MODIS,83,61.03,298.2,20.3,D,0
23.3894,91.9656,337.6,1.0,1.0,2026-03-18,851,Aqua,MODIS,89,61.03,299.9,33.0,D,0
23.3908,91.975,334.9,1.0,1.0,2026-03-18,851,Aqua,MODIS,87,61.03,299.6,29.1,D,0
23.4199,91.974,311.1,1.0,1.0,2026-03-18,851,Aqua,MODIS,22,61.03,295.2,4.4,D,0
22.3242,92.2181,303.0,1.0,1.0,2026-03-18,1439,Terra,MODIS,52,61.03,292.6,4.4,N,0
22.702,92.3697,302.2,1.0,1.0,2026-03-18,1440,Terra,MODIS,40,61.03,277.5,6.0,N,0
22.4588,92.1785,312.6,3.4,1.7,2026-03-19,929,Aqua,MODIS,61,61.03,296.1,29.2,D,0
21.8227,92.6098,324.5,2.2,1.4,2026-03-20,326,Terra,MODIS,81,61.03,290.8,63.3,D,0
21.8241,92.6171,312.5,2.2,1.4,2026-03-20,326,Terra,MODIS,69,61.03,291.0,28.4,D,0
21.8261,92.5909,315.8,2.2,1.4,2026-03-20,326,Terra,MODIS,73,61.03,291.0,36.4,D,0
21.8278,92.5975,326.3,2.2,1.4,2026-03-20,326,Terra,MODIS,83,61.03,291.1,67.9,D,0
21.4277,92.4978,313.6,1.9,1.3,2026-03-20,829,Aqua,MODIS,61,61.03,295.5,16.4,D,0
21.4509,92.4922,312.5,1.9,1.3,2026-03-20,829,Aqua,MODIS,42,61.03,297.9,14.1,D,0
21.5108,92.3825,338.0,1.9,1.4,2026-03-20,829,Aqua,MODIS,89,61.03,298.5,90.0,D,0
21.5197,92.3643,330.9,1.9,1.4,2026-03-20,829,Aqua,MODIS,84,61.03,297.3,62.2,D,0
21.7697,92.4024,317.5,1.9,1.3,2026-03-20,829,Aqua,MODIS,70,61.03,298.6,24.2,D,0
22.0929,92.5138,327.2,1.8,1.3,2026-03-20,829,Aqua,MODIS,77,61.03,295.7,51.0,D,0
22.0958,92.5292,314.5,1.8,1.3,2026-03-20,829,Aqua,MODIS,50,61.03,292.0,20.2,D,0
22.2737,92.1796,319.9,1.9,1.4,2026-03-20,829,Aqua,MODIS,74,61.03,295.8,31.5,D,0
22.2788,92.1852,316.7,1.9,1.4,2026-03-20,829,Aqua,MODIS,53,61.03,294.5,22.2,D,0
22.4333,92.2134,311.9,1.9,1.3,2026-03-20,829,Aqua,MODIS,59,61.03,294.3,11.7,D,0
22.5421,92.4898,312.9,1.8,1.3,2026-03-20,829,Aqua,MODIS,62,61.03,296.2,13.9,D,0
22.5449,92.5053,319.8,1.8,1.3,2026-03-20,829,Aqua,MODIS,74,61.03,296.3,28.0,D,0
22.5833,92.3907,312.9,1.8,1.3,2026-03-20,829,Aqua,MODIS,61,61.03,296.3,14.7,D,0
21.4206,92.4415,312.0,1.4,1.2,2026-03-20,1419,Terra,MODIS,84,61.03,291.2,16.8,N,0
21.4226,92.454,326.8,1.4,1.2,2026-03-20,1419,Terra,MODIS,100,61.03,292.2,39.9,N,0
21.4329,92.4521,303.8,1.4,1.2,2026-03-20,1419,Terra,MODIS,57,61.03,291.1,8.3,N,0
21.6745,92.3604,304.5,1.4,1.2,2026-03-20,1419,Terra,MODIS,60,61.03,290.3,9.9,N,0
21.3144,92.1828,313.2,1.1,1.1,2026-03-23,845,Aqua,MODIS,65,61.03,300.0,8.0,D,0
21.4742,92.2583,323.1,1.1,1.1,2026-03-23,845,Aqua,MODIS,79,61.03,300.1,17.8,D,0
21.4759,92.2687,316.8,1.1,1.1,2026-03-23,845,Aqua,MODIS,72,61.03,299.9,11.0,D,0
21.5255,92.4603,350.4,1.1,1.0,2026-03-23,845,Aqua,MODIS,96,61.03,301.8,64.0,D,0
21.5345,92.4585,370.2,1.1,1.0,2026-03-23,845,Aqua,MODIS,100,61.03,303.3,125.1,D,0
21.5362,92.4688,314.0,1.1,1.0,2026-03-23,845,Aqua,MODIS,66,61.03,299.8,6.3,D,0
22.2168,92.2617,312.5,1.1,1.0,2026-03-23,846,Aqua,MODIS,0,61.03,295.9,6.1,D,0
22.8596,91.5941,326.3,1.1,1.1,2026-03-23,846,Aqua,MODIS,82,61.03,296.9,24.5,D,0
23.1813,92.1456,320.8,1.1,1.0,2026-03-23,846,Aqua,MODIS,71,61.03,296.2,14.6,D,0
22.7707,92.4312,317.7,1.0,1.0,2026-03-23,1439,Terra,MODIS,95,61.03,292.1,16.5,N,0
22.772,92.441,302.2,1.0,1.0,2026-03-23,1439,Terra,MODIS,47,61.03,291.7,4.8,N,0
23.1844,92.1466,308.6,1.0,1.0,2026-03-23,1439,Terra,MODIS,75,61.03,291.6,8.9,N,0
22.0909,92.515,320.0,2.3,1.5,2026-03-23,2053,Aqua,MODIS,100,61.03,289.5,63.6,N,0
22.0931,92.4949,304.6,2.3,1.5,2026-03-23,2053,Aqua,MODIS,61,61.03,289.1,24.3,N,0
22.2621,92.3065,317.0,2.6,1.6,2026-03-24,923,Aqua,MODIS,66,61.03,296.5,29.8,D,0
22.2672,92.3132,319.5,2.6,1.6,2026-03-24,923,Aqua,MODIS,70,61.03,296.3,38.7,D,0
22.6473,92.4708,318.7,2.7,1.6,2026-03-24,924,Aqua,MODIS,70,61.03,298.7,36.6,D,0
22.8156,91.5905,337.5,2.3,1.5,2026-03-24,924,Aqua,MODIS,88,61.03,295.9,112.9,D,0
22.8261,91.5843,322.7,2.3,1.5,2026-03-24,924,Aqua,MODIS,76,61.03,295.9,47.2,D,0
22.8282,91.6061,375.0,2.4,1.5,2026-03-24,924,Aqua,MODIS,100,61.03,297.7,445.8,D,0
22.8286,91.5889,321.9,2.3,1.5,2026-03-24,924,Aqua,MODIS,75,61.03,295.9,45.2,D,0
22.8309,91.6111,342.2,2.4,1.5,2026-03-24,924,Aqua,MODIS,91,61.03,296.5,142.9,D,0
22.918,91.9666,317.9,2.5,1.5,2026-03-24,924,Aqua,MODIS,66,61.03,297.0,28.7,D,0
22.934,92.2621,315.0,2.7,1.6,2026-03-24,924,Aqua,MODIS,0,61.03,296.1,27.6,D,0
21.5754,92.4915,330.9,2.5,1.5,2026-03-25,824,Aqua,MODIS,83,61.03,299.9,88.2,D,0
21.5794,92.4957,339.1,2.5,1.5,2026-03-25,824,Aqua,MODIS,89,61.03,299.9,135.7,D,0
21.5802,92.5156,313.6,2.5,1.5,2026-03-25,824,Aqua,MODIS,38,61.03,299.2,20.9,D,0
21.9788,92.3727,313.9,2.5,1.5,2026-03-25,824,Aqua,MODIS,60,61.03,298.1,21.8,D,0
21.9833,92.3957,320.7,2.5,1.5,2026-03-25,824,Aqua,MODIS,73,61.03,298.6,43.9,D,0
22.3079,92.2246,313.1,2.5,1.5,2026-03-25,824,Aqua,MODIS,60,61.03,297.9,18.9,D,0
22.8154,91.6166,310.6,2.7,1.6,2026-03-25,824,Aqua,MODIS,58,61.03,294.8,18.1,D,0
22.8221,91.6083,310.6,2.7,1.6,2026-03-25,824,Aqua,MODIS,58,61.03,294.6,19.1,D,0
22.8729,91.9272,317.1,2.6,1.5,2026-03-25,824,Aqua,MODIS,71,61.03,295.7,33.0,D,0
22.8775,91.9329,321.2,2.6,1.5,2026-03-25,824,Aqua,MODIS,76,61.03,296.1,48.4,D,0
22.9042,91.9448,326.1,2.5,1.5,2026-03-25,824,Aqua,MODIS,81,61.03,297.3,65.6,D,0
23.1693,92.1357,312.8,2.4,1.5,2026-03-25,824,Aqua,MODIS,55,61.03,296.5,22.7,D,0
22.0971,92.5036,306.2,1.4,1.2,2026-03-25,1419,Terra,MODIS,67,61.03,293.2,10.5,N,0
22.9227,92.3275,315.8,1.4,1.2,2026-03-25,1419,Terra,MODIS,92,61.03,294.2,20.2,N,0
21.3726,92.4918,320.3,1.1,1.1,2026-03-26,901,Aqua,MODIS,72,61.03,304.4,12.1,D,0
21.4221,92.5799,314.4,1.1,1.1,2026-03-26,901,Aqua,MODIS,58,61.03,303.0,6.8,D,0
21.5304,92.4339,334.1,1.1,1.0,2026-03-26,902,Aqua,MODIS,85,61.03,307.0,28.8,D,0
21.5318,92.4441,345.6,1.1,1.1,2026-03-26,902,Aqua,MODIS,93,61.03,307.2,51.0,D,0
21.5587,92.3663,326.2,1.1,1.0,2026-03-26,902,Aqua,MODIS,79,61.03,306.5,17.1,D,0
21.7758,92.4071,314.1,1.1,1.1,2026-03-26,902,Aqua,MODIS,46,61.03,302.5,5.0,D,0
21.9071,92.4248,322.8,1.1,1.1,2026-03-26,902,Aqua,MODIS,74,61.03,305.2,13.0,D,0
22.0529,92.3471,326.8,1.1,1.1,2026-03-26,902,Aqua,MODIS,79,61.03,304.7,18.3,D,0
22.0543,92.3576,320.5,1.1,1.1,2026-03-26,902,Aqua,MODIS,70,61.03,304.3,10.3,D,0
22.0828,92.1528,320.2,1.1,1.0,2026-03-26,902,Aqua,MODIS,71,61.03,305.3,10.4,D,0
22.2151,92.3046,327.5,1.1,1.1,2026-03-26,902,Aqua,MODIS,80,61.03,304.7,18.7,D,0
22.2165,92.3149,322.6,1.1,1.1,2026-03-26,902,Aqua,MODIS,74,61.03,304.4,12.5,D,0
22.2475,92.2832,322.2,1.1,1.1,2026-03-26,902,Aqua,MODIS,74,61.03,304.3,11.0,D,0
22.2488,92.2936,332.7,1.1,1.1,2026-03-26,902,Aqua,MODIS,84,61.03,304.9,25.8,D,0
22.268,92.582,317.3,1.1,1.1,2026-03-26,902,Aqua,MODIS,51,61.03,304.5,7.6,D,0
22.2686,92.3011,331.0,1.1,1.1,2026-03-26,902,Aqua,MODIS,83,61.03,305.4,23.0,D,0
22.2701,92.1738,315.8,1.1,1.0,2026-03-26,902,Aqua,MODIS,62,61.03,304.0,6.2,D,0
22.2708,92.1107,326.6,1.1,1.0,2026-03-26,902,Aqua,MODIS,79,61.03,304.1,18.4,D,0
22.2715,92.184,323.4,1.1,1.0,2026-03-26,902,Aqua,MODIS,75,61.03,304.7,14.3,D,0
22.3225,92.5626,325.9,1.1,1.1,2026-03-26,902,Aqua,MODIS,78,61.03,305.6,18.2,D,0
22.3239,92.5734,318.3,1.1,1.1,2026-03-26,902,Aqua,MODIS,63,61.03,302.6,7.8,D,0
22.3242,92.2327,319.9,1.1,1.0,2026-03-26,902,Aqua,MODIS,70,61.03,307.1,7.8,D,0
22.4369,92.2518,318.3,1.1,1.1,2026-03-26,902,Aqua,MODIS,42,61.03,304.5,6.7,D,0
22.4383,92.2622,322.0,1.1,1.1,2026-03-26,902,Aqua,MODIS,59,61.03,305.3,10.7,D,0
22.4517,92.2918,327.7,1.1,1.1,2026-03-26,902,Aqua,MODIS,80,61.03,304.6,20.0,D,0
22.5147,92.3509,319.7,1.1,1.1,2026-03-26,902,Aqua,MODIS,65,61.03,304.9,9.3,D,0
22.523,92.4146,324.6,1.1,1.1,2026-03-26,902,Aqua,MODIS,76,61.03,304.8,15.8,D,0
22.5244,92.4252,320.2,1.1,1.1,2026-03-26,902,Aqua,MODIS,70,61.03,304.1,10.0,D,0
22.5543,92.3652,320.8,1.1,1.1,2026-03-26,902,Aqua,MODIS,71,61.03,303.7,10.6,D,0
22.5558,92.3766,319.1,1.1,1.1,2026-03-26,902,Aqua,MODIS,68,61.03,303.7,8.8,D,0
22.5744,91.7683,314.9,1.1,1.0,2026-03-26,902,Aqua,MODIS,58,61.03,303.4,5.5,D,0
22.6335,91.9972,319.1,1.1,1.0,2026-03-26,902,Aqua,MODIS,49,61.03,303.0,9.0,D,0
22.6412,92.1222,319.1,1.1,1.0,2026-03-26,902,Aqua,MODIS,69,61.03,304.2,10.4,D,0
22.6558,91.9556,324.7,1.1,1.0,2026-03-26,902,Aqua,MODIS,77,61.03,303.1,16.0,D,0
22.7098,92.3622,321.5,1.1,1.1,2026-03-26,902,Aqua,MODIS,73,61.03,306.1,10.8,D,0
22.7565,91.9548,343.4,1.1,1.0,2026-03-26,902,Aqua,MODIS,92,61.03,301.2,48.4,D,0
22.7824,91.9403,322.6,1.1,1.0,2026-03-26,902,Aqua,MODIS,59,61.03,300.5,14.7,D,0
22.7928,91.9491,321.6,1.1,1.0,2026-03-26,902,Aqua,MODIS,64,61.03,302.1,12.6,D,0
22.7942,91.9594,327.2,1.1,1.0,2026-03-26,902,Aqua,MODIS,80,61.03,304.7,19.3,D,0
22.8536,91.5815,318.7,1.1,1.0,2026-03-26,902,Aqua,MODIS,68,61.03,302.5,8.3,D,0
22.855,91.5915,361.6,1.1,1.0,2026-03-26,902,Aqua,MODIS,100,61.03,306.2,89.4,D,0
22.8851,92.3663,330.6,1.1,1.1,2026-03-26,902,Aqua,MODIS,83,61.03,304.2,24.4,D,0
22.959,91.9521,323.6,1.1,1.0,2026-03-26,902,Aqua,MODIS,76,61.03,305.8,12.0,D,0
22.9682,91.9507,325.5,1.1,1.0,2026-03-26,902,Aqua,MODIS,50,61.03,305.2,13.1,D,0
22.9836,91.9274,319.1,1.1,1.0,2026-03-26,902,Aqua,MODIS,55,61.03,305.2,7.2,D,0
23.0126,91.9369,323.9,1.1,1.0,2026-03-26,902,Aqua,MODIS,76,61.03,306.7,11.7,D,0
23.061,91.8141,317.2,1.1,1.0,2026-03-26,902,Aqua,MODIS,65,61.03,304.7,6.3,D,0
23.0813,92.1712,327.6,1.1,1.1,2026-03-26,902,Aqua,MODIS,80,61.03,302.8,19.8,D,0
23.1391,89.7687,320.8,1.0,1.0,2026-03-26,902,Aqua,MODIS,73,61.03,303.1,10.4,D,0
23.1405,92.0702,322.5,1.1,1.0,2026-03-26,902,Aqua,MODIS,75,61.03,303.2,13.4,D,0
23.1871,92.138,319.4,1.1,1.1,2026-03-26,902,Aqua,MODIS,70,61.03,304.0,8.3,D,0
23.2496,91.9822,327.5,1.1,1.0,2026-03-26,902,Aqua,MODIS,80,61.03,305.8,17.3,D,0
23.251,91.9925,323.2,1.1,1.0,2026-03-26,902,Aqua,MODIS,75,61.03,304.6,11.9,D,0
23.2518,91.929,317.7,1.1,1.0,2026-03-26,902,Aqua,MODIS,67,61.03,304.5,7.4,D,0
23.2849,91.9813,319.4,1.1,1.0,2026-03-26,902,Aqua,MODIS,52,61.03,306.5,8.5,D,0
23.2927,91.9696,346.1,1.1,1.0,2026-03-26,902,Aqua,MODIS,93,61.03,306.5,51.3,D,0
23.3189,91.8173,317.2,1.1,1.0,2026-03-26,902,Aqua,MODIS,65,61.03,304.6,6.2,D,0
23.3202,91.8275,338.0,1.1,1.0,2026-03-26,902,Aqua,MODIS,88,61.03,305.7,34.6,D,0
23.3265,91.943,313.7,1.1,1.0,2026-03-26,902,Aqua,MODIS,58,61.03,301.7,3.4,D,0
23.3551,92.3726,321.0,1.1,1.1,2026-03-26,902,Aqua,MODIS,73,61.03,303.2,12.7,D,0
23.3673,91.9683,318.8,1.1,1.0,2026-03-26,902,Aqua,MODIS,49,61.03,302.5,7.0,D,0
23.3687,91.9788,321.1,1.1,1.0,2026-03-26,902,Aqua,MODIS,63,61.03,303.4,10.1,D,0
23.3763,91.9709,325.9,1.1,1.0,2026-03-26,902,Aqua,MODIS,79,61.03,305.5,15.7,D,0
23.4004,91.8716,342.1,1.1,1.0,2026-03-26,902,Aqua,MODIS,91,61.03,303.6,44.9,D,0
21.3106,92.1904,312.6,1.4,1.2,2026-03-28,840,Aqua,MODIS,51,61.03,298.1,8.2,D,0
21.3364,92.1582,313.0,1.4,1.2,2026-03-28,840,Aqua,MODIS,48,61.03,296.7,7.8,D,0
21.3677,92.5872,335.2,1.3,1.1,2026-03-28,840,Aqua,MODIS,79,61.03,290.4,41.9,D,0
21.3756,92.574,339.3,1.3,1.1,2026-03-28,840,Aqua,MODIS,53,61.03,296.3,50.6,D,0
21.3774,92.5851,363.2,1.3,1.1,2026-03-28,840,Aqua,MODIS,100,61.03,297.0,128.1,D,0
21.3789,92.1712,317.5,1.4,1.2,2026-03-28,840,Aqua,MODIS,67,61.03,294.9,12.8,D,0
21.381,92.1836,319.1,1.4,1.2,2026-03-28,840,Aqua,MODIS,74,61.03,293.6,15.5,D,0
21.3988,92.5312,334.0,1.3,1.1,2026-03-28,840,Aqua,MODIS,76,61.03,298.5,37.6,D,0
21.4087,92.5295,323.5,1.3,1.1,2026-03-28,840,Aqua,MODIS,55,61.03,295.8,18.6,D,0
21.4397,92.4673,352.8,1.3,1.1,2026-03-28,840,Aqua,MODIS,97,61.03,301.8,87.8,D,0
21.4417,92.4793,325.6,1.3,1.1,2026-03-28,840,Aqua,MODIS,61,61.03,299.0,21.5,D,0
21.4523,92.2991,315.5,1.3,1.1,2026-03-28,840,Aqua,MODIS,69,61.03,299.4,10.8,D,0
21.4544,92.3118,334.2,1.3,1.1,2026-03-28,840,Aqua,MODIS,87,61.03,299.6,43.5,D,0
21.4612,92.413,332.9,1.3,1.1,2026-03-28,840,Aqua,MODIS,86,61.03,300.2,36.1,D,0
21.4615,92.4758,326.7,1.3,1.1,2026-03-28,840,Aqua,MODIS,72,61.03,299.6,23.8,D,0
21.4631,92.4247,336.1,1.3,1.1,2026-03-28,840,Aqua,MODIS,88,61.03,299.8,42.5,D,0
21.4691,92.3991,341.4,1.3,1.1,2026-03-28,840,Aqua,MODIS,91,61.03,300.8,56.5,D,0
21.4811,92.4021,335.4,1.3,1.1,2026-03-28,840,Aqua,MODIS,80,61.03,299.3,35.6,D,0
21.4994,92.4491,346.5,1.3,1.1,2026-03-28,840,Aqua,MODIS,94,61.03,299.6,67.9,D,0
21.5092,92.447,336.0,1.3,1.1,2026-03-28,840,Aqua,MODIS,88,61.03,298.7,41.6,D,0
21.5346,92.4166,326.4,1.3,1.1,2026-03-28,840,Aqua,MODIS,52,61.03,298.8,22.4,D,0
21.5358,92.302,355.1,1.3,1.1,2026-03-28,840,Aqua,MODIS,98,61.03,300.1,100.0,D,0
21.5364,92.3664,331.1,1.3,1.1,2026-03-28,840,Aqua,MODIS,85,61.03,299.7,31.8,D,0
21.5384,92.3781,369.2,1.3,1.1,2026-03-28,840,Aqua,MODIS,100,61.03,301.2,158.0,D,0
21.5409,92.4536,335.7,1.3,1.1,2026-03-28,840,Aqua,MODIS,80,61.03,298.8,39.0,D,0
21.5458,92.3003,322.9,1.3,1.1,2026-03-28,840,Aqua,MODIS,39,61.03,299.4,18.2,D,0
21.5463,92.3641,323.5,1.3,1.1,2026-03-28,840,Aqua,MODIS,20,61.03,299.6,16.8,D,0
21.5466,92.4268,331.9,1.3,1.1,2026-03-28,840,Aqua,MODIS,58,61.03,299.8,29.9,D,0
21.5483,92.3761,332.4,1.3,1.1,2026-03-28,840,Aqua,MODIS,86,61.03,299.7,33.2,D,0
21.5524,92.2805,323.0,1.3,1.1,2026-03-28,840,Aqua,MODIS,48,61.03,299.1,19.0,D,0
21.5528,92.4641,330.7,1.3,1.1,2026-03-28,840,Aqua,MODIS,61,61.03,298.2,27.8,D,0
21.5537,92.286,335.9,1.3,1.1,2026-03-28,840,Aqua,MODIS,87,61.03,299.4,41.5,D,0
21.5547,92.2936,329.9,1.3,1.1,2026-03-28,840,Aqua,MODIS,84,61.03,299.6,31.7,D,0
21.5558,92.2989,328.2,1.3,1.1,2026-03-28,840,Aqua,MODIS,44,61.03,299.0,25.9,D,0
21.5585,92.4374,334.3,1.3,1.1,2026-03-28,840,Aqua,MODIS,66,61.03,298.8,31.4,D,0
21.5627,92.4621,350.4,1.3,1.1,2026-03-28,840,Aqua,MODIS,96,61.03,298.6,76.5,D,0
21.5801,92.4406,333.4,1.3,1.1,2026-03-28,840,Aqua,MODIS,50,61.03,299.2,32.6,D,0
21.59,92.4388,346.0,1.3,1.1,2026-03-28,840,Aqua,MODIS,87,61.03,299.5,63.1,D,0
21.5986,92.3098,326.4,1.3,1.1,2026-03-28,840,Aqua,MODIS,82,61.03,299.5,26.4,D,0
21.6002,92.2586,330.9,1.3,1.1,2026-03-28,840,Aqua,MODIS,85,61.03,298.0,38.6,D,0
21.6007,92.3219,318.8,1.3,1.1,2026-03-28,840,Aqua,MODIS,72,61.03,299.4,13.7,D,0
21.6012,92.3855,359.6,1.3,1.1,2026-03-28,840,Aqua,MODIS,99,61.03,300.2,112.4,D,0
21.6025,92.2722,329.4,1.3,1.1,2026-03-28,840,Aqua,MODIS,84,61.03,297.0,34.7,D,0
21.6033,92.3977,333.4,1.3,1.1,2026-03-28,840,Aqua,MODIS,75,61.03,299.8,31.5,D,0
21.6085,92.3076,318.0,1.3,1.1,2026-03-28,840,Aqua,MODIS,64,61.03,299.2,13.2,D,0
21.6111,92.3835,325.4,1.3,1.1,2026-03-28,840,Aqua,MODIS,36,61.03,300.8,19.9,D,0
21.6252,92.4062,337.8,1.3,1.1,2026-03-28,840,Aqua,MODIS,89,61.03,300.6,44.2,D,0
21.635,92.4043,341.8,1.3,1.1,2026-03-28,840,Aqua,MODIS,91,61.03,300.6,54.0,D,0
21.6408,92.3777,318.8,1.3,1.1,2026-03-28,840,Aqua,MODIS,40,61.03,299.9,11.6,D,0
21.6428,92.3899,341.8,1.3,1.1,2026-03-28,840,Aqua,MODIS,92,61.03,300.8,54.4,D,0
21.6449,92.4021,337.4,1.3,1.1,2026-03-28,840,Aqua,MODIS,89,61.03,300.4,42.6,D,0
21.6605,92.3738,328.8,1.3,1.1,2026-03-28,840,Aqua,MODIS,83,61.03,300.0,27.1,D,0
21.663,92.3795,340.8,1.3,1.1,2026-03-28,840,Aqua,MODIS,91,61.03,300.7,53.4,D,0
21.6647,92.3985,358.4,1.3,1.1,2026-03-28,840,Aqua,MODIS,99,61.03,301.7,107.5,D,0
21.6651,92.392,347.9,1.3,1.1,2026-03-28,840,Aqua,MODIS,95,61.03,301.1,71.5,D,0
21.6653,92.4638,370.9,1.3,1.1,2026-03-28,840,Aqua,MODIS,100,61.03,299.1,166.7,D,0
21.6672,92.404,341.7,1.3,1.1,2026-03-28,840,Aqua,MODIS,92,61.03,300.9,54.2,D,0
21.6672,92.4748,320.6,1.3,1.1,2026-03-28,840,Aqua,MODIS,76,61.03,297.8,18.1,D,0
21.6769,92.4722,333.3,1.3,1.1,2026-03-28,840,Aqua,MODIS,87,61.03,299.0,38.2,D,0
21.677,92.402,337.3,1.3,1.1,2026-03-28,840,Aqua,MODIS,89,61.03,301.2,44.7,D,0
21.6789,92.4846,331.1,1.3,1.1,2026-03-28,840,Aqua,MODIS,85,61.03,298.2,33.4,D,0
21.6799,92.4778,337.2,1.3,1.1,2026-03-28,840,Aqua,MODIS,89,61.03,299.5,45.9,D,0
21.6815,92.428,317.6,1.3,1.1,2026-03-28,840,Aqua,MODIS,23,61.03,298.5,11.5,D,0
21.6897,92.4759,315.1,1.3,1.1,2026-03-28,840,Aqua,MODIS,70,61.03,299.0,9.8,D,0
21.7088,92.409,341.7,1.3,1.1,2026-03-28,840,Aqua,MODIS,92,61.03,300.3,57.7,D,0
21.7187,92.4076,346.5,1.3,1.1,2026-03-28,840,Aqua,MODIS,94,61.03,300.8,72.2,D,0
21.7209,92.4208,320.0,1.3,1.1,2026-03-28,840,Aqua,MODIS,76,61.03,297.5,16.3,D,0
21.7243,92.3805,327.4,1.3,1.1,2026-03-28,840,Aqua,MODIS,83,61.03,300.0,27.3,D,0
21.7884,92.5126,318.6,1.3,1.1,2026-03-28,840,Aqua,MODIS,51,61.03,299.9,12.8,D,0
21.7904,92.5244,323.8,1.3,1.1,2026-03-28,840,Aqua,MODIS,75,61.03,299.1,21.9,D,0
21.7961,92.4989,327.4,1.3,1.1,2026-03-28,840,Aqua,MODIS,62,61.03,301.2,23.8,D,0
21.7982,92.5109,363.4,1.3,1.1,2026-03-28,840,Aqua,MODIS,100,61.03,302.4,126.2,D,0
21.808,92.5095,328.6,1.3,1.1,2026-03-28,840,Aqua,MODIS,66,61.03,299.7,27.2,D,0
21.8639,92.2894,322.2,1.3,1.1,2026-03-28,840,Aqua,MODIS,78,61.03,299.4,20.7,D,0
21.8924,92.397,324.0,1.3,1.1,2026-03-28,840,Aqua,MODIS,80,61.03,300.3,22.0,D,0
21.9171,92.5433,314.6,1.3,1.1,2026-03-28,840,Aqua,MODIS,52,61.03,295.9,12.6,D,0
21.925,92.5302,366.3,1.3,1.1,2026-03-28,840,Aqua,MODIS,100,61.03,299.6,140.6,D,0
21.9269,92.5414,390.6,1.3,1.1,2026-03-28,840,Aqua,MODIS,100,61.03,301.2,280.8,D,0
21.9272,92.6033,329.6,1.3,1.1,2026-03-28,840,Aqua,MODIS,84,61.03,295.4,35.0,D,0
21.9328,92.5167,336.5,1.3,1.1,2026-03-28,840,Aqua,MODIS,89,61.03,296.5,43.4,D,0
21.9416,92.3821,314.6,1.3,1.1,2026-03-28,840,Aqua,MODIS,68,61.03,299.2,10.0,D,0
21.9427,92.576,318.9,1.3,1.1,2026-03-28,840,Aqua,MODIS,75,61.03,296.4,17.3,D,0
21.9446,92.5873,317.5,1.3,1.1,2026-03-28,840,Aqua,MODIS,73,61.03,296.2,16.1,D,0
21.9561,92.5356,374.2,1.3,1.1,2026-03-28,840,Aqua,MODIS,100,61.03,298.0,175.6,D,0
21.96,92.4983,323.8,1.3,1.1,2026-03-28,840,Aqua,MODIS,36,61.03,298.2,19.8,D,0
21.9891,92.4226,318.6,1.3,1.1,2026-03-28,840,Aqua,MODIS,74,61.03,300.7,12.6,D,0
21.9924,92.3219,328.3,1.3,1.1,2026-03-28,840,Aqua,MODIS,83,61.03,299.7,28.8,D,0
21.9944,92.3341,379.6,1.3,1.1,2026-03-28,840,Aqua,MODIS,100,61.03,302.3,214.7,D,0
22.0009,92.4329,317.2,1.3,1.1,2026-03-28,840,Aqua,MODIS,50,61.03,300.4,10.0,D,0
22.0023,92.32,312.4,1.3,1.1,2026-03-28,840,Aqua,MODIS,39,61.03,297.4,6.3,D,0
22.0043,92.3323,316.3,1.3,1.1,2026-03-28,840,Aqua,MODIS,71,61.03,296.5,10.7,D,0
22.0121,92.318,353.0,1.3,1.1,2026-03-28,840,Aqua,MODIS,97,61.03,301.4,91.7,D,0
22.0141,92.3301,357.1,1.3,1.1,2026-03-28,840,Aqua,MODIS,98,61.03,300.1,105.6,D,0
22.0344,92.3198,315.9,1.3,1.1,2026-03-28,840,Aqua,MODIS,45,61.03,299.0,9.6,D,0
22.0561,92.3274,322.5,1.3,1.1,2026-03-28,840,Aqua,MODIS,78,61.03,300.1,19.7,D,0
22.0595,92.4662,316.2,1.3,1.1,2026-03-28,840,Aqua,MODIS,68,61.03,298.7,10.7,D,0
22.0714,92.4766,326.1,1.3,1.1,2026-03-28,840,Aqua,MODIS,81,61.03,298.6,25.0,D,0
22.0811,92.4742,325.9,1.3,1.1,2026-03-28,840,Aqua,MODIS,81,61.03,299.9,24.7,D,0
22.0956,92.3203,316.4,1.3,1.1,2026-03-28,840,Aqua,MODIS,71,61.03,298.6,12.1,D,0
22.1051,92.2552,322.3,1.3,1.1,2026-03-28,840,Aqua,MODIS,52,61.03,298.7,16.9,D,0
22.1305,92.282,318.3,1.3,1.1,2026-03-28,840,Aqua,MODIS,44,61.03,299.4,13.0,D,0
22.1492,92.3916,347.8,1.3,1.1,2026-03-28,840,Aqua,MODIS,95,61.03,301.1,71.3,D,0
22.1514,92.404,328.9,1.3,1.1,2026-03-28,840,Aqua,MODIS,84,61.03,300.8,28.5,D,0
22.1528,92.3533,326.4,1.3,1.1,2026-03-28,840,Aqua,MODIS,41,61.03,301.0,21.5,D,0
22.1619,92.525,336.8,1.3,1.1,2026-03-28,840,Aqua,MODIS,89,61.03,299.6,44.7,D,0
22.1626,92.3513,324.8,1.3,1.1,2026-03-28,840,Aqua,MODIS,50,61.03,300.1,19.4,D,0
22.1876,92.258,316.3,1.3,1.1,2026-03-28,840,Aqua,MODIS,72,61.03,298.9,11.2,D,0
22.1883,92.3835,321.8,1.3,1.1,2026-03-28,840,Aqua,MODIS,45,61.03,299.1,17.5,D,0
22.1904,92.3959,333.9,1.3,1.1,2026-03-28,840,Aqua,MODIS,87,61.03,301.0,39.0,D,0
22.1946,92.4206,327.8,1.3,1.1,2026-03-28,840,Aqua,MODIS,83,61.03,300.5,28.2,D,0
22.1965,92.4323,363.9,1.3,1.1,2026-03-28,840,Aqua,MODIS,100,61.03,303.7,131.0,D,0
22.2016,92.2805,329.5,1.3,1.1,2026-03-28,840,Aqua,MODIS,48,61.03,300.6,28.3,D,0
22.2036,92.2928,340.9,1.3,1.1,2026-03-28,840,Aqua,MODIS,84,61.03,298.0,54.0,D,0
22.2042,92.2861,337.7,1.3,1.1,2026-03-28,840,Aqua,MODIS,80,61.03,300.0,45.7,D,0
22.2756,92.1647,333.7,1.3,1.1,2026-03-28,840,Aqua,MODIS,87,61.03,299.3,40.8,D,0
22.2756,92.3472,325.0,1.3,1.1,2026-03-28,840,Aqua,MODIS,51,61.03,291.4,22.7,D,0
22.2764,92.1701,360.5,1.3,1.1,2026-03-28,840,Aqua,MODIS,100,61.03,300.5,122.8,D,0
22.2778,92.1771,345.0,1.3,1.1,2026-03-28,840,Aqua,MODIS,93,61.03,299.0,68.7,D,0
22.2785,92.1825,325.4,1.3,1.1,2026-03-28,840,Aqua,MODIS,67,61.03,297.1,25.1,D,0
22.2854,92.3454,344.0,1.3,1.1,2026-03-28,840,Aqua,MODIS,93,61.03,293.0,63.4,D,0
22.2855,92.1627,330.7,1.3,1.1,2026-03-28,840,Aqua,MODIS,86,61.03,298.7,35.0,D,0
22.2876,92.1751,339.7,1.3,1.1,2026-03-28,840,Aqua,MODIS,91,61.03,296.7,55.2,D,0
22.3025,92.0822,328.5,1.3,1.1,2026-03-28,840,Aqua,MODIS,84,61.03,297.6,32.5,D,0
22.3046,92.0947,360.7,1.3,1.1,2026-03-28,840,Aqua,MODIS,100,61.03,299.4,126.1,D,0
22.4115,92.4883,323.2,1.3,1.1,2026-03-28,840,Aqua,MODIS,68,61.03,286.9,21.7,D,0
22.4135,92.5006,334.2,1.3,1.1,2026-03-28,840,Aqua,MODIS,83,61.03,288.9,38.6,D,0
22.431,92.2286,333.5,1.3,1.1,2026-03-28,840,Aqua,MODIS,76,61.03,294.2,42.8,D,0
22.4408,92.5239,335.3,1.3,1.1,2026-03-28,840,Aqua,MODIS,80,61.03,294.3,39.3,D,0
22.5366,92.4261,330.0,1.3,1.1,2026-03-28,840,Aqua,MODIS,85,61.03,298.4,31.5,D,0
22.5386,92.4379,357.5,1.3,1.1,2026-03-28,840,Aqua,MODIS,99,61.03,300.0,103.4,D,0
22.5583,92.4954,362.2,1.3,1.1,2026-03-28,840,Aqua,MODIS,100,61.03,300.4,118.2,D,0
22.5602,92.5066,346.8,1.3,1.1,2026-03-28,840,Aqua,MODIS,94,61.03,299.2,67.7,D,0
22.568,92.4934,336.0,1.3,1.1,2026-03-28,840,Aqua,MODIS,89,61.03,299.0,42.9,D,0
22.5697,92.4441,325.0,1.3,1.1,2026-03-28,840,Aqua,MODIS,81,61.03,297.6,24.0,D,0
22.5718,92.4564,332.3,1.3,1.1,2026-03-28,840,Aqua,MODIS,87,61.03,297.9,35.7,D,0
22.577,92.3068,315.9,1.3,1.1,2026-03-28,840,Aqua,MODIS,73,61.03,296.9,11.7,D,0
22.8483,91.5969,328.4,1.4,1.2,2026-03-28,840,Aqua,MODIS,61,61.03,292.9,36.7,D,0
22.9406,91.9495,322.6,1.3,1.1,2026-03-28,840,Aqua,MODIS,60,61.03,297.0,20.5,D,0
22.9428,91.9622,333.8,1.3,1.1,2026-03-28,840,Aqua,MODIS,78,61.03,296.3,42.1,D,0
23.0651,91.9575,318.1,1.3,1.1,2026-03-28,840,Aqua,MODIS,76,61.03,295.9,16.5,D,0
23.0672,91.9697,325.5,1.3,1.1,2026-03-28,840,Aqua,MODIS,83,61.03,296.3,28.2,D,0
23.1556,92.3573,342.5,1.3,1.1,2026-03-28,840,Aqua,MODIS,92,61.03,292.4,60.8,D,0
23.1652,92.3555,327.8,1.3,1.1,2026-03-28,840,Aqua,MODIS,24,61.03,293.1,28.9,D,0
23.1762,92.243,315.6,1.3,1.1,2026-03-28,840,Aqua,MODIS,62,61.03,284.2,17.7,D,0
23.1765,92.3043,372.3,1.3,1.1,2026-03-28,840,Aqua,MODIS,75,61.03,288.5,162.8,D,0
23.1786,92.3162,373.3,1.3,1.1,2026-03-28,840,Aqua,MODIS,75,61.03,286.9,166.2,D,0
23.1806,92.3281,324.6,1.3,1.1,2026-03-28,840,Aqua,MODIS,47,61.03,284.0,22.7,D,0
23.1842,92.2904,319.2,1.3,1.1,2026-03-28,840,Aqua,MODIS,26,61.03,278.2,19.7,D,0
23.1862,92.3023,334.8,1.3,1.1,2026-03-28,840,Aqua,MODIS,50,61.03,282.1,40.8,D,0
23.1882,92.3143,384.5,1.3,1.1,2026-03-28,840,Aqua,MODIS,100,61.03,289.4,230.9,D,0
23.1902,92.3262,394.1,1.3,1.1,2026-03-28,840,Aqua,MODIS,100,61.03,294.1,299.0,D,0
23.1979,92.3124,352.3,1.3,1.1,2026-03-28,840,Aqua,MODIS,94,61.03,289.7,86.0,D,0
23.2157,91.9915,319.5,1.3,1.1,2026-03-28,840,Aqua,MODIS,67,61.03,282.5,20.2,D,0
23.2179,92.0042,347.3,1.3,1.1,2026-03-28,840,Aqua,MODIS,95,61.03,286.5,79.2,D,0
23.2355,92.2259,303.5,1.3,1.1,2026-03-28,840,Aqua,MODIS,25,61.03,275.5,8.2,D,0
23.2367,92.3655,336.9,1.2,1.1,2026-03-28,840,Aqua,MODIS,82,61.03,294.8,44.5,D,0
23.2384,92.3598,332.8,1.2,1.1,2026-03-28,840,Aqua,MODIS,86,61.03,295.5,38.2,D,0
23.248,92.3578,320.6,1.2,1.1,2026-03-28,840,Aqua,MODIS,65,61.03,293.4,19.9,D,0
21.5233,92.559,306.2,1.0,1.0,2026-03-28,1438,Terra,MODIS,67,61.03,292.8,6.1,N,0
22.0377,92.4879,316.9,1.0,1.0,2026-03-28,1438,Terra,MODIS,94,61.03,286.2,17.4,N,0
23.3286,92.1453,304.5,1.0,1.0,2026-03-28,1438,Terra,MODIS,60,61.03,290.4,6.2,N,0
23.4011,92.2134,304.3,1.0,1.0,2026-03-28,1438,Terra,MODIS,59,61.03,290.6,6.0,N,0
22.5846,92.1473,310.6,1.4,1.2,2026-03-29,245,Terra,MODIS,63,61.03,295.3,7.6,D,0
21.6012,92.5283,315.8,1.3,1.1,2026-03-29,246,Terra,MODIS,71,61.03,294.2,13.1,D,0
21.6014,92.535,310.7,1.3,1.1,2026-03-29,246,Terra,MODIS,58,61.03,294.2,7.3,D,0
21.6028,92.523,312.2,1.3,1.1,2026-03-29,246,Terra,MODIS,66,61.03,294.2,8.7,D,0
21.7801,92.306,319.7,2.0,1.4,2026-03-29,918,Aqua,MODIS,64,61.03,300.5,24.0,D,0
22.0094,92.3956,315.7,2.0,1.4,2026-03-29,918,Aqua,MODIS,45,61.03,297.7,15.2,D,0
22.0135,92.3894,316.6,2.0,1.4,2026-03-29,918,Aqua,MODIS,50,61.03,296.2,16.4,D,0
21.3695,92.4489,327.9,3.3,1.7,2026-03-30,818,Aqua,MODIS,81,61.03,294.9,114.0,D,0
21.3979,92.4341,319.6,3.3,1.7,2026-03-30,818,Aqua,MODIS,54,61.03,295.3,61.6,D,0
21.3989,92.4408,324.2,3.3,1.7,2026-03-30,818,Aqua,MODIS,77,61.03,295.5,88.2,D,0
21.4037,92.4621,322.6,3.3,1.7,2026-03-30,818,Aqua,MODIS,75,61.03,295.0,79.7,D,0
21.4046,92.4689,318.6,3.3,1.7,2026-03-30,818,Aqua,MODIS,53,61.03,294.7,56.7,D,0
21.533,92.2644,320.1,3.4,1.7,2026-03-30,818,Aqua,MODIS,71,61.03,294.6,66.1,D,0
21.5397,92.2971,314.8,3.4,1.7,2026-03-30,818,Aqua,MODIS,51,61.03,295.0,38.0,D,0
21.5464,92.3299,318.2,3.4,1.7,2026-03-30,818,Aqua,MODIS,60,61.03,295.1,52.9,D,0
21.578,92.2545,311.1,3.4,1.7,2026-03-30,818,Aqua,MODIS,24,61.03,294.7,24.9,D,0
21.583,92.2809,315.5,3.4,1.7,2026-03-30,818,Aqua,MODIS,62,61.03,294.6,45.9,D,0
21.5847,92.2878,312.9,3.4,1.7,2026-03-30,818,Aqua,MODIS,43,61.03,294.7,30.8,D,0
21.6333,92.5224,316.7,3.2,1.7,2026-03-30,818,Aqua,MODIS,64,61.03,294.4,50.1,D,0
21.7432,92.4586,312.9,3.3,1.7,2026-03-30,818,Aqua,MODIS,48,61.03,294.3,29.9,D,0
21.775,92.3839,325.9,3.3,1.7,2026-03-30,818,Aqua,MODIS,78,61.03,292.9,98.2,D,0
21.7758,92.3917,327.1,3.3,1.7,2026-03-30,818,Aqua,MODIS,80,61.03,293.1,105.0,D,0
22.0536,92.457,310.5,3.2,1.7,2026-03-30,818,Aqua,MODIS,29,61.03,292.3,22.8,D,0
22.4338,92.275,322.2,3.2,1.7,2026-03-30,818,Aqua,MODIS,75,61.03,292.0,75.8,D,0
22.0454,92.4894,301.5,1.4,1.2,2026-03-30,1418,Terra,MODIS,14,61.03,291.3,4.6,N,0
22.0556,92.4873,309.6,1.4,1.2,2026-03-30,1418,Terra,MODIS,78,61.03,291.2,13.2,N,0
21.3752,92.4522,314.6,1.0,1.0,2026-03-31,856,Aqua,MODIS,57,61.03,295.7,6.9,D,0
21.3824,92.1774,310.9,1.0,1.0,2026-03-31,856,Aqua,MODIS,28,61.03,295.6,2.8,D,0
21.3838,92.1868,313.0,1.0,1.0,2026-03-31,856,Aqua,MODIS,54,61.03,297.4,4.7,D,0
21.3881,92.6039,311.7,1.0,1.0,2026-03-31,856,Aqua,MODIS,40,61.03,295.1,5.0,D,0
21.4318,92.5813,346.4,1.0,1.0,2026-03-31,856,Aqua,MODIS,93,61.03,297.6,48.2,D,0
21.4405,92.5798,372.6,1.0,1.0,2026-03-31,856,Aqua,MODIS,100,61.03,299.9,119.4,D,0
21.4419,92.5892,322.3,1.0,1.0,2026-03-31,856,Aqua,MODIS,65,61.03,297.8,12.6,D,0
21.4771,92.2505,320.1,1.0,1.0,2026-03-31,856,Aqua,MODIS,73,61.03,298.8,10.5,D,0
21.5069,92.5814,319.5,1.0,1.0,2026-03-31,856,Aqua,MODIS,59,61.03,297.7,10.5,D,0
21.5392,92.4318,320.7,1.0,1.0,2026-03-31,856,Aqua,MODIS,29,61.03,300.3,8.6,D,0
21.5425,92.253,319.4,1.0,1.0,2026-03-31,856,Aqua,MODIS,72,61.03,297.7,10.1,D,0
21.5444,92.3444,325.9,1.0,1.0,2026-03-31,856,Aqua,MODIS,79,61.03,298.2,16.5,D,0
21.5458,92.3538,315.8,1.0,1.0,2026-03-31,856,Aqua,MODIS,55,61.03,298.6,6.2,D,0
21.5479,92.4303,322.7,1.0,1.0,2026-03-31,856,Aqua,MODIS,58,61.03,299.9,10.4,D,0
21.5485,92.2329,315.7,1.0,1.0,2026-03-31,856,Aqua,MODIS,61,61.03,297.3,6.9,D,0
21.5567,92.4288,323.1,1.0,1.0,2026-03-31,856,Aqua,MODIS,67,61.03,299.3,11.0,D,0
21.5573,92.3559,325.2,1.0,1.0,2026-03-31,856,Aqua,MODIS,79,61.03,300.2,14.9,D,0
21.5694,92.3154,328.6,1.0,1.0,2026-03-31,856,Aqua,MODIS,82,61.03,297.1,19.3,D,0
21.5735,92.3436,319.8,1.0,1.0,2026-03-31,856,Aqua,MODIS,73,61.03,298.8,9.7,D,0
21.5754,92.2952,315.4,1.0,1.0,2026-03-31,856,Aqua,MODIS,36,61.03,297.2,5.5,D,0
21.601,92.3486,314.7,1.0,1.0,2026-03-31,856,Aqua,MODIS,64,61.03,299.1,5.8,D,0
21.6016,92.2909,319.6,1.0,1.0,2026-03-31,856,Aqua,MODIS,57,61.03,297.7,9.7,D,0
21.603,92.3003,332.0,1.0,1.0,2026-03-31,856,Aqua,MODIS,85,61.03,298.8,23.9,D,0
21.6226,92.3738,313.5,1.0,1.0,2026-03-31,856,Aqua,MODIS,61,61.03,297.8,4.9,D,0
21.6415,92.505,318.2,1.0,1.0,2026-03-31,856,Aqua,MODIS,56,61.03,295.0,9.2,D,0
21.6428,92.5146,321.6,1.0,1.0,2026-03-31,856,Aqua,MODIS,66,61.03,294.5,11.8,D,0
21.6526,92.3717,321.4,1.0,1.0,2026-03-31,856,Aqua,MODIS,73,61.03,296.2,12.1,D,0
21.6611,92.5791,365.1,1.0,1.0,2026-03-31,856,Aqua,MODIS,100,61.03,299.1,94.6,D,0
21.6654,92.3984,312.7,1.0,1.0,2026-03-31,856,Aqua,MODIS,22,61.03,294.2,4.2,D,0
21.6685,92.5682,336.0,1.0,1.0,2026-03-31,856,Aqua,MODIS,87,61.03,295.9,29.4,D,0
21.6699,92.5777,404.7,1.0,1.0,2026-03-31,856,Aqua,MODIS,100,61.03,302.1,279.1,D,0
21.6712,92.587,323.2,1.0,1.0,2026-03-31,856,Aqua,MODIS,49,61.03,297.1,13.6,D,0
21.6969,92.3067,346.5,1.0,1.0,2026-03-31,856,Aqua,MODIS,94,61.03,299.1,48.1,D,0
21.6983,92.3161,348.8,1.0,1.0,2026-03-31,856,Aqua,MODIS,95,61.03,298.6,52.5,D,0
21.7031,92.4112,314.0,1.0,1.0,2026-03-31,856,Aqua,MODIS,58,61.03,294.8,6.0,D,0
21.7044,92.4205,348.4,1.0,1.0,2026-03-31,856,Aqua,MODIS,94,61.03,297.4,53.3,D,0
21.7095,92.2086,326.8,1.0,1.0,2026-03-31,856,Aqua,MODIS,81,61.03,299.0,17.0,D,0
21.7724,92.5675,318.9,1.0,1.0,2026-03-31,856,Aqua,MODIS,34,61.03,297.6,9.8,D,0
21.7738,92.577,373.2,1.0,1.0,2026-03-31,856,Aqua,MODIS,100,61.03,301.9,123.0,D,0
21.7792,92.4893,322.4,1.0,1.0,2026-03-31,856,Aqua,MODIS,76,61.03,298.1,14.0,D,0
21.7806,92.4986,321.9,1.0,1.0,2026-03-31,856,Aqua,MODIS,70,61.03,297.2,12.6,D,0
21.7907,92.5065,331.2,1.0,1.0,2026-03-31,856,Aqua,MODIS,79,61.03,299.0,21.6,D,0
21.7994,92.5051,341.0,1.0,1.0,2026-03-31,856,Aqua,MODIS,91,61.03,299.8,36.6,D,0
21.8253,92.2248,316.9,1.0,1.0,2026-03-31,856,Aqua,MODIS,68,61.03,296.1,9.0,D,0
21.8813,92.427,319.7,1.0,1.0,2026-03-31,856,Aqua,MODIS,70,61.03,299.7,9.0,D,0
21.8913,92.5603,326.5,1.0,1.0,2026-03-31,856,Aqua,MODIS,80,61.03,296.3,20.3,D,0
21.8953,92.3376,311.0,1.0,1.0,2026-03-31,856,Aqua,MODIS,51,61.03,297.5,4.1,D,0
21.9075,92.4226,318.6,1.0,1.0,2026-03-31,856,Aqua,MODIS,69,61.03,299.4,7.6,D,0
21.9089,92.432,321.8,1.0,1.0,2026-03-31,856,Aqua,MODIS,75,61.03,299.6,11.1,D,0
21.9095,92.3741,327.3,1.0,1.0,2026-03-31,856,Aqua,MODIS,73,61.03,299.9,16.4,D,0
21.9236,92.2698,336.1,1.0,1.0,2026-03-31,856,Aqua,MODIS,88,61.03,297.9,30.7,D,0
21.9249,92.2792,317.3,1.0,1.0,2026-03-31,856,Aqua,MODIS,39,61.03,297.4,8.5,D,0
21.9337,92.2777,314.8,1.0,1.0,2026-03-31,856,Aqua,MODIS,20,61.03,298.1,5.9,D,0
21.9411,92.2669,327.8,1.0,1.0,2026-03-31,856,Aqua,MODIS,81,61.03,298.9,18.4,D,0
21.9452,91.9877,311.5,1.0,1.0,2026-03-31,856,Aqua,MODIS,52,61.03,295.7,5.5,D,0
21.9507,92.5986,346.8,1.0,1.0,2026-03-31,856,Aqua,MODIS,94,61.03,301.3,51.5,D,0
21.9526,92.4094,337.5,1.0,1.0,2026-03-31,856,Aqua,MODIS,87,61.03,300.3,29.3,D,0
21.9572,92.5047,336.8,1.0,1.0,2026-03-31,856,Aqua,MODIS,88,61.03,297.8,33.3,D,0
21.9586,92.5141,323.8,1.0,1.0,2026-03-31,856,Aqua,MODIS,78,61.03,295.8,16.6,D,0
21.9599,92.2733,352.9,1.0,1.0,2026-03-31,856,Aqua,MODIS,97,61.03,300.5,61.6,D,0
21.9612,92.2827,330.9,1.0,1.0,2026-03-31,856,Aqua,MODIS,84,61.03,297.3,22.7,D,0
21.9653,92.3108,313.9,1.0,1.0,2026-03-31,856,Aqua,MODIS,62,61.03,297.6,5.7,D,0
21.9728,92.4253,329.7,1.0,1.0,2026-03-31,856,Aqua,MODIS,82,61.03,299.9,19.0,D,0
21.9909,92.3644,325.5,1.0,1.0,2026-03-31,856,Aqua,MODIS,73,61.03,299.9,14.3,D,0
21.9923,92.3738,328.6,1.0,1.0,2026-03-31,856,Aqua,MODIS,82,61.03,299.8,17.8,D,0
22.001,92.3723,348.9,1.0,1.0,2026-03-31,856,Aqua,MODIS,95,61.03,300.8,51.6,D,0
22.0024,92.3818,324.2,1.0,1.0,2026-03-31,856,Aqua,MODIS,78,61.03,299.8,12.8,D,0
22.0357,92.3406,328.0,1.0,1.0,2026-03-31,856,Aqua,MODIS,81,61.03,299.6,17.3,D,0
22.037,92.35,334.0,1.0,1.0,2026-03-31,856,Aqua,MODIS,86,61.03,299.5,25.5,D,0
22.0404,92.3109,318.2,1.0,1.0,2026-03-31,856,Aqua,MODIS,64,61.03,299.1,8.0,D,0
22.049,92.1843,318.1,1.0,1.0,2026-03-31,856,Aqua,MODIS,70,61.03,299.5,8.7,D,0
22.0498,92.5022,327.8,1.0,1.0,2026-03-31,856,Aqua,MODIS,81,61.03,295.9,20.6,D,0
22.0525,92.521,309.6,1.0,1.0,2026-03-31,856,Aqua,MODIS,26,61.03,293.6,4.0,D,0
22.0532,92.463,338.4,1.0,1.0,2026-03-31,856,Aqua,MODIS,89,61.03,299.7,33.5,D,0
22.0606,92.4522,343.6,1.0,1.0,2026-03-31,856,Aqua,MODIS,92,61.03,299.7,41.8,D,0
22.062,92.4615,350.2,1.0,1.0,2026-03-31,856,Aqua,MODIS,95,61.03,298.5,55.7,D,0
22.0721,92.3442,321.9,1.0,1.0,2026-03-31,856,Aqua,MODIS,75,61.03,300.4,10.8,D,0
22.0734,92.3536,320.9,1.0,1.0,2026-03-31,856,Aqua,MODIS,69,61.03,299.4,9.7,D,0
22.0909,92.3506,322.7,1.0,1.0,2026-03-31,856,Aqua,MODIS,27,61.03,299.3,10.6,D,0
22.0983,92.3397,333.8,1.0,1.0,2026-03-31,856,Aqua,MODIS,63,61.03,300.2,22.9,D,0
22.0997,92.3491,343.3,1.0,1.0,2026-03-31,856,Aqua,MODIS,92,61.03,301.0,38.5,D,0
22.101,92.3586,339.2,1.0,1.0,2026-03-31,856,Aqua,MODIS,81,61.03,300.8,31.7,D,0
22.1091,92.2745,318.1,1.0,1.0,2026-03-31,856,Aqua,MODIS,39,61.03,300.5,7.5,D,0
22.1104,92.2839,319.8,1.0,1.0,2026-03-31,856,Aqua,MODIS,73,61.03,298.6,9.4,D,0
22.1118,92.2933,324.6,1.0,1.0,2026-03-31,856,Aqua,MODIS,78,61.03,299.2,14.0,D,0
22.1172,92.331,321.6,1.0,1.0,2026-03-31,856,Aqua,MODIS,45,61.03,298.9,9.4,D,0
22.1185,92.3404,321.4,1.0,1.0,2026-03-31,856,Aqua,MODIS,75,61.03,299.1,9.9,D,0
22.1186,92.4812,342.8,1.0,1.0,2026-03-31,856,Aqua,MODIS,92,61.03,296.0,43.2,D,0
22.1199,92.3498,324.6,1.0,1.0,2026-03-31,856,Aqua,MODIS,58,61.03,299.0,13.1,D,0
22.1211,92.2337,315.0,1.0,1.0,2026-03-31,856,Aqua,MODIS,65,61.03,296.5,6.8,D,0
22.1225,92.2432,319.0,1.0,1.0,2026-03-31,856,Aqua,MODIS,72,61.03,297.1,10.1,D,0
22.1273,92.3389,334.5,1.0,1.0,2026-03-31,856,Aqua,MODIS,87,61.03,299.9,24.6,D,0
22.1286,92.3483,340.4,1.0,1.0,2026-03-31,856,Aqua,MODIS,90,61.03,299.0,34.3,D,0
22.1299,92.4833,317.4,1.0,1.0,2026-03-31,856,Aqua,MODIS,69,61.03,295.5,10.0,D,0
22.1387,92.482,371.3,1.0,1.0,2026-03-31,856,Aqua,MODIS,100,61.03,297.9,116.8,D,0
22.1401,92.4913,350.8,1.0,1.0,2026-03-31,856,Aqua,MODIS,96,61.03,296.2,59.4,D,0
22.1675,92.2454,315.2,1.0,1.0,2026-03-31,856,Aqua,MODIS,65,61.03,298.1,6.3,D,0
22.1683,92.3127,318.5,1.0,1.0,2026-03-31,856,Aqua,MODIS,71,61.03,298.8,7.9,D,0
22.1697,92.3222,321.6,1.0,1.0,2026-03-31,856,Aqua,MODIS,75,61.03,299.3,11.0,D,0
22.1771,92.3113,316.7,1.0,1.0,2026-03-31,856,Aqua,MODIS,16,61.03,298.6,5.9,D,0
22.1772,92.5628,311.1,1.0,1.0,2026-03-31,856,Aqua,MODIS,52,61.03,296.0,5.7,D,0
22.2117,92.2794,318.7,1.0,1.0,2026-03-31,856,Aqua,MODIS,72,61.03,299.0,8.5,D,0
22.213,92.2888,322.8,1.0,1.0,2026-03-31,856,Aqua,MODIS,77,61.03,298.8,11.7,D,0
22.2164,92.3752,323.4,1.0,1.0,2026-03-31,856,Aqua,MODIS,77,61.03,295.6,13.9,D,0
22.2299,92.4694,378.7,1.0,1.0,2026-03-31,856,Aqua,MODIS,100,61.03,300.5,143.6,D,0
22.2312,92.479,342.5,1.0,1.0,2026-03-31,856,Aqua,MODIS,91,61.03,296.6,41.1,D,0
22.2332,92.3047,322.2,1.0,1.0,2026-03-31,856,Aqua,MODIS,71,61.03,297.8,10.5,D,0
22.2346,92.3142,316.1,1.0,1.0,2026-03-31,856,Aqua,MODIS,54,61.03,295.0,5.7,D,0
22.2386,92.468,315.6,1.0,1.0,2026-03-31,856,Aqua,MODIS,29,61.03,292.2,7.4,D,0
22.2441,92.3803,316.8,1.0,1.0,2026-03-31,856,Aqua,MODIS,67,61.03,298.9,7.6,D,0
22.2636,92.3286,316.1,1.0,1.0,2026-03-31,856,Aqua,MODIS,67,61.03,297.2,7.0,D,0
22.2655,92.28,318.1,1.0,1.0,2026-03-31,856,Aqua,MODIS,71,61.03,298.8,7.4,D,0
22.278,92.041,316.3,1.0,1.0,2026-03-31,856,Aqua,MODIS,67,61.03,297.8,8.8,D,0
22.2922,92.0771,316.2,1.0,1.0,2026-03-31,856,Aqua,MODIS,63,61.03,297.0,7.8,D,0
22.2961,92.5561,315.5,1.0,1.0,2026-03-31,856,Aqua,MODIS,31,61.03,297.0,8.0,D,0
22.3009,92.0756,317.7,1.0,1.0,2026-03-31,856,Aqua,MODIS,70,61.03,298.2,9.0,D,0
22.3107,92.3924,318.1,1.0,1.0,2026-03-31,856,Aqua,MODIS,43,61.03,294.2,8.8,D,0
22.3282,92.3895,316.6,1.0,1.0,2026-03-31,856,Aqua,MODIS,46,61.03,297.6,7.9,D,0
22.4262,92.4246,320.0,1.0,1.0,2026-03-31,856,Aqua,MODIS,59,61.03,294.9,11.3,D,0
22.4276,92.4342,325.7,1.0,1.0,2026-03-31,856,Aqua,MODIS,80,61.03,294.6,16.1,D,0
22.433,92.4722,365.3,1.0,1.0,2026-03-31,856,Aqua,MODIS,100,61.03,299.6,93.2,D,0
22.4478,92.4503,320.7,1.0,1.0,2026-03-31,856,Aqua,MODIS,41,61.03,297.2,10.6,D,0
22.4827,92.3029,313.6,1.0,1.0,2026-03-31,856,Aqua,MODIS,52,61.03,294.5,6.9,D,0
22.5097,92.4927,343.8,1.0,1.0,2026-03-31,856,Aqua,MODIS,92,61.03,299.1,43.2,D,0
22.511,92.5023,319.5,1.0,1.0,2026-03-31,856,Aqua,MODIS,47,61.03,297.4,10.1,D,0
22.5171,92.4816,338.2,1.0,1.0,2026-03-31,856,Aqua,MODIS,89,61.03,298.3,31.4,D,0
22.5185,92.4912,360.1,1.0,1.0,2026-03-31,856,Aqua,MODIS,100,61.03,299.6,79.2,D,0
22.5232,92.4612,344.3,1.0,1.0,2026-03-31,856,Aqua,MODIS,93,61.03,298.8,42.1,D,0
22.5245,92.4706,323.3,1.0,1.0,2026-03-31,856,Aqua,MODIS,39,61.03,297.8,11.6,D,0
22.5259,92.4801,331.9,1.0,1.0,2026-03-31,856,Aqua,MODIS,85,61.03,297.9,22.6,D,0
22.5387,92.3808,315.7,1.0,1.0,2026-03-31,856,Aqua,MODIS,58,61.03,295.4,10.2,D,0
22.5515,92.4079,316.9,1.0,1.0,2026-03-31,856,Aqua,MODIS,64,61.03,295.7,9.6,D,0
22.5529,92.4174,326.2,1.0,1.0,2026-03-31,856,Aqua,MODIS,80,61.03,297.5,18.1,D,0
22.5745,92.443,339.1,1.0,1.0,2026-03-31,856,Aqua,MODIS,90,61.03,298.8,34.5,D,0
22.5759,92.4524,319.5,1.0,1.0,2026-03-31,856,Aqua,MODIS,72,61.03,297.7,9.5,D,0
22.5908,92.4725,327.3,1.0,1.0,2026-03-31,856,Aqua,MODIS,71,61.03,296.5,17.6,D,0
22.5915,91.9781,314.0,1.0,1.0,2026-03-31,856,Aqua,MODIS,65,61.03,296.9,5.6,D,0
22.5921,92.4821,361.6,1.0,1.0,2026-03-31,856,Aqua,MODIS,100,61.03,299.8,84.9,D,0
22.6009,92.4807,351.6,1.0,1.0,2026-03-31,856,Aqua,MODIS,96,61.03,297.2,59.3,D,0
22.6023,92.4903,336.7,1.0,1.0,2026-03-31,856,Aqua,MODIS,83,61.03,294.2,31.3,D,0
22.6063,92.519,324.9,1.0,1.0,2026-03-31,856,Aqua,MODIS,69,61.03,294.7,16.6,D,0
22.6715,92.2684,316.9,1.0,1.0,2026-03-31,856,Aqua,MODIS,45,61.03,297.4,7.8,D,0
22.6822,91.9087,327.6,1.0,1.0,2026-03-31,856,Aqua,MODIS,82,61.03,296.7,19.2,D,0
22.7169,91.8768,324.8,1.0,1.0,2026-03-31,856,Aqua,MODIS,80,61.03,297.1,15.8,D,0
22.7183,91.8862,312.0,1.0,1.0,2026-03-31,856,Aqua,MODIS,59,61.03,295.3,4.2,D,0
21.4193,92.4824,305.9,1.9,1.3,2026-03-31,1457,Terra,MODIS,66,61.03,290.8,15.1,N,0
21.7834,92.3596,305.2,1.9,1.3,2026-03-31,1457,Terra,MODIS,63,61.03,290.6,13.3,N,0
21.9248,92.3703,310.2,1.0,1.0,2026-04-01,305,Terra,MODIS,62,61.03,294.9,4.3,D,0
21.9357,92.2273,310.9,1.0,1.0,2026-04-01,305,Terra,MODIS,63,61.03,293.8,6.1,D,0
22.0033,92.3337,316.4,1.0,1.0,2026-04-01,305,Terra,MODIS,66,61.03,295.4,9.4,D,0
22.0121,92.3354,326.2,1.0,1.0,2026-04-01,305,Terra,MODIS,82,61.03,294.9,19.4,D,0
21.6416,92.5047,309.0,3.3,1.7,2026-04-01,1358,Terra,MODIS,65,61.03,292.3,50.2,N,0
21.6462,92.5253,310.0,3.2,1.7,2026-04-01,1358,Terra,MODIS,60,61.03,292.4,47.8,N,0
21.6469,92.532,304.7,3.2,1.7,2026-04-01,1358,Terra,MODIS,53,61.03,292.3,31.9,N,0
21.466,92.3947,322.4,1.7,1.3,2026-04-02,834,Aqua,MODIS,73,61.03,300.9,28.1,D,0
21.4932,92.4144,318.8,1.7,1.3,2026-04-02,834,Aqua,MODIS,66,61.03,300.6,17.8,D,0
21.4933,92.4197,314.0,1.7,1.3,2026-04-02,834,Aqua,MODIS,35,61.03,300.2,9.3,D,0
21.5033,92.2812,314.7,1.7,1.3,2026-04-02,834,Aqua,MODIS,55,61.03,300.9,11.7,D,0
21.5063,92.2974,322.5,1.7,1.3,2026-04-02,834,Aqua,MODIS,73,61.03,301.5,28.1,D,0
21.5267,92.4725,313.1,1.7,1.3,2026-04-02,834,Aqua,MODIS,38,61.03,298.8,9.2,D,0
21.5373,92.4051,320.7,1.7,1.3,2026-04-02,834,Aqua,MODIS,70,61.03,301.3,20.8,D,0
21.54,92.4203,317.3,1.7,1.3,2026-04-02,834,Aqua,MODIS,58,61.03,301.2,13.6,D,0
21.5842,92.3465,332.2,1.7,1.3,2026-04-02,834,Aqua,MODIS,84,61.03,301.4,51.7,D,0
21.5845,92.3401,329.7,1.7,1.3,2026-04-02,834,Aqua,MODIS,81,61.03,301.6,44.8,D,0
21.5873,92.3552,316.4,1.7,1.3,2026-04-02,834,Aqua,MODIS,61,61.03,300.6,13.9,D,0
21.6159,92.5114,324.6,1.6,1.3,2026-04-02,834,Aqua,MODIS,75,61.03,301.6,28.2,D,0
21.6261,92.3794,326.8,1.7,1.3,2026-04-02,834,Aqua,MODIS,78,61.03,302.3,35.5,D,0
21.6522,92.2051,314.2,1.7,1.3,2026-04-02,834,Aqua,MODIS,54,61.03,301.0,12.0,D,0
21.6534,92.2099,316.3,1.7,1.3,2026-04-02,834,Aqua,MODIS,61,61.03,301.2,15.7,D,0
21.6857,92.1979,317.3,1.7,1.3,2026-04-02,834,Aqua,MODIS,64,61.03,301.0,15.8,D,0
21.6888,92.2149,334.0,1.7,1.3,2026-04-02,834,Aqua,MODIS,85,61.03,301.8,57.5,D,0
21.6999,92.2126,318.4,1.7,1.3,2026-04-02,834,Aqua,MODIS,66,61.03,302.0,16.7,D,0
21.7042,92.4885,327.6,1.6,1.3,2026-04-02,834,Aqua,MODIS,79,61.03,301.4,35.5,D,0
21.7148,92.4847,342.4,1.6,1.3,2026-04-02,834,Aqua,MODIS,91,61.03,302.3,81.2,D,0
21.7258,92.4829,315.8,1.6,1.3,2026-04-02,834,Aqua,MODIS,54,61.03,302.5,10.8,D,0
21.7529,92.3151,316.9,1.7,1.3,2026-04-02,834,Aqua,MODIS,62,61.03,300.9,15.1,D,0
21.7971,92.2335,322.5,1.7,1.3,2026-04-02,834,Aqua,MODIS,73,61.03,302.2,26.6,D,0
21.81,92.5752,321.0,1.6,1.3,2026-04-02,834,Aqua,MODIS,70,61.03,301.7,22.6,D,0
21.8151,92.584,319.5,1.6,1.3,2026-04-02,834,Aqua,MODIS,68,61.03,301.3,20.6,D,0
21.8418,92.4184,315.6,1.7,1.3,2026-04-02,834,Aqua,MODIS,58,61.03,302.5,10.4,D,0
21.8664,92.4936,316.1,1.6,1.3,2026-04-02,834,Aqua,MODIS,52,61.03,302.5,14.0,D,0
21.9327,92.4104,315.6,1.7,1.3,2026-04-02,834,Aqua,MODIS,58,61.03,302.2,11.1,D,0
21.9468,92.5526,320.3,1.6,1.3,2026-04-02,834,Aqua,MODIS,53,61.03,301.5,21.1,D,0
21.9697,92.412,316.3,1.6,1.3,2026-04-02,834,Aqua,MODIS,61,61.03,302.3,12.1,D,0
21.9765,92.5303,316.9,1.6,1.3,2026-04-02,834,Aqua,MODIS,62,61.03,300.1,16.2,D,0
21.9793,92.5462,331.2,1.6,1.3,2026-04-02,834,Aqua,MODIS,83,61.03,300.2,47.1,D,0
21.9816,92.539,326.3,1.6,1.3,2026-04-02,834,Aqua,MODIS,78,61.03,300.4,34.0,D,0
21.9843,92.5533,313.2,1.6,1.2,2026-04-02,834,Aqua,MODIS,25,61.03,299.8,9.7,D,0
21.9977,92.5039,317.9,1.6,1.3,2026-04-02,834,Aqua,MODIS,65,61.03,300.3,17.8,D,0
22.0079,92.3085,336.9,1.7,1.3,2026-04-02,834,Aqua,MODIS,87,61.03,302.5,65.3,D,0
22.067,92.4997,315.4,1.6,1.3,2026-04-02,834,Aqua,MODIS,52,61.03,299.4,12.3,D,0
22.1151,92.3278,317.8,1.7,1.3,2026-04-02,834,Aqua,MODIS,49,61.03,301.1,13.0,D,0
22.1179,92.3435,327.2,1.7,1.3,2026-04-02,834,Aqua,MODIS,79,61.03,302.1,34.6,D,0
22.1206,92.2944,324.3,1.7,1.3,2026-04-02,834,Aqua,MODIS,55,61.03,302.1,23.9,D,0
22.1407,92.2673,320.3,1.7,1.3,2026-04-02,834,Aqua,MODIS,20,61.03,302.1,17.7,D,0
22.4295,92.4634,314.1,1.6,1.2,2026-04-02,834,Aqua,MODIS,55,61.03,300.5,8.9,D,0
22.5015,92.4116,320.5,1.6,1.2,2026-04-02,834,Aqua,MODIS,71,61.03,299.4,19.4,D,0
22.5579,92.4553,317.1,1.6,1.2,2026-04-02,834,Aqua,MODIS,50,61.03,301.2,11.9,D,0
22.5687,92.4532,317.4,1.6,1.2,2026-04-02,834,Aqua,MODIS,49,61.03,301.3,12.3,D,0
22.6062,91.9581,313.7,1.7,1.3,2026-04-02,834,Aqua,MODIS,60,61.03,299.2,11.2,D,0
22.6118,92.4439,321.2,1.6,1.2,2026-04-02,834,Aqua,MODIS,30,61.03,300.9,18.0,D,0
22.6135,92.3135,316.0,1.6,1.3,2026-04-02,834,Aqua,MODIS,64,61.03,300.8,12.0,D,0
22.6226,92.4421,326.8,1.6,1.2,2026-04-02,834,Aqua,MODIS,60,61.03,301.4,28.4,D,0
22.6253,92.4579,325.1,1.6,1.2,2026-04-02,834,Aqua,MODIS,59,61.03,300.4,24.8,D,0
22.6275,92.4521,326.1,1.6,1.2,2026-04-02,834,Aqua,MODIS,68,61.03,300.8,26.9,D,0
22.6488,92.4466,333.5,1.6,1.2,2026-04-02,834,Aqua,MODIS,85,61.03,300.6,47.3,D,0
22.6596,92.4448,317.5,1.6,1.2,2026-04-02,834,Aqua,MODIS,67,61.03,299.9,13.2,D,0
22.0836,92.3873,307.5,1.0,1.0,2026-04-02,1437,Terra,MODIS,72,61.03,295.1,6.6,N,0
22.1379,92.3885,305.3,1.0,1.0,2026-04-02,1437,Terra,MODIS,64,61.03,294.3,5.1,N,0
22.2473,92.3689,314.7,1.0,1.0,2026-04-02,1437,Terra,MODIS,90,61.03,295.3,12.1,N,0
22.3823,92.3518,306.7,1.0,1.0,2026-04-02,1437,Terra,MODIS,69,61.03,295.6,5.5,N,0
22.4592,92.4417,308.2,1.0,1.0,2026-04-02,1437,Terra,MODIS,74,61.03,294.5,7.1,N,0
22.4856,92.2999,305.9,1.0,1.0,2026-04-02,1437,Terra,MODIS,66,61.03,295.7,4.8,N,0
22.5814,92.328,305.9,1.0,1.0,2026-04-02,1437,Terra,MODIS,66,61.03,295.7,4.9,N,0
22.6013,92.2596,312.9,1.0,1.0,2026-04-02,1437,Terra,MODIS,86,61.03,294.6,10.0,N,0
22.6165,92.3063,306.3,1.0,1.0,2026-04-02,1437,Terra,MODIS,61,61.03,295.9,4.8,N,0
22.6178,92.3159,308.0,1.0,1.0,2026-04-02,1437,Terra,MODIS,73,61.03,296.1,6.0,N,0
22.2336,92.0969,311.6,1.4,1.2,2026-04-03,245,Terra,MODIS,57,61.03,296.9,8.5,D,0
21.4485,92.5838,317.4,1.5,1.2,2026-04-03,912,Aqua,MODIS,52,61.03,303.2,12.5,D,0
21.4502,92.5979,325.7,1.6,1.2,2026-04-03,912,Aqua,MODIS,74,61.03,302.9,28.5,D,0
21.4759,92.3143,317.2,1.5,1.2,2026-04-03,912,Aqua,MODIS,33,61.03,300.4,9.7,D,0
21.4776,92.328,316.4,1.5,1.2,2026-04-03,912,Aqua,MODIS,37,61.03,300.5,9.2,D,0
21.4792,92.3417,321.6,1.5,1.2,2026-04-03,912,Aqua,MODIS,67,61.03,300.8,17.8,D,0
21.4881,92.3266,351.8,1.5,1.2,2026-04-03,912,Aqua,MODIS,96,61.03,302.4,99.3,D,0
21.4898,92.34,404.1,1.5,1.2,2026-04-03,912,Aqua,MODIS,100,61.03,305.8,481.2,D,0
21.5301,92.4062,330.8,1.5,1.2,2026-04-03,912,Aqua,MODIS,81,61.03,302.3,35.4,D,0
21.5319,92.4205,321.9,1.5,1.2,2026-04-03,912,Aqua,MODIS,68,61.03,302.8,15.9,D,0
21.563,92.5555,318.1,1.5,1.2,2026-04-03,912,Aqua,MODIS,56,61.03,302.8,11.6,D,0
21.5839,92.2782,325.7,1.5,1.2,2026-04-03,912,Aqua,MODIS,75,61.03,301.6,24.3,D,0
21.5864,92.4777,322.2,1.5,1.2,2026-04-03,912,Aqua,MODIS,69,61.03,303.1,16.8,D,0
21.6027,92.4333,334.6,1.5,1.2,2026-04-03,912,Aqua,MODIS,84,61.03,304.4,42.6,D,0
21.6134,92.4317,348.1,1.5,1.2,2026-04-03,912,Aqua,MODIS,94,61.03,305.4,86.4,D,0
21.6151,92.4455,320.7,1.5,1.2,2026-04-03,912,Aqua,MODIS,62,61.03,304.0,13.0,D,0
21.6498,92.2345,319.8,1.5,1.2,2026-04-03,912,Aqua,MODIS,66,61.03,302.4,13.7,D,0
21.6514,92.2479,318.7,1.5,1.2,2026-04-03,912,Aqua,MODIS,63,61.03,301.5,11.5,D,0
21.6603,92.2332,350.0,1.5,1.2,2026-04-03,912,Aqua,MODIS,95,61.03,303.7,91.0,D,0
21.6619,92.2465,356.3,1.5,1.2,2026-04-03,912,Aqua,MODIS,98,61.03,303.1,117.0,D,0
21.6625,92.4312,325.0,1.5,1.2,2026-04-03,912,Aqua,MODIS,74,61.03,302.8,22.8,D,0
21.6641,92.4442,320.9,1.5,1.2,2026-04-03,912,Aqua,MODIS,67,61.03,301.4,15.6,D,0
21.6978,92.5449,327.0,1.6,1.2,2026-04-03,912,Aqua,MODIS,76,61.03,302.3,28.9,D,0
21.7085,92.5431,334.4,1.6,1.2,2026-04-03,912,Aqua,MODIS,84,61.03,301.6,47.4,D,0
21.7111,92.2124,318.6,1.5,1.2,2026-04-03,912,Aqua,MODIS,54,61.03,303.3,9.4,D,0
21.7124,92.3964,321.9,1.5,1.2,2026-04-03,912,Aqua,MODIS,69,61.03,302.2,17.6,D,0
21.7219,92.3471,327.1,1.5,1.2,2026-04-03,912,Aqua,MODIS,67,61.03,302.4,24.4,D,0
21.7233,92.3102,333.0,1.5,1.2,2026-04-03,912,Aqua,MODIS,83,61.03,302.5,39.8,D,0
21.7235,92.3611,323.2,1.5,1.2,2026-04-03,912,Aqua,MODIS,53,61.03,301.6,17.0,D,0
21.7275,92.3039,322.3,1.5,1.2,2026-04-03,912,Aqua,MODIS,70,61.03,302.0,18.8,D,0
21.7285,92.3519,337.5,1.5,1.2,2026-04-03,912,Aqua,MODIS,87,61.03,302.9,50.1,D,0
21.7292,92.3178,324.7,1.5,1.2,2026-04-03,912,Aqua,MODIS,74,61.03,302.3,22.8,D,0
21.7341,92.3596,322.4,1.5,1.2,2026-04-03,912,Aqua,MODIS,70,61.03,302.3,16.9,D,0
21.7676,92.3692,321.8,1.5,1.2,2026-04-03,912,Aqua,MODIS,69,61.03,302.6,16.9,D,0
21.7838,92.3244,328.3,1.5,1.2,2026-04-03,912,Aqua,MODIS,79,61.03,302.9,30.1,D,0
21.8152,92.493,322.0,1.5,1.2,2026-04-03,912,Aqua,MODIS,69,61.03,302.6,18.8,D,0
21.8168,92.5063,326.9,1.5,1.2,2026-04-03,912,Aqua,MODIS,76,61.03,302.6,30.1,D,0
21.8205,92.3603,321.7,1.5,1.2,2026-04-03,912,Aqua,MODIS,30,61.03,302.5,15.4,D,0
21.8272,92.5921,323.1,1.6,1.2,2026-04-03,912,Aqua,MODIS,70,61.03,299.3,25.8,D,0
21.8289,92.6065,370.0,1.6,1.2,2026-04-03,912,Aqua,MODIS,100,61.03,301.0,212.4,D,0
21.8398,92.3801,323.1,1.5,1.2,2026-04-03,912,Aqua,MODIS,71,61.03,301.6,19.2,D,0
21.8682,92.346,319.3,1.5,1.2,2026-04-03,912,Aqua,MODIS,38,61.03,301.4,11.7,D,0
21.8788,92.3449,323.9,1.5,1.2,2026-04-03,912,Aqua,MODIS,73,61.03,302.4,20.6,D,0
21.8917,92.2743,318.1,1.5,1.2,2026-04-03,912,Aqua,MODIS,59,61.03,303.1,10.5,D,0
21.8933,92.3745,327.7,1.5,1.2,2026-04-03,912,Aqua,MODIS,78,61.03,303.1,27.6,D,0
21.9165,92.3511,322.6,1.5,1.2,2026-04-03,912,Aqua,MODIS,71,61.03,302.5,17.9,D,0
21.9281,92.5709,329.4,1.6,1.2,2026-04-03,912,Aqua,MODIS,79,61.03,299.1,38.7,D,0
21.9305,92.5653,327.2,1.6,1.2,2026-04-03,912,Aqua,MODIS,77,61.03,299.8,32.3,D,0
21.9322,92.5793,324.6,1.6,1.2,2026-04-03,912,Aqua,MODIS,73,61.03,297.1,26.9,D,0
21.9389,92.5692,325.2,1.6,1.2,2026-04-03,912,Aqua,MODIS,74,61.03,298.8,27.9,D,0
21.973,92.3719,334.2,1.5,1.2,2026-04-03,912,Aqua,MODIS,84,61.03,302.9,43.5,D,0
21.9748,92.3863,320.1,1.5,1.2,2026-04-03,912,Aqua,MODIS,61,61.03,302.4,13.1,D,0
21.9764,92.4001,317.4,1.5,1.2,2026-04-03,912,Aqua,MODIS,53,61.03,301.6,9.1,D,0
21.9977,92.3471,327.2,1.5,1.2,2026-04-03,912,Aqua,MODIS,77,61.03,303.2,26.2,D,0
21.9983,92.2608,317.9,1.5,1.2,2026-04-03,912,Aqua,MODIS,61,61.03,302.5,10.8,D,0
22.0014,92.3387,322.9,1.5,1.2,2026-04-03,912,Aqua,MODIS,71,61.03,302.9,18.2,D,0
22.0032,92.3534,325.1,1.5,1.2,2026-04-03,912,Aqua,MODIS,74,61.03,303.3,22.3,D,0
22.0205,92.5831,411.8,1.6,1.2,2026-04-03,912,Aqua,MODIS,100,61.03,309.6,626.2,D,0
22.0223,92.5975,382.6,1.6,1.2,2026-04-03,912,Aqua,MODIS,100,61.03,302.7,301.5,D,0
22.0242,92.576,354.7,1.6,1.2,2026-04-03,912,Aqua,MODIS,97,61.03,303.7,123.0,D,0
22.0258,92.5897,400.9,1.6,1.2,2026-04-03,912,Aqua,MODIS,100,61.03,306.3,487.2,D,0
22.0312,92.5805,318.6,1.6,1.2,2026-04-03,912,Aqua,MODIS,37,61.03,296.6,13.1,D,0
22.0324,92.4579,324.6,1.5,1.2,2026-04-03,912,Aqua,MODIS,73,61.03,304.2,21.4,D,0
22.034,92.4722,320.6,1.6,1.2,2026-04-03,912,Aqua,MODIS,41,61.03,301.8,13.9,D,0
22.0581,92.3102,321.2,1.5,1.2,2026-04-03,912,Aqua,MODIS,68,61.03,303.0,15.9,D,0
22.0588,92.4968,349.1,1.6,1.2,2026-04-03,912,Aqua,MODIS,94,61.03,302.4,94.9,D,0
22.0695,92.4951,322.1,1.6,1.2,2026-04-03,912,Aqua,MODIS,49,61.03,300.4,18.5,D,0
22.0712,92.5091,325.1,1.6,1.2,2026-04-03,912,Aqua,MODIS,73,61.03,300.4,24.8,D,0
22.0736,92.4384,323.3,1.5,1.2,2026-04-03,912,Aqua,MODIS,71,61.03,302.7,19.4,D,0
22.0753,92.4522,319.9,1.5,1.2,2026-04-03,912,Aqua,MODIS,49,61.03,302.4,13.6,D,0
22.095,92.4349,319.9,1.5,1.2,2026-04-03,912,Aqua,MODIS,43,61.03,301.9,12.6,D,0
22.0979,92.4288,325.2,1.5,1.2,2026-04-03,912,Aqua,MODIS,75,61.03,302.0,23.8,D,0
22.1077,92.3264,318.0,1.5,1.2,2026-04-03,912,Aqua,MODIS,61,61.03,301.9,10.8,D,0
22.1153,92.4845,316.5,1.6,1.2,2026-04-03,912,Aqua,MODIS,53,61.03,300.6,12.4,D,0
22.125,92.3814,342.1,1.5,1.2,2026-04-03,912,Aqua,MODIS,90,61.03,303.2,68.1,D,0
22.1267,92.3959,349.9,1.5,1.2,2026-04-03,912,Aqua,MODIS,95,61.03,302.8,96.3,D,0
22.1716,92.2676,319.0,1.5,1.2,2026-04-03,912,Aqua,MODIS,55,61.03,302.3,10.4,D,0
22.1769,92.2736,323.9,1.5,1.2,2026-04-03,912,Aqua,MODIS,73,61.03,302.4,19.3,D,0
22.2837,92.1745,319.5,1.5,1.2,2026-04-03,912,Aqua,MODIS,66,61.03,303.5,13.2,D,0
22.3185,92.2845,324.7,1.5,1.2,2026-04-03,912,Aqua,MODIS,75,61.03,303.9,20.4,D,0
22.3626,92.4697,326.0,1.6,1.2,2026-04-03,912,Aqua,MODIS,76,61.03,302.1,25.0,D,0
22.3924,92.3106,321.3,1.5,1.2,2026-04-03,912,Aqua,MODIS,69,61.03,303.4,14.3,D,0
22.3941,92.3244,320.1,1.5,1.2,2026-04-03,912,Aqua,MODIS,62,61.03,303.2,11.8,D,0
22.3977,92.3547,318.3,1.5,1.2,2026-04-03,912,Aqua,MODIS,38,61.03,302.3,9.4,D,0
22.3994,92.3691,324.7,1.5,1.2,2026-04-03,912,Aqua,MODIS,74,61.03,302.9,21.9,D,0
22.4319,92.1902,321.1,1.5,1.2,2026-04-03,912,Aqua,MODIS,69,61.03,304.6,13.8,D,0
22.4337,92.2042,321.9,1.5,1.2,2026-04-03,912,Aqua,MODIS,70,61.03,304.1,15.2,D,0
22.4376,92.198,326.9,1.5,1.2,2026-04-03,912,Aqua,MODIS,77,61.03,304.5,24.4,D,0
22.5577,92.3861,326.5,1.6,1.2,2026-04-03,912,Aqua,MODIS,76,61.03,303.8,23.9,D,0
22.576,92.4063,331.4,1.6,1.2,2026-04-03,912,Aqua,MODIS,51,61.03,303.5,32.8,D,0
22.5885,92.4196,324.3,1.6,1.2,2026-04-03,912,Aqua,MODIS,45,61.03,302.0,19.8,D,0
22.5902,92.4341,330.2,1.6,1.2,2026-04-03,912,Aqua,MODIS,79,61.03,301.0,33.7,D,0
22.6034,92.2697,317.7,1.5,1.2,2026-04-03,912,Aqua,MODIS,54,61.03,301.5,9.6,D,0
22.6056,92.1101,320.0,1.5,1.2,2026-04-03,912,Aqua,MODIS,67,61.03,302.9,12.5,D,0
22.6073,91.9915,320.8,1.5,1.2,2026-04-03,912,Aqua,MODIS,51,61.03,302.1,14.2,D,0
22.665,91.9412,319.4,1.5,1.2,2026-04-03,912,Aqua,MODIS,67,61.03,301.0,13.8,D,0
22.666,92.515,332.0,1.6,1.2,2026-04-03,912,Aqua,MODIS,82,61.03,301.5,40.3,D,0
22.6667,91.9548,321.2,1.5,1.2,2026-04-03,912,Aqua,MODIS,70,61.03,300.8,15.6,D,0
22.6676,92.5092,322.4,1.6,1.2,2026-04-03,912,Aqua,MODIS,71,61.03,301.5,19.3,D,0
22.6694,92.5243,323.1,1.6,1.2,2026-04-03,912,Aqua,MODIS,71,61.03,299.7,22.5,D,0
22.6731,92.4607,318.0,1.6,1.2,2026-04-03,912,Aqua,MODIS,48,61.03,301.4,10.4,D,0
22.6772,92.4018,323.1,1.6,1.2,2026-04-03,912,Aqua,MODIS,38,61.03,301.8,17.8,D,0
22.6806,91.9809,321.9,1.5,1.2,2026-04-03,912,Aqua,MODIS,71,61.03,301.2,17.4,D,0
22.688,92.4004,327.2,1.6,1.2,2026-04-03,912,Aqua,MODIS,59,61.03,302.3,25.2,D,0
22.6897,92.415,321.9,1.6,1.2,2026-04-03,912,Aqua,MODIS,25,61.03,299.9,14.7,D,0
22.7327,91.9107,320.3,1.5,1.2,2026-04-03,912,Aqua,MODIS,69,61.03,301.4,15.9,D,0
22.7569,91.9352,318.6,1.5,1.2,2026-04-03,912,Aqua,MODIS,51,61.03,301.1,12.2,D,0
22.7709,92.4122,321.0,1.6,1.2,2026-04-03,912,Aqua,MODIS,66,61.03,301.4,17.0,D,0
22.8868,92.3458,324.2,1.6,1.2,2026-04-03,912,Aqua,MODIS,75,61.03,300.2,23.6,D,0
22.8994,92.3592,339.0,1.6,1.2,2026-04-03,912,Aqua,MODIS,88,61.03,299.2,61.1,D,0
22.9102,92.2682,319.9,1.5,1.2,2026-04-03,912,Aqua,MODIS,0,61.03,300.1,14.3,D,0
22.9163,92.275,322.3,1.5,1.2,2026-04-03,912,Aqua,MODIS,55,61.03,299.8,21.0,D,0
22.9297,92.1119,317.1,1.5,1.2,2026-04-03,912,Aqua,MODIS,63,61.03,300.8,10.7,D,0
22.9313,92.1257,317.3,1.5,1.2,2026-04-03,912,Aqua,MODIS,63,61.03,300.5,11.2,D,0
23.082,92.1725,317.8,1.5,1.2,2026-04-03,912,Aqua,MODIS,65,61.03,301.3,12.2,D,0
23.2804,92.3875,319.0,1.6,1.2,2026-04-03,912,Aqua,MODIS,68,61.03,302.0,15.5,D,0
24.0643,88.9722,320.2,1.1,1.0,2026-04-03,913,Aqua,MODIS,64,61.03,304.2,9.2,D,0
24.0657,88.9823,320.0,1.1,1.0,2026-04-03,913,Aqua,MODIS,64,61.03,300.1,8.8,D,0
23.8865,88.774,318.2,1.1,1.0,2026-04-04,323,Terra,MODIS,67,61.03,300.8,9.7,D,0
24.198,88.9098,317.8,1.1,1.1,2026-04-04,323,Terra,MODIS,67,61.03,301.1,10.1,D,0
21.9746,92.3361,312.8,2.0,1.4,2026-04-04,324,Terra,MODIS,57,61.03,295.7,17.7,D,0
21.3585,92.6012,332.3,4.3,1.9,2026-04-04,812,Aqua,MODIS,82,61.03,295.8,209.2,D,0
21.3635,92.5964,331.5,4.3,1.9,2026-04-04,812,Aqua,MODIS,81,61.03,295.7,200.0,D,0
21.4123,92.5828,325.3,4.3,1.9,2026-04-04,812,Aqua,MODIS,73,61.03,295.4,130.0,D,0
21.4179,92.5749,331.9,4.3,1.9,2026-04-04,812,Aqua,MODIS,81,61.03,295.5,201.4,D,0
21.5158,92.4677,331.6,4.3,1.9,2026-04-04,812,Aqua,MODIS,81,61.03,295.7,192.9,D,0
21.5202,92.462,329.8,4.3,1.9,2026-04-04,812,Aqua,MODIS,79,61.03,295.9,173.7,D,0
21.5247,92.5103,323.2,4.3,1.9,2026-04-04,812,Aqua,MODIS,69,61.03,295.2,110.4,D,0
21.5294,92.5044,326.4,4.3,1.9,2026-04-04,812,Aqua,MODIS,75,61.03,295.2,139.0,D,0
21.5732,92.3564,317.1,4.4,1.9,2026-04-04,812,Aqua,MODIS,53,61.03,294.4,64.7,D,0
21.6971,92.3121,316.2,4.4,1.9,2026-04-04,812,Aqua,MODIS,37,61.03,294.4,52.2,D,0
21.7091,92.3164,319.1,4.4,1.9,2026-04-04,812,Aqua,MODIS,58,61.03,294.7,74.4,D,0
21.7555,92.3397,321.5,4.4,1.9,2026-04-04,812,Aqua,MODIS,62,61.03,293.6,90.9,D,0
21.7673,92.3442,321.9,4.4,1.9,2026-04-04,812,Aqua,MODIS,60,61.03,293.3,93.3,D,0
21.7835,92.2854,321.4,4.4,1.9,2026-04-04,812,Aqua,MODIS,69,61.03,293.8,97.6,D,0
21.7962,92.2867,315.3,4.4,1.9,2026-04-04,812,Aqua,MODIS,38,61.03,293.8,51.5,D,0
21.8229,92.4901,322.7,4.3,1.9,2026-04-04,812,Aqua,MODIS,71,61.03,294.7,110.2,D,0
21.8281,92.4847,321.3,4.3,1.9,2026-04-04,812,Aqua,MODIS,69,61.03,294.8,92.6,D,0
21.8371,92.2337,314.2,4.4,1.9,2026-04-04,812,Aqua,MODIS,31,61.03,292.6,50.9,D,0
21.8374,92.5266,314.8,4.2,1.9,2026-04-04,812,Aqua,MODIS,15,61.03,293.7,48.0,D,0
21.8874,92.5981,328.8,4.2,1.9,2026-04-04,812,Aqua,MODIS,80,61.03,290.9,167.2,D,0
21.8978,92.6005,332.5,4.2,1.9,2026-04-04,812,Aqua,MODIS,83,61.03,290.2,207.4,D,0
21.9924,92.3089,318.8,4.3,1.9,2026-04-04,812,Aqua,MODIS,55,61.03,291.9,80.4,D,0
22.0042,92.3095,316.0,4.3,1.9,2026-04-04,812,Aqua,MODIS,47,61.03,291.8,60.1,D,0
22.0791,92.2779,314.8,4.3,1.9,2026-04-04,813,Aqua,MODIS,47,61.03,291.4,53.1,D,0
22.1716,92.4626,317.2,4.2,1.9,2026-04-04,813,Aqua,MODIS,42,61.03,286.6,84.9,D,0
22.3304,92.5341,320.3,4.1,1.9,2026-04-04,813,Aqua,MODIS,0,61.03,289.0,98.3,D,0
22.3683,92.4337,326.6,4.2,1.9,2026-04-04,813,Aqua,MODIS,30,61.03,291.9,125.0,D,0
22.3744,92.4287,326.8,4.2,1.9,2026-04-04,813,Aqua,MODIS,39,61.03,291.9,126.0,D,0
22.4878,92.4013,323.3,4.2,1.9,2026-04-04,813,Aqua,MODIS,54,61.03,290.9,99.3,D,0
22.5971,92.4397,317.4,4.1,1.9,2026-04-04,813,Aqua,MODIS,44,61.03,289.7,59.3,D,0
22.6134,92.4364,316.1,4.1,1.9,2026-04-04,813,Aqua,MODIS,17,61.03,290.8,51.4,D,0
23.4343,92.1255,309.2,4.1,1.9,2026-04-04,813,Aqua,MODIS,49,61.03,285.5,48.5,D,0
23.4404,92.1194,309.2,4.1,1.9,2026-04-04,813,Aqua,MODIS,51,61.03,285.3,49.2,D,0
21.6936,92.5048,320.7,1.4,1.2,2026-04-04,1417,Terra,MODIS,100,61.03,295.8,26.7,N,0
21.7025,92.3856,315.4,1.5,1.2,2026-04-04,1417,Terra,MODIS,91,61.03,294.3,20.0,N,0
21.7049,92.3771,304.6,1.5,1.2,2026-04-04,1417,Terra,MODIS,60,61.03,294.1,6.5,N,0
21.7071,92.3909,314.4,1.5,1.2,2026-04-04,1417,Terra,MODIS,89,61.03,294.5,18.6,N,0
22.0963,92.396,309.1,1.4,1.2,2026-04-04,1417,Terra,MODIS,76,61.03,294.9,10.3,N,0
22.1023,92.3676,308.3,1.4,1.2,2026-04-04,1417,Terra,MODIS,74,61.03,294.6,9.8,N,0
22.1045,92.381,305.7,1.4,1.2,2026-04-04,1417,Terra,MODIS,49,61.03,294.7,6.8,N,0
22.1296,92.4041,311.1,1.4,1.2,2026-04-04,1417,Terra,MODIS,82,61.03,294.7,13.0,N,0
22.3653,92.4549,301.9,1.4,1.2,2026-04-04,1417,Terra,MODIS,15,61.03,289.4,5.3,N,0
22.4546,92.3851,307.4,1.4,1.2,2026-04-04,1417,Terra,MODIS,71,61.03,294.2,9.1,N,0
22.4554,92.4529,301.8,1.4,1.2,2026-04-04,1417,Terra,MODIS,27,61.03,290.1,4.5,N,0
21.4545,92.1033,332.6,1.1,1.0,2026-04-05,850,Aqua,MODIS,86,61.03,293.9,28.3,D,0
21.4561,92.1132,319.8,1.1,1.0,2026-04-05,850,Aqua,MODIS,74,61.03,292.8,12.3,D,0
21.5308,92.4139,322.6,1.0,1.0,2026-04-05,850,Aqua,MODIS,73,61.03,285.4,16.3,D,0
21.5323,92.4235,327.9,1.0,1.0,2026-04-05,850,Aqua,MODIS,77,61.03,286.0,21.8,D,0
21.5338,92.4331,350.4,1.0,1.0,2026-04-05,850,Aqua,MODIS,90,61.03,286.3,59.5,D,0
21.5632,92.3292,318.9,1.0,1.0,2026-04-05,850,Aqua,MODIS,63,61.03,290.8,10.8,D,0
21.5692,92.6042,315.4,1.0,1.0,2026-04-05,850,Aqua,MODIS,50,61.03,285.3,9.0,D,0
21.5721,92.3274,322.9,1.0,1.0,2026-04-05,850,Aqua,MODIS,78,61.03,291.6,15.2,D,0
21.5736,92.3372,312.4,1.0,1.0,2026-04-05,850,Aqua,MODIS,44,61.03,289.4,5.0,D,0
21.5824,92.3948,312.5,1.0,1.0,2026-04-05,850,Aqua,MODIS,61,61.03,289.1,6.4,D,0
21.5839,92.4044,316.9,1.0,1.0,2026-04-05,850,Aqua,MODIS,70,61.03,289.4,9.6,D,0
21.6838,92.5671,354.5,1.0,1.0,2026-04-05,850,Aqua,MODIS,85,61.03,291.1,67.7,D,0
21.6868,92.5273,314.9,1.0,1.0,2026-04-05,850,Aqua,MODIS,43,61.03,293.0,6.1,D,0
21.6926,92.5656,327.9,1.0,1.0,2026-04-05,850,Aqua,MODIS,82,61.03,292.4,19.4,D,0
21.7181,92.3682,345.3,1.0,1.0,2026-04-05,850,Aqua,MODIS,93,61.03,295.2,48.0,D,0
21.7624,92.4201,313.6,1.0,1.0,2026-04-05,850,Aqua,MODIS,64,61.03,293.8,6.8,D,0
21.7928,92.3084,309.9,1.0,1.0,2026-04-05,850,Aqua,MODIS,50,61.03,289.9,3.5,D,0
21.831,92.2018,316.1,1.0,1.0,2026-04-05,850,Aqua,MODIS,69,61.03,298.0,7.1,D,0
21.8697,92.269,321.9,1.0,1.0,2026-04-05,850,Aqua,MODIS,77,61.03,293.9,13.3,D,0
21.9613,92.3914,313.7,1.0,1.0,2026-04-05,850,Aqua,MODIS,62,61.03,289.6,6.7,D,0
22.023,92.364,321.2,1.0,1.0,2026-04-05,850,Aqua,MODIS,77,61.03,292.7,12.5,D,0
22.0867,92.3566,319.3,1.0,1.0,2026-04-05,850,Aqua,MODIS,57,61.03,290.9,12.0,D,0
22.1322,92.5945,325.3,1.0,1.0,2026-04-05,850,Aqua,MODIS,81,61.03,294.3,18.2,D,0
22.1337,92.6038,320.2,1.0,1.0,2026-04-05,850,Aqua,MODIS,76,61.03,294.8,11.5,D,0
22.1704,92.4898,327.2,1.0,1.0,2026-04-05,850,Aqua,MODIS,72,61.03,286.6,23.4,D,0
22.1719,92.4992,333.7,1.0,1.0,2026-04-05,850,Aqua,MODIS,82,61.03,287.1,31.8,D,0
24.0542,88.8478,311.8,1.4,1.2,2026-04-05,851,Aqua,MODIS,57,61.03,295.7,8.2,D,0
24.2591,88.957,311.8,1.4,1.2,2026-04-05,851,Aqua,MODIS,60,61.03,292.1,7.7,D,0
21.8512,92.3926,301.6,1.9,1.3,2026-04-05,1456,Terra,MODIS,33,61.03,283.4,13.1,N,0
21.8535,92.3809,306.9,1.8,1.3,2026-04-05,1456,Terra,MODIS,64,61.03,282.4,18.9,N,0
22.0069,92.3464,316.2,1.0,1.0,2026-04-06,304,Terra,MODIS,70,61.03,299.7,7.8,D,0
21.5788,92.5803,315.3,3.1,1.7,2026-04-06,928,Aqua,MODIS,16,61.03,296.4,27.1,D,0
21.5793,92.5753,314.9,3.1,1.7,2026-04-06,928,Aqua,MODIS,17,61.03,296.5,25.0,D,0
21.703,92.2998,314.7,2.9,1.6,2026-04-06,928,Aqua,MODIS,54,61.03,295.9,21.4,D,0
22.0257,92.5258,325.5,3.1,1.7,2026-04-06,928,Aqua,MODIS,76,61.03,296.9,77.5,D,0
22.0286,92.5553,313.8,3.1,1.7,2026-04-06,928,Aqua,MODIS,33,61.03,293.9,22.4,D,0
22.0308,92.5477,315.7,3.1,1.7,2026-04-06,928,Aqua,MODIS,35,61.03,294.2,28.8,D,0
22.2769,92.4514,319.1,3.1,1.7,2026-04-06,928,Aqua,MODIS,67,61.03,297.0,42.1,D,0
22.2773,92.446,319.2,3.1,1.7,2026-04-06,928,Aqua,MODIS,56,61.03,297.0,40.3,D,0
22.1103,92.459,306.7,3.3,1.7,2026-04-06,1357,Terra,MODIS,69,61.03,292.5,30.5,N,0
22.1541,92.5971,303.8,3.2,1.7,2026-04-06,1357,Terra,MODIS,22,61.03,293.4,18.6,N,0
22.1629,92.5718,303.9,3.2,1.7,2026-04-06,1357,Terra,MODIS,57,61.03,293.0,19.6,N,0
22.3662,92.3467,304.2,3.3,1.7,2026-04-06,1357,Terra,MODIS,58,61.03,293.2,21.1,N,0
23.8823,88.7187,313.5,2.2,1.4,2026-04-07,342,Terra,MODIS,65,61.03,298.8,17.9,D,0
23.3723,92.1171,316.0,2.1,1.4,2026-04-07,829,Aqua,MODIS,70,61.03,296.1,27.3,D,0
21.5663,92.3793,319.3,1.2,1.1,2026-04-10,844,Aqua,MODIS,73,61.03,301.1,13.1,D,0
21.6582,92.1919,314.9,1.2,1.1,2026-04-10,844,Aqua,MODIS,67,61.03,299.1,9.4,D,0
21.6601,92.2034,313.9,1.2,1.1,2026-04-10,844,Aqua,MODIS,65,61.03,298.9,7.8,D,0
22.0402,92.1992,314.0,1.2,1.1,2026-04-10,845,Aqua,MODIS,55,61.03,300.6,6.7,D,0
22.0451,92.2043,318.7,1.2,1.1,2026-04-10,845,Aqua,MODIS,73,61.03,300.4,12.1,D,0
22.2688,92.0787,311.3,1.2,1.1,2026-04-10,845,Aqua,MODIS,52,61.03,298.7,5.2,D,0
22.3539,92.2067,313.5,1.2,1.1,2026-04-10,845,Aqua,MODIS,50,61.03,301.6,5.7,D,0
22.5835,92.3564,324.0,1.2,1.1,2026-04-10,845,Aqua,MODIS,79,61.03,301.1,17.9,D,0
22.6689,92.4899,319.5,1.1,1.1,2026-04-10,845,Aqua,MODIS,74,61.03,302.1,12.2,D,0
22.714,92.4144,323.0,1.2,1.1,2026-04-10,845,Aqua,MODIS,78,61.03,302.6,15.5,D,0
22.7158,92.4252,317.2,1.2,1.1,2026-04-10,845,Aqua,MODIS,71,61.03,302.4,8.8,D,0
22.8273,92.3251,322.3,1.2,1.1,2026-04-10,845,Aqua,MODIS,67,61.03,300.4,15.9,D,0
22.874,92.316,325.1,1.2,1.1,2026-04-10,845,Aqua,MODIS,80,61.03,300.0,20.9,D,0
22.8757,92.3266,326.6,1.2,1.1,2026-04-10,845,Aqua,MODIS,81,61.03,300.5,22.7,D,0
22.8833,92.314,344.7,1.2,1.1,2026-04-10,845,Aqua,MODIS,93,61.03,300.8,56.8,D,0
22.885,92.3245,360.9,1.2,1.1,2026-04-10,845,Aqua,MODIS,100,61.03,302.0,102.4,D,0
22.9308,92.0924,314.3,1.2,1.1,2026-04-10,845,Aqua,MODIS,28,61.03,300.2,7.1,D,0
23.0235,92.3305,365.4,1.2,1.1,2026-04-10,845,Aqua,MODIS,100,61.03,303.0,118.3,D,0
23.0252,92.341,364.1,1.2,1.1,2026-04-10,845,Aqua,MODIS,100,61.03,302.1,111.8,D,0
23.0473,92.359,324.1,1.2,1.1,2026-04-10,845,Aqua,MODIS,79,61.03,300.0,18.9,D,0
23.0491,92.3697,335.2,1.2,1.1,2026-04-10,845,Aqua,MODIS,88,61.03,300.9,36.2,D,0
23.206,92.1356,318.8,1.2,1.1,2026-04-10,845,Aqua,MODIS,30,61.03,300.6,11.5,D,0
23.2229,92.1208,321.1,1.2,1.1,2026-04-10,845,Aqua,MODIS,37,61.03,300.3,14.3,D,0
23.2544,92.3736,357.1,1.1,1.1,2026-04-10,845,Aqua,MODIS,93,61.03,291.6,89.3,D,0
23.3195,92.1407,315.2,1.2,1.1,2026-04-10,845,Aqua,MODIS,54,61.03,299.0,8.6,D,0
23.4543,92.125,322.3,1.2,1.1,2026-04-10,845,Aqua,MODIS,73,61.03,297.4,20.2,D,0
23.5226,91.9801,320.5,1.2,1.1,2026-04-10,845,Aqua,MODIS,72,61.03,297.8,16.8,D,0
22.8327,92.328,310.8,1.0,1.0,2026-04-11,303,Terra,MODIS,63,61.03,297.2,4.9,D,0
22.7092,92.3997,321.7,2.3,1.5,2026-04-11,923,Aqua,MODIS,54,61.03,301.0,25.8,D,0
22.7113,92.4145,322.0,2.3,1.5,2026-04-11,923,Aqua,MODIS,70,61.03,300.3,29.2,D,0
22.7693,92.3562,320.4,2.3,1.5,2026-04-11,923,Aqua,MODIS,48,61.03,300.0,25.4,D,0
22.9029,92.3792,321.8,2.3,1.5,2026-04-11,923,Aqua,MODIS,41,61.03,299.6,35.4,D,0
23.5239,91.9777,328.5,2.2,1.4,2026-04-11,923,Aqua,MODIS,81,61.03,299.4,58.9,D,0
21.3124,92.6007,312.3,3.4,1.7,2026-04-11,1356,Terra,MODIS,85,61.03,294.0,58.9,N,0
21.3143,92.6062,311.3,3.4,1.7,2026-04-11,1356,Terra,MODIS,82,61.03,294.0,54.1,N,0
21.3189,92.6017,303.9,1.1,1.1,2026-04-11,2130,Aqua,MODIS,57,61.03,291.1,6.6,N,0
21.5879,92.3079,327.1,3.0,1.6,2026-04-12,823,Aqua,MODIS,78,61.03,300.0,89.6,D,0
21.5911,92.3,317.1,3.0,1.6,2026-04-12,823,Aqua,MODIS,59,61.03,299.9,37.2,D,0
21.5931,92.334,316.4,3.0,1.6,2026-04-12,823,Aqua,MODIS,58,61.03,298.6,37.2,D,0
21.5964,92.3259,319.4,3.0,1.6,2026-04-12,823,Aqua,MODIS,68,61.03,299.0,48.7,D,0
21.7401,92.4322,313.3,2.9,1.6,2026-04-12,823,Aqua,MODIS,37,61.03,292.9,34.4,D,0
21.7908,92.3935,320.9,2.9,1.6,2026-04-12,823,Aqua,MODIS,67,61.03,293.2,64.3,D,0
21.7941,92.2378,314.9,3.0,1.6,2026-04-12,823,Aqua,MODIS,60,61.03,298.8,32.6,D,0
21.7948,92.3849,317.1,2.9,1.6,2026-04-12,823,Aqua,MODIS,57,61.03,293.0,48.2,D,0
21.7996,92.2651,316.8,3.0,1.6,2026-04-12,823,Aqua,MODIS,65,61.03,298.2,42.0,D,0
21.8842,92.245,312.0,3.0,1.6,2026-04-12,823,Aqua,MODIS,40,61.03,297.5,24.4,D,0
21.9045,92.3258,326.9,2.9,1.6,2026-04-12,823,Aqua,MODIS,80,61.03,296.4,91.4,D,0
21.9198,92.4007,320.9,2.9,1.6,2026-04-12,823,Aqua,MODIS,71,61.03,298.0,56.2,D,0
21.9254,92.4283,315.2,2.9,1.6,2026-04-12,823,Aqua,MODIS,44,61.03,296.4,33.8,D,0
21.9976,92.4992,312.6,2.8,1.6,2026-04-12,823,Aqua,MODIS,43,61.03,295.2,29.6,D,0
22.2739,92.0953,315.3,3.0,1.6,2026-04-12,823,Aqua,MODIS,22,61.03,298.5,29.4,D,0
22.2771,92.0878,314.0,3.0,1.6,2026-04-12,823,Aqua,MODIS,58,61.03,298.4,25.6,D,0
22.288,92.0919,315.4,3.0,1.6,2026-04-12,823,Aqua,MODIS,64,61.03,298.3,32.1,D,0
22.2935,92.1192,321.9,3.0,1.6,2026-04-12,823,Aqua,MODIS,75,61.03,297.3,61.3,D,0
22.2969,92.1116,325.0,3.0,1.6,2026-04-12,823,Aqua,MODIS,78,61.03,296.8,75.1,D,0
22.4564,92.2944,316.9,2.9,1.6,2026-04-12,823,Aqua,MODIS,67,61.03,297.8,38.4,D,0
22.5686,92.3142,315.3,2.8,1.6,2026-04-12,823,Aqua,MODIS,62,61.03,298.8,30.1,D,0
22.641,91.9247,312.6,3.0,1.7,2026-04-12,823,Aqua,MODIS,57,61.03,296.8,24.7,D,0
22.6496,91.9453,312.4,3.0,1.6,2026-04-12,823,Aqua,MODIS,56,61.03,295.8,23.5,D,0
22.6516,92.4789,318.2,2.7,1.6,2026-04-12,823,Aqua,MODIS,65,61.03,296.8,42.1,D,0
22.7365,92.4035,314.1,2.8,1.6,2026-04-12,823,Aqua,MODIS,27,61.03,297.0,26.2,D,0
22.761,92.2025,314.4,2.9,1.6,2026-04-12,823,Aqua,MODIS,54,61.03,298.1,30.0,D,0
22.9075,92.2915,317.8,2.8,1.6,2026-04-12,823,Aqua,MODIS,52,61.03,296.9,38.6,D,0
22.9882,92.3728,313.0,2.7,1.6,2026-04-12,823,Aqua,MODIS,28,61.03,292.4,24.1,D,0
22.9902,92.1024,312.4,2.9,1.6,2026-04-12,823,Aqua,MODIS,35,61.03,296.3,19.8,D,0
23.0227,91.9474,311.7,2.9,1.6,2026-04-12,823,Aqua,MODIS,44,61.03,295.2,17.2,D,0
23.0378,92.3356,321.0,2.8,1.6,2026-04-12,823,Aqua,MODIS,56,61.03,296.1,48.1,D,0
23.0546,92.277,327.7,2.8,1.6,2026-04-12,823,Aqua,MODIS,57,61.03,297.8,79.4,D,0
23.0986,92.3149,314.9,2.8,1.6,2026-04-12,823,Aqua,MODIS,44,61.03,296.2,33.4,D,0
23.1529,92.3005,314.2,2.8,1.6,2026-04-12,823,Aqua,MODIS,45,61.03,296.6,29.0,D,0
23.1584,92.2946,322.7,2.8,1.6,2026-04-12,823,Aqua,MODIS,77,61.03,297.1,60.8,D,0
23.1665,92.2969,314.3,2.8,1.6,2026-04-12,823,Aqua,MODIS,40,61.03,297.0,27.6,D,0
23.1883,91.8724,321.1,3.0,1.6,2026-04-12,823,Aqua,MODIS,75,61.03,297.9,60.2,D,0
23.1888,92.233,316.2,2.8,1.6,2026-04-12,823,Aqua,MODIS,68,61.03,297.2,35.0,D,0
23.1918,91.8647,315.9,3.0,1.6,2026-04-12,823,Aqua,MODIS,68,61.03,297.4,36.5,D,0
23.1937,91.8995,313.4,2.9,1.6,2026-04-12,823,Aqua,MODIS,62,61.03,297.2,26.3,D,0
23.1974,91.8917,318.1,2.9,1.6,2026-04-12,823,Aqua,MODIS,71,61.03,297.5,45.2,D,0
23.2488,92.246,325.2,2.8,1.6,2026-04-12,823,Aqua,MODIS,34,61.03,294.9,67.9,D,0
23.2514,92.2907,319.1,2.7,1.6,2026-04-12,823,Aqua,MODIS,36,61.03,295.5,44.2,D,0
23.2548,92.2378,335.9,2.8,1.6,2026-04-12,823,Aqua,MODIS,76,61.03,291.9,131.0,D,0
23.2556,92.1359,315.9,2.8,1.6,2026-04-12,823,Aqua,MODIS,47,61.03,296.0,30.7,D,0
23.3106,92.0879,317.4,2.8,1.6,2026-04-12,823,Aqua,MODIS,44,61.03,296.1,34.8,D,0
23.3164,92.3296,313.5,2.7,1.6,2026-04-12,823,Aqua,MODIS,59,61.03,296.6,29.5,D,0
23.3299,92.3258,311.7,2.7,1.6,2026-04-12,823,Aqua,MODIS,26,61.03,295.4,23.4,D,0
23.3404,91.9938,319.4,2.9,1.6,2026-04-12,823,Aqua,MODIS,73,61.03,297.5,48.1,D,0
23.3815,92.3341,326.8,2.7,1.6,2026-04-12,823,Aqua,MODIS,70,61.03,292.9,84.3,D,0
23.3889,92.337,334.2,2.7,1.6,2026-04-12,823,Aqua,MODIS,75,61.03,292.5,122.9,D,0
23.3998,92.143,346.5,2.8,1.6,2026-04-12,823,Aqua,MODIS,94,61.03,294.0,212.5,D,0
23.4201,92.0286,322.1,2.8,1.6,2026-04-12,823,Aqua,MODIS,76,61.03,297.0,55.2,D,0
23.4251,92.0203,345.5,2.8,1.6,2026-04-12,823,Aqua,MODIS,93,61.03,296.5,212.0,D,0
23.4275,92.1019,342.3,2.8,1.6,2026-04-12,823,Aqua,MODIS,91,61.03,298.5,172.8,D,0
23.4305,92.0466,336.0,2.8,1.6,2026-04-12,823,Aqua,MODIS,88,61.03,297.4,133.6,D,0
23.4357,92.1069,356.8,2.8,1.6,2026-04-12,823,Aqua,MODIS,98,61.03,296.1,309.7,D,0
23.501,92.0794,313.8,2.8,1.6,2026-04-12,823,Aqua,MODIS,47,61.03,294.2,33.2,D,0
23.5047,92.0561,362.1,2.8,1.6,2026-04-12,823,Aqua,MODIS,100,61.03,294.1,390.2,D,0
23.5099,92.0819,339.4,2.8,1.6,2026-04-12,823,Aqua,MODIS,90,61.03,293.3,166.3,D,0
23.5148,92.0761,348.3,2.8,1.6,2026-04-12,823,Aqua,MODIS,82,61.03,291.4,240.1,D,0
23.521,91.9657,327.6,2.9,1.6,2026-04-12,823,Aqua,MODIS,69,61.03,294.7,83.3,D,0
23.5538,91.9841,332.3,2.8,1.6,2026-04-12,823,Aqua,MODIS,65,61.03,290.8,119.3,D,0
21.7694,92.4286,313.1,1.0,1.0,2026-04-12,1435,Terra,MODIS,86,61.03,296.3,10.5,N,0
22.2394,92.3631,307.0,1.0,1.0,2026-04-12,1435,Terra,MODIS,70,61.03,296.0,6.0,N,0
22.663,92.4217,321.3,1.0,1.0,2026-04-12,1435,Terra,MODIS,100,61.03,296.7,17.6,N,0
22.6643,92.4313,314.5,1.0,1.0,2026-04-12,1435,Terra,MODIS,89,61.03,296.4,11.4,N,0
22.8562,92.0179,310.0,1.0,1.0,2026-04-12,1436,Terra,MODIS,78,61.03,296.0,7.9,N,0
22.9666,92.3557,307.1,1.0,1.0,2026-04-12,1436,Terra,MODIS,70,61.03,295.6,5.8,N,0
23.2613,92.2215,308.7,1.0,1.0,2026-04-12,1436,Terra,MODIS,75,61.03,295.6,7.1,N,0
23.2626,92.231,315.7,1.0,1.0,2026-04-12,1436,Terra,MODIS,92,61.03,295.6,12.6,N,0
23.3794,92.0629,309.3,1.0,1.0,2026-04-12,1436,Terra,MODIS,76,61.03,295.5,7.5,N,0
23.4514,92.1141,313.3,1.0,1.0,2026-04-12,1436,Terra,MODIS,87,61.03,295.2,10.5,N,0
21.9079,92.3291,311.6,1.4,1.2,2026-04-13,243,Terra,MODIS,56,61.03,296.9,7.7,D,0
22.2986,92.3914,312.9,1.4,1.2,2026-04-13,243,Terra,MODIS,60,61.03,297.7,8.1,D,0
21.0129,92.2108,316.8,1.0,1.0,2026-04-13,900,Aqua,MODIS,51,61.03,302.0,6.0,D,0
21.4234,92.5704,369.1,1.0,1.0,2026-04-13,900,Aqua,MODIS,100,61.03,303.0,112.7,D,0
21.4339,92.45,319.6,1.0,1.0,2026-04-13,900,Aqua,MODIS,68,61.03,302.5,8.2,D,0
21.4433,92.5175,320.8,1.0,1.0,2026-04-13,900,Aqua,MODIS,68,61.03,297.6,11.9,D,0
21.4446,92.5268,324.8,1.0,1.0,2026-04-13,900,Aqua,MODIS,76,61.03,299.6,17.0,D,0
21.5384,92.4765,324.4,1.0,1.0,2026-04-13,900,Aqua,MODIS,75,61.03,303.3,14.3,D,0
21.6048,92.2233,330.8,1.0,1.0,2026-04-13,900,Aqua,MODIS,82,61.03,302.9,21.6,D,0
21.6049,92.5488,326.7,1.0,1.0,2026-04-13,900,Aqua,MODIS,78,61.03,303.0,16.3,D,0
21.606,92.3606,316.0,1.0,1.0,2026-04-13,900,Aqua,MODIS,56,61.03,300.6,5.3,D,0
21.6096,92.1932,325.1,1.0,1.0,2026-04-13,900,Aqua,MODIS,76,61.03,303.2,15.0,D,0
21.6184,92.1918,331.8,1.0,1.0,2026-04-13,900,Aqua,MODIS,83,61.03,303.0,23.3,D,0
21.6406,92.5431,345.4,1.0,1.0,2026-04-13,900,Aqua,MODIS,92,61.03,303.6,45.7,D,0
21.6419,92.5528,403.1,1.0,1.0,2026-04-13,900,Aqua,MODIS,100,61.03,307.6,279.6,D,0
21.697,92.2908,317.5,1.0,1.0,2026-04-13,900,Aqua,MODIS,64,61.03,301.7,7.0,D,0
21.6984,92.3004,317.7,1.0,1.0,2026-04-13,900,Aqua,MODIS,64,61.03,301.7,7.3,D,0
21.7215,92.2081,322.6,1.0,1.0,2026-04-13,900,Aqua,MODIS,73,61.03,305.7,10.4,D,0
21.7706,92.282,317.9,1.0,1.0,2026-04-13,900,Aqua,MODIS,66,61.03,302.1,6.6,D,0
21.772,92.2916,326.1,1.0,1.0,2026-04-13,900,Aqua,MODIS,78,61.03,302.1,15.3,D,0
21.7972,92.15,322.9,1.0,1.0,2026-04-13,900,Aqua,MODIS,74,61.03,301.6,11.6,D,0
21.7986,92.1596,319.5,1.0,1.0,2026-04-13,900,Aqua,MODIS,69,61.03,300.2,8.2,D,0
21.8176,92.2941,318.4,1.0,1.0,2026-04-13,900,Aqua,MODIS,67,61.03,301.4,7.3,D,0
21.8318,92.4599,349.9,1.0,1.0,2026-04-13,900,Aqua,MODIS,95,61.03,302.9,56.0,D,0
21.8331,92.4696,325.9,1.0,1.0,2026-04-13,900,Aqua,MODIS,77,61.03,301.2,16.0,D,0
21.8378,92.2358,317.2,1.0,1.0,2026-04-13,900,Aqua,MODIS,64,61.03,301.6,7.1,D,0
21.8404,92.255,329.8,1.0,1.0,2026-04-13,900,Aqua,MODIS,82,61.03,302.0,20.4,D,0
21.8407,92.4585,325.6,1.0,1.0,2026-04-13,900,Aqua,MODIS,74,61.03,300.7,15.3,D,0
21.8414,92.399,322.3,1.0,1.0,2026-04-13,900,Aqua,MODIS,52,61.03,301.0,11.3,D,0
21.8418,92.2646,350.6,1.0,1.0,2026-04-13,900,Aqua,MODIS,95,61.03,302.0,57.4,D,0
21.849,92.3819,317.4,1.0,1.0,2026-04-13,900,Aqua,MODIS,45,61.03,301.0,7.2,D,0
21.8504,92.3917,318.9,1.0,1.0,2026-04-13,900,Aqua,MODIS,67,61.03,301.5,8.4,D,0
21.8571,92.4402,341.1,1.0,1.0,2026-04-13,900,Aqua,MODIS,90,61.03,302.8,38.5,D,0
21.8584,92.4498,319.1,1.0,1.0,2026-04-13,900,Aqua,MODIS,64,61.03,298.4,8.4,D,0
21.8762,92.447,334.8,1.0,1.0,2026-04-13,900,Aqua,MODIS,86,61.03,299.8,27.8,D,0
21.9168,92.6094,352.1,1.1,1.0,2026-04-13,900,Aqua,MODIS,96,61.03,300.5,65.3,D,0
21.9258,92.608,315.7,1.1,1.0,2026-04-13,900,Aqua,MODIS,48,61.03,296.0,8.4,D,0
21.8861,92.1297,318.8,1.0,1.0,2026-04-13,901,Aqua,MODIS,67,61.03,302.2,9.2,D,0
21.8949,92.256,314.6,1.0,1.0,2026-04-13,901,Aqua,MODIS,48,61.03,301.0,4.8,D,0
21.9029,92.3133,316.5,1.0,1.0,2026-04-13,901,Aqua,MODIS,62,61.03,298.1,7.7,D,0
21.9371,92.4271,318.2,1.0,1.0,2026-04-13,901,Aqua,MODIS,66,61.03,301.1,8.0,D,0
21.9384,92.4368,342.3,1.0,1.0,2026-04-13,901,Aqua,MODIS,91,61.03,302.6,41.3,D,0
21.9398,92.3009,334.7,1.0,1.0,2026-04-13,901,Aqua,MODIS,86,61.03,301.0,28.9,D,0
21.9433,92.2612,340.8,1.0,1.0,2026-04-13,901,Aqua,MODIS,90,61.03,301.9,38.3,D,0
21.9663,92.2964,316.9,1.0,1.0,2026-04-13,901,Aqua,MODIS,58,61.03,300.5,7.0,D,0
21.9677,92.306,318.7,1.0,1.0,2026-04-13,901,Aqua,MODIS,68,61.03,299.8,8.8,D,0
21.9774,92.5736,327.4,1.1,1.0,2026-04-13,901,Aqua,MODIS,79,61.03,301.5,20.8,D,0
21.9863,92.5722,314.0,1.1,1.0,2026-04-13,901,Aqua,MODIS,26,61.03,300.1,6.3,D,0
22.0058,92.4492,321.9,1.0,1.0,2026-04-13,901,Aqua,MODIS,73,61.03,301.5,11.3,D,0
22.0339,92.4546,323.0,1.0,1.0,2026-04-13,901,Aqua,MODIS,74,61.03,302.7,13.0,D,0
22.0506,92.1789,319.3,1.0,1.0,2026-04-13,901,Aqua,MODIS,69,61.03,302.5,9.4,D,0
22.0975,92.3193,319.0,1.0,1.0,2026-04-13,901,Aqua,MODIS,68,61.03,301.4,8.4,D,0
22.0989,92.3291,315.8,1.0,1.0,2026-04-13,901,Aqua,MODIS,57,61.03,301.2,5.4,D,0
22.1718,92.2512,321.0,1.0,1.0,2026-04-13,901,Aqua,MODIS,71,61.03,301.3,10.3,D,0
22.1732,92.2608,317.3,1.0,1.0,2026-04-13,901,Aqua,MODIS,64,61.03,300.8,6.6,D,0
22.2197,92.327,323.6,1.0,1.0,2026-04-13,901,Aqua,MODIS,75,61.03,304.0,11.8,D,0
22.2703,92.17,313.8,1.0,1.0,2026-04-13,901,Aqua,MODIS,53,61.03,298.9,3.8,D,0
22.3088,92.3655,316.9,1.0,1.0,2026-04-13,901,Aqua,MODIS,63,61.03,302.5,5.3,D,0
22.3341,92.3513,320.7,1.0,1.0,2026-04-13,901,Aqua,MODIS,46,61.03,303.4,7.8,D,0
22.3355,92.3611,341.8,1.0,1.0,2026-04-13,901,Aqua,MODIS,90,61.03,303.6,37.7,D,0
22.3415,92.4708,319.1,1.1,1.0,2026-04-13,901,Aqua,MODIS,68,61.03,303.3,7.0,D,0
22.343,92.3499,319.3,1.0,1.0,2026-04-13,901,Aqua,MODIS,65,61.03,303.5,6.6,D,0
22.3444,92.3597,323.1,1.0,1.0,2026-04-13,901,Aqua,MODIS,74,61.03,302.7,10.6,D,0
22.3518,92.4792,325.1,1.1,1.0,2026-04-13,901,Aqua,MODIS,76,61.03,304.1,13.6,D,0
22.3656,92.3163,322.9,1.0,1.0,2026-04-13,901,Aqua,MODIS,74,61.03,304.0,10.6,D,0
22.3875,92.4733,317.8,1.1,1.0,2026-04-13,901,Aqua,MODIS,63,61.03,301.4,7.5,D,0
22.3888,92.483,318.4,1.1,1.0,2026-04-13,901,Aqua,MODIS,66,61.03,300.5,8.4,D,0
22.7809,92.4503,327.5,1.1,1.0,2026-04-13,901,Aqua,MODIS,75,61.03,303.0,18.4,D,0
22.8578,91.9405,319.2,1.0,1.0,2026-04-13,901,Aqua,MODIS,69,61.03,301.8,8.6,D,0
22.8591,91.9501,320.3,1.0,1.0,2026-04-13,901,Aqua,MODIS,71,61.03,301.8,9.9,D,0
22.8925,92.1235,328.8,1.0,1.0,2026-04-13,901,Aqua,MODIS,81,61.03,303.8,19.9,D,0
22.8939,92.1331,350.6,1.0,1.0,2026-04-13,901,Aqua,MODIS,95,61.03,303.8,58.1,D,0
22.8986,92.3639,324.0,1.1,1.0,2026-04-13,901,Aqua,MODIS,76,61.03,303.0,13.6,D,0
22.8999,92.3738,317.2,1.1,1.0,2026-04-13,901,Aqua,MODIS,66,61.03,302.9,6.1,D,0
22.9069,92.1611,316.1,1.0,1.0,2026-04-13,901,Aqua,MODIS,63,61.03,301.8,6.5,D,0
22.9082,92.1709,317.3,1.0,1.0,2026-04-13,901,Aqua,MODIS,62,61.03,301.9,7.4,D,0
22.9308,92.1313,320.0,1.0,1.0,2026-04-13,901,Aqua,MODIS,71,61.03,302.4,9.6,D,0
22.9322,92.1412,323.1,1.0,1.0,2026-04-13,901,Aqua,MODIS,75,61.03,302.3,13.2,D,0
22.9512,91.7617,314.0,1.0,1.0,2026-04-13,901,Aqua,MODIS,57,61.03,300.5,5.2,D,0
22.9904,91.8273,317.3,1.0,1.0,2026-04-13,901,Aqua,MODIS,57,61.03,300.5,6.9,D,0
23.0004,92.1098,321.7,1.0,1.0,2026-04-13,901,Aqua,MODIS,73,61.03,303.2,10.4,D,0
23.0107,91.8436,322.9,1.0,1.0,2026-04-13,901,Aqua,MODIS,75,61.03,301.0,13.1,D,0
23.0141,91.9319,320.3,1.0,1.0,2026-04-13,901,Aqua,MODIS,65,61.03,302.5,8.4,D,0
23.0155,91.8132,315.9,1.0,1.0,2026-04-13,901,Aqua,MODIS,63,61.03,299.9,6.0,D,0
23.0168,91.9512,322.4,1.0,1.0,2026-04-13,901,Aqua,MODIS,74,61.03,303.5,10.4,D,0
23.0389,92.308,331.5,1.1,1.0,2026-04-13,901,Aqua,MODIS,74,61.03,302.0,22.3,D,0
23.0478,92.3067,328.4,1.1,1.0,2026-04-13,901,Aqua,MODIS,73,61.03,302.6,18.1,D,0
23.0492,92.3165,364.3,1.1,1.0,2026-04-13,901,Aqua,MODIS,100,61.03,303.3,95.1,D,0
23.0554,92.2955,337.7,1.0,1.0,2026-04-13,901,Aqua,MODIS,88,61.03,301.4,32.3,D,0
23.0567,92.3053,324.5,1.1,1.0,2026-04-13,901,Aqua,MODIS,60,61.03,301.8,12.9,D,0
23.0581,92.315,371.3,1.1,1.0,2026-04-13,901,Aqua,MODIS,100,61.03,304.0,118.8,D,0
23.0733,92.2926,323.6,1.0,1.0,2026-04-13,901,Aqua,MODIS,74,61.03,301.0,13.2,D,0
23.0815,92.3522,313.1,1.1,1.0,2026-04-13,901,Aqua,MODIS,54,61.03,299.4,5.0,D,0
23.0967,92.0616,317.0,1.0,1.0,2026-04-13,901,Aqua,MODIS,64,61.03,302.1,6.0,D,0
23.1308,91.9166,317.9,1.0,1.0,2026-04-13,901,Aqua,MODIS,68,61.03,301.7,7.6,D,0
23.1937,92.2368,339.9,1.0,1.0,2026-04-13,901,Aqua,MODIS,90,61.03,301.6,36.0,D,0
23.2137,92.2369,320.9,1.0,1.0,2026-04-13,901,Aqua,MODIS,67,61.03,300.4,10.0,D,0
23.215,92.2468,328.9,1.0,1.0,2026-04-13,901,Aqua,MODIS,82,61.03,300.8,19.6,D,0
23.2342,92.2539,327.3,1.0,1.0,2026-04-13,901,Aqua,MODIS,72,61.03,300.2,17.0,D,0
23.2356,92.2638,316.3,1.1,1.0,2026-04-13,901,Aqua,MODIS,35,61.03,300.1,6.4,D,0
23.2443,92.395,324.9,1.1,1.0,2026-04-13,901,Aqua,MODIS,47,61.03,299.3,14.3,D,0
23.2493,92.2308,316.1,1.0,1.0,2026-04-13,901,Aqua,MODIS,49,61.03,298.1,5.5,D,0
23.2582,92.2294,331.5,1.0,1.0,2026-04-13,901,Aqua,MODIS,84,61.03,300.2,23.7,D,0
23.2652,92.1478,324.1,1.0,1.0,2026-04-13,901,Aqua,MODIS,77,61.03,299.2,14.9,D,0
23.2823,92.2055,316.9,1.0,1.0,2026-04-13,901,Aqua,MODIS,44,61.03,300.2,6.7,D,0
23.2836,92.2152,323.3,1.0,1.0,2026-04-13,901,Aqua,MODIS,76,61.03,300.3,13.6,D,0
23.3082,91.8649,320.1,1.0,1.0,2026-04-13,901,Aqua,MODIS,72,61.03,300.9,10.3,D,0
23.3185,92.0026,322.2,1.0,1.0,2026-04-13,901,Aqua,MODIS,75,61.03,300.1,12.0,D,0
23.3273,92.0012,343.8,1.0,1.0,2026-04-13,901,Aqua,MODIS,92,61.03,300.8,43.4,D,0
23.332,91.841,314.3,1.0,1.0,2026-04-13,901,Aqua,MODIS,59,61.03,300.1,5.2,D,0
23.3341,92.1811,363.9,1.0,1.0,2026-04-13,901,Aqua,MODIS,100,61.03,301.1,94.1,D,0
23.3417,92.1698,329.5,1.0,1.0,2026-04-13,901,Aqua,MODIS,61,61.03,299.1,19.9,D,0
23.343,92.1796,387.0,1.0,1.0,2026-04-13,901,Aqua,MODIS,100,61.03,302.6,186.7,D,0
23.3451,92.1288,319.9,1.0,1.0,2026-04-13,901,Aqua,MODIS,42,61.03,298.4,11.2,D,0
23.3492,92.1585,323.0,1.0,1.0,2026-04-13,901,Aqua,MODIS,49,61.03,296.6,13.6,D,0
23.3636,92.3288,336.0,1.1,1.0,2026-04-13,901,Aqua,MODIS,87,61.03,300.8,32.8,D,0
23.3655,91.9984,317.1,1.0,1.0,2026-04-13,901,Aqua,MODIS,27,61.03,300.8,5.7,D,0
23.3844,92.1361,327.5,1.0,1.0,2026-04-13,901,Aqua,MODIS,81,61.03,300.2,18.8,D,0
23.3846,92.0052,317.2,1.0,1.0,2026-04-13,901,Aqua,MODIS,33,61.03,301.2,6.3,D,0
23.3877,92.3043,322.1,1.1,1.0,2026-04-13,901,Aqua,MODIS,75,61.03,299.4,14.3,D,0
23.4016,92.0626,345.0,1.0,1.0,2026-04-13,901,Aqua,MODIS,93,61.03,302.4,44.3,D,0
23.4043,91.9519,315.9,1.0,1.0,2026-04-13,901,Aqua,MODIS,65,61.03,301.4,6.2,D,0
23.4111,92.1316,333.7,1.0,1.0,2026-04-13,901,Aqua,MODIS,86,61.03,300.3,26.9,D,0
23.4125,92.1415,350.4,1.0,1.0,2026-04-13,901,Aqua,MODIS,95,61.03,300.4,58.4,D,0
23.4275,91.988,330.1,1.0,1.0,2026-04-13,901,Aqua,MODIS,83,61.03,301.2,21.2,D,0
23.4303,92.1385,318.4,1.0,1.0,2026-04-13,901,Aqua,MODIS,57,61.03,300.0,10.4,D,0
23.4344,92.0371,318.4,1.0,1.0,2026-04-13,901,Aqua,MODIS,58,61.03,296.2,8.8,D,0
23.4357,92.3104,313.7,1.1,1.0,2026-04-13,901,Aqua,MODIS,59,61.03,299.0,6.5,D,0
23.4364,91.9865,334.0,1.0,1.0,2026-04-13,901,Aqua,MODIS,86,61.03,301.1,26.8,D,0
23.437,92.3205,331.8,1.1,1.0,2026-04-13,901,Aqua,MODIS,84,61.03,299.3,27.1,D,0
23.4625,92.306,311.1,1.1,1.0,2026-04-13,901,Aqua,MODIS,39,61.03,298.3,4.5,D,0
23.4706,91.965,320.7,1.0,1.0,2026-04-13,901,Aqua,MODIS,61,61.03,300.8,10.5,D,0
23.4715,92.3045,313.2,1.1,1.0,2026-04-13,901,Aqua,MODIS,58,61.03,298.1,6.4,D,0
23.4897,91.9718,322.6,1.0,1.0,2026-04-13,901,Aqua,MODIS,58,61.03,300.8,11.8,D,0
23.4911,91.9818,340.2,1.0,1.0,2026-04-13,901,Aqua,MODIS,90,61.03,301.0,37.0,D,0
23.5164,92.0984,319.1,1.0,1.0,2026-04-13,901,Aqua,MODIS,71,61.03,298.0,11.6,D,0
23.5253,92.0969,330.6,1.0,1.0,2026-04-13,901,Aqua,MODIS,83,61.03,298.9,24.7,D,0
23.5369,91.9843,346.2,1.0,1.0,2026-04-13,901,Aqua,MODIS,93,61.03,302.6,48.7,D,0
23.5382,91.9941,328.0,1.0,1.0,2026-04-13,901,Aqua,MODIS,81,61.03,300.9,18.9,D,0
23.5558,91.9746,355.0,1.0,1.0,2026-04-13,901,Aqua,MODIS,97,61.03,299.5,68.1,D,0
23.5572,91.9844,371.8,1.0,1.0,2026-04-13,901,Aqua,MODIS,100,61.03,300.4,120.1,D,0
23.5623,92.2324,324.0,1.1,1.0,2026-04-13,901,Aqua,MODIS,77,61.03,298.4,16.6,D,0
23.566,91.9829,324.5,1.0,1.0,2026-04-13,901,Aqua,MODIS,78,61.03,298.0,15.4,D,0
23.5713,92.231,322.8,1.1,1.0,2026-04-13,901,Aqua,MODIS,76,61.03,298.4,15.3,D,0
23.5987,92.2201,317.0,1.1,1.0,2026-04-13,901,Aqua,MODIS,68,61.03,298.5,10.3,D,0
23.6076,92.2186,311.9,1.1,1.0,2026-04-13,901,Aqua,MODIS,48,61.03,297.9,5.6,D,0
23.6503,92.2629,318.7,1.1,1.0,2026-04-13,901,Aqua,MODIS,71,61.03,297.1,11.6,D,0
23.6517,92.273,318.1,1.1,1.0,2026-04-13,901,Aqua,MODIS,70,61.03,296.9,10.8,D,0
24.1847,89.2226,319.5,1.0,1.0,2026-04-13,901,Aqua,MODIS,65,61.03,304.8,7.6,D,0
21.7971,92.2825,315.8,1.5,1.2,2026-04-14,1415,Terra,MODIS,91,61.03,294.9,22.5,N,0
21.9235,92.6111,310.2,1.4,1.2,2026-04-14,1415,Terra,MODIS,78,61.03,293.1,13.3,N,0
22.1161,92.4624,307.6,1.5,1.2,2026-04-14,1415,Terra,MODIS,70,61.03,293.9,10.6,N,0
22.1183,92.4756,308.8,1.5,1.2,2026-04-14,1415,Terra,MODIS,74,61.03,293.9,12.2,N,0
21.361,92.5981,324.9,1.5,1.2,2026-04-15,839,Aqua,MODIS,77,61.03,300.0,30.8,D,0
21.4606,92.5717,313.5,1.5,1.2,2026-04-15,839,Aqua,MODIS,46,61.03,300.3,9.2,D,0
21.4628,92.5848,314.3,1.5,1.2,2026-04-15,839,Aqua,MODIS,50,61.03,300.1,10.0,D,0
21.4993,92.5725,326.8,1.5,1.2,2026-04-15,839,Aqua,MODIS,78,61.03,300.1,30.3,D,0
21.5097,92.5702,317.3,1.5,1.2,2026-04-15,839,Aqua,MODIS,58,61.03,300.1,12.4,D,0
21.624,92.2902,318.2,1.5,1.2,2026-04-15,839,Aqua,MODIS,62,61.03,301.5,13.8,D,0
21.6308,92.2939,320.7,1.5,1.2,2026-04-15,839,Aqua,MODIS,71,61.03,302.0,18.1,D,0
21.6509,92.2564,320.0,1.5,1.2,2026-04-15,839,Aqua,MODIS,70,61.03,301.2,19.0,D,0
21.7229,92.5429,336.6,1.5,1.2,2026-04-15,839,Aqua,MODIS,87,61.03,303.7,49.0,D,0
21.7319,92.4711,324.8,1.5,1.2,2026-04-15,839,Aqua,MODIS,59,61.03,300.0,25.0,D,0
21.7344,92.4851,325.9,1.5,1.2,2026-04-15,839,Aqua,MODIS,66,61.03,302.2,27.0,D,0
21.7392,92.5129,320.2,1.5,1.2,2026-04-15,839,Aqua,MODIS,55,61.03,301.0,16.3,D,0
21.7447,92.4827,329.6,1.5,1.2,2026-04-15,839,Aqua,MODIS,69,61.03,302.2,32.7,D,0
21.8035,92.5921,319.5,1.4,1.2,2026-04-15,839,Aqua,MODIS,37,61.03,301.0,17.0,D,0
21.8661,92.3607,346.8,1.5,1.2,2026-04-15,839,Aqua,MODIS,93,61.03,301.5,85.9,D,0
21.8848,92.3437,321.6,1.5,1.2,2026-04-15,839,Aqua,MODIS,72,61.03,300.5,21.8,D,0
21.9371,92.4594,328.0,1.5,1.2,2026-04-15,839,Aqua,MODIS,72,61.03,299.9,31.5,D,0
21.9503,92.3087,326.9,1.5,1.2,2026-04-15,839,Aqua,MODIS,79,61.03,299.9,33.9,D,0
22.0049,92.4979,330.4,1.5,1.2,2026-04-15,839,Aqua,MODIS,82,61.03,300.4,38.4,D,0
22.0665,92.3207,325.9,1.5,1.2,2026-04-15,839,Aqua,MODIS,78,61.03,300.8,29.4,D,0
22.0752,92.2105,315.3,1.5,1.2,2026-04-15,839,Aqua,MODIS,56,61.03,299.0,12.0,D,0
22.1451,92.2977,318.8,1.5,1.2,2026-04-15,839,Aqua,MODIS,68,61.03,300.7,14.1,D,0
22.1475,92.3116,317.1,1.5,1.2,2026-04-15,839,Aqua,MODIS,65,61.03,300.8,11.5,D,0
22.3058,92.4439,323.1,1.5,1.2,2026-04-15,839,Aqua,MODIS,65,61.03,300.8,20.4,D,0
22.3138,92.0753,336.4,1.5,1.2,2026-04-15,839,Aqua,MODIS,87,61.03,300.8,56.9,D,0
22.3321,92.4875,322.2,1.4,1.2,2026-04-15,839,Aqua,MODIS,50,61.03,302.6,18.1,D,0
22.3346,92.5014,321.6,1.4,1.2,2026-04-15,839,Aqua,MODIS,42,61.03,301.0,18.1,D,0
22.3563,92.565,318.8,1.4,1.2,2026-04-15,839,Aqua,MODIS,69,61.03,300.3,15.9,D,0
22.3781,92.5074,317.1,1.4,1.2,2026-04-15,839,Aqua,MODIS,65,61.03,301.3,12.9,D,0
22.4957,92.531,319.6,1.4,1.2,2026-04-15,839,Aqua,MODIS,70,61.03,299.1,15.5,D,0
22.5914,92.3189,320.0,1.5,1.2,2026-04-15,839,Aqua,MODIS,50,61.03,300.5,16.1,D,0
22.6111,92.3704,318.4,1.4,1.2,2026-04-15,839,Aqua,MODIS,69,61.03,300.3,13.0,D,0
22.7268,92.0345,320.2,1.5,1.2,2026-04-15,839,Aqua,MODIS,73,61.03,299.5,19.5,D,0
22.9627,92.3161,317.9,1.4,1.2,2026-04-15,839,Aqua,MODIS,47,61.03,300.1,12.0,D,0
22.9651,92.33,321.7,1.4,1.2,2026-04-15,839,Aqua,MODIS,72,61.03,299.0,18.6,D,0
22.9959,92.3237,332.5,1.4,1.2,2026-04-15,839,Aqua,MODIS,85,61.03,300.0,38.0,D,0
23.0566,92.3182,329.6,1.4,1.2,2026-04-15,839,Aqua,MODIS,67,61.03,299.9,30.6,D,0
23.0643,92.302,325.5,1.4,1.2,2026-04-15,839,Aqua,MODIS,44,61.03,300.0,23.7,D,0
23.0746,92.2999,320.9,1.4,1.2,2026-04-15,839,Aqua,MODIS,74,61.03,299.1,18.6,D,0
23.1344,92.296,327.1,1.4,1.2,2026-04-15,839,Aqua,MODIS,81,61.03,299.8,30.4,D,0
23.1652,92.2894,320.3,1.4,1.2,2026-04-15,839,Aqua,MODIS,70,61.03,300.4,16.6,D,0
23.1675,92.3027,321.7,1.4,1.2,2026-04-15,839,Aqua,MODIS,74,61.03,300.4,18.7,D,0
23.1912,92.2558,314.6,1.4,1.2,2026-04-15,839,Aqua,MODIS,63,61.03,299.9,9.2,D,0
23.196,91.9334,313.7,1.5,1.2,2026-04-15,839,Aqua,MODIS,61,61.03,299.0,9.8,D,0
23.2313,92.255,328.6,1.4,1.2,2026-04-15,839,Aqua,MODIS,82,61.03,299.9,31.8,D,0
23.2524,92.3749,322.7,1.4,1.2,2026-04-15,839,Aqua,MODIS,75,61.03,298.9,22.0,D,0
23.2547,92.3881,320.8,1.4,1.2,2026-04-15,839,Aqua,MODIS,68,61.03,298.7,19.2,D,0
23.2659,92.3315,377.4,1.4,1.2,2026-04-15,839,Aqua,MODIS,100,61.03,301.6,225.1,D,0
23.2762,92.3295,372.1,1.4,1.2,2026-04-15,839,Aqua,MODIS,100,61.03,302.0,193.3,D,0
23.2784,92.3424,349.1,1.4,1.2,2026-04-15,839,Aqua,MODIS,95,61.03,297.6,85.9,D,0
23.284,92.3136,317.9,1.4,1.2,2026-04-15,839,Aqua,MODIS,23,61.03,299.7,14.1,D,0
23.2917,91.9519,312.8,1.5,1.2,2026-04-15,839,Aqua,MODIS,59,61.03,298.0,8.5,D,0
23.2988,92.3383,332.2,1.4,1.2,2026-04-15,839,Aqua,MODIS,85,61.03,300.1,39.2,D,0
23.336,91.9572,320.2,1.5,1.2,2026-04-15,839,Aqua,MODIS,73,61.03,299.6,19.2,D,0
23.3416,92.2962,333.6,1.4,1.2,2026-04-15,839,Aqua,MODIS,83,61.03,299.4,42.7,D,0
23.3449,92.2541,345.4,1.4,1.2,2026-04-15,839,Aqua,MODIS,93,61.03,299.5,76.0,D,0
23.3456,92.1976,322.6,1.4,1.2,2026-04-15,839,Aqua,MODIS,46,61.03,299.1,18.5,D,0
23.3521,92.1118,330.0,1.5,1.2,2026-04-15,839,Aqua,MODIS,83,61.03,298.3,39.2,D,0
23.3759,92.1423,325.7,1.5,1.2,2026-04-15,839,Aqua,MODIS,80,61.03,298.4,27.9,D,0
23.4308,92.2723,318.1,1.4,1.2,2026-04-15,839,Aqua,MODIS,71,61.03,296.8,16.7,D,0
23.4329,92.2844,316.0,1.4,1.2,2026-04-15,839,Aqua,MODIS,23,61.03,296.0,12.6,D,0
23.45,92.3217,321.1,1.4,1.2,2026-04-15,839,Aqua,MODIS,75,61.03,296.7,20.5,D,0
23.455,92.0067,325.8,1.5,1.2,2026-04-15,839,Aqua,MODIS,61,61.03,299.8,25.8,D,0
23.4602,92.3196,330.4,1.4,1.2,2026-04-15,839,Aqua,MODIS,84,61.03,296.7,38.4,D,0
23.466,92.1884,311.8,1.4,1.2,2026-04-15,839,Aqua,MODIS,38,61.03,296.5,9.3,D,0
23.4709,91.975,328.7,1.5,1.2,2026-04-15,839,Aqua,MODIS,67,61.03,299.1,30.5,D,0
23.4977,92.3066,326.1,1.4,1.2,2026-04-15,839,Aqua,MODIS,73,61.03,297.1,29.7,D,0
23.4989,92.0117,326.6,1.5,1.2,2026-04-15,839,Aqua,MODIS,40,61.03,298.6,25.7,D,0
23.5045,91.9818,326.1,1.5,1.2,2026-04-15,839,Aqua,MODIS,53,61.03,298.7,25.4,D,0
23.5093,92.0095,326.7,1.5,1.2,2026-04-15,839,Aqua,MODIS,36,61.03,298.3,27.8,D,0
23.5415,91.9678,316.4,1.5,1.2,2026-04-15,839,Aqua,MODIS,52,61.03,298.3,12.9,D,0
23.5417,92.2566,328.6,1.4,1.2,2026-04-15,839,Aqua,MODIS,81,61.03,297.7,33.8,D,0
23.5601,92.2406,317.0,1.4,1.2,2026-04-15,839,Aqua,MODIS,55,61.03,296.6,14.6,D,0
23.5751,91.9746,321.5,1.5,1.2,2026-04-15,839,Aqua,MODIS,51,61.03,299.1,20.7,D,0
23.6243,91.9733,323.2,1.5,1.2,2026-04-15,839,Aqua,MODIS,76,61.03,298.8,25.4,D,0
23.6554,91.9668,322.2,1.5,1.2,2026-04-15,839,Aqua,MODIS,76,61.03,299.6,22.9,D,0
23.6821,92.1179,320.3,1.4,1.2,2026-04-15,839,Aqua,MODIS,74,61.03,297.4,22.4,D,0
23.6844,92.1309,313.2,1.4,1.2,2026-04-15,839,Aqua,MODIS,61,61.03,297.0,11.7,D,0
22.0804,92.3774,306.3,1.8,1.3,2026-04-15,1454,Terra,MODIS,68,61.03,295.0,12.7,N,0
22.0821,92.394,309.7,1.8,1.3,2026-04-15,1454,Terra,MODIS,78,61.03,295.0,18.2,N,0
21.3528,92.5969,318.4,1.7,1.3,2026-04-16,916,Aqua,MODIS,37,61.03,296.4,19.1,D,0
21.4734,92.5587,317.0,1.7,1.3,2026-04-16,916,Aqua,MODIS,31,61.03,297.0,16.1,D,0
21.587,92.3544,340.4,1.7,1.3,2026-04-16,916,Aqua,MODIS,89,61.03,298.3,75.3,D,0
21.5888,92.37,317.2,1.7,1.3,2026-04-16,916,Aqua,MODIS,45,61.03,297.1,14.1,D,0
21.5982,92.3531,343.3,1.7,1.3,2026-04-16,916,Aqua,MODIS,91,61.03,298.5,85.9,D,0
21.667,92.5456,316.3,1.7,1.3,2026-04-16,916,Aqua,MODIS,27,61.03,297.6,11.0,D,0
21.6721,92.1949,336.8,1.6,1.3,2026-04-16,916,Aqua,MODIS,86,61.03,296.5,63.2,D,0
21.7198,92.5055,351.9,1.7,1.3,2026-04-16,916,Aqua,MODIS,96,61.03,297.7,126.9,D,0
21.7369,92.5537,330.7,1.7,1.3,2026-04-16,916,Aqua,MODIS,80,61.03,296.5,46.3,D,0
21.7482,92.5515,316.3,1.7,1.3,2026-04-16,916,Aqua,MODIS,21,61.03,296.1,12.0,D,0
21.7594,92.453,318.4,1.7,1.3,2026-04-16,916,Aqua,MODIS,35,61.03,298.3,16.5,D,0
21.7688,92.5429,315.4,1.7,1.3,2026-04-16,916,Aqua,MODIS,24,61.03,295.5,11.9,D,0
22.0119,92.4655,324.8,1.7,1.3,2026-04-16,917,Aqua,MODIS,74,61.03,295.1,34.1,D,0
22.2191,92.37,315.7,1.7,1.3,2026-04-16,917,Aqua,MODIS,54,61.03,297.6,11.3,D,0
22.221,92.3862,317.4,1.7,1.3,2026-04-16,917,Aqua,MODIS,60,61.03,297.4,15.5,D,0
22.2948,92.3381,316.5,1.7,1.3,2026-04-16,917,Aqua,MODIS,58,61.03,297.0,10.8,D,0
22.296,92.3435,321.5,1.7,1.3,2026-04-16,917,Aqua,MODIS,70,61.03,297.5,20.5,D,0
22.2963,92.4423,320.0,1.7,1.3,2026-04-16,917,Aqua,MODIS,61,61.03,298.4,19.3,D,0
22.2966,92.3541,318.0,1.7,1.3,2026-04-16,917,Aqua,MODIS,63,61.03,297.6,14.0,D,0
22.3226,92.4833,324.4,1.8,1.3,2026-04-16,917,Aqua,MODIS,47,61.03,297.3,28.0,D,0
22.3267,92.3176,316.8,1.7,1.3,2026-04-16,917,Aqua,MODIS,60,61.03,296.8,10.4,D,0
22.334,92.4819,324.4,1.8,1.3,2026-04-16,917,Aqua,MODIS,45,61.03,293.1,27.6,D,0
22.7398,92.0211,312.5,1.6,1.3,2026-04-16,917,Aqua,MODIS,29,61.03,294.8,9.1,D,0
23.3355,92.3304,318.4,1.8,1.3,2026-04-16,917,Aqua,MODIS,51,61.03,276.5,30.1,D,0
22.6197,92.3149,300.7,3.4,1.7,2026-04-16,1356,Terra,MODIS,31,61.03,282.9,18.2,N,0
21.7143,92.2767,313.1,3.9,1.8,2026-04-17,817,Aqua,MODIS,31,61.03,287.7,40.1,D,0
21.7219,92.2823,315.2,3.9,1.8,2026-04-17,817,Aqua,MODIS,52,61.03,287.8,50.5,D,0
22.6793,92.4217,312.2,3.7,1.8,2026-04-17,817,Aqua,MODIS,21,61.03,288.1,34.0,D,0
23.3016,92.3606,316.1,3.6,1.8,2026-04-17,817,Aqua,MODIS,52,61.03,294.4,52.8,D,0
23.3126,92.3536,341.8,3.6,1.8,2026-04-17,817,Aqua,MODIS,91,61.03,292.7,256.5,D,0
23.3167,92.3564,338.2,3.6,1.8,2026-04-17,817,Aqua,MODIS,89,61.03,292.3,216.6,D,0
23.3326,92.2362,326.9,3.6,1.8,2026-04-17,817,Aqua,MODIS,75,61.03,292.9,110.9,D,0
23.3371,92.2428,334.6,3.6,1.8,2026-04-17,817,Aqua,MODIS,87,61.03,292.9,177.7,D,0
23.3705,92.2621,323.5,3.6,1.8,2026-04-17,817,Aqua,MODIS,69,61.03,294.2,89.2,D,0
23.3747,92.2683,323.0,3.6,1.8,2026-04-17,817,Aqua,MODIS,77,61.03,294.2,88.1,D,0
23.3945,92.1488,312.5,3.7,1.8,2026-04-17,817,Aqua,MODIS,53,61.03,293.4,35.7,D,0
23.4357,92.0617,313.4,3.7,1.8,2026-04-17,817,Aqua,MODIS,63,61.03,293.0,45.5,D,0
21.5579,92.5767,306.8,1.0,1.0,2026-04-17,1434,Terra,MODIS,66,61.03,295.6,4.9,N,0
21.853,92.4961,305.8,1.0,1.0,2026-04-17,1434,Terra,MODIS,61,61.03,295.1,4.8,N,0
21.9195,92.2387,315.6,1.0,1.0,2026-04-17,1434,Terra,MODIS,91,61.03,295.0,12.1,N,0
22.3666,92.2879,309.5,1.0,1.0,2026-04-17,1435,Terra,MODIS,76,61.03,296.2,6.3,N,0
22.4928,92.2555,314.3,1.0,1.0,2026-04-17,1435,Terra,MODIS,88,61.03,296.2,10.3,N,0
23.3297,92.2421,319.6,1.0,1.0,2026-04-17,1435,Terra,MODIS,99,61.03,296.2,14.9,N,0
23.3385,92.2407,322.7,1.0,1.0,2026-04-17,1435,Terra,MODIS,100,61.03,296.0,18.2,N,0
23.3823,92.081,306.0,1.0,1.0,2026-04-17,1435,Terra,MODIS,63,61.03,295.9,4.6,N,0
21.9632,92.2363,316.2,1.4,1.2,2026-04-18,242,Terra,MODIS,68,61.03,298.2,13.8,D,0
21.3454,92.6166,331.9,1.0,1.0,2026-04-18,855,Aqua,MODIS,79,61.03,296.5,22.7,D,0
21.3527,92.6057,365.8,1.0,1.0,2026-04-18,855,Aqua,MODIS,100,61.03,303.0,93.8,D,0
21.3622,92.175,324.0,1.0,1.0,2026-04-18,855,Aqua,MODIS,75,61.03,301.9,13.7,D,0
21.363,92.5981,324.5,1.0,1.0,2026-04-18,855,Aqua,MODIS,77,61.03,302.2,14.1,D,0
21.3644,92.6075,331.4,1.0,1.0,2026-04-18,855,Aqua,MODIS,83,61.03,302.1,22.5,D,0
21.3732,92.606,332.1,1.0,1.0,2026-04-18,855,Aqua,MODIS,84,61.03,300.6,23.2,D,0
21.4287,92.5581,321.9,1.0,1.0,2026-04-18,855,Aqua,MODIS,73,61.03,300.8,12.4,D,0
21.4528,92.5761,324.3,1.0,1.0,2026-04-18,855,Aqua,MODIS,70,61.03,302.7,13.0,D,0
21.4542,92.5854,319.1,1.0,1.0,2026-04-18,855,Aqua,MODIS,37,61.03,301.7,7.9,D,0
21.4616,92.5746,345.2,1.0,1.0,2026-04-18,855,Aqua,MODIS,92,61.03,303.7,43.3,D,0
21.4629,92.5839,327.7,1.0,1.0,2026-04-18,855,Aqua,MODIS,62,61.03,302.8,16.3,D,0
21.4867,92.5033,318.3,1.0,1.0,2026-04-18,855,Aqua,MODIS,49,61.03,301.3,9.0,D,0
21.6019,92.3363,317.7,1.0,1.0,2026-04-18,855,Aqua,MODIS,51,61.03,303.0,6.7,D,0
21.6401,92.5315,319.7,1.0,1.0,2026-04-18,855,Aqua,MODIS,59,61.03,303.5,7.9,D,0
21.6951,92.2853,319.2,1.0,1.0,2026-04-18,855,Aqua,MODIS,35,61.03,301.5,6.5,D,0
21.714,92.2916,324.3,1.0,1.0,2026-04-18,855,Aqua,MODIS,76,61.03,302.0,12.5,D,0
21.7154,92.301,315.6,1.0,1.0,2026-04-18,855,Aqua,MODIS,41,61.03,301.1,4.3,D,0
21.7185,92.2619,320.1,1.0,1.0,2026-04-18,855,Aqua,MODIS,70,61.03,302.0,8.7,D,0
21.7199,92.2713,317.0,1.0,1.0,2026-04-18,855,Aqua,MODIS,51,61.03,301.6,5.3,D,0
21.7284,92.3277,327.9,1.0,1.0,2026-04-18,855,Aqua,MODIS,80,61.03,303.1,17.1,D,0
21.7298,92.3371,345.5,1.0,1.0,2026-04-18,855,Aqua,MODIS,93,61.03,304.0,44.2,D,0
21.7436,92.1899,328.5,1.0,1.0,2026-04-18,855,Aqua,MODIS,81,61.03,302.5,17.8,D,0
21.7504,92.2949,318.4,1.0,1.0,2026-04-18,855,Aqua,MODIS,67,61.03,302.6,7.4,D,0
21.7746,92.3968,323.3,1.0,1.0,2026-04-18,855,Aqua,MODIS,75,61.03,301.9,14.0,D,0
21.776,92.4063,325.2,1.0,1.0,2026-04-18,855,Aqua,MODIS,77,61.03,302.6,15.7,D,0
21.8875,92.3936,319.0,1.0,1.0,2026-04-18,855,Aqua,MODIS,66,61.03,304.5,7.2,D,0
21.9886,92.4465,318.0,1.0,1.0,2026-04-18,855,Aqua,MODIS,67,61.03,302.9,6.4,D,0
22.01,92.2307,316.4,1.0,1.0,2026-04-18,855,Aqua,MODIS,48,61.03,300.2,6.1,D,0
22.0114,92.2401,317.0,1.0,1.0,2026-04-18,855,Aqua,MODIS,46,61.03,299.8,6.6,D,0
22.017,92.2779,314.3,1.0,1.0,2026-04-18,855,Aqua,MODIS,57,61.03,299.0,6.3,D,0
22.0565,92.2264,325.0,1.0,1.0,2026-04-18,855,Aqua,MODIS,77,61.03,301.0,14.7,D,0
22.0579,92.2359,323.9,1.0,1.0,2026-04-18,855,Aqua,MODIS,76,61.03,297.8,13.6,D,0
22.0595,92.1872,318.8,1.0,1.0,2026-04-18,855,Aqua,MODIS,68,61.03,302.1,8.2,D,0
22.0765,92.3002,316.6,1.0,1.0,2026-04-18,855,Aqua,MODIS,49,61.03,302.2,5.8,D,0
22.0844,92.4723,327.8,1.0,1.0,2026-04-18,855,Aqua,MODIS,80,61.03,300.2,18.6,D,0
22.0853,92.2987,321.9,1.0,1.0,2026-04-18,855,Aqua,MODIS,73,61.03,302.3,10.8,D,0
22.175,92.2762,318.5,1.0,1.0,2026-04-18,855,Aqua,MODIS,67,61.03,303.4,7.1,D,0
22.2144,92.2403,319.0,1.0,1.0,2026-04-18,855,Aqua,MODIS,68,61.03,303.7,6.9,D,0
22.2435,92.2392,324.1,1.0,1.0,2026-04-18,855,Aqua,MODIS,76,61.03,303.6,12.0,D,0
22.2449,92.2486,318.9,1.0,1.0,2026-04-18,855,Aqua,MODIS,68,61.03,303.2,6.5,D,0
22.2601,92.4101,334.3,1.0,1.0,2026-04-18,855,Aqua,MODIS,85,61.03,302.7,25.9,D,0
22.2615,92.4194,316.7,1.0,1.0,2026-04-18,855,Aqua,MODIS,63,61.03,299.8,5.8,D,0
22.2856,92.521,319.2,1.0,1.0,2026-04-18,855,Aqua,MODIS,48,61.03,302.4,8.4,D,0
22.2876,92.1153,339.6,1.0,1.0,2026-04-18,855,Aqua,MODIS,89,61.03,303.2,33.8,D,0
22.2891,92.1247,325.3,1.0,1.0,2026-04-18,855,Aqua,MODIS,77,61.03,302.9,14.2,D,0
22.3206,92.0739,323.2,1.0,1.0,2026-04-18,855,Aqua,MODIS,75,61.03,301.8,13.1,D,0
22.325,92.4852,326.1,1.0,1.0,2026-04-18,855,Aqua,MODIS,77,61.03,307.0,12.9,D,0
22.471,92.2836,319.7,1.0,1.0,2026-04-18,855,Aqua,MODIS,70,61.03,302.0,9.6,D,0
22.471,92.5245,325.5,1.0,1.0,2026-04-18,855,Aqua,MODIS,78,61.03,304.9,13.0,D,0
22.4724,92.293,320.8,1.0,1.0,2026-04-18,855,Aqua,MODIS,72,61.03,302.2,10.7,D,0
22.4899,92.5309,325.0,1.0,1.0,2026-04-18,855,Aqua,MODIS,77,61.03,303.5,13.5,D,0
22.5186,91.743,316.0,1.0,1.0,2026-04-18,855,Aqua,MODIS,54,61.03,302.1,5.9,D,0
22.6482,92.4717,317.1,1.0,1.0,2026-04-18,855,Aqua,MODIS,53,61.03,302.6,5.0,D,0
22.7696,91.6306,315.7,1.0,1.0,2026-04-18,855,Aqua,MODIS,62,61.03,299.9,7.4,D,0
22.7711,91.6401,314.9,1.0,1.0,2026-04-18,855,Aqua,MODIS,59,61.03,300.2,6.4,D,0
22.8063,92.4278,331.7,1.0,1.0,2026-04-18,855,Aqua,MODIS,83,61.03,306.0,21.4,D,0
22.8077,92.4372,322.9,1.0,1.0,2026-04-18,855,Aqua,MODIS,75,61.03,305.0,10.9,D,0
22.8156,92.353,319.3,1.0,1.0,2026-04-18,855,Aqua,MODIS,69,61.03,302.2,7.9,D,0
22.8201,92.3233,327.2,1.0,1.0,2026-04-18,855,Aqua,MODIS,79,61.03,302.3,15.7,D,0
22.847,92.4441,326.5,1.0,1.0,2026-04-18,855,Aqua,MODIS,79,61.03,303.4,15.3,D,0
22.8564,92.3266,327.4,1.0,1.0,2026-04-18,855,Aqua,MODIS,80,61.03,300.5,15.8,D,0
22.8606,92.3548,317.5,1.0,1.0,2026-04-18,855,Aqua,MODIS,65,61.03,301.3,6.4,D,0
22.8651,92.3251,323.1,1.0,1.0,2026-04-18,855,Aqua,MODIS,75,61.03,300.6,11.2,D,0
22.8671,92.1343,317.4,1.0,1.0,2026-04-18,855,Aqua,MODIS,57,61.03,301.7,7.7,D,0
22.8676,92.4018,318.6,1.0,1.0,2026-04-18,855,Aqua,MODIS,64,61.03,303.6,6.2,D,0
22.8881,92.3596,315.8,1.0,1.0,2026-04-18,855,Aqua,MODIS,61,61.03,302.3,4.5,D,0
22.8895,92.369,324.1,1.0,1.0,2026-04-18,855,Aqua,MODIS,76,61.03,303.1,12.1,D,0
22.8937,92.3973,317.4,1.0,1.0,2026-04-18,855,Aqua,MODIS,60,61.03,302.9,5.5,D,0
22.8939,92.3135,317.3,1.0,1.0,2026-04-18,855,Aqua,MODIS,65,61.03,302.0,6.6,D,0
22.9507,92.2744,315.9,1.0,1.0,2026-04-18,855,Aqua,MODIS,62,61.03,302.7,5.6,D,0
22.9576,92.3215,330.1,1.0,1.0,2026-04-18,855,Aqua,MODIS,82,61.03,302.2,21.1,D,0
22.9718,92.1002,331.5,1.0,1.0,2026-04-18,855,Aqua,MODIS,84,61.03,304.0,21.3,D,0
22.9732,92.1097,339.5,1.0,1.0,2026-04-18,855,Aqua,MODIS,78,61.03,299.5,33.9,D,0
22.998,92.0956,319.7,1.0,1.0,2026-04-18,855,Aqua,MODIS,68,61.03,300.9,8.5,D,0
22.9994,92.1051,322.6,1.0,1.0,2026-04-18,855,Aqua,MODIS,73,61.03,301.0,11.9,D,0
23.0,92.2889,322.5,1.0,1.0,2026-04-18,855,Aqua,MODIS,74,61.03,302.9,11.2,D,0
23.0126,92.3737,316.0,1.0,1.0,2026-04-18,855,Aqua,MODIS,63,61.03,302.7,5.7,D,0
23.0635,92.3551,331.3,1.0,1.0,2026-04-18,855,Aqua,MODIS,83,61.03,302.8,22.7,D,0
23.0649,92.3646,323.9,1.0,1.0,2026-04-18,855,Aqua,MODIS,76,61.03,302.6,14.0,D,0
23.0666,92.316,321.6,1.0,1.0,2026-04-18,855,Aqua,MODIS,73,61.03,301.9,10.9,D,0
23.0759,92.114,320.8,1.0,1.0,2026-04-18,855,Aqua,MODIS,71,61.03,298.9,10.5,D,0
23.0766,92.298,332.7,1.0,1.0,2026-04-18,855,Aqua,MODIS,84,61.03,303.6,24.9,D,0
23.0774,92.1234,336.1,1.0,1.0,2026-04-18,855,Aqua,MODIS,87,61.03,297.8,29.9,D,0
23.0906,92.092,355.2,1.0,1.0,2026-04-18,855,Aqua,MODIS,97,61.03,303.0,65.2,D,0
23.1272,92.0214,315.4,1.0,1.0,2026-04-18,855,Aqua,MODIS,62,61.03,301.4,5.3,D,0
23.1362,91.9029,324.0,1.0,1.0,2026-04-18,855,Aqua,MODIS,76,61.03,302.4,12.9,D,0
23.1592,92.3125,315.8,1.0,1.0,2026-04-18,855,Aqua,MODIS,43,61.03,303.7,5.4,D,0
23.1883,92.0105,314.3,1.0,1.0,2026-04-18,855,Aqua,MODIS,59,61.03,301.7,4.9,D,0
23.2086,92.327,390.9,1.0,1.0,2026-04-18,855,Aqua,MODIS,100,61.03,307.1,193.0,D,0
23.21,92.3365,389.7,1.0,1.0,2026-04-18,855,Aqua,MODIS,87,61.03,299.9,188.4,D,0
23.2131,92.2972,328.6,1.0,1.0,2026-04-18,855,Aqua,MODIS,81,61.03,302.5,17.7,D,0
23.2145,92.3066,336.0,1.0,1.0,2026-04-18,855,Aqua,MODIS,87,61.03,303.3,27.7,D,0
23.2173,92.3255,365.8,1.0,1.0,2026-04-18,855,Aqua,MODIS,100,61.03,304.1,93.8,D,0
23.2232,92.3051,349.8,1.0,1.0,2026-04-18,855,Aqua,MODIS,95,61.03,303.4,52.8,D,0
23.2246,92.3145,324.8,1.0,1.0,2026-04-18,855,Aqua,MODIS,77,61.03,301.9,13.5,D,0
23.2409,92.2439,324.8,1.0,1.0,2026-04-18,855,Aqua,MODIS,77,61.03,303.1,13.4,D,0
23.2479,92.291,319.5,1.0,1.0,2026-04-18,855,Aqua,MODIS,60,61.03,300.6,9.4,D,0
23.2509,92.2259,352.0,1.0,1.0,2026-04-18,855,Aqua,MODIS,96,61.03,305.0,57.3,D,0
23.2523,92.2354,333.2,1.0,1.0,2026-04-18,855,Aqua,MODIS,85,61.03,301.1,24.7,D,0
23.2568,92.2055,324.3,1.0,1.0,2026-04-18,855,Aqua,MODIS,77,61.03,303.7,13.1,D,0
23.2818,92.1331,330.0,1.0,1.0,2026-04-18,855,Aqua,MODIS,83,61.03,302.1,19.7,D,0
23.2877,92.1127,329.9,1.0,1.0,2026-04-18,855,Aqua,MODIS,82,61.03,303.6,19.5,D,0
23.2959,92.2277,330.4,1.0,1.0,2026-04-18,855,Aqua,MODIS,83,61.03,303.1,20.8,D,0
23.2973,92.2371,325.1,1.0,1.0,2026-04-18,855,Aqua,MODIS,77,61.03,301.2,14.9,D,0
23.3046,92.2261,316.9,1.0,1.0,2026-04-18,855,Aqua,MODIS,43,61.03,301.5,6.2,D,0
23.306,92.2355,332.2,1.0,1.0,2026-04-18,855,Aqua,MODIS,84,61.03,303.0,24.2,D,0
23.3147,92.234,352.3,1.0,1.0,2026-04-18,855,Aqua,MODIS,96,61.03,303.1,58.2,D,0
23.3161,92.2434,335.0,1.0,1.0,2026-04-18,855,Aqua,MODIS,83,61.03,299.5,27.4,D,0
23.3234,92.2325,361.2,1.0,1.0,2026-04-18,855,Aqua,MODIS,100,61.03,303.1,79.8,D,0
23.3248,92.2419,356.3,1.0,1.0,2026-04-18,855,Aqua,MODIS,92,61.03,297.3,68.0,D,0
23.3443,92.374,347.8,1.0,1.0,2026-04-18,855,Aqua,MODIS,94,61.03,302.2,50.0,D,0
23.3521,91.9885,329.1,1.0,1.0,2026-04-18,855,Aqua,MODIS,82,61.03,302.3,18.9,D,0
23.3531,92.3725,336.5,1.0,1.0,2026-04-18,855,Aqua,MODIS,87,61.03,301.4,29.9,D,0
23.3535,91.998,342.2,1.0,1.0,2026-04-18,855,Aqua,MODIS,91,61.03,300.6,38.7,D,0
23.3542,92.1825,327.9,1.0,1.0,2026-04-18,855,Aqua,MODIS,81,61.03,300.4,17.3,D,0
23.3615,92.1715,327.4,1.0,1.0,2026-04-18,855,Aqua,MODIS,81,61.03,301.4,16.8,D,0
23.3627,92.2392,320.3,1.0,1.0,2026-04-18,855,Aqua,MODIS,49,61.03,299.0,9.7,D,0
23.3629,92.1809,341.8,1.0,1.0,2026-04-18,855,Aqua,MODIS,91,61.03,301.5,37.0,D,0
23.3696,91.9854,319.4,1.0,1.0,2026-04-18,855,Aqua,MODIS,71,61.03,303.4,8.3,D,0
23.3736,92.0722,346.8,1.0,1.0,2026-04-18,855,Aqua,MODIS,94,61.03,303.5,46.9,D,0
23.375,92.0817,343.8,1.0,1.0,2026-04-18,855,Aqua,MODIS,92,61.03,300.8,42.3,D,0
23.3759,92.2077,319.0,1.0,1.0,2026-04-18,855,Aqua,MODIS,44,61.03,299.8,7.5,D,0
23.3877,92.1669,321.3,1.0,1.0,2026-04-18,855,Aqua,MODIS,60,61.03,300.3,10.0,D,0
23.3882,92.0502,324.5,1.0,1.0,2026-04-18,855,Aqua,MODIS,78,61.03,302.4,13.3,D,0
23.3896,92.0596,326.4,1.0,1.0,2026-04-18,855,Aqua,MODIS,78,61.03,301.8,14.9,D,0
23.3899,92.3022,317.0,1.0,1.0,2026-04-18,855,Aqua,MODIS,68,61.03,295.0,9.3,D,0
23.3916,92.2535,335.0,1.0,1.0,2026-04-18,855,Aqua,MODIS,87,61.03,299.5,26.3,D,0
23.393,92.2629,334.0,1.0,1.0,2026-04-18,855,Aqua,MODIS,83,61.03,299.6,24.9,D,0
23.4003,92.2519,327.1,1.0,1.0,2026-04-18,855,Aqua,MODIS,46,61.03,297.5,15.2,D,0
23.4017,92.2614,339.6,1.0,1.0,2026-04-18,855,Aqua,MODIS,90,61.03,299.1,33.4,D,0
23.411,92.059,327.9,1.0,1.0,2026-04-18,855,Aqua,MODIS,71,61.03,301.3,16.4,D,0
23.4152,92.1717,321.2,1.0,1.0,2026-04-18,855,Aqua,MODIS,50,61.03,300.1,10.6,D,0
23.4177,92.2488,354.5,1.0,1.0,2026-04-18,855,Aqua,MODIS,97,61.03,300.2,63.2,D,0
23.4197,92.0575,380.1,1.0,1.0,2026-04-18,855,Aqua,MODIS,94,61.03,303.2,142.9,D,0
23.4215,91.9501,331.6,1.0,1.0,2026-04-18,855,Aqua,MODIS,85,61.03,302.3,22.3,D,0
23.4229,91.9596,334.8,1.0,1.0,2026-04-18,855,Aqua,MODIS,87,61.03,300.8,27.1,D,0
23.4256,92.037,335.1,1.0,1.0,2026-04-18,855,Aqua,MODIS,70,61.03,301.9,24.4,D,0
23.427,92.0464,372.6,1.0,1.0,2026-04-18,855,Aqua,MODIS,100,61.03,303.8,113.3,D,0
23.4278,92.2568,322.2,1.0,1.0,2026-04-18,855,Aqua,MODIS,23,61.03,297.1,11.4,D,0
23.4284,92.0559,352.7,1.0,1.0,2026-04-18,855,Aqua,MODIS,84,61.03,298.2,55.0,D,0
23.4371,92.0544,324.4,1.0,1.0,2026-04-18,855,Aqua,MODIS,20,61.03,299.5,11.0,D,0
23.443,92.0339,340.3,1.0,1.0,2026-04-18,855,Aqua,MODIS,90,61.03,301.2,33.9,D,0
23.4479,92.2467,316.0,1.0,1.0,2026-04-18,855,Aqua,MODIS,45,61.03,299.9,7.5,D,0
23.4513,92.1491,329.3,1.0,1.0,2026-04-18,855,Aqua,MODIS,83,61.03,299.4,21.6,D,0
23.4527,92.1585,320.0,1.0,1.0,2026-04-18,855,Aqua,MODIS,49,61.03,299.2,10.3,D,0
23.4566,92.2451,325.7,1.0,1.0,2026-04-18,855,Aqua,MODIS,80,61.03,300.4,16.4,D,0
23.4569,92.1868,316.7,1.0,1.0,2026-04-18,855,Aqua,MODIS,69,61.03,300.2,7.8,D,0
23.4709,92.2814,325.1,1.0,1.0,2026-04-18,855,Aqua,MODIS,66,61.03,297.0,15.7,D,0
23.4751,92.0087,315.5,1.0,1.0,2026-04-18,855,Aqua,MODIS,62,61.03,301.3,5.4,D,0
23.4782,92.2704,327.7,1.0,1.0,2026-04-18,855,Aqua,MODIS,52,61.03,299.2,17.7,D,0
23.4796,92.2798,355.6,1.0,1.0,2026-04-18,855,Aqua,MODIS,98,61.03,300.2,67.8,D,0
23.4928,92.2484,327.2,1.0,1.0,2026-04-18,855,Aqua,MODIS,81,61.03,300.2,18.5,D,0
23.5055,92.0169,336.8,1.0,1.0,2026-04-18,855,Aqua,MODIS,88,61.03,301.1,31.3,D,0
23.5075,92.2264,329.6,1.0,1.0,2026-04-18,855,Aqua,MODIS,83,61.03,299.3,21.4,D,0
23.5491,92.0091,319.3,1.0,1.0,2026-04-18,855,Aqua,MODIS,73,61.03,301.5,10.0,D,0
23.5506,92.0186,320.6,1.0,1.0,2026-04-18,855,Aqua,MODIS,74,61.03,300.6,11.6,D,0
23.5857,92.2554,322.9,1.0,1.0,2026-04-18,855,Aqua,MODIS,77,61.03,297.3,15.8,D,0
23.6288,92.28,322.0,1.0,1.0,2026-04-18,855,Aqua,MODIS,51,61.03,293.1,14.0,D,0
23.6375,92.2784,328.2,1.0,1.0,2026-04-18,855,Aqua,MODIS,74,61.03,289.5,21.1,D,0
23.6415,92.0641,341.2,1.0,1.0,2026-04-18,855,Aqua,MODIS,79,61.03,290.2,39.4,D,0
23.6429,92.0735,387.7,1.0,1.0,2026-04-18,855,Aqua,MODIS,0,61.03,291.3,182.7,D,0
23.6437,92.1997,319.9,1.0,1.0,2026-04-18,855,Aqua,MODIS,68,61.03,286.5,13.0,D,0
23.6451,92.2092,346.1,1.0,1.0,2026-04-18,855,Aqua,MODIS,93,61.03,287.1,49.9,D,0
23.6473,92.0436,323.2,1.0,1.0,2026-04-18,855,Aqua,MODIS,44,61.03,286.2,15.3,D,0
23.6488,92.053,342.8,1.0,1.0,2026-04-18,855,Aqua,MODIS,80,61.03,285.3,43.8,D,0
23.6532,92.0231,320.2,1.0,1.0,2026-04-18,855,Aqua,MODIS,52,61.03,284.6,13.2,D,0
23.6593,91.944,320.6,1.0,1.0,2026-04-18,855,Aqua,MODIS,74,61.03,296.9,11.6,D,0
23.6626,92.2061,325.9,1.0,1.0,2026-04-18,855,Aqua,MODIS,69,61.03,284.4,19.1,D,0
23.6713,92.2045,333.4,1.0,1.0,2026-04-18,855,Aqua,MODIS,86,61.03,279.2,29.8,D,0
23.6769,92.2424,341.6,1.0,1.0,2026-04-18,855,Aqua,MODIS,0,61.03,276.1,42.1,D,0
23.6856,92.2408,352.3,1.0,1.0,2026-04-18,855,Aqua,MODIS,0,61.03,276.8,62.8,D,0
23.687,92.2503,337.8,1.0,1.0,2026-04-18,855,Aqua,MODIS,67,61.03,277.7,35.1,D,0
23.6932,92.1715,325.9,1.0,1.0,2026-04-18,855,Aqua,MODIS,69,61.03,282.2,21.8,D,0
23.7044,92.2472,358.8,1.0,1.0,2026-04-18,855,Aqua,MODIS,86,61.03,280.3,79.4,D,0
23.6815,92.1333,319.2,1.5,1.2,2026-04-19,1415,Terra,MODIS,98,61.03,289.5,28.3,N,0
23.6838,92.147,304.5,1.5,1.2,2026-04-19,1415,Terra,MODIS,60,61.03,285.2,9.1,N,0
21.479,92.4986,329.5,2.0,1.4,2026-04-20,833,Aqua,MODIS,82,61.03,296.9,56.7,D,0
21.7278,92.5372,317.9,1.9,1.4,2026-04-20,833,Aqua,MODIS,67,61.03,297.7,22.5,D,0
21.9372,92.2286,318.3,2.0,1.4,2026-04-20,833,Aqua,MODIS,69,61.03,295.8,25.6,D,0
21.9407,92.2472,317.6,2.0,1.4,2026-04-20,833,Aqua,MODIS,68,61.03,295.9,23.8,D,0
22.8416,92.3323,315.1,1.9,1.3,2026-04-20,833,Aqua,MODIS,44,61.03,297.7,12.7,D,0
23.2766,92.1258,315.7,1.9,1.3,2026-04-20,833,Aqua,MODIS,55,61.03,297.6,16.6,D,0
23.5463,92.0093,316.5,1.9,1.4,2026-04-20,833,Aqua,MODIS,68,61.03,293.3,25.0,D,0
23.5511,92.0153,313.6,1.9,1.4,2026-04-20,833,Aqua,MODIS,60,61.03,292.4,17.0,D,0
23.6413,92.0217,327.1,1.9,1.3,2026-04-20,833,Aqua,MODIS,68,61.03,293.7,46.1,D,0
23.6546,92.0912,322.5,1.9,1.3,2026-04-20,833,Aqua,MODIS,63,61.03,292.1,32.1,D,0
23.667,92.2033,317.8,1.8,1.3,2026-04-20,833,Aqua,MODIS,70,61.03,293.6,23.8,D,0
23.6728,92.1236,327.4,1.9,1.3,2026-04-20,833,Aqua,MODIS,67,61.03,293.8,45.5,D,0
23.6859,92.193,316.5,1.8,1.3,2026-04-20,833,Aqua,MODIS,68,61.03,293.8,20.8,D,0
23.7288,92.1664,325.1,1.9,1.3,2026-04-20,833,Aqua,MODIS,79,61.03,291.8,42.6,D,0
21.7698,92.249,317.0,1.3,1.1,2026-04-21,911,Aqua,MODIS,61,61.03,298.2,8.8,D,0
21.7707,92.1753,315.9,1.3,1.1,2026-04-21,911,Aqua,MODIS,57,61.03,298.2,7.8,D,0
22.0239,92.2484,316.0,1.3,1.1,2026-04-21,911,Aqua,MODIS,54,61.03,296.2,9.7,D,0
22.2917,92.1913,344.6,1.3,1.1,2026-04-21,911,Aqua,MODIS,92,61.03,298.9,62.1,D,0
22.3188,92.0695,326.9,1.3,1.1,2026-04-21,911,Aqua,MODIS,79,61.03,296.7,25.8,D,0
22.3203,92.0816,326.9,1.3,1.1,2026-04-21,911,Aqua,MODIS,79,61.03,296.5,25.8,D,0
22.5143,92.1638,319.3,1.3,1.1,2026-04-21,911,Aqua,MODIS,69,61.03,296.4,12.6,D,0
22.673,91.8829,315.6,1.3,1.1,2026-04-21,911,Aqua,MODIS,63,61.03,297.5,8.9,D,0
22.8067,92.3061,317.6,1.3,1.1,2026-04-21,911,Aqua,MODIS,62,61.03,298.8,10.0,D,0
23.0697,92.3658,317.8,1.4,1.2,2026-04-21,911,Aqua,MODIS,57,61.03,295.5,12.6,D,0
23.3388,92.3211,314.2,1.4,1.2,2026-04-21,911,Aqua,MODIS,48,61.03,297.0,7.2,D,0
23.3395,92.3134,314.1,1.4,1.2,2026-04-21,911,Aqua,MODIS,28,61.03,297.1,7.9,D,0
23.4159,91.9439,317.0,1.3,1.1,2026-04-21,911,Aqua,MODIS,67,61.03,297.4,10.7,D,0
23.4397,92.0541,327.9,1.3,1.1,2026-04-21,911,Aqua,MODIS,81,61.03,296.5,28.5,D,0
23.4407,92.3128,319.1,1.4,1.2,2026-04-21,911,Aqua,MODIS,70,61.03,296.4,16.6,D,0
23.4423,92.3261,313.6,1.4,1.2,2026-04-21,911,Aqua,MODIS,58,61.03,296.5,9.1,D,0
23.5136,92.2361,317.7,1.4,1.2,2026-04-21,911,Aqua,MODIS,29,61.03,296.8,12.1,D,0
23.5303,92.2155,323.3,1.4,1.2,2026-04-21,911,Aqua,MODIS,73,61.03,297.0,21.1,D,0
23.6211,92.1174,339.9,1.3,1.1,2026-04-21,911,Aqua,MODIS,90,61.03,297.6,56.1,D,0
23.6226,92.1301,318.2,1.3,1.1,2026-04-21,911,Aqua,MODIS,68,61.03,296.6,14.4,D,0
23.6311,92.1159,317.9,1.3,1.1,2026-04-21,911,Aqua,MODIS,47,61.03,296.3,13.4,D,0
23.6326,92.1285,326.6,1.3,1.1,2026-04-21,911,Aqua,MODIS,79,61.03,296.3,27.9,D,0
23.6363,92.076,327.3,1.3,1.1,2026-04-21,911,Aqua,MODIS,80,61.03,296.8,27.9,D,0
23.6669,92.2395,330.9,1.4,1.2,2026-04-21,911,Aqua,MODIS,83,61.03,295.0,36.8,D,0
23.7377,92.1589,325.2,1.4,1.2,2026-04-21,911,Aqua,MODIS,49,61.03,296.4,22.7,D,0
23.4156,92.1823,312.2,4.8,2.0,2026-04-22,811,Aqua,MODIS,44,61.03,292.1,47.3,D,0
23.4866,92.258,312.1,4.7,2.0,2026-04-22,811,Aqua,MODIS,39,61.03,290.5,49.7,D,0
23.6949,92.1852,311.1,4.7,2.0,2026-04-22,812,Aqua,MODIS,38,61.03,293.9,48.2,D,0
21.1126,92.1262,317.0,1.2,1.1,2026-04-23,849,Aqua,MODIS,53,61.03,301.8,9.4,D,0
21.3472,92.61,327.2,1.1,1.0,2026-04-23,849,Aqua,MODIS,79,61.03,304.4,18.7,D,0
21.4774,92.3836,324.8,1.1,1.1,2026-04-23,849,Aqua,MODIS,76,61.03,302.0,17.1,D,0
21.479,92.3935,317.5,1.1,1.1,2026-04-23,849,Aqua,MODIS,63,61.03,302.7,7.9,D,0
21.6206,92.1814,319.3,1.1,1.1,2026-04-23,849,Aqua,MODIS,67,61.03,301.5,10.8,D,0
21.7179,92.4338,317.4,1.1,1.0,2026-04-23,849,Aqua,MODIS,62,61.03,302.2,8.4,D,0
22.6763,92.2805,317.9,1.1,1.0,2026-04-23,849,Aqua,MODIS,64,61.03,301.0,6.8,D,0
23.2527,92.113,315.6,1.1,1.0,2026-04-23,849,Aqua,MODIS,64,61.03,300.3,6.7,D,0
23.424,92.2591,314.3,1.1,1.0,2026-04-23,849,Aqua,MODIS,62,61.03,299.5,6.6,D,0
23.4929,92.2299,318.6,1.1,1.0,2026-04-23,849,Aqua,MODIS,71,61.03,299.8,10.4,D,0
21.9425,92.2365,314.7,2.7,1.6,2026-04-25,827,Aqua,MODIS,60,61.03,297.1,24.8,D,0
23.4346,92.2058,328.9,2.5,1.5,2026-04-25,827,Aqua,MODIS,80,61.03,298.4,69.4,D,0
23.4382,92.2099,338.5,2.5,1.5,2026-04-25,827,Aqua,MODIS,89,61.03,299.1,122.1,D,0
23.4393,92.2292,327.9,2.5,1.5,2026-04-25,827,Aqua,MODIS,81,61.03,299.2,66.4,D,0
23.4427,92.2332,320.2,2.5,1.5,2026-04-25,827,Aqua,MODIS,63,61.03,299.0,37.5,D,0
23.4476,92.2027,317.8,2.5,1.5,2026-04-25,827,Aqua,MODIS,23,61.03,299.3,28.1,D,0
23.456,92.1764,314.8,2.5,1.5,2026-04-25,827,Aqua,MODIS,22,61.03,299.9,21.4,D,0
23.4606,92.1996,318.2,2.5,1.5,2026-04-25,827,Aqua,MODIS,62,61.03,299.5,32.2,D,0
21.2039,92.0679,321.7,1.0,1.0,2026-04-26,905,Aqua,MODIS,70,61.03,302.1,12.3,D,0
21.3704,92.6059,330.4,1.1,1.0,2026-04-26,905,Aqua,MODIS,82,61.03,297.9,24.3,D,0
21.3718,92.616,317.0,1.1,1.0,2026-04-26,905,Aqua,MODIS,50,61.03,297.5,7.8,D,0
21.416,92.5988,322.2,1.1,1.0,2026-04-26,905,Aqua,MODIS,73,61.03,302.3,12.2,D,0
21.4174,92.6087,316.4,1.1,1.0,2026-04-26,905,Aqua,MODIS,56,61.03,300.9,6.1,D,0
21.4698,92.5951,342.2,1.1,1.0,2026-04-26,905,Aqua,MODIS,91,61.03,302.6,43.8,D,0
21.4727,92.4798,324.7,1.1,1.0,2026-04-26,905,Aqua,MODIS,76,61.03,302.5,14.2,D,0
21.8302,92.5336,315.2,1.1,1.0,2026-04-26,905,Aqua,MODIS,52,61.03,300.7,6.4,D,0
22.244,91.8467,317.7,1.1,1.0,2026-04-26,905,Aqua,MODIS,0,61.03,300.6,7.3,D,0
22.4399,92.5447,317.8,1.1,1.1,2026-04-26,905,Aqua,MODIS,64,61.03,301.3,6.4,D,0
23.3338,92.2669,316.0,1.1,1.1,2026-04-26,905,Aqua,MODIS,65,61.03,296.8,8.7,D,0
23.3352,92.2773,312.3,1.1,1.1,2026-04-26,905,Aqua,MODIS,54,61.03,297.0,5.3,D,0
23.4523,92.1892,315.9,1.1,1.0,2026-04-26,905,Aqua,MODIS,66,61.03,293.3,8.2,D,0
22.0125,92.234,333.1,1.1,1.1,2026-05-09,909,Aqua,MODIS,85,61.03,300.6,29.5,D,0
22.0139,92.2447,352.0,1.1,1.1,2026-05-09,909,Aqua,MODIS,96,61.03,301.2,70.2,D,0
22.0218,92.2326,317.4,1.1,1.1,2026-05-09,909,Aqua,MODIS,68,61.03,300.8,8.5,D,0
22.0232,92.2432,334.5,1.1,1.1,2026-05-09,909,Aqua,MODIS,86,61.03,301.0,32.2,D,0
22.0489,92.153,325.7,1.1,1.1,2026-05-09,909,Aqua,MODIS,79,61.03,300.9,18.4,D,0
23.1554,92.1588,315.6,1.2,1.1,2026-05-09,909,Aqua,MODIS,60,61.03,301.5,7.4,D,0
23.3921,92.0696,315.0,1.2,1.1,2026-05-09,909,Aqua,MODIS,60,61.03,300.2,6.7,D,0
23.4265,92.042,318.8,1.2,1.1,2026-05-09,909,Aqua,MODIS,69,61.03,300.4,10.6,D,0
22.2709,92.1416,312.5,1.0,1.0,2026-05-14,903,Aqua,MODIS,60,61.03,292.8,4.7,D,0
22.4074,92.3843,317.2,1.0,1.0,2026-05-14,903,Aqua,MODIS,70,61.03,295.7,8.4,D,0
22.9088,91.8256,312.8,1.0,1.0,2026-05-14,903,Aqua,MODIS,61,61.03,296.5,4.7,D,0
24.1449,91.3433,312.6,1.7,1.3,2026-05-16,842,Aqua,MODIS,37,61.03,295.7,11.8,D,0
21.6205,92.1774,313.2,1.6,1.2,2026-06-03,312,Terra,MODIS,66,61.03,293.9,12.4,D,0
22.0833,92.1801,312.8,1.5,1.2,2026-06-03,312,Terra,MODIS,65,61.03,292.8,11.4,D,0
23.4426,91.1873,313.7,1.3,1.1,2026-06-03,312,Terra,MODIS,60,61.03,297.5,8.7,D,2
24.0921,88.8914,316.3,3.2,1.7,2026-06-03,839,Aqua,MODIS,51,61.03,294.5,32.0,D,0
24.237,90.3888,312.1,1.7,1.3,2026-06-11,849,Aqua,MODIS,49,61.03,287.9,11.7,D,0
24.0966,88.8999,320.5,1.2,1.1,2026-06-27,907,Aqua,MODIS,33,61.03,300.8,11.3,D,0
