latitude,longitude,brightness,scan,track,acq_date,acq_time,satellite,instrument,confidence,version,bright_t31,frp,daynight,type
24.6507,88.9755,308.1,1,1,2007-01-02,0726,Aqua,MODIS,55,6.2,297.5,4.3,D,0
24.9451,92.2223,307.2,1,1,2007-01-04,0714,Aqua,MODIS,64,6.2,295.3,4.7,D,0
24.3958,91.7172,310,1,1,2007-01-04,0714,Aqua,MODIS,67,6.2,296.3,6.4,D,0
22.8731,89.5119,305.1,1.1,1.1,2007-01-04,0714,Aqua,MODIS,55,6.2,294.2,5.4,D,0
22.8748,89.5228,324.1,1.1,1.1,2007-01-04,0714,Aqua,MODIS,77,6.2,294.6,24.1,D,0
23.1604,90.9491,310.8,1,1,2007-01-04,0714,Aqua,MODIS,68,6.2,294.6,7.5,D,0
25.0738,92.02,310.9,1.1,1.1,2007-01-11,0720,Aqua,MODIS,59,6.2,300.2,5.6,D,0
23.0359,89.9464,309.2,1,1,2007-01-11,0720,Aqua,MODIS,53,6.2,296.1,5.6,D,0
24.8699,90.8822,307.8,1,1,2007-01-11,0720,Aqua,MODIS,48,6.2,297,4,D,0
23.0456,89.8858,311.5,1.3,1.1,2007-01-13,0708,Aqua,MODIS,67,6.2,295.5,10.3,D,0
23.0569,89.882,305.9,1,1,2007-01-14,0442,Terra,MODIS,62,6.2,290.5,6,D,0
22.7404,92.1227,300.8,1.5,1.2,2007-01-15,0655,Aqua,MODIS,0,6.2,286.3,5.9,D,0
24.8548,91.9685,307.9,1.4,1.2,2007-01-15,0656,Aqua,MODIS,63,6.2,297.7,7.4,D,0
24.09,88.8342,304.8,1.6,1.2,2007-01-16,0429,Terra,MODIS,0,6.2,294.6,9.5,D,0
22.5801,91.7541,302.9,1.1,1,2007-01-16,0430,Terra,MODIS,53,6.2,292.7,3.4,D,0
22.5787,91.7643,305.6,1.1,1,2007-01-16,0430,Terra,MODIS,61,6.2,292.8,4.9,D,0
22.066,92.2819,314.6,1.4,1.2,2007-01-18,0418,Terra,MODIS,75,6.2,293.5,19.2,D,0
23.6503,90.3209,312.3,1.1,1,2007-01-18,0726,Aqua,MODIS,62,6.2,297.3,8.8,D,0
24.9488,92.1057,327,1.4,1.2,2007-01-18,0726,Aqua,MODIS,84,6.2,299,31.5,D,0
24.9008,92.4664,318.5,1.4,1.2,2007-01-18,0726,Aqua,MODIS,77,6.2,299.8,18.2,D,0
24.9025,92.4805,314.4,1.4,1.2,2007-01-18,0726,Aqua,MODIS,72,6.2,299.9,12.7,D,0
22.1365,90.3284,313.3,1.1,1,2007-01-18,0726,Aqua,MODIS,67,6.2,298.7,7.5,D,0
24.2108,91.3861,309.2,1.2,1.1,2007-01-18,0726,Aqua,MODIS,61,6.2,295.7,7.9,D,0
23.3755,89.0368,310.3,1,1,2007-01-18,0726,Aqua,MODIS,62,6.2,298.6,5.9,D,0
22.5709,91.9446,313.4,1.2,1.1,2007-01-18,0726,Aqua,MODIS,69,6.2,299.4,9.9,D,0
23.6425,90.318,311.9,1.1,1,2007-01-18,0726,Aqua,MODIS,61,6.2,296.7,7.9,D,0
21.9483,90.5371,312.8,1.1,1,2007-01-20,0714,Aqua,MODIS,33,6.2,301.3,6.6,D,0
24.4783,91.5672,309.7,1,1,2007-01-20,0714,Aqua,MODIS,64,6.2,296.1,6.3,D,0
24.9017,92.3599,306.7,1,1,2007-01-20,0714,Aqua,MODIS,53,6.2,295.2,4,D,0
23.5968,90.0873,308.6,1.1,1,2007-01-20,0714,Aqua,MODIS,55,6.2,296.7,5.2,D,0
23.5953,90.0772,314.3,1.1,1,2007-01-20,0714,Aqua,MODIS,0,6.2,298.6,9.7,D,0
25.0173,92.1907,313.8,1,1,2007-01-20,0714,Aqua,MODIS,73,6.2,296.2,8.4,D,0
21.9481,90.4751,312,1.1,1,2007-01-20,0714,Aqua,MODIS,47,6.2,300.1,5.5,D,0
23.7648,90.3603,308.6,1.3,1.1,2007-01-22,1627,Terra,MODIS,75,6.2,287,14.8,N,0
24.136,88.9945,305.9,2.5,1.5,2007-01-24,0518,Terra,MODIS,0,6.2,295.5,16.1,D,0
25.0067,92.1306,323.5,1.7,1.3,2007-01-24,0650,Aqua,MODIS,81,6.2,301.8,30.6,D,0
25.0042,92.1814,312.9,1.6,1.3,2007-01-24,0650,Aqua,MODIS,67,6.2,301.4,10.1,D,0
23.0858,89.5759,314.6,1.1,1.1,2007-01-25,0732,Aqua,MODIS,69,6.2,297.1,11,D,0
22.8474,91.7362,314.2,1.5,1.2,2007-01-25,0732,Aqua,MODIS,68,6.2,301.1,13,D,0
22.7804,91.8318,315.2,1.1,1,2007-01-27,0720,Aqua,MODIS,68,6.2,301,8.6,D,0
24.1856,91.2076,316.7,1,1,2007-01-27,0720,Aqua,MODIS,70,6.2,301.8,9,D,0
25.0624,91.946,312.2,1.1,1.1,2007-01-27,0721,Aqua,MODIS,57,6.2,300.1,5.9,D,0
25.0685,92.0725,312.3,1,1,2007-01-29,0708,Aqua,MODIS,67,6.2,298.3,4.6,D,0
21.9311,90.4352,309.1,1.2,1.1,2007-01-29,0708,Aqua,MODIS,58,6.2,290.9,6.5,D,0
22.8444,92.2007,305.2,1.4,1.2,2007-01-31,0656,Aqua,MODIS,0,6.2,294.5,6.2,D,0
23.9867,89.1562,315.8,1.4,1.2,2007-02-01,0739,Aqua,MODIS,68,6.2,298.1,13.1,D,0
23.9882,89.1694,314.6,1.4,1.2,2007-02-01,0739,Aqua,MODIS,66,6.2,298.3,12,D,0
25.0107,92.1407,309.9,2.1,1.4,2007-02-02,0644,Aqua,MODIS,62,6.2,296.8,13.1,D,0
21.923,90.401,314.1,1.1,1,2007-02-03,0726,Aqua,MODIS,48,6.2,299.4,6.2,D,0
25.0212,89.5979,307.8,1,1,2007-02-03,0727,Aqua,MODIS,0,6.2,295.4,4.1,D,0
24.375,88.6289,308.2,1.2,1.1,2007-02-04,0500,Terra,MODIS,46,6.2,291.5,5.6,D,0
23.4075,90.6811,304.7,1,1,2007-02-05,0714,Aqua,MODIS,14,6.2,291.4,2.4,D,0
24.949,91.7223,302.2,1,1,2007-02-05,0714,Aqua,MODIS,0,6.2,286.9,1.8,D,0
23.0821,92.0874,301.8,1.3,1.1,2007-02-06,0448,Terra,MODIS,47,6.2,289,3.6,D,0
23.084,89.591,310.8,1.7,1.3,2007-02-07,0702,Aqua,MODIS,52,6.2,294.6,10,D,0
24.9106,92.0947,309.8,1.7,1.3,2007-02-09,0650,Aqua,MODIS,63,6.2,297.6,9.4,D,0
24.1613,91.3762,312.7,1.9,1.4,2007-02-09,0650,Aqua,MODIS,67,6.2,297.8,17.6,D,0
24.1902,91.3764,318,1.5,1.2,2007-02-10,0733,Aqua,MODIS,72,6.2,299.5,16.9,D,0
24.1886,91.3618,313.9,1.5,1.2,2007-02-10,0733,Aqua,MODIS,65,6.2,301.3,10.8,D,0
23.6379,90.5056,307.8,1.2,1.1,2007-02-15,2000,Aqua,MODIS,72,6.2,286.2,13.5,N,0
23.6407,90.4996,320.1,1.2,1.1,2007-02-15,2000,Aqua,MODIS,100,6.2,286.5,25.5,N,0
23.6398,90.4937,308.3,1.2,1.1,2007-02-15,2000,Aqua,MODIS,74,6.2,286.8,13.9,N,0
24.1334,88.9914,309.3,2.2,1.4,2007-02-16,0656,Aqua,MODIS,0,6.2,297.1,16.8,D,0
24.999,91.8541,307.6,1.4,1.2,2007-02-16,0656,Aqua,MODIS,57,6.2,294.9,6.5,D,0
24.2217,91.3866,309,1.5,1.2,2007-02-16,0656,Aqua,MODIS,62,6.2,296.8,7.7,D,0
24.1016,89.1283,314.1,1.4,1.2,2007-02-17,0739,Aqua,MODIS,66,6.2,298,12.8,D,0
24.1032,89.1416,333.1,1.4,1.2,2007-02-17,0739,Aqua,MODIS,86,6.2,298.5,45.2,D,0
21.5268,92.1873,310.7,2.5,1.5,2007-02-18,0643,Aqua,MODIS,63,6.2,298.1,23.2,D,0
21.5133,92.1903,325.5,2.5,1.5,2007-02-18,0643,Aqua,MODIS,82,6.2,298,73.9,D,0
21.518,92.214,312.3,2.5,1.5,2007-02-18,0643,Aqua,MODIS,66,6.2,296.9,27,D,0
21.5192,92.1963,332.5,2.5,1.5,2007-02-18,0643,Aqua,MODIS,86,6.2,298.7,106.1,D,0
24.6144,88.0925,302.7,4.2,1.9,2007-02-18,0644,Aqua,MODIS,0,6.2,289.1,19.3,D,0
22.3824,91.8216,317.2,1.5,1.2,2007-02-19,0418,Terra,MODIS,76,6.2,299.6,18.3,D,0
22.5325,91.7229,313,1.2,1.1,2007-02-19,0726,Aqua,MODIS,65,6.2,299.5,9.3,D,0
23.4984,91.9641,313.9,1.3,1.1,2007-02-19,0726,Aqua,MODIS,69,6.2,298.5,12.4,D,0
22.6192,91.9216,319,1.3,1.1,2007-02-19,0726,Aqua,MODIS,75,6.2,301.8,15.7,D,0
24.2031,91.395,320.5,1.2,1.1,2007-02-19,0727,Aqua,MODIS,76,6.2,301.6,15.4,D,0
24.1595,91.3842,318.1,1.2,1.1,2007-02-19,0727,Aqua,MODIS,73,6.2,302.4,12.8,D,0
25.0222,91.955,318.4,1.3,1.1,2007-02-19,0727,Aqua,MODIS,74,6.2,299.2,15.1,D,0
24.161,91.396,315.1,1.2,1.1,2007-02-19,0727,Aqua,MODIS,59,6.2,299.2,9.7,D,0
25.0325,91.9535,311.6,1.3,1.1,2007-02-19,0727,Aqua,MODIS,28,6.2,298.5,6.4,D,0
25.4851,89.6669,307.4,1.3,1.1,2007-02-20,0500,Terra,MODIS,0,6.2,296.7,6.9,D,0
22.6138,92.0161,311.1,1,1,2007-02-21,0714,Aqua,MODIS,58,6.2,301.1,4.6,D,0
22.6152,92.0257,315.9,1,1,2007-02-21,0714,Aqua,MODIS,69,6.2,301.8,8.2,D,0
22.5355,91.7241,315.7,1,1,2007-02-21,0714,Aqua,MODIS,68,6.2,300.5,8.8,D,0
23.4253,91.893,312.3,1,1,2007-02-21,0714,Aqua,MODIS,59,6.2,300.9,4.9,D,0
24.246,91.3828,314,1,1,2007-02-21,0714,Aqua,MODIS,54,6.2,301.8,5.7,D,0
22.7013,91.8511,315.8,1,1,2007-02-21,0714,Aqua,MODIS,68,6.2,303.2,7.2,D,0
24.2897,91.6247,314.4,1,1,2007-02-21,0714,Aqua,MODIS,61,6.2,302.7,6.1,D,0
23.1281,89.5964,318.4,1.1,1,2007-02-21,0714,Aqua,MODIS,72,6.2,302.8,11.1,D,0
23.139,89.6053,312.7,1.1,1,2007-02-21,0714,Aqua,MODIS,34,6.2,301.5,5.5,D,0
23.1374,89.5947,343.6,1.1,1,2007-02-21,0714,Aqua,MODIS,92,6.2,304.8,49.4,D,0
23.1357,89.5841,327.9,1.1,1,2007-02-21,0714,Aqua,MODIS,82,6.2,305.4,22,D,0
22.9157,91.7433,320.4,1,1,2007-02-21,0714,Aqua,MODIS,75,6.2,302.6,11.9,D,0
24.9642,92.0415,326.1,1,1,2007-02-21,0715,Aqua,MODIS,81,6.2,303.2,17.6,D,0
26.5177,88.431,313.9,1.1,1.1,2007-02-21,0715,Aqua,MODIS,66,6.2,301.1,7.4,D,0
25.0036,92.1267,320,1,1,2007-02-21,0715,Aqua,MODIS,75,6.2,304.1,9.2,D,0
24.9815,91.8357,318.4,1,1,2007-02-21,0715,Aqua,MODIS,72,6.2,302.4,8.3,D,0
24.475,88.9533,319.9,1.1,1.1,2007-02-21,0715,Aqua,MODIS,72,6.2,302.9,12.6,D,0
23.0889,89.591,310.9,1,1,2007-02-22,0448,Terra,MODIS,45,6.2,300.6,4.9,D,0
23.0904,89.5812,312.1,1,1,2007-02-22,0448,Terra,MODIS,52,6.2,301.1,6,D,0
25.4863,89.6641,310.7,1,1,2007-02-22,0448,Terra,MODIS,0,6.2,300.2,5.8,D,0
24.2037,91.3696,310.6,4.2,1.9,2007-02-22,0757,Aqua,MODIS,47,6.2,297,39.5,D,0
24.2017,91.3748,311.2,4.2,1.9,2007-02-22,0757,Aqua,MODIS,38,6.2,296.9,41.8,D,0
25.0261,91.8635,311.8,4.6,2,2007-02-22,0758,Aqua,MODIS,59,6.2,298.5,45.7,D,0
25.0268,91.8545,310.9,4.6,2,2007-02-22,0758,Aqua,MODIS,55,6.2,298.8,41.6,D,0
24.219,91.5961,316.8,1.2,1.1,2007-02-23,0702,Aqua,MODIS,69,6.2,300.6,10.9,D,0
23.1703,91.7735,312.7,1.2,1.1,2007-02-23,0702,Aqua,MODIS,63,6.2,300.2,7.5,D,0
24.2171,91.5845,313.3,1.2,1.1,2007-02-23,0702,Aqua,MODIS,53,6.2,298.8,6.7,D,0
22.5825,92.0706,329.1,1.2,1.1,2007-02-23,0702,Aqua,MODIS,83,6.2,304,27.1,D,0
22.5843,92.082,313.9,1.2,1.1,2007-02-23,0702,Aqua,MODIS,65,6.2,302.4,7.3,D,0
25.4857,89.6665,311.5,1.2,1.1,2007-02-24,0435,Terra,MODIS,0,6.2,300.9,8.7,D,0
22.9749,89.5418,311.1,1.1,1.1,2007-02-24,0436,Terra,MODIS,55,6.2,299.2,7.3,D,0
22.9763,89.5309,322.8,1.1,1.1,2007-02-24,0436,Terra,MODIS,78,6.2,299.8,19.7,D,0
22.8748,92.4031,312.5,2.9,1.6,2007-02-24,0745,Aqua,MODIS,51,6.2,301.1,24.9,D,0
25.4863,89.6591,307.4,1.8,1.3,2007-02-26,0423,Terra,MODIS,0,6.2,294.7,12.9,D,0
24.1494,91.4726,315.8,1.3,1.1,2007-02-26,0423,Terra,MODIS,72,6.2,293.5,13.9,D,0
25.4686,89.6501,306.5,1.8,1.3,2007-02-26,0423,Terra,MODIS,0,6.2,294.4,11.8,D,0
22.9506,90.0288,312.5,1.2,1.1,2007-02-26,0733,Aqua,MODIS,58,6.2,299.1,7.9,D,0
23.04,89.9388,317.7,1.2,1.1,2007-02-26,0733,Aqua,MODIS,66,6.2,300.3,10.3,D,0
23.0435,89.9434,316.8,1.2,1.1,2007-02-26,0733,Aqua,MODIS,52,6.2,299.8,9.7,D,0
24.2255,91.6823,313.5,2.3,1.5,2007-02-27,0506,Terra,MODIS,64,6.2,293,22.9,D,0
22.054,92.5257,312.3,3,1.6,2007-02-27,0637,Aqua,MODIS,56,6.2,296.8,37.9,D,0
24.1728,91.6882,310.6,2.1,1.4,2007-02-28,0411,Terra,MODIS,63,6.2,298.2,13.6,D,0
24.2158,91.3955,317.8,2.2,1.4,2007-02-28,0411,Terra,MODIS,74,6.2,299.8,32.7,D,0
22.8984,92.0499,319.2,1.1,1,2007-02-28,0720,Aqua,MODIS,67,6.2,301.7,11.7,D,0
22.8591,92.3755,319.2,1.1,1.1,2007-02-28,0720,Aqua,MODIS,61,6.2,301.8,11.8,D,0
23.0126,89.8161,317.2,1,1,2007-02-28,0720,Aqua,MODIS,67,6.2,302.7,8.2,D,0
22.6112,92.4429,314.4,1.1,1.1,2007-02-28,0720,Aqua,MODIS,61,6.2,302.7,6.8,D,0
21.8673,92.1567,316.9,1.1,1,2007-02-28,0720,Aqua,MODIS,68,6.2,305.7,8,D,0
23.8865,89.5528,314,1,1,2007-02-28,0721,Aqua,MODIS,39,6.2,298.7,5.9,D,0
24.1978,91.3815,328.6,1.1,1,2007-02-28,0721,Aqua,MODIS,81,6.2,306.9,17.5,D,0
24.1964,91.3713,331.9,1.1,1,2007-02-28,0721,Aqua,MODIS,84,6.2,306.2,22.4,D,0
25.0042,92.0873,318.4,1.1,1.1,2007-02-28,0721,Aqua,MODIS,56,6.2,303.6,7.7,D,0
23.2597,91.8298,318.1,1.5,1.2,2007-03-04,0656,Aqua,MODIS,73,6.2,300.3,17.3,D,0
23.2622,91.8441,321.3,1.5,1.2,2007-03-04,0656,Aqua,MODIS,76,6.2,299.4,22.9,D,0
25.1396,91.5254,316.9,1.4,1.2,2007-03-04,0656,Aqua,MODIS,72,6.2,300.3,14.4,D,0
24.5114,91.9294,317,1.1,1,2007-03-05,0429,Terra,MODIS,72,6.2,302.5,9.3,D,0
24.5128,91.9188,313.3,1.1,1,2007-03-05,0429,Terra,MODIS,65,6.2,301.8,5.8,D,0
22.8974,91.5804,311.5,1.1,1,2007-03-05,0430,Terra,MODIS,58,6.2,301,5.8,D,0
22.5526,92.1354,311.8,1,1,2007-03-05,0430,Terra,MODIS,58,6.2,300.7,4.9,D,0
22.0517,90.0555,313.3,1.2,1.1,2007-03-05,0430,Terra,MODIS,56,6.2,301,7.2,D,0
22.9441,91.7727,322.3,1.1,1,2007-03-05,0430,Terra,MODIS,77,6.2,302.4,15,D,0
21.8982,92.5722,315.4,2.2,1.4,2007-03-05,0738,Aqua,MODIS,49,6.2,301.7,25.2,D,0
22.8939,89.8298,314,1.4,1.2,2007-03-05,0739,Aqua,MODIS,46,6.2,302.1,10.4,D,0
24.5178,91.9319,315.1,2.1,1.4,2007-03-05,0739,Aqua,MODIS,66,6.2,302.7,17.7,D,0
23.0958,89.5872,331,1.4,1.2,2007-03-05,0739,Aqua,MODIS,84,6.2,303.7,37.9,D,0
24.515,91.9184,316.2,2.1,1.4,2007-03-05,0739,Aqua,MODIS,68,6.2,303.2,19.7,D,0
22.9422,91.7673,318.8,2,1.4,2007-03-05,0739,Aqua,MODIS,69,6.2,303.6,24.3,D,0
22.9443,91.7617,315.1,2,1.4,2007-03-05,0739,Aqua,MODIS,62,6.2,303.2,14.3,D,0
23.8215,90.8746,312.7,1.8,1.3,2007-03-05,0739,Aqua,MODIS,57,6.2,301.9,10.6,D,0
22.6199,92.3996,316.3,2.2,1.4,2007-03-05,0739,Aqua,MODIS,61,6.2,302.2,22.7,D,0
23.2596,92.3237,313.8,2.2,1.4,2007-03-05,0739,Aqua,MODIS,59,6.2,301.6,19.4,D,0
22.346,91.8453,303.1,1.1,1,2007-03-05,1948,Aqua,MODIS,53,6.2,290.5,7,N,0
21.5298,92.1844,316.4,3.7,1.8,2007-03-06,0513,Terra,MODIS,72,6.2,300.5,70.5,D,0
21.5145,92.2224,323.2,3.7,1.8,2007-03-06,0513,Terra,MODIS,79,6.2,299.7,107.2,D,0
21.3407,92.1677,315.2,3.7,1.8,2007-03-06,0513,Terra,MODIS,70,6.2,300.5,56.5,D,0
21.5226,92.2188,345.7,3.7,1.8,2007-03-06,0513,Terra,MODIS,94,6.2,301.5,336.6,D,0
21.5378,92.1917,320.1,3.7,1.8,2007-03-06,0513,Terra,MODIS,46,6.2,300.6,81.8,D,0
21.5304,92.226,332.6,3.7,1.8,2007-03-06,0513,Terra,MODIS,86,6.2,300.4,180.5,D,0
21.3329,92.1612,312.7,3.7,1.8,2007-03-06,0513,Terra,MODIS,67,6.2,300.6,44.5,D,0
23.6137,92.1037,310.1,2.3,1.5,2007-03-06,0644,Aqua,MODIS,59,6.2,298.6,18.4,D,0
21.5452,92.1806,306.7,1,1,2007-03-06,1608,Terra,MODIS,69,6.2,289.1,8.7,N,0
22.828,91.6039,312.9,1.2,1.1,2007-03-07,0726,Aqua,MODIS,39,6.2,301.3,5.7,D,0
21.5471,92.1784,318.1,1.3,1.1,2007-03-07,0726,Aqua,MODIS,69,6.2,305,11.4,D,0
22.3367,92.0647,316.6,1.3,1.1,2007-03-07,0726,Aqua,MODIS,55,6.2,303.2,10.8,D,0
22.4787,91.7398,315.7,1.2,1.1,2007-03-07,0726,Aqua,MODIS,41,6.2,304.6,7.6,D,0
22.8285,91.5981,312.4,1.2,1.1,2007-03-07,0726,Aqua,MODIS,34,6.2,301.1,5.2,D,0
22.9429,91.7799,316.5,1.2,1.1,2007-03-07,0726,Aqua,MODIS,65,6.2,304.9,8.2,D,0
22.4785,92.3994,315.8,1.3,1.1,2007-03-07,0726,Aqua,MODIS,62,6.2,303.6,10.6,D,0
23.605,92.2052,311.8,1.3,1.1,2007-03-07,0727,Aqua,MODIS,55,6.2,301.8,7.4,D,0
25.0308,91.8903,320.6,1.3,1.1,2007-03-07,0727,Aqua,MODIS,67,6.2,304.3,15.3,D,0
23.0824,89.58,321,1,1,2007-03-07,0727,Aqua,MODIS,58,6.2,306.3,10.4,D,0
24.1713,91.2588,331.3,1.2,1.1,2007-03-07,0727,Aqua,MODIS,84,6.2,306.9,25.8,D,0
23.6065,92.2179,325.6,1.3,1.1,2007-03-07,0727,Aqua,MODIS,79,6.2,302.5,27.6,D,0
23.6197,89.8863,324.6,1,1,2007-03-07,0727,Aqua,MODIS,0,6.2,309.3,12.6,D,0
24.1683,90.5072,317.7,1.1,1.1,2007-03-07,0727,Aqua,MODIS,66,6.2,304.3,8.1,D,0
24.1788,91.3122,318.5,1.7,1.3,2007-03-08,0500,Terra,MODIS,51,6.2,304.1,19,D,0
23.7656,90.9072,317.2,1.6,1.2,2007-03-08,0500,Terra,MODIS,72,6.2,304.6,17.9,D,0
24.196,91.2823,319.2,1.7,1.3,2007-03-08,0500,Terra,MODIS,67,6.2,305.5,16.4,D,0
24.5244,91.9043,318.5,1.8,1.3,2007-03-08,0500,Terra,MODIS,75,6.2,299.8,23.3,D,0
25.4831,89.6641,315.6,1.3,1.1,2007-03-08,0500,Terra,MODIS,0,6.2,304.2,13.6,D,0
24.5308,91.9114,314.6,1.8,1.3,2007-03-08,0500,Terra,MODIS,70,6.2,301.1,16.9,D,0
21.5358,92.1959,316.9,4.2,1.9,2007-03-08,0631,Aqua,MODIS,62,6.2,300.1,82.8,D,0
21.5393,92.1908,319.3,4.2,1.9,2007-03-08,0631,Aqua,MODIS,68,6.2,300.2,96.9,D,0
21.5274,92.1565,327,4.2,1.9,2007-03-08,0631,Aqua,MODIS,78,6.2,300.6,165.1,D,0
21.5307,92.1516,325.3,4.2,1.9,2007-03-08,0631,Aqua,MODIS,77,6.2,300.7,145.5,D,0
24.1592,91.3783,313.7,4.1,1.9,2007-03-08,0632,Aqua,MODIS,69,6.2,299.9,47.1,D,0
24.1556,91.3834,314.6,4.1,1.9,2007-03-08,0632,Aqua,MODIS,70,6.2,299.7,53.8,D,0
22.6741,92.4672,322.8,1.1,1.1,2007-03-08,1556,Terra,MODIS,100,6.2,290.3,26.9,N,0
22.663,92.4584,312.8,1.1,1.1,2007-03-08,1556,Terra,MODIS,86,6.2,290.1,14.9,N,0
22.6647,92.4689,336.7,1.1,1.1,2007-03-08,1556,Terra,MODIS,100,6.2,292.6,47.7,N,0
23.0057,92.3186,306.7,1.2,1.1,2007-03-08,1556,Terra,MODIS,69,6.2,290.8,10.3,N,0
23.1219,92.3182,390.7,1.1,1.1,2007-03-08,1556,Terra,MODIS,100,6.2,296,248.3,N,0
23.1201,92.3068,322.3,1.1,1.1,2007-03-08,1556,Terra,MODIS,100,6.2,287.4,25.6,N,0
23.0694,92.3228,301.5,1.1,1.1,2007-03-08,1556,Terra,MODIS,42,6.2,290.5,6.6,N,0
21.5034,92.2219,305.7,1.2,1.1,2007-03-08,1556,Terra,MODIS,65,6.2,286.7,11.7,N,0
22.6724,92.4566,307.4,1.1,1.1,2007-03-08,1556,Terra,MODIS,71,6.2,290.2,11,N,0
23.1125,92.3201,323.9,1.1,1.1,2007-03-08,1556,Terra,MODIS,100,6.2,293.4,27.7,N,0
24.5298,91.9127,311.6,2.6,1.6,2007-03-09,0405,Terra,MODIS,65,6.2,300.8,19.7,D,0
23.0239,92.3346,313.2,2.3,1.5,2007-03-09,0405,Terra,MODIS,64,6.2,298.9,27.3,D,0
23.0262,92.3126,309.8,2.4,1.5,2007-03-09,0405,Terra,MODIS,55,6.2,298.3,18.1,D,0
22.7729,91.6092,318.9,1,1,2007-03-09,0714,Aqua,MODIS,66,6.2,304.5,8.5,D,0
23.1117,92.3116,331.1,1,1,2007-03-09,0714,Aqua,MODIS,83,6.2,306,23,D,0
23.113,92.3212,326.5,1,1,2007-03-09,0714,Aqua,MODIS,79,6.2,304.5,17.2,D,0
21.6059,91.9511,316.3,1,1,2007-03-09,0714,Aqua,MODIS,64,6.2,305.8,6,D,0
22.6732,91.6878,315,1,1,2007-03-09,0714,Aqua,MODIS,46,6.2,303.9,5.7,D,0
22.5734,91.7014,318.5,1,1,2007-03-09,0714,Aqua,MODIS,66,6.2,305.5,8.5,D,0
22.5748,91.711,331.2,1,1,2007-03-09,0714,Aqua,MODIS,83,6.2,305.5,22.9,D,0
23.0207,92.3232,367.4,1,1,2007-03-09,0714,Aqua,MODIS,100,6.2,308.7,101.8,D,0
23.0193,92.3135,324.7,1,1,2007-03-09,0714,Aqua,MODIS,76,6.2,305.1,15.5,D,0
23.1375,92.3016,315.9,1,1,2007-03-09,0714,Aqua,MODIS,62,6.2,303.8,6.5,D,0
22.2144,92.1502,320,1,1,2007-03-09,0714,Aqua,MODIS,70,6.2,305.6,9.8,D,0
23.5135,91.9653,313.3,1,1,2007-03-09,0714,Aqua,MODIS,48,6.2,302.6,4.2,D,0
21.5571,92.184,318.2,1,1,2007-03-09,0714,Aqua,MODIS,68,6.2,306.3,7.5,D,0
23.1124,89.5918,318.9,1.1,1,2007-03-09,0714,Aqua,MODIS,49,6.2,304.3,8.4,D,0
21.5584,92.1935,322.8,1,1,2007-03-09,0714,Aqua,MODIS,75,6.2,304.1,12.3,D,0
22.3292,92.2424,314.1,1,1,2007-03-09,0714,Aqua,MODIS,55,6.2,303.9,4.7,D,0
21.4956,92.2105,341,1,1,2007-03-09,0714,Aqua,MODIS,90,6.2,307.1,36.5,D,0
22.0465,92.2,315.1,1,1,2007-03-09,0714,Aqua,MODIS,51,6.2,304,5.2,D,0
21.497,92.2201,352.9,1,1,2007-03-09,0714,Aqua,MODIS,96,6.2,306.4,60.5,D,0
22.7369,91.6219,318.4,1,1,2007-03-09,0714,Aqua,MODIS,59,6.2,305,8.4,D,0
23.3059,91.8638,319.2,1,1,2007-03-09,0714,Aqua,MODIS,70,6.2,304.6,9,D,0
22.7715,91.5995,317.7,1,1,2007-03-09,0714,Aqua,MODIS,63,6.2,305.7,7,D,0
24.1792,91.2751,325.8,1,1,2007-03-09,0715,Aqua,MODIS,77,6.2,308.6,11,D,0
24.2715,91.2723,327.1,1,1,2007-03-09,0715,Aqua,MODIS,75,6.2,311,13.7,D,0
25.03,91.9461,317.3,1,1,2007-03-09,0715,Aqua,MODIS,55,6.2,306.1,5,D,0
24.2419,91.2575,325.8,1,1,2007-03-09,0715,Aqua,MODIS,57,6.2,311.7,10.9,D,0
24.1848,91.314,320,1,1,2007-03-09,0715,Aqua,MODIS,47,6.2,306,7.3,D,0
24.1706,91.4062,325.7,1,1,2007-03-09,0715,Aqua,MODIS,74,6.2,304.8,12.9,D,0
23.5162,91.9601,303.2,1.5,1.2,2007-03-09,1923,Aqua,MODIS,54,6.2,289.1,13.9,N,0
23.5146,91.9742,301.5,1.5,1.2,2007-03-09,1923,Aqua,MODIS,42,6.2,289.6,12.2,N,0
23.5116,91.9683,305.2,1.5,1.2,2007-03-09,1923,Aqua,MODIS,56,6.2,290.1,15,N,0
23.0161,92.3246,310.3,1.4,1.2,2007-03-09,1923,Aqua,MODIS,80,6.2,290.4,19,N,0
21.3705,92.5707,329.1,1.3,1.1,2007-03-09,1924,Aqua,MODIS,100,6.2,292.3,42.8,N,0
24.2253,91.7863,322.8,1.2,1.1,2007-03-10,0448,Terra,MODIS,78,6.2,299.6,18.1,D,0
24.1548,91.2702,319,1.1,1.1,2007-03-10,0448,Terra,MODIS,67,6.2,305.4,8.2,D,0
23.0805,89.5867,315.9,1,1,2007-03-10,0448,Terra,MODIS,46,6.2,300.4,7.2,D,0
23.5067,91.954,312.5,1.2,1.1,2007-03-10,0448,Terra,MODIS,63,6.2,299.9,7.8,D,0
24.1541,89.1337,313,1,1,2007-03-10,0448,Terra,MODIS,31,6.2,293.1,6.2,D,0
25.0644,92.3006,317.2,1.2,1.1,2007-03-10,0448,Terra,MODIS,55,6.2,302.2,10.9,D,0
23.5048,91.9655,321.8,1.2,1.1,2007-03-10,0448,Terra,MODIS,77,6.2,301.9,19.1,D,0
21.5549,92.1809,313.9,4.5,1.9,2007-03-10,0757,Aqua,MODIS,60,6.2,298.4,55.6,D,0
23.5066,91.9537,313.4,4.5,2,2007-03-10,0757,Aqua,MODIS,37,6.2,297.5,53.8,D,0
23.5286,92.0024,313.8,4.6,2,2007-03-10,0757,Aqua,MODIS,56,6.2,296.6,61.3,D,0
23.5274,91.9974,314.6,4.6,2,2007-03-10,0757,Aqua,MODIS,59,6.2,296.6,67,D,0
23.5075,91.9588,312.3,4.5,2,2007-03-10,0757,Aqua,MODIS,23,6.2,297.4,46,D,0
21.5546,92.1766,314.1,4.5,1.9,2007-03-10,0757,Aqua,MODIS,60,6.2,298.4,57.6,D,0
23.3654,92.301,301.7,1.7,1.3,2007-03-10,1544,Terra,MODIS,44,6.2,289,12.8,N,0
22.9382,91.7795,317.7,1.2,1.1,2007-03-11,0702,Aqua,MODIS,61,6.2,305.1,8.3,D,0
22.5547,91.9563,319.3,1.2,1.1,2007-03-11,0702,Aqua,MODIS,68,6.2,307,9.9,D,0
23.2973,92.2204,315.2,1.1,1.1,2007-03-11,0702,Aqua,MODIS,61,6.2,303.9,7.1,D,0
23.283,91.827,319,1.2,1.1,2007-03-11,0702,Aqua,MODIS,69,6.2,305.1,10.8,D,0
23.5329,91.9607,316.9,1.2,1.1,2007-03-11,0702,Aqua,MODIS,65,6.2,303.2,9.3,D,0
23.5521,91.9573,312.8,1.2,1.1,2007-03-11,0702,Aqua,MODIS,25,6.2,301.4,4.9,D,0
23.0749,92.3148,317.4,1.1,1.1,2007-03-11,0702,Aqua,MODIS,65,6.2,304.1,8.6,D,0
23.0731,92.3034,316,1.1,1.1,2007-03-11,0702,Aqua,MODIS,61,6.2,305,7.3,D,0
23.8433,90.9298,322.6,1.3,1.1,2007-03-11,0702,Aqua,MODIS,72,6.2,303.1,16.6,D,0
23.2991,92.2315,312.5,1.1,1.1,2007-03-11,0702,Aqua,MODIS,34,6.2,302.4,4.8,D,0
22.935,91.7746,323,1.2,1.1,2007-03-11,0702,Aqua,MODIS,74,6.2,305.8,15.5,D,0
23.0601,92.0993,313.6,1.2,1.1,2007-03-11,0702,Aqua,MODIS,51,6.2,302.7,5.2,D,0
24.1977,91.2619,324.5,1.2,1.1,2007-03-11,0702,Aqua,MODIS,71,6.2,304.5,15.3,D,0
22.6135,92.4177,304.3,1.7,1.3,2007-03-11,1627,Terra,MODIS,59,6.2,288.5,14.2,N,0
25.0711,89.5927,315.5,1.2,1.1,2007-03-12,0435,Terra,MODIS,0,6.2,301,9.4,D,0
25.0086,92.0827,328.8,1,1,2007-03-12,0435,Terra,MODIS,82,6.2,302.7,18.8,D,0
21.5021,92.2181,332,1,1,2007-03-12,0436,Terra,MODIS,85,6.2,305.4,23.2,D,0
24.1454,91.4865,320.1,1,1,2007-03-12,0436,Terra,MODIS,59,6.2,303.8,6.9,D,0
21.511,92.2196,319.2,1,1,2007-03-12,0436,Terra,MODIS,71,6.2,304.1,8.5,D,0
24.1379,91.4752,323.6,1,1,2007-03-12,0436,Terra,MODIS,71,6.2,302.5,12.3,D,0
24.1468,91.4767,340.9,1,1,2007-03-12,0436,Terra,MODIS,90,6.2,304.8,35.4,D,0
23.0822,92.0796,313.4,1,1,2007-03-12,0436,Terra,MODIS,57,6.2,303.2,5,D,0
23.1401,92.1665,334.3,2.8,1.6,2007-03-12,0745,Aqua,MODIS,74,6.2,303.7,113.6,D,0
23.1376,92.1401,328.1,2.8,1.6,2007-03-12,0745,Aqua,MODIS,80,6.2,303.9,76.8,D,0
23.5306,91.9692,303,3,1.7,2007-03-12,1532,Terra,MODIS,53,6.2,291.1,27.8,N,0
23.0061,89.8022,313.4,3,1.6,2007-03-13,0519,Terra,MODIS,32,6.2,296.8,27.9,D,0
23.0118,89.774,316.2,3,1.6,2007-03-13,0519,Terra,MODIS,66,6.2,297.1,36.3,D,0
23.0122,89.7808,318.7,3,1.6,2007-03-13,0519,Terra,MODIS,74,6.2,297.2,47.3,D,0
22.6098,92.4181,330.9,1.8,1.3,2007-03-13,0650,Aqua,MODIS,83,6.2,304.6,48.4,D,0
22.5983,92.4203,318.7,1.8,1.3,2007-03-13,0650,Aqua,MODIS,68,6.2,303.1,19,D,0
22.6014,92.4373,315.6,1.8,1.3,2007-03-13,0650,Aqua,MODIS,60,6.2,302.6,12.4,D,0
22.6019,92.4261,339.8,1.8,1.3,2007-03-13,0650,Aqua,MODIS,89,6.2,304.4,78.7,D,0
23.082,89.5828,315.9,2.8,1.6,2007-03-13,0650,Aqua,MODIS,42,6.2,298.2,28.1,D,0
22.6049,92.4432,334.7,1.8,1.3,2007-03-13,0650,Aqua,MODIS,86,6.2,303.8,59.8,D,0
22.613,92.4352,365.6,1.8,1.3,2007-03-13,0650,Aqua,MODIS,100,6.2,306.1,213,D,0
24.9772,92.1215,324.2,1.7,1.3,2007-03-13,0650,Aqua,MODIS,66,6.2,305.7,22,D,0
24.2809,91.611,323.1,1.3,1.1,2007-03-14,0423,Terra,MODIS,77,6.2,299.5,18.6,D,0
22.6076,92.4263,321.5,1.7,1.3,2007-03-14,0732,Aqua,MODIS,64,6.2,303.9,19.3,D,0
22.5976,92.4169,322.2,1.7,1.3,2007-03-14,0732,Aqua,MODIS,69,6.2,302.8,21.4,D,0
23.0848,89.5887,343.6,1.2,1.1,2007-03-14,0733,Aqua,MODIS,92,6.2,299.3,51,D,0
23.0863,89.5999,341.7,1.2,1.1,2007-03-14,0733,Aqua,MODIS,91,6.2,298.4,45.8,D,0
23.1332,89.7819,325.1,1.2,1.1,2007-03-14,0733,Aqua,MODIS,77,6.2,297.7,19.8,D,0
23.0899,89.5927,319.9,1.2,1.1,2007-03-14,0733,Aqua,MODIS,59,6.2,298.7,12.4,D,0
23.0913,89.6039,318.2,1.2,1.1,2007-03-14,0733,Aqua,MODIS,49,6.2,298.2,10,D,0
22.8942,91.9708,308.6,1,1,2007-03-14,1942,Aqua,MODIS,75,6.2,292,9,N,0
22.8956,91.9612,308.3,1,1,2007-03-14,1942,Aqua,MODIS,74,6.2,290.6,8.9,N,0
25.469,89.6629,317,1.6,1.2,2007-03-15,0506,Terra,MODIS,0,6.2,302.8,19.4,D,0
25.4463,89.6522,315.5,1.6,1.2,2007-03-15,0506,Terra,MODIS,0,6.2,302.4,16.9,D,0
22.8952,90.0293,311.8,1.9,1.3,2007-03-15,0507,Terra,MODIS,55,6.2,297.5,14.7,D,0
21.49,92.2118,317.8,3.2,1.7,2007-03-15,0637,Aqua,MODIS,55,6.2,299.3,51.2,D,0
21.4922,92.2183,319.2,3.2,1.7,2007-03-15,0637,Aqua,MODIS,60,6.2,299.2,58.9,D,0
22.7388,92.4144,310.6,1,1,2007-03-15,1602,Terra,MODIS,81,6.2,291.2,10.3,N,0
22.6253,92.4571,303.8,1,1,2007-03-15,1602,Terra,MODIS,57,6.2,291.9,5.5,N,0
22.7679,91.6434,324.1,2,1.4,2007-03-16,0412,Terra,MODIS,78,6.2,298.4,41.4,D,0
22.77,91.6246,317,2,1.4,2007-03-16,0412,Terra,MODIS,68,6.2,298.8,22.1,D,0
22.7704,91.6495,323,2,1.4,2007-03-16,0412,Terra,MODIS,77,6.2,298.9,40.3,D,0
22.7724,91.6305,335.3,2,1.4,2007-03-16,0412,Terra,MODIS,87,6.2,299.1,83.5,D,0
23.4075,91.9645,434.4,1.1,1,2007-03-16,0720,Aqua,MODIS,100,6.2,323.4,587.3,D,0
23.4089,91.975,370,1.1,1,2007-03-16,0720,Aqua,MODIS,100,6.2,305.5,120.7,D,0
23.3982,91.966,317.4,1.1,1,2007-03-16,0720,Aqua,MODIS,53,6.2,302.9,7.1,D,0
22.3898,92.1014,317.2,1.1,1,2007-03-16,0720,Aqua,MODIS,58,6.2,304.1,6.4,D,0
22.0265,92.2032,319,1.1,1,2007-03-16,0720,Aqua,MODIS,68,6.2,305.6,7.7,D,0
22.3665,92.2108,313.6,1.1,1,2007-03-16,0720,Aqua,MODIS,43,6.2,300.6,3.6,D,0
22.6989,92.4216,325.1,1.1,1.1,2007-03-16,0720,Aqua,MODIS,76,6.2,304.8,16.4,D,0
23.3854,91.9846,336.2,1.1,1,2007-03-16,0720,Aqua,MODIS,87,6.2,307.1,32,D,0
23.3917,91.9886,357.2,1.1,1,2007-03-16,0720,Aqua,MODIS,98,6.2,306.5,79.8,D,0
22.7931,91.6255,320.5,1,1,2007-03-16,0720,Aqua,MODIS,68,6.2,304.8,10.7,D,0
22.7747,91.8211,323.8,1.1,1,2007-03-16,0720,Aqua,MODIS,74,6.2,306.3,12.1,D,0
23.5544,91.9457,328.8,1.1,1,2007-03-16,0720,Aqua,MODIS,81,6.2,303.3,22.5,D,0
22.7655,91.8225,321.3,1.1,1,2007-03-16,0720,Aqua,MODIS,68,6.2,306.2,9.3,D,0
23.4168,91.963,364,1.1,1,2007-03-16,0720,Aqua,MODIS,100,6.2,308.9,99.6,D,0
23.4181,91.9734,344.4,1.1,1,2007-03-16,0720,Aqua,MODIS,92,6.2,302.7,47.4,D,0
23.3808,91.9047,326,1.1,1,2007-03-16,0720,Aqua,MODIS,79,6.2,304.4,16.4,D,0
23.3903,91.978,340.9,1.1,1,2007-03-16,0720,Aqua,MODIS,90,6.2,309.1,40.3,D,0
22.6546,92.4498,325.6,1.1,1.1,2007-03-16,0720,Aqua,MODIS,76,6.2,305.6,17.3,D,0
22.9049,91.5601,326.6,1,1,2007-03-16,0720,Aqua,MODIS,78,6.2,305.7,16.6,D,0
22.9763,91.9556,356.1,1.1,1,2007-03-16,0720,Aqua,MODIS,98,6.2,306.1,74.7,D,0
23.079,89.595,322.7,1,1,2007-03-16,0720,Aqua,MODIS,30,6.2,307.7,10.7,D,0
22.9749,91.9453,337.7,1.1,1,2007-03-16,0720,Aqua,MODIS,88,6.2,306.4,33.7,D,0
23.0749,92.0838,322,1.1,1,2007-03-16,0720,Aqua,MODIS,73,6.2,304.7,13,D,0
22.5585,91.9889,318.2,1.1,1,2007-03-16,0720,Aqua,MODIS,64,6.2,305.4,6.3,D,0
22.8119,91.8885,326.5,1.1,1,2007-03-16,0720,Aqua,MODIS,77,6.2,305.9,15.9,D,0
23.6168,92.0161,313.2,1.1,1,2007-03-16,0720,Aqua,MODIS,52,6.2,301.8,6.3,D,0
22.0279,92.2135,339.8,1.1,1,2007-03-16,0720,Aqua,MODIS,89,6.2,307.7,37.6,D,0
22.8105,91.8782,321.8,1.1,1,2007-03-16,0720,Aqua,MODIS,71,6.2,308.2,10.3,D,0
23.0735,92.0734,318.5,1.1,1,2007-03-16,0720,Aqua,MODIS,67,6.2,304.8,9.2,D,0
23.3096,92.1106,328.9,1.1,1,2007-03-16,0720,Aqua,MODIS,81,6.2,304.6,21.4,D,0
23.3082,92.1001,334.4,1.1,1,2007-03-16,0720,Aqua,MODIS,86,6.2,303.9,29.7,D,0
23.3348,91.9603,316,1.1,1,2007-03-16,0720,Aqua,MODIS,63,6.2,303,7.1,D,0
22.9379,92.15,319.6,1.1,1,2007-03-16,0720,Aqua,MODIS,68,6.2,304,10.2,D,0
23.3794,91.8943,317.5,1.1,1,2007-03-16,0720,Aqua,MODIS,65,6.2,305.6,6.5,D,0
23.1251,89.5969,322.3,1,1,2007-03-16,0720,Aqua,MODIS,68,6.2,305.7,10,D,0
24.68,90.0964,313.9,1,1,2007-03-16,0721,Aqua,MODIS,63,6.2,303.5,4.9,D,0
23.649,89.9023,340.3,1,1,2007-03-16,0721,Aqua,MODIS,67,6.2,313.9,31.8,D,0
24.1628,91.4185,328.6,1.1,1,2007-03-16,0721,Aqua,MODIS,80,6.2,307.1,17.4,D,0
24.1575,91.7227,321.5,1.1,1,2007-03-16,0721,Aqua,MODIS,71,6.2,304,12.3,D,0
24.1562,91.7123,330.4,1.1,1,2007-03-16,0721,Aqua,MODIS,82,6.2,308,23.6,D,0
24.1133,90.4501,315.9,1,1,2007-03-16,0721,Aqua,MODIS,48,6.2,305,5.6,D,0
23.5698,89.3581,317.9,1,1,2007-03-16,0721,Aqua,MODIS,58,6.2,306.3,6.4,D,0
23.4061,91.965,300.5,1.2,1.1,2007-03-16,1929,Aqua,MODIS,29,6.2,285.8,8.3,N,0
23.2642,89.7095,322.2,1.1,1.1,2007-03-17,0454,Terra,MODIS,70,6.2,306,14,D,0
24.2125,91.3008,322.7,1.3,1.1,2007-03-17,0454,Terra,MODIS,63,6.2,308.4,14.7,D,0
25.4715,89.6587,319.3,1.1,1,2007-03-17,0454,Terra,MODIS,0,6.2,307.8,13.9,D,0
23.4823,90.4559,322.7,1.2,1.1,2007-03-17,0454,Terra,MODIS,75,6.2,309.5,12.3,D,0
21.9382,92.1002,312.3,1.6,1.3,2007-03-17,0455,Terra,MODIS,56,6.2,302.1,11,D,0
23.6933,92.2541,315.1,4.7,2,2007-03-17,0626,Aqua,MODIS,30,6.2,296.3,78.7,D,0
23.6924,92.2514,312.6,4.7,2,2007-03-17,0626,Aqua,MODIS,66,6.2,296.3,69.3,D,0
23.3773,91.8436,317.7,3.4,1.7,2007-03-18,0359,Terra,MODIS,71,6.2,300.5,56.7,D,0
23.3727,91.8502,317.8,3.4,1.7,2007-03-18,0359,Terra,MODIS,71,6.2,300.4,55.9,D,0
23.0606,92.075,343.7,1,1,2007-03-18,0708,Aqua,MODIS,92,6.2,309.8,42.5,D,0
22.2522,92.2234,326.2,1,1,2007-03-18,0708,Aqua,MODIS,78,6.2,306,17.2,D,0
22.2537,92.2333,320.8,1,1,2007-03-18,0708,Aqua,MODIS,72,6.2,305.3,11,D,0
23.0636,92.0949,338.3,1,1,2007-03-18,0708,Aqua,MODIS,88,6.2,305.6,33.6,D,0
23.6285,92.1095,317,1,1,2007-03-18,0708,Aqua,MODIS,63,6.2,303.3,8.3,D,0
21.8642,92.5847,325.3,1,1,2007-03-18,0708,Aqua,MODIS,78,6.2,306.1,16.5,D,0
22.3551,92.229,317.7,1,1,2007-03-18,0708,Aqua,MODIS,65,6.2,306.1,7.4,D,0
22.3566,92.2389,317.1,1,1,2007-03-18,0708,Aqua,MODIS,64,6.2,307.1,6.6,D,0
23.3769,91.8496,338.2,1,1,2007-03-18,0708,Aqua,MODIS,88,6.2,305.1,34.2,D,0
23.3754,91.8396,336.7,1,1,2007-03-18,0708,Aqua,MODIS,87,6.2,306,31.9,D,0
23.5805,92.0979,321,1,1,2007-03-18,0708,Aqua,MODIS,71,6.2,303.5,12.6,D,0
23.582,92.1079,312.7,1,1,2007-03-18,0708,Aqua,MODIS,25,6.2,302.3,5.1,D,0
23.5726,89.3567,322.8,1.3,1.1,2007-03-18,0708,Aqua,MODIS,71,6.2,308.2,14.5,D,0
22.504,91.7618,314.6,1.1,1,2007-03-18,0708,Aqua,MODIS,36,6.2,304.4,4.2,D,0
22.5268,91.7262,319.4,1.1,1,2007-03-18,0708,Aqua,MODIS,61,6.2,308.9,9.4,D,0
23.0696,92.0734,396.3,1,1,2007-03-18,0708,Aqua,MODIS,100,6.2,312,233.9,D,0
23.0621,92.0851,349,1,1,2007-03-18,0708,Aqua,MODIS,94,6.2,308.5,53.4,D,0
22.5695,91.6974,319.9,1.1,1,2007-03-18,0708,Aqua,MODIS,68,6.2,307.3,9.7,D,0
21.7158,92.2124,321.9,1,1,2007-03-18,0708,Aqua,MODIS,74,6.2,308.5,10.9,D,0
23.6479,91.9985,314.4,1,1,2007-03-18,0708,Aqua,MODIS,53,6.2,304.4,6.1,D,0
23.0681,92.0634,319.9,1,1,2007-03-18,0708,Aqua,MODIS,69,6.2,306.7,9.5,D,0
22.9576,91.9461,316.9,1,1,2007-03-18,0708,Aqua,MODIS,61,6.2,306.6,5.6,D,0
21.4718,92.3652,355.7,1,1,2007-03-18,0708,Aqua,MODIS,98,6.2,305.7,70.6,D,0
22.8484,91.6012,317.9,1.1,1,2007-03-18,0708,Aqua,MODIS,64,6.2,305,8.4,D,0
22.85,91.6114,314.7,1.1,1,2007-03-18,0708,Aqua,MODIS,45,6.2,304.7,5.3,D,0
23.6389,91.9389,319,1,1,2007-03-18,0708,Aqua,MODIS,52,6.2,306,8.5,D,0
23.6494,91.9471,342.5,1,1,2007-03-18,0708,Aqua,MODIS,91,6.2,303.5,41,D,0
23.6479,91.9372,413.4,1,1,2007-03-18,0708,Aqua,MODIS,100,6.2,315.5,350,D,0
23.6464,91.9272,319.5,1,1,2007-03-18,0708,Aqua,MODIS,57,6.2,307,8.5,D,0
23.4057,91.9165,317.2,1,1,2007-03-18,0708,Aqua,MODIS,64,6.2,305.9,5.9,D,0
21.4923,92.1407,317.5,1.1,1,2007-03-18,0708,Aqua,MODIS,66,6.2,305.6,7.5,D,0
23.0726,92.0932,355.9,1,1,2007-03-18,0708,Aqua,MODIS,98,6.2,305.5,71,D,0
23.6195,92.1112,316.5,1,1,2007-03-18,0708,Aqua,MODIS,62,6.2,303.9,8.3,D,0
23.0711,92.0834,354.3,1,1,2007-03-18,0708,Aqua,MODIS,97,6.2,306.1,66.2,D,0
21.5121,92.2091,319.6,1,1,2007-03-18,0708,Aqua,MODIS,70,6.2,306.3,8.6,D,0
21.5105,92.322,320.1,1,1,2007-03-18,0708,Aqua,MODIS,71,6.2,307.5,9.7,D,0
23.2247,91.7652,306.3,2,1.4,2007-03-18,1633,Terra,MODIS,67,6.2,289.8,22.5,N,0
23.2153,91.7593,303.4,2,1.4,2007-03-18,1633,Terra,MODIS,49,6.2,290.2,16.4,N,0
23.2276,91.7578,307.8,2,1.4,2007-03-18,1633,Terra,MODIS,73,6.2,290.1,24.3,N,0
23.5851,92.0988,306.9,2.1,1.4,2007-03-18,1633,Terra,MODIS,70,6.2,291.2,24.9,N,0
25.4817,89.6642,318.5,1,1,2007-03-19,0441,Terra,MODIS,0,6.2,308,11.6,D,0
21.4742,92.3692,316.3,1.1,1.1,2007-03-19,0442,Terra,MODIS,69,6.2,303.5,9.6,D,0
23.5579,92.1181,313.3,1.1,1,2007-03-19,0442,Terra,MODIS,59,6.2,299.9,7.8,D,0
21.7761,92.398,340,1.1,1.1,2007-03-19,0442,Terra,MODIS,90,6.2,303.6,45.4,D,0
22.3433,92.082,315.2,1.1,1,2007-03-19,0442,Terra,MODIS,62,6.2,304.5,7.1,D,0
22.3018,92.2793,316.2,1.1,1,2007-03-19,0442,Terra,MODIS,67,6.2,301.1,9.6,D,0
22.598,92.3407,322.3,1.1,1,2007-03-19,0442,Terra,MODIS,75,6.2,303.2,15.8,D,0
22.5996,92.3306,322.3,1.1,1,2007-03-19,0442,Terra,MODIS,75,6.2,302.4,15.7,D,0
23.5886,92.1028,321.1,1.1,1,2007-03-19,0442,Terra,MODIS,75,6.2,301.1,15.1,D,0
23.587,92.1131,313.4,1.1,1,2007-03-19,0442,Terra,MODIS,59,6.2,300.6,7.8,D,0
21.7744,92.4084,322.1,1.1,1.1,2007-03-19,0442,Terra,MODIS,77,6.2,302.7,16.6,D,0
21.4725,92.38,314.9,1.1,1.1,2007-03-19,0442,Terra,MODIS,65,6.2,302.9,8.2,D,0
22.6055,92.3538,328.7,1.1,1,2007-03-19,0442,Terra,MODIS,82,6.2,302.8,22.8,D,0
22.5886,92.3394,345.1,1.1,1,2007-03-19,0442,Terra,MODIS,93,6.2,302.2,52.1,D,0
22.5718,92.287,316.1,1.1,1,2007-03-19,0442,Terra,MODIS,65,6.2,300.5,9.9,D,0
22.5902,92.3291,339.7,1.1,1,2007-03-19,0442,Terra,MODIS,90,6.2,302.9,41.1,D,0
23.13,91.8762,314.9,3.4,1.7,2007-03-19,0751,Aqua,MODIS,61,6.2,301.9,34.7,D,0
22.3602,92.0358,334.8,3.4,1.7,2007-03-19,0751,Aqua,MODIS,86,6.2,302.8,168.7,D,0
22.363,92.0692,334.3,3.4,1.7,2007-03-19,0751,Aqua,MODIS,86,6.2,301.7,162.5,D,0
22.351,92.0414,349.6,3.4,1.7,2007-03-19,0751,Aqua,MODIS,95,6.2,303.3,324.9,D,0
21.4653,92.3916,314.9,3.6,1.8,2007-03-19,0751,Aqua,MODIS,62,6.2,302.8,36.1,D,0
22.3539,92.0747,331.5,3.4,1.7,2007-03-19,0751,Aqua,MODIS,83,6.2,301.6,139.6,D,0
23.5905,92.114,314.6,3.6,1.8,2007-03-19,0751,Aqua,MODIS,34,6.2,300.5,39.2,D,0
23.5843,92.1066,320.4,3.6,1.8,2007-03-19,0751,Aqua,MODIS,70,6.2,300.9,77.9,D,0
23.0553,92.1701,332.5,3.6,1.8,2007-03-19,0751,Aqua,MODIS,80,6.2,302.7,151.2,D,0
23.0494,92.1628,329.4,3.6,1.8,2007-03-19,0751,Aqua,MODIS,77,6.2,302.4,127.3,D,0
21.4624,92.3583,320.8,3.5,1.8,2007-03-19,0751,Aqua,MODIS,73,6.2,303.4,71,D,0
22.9842,92.2822,318.2,3.6,1.8,2007-03-19,0751,Aqua,MODIS,51,6.2,302.5,55.8,D,0
22.977,92.2877,324.6,3.6,1.8,2007-03-19,0751,Aqua,MODIS,58,6.2,302.8,96.1,D,0
23.3902,91.9315,315.7,3.5,1.8,2007-03-19,0751,Aqua,MODIS,61,6.2,301.6,35.6,D,0
23.5917,92.0968,303.9,2.3,1.5,2007-03-19,1538,Terra,MODIS,57,6.2,292.4,20.3,N,0
23.1081,92.3349,304.9,2.3,1.5,2007-03-19,1538,Terra,MODIS,62,6.2,293,21.6,N,0
22.5932,92.3459,316.8,2.3,1.5,2007-03-19,1538,Terra,MODIS,94,6.2,293.4,52.4,N,0
23.5971,92.1026,313,1.5,1.2,2007-03-19,2000,Aqua,MODIS,86,6.2,292.7,22.7,N,0
21.4629,92.3794,305.5,1.8,1.3,2007-03-19,2000,Aqua,MODIS,65,6.2,292.6,15.2,N,0
21.4746,92.3809,308.1,1.8,1.3,2007-03-19,2000,Aqua,MODIS,74,6.2,292.9,19.5,N,0
23.5961,92.0959,305,1.5,1.2,2007-03-19,2000,Aqua,MODIS,63,6.2,290.6,13.2,N,0
23.5936,92.1106,307.6,1.5,1.2,2007-03-19,2000,Aqua,MODIS,72,6.2,293.1,16.4,N,0
22.4351,92.5087,318.5,1.4,1.2,2007-03-20,0656,Aqua,MODIS,39,6.2,303,13,D,0
22.4731,92.4176,365.6,1.4,1.2,2007-03-20,0656,Aqua,MODIS,100,6.2,308.4,154.4,D,0
22.4753,92.4307,367,1.4,1.2,2007-03-20,0656,Aqua,MODIS,100,6.2,306.9,161.1,D,0
22.8439,91.9411,332.3,1.5,1.2,2007-03-20,0656,Aqua,MODIS,84,6.2,305.5,41.8,D,0
22.5757,92.474,346.4,1.4,1.2,2007-03-20,0656,Aqua,MODIS,93,6.2,305,73.4,D,0
22.5734,92.4607,386.8,1.4,1.2,2007-03-20,0656,Aqua,MODIS,100,6.2,309.7,282.5,D,0
22.5711,92.4467,327.9,1.4,1.2,2007-03-20,0656,Aqua,MODIS,79,6.2,305.4,28.9,D,0
22.563,92.4626,323.3,1.4,1.2,2007-03-20,0656,Aqua,MODIS,74,6.2,304.6,20.9,D,0
23.37,91.8988,321.3,1.5,1.2,2007-03-20,0656,Aqua,MODIS,72,6.2,307.7,16,D,0
22.9881,91.9588,318.3,1.5,1.2,2007-03-20,0656,Aqua,MODIS,67,6.2,305.6,13.1,D,0
23.3304,91.8263,353.2,1.5,1.2,2007-03-20,0656,Aqua,MODIS,97,6.2,307.8,107.6,D,0
23.3279,91.8118,317.1,1.5,1.2,2007-03-20,0656,Aqua,MODIS,65,6.2,306.3,10.3,D,0
23.3366,91.8335,332.9,1.5,1.2,2007-03-20,0656,Aqua,MODIS,85,6.2,305.1,42.7,D,0
23.334,91.819,341.1,1.5,1.2,2007-03-20,0656,Aqua,MODIS,90,6.2,308.6,65,D,0
22.4297,92.5149,321.6,1.4,1.2,2007-03-20,0656,Aqua,MODIS,71,6.2,303.1,18.3,D,0
22.4276,92.5027,367.2,1.4,1.2,2007-03-20,0656,Aqua,MODIS,100,6.2,308.2,160.9,D,0
22.4248,92.5111,337.3,1.4,1.2,2007-03-20,0656,Aqua,MODIS,87,6.2,304,49.1,D,0
22.9907,91.9732,328.3,1.5,1.2,2007-03-20,0656,Aqua,MODIS,80,6.2,305.6,31.5,D,0
23.0806,89.594,318.6,2.1,1.4,2007-03-20,0656,Aqua,MODIS,37,6.2,300.8,24.5,D,0
22.4173,92.5048,357.2,1.4,1.2,2007-03-20,0656,Aqua,MODIS,98,6.2,305.3,115.6,D,0
23.3724,91.9128,325.5,1.5,1.2,2007-03-20,0656,Aqua,MODIS,78,6.2,308,23.8,D,0
22.3517,92.3075,322.8,1.4,1.2,2007-03-20,0656,Aqua,MODIS,74,6.2,305.5,21.7,D,0
22.4253,92.4888,348.6,1.4,1.2,2007-03-20,0656,Aqua,MODIS,94,6.2,308,82.1,D,0
22.433,92.4963,359.8,1.4,1.2,2007-03-20,0656,Aqua,MODIS,99,6.2,308.5,124.8,D,0
22.4536,92.4917,351.5,1.4,1.2,2007-03-20,0656,Aqua,MODIS,96,6.2,305.6,92.5,D,0
22.8463,91.9553,329.7,1.5,1.2,2007-03-20,0656,Aqua,MODIS,82,6.2,306,36.7,D,0
22.5778,92.487,382.9,1.4,1.2,2007-03-20,0656,Aqua,MODIS,100,6.2,308.4,253,D,0
22.58,92.4995,320.8,1.4,1.2,2007-03-20,0656,Aqua,MODIS,70,6.2,302.9,17.7,D,0
22.4639,92.4899,367.5,1.4,1.2,2007-03-20,0656,Aqua,MODIS,100,6.2,305.7,162.4,D,0
22.9865,91.98,317.6,1.5,1.2,2007-03-20,0656,Aqua,MODIS,65,6.2,305.6,11.3,D,0
22.5653,92.4761,328.5,1.4,1.2,2007-03-20,0656,Aqua,MODIS,80,6.2,305,29.4,D,0
22.4743,92.4878,343.7,1.4,1.2,2007-03-20,0656,Aqua,MODIS,91,6.2,303.1,68.3,D,0
22.5675,92.4891,422.3,1.4,1.2,2007-03-20,0656,Aqua,MODIS,100,6.2,313.8,652.7,D,0
22.4226,92.4981,336.9,1.4,1.2,2007-03-20,0656,Aqua,MODIS,87,6.2,305.8,48.1,D,0
23.106,92.0438,327.9,1.4,1.2,2007-03-20,0656,Aqua,MODIS,80,6.2,305.6,31.3,D,0
23.1084,92.0579,338,1.4,1.2,2007-03-20,0656,Aqua,MODIS,88,6.2,305.3,55.7,D,0
23.1108,92.0715,314.6,1.4,1.2,2007-03-20,0656,Aqua,MODIS,58,6.2,304.3,9,D,0
22.5169,92.4435,334.4,1.4,1.2,2007-03-20,0656,Aqua,MODIS,85,6.2,305.1,41.3,D,0
22.511,92.4513,322.3,1.4,1.2,2007-03-20,0656,Aqua,MODIS,73,6.2,304.6,19.1,D,0
23.5922,92.1123,317.9,1.4,1.2,2007-03-20,0656,Aqua,MODIS,55,6.2,304,13.7,D,0
23.5899,92.0987,318.9,1.4,1.2,2007-03-20,0656,Aqua,MODIS,68,6.2,305.3,15,D,0
21.8933,92.587,327,1.4,1.2,2007-03-20,0656,Aqua,MODIS,79,6.2,304.6,29.2,D,0
23.5553,92.1265,324.5,1.4,1.2,2007-03-20,0656,Aqua,MODIS,76,6.2,303.2,25.8,D,0
22.472,92.4742,364.4,1.4,1.2,2007-03-20,0656,Aqua,MODIS,100,6.2,306.9,147.8,D,0
23.6129,92.1077,348.7,1.4,1.2,2007-03-20,0656,Aqua,MODIS,94,6.2,304.8,83.2,D,0
23.6107,92.0944,401,1.4,1.2,2007-03-20,0656,Aqua,MODIS,100,6.2,312,411.8,D,0
23.6072,92.0111,325,1.4,1.2,2007-03-20,0656,Aqua,MODIS,77,6.2,304.6,26,D,0
22.6154,92.4183,317.3,1.4,1.2,2007-03-20,0656,Aqua,MODIS,63,6.2,304.6,12.4,D,0
22.4616,92.4759,397.2,1.4,1.2,2007-03-20,0656,Aqua,MODIS,100,6.2,311.4,371.9,D,0
22.4512,92.4778,336.9,1.4,1.2,2007-03-20,0656,Aqua,MODIS,87,6.2,305.9,48.6,D,0
23.0602,92.0588,323.8,1.4,1.2,2007-03-20,0656,Aqua,MODIS,74,6.2,305.9,20.9,D,0
23.0626,92.0729,319.5,1.4,1.2,2007-03-20,0656,Aqua,MODIS,28,6.2,306.6,13.8,D,0
22.5297,92.4551,316.1,1.4,1.2,2007-03-20,0656,Aqua,MODIS,44,6.2,303.2,9.8,D,0
22.5193,92.4572,336.7,1.4,1.2,2007-03-20,0656,Aqua,MODIS,87,6.2,304.8,46.8,D,0
22.5089,92.4592,323.6,1.4,1.2,2007-03-20,0656,Aqua,MODIS,52,6.2,303.8,20.4,D,0
22.5133,92.4653,319.6,1.4,1.2,2007-03-20,0656,Aqua,MODIS,68,6.2,303.8,14.9,D,0
22.4305,92.4821,325.9,1.4,1.2,2007-03-20,0656,Aqua,MODIS,61,6.2,305.5,23.4,D,0
22.4193,92.517,339.2,1.4,1.2,2007-03-20,0656,Aqua,MODIS,89,6.2,303.6,55.5,D,0
21.8944,92.5862,306.4,1.3,1.1,2007-03-20,1620,Terra,MODIS,68,6.2,291.5,11.7,N,0
23.623,92.0908,309.2,1.3,1.1,2007-03-20,1621,Terra,MODIS,70,6.2,293.3,12.3,N,0
21.8971,92.5821,315.2,1,1,2007-03-21,0430,Terra,MODIS,65,6.2,302.2,7.2,D,0
23.6215,92.1025,314,1.1,1,2007-03-21,0430,Terra,MODIS,44,6.2,300,6.9,D,0
23.6137,92.0909,312.6,1.1,1,2007-03-21,0430,Terra,MODIS,31,6.2,299.6,5.3,D,0
23.5448,92.126,310.8,1,1,2007-03-21,0430,Terra,MODIS,50,6.2,299.2,5.5,D,0
23.101,92.3374,312.7,1,1,2007-03-21,0430,Terra,MODIS,62,6.2,299.4,5.5,D,0
21.571,92.1923,358.7,2,1.4,2007-03-21,0738,Aqua,MODIS,99,6.2,301.3,207.3,D,0
21.5689,92.173,367.3,2,1.4,2007-03-21,0738,Aqua,MODIS,100,6.2,303.7,275.2,D,0
21.4637,92.387,317.1,2.1,1.4,2007-03-21,0738,Aqua,MODIS,56,6.2,303.4,18.6,D,0
21.7004,92.1889,399,2,1.4,2007-03-21,0738,Aqua,MODIS,100,6.2,307.1,666.3,D,0
21.7034,92.2023,424.5,2,1.4,2007-03-21,0738,Aqua,MODIS,100,6.2,310,1199.7,D,0
21.7015,92.1836,368.6,2,1.4,2007-03-21,0738,Aqua,MODIS,100,6.2,305.3,285.1,D,0
21.7025,92.2075,413.8,2,1.4,2007-03-21,0738,Aqua,MODIS,100,6.2,307.4,949.1,D,0
21.5665,92.511,373.5,2.1,1.4,2007-03-21,0738,Aqua,MODIS,100,6.2,306.1,361,D,0
21.7054,92.2214,334.8,2,1.4,2007-03-21,0738,Aqua,MODIS,85,6.2,301.6,70.4,D,0
21.5792,92.5099,321,2.1,1.4,2007-03-21,0738,Aqua,MODIS,67,6.2,302.6,28,D,0
21.5687,92.5329,322.6,2.1,1.4,2007-03-21,0738,Aqua,MODIS,71,6.2,303.6,32.9,D,0
21.5816,92.5325,325,2.1,1.4,2007-03-21,0738,Aqua,MODIS,74,6.2,302.4,41,D,0
21.7159,92.2007,320.1,2,1.4,2007-03-21,0738,Aqua,MODIS,46,6.2,302.6,21.9,D,0
23.3127,92.0785,327.2,2.1,1.4,2007-03-21,0739,Aqua,MODIS,80,6.2,300.3,47.3,D,0
22.9986,91.9383,320.2,2,1.4,2007-03-21,0739,Aqua,MODIS,45,6.2,293.8,28.4,D,0
23.1178,92.0729,327.2,2.1,1.4,2007-03-21,0739,Aqua,MODIS,80,6.2,298,49.9,D,0
23.1661,92.0467,315.3,2.1,1.4,2007-03-21,0739,Aqua,MODIS,55,6.2,297.5,14.9,D,0
23.1158,92.0526,327.5,2.1,1.4,2007-03-21,0739,Aqua,MODIS,80,6.2,298.6,50.5,D,0
23.3146,92.0983,347.7,2.1,1.4,2007-03-21,0739,Aqua,MODIS,94,6.2,300.1,145.8,D,0
23.3,92.0802,333.6,2.1,1.4,2007-03-21,0739,Aqua,MODIS,85,6.2,301.7,70.8,D,0
23.2688,92.0277,321.8,2.1,1.4,2007-03-21,0739,Aqua,MODIS,65,6.2,300.6,32.2,D,0
23.1051,92.3294,323.8,2.2,1.4,2007-03-21,0739,Aqua,MODIS,76,6.2,303.1,37.7,D,0
23.2667,92.0072,335.4,2.1,1.4,2007-03-21,0739,Aqua,MODIS,87,6.2,301.4,80.3,D,0
23.3024,92.1053,324.7,2.1,1.4,2007-03-21,0739,Aqua,MODIS,74,6.2,300.6,43.2,D,0
23.302,92.1001,335.1,2.1,1.4,2007-03-21,0739,Aqua,MODIS,86,6.2,301,79.8,D,0
23.313,92.0838,340.3,2.1,1.4,2007-03-21,0739,Aqua,MODIS,90,6.2,300.5,102.9,D,0
23.1157,92.0578,342.7,2.1,1.4,2007-03-21,0739,Aqua,MODIS,91,6.2,299,116.3,D,0
23.3151,92.1036,337.9,2.1,1.4,2007-03-21,0739,Aqua,MODIS,88,6.2,299.7,93.4,D,0
23.6122,92.0845,316,2.1,1.4,2007-03-21,0739,Aqua,MODIS,54,6.2,299.7,20.2,D,0
23.3003,92.0855,350.7,2.1,1.4,2007-03-21,0739,Aqua,MODIS,95,6.2,302,164,D,0
22.6293,92.4621,309.5,3.7,1.8,2007-03-22,0513,Terra,MODIS,50,6.2,291.7,29.6,D,0
21.8886,92.1616,318.9,1.3,1.1,2007-03-23,0726,Aqua,MODIS,67,6.2,300.2,10.2,D,0
21.9107,92.2574,323.1,1.3,1.1,2007-03-23,0726,Aqua,MODIS,74,6.2,299.3,17.1,D,0
23.0816,89.97,321.7,1,1,2007-03-23,0727,Aqua,MODIS,51,6.2,303.4,8.9,D,0
23.0062,90.0187,319.8,1,1,2007-03-23,0727,Aqua,MODIS,66,6.2,303.8,9.9,D,0
23.1731,90.0314,322.7,1,1,2007-03-23,0727,Aqua,MODIS,53,6.2,304,11,D,0
23.0802,89.96,322,1,1,2007-03-23,0727,Aqua,MODIS,45,6.2,301.1,8.4,D,0
23.061,89.4792,319.7,1,1,2007-03-23,0727,Aqua,MODIS,62,6.2,300.9,9.5,D,0
23.5577,89.3705,320.3,1.3,1.1,2007-03-24,0500,Terra,MODIS,59,6.2,302.1,11,D,0
23.844,89.5631,319.6,1.3,1.1,2007-03-24,0500,Terra,MODIS,60,6.2,304.2,9.7,D,0
22.1452,92.2211,306.4,1.2,1.1,2007-03-24,1556,Terra,MODIS,68,6.2,293.5,7.7,N,0
23.6019,89.6645,336,1.1,1,2007-03-25,0714,Aqua,MODIS,85,6.2,316.7,24.1,D,0
23.6036,89.675,386.1,1.1,1,2007-03-25,0714,Aqua,MODIS,100,6.2,318.6,185.7,D,0
21.7235,92.21,326.8,1,1,2007-03-25,0714,Aqua,MODIS,78,6.2,302.6,13.6,D,0
21.7221,92.2005,320.7,1,1,2007-03-25,0714,Aqua,MODIS,50,6.2,303.8,7.2,D,0
23.0496,89.9592,323.3,1.1,1,2007-03-25,0714,Aqua,MODIS,57,6.2,310.2,7.7,D,0
23.0508,89.9057,326.3,1.1,1,2007-03-25,0714,Aqua,MODIS,51,6.2,312.3,12,D,0
23.8579,90.9213,325.2,1,1,2007-03-25,0714,Aqua,MODIS,54,6.2,309.2,12.9,D,0
21.5961,92.2865,314.9,1,1,2007-03-25,0714,Aqua,MODIS,25,6.2,297.8,6.3,D,0
22.2078,92.1812,319.7,1,1,2007-03-25,0714,Aqua,MODIS,65,6.2,299.8,6.5,D,0
23.0481,92.0751,318.9,1,1,2007-03-25,0714,Aqua,MODIS,68,6.2,301.6,8.4,D,0
23.0468,92.0655,315.9,1,1,2007-03-25,0714,Aqua,MODIS,61,6.2,300.9,5.5,D,0
22.2757,92.2093,316.5,1,1,2007-03-25,0714,Aqua,MODIS,51,6.2,298.6,6.4,D,0
23.6112,89.6627,328,1.1,1,2007-03-25,0714,Aqua,MODIS,41,6.2,314.6,11,D,0
22.6535,92.0177,321.6,1,1,2007-03-25,0714,Aqua,MODIS,72,6.2,300.1,11.5,D,0
22.6549,92.0274,334.6,1,1,2007-03-25,0714,Aqua,MODIS,85,6.2,297.1,27.4,D,0
22.9981,91.7871,318,1,1,2007-03-25,0714,Aqua,MODIS,57,6.2,302.7,7.1,D,0
22.8088,91.6244,322.2,1,1,2007-03-25,0714,Aqua,MODIS,72,6.2,301,11.5,D,0
22.782,91.629,324.8,1,1,2007-03-25,0714,Aqua,MODIS,76,6.2,301.2,14,D,0
24.1102,90.4471,323.3,1,1,2007-03-25,0715,Aqua,MODIS,70,6.2,311,9,D,0
24.151,91.4102,330.3,1,1,2007-03-25,0715,Aqua,MODIS,42,6.2,312.2,13.8,D,0
23.8839,89.5711,332.6,1.1,1,2007-03-25,0715,Aqua,MODIS,79,6.2,313.3,22.6,D,0
24.7025,90.0897,321.1,1,1,2007-03-25,0715,Aqua,MODIS,66,6.2,308.5,8,D,0
24.1116,90.4571,320.7,1,1,2007-03-25,0715,Aqua,MODIS,55,6.2,309.7,6.7,D,0
23.6985,89.056,316.1,1,1,2007-03-26,0448,Terra,MODIS,27,6.2,303.7,5.3,D,0
25.5889,88.4698,323,1,1,2007-03-26,0448,Terra,MODIS,59,6.2,303.2,12.8,D,0
23.2829,89.307,315.7,1,1,2007-03-26,0448,Terra,MODIS,35,6.2,303.9,5.4,D,0
24.1509,91.4162,322.4,1.1,1.1,2007-03-26,0448,Terra,MODIS,54,6.2,308.3,9.8,D,0
23.7504,90.9386,318.6,1.1,1,2007-03-26,0448,Terra,MODIS,19,6.2,305.8,7.2,D,0
25.4804,89.6616,320.6,1,1,2007-03-26,0448,Terra,MODIS,0,6.2,310.2,11.2,D,0
21.6792,92.2341,330.3,1.3,1.2,2007-03-26,0449,Terra,MODIS,82,6.2,304.3,31.2,D,0
21.6771,92.247,318,1.4,1.2,2007-03-26,0449,Terra,MODIS,66,6.2,304.1,10.5,D,0
21.6185,92.158,318.3,1.3,1.1,2007-03-26,0449,Terra,MODIS,67,6.2,304.1,10.8,D,0
21.6889,92.2238,321.4,4.5,2,2007-03-26,0757,Aqua,MODIS,22,6.2,304.4,72.4,D,0
22.2377,92.1447,316.8,4.5,2,2007-03-26,0757,Aqua,MODIS,67,6.2,301.1,60.5,D,0
22.2372,92.1395,316.2,4.5,2,2007-03-26,0757,Aqua,MODIS,54,6.2,300.9,56.2,D,0
21.6048,92.2766,317,4.5,2,2007-03-26,0757,Aqua,MODIS,57,6.2,302.2,49.7,D,0
21.5549,92.3396,329.7,4.6,2,2007-03-26,0757,Aqua,MODIS,83,6.2,303.4,173,D,0
21.5998,92.2445,336.7,4.5,2,2007-03-26,0757,Aqua,MODIS,88,6.2,303,254.9,D,0
21.6193,92.2345,320.8,4.5,2,2007-03-26,0757,Aqua,MODIS,57,6.2,303.4,75.7,D,0
21.6172,92.2419,320.8,4.5,2,2007-03-26,0757,Aqua,MODIS,73,6.2,303,78.8,D,0
21.5153,92.2959,338.2,4.5,2,2007-03-26,0757,Aqua,MODIS,89,6.2,303.9,272.9,D,0
21.5537,92.3338,330.8,4.6,2,2007-03-26,0757,Aqua,MODIS,83,6.2,303.4,183.8,D,0
21.4985,92.3021,319.3,4.5,2,2007-03-26,0757,Aqua,MODIS,58,6.2,301.8,75.3,D,0
21.6018,92.2369,333.4,4.5,2,2007-03-26,0757,Aqua,MODIS,85,6.2,303.2,212.6,D,0
21.5184,92.3363,320.9,4.6,2,2007-03-26,0757,Aqua,MODIS,27,6.2,301.8,76.8,D,0
21.5161,92.3,339.9,4.5,2,2007-03-26,0757,Aqua,MODIS,90,6.2,303.8,301.8,D,0
21.3759,92.1866,332.3,1.2,1.1,2007-03-27,0701,Aqua,MODIS,83,6.2,308.5,27.6,D,0
21.3741,92.1752,328.5,1.2,1.1,2007-03-27,0701,Aqua,MODIS,79,6.2,308,20.6,D,0
21.4218,92.2849,325.2,1.2,1.1,2007-03-27,0701,Aqua,MODIS,75,6.2,304.8,17,D,0
21.4383,92.3884,334.7,1.2,1.1,2007-03-27,0701,Aqua,MODIS,85,6.2,307.7,32.5,D,0
21.4286,92.39,352.4,1.2,1.1,2007-03-27,0701,Aqua,MODIS,96,6.2,311.6,75.5,D,0
21.3725,92.4123,366.4,1.2,1.1,2007-03-27,0701,Aqua,MODIS,100,6.2,306.2,124,D,0
21.4268,92.3787,323.1,1.2,1.1,2007-03-27,0701,Aqua,MODIS,73,6.2,306.9,15.6,D,0
21.6855,92.4525,339.1,1.2,1.1,2007-03-27,0702,Aqua,MODIS,88,6.2,307.1,41.7,D,0
22.2116,92.1525,320.1,1.2,1.1,2007-03-27,0702,Aqua,MODIS,66,6.2,309.7,9.2,D,0
22.9908,92.2811,316.3,1.2,1.1,2007-03-27,0702,Aqua,MODIS,53,6.2,304.6,7.5,D,0
22.867,91.9435,321.3,1.2,1.1,2007-03-27,0702,Aqua,MODIS,69,6.2,302.7,12.4,D,0
22.8689,91.9551,324,1.2,1.1,2007-03-27,0702,Aqua,MODIS,73,6.2,303.5,16.9,D,0
22.8592,91.9569,320.2,1.2,1.1,2007-03-27,0702,Aqua,MODIS,34,6.2,303.9,11.3,D,0
22.9831,91.9626,319.1,1.2,1.1,2007-03-27,0702,Aqua,MODIS,60,6.2,304.2,9.4,D,0
22.9753,91.976,324.1,1.2,1.1,2007-03-27,0702,Aqua,MODIS,74,6.2,304.5,16.3,D,0
22.7854,91.6372,317.8,1.3,1.1,2007-03-27,0702,Aqua,MODIS,60,6.2,306.1,8.9,D,0
23.0407,91.814,326.4,1.2,1.1,2007-03-27,0702,Aqua,MODIS,77,6.2,305.4,20,D,0
23.0388,91.8023,320.9,1.2,1.1,2007-03-27,0702,Aqua,MODIS,69,6.2,306.1,11.9,D,0
21.7626,92.4767,383.5,1.2,1.1,2007-03-27,0702,Aqua,MODIS,100,6.2,317.9,195.9,D,0
22.3688,92.228,317.3,1.2,1.1,2007-03-27,0702,Aqua,MODIS,56,6.2,306.5,6,D,0
21.6866,92.5203,356.8,1.2,1.1,2007-03-27,0702,Aqua,MODIS,98,6.2,311.1,83.9,D,0
21.5535,92.5355,330.8,1.2,1.1,2007-03-27,0702,Aqua,MODIS,81,6.2,306.6,23.9,D,0
21.5551,92.5457,394.2,1.2,1.1,2007-03-27,0702,Aqua,MODIS,100,6.2,315.9,262.5,D,0
21.5568,92.5565,369.5,1.2,1.1,2007-03-27,0702,Aqua,MODIS,100,6.2,311,128.5,D,0
21.8178,92.5139,353.2,1.2,1.1,2007-03-27,0702,Aqua,MODIS,96,6.2,308.6,73.2,D,0
22.8971,90.0274,317.3,1.6,1.2,2007-03-27,0702,Aqua,MODIS,36,6.2,306.4,13.5,D,0
21.7645,92.4879,410.8,1.2,1.1,2007-03-27,0702,Aqua,MODIS,100,6.2,318.4,392.3,D,0
21.7758,92.4974,325.8,1.2,1.1,2007-03-27,0702,Aqua,MODIS,75,6.2,310,15.2,D,0
21.8272,92.5113,342.3,1.2,1.1,2007-03-27,0702,Aqua,MODIS,90,6.2,309.4,45.5,D,0
21.6848,92.5093,355.8,1.2,1.1,2007-03-27,0702,Aqua,MODIS,98,6.2,312.4,81.8,D,0
21.829,92.5226,327.5,1.2,1.1,2007-03-27,0702,Aqua,MODIS,77,6.2,307.4,19.1,D,0
21.8196,92.5252,385.1,1.2,1.1,2007-03-27,0702,Aqua,MODIS,100,6.2,310.4,206.3,D,0
21.6266,92.4106,357.3,1.2,1.1,2007-03-27,0702,Aqua,MODIS,98,6.2,310.6,88.1,D,0
21.6284,92.4221,357.1,1.2,1.1,2007-03-27,0702,Aqua,MODIS,98,6.2,309.8,87.6,D,0
21.6169,92.4123,338.9,1.2,1.1,2007-03-27,0702,Aqua,MODIS,88,6.2,308.8,40.1,D,0
21.6187,92.4237,391.3,1.2,1.1,2007-03-27,0702,Aqua,MODIS,100,6.2,312.6,249.8,D,0
21.5482,92.3555,335.1,1.2,1.1,2007-03-27,0702,Aqua,MODIS,85,6.2,309.8,31.8,D,0
21.4862,92.3625,326.4,1.2,1.1,2007-03-27,0702,Aqua,MODIS,77,6.2,308.6,19.3,D,0
21.6817,92.2429,344.9,1.2,1.1,2007-03-27,0702,Aqua,MODIS,92,6.2,311.6,51.1,D,0
21.6721,92.2452,321.4,1.2,1.1,2007-03-27,0702,Aqua,MODIS,46,6.2,308.8,7.8,D,0
21.6294,92.2287,319,1.2,1.1,2007-03-27,0702,Aqua,MODIS,28,6.2,306.5,7.3,D,0
21.6313,92.2404,340.1,1.2,1.1,2007-03-27,0702,Aqua,MODIS,89,6.2,310.6,42.4,D,0
21.6333,92.2527,324.2,1.2,1.1,2007-03-27,0702,Aqua,MODIS,64,6.2,307.5,13,D,0
21.774,92.4861,397.4,1.2,1.1,2007-03-27,0702,Aqua,MODIS,100,6.2,318.3,283.5,D,0
21.7723,92.4752,338.5,1.2,1.1,2007-03-27,0702,Aqua,MODIS,88,6.2,312.3,35,D,0
21.6158,92.2679,322.9,1.2,1.1,2007-03-27,0702,Aqua,MODIS,40,6.2,308.1,11,D,0
21.6147,92.2733,319.6,1.2,1.1,2007-03-27,0702,Aqua,MODIS,41,6.2,308.4,8.1,D,0
21.7186,92.2055,335.5,1.2,1.1,2007-03-27,0702,Aqua,MODIS,86,6.2,312.4,31.4,D,0
21.7167,92.1937,325.7,1.2,1.1,2007-03-27,0702,Aqua,MODIS,71,6.2,309.8,15.2,D,0
21.7283,92.2037,336.7,1.2,1.1,2007-03-27,0702,Aqua,MODIS,87,6.2,312.7,33.3,D,0
21.7264,92.192,324.7,1.2,1.1,2007-03-27,0702,Aqua,MODIS,68,6.2,310.9,13.3,D,0
23.0491,89.9107,326.3,1.6,1.2,2007-03-27,0702,Aqua,MODIS,42,6.2,312.4,21.2,D,0
21.5578,92.3533,321.3,1.2,1.1,2007-03-27,0702,Aqua,MODIS,69,6.2,311.3,11.4,D,0
21.5596,92.3647,327,1.2,1.1,2007-03-27,0702,Aqua,MODIS,78,6.2,308.8,19.5,D,0
21.873,92.1583,323.5,1.2,1.1,2007-03-27,0702,Aqua,MODIS,73,6.2,310.9,12.7,D,0
21.5817,92.5009,325.7,1.2,1.1,2007-03-27,0702,Aqua,MODIS,75,6.2,307.9,16.9,D,0
23.6089,89.6719,333.8,1.6,1.2,2007-03-27,0702,Aqua,MODIS,83,6.2,312.5,38.4,D,0
23.595,89.6589,324.3,1.6,1.2,2007-03-27,0702,Aqua,MODIS,65,6.2,312,16,D,0
23.5978,89.6743,328.7,1.6,1.2,2007-03-27,0702,Aqua,MODIS,77,6.2,311.9,26.2,D,0
21.5472,92.5583,342.4,1.2,1.1,2007-03-27,0702,Aqua,MODIS,90,6.2,308.6,45.6,D,0
21.5455,92.5474,357.8,1.2,1.1,2007-03-27,0702,Aqua,MODIS,99,6.2,310,88.2,D,0
21.5439,92.537,318.9,1.2,1.1,2007-03-27,0702,Aqua,MODIS,43,6.2,306.1,8.9,D,0
23.8404,90.9401,326.2,1.3,1.1,2007-03-27,0702,Aqua,MODIS,64,6.2,306.7,18.8,D,0
23.8383,90.9274,323.8,1.3,1.1,2007-03-27,0702,Aqua,MODIS,45,6.2,308.5,14.1,D,0
22.2956,92.0352,330.4,1.2,1.1,2007-03-27,0702,Aqua,MODIS,80,6.2,307.2,26,D,0
22.2975,92.0469,345.9,1.2,1.1,2007-03-27,0702,Aqua,MODIS,92,6.2,303.9,59.3,D,0
22.7693,92.1742,321.8,1.2,1.1,2007-03-27,0702,Aqua,MODIS,61,6.2,304.8,13.7,D,0
23.4178,91.9786,346.7,1.2,1.1,2007-03-27,0702,Aqua,MODIS,93,6.2,305.6,61,D,0
23.4196,91.9895,328.8,1.2,1.1,2007-03-27,0702,Aqua,MODIS,80,6.2,302.4,24.8,D,0
23.4141,91.9728,334.3,1.2,1.1,2007-03-27,0702,Aqua,MODIS,85,6.2,304.7,33.6,D,0
23.4159,91.9842,357,1.2,1.1,2007-03-27,0702,Aqua,MODIS,98,6.2,305.4,89.5,D,0
21.5486,92.2969,375.2,1.2,1.1,2007-03-27,0702,Aqua,MODIS,100,6.2,313.8,161.7,D,0
21.5505,92.3083,399.6,1.2,1.1,2007-03-27,0702,Aqua,MODIS,100,6.2,316.9,314,D,0
21.5524,92.3202,324.1,1.2,1.1,2007-03-27,0702,Aqua,MODIS,74,6.2,307.6,14,D,0
21.5389,92.2985,339.2,1.2,1.1,2007-03-27,0702,Aqua,MODIS,88,6.2,310.1,40.9,D,0
21.5408,92.31,386,1.2,1.1,2007-03-27,0702,Aqua,MODIS,100,6.2,314.7,220.8,D,0
21.5427,92.3222,323,1.2,1.1,2007-03-27,0702,Aqua,MODIS,64,6.2,308.2,12.7,D,0
21.4963,92.3012,338.5,1.2,1.1,2007-03-27,0702,Aqua,MODIS,88,6.2,306,39.9,D,0
21.4982,92.3129,395.2,1.2,1.1,2007-03-27,0702,Aqua,MODIS,100,6.2,313.4,282,D,0
21.7223,92.4352,329.2,1.2,1.1,2007-03-27,0702,Aqua,MODIS,80,6.2,307.5,22.8,D,0
21.6705,92.4204,318.8,1.2,1.1,2007-03-27,0702,Aqua,MODIS,63,6.2,306.8,9,D,0
21.5,92.3243,326.1,1.2,1.1,2007-03-27,0702,Aqua,MODIS,77,6.2,307.2,17.6,D,0
21.5714,92.5588,393.3,1.2,1.1,2007-03-27,0702,Aqua,MODIS,100,6.2,314.8,255.1,D,0
21.5696,92.5479,371,1.2,1.1,2007-03-27,0702,Aqua,MODIS,100,6.2,314.9,136.6,D,0
21.5809,92.5571,404,1.2,1.1,2007-03-27,0702,Aqua,MODIS,100,6.2,315.2,333.8,D,0
21.5791,92.546,417,1.2,1.1,2007-03-27,0702,Aqua,MODIS,100,6.2,321.9,452.2,D,0
21.5586,92.2354,345.3,1.2,1.1,2007-03-27,0702,Aqua,MODIS,92,6.2,305.5,58.6,D,0
21.5605,92.2469,352,1.2,1.1,2007-03-27,0702,Aqua,MODIS,96,6.2,306.2,76.3,D,0
21.5294,92.2408,315.7,1.2,1.1,2007-03-27,0702,Aqua,MODIS,54,6.2,304.2,6.6,D,0
23.2951,91.8722,318.3,1.2,1.1,2007-03-27,0702,Aqua,MODIS,65,6.2,304.3,9.6,D,0
23.303,91.8404,327.5,1.2,1.1,2007-03-27,0702,Aqua,MODIS,79,6.2,303.7,21.5,D,0
23.3127,91.8386,323.4,1.2,1.1,2007-03-27,0702,Aqua,MODIS,74,6.2,304.4,16.3,D,0
22.52,92.1581,319.6,1.2,1.1,2007-03-27,0702,Aqua,MODIS,35,6.2,303.4,10,D,0
22.5181,92.1464,319,1.2,1.1,2007-03-27,0702,Aqua,MODIS,29,6.2,303.6,8.8,D,0
22.5214,92.1521,326.1,1.2,1.1,2007-03-27,0702,Aqua,MODIS,76,6.2,303.9,17.9,D,0
22.5292,92.1386,338.7,1.2,1.1,2007-03-27,0702,Aqua,MODIS,88,6.2,305,40.4,D,0
22.5273,92.1272,321,1.2,1.1,2007-03-27,0702,Aqua,MODIS,68,6.2,305.2,10.7,D,0
21.6364,92.333,328.3,1.2,1.1,2007-03-27,0702,Aqua,MODIS,79,6.2,308.1,19.6,D,0
21.6383,92.3443,323.8,1.2,1.1,2007-03-27,0702,Aqua,MODIS,72,6.2,307,13.5,D,0
21.6727,92.4197,310.4,1.6,1.3,2007-03-27,1627,Terra,MODIS,80,6.2,294.6,18.8,N,0
21.6742,92.433,314.2,1.6,1.3,2007-03-27,1627,Terra,MODIS,89,6.2,294.4,24.6,N,0
24.9989,92.0559,317.5,1,1,2007-03-28,0435,Terra,MODIS,65,6.2,304.1,7.1,D,0
24.9975,92.0658,322.9,1,1,2007-03-28,0435,Terra,MODIS,74,6.2,304,12.4,D,0
21.5734,92.3305,343.3,1,1,2007-03-28,0436,Terra,MODIS,91,6.2,306.8,40.2,D,0
23.7534,90.9775,324.5,1,1,2007-03-28,0436,Terra,MODIS,74,6.2,308.4,11.6,D,0
23.8264,90.9141,325.4,1,1,2007-03-28,0436,Terra,MODIS,48,6.2,312.4,11.3,D,0
21.5668,92.4947,317.6,1,1,2007-03-28,0436,Terra,MODIS,50,6.2,305.6,6.3,D,0
22.9252,91.9929,319.7,1,1,2007-03-28,0436,Terra,MODIS,68,6.2,305.9,8.4,D,0
21.4412,92.4109,316.9,1,1,2007-03-28,0436,Terra,MODIS,61,6.2,306,6,D,0
21.5818,92.5172,365.1,1,1,2007-03-28,0436,Terra,MODIS,100,6.2,306.5,93.9,D,0
21.5682,92.4851,333.4,1,1,2007-03-28,0436,Terra,MODIS,85,6.2,306.9,24.6,D,0
21.5833,92.5075,351.1,1,1,2007-03-28,0436,Terra,MODIS,96,6.2,308.6,56.6,D,0
23.8522,90.9285,332.7,1,1,2007-03-28,0436,Terra,MODIS,82,6.2,310.5,21.3,D,0
21.6099,92.3335,321.9,1,1,2007-03-28,0436,Terra,MODIS,71,6.2,307.7,9.2,D,0
21.5577,92.4933,318.7,1,1,2007-03-28,0436,Terra,MODIS,60,6.2,305.4,7.3,D,0
21.5705,92.35,337.5,1,1,2007-03-28,0436,Terra,MODIS,88,6.2,308.3,29.7,D,0
21.5059,92.2301,320,1,1,2007-03-28,0436,Terra,MODIS,56,6.2,307.5,6.8,D,0
21.496,92.2323,325.3,1,1,2007-03-28,0436,Terra,MODIS,78,6.2,308,13.8,D,0
21.6948,92.4428,323.9,1,1,2007-03-28,0436,Terra,MODIS,76,6.2,307,13.4,D,0
21.6932,92.4528,332.9,1,1,2007-03-28,0436,Terra,MODIS,85,6.2,308.5,24.9,D,0
21.5719,92.3402,390.9,1,1,2007-03-28,0436,Terra,MODIS,100,6.2,316.3,197.4,D,0
21.7084,92.396,336.5,2.7,1.6,2007-03-28,0744,Aqua,MODIS,86,6.2,307.5,117.1,D,0
21.7744,92.1512,321.2,2.6,1.6,2007-03-28,0744,Aqua,MODIS,65,6.2,309.9,30.1,D,0
21.3813,92.1735,338.3,2.6,1.6,2007-03-28,0744,Aqua,MODIS,87,6.2,309.4,117.5,D,0
21.7749,92.3058,321.8,2.7,1.6,2007-03-28,0744,Aqua,MODIS,67,6.2,308,39.4,D,0
21.564,92.477,318.1,2.8,1.6,2007-03-28,0744,Aqua,MODIS,47,6.2,303.8,25.1,D,0
21.5615,92.4512,342,2.8,1.6,2007-03-28,0744,Aqua,MODIS,90,6.2,305.6,160.8,D,0
21.7773,92.3318,317.2,2.7,1.6,2007-03-28,0744,Aqua,MODIS,50,6.2,306.2,22.8,D,0
21.49,92.3023,418.5,2.7,1.6,2007-03-28,0744,Aqua,MODIS,100,6.2,315.4,1563.1,D,0
21.5591,92.4263,336.4,2.7,1.6,2007-03-28,0744,Aqua,MODIS,85,6.2,307.1,120.7,D,0
21.4924,92.3275,327.7,2.7,1.6,2007-03-28,0744,Aqua,MODIS,77,6.2,303.3,64.2,D,0
21.3788,92.1493,329.6,2.6,1.5,2007-03-28,0744,Aqua,MODIS,79,6.2,310.7,67,D,0
21.3858,92.1681,344.5,2.6,1.6,2007-03-28,0744,Aqua,MODIS,91,6.2,310.5,162,D,0
21.3835,92.1438,323.4,2.6,1.5,2007-03-28,0744,Aqua,MODIS,70,6.2,310.5,39.8,D,0
21.7703,92.157,323.4,2.6,1.6,2007-03-28,0744,Aqua,MODIS,70,6.2,310,37.1,D,0
21.7247,92.4162,316.8,2.8,1.6,2007-03-28,0744,Aqua,MODIS,42,6.2,303.8,18.5,D,0
21.7106,92.4194,391,2.8,1.6,2007-03-28,0744,Aqua,MODIS,100,6.2,308.7,844.2,D,0
21.7061,92.427,346.5,2.8,1.6,2007-03-28,0744,Aqua,MODIS,92,6.2,305.1,194.7,D,0
21.476,92.3042,318.3,2.7,1.6,2007-03-28,0744,Aqua,MODIS,53,6.2,304.3,24.7,D,0
21.7718,92.3116,324.5,2.7,1.6,2007-03-28,0744,Aqua,MODIS,72,6.2,307.9,51.5,D,0
21.5998,92.5222,316.2,2.8,1.6,2007-03-28,0744,Aqua,MODIS,41,6.2,303.7,24.5,D,0
21.4399,92.2903,321.9,2.7,1.6,2007-03-28,0744,Aqua,MODIS,67,6.2,305.5,42.3,D,0
21.4986,92.3084,355.9,2.7,1.6,2007-03-28,0744,Aqua,MODIS,98,6.2,307.8,273.6,D,0
21.4845,92.3102,399.1,2.7,1.6,2007-03-28,0744,Aqua,MODIS,100,6.2,309.7,997.6,D,0
21.566,92.3112,326.8,2.7,1.6,2007-03-28,0744,Aqua,MODIS,75,6.2,306.9,57.9,D,0
21.5685,92.3388,328.8,2.7,1.6,2007-03-28,0744,Aqua,MODIS,78,6.2,306,69.4,D,0
21.5768,92.316,331.1,2.7,1.6,2007-03-28,0744,Aqua,MODIS,81,6.2,307.7,80.2,D,0
21.7895,92.4625,321.6,2.8,1.6,2007-03-28,0744,Aqua,MODIS,66,6.2,306.6,37.2,D,0
21.5627,92.3173,323.7,2.7,1.6,2007-03-28,0744,Aqua,MODIS,71,6.2,306.8,46,D,0
21.7875,92.4679,323.6,2.8,1.6,2007-03-28,0744,Aqua,MODIS,70,6.2,306.5,46.7,D,0
21.4821,92.2854,364.3,2.7,1.6,2007-03-28,0744,Aqua,MODIS,100,6.2,308.6,367.2,D,0
21.4961,92.284,343.8,2.7,1.6,2007-03-28,0744,Aqua,MODIS,91,6.2,307.4,164.6,D,0
21.4877,92.2775,328.4,2.7,1.6,2007-03-28,0744,Aqua,MODIS,78,6.2,307.9,65.9,D,0
21.7038,92.4037,328.2,2.7,1.6,2007-03-28,0744,Aqua,MODIS,77,6.2,306.8,68.4,D,0
21.9081,92.0985,324.1,2.6,1.6,2007-03-28,0745,Aqua,MODIS,72,6.2,309,42.1,D,0
22.4037,92.407,320,2.8,1.6,2007-03-28,0745,Aqua,MODIS,64,6.2,307.5,37.3,D,0
23.0007,91.7815,327,2.6,1.5,2007-03-28,0745,Aqua,MODIS,77,6.2,308.5,53.7,D,0
22.4013,92.3803,318.2,2.8,1.6,2007-03-28,0745,Aqua,MODIS,59,6.2,307,28.9,D,0
23.0057,91.7753,323.3,2.6,1.5,2007-03-28,0745,Aqua,MODIS,73,6.2,308.2,40.8,D,0
23.0725,92.1841,319.3,2.8,1.6,2007-03-28,0745,Aqua,MODIS,57,6.2,306.2,34.2,D,0
21.9104,92.1237,327.7,2.6,1.6,2007-03-28,0745,Aqua,MODIS,77,6.2,308.1,57.2,D,0
21.9038,92.1039,332.8,2.6,1.6,2007-03-28,0745,Aqua,MODIS,82,6.2,308.9,86.2,D,0
21.9063,92.1292,322,2.6,1.6,2007-03-28,0745,Aqua,MODIS,68,6.2,307.9,33.4,D,0
23.3108,91.8224,345.6,2.6,1.6,2007-03-28,0745,Aqua,MODIS,92,6.2,309.1,175.6,D,0
23.3132,91.8476,326.5,2.6,1.6,2007-03-28,0745,Aqua,MODIS,77,6.2,305.1,59.3,D,0
21.8763,92.3186,319.5,2.7,1.6,2007-03-28,0745,Aqua,MODIS,46,6.2,306.4,30.1,D,0
23.2687,89.8532,326.1,1.9,1.3,2007-03-28,0745,Aqua,MODIS,42,6.2,310.9,24.1,D,0
22.3974,92.388,322.8,2.8,1.6,2007-03-28,0745,Aqua,MODIS,70,6.2,307.4,48.6,D,0
21.8787,92.343,320.4,2.7,1.6,2007-03-28,0745,Aqua,MODIS,48,6.2,305.1,33.9,D,0
21.8835,92.3349,324.5,2.7,1.6,2007-03-28,0745,Aqua,MODIS,72,6.2,305.4,53,D,0
22.8789,91.9028,325.5,2.6,1.6,2007-03-28,0745,Aqua,MODIS,75,6.2,307,47,D,0
22.8765,91.8779,328.7,2.6,1.5,2007-03-28,0745,Aqua,MODIS,79,6.2,309.4,61.4,D,0
22.9202,91.9669,320.6,2.6,1.6,2007-03-28,0745,Aqua,MODIS,67,6.2,307,34.2,D,0
23.331,91.8341,309.1,3.2,1.7,2007-03-28,1532,Terra,MODIS,76,6.2,293.1,47.6,N,0
23.3293,91.8295,311,3.2,1.7,2007-03-28,1532,Terra,MODIS,81,6.2,293.1,56,N,0
21.5391,92.5323,303.9,1.4,1.2,2007-03-28,1954,Aqua,MODIS,52,6.2,293.1,9.4,N,0
24.2616,91.7605,312.9,3.8,1.8,2007-03-29,0518,Terra,MODIS,56,6.2,302.5,33.4,D,0
23.7314,90.9186,317.2,3.4,1.7,2007-03-29,0519,Terra,MODIS,37,6.2,305.6,44.6,D,0
23.7265,90.9227,317.5,3.4,1.7,2007-03-29,0519,Terra,MODIS,36,6.2,305.3,45.6,D,0
21.5747,92.2564,316.8,1.9,1.3,2007-03-29,0649,Aqua,MODIS,47,6.2,304.1,14.3,D,0
21.8084,92.5272,316.6,1.8,1.3,2007-03-29,0649,Aqua,MODIS,50,6.2,305.1,12.4,D,0
21.7011,92.4477,327.4,1.8,1.3,2007-03-29,0649,Aqua,MODIS,56,6.2,303.8,37.8,D,0
22.3641,92.53,332.5,1.8,1.3,2007-03-29,0649,Aqua,MODIS,84,6.2,303.9,57.4,D,0
21.7032,92.2182,320.1,1.9,1.3,2007-03-29,0649,Aqua,MODIS,69,6.2,306.1,19.7,D,0
21.5961,92.5105,375.2,1.8,1.3,2007-03-29,0649,Aqua,MODIS,100,6.2,307.3,301.7,D,0
21.5931,92.4942,324.8,1.8,1.3,2007-03-29,0649,Aqua,MODIS,75,6.2,304.2,32,D,0
21.5513,92.4653,321.4,1.8,1.3,2007-03-29,0649,Aqua,MODIS,69,6.2,306.1,22.7,D,0
21.5429,92.4857,337,1.8,1.3,2007-03-29,0649,Aqua,MODIS,87,6.2,306.5,70.6,D,0
21.5463,92.5042,325.7,1.8,1.3,2007-03-29,0649,Aqua,MODIS,76,6.2,303.1,32.9,D,0
21.5451,92.4734,340.3,1.8,1.3,2007-03-29,0649,Aqua,MODIS,89,6.2,306.7,82.9,D,0
21.5484,92.492,362,1.8,1.3,2007-03-29,0649,Aqua,MODIS,100,6.2,306.5,199.9,D,0
21.5545,92.4829,351.6,1.8,1.3,2007-03-29,0649,Aqua,MODIS,96,6.2,306.9,137.5,D,0
21.6079,92.5084,342.3,1.8,1.3,2007-03-29,0649,Aqua,MODIS,90,6.2,303.2,90.9,D,0
21.6049,92.4919,358.6,1.8,1.3,2007-03-29,0649,Aqua,MODIS,99,6.2,305.3,177.9,D,0
21.5123,92.2194,318,1.9,1.4,2007-03-29,0649,Aqua,MODIS,64,6.2,304.4,17.5,D,0
21.5475,92.243,315.9,1.9,1.4,2007-03-29,0649,Aqua,MODIS,11,6.2,303.8,12,D,0
21.599,92.5267,337.5,1.8,1.3,2007-03-29,0649,Aqua,MODIS,87,6.2,304.9,70.4,D,0
21.5905,92.5464,318.4,1.8,1.3,2007-03-29,0649,Aqua,MODIS,43,6.2,303.5,16.4,D,0
21.5691,92.5405,323.2,1.8,1.3,2007-03-29,0649,Aqua,MODIS,72,6.2,304.6,27.4,D,0
22.3412,92.2664,320.5,1.8,1.3,2007-03-29,0649,Aqua,MODIS,71,6.2,305.2,23,D,0
21.3445,92.1456,319.5,2,1.4,2007-03-29,0649,Aqua,MODIS,67,6.2,305,20.2,D,0
21.348,92.1646,327.6,2,1.4,2007-03-29,0649,Aqua,MODIS,79,6.2,305,43.6,D,0
21.683,92.4146,366.5,1.9,1.3,2007-03-29,0649,Aqua,MODIS,100,6.2,305.5,233.4,D,0
21.6982,92.4315,355.8,1.8,1.3,2007-03-29,0649,Aqua,MODIS,98,6.2,305,160.6,D,0
21.7128,92.4451,369.6,1.8,1.3,2007-03-29,0649,Aqua,MODIS,100,6.2,305,257.1,D,0
21.7101,92.4296,364.7,1.8,1.3,2007-03-29,0649,Aqua,MODIS,100,6.2,305,220.3,D,0
21.5867,92.2542,354,1.9,1.3,2007-03-29,0649,Aqua,MODIS,97,6.2,304.8,159.6,D,0
21.5834,92.2357,345.4,1.9,1.4,2007-03-29,0649,Aqua,MODIS,92,6.2,304.7,113.4,D,0
21.6947,92.4119,323.9,1.9,1.3,2007-03-29,0649,Aqua,MODIS,58,6.2,303.6,27.7,D,0
21.3957,92.6059,320.1,1.8,1.3,2007-03-29,0649,Aqua,MODIS,56,6.2,304.3,22,D,0
22.9488,91.9402,325.4,1.9,1.3,2007-03-29,0650,Aqua,MODIS,52,6.2,304.5,30.7,D,0
23.1235,89.5818,320.1,2.8,1.6,2007-03-29,0650,Aqua,MODIS,62,6.2,306.6,32.2,D,0
23.1205,89.5871,321.3,2.8,1.6,2007-03-29,0650,Aqua,MODIS,60,6.2,306.5,35.4,D,0
22.6251,92.4397,327.2,1.8,1.3,2007-03-29,0650,Aqua,MODIS,78,6.2,304.1,40.7,D,0
23.0605,91.7778,325.8,1.9,1.4,2007-03-29,0650,Aqua,MODIS,77,6.2,306.5,36.6,D,0
23.0485,91.7804,336.4,1.9,1.4,2007-03-29,0650,Aqua,MODIS,87,6.2,306.9,72,D,0
23.052,91.799,317.5,1.9,1.4,2007-03-29,0650,Aqua,MODIS,41,6.2,305,13.7,D,0
23.2508,92.0059,329,1.8,1.3,2007-03-29,0650,Aqua,MODIS,81,6.2,304.8,46.3,D,0
23.6165,89.6501,321.9,2.7,1.6,2007-03-29,0650,Aqua,MODIS,69,6.2,307.6,32.4,D,0
23.0197,91.9581,329.5,1.9,1.3,2007-03-29,0650,Aqua,MODIS,81,6.2,305.3,48,D,0
23.0081,91.9273,326.6,1.9,1.3,2007-03-29,0650,Aqua,MODIS,78,6.2,304.4,38.3,D,0
23.0115,91.9458,339,1.9,1.3,2007-03-29,0650,Aqua,MODIS,88,6.2,305.1,82,D,0
23.0148,91.964,341.6,1.9,1.3,2007-03-29,0650,Aqua,MODIS,90,6.2,305.1,93,D,0
22.4325,92.0873,316,1.9,1.3,2007-03-29,0650,Aqua,MODIS,58,6.2,304.1,14.1,D,0
23.0028,92.2805,317.2,1.8,1.3,2007-03-29,0650,Aqua,MODIS,52,6.2,302.8,18.5,D,0
22.9912,92.283,326.7,1.8,1.3,2007-03-29,0650,Aqua,MODIS,74,6.2,303,40.6,D,0
23.2422,92.0252,317.4,1.8,1.3,2007-03-29,0650,Aqua,MODIS,65,6.2,304.3,16.3,D,0
23.239,92.0082,327.6,1.8,1.3,2007-03-29,0650,Aqua,MODIS,80,6.2,304.8,42.6,D,0
22.6283,92.4575,334.8,1.8,1.3,2007-03-29,0650,Aqua,MODIS,85,6.2,303.5,63.4,D,0
22.484,92.3682,315.8,1.8,1.3,2007-03-29,0650,Aqua,MODIS,32,6.2,304.3,13.1,D,0
23.0169,92.1104,329.6,1.8,1.3,2007-03-29,0650,Aqua,MODIS,81,6.2,304.7,44.8,D,0
22.4165,92.4426,333.8,1.8,1.3,2007-03-29,0650,Aqua,MODIS,85,6.2,304,60.7,D,0
23.3861,91.9691,324.3,1.8,1.3,2007-03-29,0650,Aqua,MODIS,76,6.2,305.4,34.4,D,0
23.3916,91.9629,326.3,1.8,1.3,2007-03-29,0650,Aqua,MODIS,78,6.2,305,37.8,D,0
22.4196,92.4598,316.2,1.8,1.3,2007-03-29,0650,Aqua,MODIS,60,6.2,302.8,15.2,D,0
22.335,92.2628,323.8,1.8,1.3,2007-03-29,0650,Aqua,MODIS,57,6.2,305.4,30.7,D,0
22.4991,92.385,319.9,1.8,1.3,2007-03-29,0650,Aqua,MODIS,68,6.2,303.5,22.2,D,0
24.1679,89.2629,319.4,2.8,1.6,2007-03-29,0650,Aqua,MODIS,65,6.2,306.7,30.9,D,0
23.0424,92.0491,325.7,1.8,1.3,2007-03-29,0650,Aqua,MODIS,55,6.2,305.6,32.5,D,0
24.1708,89.2571,321.2,2.8,1.6,2007-03-29,0650,Aqua,MODIS,69,6.2,307.5,39.4,D,0
22.6127,92.3705,314.3,1.8,1.3,2007-03-29,0650,Aqua,MODIS,51,6.2,303.2,11.8,D,0
23.0372,92.088,320.7,1.8,1.3,2007-03-29,0650,Aqua,MODIS,37,6.2,304.3,21,D,0
23.0629,92.0584,323.8,1.8,1.3,2007-03-29,0650,Aqua,MODIS,75,6.2,305.2,30.1,D,0
23.0478,92.043,331.8,1.8,1.3,2007-03-29,0650,Aqua,MODIS,83,6.2,305.8,51.3,D,0
22.9987,92.2746,332.2,1.8,1.3,2007-03-29,0650,Aqua,MODIS,79,6.2,303.7,58,D,0
23.0286,92.1078,329.2,1.8,1.3,2007-03-29,0650,Aqua,MODIS,76,6.2,303.8,42.9,D,0
23.1045,91.9131,326.7,1.9,1.3,2007-03-29,0650,Aqua,MODIS,78,6.2,305,40.1,D,0
23.0991,91.9214,322.7,1.9,1.3,2007-03-29,0650,Aqua,MODIS,73,6.2,304.7,30.7,D,0
23.0958,91.9031,317.4,1.9,1.3,2007-03-29,0650,Aqua,MODIS,63,6.2,305.1,17.9,D,0
22.9658,91.8985,321.5,1.9,1.3,2007-03-29,0650,Aqua,MODIS,29,6.2,305.3,19.4,D,0
23.0403,92.105,324.9,1.8,1.3,2007-03-29,0650,Aqua,MODIS,76,6.2,303.9,33.5,D,0
23.2912,91.9595,316,1.9,1.3,2007-03-29,0650,Aqua,MODIS,61,6.2,304.4,15.2,D,0
21.846,92.5308,314.1,1.1,1,2007-03-29,1614,Terra,MODIS,88,6.2,294.6,13.4,N,0
21.5782,92.5426,308.7,1.1,1,2007-03-29,1614,Terra,MODIS,75,6.2,293.6,9.3,N,0
21.7816,92.4022,319.9,1.1,1,2007-03-29,1614,Terra,MODIS,99,6.2,295.5,18.5,N,0
21.6937,92.4327,326.5,1.1,1,2007-03-29,1614,Terra,MODIS,100,6.2,296.6,25,N,0
21.6924,92.4228,349,1.1,1,2007-03-29,1614,Terra,MODIS,100,6.2,298.5,65.8,N,0
21.783,92.413,311.9,1.1,1,2007-03-29,1614,Terra,MODIS,84,6.2,295.3,11.1,N,0
21.4927,92.445,309,1.1,1,2007-03-29,1614,Terra,MODIS,76,6.2,294,9.7,N,0
22.1685,92.1922,326.3,1.1,1,2007-03-29,1614,Terra,MODIS,100,6.2,294.7,26.5,N,0
21.5565,92.3021,320.9,1.1,1,2007-03-29,1614,Terra,MODIS,100,6.2,296.1,19.3,N,0
21.7017,92.4213,309.2,1.1,1,2007-03-29,1614,Terra,MODIS,66,6.2,295.9,7.8,N,0
22.6571,92.006,305,1.1,1,2007-03-29,1615,Terra,MODIS,62,6.2,292.6,7,N,0
22.6342,92.3138,309.1,1.1,1,2007-03-29,1615,Terra,MODIS,76,6.2,295.1,8.5,N,0
22.6355,92.3241,314.6,1.1,1,2007-03-29,1615,Terra,MODIS,90,6.2,295.7,13.3,N,0
23.1771,91.7719,315.1,1.1,1,2007-03-29,1615,Terra,MODIS,91,6.2,294.8,14.4,N,0
23.8238,90.9194,323.1,1.4,1.2,2007-03-30,0423,Terra,MODIS,63,6.2,308.7,15.9,D,0
23.8556,90.9237,326.6,1.4,1.2,2007-03-30,0423,Terra,MODIS,68,6.2,308.1,24.2,D,0
21.8936,92.352,332.2,1.1,1.1,2007-03-30,0424,Terra,MODIS,83,6.2,305.7,27.2,D,0
22.7908,91.6326,319.1,1.3,1.1,2007-03-30,0424,Terra,MODIS,44,6.2,306.5,9.2,D,0
21.7712,92.3992,317.1,1.1,1.1,2007-03-30,0424,Terra,MODIS,51,6.2,305.6,5.8,D,0
21.9031,92.3531,316.6,1.1,1.1,2007-03-30,0424,Terra,MODIS,21,6.2,304.8,6.3,D,0
22.643,92.4585,328,1.1,1.1,2007-03-30,0424,Terra,MODIS,79,6.2,304.3,20.8,D,0
22.6415,92.4695,331.4,1.1,1.1,2007-03-30,0424,Terra,MODIS,82,6.2,306.2,26.2,D,0
21.8443,92.5373,320,1.1,1.1,2007-03-30,0424,Terra,MODIS,34,6.2,308.7,6.8,D,0
21.8949,92.3419,322.1,1.1,1.1,2007-03-30,0424,Terra,MODIS,71,6.2,305.4,13,D,0
22.7808,91.6312,322.9,1.3,1.1,2007-03-30,0424,Terra,MODIS,72,6.2,305.7,15.2,D,0
21.8727,92.3453,333.8,1.6,1.3,2007-03-30,0732,Aqua,MODIS,82,6.2,306.4,45.8,D,0
21.5612,92.3178,390.6,1.6,1.2,2007-03-30,0732,Aqua,MODIS,100,6.2,312.2,372.6,D,0
21.5595,92.3031,367.1,1.6,1.2,2007-03-30,0732,Aqua,MODIS,100,6.2,311.7,185.2,D,0
21.5706,92.3008,325.5,1.6,1.2,2007-03-30,0732,Aqua,MODIS,59,6.2,305.7,20.4,D,0
22.6505,92.4709,320.3,1.7,1.3,2007-03-30,0732,Aqua,MODIS,54,6.2,308.4,14.9,D,0
22.6487,92.4547,326.1,1.7,1.3,2007-03-30,0732,Aqua,MODIS,69,6.2,309.7,26.3,D,0
22.7467,92.0205,323.4,1.6,1.2,2007-03-30,0732,Aqua,MODIS,69,6.2,305.4,21.6,D,0
21.6165,92.5103,320.4,1.6,1.3,2007-03-30,0732,Aqua,MODIS,42,6.2,305.8,14.9,D,0
22.1001,92.2412,337.2,1.6,1.2,2007-03-30,0732,Aqua,MODIS,85,6.2,309.1,53.5,D,0
21.4183,92.4708,347.7,1.6,1.3,2007-03-30,0732,Aqua,MODIS,93,6.2,311.2,93,D,0
21.42,92.486,333.1,1.6,1.3,2007-03-30,0732,Aqua,MODIS,80,6.2,308.5,42.4,D,0
21.4199,92.4763,359,1.6,1.3,2007-03-30,0732,Aqua,MODIS,99,6.2,311.7,147.3,D,0
21.5874,92.2489,378.2,1.6,1.2,2007-03-30,0732,Aqua,MODIS,100,6.2,314.8,261.4,D,0
21.5066,92.3478,322.2,1.6,1.2,2007-03-30,0732,Aqua,MODIS,21,6.2,307.5,13.5,D,0
21.589,92.2634,372.4,1.6,1.2,2007-03-30,0732,Aqua,MODIS,100,6.2,312.2,220.6,D,0
21.4181,92.4608,327.3,1.6,1.3,2007-03-30,0732,Aqua,MODIS,71,6.2,308.4,28.9,D,0
21.5906,92.2774,319.8,1.6,1.2,2007-03-30,0732,Aqua,MODIS,33,6.2,304.2,11.3,D,0
21.6848,92.407,327.9,1.6,1.3,2007-03-30,0732,Aqua,MODIS,73,6.2,311.3,25.9,D,0
21.4979,92.3579,327.8,1.6,1.2,2007-03-30,0732,Aqua,MODIS,69,6.2,307.2,26.9,D,0
21.5539,92.352,335.2,1.6,1.2,2007-03-30,0732,Aqua,MODIS,83,6.2,309.5,48.1,D,0
22.6162,92.4754,321.6,1.7,1.3,2007-03-30,0732,Aqua,MODIS,64,6.2,308.4,17.5,D,0
22.6373,92.4558,334.7,1.7,1.3,2007-03-30,0732,Aqua,MODIS,83,6.2,309.6,47.5,D,0
21.5964,92.4246,337.8,1.6,1.3,2007-03-30,0732,Aqua,MODIS,85,6.2,310.4,55,D,0
21.8159,92.4571,353.5,1.6,1.3,2007-03-30,0732,Aqua,MODIS,96,6.2,310.6,116.6,D,0
21.786,92.3941,333.2,1.6,1.3,2007-03-30,0732,Aqua,MODIS,79,6.2,306.7,40.5,D,0
21.7879,92.411,338.3,1.6,1.3,2007-03-30,0732,Aqua,MODIS,86,6.2,308.4,56.2,D,0
21.7766,92.412,324.7,1.6,1.3,2007-03-30,0732,Aqua,MODIS,68,6.2,308.3,20.3,D,0
21.7786,92.4303,328,1.6,1.3,2007-03-30,0732,Aqua,MODIS,74,6.2,308.5,27.3,D,0
21.7876,92.3997,342.1,1.6,1.3,2007-03-30,0732,Aqua,MODIS,89,6.2,307.3,70.2,D,0
21.7897,92.4178,329.6,1.6,1.3,2007-03-30,0732,Aqua,MODIS,76,6.2,308,31.6,D,0
21.7784,92.4187,334.8,1.6,1.3,2007-03-30,0732,Aqua,MODIS,82,6.2,309.3,46.2,D,0
21.7805,92.4361,320.9,1.6,1.3,2007-03-30,0732,Aqua,MODIS,53,6.2,308.3,11.5,D,0
22.3591,92.5271,319.6,1.7,1.3,2007-03-30,0732,Aqua,MODIS,42,6.2,305.9,15,D,0
22.3706,92.5257,323.8,1.7,1.3,2007-03-30,0732,Aqua,MODIS,69,6.2,305.6,24.9,D,0
21.5859,92.2397,328,1.6,1.2,2007-03-30,0732,Aqua,MODIS,74,6.2,309.6,26.8,D,0
21.5877,92.2544,395.7,1.6,1.2,2007-03-30,0732,Aqua,MODIS,100,6.2,316.3,422.9,D,0
21.7687,92.5331,323.8,1.7,1.3,2007-03-30,0732,Aqua,MODIS,59,6.2,309.5,20.1,D,0
21.7704,92.5479,326.6,1.7,1.3,2007-03-30,0732,Aqua,MODIS,71,6.2,307.7,28.7,D,0
21.8342,92.5179,366.8,1.7,1.3,2007-03-30,0732,Aqua,MODIS,100,6.2,313.9,195.5,D,0
21.8325,92.5027,341.9,1.7,1.3,2007-03-30,0732,Aqua,MODIS,89,6.2,312.7,67.5,D,0
21.851,92.5642,331.3,1.7,1.3,2007-03-30,0732,Aqua,MODIS,78,6.2,310,41.1,D,0
21.8491,92.5472,329.8,1.7,1.3,2007-03-30,0732,Aqua,MODIS,76,6.2,309.1,35.7,D,0
21.8455,92.5156,398.9,1.7,1.3,2007-03-30,0732,Aqua,MODIS,100,6.2,314.8,493.6,D,0
22.7668,92.1846,323.5,1.6,1.3,2007-03-30,0732,Aqua,MODIS,47,6.2,307.9,20,D,0
22.7684,92.1995,327.3,1.6,1.3,2007-03-30,0732,Aqua,MODIS,76,6.2,306,29.4,D,0
22.7667,92.1913,333,1.6,1.3,2007-03-30,0732,Aqua,MODIS,80,6.2,307.9,41.5,D,0
22.7572,92.2079,322,1.6,1.3,2007-03-30,0732,Aqua,MODIS,11,6.2,306,16.5,D,0
22.7365,92.2267,342.4,1.6,1.3,2007-03-30,0732,Aqua,MODIS,85,6.2,307.5,72.3,D,0
21.5894,92.2687,349.6,1.6,1.2,2007-03-30,0732,Aqua,MODIS,94,6.2,309,93.5,D,0
21.8438,92.5004,370.4,1.7,1.3,2007-03-30,0732,Aqua,MODIS,100,6.2,314.7,219.1,D,0
21.8624,92.5626,334.8,1.7,1.3,2007-03-30,0732,Aqua,MODIS,82,6.2,309.4,53.6,D,0
21.8604,92.5453,333.5,1.7,1.3,2007-03-30,0732,Aqua,MODIS,81,6.2,308.4,48.5,D,0
21.7764,92.5,323.8,1.7,1.3,2007-03-30,0732,Aqua,MODIS,64,6.2,309.8,17.3,D,0
22.3845,92.4426,324,1.7,1.3,2007-03-30,0732,Aqua,MODIS,70,6.2,306.4,24.2,D,0
21.5638,92.5393,342.8,1.7,1.3,2007-03-30,0732,Aqua,MODIS,89,6.2,310.3,74.5,D,0
21.5731,92.5199,337.8,1.6,1.3,2007-03-30,0732,Aqua,MODIS,85,6.2,307,55.6,D,0
21.5002,92.587,364,1.7,1.3,2007-03-30,0732,Aqua,MODIS,100,6.2,314.6,178,D,0
22.6321,92.104,326.1,1.6,1.2,2007-03-30,0732,Aqua,MODIS,74,6.2,309.4,24.5,D,0
22.3277,92.2422,325.8,1.6,1.3,2007-03-30,0732,Aqua,MODIS,72,6.2,308.1,24.5,D,0
21.7443,92.4208,327.1,1.6,1.3,2007-03-30,0732,Aqua,MODIS,72,6.2,307.3,26.2,D,0
21.6866,92.415,324.3,1.6,1.3,2007-03-30,0732,Aqua,MODIS,40,6.2,310.7,16,D,0
21.5724,92.3164,327.8,1.6,1.2,2007-03-30,0732,Aqua,MODIS,68,6.2,306.9,26.1,D,0
21.8709,92.3296,320,1.6,1.3,2007-03-30,0732,Aqua,MODIS,53,6.2,305.5,12.9,D,0
21.8705,92.3359,332.7,1.6,1.3,2007-03-30,0732,Aqua,MODIS,80,6.2,306.1,42.3,D,0
21.8725,92.3528,323.2,1.6,1.3,2007-03-30,0732,Aqua,MODIS,64,6.2,306.4,18.7,D,0
21.5922,92.4868,360.6,1.6,1.3,2007-03-30,0732,Aqua,MODIS,100,6.2,310.1,153.4,D,0
21.6035,92.4851,346.8,1.6,1.3,2007-03-30,0732,Aqua,MODIS,92,6.2,308.5,86.8,D,0
21.6018,92.4704,328.3,1.6,1.3,2007-03-30,0732,Aqua,MODIS,57,6.2,308.6,25.8,D,0
21.5982,92.4396,371.8,1.6,1.3,2007-03-30,0732,Aqua,MODIS,100,6.2,311.6,221.4,D,0
21.6017,92.48,344.9,1.6,1.3,2007-03-30,0732,Aqua,MODIS,91,6.2,310.1,79.5,D,0
21.5983,92.4493,332.3,1.6,1.3,2007-03-30,0732,Aqua,MODIS,77,6.2,308.3,36.2,D,0
21.5967,92.4343,363,1.6,1.3,2007-03-30,0732,Aqua,MODIS,100,6.2,313,164.6,D,0
22.644,92.309,330.4,1.6,1.3,2007-03-30,0732,Aqua,MODIS,75,6.2,308.9,36.8,D,0
22.631,92.2951,320.8,1.6,1.3,2007-03-30,0732,Aqua,MODIS,51,6.2,308.5,13.8,D,0
22.6327,92.3105,334.7,1.6,1.3,2007-03-30,0732,Aqua,MODIS,84,6.2,309.2,48.6,D,0
22.5926,92.3645,327,1.7,1.3,2007-03-30,0732,Aqua,MODIS,65,6.2,307.7,27.6,D,0
22.5915,92.3539,327.3,1.7,1.3,2007-03-30,0732,Aqua,MODIS,75,6.2,308.3,29.3,D,0
22.5936,92.3718,321.3,1.7,1.3,2007-03-30,0732,Aqua,MODIS,57,6.2,307.2,16.4,D,0
21.5658,92.5564,326.2,1.7,1.3,2007-03-30,0732,Aqua,MODIS,63,6.2,310.9,23.9,D,0
21.5578,92.2886,324,1.6,1.2,2007-03-30,0732,Aqua,MODIS,46,6.2,307.1,17,D,0
21.5399,92.2306,329.9,1.6,1.2,2007-03-30,0732,Aqua,MODIS,77,6.2,308.5,33.1,D,0
21.5416,92.2458,332.9,1.6,1.2,2007-03-30,0732,Aqua,MODIS,80,6.2,307.1,41,D,0
22.7194,91.9787,320.5,1.6,1.2,2007-03-30,0732,Aqua,MODIS,63,6.2,305.8,15.9,D,0
22.7211,91.9938,337.5,1.6,1.2,2007-03-30,0732,Aqua,MODIS,86,6.2,305.7,55.9,D,0
22.9029,91.9872,318.2,1.6,1.2,2007-03-30,0732,Aqua,MODIS,48,6.2,304.4,11.3,D,0
22.8994,91.9574,330.6,1.6,1.2,2007-03-30,0732,Aqua,MODIS,80,6.2,305.8,34,D,0
21.8289,92.4708,327.1,1.6,1.3,2007-03-30,0732,Aqua,MODIS,66,6.2,308.6,22.9,D,0
21.8272,92.4555,358.9,1.6,1.3,2007-03-30,0732,Aqua,MODIS,99,6.2,312.5,145.9,D,0
21.8385,92.454,329.8,1.6,1.3,2007-03-30,0732,Aqua,MODIS,65,6.2,308.1,31.6,D,0
22.5568,92.1519,323.5,1.6,1.2,2007-03-30,0732,Aqua,MODIS,49,6.2,306.1,19.1,D,0
22.555,92.1363,320.8,1.6,1.2,2007-03-30,0732,Aqua,MODIS,48,6.2,308.9,12.9,D,0
22.6666,91.9096,321.6,1.6,1.2,2007-03-30,0732,Aqua,MODIS,66,6.2,308.1,13.7,D,0
22.7372,92.4385,321.3,1.7,1.3,2007-03-30,0732,Aqua,MODIS,64,6.2,308.7,18.4,D,0
22.7982,91.9613,320.7,1.6,1.2,2007-03-30,0732,Aqua,MODIS,64,6.2,306.6,15.7,D,0
22.7744,91.949,335.2,1.6,1.2,2007-03-30,0732,Aqua,MODIS,84,6.2,306.4,48.3,D,0
21.8329,92.1127,319.5,1.6,1.2,2007-03-30,0732,Aqua,MODIS,53,6.2,308.3,11.2,D,0
22.7761,91.9642,320.5,1.6,1.2,2007-03-30,0732,Aqua,MODIS,63,6.2,305.8,15.3,D,0
22.6224,92.426,326.4,1.7,1.3,2007-03-30,0732,Aqua,MODIS,74,6.2,308.4,28,D,0
21.812,92.2226,324.6,1.6,1.2,2007-03-30,0732,Aqua,MODIS,69,6.2,307.6,20.2,D,0
21.8103,92.2075,321.5,1.6,1.2,2007-03-30,0732,Aqua,MODIS,53,6.2,308,12.6,D,0
24.1991,89.3422,322.9,1.1,1.1,2007-03-30,0733,Aqua,MODIS,52,6.2,306.8,9,D,0
23.3835,91.9968,392.3,1.6,1.2,2007-03-30,0733,Aqua,MODIS,100,6.2,310.7,399.4,D,0
23.3852,92.0126,344.7,1.6,1.2,2007-03-30,0733,Aqua,MODIS,92,6.2,305.6,80.5,D,0
22.9743,92.003,321.6,1.6,1.2,2007-03-30,0733,Aqua,MODIS,58,6.2,302.3,17.7,D,0
23.0207,92.1172,324.4,1.6,1.3,2007-03-30,0733,Aqua,MODIS,36,6.2,305.5,20.9,D,0
23.042,91.8038,327.4,1.5,1.2,2007-03-30,0733,Aqua,MODIS,77,6.2,306.6,26.5,D,0
23.0201,91.8068,330.2,1.5,1.2,2007-03-30,0733,Aqua,MODIS,80,6.2,306.2,33.2,D,0
23.3723,91.9983,328.7,1.6,1.2,2007-03-30,0733,Aqua,MODIS,36,6.2,305.8,29.9,D,0
23.3626,91.9112,322.1,1.6,1.2,2007-03-30,0733,Aqua,MODIS,54,6.2,307.2,16.1,D,0
22.9529,91.9131,325.3,1.6,1.2,2007-03-30,0733,Aqua,MODIS,74,6.2,306.8,19.1,D,0
22.9546,91.9282,324.9,1.6,1.2,2007-03-30,0733,Aqua,MODIS,73,6.2,306.3,18.9,D,0
23.2794,92.0869,331.6,1.6,1.3,2007-03-30,0733,Aqua,MODIS,82,6.2,305.2,40.7,D,0
22.9563,91.9431,329.5,1.6,1.2,2007-03-30,0733,Aqua,MODIS,78,6.2,306.5,29.5,D,0
23.2789,92.1838,317.3,1.6,1.3,2007-03-30,0733,Aqua,MODIS,56,6.2,303.9,12.3,D,0
23.1975,91.8618,318.9,1.6,1.2,2007-03-30,0733,Aqua,MODIS,60,6.2,306.1,11.1,D,0
23.2807,92.1996,318.6,1.7,1.3,2007-03-30,0733,Aqua,MODIS,61,6.2,304,15.3,D,0
22.958,91.958,341.2,1.6,1.2,2007-03-30,0733,Aqua,MODIS,89,6.2,306.8,63.5,D,0
23.0993,92.1072,326.4,1.6,1.3,2007-03-30,0733,Aqua,MODIS,76,6.2,303.8,29.6,D,0
23.0319,92.1157,333.8,1.6,1.3,2007-03-30,0733,Aqua,MODIS,69,6.2,303.2,42.9,D,0
22.9596,91.9725,328.7,1.6,1.2,2007-03-30,0733,Aqua,MODIS,78,6.2,305.1,30,D,0
23.1141,92.1372,317.1,1.6,1.3,2007-03-30,0733,Aqua,MODIS,53,6.2,303.5,12.1,D,0
23.105,92.0582,321.1,1.6,1.2,2007-03-30,0733,Aqua,MODIS,53,6.2,303.7,17,D,0
23.1914,92.0086,321,1.6,1.2,2007-03-30,0733,Aqua,MODIS,67,6.2,303.5,17,D,0
23.1896,91.9933,319.5,1.6,1.2,2007-03-30,0733,Aqua,MODIS,64,6.2,305,14.9,D,0
23.1032,92.043,362.4,1.6,1.2,2007-03-30,0733,Aqua,MODIS,100,6.2,306.7,166.3,D,0
23.1141,92.1303,318,1.6,1.3,2007-03-30,0733,Aqua,MODIS,40,6.2,303.7,12.9,D,0
23.1055,92.0513,344.2,1.6,1.2,2007-03-30,0733,Aqua,MODIS,91,6.2,304.8,81.2,D,0
23.262,91.838,323.8,1.6,1.2,2007-03-30,0733,Aqua,MODIS,72,6.2,304.6,21.2,D,0
23.2637,91.8311,325,1.6,1.2,2007-03-30,0733,Aqua,MODIS,74,6.2,305,23.1,D,0
23.3078,91.8251,340.3,1.6,1.2,2007-03-30,0733,Aqua,MODIS,89,6.2,307.1,63.6,D,0
23.3062,91.8103,320.4,1.6,1.2,2007-03-30,0733,Aqua,MODIS,65,6.2,306.9,13.1,D,0
23.3223,91.8541,342.6,1.6,1.2,2007-03-30,0733,Aqua,MODIS,90,6.2,305.2,72.1,D,0
23.3206,91.8385,348.6,1.6,1.2,2007-03-30,0733,Aqua,MODIS,94,6.2,307.3,93.4,D,0
23.1038,92.036,338.6,1.6,1.2,2007-03-30,0733,Aqua,MODIS,88,6.2,306,62.3,D,0
22.9136,91.9638,335,1.6,1.2,2007-03-30,0733,Aqua,MODIS,85,6.2,305.3,44.6,D,0
22.9105,91.9558,350.1,1.6,1.2,2007-03-30,0733,Aqua,MODIS,95,6.2,307.4,97.2,D,0
23.2699,92.104,387.3,1.6,1.3,2007-03-30,0733,Aqua,MODIS,100,6.2,311.4,357.6,D,0
22.9122,91.9707,325.2,1.6,1.2,2007-03-30,0733,Aqua,MODIS,62,6.2,304.5,21.7,D,0
23.3846,92.0026,393.9,1.6,1.2,2007-03-30,0733,Aqua,MODIS,100,6.2,309.8,413.1,D,0
23.3622,92.0055,325.6,1.6,1.2,2007-03-30,0733,Aqua,MODIS,54,6.2,305.4,24.9,D,0
23.2681,92.0884,334.1,1.6,1.3,2007-03-30,0733,Aqua,MODIS,84,6.2,306.6,47.4,D,0
23.4111,92.0408,317.4,1.6,1.3,2007-03-30,0733,Aqua,MODIS,57,6.2,305.2,13.3,D,0
22.9284,92.1101,322.4,1.6,1.2,2007-03-30,0733,Aqua,MODIS,68,6.2,305.8,19.7,D,0
22.912,91.949,328.5,1.6,1.2,2007-03-30,0733,Aqua,MODIS,78,6.2,307,26.9,D,0
23.0734,89.4801,324.3,1.1,1.1,2007-03-30,0733,Aqua,MODIS,70,6.2,305.8,15,D,0
22.9877,91.9237,328.2,1.6,1.2,2007-03-30,0733,Aqua,MODIS,78,6.2,305.3,28.4,D,0
23.0134,91.9506,328.6,1.6,1.2,2007-03-30,0733,Aqua,MODIS,78,6.2,306.4,29.5,D,0
23.0116,91.9356,339.4,1.6,1.2,2007-03-30,0733,Aqua,MODIS,88,6.2,307.2,59.2,D,0
23.0131,91.9451,337.7,1.6,1.2,2007-03-30,0733,Aqua,MODIS,87,6.2,307,55.4,D,0
23.0115,91.93,329.5,1.6,1.2,2007-03-30,0733,Aqua,MODIS,79,6.2,306.4,32.6,D,0
23.3827,91.9868,353.2,1.6,1.2,2007-03-30,0733,Aqua,MODIS,96,6.2,307,109.8,D,0
23.3773,91.9404,337.4,1.6,1.2,2007-03-30,0733,Aqua,MODIS,69,6.2,306.2,48.3,D,0
22.9266,92.0946,324.2,1.6,1.2,2007-03-30,0733,Aqua,MODIS,72,6.2,305.9,24.1,D,0
23.0826,92.0611,328.1,1.6,1.2,2007-03-30,0733,Aqua,MODIS,78,6.2,305.3,31.1,D,0
23.0301,92.0991,343.7,1.6,1.3,2007-03-30,0733,Aqua,MODIS,91,6.2,305.4,72.2,D,0
22.9289,92.1032,326.1,1.6,1.2,2007-03-30,0733,Aqua,MODIS,75,6.2,305.9,26.2,D,0
23.1015,92.0276,320,1.6,1.2,2007-03-30,0733,Aqua,MODIS,51,6.2,304.5,15,D,0
23.0483,92.1619,330.6,1.6,1.3,2007-03-30,0733,Aqua,MODIS,81,6.2,302.8,41.7,D,0
23.1632,92.0597,329.9,1.6,1.2,2007-03-30,0733,Aqua,MODIS,80,6.2,304.2,39.6,D,0
23.0242,91.9435,350.4,1.6,1.2,2007-03-30,0733,Aqua,MODIS,95,6.2,306.2,100.8,D,0
23.2994,91.9508,321.5,1.6,1.2,2007-03-30,0733,Aqua,MODIS,68,6.2,305.7,17.8,D,0
23.0225,91.9286,352.5,1.6,1.2,2007-03-30,0733,Aqua,MODIS,96,6.2,308.1,109.2,D,0
23.0575,91.9393,323.2,1.6,1.2,2007-03-30,0733,Aqua,MODIS,53,6.2,306,18.1,D,0
22.9865,92.1108,326.9,1.6,1.3,2007-03-30,0733,Aqua,MODIS,76,6.2,307.5,28,D,0
22.9884,92.1272,318.6,1.6,1.3,2007-03-30,0733,Aqua,MODIS,56,6.2,305.1,10.4,D,0
23.3955,91.9009,353.7,1.6,1.2,2007-03-30,0733,Aqua,MODIS,97,6.2,309.2,114.3,D,0
23.0202,92.1063,327.7,1.6,1.3,2007-03-30,0733,Aqua,MODIS,52,6.2,306,27.2,D,0
23.0314,92.1049,352.2,1.6,1.3,2007-03-30,0733,Aqua,MODIS,96,6.2,305,108.2,D,0
22.9411,90.0298,320.6,1.2,1.1,2007-03-30,0733,Aqua,MODIS,43,6.2,308.4,10.5,D,0
23.3767,91.9347,336.4,1.6,1.2,2007-03-30,0733,Aqua,MODIS,74,6.2,306.5,45.6,D,0
23.3555,91.8497,318.2,1.6,1.2,2007-03-30,0733,Aqua,MODIS,59,6.2,306.1,11.4,D,0
23.1881,91.8787,320.3,1.6,1.2,2007-03-30,0733,Aqua,MODIS,56,6.2,306,13.3,D,0
23.1991,91.8769,322.5,1.6,1.2,2007-03-30,0733,Aqua,MODIS,70,6.2,305.6,18.3,D,0
23.3328,91.9462,331.7,1.6,1.2,2007-03-30,0733,Aqua,MODIS,82,6.2,306.1,41.5,D,0
23.3345,91.9616,333.8,1.6,1.2,2007-03-30,0733,Aqua,MODIS,84,6.2,305,48,D,0
23.1744,92.0582,330.7,1.6,1.2,2007-03-30,0733,Aqua,MODIS,81,6.2,304.4,41.2,D,0
23.3947,91.9953,324.6,1.6,1.2,2007-03-30,0733,Aqua,MODIS,73,6.2,304.3,24.7,D,0
23.2557,91.9787,345.3,1.6,1.2,2007-03-30,0733,Aqua,MODIS,92,6.2,307.5,83,D,0
23.2574,91.9938,346,1.6,1.2,2007-03-30,0733,Aqua,MODIS,92,6.2,306,85.9,D,0
23.205,92.0325,319.1,1.6,1.2,2007-03-30,0733,Aqua,MODIS,63,6.2,304.8,13.7,D,0
23.1905,92.0032,326.6,1.6,1.2,2007-03-30,0733,Aqua,MODIS,76,6.2,304,28,D,0
23.2811,92.1025,352.9,1.6,1.3,2007-03-30,0733,Aqua,MODIS,96,6.2,306.9,118.4,D,0
23.0278,92.0744,328.5,1.6,1.2,2007-03-30,0733,Aqua,MODIS,53,6.2,306.9,29.4,D,0
23.0748,89.491,317.8,1.1,1.1,2007-03-30,0733,Aqua,MODIS,34,6.2,305,7.2,D,0
23.3869,91.8239,368.3,1.6,1.2,2007-03-30,0733,Aqua,MODIS,100,6.2,309.9,192,D,0
23.3852,91.809,342.1,1.6,1.2,2007-03-30,0733,Aqua,MODIS,90,6.2,308.6,69,D,0
22.9825,91.8785,320.7,1.6,1.2,2007-03-30,0733,Aqua,MODIS,65,6.2,305.7,12.5,D,0
23.1715,92.2358,319.7,1.7,1.3,2007-03-30,0733,Aqua,MODIS,64,6.2,305.5,16.1,D,0
23.4075,91.8518,308.3,1,1,2007-03-30,1941,Aqua,MODIS,74,6.2,292.9,8.5,N,0
21.7706,92.5556,323.2,1,1,2007-03-30,1942,Aqua,MODIS,100,6.2,292.3,21.6,N,0
21.7631,92.5444,308.2,1,1,2007-03-30,1942,Aqua,MODIS,74,6.2,291.5,9,N,0
21.5995,92.2851,314.8,1,1,2007-03-30,1942,Aqua,MODIS,90,6.2,294.7,13.1,N,0
21.7616,92.5539,307.3,1,1,2007-03-30,1942,Aqua,MODIS,71,6.2,292.9,8.6,N,0
21.7721,92.5459,319.2,1,1,2007-03-30,1942,Aqua,MODIS,98,6.2,292.5,17.4,N,0
21.601,92.2753,309.6,1,1,2007-03-30,1942,Aqua,MODIS,78,6.2,294.5,9,N,0
23.8491,90.9273,322.1,2.1,1.4,2007-03-31,0506,Terra,MODIS,58,6.2,305.9,29.1,D,0
23.0298,91.7975,322.3,2.5,1.5,2007-03-31,0506,Terra,MODIS,72,6.2,303.3,46.2,D,0
22.932,91.9666,314.6,2.6,1.5,2007-03-31,0506,Terra,MODIS,51,6.2,303.1,21.7,D,0
23.2765,91.8412,317.4,2.5,1.5,2007-03-31,0506,Terra,MODIS,62,6.2,301.7,29,D,0
25.4446,89.6469,318.6,1.6,1.2,2007-03-31,0506,Terra,MODIS,0,6.2,306.1,19.7,D,0
23.2708,91.8453,314.3,2.5,1.5,2007-03-31,0506,Terra,MODIS,52,6.2,301.3,20.6,D,0
23.0252,91.8208,315.8,2.5,1.5,2007-03-31,0506,Terra,MODIS,56,6.2,302.5,23,D,0
23.2498,91.8351,316,2.5,1.5,2007-03-31,0506,Terra,MODIS,58,6.2,301.9,24.2,D,0
21.7832,92.3803,319.1,2.9,1.6,2007-03-31,0507,Terra,MODIS,66,6.2,303.2,40.2,D,0
21.7649,92.5503,320.9,3,1.6,2007-03-31,0507,Terra,MODIS,69,6.2,305.9,52.3,D,0
21.6106,92.4792,324.8,3,1.6,2007-03-31,0507,Terra,MODIS,75,6.2,305.4,72.2,D,0
22.2303,92.548,336.7,2.9,1.6,2007-03-31,0507,Terra,MODIS,87,6.2,301.3,153.7,D,0
21.765,92.5566,321.7,3,1.6,2007-03-31,0507,Terra,MODIS,71,6.2,305.8,60.2,D,0
21.7577,92.4333,342.6,2.9,1.6,2007-03-31,0507,Terra,MODIS,91,6.2,304,190.5,D,0
21.7582,92.4417,347.9,2.9,1.6,2007-03-31,0507,Terra,MODIS,94,6.2,304.7,239.9,D,0
22.4294,92.4629,322.6,2.9,1.6,2007-03-31,0507,Terra,MODIS,73,6.2,302.9,60.4,D,0
22.5672,92.477,313.1,2.8,1.6,2007-03-31,0507,Terra,MODIS,38,6.2,302.8,23.3,D,0
21.8026,92.3575,320.9,2.9,1.6,2007-03-31,0507,Terra,MODIS,69,6.2,303.7,49.7,D,0
22.4317,92.4684,322.9,2.9,1.6,2007-03-31,0507,Terra,MODIS,73,6.2,302.9,64.8,D,0
21.788,92.3554,341.8,2.9,1.6,2007-03-31,0507,Terra,MODIS,90,6.2,304.2,180.1,D,0
22.5697,92.4835,319.1,2.8,1.6,2007-03-31,0507,Terra,MODIS,67,6.2,302.5,44,D,0
22.2288,92.5423,325.6,2.9,1.6,2007-03-31,0507,Terra,MODIS,77,6.2,300.9,84.2,D,0
22.2523,92.2214,316.5,2.8,1.6,2007-03-31,0507,Terra,MODIS,60,6.2,303.6,28.6,D,0
21.752,92.4626,321.8,3,1.6,2007-03-31,0507,Terra,MODIS,71,6.2,304.2,56.9,D,0
21.7895,92.362,350.6,2.9,1.6,2007-03-31,0507,Terra,MODIS,95,6.2,304.8,263.4,D,0
21.5388,92.176,351,3.3,1.7,2007-03-31,0637,Aqua,MODIS,95,6.2,304.4,312.6,D,0
21.8222,92.2126,318.5,3.2,1.7,2007-03-31,0637,Aqua,MODIS,52,6.2,304.1,38.6,D,0
22.4692,92.3562,334.4,3,1.7,2007-03-31,0637,Aqua,MODIS,84,6.2,306,128.6,D,0
21.6179,92.5006,324.7,3.1,1.7,2007-03-31,0637,Aqua,MODIS,33,6.2,303,64.3,D,0
21.3986,92.4087,404,3.2,1.7,2007-03-31,0637,Aqua,MODIS,100,6.2,307.9,1432.4,D,0
21.3838,92.4121,384.5,3.2,1.7,2007-03-31,0637,Aqua,MODIS,100,6.2,306.9,871.8,D,0
21.4008,92.4134,395.2,3.2,1.7,2007-03-31,0637,Aqua,MODIS,100,6.2,306.7,1150.4,D,0
21.386,92.4169,365.5,3.2,1.7,2007-03-31,0637,Aqua,MODIS,100,6.2,306.3,493.9,D,0
21.715,92.371,352.2,3.1,1.7,2007-03-31,0637,Aqua,MODIS,96,6.2,307.6,297.2,D,0
21.7106,92.3451,321.6,3.1,1.7,2007-03-31,0637,Aqua,MODIS,38,6.2,305.3,48.2,D,0
21.6957,92.3484,334.4,3.1,1.7,2007-03-31,0637,Aqua,MODIS,82,6.2,305.6,125.9,D,0
21.5907,92.2894,318.8,3.2,1.7,2007-03-31,0637,Aqua,MODIS,30,6.2,303.8,39.7,D,0
22.542,92.4896,360.5,2.9,1.6,2007-03-31,0637,Aqua,MODIS,100,6.2,304.4,358.3,D,0
21.4901,92.4789,364.3,3.1,1.7,2007-03-31,0637,Aqua,MODIS,100,6.2,308.2,467.6,D,0
22.4052,92.5058,339,3,1.6,2007-03-31,0637,Aqua,MODIS,87,6.2,302.2,149.5,D,0
22.3958,92.5342,373,2.9,1.6,2007-03-31,0637,Aqua,MODIS,100,6.2,305.9,546.3,D,0
21.4841,92.4485,331.6,3.1,1.7,2007-03-31,0637,Aqua,MODIS,79,6.2,307.2,118,D,0
21.4892,92.4717,367.9,3.1,1.7,2007-03-31,0637,Aqua,MODIS,100,6.2,308.9,525.5,D,0
21.5336,92.4624,333.7,3.1,1.7,2007-03-31,0637,Aqua,MODIS,81,6.2,305.8,125.5,D,0
22.2751,92.5417,329.5,3,1.6,2007-03-31,0637,Aqua,MODIS,79,6.2,302.4,91.2,D,0
22.7718,91.9524,316.9,3.2,1.7,2007-03-31,0637,Aqua,MODIS,60,6.2,303.9,36.8,D,0
21.5599,92.3617,319.5,3.2,1.7,2007-03-31,0637,Aqua,MODIS,26,6.2,303.8,36.9,D,0
22.7679,91.9259,315.8,3.2,1.7,2007-03-31,0637,Aqua,MODIS,46,6.2,304.2,28.8,D,0
22.7741,91.9563,315.2,3.2,1.7,2007-03-31,0637,Aqua,MODIS,47,6.2,303.8,28.1,D,0
21.9496,92.4619,324.6,3,1.7,2007-03-31,0637,Aqua,MODIS,71,6.2,305.3,73.5,D,0
22.3943,92.4398,329.9,3,1.6,2007-03-31,0637,Aqua,MODIS,68,6.2,306.6,86.1,D,0
22.3857,92.4715,324.7,3,1.6,2007-03-31,0637,Aqua,MODIS,72,6.2,305,58.6,D,0
22.4079,92.443,338.8,3,1.6,2007-03-31,0637,Aqua,MODIS,87,6.2,306.6,156,D,0
22.3934,92.4466,341.3,3,1.6,2007-03-31,0637,Aqua,MODIS,89,6.2,306.8,177.3,D,0
22.3848,92.4794,332.4,3,1.6,2007-03-31,0637,Aqua,MODIS,77,6.2,305.3,103,D,0
22.8734,92.2961,340.5,3,1.6,2007-03-31,0637,Aqua,MODIS,68,6.2,303.7,180.5,D,0
21.772,92.573,320.6,3,1.7,2007-03-31,0637,Aqua,MODIS,57,6.2,302.9,53,D,0
22.225,92.5307,318.7,3,1.6,2007-03-31,0637,Aqua,MODIS,29,6.2,304.6,37.1,D,0
21.5566,92.5773,325.4,3,1.7,2007-03-31,0637,Aqua,MODIS,64,6.2,306.3,65.4,D,0
21.5277,92.5855,348.5,3,1.7,2007-03-31,0637,Aqua,MODIS,93,6.2,307.5,243.5,D,0
21.949,92.4573,327.8,3,1.7,2007-03-31,0637,Aqua,MODIS,76,6.2,305.3,92.3,D,0
22.5275,92.4925,327.2,2.9,1.6,2007-03-31,0637,Aqua,MODIS,44,6.2,302.1,69.4,D,0
22.5267,92.4968,330.7,2.9,1.6,2007-03-31,0637,Aqua,MODIS,73,6.2,302,92.7,D,0
22.4691,92.51,330.2,2.9,1.6,2007-03-31,0637,Aqua,MODIS,58,6.2,300.6,88.1,D,0
22.6438,92.4576,330.9,2.9,1.6,2007-03-31,0637,Aqua,MODIS,81,6.2,307.4,98.3,D,0
21.6437,92.399,327.9,3.1,1.7,2007-03-31,0637,Aqua,MODIS,63,6.2,304.2,83.2,D,0
22.4404,92.5172,366.4,2.9,1.6,2007-03-31,0637,Aqua,MODIS,100,6.2,303.7,451.4,D,0
22.4261,92.5209,364,2.9,1.6,2007-03-31,0637,Aqua,MODIS,100,6.2,304,411.4,D,0
22.4063,92.498,343,3,1.6,2007-03-31,0637,Aqua,MODIS,90,6.2,302.4,172.8,D,0
22.9684,92.0791,324.3,3.1,1.7,2007-03-31,0637,Aqua,MODIS,62,6.2,302.5,65.6,D,0
22.9746,92.1092,330.1,3.1,1.7,2007-03-31,0637,Aqua,MODIS,81,6.2,303,99.1,D,0
21.6585,92.3954,333,3.1,1.7,2007-03-31,0637,Aqua,MODIS,80,6.2,304.5,122.3,D,0
22.9537,92.0827,328.1,3.1,1.7,2007-03-31,0637,Aqua,MODIS,75,6.2,304.1,88.9,D,0
22.96,92.1126,334.7,3.1,1.7,2007-03-31,0637,Aqua,MODIS,85,6.2,304.1,131.3,D,0
22.9695,92.0841,328.7,3.1,1.7,2007-03-31,0637,Aqua,MODIS,75,6.2,302.6,96.9,D,0
21.6788,92.4173,326.5,3.1,1.7,2007-03-31,0637,Aqua,MODIS,70,6.2,304.7,75.4,D,0
22.9755,92.1141,326.3,3.1,1.7,2007-03-31,0637,Aqua,MODIS,77,6.2,303.1,80.8,D,0
22.9548,92.0877,333.2,3.1,1.7,2007-03-31,0637,Aqua,MODIS,79,6.2,304.3,127.6,D,0
22.9609,92.1177,334.6,3.1,1.7,2007-03-31,0637,Aqua,MODIS,85,6.2,304,136.3,D,0
21.6733,92.3925,356.6,3.1,1.7,2007-03-31,0637,Aqua,MODIS,98,6.2,305.8,352.2,D,0
21.6428,92.3926,327.8,3.1,1.7,2007-03-31,0637,Aqua,MODIS,74,6.2,304.1,90.5,D,0
22.3993,92.476,361.3,3,1.6,2007-03-31,0637,Aqua,MODIS,100,6.2,305.5,385.8,D,0
22.4137,92.4723,394.3,3,1.6,2007-03-31,0637,Aqua,MODIS,100,6.2,310.3,1023.2,D,0
22.428,92.4684,377.7,3,1.6,2007-03-31,0637,Aqua,MODIS,100,6.2,306.8,646.5,D,0
22.4001,92.4681,373.4,3,1.6,2007-03-31,0637,Aqua,MODIS,100,6.2,307.2,564.9,D,0
22.4146,92.4646,383.2,3,1.6,2007-03-31,0637,Aqua,MODIS,100,6.2,309.4,755.9,D,0
22.4289,92.4606,372.1,3,1.6,2007-03-31,0637,Aqua,MODIS,100,6.2,307.1,541.8,D,0
22.4434,92.4574,354.3,3,1.6,2007-03-31,0637,Aqua,MODIS,97,6.2,303.7,277.2,D,0
22.4638,92.4839,332.8,3,1.6,2007-03-31,0637,Aqua,MODIS,56,6.2,300.4,99.1,D,0
22.4579,92.4542,348.4,3,1.6,2007-03-31,0637,Aqua,MODIS,94,6.2,302.1,228,D,0
22.4722,92.4505,346.7,3,1.6,2007-03-31,0637,Aqua,MODIS,93,6.2,302.4,216.7,D,0
22.4725,92.4454,341.1,3,1.6,2007-03-31,0637,Aqua,MODIS,89,6.2,302.6,169.9,D,0
21.6576,92.3895,333,3.1,1.7,2007-03-31,0637,Aqua,MODIS,81,6.2,304.4,120.8,D,0
21.6723,92.3858,351.5,3.1,1.7,2007-03-31,0637,Aqua,MODIS,95,6.2,305.8,288.4,D,0
21.6872,92.3826,321.4,3.1,1.7,2007-03-31,0637,Aqua,MODIS,23,6.2,304.4,42.1,D,0
21.702,92.3793,341.2,3.1,1.7,2007-03-31,0637,Aqua,MODIS,88,6.2,305,178.6,D,0
21.7218,92.404,334.6,3.1,1.7,2007-03-31,0637,Aqua,MODIS,83,6.2,303.9,126.8,D,0
21.4134,92.4048,343.5,3.2,1.7,2007-03-31,0637,Aqua,MODIS,90,6.2,302.7,218.3,D,0
21.7665,92.5488,343,3,1.7,2007-03-31,0637,Aqua,MODIS,90,6.2,305.6,203.9,D,0
22.3973,92.5276,371.7,2.9,1.6,2007-03-31,0637,Aqua,MODIS,100,6.2,307.3,525.2,D,0
22.434,92.4988,371,3,1.6,2007-03-31,0637,Aqua,MODIS,100,6.2,305.3,522,D,0
22.4389,92.524,363.6,2.9,1.6,2007-03-31,0637,Aqua,MODIS,100,6.2,303.6,409.1,D,0
22.4196,92.5023,384.7,3,1.6,2007-03-31,0637,Aqua,MODIS,100,6.2,306.7,785.7,D,0
21.8474,92.3357,341.3,3.1,1.7,2007-03-31,0637,Aqua,MODIS,89,6.2,301.8,185.4,D,0
21.8325,92.3383,334.4,3.1,1.7,2007-03-31,0637,Aqua,MODIS,83,6.2,302.2,127.7,D,0
21.8175,92.3409,329.4,3.1,1.7,2007-03-31,0637,Aqua,MODIS,57,6.2,303.4,90.5,D,0
21.8419,92.3098,331.1,3.1,1.7,2007-03-31,0637,Aqua,MODIS,79,6.2,304,108.3,D,0
21.8484,92.3427,338.6,3.1,1.7,2007-03-31,0637,Aqua,MODIS,86,6.2,301.6,164.8,D,0
21.8271,92.313,322.6,3.1,1.7,2007-03-31,0637,Aqua,MODIS,40,6.2,303.5,54.1,D,0
21.8336,92.3459,326.4,3.1,1.7,2007-03-31,0637,Aqua,MODIS,69,6.2,302,75.8,D,0
21.8123,92.3165,327.7,3.1,1.7,2007-03-31,0637,Aqua,MODIS,40,6.2,304.5,79.3,D,0
21.8187,92.3487,327.5,3.1,1.7,2007-03-31,0637,Aqua,MODIS,46,6.2,302.9,76.5,D,0
21.7888,92.3539,326.2,3.1,1.7,2007-03-31,0637,Aqua,MODIS,51,6.2,306.2,71,D,0
21.6423,92.2385,331,3.2,1.7,2007-03-31,0637,Aqua,MODIS,79,6.2,303.6,112,D,0
21.6443,92.245,328.6,3.2,1.7,2007-03-31,0637,Aqua,MODIS,75,6.2,303.5,91,D,0
22.5363,92.4614,360.3,3,1.6,2007-03-31,0637,Aqua,MODIS,100,6.2,307.1,367.7,D,0
22.1007,92.2905,316.5,3.1,1.7,2007-03-31,0637,Aqua,MODIS,33,6.2,304.3,27.9,D,0
22.0952,92.2629,322.7,3.1,1.7,2007-03-31,0637,Aqua,MODIS,68,6.2,305,58,D,0
22.4246,92.5274,356.3,2.9,1.6,2007-03-31,0637,Aqua,MODIS,98,6.2,302.6,317.8,D,0
21.8902,92.3214,317.2,3.1,1.7,2007-03-31,0637,Aqua,MODIS,21,6.2,302.1,30.1,D,0
21.877,92.329,319.2,3.1,1.7,2007-03-31,0637,Aqua,MODIS,50,6.2,302.6,40.6,D,0
21.816,92.1822,324.4,3.2,1.7,2007-03-31,0637,Aqua,MODIS,70,6.2,304.1,71.6,D,0
21.818,92.1885,328.9,3.2,1.7,2007-03-31,0637,Aqua,MODIS,77,6.2,304.3,96.3,D,0
22.0992,92.2862,322.3,3.1,1.7,2007-03-31,0637,Aqua,MODIS,68,6.2,304.4,57.9,D,0
22.0936,92.2589,324.4,3.1,1.7,2007-03-31,0637,Aqua,MODIS,72,6.2,304.9,69.1,D,0
22.4224,92.4397,364,3,1.6,2007-03-31,0637,Aqua,MODIS,100,6.2,308.9,426.2,D,0
22.4232,92.4328,350.8,3,1.6,2007-03-31,0637,Aqua,MODIS,95,6.2,308.6,258,D,0
22.4378,92.4297,374.4,3,1.6,2007-03-31,0637,Aqua,MODIS,100,6.2,309.7,583.6,D,0
22.4322,92.4021,377.2,3,1.6,2007-03-31,0637,Aqua,MODIS,100,6.2,309.2,648.3,D,0
22.4522,92.4262,322.2,3,1.6,2007-03-31,0637,Aqua,MODIS,48,6.2,304.3,43.5,D,0
21.6378,92.2122,329.2,3.2,1.7,2007-03-31,0637,Aqua,MODIS,76,6.2,303.7,96.7,D,0
21.8704,92.2963,317.4,3.1,1.7,2007-03-31,0637,Aqua,MODIS,30,6.2,302.8,32.3,D,0
21.6356,92.206,324.1,3.2,1.7,2007-03-31,0637,Aqua,MODIS,67,6.2,303.6,68.1,D,0
22.4468,92.3991,333.5,3,1.6,2007-03-31,0637,Aqua,MODIS,83,6.2,304.7,114.3,D,0
22.4666,92.4223,347.6,3,1.6,2007-03-31,0637,Aqua,MODIS,93,6.2,305.4,231,D,0
22.4755,92.3911,333.8,3,1.6,2007-03-31,0637,Aqua,MODIS,83,6.2,305.9,118.6,D,0
22.4405,92.3678,331.4,3,1.7,2007-03-31,0637,Aqua,MODIS,81,6.2,304.1,100.4,D,0
21.5421,92.428,354.5,3.1,1.7,2007-03-31,0637,Aqua,MODIS,97,6.2,305.1,328.3,D,0
21.5403,92.423,346,3.1,1.7,2007-03-31,0637,Aqua,MODIS,92,6.2,305.1,226.2,D,0
22.4259,92.3711,365.1,3,1.7,2007-03-31,0637,Aqua,MODIS,100,6.2,308.8,451.2,D,0
22.859,92.2997,336.4,3,1.6,2007-03-31,0637,Aqua,MODIS,65,6.2,304,147.9,D,0
22.6065,92.3482,322.9,3,1.6,2007-03-31,0637,Aqua,MODIS,70,6.2,305.9,58.5,D,0
23.004,92.1026,350,3.1,1.7,2007-03-31,0637,Aqua,MODIS,95,6.2,302.6,269.9,D,0
23.0048,92.1072,346.8,3.1,1.7,2007-03-31,0637,Aqua,MODIS,93,6.2,302.6,236,D,0
21.5691,92.4864,337.1,3.1,1.7,2007-03-31,0637,Aqua,MODIS,84,6.2,305.8,141.3,D,0
21.5631,92.4557,332.4,3.1,1.7,2007-03-31,0637,Aqua,MODIS,79,6.2,305.5,107.7,D,0
22.5505,92.4573,346.1,3,1.6,2007-03-31,0637,Aqua,MODIS,92,6.2,304.3,206.8,D,0
22.5863,92.4716,335,2.9,1.6,2007-03-31,0637,Aqua,MODIS,63,6.2,303.3,112.8,D,0
22.5794,92.4505,333.2,3,1.6,2007-03-31,0637,Aqua,MODIS,59,6.2,305.3,106.8,D,0
22.8589,92.3046,331.5,3,1.6,2007-03-31,0637,Aqua,MODIS,62,6.2,303.7,112.1,D,0
21.7659,92.5431,337.5,3,1.7,2007-03-31,0637,Aqua,MODIS,86,6.2,305.9,157.1,D,0
22.4668,92.4179,334.9,3,1.6,2007-03-31,0637,Aqua,MODIS,78,6.2,305.3,120.6,D,0
22.4755,92.3864,336,3,1.6,2007-03-31,0637,Aqua,MODIS,85,6.2,306,136.9,D,0
22.4695,92.3608,341.1,3,1.7,2007-03-31,0637,Aqua,MODIS,89,6.2,306.3,178.8,D,0
21.5839,92.4831,363.8,3.1,1.7,2007-03-31,0637,Aqua,MODIS,100,6.2,307.1,439.6,D,0
21.5777,92.452,347,3.1,1.7,2007-03-31,0637,Aqua,MODIS,92,6.2,305.1,231.3,D,0
21.5677,92.4806,335.9,3.1,1.7,2007-03-31,0637,Aqua,MODIS,83,6.2,305.8,133.9,D,0
21.5614,92.4502,322.8,3.1,1.7,2007-03-31,0637,Aqua,MODIS,31,6.2,304.9,48.7,D,0
21.5824,92.4774,372.9,3.1,1.7,2007-03-31,0637,Aqua,MODIS,100,6.2,307.5,589.7,D,0
21.5761,92.4468,335,3.1,1.7,2007-03-31,0637,Aqua,MODIS,83,6.2,304.7,124.7,D,0
21.6119,92.4709,330.4,3.1,1.7,2007-03-31,0637,Aqua,MODIS,74,6.2,302.8,97.6,D,0
21.3945,92.3812,405,3.2,1.7,2007-03-31,0637,Aqua,MODIS,100,6.2,306.4,1476.3,D,0
21.5354,92.1717,347.4,3.3,1.7,2007-03-31,0637,Aqua,MODIS,93,6.2,304.4,272.9,D,0
21.6056,92.4398,331.2,3.1,1.7,2007-03-31,0637,Aqua,MODIS,64,6.2,304,101.4,D,0
22.5563,92.4861,336.3,2.9,1.6,2007-03-31,0637,Aqua,MODIS,56,6.2,301.9,115.9,D,0
22.6644,92.4761,325.9,2.9,1.6,2007-03-31,0637,Aqua,MODIS,75,6.2,303.1,71.6,D,0
22.6635,92.4805,328,2.9,1.6,2007-03-31,0637,Aqua,MODIS,77,6.2,303.4,82,D,0
22.2609,92.5462,333.2,3,1.6,2007-03-31,0637,Aqua,MODIS,75,6.2,302.9,110.2,D,0
22.6491,92.4839,389.4,2.9,1.6,2007-03-31,0637,Aqua,MODIS,100,6.2,310.2,889.7,D,0
22.5937,92.4465,328.1,3,1.6,2007-03-31,0637,Aqua,MODIS,59,6.2,304.9,79.2,D,0
22.0806,92.2671,318.3,3.1,1.7,2007-03-31,0637,Aqua,MODIS,44,6.2,303.9,34.1,D,0
22.2594,92.5521,367.9,3,1.6,2007-03-31,0637,Aqua,MODIS,100,6.2,304.8,476.9,D,0
22.2306,92.5589,334.5,3,1.6,2007-03-31,0637,Aqua,MODIS,84,6.2,304.3,121.1,D,0
22.1675,92.5456,320.9,3,1.6,2007-03-31,0637,Aqua,MODIS,24,6.2,303.6,44.3,D,0
22.173,92.5727,375.2,3,1.6,2007-03-31,0637,Aqua,MODIS,100,6.2,306.3,606.8,D,0
22.1673,92.5512,331.9,3,1.6,2007-03-31,0637,Aqua,MODIS,58,6.2,303.9,100.8,D,0
22.6236,92.4322,333.1,3,1.6,2007-03-31,0637,Aqua,MODIS,83,6.2,306.9,113.8,D,0
21.944,92.4333,323.1,3.1,1.7,2007-03-31,0637,Aqua,MODIS,68,6.2,304.3,64.9,D,0
21.9431,92.4288,319.6,3.1,1.7,2007-03-31,0637,Aqua,MODIS,60,6.2,304.2,46.6,D,0
22.3181,92.5304,319.9,3,1.6,2007-03-31,0637,Aqua,MODIS,52,6.2,303.5,40.4,D,0
22.9988,92.0769,332.1,3.1,1.7,2007-03-31,0637,Aqua,MODIS,83,6.2,298.8,113.9,D,0
21.6232,92.5273,330.8,3.1,1.7,2007-03-31,0637,Aqua,MODIS,78,6.2,304.5,106.4,D,0
22.347,92.5238,326.9,3,1.6,2007-03-31,0637,Aqua,MODIS,39,6.2,304.1,68.1,D,0
21.5363,92.3988,321.4,3.1,1.7,2007-03-31,0637,Aqua,MODIS,57,6.2,302.8,49.5,D,0
22.3475,92.5192,320.7,3,1.6,2007-03-31,0637,Aqua,MODIS,19,6.2,304.2,39.6,D,0
22.3814,92.5378,339.7,2.9,1.6,2007-03-31,0637,Aqua,MODIS,69,6.2,302.7,142.2,D,0
22.3765,92.5131,343.3,3,1.6,2007-03-31,0637,Aqua,MODIS,90,6.2,305.2,183.3,D,0
22.3909,92.5098,363.7,3,1.6,2007-03-31,0637,Aqua,MODIS,100,6.2,307.7,412.9,D,0
22.3921,92.5024,345.6,3,1.6,2007-03-31,0637,Aqua,MODIS,92,6.2,306.7,206.5,D,0
22.4207,92.4948,398.3,3,1.6,2007-03-31,0637,Aqua,MODIS,100,6.2,308.8,1109,D,0
22.4352,92.4915,361.1,3,1.6,2007-03-31,0637,Aqua,MODIS,100,6.2,304,373.4,D,0
22.4494,92.4872,347.2,3,1.6,2007-03-31,0637,Aqua,MODIS,93,6.2,301.3,210.1,D,0
21.7167,92.3757,365.5,3.1,1.7,2007-03-31,0637,Aqua,MODIS,100,6.2,307.7,479.5,D,0
22.9082,92.1599,318.1,3,1.7,2007-03-31,0637,Aqua,MODIS,48,6.2,303.8,43,D,0
22.9082,92.1664,317.4,3,1.7,2007-03-31,0637,Aqua,MODIS,0,6.2,303.6,39.7,D,0
22.6665,92.1152,317.4,3.1,1.7,2007-03-31,0637,Aqua,MODIS,51,6.2,302.7,35.1,D,0
23.3902,91.9529,364.7,3.1,1.7,2007-03-31,0638,Aqua,MODIS,100,6.2,302.4,452,D,0
23.402,92.0109,337.5,3,1.7,2007-03-31,0638,Aqua,MODIS,88,6.2,299.7,146.2,D,0
23.4191,91.939,327.9,3.1,1.7,2007-03-31,0638,Aqua,MODIS,59,6.2,297.6,82.4,D,0
23.3064,92.0692,341.8,3,1.7,2007-03-31,0638,Aqua,MODIS,82,6.2,300.2,179,D,0
23.6318,92.0046,343.4,3,1.7,2007-03-31,0638,Aqua,MODIS,91,6.2,301.2,209.1,D,0
23.6177,92.0015,316.5,3,1.7,2007-03-31,0638,Aqua,MODIS,62,6.2,300.6,37.1,D,0
23.4726,92.1965,313.8,2.9,1.6,2007-03-31,0638,Aqua,MODIS,55,6.2,300,30.7,D,0
23.3415,92.0915,323.1,3,1.7,2007-03-31,0638,Aqua,MODIS,75,6.2,298.1,67.4,D,0
23.2307,92.0044,323.4,3.1,1.7,2007-03-31,0638,Aqua,MODIS,55,6.2,302.6,58.9,D,0
23.5857,89.5539,323.8,4.5,2,2007-03-31,0638,Aqua,MODIS,74,6.2,303,93.9,D,0
23.327,92.0955,341.5,3,1.7,2007-03-31,0638,Aqua,MODIS,90,6.2,296.7,184,D,0
23.3125,92.0991,375.9,3,1.7,2007-03-31,0638,Aqua,MODIS,100,6.2,303.7,635.5,D,0
23.3182,92.1271,335.8,3,1.6,2007-03-31,0638,Aqua,MODIS,78,6.2,301,137.5,D,0
23.3962,91.9824,354.5,3.1,1.7,2007-03-31,0638,Aqua,MODIS,97,6.2,300.3,308.6,D,0
23.3356,92.0624,324.9,3,1.7,2007-03-31,0638,Aqua,MODIS,77,6.2,295.2,75.7,D,0
23.1488,92.0547,320.5,3.1,1.7,2007-03-31,0638,Aqua,MODIS,71,6.2,302,52.6,D,0
23.5849,89.5574,323.8,4.5,2,2007-03-31,0638,Aqua,MODIS,74,6.2,302.9,87.1,D,0
23.0165,91.7842,315.8,3.2,1.7,2007-03-31,0638,Aqua,MODIS,58,6.2,303.2,29.2,D,0
23.0208,91.809,313.9,3.2,1.7,2007-03-31,0638,Aqua,MODIS,52,6.2,302.1,20.8,D,0
23.0776,91.79,324.2,3.2,1.7,2007-03-31,0638,Aqua,MODIS,67,6.2,303.2,67.1,D,0
23.3746,91.8007,324.8,3.2,1.7,2007-03-31,0638,Aqua,MODIS,77,6.2,301.7,78.1,D,0
23.3816,91.9858,323.2,3.1,1.7,2007-03-31,0638,Aqua,MODIS,32,6.2,301.1,53.2,D,0
23.6175,92.0091,314.7,3,1.7,2007-03-31,0638,Aqua,MODIS,29,6.2,300.6,28,D,0
23.4254,91.9689,356.5,3.1,1.7,2007-03-31,0638,Aqua,MODIS,98,6.2,300.4,348.7,D,0
23.0915,92.0806,326.5,3.1,1.7,2007-03-31,0638,Aqua,MODIS,60,6.2,302.1,72.1,D,0
23.0915,92.0742,324.7,3.1,1.7,2007-03-31,0638,Aqua,MODIS,76,6.2,302,66.9,D,0
23.4312,91.9971,324.3,3,1.7,2007-03-31,0638,Aqua,MODIS,59,6.2,300,71.6,D,0
23.4656,92.1754,334.4,3,1.6,2007-03-31,0638,Aqua,MODIS,86,6.2,300.6,140.2,D,0
23.2154,91.8525,334.8,3.2,1.7,2007-03-31,0638,Aqua,MODIS,68,6.2,302,125.6,D,0
23.1856,91.8589,339.3,3.2,1.7,2007-03-31,0638,Aqua,MODIS,86,6.2,303.2,166,D,0
23.6258,91.9746,317.6,3,1.7,2007-03-31,0638,Aqua,MODIS,66,6.2,298.9,39.8,D,0
23.4107,91.9723,337.1,3.1,1.7,2007-03-31,0638,Aqua,MODIS,62,6.2,302,143.9,D,0
23.0804,91.7943,328.7,3.2,1.7,2007-03-31,0638,Aqua,MODIS,80,6.2,303.4,97.6,D,0
23.1498,92.0594,319.5,3.1,1.7,2007-03-31,0638,Aqua,MODIS,68,6.2,302,48.6,D,0
23.3182,91.9762,341.4,3.1,1.7,2007-03-31,0638,Aqua,MODIS,90,6.2,300.8,187.5,D,0
23.3171,91.9714,341.7,3.1,1.7,2007-03-31,0638,Aqua,MODIS,91,6.2,300.9,196,D,0
23.411,91.9797,341.9,3.1,1.7,2007-03-31,0638,Aqua,MODIS,91,6.2,301.6,188.3,D,0
23.3351,92.0574,320.8,3,1.7,2007-03-31,0638,Aqua,MODIS,70,6.2,295.4,54.3,D,0
23.6322,91.9975,341.3,3,1.7,2007-03-31,0638,Aqua,MODIS,90,6.2,300.9,191.1,D,0
23.2301,91.8482,373.8,3.2,1.7,2007-03-31,0638,Aqua,MODIS,100,6.2,302.8,624.1,D,0
23.1771,91.8929,332.7,3.1,1.7,2007-03-31,0638,Aqua,MODIS,84,6.2,303.7,119.8,D,0
23.1207,92.067,339.2,3.1,1.7,2007-03-31,0638,Aqua,MODIS,89,6.2,302.5,162.5,D,0
23.1842,91.8522,334.3,3.2,1.7,2007-03-31,0638,Aqua,MODIS,60,6.2,303.4,120.6,D,0
23.214,91.8458,335.8,3.2,1.7,2007-03-31,0638,Aqua,MODIS,71,6.2,302.1,133.6,D,0
23.1264,92.095,331,3,1.7,2007-03-31,0638,Aqua,MODIS,72,6.2,302.1,100.6,D,0
23.0973,92.1022,319.4,3,1.7,2007-03-31,0638,Aqua,MODIS,37,6.2,302.1,40.2,D,0
23.4166,92.0071,323.3,3,1.7,2007-03-31,0638,Aqua,MODIS,37,6.2,299.1,62,D,0
23.3797,91.8249,320.6,3.1,1.7,2007-03-31,0638,Aqua,MODIS,72,6.2,301.4,54,D,0
23.3809,91.8314,314.9,3.1,1.7,2007-03-31,0638,Aqua,MODIS,60,6.2,301.4,27.8,D,0
23.3898,91.946,339.3,3.1,1.7,2007-03-31,0638,Aqua,MODIS,67,6.2,301.5,153.4,D,0
23.2742,91.9868,347.4,3.1,1.7,2007-03-31,0638,Aqua,MODIS,94,6.2,301.5,233.8,D,0
23.0462,91.9301,315.1,3.1,1.7,2007-03-31,0638,Aqua,MODIS,57,6.2,302.5,27.7,D,0
23.0473,91.9369,317.7,3.1,1.7,2007-03-31,0638,Aqua,MODIS,64,6.2,302.5,38.6,D,0
23.4166,92.0005,334.4,3,1.7,2007-03-31,0638,Aqua,MODIS,68,6.2,299.6,129.1,D,0
23.2287,91.8416,373.4,3.2,1.7,2007-03-31,0638,Aqua,MODIS,100,6.2,303.1,622.8,D,0
23.2435,91.8381,336.2,3.2,1.7,2007-03-31,0638,Aqua,MODIS,87,6.2,299.7,142.2,D,0
24.5342,89.8029,313.4,4.1,1.9,2007-03-31,0638,Aqua,MODIS,0,6.2,301.4,48.6,D,0
23.4081,92.0331,360.3,3,1.7,2007-03-31,0638,Aqua,MODIS,100,6.2,303.7,393,D,0
23.4079,92.0399,366.6,3,1.7,2007-03-31,0638,Aqua,MODIS,100,6.2,303.3,483.2,D,0
23.2239,91.8174,340.2,3.2,1.7,2007-03-31,0638,Aqua,MODIS,82,6.2,301.1,166.3,D,0
23.4668,92.1686,330.1,3,1.6,2007-03-31,0638,Aqua,MODIS,82,6.2,300.5,112.4,D,0
23.396,91.9755,355.3,3.1,1.7,2007-03-31,0638,Aqua,MODIS,98,6.2,301.4,315.9,D,0
23.294,91.857,319.7,3.1,1.7,2007-03-31,0638,Aqua,MODIS,70,6.2,300.9,44.5,D,0
23.2879,91.827,315.7,3.2,1.7,2007-03-31,0638,Aqua,MODIS,36,6.2,300.7,25.2,D,0
23.2922,91.8527,323.1,3.1,1.7,2007-03-31,0638,Aqua,MODIS,66,6.2,300.8,59.5,D,0
23.4195,91.9458,335.1,3.1,1.7,2007-03-31,0638,Aqua,MODIS,86,6.2,298.4,136,D,0
23.4256,91.9763,359.4,3.1,1.7,2007-03-31,0638,Aqua,MODIS,99,6.2,301.1,386.9,D,0
23.3268,92.0906,330.1,3,1.7,2007-03-31,0638,Aqua,MODIS,82,6.2,295.6,103.7,D,0
23.3412,92.0868,327.8,3,1.7,2007-03-31,0638,Aqua,MODIS,80,6.2,297.7,92.1,D,0
21.4147,92.5395,305.3,1,1,2007-03-31,1602,Terra,MODIS,64,6.2,293.5,6.1,N,0
21.55,92.5798,330.7,1,1,2007-03-31,1602,Terra,MODIS,100,6.2,295.6,29.6,N,0
23.2119,91.8526,305.6,1,1,2007-03-31,1602,Terra,MODIS,65,6.2,294.7,6.1,N,0
21.7602,92.3838,314.7,1,1,2007-03-31,1602,Terra,MODIS,90,6.2,294.7,12.9,N,0
21.3949,92.5929,318.2,1,1,2007-03-31,1602,Terra,MODIS,96,6.2,293,16.8,N,0
22.0886,92.4188,315.4,1,1,2007-03-31,1602,Terra,MODIS,91,6.2,293.7,13.9,N,0
22.4575,92.4201,311.1,1,1,2007-03-31,1602,Terra,MODIS,82,6.2,293.6,10.2,N,0
25.093,92.0199,316.4,2,1.4,2007-04-01,0411,Terra,MODIS,22,6.2,296.7,14.5,D,0
21.7284,92.3971,317.1,1.7,1.3,2007-04-01,0412,Terra,MODIS,51,6.2,304.4,12.8,D,0
21.6248,92.5105,332.7,1.7,1.3,2007-04-01,0412,Terra,MODIS,83,6.2,303.2,52.3,D,0
21.5453,92.5217,346.2,1.7,1.3,2007-04-01,0412,Terra,MODIS,93,6.2,303.7,99.6,D,0
21.627,92.5051,332.4,1.7,1.3,2007-04-01,0412,Terra,MODIS,83,6.2,303.2,51.6,D,0
21.534,92.5194,314.1,1.7,1.3,2007-04-01,0412,Terra,MODIS,23,6.2,301.3,11,D,0
21.545,92.5115,364.7,1.7,1.3,2007-04-01,0412,Terra,MODIS,100,6.2,305.1,194.9,D,0
21.732,92.3899,320.7,1.7,1.3,2007-04-01,0412,Terra,MODIS,69,6.2,304.6,21.5,D,0
21.6252,92.5202,317,1.7,1.3,2007-04-01,0412,Terra,MODIS,58,6.2,304.1,15.1,D,0
21.5474,92.5047,341.6,1.7,1.3,2007-04-01,0412,Terra,MODIS,90,6.2,303.8,80.6,D,0
21.5431,92.5281,330.2,1.7,1.3,2007-04-01,0412,Terra,MODIS,81,6.2,302.6,44.7,D,0
23.3333,92.3351,322.1,1.1,1.1,2007-04-01,0720,Aqua,MODIS,42,6.2,305,8.6,D,0
21.7646,92.4956,359.3,1.1,1,2007-04-01,0720,Aqua,MODIS,99,6.2,309.6,82.4,D,0
21.7633,92.4851,362.1,1.1,1,2007-04-01,0720,Aqua,MODIS,100,6.2,312.5,91.2,D,0
21.5399,92.5149,325,1.1,1,2007-04-01,0720,Aqua,MODIS,71,6.2,306.7,13.8,D,0
21.63,92.5062,320.8,1.1,1,2007-04-01,0720,Aqua,MODIS,56,6.2,307.2,8.3,D,0
22.0329,92.5602,353.6,1.1,1.1,2007-04-01,0720,Aqua,MODIS,96,6.2,313.7,66.7,D,0
22.0397,92.5631,324.8,1.1,1.1,2007-04-01,0720,Aqua,MODIS,69,6.2,307.9,15.5,D,0
22.0384,92.5529,319.8,1.1,1.1,2007-04-01,0720,Aqua,MODIS,52,6.2,308.5,9.1,D,0
22.7163,91.9731,370.9,1.1,1,2007-04-01,0720,Aqua,MODIS,100,6.2,307.4,120.8,D,0
22.6712,91.9761,318,1.1,1,2007-04-01,0720,Aqua,MODIS,49,6.2,305.1,6.4,D,0
22.6726,91.9864,317.7,1.1,1,2007-04-01,0720,Aqua,MODIS,47,6.2,305.2,6.2,D,0
22.2197,92.1716,322.4,1.1,1,2007-04-01,0720,Aqua,MODIS,67,6.2,309,8.1,D,0
22.6759,92.446,338.5,1.1,1.1,2007-04-01,0720,Aqua,MODIS,86,6.2,306.6,34,D,0
22.6745,92.4355,346.9,1.1,1.1,2007-04-01,0720,Aqua,MODIS,92,6.2,308.4,50.8,D,0
22.6853,92.4446,351.6,1.1,1.1,2007-04-01,0720,Aqua,MODIS,95,6.2,308.1,62.5,D,0
22.3258,92.2127,324.3,1.1,1,2007-04-01,0720,Aqua,MODIS,70,6.2,306.7,11.5,D,0
21.8379,92.3493,324.9,1.1,1,2007-04-01,0720,Aqua,MODIS,35,6.2,307.2,10.4,D,0
22.2901,92.2287,332.1,1.1,1,2007-04-01,0720,Aqua,MODIS,81,6.2,307.2,21.6,D,0
22.2914,92.2391,341.8,1.1,1,2007-04-01,0720,Aqua,MODIS,89,6.2,307.4,37.4,D,0
22.2862,92.2719,327.4,1.1,1,2007-04-01,0720,Aqua,MODIS,75,6.2,306.3,14.5,D,0
22.967,92.1231,339.6,1.1,1,2007-04-01,0720,Aqua,MODIS,87,6.2,305.9,32.8,D,0
22.9656,92.1126,334.8,1.1,1,2007-04-01,0720,Aqua,MODIS,83,6.2,306.9,24.7,D,0
22.9763,92.1218,331.7,1.1,1,2007-04-01,0720,Aqua,MODIS,80,6.2,305.8,19.6,D,0
22.9842,92.1096,365.4,1.1,1,2007-04-01,0720,Aqua,MODIS,100,6.2,309,99.5,D,0
22.4879,92.4866,334.6,1.1,1.1,2007-04-01,0720,Aqua,MODIS,83,6.2,304.9,28.7,D,0
22.4866,92.4759,336.8,1.1,1.1,2007-04-01,0720,Aqua,MODIS,85,6.2,306.5,32.9,D,0
22.496,92.4746,318.7,1.1,1.1,2007-04-01,0720,Aqua,MODIS,30,6.2,305.2,7.1,D,0
22.4947,92.4643,330.8,1.1,1.1,2007-04-01,0720,Aqua,MODIS,78,6.2,307.5,22.1,D,0
22.5241,92.4701,342.4,1.1,1.1,2007-04-01,0720,Aqua,MODIS,89,6.2,308.6,42,D,0
22.5228,92.46,328.9,1.1,1.1,2007-04-01,0720,Aqua,MODIS,76,6.2,309.1,17.8,D,0
22.8928,89.6186,318.2,1,1,2007-04-01,0720,Aqua,MODIS,55,6.2,305.9,6.6,D,0
22.3624,92.3455,324,1.1,1,2007-04-01,0720,Aqua,MODIS,67,6.2,306.6,11,D,0
21.7305,92.4954,386.8,1.1,1,2007-04-01,0720,Aqua,MODIS,100,6.2,313,196.7,D,0
21.7291,92.4849,362,1.1,1,2007-04-01,0720,Aqua,MODIS,100,6.2,312.5,91,D,0
21.7371,92.4731,321.8,1.1,1,2007-04-01,0720,Aqua,MODIS,62,6.2,308.8,7.5,D,0
22.353,92.3468,328.4,1.1,1,2007-04-01,0720,Aqua,MODIS,76,6.2,307.3,16.8,D,0
22.9776,92.3487,328.9,1.1,1.1,2007-04-01,0720,Aqua,MODIS,77,6.2,304.9,21.5,D,0
21.7308,92.2364,328.1,1.1,1,2007-04-01,0720,Aqua,MODIS,77,6.2,308.1,13.8,D,0
21.7321,92.2466,324.5,1.1,1,2007-04-01,0720,Aqua,MODIS,64,6.2,306.6,9.8,D,0
22.1827,92.1771,324.7,1.1,1,2007-04-01,0720,Aqua,MODIS,71,6.2,307.6,11.1,D,0
22.1919,92.1757,322.6,1.1,1,2007-04-01,0720,Aqua,MODIS,53,6.2,306.2,7.5,D,0
21.5386,92.5048,324.3,1.1,1,2007-04-01,0720,Aqua,MODIS,65,6.2,307.2,12.4,D,0
21.8728,92.3979,324.7,1.1,1,2007-04-01,0720,Aqua,MODIS,70,6.2,309.6,10.8,D,0
21.8267,92.3894,334.8,1.1,1,2007-04-01,0720,Aqua,MODIS,83,6.2,306.9,28.1,D,0
22.391,92.3672,329.4,1.1,1,2007-04-01,0720,Aqua,MODIS,77,6.2,306.7,18.3,D,0
22.4298,92.3721,374,1.1,1,2007-04-01,0720,Aqua,MODIS,100,6.2,307.5,136.5,D,0
22.4284,92.3615,334.9,1.1,1,2007-04-01,0720,Aqua,MODIS,83,6.2,306.3,28,D,0
22.4391,92.3706,359.8,1.1,1,2007-04-01,0720,Aqua,MODIS,99,6.2,308,85,D,0
22.4377,92.3601,331.1,1.1,1,2007-04-01,0720,Aqua,MODIS,79,6.2,306.1,21.9,D,0
22.473,92.3703,340.2,1.1,1,2007-04-01,0720,Aqua,MODIS,88,6.2,309,35.3,D,0
22.4824,92.3689,347.6,1.1,1,2007-04-01,0720,Aqua,MODIS,93,6.2,309.1,50.4,D,0
22.8606,92.3075,329.8,1.1,1,2007-04-01,0720,Aqua,MODIS,78,6.2,304.5,21.9,D,0
22.8864,92.3584,325.6,1.1,1,2007-04-01,0720,Aqua,MODIS,72,6.2,304.9,15.7,D,0
23.03,92.3459,329.8,1.1,1.1,2007-04-01,0720,Aqua,MODIS,78,6.2,305.4,21,D,0
23.0394,92.3445,342.4,1.1,1.1,2007-04-01,0720,Aqua,MODIS,90,6.2,305.7,41.6,D,0
23.0488,92.343,404.2,1.1,1.1,2007-04-01,0720,Aqua,MODIS,100,6.2,309.4,312,D,0
23.0582,92.3416,391.9,1.1,1.1,2007-04-01,0720,Aqua,MODIS,100,6.2,307.7,229.8,D,0
22.4466,92.2832,344,1.1,1,2007-04-01,0720,Aqua,MODIS,91,6.2,307.4,45.3,D,0
22.4452,92.2728,340.5,1.1,1,2007-04-01,0720,Aqua,MODIS,88,6.2,307.8,37.9,D,0
22.4559,92.2818,384.3,1.1,1,2007-04-01,0720,Aqua,MODIS,100,6.2,310.3,182.9,D,0
22.4545,92.2714,350.1,1.1,1,2007-04-01,0720,Aqua,MODIS,94,6.2,308.3,58.7,D,0
22.4701,92.2739,330.8,1.1,1,2007-04-01,0720,Aqua,MODIS,79,6.2,306.3,20.5,D,0
22.4687,92.2634,331.5,1.1,1,2007-04-01,0720,Aqua,MODIS,80,6.2,307,21.5,D,0
22.4794,92.2726,319.8,1.1,1,2007-04-01,0720,Aqua,MODIS,56,6.2,306,8.1,D,0
21.7653,92.2834,318.9,1.1,1,2007-04-01,0720,Aqua,MODIS,56,6.2,304.8,6.5,D,0
21.7968,92.2366,328.7,1.1,1,2007-04-01,0720,Aqua,MODIS,77,6.2,306,16.8,D,0
22.6947,92.4432,350.9,1.1,1.1,2007-04-01,0720,Aqua,MODIS,95,6.2,308.3,61,D,0
22.6906,92.4115,336.7,1.1,1.1,2007-04-01,0720,Aqua,MODIS,85,6.2,308.1,28.4,D,0
22.6892,92.4008,322.5,1.1,1,2007-04-01,0720,Aqua,MODIS,34,6.2,307.2,8.1,D,0
22.7069,92.4634,327.7,1.1,1.1,2007-04-01,0720,Aqua,MODIS,74,6.2,305.6,18.6,D,0
22.7041,92.4419,356.4,1.1,1.1,2007-04-01,0720,Aqua,MODIS,98,6.2,305.8,75.8,D,0
22.7027,92.4315,385.7,1.1,1.1,2007-04-01,0720,Aqua,MODIS,100,6.2,312.6,192.8,D,0
22.6999,92.41,324.3,1.1,1.1,2007-04-01,0720,Aqua,MODIS,41,6.2,306.1,10.8,D,0
22.6985,92.3991,328.6,1.1,1,2007-04-01,0720,Aqua,MODIS,76,6.2,307.3,17.4,D,0
22.4837,92.3791,354.5,1.1,1,2007-04-01,0720,Aqua,MODIS,97,6.2,309.2,66.7,D,0
22.4539,92.4107,323.2,1.1,1,2007-04-01,0720,Aqua,MODIS,67,6.2,306.6,10.4,D,0
22.4554,92.4218,338.9,1.1,1,2007-04-01,0720,Aqua,MODIS,87,6.2,306.5,35,D,0
22.4232,92.3945,354.1,1.1,1,2007-04-01,0720,Aqua,MODIS,97,6.2,308.5,67.8,D,0
22.4193,92.4384,338.4,1.1,1,2007-04-01,0720,Aqua,MODIS,86,6.2,306.2,33.6,D,0
22.4031,92.3869,325.1,1.1,1,2007-04-01,0720,Aqua,MODIS,35,6.2,306,11,D,0
22.4099,92.4398,370.6,1.1,1,2007-04-01,0720,Aqua,MODIS,100,6.2,309.5,122.8,D,0
22.6833,92.2823,327,1.1,1,2007-04-01,0720,Aqua,MODIS,51,6.2,304,14,D,0
22.6819,92.2716,359.8,1.1,1,2007-04-01,0720,Aqua,MODIS,99,6.2,308.8,83.2,D,0
22.6806,92.2613,341,1.1,1,2007-04-01,0720,Aqua,MODIS,77,6.2,308.4,36.7,D,0
22.7197,92.342,318.4,1.1,1,2007-04-01,0720,Aqua,MODIS,0,6.2,304.8,6,D,0
21.7603,92.3892,402.4,1.1,1,2007-04-01,0720,Aqua,MODIS,100,6.2,316,285.7,D,0
21.7616,92.3993,416.9,1.1,1,2007-04-01,0720,Aqua,MODIS,100,6.2,313.9,402.4,D,0
21.751,92.3905,333.7,1.1,1,2007-04-01,0720,Aqua,MODIS,82,6.2,309.7,22.5,D,0
21.7523,92.4007,337,1.1,1,2007-04-01,0720,Aqua,MODIS,85,6.2,308.2,28.1,D,0
21.7404,92.3819,326.5,1.1,1,2007-04-01,0720,Aqua,MODIS,71,6.2,309.1,13.1,D,0
22.6008,92.4965,323.6,1.1,1.1,2007-04-01,0720,Aqua,MODIS,65,6.2,304.9,11.9,D,0
22.5994,92.4855,361.9,1.1,1.1,2007-04-01,0720,Aqua,MODIS,100,6.2,306.4,93.6,D,0
22.6088,92.4841,334.9,1.1,1.1,2007-04-01,0720,Aqua,MODIS,83,6.2,306.5,26.5,D,0
22.6074,92.4732,328.7,1.1,1.1,2007-04-01,0720,Aqua,MODIS,73,6.2,307.3,16.6,D,0
22.606,92.4626,336.9,1.1,1.1,2007-04-01,0720,Aqua,MODIS,85,6.2,308.3,30,D,0
22.6248,92.4592,330.7,1.1,1.1,2007-04-01,0720,Aqua,MODIS,78,6.2,307,19.8,D,0
22.2057,92.4779,343.7,1.1,1,2007-04-01,0720,Aqua,MODIS,90,6.2,305.9,46.4,D,0
22.2044,92.4676,345.8,1.1,1,2007-04-01,0720,Aqua,MODIS,92,6.2,308.4,50.6,D,0
22.2113,92.4704,323,1.1,1,2007-04-01,0720,Aqua,MODIS,66,6.2,305.8,13.5,D,0
21.6109,91.9501,328.9,1,1,2007-04-01,0720,Aqua,MODIS,78,6.2,310.1,16.3,D,0
22.3885,92.4215,325.6,1.1,1,2007-04-01,0720,Aqua,MODIS,32,6.2,306,12.8,D,0
22.5224,92.3838,321.3,1.1,1,2007-04-01,0720,Aqua,MODIS,60,6.2,305.7,9,D,0
22.5037,92.3863,343.4,1.1,1,2007-04-01,0720,Aqua,MODIS,90,6.2,306.9,42.6,D,0
22.5051,92.3974,338.2,1.1,1,2007-04-01,0720,Aqua,MODIS,86,6.2,305.6,33.1,D,0
22.4019,92.4518,320.7,1.1,1,2007-04-01,0720,Aqua,MODIS,59,6.2,305.2,9.6,D,0
22.4113,92.4504,360.8,1.1,1,2007-04-01,0720,Aqua,MODIS,100,6.2,305.7,89.7,D,0
22.4207,92.449,335.9,1.1,1,2007-04-01,0720,Aqua,MODIS,84,6.2,304.9,29.7,D,0
22.4704,92.463,373.7,1.1,1.1,2007-04-01,0720,Aqua,MODIS,100,6.2,309,136.3,D,0
22.4825,92.4822,353.9,1.1,1.1,2007-04-01,0720,Aqua,MODIS,96,6.2,306.5,69.8,D,0
22.4811,92.4718,324.2,1.1,1.1,2007-04-01,0720,Aqua,MODIS,48,6.2,305.8,11.7,D,0
22.4853,92.4657,320,1.1,1.1,2007-04-01,0720,Aqua,MODIS,48,6.2,305.8,8.3,D,0
23.3547,91.8726,324.7,1.1,1,2007-04-01,0720,Aqua,MODIS,73,6.2,303.9,12.7,D,0
23.3519,91.8517,345.8,1.1,1,2007-04-01,0720,Aqua,MODIS,92,6.2,303.5,47.5,D,0
23.3506,91.8413,367.3,1.1,1,2007-04-01,0720,Aqua,MODIS,100,6.2,305.9,107.2,D,0
23.3796,91.8474,331.4,1.1,1,2007-04-01,0720,Aqua,MODIS,81,6.2,305.1,21.1,D,0
23.3888,91.8459,324.8,1.1,1,2007-04-01,0720,Aqua,MODIS,73,6.2,305.3,12.2,D,0
23.112,92.0455,319.4,1.1,1,2007-04-01,0720,Aqua,MODIS,59,6.2,304,7.7,D,0
23.6484,91.9351,323.6,1.1,1,2007-04-01,0720,Aqua,MODIS,71,6.2,303.4,13.9,D,0
23.6471,91.9248,345,1.1,1,2007-04-01,0720,Aqua,MODIS,92,6.2,305,48.5,D,0
23.3959,92.1885,319.2,1.1,1,2007-04-01,0720,Aqua,MODIS,62,6.2,303.6,9.9,D,0
23.424,92.1841,328.1,1.1,1,2007-04-01,0720,Aqua,MODIS,78,6.2,303.5,20.8,D,0
23.1173,91.8015,336.2,1.1,1,2007-04-01,0720,Aqua,MODIS,85,6.2,305.7,27.1,D,0
23.291,91.8671,328.1,1.1,1,2007-04-01,0720,Aqua,MODIS,77,6.2,305.4,17.8,D,0
23.3427,91.8532,337.2,1.1,1,2007-04-01,0720,Aqua,MODIS,86,6.2,304.3,30.9,D,0
23.3413,91.8427,348.1,1.1,1,2007-04-01,0720,Aqua,MODIS,94,6.2,304.9,52.8,D,0
23.1081,91.8029,332.7,1.1,1,2007-04-01,0720,Aqua,MODIS,82,6.2,306.1,21.4,D,0
23.0884,91.7955,322,1.1,1,2007-04-01,0720,Aqua,MODIS,67,6.2,305.3,7.8,D,0
22.3103,92.3108,328.8,1.1,1,2007-04-01,0720,Aqua,MODIS,77,6.2,305.8,17.2,D,0
22.2996,92.3019,322,1.1,1,2007-04-01,0720,Aqua,MODIS,65,6.2,306.5,9.3,D,0
22.301,92.3122,321.5,1.1,1,2007-04-01,0720,Aqua,MODIS,63,6.2,306.1,8.9,D,0
21.3791,92.6164,316.7,1.1,1,2007-04-01,0720,Aqua,MODIS,35,6.2,304.9,6.4,D,0
23.4437,91.9906,346.1,1.1,1,2007-04-01,0720,Aqua,MODIS,92,6.2,304.2,50.5,D,0
23.4423,91.9799,365.9,1.1,1,2007-04-01,0720,Aqua,MODIS,100,6.2,307.8,104.7,D,0
23.453,91.9891,347.5,1.1,1,2007-04-01,0720,Aqua,MODIS,93,6.2,302.7,53.3,D,0
23.4516,91.9784,368,1.1,1,2007-04-01,0720,Aqua,MODIS,100,6.2,306.7,111.5,D,0
23.4581,91.9561,319.1,1.1,1,2007-04-01,0720,Aqua,MODIS,59,6.2,303.8,7.3,D,0
23.4568,91.9456,346.9,1.1,1,2007-04-01,0720,Aqua,MODIS,93,6.2,305.6,50.5,D,0
23.4554,91.9352,328.8,1.1,1,2007-04-01,0720,Aqua,MODIS,74,6.2,305.1,16.8,D,0
23.4716,91.9863,348,1.1,1,2007-04-01,0720,Aqua,MODIS,94,6.2,304.3,55.4,D,0
23.466,91.9441,344,1.1,1,2007-04-01,0720,Aqua,MODIS,91,6.2,304.3,44.3,D,0
23.4647,91.9337,335,1.1,1,2007-04-01,0720,Aqua,MODIS,85,6.2,305.3,26.5,D,0
23.0561,92.1791,340.3,1.1,1,2007-04-01,0720,Aqua,MODIS,88,6.2,304.2,38.5,D,0
23.0654,92.1776,346.7,1.1,1,2007-04-01,0720,Aqua,MODIS,92,6.2,304.1,50.7,D,0
23.064,92.1671,360.6,1.1,1,2007-04-01,0720,Aqua,MODIS,100,6.2,306,88,D,0
23.084,92.1746,319.9,1.1,1,2007-04-01,0720,Aqua,MODIS,48,6.2,303.1,7.8,D,0
23.0826,92.1641,325,1.1,1,2007-04-01,0720,Aqua,MODIS,72,6.2,303.8,14.2,D,0
23.0899,92.1672,355,1.1,1,2007-04-01,0720,Aqua,MODIS,84,6.2,306.3,71.7,D,0
23.1113,92.1855,322.9,1.1,1,2007-04-01,0720,Aqua,MODIS,68,6.2,304,12,D,0
23.3694,91.9128,322.9,1.1,1,2007-04-01,0720,Aqua,MODIS,70,6.2,305.4,10.5,D,0
23.0034,91.9947,323.2,1.1,1,2007-04-01,0720,Aqua,MODIS,45,6.2,304.4,9.3,D,0
23.1107,92.0351,384.2,1.1,1,2007-04-01,0720,Aqua,MODIS,100,6.2,307.7,180.9,D,0
23.1093,92.0247,328.4,1.1,1,2007-04-01,0720,Aqua,MODIS,77,6.2,304.4,18,D,0
23.2598,91.9886,350.5,1.1,1,2007-04-01,0720,Aqua,MODIS,95,6.2,307.4,58.3,D,0
23.2612,91.9991,330.9,1.1,1,2007-04-01,0720,Aqua,MODIS,80,6.2,305.1,20.2,D,0
23.2284,92.0216,335.2,1.1,1,2007-04-01,0720,Aqua,MODIS,84,6.2,304.1,28.4,D,0
23.2044,91.9828,332.4,1.1,1,2007-04-01,0720,Aqua,MODIS,74,6.2,304.8,21.4,D,0
23.1965,91.9947,343.2,1.1,1,2007-04-01,0720,Aqua,MODIS,90,6.2,304.4,40.3,D,0
23.1992,92.0154,350.7,1.1,1,2007-04-01,0720,Aqua,MODIS,95,6.2,303.9,58.9,D,0
23.2006,92.0258,328.8,1.1,1,2007-04-01,0720,Aqua,MODIS,78,6.2,303,18.2,D,0
23.1872,91.9961,328.1,1.1,1,2007-04-01,0720,Aqua,MODIS,37,6.2,304.9,15.4,D,0
23.1886,92.0066,335.4,1.1,1,2007-04-01,0720,Aqua,MODIS,84,6.2,303.6,27.2,D,0
23.1941,92.0484,322.3,1.1,1,2007-04-01,0720,Aqua,MODIS,57,6.2,305.5,9.8,D,0
23.1848,92.0498,334.6,1.1,1,2007-04-01,0720,Aqua,MODIS,84,6.2,305.3,26.4,D,0
23.1662,92.0527,336.8,1.1,1,2007-04-01,0720,Aqua,MODIS,86,6.2,304,30.3,D,0
23.1584,92.0383,330,1.1,1,2007-04-01,0720,Aqua,MODIS,78,6.2,305,19.1,D,0
23.1598,92.0488,344,1.1,1,2007-04-01,0720,Aqua,MODIS,91,6.2,304.3,42.7,D,0
23.1612,92.0593,344.5,1.1,1,2007-04-01,0720,Aqua,MODIS,91,6.2,303.6,43.8,D,0
23.1533,92.0713,330.2,1.1,1,2007-04-01,0720,Aqua,MODIS,79,6.2,303.6,20.2,D,0
23.1426,92.0621,323.9,1.1,1,2007-04-01,0720,Aqua,MODIS,68,6.2,304.2,12.3,D,0
23.144,92.0727,319.1,1.1,1,2007-04-01,0720,Aqua,MODIS,45,6.2,303.4,7.3,D,0
22.8177,91.6289,350.9,1,1,2007-04-01,0720,Aqua,MODIS,95,6.2,304.9,57.5,D,0
22.8163,91.6188,328.7,1,1,2007-04-01,0720,Aqua,MODIS,77,6.2,304.4,17.6,D,0
22.8268,91.6275,341.1,1,1,2007-04-01,0720,Aqua,MODIS,89,6.2,304.5,37.7,D,0
22.8254,91.6174,326.6,1,1,2007-04-01,0720,Aqua,MODIS,74,6.2,303.7,15.4,D,0
22.9986,91.8164,343.6,1.1,1,2007-04-01,0720,Aqua,MODIS,91,6.2,304.8,41.4,D,0
22.9972,91.8061,335.8,1.1,1,2007-04-01,0720,Aqua,MODIS,85,6.2,305.6,26.5,D,0
23.6859,92.2228,316.1,1.1,1.1,2007-04-01,0720,Aqua,MODIS,48,6.2,302,5.7,D,0
21.6231,92.4544,323.2,1.1,1,2007-04-01,0720,Aqua,MODIS,46,6.2,308.1,9.4,D,0
22.9463,91.9668,323.9,1.1,1,2007-04-01,0720,Aqua,MODIS,62,6.2,305,9.9,D,0
22.9449,91.9565,351.4,1.1,1,2007-04-01,0720,Aqua,MODIS,95,6.2,306.8,57.4,D,0
22.9435,91.9463,346.4,1.1,1,2007-04-01,0720,Aqua,MODIS,92,6.2,307.6,44.9,D,0
22.9541,91.9551,330.2,1.1,1,2007-04-01,0720,Aqua,MODIS,79,6.2,305.9,17.5,D,0
22.9528,91.9448,331.4,1.1,1,2007-04-01,0720,Aqua,MODIS,80,6.2,307.6,18.3,D,0
22.9606,91.9331,326.6,1.1,1,2007-04-01,0720,Aqua,MODIS,74,6.2,306.3,12.9,D,0
22.9808,91.9659,323.3,1.1,1,2007-04-01,0720,Aqua,MODIS,69,6.2,305.1,10.3,D,0
22.8922,91.9854,360.9,1.1,1,2007-04-01,0720,Aqua,MODIS,100,6.2,306.1,85.7,D,0
22.9028,91.9948,321.3,1.1,1,2007-04-01,0720,Aqua,MODIS,62,6.2,303.6,8.1,D,0
22.4485,92.1813,320.3,1.1,1,2007-04-01,0720,Aqua,MODIS,59,6.2,307.1,7.5,D,0
22.5335,92.4687,326.3,1.1,1.1,2007-04-01,0720,Aqua,MODIS,56,6.2,305.8,13.3,D,0
22.5429,92.4675,331.3,1.1,1.1,2007-04-01,0720,Aqua,MODIS,73,6.2,306.7,19.5,D,0
22.5416,92.4572,338.6,1.1,1.1,2007-04-01,0720,Aqua,MODIS,86,6.2,309.6,31.4,D,0
22.5631,92.4754,350.5,1.1,1.1,2007-04-01,0720,Aqua,MODIS,95,6.2,308,61,D,0
22.5576,92.4333,321.1,1.1,1,2007-04-01,0720,Aqua,MODIS,56,6.2,307.1,8.2,D,0
22.567,92.4318,319.9,1.1,1,2007-04-01,0720,Aqua,MODIS,35,6.2,306.7,6.9,D,0
22.5751,92.4456,327.7,1.1,1.1,2007-04-01,0720,Aqua,MODIS,74,6.2,304.5,16.5,D,0
22.5738,92.4351,352.2,1.1,1.1,2007-04-01,0720,Aqua,MODIS,95,6.2,309.9,65.1,D,0
22.5845,92.4442,331.7,1.1,1.1,2007-04-01,0720,Aqua,MODIS,80,6.2,305.3,22.5,D,0
22.5832,92.4337,363.2,1.1,1.1,2007-04-01,0720,Aqua,MODIS,100,6.2,311.2,97.6,D,0
21.5681,92.2527,400.9,1.1,1,2007-04-01,0720,Aqua,MODIS,100,6.2,307.7,273.4,D,0
21.5667,92.2425,391.1,1.1,1,2007-04-01,0720,Aqua,MODIS,100,6.2,310,213.3,D,0
21.6012,92.2893,337.5,1.1,1,2007-04-01,0720,Aqua,MODIS,86,6.2,306.9,30.9,D,0
21.5997,92.2785,331.4,1.1,1,2007-04-01,0720,Aqua,MODIS,80,6.2,305.6,21.2,D,0
21.7682,92.3777,332.1,1.1,1,2007-04-01,0720,Aqua,MODIS,80,6.2,307.7,19.8,D,0
21.7609,92.1792,327.4,1.1,1,2007-04-01,0720,Aqua,MODIS,76,6.2,306.3,14.6,D,0
22.8396,92.4043,321,1.1,1.1,2007-04-01,0720,Aqua,MODIS,61,6.2,306.2,9.2,D,0
22.8114,92.4085,326.6,1.1,1.1,2007-04-01,0720,Aqua,MODIS,69,6.2,307.7,15.5,D,0
22.8128,92.4191,415.4,1.1,1.1,2007-04-01,0720,Aqua,MODIS,100,6.2,317.8,406.1,D,0
22.8142,92.4298,372.7,1.1,1.1,2007-04-01,0720,Aqua,MODIS,100,6.2,305.5,133.6,D,0
22.8034,92.4206,370.2,1.1,1.1,2007-04-01,0720,Aqua,MODIS,100,6.2,309.3,123.1,D,0
22.8048,92.4312,349.2,1.1,1.1,2007-04-01,0720,Aqua,MODIS,94,6.2,304.9,57.3,D,0
21.8282,92.4005,332.3,1.1,1,2007-04-01,0720,Aqua,MODIS,81,6.2,306.5,24.4,D,0
21.8741,92.4082,320.4,1.1,1,2007-04-01,0720,Aqua,MODIS,48,6.2,307.3,5.7,D,0
22.5727,92.1339,357.5,1.1,1,2007-04-01,0720,Aqua,MODIS,98,6.2,309.7,73.7,D,0
22.5741,92.1445,385.4,1.1,1,2007-04-01,0720,Aqua,MODIS,100,6.2,309.3,183.2,D,0
22.5555,92.1475,325.8,1.1,1,2007-04-01,0720,Aqua,MODIS,47,6.2,306.9,11,D,0
21.5588,92.2542,317.7,1.1,1,2007-04-01,0720,Aqua,MODIS,43,6.2,301.8,5.1,D,0
22.8598,91.8714,329.9,1.1,1,2007-04-01,0720,Aqua,MODIS,78,6.2,309.7,15.2,D,0
22.6419,92.3706,337.2,1.1,1,2007-04-01,0720,Aqua,MODIS,85,6.2,305.5,32.6,D,0
22.6405,92.36,330.3,1.1,1,2007-04-01,0720,Aqua,MODIS,78,6.2,305.7,21.1,D,0
22.6334,92.3068,334.3,1.1,1,2007-04-01,0720,Aqua,MODIS,83,6.2,308.6,25.7,D,0
22.6321,92.2964,327.9,1.1,1,2007-04-01,0720,Aqua,MODIS,75,6.2,307.5,16.8,D,0
22.6428,92.3054,334.8,1.1,1,2007-04-01,0720,Aqua,MODIS,78,6.2,307.9,26.4,D,0
22.6414,92.2949,330.7,1.1,1,2007-04-01,0720,Aqua,MODIS,68,6.2,307.1,20.5,D,0
22.674,92.2837,321.2,1.1,1,2007-04-01,0720,Aqua,MODIS,55,6.2,306.6,8.3,D,0
22.6726,92.2732,324.4,1.1,1,2007-04-01,0720,Aqua,MODIS,69,6.2,307.2,11.8,D,0
22.3951,92.3988,332,1.1,1,2007-04-01,0720,Aqua,MODIS,40,6.2,306.9,20.5,D,0
22.3937,92.3884,328.2,1.1,1,2007-04-01,0720,Aqua,MODIS,52,6.2,306.7,16,D,0
22.4017,92.3763,333,1.1,1,2007-04-01,0720,Aqua,MODIS,81,6.2,306.3,23,D,0
23.2656,92.1059,328.9,1.1,1,2007-04-01,0720,Aqua,MODIS,77,6.2,307,16.9,D,0
23.2396,92.1059,325.4,1.1,1,2007-04-01,0720,Aqua,MODIS,73,6.2,305.6,13.7,D,0
23.2144,92.1312,320.8,1.1,1,2007-04-01,0720,Aqua,MODIS,64,6.2,305.3,8.4,D,0
23.2157,92.1416,327.1,1.1,1,2007-04-01,0720,Aqua,MODIS,76,6.2,304.9,16.1,D,0
23.1867,92.2114,318.8,1.1,1,2007-04-01,0720,Aqua,MODIS,50,6.2,305.5,7.2,D,0
22.5211,92.3732,354.2,1.1,1,2007-04-01,0720,Aqua,MODIS,97,6.2,309,69.8,D,0
22.5277,92.3511,325.6,1.1,1,2007-04-01,0720,Aqua,MODIS,57,6.2,304.9,12.8,D,0
22.5263,92.3406,332,1.1,1,2007-04-01,0720,Aqua,MODIS,61,6.2,305.4,21.7,D,0
22.537,92.3496,344.6,1.1,1,2007-04-01,0720,Aqua,MODIS,91,6.2,306.8,44.6,D,0
22.5357,92.3392,339.8,1.1,1,2007-04-01,0720,Aqua,MODIS,76,6.2,307.3,34.8,D,0
22.5464,92.3482,323,1.1,1,2007-04-01,0720,Aqua,MODIS,65,6.2,306.6,10.8,D,0
22.545,92.3378,322.7,1.1,1,2007-04-01,0720,Aqua,MODIS,61,6.2,306.5,10.3,D,0
22.5584,92.3673,327.6,1.1,1,2007-04-01,0720,Aqua,MODIS,74,6.2,306.9,16,D,0
22.7151,92.2346,320,1.1,1,2007-04-01,0720,Aqua,MODIS,0,6.2,307,7.6,D,0
22.7477,92.2123,330,1.1,1,2007-04-01,0720,Aqua,MODIS,78,6.2,307.3,19.1,D,0
22.7662,92.2092,320.2,1.1,1,2007-04-01,0720,Aqua,MODIS,50,6.2,305,6.8,D,0
22.8907,92.1739,340.9,1.1,1,2007-04-01,0720,Aqua,MODIS,67,6.2,306.8,38.6,D,0
22.8893,92.1633,322.5,1.1,1,2007-04-01,0720,Aqua,MODIS,66,6.2,306.6,11.1,D,0
22.9154,92.1635,325.6,1.1,1,2007-04-01,0720,Aqua,MODIS,68,6.2,305.8,13.7,D,0
22.914,92.153,324.2,1.1,1,2007-04-01,0720,Aqua,MODIS,70,6.2,307.1,12.4,D,0
22.9285,92.1186,339.3,1.1,1,2007-04-01,0720,Aqua,MODIS,87,6.2,304.3,34.2,D,0
22.9271,92.1081,346.9,1.1,1,2007-04-01,0720,Aqua,MODIS,92,6.2,307,49.9,D,0
22.9391,92.1274,337.9,1.1,1,2007-04-01,0720,Aqua,MODIS,86,6.2,304.1,30.7,D,0
22.9378,92.117,327.2,1.1,1,2007-04-01,0720,Aqua,MODIS,74,6.2,305.2,14.5,D,0
22.9484,92.1258,331.8,1.1,1,2007-04-01,0720,Aqua,MODIS,80,6.2,305,20.9,D,0
22.9471,92.1155,325.4,1.1,1,2007-04-01,0720,Aqua,MODIS,72,6.2,306.4,12.4,D,0
22.9998,92.1122,333.4,1.1,1,2007-04-01,0720,Aqua,MODIS,81,6.2,304.9,23,D,0
23.0012,92.1229,342.3,1.1,1,2007-04-01,0720,Aqua,MODIS,90,6.2,302.7,39.2,D,0
22.3714,92.0725,325.1,1.1,1,2007-04-01,0720,Aqua,MODIS,72,6.2,308.9,12.7,D,0
22.37,92.0622,323.4,1.1,1,2007-04-01,0720,Aqua,MODIS,61,6.2,308.4,10.7,D,0
22.9892,92.1031,326.5,1.1,1,2007-04-01,0720,Aqua,MODIS,74,6.2,306.9,15.2,D,0
22.9905,92.1136,353.6,1.1,1,2007-04-01,0720,Aqua,MODIS,96,6.2,308.2,66.5,D,0
22.9919,92.1243,352.6,1.1,1,2007-04-01,0720,Aqua,MODIS,96,6.2,305.2,62.9,D,0
22.9933,92.1349,334.3,1.1,1,2007-04-01,0720,Aqua,MODIS,83,6.2,303.5,27.5,D,0
22.9856,92.1203,334.8,1.1,1,2007-04-01,0720,Aqua,MODIS,83,6.2,305.8,23.8,D,0
22.9871,92.131,332.7,1.1,1,2007-04-01,0720,Aqua,MODIS,76,6.2,303.7,21.1,D,0
23.0286,92.3351,324.9,1.1,1.1,2007-04-01,0720,Aqua,MODIS,71,6.2,307.7,14,D,0
23.038,92.3336,372.9,1.1,1.1,2007-04-01,0720,Aqua,MODIS,100,6.2,310.6,133,D,0
23.0474,92.3322,444.4,1.1,1.1,2007-04-01,0720,Aqua,MODIS,100,6.2,326.7,732.6,D,0
23.0568,92.3307,403.1,1.1,1.1,2007-04-01,0720,Aqua,MODIS,100,6.2,313.2,303.8,D,0
23.7388,90.9635,328.3,1,1,2007-04-01,0720,Aqua,MODIS,63,6.2,307.3,14.8,D,0
23.0191,91.9707,336.1,1.1,1,2007-04-01,0720,Aqua,MODIS,85,6.2,305.8,27.5,D,0
23.0441,91.9456,332.7,1.1,1,2007-04-01,0720,Aqua,MODIS,80,6.2,304.1,21.6,D,0
23.0413,91.9252,327.2,1.1,1,2007-04-01,0720,Aqua,MODIS,39,6.2,305.6,13.4,D,0
23.0586,91.9265,322.9,1.1,1,2007-04-01,0720,Aqua,MODIS,69,6.2,304.9,10,D,0
23.0573,91.9161,324.9,1.1,1,2007-04-01,0720,Aqua,MODIS,72,6.2,305.6,12.2,D,0
23.0719,91.9558,319.6,1.1,1,2007-04-01,0720,Aqua,MODIS,60,6.2,303.5,7.6,D,0
23.1417,91.9133,321.9,1.1,1,2007-04-01,0720,Aqua,MODIS,43,6.2,303.9,9.3,D,0
23.1739,91.9663,328.6,1.1,1,2007-04-01,0720,Aqua,MODIS,77,6.2,305.3,17,D,0
23.6751,92.2132,343.8,1.1,1.1,2007-04-01,0720,Aqua,MODIS,91,6.2,306.3,46.9,D,0
23.6764,92.2239,425.6,1.1,1.1,2007-04-01,0720,Aqua,MODIS,100,6.2,315.3,508.2,D,0
23.6778,92.2346,336.2,1.1,1.1,2007-04-01,0720,Aqua,MODIS,86,6.2,300.8,32.9,D,0
23.667,92.2252,369.8,1.1,1.1,2007-04-01,0720,Aqua,MODIS,100,6.2,305.7,124.4,D,0
23.6684,92.2359,350.1,1.1,1.1,2007-04-01,0720,Aqua,MODIS,95,6.2,302.5,62.2,D,0
22.9996,89.5279,321.1,1,1,2007-04-01,0720,Aqua,MODIS,59,6.2,305.4,9.9,D,0
23.24,91.9666,342,1.1,1,2007-04-01,0720,Aqua,MODIS,90,6.2,305.2,39.5,D,0
23.2479,91.9694,318.4,1.1,1,2007-04-01,0720,Aqua,MODIS,31,6.2,303.7,5.4,D,0
23.2558,91.9575,343.2,1.1,1,2007-04-01,0720,Aqua,MODIS,90,6.2,305.4,42.5,D,0
22.0141,92.563,323.3,1.1,1.1,2007-04-01,0720,Aqua,MODIS,53,6.2,306.8,11.8,D,0
22.0235,92.5616,356.2,1.1,1.1,2007-04-01,0720,Aqua,MODIS,98,6.2,317.9,74.3,D,0
23.3465,91.8104,346.8,1.1,1,2007-04-01,0720,Aqua,MODIS,93,6.2,304,49.3,D,0
23.3451,91.8001,345.5,1.1,1,2007-04-01,0720,Aqua,MODIS,92,6.2,306,46,D,0
23.357,91.8191,331.4,1.1,1,2007-04-01,0720,Aqua,MODIS,81,6.2,302.1,22.3,D,0
23.3557,91.8089,338.4,1.1,1,2007-04-01,0720,Aqua,MODIS,87,6.2,303.2,33.4,D,0
23.0119,92.1321,330.2,1.1,1,2007-04-01,0720,Aqua,MODIS,79,6.2,303.8,20.6,D,0
23.0105,92.1215,346.1,1.1,1,2007-04-01,0720,Aqua,MODIS,92,6.2,304.2,47.3,D,0
23.0091,92.1107,351.2,1.1,1,2007-04-01,0720,Aqua,MODIS,95,6.2,305.6,58.4,D,0
23.0064,92.0899,349.8,1.1,1,2007-04-01,0720,Aqua,MODIS,94,6.2,306.1,55.7,D,0
23.005,92.0795,327,1.1,1,2007-04-01,0720,Aqua,MODIS,63,6.2,304.3,14.4,D,0
23.0157,92.0884,338,1.1,1,2007-04-01,0720,Aqua,MODIS,86,6.2,303.7,31.2,D,0
23.0143,92.078,333.4,1.1,1,2007-04-01,0720,Aqua,MODIS,82,6.2,305.3,23.3,D,0
23.025,92.0869,335.8,1.1,1,2007-04-01,0720,Aqua,MODIS,85,6.2,301.9,26.1,D,0
23.0236,92.0766,376.4,1.1,1,2007-04-01,0720,Aqua,MODIS,100,6.2,308.2,141.4,D,0
23.0222,92.0661,354.8,1.1,1,2007-04-01,0720,Aqua,MODIS,97,6.2,307.4,67.8,D,0
23.0356,92.0957,387,1.1,1,2007-04-01,0720,Aqua,MODIS,100,6.2,306.7,192.8,D,0
23.0342,92.0854,350.8,1.1,1,2007-04-01,0720,Aqua,MODIS,95,6.2,306,56.6,D,0
23.0315,92.0647,322.2,1.1,1,2007-04-01,0720,Aqua,MODIS,36,6.2,305.4,7.9,D,0
23.0449,92.0943,340.7,1.1,1,2007-04-01,0720,Aqua,MODIS,88,6.2,304.3,36.6,D,0
23.057,92.1143,318,1.1,1,2007-04-01,0720,Aqua,MODIS,29,6.2,303,6.3,D,0
23.0556,92.1037,321.2,1.1,1,2007-04-01,0720,Aqua,MODIS,51,6.2,302.6,8.9,D,0
23.0542,92.0929,365,1.1,1,2007-04-01,0720,Aqua,MODIS,100,6.2,306.8,100.2,D,0
23.0528,92.0825,329.3,1.1,1,2007-04-01,0720,Aqua,MODIS,64,6.2,305.1,16.9,D,0
23.0501,92.0618,336.1,1.1,1,2007-04-01,0720,Aqua,MODIS,85,6.2,305.5,27.8,D,0
23.0663,92.1128,334.1,1.1,1,2007-04-01,0720,Aqua,MODIS,83,6.2,301.8,26.1,D,0
23.0649,92.1023,367.4,1.1,1,2007-04-01,0720,Aqua,MODIS,100,6.2,306.1,108.9,D,0
23.0845,92.125,318.4,1.1,1,2007-04-01,0720,Aqua,MODIS,30,6.2,303.3,6.5,D,0
23.3739,92.0189,320.7,1.1,1,2007-04-01,0720,Aqua,MODIS,57,6.2,305.5,8,D,0
23.4166,92.0553,320.2,1.1,1,2007-04-01,0720,Aqua,MODIS,64,6.2,303.1,9.8,D,0
23.4152,92.0447,322,1.1,1,2007-04-01,0720,Aqua,MODIS,53,6.2,304.3,11.4,D,0
23.5763,92.0178,407.1,1.1,1,2007-04-01,0720,Aqua,MODIS,100,6.2,314.1,326.3,D,0
23.5776,92.0282,420.5,1.1,1,2007-04-01,0720,Aqua,MODIS,100,6.2,310.9,443.3,D,0
23.5642,91.9982,327.7,1.1,1,2007-04-01,0720,Aqua,MODIS,77,6.2,303.2,17,D,0
23.5656,92.0088,322.9,1.1,1,2007-04-01,0720,Aqua,MODIS,33,6.2,302.4,10.7,D,0
23.567,92.0194,367.2,1.1,1,2007-04-01,0720,Aqua,MODIS,100,6.2,305.5,109.7,D,0
23.5684,92.0298,350,1.1,1,2007-04-01,0720,Aqua,MODIS,95,6.2,302.2,59.4,D,0
23.369,92.1275,321.5,1.1,1,2007-04-01,0720,Aqua,MODIS,62,6.2,302.1,10.6,D,0
23.3783,92.1261,319.4,1.1,1,2007-04-01,0720,Aqua,MODIS,44,6.2,302.6,8.4,D,0
23.6884,91.9505,320.9,1.1,1,2007-04-01,0720,Aqua,MODIS,66,6.2,303.7,10.8,D,0
23.0813,89.9605,328.9,1,1,2007-04-01,0720,Aqua,MODIS,54,6.2,309.2,12.8,D,0
23.0551,89.9057,325.6,1,1,2007-04-01,0720,Aqua,MODIS,28,6.2,312.5,11.7,D,0
23.0482,89.9224,330.8,1,1,2007-04-01,0720,Aqua,MODIS,53,6.2,311.8,12.6,D,0
21.7126,92.3604,395.3,1.1,1,2007-04-01,0720,Aqua,MODIS,100,6.2,310.5,239.1,D,0
21.7112,92.35,383.6,1.1,1,2007-04-01,0720,Aqua,MODIS,100,6.2,309.6,173.7,D,0
21.7099,92.3398,347.2,1.1,1,2007-04-01,0720,Aqua,MODIS,93,6.2,306.5,48.4,D,0
21.7085,92.3294,365.7,1.1,1,2007-04-01,0720,Aqua,MODIS,100,6.2,309.3,101,D,0
21.7191,92.3383,353.2,1.1,1,2007-04-01,0720,Aqua,MODIS,96,6.2,307.4,63.3,D,0
21.7177,92.328,370.2,1.1,1,2007-04-01,0720,Aqua,MODIS,100,6.2,310,117.5,D,0
23.2487,91.8314,324.7,1.1,1,2007-04-01,0720,Aqua,MODIS,66,6.2,303.7,11.2,D,0
23.2395,91.8329,323.9,1.1,1,2007-04-01,0720,Aqua,MODIS,57,6.2,303.5,10.5,D,0
23.2449,91.8743,321.2,1.1,1,2007-04-01,0720,Aqua,MODIS,59,6.2,302.6,8.8,D,0
23.2357,91.8757,337,1.1,1,2007-04-01,0720,Aqua,MODIS,86,6.2,303.5,31,D,0
23.237,91.8861,320.7,1.1,1,2007-04-01,0720,Aqua,MODIS,63,6.2,301.7,8.9,D,0
23.2303,91.8938,354.5,1.1,1,2007-04-01,0720,Aqua,MODIS,97,6.2,303.2,67.3,D,0
23.2155,91.8536,320,1.1,1,2007-04-01,0720,Aqua,MODIS,43,6.2,303.9,5.5,D,0
23.2183,91.8744,344.5,1.1,1,2007-04-01,0720,Aqua,MODIS,91,6.2,304.8,42.6,D,0
23.205,91.8449,344.1,1.1,1,2007-04-01,0720,Aqua,MODIS,91,6.2,306,41.2,D,0
23.2063,91.8551,371.8,1.1,1,2007-04-01,0720,Aqua,MODIS,100,6.2,307.1,120.5,D,0
23.2077,91.8654,328.3,1.1,1,2007-04-01,0720,Aqua,MODIS,77,6.2,303.1,15.2,D,0
23.1971,91.8566,332.8,1.1,1,2007-04-01,0720,Aqua,MODIS,82,6.2,305.9,21.5,D,0
23.1801,91.87,329.7,1.1,1,2007-04-01,0720,Aqua,MODIS,79,6.2,304.5,17.4,D,0
23.3089,92.0024,321.6,1.1,1,2007-04-01,0720,Aqua,MODIS,64,6.2,303.8,9.9,D,0
23.3103,92.013,342.8,1.1,1,2007-04-01,0720,Aqua,MODIS,90,6.2,303,42.3,D,0
23.2623,91.9352,340.1,1.1,1,2007-04-01,0720,Aqua,MODIS,88,6.2,304,37,D,0
23.2637,91.9456,336.7,1.1,1,2007-04-01,0720,Aqua,MODIS,86,6.2,303.9,30.5,D,0
23.0205,91.9813,324.1,1.1,1,2007-04-01,0720,Aqua,MODIS,70,6.2,303.6,10.9,D,0
22.9881,91.8076,341,1.1,1,2007-04-01,0720,Aqua,MODIS,89,6.2,305.7,35.1,D,0
22.9894,91.8178,341.9,1.1,1,2007-04-01,0720,Aqua,MODIS,89,6.2,304.4,37.3,D,0
21.5483,92.5786,329.2,1.1,1,2007-04-01,0720,Aqua,MODIS,77,6.2,309.4,15.4,D,0
21.5492,92.5134,333.8,1.1,1,2007-04-01,0720,Aqua,MODIS,83,6.2,306.2,25.1,D,0
21.5016,92.5856,323,1.1,1,2007-04-01,0720,Aqua,MODIS,68,6.2,303.1,12.5,D,0
21.5002,92.5751,384.8,1.1,1,2007-04-01,0720,Aqua,MODIS,100,6.2,309.2,188.2,D,0
21.4989,92.5647,334.2,1.1,1,2007-04-01,0720,Aqua,MODIS,83,6.2,307.5,27,D,0
21.5109,92.5843,372.5,1.1,1,2007-04-01,0720,Aqua,MODIS,100,6.2,306.4,130,D,0
21.5096,92.5738,422.2,1.1,1,2007-04-01,0720,Aqua,MODIS,100,6.2,322.2,462,D,0
21.5082,92.5632,360.3,1.1,1,2007-04-01,0720,Aqua,MODIS,100,6.2,310.5,86.1,D,0
21.5203,92.5827,340.2,1.1,1,2007-04-01,0720,Aqua,MODIS,88,6.2,304.8,35.6,D,0
21.5189,92.5722,413.3,1.1,1,2007-04-01,0720,Aqua,MODIS,100,6.2,319.4,378.1,D,0
21.5175,92.5617,366.5,1.1,1,2007-04-01,0720,Aqua,MODIS,100,6.2,312.9,105.7,D,0
23.163,91.8833,322,1.1,1,2007-04-01,0720,Aqua,MODIS,67,6.2,305.3,9.2,D,0
23.4891,92.048,343,1.1,1,2007-04-01,0720,Aqua,MODIS,90,6.2,302.9,46.7,D,0
23.4877,92.0374,350.1,1.1,1,2007-04-01,0720,Aqua,MODIS,95,6.2,303.9,61.8,D,0
23.4864,92.0269,331.8,1.1,1,2007-04-01,0720,Aqua,MODIS,82,6.2,302.7,25.8,D,0
23.4971,92.036,355,1.1,1,2007-04-01,0720,Aqua,MODIS,97,6.2,302.3,74.1,D,0
23.4957,92.0254,342.2,1.1,1,2007-04-01,0720,Aqua,MODIS,90,6.2,303.6,43.8,D,0
23.5298,92.025,323.6,1.1,1,2007-04-01,0720,Aqua,MODIS,71,6.2,303.4,14.3,D,0
23.5284,92.0145,323,1.1,1,2007-04-01,0720,Aqua,MODIS,70,6.2,303.7,13.2,D,0
23.5391,92.0236,344.9,1.1,1,2007-04-01,0720,Aqua,MODIS,92,6.2,302.6,47.2,D,0
23.5377,92.0131,369,1.1,1,2007-04-01,0720,Aqua,MODIS,100,6.2,307.6,115.8,D,0
23.5363,92.0026,328.5,1.1,1,2007-04-01,0720,Aqua,MODIS,42,6.2,303.4,17.8,D,0
23.547,92.0117,343.7,1.1,1,2007-04-01,0720,Aqua,MODIS,91,6.2,303.7,42.5,D,0
23.5577,92.0206,367.1,1.1,1,2007-04-01,0720,Aqua,MODIS,100,6.2,303.2,108.7,D,0
23.5563,92.0102,390.2,1.1,1,2007-04-01,0720,Aqua,MODIS,100,6.2,310.8,213.7,D,0
23.1643,91.8936,321.9,1.1,1,2007-04-01,0720,Aqua,MODIS,64,6.2,305,9,D,0
23.1657,91.9038,334.3,1.1,1,2007-04-01,0720,Aqua,MODIS,83,6.2,305.1,25.4,D,0
23.1403,91.9031,321.5,1.1,1,2007-04-01,0720,Aqua,MODIS,32,6.2,304.2,8.4,D,0
23.1283,91.8839,337.1,1.1,1,2007-04-01,0720,Aqua,MODIS,86,6.2,306,29.5,D,0
23.1297,91.8942,323.1,1.1,1,2007-04-01,0720,Aqua,MODIS,38,6.2,304.9,9.7,D,0
23.5336,91.9816,331.6,1.1,1,2007-04-01,0720,Aqua,MODIS,81,6.2,302.5,23.4,D,0
23.5322,91.9709,366.1,1.1,1,2007-04-01,0720,Aqua,MODIS,100,6.2,305.7,106,D,0
23.5415,91.9695,317.3,1.1,1,2007-04-01,0720,Aqua,MODIS,55,6.2,302.7,6.3,D,0
23.1113,91.8971,338.7,1.1,1,2007-04-01,0720,Aqua,MODIS,87,6.2,305.8,31,D,0
23.1021,91.8985,356.2,1.1,1,2007-04-01,0720,Aqua,MODIS,98,6.2,307.1,71.3,D,0
23.2776,92.1255,329,1.1,1,2007-04-01,0720,Aqua,MODIS,78,6.2,306.6,17.6,D,0
23.2869,92.1241,322.9,1.1,1,2007-04-01,0720,Aqua,MODIS,64,6.2,304.7,10.1,D,0
23.2949,92.112,342.7,1.1,1,2007-04-01,0720,Aqua,MODIS,90,6.2,307.2,40.6,D,0
23.3001,92.079,337.6,1.1,1,2007-04-01,0720,Aqua,MODIS,86,6.2,304.7,31,D,0
23.3149,92.1198,332.2,1.1,1,2007-04-01,0720,Aqua,MODIS,82,6.2,304.7,24.2,D,0
23.3121,92.0985,384.3,1.1,1,2007-04-01,0720,Aqua,MODIS,100,6.2,306.6,181.8,D,0
23.3107,92.0881,354,1.1,1,2007-04-01,0720,Aqua,MODIS,97,6.2,306.4,65.9,D,0
23.3094,92.0776,334.6,1.1,1,2007-04-01,0720,Aqua,MODIS,84,6.2,304.3,25.5,D,0
23.32,92.0866,332.1,1.1,1,2007-04-01,0720,Aqua,MODIS,82,6.2,305,21.4,D,0
23.3187,92.0761,328.7,1.1,1,2007-04-01,0720,Aqua,MODIS,78,6.2,304.3,15.8,D,0
23.3307,92.0956,325.4,1.1,1,2007-04-01,0720,Aqua,MODIS,67,6.2,302.8,13.9,D,0
23.3522,92.114,338.1,1.1,1,2007-04-01,0720,Aqua,MODIS,87,6.2,302.7,35.2,D,0
23.3508,92.1034,347.9,1.1,1,2007-04-01,0720,Aqua,MODIS,93,6.2,303.8,55,D,0
23.1034,91.9088,323.3,1.1,1,2007-04-01,0720,Aqua,MODIS,46,6.2,303.5,10,D,0
23.0928,91.9,334.3,1.1,1,2007-04-01,0720,Aqua,MODIS,83,6.2,306.3,25.7,D,0
23.0942,91.9103,323.7,1.1,1,2007-04-01,0720,Aqua,MODIS,60,6.2,305.3,10.9,D,0
23.2825,92.0173,318.1,1.1,1,2007-04-01,0720,Aqua,MODIS,41,6.2,303.7,5.5,D,0
23.2987,92.0686,325.2,1.1,1,2007-04-01,0720,Aqua,MODIS,73,6.2,304.9,12.8,D,0
23.3359,92.0627,349,1.1,1,2007-04-01,0720,Aqua,MODIS,94,6.2,304.9,55.1,D,0
23.3396,92.0192,328.4,1.1,1,2007-04-01,0720,Aqua,MODIS,77,6.2,304.1,18.7,D,0
23.5372,92.2694,387.6,1.1,1.1,2007-04-01,0720,Aqua,MODIS,100,6.2,309.3,208.1,D,0
23.5465,92.2678,338.1,1.1,1.1,2007-04-01,0720,Aqua,MODIS,87,6.2,305,35,D,0
23.5559,92.2663,341.5,1.1,1.1,2007-04-01,0720,Aqua,MODIS,90,6.2,305.2,42.3,D,0
23.2381,91.8227,334.1,1.1,1,2007-04-01,0720,Aqua,MODIS,83,6.2,305.5,24.3,D,0
23.4915,92.2873,361.7,1.1,1.1,2007-04-01,0720,Aqua,MODIS,100,6.2,306.6,96.3,D,0
23.5009,92.2859,382,1.1,1.1,2007-04-01,0720,Aqua,MODIS,100,6.2,308.1,179.2,D,0
23.4995,92.275,317.4,1.1,1.1,2007-04-01,0720,Aqua,MODIS,42,6.2,303.3,6.7,D,0
23.4729,91.9968,319.2,1.1,1,2007-04-01,0720,Aqua,MODIS,62,6.2,302.6,9.1,D,0
22.5646,92.4861,327.8,1.1,1.1,2007-04-01,0720,Aqua,MODIS,74,6.2,305.8,17.7,D,0
22.5914,92.498,338.4,1.1,1.1,2007-04-01,0720,Aqua,MODIS,86,6.2,304.9,35.1,D,0
23.3382,92.0086,321.6,1.1,1,2007-04-01,0720,Aqua,MODIS,66,6.2,304,10.7,D,0
23.3365,91.9498,319.7,1.1,1,2007-04-01,0720,Aqua,MODIS,49,6.2,304.6,7.4,D,0
23.3642,91.9455,319.4,1.1,1,2007-04-01,0720,Aqua,MODIS,62,6.2,303.9,7.3,D,0
23.3975,91.9829,322.7,1.1,1,2007-04-01,0720,Aqua,MODIS,65,6.2,305.1,9.9,D,0
23.404,91.9605,337.1,1.1,1,2007-04-01,0720,Aqua,MODIS,86,6.2,305.7,30.2,D,0
23.4189,92.0012,356,1.1,1,2007-04-01,0720,Aqua,MODIS,98,6.2,303.9,73.9,D,0
23.4175,91.9905,331.4,1.1,1,2007-04-01,0720,Aqua,MODIS,81,6.2,304.1,22,D,0
23.4133,91.959,360.2,1.1,1,2007-04-01,0720,Aqua,MODIS,100,6.2,306.4,83.7,D,0
23.4119,91.9486,347.3,1.1,1,2007-04-01,0720,Aqua,MODIS,93,6.2,306.2,50.2,D,0
23.4226,91.9576,326.1,1.1,1,2007-04-01,0720,Aqua,MODIS,75,6.2,304.1,14.1,D,0
23.4212,91.9472,361.2,1.1,1,2007-04-01,0720,Aqua,MODIS,100,6.2,305.7,87.3,D,0
23.4198,91.9367,362.6,1.1,1,2007-04-01,0720,Aqua,MODIS,100,6.2,307,91.8,D,0
23.429,91.95,325.7,1.1,1,2007-04-01,0720,Aqua,MODIS,75,6.2,304.2,13.9,D,0
23.4276,91.9396,333,1.1,1,2007-04-01,0720,Aqua,MODIS,83,6.2,305.8,23.9,D,0
23.3616,92.3309,327.3,1.1,1.1,2007-04-01,0720,Aqua,MODIS,76,6.2,302.9,15.9,D,0
23.3522,92.3323,458.2,1.1,1.1,2007-04-01,0720,Aqua,MODIS,100,6.2,331.7,952.5,D,0
23.3536,92.3431,492.4,1.1,1.1,2007-04-01,0720,Aqua,MODIS,100,6.2,335.1,1673.2,D,0
23.3413,92.3227,329.2,1.1,1.1,2007-04-01,0720,Aqua,MODIS,61,6.2,305.1,18,D,0
23.3428,92.3337,407.1,1.1,1.1,2007-04-01,0720,Aqua,MODIS,100,6.2,316.1,334.1,D,0
23.3442,92.3446,474.1,1.1,1.1,2007-04-01,0720,Aqua,MODIS,100,6.2,333.9,1251.9,D,0
23.3347,92.346,394.5,1.1,1.1,2007-04-01,0720,Aqua,MODIS,100,6.2,310.6,246.5,D,0
24.6692,90.1099,328.8,1,1,2007-04-01,0721,Aqua,MODIS,80,6.2,309,13.5,D,0
24.1239,89.2757,326.1,1,1,2007-04-01,0721,Aqua,MODIS,70,6.2,310.3,9.7,D,0
25.5465,88.5452,320.8,1,1,2007-04-01,0721,Aqua,MODIS,62,6.2,303,9.2,D,0
22.7177,92.441,324.5,1.7,1.3,2007-04-02,0454,Terra,MODIS,76,6.2,299.7,33.2,D,0
22.6599,91.9296,314.7,1.6,1.2,2007-04-02,0454,Terra,MODIS,45,6.2,299.3,10.4,D,0
22.5177,91.7516,317.4,1.5,1.2,2007-04-02,0454,Terra,MODIS,64,6.2,299.4,13.7,D,0
22.5203,91.7372,320.1,1.5,1.2,2007-04-02,0454,Terra,MODIS,70,6.2,300.2,18.9,D,0
22.5189,92.386,317.7,1.7,1.3,2007-04-02,0454,Terra,MODIS,62,6.2,300.5,17.4,D,0
23.1693,89.4174,320.1,1.1,1,2007-04-02,0454,Terra,MODIS,47,6.2,306.9,8.5,D,0
23.5801,89.5578,324.3,1.1,1.1,2007-04-02,0454,Terra,MODIS,69,6.2,308.3,8.9,D,0
23.1718,89.4618,319.1,1.1,1.1,2007-04-02,0454,Terra,MODIS,56,6.2,305.3,7.6,D,0
23.5894,89.5596,324.7,1.1,1.1,2007-04-02,0454,Terra,MODIS,71,6.2,309.3,9.7,D,0
22.5128,92.4199,316.9,1.7,1.3,2007-04-02,0454,Terra,MODIS,60,6.2,300.1,15.4,D,0
22.5158,91.7448,316.1,1.5,1.2,2007-04-02,0454,Terra,MODIS,31,6.2,299.6,10.1,D,0
21.8609,92.3178,325.4,1.7,1.3,2007-04-02,0455,Terra,MODIS,75,6.2,300.3,33.8,D,0
21.8459,92.3901,317.3,1.7,1.3,2007-04-02,0455,Terra,MODIS,37,6.2,300.3,14.9,D,0
21.6686,92.4762,327.6,1.8,1.3,2007-04-02,0455,Terra,MODIS,78,6.2,300.6,44,D,0
21.8696,92.3249,315.3,1.7,1.3,2007-04-02,0455,Terra,MODIS,50,6.2,299,13.6,D,0
21.8609,92.3083,339.8,1.7,1.3,2007-04-02,0455,Terra,MODIS,89,6.2,301.4,78,D,0
21.8636,92.3027,333.8,1.7,1.3,2007-04-02,0455,Terra,MODIS,84,6.2,301.6,57.3,D,0
21.8723,92.3103,350.2,1.7,1.3,2007-04-02,0455,Terra,MODIS,95,6.2,301.5,122.1,D,0
21.6054,92.5802,325.8,1.8,1.3,2007-04-02,0455,Terra,MODIS,75,6.2,301.2,41.4,D,0
21.7367,92.48,318.5,1.8,1.3,2007-04-02,0455,Terra,MODIS,62,6.2,302.4,19.9,D,0
21.7406,92.4754,317.1,1.8,1.3,2007-04-02,0455,Terra,MODIS,49,6.2,302.3,15.9,D,0
21.6719,92.4581,328.2,1.8,1.3,2007-04-02,0455,Terra,MODIS,78,6.2,300,45.3,D,0
21.8381,92.3802,322.1,1.7,1.3,2007-04-02,0455,Terra,MODIS,70,6.2,299.9,26.3,D,0
23.4027,92.2893,333.4,4.8,2,2007-04-02,0625,Aqua,MODIS,85,6.2,294.4,246.8,D,0
23.3852,92.294,327.3,4.8,2,2007-04-02,0625,Aqua,MODIS,72,6.2,294.5,172.7,D,0
23.3863,92.3003,330.9,4.8,2,2007-04-02,0625,Aqua,MODIS,83,6.2,294.5,231.3,D,0
23.5924,92.2266,398.5,4.8,2,2007-04-02,0625,Aqua,MODIS,100,6.2,296.1,2307,D,0
23.6101,92.2228,349.3,4.8,2,2007-04-02,0625,Aqua,MODIS,95,6.2,293.8,532.4,D,0
23.5734,92.2283,324.5,4.8,2,2007-04-02,0625,Aqua,MODIS,77,6.2,284,168.8,D,0
23.4011,92.286,329.2,4.8,2,2007-04-02,0625,Aqua,MODIS,81,6.2,294.5,190.7,D,0
23.4201,92.284,324.5,4.8,2,2007-04-02,0625,Aqua,MODIS,76,6.2,294,155.8,D,0
23.5752,92.2327,338.5,4.8,2,2007-04-02,0625,Aqua,MODIS,84,6.2,284.7,352.5,D,0
23.5909,92.2234,393.6,4.8,2,2007-04-02,0625,Aqua,MODIS,100,6.2,295.9,2019.2,D,0
23.4184,92.2807,323.3,4.8,2,2007-04-02,0625,Aqua,MODIS,75,6.2,294,144.2,D,0
23.6086,92.2195,346.9,4.8,2,2007-04-02,0625,Aqua,MODIS,88,6.2,293.9,470.4,D,0
22.7683,92.4091,304.8,1.4,1.2,2007-04-02,1550,Terra,MODIS,62,6.2,294.8,7.4,N,0
21.8493,92.3742,306.2,1.5,1.2,2007-04-02,1550,Terra,MODIS,67,6.2,294.3,10.4,N,0
23.0915,92.0666,316,1.4,1.2,2007-04-02,1550,Terra,MODIS,92,6.2,294.9,21.7,N,0
23.3244,92.3274,330.9,3.1,1.7,2007-04-03,0359,Terra,MODIS,82,6.2,297.3,126.3,D,0
21.9723,92.3205,323.4,1,1,2007-04-03,0708,Aqua,MODIS,20,6.2,305.1,10.3,D,0
22.3337,92.3945,341.1,1,1,2007-04-03,0708,Aqua,MODIS,89,6.2,304.6,33.8,D,0
22.3322,92.3846,338.7,1,1,2007-04-03,0708,Aqua,MODIS,87,6.2,305.5,30.2,D,0
22.3427,92.3927,332.1,1,1,2007-04-03,0708,Aqua,MODIS,81,6.2,304.3,19.4,D,0
22.3412,92.3829,351.4,1,1,2007-04-03,0708,Aqua,MODIS,95,6.2,307.1,55.5,D,0
22.3397,92.373,325.4,1,1,2007-04-03,0708,Aqua,MODIS,73,6.2,305.6,11.7,D,0
22.3517,92.391,330.7,1,1,2007-04-03,0708,Aqua,MODIS,79,6.2,304.5,17.8,D,0
22.3502,92.3812,345.7,1,1,2007-04-03,0708,Aqua,MODIS,92,6.2,305.3,42.8,D,0
22.4041,92.376,318.9,1,1,2007-04-03,0708,Aqua,MODIS,40,6.2,302.3,5.7,D,0
22.4131,92.3744,323.3,1,1,2007-04-03,0708,Aqua,MODIS,69,6.2,302.9,10.6,D,0
23.2443,92.1915,320.8,1,1,2007-04-03,0708,Aqua,MODIS,58,6.2,301.7,9.1,D,0
23.2203,92.1552,325.6,1,1,2007-04-03,0708,Aqua,MODIS,75,6.2,300.6,14.3,D,0
23.2098,92.147,344.1,1,1,2007-04-03,0708,Aqua,MODIS,91,6.2,301.6,41.7,D,0
21.9732,92.573,342.3,1,1,2007-04-03,0708,Aqua,MODIS,89,6.2,303.6,36.7,D,0
21.9613,92.5553,330.8,1,1,2007-04-03,0708,Aqua,MODIS,79,6.2,307.3,19.3,D,0
21.9628,92.565,367.2,1,1,2007-04-03,0708,Aqua,MODIS,100,6.2,312,99.5,D,0
23.1963,92.1188,317.9,1,1,2007-04-03,0708,Aqua,MODIS,60,6.2,301,6.1,D,0
21.9643,92.5748,357.9,1,1,2007-04-03,0708,Aqua,MODIS,98,6.2,306.4,72.8,D,0
21.9523,92.5569,330.5,1,1,2007-04-03,0708,Aqua,MODIS,79,6.2,305.4,18.9,D,0
21.9538,92.5668,375.7,1,1,2007-04-03,0708,Aqua,MODIS,100,6.2,311.5,129.8,D,0
21.9553,92.5764,335,1,1,2007-04-03,0708,Aqua,MODIS,84,6.2,303.8,26.3,D,0
21.9273,92.578,319.5,1,1,2007-04-03,0708,Aqua,MODIS,44,6.2,300.4,8.6,D,0
21.8482,92.3598,334.6,1,1,2007-04-03,0708,Aqua,MODIS,84,6.2,304.8,23.9,D,0
21.8573,92.3581,345.7,1,1,2007-04-03,0708,Aqua,MODIS,92,6.2,305,43.8,D,0
21.8753,92.3544,337.3,1,1,2007-04-03,0708,Aqua,MODIS,86,6.2,305.1,28.6,D,0
21.895,92.3,321.1,1,1,2007-04-03,0708,Aqua,MODIS,58,6.2,303.9,8.7,D,0
21.8935,92.2899,365.9,1,1,2007-04-03,0708,Aqua,MODIS,100,6.2,306.9,97.7,D,0
21.892,92.2799,329.5,1,1,2007-04-03,0708,Aqua,MODIS,78,6.2,306,17.4,D,0
21.9144,92.3675,380.3,1,1,2007-04-03,0708,Aqua,MODIS,100,6.2,309.6,149.8,D,0
21.9129,92.3576,338.9,1,1,2007-04-03,0708,Aqua,MODIS,87,6.2,306,31,D,0
23.1933,92.1601,338.9,1,1,2007-04-03,0708,Aqua,MODIS,88,6.2,302.1,32.3,D,0
23.1843,92.1617,320.2,1,1,2007-04-03,0708,Aqua,MODIS,40,6.2,302.1,7.8,D,0
23.1932,92.221,348.3,1,1,2007-04-03,0708,Aqua,MODIS,88,6.2,304.5,50.9,D,0
23.1745,92.1596,339.9,1,1,2007-04-03,0708,Aqua,MODIS,89,6.2,303.5,33.8,D,0
23.1445,92.0834,327.9,1,1,2007-04-03,0708,Aqua,MODIS,73,6.2,301,16.6,D,0
21.9497,92.2941,318.6,1,1,2007-04-03,0708,Aqua,MODIS,55,6.2,304.3,6.7,D,0
21.9512,92.3043,318.4,1,1,2007-04-03,0708,Aqua,MODIS,52,6.2,303.7,6,D,0
23.1204,92.0469,323.7,1,1,2007-04-03,0708,Aqua,MODIS,57,6.2,299.5,12.1,D,0
23.4124,91.8462,340.8,1,1,2007-04-03,0708,Aqua,MODIS,84,6.2,300.9,35.8,D,0
23.414,91.8562,324.2,1,1,2007-04-03,0708,Aqua,MODIS,52,6.2,301.5,13.5,D,0
23.4042,91.843,359.7,1,1,2007-04-03,0708,Aqua,MODIS,99,6.2,300.9,78.9,D,0
21.9395,92.5355,357.7,1,1,2007-04-03,0708,Aqua,MODIS,98,6.2,302,71.7,D,0
21.9304,92.537,401.2,1,1,2007-04-03,0708,Aqua,MODIS,100,6.2,307.8,258.4,D,0
21.92,92.5289,412.4,1,1,2007-04-03,0708,Aqua,MODIS,100,6.2,317.8,334.9,D,0
21.9214,92.5385,354.2,1,1,2007-04-03,0708,Aqua,MODIS,97,6.2,302.5,62.5,D,0
21.911,92.5304,395.5,1,1,2007-04-03,0708,Aqua,MODIS,100,6.2,315.8,224,D,0
21.8448,92.5775,415.2,1,1,2007-04-03,0708,Aqua,MODIS,100,6.2,315.5,357.4,D,0
21.8463,92.5874,358.8,1,1,2007-04-03,0708,Aqua,MODIS,99,6.2,305.2,73.6,D,0
21.8178,92.5822,322.8,1,1,2007-04-03,0708,Aqua,MODIS,27,6.2,305.2,9,D,0
23.4191,92.1887,347.4,1,1,2007-04-03,0708,Aqua,MODIS,93,6.2,301.6,48.4,D,0
23.4221,92.2084,323.7,1,1,2007-04-03,0708,Aqua,MODIS,48,6.2,299.2,12.8,D,0
22.2962,92.391,319.2,1,1,2007-04-03,0708,Aqua,MODIS,58,6.2,304,6.7,D,0
21.5227,92.2777,320.3,1,1,2007-04-03,0708,Aqua,MODIS,40,6.2,304,7,D,0
21.5212,92.2677,375.7,1,1,2007-04-03,0708,Aqua,MODIS,100,6.2,307.7,134.6,D,0
21.5197,92.2578,322.6,1,1,2007-04-03,0708,Aqua,MODIS,68,6.2,303.6,9.8,D,0
21.5318,92.2761,331.5,1,1,2007-04-03,0708,Aqua,MODIS,81,6.2,301.3,20.5,D,0
21.5303,92.2661,396.1,1,1,2007-04-03,0708,Aqua,MODIS,100,6.2,310.3,234.2,D,0
21.5288,92.2561,329.9,1,1,2007-04-03,0708,Aqua,MODIS,79,6.2,304.9,18.2,D,0
21.5273,92.2461,334.7,1,1,2007-04-03,0708,Aqua,MODIS,84,6.2,304.2,25.7,D,0
21.5258,92.2361,354.7,1,1,2007-04-03,0708,Aqua,MODIS,97,6.2,305.3,66.3,D,0
21.5576,92.2036,326.2,1.1,1,2007-04-03,0708,Aqua,MODIS,74,6.2,303.1,14.8,D,0
21.556,92.1936,327.6,1.1,1,2007-04-03,0708,Aqua,MODIS,76,6.2,304.5,16.1,D,0
23.2667,92.1003,328,1,1,2007-04-03,0708,Aqua,MODIS,78,6.2,302.3,16.3,D,0
23.2682,92.1103,331.7,1,1,2007-04-03,0708,Aqua,MODIS,82,6.2,301.8,21.2,D,0
23.2595,92.1074,372.9,1,1,2007-04-03,0708,Aqua,MODIS,100,6.2,304.9,120.5,D,0
23.261,92.1174,344.5,1,1,2007-04-03,0708,Aqua,MODIS,92,6.2,302.4,42.1,D,0
22.4006,92.5334,325.8,1,1,2007-04-03,0708,Aqua,MODIS,48,6.2,301.5,14.1,D,0
21.5921,92.5533,326.5,1,1,2007-04-03,0708,Aqua,MODIS,56,6.2,305.7,12.1,D,0
21.5935,92.5631,376.4,1,1,2007-04-03,0708,Aqua,MODIS,100,6.2,307.9,131.2,D,0
21.595,92.573,367.5,1,1,2007-04-03,0708,Aqua,MODIS,100,6.2,297.9,99.3,D,0
21.583,92.5548,381.6,1,1,2007-04-03,0708,Aqua,MODIS,100,6.2,315.5,153.9,D,0
21.5845,92.5646,428,1,1,2007-04-03,0708,Aqua,MODIS,100,6.2,321.7,471.9,D,0
21.5747,92.5626,355.9,1,1,2007-04-03,0708,Aqua,MODIS,98,6.2,308.3,63,D,0
21.9987,92.5584,332.4,1,1,2007-04-03,0708,Aqua,MODIS,80,6.2,307.2,19.8,D,0
22.2552,92.2422,373.3,1,1,2007-04-03,0708,Aqua,MODIS,100,6.2,307.8,122.9,D,0
22.2537,92.2323,360.5,1,1,2007-04-03,0708,Aqua,MODIS,100,6.2,307.5,80.4,D,0
22.2932,92.2493,328.1,1,1,2007-04-03,0708,Aqua,MODIS,77,6.2,304,16.5,D,0
22.5942,92.3508,346.2,1,1,2007-04-03,0708,Aqua,MODIS,92,6.2,305.1,44.3,D,0
22.5927,92.341,322.5,1,1,2007-04-03,0708,Aqua,MODIS,69,6.2,304.6,8.8,D,0
22.5852,92.2912,351.5,1,1,2007-04-03,0708,Aqua,MODIS,95,6.2,303.3,56.6,D,0
22.5837,92.2813,346.4,1,1,2007-04-03,0708,Aqua,MODIS,93,6.2,303.1,45.9,D,0
22.6031,92.3491,327.2,1,1,2007-04-03,0708,Aqua,MODIS,76,6.2,304.4,13.5,D,0
22.5942,92.2896,321,1,1,2007-04-03,0708,Aqua,MODIS,57,6.2,302.1,8,D,0
22.6032,92.288,320,1,1,2007-04-03,0708,Aqua,MODIS,53,6.2,302.6,7.4,D,0
22.6482,92.3408,321.9,1,1,2007-04-03,0708,Aqua,MODIS,65,6.2,304,8.5,D,0
22.6655,92.3312,365.3,1,1,2007-04-03,0708,Aqua,MODIS,94,6.2,305,94.1,D,0
22.664,92.3214,349.1,1,1,2007-04-03,0708,Aqua,MODIS,94,6.2,305.6,51.7,D,0
23.2505,92.109,321,1,1,2007-04-03,0708,Aqua,MODIS,68,6.2,302.2,9.2,D,0
23.252,92.119,316.7,1,1,2007-04-03,0708,Aqua,MODIS,49,6.2,298.1,5,D,0
21.9703,92.5538,352.7,1,1,2007-04-03,0708,Aqua,MODIS,96,6.2,308.2,59.3,D,0
21.9718,92.5634,366.3,1,1,2007-04-03,0708,Aqua,MODIS,100,6.2,307.3,95.8,D,0
23.455,92.0032,346.4,1,1,2007-04-03,0708,Aqua,MODIS,93,6.2,300.1,47.9,D,0
22.3411,92.4434,348.5,1,1,2007-04-03,0708,Aqua,MODIS,94,6.2,300.5,46.5,D,0
22.3426,92.4535,348.9,1,1,2007-04-03,0708,Aqua,MODIS,94,6.2,301.5,47.7,D,0
22.344,92.4631,353,1,1,2007-04-03,0708,Aqua,MODIS,96,6.2,300.9,56.9,D,0
22.3291,92.4253,382.3,1,1,2007-04-03,0708,Aqua,MODIS,100,6.2,311.3,155.3,D,0
22.3306,92.4351,384.8,1,1,2007-04-03,0708,Aqua,MODIS,100,6.2,308.3,165.7,D,0
22.332,92.445,366.6,1,1,2007-04-03,0708,Aqua,MODIS,100,6.2,304.9,94.7,D,0
22.3335,92.455,354.7,1,1,2007-04-03,0708,Aqua,MODIS,97,6.2,304.3,61,D,0
22.335,92.4647,387.2,1,1,2007-04-03,0708,Aqua,MODIS,100,6.2,303.9,177.5,D,0
22.3186,92.4171,328.9,1,1,2007-04-03,0708,Aqua,MODIS,34,6.2,304.1,14.5,D,0
22.3201,92.4269,368.6,1,1,2007-04-03,0708,Aqua,MODIS,100,6.2,305.9,101.1,D,0
22.3216,92.4367,345.3,1,1,2007-04-03,0708,Aqua,MODIS,92,6.2,305.4,40.7,D,0
22.323,92.4466,361.1,1,1,2007-04-03,0708,Aqua,MODIS,100,6.2,304.8,77,D,0
22.3245,92.4565,335.2,1,1,2007-04-03,0708,Aqua,MODIS,62,6.2,302.3,22,D,0
22.326,92.4663,377.3,1,1,2007-04-03,0708,Aqua,MODIS,100,6.2,303.7,133.3,D,0
22.3141,92.4483,364.4,1,1,2007-04-03,0708,Aqua,MODIS,100,6.2,306.6,86.9,D,0
22.3156,92.4582,352.9,1,1,2007-04-03,0708,Aqua,MODIS,96,6.2,303.5,56.7,D,0
22.317,92.4679,367.3,1,1,2007-04-03,0708,Aqua,MODIS,100,6.2,301.6,97.9,D,0
21.8949,92.3608,320.5,1,1,2007-04-03,0708,Aqua,MODIS,63,6.2,303.6,7.6,D,0
23.4535,91.9932,329.5,1,1,2007-04-03,0708,Aqua,MODIS,80,6.2,299.3,19.8,D,0
23.6825,92.1033,357.5,1,1,2007-04-03,0708,Aqua,MODIS,98,6.2,300.7,71.2,D,0
23.6915,92.1017,365.6,1,1,2007-04-03,0708,Aqua,MODIS,100,6.2,300.9,95.3,D,0
21.6152,92.2758,323.9,1,1,2007-04-03,0708,Aqua,MODIS,58,6.2,304.9,8.7,D,0
21.6243,92.274,383.1,1,1,2007-04-03,0708,Aqua,MODIS,100,6.2,308.1,162.4,D,0
21.6228,92.2644,389.4,1,1,2007-04-03,0708,Aqua,MODIS,100,6.2,308.6,194.1,D,0
21.6415,92.2751,329.6,1,1,2007-04-03,0708,Aqua,MODIS,68,6.2,306,15.4,D,0
21.64,92.2654,360.4,1,1,2007-04-03,0708,Aqua,MODIS,100,6.2,307.2,78.3,D,0
21.6521,92.2834,378.3,1,1,2007-04-03,0708,Aqua,MODIS,100,6.2,308,141.1,D,0
21.539,92.4479,417.5,1,1,2007-04-03,0708,Aqua,MODIS,100,6.2,314,379.6,D,0
21.5405,92.4578,391,1,1,2007-04-03,0708,Aqua,MODIS,100,6.2,310.5,199.4,D,0
21.53,92.4495,341,1,1,2007-04-03,0708,Aqua,MODIS,89,6.2,305.3,33.4,D,0
22.1944,92.5721,329.8,1,1,2007-04-03,0708,Aqua,MODIS,64,6.2,305.4,17.8,D,0
22.2034,92.5705,366.3,1,1,2007-04-03,0708,Aqua,MODIS,100,6.2,309.6,97.1,D,0
22.2124,92.5689,327.7,1,1,2007-04-03,0708,Aqua,MODIS,75,6.2,305.2,16.9,D,0
21.6505,92.2734,328.1,1,1,2007-04-03,0708,Aqua,MODIS,76,6.2,304.4,12.7,D,0
21.8197,92.4709,364.9,1,1,2007-04-03,0708,Aqua,MODIS,100,6.2,309.8,88.3,D,0
21.8107,92.4726,376.5,1,1,2007-04-03,0708,Aqua,MODIS,100,6.2,310.3,129.3,D,0
21.8121,92.4823,417.5,1,1,2007-04-03,0708,Aqua,MODIS,100,6.2,318,374.6,D,0
21.8016,92.4742,347.5,1,1,2007-04-03,0708,Aqua,MODIS,93,6.2,307.9,44.2,D,0
21.8031,92.4839,357.7,1,1,2007-04-03,0708,Aqua,MODIS,98,6.2,307.9,67.8,D,0
23.3534,92.3082,370.5,1,1,2007-04-03,0708,Aqua,MODIS,100,6.2,306.2,111.4,D,0
23.3549,92.318,340.1,1,1,2007-04-03,0708,Aqua,MODIS,89,6.2,303.9,33,D,0
21.8287,92.4694,353.9,1,1,2007-04-03,0708,Aqua,MODIS,97,6.2,311.4,58.2,D,0
21.8302,92.4793,447.9,1,1,2007-04-03,0708,Aqua,MODIS,100,6.2,323.6,697.5,D,0
21.8317,92.4892,385.1,1,1,2007-04-03,0708,Aqua,MODIS,100,6.2,302.2,168.4,D,0
21.6928,92.368,320.7,1,1,2007-04-03,0708,Aqua,MODIS,62,6.2,305.6,6.5,D,0
23.2391,91.8588,324.5,1,1,2007-04-03,0708,Aqua,MODIS,74,6.2,299.5,13.9,D,0
23.2006,91.8403,318.7,1,1,2007-04-03,0708,Aqua,MODIS,61,6.2,295.6,8.8,D,0
23.187,91.874,331.6,1,1,2007-04-03,0708,Aqua,MODIS,82,6.2,299.5,23.4,D,0
22.6565,91.965,327.2,1,1,2007-04-03,0708,Aqua,MODIS,77,6.2,298.1,18.6,D,0
22.4607,92.5071,330.1,1,1,2007-04-03,0708,Aqua,MODIS,79,6.2,304.9,18.1,D,0
22.4622,92.5168,345.3,1,1,2007-04-03,0708,Aqua,MODIS,92,6.2,304.2,42.5,D,0
22.5517,92.4948,359.5,1,1,2007-04-03,0708,Aqua,MODIS,99,6.2,305.3,73.9,D,0
22.5503,92.4852,330.7,1,1,2007-04-03,0708,Aqua,MODIS,74,6.2,304.9,17.2,D,0
22.5607,92.4932,373.4,1,1,2007-04-03,0708,Aqua,MODIS,100,6.2,306.6,118.3,D,0
22.5593,92.4836,338,1,1,2007-04-03,0708,Aqua,MODIS,87,6.2,304.8,28.2,D,0
22.7148,92.0518,330.6,1,1,2007-04-03,0708,Aqua,MODIS,81,6.2,302,21,D,0
22.1843,92.2649,352.9,1,1,2007-04-03,0708,Aqua,MODIS,96,6.2,306.1,61.2,D,0
22.1858,92.2748,358.5,1,1,2007-04-03,0708,Aqua,MODIS,99,6.2,304.9,75.5,D,0
21.4053,92.477,373.2,1,1,2007-04-03,0708,Aqua,MODIS,100,6.2,307.2,122,D,0
21.4067,92.4869,358.8,1,1,2007-04-03,0708,Aqua,MODIS,99,6.2,301.7,75.7,D,0
21.3689,92.1773,331.7,1.1,1,2007-04-03,0708,Aqua,MODIS,81,6.2,304,20.2,D,0
21.3431,92.1922,322.8,1.1,1,2007-04-03,0708,Aqua,MODIS,69,6.2,305.4,9.9,D,0
21.9828,92.3288,320.8,1,1,2007-04-03,0708,Aqua,MODIS,16,6.2,303.1,7.5,D,0
21.6385,92.2558,347.1,1,1,2007-04-03,0708,Aqua,MODIS,93,6.2,306.8,46,D,0
21.6476,92.254,351.9,1,1,2007-04-03,0708,Aqua,MODIS,96,6.2,308.1,55.8,D,0
21.7126,92.2522,325.7,1,1,2007-04-03,0708,Aqua,MODIS,74,6.2,304.7,12.5,D,0
21.5105,92.382,345.1,1,1,2007-04-03,0708,Aqua,MODIS,92,6.2,304.7,45.5,D,0
21.509,92.3724,327.8,1,1,2007-04-03,0708,Aqua,MODIS,76,6.2,303.9,17.5,D,0
22.7133,92.0419,321.6,1,1,2007-04-03,0708,Aqua,MODIS,58,6.2,300.6,10.3,D,0
22.7102,92.022,336.5,1,1,2007-04-03,0708,Aqua,MODIS,86,6.2,300.2,30.1,D,0
21.978,92.4819,387.3,1,1,2007-04-03,0708,Aqua,MODIS,100,6.2,310.5,180.1,D,0
21.9795,92.4919,371.8,1,1,2007-04-03,0708,Aqua,MODIS,100,6.2,307.7,113.3,D,0
21.9796,92.4305,322,1,1,2007-04-03,0708,Aqua,MODIS,52,6.2,305.4,7.5,D,0
21.9691,92.4223,395.2,1,1,2007-04-03,0708,Aqua,MODIS,100,6.2,311.1,223,D,0
21.9706,92.4323,440,1,1,2007-04-03,0708,Aqua,MODIS,100,6.2,313.8,603,D,0
21.96,92.4239,350.4,1,1,2007-04-03,0708,Aqua,MODIS,95,6.2,306.5,53.4,D,0
21.9615,92.4338,400.6,1,1,2007-04-03,0708,Aqua,MODIS,100,6.2,313.2,255,D,0
21.5697,92.4056,348.2,1,1,2007-04-03,0708,Aqua,MODIS,93,6.2,306.5,49.1,D,0
21.5682,92.3957,336.1,1,1,2007-04-03,0708,Aqua,MODIS,85,6.2,305.8,26.9,D,0
21.5788,92.404,347.5,1,1,2007-04-03,0708,Aqua,MODIS,93,6.2,304.9,48.1,D,0
21.5772,92.3941,323.5,1,1,2007-04-03,0708,Aqua,MODIS,66,6.2,303.9,10.3,D,0
21.5999,92.4206,354.9,1,1,2007-04-03,0708,Aqua,MODIS,97,6.2,304.7,64.2,D,0
21.5984,92.4107,353.9,1,1,2007-04-03,0708,Aqua,MODIS,97,6.2,306.1,61.4,D,0
21.9889,92.3076,324.2,1,1,2007-04-03,0708,Aqua,MODIS,59,6.2,305.2,11.7,D,0
23.3073,92.0011,348,1,1,2007-04-03,0708,Aqua,MODIS,94,6.2,299.7,49.7,D,0
21.981,92.5015,344.7,1,1,2007-04-03,0708,Aqua,MODIS,91,6.2,304.8,40.7,D,0
21.9799,92.3093,342.4,1,1,2007-04-03,0708,Aqua,MODIS,90,6.2,305.5,37.9,D,0
22.2875,92.52,353.7,1,1,2007-04-03,0708,Aqua,MODIS,96,6.2,299.5,64.5,D,0
22.2861,92.5101,382.8,1,1,2007-04-03,0708,Aqua,MODIS,100,6.2,302.5,159.7,D,0
22.2965,92.5185,372,1,1,2007-04-03,0708,Aqua,MODIS,100,6.2,301.3,117.8,D,0
22.295,92.5084,358.5,1,1,2007-04-03,0708,Aqua,MODIS,99,6.2,302,74,D,0
22.2936,92.4985,353.3,1,1,2007-04-03,0708,Aqua,MODIS,96,6.2,302.2,58.8,D,0
22.2921,92.4887,358.9,1,1,2007-04-03,0708,Aqua,MODIS,99,6.2,304,70.4,D,0
22.307,92.5266,348,1,1,2007-04-03,0708,Aqua,MODIS,93,6.2,300.3,50.5,D,0
22.3055,92.5168,408.3,1,1,2007-04-03,0708,Aqua,MODIS,100,6.2,306.8,306.3,D,0
22.304,92.5069,396.9,1,1,2007-04-03,0708,Aqua,MODIS,100,6.2,306,231.5,D,0
22.3026,92.497,344.9,1,1,2007-04-03,0708,Aqua,MODIS,91,6.2,301.3,40.4,D,0
22.3154,92.5185,328.4,1,1,2007-04-03,0708,Aqua,MODIS,72,6.2,301,16.8,D,0
22.3139,92.5086,342.8,1,1,2007-04-03,0708,Aqua,MODIS,90,6.2,302.1,39.1,D,0
22.3229,92.507,377,1,1,2007-04-03,0708,Aqua,MODIS,100,6.2,302.6,134.4,D,0
22.3214,92.4972,332.6,1,1,2007-04-03,0708,Aqua,MODIS,67,6.2,300.1,20.6,D,0
21.9824,92.5111,321.1,1,1,2007-04-03,0708,Aqua,MODIS,13,6.2,301.4,7.3,D,0
21.963,92.4438,371.5,1,1,2007-04-03,0708,Aqua,MODIS,100,6.2,304.5,114.2,D,0
22.1752,92.5051,335.8,1,1,2007-04-03,0708,Aqua,MODIS,84,6.2,304.2,28.6,D,0
22.1918,92.4923,375.3,1,1,2007-04-03,0708,Aqua,MODIS,100,6.2,305,128.5,D,0
22.2216,92.5112,384.9,1,1,2007-04-03,0708,Aqua,MODIS,100,6.2,309.8,167.8,D,0
22.2201,92.5014,358.6,1,1,2007-04-03,0708,Aqua,MODIS,99,6.2,307.8,71.9,D,0
22.2486,92.5066,408.4,1,1,2007-04-03,0708,Aqua,MODIS,100,6.2,310.6,302,D,0
22.2457,92.4869,360.3,1,1,2007-04-03,0708,Aqua,MODIS,100,6.2,303.9,74,D,0
22.2591,92.5149,398.8,1,1,2007-04-03,0708,Aqua,MODIS,100,6.2,309.4,242.3,D,0
22.2576,92.5049,420.2,1,1,2007-04-03,0708,Aqua,MODIS,100,6.2,314.8,393.8,D,0
22.2561,92.495,392.2,1,1,2007-04-03,0708,Aqua,MODIS,100,6.2,307.8,201.5,D,0
22.2681,92.5133,404.4,1,1,2007-04-03,0708,Aqua,MODIS,100,6.2,304.2,278.6,D,0
22.2666,92.5033,402.6,1,1,2007-04-03,0708,Aqua,MODIS,100,6.2,310.3,265.4,D,0
22.2651,92.4935,338.7,1,1,2007-04-03,0708,Aqua,MODIS,87,6.2,302.3,28.1,D,0
22.2771,92.5116,356.4,1,1,2007-04-03,0708,Aqua,MODIS,98,6.2,299.9,68.8,D,0
22.2756,92.5017,413.3,1,1,2007-04-03,0708,Aqua,MODIS,100,6.2,309.3,340.3,D,0
22.2741,92.4919,422.4,1,1,2007-04-03,0708,Aqua,MODIS,100,6.2,315.6,414.9,D,0
22.2846,92.5002,394.3,1,1,2007-04-03,0708,Aqua,MODIS,100,6.2,304.4,214.8,D,0
22.2831,92.4903,336.1,1,1,2007-04-03,0708,Aqua,MODIS,60,6.2,301.8,23.3,D,0
21.969,92.4834,341.6,1,1,2007-04-03,0708,Aqua,MODIS,89,6.2,307.5,35,D,0
21.9813,92.3189,365.7,1,1,2007-04-03,0708,Aqua,MODIS,100,6.2,307.1,96.4,D,0
22.3185,92.4775,331.9,1,1,2007-04-03,0708,Aqua,MODIS,78,6.2,296.8,18.9,D,0
22.3289,92.4857,332.4,1,1,2007-04-03,0708,Aqua,MODIS,81,6.2,297.8,20,D,0
22.3275,92.476,349.1,1,1,2007-04-03,0708,Aqua,MODIS,94,6.2,299,49.2,D,0
22.3365,92.4743,352.6,1,1,2007-04-03,0708,Aqua,MODIS,96,6.2,297.5,56.9,D,0
22.3455,92.4728,346.5,1,1,2007-04-03,0708,Aqua,MODIS,92,6.2,299.4,43.6,D,0
22.3545,92.4712,346.3,1,1,2007-04-03,0708,Aqua,MODIS,92,6.2,295.9,43.5,D,0
21.7333,92.452,326.5,1,1,2007-04-03,0708,Aqua,MODIS,74,6.2,305.6,11.7,D,0
21.7273,92.4734,325.5,1,1,2007-04-03,0708,Aqua,MODIS,68,6.2,307.1,11.5,D,0
21.7288,92.4834,322.7,1,1,2007-04-03,0708,Aqua,MODIS,57,6.2,307.4,9.4,D,0
22.3377,92.5445,371.3,1,1,2007-04-03,0708,Aqua,MODIS,100,6.2,303.7,113.3,D,0
22.3363,92.5349,354,1,1,2007-04-03,0708,Aqua,MODIS,97,6.2,302.5,62.4,D,0
22.3349,92.5253,331.3,1,1,2007-04-03,0708,Aqua,MODIS,80,6.2,299.6,20.7,D,0
22.3334,92.5154,331.3,1,1,2007-04-03,0708,Aqua,MODIS,80,6.2,300.5,20.4,D,0
22.3304,92.4957,353.4,1,1,2007-04-03,0708,Aqua,MODIS,96,6.2,300.9,59.3,D,0
22.3467,92.5429,342.4,1,1,2007-04-03,0708,Aqua,MODIS,90,6.2,300.5,36.5,D,0
22.3453,92.5333,334.5,1,1,2007-04-03,0708,Aqua,MODIS,83,6.2,300.8,23.4,D,0
22.3424,92.5138,347.4,1,1,2007-04-03,0708,Aqua,MODIS,93,6.2,301.3,46.7,D,0
22.3409,92.5039,343,1,1,2007-04-03,0708,Aqua,MODIS,90,6.2,301.3,36.9,D,0
22.3557,92.5413,327.4,1,1,2007-04-03,0708,Aqua,MODIS,62,6.2,300.2,14.6,D,0
22.3543,92.5317,339.4,1,1,2007-04-03,0708,Aqua,MODIS,87,6.2,300.5,32.2,D,0
22.3528,92.5222,355.3,1,1,2007-04-03,0708,Aqua,MODIS,97,6.2,302.7,66,D,0
22.3514,92.5124,328.6,1,1,2007-04-03,0708,Aqua,MODIS,69,6.2,301.2,16.9,D,0
22.3633,92.5301,336.5,1,1,2007-04-03,0708,Aqua,MODIS,85,6.2,301.1,28,D,0
22.3618,92.5206,348.2,1,1,2007-04-03,0708,Aqua,MODIS,93,6.2,303.2,50.7,D,0
22.3574,92.4909,343,1,1,2007-04-03,0708,Aqua,MODIS,90,6.2,300.5,38.9,D,0
21.9705,92.4934,430.7,1,1,2007-04-03,0708,Aqua,MODIS,100,6.2,321.5,498.1,D,0
21.972,92.5032,463.1,1,1,2007-04-03,0708,Aqua,MODIS,100,6.2,326.5,917.4,D,0
21.9734,92.5127,415.4,1,1,2007-04-03,0708,Aqua,MODIS,100,6.2,308.7,359.6,D,0
22.3353,92.3434,320.9,1,1,2007-04-03,0708,Aqua,MODIS,61,6.2,305.4,7.3,D,0
22.3338,92.3335,343,1,1,2007-04-03,0708,Aqua,MODIS,90,6.2,305.7,39,D,0
22.3428,92.332,340.2,1,1,2007-04-03,0708,Aqua,MODIS,88,6.2,305.1,33.9,D,0
22.3729,92.3469,319,1,1,2007-04-03,0708,Aqua,MODIS,57,6.2,303.6,6.3,D,0
21.7595,92.5018,340.5,1,1,2007-04-03,0708,Aqua,MODIS,88,6.2,306.7,31.1,D,0
21.761,92.5117,361.3,1,1,2007-04-03,0708,Aqua,MODIS,100,6.2,307.4,79,D,0
22.4026,92.3661,328.7,1,1,2007-04-03,0708,Aqua,MODIS,77,6.2,303.8,17.2,D,0
22.9673,89.6075,319.9,1.3,1.1,2007-04-03,0708,Aqua,MODIS,41,6.2,304.3,8.8,D,0
21.8434,92.5676,331,1,1,2007-04-03,0708,Aqua,MODIS,80,6.2,305.7,19.1,D,0
23.1688,91.8772,336.8,1,1,2007-04-03,0708,Aqua,MODIS,86,6.2,299.7,29.4,D,0
22.9551,90.026,319.4,1.3,1.1,2007-04-03,0708,Aqua,MODIS,55,6.2,304.1,11.2,D,0
22.5069,92.4422,335.2,1,1,2007-04-03,0708,Aqua,MODIS,84,6.2,305.2,24.6,D,0
22.5084,92.452,342.5,1,1,2007-04-03,0708,Aqua,MODIS,90,6.2,304.1,36.6,D,0
22.4979,92.4438,366.4,1,1,2007-04-03,0708,Aqua,MODIS,100,6.2,305.9,95.6,D,0
22.4889,92.4453,340.7,1,1,2007-04-03,0708,Aqua,MODIS,89,6.2,305.7,33.9,D,0
21.7849,92.5477,362.4,1,1,2007-04-03,0708,Aqua,MODIS,100,6.2,304.3,85.4,D,0
21.7834,92.5378,340.2,1,1,2007-04-03,0708,Aqua,MODIS,88,6.2,304.4,33.3,D,0
21.7895,92.5167,336.1,1,1,2007-04-03,0708,Aqua,MODIS,85,6.2,306.3,23.9,D,0
21.788,92.507,397.8,1,1,2007-04-03,0708,Aqua,MODIS,100,6.2,312.5,234.3,D,0
21.7866,92.4971,335.1,1,1,2007-04-03,0708,Aqua,MODIS,84,6.2,308.1,20.2,D,0
21.7971,92.5054,357.1,1,1,2007-04-03,0708,Aqua,MODIS,98,6.2,308.3,66.6,D,0
23.1704,91.8873,344.6,1,1,2007-04-03,0708,Aqua,MODIS,92,6.2,296,42.4,D,0
22.2516,92.5264,353.5,1,1,2007-04-03,0708,Aqua,MODIS,96,6.2,303.3,62,D,0
22.2501,92.5165,384.3,1,1,2007-04-03,0708,Aqua,MODIS,100,6.2,305.4,165.2,D,0
22.2606,92.5249,327.4,1,1,2007-04-03,0708,Aqua,MODIS,75,6.2,301.3,16.6,D,0
22.2696,92.5232,325.6,1,1,2007-04-03,0708,Aqua,MODIS,73,6.2,297.9,15.9,D,0
23.1582,91.8688,338.3,1,1,2007-04-03,0708,Aqua,MODIS,88,6.2,301,32.8,D,0
23.1597,91.8788,347.3,1,1,2007-04-03,0708,Aqua,MODIS,93,6.2,302.4,49.1,D,0
22.5219,92.4802,330.6,1,1,2007-04-03,0708,Aqua,MODIS,80,6.2,303.9,18,D,0
22.5233,92.4898,374.1,1,1,2007-04-03,0708,Aqua,MODIS,100,6.2,306.5,122.3,D,0
22.5248,92.4995,328.6,1,1,2007-04-03,0708,Aqua,MODIS,78,6.2,302,15.9,D,0
22.5262,92.5092,327.1,1,1,2007-04-03,0708,Aqua,MODIS,76,6.2,301.9,14.3,D,0
22.5099,92.4619,325.7,1,1,2007-04-03,0708,Aqua,MODIS,74,6.2,302.5,12,D,0
22.5129,92.4817,339.4,1,1,2007-04-03,0708,Aqua,MODIS,88,6.2,304.1,30.9,D,0
21.963,92.5049,340.2,1,1,2007-04-03,0708,Aqua,MODIS,88,6.2,303.8,33.6,D,0
21.5686,92.5838,326,1,1,2007-04-03,0708,Aqua,MODIS,48,6.2,306.7,10.9,D,0
21.586,92.5744,360.8,1,1,2007-04-03,0708,Aqua,MODIS,100,6.2,299.3,79.3,D,0
21.6145,92.5796,337.1,1,1,2007-04-03,0708,Aqua,MODIS,86,6.2,306.7,23.8,D,0
22.5143,92.4914,371.1,1,1,2007-04-03,0708,Aqua,MODIS,100,6.2,305.2,110.9,D,0
22.4994,92.4536,357.4,1,1,2007-04-03,0708,Aqua,MODIS,98,6.2,304.2,69.3,D,0
21.9644,92.5146,323.1,1,1,2007-04-03,0708,Aqua,MODIS,50,6.2,303.5,9.8,D,0
22.5009,92.4635,325.4,1,1,2007-04-03,0708,Aqua,MODIS,57,6.2,304,12.9,D,0
22.5024,92.4734,339.7,1,1,2007-04-03,0708,Aqua,MODIS,88,6.2,304.5,33.7,D,0
21.9366,92.5161,324.7,1,1,2007-04-03,0708,Aqua,MODIS,71,6.2,305,12.4,D,0
21.938,92.5258,432.5,1,1,2007-04-03,0708,Aqua,MODIS,100,6.2,317.4,518.3,D,0
21.9276,92.5177,334.5,1,1,2007-04-03,0708,Aqua,MODIS,83,6.2,307,24.4,D,0
21.929,92.5274,481.1,1,1,2007-04-03,0708,Aqua,MODIS,100,6.2,339.5,1238.6,D,0
22.7087,92.0119,321.8,1,1,2007-04-03,0708,Aqua,MODIS,68,6.2,300.5,11.6,D,0
22.0678,92.5307,360.8,1,1,2007-04-03,0708,Aqua,MODIS,100,6.2,306.2,77.5,D,0
22.0692,92.5402,342.5,1,1,2007-04-03,0708,Aqua,MODIS,90,6.2,302.5,36.6,D,0
22.5039,92.4834,325.3,1,1,2007-04-03,0708,Aqua,MODIS,61,6.2,303.1,12.9,D,0
22.5053,92.493,350.8,1,1,2007-04-03,0708,Aqua,MODIS,95,6.2,302.9,55.1,D,0
22.5082,92.5124,330.1,1,1,2007-04-03,0708,Aqua,MODIS,79,6.2,302,19.5,D,0
22.4904,92.4552,343,1,1,2007-04-03,0708,Aqua,MODIS,90,6.2,303.5,37.8,D,0
22.4934,92.4751,349.9,1,1,2007-04-03,0708,Aqua,MODIS,94,6.2,306.5,53.1,D,0
22.4949,92.4849,344.6,1,1,2007-04-03,0708,Aqua,MODIS,91,6.2,304.9,42.5,D,0
22.4963,92.4946,350.9,1,1,2007-04-03,0708,Aqua,MODIS,95,6.2,305.1,55.4,D,0
22.4978,92.5042,341.8,1,1,2007-04-03,0708,Aqua,MODIS,89,6.2,303.3,37.2,D,0
22.4993,92.5139,333.5,1,1,2007-04-03,0708,Aqua,MODIS,83,6.2,304.9,23.6,D,0
22.9561,92.1194,323,1,1,2007-04-03,0708,Aqua,MODIS,60,6.2,300.4,10.4,D,0
23.1613,91.8889,345.7,1,1,2007-04-03,0708,Aqua,MODIS,92,6.2,301.4,45,D,0
23.1522,91.8906,336.1,1,1,2007-04-03,0708,Aqua,MODIS,83,6.2,300.2,26.9,D,0
22.9576,92.1293,333.1,1,1,2007-04-03,0708,Aqua,MODIS,83,6.2,301.5,23.7,D,0
21.3068,92.6172,385.9,1,1,2007-04-03,0708,Aqua,MODIS,100,6.2,307,178.3,D,0
21.3053,92.6075,370.6,1,1,2007-04-03,0708,Aqua,MODIS,100,6.2,306.1,115.1,D,0
21.3155,92.62,326,1,1,2007-04-03,0708,Aqua,MODIS,75,6.2,301.8,17,D,0
21.3141,92.6102,346.6,1,1,2007-04-03,0708,Aqua,MODIS,93,6.2,306,49.7,D,0
23.0992,91.9066,322.4,1,1,2007-04-03,0708,Aqua,MODIS,50,6.2,298.3,10.6,D,0
22.0573,92.5228,443.4,1,1,2007-04-03,0708,Aqua,MODIS,100,6.2,328.4,638.4,D,0
22.9486,92.131,321.8,1,1,2007-04-03,0708,Aqua,MODIS,67,6.2,300.5,9.5,D,0
21.6626,92.4139,403.7,1,1,2007-04-03,0708,Aqua,MODIS,100,6.2,312.7,276.7,D,0
21.6641,92.4239,377,1,1,2007-04-03,0708,Aqua,MODIS,100,6.2,296.4,135.3,D,0
21.6535,92.4154,355.1,1,1,2007-04-03,0708,Aqua,MODIS,97,6.2,307.6,63.3,D,0
21.6551,92.4254,376.3,1,1,2007-04-03,0708,Aqua,MODIS,100,6.2,306.6,132,D,0
21.6566,92.4355,341.7,1,1,2007-04-03,0708,Aqua,MODIS,89,6.2,305.2,36.8,D,0
21.6581,92.4454,342.9,1,1,2007-04-03,0708,Aqua,MODIS,90,6.2,305,40,D,0
21.6451,92.4127,355.6,1,1,2007-04-03,0708,Aqua,MODIS,97,6.2,307,64.4,D,0
21.6466,92.4226,346.4,1,1,2007-04-03,0708,Aqua,MODIS,92,6.2,305,42.3,D,0
21.6496,92.4424,349.3,1,1,2007-04-03,0708,Aqua,MODIS,94,6.2,308,51.9,D,0
21.6374,92.4854,328.1,1,1,2007-04-03,0708,Aqua,MODIS,76,6.2,304.9,17.1,D,0
21.6389,92.4951,382.8,1,1,2007-04-03,0708,Aqua,MODIS,100,6.2,309.1,161.6,D,0
21.6404,92.505,353.3,1,1,2007-04-03,0708,Aqua,MODIS,96,6.2,304.9,60.7,D,0
23.0593,91.7684,321.9,1.1,1,2007-04-03,0708,Aqua,MODIS,43,6.2,298.4,10.4,D,0
23.0227,91.8226,322.5,1.1,1,2007-04-03,0708,Aqua,MODIS,69,6.2,299.9,12.1,D,0
22.0789,92.296,327.4,1,1,2007-04-03,0708,Aqua,MODIS,75,6.2,304.1,15.3,D,0
23.143,92.0734,342.5,1,1,2007-04-03,0708,Aqua,MODIS,90,6.2,301.1,39.4,D,0
22.3816,92.2888,320.1,1,1,2007-04-03,0708,Aqua,MODIS,56,6.2,303.6,7,D,0
22.0588,92.5322,499.1,1,1,2007-04-03,0708,Aqua,MODIS,100,6.2,400.1,1624.4,D,0
22.0602,92.5418,412.8,1,1,2007-04-03,0708,Aqua,MODIS,100,6.2,303.2,337.1,D,0
22.0483,92.5244,364.3,1,1,2007-04-03,0708,Aqua,MODIS,100,6.2,308.8,88.4,D,0
22.0498,92.5338,457.3,1,1,2007-04-03,0708,Aqua,MODIS,100,6.2,331.5,823.4,D,0
22.0512,92.5434,439.8,1,1,2007-04-03,0708,Aqua,MODIS,100,6.2,316.9,595.7,D,0
22.0804,92.3059,367.9,1,1,2007-04-03,0708,Aqua,MODIS,100,6.2,304.7,103.3,D,0
22.0713,92.3074,324,1,1,2007-04-03,0708,Aqua,MODIS,70,6.2,304.8,11.8,D,0
23.1461,92.032,336.1,1,1,2007-04-03,0708,Aqua,MODIS,84,6.2,301.5,27.3,D,0
23.1611,92.0702,317.4,1,1,2007-04-03,0708,Aqua,MODIS,46,6.2,296.7,6.2,D,0
23.1596,92.0602,329.9,1,1,2007-04-03,0708,Aqua,MODIS,60,6.2,300.6,18.8,D,0
23.1566,92.0404,325.4,1,1,2007-04-03,0708,Aqua,MODIS,32,6.2,298.1,12.6,D,0
23.1536,92.0203,329.1,1,1,2007-04-03,0708,Aqua,MODIS,44,6.2,300.3,17,D,0
23.1646,92.0325,318.7,1,1,2007-04-03,0708,Aqua,MODIS,58,6.2,298.8,7,D,0
23.1585,91.9925,320.5,1,1,2007-04-03,0708,Aqua,MODIS,67,6.2,300,9.3,D,0
23.2114,92.0343,323.8,1,1,2007-04-03,0708,Aqua,MODIS,54,6.2,302.6,11.5,D,0
23.2068,92.0044,323.3,1,1,2007-04-03,0708,Aqua,MODIS,66,6.2,301.9,11.6,D,0
23.137,92.0336,352.5,1,1,2007-04-03,0708,Aqua,MODIS,96,6.2,300.7,58.9,D,0
23.128,92.0352,325.1,1,1,2007-04-03,0708,Aqua,MODIS,11,6.2,298.2,12.3,D,0
23.4248,91.9265,320.7,1,1,2007-04-03,0708,Aqua,MODIS,68,6.2,299.2,10,D,0
22.0527,92.5533,360.6,1,1,2007-04-03,0708,Aqua,MODIS,100,6.2,301.5,79.4,D,0
22.0407,92.5352,333.2,1,1,2007-04-03,0708,Aqua,MODIS,54,6.2,305.9,21.4,D,0
22.8556,91.9996,335.4,1,1,2007-04-03,0708,Aqua,MODIS,85,6.2,298.7,30.1,D,0
22.8465,91.9393,327.3,1,1,2007-04-03,0708,Aqua,MODIS,77,6.2,298.6,16.9,D,0
22.8662,91.9461,333,1,1,2007-04-03,0708,Aqua,MODIS,83,6.2,298.8,24.7,D,0
22.8836,92.0093,315.6,1,1,2007-04-03,0708,Aqua,MODIS,27,6.2,299.5,5.5,D,0
22.8697,91.919,317.6,1,1,2007-04-03,0708,Aqua,MODIS,25,6.2,298.8,5.7,D,0
22.9061,91.9124,350.7,1,1,2007-04-03,0708,Aqua,MODIS,95,6.2,301.3,57.5,D,0
22.9045,91.9023,319.9,1,1,2007-04-03,0708,Aqua,MODIS,58,6.2,299.7,7.9,D,0
23.3967,91.9166,337.8,1,1,2007-04-03,0708,Aqua,MODIS,87,6.2,300,32.7,D,0
23.3163,91.8757,322.5,1,1,2007-04-03,0708,Aqua,MODIS,61,6.2,298.6,11.3,D,0
22.0422,92.545,335.5,1,1,2007-04-03,0708,Aqua,MODIS,69,6.2,305.5,25,D,0
22.4667,92.1758,320.7,1,1,2007-04-03,0708,Aqua,MODIS,65,6.2,303.1,8.1,D,0
22.4742,92.1641,323.8,1,1,2007-04-03,0708,Aqua,MODIS,71,6.2,303.1,11.9,D,0
23.4821,91.9367,371.9,1,1,2007-04-03,0708,Aqua,MODIS,100,6.2,301.7,116.9,D,0
23.4837,91.9467,358.2,1,1,2007-04-03,0708,Aqua,MODIS,99,6.2,300.2,74.8,D,0
23.4731,91.9384,349.6,1,1,2007-04-03,0708,Aqua,MODIS,95,6.2,301,52.5,D,0
23.464,91.94,326.7,1,1,2007-04-03,0708,Aqua,MODIS,34,6.2,301.8,14.7,D,0
23.4656,91.95,326.7,1,1,2007-04-03,0708,Aqua,MODIS,77,6.2,297.7,15.9,D,0
23.4338,91.9248,325.5,1,1,2007-04-03,0708,Aqua,MODIS,75,6.2,301.3,14.6,D,0
23.2919,92.3249,322.5,1,1,2007-04-03,0708,Aqua,MODIS,35,6.2,303.1,10.2,D,0
23.2934,92.3348,382.9,1,1,2007-04-03,0708,Aqua,MODIS,100,6.2,305.8,159.2,D,0
22.5104,92.1576,322.3,1,1,2007-04-03,0708,Aqua,MODIS,62,6.2,302.1,10.7,D,0
23.5032,92.0762,316.8,1,1,2007-04-03,0708,Aqua,MODIS,56,6.2,299.1,7.9,D,0
21.6416,92.5748,365.8,1,1,2007-04-03,0708,Aqua,MODIS,100,6.2,308.4,93.2,D,0
22.5534,92.4441,334.1,1,1,2007-04-03,0708,Aqua,MODIS,83,6.2,303.5,22.6,D,0
22.5519,92.4342,367.8,1,1,2007-04-03,0708,Aqua,MODIS,100,6.2,306,98.8,D,0
22.5505,92.4244,350,1,1,2007-04-03,0708,Aqua,MODIS,95,6.2,305.5,51,D,0
22.5475,92.4047,326.7,1,1,2007-04-03,0708,Aqua,MODIS,74,6.2,303.8,12,D,0
22.5639,92.4523,336.5,1,1,2007-04-03,0708,Aqua,MODIS,85,6.2,300.5,26.4,D,0
22.5624,92.4425,325.6,1,1,2007-04-03,0708,Aqua,MODIS,74,6.2,300.8,11.5,D,0
22.5609,92.4326,341.3,1,1,2007-04-03,0708,Aqua,MODIS,89,6.2,303.3,33.3,D,0
22.5595,92.4229,367.8,1,1,2007-04-03,0708,Aqua,MODIS,100,6.2,305.9,99,D,0
22.558,92.413,343.7,1,1,2007-04-03,0708,Aqua,MODIS,91,6.2,304.9,37.3,D,0
22.5729,92.4508,323.2,1,1,2007-04-03,0708,Aqua,MODIS,70,6.2,302.2,10.2,D,0
22.5714,92.4409,325.1,1,1,2007-04-03,0708,Aqua,MODIS,73,6.2,302.3,12.3,D,0
22.5699,92.4311,357.2,1,1,2007-04-03,0708,Aqua,MODIS,98,6.2,302.8,68.4,D,0
22.5685,92.4213,378.4,1,1,2007-04-03,0708,Aqua,MODIS,100,6.2,306.1,139,D,0
22.5745,92.4044,372.4,1,1,2007-04-03,0708,Aqua,MODIS,100,6.2,304.6,117.1,D,0
22.5835,92.4028,317.5,1,1,2007-04-03,0708,Aqua,MODIS,45,6.2,301.4,4.5,D,0
23.283,92.3266,331.7,1,1,2007-04-03,0708,Aqua,MODIS,78,6.2,304.1,20.7,D,0
23.2844,92.3363,414.6,1,1,2007-04-03,0708,Aqua,MODIS,100,6.2,310.1,350.6,D,0
23.2873,92.3559,327.4,1,1,2007-04-03,0708,Aqua,MODIS,73,6.2,303,14.1,D,0
21.5727,92.3645,329.6,1,1,2007-04-03,0708,Aqua,MODIS,79,6.2,304.3,17.9,D,0
21.5864,92.3317,321.6,1,1,2007-04-03,0708,Aqua,MODIS,66,6.2,305.2,7.7,D,0
21.6286,92.3648,332.8,1,1,2007-04-03,0708,Aqua,MODIS,82,6.2,304.3,22.7,D,0
23.404,92.2727,318.6,1,1,2007-04-03,0708,Aqua,MODIS,37,6.2,301.7,7.3,D,0
23.4055,92.2827,359.2,1,1,2007-04-03,0708,Aqua,MODIS,99,6.2,305.4,76.2,D,0
23.407,92.2923,353.3,1,1,2007-04-03,0708,Aqua,MODIS,96,6.2,304.3,60.3,D,0
23.3965,92.2842,333.4,1,1,2007-04-03,0708,Aqua,MODIS,84,6.2,303.3,24,D,0
21.6235,92.5779,337.5,1,1,2007-04-03,0708,Aqua,MODIS,86,6.2,307.7,24.3,D,0
22.2714,92.4121,318.9,1,1,2007-04-03,0708,Aqua,MODIS,48,6.2,302.8,6.4,D,0
22.2805,92.4106,334.4,1,1,2007-04-03,0708,Aqua,MODIS,82,6.2,305.1,23.7,D,0
21.5698,92.2838,332.4,1,1,2007-04-03,0708,Aqua,MODIS,82,6.2,304.3,21.9,D,0
21.5682,92.2736,369.2,1,1,2007-04-03,0708,Aqua,MODIS,100,6.2,307.8,109,D,0
21.5789,92.2822,355.1,1,1,2007-04-03,0708,Aqua,MODIS,97,6.2,305.6,65.7,D,0
21.5773,92.2721,353.2,1,1,2007-04-03,0708,Aqua,MODIS,96,6.2,306.9,61.1,D,0
21.588,92.2808,371,1,1,2007-04-03,0708,Aqua,MODIS,100,6.2,305.5,114.5,D,0
21.5864,92.2706,335.1,1,1,2007-04-03,0708,Aqua,MODIS,84,6.2,305.9,25.4,D,0
21.5895,92.2288,323.4,1,1,2007-04-03,0708,Aqua,MODIS,68,6.2,304.5,10.6,D,0
21.6062,92.2775,362.7,1,1,2007-04-03,0708,Aqua,MODIS,100,6.2,307.8,85.6,D,0
21.6047,92.2677,352.7,1,1,2007-04-03,0708,Aqua,MODIS,96,6.2,306.9,58.4,D,0
21.5986,92.2272,368.7,1,1,2007-04-03,0708,Aqua,MODIS,100,6.2,305.8,107.4,D,0
21.6046,92.2055,358.2,1,1,2007-04-03,0708,Aqua,MODIS,99,6.2,306.6,74.1,D,0
21.6031,92.1955,359.1,1.1,1,2007-04-03,0708,Aqua,MODIS,99,6.2,308.1,77.7,D,0
22.7919,91.9491,327.1,1,1,2007-04-03,0708,Aqua,MODIS,72,6.2,298,17.2,D,0
22.7873,91.9189,318.3,1,1,2007-04-03,0708,Aqua,MODIS,43,6.2,295.7,7.5,D,0
22.2895,92.409,351.8,1,1,2007-04-03,0708,Aqua,MODIS,95,6.2,304.7,56.7,D,0
21.8406,92.3095,331.4,1,1,2007-04-03,0708,Aqua,MODIS,78,6.2,305.7,19.2,D,0
21.6536,92.2933,337,1,1,2007-04-03,0708,Aqua,MODIS,86,6.2,305.1,26.9,D,0
21.6491,92.2636,351.7,1,1,2007-04-03,0708,Aqua,MODIS,95,6.2,305.4,54.8,D,0
21.6581,92.262,323,1,1,2007-04-03,0708,Aqua,MODIS,69,6.2,306.1,7.7,D,0
21.8391,92.2995,328.3,1,1,2007-04-03,0708,Aqua,MODIS,64,6.2,305.4,14.9,D,0
22.7673,92.3983,319.9,1,1,2007-04-03,0708,Aqua,MODIS,48,6.2,303.2,7.5,D,0
22.7688,92.4081,324.7,1,1,2007-04-03,0708,Aqua,MODIS,69,6.2,303.8,12.4,D,0
22.7343,92.4199,329.4,1,1,2007-04-03,0708,Aqua,MODIS,79,6.2,304.7,17.6,D,0
22.7357,92.4298,328.1,1,1,2007-04-03,0708,Aqua,MODIS,78,6.2,303.5,15.6,D,0
22.7253,92.4215,346,1,1,2007-04-03,0708,Aqua,MODIS,92,6.2,304.9,44.5,D,0
22.7268,92.4314,345.2,1,1,2007-04-03,0708,Aqua,MODIS,92,6.2,304.6,42.5,D,0
21.8225,92.3126,342.1,1,1,2007-04-03,0708,Aqua,MODIS,90,6.2,306.5,36.9,D,0
21.8141,92.3096,325.3,1,1,2007-04-03,0708,Aqua,MODIS,62,6.2,304.9,11.1,D,0
21.6101,92.5502,341.3,1,1,2007-04-03,0708,Aqua,MODIS,89,6.2,305.8,33,D,0
22.5808,92.1397,326.9,1,1,2007-04-03,0708,Aqua,MODIS,76,6.2,298.8,16,D,0
22.2446,92.2949,321.3,1,1,2007-04-03,0708,Aqua,MODIS,65,6.2,303.8,8.5,D,0
21.836,92.4016,374.2,1,1,2007-04-03,0708,Aqua,MODIS,100,6.2,307.5,124.6,D,0
22.5823,92.1494,332.2,1,1,2007-04-03,0708,Aqua,MODIS,82,6.2,298.7,23,D,0
22.5718,92.1413,322.9,1,1,2007-04-03,0708,Aqua,MODIS,70,6.2,302.8,11.6,D,0
22.5732,92.151,333.7,1,1,2007-04-03,0708,Aqua,MODIS,83,6.2,301.6,25.7,D,0
22.2477,92.2537,324.4,1,1,2007-04-03,0708,Aqua,MODIS,71,6.2,303.8,11,D,0
22.2462,92.2438,343.2,1,1,2007-04-03,0708,Aqua,MODIS,90,6.2,304.3,39.7,D,0
22.2977,92.4009,333.9,1,1,2007-04-03,0708,Aqua,MODIS,83,6.2,304.7,23.9,D,0
21.7044,92.5679,320.3,1,1,2007-04-03,0708,Aqua,MODIS,37,6.2,306.1,6.3,D,0
21.6774,92.5726,325.2,1,1,2007-04-03,0708,Aqua,MODIS,72,6.2,305.5,12.7,D,0
23.3448,92.1882,350.7,1,1,2007-04-03,0708,Aqua,MODIS,95,6.2,300.9,56.2,D,0
23.3492,92.2178,343,1,1,2007-04-03,0708,Aqua,MODIS,91,6.2,301.9,39.5,D,0
23.3507,92.2277,323.6,1,1,2007-04-03,0708,Aqua,MODIS,51,6.2,300.2,12.4,D,0
23.3316,91.8562,326.5,1,1,2007-04-03,0708,Aqua,MODIS,36,6.2,299,15,D,0
23.2996,91.8271,331.6,1,1,2007-04-03,0708,Aqua,MODIS,82,6.2,299.2,22.3,D,0
23.3012,91.8372,337.4,1,1,2007-04-03,0708,Aqua,MODIS,87,6.2,298.8,30.6,D,0
23.277,91.8622,323.1,1,1,2007-04-03,0708,Aqua,MODIS,72,6.2,297.1,11.8,D,0
23.2785,91.8723,323.7,1,1,2007-04-03,0708,Aqua,MODIS,68,6.2,299.4,12.1,D,0
23.1035,91.8124,341,1.1,1,2007-04-03,0708,Aqua,MODIS,89,6.2,299.1,38.5,D,0
23.675,92.1148,388.4,1,1,2007-04-03,0708,Aqua,MODIS,100,6.2,304.8,185.8,D,0
23.6765,92.1246,334.8,1,1,2007-04-03,0708,Aqua,MODIS,81,6.2,300,26.3,D,0
23.666,92.1163,396.7,1,1,2007-04-03,0708,Aqua,MODIS,100,6.2,305.2,232.4,D,0
23.102,91.8024,359.3,1.1,1,2007-04-03,0708,Aqua,MODIS,99,6.2,303.4,80.2,D,0
23.1004,91.7923,328.2,1.1,1,2007-04-03,0708,Aqua,MODIS,79,6.2,298.4,17.4,D,0
23.723,92.1265,401.1,1,1,2007-04-03,0708,Aqua,MODIS,94,6.2,307.7,255.8,D,0
23.7244,92.1364,430,1,1,2007-04-03,0708,Aqua,MODIS,100,6.2,312.9,487.5,D,0
23.7259,92.1462,395.4,1,1,2007-04-03,0708,Aqua,MODIS,100,6.2,307.9,222.1,D,0
23.7154,92.1381,349.1,1,1,2007-04-03,0708,Aqua,MODIS,94,6.2,302,49.2,D,0
23.7169,92.1479,376.2,1,1,2007-04-03,0708,Aqua,MODIS,100,6.2,305,130.7,D,0
23.7064,92.1396,350.7,1,1,2007-04-03,0708,Aqua,MODIS,95,6.2,302,53.7,D,0
23.693,92.1115,354.2,1,1,2007-04-03,0708,Aqua,MODIS,97,6.2,300,62.5,D,0
23.6959,92.1313,339.2,1,1,2007-04-03,0708,Aqua,MODIS,88,6.2,298.2,32.1,D,0
23.6974,92.1411,400,1,1,2007-04-03,0708,Aqua,MODIS,100,6.2,306.8,250.9,D,0
23.6989,92.151,324,1,1,2007-04-03,0708,Aqua,MODIS,59,6.2,300.4,12.5,D,0
23.684,92.1132,347.1,1,1,2007-04-03,0708,Aqua,MODIS,93,6.2,300.7,46.3,D,0
23.1126,91.8108,355.8,1.1,1,2007-04-03,0708,Aqua,MODIS,98,6.2,301.4,70.9,D,0
23.1111,91.8008,362.1,1.1,1,2007-04-03,0708,Aqua,MODIS,100,6.2,302.5,88,D,0
23.1096,91.7906,331.3,1.1,1,2007-04-03,0708,Aqua,MODIS,82,6.2,298.1,22,D,0
23.1217,91.8091,332.2,1.1,1,2007-04-03,0708,Aqua,MODIS,83,6.2,298.2,23.8,D,0
23.1202,91.7991,325.1,1.1,1,2007-04-03,0708,Aqua,MODIS,75,6.2,299.7,13.8,D,0
23.1187,91.789,331.5,1.1,1,2007-04-03,0708,Aqua,MODIS,82,6.2,299.3,22.3,D,0
23.1291,91.8014,327.3,1.1,1,2007-04-03,0708,Aqua,MODIS,78,6.2,298,16.7,D,0
23.4206,92.1985,334.8,1,1,2007-04-03,0708,Aqua,MODIS,79,6.2,301.3,26.5,D,0
22.4639,92.4664,332.3,1,1,2007-04-03,0708,Aqua,MODIS,81,6.2,302.9,21.6,D,0
22.4534,92.4582,322,1,1,2007-04-03,0708,Aqua,MODIS,66,6.2,302.7,9.8,D,0
22.4549,92.468,320.7,1,1,2007-04-03,0708,Aqua,MODIS,60,6.2,302.9,8.2,D,0
22.3979,92.4579,324.7,1,1,2007-04-03,0708,Aqua,MODIS,50,6.2,302.6,12.5,D,0
22.3994,92.4677,345.5,1,1,2007-04-03,0708,Aqua,MODIS,92,6.2,302.4,44.9,D,0
21.7319,92.4424,332.4,1,1,2007-04-03,0708,Aqua,MODIS,81,6.2,306.1,19.9,D,0
21.7395,92.4312,327,1,1,2007-04-03,0708,Aqua,MODIS,75,6.2,304.2,14.1,D,0
21.7381,92.4219,322.6,1,1,2007-04-03,0708,Aqua,MODIS,68,6.2,303,9.3,D,0
23.642,92.08,370.3,1,1,2007-04-03,0708,Aqua,MODIS,100,6.2,303.6,112.8,D,0
23.6405,92.07,333.9,1,1,2007-04-03,0708,Aqua,MODIS,84,6.2,301.9,26.6,D,0
22.573,92.3945,419.8,1,1,2007-04-03,0708,Aqua,MODIS,100,6.2,316.8,395,D,0
22.5715,92.3847,337.4,1,1,2007-04-03,0708,Aqua,MODIS,86,6.2,306.3,27.8,D,0
22.582,92.3929,341.7,1,1,2007-04-03,0708,Aqua,MODIS,90,6.2,304.5,36,D,0
22.5805,92.3831,325.2,1,1,2007-04-03,0708,Aqua,MODIS,74,6.2,304.6,11.4,D,0
22.8792,92.4024,322.5,1,1,2007-04-03,0708,Aqua,MODIS,65,6.2,304.3,9.7,D,0
21.924,92.3695,371.8,1,1,2007-04-03,0708,Aqua,MODIS,100,6.2,306,116.4,D,0
21.9224,92.3596,404.6,1,1,2007-04-03,0708,Aqua,MODIS,100,6.2,315.2,284,D,0
21.9315,92.358,318.4,1,1,2007-04-03,0708,Aqua,MODIS,34,6.2,303.1,5.4,D,0
22.1439,92.42,318.9,1,1,2007-04-03,0708,Aqua,MODIS,47,6.2,304.6,6.2,D,0
22.1454,92.4298,319.6,1,1,2007-04-03,0708,Aqua,MODIS,58,6.2,305.2,7.4,D,0
22.1273,92.4326,347,1,1,2007-04-03,0708,Aqua,MODIS,93,6.2,306.8,46.3,D,0
22.1288,92.4425,340.9,1,1,2007-04-03,0708,Aqua,MODIS,89,6.2,304.7,34.8,D,0
22.1183,92.4343,321,1,1,2007-04-03,0708,Aqua,MODIS,63,6.2,304.9,8.3,D,0
22.101,92.4441,319.9,1,1,2007-04-03,0708,Aqua,MODIS,41,6.2,304.3,6.3,D,0
22.017,92.4948,328.7,1,1,2007-04-03,0708,Aqua,MODIS,77,6.2,304.3,17.6,D,0
22.0184,92.5046,345.4,1,1,2007-04-03,0708,Aqua,MODIS,92,6.2,305.3,44.2,D,0
22.5115,92.4111,343.2,1,1,2007-04-03,0708,Aqua,MODIS,90,6.2,304.5,38.9,D,0
22.5101,92.4014,332.1,1,1,2007-04-03,0708,Aqua,MODIS,81,6.2,305.2,20.8,D,0
22.3829,92.4764,359.1,1,1,2007-04-03,0708,Aqua,MODIS,99,6.2,300,75.9,D,0
22.3815,92.4664,419.8,1,1,2007-04-03,0708,Aqua,MODIS,100,6.2,309.4,394.5,D,0
22.38,92.4567,340.4,1,1,2007-04-03,0708,Aqua,MODIS,76,6.2,302,30.8,D,0
22.3771,92.4371,411.5,1,1,2007-04-03,0708,Aqua,MODIS,100,6.2,310.6,326.9,D,0
22.3919,92.4748,368.8,1,1,2007-04-03,0708,Aqua,MODIS,100,6.2,301.7,105.9,D,0
22.3905,92.4648,388.3,1,1,2007-04-03,0708,Aqua,MODIS,100,6.2,306.1,185.4,D,0
22.3861,92.4355,349.9,1,1,2007-04-03,0708,Aqua,MODIS,94,6.2,303.9,51,D,0
22.092,92.4457,363.9,1,1,2007-04-03,0708,Aqua,MODIS,100,6.2,307.7,88.8,D,0
22.0935,92.4556,355,1,1,2007-04-03,0708,Aqua,MODIS,97,6.2,305.7,64,D,0
22.095,92.4657,378.8,1,1,2007-04-03,0708,Aqua,MODIS,100,6.2,307,143.3,D,0
22.0965,92.4755,344.6,1,1,2007-04-03,0708,Aqua,MODIS,91,6.2,301.5,43.7,D,0
22.083,92.4473,329.7,1,1,2007-04-03,0708,Aqua,MODIS,78,6.2,305.4,17.1,D,0
22.0845,92.4573,382.7,1,1,2007-04-03,0708,Aqua,MODIS,100,6.2,312.1,158.8,D,0
22.086,92.4672,394.7,1,1,2007-04-03,0708,Aqua,MODIS,100,6.2,311.9,221.2,D,0
22.0875,92.4771,324.3,1,1,2007-04-03,0708,Aqua,MODIS,70,6.2,302.6,13.5,D,0
22.0755,92.4588,332.6,1,1,2007-04-03,0708,Aqua,MODIS,81,6.2,305,21.9,D,0
22.077,92.4688,336.3,1,1,2007-04-03,0708,Aqua,MODIS,85,6.2,304.5,28.1,D,0
22.3846,92.4256,337.5,1,1,2007-04-03,0708,Aqua,MODIS,86,6.2,304.3,27.7,D,0
23.651,92.0783,376.4,1,1,2007-04-03,0708,Aqua,MODIS,100,6.2,304.1,135.4,D,0
23.6495,92.0684,351.4,1,1,2007-04-03,0708,Aqua,MODIS,95,6.2,304.1,58.6,D,0
23.648,92.0585,354.1,1,1,2007-04-03,0708,Aqua,MODIS,97,6.2,302.4,65.3,D,0
23.6465,92.0486,354.9,1,1,2007-04-03,0708,Aqua,MODIS,97,6.2,300.9,67.8,D,0
23.6645,92.1064,349.3,1,1,2007-04-03,0708,Aqua,MODIS,94,6.2,304,52.3,D,0
23.6735,92.1049,334.4,1,1,2007-04-03,0708,Aqua,MODIS,75,6.2,300.5,23.8,D,0
23.324,91.988,376.4,1,1,2007-04-03,0708,Aqua,MODIS,100,6.2,301,134.6,D,0
23.3224,91.9779,372.2,1,1,2007-04-03,0708,Aqua,MODIS,100,6.2,302.7,119.1,D,0
23.3373,92.1386,344.4,1,1,2007-04-03,0708,Aqua,MODIS,92,6.2,301.8,42.9,D,0
23.3463,92.137,330.6,1,1,2007-04-03,0708,Aqua,MODIS,39,6.2,301.3,19.5,D,0
22.6521,92.1201,317,1,1,2007-04-03,0708,Aqua,MODIS,45,6.2,300,5.1,D,0
22.8571,92.1325,318.7,1,1,2007-04-03,0708,Aqua,MODIS,61,6.2,300.7,8.5,D,0
22.8797,92.1592,318.6,1,1,2007-04-03,0708,Aqua,MODIS,60,6.2,301.6,8,D,0
22.9229,92.1456,323.6,1,1,2007-04-03,0708,Aqua,MODIS,72,6.2,302.3,12.3,D,0
22.9215,92.1358,338,1,1,2007-04-03,0708,Aqua,MODIS,87,6.2,302.8,31.7,D,0
22.9184,92.1158,320,1,1,2007-04-03,0708,Aqua,MODIS,65,6.2,302.1,9,D,0
22.3832,92.4157,336.9,1,1,2007-04-03,0708,Aqua,MODIS,85,6.2,304.7,27.1,D,0
22.3905,92.4087,330.9,1,1,2007-04-03,0708,Aqua,MODIS,79,6.2,304.7,17.7,D,0
23.3524,92.1155,323,1,1,2007-04-03,0708,Aqua,MODIS,71,6.2,300.2,12.7,D,0
22.1874,92.463,332.3,1,1,2007-04-03,0708,Aqua,MODIS,81,6.2,304.6,21.3,D,0
22.1889,92.473,410.3,1,1,2007-04-03,0708,Aqua,MODIS,100,6.2,311.4,320,D,0
22.1784,92.4646,324.7,1,1,2007-04-03,0708,Aqua,MODIS,71,6.2,303.1,12.4,D,0
22.1799,92.4746,338.6,1,1,2007-04-03,0708,Aqua,MODIS,87,6.2,302.4,31.6,D,0
22.4772,92.4943,383.7,1,1,2007-04-03,0708,Aqua,MODIS,100,6.2,308.1,161.1,D,0
22.0968,92.3537,347.6,1,1,2007-04-03,0708,Aqua,MODIS,93,6.2,304.6,48.6,D,0
22.0953,92.3438,326.7,1,1,2007-04-03,0708,Aqua,MODIS,74,6.2,304.1,14.6,D,0
22.2492,92.0831,319.8,1,1,2007-04-03,0708,Aqua,MODIS,61,6.2,297.6,9.5,D,0
22.3831,92.0534,318.2,1,1,2007-04-03,0708,Aqua,MODIS,22,6.2,301.7,6.5,D,0
22.4013,92.0501,319.8,1,1,2007-04-03,0708,Aqua,MODIS,59,6.2,302.4,7.7,D,0
22.51,91.7374,319.5,1.1,1,2007-04-03,0708,Aqua,MODIS,53,6.2,298.8,9.6,D,0
23.4118,91.9551,330.1,1,1,2007-04-03,0708,Aqua,MODIS,81,6.2,301.6,20.6,D,0
23.3369,92.3212,351.1,1,1,2007-04-03,0708,Aqua,MODIS,95,6.2,305.1,54,D,0
22.3006,92.4205,323.3,1,1,2007-04-03,0708,Aqua,MODIS,69,6.2,303.9,10.2,D,0
22.3021,92.4301,323.7,1,1,2007-04-03,0708,Aqua,MODIS,62,6.2,302.2,9.5,D,0
22.3035,92.4399,338.7,1,1,2007-04-03,0708,Aqua,MODIS,87,6.2,303.5,29.4,D,0
22.305,92.4499,349.8,1,1,2007-04-03,0708,Aqua,MODIS,94,6.2,304.5,48.8,D,0
22.3065,92.4598,351.3,1,1,2007-04-03,0708,Aqua,MODIS,95,6.2,302.2,53.1,D,0
22.2909,92.4189,377.4,1,1,2007-04-03,0708,Aqua,MODIS,100,6.2,306.5,134.7,D,0
22.2924,92.4284,386.7,1,1,2007-04-03,0708,Aqua,MODIS,100,6.2,306.7,174.5,D,0
22.2938,92.4381,361,1,1,2007-04-03,0708,Aqua,MODIS,100,6.2,303,77.5,D,0
22.2953,92.448,343.6,1,1,2007-04-03,0708,Aqua,MODIS,77,6.2,302.4,35.8,D,0
24.1849,89.2102,327.8,1.3,1.1,2007-04-03,0708,Aqua,MODIS,55,6.2,311.3,19.1,D,0
24.1872,89.2231,353.6,1.3,1.1,2007-04-03,0708,Aqua,MODIS,96,6.2,314.6,85.3,D,0
24.1876,89.216,358.5,1.3,1.1,2007-04-03,0708,Aqua,MODIS,99,6.2,313,105.2,D,0
24.1898,89.229,341.9,1.3,1.1,2007-04-03,0708,Aqua,MODIS,89,6.2,309.4,47.8,D,0
22.2968,92.458,379.9,1,1,2007-04-03,0708,Aqua,MODIS,100,6.2,303.6,142.4,D,0
22.2819,92.4206,367.3,1,1,2007-04-03,0708,Aqua,MODIS,100,6.2,308.9,97,D,0
22.2834,92.4302,345.7,1,1,2007-04-03,0708,Aqua,MODIS,92,6.2,305.4,42.2,D,0
22.2848,92.4397,366,1,1,2007-04-03,0708,Aqua,MODIS,100,6.2,305.3,92.3,D,0
22.2863,92.4495,384.4,1,1,2007-04-03,0708,Aqua,MODIS,100,6.2,307.6,163,D,0
22.2878,92.4596,373.3,1,1,2007-04-03,0708,Aqua,MODIS,100,6.2,305.5,115.3,D,0
23.4189,92.3102,329,1,1,2007-04-03,0708,Aqua,MODIS,79,6.2,302.1,19,D,0
23.3905,92.3053,323.3,1,1,2007-04-03,0708,Aqua,MODIS,67,6.2,303.7,10.4,D,0
23.3919,92.315,336.4,1,1,2007-04-03,0708,Aqua,MODIS,86,6.2,304.8,27.7,D,0
23.0228,92.3144,327.1,1,1,2007-04-03,0708,Aqua,MODIS,77,6.2,304.8,17.2,D,0
22.2729,92.4222,366.2,1,1,2007-04-03,0708,Aqua,MODIS,100,6.2,309.8,95.7,D,0
22.2744,92.4319,384,1,1,2007-04-03,0708,Aqua,MODIS,100,6.2,309.6,163,D,0
22.2758,92.4414,365.7,1,1,2007-04-03,0708,Aqua,MODIS,100,6.2,305.1,90.6,D,0
22.2773,92.4512,358.9,1,1,2007-04-03,0708,Aqua,MODIS,99,6.2,303.8,69.9,D,0
22.2788,92.4611,344.6,1,1,2007-04-03,0708,Aqua,MODIS,83,6.2,302.5,37.8,D,0
22.2639,92.4236,342.8,1,1,2007-04-03,0708,Aqua,MODIS,90,6.2,305.7,38.3,D,0
22.2654,92.4335,399,1,1,2007-04-03,0708,Aqua,MODIS,100,6.2,311.4,243.3,D,0
22.2668,92.4433,359.3,1,1,2007-04-03,0708,Aqua,MODIS,99,6.2,302.9,72.4,D,0
22.2549,92.4251,364.6,1,1,2007-04-03,0708,Aqua,MODIS,100,6.2,309,89.8,D,0
22.2564,92.435,454.7,1,1,2007-04-03,0708,Aqua,MODIS,100,6.2,327.1,789,D,0
22.2578,92.445,419.5,1,1,2007-04-03,0708,Aqua,MODIS,100,6.2,308.3,390.8,D,0
22.2593,92.4548,342.1,1,1,2007-04-03,0708,Aqua,MODIS,89,6.2,293.1,33.9,D,0
22.2488,92.4463,396,1,1,2007-04-03,0708,Aqua,MODIS,100,6.2,306.7,225,D,0
22.3011,92.4871,340.1,1,1,2007-04-03,0708,Aqua,MODIS,88,6.2,299.6,30.5,D,0
22.2442,92.4774,346.2,1,1,2007-04-03,0708,Aqua,MODIS,92,6.2,303.3,40.8,D,0
22.2233,92.461,384.1,1,1,2007-04-03,0708,Aqua,MODIS,100,6.2,310,164.5,D,0
22.2248,92.4711,367.9,1,1,2007-04-03,0708,Aqua,MODIS,100,6.2,304.2,101.3,D,0
21.7747,92.4186,353.4,1,1,2007-04-03,0708,Aqua,MODIS,96,6.2,307.5,58.6,D,0
21.7972,92.4444,336.8,1,1,2007-04-03,0708,Aqua,MODIS,86,6.2,308.2,24.9,D,0
21.7942,92.4248,326.3,1,1,2007-04-03,0708,Aqua,MODIS,40,6.2,307.6,10,D,0
21.8184,92.4005,326,1,1,2007-04-03,0708,Aqua,MODIS,66,6.2,305.5,12.2,D,0
21.814,92.3714,329.1,1,1,2007-04-03,0708,Aqua,MODIS,78,6.2,303.2,17.2,D,0
22.2262,92.4807,324.3,1,1,2007-04-03,0708,Aqua,MODIS,26,6.2,301.8,11,D,0
22.2143,92.4625,336.5,1,1,2007-04-03,0708,Aqua,MODIS,85,6.2,305.1,27.6,D,0
22.1907,92.3608,325.1,1,1,2007-04-03,0708,Aqua,MODIS,57,6.2,304.6,10.9,D,0
22.1993,92.3639,330.3,1,1,2007-04-03,0708,Aqua,MODIS,79,6.2,303.6,19.1,D,0
22.1978,92.354,351.8,1,1,2007-04-03,0708,Aqua,MODIS,95,6.2,306.2,57.9,D,0
22.1963,92.344,318.4,1,1,2007-04-03,0708,Aqua,MODIS,53,6.2,304,5.6,D,0
22.2383,92.438,324.9,1,1,2007-04-03,0708,Aqua,MODIS,70,6.2,303.7,11,D,0
22.2473,92.4365,445.5,1,1,2007-04-03,0708,Aqua,MODIS,100,6.2,322.6,666.1,D,0
22.2459,92.4267,338.9,1,1,2007-04-03,0708,Aqua,MODIS,87,6.2,306.2,30.4,D,0
22.1904,92.4829,402.8,1,1,2007-04-03,0708,Aqua,MODIS,100,6.2,308.9,267.8,D,0
22.308,92.4696,336.1,1,1,2007-04-03,0708,Aqua,MODIS,85,6.2,295.4,25.7,D,0
22.2982,92.4679,324.2,1,1,2007-04-03,0708,Aqua,MODIS,39,6.2,292.6,7.5,D,0
22.2892,92.4695,351.2,1,1,2007-04-03,0708,Aqua,MODIS,95,6.2,301.1,50.9,D,0
22.2907,92.479,337.3,1,1,2007-04-03,0708,Aqua,MODIS,46,6.2,300.4,25,D,0
22.2532,92.4756,327.4,1,1,2007-04-03,0708,Aqua,MODIS,41,6.2,300.8,12.5,D,0
21.9186,92.5194,368.8,1,1,2007-04-03,0708,Aqua,MODIS,100,6.2,309.7,103.8,D,0
22.6431,92.4929,339.7,1,1,2007-04-03,0708,Aqua,MODIS,88,6.2,305.3,31.1,D,0
22.6251,92.4961,327.9,1,1,2007-04-03,0708,Aqua,MODIS,77,6.2,303.7,15.2,D,0
22.6162,92.4976,348.1,1,1,2007-04-03,0708,Aqua,MODIS,93,6.2,307.2,48.5,D,0
22.6072,92.4992,341.8,1,1,2007-04-03,0708,Aqua,MODIS,90,6.2,305.5,37.2,D,0
23.2396,92.2836,321,1,1,2007-04-03,0708,Aqua,MODIS,67,6.2,302.8,10.1,D,0
22.0664,92.5213,365,1,1,2007-04-03,0708,Aqua,MODIS,100,6.2,307.1,91.1,D,0
21.6611,92.4039,323.4,1,1,2007-04-03,0708,Aqua,MODIS,38,6.2,305.4,8.1,D,0
21.6943,92.3779,329.7,1,1,2007-04-03,0708,Aqua,MODIS,79,6.2,305.2,16.8,D,0
21.7335,92.3914,332.6,1,1,2007-04-03,0708,Aqua,MODIS,82,6.2,307.2,20.7,D,0
21.9095,92.5208,358.1,1,1,2007-04-03,0708,Aqua,MODIS,99,6.2,309,72.8,D,0
21.9006,92.5225,334.4,1,1,2007-04-03,0708,Aqua,MODIS,83,6.2,304.5,25.1,D,0
21.8212,92.4809,400.7,1,1,2007-04-03,0708,Aqua,MODIS,100,6.2,314.4,251.7,D,0
21.8226,92.4906,340.1,1,1,2007-04-03,0708,Aqua,MODIS,88,6.2,300.1,30.8,D,0
23.3384,92.331,368.7,1,1,2007-04-03,0708,Aqua,MODIS,100,6.2,304.8,102.7,D,0
23.3175,92.3146,320,1,1,2007-04-03,0708,Aqua,MODIS,52,6.2,303.7,8.7,D,0
23.081,91.9099,331.9,1,1,2007-04-03,0708,Aqua,MODIS,82,6.2,299.1,21.8,D,0
23.3179,92.0707,317.6,1,1,2007-04-03,0708,Aqua,MODIS,56,6.2,301.2,6.2,D,0
23.0198,91.9268,331.4,1,1,2007-04-03,0708,Aqua,MODIS,82,6.2,299.5,23,D,0
23.035,91.9656,334.9,1,1,2007-04-03,0708,Aqua,MODIS,85,6.2,299.2,27.8,D,0
23.1569,91.9209,334.1,1,1,2007-04-03,0708,Aqua,MODIS,73,6.2,300.5,23.8,D,0
23.1659,91.9192,324,1,1,2007-04-03,0708,Aqua,MODIS,34,6.2,297.7,10.6,D,0
23.175,91.9175,341.3,1,1,2007-04-03,0708,Aqua,MODIS,90,6.2,299.3,36.1,D,0
21.902,92.5321,399.7,1,1,2007-04-03,0708,Aqua,MODIS,100,6.2,310.6,250.5,D,0
21.7321,92.3814,352.1,1,1,2007-04-03,0708,Aqua,MODIS,96,6.2,307.5,57.1,D,0
21.7415,92.3836,326,1,1,2007-04-03,0708,Aqua,MODIS,74,6.2,306.4,12.6,D,0
23.1947,92.2309,338.7,1,1,2007-04-03,0708,Aqua,MODIS,88,6.2,302.6,33,D,0
22.7225,92.3413,328,1,1,2007-04-03,0708,Aqua,MODIS,0,6.2,302.4,16.3,D,0
22.724,92.3511,320.5,1,1,2007-04-03,0708,Aqua,MODIS,55,6.2,302.3,8,D,0
21.8136,92.4922,337.5,1,1,2007-04-03,0708,Aqua,MODIS,86,6.2,304.9,25.8,D,0
22.2281,92.1857,325.4,1,1,2007-04-03,0708,Aqua,MODIS,73,6.2,304.3,12.5,D,0
23.0706,89.4885,318.2,1.3,1.1,2007-04-03,0708,Aqua,MODIS,50,6.2,303.8,10.3,D,0
23.0582,89.4777,318.4,1.3,1.2,2007-04-03,0708,Aqua,MODIS,50,6.2,304.3,10.8,D,0
22.2675,92.1414,321.1,1,1,2007-04-03,0708,Aqua,MODIS,62,6.2,299.2,9.2,D,0
22.8539,92.2958,333.8,1,1,2007-04-03,0708,Aqua,MODIS,83,6.2,303.2,26,D,0
21.3962,92.4786,389.5,1,1,2007-04-03,0708,Aqua,MODIS,100,6.2,309.4,194.9,D,0
21.3977,92.4884,387.1,1,1,2007-04-03,0708,Aqua,MODIS,100,6.2,301.7,183.1,D,0
21.3842,92.4606,333.2,1,1,2007-04-03,0708,Aqua,MODIS,83,6.2,305.6,24,D,0
22.2766,92.1398,331.3,1,1,2007-04-03,0708,Aqua,MODIS,80,6.2,299.2,21.8,D,0
21.3857,92.4705,381.3,1,1,2007-04-03,0708,Aqua,MODIS,100,6.2,310.8,155.8,D,0
21.3762,92.4684,352.5,1,1,2007-04-03,0708,Aqua,MODIS,96,6.2,305.5,61.1,D,0
21.3777,92.4782,349.7,1,1,2007-04-03,0708,Aqua,MODIS,94,6.2,304.7,54.2,D,0
23.164,91.7847,327.5,1.1,1,2007-04-03,0708,Aqua,MODIS,66,6.2,301.4,16.1,D,0
23.1625,91.7746,349,1.1,1,2007-04-03,0708,Aqua,MODIS,94,6.2,300.8,53.2,D,0
23.1747,91.7931,334.8,1.1,1,2007-04-03,0708,Aqua,MODIS,85,6.2,299.3,27.8,D,0
23.1731,91.783,323.1,1.1,1,2007-04-03,0708,Aqua,MODIS,55,6.2,300.9,11.6,D,0
22.4205,92.4238,359.6,1,1,2007-04-03,0708,Aqua,MODIS,99,6.2,304.9,75,D,0
22.4191,92.414,336.4,1,1,2007-04-03,0708,Aqua,MODIS,85,6.2,305.7,25.7,D,0
22.431,92.4319,319,1,1,2007-04-03,0708,Aqua,MODIS,35,6.2,301.3,5.8,D,0
22.4296,92.4223,363.5,1,1,2007-04-03,0708,Aqua,MODIS,100,6.2,307.1,87.3,D,0
22.44,92.4303,326.3,1,1,2007-04-03,0708,Aqua,MODIS,74,6.2,302.5,13.8,D,0
22.4386,92.4207,367.6,1,1,2007-04-03,0708,Aqua,MODIS,100,6.2,307.1,99.9,D,0
22.1892,92.3509,339.6,1,1,2007-04-03,0708,Aqua,MODIS,88,6.2,304.9,31.6,D,0
22.1802,92.3526,323.4,1,1,2007-04-03,0708,Aqua,MODIS,69,6.2,303.4,9.4,D,0
23.5864,92.2583,321.8,1,1,2007-04-03,0708,Aqua,MODIS,69,6.2,301.4,11.5,D,0
23.5849,92.2487,341,1,1,2007-04-03,0708,Aqua,MODIS,89,6.2,301.9,38.2,D,0
23.5834,92.2388,327.7,1,1,2007-04-03,0708,Aqua,MODIS,78,6.2,300.5,18,D,0
23.6388,92.239,314.7,1,1,2007-04-03,0708,Aqua,MODIS,34,6.2,300.2,5.7,D,0
22.1665,92.3853,323.3,1,1,2007-04-03,0708,Aqua,MODIS,53,6.2,304.3,9.7,D,0
22.168,92.3953,321.4,1,1,2007-04-03,0708,Aqua,MODIS,38,6.2,303.3,8.1,D,0
22.1575,92.387,323.1,1,1,2007-04-03,0708,Aqua,MODIS,50,6.2,304,9.5,D,0
22.1485,92.3886,341.6,1,1,2007-04-03,0708,Aqua,MODIS,89,6.2,304.1,35.7,D,0
22.1019,92.3259,328,1,1,2007-04-03,0708,Aqua,MODIS,76,6.2,304.5,16.7,D,0
22.1034,92.3357,323.6,1,1,2007-04-03,0708,Aqua,MODIS,69,6.2,303.7,11.9,D,0
22.4371,92.4109,329,1,1,2007-04-03,0708,Aqua,MODIS,77,6.2,305.4,15.3,D,0
22.4476,92.4191,334.1,1,1,2007-04-03,0708,Aqua,MODIS,83,6.2,303.4,23.1,D,0
22.4461,92.4094,336.7,1,1,2007-04-03,0708,Aqua,MODIS,85,6.2,304.3,26.8,D,0
21.8436,92.2067,351.8,1,1,2007-04-03,0708,Aqua,MODIS,95,6.2,305.2,58.4,D,0
21.8451,92.2167,322.9,1,1,2007-04-03,0708,Aqua,MODIS,69,6.2,304,9.8,D,0
21.8361,92.2796,330.6,1,1,2007-04-03,0708,Aqua,MODIS,80,6.2,304.3,19.1,D,0
21.8376,92.2896,332.5,1,1,2007-04-03,0708,Aqua,MODIS,82,6.2,303.9,20.8,D,0
21.7869,92.2531,346.9,1,1,2007-04-03,0708,Aqua,MODIS,93,6.2,306,46.7,D,0
21.7884,92.2631,372.9,1,1,2007-04-03,0708,Aqua,MODIS,100,6.2,307.6,122,D,0
21.5345,92.4182,323.4,1,1,2007-04-03,0708,Aqua,MODIS,53,6.2,305.7,9.4,D,0
21.536,92.428,337.4,1,1,2007-04-03,0708,Aqua,MODIS,86,6.2,306.1,27.5,D,0
21.5375,92.438,365.4,1,1,2007-04-03,0708,Aqua,MODIS,100,6.2,307.8,91.7,D,0
23.1716,91.773,327.7,1.1,1,2007-04-03,0708,Aqua,MODIS,78,6.2,299.2,17.2,D,0
23.1989,91.7679,340.7,1.1,1,2007-04-03,0708,Aqua,MODIS,89,6.2,301.1,38.1,D,0
23.2327,91.7561,351.1,1.1,1,2007-04-03,0708,Aqua,MODIS,95,6.2,298.4,59.1,D,0
23.2418,91.7544,354.1,1.1,1,2007-04-03,0708,Aqua,MODIS,97,6.2,298.6,66.4,D,0
21.7685,92.5,400.8,1,1,2007-04-03,0708,Aqua,MODIS,100,6.2,312.3,254.7,D,0
21.77,92.5099,354.5,1,1,2007-04-03,0708,Aqua,MODIS,97,6.2,306.5,61,D,0
23.4429,92.2858,322.4,1,1,2007-04-03,0708,Aqua,MODIS,70,6.2,301.5,11.4,D,0
23.4414,92.2761,325.8,1,1,2007-04-03,0708,Aqua,MODIS,75,6.2,301.9,15.5,D,0
23.4519,92.2842,363.2,1,1,2007-04-03,0708,Aqua,MODIS,100,6.2,303.3,87.9,D,0
23.4504,92.2745,350.8,1,1,2007-04-03,0708,Aqua,MODIS,95,6.2,303.6,56.1,D,0
21.845,92.4609,322.7,1,1,2007-04-03,0708,Aqua,MODIS,67,6.2,307.8,8.9,D,0
21.8392,92.4777,344.7,1,1,2007-04-03,0708,Aqua,MODIS,91,6.2,307.3,38.9,D,0
21.8407,92.4876,365.7,1,1,2007-04-03,0708,Aqua,MODIS,100,6.2,307.5,93.7,D,0
23.352,92.2983,321.9,1,1,2007-04-03,0708,Aqua,MODIS,65,6.2,302.5,11,D,0
22.4787,92.504,361.9,1,1,2007-04-03,0708,Aqua,MODIS,100,6.2,304.5,81.1,D,0
23.0124,92.1231,331.2,1,1,2007-04-03,0708,Aqua,MODIS,81,6.2,300.6,21.2,D,0
23.0048,92.0734,324.9,1,1,2007-04-03,0708,Aqua,MODIS,45,6.2,301,12.3,D,0
23.0154,92.0818,330.1,1,1,2007-04-03,0708,Aqua,MODIS,72,6.2,299.9,18.4,D,0
23.0139,92.0718,330.5,1,1,2007-04-03,0708,Aqua,MODIS,74,6.2,301.8,19.2,D,0
23.3934,92.3248,399.1,1,1,2007-04-03,0708,Aqua,MODIS,100,6.2,312.7,243.5,D,0
23.3833,92.323,379.2,1,1,2007-04-03,0708,Aqua,MODIS,100,6.2,308.8,142.7,D,0
21.7658,92.175,324.1,1,1,2007-04-03,0708,Aqua,MODIS,71,6.2,304.2,11.1,D,0
21.8405,92.1252,317.1,1.1,1,2007-04-03,0708,Aqua,MODIS,48,6.2,303.4,5.5,D,0
21.839,92.1151,322.7,1.1,1,2007-04-03,0708,Aqua,MODIS,68,6.2,303.8,11.3,D,0
22.4681,92.3076,320,1,1,2007-04-03,0708,Aqua,MODIS,61,6.2,302.9,7.6,D,0
22.4464,92.2877,362.4,1,1,2007-04-03,0708,Aqua,MODIS,100,6.2,305.5,86.4,D,0
22.4479,92.2977,352.1,1,1,2007-04-03,0708,Aqua,MODIS,96,6.2,303.3,58.4,D,0
22.4389,92.2993,318.6,1,1,2007-04-03,0708,Aqua,MODIS,57,6.2,302.8,6.6,D,0
22.4118,92.2428,327.8,1,1,2007-04-03,0708,Aqua,MODIS,77,6.2,302.5,17.3,D,0
22.4133,92.2527,343,1,1,2007-04-03,0708,Aqua,MODIS,90,6.2,303.4,41.2,D,0
22.3907,92.2872,338.3,1,1,2007-04-03,0708,Aqua,MODIS,87,6.2,304.3,30.3,D,0
22.3922,92.2972,335.3,1,1,2007-04-03,0708,Aqua,MODIS,84,6.2,303.3,25.4,D,0
23.0362,92.3421,328.7,1,1,2007-04-03,0708,Aqua,MODIS,79,6.2,303.5,18.1,D,0
21.8724,92.1503,348.2,1,1,2007-04-03,0708,Aqua,MODIS,93,6.2,306,51,D,0
22.893,92.3093,347.7,1,1,2007-04-03,0708,Aqua,MODIS,93,6.2,302.7,50.9,D,0
22.8944,92.319,345.4,1,1,2007-04-03,0708,Aqua,MODIS,92,6.2,302.6,46.4,D,0
21.6566,92.1904,327.5,1,1,2007-04-03,0708,Aqua,MODIS,76,6.2,305.6,14.3,D,0
21.6581,92.2004,336.4,1,1,2007-04-03,0708,Aqua,MODIS,85,6.2,305.3,26.7,D,0
21.6475,92.1921,360.1,1,1,2007-04-03,0708,Aqua,MODIS,100,6.2,307.7,79.8,D,0
21.649,92.2021,396.8,1,1,2007-04-03,0708,Aqua,MODIS,100,6.2,310.2,238,D,0
21.6137,92.2039,335.1,1,1,2007-04-03,0708,Aqua,MODIS,84,6.2,304.8,25.4,D,0
21.5742,92.3744,345.2,1,1,2007-04-03,0708,Aqua,MODIS,92,6.2,303.8,43.3,D,0
21.6122,92.1939,337.4,1.1,1,2007-04-03,0708,Aqua,MODIS,86,6.2,305.6,29.5,D,0
21.8345,92.3919,328,1,1,2007-04-03,0708,Aqua,MODIS,76,6.2,306.6,14.7,D,0
23.4373,92.1244,328.3,1,1,2007-04-03,0708,Aqua,MODIS,79,6.2,300,19.8,D,0
23.4358,92.1145,367.4,1,1,2007-04-03,0708,Aqua,MODIS,100,6.2,303.1,103.5,D,0
23.4328,92.0946,375.5,1,1,2007-04-03,0708,Aqua,MODIS,100,6.2,302.3,132.2,D,0
23.3787,92.1043,321.6,1,1,2007-04-03,0708,Aqua,MODIS,69,6.2,300.8,11,D,0
23.3711,92.0547,317.8,1,1,2007-04-03,0708,Aqua,MODIS,56,6.2,300.3,6.2,D,0
23.3696,92.0447,319.9,1,1,2007-04-03,0708,Aqua,MODIS,64,6.2,299.8,8.2,D,0
23.3802,92.0531,349.4,1,1,2007-04-03,0708,Aqua,MODIS,94,6.2,302.7,52.8,D,0
23.3787,92.0431,330.5,1,1,2007-04-03,0708,Aqua,MODIS,80,6.2,300.3,19.7,D,0
23.3952,92.0911,328.3,1,1,2007-04-03,0708,Aqua,MODIS,79,6.2,299,18.2,D,0
23.3922,92.0713,327,1,1,2007-04-03,0708,Aqua,MODIS,69,6.2,300.6,16.1,D,0
23.3907,92.0613,359.4,1,1,2007-04-03,0708,Aqua,MODIS,99,6.2,302,77.5,D,0
23.3892,92.0514,371.5,1,1,2007-04-03,0708,Aqua,MODIS,100,6.2,303.4,115.8,D,0
23.3877,92.0414,328.6,1,1,2007-04-03,0708,Aqua,MODIS,76,6.2,298.5,17.2,D,0
23.3997,92.0597,336.1,1,1,2007-04-03,0708,Aqua,MODIS,86,6.2,298.2,28.8,D,0
23.3982,92.0498,352,1,1,2007-04-03,0708,Aqua,MODIS,96,6.2,301.1,59.4,D,0
21.8511,92.3788,340,1,1,2007-04-03,0708,Aqua,MODIS,88,6.2,307.1,32.1,D,0
21.8497,92.3693,372.1,1,1,2007-04-03,0708,Aqua,MODIS,100,6.2,307.8,116.3,D,0
21.8602,92.3771,324.2,1,1,2007-04-03,0708,Aqua,MODIS,71,6.2,302.9,9.9,D,0
21.8587,92.3675,374.2,1,1,2007-04-03,0708,Aqua,MODIS,100,6.2,305.9,125.1,D,0
21.8677,92.3658,336.1,1,1,2007-04-03,0708,Aqua,MODIS,85,6.2,304.7,26.8,D,0
21.8768,92.3641,348.3,1,1,2007-04-03,0708,Aqua,MODIS,93,6.2,304.8,49.1,D,0
22.3741,92.4173,325.3,1,1,2007-04-03,0708,Aqua,MODIS,54,6.2,303.3,10.5,D,0
22.3756,92.4272,390.7,1,1,2007-04-03,0708,Aqua,MODIS,100,6.2,310.1,195.9,D,0
23.5776,92.0156,325.3,1,1,2007-04-03,0708,Aqua,MODIS,75,6.2,300.2,16.8,D,0
23.4313,92.0846,339.2,1,1,2007-04-03,0708,Aqua,MODIS,88,6.2,300.4,34.7,D,0
23.4418,92.0929,315.8,1,1,2007-04-03,0708,Aqua,MODIS,15,6.2,296.8,6.1,D,0
23.4329,92.0333,363.4,1,1,2007-04-03,0708,Aqua,MODIS,100,6.2,303.3,90.9,D,0
23.4314,92.0233,328.8,1,1,2007-04-03,0708,Aqua,MODIS,79,6.2,300.7,18.9,D,0
23.4415,92.0363,343.9,1,1,2007-04-03,0708,Aqua,MODIS,91,6.2,300.2,43.6,D,0
23.44,92.0264,350.4,1,1,2007-04-03,0708,Aqua,MODIS,95,6.2,304.4,56.9,D,0
23.4354,91.9964,330.5,1,1,2007-04-03,0708,Aqua,MODIS,81,6.2,299.1,21.5,D,0
23.4566,92.0131,335.3,1,1,2007-04-03,0708,Aqua,MODIS,85,6.2,298.1,28.8,D,0
23.3952,92.1524,388.4,1,1,2007-04-03,0708,Aqua,MODIS,100,6.2,303.9,187.8,D,0
23.3937,92.1424,351.2,1,1,2007-04-03,0708,Aqua,MODIS,95,6.2,303.1,56.9,D,0
23.3922,92.1324,329.4,1,1,2007-04-03,0708,Aqua,MODIS,65,6.2,302.3,18.4,D,0
23.4042,92.1507,318.2,1,1,2007-04-03,0708,Aqua,MODIS,44,6.2,298,7.5,D,0
22.3651,92.4189,329.8,1,1,2007-04-03,0708,Aqua,MODIS,74,6.2,303.4,15.7,D,0
22.3666,92.4288,355.9,1,1,2007-04-03,0708,Aqua,MODIS,98,6.2,305.2,65.7,D,0
22.3725,92.468,374.2,1,1,2007-04-03,0708,Aqua,MODIS,100,6.2,302.8,122.4,D,0
22.3546,92.4106,340.5,1,1,2007-04-03,0708,Aqua,MODIS,88,6.2,304.1,33.4,D,0
22.3561,92.4205,362.5,1,1,2007-04-03,0708,Aqua,MODIS,100,6.2,305.8,82.4,D,0
22.3576,92.4303,356.6,1,1,2007-04-03,0708,Aqua,MODIS,98,6.2,304.4,66.6,D,0
22.3591,92.4402,349.1,1,1,2007-04-03,0708,Aqua,MODIS,94,6.2,303.5,48.4,D,0
22.3605,92.4501,365.1,1,1,2007-04-03,0708,Aqua,MODIS,100,6.2,303.9,88.6,D,0
22.362,92.4598,375.6,1,1,2007-04-03,0708,Aqua,MODIS,100,6.2,303.3,127.7,D,0
22.3456,92.4123,355.4,1,1,2007-04-03,0708,Aqua,MODIS,97,6.2,305.8,64.5,D,0
22.3471,92.4221,369.9,1,1,2007-04-03,0708,Aqua,MODIS,100,6.2,306.6,105.8,D,0
22.3486,92.4319,389.6,1,1,2007-04-03,0708,Aqua,MODIS,100,6.2,307.8,189.8,D,0
22.3501,92.4418,360.7,1,1,2007-04-03,0708,Aqua,MODIS,100,6.2,304.1,77.2,D,0
22.3516,92.4518,376.5,1,1,2007-04-03,0708,Aqua,MODIS,100,6.2,305.5,131,D,0
22.353,92.4615,421.9,1,1,2007-04-03,0708,Aqua,MODIS,100,6.2,309.9,408.9,D,0
22.3366,92.4139,360.3,1,1,2007-04-03,0708,Aqua,MODIS,100,6.2,307.6,77.7,D,0
22.3381,92.4237,359.2,1,1,2007-04-03,0708,Aqua,MODIS,99,6.2,306.5,74.2,D,0
22.3396,92.4335,363.5,1,1,2007-04-03,0708,Aqua,MODIS,100,6.2,303.5,85.7,D,0
21.9991,92.3087,322.7,1.8,1.3,2007-04-03,1917,Aqua,MODIS,100,6.2,293.5,46.1,N,0
22.0008,92.2936,331,1.8,1.3,2007-04-03,1917,Aqua,MODIS,100,6.2,293.7,68.7,N,0
25.4721,89.6505,320.6,1,1,2007-04-04,0441,Terra,MODIS,23,6.2,307,10.5,D,0
22.9757,89.5334,318.6,1,1,2007-04-04,0442,Terra,MODIS,44,6.2,304.1,7.9,D,0
22.0618,92.2646,322.4,1.1,1.1,2007-04-04,0442,Terra,MODIS,73,6.2,301.6,13.7,D,0
22.0601,92.2751,337.6,1.1,1.1,2007-04-04,0442,Terra,MODIS,88,6.2,302.5,36.6,D,0
21.925,92.3258,335.5,1.1,1.1,2007-04-04,0442,Terra,MODIS,86,6.2,302.7,33.3,D,0
22.0491,92.284,362.7,1.1,1.1,2007-04-04,0442,Terra,MODIS,100,6.2,303.8,99.2,D,0
22.0472,92.2953,328.2,1.1,1.1,2007-04-04,0442,Terra,MODIS,80,6.2,301.8,21.3,D,0
22.0033,92.5635,331.5,1.1,1.1,2007-04-04,0442,Terra,MODIS,82,6.2,305.3,25.3,D,0
21.9999,92.5568,332.3,1.1,1.1,2007-04-04,0442,Terra,MODIS,83,6.2,305,28.7,D,0
22.5451,92.373,321.5,1.1,1.1,2007-04-04,0442,Terra,MODIS,71,6.2,298.4,11.4,D,0
22.5357,92.3713,318.9,1.1,1.1,2007-04-04,0442,Terra,MODIS,57,6.2,299,8.4,D,0
23.0188,91.8352,317.6,1.1,1,2007-04-04,0442,Terra,MODIS,67,6.2,293.1,9.9,D,0
22.0445,92.2766,325.3,1.1,1.1,2007-04-04,0442,Terra,MODIS,77,6.2,301.7,17.6,D,0
21.9981,92.5675,327.1,1.1,1.1,2007-04-04,0442,Terra,MODIS,78,6.2,305.7,20.2,D,0
22.0508,92.2733,327,1.1,1.1,2007-04-04,0442,Terra,MODIS,79,6.2,302.2,18.9,D,0
22.0428,92.2875,332.3,1.1,1.1,2007-04-04,0442,Terra,MODIS,84,6.2,301.7,28,D,0
21.8344,92.3148,320.8,1.1,1.1,2007-04-04,0442,Terra,MODIS,71,6.2,303.1,11.3,D,0
21.8361,92.3041,324.2,1.1,1.1,2007-04-04,0442,Terra,MODIS,76,6.2,302.9,15.5,D,0
21.4742,92.5771,316.5,3.6,1.8,2007-04-04,0750,Aqua,MODIS,66,6.2,298.9,40.7,D,0
21.46,92.2976,330.2,3.5,1.8,2007-04-04,0750,Aqua,MODIS,83,6.2,296,128.1,D,0
21.5753,92.4165,320.9,3.6,1.8,2007-04-04,0750,Aqua,MODIS,69,6.2,300.1,51.6,D,0
21.4489,92.3064,315.4,3.5,1.8,2007-04-04,0750,Aqua,MODIS,57,6.2,296.4,37.1,D,0
21.5304,92.4544,319.7,3.6,1.8,2007-04-04,0750,Aqua,MODIS,71,6.2,299.4,53.5,D,0
21.5276,92.4213,328.6,3.6,1.8,2007-04-04,0750,Aqua,MODIS,82,6.2,299.2,113.1,D,0
21.4261,92.5828,335.4,3.6,1.8,2007-04-04,0750,Aqua,MODIS,87,6.2,299.9,177.4,D,0
21.4803,92.5292,329,3.6,1.8,2007-04-04,0750,Aqua,MODIS,82,6.2,299,122.7,D,0
21.4615,92.4405,321.3,3.6,1.8,2007-04-04,0750,Aqua,MODIS,74,6.2,298.6,64.7,D,0
21.4707,92.5396,333.7,3.6,1.8,2007-04-04,0750,Aqua,MODIS,86,6.2,299.3,163.9,D,0
21.4356,92.5736,327,3.6,1.8,2007-04-04,0750,Aqua,MODIS,80,6.2,299.6,104.2,D,0
21.4838,92.5684,325.7,3.6,1.8,2007-04-04,0750,Aqua,MODIS,79,6.2,299.1,98.6,D,0
21.4914,92.294,313.7,3.5,1.8,2007-04-04,0750,Aqua,MODIS,54,6.2,293.3,24,D,0
21.4195,92.5742,326.4,3.6,1.8,2007-04-04,0750,Aqua,MODIS,79,6.2,299.9,97.3,D,0
21.4818,92.2574,327.2,3.4,1.7,2007-04-04,0750,Aqua,MODIS,80,6.2,292.8,104,D,0
21.4885,92.2617,325.3,3.4,1.7,2007-04-04,0750,Aqua,MODIS,78,6.2,292.4,91.3,D,0
21.5355,92.4257,333,3.6,1.8,2007-04-04,0750,Aqua,MODIS,85,6.2,299.6,148.4,D,0
21.4228,92.545,327.3,3.6,1.8,2007-04-04,0750,Aqua,MODIS,80,6.2,299.5,108.6,D,0
21.4718,92.4313,320.3,3.6,1.8,2007-04-04,0750,Aqua,MODIS,72,6.2,298.2,61.8,D,0
23.3766,92.3205,357.3,3.7,1.8,2007-04-04,0751,Aqua,MODIS,98,6.2,296.1,475.8,D,0
22.6859,92.4711,326,3.7,1.8,2007-04-04,0751,Aqua,MODIS,75,6.2,295.3,99.7,D,0
22.674,92.4438,319.6,3.7,1.8,2007-04-04,0751,Aqua,MODIS,69,6.2,296.6,59.8,D,0
22.4904,92.4021,319.1,3.6,1.8,2007-04-04,0751,Aqua,MODIS,68,6.2,298.4,50.4,D,0
21.6863,92.3589,324.6,3.5,1.8,2007-04-04,0751,Aqua,MODIS,55,6.2,299.1,69,D,0
22.8681,92.299,318.2,3.6,1.8,2007-04-04,0751,Aqua,MODIS,37,6.2,290.7,55.8,D,0
21.6909,92.3304,330,3.5,1.8,2007-04-04,0751,Aqua,MODIS,81,6.2,299.1,102.1,D,0
22.1136,92.3945,330.5,3.6,1.8,2007-04-04,0751,Aqua,MODIS,82,6.2,295.9,133.6,D,0
22.1077,92.3269,317.7,3.6,1.8,2007-04-04,0751,Aqua,MODIS,64,6.2,294.4,43.6,D,0
22.1585,92.3564,335.7,3.6,1.8,2007-04-04,0751,Aqua,MODIS,86,6.2,298.9,175,D,0
22.6771,92.4803,324.3,3.7,1.8,2007-04-04,0751,Aqua,MODIS,76,6.2,295.3,92.7,D,0
22.1716,92.3827,316.7,3.6,1.8,2007-04-04,0751,Aqua,MODIS,47,6.2,298.5,37.2,D,0
22.1687,92.3484,329.5,3.6,1.8,2007-04-04,0751,Aqua,MODIS,81,6.2,299.1,122.7,D,0
21.6593,92.3337,320.7,3.5,1.8,2007-04-04,0751,Aqua,MODIS,47,6.2,299.8,44.9,D,0
21.6622,92.3662,325.4,3.5,1.8,2007-04-04,0751,Aqua,MODIS,79,6.2,299.8,78.3,D,0
21.8705,92.5026,323.5,3.6,1.8,2007-04-04,0751,Aqua,MODIS,44,6.2,297.2,66.9,D,0
23.3805,92.2907,330.9,3.7,1.8,2007-04-04,0751,Aqua,MODIS,82,6.2,295.1,150.6,D,0
21.9963,92.5544,327,3.7,1.8,2007-04-04,0751,Aqua,MODIS,80,6.2,299,111.7,D,0
21.8677,92.4711,323.4,3.6,1.8,2007-04-04,0751,Aqua,MODIS,61,6.2,298.8,66.8,D,0
21.9269,92.3191,330.8,3.5,1.8,2007-04-04,0751,Aqua,MODIS,83,6.2,298,129.2,D,0
21.9242,92.2875,328.5,3.5,1.8,2007-04-04,0751,Aqua,MODIS,81,6.2,297.9,112.1,D,0
22.6034,92.2813,316.5,3.6,1.8,2007-04-04,0751,Aqua,MODIS,47,6.2,295.3,43,D,0
21.6873,92.5664,348.4,3.7,1.8,2007-04-04,0751,Aqua,MODIS,94,6.2,300,327.1,D,0
23.6649,92.0669,327.6,3.6,1.8,2007-04-04,0751,Aqua,MODIS,78,6.2,292.6,124.8,D,0
23.657,92.0618,319.7,3.6,1.8,2007-04-04,0751,Aqua,MODIS,65,6.2,292.6,73.1,D,0
21.8209,92.3043,318.7,3.5,1.8,2007-04-04,0751,Aqua,MODIS,70,6.2,299.3,42.2,D,0
21.8617,92.4996,325.9,3.6,1.8,2007-04-04,0751,Aqua,MODIS,38,6.2,298.3,81.6,D,0
22.2872,92.1868,325,3.5,1.8,2007-04-04,0751,Aqua,MODIS,53,6.2,296.1,84,D,0
22.289,92.16,320.5,3.5,1.8,2007-04-04,0751,Aqua,MODIS,34,6.2,296.2,60.1,D,0
21.6964,92.5701,363,3.7,1.8,2007-04-04,0751,Aqua,MODIS,100,6.2,300.6,564.7,D,0
23.6654,92.168,321.9,3.6,1.8,2007-04-04,0751,Aqua,MODIS,69,6.2,293.8,91,D,0
22.6607,91.9323,315.5,3.4,1.7,2007-04-04,0751,Aqua,MODIS,54,6.2,292.8,42.6,D,0
23.3028,92.3348,314.3,3.7,1.8,2007-04-04,0751,Aqua,MODIS,48,6.2,290.6,45.4,D,0
22.292,92.1935,321.1,3.5,1.8,2007-04-04,0751,Aqua,MODIS,55,6.2,295.5,61.2,D,0
22.438,92.1671,314.6,3.5,1.8,2007-04-04,0751,Aqua,MODIS,56,6.2,293.4,36.7,D,0
23.347,92.0837,319.6,3.5,1.8,2007-04-04,0751,Aqua,MODIS,26,6.2,295.2,53,D,0
21.7777,92.4871,337.1,3.6,1.8,2007-04-04,0751,Aqua,MODIS,88,6.2,298.6,183.7,D,0
21.7937,92.4846,369.4,3.6,1.8,2007-04-04,0751,Aqua,MODIS,100,6.2,301.8,665.1,D,0
21.8098,92.4836,336.4,3.6,1.8,2007-04-04,0751,Aqua,MODIS,82,6.2,301.7,168.6,D,0
22.1798,92.4809,315.5,3.7,1.8,2007-04-04,0751,Aqua,MODIS,59,6.2,297.6,39.3,D,0
21.7716,92.4809,338.1,3.6,1.8,2007-04-04,0751,Aqua,MODIS,86,6.2,299.9,187.2,D,0
23.4713,91.99,327.8,3.5,1.8,2007-04-04,0751,Aqua,MODIS,73,6.2,293.5,106,D,0
23.36,92.0487,333,3.5,1.8,2007-04-04,0751,Aqua,MODIS,84,6.2,295.2,149.3,D,0
23.3916,92.0453,326.2,3.5,1.8,2007-04-04,0751,Aqua,MODIS,52,6.2,294.9,93,D,0
21.7875,92.4784,366.6,3.6,1.8,2007-04-04,0751,Aqua,MODIS,100,6.2,301.3,606.1,D,0
21.8035,92.4764,353.3,3.6,1.8,2007-04-04,0751,Aqua,MODIS,97,6.2,302.1,376.8,D,0
21.7123,92.2889,337.3,3.5,1.8,2007-04-04,0751,Aqua,MODIS,88,6.2,297.8,169.8,D,0
23.5187,91.9855,334.7,3.5,1.8,2007-04-04,0751,Aqua,MODIS,83,6.2,294.7,157.8,D,0
22.5612,92.3528,321.6,3.6,1.8,2007-04-04,0751,Aqua,MODIS,63,6.2,298,64.8,D,0
23.5503,91.9827,322.6,3.5,1.8,2007-04-04,0751,Aqua,MODIS,34,6.2,293.7,71.2,D,0
22.5585,92.3202,318.1,3.6,1.8,2007-04-04,0751,Aqua,MODIS,29,6.2,296.9,43.2,D,0
22.5773,92.351,332.4,3.6,1.8,2007-04-04,0751,Aqua,MODIS,84,6.2,296.4,145.7,D,0
23.3441,92.0502,320.2,3.5,1.8,2007-04-04,0751,Aqua,MODIS,64,6.2,295.3,61.4,D,0
22.5687,92.347,335.1,3.6,1.8,2007-04-04,0751,Aqua,MODIS,86,6.2,297.9,167.1,D,0
21.8228,92.4491,330.3,3.6,1.8,2007-04-04,0751,Aqua,MODIS,83,6.2,300.7,114.4,D,0
22.0487,92.3016,325.4,3.5,1.8,2007-04-04,0751,Aqua,MODIS,76,6.2,296.5,88.2,D,0
22.6599,91.9568,320,3.4,1.7,2007-04-04,0751,Aqua,MODIS,69,6.2,291.3,66.4,D,0
22.0455,92.266,333.4,3.5,1.8,2007-04-04,0751,Aqua,MODIS,84,6.2,297.7,148,D,0
23.6741,92.1726,321.3,3.6,1.8,2007-04-04,0751,Aqua,MODIS,69,6.2,293.4,85.5,D,0
22.4884,92.1965,320.4,3.5,1.8,2007-04-04,0751,Aqua,MODIS,61,6.2,294.4,69.8,D,0
21.632,92.5767,326.8,3.7,1.8,2007-04-04,0751,Aqua,MODIS,80,6.2,299.6,109.8,D,0
22.0382,92.2626,325.2,3.5,1.8,2007-04-04,0751,Aqua,MODIS,30,6.2,297.4,77,D,0
21.8925,92.5685,322.6,3.7,1.8,2007-04-04,0751,Aqua,MODIS,56,6.2,295.5,74.6,D,0
23.5661,91.9813,336.3,3.5,1.8,2007-04-04,0751,Aqua,MODIS,86,6.2,292.8,176.1,D,0
23.2278,92.1009,314.2,3.5,1.8,2007-04-04,0751,Aqua,MODIS,49,6.2,291.7,36.4,D,0
21.8894,92.5337,371.7,3.7,1.8,2007-04-04,0751,Aqua,MODIS,100,6.2,298.6,730.6,D,0
21.8866,92.5014,329.3,3.6,1.8,2007-04-04,0751,Aqua,MODIS,64,6.2,297.1,110.7,D,0
21.8832,92.5645,326.2,3.7,1.8,2007-04-04,0751,Aqua,MODIS,73,6.2,295.8,100.6,D,0
21.8801,92.5269,341.1,3.7,1.8,2007-04-04,0751,Aqua,MODIS,90,6.2,296.8,230,D,0
21.8994,92.5629,322.7,3.7,1.8,2007-04-04,0751,Aqua,MODIS,75,6.2,295.6,79.6,D,0
21.9892,92.546,324.3,3.7,1.8,2007-04-04,0751,Aqua,MODIS,75,6.2,299,93.2,D,0
21.8962,92.525,353.8,3.7,1.8,2007-04-04,0751,Aqua,MODIS,97,6.2,297.5,400.1,D,0
21.8938,92.4964,331,3.6,1.8,2007-04-04,0751,Aqua,MODIS,83,6.2,297.4,130.1,D,0
22.0569,92.2954,324.6,3.5,1.8,2007-04-04,0751,Aqua,MODIS,76,6.2,296.6,84.1,D,0
22.054,92.2603,322.6,3.5,1.8,2007-04-04,0751,Aqua,MODIS,52,6.2,297.6,66.2,D,0
23.5613,91.9738,331.8,3.5,1.8,2007-04-04,0751,Aqua,MODIS,82,6.2,293,139,D,0
21.7754,92.2826,345.2,3.5,1.8,2007-04-04,0751,Aqua,MODIS,93,6.2,297.7,264.4,D,0
21.5882,92.3813,320.6,3.5,1.8,2007-04-04,0751,Aqua,MODIS,73,6.2,299.3,49.9,D,0
21.9492,92.389,318.5,3.6,1.8,2007-04-04,0751,Aqua,MODIS,70,6.2,297.7,48.8,D,0
21.5856,92.408,323.9,3.6,1.8,2007-04-04,0751,Aqua,MODIS,58,6.2,300.2,67.4,D,0
21.9434,92.3822,318.7,3.6,1.8,2007-04-04,0751,Aqua,MODIS,57,6.2,297.5,47.1,D,0
21.7724,92.2496,324.6,3.5,1.8,2007-04-04,0751,Aqua,MODIS,78,6.2,298.1,79.4,D,0
23.3369,91.7816,318.1,3.4,1.7,2007-04-04,0751,Aqua,MODIS,63,6.2,295.4,47.3,D,0
22.1166,92.4293,324.8,3.6,1.8,2007-04-04,0751,Aqua,MODIS,76,6.2,295.9,94.4,D,0
22.0679,92.3362,319.3,3.6,1.8,2007-04-04,0751,Aqua,MODIS,67,6.2,295.9,50.9,D,0
21.6878,92.2969,329.6,3.5,1.8,2007-04-04,0751,Aqua,MODIS,78,6.2,298.6,97.3,D,0
21.7194,92.2934,335.4,3.5,1.8,2007-04-04,0751,Aqua,MODIS,87,6.2,297.8,149.6,D,0
21.7706,92.2755,347.1,3.5,1.8,2007-04-04,0751,Aqua,MODIS,94,6.2,298,286.7,D,0
21.6993,92.3242,329,3.5,1.8,2007-04-04,0751,Aqua,MODIS,64,6.2,298.7,97,D,0
23.6303,91.927,315.6,3.5,1.8,2007-04-04,0751,Aqua,MODIS,42,6.2,293.7,43.1,D,0
23.3455,91.8802,314,3.4,1.7,2007-04-04,0751,Aqua,MODIS,45,6.2,294.7,31.2,D,0
23.2331,92.108,315.6,3.5,1.8,2007-04-04,0751,Aqua,MODIS,45,6.2,291.8,41.3,D,0
21.7747,92.453,364.5,3.6,1.8,2007-04-04,0751,Aqua,MODIS,100,6.2,303.3,564.8,D,0
21.7907,92.4515,341.6,3.6,1.8,2007-04-04,0751,Aqua,MODIS,91,6.2,301.1,220.2,D,0
21.7874,92.4144,326.9,3.6,1.8,2007-04-04,0751,Aqua,MODIS,47,6.2,300.5,82.4,D,0
21.8067,92.4502,335.4,3.6,1.8,2007-04-04,0751,Aqua,MODIS,87,6.2,301.5,157.3,D,0
21.8195,92.4135,323.3,3.6,1.8,2007-04-04,0751,Aqua,MODIS,55,6.2,299.7,59.5,D,0
21.7847,92.4449,340.2,3.6,1.8,2007-04-04,0751,Aqua,MODIS,90,6.2,301.4,203.4,D,0
21.8167,92.4422,347.1,3.6,1.8,2007-04-04,0751,Aqua,MODIS,94,6.2,301.6,282.9,D,0
23.3675,92.3295,325.4,3.7,1.8,2007-04-04,0751,Aqua,MODIS,76,6.2,295.1,110.6,D,0
23.6373,91.932,316,3.5,1.8,2007-04-04,0751,Aqua,MODIS,37,6.2,293.9,43.8,D,0
22.06,92.3319,321.9,3.6,1.8,2007-04-04,0751,Aqua,MODIS,58,6.2,296.2,64.4,D,0
21.6965,92.2907,327.3,3.5,1.8,2007-04-04,0751,Aqua,MODIS,56,6.2,298.1,83.9,D,0
21.8663,92.3588,318.7,3.6,1.8,2007-04-04,0751,Aqua,MODIS,70,6.2,298.4,46.6,D,0
22.2749,92.3663,316.2,3.6,1.8,2007-04-04,0751,Aqua,MODIS,63,6.2,297.9,35.7,D,0
21.6291,92.5421,322.9,3.6,1.8,2007-04-04,0751,Aqua,MODIS,76,6.2,299.7,77.9,D,0
21.6356,92.5487,320.3,3.6,1.8,2007-04-04,0751,Aqua,MODIS,66,6.2,299.1,58.1,D,0
21.7687,92.4464,340.1,3.6,1.8,2007-04-04,0751,Aqua,MODIS,90,6.2,301.6,201.6,D,0
23.4741,92.0244,332.1,3.5,1.8,2007-04-04,0751,Aqua,MODIS,80,6.2,294.2,144.7,D,0
23.4627,91.9962,332.6,3.5,1.8,2007-04-04,0751,Aqua,MODIS,83,6.2,295,149.1,D,0
22.7288,92.3975,318.7,3.7,1.8,2007-04-04,0751,Aqua,MODIS,63,6.2,296,58.5,D,0
22.622,92.4908,318.6,3.7,1.8,2007-04-04,0751,Aqua,MODIS,49,6.2,296.9,43.3,D,0
22.6349,92.4523,316.9,3.7,1.8,2007-04-04,0751,Aqua,MODIS,15,6.2,296.2,35.6,D,0
22.6285,92.4847,317.9,3.7,1.8,2007-04-04,0751,Aqua,MODIS,56,6.2,296.7,40.2,D,0
22.6255,92.4479,318.1,3.7,1.8,2007-04-04,0751,Aqua,MODIS,51,6.2,297.2,43.7,D,0
21.8743,92.3655,320.8,3.6,1.8,2007-04-04,0751,Aqua,MODIS,73,6.2,298.5,59,D,0
21.6195,92.5503,319.2,3.6,1.8,2007-04-04,0751,Aqua,MODIS,60,6.2,299.4,50,D,0
21.3049,92.1741,346.5,1.5,1.2,2007-04-05,0655,Aqua,MODIS,93,6.2,306.7,81.2,D,0
21.6982,92.5272,345.4,1.4,1.2,2007-04-05,0655,Aqua,MODIS,92,6.2,307.9,68.2,D,0
21.7051,92.5682,339.9,1.4,1.2,2007-04-05,0655,Aqua,MODIS,88,6.2,308.5,50.6,D,0
21.8955,92.3154,367.4,1.5,1.2,2007-04-05,0655,Aqua,MODIS,100,6.2,301.4,171.6,D,0
21.961,92.5721,326.2,1.4,1.2,2007-04-05,0655,Aqua,MODIS,74,6.2,306.6,24,D,0
21.9224,92.4082,344.1,1.4,1.2,2007-04-05,0655,Aqua,MODIS,91,6.2,303,69.6,D,0
21.5801,92.5711,359.2,1.4,1.2,2007-04-05,0655,Aqua,MODIS,99,6.2,310.9,119.1,D,0
21.5735,92.5319,326.8,1.4,1.2,2007-04-05,0655,Aqua,MODIS,58,6.2,306.5,22.7,D,0
21.5884,92.556,325.9,1.4,1.2,2007-04-05,0655,Aqua,MODIS,64,6.2,308.1,18.7,D,0
21.7674,92.1697,346.6,1.5,1.2,2007-04-05,0655,Aqua,MODIS,93,6.2,304,78.5,D,0
21.7781,92.1675,331.8,1.5,1.2,2007-04-05,0655,Aqua,MODIS,81,6.2,303.7,35.5,D,0
21.7756,92.1532,345,1.5,1.2,2007-04-05,0655,Aqua,MODIS,92,6.2,305.6,73.7,D,0
21.7913,92.1796,319.8,1.5,1.2,2007-04-05,0655,Aqua,MODIS,60,6.2,302.7,12.4,D,0
21.7888,92.1655,322.5,1.5,1.2,2007-04-05,0655,Aqua,MODIS,69,6.2,304,17.5,D,0
22.0893,92.4924,320.3,1.4,1.2,2007-04-05,0655,Aqua,MODIS,59,6.2,302.8,14.1,D,0
21.6878,92.5294,323,1.4,1.2,2007-04-05,0655,Aqua,MODIS,42,6.2,307.5,13.6,D,0
21.5818,92.2942,327.1,1.5,1.2,2007-04-05,0655,Aqua,MODIS,76,6.2,304.5,24.4,D,0
21.3953,92.5076,331.3,1.5,1.2,2007-04-05,0655,Aqua,MODIS,81,6.2,302.5,37.2,D,0
21.3929,92.4932,333.7,1.5,1.2,2007-04-05,0655,Aqua,MODIS,83,6.2,305,42.9,D,0
21.5965,92.5399,332.8,1.4,1.2,2007-04-05,0655,Aqua,MODIS,78,6.2,307.8,33.4,D,0
21.9013,92.4125,353.6,1.4,1.2,2007-04-05,0655,Aqua,MODIS,96,6.2,305.6,100.5,D,0
22.0959,92.5308,338.3,1.4,1.2,2007-04-05,0655,Aqua,MODIS,87,6.2,296.1,50.9,D,0
21.5924,92.2916,327.1,1.5,1.2,2007-04-05,0655,Aqua,MODIS,76,6.2,304.8,25.1,D,0
21.8701,92.2318,322.6,1.5,1.2,2007-04-05,0655,Aqua,MODIS,69,6.2,303.8,18.3,D,0
21.6008,92.2763,321.3,1.5,1.2,2007-04-05,0655,Aqua,MODIS,65,6.2,305.1,14.8,D,0
21.6038,92.2295,319.2,1.5,1.2,2007-04-05,0655,Aqua,MODIS,60,6.2,302.7,12.7,D,0
21.6013,92.2151,335.6,1.5,1.2,2007-04-05,0655,Aqua,MODIS,85,6.2,303.3,48.6,D,0
21.6012,92.5677,328.2,1.4,1.2,2007-04-05,0655,Aqua,MODIS,62,6.2,304.8,23.5,D,0
21.8215,92.4196,326.1,1.4,1.2,2007-04-05,0655,Aqua,MODIS,74,6.2,303.3,19.7,D,0
21.3776,92.5955,319.2,1.4,1.2,2007-04-05,0655,Aqua,MODIS,53,6.2,303.7,14.2,D,0
21.38,92.6092,319.9,1.4,1.2,2007-04-05,0655,Aqua,MODIS,60,6.2,303.2,14.8,D,0
21.6495,92.4959,337.5,1.4,1.2,2007-04-05,0655,Aqua,MODIS,86,6.2,305,48.4,D,0
21.6518,92.5093,354.5,1.4,1.2,2007-04-05,0655,Aqua,MODIS,97,6.2,306.2,103.3,D,0
21.6391,92.4986,327.5,1.4,1.2,2007-04-05,0655,Aqua,MODIS,75,6.2,304.8,25.6,D,0
21.6414,92.5118,325,1.4,1.2,2007-04-05,0655,Aqua,MODIS,72,6.2,305.1,19.8,D,0
21.565,92.4179,392.1,1.5,1.2,2007-04-05,0655,Aqua,MODIS,100,6.2,309.8,345,D,0
21.5627,92.4041,326.4,1.5,1.2,2007-04-05,0655,Aqua,MODIS,75,6.2,306.2,23,D,0
21.7362,92.5287,411.7,1.4,1.2,2007-04-05,0655,Aqua,MODIS,100,6.2,312.6,537.4,D,0
21.5816,92.3861,327.8,1.5,1.2,2007-04-05,0655,Aqua,MODIS,77,6.2,304,26.5,D,0
21.5922,92.3841,324.6,1.5,1.2,2007-04-05,0655,Aqua,MODIS,72,6.2,303.1,21,D,0
21.588,92.3928,325.6,1.5,1.2,2007-04-05,0655,Aqua,MODIS,73,6.2,304,23,D,0
21.5856,92.3788,327.7,1.5,1.2,2007-04-05,0655,Aqua,MODIS,76,6.2,303.5,27.3,D,0
21.696,92.5138,323.8,1.4,1.2,2007-04-05,0655,Aqua,MODIS,56,6.2,305.6,16.3,D,0
21.8066,92.3968,320,1.5,1.2,2007-04-05,0655,Aqua,MODIS,29,6.2,306.2,11.7,D,0
21.8044,92.3839,319.2,1.5,1.2,2007-04-05,0655,Aqua,MODIS,39,6.2,303.9,10.8,D,0
21.8192,92.4063,335.3,1.4,1.2,2007-04-05,0655,Aqua,MODIS,84,6.2,305.8,41,D,0
21.6957,92.293,324.2,1.5,1.2,2007-04-05,0655,Aqua,MODIS,71,6.2,304.4,19.4,D,0
21.7566,92.172,328.6,1.5,1.2,2007-04-05,0655,Aqua,MODIS,78,6.2,303.5,28.3,D,0
21.5674,92.4321,350.5,1.5,1.2,2007-04-05,0655,Aqua,MODIS,95,6.2,300,90.6,D,0
21.8718,92.3951,320.4,1.4,1.2,2007-04-05,0655,Aqua,MODIS,42,6.2,305.7,10.3,D,0
21.8695,92.3815,319.7,1.5,1.2,2007-04-05,0655,Aqua,MODIS,32,6.2,305.5,10.3,D,0
22.0916,92.506,408.5,1.4,1.2,2007-04-05,0655,Aqua,MODIS,100,6.2,312.3,495.4,D,0
22.0937,92.5181,403.2,1.4,1.2,2007-04-05,0655,Aqua,MODIS,100,6.2,304.3,434.6,D,0
22.0812,92.5083,341.6,1.4,1.2,2007-04-05,0655,Aqua,MODIS,89,6.2,302.8,59.8,D,0
22.0832,92.5201,342.5,1.4,1.2,2007-04-05,0655,Aqua,MODIS,90,6.2,303.8,60.8,D,0
21.7433,92.1595,326.8,1.5,1.2,2007-04-05,0655,Aqua,MODIS,76,6.2,304.9,24.3,D,0
21.7459,92.1741,359.2,1.5,1.2,2007-04-05,0655,Aqua,MODIS,99,6.2,305.9,132.1,D,0
21.8754,92.389,323.7,1.4,1.2,2007-04-05,0655,Aqua,MODIS,70,6.2,306,16.9,D,0
21.9142,92.2962,328.3,1.5,1.2,2007-04-05,0655,Aqua,MODIS,77,6.2,301.3,29.9,D,0
21.734,92.5158,325.3,1.4,1.2,2007-04-05,0655,Aqua,MODIS,68,6.2,306,19.5,D,0
21.7224,92.574,354,1.4,1.2,2007-04-05,0655,Aqua,MODIS,97,6.2,309.1,99.1,D,0
21.6455,92.2795,366,1.5,1.2,2007-04-05,0655,Aqua,MODIS,100,6.2,308.7,164.1,D,0
21.5544,92.42,344.8,1.5,1.2,2007-04-05,0655,Aqua,MODIS,91,6.2,308.7,70.7,D,0
21.5569,92.4343,342.5,1.5,1.2,2007-04-05,0655,Aqua,MODIS,90,6.2,307.1,62.7,D,0
21.9167,92.311,349.4,1.5,1.2,2007-04-05,0655,Aqua,MODIS,94,6.2,302.5,90.3,D,0
21.7119,92.5757,334.3,1.4,1.2,2007-04-05,0655,Aqua,MODIS,44,6.2,306.6,36.9,D,0
21.7385,92.542,345.2,1.4,1.2,2007-04-05,0655,Aqua,MODIS,92,6.2,307.8,65.4,D,0
21.92,92.3944,351.2,1.4,1.2,2007-04-05,0655,Aqua,MODIS,95,6.2,306.5,94.2,D,0
21.893,92.3005,345.6,1.5,1.2,2007-04-05,0655,Aqua,MODIS,92,6.2,301.8,76.8,D,0
21.8989,92.3986,328.7,1.4,1.2,2007-04-05,0655,Aqua,MODIS,77,6.2,305.6,26.2,D,0
21.6947,92.3512,346.4,1.5,1.2,2007-04-05,0655,Aqua,MODIS,92,6.2,308,75.5,D,0
21.6923,92.3371,325.2,1.5,1.2,2007-04-05,0655,Aqua,MODIS,72,6.2,306.5,18.6,D,0
21.7078,92.3632,350,1.5,1.2,2007-04-05,0655,Aqua,MODIS,94,6.2,305.1,86.3,D,0
21.7054,92.3491,399.9,1.5,1.2,2007-04-05,0655,Aqua,MODIS,100,6.2,309.6,420,D,0
21.7029,92.3351,336.1,1.5,1.2,2007-04-05,0655,Aqua,MODIS,85,6.2,305.9,42.3,D,0
21.6981,92.3071,337.7,1.5,1.2,2007-04-05,0655,Aqua,MODIS,86,6.2,304.1,49.8,D,0
21.716,92.3473,359.8,1.5,1.2,2007-04-05,0655,Aqua,MODIS,99,6.2,304.5,126.1,D,0
21.7136,92.3332,362.7,1.5,1.2,2007-04-05,0655,Aqua,MODIS,100,6.2,306.4,141.3,D,0
21.7112,92.3191,356.6,1.5,1.2,2007-04-05,0655,Aqua,MODIS,98,6.2,304.8,114.2,D,0
21.7088,92.3051,334.5,1.5,1.2,2007-04-05,0655,Aqua,MODIS,84,6.2,304,40.5,D,0
21.729,92.3592,332.7,1.5,1.2,2007-04-05,0655,Aqua,MODIS,82,6.2,304.5,35.8,D,0
21.742,92.3712,322.3,1.5,1.2,2007-04-05,0655,Aqua,MODIS,66,6.2,304.1,15.8,D,0
21.8093,92.22,327.7,1.5,1.2,2007-04-05,0655,Aqua,MODIS,77,6.2,303.6,28.3,D,0
21.8117,92.2342,331,1.5,1.2,2007-04-05,0655,Aqua,MODIS,80,6.2,302.6,35.7,D,0
21.7986,92.2221,339.6,1.5,1.2,2007-04-05,0655,Aqua,MODIS,88,6.2,304.4,58.1,D,0
21.801,92.2364,328.4,1.5,1.2,2007-04-05,0655,Aqua,MODIS,77,6.2,302.7,29.3,D,0
21.7772,92.2262,325.8,1.5,1.2,2007-04-05,0655,Aqua,MODIS,74,6.2,304.3,22.7,D,0
21.7396,92.3571,353.8,1.5,1.2,2007-04-05,0655,Aqua,MODIS,96,6.2,305.7,104.9,D,0
22.1042,92.5165,401.8,1.4,1.2,2007-04-05,0655,Aqua,MODIS,100,6.2,301.9,421.7,D,0
22.102,92.504,366.5,1.4,1.2,2007-04-05,0655,Aqua,MODIS,100,6.2,304.1,158.2,D,0
21.9506,92.5744,322.4,1.4,1.2,2007-04-05,0655,Aqua,MODIS,60,6.2,303.2,16.2,D,0
21.7409,92.5557,340.9,1.4,1.2,2007-04-05,0655,Aqua,MODIS,89,6.2,307.3,53.7,D,0
21.7257,92.5305,367.8,1.4,1.2,2007-04-05,0655,Aqua,MODIS,100,6.2,310.5,161.1,D,0
21.728,92.5438,360.7,1.4,1.2,2007-04-05,0655,Aqua,MODIS,100,6.2,309.2,123.5,D,0
21.7304,92.5576,348.9,1.4,1.2,2007-04-05,0655,Aqua,MODIS,94,6.2,309.2,77,D,0
21.7156,92.5664,333.7,1.4,1.2,2007-04-05,0655,Aqua,MODIS,56,6.2,309.3,31.3,D,0
21.5701,92.318,351.9,1.5,1.2,2007-04-05,0655,Aqua,MODIS,96,6.2,305,98.6,D,0
21.5759,92.3239,335.7,1.5,1.2,2007-04-05,0655,Aqua,MODIS,85,6.2,304.2,45.1,D,0
21.5737,92.3112,332.5,1.5,1.2,2007-04-05,0655,Aqua,MODIS,82,6.2,304.5,37.1,D,0
21.615,92.3585,342.4,1.5,1.2,2007-04-05,0655,Aqua,MODIS,90,6.2,303.1,66.2,D,0
21.5989,92.554,377.1,1.4,1.2,2007-04-05,0655,Aqua,MODIS,100,6.2,310,218.1,D,0
21.3157,92.1721,351.2,1.5,1.2,2007-04-05,0655,Aqua,MODIS,95,6.2,306.7,99.8,D,0
23.3373,92.1527,337.7,1.4,1.2,2007-04-05,0656,Aqua,MODIS,88,6.2,301.1,52.2,D,0
23.3074,92.1361,323.1,1.4,1.2,2007-04-05,0656,Aqua,MODIS,66,6.2,299.1,19.8,D,0
22.3018,92.4644,350,1.4,1.2,2007-04-05,0656,Aqua,MODIS,95,6.2,303.6,86,D,0
22.2045,92.5589,343,1.4,1.2,2007-04-05,0656,Aqua,MODIS,90,6.2,301.4,66.3,D,0
22.2021,92.5448,374.7,1.4,1.2,2007-04-05,0656,Aqua,MODIS,100,6.2,304.9,204.5,D,0
22.2615,92.5424,319.8,1.4,1.2,2007-04-05,0656,Aqua,MODIS,58,6.2,300.1,14.3,D,0
23.1803,92.2532,361.6,1.4,1.2,2007-04-05,0656,Aqua,MODIS,100,6.2,304.5,134.5,D,0
23.1779,92.2396,324.2,1.4,1.2,2007-04-05,0656,Aqua,MODIS,75,6.2,302.3,21.2,D,0
23.4006,92.1051,352.6,1.4,1.2,2007-04-05,0656,Aqua,MODIS,96,6.2,300.7,99.7,D,0
23.3902,92.1073,324.6,1.4,1.2,2007-04-05,0656,Aqua,MODIS,76,6.2,297.7,23.3,D,0
23.0703,92.3362,323.8,1.4,1.2,2007-04-05,0656,Aqua,MODIS,74,6.2,302.2,19.9,D,0
22.171,92.5298,354.9,1.4,1.2,2007-04-05,0656,Aqua,MODIS,97,6.2,300.7,106.1,D,0
22.1715,92.2394,318.4,1.5,1.2,2007-04-05,0656,Aqua,MODIS,47,6.2,301.6,9.7,D,0
22.1739,92.2536,340.4,1.5,1.2,2007-04-05,0656,Aqua,MODIS,89,6.2,299.5,58.6,D,0
22.1609,92.2416,326.7,1.5,1.2,2007-04-05,0656,Aqua,MODIS,76,6.2,303.7,24.1,D,0
22.9955,89.6171,315.6,2.1,1.4,2007-04-05,0656,Aqua,MODIS,29,6.2,298.3,20.7,D,0
22.1633,92.2555,364.9,1.5,1.2,2007-04-05,0656,Aqua,MODIS,100,6.2,305.1,155.7,D,0
22.3871,92.4819,393.5,1.4,1.2,2007-04-05,0656,Aqua,MODIS,100,6.2,307.5,340.1,D,0
22.148,92.2305,319.1,1.5,1.2,2007-04-05,0656,Aqua,MODIS,56,6.2,303.2,10.3,D,0
23.3931,92.099,334.4,1.4,1.2,2007-04-05,0656,Aqua,MODIS,86,6.2,299.4,42.5,D,0
23.0397,92.1603,315.4,1.4,1.2,2007-04-05,0656,Aqua,MODIS,57,6.2,300.9,8.4,D,0
22.1516,92.4783,324.7,1.4,1.2,2007-04-05,0656,Aqua,MODIS,56,6.2,302.8,19.5,D,0
22.1493,92.4645,320.3,1.4,1.2,2007-04-05,0656,Aqua,MODIS,59,6.2,302.5,12.5,D,0
22.1595,92.4848,354.2,1.4,1.2,2007-04-05,0656,Aqua,MODIS,97,6.2,305.6,97.8,D,0
22.1781,92.4679,325.3,1.4,1.2,2007-04-05,0656,Aqua,MODIS,57,6.2,297.6,20.8,D,0
22.1757,92.4539,414.4,1.4,1.2,2007-04-05,0656,Aqua,MODIS,100,6.2,304.3,568.8,D,0
22.3277,92.3251,334.6,1.4,1.2,2007-04-05,0656,Aqua,MODIS,84,6.2,302.2,40.5,D,0
22.3206,92.3188,335.1,1.4,1.2,2007-04-05,0656,Aqua,MODIS,85,6.2,301.8,44.8,D,0
22.1017,92.2474,318.9,1.5,1.2,2007-04-05,0656,Aqua,MODIS,59,6.2,304.3,11.9,D,0
22.3229,92.3325,321.2,1.4,1.2,2007-04-05,0656,Aqua,MODIS,66,6.2,302,15.6,D,0
22.289,92.325,346.3,1.4,1.2,2007-04-05,0656,Aqua,MODIS,92,6.2,302.5,76.6,D,0
22.5847,92.4292,322.5,1.4,1.2,2007-04-05,0656,Aqua,MODIS,70,6.2,302,17.2,D,0
22.2796,92.2699,328.8,1.5,1.2,2007-04-05,0656,Aqua,MODIS,79,6.2,302.3,27.9,D,0
22.3382,92.3227,317.8,1.4,1.2,2007-04-05,0656,Aqua,MODIS,51,6.2,301.8,9.5,D,0
22.3358,92.3089,320.3,1.4,1.2,2007-04-05,0656,Aqua,MODIS,65,6.2,301.4,13.7,D,0
23.6171,92.0357,345.5,1.4,1.2,2007-04-05,0656,Aqua,MODIS,93,6.2,295.9,78.2,D,0
22.605,92.1373,322.7,1.5,1.2,2007-04-05,0656,Aqua,MODIS,67,6.2,299.5,21,D,0
22.2551,92.3175,317.8,1.4,1.2,2007-04-05,0656,Aqua,MODIS,50,6.2,301.1,9.3,D,0
22.2286,92.1644,324.3,1.5,1.2,2007-04-05,0656,Aqua,MODIS,67,6.2,302.4,19.5,D,0
22.446,92.3517,321.1,1.4,1.2,2007-04-05,0656,Aqua,MODIS,67,6.2,301,16.1,D,0
22.4589,92.3634,343,1.4,1.2,2007-04-05,0656,Aqua,MODIS,91,6.2,301.7,64.4,D,0
22.4565,92.3496,346.2,1.4,1.2,2007-04-05,0656,Aqua,MODIS,92,6.2,302.5,74.9,D,0
23.4841,92.2147,345.4,1.4,1.2,2007-04-05,0656,Aqua,MODIS,93,6.2,302.4,73.5,D,0
23.4864,92.2285,373.9,1.4,1.2,2007-04-05,0656,Aqua,MODIS,100,6.2,304.4,198.5,D,0
23.4657,92.2327,331.4,1.4,1.2,2007-04-05,0656,Aqua,MODIS,82,6.2,301.8,35.9,D,0
23.4553,92.2346,329,1.4,1.2,2007-04-05,0656,Aqua,MODIS,81,6.2,302.1,31.9,D,0
22.1436,92.4952,338.9,1.4,1.2,2007-04-05,0656,Aqua,MODIS,87,6.2,301.7,51,D,0
22.1563,92.5062,381.6,1.4,1.2,2007-04-05,0656,Aqua,MODIS,100,6.2,303.5,245.6,D,0
23.4577,92.2482,324.1,1.4,1.2,2007-04-05,0656,Aqua,MODIS,74,6.2,300.8,21.8,D,0
22.4902,92.357,323,1.4,1.2,2007-04-05,0656,Aqua,MODIS,67,6.2,302.2,17.6,D,0
22.4935,92.4402,317.5,1.4,1.2,2007-04-05,0656,Aqua,MODIS,56,6.2,303.1,8.8,D,0
22.154,92.4926,417,1.4,1.2,2007-04-05,0656,Aqua,MODIS,100,6.2,313.2,596.9,D,0
22.2301,92.2364,328.4,1.5,1.2,2007-04-05,0656,Aqua,MODIS,78,6.2,301.4,28.8,D,0
23.368,91.7935,320.6,1.5,1.2,2007-04-05,0656,Aqua,MODIS,71,6.2,298,21.2,D,0
23.054,92.3462,319.1,1.4,1.2,2007-04-05,0656,Aqua,MODIS,59,6.2,303,12.4,D,0
22.3269,92.3827,326.8,1.4,1.2,2007-04-05,0656,Aqua,MODIS,76,6.2,302,24,D,0
23.0643,92.3441,343.4,1.4,1.2,2007-04-05,0656,Aqua,MODIS,91,6.2,303.2,63,D,0
22.164,92.5112,332.2,1.4,1.2,2007-04-05,0656,Aqua,MODIS,82,6.2,299.7,36.6,D,0
22.1619,92.4989,387.6,1.4,1.2,2007-04-05,0656,Aqua,MODIS,100,6.2,305.4,290,D,0
23.7007,92.236,339.5,1.4,1.2,2007-04-05,0656,Aqua,MODIS,89,6.2,299,54.9,D,0
23.711,92.2338,319.3,1.4,1.2,2007-04-05,0656,Aqua,MODIS,38,6.2,297.1,15.7,D,0
22.1767,92.522,355.1,1.4,1.2,2007-04-05,0656,Aqua,MODIS,97,6.2,300.5,107.7,D,0
22.1663,92.5241,353.8,1.4,1.2,2007-04-05,0656,Aqua,MODIS,97,6.2,301.1,102.5,D,0
22.3217,92.3904,343.7,1.4,1.2,2007-04-05,0656,Aqua,MODIS,91,6.2,302.3,67.9,D,0
22.3463,92.3069,351.5,1.4,1.2,2007-04-05,0656,Aqua,MODIS,95,6.2,303.9,94.2,D,0
22.2774,92.3844,326.3,1.4,1.2,2007-04-05,0656,Aqua,MODIS,68,6.2,294.9,22.7,D,0
22.4706,92.3049,337,1.4,1.2,2007-04-05,0656,Aqua,MODIS,86,6.2,302.3,49.7,D,0
22.2819,92.2836,321.1,1.4,1.2,2007-04-05,0656,Aqua,MODIS,61,6.2,301.2,13.6,D,0
22.3194,92.3765,342.1,1.4,1.2,2007-04-05,0656,Aqua,MODIS,90,6.2,303,63.3,D,0
23.3549,92.3168,320.3,1.4,1.2,2007-04-05,0656,Aqua,MODIS,70,6.2,302.1,15.7,D,0
22.4114,92.4348,345.9,1.4,1.2,2007-04-05,0656,Aqua,MODIS,92,6.2,303.3,72.3,D,0
22.4091,92.4214,332,1.4,1.2,2007-04-05,0656,Aqua,MODIS,82,6.2,303.3,35.1,D,0
23.6929,92.2293,313.6,1.4,1.2,2007-04-05,0656,Aqua,MODIS,32,6.2,298,7.3,D,0
23.0102,91.802,323.8,1.5,1.2,2007-04-05,0656,Aqua,MODIS,75,6.2,297.1,24.6,D,0
23.0127,91.8166,345.8,1.5,1.2,2007-04-05,0656,Aqua,MODIS,93,6.2,299.4,83.9,D,0
22.2936,92.4792,353.1,1.4,1.2,2007-04-05,0656,Aqua,MODIS,96,6.2,303.6,97.8,D,0
22.2915,92.4667,333.5,1.4,1.2,2007-04-05,0656,Aqua,MODIS,83,6.2,302.5,38.4,D,0
22.6242,92.4984,319.8,1.4,1.2,2007-04-05,0656,Aqua,MODIS,32,6.2,303.1,9.6,D,0
22.304,92.4771,351.9,1.4,1.2,2007-04-05,0656,Aqua,MODIS,96,6.2,302.4,93.5,D,0
22.2089,92.2407,329.8,1.5,1.2,2007-04-05,0656,Aqua,MODIS,80,6.2,302,31.5,D,0
22.3089,92.3785,326.6,1.4,1.2,2007-04-05,0656,Aqua,MODIS,76,6.2,301.8,25.6,D,0
22.3113,92.3928,332.8,1.4,1.2,2007-04-05,0656,Aqua,MODIS,82,6.2,301.3,38.9,D,0
22.215,92.431,375.2,1.4,1.2,2007-04-05,0656,Aqua,MODIS,100,6.2,304.3,209.1,D,0
22.2046,92.4333,325.4,1.4,1.2,2007-04-05,0656,Aqua,MODIS,61,6.2,302.4,21.7,D,0
23.6984,92.2228,363,1.4,1.2,2007-04-05,0656,Aqua,MODIS,100,6.2,301.9,138.7,D,0
22.4682,92.4179,328.1,1.4,1.2,2007-04-05,0656,Aqua,MODIS,78,6.2,302.5,26.3,D,0
22.466,92.4052,358.4,1.4,1.2,2007-04-05,0656,Aqua,MODIS,99,6.2,304,119.2,D,0
22.275,92.3704,321,1.4,1.2,2007-04-05,0656,Aqua,MODIS,22,6.2,300.8,12.2,D,0
22.3535,92.474,358,1.4,1.2,2007-04-05,0656,Aqua,MODIS,99,6.2,303.7,116.8,D,0
23.3571,92.3296,322.1,1.4,1.2,2007-04-05,0656,Aqua,MODIS,73,6.2,301.1,17.4,D,0
22.3487,92.3208,336.5,1.4,1.2,2007-04-05,0656,Aqua,MODIS,86,6.2,301.7,46.3,D,0
22.2669,92.3866,439.7,1.4,1.2,2007-04-05,0656,Aqua,MODIS,100,6.2,309.3,970.3,D,0
22.2643,92.2443,318.1,1.5,1.2,2007-04-05,0656,Aqua,MODIS,22,6.2,302,9.6,D,0
22.1687,92.5161,378.1,1.4,1.2,2007-04-05,0656,Aqua,MODIS,100,6.2,301.8,224.3,D,0
23.06,92.3383,327.2,1.4,1.2,2007-04-05,0656,Aqua,MODIS,41,6.2,303.1,23.4,D,0
22.3478,92.4815,340.8,1.4,1.2,2007-04-05,0656,Aqua,MODIS,89,6.2,303,56.9,D,0
22.2069,92.447,338.9,1.4,1.2,2007-04-05,0656,Aqua,MODIS,87,6.2,302,53.5,D,0
22.2173,92.4447,411.5,1.4,1.2,2007-04-05,0656,Aqua,MODIS,100,6.2,301.7,534.7,D,0
22.2163,92.2449,328.5,1.5,1.2,2007-04-05,0656,Aqua,MODIS,78,6.2,301,28.7,D,0
22.3253,92.3112,325.9,1.4,1.2,2007-04-05,0656,Aqua,MODIS,59,6.2,301.2,21.7,D,0
23.2725,92.1855,319,1.4,1.2,2007-04-05,0656,Aqua,MODIS,68,6.2,301.7,12.5,D,0
22.1744,92.5088,327.5,1.4,1.2,2007-04-05,0656,Aqua,MODIS,77,6.2,299.9,28,D,0
22.2139,92.2308,323.9,1.5,1.2,2007-04-05,0656,Aqua,MODIS,72,6.2,301.8,19.9,D,0
23.0681,92.3236,318.8,1.4,1.2,2007-04-05,0656,Aqua,MODIS,56,6.2,302,12.2,D,0
23.0196,92.2696,318.7,1.4,1.2,2007-04-05,0656,Aqua,MODIS,49,6.2,301.6,13.5,D,0
23.0219,92.2834,323.5,1.4,1.2,2007-04-05,0656,Aqua,MODIS,73,6.2,301.3,20.9,D,0
22.2349,92.2643,318.6,1.5,1.2,2007-04-05,0656,Aqua,MODIS,61,6.2,301.8,11.2,D,0
23.403,92.1188,331.1,1.4,1.2,2007-04-05,0656,Aqua,MODIS,81,6.2,299,36.1,D,0
23.3954,92.1127,362.4,1.4,1.2,2007-04-05,0656,Aqua,MODIS,100,6.2,300.7,140.1,D,0
23.3733,92.1739,313.4,1.4,1.2,2007-04-05,0656,Aqua,MODIS,43,6.2,298.5,6.9,D,0
22.2072,92.1685,319.8,1.5,1.2,2007-04-05,0656,Aqua,MODIS,39,6.2,303,11.9,D,0
23.2702,92.1718,326.3,1.4,1.2,2007-04-05,0656,Aqua,MODIS,78,6.2,302,25.5,D,0
22.1733,92.44,366.8,1.4,1.2,2007-04-05,0656,Aqua,MODIS,100,6.2,304.4,159.3,D,0
23.2934,92.1812,316.8,1.4,1.2,2007-04-05,0656,Aqua,MODIS,56,6.2,301.6,8.6,D,0
22.7071,91.9331,333.9,1.5,1.2,2007-04-05,0656,Aqua,MODIS,84,6.2,296.7,47.7,D,0
22.3895,92.4958,381.7,1.4,1.2,2007-04-05,0656,Aqua,MODIS,100,6.2,301.9,247.9,D,0
23.1107,92.2585,321.2,1.4,1.2,2007-04-05,0656,Aqua,MODIS,70,6.2,303,16.1,D,0
23.1026,92.2742,317.9,1.4,1.2,2007-04-05,0656,Aqua,MODIS,61,6.2,302.1,11.3,D,0
23.5904,92.0691,324.9,1.4,1.2,2007-04-05,0656,Aqua,MODIS,77,6.2,298.8,26.3,D,0
23.588,92.0553,337,1.4,1.2,2007-04-05,0656,Aqua,MODIS,87,6.2,297.7,53.3,D,0
22.3456,92.4683,331.1,1.4,1.2,2007-04-05,0656,Aqua,MODIS,81,6.2,302.8,32,D,0
22.2565,92.3886,323.4,1.4,1.2,2007-04-05,0656,Aqua,MODIS,59,6.2,301.2,18.2,D,0
22.2646,92.3727,396.5,1.4,1.2,2007-04-05,0656,Aqua,MODIS,100,6.2,309.7,374,D,0
23.335,92.1392,334.8,1.4,1.2,2007-04-05,0656,Aqua,MODIS,86,6.2,299.4,45.2,D,0
23.1714,91.8823,318.9,1.5,1.2,2007-04-05,0656,Aqua,MODIS,67,6.2,299.9,15.8,D,0
22.0081,92.4482,306.2,1.3,1.1,2007-04-05,1620,Terra,MODIS,67,6.2,293.4,9.3,N,0
21.6683,92.4943,305.9,1.3,1.1,2007-04-05,1620,Terra,MODIS,66,6.2,293.4,9.1,N,0
21.8867,92.3712,303.9,1.3,1.1,2007-04-05,1620,Terra,MODIS,57,6.2,293.8,6.6,N,0
22.4096,92.3152,304.3,1.3,1.1,2007-04-05,1621,Terra,MODIS,60,6.2,293.4,7.1,N,0
22.0173,92.3647,322.2,1,1,2007-04-06,0430,Terra,MODIS,70,6.2,300,11.1,D,0
22.2274,92.0489,321.6,1,1,2007-04-06,0430,Terra,MODIS,70,6.2,301.7,10.1,D,0
22.0083,92.3632,324.5,1,1,2007-04-06,0430,Terra,MODIS,75,6.2,301.8,14.2,D,0
22.7423,92.3807,328.6,1,1,2007-04-06,0430,Terra,MODIS,79,6.2,301.5,18.1,D,0
22.7513,92.3821,322.8,1,1,2007-04-06,0430,Terra,MODIS,63,6.2,302.3,12.2,D,0
22.007,92.373,316.5,1,1,2007-04-06,0430,Terra,MODIS,26,6.2,301.4,5.8,D,0
21.9972,92.3118,354.7,1,1,2007-04-06,0430,Terra,MODIS,97,6.2,303.2,65.7,D,0
21.9959,92.3214,337.2,1,1,2007-04-06,0430,Terra,MODIS,87,6.2,302.4,30.8,D,0
21.6572,92.4999,321.8,1,1,2007-04-06,0430,Terra,MODIS,59,6.2,303.9,9.1,D,0
22.0958,92.1369,325.9,1,1,2007-04-06,0430,Terra,MODIS,77,6.2,301.2,14.1,D,0
22.0387,92.2789,318.1,1,1,2007-04-06,0430,Terra,MODIS,56,6.2,303,6.3,D,0
22.0297,92.2773,318.2,1,1,2007-04-06,0430,Terra,MODIS,64,6.2,301.6,6.7,D,0
21.6661,92.5014,324.6,1,1,2007-04-06,0430,Terra,MODIS,75,6.2,303.9,12.1,D,0
22.4548,92.5257,328.6,1,1,2007-04-06,0430,Terra,MODIS,79,6.2,302.2,17.8,D,0
21.7884,92.2918,343.1,2.1,1.4,2007-04-06,0738,Aqua,MODIS,90,6.2,304.4,106.3,D,0
21.8236,92.383,326.8,2.1,1.4,2007-04-06,0738,Aqua,MODIS,72,6.2,300.9,40.8,D,0
21.6609,92.5615,341,2.1,1.4,2007-04-06,0738,Aqua,MODIS,88,6.2,303.4,103.9,D,0
22.0295,92.2226,329.2,2.1,1.4,2007-04-06,0738,Aqua,MODIS,77,6.2,303.8,43.8,D,0
21.6588,92.5419,336.7,2.1,1.4,2007-04-06,0738,Aqua,MODIS,84,6.2,302.5,80.8,D,0
21.9347,92.4431,348,2.1,1.4,2007-04-06,0738,Aqua,MODIS,93,6.2,303.3,140.2,D,0
21.9481,92.4464,333.6,2.1,1.4,2007-04-06,0738,Aqua,MODIS,81,6.2,302,67.6,D,0
21.4043,92.5858,326.2,2.1,1.4,2007-04-06,0738,Aqua,MODIS,71,6.2,304.8,42.8,D,0
21.4063,92.6057,319.6,2.1,1.4,2007-04-06,0738,Aqua,MODIS,48,6.2,303.9,20.4,D,0
21.4054,92.5914,329.6,2.1,1.4,2007-04-06,0738,Aqua,MODIS,77,6.2,304.8,55.9,D,0
21.6715,92.5402,338,2.1,1.4,2007-04-06,0738,Aqua,MODIS,85,6.2,302.7,84,D,0
21.6616,92.5541,330.3,2.1,1.4,2007-04-06,0738,Aqua,MODIS,77,6.2,302.5,54,D,0
21.9354,92.4483,345.1,2.1,1.4,2007-04-06,0738,Aqua,MODIS,91,6.2,303.2,125,D,0
21.6637,92.5752,338.1,2.2,1.4,2007-04-06,0738,Aqua,MODIS,86,6.2,302.6,93.8,D,0
21.6695,92.5209,359.9,2.1,1.4,2007-04-06,0738,Aqua,MODIS,99,6.2,305.4,223.7,D,0
22.0797,92.3371,321.1,2.1,1.4,2007-04-06,0738,Aqua,MODIS,53,6.2,298.6,27.7,D,0
21.8277,92.3994,321.6,2.1,1.4,2007-04-06,0738,Aqua,MODIS,50,6.2,301.7,22.9,D,0
21.8953,92.4335,324.3,2.1,1.4,2007-04-06,0738,Aqua,MODIS,67,6.2,304.2,29.2,D,0
21.9079,92.4315,341.4,2.1,1.4,2007-04-06,0738,Aqua,MODIS,88,6.2,305.3,96.6,D,0
21.4403,92.5596,324.5,2.1,1.4,2007-04-06,0738,Aqua,MODIS,68,6.2,302.6,39.2,D,0
21.7405,92.5667,321.7,2.2,1.4,2007-04-06,0738,Aqua,MODIS,44,6.2,305,25.4,D,0
21.6724,92.5334,348.7,2.1,1.4,2007-04-06,0738,Aqua,MODIS,93,6.2,303.6,140.5,D,0
21.6597,92.5352,330.6,2.1,1.4,2007-04-06,0738,Aqua,MODIS,78,6.2,302.9,51,D,0
22.3441,92.3905,319.1,2.1,1.4,2007-04-06,0738,Aqua,MODIS,59,6.2,302,16.3,D,0
21.9221,92.3257,337.2,2.1,1.4,2007-04-06,0738,Aqua,MODIS,85,6.2,304.8,80.5,D,0
21.3897,92.4429,340.6,2.1,1.4,2007-04-06,0738,Aqua,MODIS,88,6.2,299.9,99.9,D,0
21.3919,92.4638,342,2.1,1.4,2007-04-06,0738,Aqua,MODIS,89,6.2,303.1,108.2,D,0
21.3898,92.449,357.3,2.1,1.4,2007-04-06,0738,Aqua,MODIS,98,6.2,301.5,203.2,D,0
21.392,92.4694,327.1,2.1,1.4,2007-04-06,0738,Aqua,MODIS,73,6.2,303.1,46.2,D,0
22.5561,92.3123,320.3,2.1,1.4,2007-04-06,0738,Aqua,MODIS,63,6.2,301.5,23.6,D,0
22.0167,92.2511,330.4,2.1,1.4,2007-04-06,0738,Aqua,MODIS,78,6.2,303.2,50.1,D,0
22.0376,92.3011,328.8,2.1,1.4,2007-04-06,0738,Aqua,MODIS,57,6.2,302.8,42.5,D,0
22.0315,92.2422,337.8,2.1,1.4,2007-04-06,0738,Aqua,MODIS,86,6.2,303.4,79,D,0
21.8868,92.4752,334.6,2.1,1.4,2007-04-06,0738,Aqua,MODIS,82,6.2,303.4,69.9,D,0
21.9101,92.4516,333.3,2.1,1.4,2007-04-06,0738,Aqua,MODIS,79,6.2,302.6,59.5,D,0
21.9289,92.3885,324.7,2.1,1.4,2007-04-06,0738,Aqua,MODIS,68,6.2,303.3,29.5,D,0
21.9267,92.3681,321,2.1,1.4,2007-04-06,0738,Aqua,MODIS,58,6.2,303.5,19.5,D,0
22.0604,92.2761,335.2,2.1,1.4,2007-04-06,0738,Aqua,MODIS,84,6.2,300,72,D,0
21.9246,92.3483,321.2,2.1,1.4,2007-04-06,0738,Aqua,MODIS,43,6.2,303.9,20.3,D,0
21.3543,92.5969,326.3,2.1,1.4,2007-04-06,0738,Aqua,MODIS,71,6.2,302.1,49.9,D,0
21.9287,92.3832,322.7,2.1,1.4,2007-04-06,0738,Aqua,MODIS,57,6.2,303.2,23.1,D,0
21.9015,92.4929,322.2,2.1,1.4,2007-04-06,0738,Aqua,MODIS,38,6.2,301.6,28.6,D,0
21.9142,92.4908,331.5,2.1,1.4,2007-04-06,0738,Aqua,MODIS,79,6.2,301.5,62.4,D,0
21.9266,92.3629,321.8,2.1,1.4,2007-04-06,0738,Aqua,MODIS,62,6.2,303.7,21.4,D,0
21.9246,92.3427,327,2.1,1.4,2007-04-06,0738,Aqua,MODIS,73,6.2,304.1,38.3,D,0
21.9498,92.3399,346.7,2.1,1.4,2007-04-06,0738,Aqua,MODIS,92,6.2,303.8,125.2,D,0
21.9666,92.3785,348.8,2.1,1.4,2007-04-06,0738,Aqua,MODIS,93,6.2,302.2,140.1,D,0
22.2348,92.2059,330.1,2.1,1.4,2007-04-06,0738,Aqua,MODIS,79,6.2,301.3,49.1,D,0
22.2369,92.2255,330.8,2.1,1.4,2007-04-06,0738,Aqua,MODIS,80,6.2,301.8,52.4,D,0
21.9645,92.3581,344.8,2.1,1.4,2007-04-06,0738,Aqua,MODIS,91,6.2,302.6,116.9,D,0
21.9876,92.3349,340.4,2.1,1.4,2007-04-06,0738,Aqua,MODIS,88,6.2,302.3,95.2,D,0
22.3044,92.3788,322.8,2.1,1.4,2007-04-06,0738,Aqua,MODIS,68,6.2,302.2,30.2,D,0
22.6787,92.4785,322.8,2.2,1.4,2007-04-06,0738,Aqua,MODIS,55,6.2,300.9,25.5,D,0
22.2741,92.1014,316.2,2,1.4,2007-04-06,0738,Aqua,MODIS,23,6.2,298.9,15.5,D,0
22.272,92.0817,342.7,2,1.4,2007-04-06,0738,Aqua,MODIS,90,6.2,300.7,110.4,D,0
22.2753,92.0955,326.4,2,1.4,2007-04-06,0738,Aqua,MODIS,74,6.2,299.3,45.2,D,0
22.2733,92.076,334.7,2,1.4,2007-04-06,0738,Aqua,MODIS,84,6.2,300.7,74.8,D,0
22.6315,92.4002,330.7,2.2,1.4,2007-04-06,0738,Aqua,MODIS,80,6.2,301.9,58.2,D,0
21.8492,92.237,320.8,2,1.4,2007-04-06,0738,Aqua,MODIS,40,6.2,303.2,19.2,D,0
22.0585,92.2575,332.5,2.1,1.4,2007-04-06,0738,Aqua,MODIS,81,6.2,302.2,60.3,D,0
21.8009,92.2902,351.9,2.1,1.4,2007-04-06,0738,Aqua,MODIS,95,6.2,304.5,156.2,D,0
21.9223,92.3202,331,2.1,1.4,2007-04-06,0738,Aqua,MODIS,79,6.2,304.7,54,D,0
21.8865,92.3502,319.7,2.1,1.4,2007-04-06,0738,Aqua,MODIS,46,6.2,303.3,16.9,D,0
21.4506,92.4155,321.9,2.1,1.4,2007-04-06,0738,Aqua,MODIS,61,6.2,302.9,26.6,D,0
21.5303,92.4206,336.9,2.1,1.4,2007-04-06,0738,Aqua,MODIS,85,6.2,306.3,73.9,D,0
22.3037,92.3737,325,2.1,1.4,2007-04-06,0738,Aqua,MODIS,72,6.2,302,36.8,D,0
21.5177,92.4218,376.6,2.1,1.4,2007-04-06,0738,Aqua,MODIS,100,6.2,307.7,372.4,D,0
21.5198,92.4419,356.9,2.1,1.4,2007-04-06,0738,Aqua,MODIS,98,6.2,307.2,190.7,D,0
21.5071,92.4432,348.3,2.1,1.4,2007-04-06,0738,Aqua,MODIS,93,6.2,306,137.1,D,0
21.4945,92.4445,350.9,2.1,1.4,2007-04-06,0738,Aqua,MODIS,95,6.2,305,153.2,D,0
22.3962,92.2545,342.7,2.1,1.4,2007-04-06,0738,Aqua,MODIS,90,6.2,301.7,108.7,D,0
22.3982,92.2743,319.9,2.1,1.4,2007-04-06,0738,Aqua,MODIS,61,6.2,301.7,18.6,D,0
21.5514,92.3719,344.5,2.1,1.4,2007-04-06,0738,Aqua,MODIS,91,6.2,306.3,113.1,D,0
21.5535,92.3922,367.3,2.1,1.4,2007-04-06,0738,Aqua,MODIS,100,6.2,306.2,276.3,D,0
21.5511,92.3775,371.9,2.1,1.4,2007-04-06,0738,Aqua,MODIS,100,6.2,306.9,321.5,D,0
21.5533,92.3977,360.3,2.1,1.4,2007-04-06,0738,Aqua,MODIS,100,6.2,304.9,216.6,D,0
21.5386,92.3787,337.6,2.1,1.4,2007-04-06,0738,Aqua,MODIS,85,6.2,305.3,79.3,D,0
21.5407,92.3989,337.9,2.1,1.4,2007-04-06,0738,Aqua,MODIS,86,6.2,305.5,80,D,0
21.5281,92.4003,328.5,2.1,1.4,2007-04-06,0738,Aqua,MODIS,71,6.2,304.2,41.1,D,0
21.5155,92.4016,333.5,2.1,1.4,2007-04-06,0738,Aqua,MODIS,81,6.2,305.2,61.7,D,0
21.7905,92.3113,323.7,2.1,1.4,2007-04-06,0738,Aqua,MODIS,65,6.2,302,27.4,D,0
21.803,92.3097,332.8,2.1,1.4,2007-04-06,0738,Aqua,MODIS,80,6.2,301.9,58.2,D,0
21.8132,92.1701,324.3,2,1.4,2007-04-06,0738,Aqua,MODIS,67,6.2,302.8,29.2,D,0
22.5092,92.4826,323.9,2.2,1.4,2007-04-06,0738,Aqua,MODIS,71,6.2,302,33.5,D,0
21.811,92.1503,321.6,2,1.4,2007-04-06,0738,Aqua,MODIS,59,6.2,302.3,21.2,D,0
21.8162,92.1622,327.9,2,1.4,2007-04-06,0738,Aqua,MODIS,74,6.2,302.7,40.4,D,0
22.4821,92.3418,330.3,2.1,1.4,2007-04-06,0738,Aqua,MODIS,65,6.2,301.4,54.5,D,0
21.7443,92.3566,324.1,2.1,1.4,2007-04-06,0738,Aqua,MODIS,48,6.2,302.9,27.3,D,0
21.7317,92.3582,326.1,2.1,1.4,2007-04-06,0738,Aqua,MODIS,51,6.2,303.8,32.2,D,0
21.7441,92.3617,325.2,2.1,1.4,2007-04-06,0738,Aqua,MODIS,63,6.2,303,31.7,D,0
21.7294,92.3439,324,2.1,1.4,2007-04-06,0738,Aqua,MODIS,66,6.2,303.5,28.2,D,0
21.7315,92.3633,321.5,2.1,1.4,2007-04-06,0738,Aqua,MODIS,55,6.2,304,20.8,D,0
21.6646,92.3321,325.3,2.1,1.4,2007-04-06,0738,Aqua,MODIS,60,6.2,305.1,27.9,D,0
21.6666,92.3516,351.3,2.1,1.4,2007-04-06,0738,Aqua,MODIS,95,6.2,304.7,150.3,D,0
21.6624,92.3395,334.1,2.1,1.4,2007-04-06,0738,Aqua,MODIS,82,6.2,305.1,59.2,D,0
21.6645,92.3588,345.8,2.1,1.4,2007-04-06,0738,Aqua,MODIS,91,6.2,303.9,116.6,D,0
22.4828,92.347,333.4,2.1,1.4,2007-04-06,0738,Aqua,MODIS,83,6.2,301.5,66.7,D,0
22.2973,92.4376,321.9,2.1,1.4,2007-04-06,0738,Aqua,MODIS,67,6.2,302.4,26.8,D,0
21.8576,92.1966,322.5,2,1.4,2007-04-06,0738,Aqua,MODIS,15,6.2,303.6,21,D,0
21.8596,92.216,372,2,1.4,2007-04-06,0738,Aqua,MODIS,100,6.2,306.8,313.3,D,0
22.1914,92.5452,318.7,2.2,1.4,2007-04-06,0738,Aqua,MODIS,54,6.2,299.8,26.5,D,0
22.3356,92.3095,332.5,2.1,1.4,2007-04-06,0738,Aqua,MODIS,82,6.2,301.7,62.4,D,0
21.8617,92.2354,327,2,1.4,2007-04-06,0738,Aqua,MODIS,69,6.2,302.8,36.6,D,0
21.8365,92.3844,326.3,2.1,1.4,2007-04-06,0738,Aqua,MODIS,71,6.2,302.7,39.2,D,0
21.8253,92.3751,321.8,2.1,1.4,2007-04-06,0738,Aqua,MODIS,54,6.2,300.4,23.5,D,0
21.8381,92.3755,321.4,2.1,1.4,2007-04-06,0738,Aqua,MODIS,35,6.2,302.8,21,D,0
21.6669,92.4979,325.5,2.1,1.4,2007-04-06,0738,Aqua,MODIS,65,6.2,303.3,36,D,0
21.6703,92.5128,347,2.1,1.4,2007-04-06,0738,Aqua,MODIS,92,6.2,305,132.7,D,0
21.6681,92.4904,322.6,2.1,1.4,2007-04-06,0738,Aqua,MODIS,49,6.2,302.8,26.6,D,0
21.8889,92.3729,324.4,2.1,1.4,2007-04-06,0738,Aqua,MODIS,68,6.2,304.2,29,D,0
21.5218,92.4612,363.9,2.1,1.4,2007-04-06,0738,Aqua,MODIS,100,6.2,306.3,251.1,D,0
21.5092,92.4626,344.1,2.1,1.4,2007-04-06,0738,Aqua,MODIS,90,6.2,305.9,115.3,D,0
21.9955,92.2903,319.4,2.1,1.4,2007-04-06,0738,Aqua,MODIS,28,6.2,301.8,17,D,0
21.4966,92.4646,350.2,2.1,1.4,2007-04-06,0738,Aqua,MODIS,94,6.2,305.6,151.5,D,0
21.4732,92.4867,322.6,2.1,1.4,2007-04-06,0738,Aqua,MODIS,46,6.2,302.8,29.9,D,0
21.4929,92.4521,348.6,2.1,1.4,2007-04-06,0738,Aqua,MODIS,93,6.2,305.1,140,D,0
21.495,92.4718,335.9,2.1,1.4,2007-04-06,0738,Aqua,MODIS,84,6.2,305,75.5,D,0
21.9332,92.4281,354.5,2.1,1.4,2007-04-06,0738,Aqua,MODIS,97,6.2,303.7,179.5,D,0
21.5575,92.4319,338.7,2.1,1.4,2007-04-06,0738,Aqua,MODIS,86,6.2,305.6,82.6,D,0
21.9459,92.4261,347,2.1,1.4,2007-04-06,0738,Aqua,MODIS,92,6.2,303.7,130.4,D,0
21.9327,92.4231,335.8,2.1,1.4,2007-04-06,0738,Aqua,MODIS,84,6.2,302.9,72.7,D,0
21.9474,92.4408,351.4,2.1,1.4,2007-04-06,0738,Aqua,MODIS,95,6.2,303,163,D,0
21.9454,92.4212,342.7,2.1,1.4,2007-04-06,0738,Aqua,MODIS,89,6.2,303.3,106.7,D,0
21.9601,92.4395,333.4,2.1,1.4,2007-04-06,0738,Aqua,MODIS,81,6.2,301.3,69.7,D,0
21.5555,92.4179,329.1,2.1,1.4,2007-04-06,0738,Aqua,MODIS,76,6.2,304.8,42.5,D,0
21.5576,92.4372,341.4,2.1,1.4,2007-04-06,0738,Aqua,MODIS,88,6.2,305.4,95,D,0
21.9581,92.42,322.4,2.1,1.4,2007-04-06,0738,Aqua,MODIS,58,6.2,302,25.7,D,0
22.1259,92.2862,326.5,2.1,1.4,2007-04-06,0738,Aqua,MODIS,74,6.2,302.1,39.6,D,0
22.2984,92.443,320.4,2.1,1.4,2007-04-06,0738,Aqua,MODIS,63,6.2,302.5,23.3,D,0
22.0439,92.362,320.7,2.1,1.4,2007-04-06,0738,Aqua,MODIS,49,6.2,301,23.8,D,0
22.0418,92.3416,323.2,2.1,1.4,2007-04-06,0738,Aqua,MODIS,51,6.2,301.7,29.7,D,0
22.0671,92.3393,333.5,2.1,1.4,2007-04-06,0738,Aqua,MODIS,80,6.2,298.7,66.8,D,0
21.7758,92.293,343,2.1,1.4,2007-04-06,0738,Aqua,MODIS,89,6.2,303.9,105.2,D,0
22.8488,92.378,329.9,2.2,1.4,2007-04-06,0739,Aqua,MODIS,69,6.2,300.7,54.4,D,0
22.8085,91.9972,322.5,2,1.4,2007-04-06,0739,Aqua,MODIS,68,6.2,297.7,31.1,D,0
22.8097,91.9906,327.6,2,1.4,2007-04-06,0739,Aqua,MODIS,77,6.2,297.3,47.9,D,0
23.2912,92.1255,319.4,2.1,1.4,2007-04-06,0739,Aqua,MODIS,53,6.2,299.8,20.8,D,0
23.2933,92.1463,319.6,2.1,1.4,2007-04-06,0739,Aqua,MODIS,56,6.2,297.9,21.1,D,0
23.4968,91.9857,321.1,2.1,1.4,2007-04-06,0739,Aqua,MODIS,35,6.2,297.4,24.4,D,0
23.5117,91.9992,323.4,2.1,1.4,2007-04-06,0739,Aqua,MODIS,52,6.2,297,33.6,D,0
22.6767,92.4727,320,2.2,1.4,2007-04-06,0739,Aqua,MODIS,57,6.2,301,19.3,D,0
22.6297,92.0079,318.3,2,1.4,2007-04-06,0739,Aqua,MODIS,55,6.2,298.5,20.5,D,0
23.6769,92.0938,320.3,2.1,1.4,2007-04-06,0739,Aqua,MODIS,44,6.2,295.8,26.9,D,0
23.4507,92.0321,338.4,2.1,1.4,2007-04-06,0739,Aqua,MODIS,87,6.2,298.6,92.3,D,0
23.4466,92.0195,339.1,2.1,1.4,2007-04-06,0739,Aqua,MODIS,88,6.2,297.7,94.9,D,0
22.9292,91.7768,324.1,2,1.4,2007-04-06,0739,Aqua,MODIS,72,6.2,300.6,28.5,D,0
23.4487,92.0397,325.1,2.1,1.4,2007-04-06,0739,Aqua,MODIS,74,6.2,298.3,41,D,0
23.4131,92.0646,329.9,2.1,1.4,2007-04-06,0739,Aqua,MODIS,77,6.2,298.7,55.7,D,0
23.4005,92.0661,361.2,2.1,1.4,2007-04-06,0739,Aqua,MODIS,100,6.2,300,231.3,D,0
23.4026,92.0865,345.2,2.1,1.4,2007-04-06,0739,Aqua,MODIS,92,6.2,296,124,D,0
23.3879,92.0674,360.1,2.1,1.4,2007-04-06,0739,Aqua,MODIS,100,6.2,301.5,219.8,D,0
23.3899,92.0878,365.8,2.1,1.4,2007-04-06,0739,Aqua,MODIS,100,6.2,300.3,268.3,D,0
23.3753,92.0688,357.1,2.1,1.4,2007-04-06,0739,Aqua,MODIS,98,6.2,300.8,197,D,0
23.3773,92.0892,333.1,2.1,1.4,2007-04-06,0739,Aqua,MODIS,83,6.2,298.6,63.1,D,0
23.3647,92.0906,322.1,2.1,1.4,2007-04-06,0739,Aqua,MODIS,57,6.2,297.2,27,D,0
23.3649,92.096,320.4,2.1,1.4,2007-04-06,0739,Aqua,MODIS,32,6.2,297.3,21.6,D,0
23.4582,92.2383,327,2.2,1.4,2007-04-06,0739,Aqua,MODIS,77,6.2,299.3,50.4,D,0
23.4577,92.2457,347.3,2.2,1.4,2007-04-06,0739,Aqua,MODIS,93,6.2,299.7,148.8,D,0
23.4449,92.2473,317,2.2,1.4,2007-04-06,0739,Aqua,MODIS,56,6.2,298.2,22,D,0
23.6495,92.0771,333.8,2.1,1.4,2007-04-06,0739,Aqua,MODIS,81,6.2,299.3,73.2,D,0
23.6516,92.098,337.8,2.1,1.4,2007-04-06,0739,Aqua,MODIS,87,6.2,294,91.3,D,0
23.1968,92.2274,321.5,2.1,1.4,2007-04-06,0739,Aqua,MODIS,68,6.2,296.9,30.4,D,0
23.1977,92.2326,321.7,2.1,1.4,2007-04-06,0739,Aqua,MODIS,65,6.2,297.5,28.7,D,0
23.1617,92.2576,318.4,2.1,1.4,2007-04-06,0739,Aqua,MODIS,49,6.2,299.1,20.6,D,0
23.1638,92.2779,323.3,2.1,1.4,2007-04-06,0739,Aqua,MODIS,72,6.2,297.4,37,D,0
23.0638,91.9228,321.4,2,1.4,2007-04-06,0739,Aqua,MODIS,68,6.2,300.3,25.8,D,0
22.87,92.3319,348.3,2.1,1.4,2007-04-06,0739,Aqua,MODIS,94,6.2,300.1,145.5,D,0
22.8678,92.3104,360.3,2.1,1.4,2007-04-06,0739,Aqua,MODIS,100,6.2,302,229.7,D,0
22.8805,92.309,326.1,2.1,1.4,2007-04-06,0739,Aqua,MODIS,54,6.2,299,39.2,D,0
22.8933,92.3076,327.4,2.1,1.4,2007-04-06,0739,Aqua,MODIS,76,6.2,299.1,49.5,D,0
24.8968,89.601,316.2,1.5,1.2,2007-04-06,0739,Aqua,MODIS,0,6.2,297.5,10.5,D,0
23.071,91.9097,319.3,2,1.4,2007-04-06,0739,Aqua,MODIS,63,6.2,299.5,19.9,D,0
22.6919,92.4939,361.3,2.2,1.4,2007-04-06,0739,Aqua,MODIS,100,6.2,301.9,247.9,D,0
23.415,91.9619,315,2.1,1.4,2007-04-06,0739,Aqua,MODIS,39,6.2,295.9,12.1,D,0
22.7818,92.3476,321.8,2.1,1.4,2007-04-06,0739,Aqua,MODIS,67,6.2,300.5,31.1,D,0
23.4612,92.0104,321.2,2.1,1.4,2007-04-06,0739,Aqua,MODIS,42,6.2,299.5,26.8,D,0
23.4487,92.012,326,2.1,1.4,2007-04-06,0739,Aqua,MODIS,76,6.2,297.6,41.7,D,0
22.8375,92.3851,326.4,2.2,1.4,2007-04-06,0739,Aqua,MODIS,75,6.2,299.9,44.9,D,0
22.8503,92.3837,328.9,2.2,1.4,2007-04-06,0739,Aqua,MODIS,78,6.2,300.6,51.4,D,0
22.8594,92.3552,321.1,2.2,1.4,2007-04-06,0739,Aqua,MODIS,45,6.2,300.8,25.8,D,0
22.8572,92.3335,319.7,2.1,1.4,2007-04-06,0739,Aqua,MODIS,50,6.2,300.1,22.3,D,0
23.237,92.1186,322.6,2.1,1.4,2007-04-06,0739,Aqua,MODIS,70,6.2,299.4,30.9,D,0
23.2689,92.1775,319.7,2.1,1.4,2007-04-06,0739,Aqua,MODIS,64,6.2,299.1,24.6,D,0
22.7301,91.9689,316.5,2,1.4,2007-04-06,0739,Aqua,MODIS,44,6.2,295.7,17.3,D,0
23.4602,92.2587,351.4,2.2,1.4,2007-04-06,0739,Aqua,MODIS,95,6.2,299.4,174.4,D,0
23.4474,92.2603,321.7,2.2,1.4,2007-04-06,0739,Aqua,MODIS,69,6.2,299.1,34.1,D,0
23.4598,92.2661,339.6,2.2,1.4,2007-04-06,0739,Aqua,MODIS,88,6.2,298.6,105.8,D,0
22.7625,92.4217,332.7,2.2,1.4,2007-04-06,0739,Aqua,MODIS,77,6.2,301.7,65.3,D,0
22.7603,92.4012,320.8,2.2,1.4,2007-04-06,0739,Aqua,MODIS,22,6.2,300.7,21.3,D,0
22.7627,92.4147,335.2,2.2,1.4,2007-04-06,0739,Aqua,MODIS,80,6.2,301.7,76.7,D,0
22.7775,92.4336,318.7,2.2,1.4,2007-04-06,0739,Aqua,MODIS,56,6.2,301.1,19.8,D,0
22.7755,92.4132,325,2.2,1.4,2007-04-06,0739,Aqua,MODIS,69,6.2,301.2,38.6,D,0
22.8508,92.3988,325.3,2.2,1.4,2007-04-06,0739,Aqua,MODIS,64,6.2,300.7,39.6,D,0
23.447,92.2675,316.1,2.2,1.4,2007-04-06,0739,Aqua,MODIS,52,6.2,299.1,19.7,D,0
23.3178,91.8743,318.6,2,1.4,2007-04-06,0739,Aqua,MODIS,61,6.2,297.5,19.3,D,0
23.3165,91.8799,318.8,2,1.4,2007-04-06,0739,Aqua,MODIS,61,6.2,297.9,20.5,D,0
23.4452,92.249,341.5,3.4,1.7,2007-04-07,0512,Terra,MODIS,91,6.2,293.1,230.4,D,0
23.4495,92.2436,339.8,3.4,1.7,2007-04-07,0512,Terra,MODIS,89,6.2,292.9,219.4,D,0
23.3753,92.1546,312,3.3,1.7,2007-04-07,0512,Terra,MODIS,41,6.2,292.6,30.3,D,0
23.3716,92.1591,313.7,3.3,1.7,2007-04-07,0512,Terra,MODIS,55,6.2,292.3,35.6,D,0
23.4428,92.2756,322.5,3.4,1.7,2007-04-07,0512,Terra,MODIS,74,6.2,293,86.3,D,0
22.3025,92.3816,313.6,3.7,1.8,2007-04-07,0513,Terra,MODIS,30,6.2,292,30,D,0
22.0759,92.4531,339.4,3.8,1.8,2007-04-07,0513,Terra,MODIS,89,6.2,295.2,243.8,D,0
22.0681,92.4472,313.2,3.8,1.8,2007-04-07,0513,Terra,MODIS,56,6.2,295,36.5,D,0
22.0184,92.2866,323.5,3.7,1.8,2007-04-07,0513,Terra,MODIS,76,6.2,293.9,95.3,D,0
22.0104,92.3243,315.2,3.7,1.8,2007-04-07,0513,Terra,MODIS,63,6.2,293.6,43.4,D,0
22.3095,92.3491,313.6,3.6,1.8,2007-04-07,0513,Terra,MODIS,39,6.2,292.4,31.6,D,0
21.5703,92.4158,318,3.8,1.8,2007-04-07,0513,Terra,MODIS,68,6.2,296.3,58.9,D,0
22.3172,92.3443,313.9,3.6,1.8,2007-04-07,0513,Terra,MODIS,59,6.2,293.8,38,D,0
22.0831,92.4192,325.8,3.7,1.8,2007-04-07,0513,Terra,MODIS,79,6.2,295,115.7,D,0
22.1074,92.439,331.2,2.3,1.5,2007-04-07,0643,Aqua,MODIS,73,6.2,298.1,67.7,D,0
22.3886,92.2373,315.6,2.4,1.5,2007-04-07,0643,Aqua,MODIS,41,6.2,297.4,17.1,D,0
22.918,92.3159,327,2.3,1.5,2007-04-07,0643,Aqua,MODIS,79,6.2,296.7,58.6,D,0
22.9137,92.2932,323.8,2.3,1.5,2007-04-07,0643,Aqua,MODIS,70,6.2,296.3,46.1,D,0
22.931,92.3131,325.3,2.3,1.5,2007-04-07,0643,Aqua,MODIS,77,6.2,296.5,51.7,D,0
22.9266,92.2898,322.6,2.3,1.5,2007-04-07,0643,Aqua,MODIS,68,6.2,296.3,41.6,D,0
22.9276,92.3089,331.1,2.3,1.5,2007-04-07,0643,Aqua,MODIS,83,6.2,296.6,73.1,D,0
21.4948,92.4033,318.9,2.4,1.5,2007-04-07,0643,Aqua,MODIS,38,6.2,298.8,28.3,D,0
21.4908,92.3821,352.3,2.4,1.5,2007-04-07,0643,Aqua,MODIS,95,6.2,300.5,217.4,D,0
22.3928,92.2602,324.8,2.4,1.5,2007-04-07,0643,Aqua,MODIS,73,6.2,298.7,48.6,D,0
22.4012,92.253,341.9,2.4,1.5,2007-04-07,0643,Aqua,MODIS,90,6.2,298.8,134,D,0
21.4893,92.4001,321.2,2.4,1.5,2007-04-07,0643,Aqua,MODIS,58,6.2,299.3,39,D,0
22.3102,92.3997,329.5,2.3,1.5,2007-04-07,0643,Aqua,MODIS,63,6.2,297.9,57.7,D,0
22.1954,92.3592,321.1,2.4,1.5,2007-04-07,0643,Aqua,MODIS,42,6.2,298.1,30,D,0
22.226,92.3573,317.2,2.4,1.5,2007-04-07,0643,Aqua,MODIS,27,6.2,299.8,20.2,D,0
21.4853,92.3796,340.2,2.4,1.5,2007-04-07,0643,Aqua,MODIS,87,6.2,300.7,132.7,D,0
21.5025,92.397,328.4,2.4,1.5,2007-04-07,0643,Aqua,MODIS,75,6.2,298.5,65,D,0
21.4984,92.3758,332.9,2.4,1.5,2007-04-07,0643,Aqua,MODIS,81,6.2,300,88.9,D,0
22.1605,92.5132,328.9,2.3,1.5,2007-04-07,0643,Aqua,MODIS,59,6.2,297.1,57.2,D,0
22.1648,92.5353,345,2.3,1.5,2007-04-07,0643,Aqua,MODIS,91,6.2,296.9,144.3,D,0
22.1436,92.4962,317.6,2.3,1.5,2007-04-07,0643,Aqua,MODIS,35,6.2,296.2,19.4,D,0
22.1476,92.5163,324.7,2.3,1.5,2007-04-07,0643,Aqua,MODIS,71,6.2,296.2,45,D,0
22.1518,92.5381,326.4,2.3,1.5,2007-04-07,0643,Aqua,MODIS,69,6.2,295.9,52.1,D,0
22.191,92.3887,325.5,2.4,1.5,2007-04-07,0643,Aqua,MODIS,31,6.2,298.2,42.3,D,0
22.1998,92.4351,353.2,2.3,1.5,2007-04-07,0643,Aqua,MODIS,96,6.2,293.9,205.3,D,0
22.1565,92.5621,344.8,2.3,1.5,2007-04-07,0643,Aqua,MODIS,91,6.2,296.8,143.6,D,0
22.1307,92.4995,342.7,2.3,1.5,2007-04-07,0643,Aqua,MODIS,90,6.2,297.3,122.3,D,0
22.1345,92.519,333.1,2.3,1.5,2007-04-07,0643,Aqua,MODIS,51,6.2,298.7,70.9,D,0
22.1388,92.5407,335.1,2.3,1.5,2007-04-07,0643,Aqua,MODIS,60,6.2,297.4,83.4,D,0
22.1631,92.5188,335.9,2.3,1.5,2007-04-07,0643,Aqua,MODIS,84,6.2,297.2,93.8,D,0
22.1587,92.5679,353.9,2.3,1.5,2007-04-07,0643,Aqua,MODIS,96,6.2,297.7,208.4,D,0
22.1501,92.5217,338.7,2.3,1.5,2007-04-07,0643,Aqua,MODIS,87,6.2,296.9,105.9,D,0
22.1546,92.5456,326.8,2.3,1.5,2007-04-07,0643,Aqua,MODIS,53,6.2,295.9,49.7,D,0
22.1335,92.5056,334,2.3,1.5,2007-04-07,0643,Aqua,MODIS,83,6.2,296.9,82.5,D,0
22.1371,92.5245,341.2,2.3,1.5,2007-04-07,0643,Aqua,MODIS,89,6.2,298.3,123,D,0
22.1415,92.548,334.3,2.3,1.5,2007-04-07,0643,Aqua,MODIS,83,6.2,296.5,85,D,0
22.1242,92.5275,323.1,2.3,1.5,2007-04-07,0643,Aqua,MODIS,68,6.2,298.8,44.8,D,0
21.8149,92.3586,317.9,2.4,1.5,2007-04-07,0643,Aqua,MODIS,33,6.2,299.3,20.7,D,0
22.3141,92.4197,342.1,2.3,1.5,2007-04-07,0643,Aqua,MODIS,90,6.2,298.7,124.9,D,0
22.327,92.4161,317.8,2.3,1.5,2007-04-07,0643,Aqua,MODIS,40,6.2,297,20.4,D,0
22.3529,92.4094,316.3,2.3,1.5,2007-04-07,0643,Aqua,MODIS,26,6.2,299.5,18,D,0
22.1162,92.4853,325.5,2.3,1.5,2007-04-07,0643,Aqua,MODIS,44,6.2,297.9,46.4,D,0
22.1292,92.4823,357.3,2.3,1.5,2007-04-07,0643,Aqua,MODIS,98,6.2,299.3,238.1,D,0
22.4962,92.4651,323.6,2.3,1.5,2007-04-07,0643,Aqua,MODIS,71,6.2,299.9,41.8,D,0
22.1675,92.5427,328.5,2.3,1.5,2007-04-07,0643,Aqua,MODIS,76,6.2,296.4,60.1,D,0
21.7485,92.3717,320,2.4,1.5,2007-04-07,0643,Aqua,MODIS,59,6.2,300.1,28.6,D,0
22.1261,92.4759,343.1,2.3,1.5,2007-04-07,0643,Aqua,MODIS,90,6.2,299.6,123.4,D,0
21.8663,92.2182,322.9,2.5,1.5,2007-04-07,0643,Aqua,MODIS,68,6.2,299.9,39.9,D,0
21.8796,92.215,321,2.5,1.5,2007-04-07,0643,Aqua,MODIS,47,6.2,300.2,33,D,0
21.8875,92.2064,320.1,2.5,1.5,2007-04-07,0643,Aqua,MODIS,52,6.2,300.4,30.6,D,0
21.6512,92.351,324.9,2.4,1.5,2007-04-07,0643,Aqua,MODIS,70,6.2,301.1,43.5,D,0
21.9421,92.4835,351.8,2.3,1.5,2007-04-07,0643,Aqua,MODIS,95,6.2,298.3,198,D,0
22.2878,92.3552,334.2,2.4,1.5,2007-04-07,0643,Aqua,MODIS,84,6.2,300,81.6,D,0
22.301,92.3525,334.5,2.4,1.5,2007-04-07,0643,Aqua,MODIS,84,6.2,298.8,82.6,D,0
22.0645,92.499,357.6,2.3,1.5,2007-04-07,0643,Aqua,MODIS,98,6.2,294.8,244,D,0
22.0601,92.4762,341.3,2.3,1.5,2007-04-07,0643,Aqua,MODIS,89,6.2,299.2,125.4,D,0
22.3097,92.3272,325.7,2.4,1.5,2007-04-07,0643,Aqua,MODIS,74,6.2,299.9,48.4,D,0
21.9585,92.4865,320.3,2.3,1.5,2007-04-07,0643,Aqua,MODIS,40,6.2,298.3,30.6,D,0
21.9457,92.4907,348.5,2.3,1.5,2007-04-07,0643,Aqua,MODIS,93,6.2,297.6,173.8,D,0
22.0776,92.4965,326.9,2.3,1.5,2007-04-07,0643,Aqua,MODIS,74,6.2,296,57.4,D,0
22.073,92.4729,343,2.3,1.5,2007-04-07,0643,Aqua,MODIS,90,6.2,298.1,136.4,D,0
22.3133,92.4048,347.4,2.3,1.5,2007-04-07,0643,Aqua,MODIS,93,6.2,297.6,157,D,0
22.103,92.4158,336,2.4,1.5,2007-04-07,0643,Aqua,MODIS,85,6.2,300.5,91.8,D,0
22.0681,92.4476,328.1,2.3,1.5,2007-04-07,0643,Aqua,MODIS,76,6.2,299,59.2,D,0
22.0813,92.4449,326.4,2.3,1.5,2007-04-07,0643,Aqua,MODIS,74,6.2,297.2,53.4,D,0
21.9942,92.471,326,2.3,1.5,2007-04-07,0643,Aqua,MODIS,67,6.2,298.7,47.9,D,0
22.0072,92.4679,319.6,2.3,1.5,2007-04-07,0643,Aqua,MODIS,52,6.2,298.1,27.3,D,0
21.6436,92.3578,334.5,2.4,1.5,2007-04-07,0643,Aqua,MODIS,83,6.2,301.5,90.8,D,0
21.9942,92.3276,339.8,2.4,1.5,2007-04-07,0643,Aqua,MODIS,85,6.2,300.9,113.4,D,0
21.3313,92.1775,321.5,2.5,1.5,2007-04-07,0643,Aqua,MODIS,61,6.2,302.8,34,D,0
21.6379,92.354,327.8,2.4,1.5,2007-04-07,0643,Aqua,MODIS,73,6.2,301.7,53.4,D,0
21.3448,92.1745,318.8,2.5,1.5,2007-04-07,0643,Aqua,MODIS,31,6.2,302.2,23.3,D,0
21.3426,92.1928,318.8,2.5,1.5,2007-04-07,0643,Aqua,MODIS,26,6.2,302.2,25.9,D,0
21.3379,92.1687,321.5,2.5,1.5,2007-04-07,0643,Aqua,MODIS,59,6.2,302.5,33.9,D,0
21.3785,92.1595,323.1,2.5,1.5,2007-04-07,0643,Aqua,MODIS,66,6.2,302.3,42.7,D,0
22.7332,92.4595,332,2.3,1.5,2007-04-07,0643,Aqua,MODIS,83,6.2,299.8,75,D,0
21.4239,92.4664,343.9,2.4,1.5,2007-04-07,0643,Aqua,MODIS,90,6.2,302,150.2,D,0
21.6392,92.3345,321.7,2.4,1.5,2007-04-07,0643,Aqua,MODIS,62,6.2,302.1,32,D,0
21.5999,92.2742,317.8,2.5,1.5,2007-04-07,0643,Aqua,MODIS,30,6.2,301.3,23.9,D,0
22.0947,92.2999,339.5,2.4,1.5,2007-04-07,0643,Aqua,MODIS,88,6.2,299.9,114.8,D,0
22.2042,92.4582,338.3,2.3,1.5,2007-04-07,0643,Aqua,MODIS,87,6.2,295.9,106.4,D,0
21.604,92.4396,350.9,2.4,1.5,2007-04-07,0643,Aqua,MODIS,95,6.2,301.7,195.6,D,0
21.6085,92.463,330.3,2.4,1.5,2007-04-07,0643,Aqua,MODIS,78,6.2,300.6,71.1,D,0
21.3738,92.135,329.2,2.6,1.5,2007-04-07,0643,Aqua,MODIS,77,6.2,302,70.4,D,0
21.9936,92.277,328.4,2.4,1.5,2007-04-07,0643,Aqua,MODIS,67,6.2,299,60.1,D,0
21.9984,92.3012,334.2,2.4,1.5,2007-04-07,0643,Aqua,MODIS,67,6.2,299.3,82.6,D,0
22.3041,92.4282,364.2,2.3,1.5,2007-04-07,0643,Aqua,MODIS,100,6.2,301.4,302.8,D,0
22.3054,92.4446,332.6,2.3,1.5,2007-04-07,0643,Aqua,MODIS,82,6.2,300.8,77.1,D,0
22.3012,92.423,347.9,2.3,1.5,2007-04-07,0643,Aqua,MODIS,93,6.2,301.2,161.5,D,0
21.9992,92.2815,336.1,2.4,1.5,2007-04-07,0643,Aqua,MODIS,85,6.2,298.1,98.9,D,0
22.0035,92.3042,333.7,2.4,1.5,2007-04-07,0643,Aqua,MODIS,83,6.2,297.2,84.7,D,0
21.7437,92.474,347.6,2.4,1.5,2007-04-07,0643,Aqua,MODIS,93,6.2,300.9,165.5,D,0
21.5205,92.49,322.3,2.4,1.5,2007-04-07,0643,Aqua,MODIS,62,6.2,297.8,39.8,D,0
21.8445,92.3917,327.6,2.4,1.5,2007-04-07,0643,Aqua,MODIS,76,6.2,301.6,53.6,D,0
21.8494,92.395,328.9,2.4,1.5,2007-04-07,0643,Aqua,MODIS,77,6.2,301.4,60.4,D,0
21.5864,92.4017,318.9,2.4,1.5,2007-04-07,0643,Aqua,MODIS,26,6.2,300.8,22.5,D,0
21.7567,92.4701,343.1,2.4,1.5,2007-04-07,0643,Aqua,MODIS,90,6.2,300.3,133.5,D,0
21.761,92.4931,338.7,2.4,1.5,2007-04-07,0643,Aqua,MODIS,87,6.2,299.9,108.4,D,0
21.7482,92.4976,342.8,2.4,1.5,2007-04-07,0643,Aqua,MODIS,90,6.2,300,132.8,D,0
22.4937,92.4585,323.2,2.3,1.5,2007-04-07,0643,Aqua,MODIS,71,6.2,300.1,36.7,D,0
22.3171,92.4251,333,2.3,1.5,2007-04-07,0643,Aqua,MODIS,82,6.2,298.3,75.3,D,0
22.3249,92.5387,324.8,2.3,1.5,2007-04-07,0643,Aqua,MODIS,72,6.2,300.2,47.5,D,0
22.3228,92.5331,325.9,2.3,1.5,2007-04-07,0643,Aqua,MODIS,74,6.2,299.8,48,D,0
22.1867,92.4378,335.1,2.3,1.5,2007-04-07,0643,Aqua,MODIS,84,6.2,297,90.1,D,0
22.1076,92.3681,330,2.4,1.5,2007-04-07,0643,Aqua,MODIS,40,6.2,298.4,57.4,D,0
22.1425,92.4082,330.1,2.4,1.5,2007-04-07,0643,Aqua,MODIS,52,6.2,299.1,59,D,0
22.1037,92.362,334.6,2.4,1.5,2007-04-07,0643,Aqua,MODIS,41,6.2,299.6,73.9,D,0
22.1864,92.5069,334.7,2.3,1.5,2007-04-07,0643,Aqua,MODIS,83,6.2,297.8,87.2,D,0
22.1828,92.4883,348.3,2.3,1.5,2007-04-07,0643,Aqua,MODIS,93,6.2,298.2,167.1,D,0
22.1994,92.5044,355.1,2.3,1.5,2007-04-07,0643,Aqua,MODIS,97,6.2,297.2,222.3,D,0
22.2122,92.5007,330.9,2.3,1.5,2007-04-07,0643,Aqua,MODIS,80,6.2,295.5,74.6,D,0
22.3003,92.4083,334.4,2.3,1.5,2007-04-07,0643,Aqua,MODIS,84,6.2,299.4,83.9,D,0
22.1519,92.3983,366.9,2.4,1.5,2007-04-07,0643,Aqua,MODIS,100,6.2,301.5,327.9,D,0
22.1649,92.395,365.2,2.4,1.5,2007-04-07,0643,Aqua,MODIS,100,6.2,299.7,309.6,D,0
22.1475,92.3045,324.3,2.4,1.5,2007-04-07,0643,Aqua,MODIS,51,6.2,299.3,38.3,D,0
22.1779,92.3916,325.5,2.4,1.5,2007-04-07,0643,Aqua,MODIS,29,6.2,298.3,40.9,D,0
22.1735,92.3689,330.1,2.4,1.5,2007-04-07,0643,Aqua,MODIS,48,6.2,299.6,56.3,D,0
22.1695,92.4189,336.7,2.3,1.5,2007-04-07,0643,Aqua,MODIS,82,6.2,294.7,87.7,D,0
22.0117,92.3471,333,2.4,1.5,2007-04-07,0643,Aqua,MODIS,70,6.2,298.2,79.1,D,0
22.016,92.3699,320.7,2.4,1.5,2007-04-07,0643,Aqua,MODIS,56,6.2,297.5,31.6,D,0
22.0028,92.3728,323.2,2.4,1.5,2007-04-07,0643,Aqua,MODIS,58,6.2,296.7,37.3,D,0
21.9853,92.3532,330.8,2.4,1.5,2007-04-07,0643,Aqua,MODIS,68,6.2,300.3,67,D,0
21.9896,92.3757,325,2.4,1.5,2007-04-07,0643,Aqua,MODIS,38,6.2,298.5,40.7,D,0
21.9545,92.3361,328.4,2.4,1.5,2007-04-07,0643,Aqua,MODIS,77,6.2,298.4,63.2,D,0
21.9589,92.3588,350.5,2.4,1.5,2007-04-07,0643,Aqua,MODIS,95,6.2,299.6,192.5,D,0
22.3573,92.5025,321.5,2.3,1.5,2007-04-07,0643,Aqua,MODIS,66,6.2,299.5,35.2,D,0
22.3703,92.5001,319.4,2.3,1.5,2007-04-07,0643,Aqua,MODIS,61,6.2,297.9,28.3,D,0
21.4463,92.3667,344.5,2.5,1.5,2007-04-07,0643,Aqua,MODIS,91,6.2,299.1,161.3,D,0
22.3315,92.298,316.6,2.4,1.5,2007-04-07,0643,Aqua,MODIS,49,6.2,298.6,17.6,D,0
22.2971,92.4021,329.3,2.3,1.5,2007-04-07,0643,Aqua,MODIS,67,6.2,299.3,56.2,D,0
22.2035,92.5259,332.3,2.3,1.5,2007-04-07,0643,Aqua,MODIS,81,6.2,298,81.4,D,0
21.8971,92.4504,326.9,2.4,1.5,2007-04-07,0643,Aqua,MODIS,72,6.2,300.9,50.3,D,0
21.9015,92.4735,343,2.4,1.5,2007-04-07,0643,Aqua,MODIS,90,6.2,301.4,134.8,D,0
22.2656,92.1522,333.7,2.4,1.5,2007-04-07,0643,Aqua,MODIS,83,6.2,298.8,95.6,D,0
22.2651,92.17,315.5,2.4,1.5,2007-04-07,0643,Aqua,MODIS,42,6.2,298,20.2,D,0
22.1867,92.3663,352.6,2.4,1.5,2007-04-07,0643,Aqua,MODIS,96,6.2,298.3,197.4,D,0
22.2605,92.1467,331,2.4,1.5,2007-04-07,0643,Aqua,MODIS,81,6.2,298.4,82.9,D,0
22.1565,92.4225,333.7,2.3,1.5,2007-04-07,0643,Aqua,MODIS,59,6.2,297.5,72.2,D,0
22.0378,92.4854,336.1,2.3,1.5,2007-04-07,0643,Aqua,MODIS,85,6.2,299.1,91.9,D,0
22.0333,92.4616,343.5,2.3,1.5,2007-04-07,0643,Aqua,MODIS,90,6.2,299.8,134.8,D,0
21.8922,92.2299,319.3,2.5,1.5,2007-04-07,0643,Aqua,MODIS,49,6.2,299.3,28.8,D,0
22.0511,92.4841,347.9,2.3,1.5,2007-04-07,0643,Aqua,MODIS,93,6.2,297.7,165.9,D,0
22.3231,92.3961,336.2,2.3,1.5,2007-04-07,0643,Aqua,MODIS,85,6.2,295.9,95,D,0
22.3262,92.4011,330.2,2.3,1.5,2007-04-07,0643,Aqua,MODIS,63,6.2,296.2,61,D,0
22.2914,92.3611,351.8,2.4,1.5,2007-04-07,0643,Aqua,MODIS,95,6.2,300,193.1,D,0
22.6776,92.3121,330.2,2.3,1.5,2007-04-07,0643,Aqua,MODIS,71,6.2,297.6,71,D,0
22.6678,92.3214,316.7,2.3,1.5,2007-04-07,0643,Aqua,MODIS,42,6.2,299.2,19.2,D,0
22.0465,92.4596,357.7,2.3,1.5,2007-04-07,0643,Aqua,MODIS,98,6.2,299.8,242.4,D,0
22.064,92.4803,356.8,2.3,1.5,2007-04-07,0643,Aqua,MODIS,98,6.2,300,234.4,D,0
22.0596,92.4565,323.2,2.3,1.5,2007-04-07,0643,Aqua,MODIS,49,6.2,299,36,D,0
22.791,92.3514,333.9,2.3,1.5,2007-04-07,0643,Aqua,MODIS,80,6.2,298.4,87.7,D,0
22.7869,92.3298,340.1,2.3,1.5,2007-04-07,0643,Aqua,MODIS,78,6.2,298.7,120.7,D,0
22.0472,92.48,366.8,2.3,1.5,2007-04-07,0643,Aqua,MODIS,100,6.2,298.7,333,D,0
22.0423,92.4551,357.1,2.3,1.5,2007-04-07,0643,Aqua,MODIS,98,6.2,300.5,239.7,D,0
22.6807,92.3178,326.8,2.3,1.5,2007-04-07,0643,Aqua,MODIS,67,6.2,297.1,53.4,D,0
22.7685,92.3617,313.7,2.3,1.5,2007-04-07,0643,Aqua,MODIS,26,6.2,296.9,12.9,D,0
21.7534,92.3967,317.3,2.4,1.5,2007-04-07,0643,Aqua,MODIS,20,6.2,300.4,17.2,D,0
21.7531,92.3778,328.1,2.4,1.5,2007-04-07,0643,Aqua,MODIS,75,6.2,299.9,60.8,D,0
21.6562,92.5693,323.5,2.3,1.5,2007-04-07,0643,Aqua,MODIS,61,6.2,300.9,44.7,D,0
22.0552,92.506,321.5,2.3,1.5,2007-04-07,0643,Aqua,MODIS,55,6.2,297.1,33.9,D,0
22.0683,92.5034,346,2.3,1.5,2007-04-07,0643,Aqua,MODIS,92,6.2,294.3,151.5,D,0
21.4111,92.4534,364.8,2.4,1.5,2007-04-07,0643,Aqua,MODIS,100,6.2,302.9,332.4,D,0
21.4073,92.4329,333.2,2.4,1.5,2007-04-07,0643,Aqua,MODIS,81,6.2,300.6,89.4,D,0
21.4065,92.448,346.1,2.4,1.5,2007-04-07,0643,Aqua,MODIS,92,6.2,301.8,169.5,D,0
21.4197,92.4448,351.9,2.4,1.5,2007-04-07,0643,Aqua,MODIS,95,6.2,302.1,208.7,D,0
22.0948,92.317,329.6,2.4,1.5,2007-04-07,0643,Aqua,MODIS,44,6.2,299.3,56.2,D,0
21.5252,92.5142,325.4,2.4,1.5,2007-04-07,0643,Aqua,MODIS,70,6.2,298.2,50.5,D,0
21.4331,92.3701,326.5,2.5,1.5,2007-04-07,0643,Aqua,MODIS,72,6.2,299.1,62.5,D,0
21.9059,92.4248,321.2,2.4,1.5,2007-04-07,0643,Aqua,MODIS,38,6.2,302.3,28,D,0
21.8796,92.4306,324.8,2.4,1.5,2007-04-07,0643,Aqua,MODIS,69,6.2,300,41,D,0
21.8232,92.4022,320.4,2.4,1.5,2007-04-07,0643,Aqua,MODIS,49,6.2,301.6,27.4,D,0
21.9897,92.4472,343.2,2.4,1.5,2007-04-07,0643,Aqua,MODIS,90,6.2,300.9,136.3,D,0
21.9859,92.4986,326.2,2.3,1.5,2007-04-07,0643,Aqua,MODIS,52,6.2,299.3,51.2,D,0
21.6255,92.5515,331.8,2.4,1.5,2007-04-07,0643,Aqua,MODIS,79,6.2,301.7,74.9,D,0
22.099,92.3224,323.6,2.4,1.5,2007-04-07,0643,Aqua,MODIS,58,6.2,298.8,37.9,D,0
22.0859,92.326,354.8,2.4,1.5,2007-04-07,0643,Aqua,MODIS,97,6.2,299.4,221.4,D,0
22.0902,92.3484,332.6,2.4,1.5,2007-04-07,0643,Aqua,MODIS,77,6.2,299,74.5,D,0
22.0945,92.371,339.4,2.4,1.5,2007-04-07,0643,Aqua,MODIS,83,6.2,300.5,107.4,D,0
23.5672,91.978,314.8,2.4,1.5,2007-04-07,0644,Aqua,MODIS,59,6.2,292.5,25.2,D,0
23.4176,92.301,353,2.3,1.5,2007-04-07,0644,Aqua,MODIS,96,6.2,290.8,189.7,D,0
23.4048,92.3041,354.1,2.3,1.5,2007-04-07,0644,Aqua,MODIS,97,6.2,291.3,199.6,D,0
23.3919,92.307,345.1,2.3,1.5,2007-04-07,0644,Aqua,MODIS,93,6.2,299.4,134.5,D,0
23.4193,92.3076,340,2.3,1.5,2007-04-07,0644,Aqua,MODIS,90,6.2,289.4,110.2,D,0
23.5821,92.2597,311.9,2.3,1.5,2007-04-07,0644,Aqua,MODIS,41,6.2,295.9,16,D,0
23.4264,92.2778,330.6,2.3,1.5,2007-04-07,0644,Aqua,MODIS,32,6.2,296.3,59.1,D,0
22.9777,91.6303,317.3,2.6,1.5,2007-04-07,0644,Aqua,MODIS,59,6.2,295.1,29.8,D,0
23.4432,92.295,382.5,2.3,1.5,2007-04-07,0644,Aqua,MODIS,100,6.2,298.2,504.5,D,0
23.4065,92.3107,376,2.3,1.5,2007-04-07,0644,Aqua,MODIS,100,6.2,290.4,416.9,D,0
23.4881,92.2587,311.9,2.3,1.5,2007-04-07,0644,Aqua,MODIS,43,6.2,295.4,15.6,D,0
23.4905,92.2625,312.1,2.3,1.5,2007-04-07,0644,Aqua,MODIS,28,6.2,295.6,15.1,D,0
23.4393,92.2748,360.2,2.3,1.5,2007-04-07,0644,Aqua,MODIS,100,6.2,298.2,253.4,D,0
23.6539,92.0757,329.1,2.3,1.5,2007-04-07,0644,Aqua,MODIS,78,6.2,294.3,68.7,D,0
23.3936,92.3134,395.3,2.3,1.5,2007-04-07,0644,Aqua,MODIS,100,6.2,301.8,710.4,D,0
23.3063,92.3388,316,2.3,1.5,2007-04-07,0644,Aqua,MODIS,37,6.2,296.3,20,D,0
23.615,92.0847,314.5,2.3,1.5,2007-04-07,0644,Aqua,MODIS,51,6.2,294.1,24.5,D,0
23.4222,92.2559,340.1,2.3,1.5,2007-04-07,0644,Aqua,MODIS,60,6.2,297,104.1,D,0
23.1993,92.2715,317.9,2.3,1.5,2007-04-07,0644,Aqua,MODIS,53,6.2,297.9,25.7,D,0
23.2935,92.3415,343.7,2.3,1.5,2007-04-07,0644,Aqua,MODIS,92,6.2,297.6,133.2,D,0
23.5267,92.2501,328.8,2.3,1.5,2007-04-07,0644,Aqua,MODIS,81,6.2,296.9,70.7,D,0
23.3898,92.2934,319.8,2.3,1.5,2007-04-07,0644,Aqua,MODIS,53,6.2,298.1,29,D,0
23.2678,92.3473,343.7,2.3,1.5,2007-04-07,0644,Aqua,MODIS,92,6.2,298.2,133.3,D,0
23.4027,92.2906,328.8,2.3,1.5,2007-04-07,0644,Aqua,MODIS,69,6.2,295.8,56,D,0
22.9915,91.8083,312,2.5,1.5,2007-04-07,0644,Aqua,MODIS,26,6.2,291.2,15.7,D,0
23.4154,92.2872,345.9,2.3,1.5,2007-04-07,0644,Aqua,MODIS,93,6.2,296.5,144.1,D,0
23.4479,92.1798,331.2,2.3,1.5,2007-04-07,0644,Aqua,MODIS,73,6.2,293.3,73.9,D,0
23.435,92.1829,322,2.3,1.5,2007-04-07,0644,Aqua,MODIS,55,6.2,294.4,39.3,D,0
23.3603,91.7978,318.7,2.5,1.5,2007-04-07,0644,Aqua,MODIS,69,6.2,290.7,36.8,D,0
23.4115,92.2661,338.5,2.3,1.5,2007-04-07,0644,Aqua,MODIS,89,6.2,297.8,104.8,D,0
23.4093,92.0499,332.4,2.3,1.5,2007-04-07,0644,Aqua,MODIS,84,6.2,294.5,83.8,D,0
23.176,92.2151,320.6,2.3,1.5,2007-04-07,0644,Aqua,MODIS,71,6.2,295.5,34.3,D,0
23.2255,92.1281,312.5,2.3,1.5,2007-04-07,0644,Aqua,MODIS,32,6.2,293.8,12,D,0
23.6547,92.0936,320.4,2.3,1.5,2007-04-07,0644,Aqua,MODIS,71,6.2,292.2,39.7,D,0
23.4136,92.0721,338,2.3,1.5,2007-04-07,0644,Aqua,MODIS,88,6.2,294.2,112,D,0
23.3702,92.0591,322.1,2.3,1.5,2007-04-07,0644,Aqua,MODIS,63,6.2,295.8,40.2,D,0
23.7021,92.129,334.3,2.3,1.5,2007-04-07,0644,Aqua,MODIS,86,6.2,293.3,92.1,D,0
23.4137,92.281,337,2.3,1.5,2007-04-07,0644,Aqua,MODIS,88,6.2,297.4,93.6,D,0
23.6505,92.0718,323.7,2.3,1.5,2007-04-07,0644,Aqua,MODIS,76,6.2,294.2,52,D,0
23.563,91.9568,315.4,2.4,1.5,2007-04-07,0644,Aqua,MODIS,61,6.2,290.7,25.2,D,0
23.2015,92.278,321.2,2.3,1.5,2007-04-07,0644,Aqua,MODIS,72,6.2,297.7,37.3,D,0
23.3171,92.1253,320.2,2.3,1.5,2007-04-07,0644,Aqua,MODIS,71,6.2,294.7,36.5,D,0
23.4303,92.2977,332,2.3,1.5,2007-04-07,0644,Aqua,MODIS,35,6.2,294.8,66.8,D,0
23.5305,92.2701,319.6,2.3,1.5,2007-04-07,0644,Aqua,MODIS,70,6.2,295.8,37.5,D,0
22.0679,92.3532,308.4,1,1,2007-04-07,1608,Terra,MODIS,74,6.2,293.6,7.5,N,0
22.0978,92.4366,314.6,1,1,2007-04-07,1608,Terra,MODIS,90,6.2,293.7,12.1,N,0
21.9412,92.4976,302.7,1,1,2007-04-07,1608,Terra,MODIS,51,6.2,291.3,4.7,N,0
22.7414,92.3666,320.6,1,1,2007-04-07,1608,Terra,MODIS,100,6.2,294.1,17.2,N,0
21.5486,92.4123,320.2,1.4,1.2,2007-04-08,0418,Terra,MODIS,60,6.2,304.4,10.5,D,0
21.5502,92.3995,324.6,1.4,1.2,2007-04-08,0418,Terra,MODIS,73,6.2,303.9,18.1,D,0
22.0588,92.37,329,1.3,1.1,2007-04-08,0726,Aqua,MODIS,78,6.2,297.3,22.8,D,0
21.7922,92.5275,335.8,1.3,1.1,2007-04-08,0726,Aqua,MODIS,84,6.2,305.3,34.5,D,0
22.9868,92.3039,358.2,1.3,1.1,2007-04-08,0726,Aqua,MODIS,99,6.2,297,106.8,D,0
21.5427,92.3924,326.3,1.3,1.1,2007-04-08,0726,Aqua,MODIS,73,6.2,304.9,16.7,D,0
21.5443,92.4049,340.5,1.3,1.1,2007-04-08,0726,Aqua,MODIS,88,6.2,306,45,D,0
21.6866,92.3228,352.9,1.3,1.1,2007-04-08,0726,Aqua,MODIS,96,6.2,302.7,76.8,D,0
21.6751,92.3121,352.4,1.3,1.1,2007-04-08,0726,Aqua,MODIS,96,6.2,304.4,73.9,D,0
21.7552,92.3071,364.8,1.3,1.1,2007-04-08,0726,Aqua,MODIS,100,6.2,303,122,D,0
21.7567,92.3193,332.3,1.3,1.1,2007-04-08,0726,Aqua,MODIS,81,6.2,301.7,26.2,D,0
23.0011,89.5219,318.4,1,1,2007-04-08,0726,Aqua,MODIS,28,6.2,301.9,6.4,D,0
23.0254,89.502,318.4,1,1,2007-04-08,0726,Aqua,MODIS,50,6.2,302.6,7.3,D,0
23.0274,92.3177,342.7,1.3,1.1,2007-04-08,0726,Aqua,MODIS,91,6.2,297.2,58.2,D,0
23.0189,92.312,342.8,1.3,1.1,2007-04-08,0726,Aqua,MODIS,91,6.2,296.7,56.5,D,0
22.9009,92.1064,326.1,1.3,1.1,2007-04-08,0726,Aqua,MODIS,0,6.2,290.7,24.5,D,0
21.9292,92.3882,336.1,1.3,1.1,2007-04-08,0726,Aqua,MODIS,85,6.2,303.2,36.4,D,0
21.9284,92.3951,363.3,1.3,1.1,2007-04-08,0726,Aqua,MODIS,100,6.2,307,122.3,D,0
21.9191,92.3898,341.5,1.3,1.1,2007-04-08,0726,Aqua,MODIS,89,6.2,302.4,48.3,D,0
21.8906,92.2439,327.4,1.3,1.1,2007-04-08,0726,Aqua,MODIS,61,6.2,302.9,16.4,D,0
21.8922,92.2562,338.7,1.3,1.1,2007-04-08,0726,Aqua,MODIS,87,6.2,302,39.1,D,0
21.8937,92.2683,353,1.3,1.1,2007-04-08,0726,Aqua,MODIS,96,6.2,303.6,79,D,0
21.8952,92.2804,340.2,1.3,1.1,2007-04-08,0726,Aqua,MODIS,88,6.2,303.1,44.8,D,0
21.9106,92.4037,332.1,1.3,1.1,2007-04-08,0726,Aqua,MODIS,81,6.2,304.8,26.3,D,0
21.8803,92.4078,349.1,1.3,1.1,2007-04-08,0726,Aqua,MODIS,94,6.2,304.3,66,D,0
21.8818,92.4201,348.8,1.3,1.1,2007-04-08,0726,Aqua,MODIS,94,6.2,301.7,66.8,D,0
21.8717,92.4216,324.9,1.3,1.1,2007-04-08,0726,Aqua,MODIS,50,6.2,303.6,13.4,D,0
21.8292,92.409,327.6,1.3,1.1,2007-04-08,0726,Aqua,MODIS,75,6.2,302.8,18.2,D,0
21.7602,92.183,331.8,1.3,1.1,2007-04-08,0726,Aqua,MODIS,80,6.2,305.4,23.3,D,0
21.7618,92.1952,326.2,1.3,1.1,2007-04-08,0726,Aqua,MODIS,71,6.2,304.5,12.9,D,0
21.7637,92.2935,331.7,1.3,1.1,2007-04-08,0726,Aqua,MODIS,80,6.2,302.3,22.9,D,0
21.7652,92.3056,381.9,1.3,1.1,2007-04-08,0726,Aqua,MODIS,100,6.2,306,210.6,D,0
21.7667,92.3178,324.8,1.3,1.1,2007-04-08,0726,Aqua,MODIS,64,6.2,301.9,13.7,D,0
21.7493,92.2586,354.5,1.3,1.1,2007-04-08,0726,Aqua,MODIS,97,6.2,302.2,81.8,D,0
21.7507,92.2707,325.8,1.3,1.1,2007-04-08,0726,Aqua,MODIS,65,6.2,301.1,12.9,D,0
21.7522,92.2829,343.4,1.3,1.1,2007-04-08,0726,Aqua,MODIS,90,6.2,302,49.6,D,0
21.7537,92.295,358.7,1.3,1.1,2007-04-08,0726,Aqua,MODIS,99,6.2,301.8,97.1,D,0
21.7237,92.2926,328.3,1.3,1.1,2007-04-08,0726,Aqua,MODIS,76,6.2,302.2,18,D,0
21.6736,92.2999,324.7,1.3,1.1,2007-04-08,0726,Aqua,MODIS,48,6.2,303.8,9.2,D,0
22.0637,92.2438,327.1,1.3,1.1,2007-04-08,0726,Aqua,MODIS,75,6.2,304.5,18.1,D,0
21.3827,92.578,320.9,1.3,1.1,2007-04-08,0726,Aqua,MODIS,48,6.2,303.1,13,D,0
21.3843,92.5908,321.3,1.3,1.1,2007-04-08,0726,Aqua,MODIS,51,6.2,303.6,13.1,D,0
21.6411,92.5364,327.2,1.3,1.1,2007-04-08,0726,Aqua,MODIS,72,6.2,304.2,18.1,D,0
21.6614,92.5334,349.8,1.3,1.1,2007-04-08,0726,Aqua,MODIS,94,6.2,304.7,70.6,D,0
21.6513,92.5349,372.7,1.3,1.1,2007-04-08,0726,Aqua,MODIS,100,6.2,306.5,165.8,D,0
22.297,92.3306,324.3,1.3,1.1,2007-04-08,0726,Aqua,MODIS,73,6.2,301.3,14.7,D,0
22.3243,92.3017,322.4,1.3,1.1,2007-04-08,0726,Aqua,MODIS,69,6.2,302.4,10.1,D,0
21.9071,92.0527,324.6,1.2,1.1,2007-04-08,0726,Aqua,MODIS,71,6.2,301.7,16.6,D,0
22.0689,92.3686,345.5,1.3,1.1,2007-04-08,0726,Aqua,MODIS,92,6.2,298.9,61,D,0
21.8163,92.2177,327.2,1.3,1.1,2007-04-08,0726,Aqua,MODIS,75,6.2,303.6,17.3,D,0
21.8177,92.2298,346,1.3,1.1,2007-04-08,0726,Aqua,MODIS,92,6.2,304.3,59.1,D,0
21.8236,92.2783,322.2,1.3,1.1,2007-04-08,0726,Aqua,MODIS,63,6.2,302.8,10.9,D,0
21.8161,92.2244,351.6,1.3,1.1,2007-04-08,0726,Aqua,MODIS,95,6.2,304.8,74.5,D,0
21.8177,92.2365,332.9,1.3,1.1,2007-04-08,0726,Aqua,MODIS,81,6.2,302.7,28.4,D,0
21.8138,92.2864,335.8,1.3,1.1,2007-04-08,0726,Aqua,MODIS,84,6.2,302,32.8,D,0
21.8038,92.2878,322.7,1.3,1.1,2007-04-08,0726,Aqua,MODIS,62,6.2,301.1,9.9,D,0
21.7847,92.2168,339.1,1.3,1.1,2007-04-08,0726,Aqua,MODIS,87,6.2,304.2,38.6,D,0
21.7862,92.2287,323.6,1.3,1.1,2007-04-08,0726,Aqua,MODIS,34,6.2,303.4,9.2,D,0
21.7877,92.2408,326.7,1.3,1.1,2007-04-08,0726,Aqua,MODIS,74,6.2,303.6,14.8,D,0
21.7892,92.2529,324.7,1.3,1.1,2007-04-08,0726,Aqua,MODIS,41,6.2,303.3,11.3,D,0
21.7792,92.2544,328.5,1.3,1.1,2007-04-08,0726,Aqua,MODIS,70,6.2,303.5,17.4,D,0
22.4624,92.2692,324.1,1.3,1.1,2007-04-08,0726,Aqua,MODIS,57,6.2,301.5,15.9,D,0
22.4647,92.2746,327.1,1.3,1.1,2007-04-08,0726,Aqua,MODIS,58,6.2,301.5,19.8,D,0
21.7802,92.1805,329.6,1.3,1.1,2007-04-08,0726,Aqua,MODIS,78,6.2,304.5,19.7,D,0
21.7886,92.1669,325.5,1.3,1.1,2007-04-08,0726,Aqua,MODIS,72,6.2,304.8,12.9,D,0
21.7955,92.1416,328.4,1.2,1.1,2007-04-08,0726,Aqua,MODIS,72,6.2,304.2,15.9,D,0
21.807,92.1521,338,1.2,1.1,2007-04-08,0726,Aqua,MODIS,86,6.2,304.1,33.7,D,0
21.8054,92.1402,352.5,1.2,1.1,2007-04-08,0726,Aqua,MODIS,96,6.2,304.3,71.9,D,0
21.8075,92.1453,342.5,1.2,1.1,2007-04-08,0726,Aqua,MODIS,90,6.2,304.5,46.1,D,0
21.8174,92.1439,333.7,1.2,1.1,2007-04-08,0726,Aqua,MODIS,82,6.2,303.8,27.5,D,0
21.816,92.132,323.1,1.2,1.1,2007-04-08,0726,Aqua,MODIS,30,6.2,303.2,9.4,D,0
21.8333,92.1908,323.7,1.3,1.1,2007-04-08,0726,Aqua,MODIS,69,6.2,304.6,11.9,D,0
21.8472,92.1397,326.9,1.2,1.1,2007-04-08,0726,Aqua,MODIS,74,6.2,303.5,16.5,D,0
21.8791,92.2333,335.2,1.3,1.1,2007-04-08,0726,Aqua,MODIS,84,6.2,304.3,32.6,D,0
21.8837,92.2697,323.7,1.3,1.1,2007-04-08,0726,Aqua,MODIS,50,6.2,305,11.9,D,0
21.8852,92.2819,335.2,1.3,1.1,2007-04-08,0726,Aqua,MODIS,84,6.2,304.9,33.6,D,0
21.8691,92.2346,340.1,1.3,1.1,2007-04-08,0726,Aqua,MODIS,88,6.2,304.8,43.1,D,0
21.8706,92.2467,327.2,1.3,1.1,2007-04-08,0726,Aqua,MODIS,74,6.2,303.5,16.9,D,0
21.6801,92.1885,322.4,1.3,1.1,2007-04-08,0726,Aqua,MODIS,65,6.2,304.7,9.3,D,0
21.7106,92.2699,376.9,1.3,1.1,2007-04-08,0726,Aqua,MODIS,100,6.2,305.8,178.1,D,0
21.7221,92.2805,354.7,1.3,1.1,2007-04-08,0726,Aqua,MODIS,97,6.2,303.6,83.2,D,0
21.7206,92.2684,372.3,1.3,1.1,2007-04-08,0726,Aqua,MODIS,100,6.2,303.2,154.6,D,0
22.1909,92.2885,336.3,1.3,1.1,2007-04-08,0726,Aqua,MODIS,85,6.2,304,35.7,D,0
22.1901,92.2828,327.4,1.3,1.1,2007-04-08,0726,Aqua,MODIS,57,6.2,303.1,17.6,D,0
22.1916,92.295,340.5,1.3,1.1,2007-04-08,0726,Aqua,MODIS,88,6.2,303.3,43.8,D,0
22.1816,92.2966,324,1.3,1.1,2007-04-08,0726,Aqua,MODIS,57,6.2,303.6,11.7,D,0
22.1684,92.2734,321.7,1.3,1.1,2007-04-08,0726,Aqua,MODIS,31,6.2,303.6,8.8,D,0
22.17,92.2858,323,1.3,1.1,2007-04-08,0726,Aqua,MODIS,51,6.2,304.2,10.5,D,0
21.7091,92.2579,326.2,1.3,1.1,2007-04-08,0726,Aqua,MODIS,73,6.2,304.5,12.8,D,0
21.7191,92.2564,325.5,1.3,1.1,2007-04-08,0726,Aqua,MODIS,72,6.2,301.8,11.9,D,0
21.9298,92.4074,333.1,1.3,1.1,2007-04-08,0726,Aqua,MODIS,82,6.2,302.7,30.5,D,0
21.9308,92.4006,356.4,1.3,1.1,2007-04-08,0726,Aqua,MODIS,98,6.2,304.8,94.5,D,0
21.9207,92.4022,353.6,1.3,1.1,2007-04-08,0726,Aqua,MODIS,96,6.2,305.7,83.8,D,0
22.9766,92.3053,338.5,1.3,1.1,2007-04-08,0726,Aqua,MODIS,88,6.2,295.1,46.9,D,0
22.9751,92.2928,323.3,1.3,1.1,2007-04-08,0726,Aqua,MODIS,34,6.2,294.8,15.7,D,0
22.9409,89.5518,317.7,1,1,2007-04-08,0726,Aqua,MODIS,49,6.2,301.6,7.8,D,0
22.9402,90.0247,320.5,1,1,2007-04-08,0726,Aqua,MODIS,56,6.2,301.7,8.8,D,0
22.2342,92.3075,323.1,1.3,1.1,2007-04-08,0726,Aqua,MODIS,70,6.2,303.4,13.3,D,0
22.2025,92.2994,339.7,1.3,1.1,2007-04-08,0726,Aqua,MODIS,88,6.2,302.6,45.2,D,0
22.1924,92.3008,327.6,1.3,1.1,2007-04-08,0726,Aqua,MODIS,77,6.2,302.7,18.8,D,0
21.7752,92.3041,328.1,1.3,1.1,2007-04-08,0726,Aqua,MODIS,76,6.2,304.5,18.4,D,0
21.9121,92.4159,338.1,1.3,1.1,2007-04-08,0726,Aqua,MODIS,86,6.2,303.7,39.7,D,0
21.9136,92.4281,327.2,1.3,1.1,2007-04-08,0726,Aqua,MODIS,60,6.2,304.4,19.4,D,0
22.2677,92.1653,321.3,1.3,1.1,2007-04-08,0726,Aqua,MODIS,58,6.2,302.1,8.9,D,0
21.9879,92.4619,358.7,1.3,1.1,2007-04-08,0726,Aqua,MODIS,99,6.2,303.5,103.7,D,0
21.6599,92.5212,353.5,1.3,1.1,2007-04-08,0726,Aqua,MODIS,96,6.2,307.2,82.7,D,0
21.6497,92.5225,399.7,1.3,1.1,2007-04-08,0726,Aqua,MODIS,100,6.2,313.7,352.1,D,0
21.6396,92.5238,333.6,1.3,1.1,2007-04-08,0726,Aqua,MODIS,82,6.2,305.4,30.4,D,0
24.2302,89.1623,330.9,1,1,2007-04-08,0727,Aqua,MODIS,65,6.2,308,13.8,D,0
24.3289,89.2821,325.4,1,1,2007-04-08,0727,Aqua,MODIS,58,6.2,306.1,9,D,0
24.2544,89.1381,333.3,1,1,2007-04-08,0727,Aqua,MODIS,76,6.2,308.9,18.5,D,0
22.7076,92.2647,307.9,1,1,2007-04-08,1935,Aqua,MODIS,39,6.2,293.2,6.4,N,0
22.7298,92.238,306.3,1,1,2007-04-08,1935,Aqua,MODIS,16,6.2,292.2,5.9,N,0
22.7285,92.2479,307.5,1,1,2007-04-08,1935,Aqua,MODIS,36,6.2,291.9,6.7,N,0
22.6876,92.0614,313.8,2,1.4,2007-04-09,0500,Terra,MODIS,56,6.2,294.4,17.7,D,0
22.2232,92.4138,336.9,2.2,1.4,2007-04-09,0501,Terra,MODIS,87,6.2,296.3,100.3,D,0
21.9482,92.4664,320,2.3,1.5,2007-04-09,0501,Terra,MODIS,68,6.2,291.9,35.2,D,0
21.8769,92.4244,354.6,2.2,1.5,2007-04-09,0501,Terra,MODIS,97,6.2,296.3,209.8,D,0
21.7385,92.4536,319,2.3,1.5,2007-04-09,0501,Terra,MODIS,63,6.2,295.2,31.2,D,0
21.7407,92.4486,314.7,2.3,1.5,2007-04-09,0501,Terra,MODIS,47,6.2,294.5,20.1,D,0
21.8241,92.1422,315.8,2.1,1.4,2007-04-09,0501,Terra,MODIS,49,6.2,297.9,15.2,D,0
22.2192,92.4347,312.9,2.2,1.4,2007-04-09,0501,Terra,MODIS,41,6.2,293.1,16.5,D,0
22.2244,92.4077,328.3,2.2,1.4,2007-04-09,0501,Terra,MODIS,80,6.2,296.6,62.1,D,0
22.2206,92.4284,323.8,2.2,1.4,2007-04-09,0501,Terra,MODIS,75,6.2,294.6,47.6,D,0
21.8661,92.4158,347.3,2.2,1.5,2007-04-09,0501,Terra,MODIS,93,6.2,295.2,158.2,D,0
21.864,92.4219,341.1,2.2,1.5,2007-04-09,0501,Terra,MODIS,90,6.2,293.5,121,D,0
21.9446,92.4853,313.7,2.3,1.5,2007-04-09,0501,Terra,MODIS,15,6.2,292.8,17.7,D,0
21.7169,92.5098,317.1,4,1.9,2007-04-09,0631,Aqua,MODIS,20,6.2,294,49.6,D,0
21.5026,92.4541,321.8,4.1,1.9,2007-04-09,0631,Aqua,MODIS,61,6.2,293.7,89.8,D,0
21.7003,92.1879,318.5,4.2,1.9,2007-04-09,0631,Aqua,MODIS,57,6.2,293.1,69.4,D,0
21.7036,92.1832,319.6,4.2,1.9,2007-04-09,0631,Aqua,MODIS,63,6.2,292.8,77,D,0
23.1667,92.2799,327.2,3.8,1.8,2007-04-09,0631,Aqua,MODIS,64,6.2,289.2,130.7,D,0
23.1508,92.2844,323.4,3.8,1.8,2007-04-09,0631,Aqua,MODIS,79,6.2,288.5,107.5,D,0
23.16,92.2898,345.5,3.8,1.8,2007-04-09,0631,Aqua,MODIS,93,6.2,289.8,320.3,D,0
21.7111,92.5177,337,4,1.9,2007-04-09,0631,Aqua,MODIS,86,6.2,294.8,227.4,D,0
21.5061,92.4202,329.5,4.1,1.9,2007-04-09,0631,Aqua,MODIS,77,6.2,292,161.9,D,0
21.5224,92.4154,334.8,4.1,1.9,2007-04-09,0631,Aqua,MODIS,83,6.2,293.7,213.3,D,0
21.4943,92.4153,325.1,4.1,1.9,2007-04-09,0631,Aqua,MODIS,71,6.2,293.2,118.4,D,0
21.5271,92.407,334.8,4.1,1.9,2007-04-09,0631,Aqua,MODIS,83,6.2,294.3,204.5,D,0
21.852,92.471,335.9,4,1.9,2007-04-09,0631,Aqua,MODIS,83,6.2,293.9,210.2,D,0
21.2506,92.5767,324.7,4,1.9,2007-04-09,0631,Aqua,MODIS,69,6.2,291.7,119.5,D,0
22.182,92.522,318.8,3.9,1.8,2007-04-09,0631,Aqua,MODIS,66,6.2,289.1,73.1,D,0
21.8502,92.5067,328,3.9,1.8,2007-04-09,0631,Aqua,MODIS,51,6.2,292.5,130.6,D,0
21.6408,92.5388,349.1,4,1.9,2007-04-09,0631,Aqua,MODIS,94,6.2,290.4,384.7,D,0
21.6245,92.5428,321,4,1.9,2007-04-09,0631,Aqua,MODIS,22,6.2,294.2,76.8,D,0
22.1688,92.4935,313.4,3.9,1.8,2007-04-09,0631,Aqua,MODIS,32,6.2,290.1,41.3,D,0
21.9519,92.2327,316.7,4.1,1.9,2007-04-09,0631,Aqua,MODIS,57,6.2,287.1,65.4,D,0
21.7497,92.5029,318.9,4,1.9,2007-04-09,0631,Aqua,MODIS,29,6.2,293.1,55.5,D,0
21.7546,92.4961,319,4,1.9,2007-04-09,0631,Aqua,MODIS,33,6.2,293.3,57,D,0
22.3546,92.5416,316.7,3.8,1.8,2007-04-09,0631,Aqua,MODIS,53,6.2,292.1,59.4,D,0
21.5971,92.3856,317,4.1,1.9,2007-04-09,0631,Aqua,MODIS,15,6.2,293.7,49.1,D,0
21.7036,92.4818,320.6,4,1.9,2007-04-09,0631,Aqua,MODIS,62,6.2,291.8,73.5,D,0
21.7007,92.5141,340.4,4,1.9,2007-04-09,0631,Aqua,MODIS,89,6.2,295.1,267.6,D,0
21.9879,92.5129,332.8,3.9,1.8,2007-04-09,0631,Aqua,MODIS,83,6.2,289.1,184.6,D,0
21.4615,92.424,320.9,4.1,1.9,2007-04-09,0631,Aqua,MODIS,41,6.2,291.6,81.5,D,0
21.4567,92.4325,319.1,4.1,1.9,2007-04-09,0631,Aqua,MODIS,51,6.2,292,78.4,D,0
21.4405,92.4376,326.6,4.1,1.9,2007-04-09,0631,Aqua,MODIS,73,6.2,294,132.2,D,0
21.4242,92.4423,334.8,4.1,1.9,2007-04-09,0631,Aqua,MODIS,83,6.2,295,213.6,D,0
21.4363,92.4428,344.5,4.1,1.9,2007-04-09,0631,Aqua,MODIS,91,6.2,295,336,D,0
21.8979,92.4099,325.1,4,1.9,2007-04-09,0631,Aqua,MODIS,27,6.2,288.2,113.8,D,0
21.9142,92.406,322.3,4,1.9,2007-04-09,0631,Aqua,MODIS,70,6.2,286.4,98,D,0
23.1586,92.3203,322.4,3.8,1.8,2007-04-09,0631,Aqua,MODIS,70,6.2,286.2,99.8,D,0
22.0042,92.5093,317.3,3.9,1.8,2007-04-09,0631,Aqua,MODIS,59,6.2,290.7,60.1,D,0
21.804,92.4065,329.6,4,1.9,2007-04-09,0631,Aqua,MODIS,80,6.2,293.9,156.2,D,0
21.9938,92.5085,338.3,3.9,1.8,2007-04-09,0631,Aqua,MODIS,88,6.2,290.3,243.3,D,0
22.0014,92.5438,313.6,3.9,1.8,2007-04-09,0631,Aqua,MODIS,20,6.2,290.5,38.7,D,0
21.7992,92.4111,331.8,4,1.9,2007-04-09,0631,Aqua,MODIS,81,6.2,294.4,175.1,D,0
21.6297,92.5379,338,4,1.9,2007-04-09,0631,Aqua,MODIS,86,6.2,293.4,237.2,D,0
22.0905,92.4167,312.9,1.2,1.1,2007-04-09,1556,Terra,MODIS,86,6.2,292.9,13.3,N,0
21.6381,92.5607,302.4,1.2,1.1,2007-04-09,1556,Terra,MODIS,49,6.2,292.4,4.1,N,0
22.0887,92.4054,317.1,1.2,1.1,2007-04-09,1556,Terra,MODIS,94,6.2,292.7,17.7,N,0
24.1661,89.0778,320.1,1,1,2007-04-11,0448,Terra,MODIS,69,6.2,301.9,8.6,D,0
25.4191,89.7529,311.3,1.2,1.1,2007-04-13,0435,Terra,MODIS,0,6.2,292.1,5.6,D,0
23.9472,89.1865,316,2.5,1.5,2007-04-14,0518,Terra,MODIS,0,6.2,296.7,33.5,D,0
22.8489,91.903,315.7,1.5,1.2,2007-04-15,0732,Aqua,MODIS,54,6.2,295.7,8.9,D,0
22.3724,92.0287,316.8,1.6,1.2,2007-04-15,0732,Aqua,MODIS,59,6.2,299.4,11.3,D,0
24.37,89.7358,320.3,1.2,1.1,2007-04-15,0733,Aqua,MODIS,0,6.2,301.5,10.1,D,0
23.994,91.119,321.7,1,1,2007-04-15,1941,Aqua,MODIS,100,6.2,295.3,18.3,N,0
23.4574,92.1729,312.1,2.6,1.5,2007-04-16,0506,Terra,MODIS,59,6.2,292.9,23,D,0
23.4501,92.1764,315.1,2.6,1.5,2007-04-16,0506,Terra,MODIS,67,6.2,294.2,34.7,D,0
23.9902,91.1166,314.7,2.1,1.4,2007-04-16,0506,Terra,MODIS,64,6.2,294,28.3,D,0
24.5968,89.657,317.4,1.6,1.3,2007-04-16,0506,Terra,MODIS,9,6.2,301.6,14.8,D,0
23.8535,89.7287,322.9,1.7,1.3,2007-04-16,0506,Terra,MODIS,0,6.2,302.9,28.8,D,0
25.4784,89.6484,314.4,1.6,1.2,2007-04-16,0506,Terra,MODIS,0,6.2,298.2,16.6,D,0
23.9947,91.1151,320.6,1.1,1,2007-04-16,1603,Terra,MODIS,100,6.2,296.6,18.2,N,0
23.9974,91.1164,311.2,2.3,1.5,2007-04-17,0411,Terra,MODIS,44,6.2,292.1,17.3,D,0
23.9941,91.1219,310,2.3,1.5,2007-04-17,0411,Terra,MODIS,27,6.2,292.2,14,D,0
23.2026,92.2538,377.7,1.1,1,2007-04-17,0720,Aqua,MODIS,100,6.2,303.9,151.7,D,0
22.8226,91.616,320.2,1,1,2007-04-17,0720,Aqua,MODIS,64,6.2,303.2,8.9,D,0
22.5321,92.4111,324.1,1.1,1,2007-04-17,0720,Aqua,MODIS,69,6.2,304.2,11.9,D,0
21.8564,92.4245,396.8,1.1,1,2007-04-17,0720,Aqua,MODIS,100,6.2,307.6,250.3,D,0
21.855,92.4142,322.1,1.1,1,2007-04-17,0720,Aqua,MODIS,38,6.2,303.5,7.3,D,0
21.4542,92.5206,338.5,1.1,1,2007-04-17,0720,Aqua,MODIS,87,6.2,303.3,35.5,D,0
21.8684,92.4438,335.2,1.1,1,2007-04-17,0720,Aqua,MODIS,84,6.2,306.8,25.2,D,0
21.867,92.4334,377.2,1.1,1,2007-04-17,0720,Aqua,MODIS,100,6.2,307.1,145.3,D,0
21.8657,92.423,408.1,1.1,1,2007-04-17,0720,Aqua,MODIS,100,6.2,309.5,329.4,D,0
21.8759,92.4467,329.8,1.1,1,2007-04-17,0720,Aqua,MODIS,78,6.2,304.5,17.6,D,0
23.2683,92.2053,327.7,1.1,1,2007-04-17,0720,Aqua,MODIS,77,6.2,302.1,18.1,D,0
23.24,92.1338,318.3,1.1,1,2007-04-17,0720,Aqua,MODIS,53,6.2,299.7,5.5,D,0
22.8201,92.2834,317.7,1.1,1,2007-04-17,0720,Aqua,MODIS,38,6.2,303.9,5.5,D,0
22.7106,92.0828,324.6,1.1,1,2007-04-17,0720,Aqua,MODIS,72,6.2,303.2,14,D,0
22.7926,92.0741,319.4,1.1,1,2007-04-17,0720,Aqua,MODIS,60,6.2,301.8,8.6,D,0
23.0767,92.2904,319,1.1,1,2007-04-17,0720,Aqua,MODIS,60,6.2,301.6,7.8,D,0
23.0754,92.2799,321,1.1,1,2007-04-17,0720,Aqua,MODIS,66,6.2,302.4,9.8,D,0
21.8772,92.457,359.2,1.1,1,2007-04-17,0720,Aqua,MODIS,99,6.2,304.6,81.6,D,0
21.8698,92.4539,409.9,1.1,1,2007-04-17,0720,Aqua,MODIS,100,6.2,313.2,346.5,D,0
21.8712,92.4644,352.6,1.1,1,2007-04-17,0720,Aqua,MODIS,96,6.2,304.9,63.9,D,0
21.8605,92.4554,358.5,1.1,1,2007-04-17,0720,Aqua,MODIS,99,6.2,304.4,78.7,D,0
23.5779,91.9816,319.1,1.1,1,2007-04-17,0720,Aqua,MODIS,45,6.2,299,9.8,D,0
21.5054,92.4221,330.3,1.1,1,2007-04-17,0720,Aqua,MODIS,60,6.2,304.4,21.5,D,0
21.4976,92.4193,335.8,1.1,1,2007-04-17,0720,Aqua,MODIS,85,6.2,303.2,30,D,0
23.0414,92.2801,318.1,1.1,1,2007-04-17,0720,Aqua,MODIS,47,6.2,303.2,6.5,D,0
21.9424,92.447,320.3,1.1,1,2007-04-17,0720,Aqua,MODIS,36,6.2,302.8,6.4,D,0
23.3233,92.1361,327,1.1,1,2007-04-17,0720,Aqua,MODIS,77,6.2,301.3,16.5,D,0
23.334,92.1453,328.6,1.1,1,2007-04-17,0720,Aqua,MODIS,62,6.2,300,16.6,D,0
23.3326,92.1347,364.7,1.1,1,2007-04-17,0720,Aqua,MODIS,100,6.2,302.6,99.3,D,0
23.3312,92.124,328.7,1.1,1,2007-04-17,0720,Aqua,MODIS,72,6.2,301.4,17.5,D,0
23.2134,92.263,375.7,1.1,1,2007-04-17,0720,Aqua,MODIS,94,6.2,301.1,144,D,0
23.212,92.2522,366.6,1.1,1,2007-04-17,0720,Aqua,MODIS,100,6.2,304.4,107,D,0
23.2269,92.2934,327.4,1.1,1,2007-04-17,0720,Aqua,MODIS,56,6.2,298.8,18.5,D,0
23.2255,92.2828,375.2,1.1,1,2007-04-17,0720,Aqua,MODIS,100,6.2,303.9,144,D,0
23.2312,92.287,349.5,1.1,1,2007-04-17,0720,Aqua,MODIS,94,6.2,302.6,59.8,D,0
23.2299,92.2764,330.7,1.1,1,2007-04-17,0720,Aqua,MODIS,80,6.2,303.5,23.2,D,0
23.3419,92.1332,333.9,1.1,1,2007-04-17,0720,Aqua,MODIS,81,6.2,301.4,25.1,D,0
23.3512,92.1318,324.9,1.1,1,2007-04-17,0720,Aqua,MODIS,67,6.2,301.3,13.7,D,0
23.2337,92.232,318.1,1.1,1,2007-04-17,0720,Aqua,MODIS,59,6.2,301,6.8,D,0
23.0318,89.5121,315.7,1,1,2007-04-17,0720,Aqua,MODIS,15,6.2,298.1,5.1,D,0
21.4622,92.509,321.3,1.1,1,2007-04-17,0720,Aqua,MODIS,62,6.2,305.6,10.7,D,0
22.6946,92.0325,323.6,1.1,1,2007-04-17,0720,Aqua,MODIS,70,6.2,304.4,12.2,D,0
21.2986,92.1752,321,1.1,1,2007-04-17,0720,Aqua,MODIS,59,6.2,304.8,6.8,D,0
21.2894,92.1766,328.5,1.1,1,2007-04-17,0720,Aqua,MODIS,78,6.2,304.9,15.4,D,0
23.4012,92.1076,356.5,1.1,1,2007-04-17,0720,Aqua,MODIS,98,6.2,301.8,75,D,0
23.4463,92.0897,342.1,1.1,1,2007-04-17,0720,Aqua,MODIS,90,6.2,298.6,43.8,D,0
23.445,92.0792,323,1.1,1,2007-04-17,0720,Aqua,MODIS,72,6.2,298.7,13.9,D,0
22.0231,92.4398,323.1,1.1,1,2007-04-17,0720,Aqua,MODIS,66,6.2,307.7,8.5,D,0
21.941,92.4365,331,1.1,1,2007-04-17,0720,Aqua,MODIS,79,6.2,302.1,21.2,D,0
21.9317,92.438,332.9,1.1,1,2007-04-17,0720,Aqua,MODIS,81,6.2,301.8,23.9,D,0
23.3633,92.1515,333.6,1.1,1,2007-04-17,0720,Aqua,MODIS,80,6.2,298.9,25.2,D,0
23.3791,92.1275,320,1.1,1,2007-04-17,0720,Aqua,MODIS,53,6.2,300,8.5,D,0
23.3987,92.1618,343.4,1.1,1,2007-04-17,0720,Aqua,MODIS,91,6.2,300.1,43.7,D,0
23.3973,92.1512,343,1.1,1,2007-04-17,0720,Aqua,MODIS,91,6.2,301.7,43.3,D,0
21.4529,92.5105,381.7,1.1,1,2007-04-17,0720,Aqua,MODIS,100,6.2,307.7,170.3,D,0
22.9721,92.3335,317.9,1.1,1,2007-04-17,0720,Aqua,MODIS,54,6.2,303.2,6.8,D,0
22.9708,92.3231,322.5,1.1,1,2007-04-17,0720,Aqua,MODIS,68,6.2,304.4,12.2,D,0
23.4026,92.1181,335.4,1.1,1,2007-04-17,0720,Aqua,MODIS,86,6.2,300.2,29.1,D,0
23.5061,92.2037,318.8,1.1,1,2007-04-17,0720,Aqua,MODIS,61,6.2,297.2,10.3,D,0
21.1226,92.1635,331.2,1.1,1,2007-04-17,0720,Aqua,MODIS,80,6.2,304.3,21.8,D,0
21.7063,92.3372,341.6,1.1,1,2007-04-17,0720,Aqua,MODIS,89,6.2,306.3,37.8,D,0
21.7049,92.3269,328.8,1.1,1,2007-04-17,0720,Aqua,MODIS,78,6.2,306.3,17,D,0
21.9587,92.2381,338.6,1.1,1,2007-04-17,0720,Aqua,MODIS,87,6.2,306.3,34,D,0
21.96,92.2484,363.9,1.1,1,2007-04-17,0720,Aqua,MODIS,100,6.2,306.3,96.5,D,0
22.6827,92.4901,325.9,1.1,1.1,2007-04-17,0720,Aqua,MODIS,73,6.2,303.9,14.6,D,0
23.3208,92.1905,323.4,1.1,1,2007-04-17,0720,Aqua,MODIS,72,6.2,301.4,12.3,D,0
23.1156,92.2954,323.7,1.1,1,2007-04-17,0720,Aqua,MODIS,71,6.2,303.5,13.2,D,0
22.0245,92.4504,329.8,1.1,1,2007-04-17,0720,Aqua,MODIS,78,6.2,308.3,17.9,D,0
23.9989,91.1145,305.4,1.4,1.2,2007-04-17,1929,Aqua,MODIS,64,6.2,293.7,8.5,N,0
21.9101,92.2119,323.8,1.7,1.3,2007-04-18,0454,Terra,MODIS,75,6.2,296.7,32.1,D,0
23.0664,89.4828,320.2,1.1,1.1,2007-04-18,0454,Terra,MODIS,67,6.2,302.5,10.7,D,0
23.9989,91.116,314,1.3,1.1,2007-04-18,0454,Terra,MODIS,57,6.2,297.8,8.7,D,0
22.9766,89.5265,320.3,1.1,1.1,2007-04-18,0454,Terra,MODIS,38,6.2,302.7,10.1,D,0
25.1506,89.339,318.6,1.1,1,2007-04-18,0454,Terra,MODIS,63,6.2,301.8,8.6,D,0
23.9955,91.115,305,1.6,1.3,2007-04-18,1550,Terra,MODIS,62,6.2,294.1,8.7,N,0
22.9054,92.368,321.1,1.4,1.2,2007-04-18,1550,Terra,MODIS,100,6.2,294.9,27.9,N,0
23.0592,89.9787,311.6,4.6,2,2007-04-19,0359,Terra,MODIS,32,6.2,292.1,45.8,D,0
21.5102,92.2666,325.8,1,1,2007-04-19,0707,Aqua,MODIS,74,6.2,299.3,16.2,D,0
21.5117,92.2766,336.7,1,1,2007-04-19,0707,Aqua,MODIS,87,6.2,297.1,31.7,D,0
21.3715,92.2042,319.2,1.1,1,2007-04-19,0707,Aqua,MODIS,65,6.2,302,6.9,D,0
21.5192,92.3877,314.2,1,1,2007-04-19,0707,Aqua,MODIS,35,6.2,297.3,4.6,D,0
21.5208,92.275,316.2,1,1,2007-04-19,0707,Aqua,MODIS,53,6.2,295.7,7.2,D,0
21.4768,92.4155,326.3,1,1,2007-04-19,0707,Aqua,MODIS,77,6.2,300.7,17.1,D,0
21.4156,92.4325,328,1,1,2007-04-19,0707,Aqua,MODIS,79,6.2,300.3,18.8,D,0
21.4171,92.4421,329.2,1,1,2007-04-19,0707,Aqua,MODIS,80,6.2,301,20.2,D,0
21.4472,92.4569,336.1,1,1,2007-04-19,0707,Aqua,MODIS,86,6.2,302.1,29.9,D,0
21.4859,92.4139,317,1,1,2007-04-19,0707,Aqua,MODIS,60,6.2,300.1,6.9,D,0
23.3918,92.2012,356.8,1,1,2007-04-19,0708,Aqua,MODIS,93,6.2,296.3,72.1,D,0
23.3813,92.1929,328.4,1,1,2007-04-19,0708,Aqua,MODIS,67,6.2,296.1,20.2,D,0
23.0916,92.2892,348.5,1,1,2007-04-19,0708,Aqua,MODIS,94,6.2,302.5,51.1,D,0
22.6249,91.706,315.7,1.1,1,2007-04-19,0708,Aqua,MODIS,55,6.2,297.9,7.1,D,0
23.2827,92.3343,336.5,1,1,2007-04-19,0708,Aqua,MODIS,87,6.2,301.9,29.9,D,0
21.8492,92.4371,319.8,1,1,2007-04-19,0708,Aqua,MODIS,39,6.2,297.9,8.2,D,0
23.1589,92.3122,357.2,1,1,2007-04-19,0708,Aqua,MODIS,98,6.2,299.1,72.3,D,0
23.1888,92.3271,382.6,1,1,2007-04-19,0708,Aqua,MODIS,100,6.2,305.5,160.5,D,0
21.6971,92.344,323.5,1,1,2007-04-19,0708,Aqua,MODIS,54,6.2,300.7,11.5,D,0
23.1978,92.3256,363.1,1,1,2007-04-19,0708,Aqua,MODIS,100,6.2,302,89.2,D,0
22.9316,92.3346,324.2,1,1,2007-04-19,0708,Aqua,MODIS,76,6.2,300.8,13.9,D,0
22.2036,92.4011,321.1,1,1,2007-04-19,0708,Aqua,MODIS,52,6.2,302.2,8.6,D,0
22.202,92.3911,320.9,1,1,2007-04-19,0708,Aqua,MODIS,57,6.2,301.7,7.7,D,0
21.6329,92.3407,321.8,1,1,2007-04-19,0708,Aqua,MODIS,61,6.2,296,14,D,0
23.2917,92.3327,359,1,1,2007-04-19,0708,Aqua,MODIS,99,6.2,294.6,77.3,D,0
24.1909,89.0712,316.9,1.4,1.2,2007-04-19,0708,Aqua,MODIS,24,6.2,297.8,10.5,D,0
23.3678,92.1648,339.5,1,1,2007-04-19,0708,Aqua,MODIS,89,6.2,296.3,40,D,0
21.8052,92.1489,323.4,1.1,1,2007-04-19,0708,Aqua,MODIS,74,6.2,300.5,13,D,0
23.3693,92.1748,345.6,1,1,2007-04-19,0708,Aqua,MODIS,88,6.2,294.4,50.5,D,0
23.4278,92.1947,333.5,1,1,2007-04-19,0708,Aqua,MODIS,85,6.2,301.6,26.2,D,0
23.3903,92.1913,348.7,1,1,2007-04-19,0708,Aqua,MODIS,89,6.2,300.2,53.2,D,0
22.2669,92.3289,345.7,1,1,2007-04-19,0708,Aqua,MODIS,93,6.2,300.5,47.6,D,0
22.2578,92.3305,324.3,1,1,2007-04-19,0708,Aqua,MODIS,75,6.2,299,15.2,D,0
21.8883,92.5118,392.8,1,1,2007-04-19,0708,Aqua,MODIS,100,6.2,302.8,212.2,D,0
23.0721,92.2825,316.9,1,1,2007-04-19,0708,Aqua,MODIS,64,6.2,300.7,5.9,D,0
21.8867,92.5016,326.3,1,1,2007-04-19,0708,Aqua,MODIS,53,6.2,298.7,14.6,D,0
23.1006,92.2876,328.6,1,1,2007-04-19,0708,Aqua,MODIS,81,6.2,302.2,17.3,D,0
23.2812,92.3245,326.5,1,1,2007-04-19,0708,Aqua,MODIS,65,6.2,300.9,16.3,D,0
23.3873,92.2325,328.7,1,1,2007-04-19,0708,Aqua,MODIS,56,6.2,298.6,19.9,D,0
23.3888,92.2424,329.8,1,1,2007-04-19,0708,Aqua,MODIS,78,6.2,296.6,22.2,D,0
23.3798,92.244,318.9,1,1,2007-04-19,0708,Aqua,MODIS,37,6.2,301.4,10.5,D,0
21.6101,92.3753,319.9,1,1,2007-04-19,0708,Aqua,MODIS,57,6.2,298.4,11.4,D,0
23.3518,92.2453,357.8,1,1,2007-04-19,0708,Aqua,MODIS,99,6.2,301.1,74.4,D,0
23.3783,92.2341,328.3,1,1,2007-04-19,0708,Aqua,MODIS,48,6.2,302.6,19.7,D,0
23.2199,92.2847,325.3,1,1,2007-04-19,0708,Aqua,MODIS,78,6.2,295.4,18,D,0
23.0361,91.9204,319.9,1,1,2007-04-19,0708,Aqua,MODIS,70,6.2,297.8,9.2,D,0
21.7697,92.5177,384.8,1,1,2007-04-19,0708,Aqua,MODIS,100,6.2,307.2,171.3,D,0
21.7711,92.5274,378,1,1,2007-04-19,0708,Aqua,MODIS,100,6.2,300.4,141.3,D,0
23.3352,92.3192,326.1,1,1,2007-04-19,0708,Aqua,MODIS,61,6.2,297.9,15.8,D,0
23.2647,92.3375,319.3,1,1,2007-04-19,0708,Aqua,MODIS,55,6.2,296.4,8.3,D,0
23.147,92.2942,333.4,1,1,2007-04-19,0708,Aqua,MODIS,79,6.2,301.6,23.7,D,0
23.1574,92.3023,336.1,1,1,2007-04-19,0708,Aqua,MODIS,87,6.2,298,28.4,D,0
21.7548,92.2353,323.2,1,1,2007-04-19,0708,Aqua,MODIS,73,6.2,303.1,9.9,D,0
22.2976,92.4087,334.9,1,1,2007-04-19,0708,Aqua,MODIS,86,6.2,301.1,28.3,D,0
21.7441,92.2269,319.9,1,1,2007-04-19,0708,Aqua,MODIS,40,6.2,302.1,6.4,D,0
23.3533,92.2552,370.8,1,1,2007-04-19,0708,Aqua,MODIS,94,6.2,298.7,114.2,D,0
23.156,92.2926,350.6,1,1,2007-04-19,0708,Aqua,MODIS,95,6.2,299.8,54.9,D,0
23.1545,92.2827,376.8,1,1,2007-04-19,0708,Aqua,MODIS,100,6.2,305.1,134.7,D,0
23.1605,92.2613,329.3,1,1,2007-04-19,0708,Aqua,MODIS,81,6.2,301.5,18,D,0
23.2662,92.3473,359.4,1,1,2007-04-19,0708,Aqua,MODIS,99,6.2,298.2,78.1,D,0
22.0287,92.22,318.4,1,1,2007-04-19,0708,Aqua,MODIS,58,6.2,300.4,7.3,D,0
23.2902,92.3228,353,1,1,2007-04-19,0708,Aqua,MODIS,96,6.2,300.2,62.5,D,0
21.7457,92.2369,322,1,1,2007-04-19,0708,Aqua,MODIS,61,6.2,302.6,8.9,D,0
22.6245,92.0706,322.3,1,1,2007-04-19,0708,Aqua,MODIS,72,6.2,299.3,12.1,D,0
23.093,92.2991,325.3,1,1,2007-04-19,0708,Aqua,MODIS,77,6.2,299.3,13.9,D,0
22.299,92.4184,319.9,1,1,2007-04-19,0708,Aqua,MODIS,68,6.2,301,9.4,D,0
23.3337,92.3093,332.2,1,1,2007-04-19,0708,Aqua,MODIS,62,6.2,301.1,23.9,D,0
22.8312,92.1547,382,1,1,2007-04-19,0708,Aqua,MODIS,100,6.2,299.1,163.1,D,0
21.7077,92.2911,323.2,1,1,2007-04-19,0708,Aqua,MODIS,74,6.2,300.8,13,D,0
23.4472,92.2626,325.9,1,1,2007-04-19,0708,Aqua,MODIS,79,6.2,299.9,15.7,D,0
23.4457,92.2526,320.2,1,1,2007-04-19,0708,Aqua,MODIS,72,6.2,300.9,9.7,D,0
23.4368,92.1931,323,1,1,2007-04-19,0708,Aqua,MODIS,75,6.2,298.9,13.3,D,0
23.3443,92.2568,352.3,1,1,2007-04-19,0708,Aqua,MODIS,96,6.2,300.9,61.9,D,0
21.6865,92.3356,323.9,1,1,2007-04-19,0708,Aqua,MODIS,56,6.2,301.9,11.8,D,0
21.6986,92.3539,336.3,1,1,2007-04-19,0708,Aqua,MODIS,87,6.2,297.2,29.6,D,0
23.4607,92.1729,329.2,1,1,2007-04-19,0708,Aqua,MODIS,82,6.2,300.2,22.1,D,0
22.0136,92.2432,341.4,1,1,2007-04-19,0708,Aqua,MODIS,90,6.2,300.2,37.4,D,0
22.6264,91.7162,313.4,1.1,1,2007-04-19,0708,Aqua,MODIS,30,6.2,297.7,4.7,D,0
22.5549,92.2838,320,1,1,2007-04-19,0708,Aqua,MODIS,68,6.2,301,9.4,D,0
22.2654,92.319,326.6,1,1,2007-04-19,0708,Aqua,MODIS,45,6.2,298,17.6,D,0
21.4943,92.257,322.1,3.4,1.7,2007-04-20,0750,Aqua,MODIS,75,6.2,293,74.7,D,0
21.6868,92.4982,315.5,3.6,1.8,2007-04-20,0750,Aqua,MODIS,64,6.2,294.4,34,D,0
21.4971,92.3936,322.1,3.5,1.8,2007-04-20,0750,Aqua,MODIS,70,6.2,291.4,78.9,D,0
21.303,92.5953,324,3.6,1.8,2007-04-20,0750,Aqua,MODIS,77,6.2,291.9,99.1,D,0
21.3816,92.4812,322.2,3.6,1.8,2007-04-20,0750,Aqua,MODIS,62,6.2,288.2,87.3,D,0
21.6877,92.1636,317.5,3.4,1.7,2007-04-20,0750,Aqua,MODIS,68,6.2,293.3,42.5,D,0
21.5007,92.2611,318,3.4,1.7,2007-04-20,0750,Aqua,MODIS,58,6.2,292.8,47.7,D,0
23.5036,92.2293,335.5,3.6,1.8,2007-04-20,0751,Aqua,MODIS,81,6.2,292.6,190.7,D,0
22.1062,92.5318,322.3,3.7,1.8,2007-04-20,0751,Aqua,MODIS,68,6.2,296.3,72.6,D,0
22.0797,92.2269,324.9,3.5,1.8,2007-04-20,0751,Aqua,MODIS,76,6.2,293.9,84.8,D,0
22.0107,92.2704,333.9,3.5,1.8,2007-04-20,0751,Aqua,MODIS,86,6.2,292.8,155.7,D,0
22.058,92.2653,324.3,3.5,1.8,2007-04-20,0751,Aqua,MODIS,77,6.2,292.6,85,D,0
22.0551,92.2348,317.9,3.5,1.8,2007-04-20,0751,Aqua,MODIS,64,6.2,293.9,42.7,D,0
22.0061,92.2975,325.6,3.5,1.8,2007-04-20,0751,Aqua,MODIS,77,6.2,289.7,95,D,0
22.1223,92.53,321.3,3.7,1.8,2007-04-20,0751,Aqua,MODIS,63,6.2,296.9,67,D,0
21.9523,92.2843,326.6,3.5,1.8,2007-04-20,0751,Aqua,MODIS,55,6.2,291.2,90.5,D,0
21.9634,92.2763,340.2,3.5,1.8,2007-04-20,0751,Aqua,MODIS,85,6.2,291,207.1,D,0
22.0508,92.2607,325.3,3.5,1.8,2007-04-20,0751,Aqua,MODIS,63,6.2,293.9,86.4,D,0
22.0823,92.2574,318.1,3.5,1.8,2007-04-20,0751,Aqua,MODIS,57,6.2,290.9,44.2,D,0
22.1156,92.5232,325.3,3.7,1.8,2007-04-20,0751,Aqua,MODIS,62,6.2,296.7,90.5,D,0
22.0036,92.2667,327.5,3.5,1.8,2007-04-20,0751,Aqua,MODIS,79,6.2,293.6,105.9,D,0
21.9949,92.2721,326.3,3.5,1.8,2007-04-20,0751,Aqua,MODIS,48,6.2,293,91.9,D,0
23.5197,92.2281,319.7,3.6,1.8,2007-04-20,0751,Aqua,MODIS,64,6.2,292.2,72.8,D,0
22.0637,92.2469,328.8,1.5,1.2,2007-04-21,0655,Aqua,MODIS,82,6.2,295.2,38.8,D,0
21.8447,92.4321,321.5,1.4,1.2,2007-04-21,0655,Aqua,MODIS,64,6.2,298.1,14.9,D,0
21.4347,92.4157,315.4,1.5,1.2,2007-04-21,0655,Aqua,MODIS,64,6.2,295.1,14.4,D,0
21.3281,92.1849,319.9,1.5,1.2,2007-04-21,0655,Aqua,MODIS,66,6.2,297,16.9,D,0
21.6688,92.5134,315.9,1.4,1.2,2007-04-21,0655,Aqua,MODIS,32,6.2,297.7,10.7,D,0
22.0791,92.5294,320.8,1.4,1.2,2007-04-21,0655,Aqua,MODIS,72,6.2,295.4,20.5,D,0
21.8994,92.2118,316.7,1.5,1.2,2007-04-21,0655,Aqua,MODIS,51,6.2,292.5,13.7,D,0
21.8938,92.2049,335.6,1.5,1.2,2007-04-21,0655,Aqua,MODIS,87,6.2,295.7,53.5,D,0
22.0814,92.5429,331.1,1.4,1.2,2007-04-21,0655,Aqua,MODIS,83,6.2,296,39.9,D,0
21.9995,92.5387,312.3,1.4,1.2,2007-04-21,0655,Aqua,MODIS,15,6.2,292.1,9.6,D,0
21.7611,92.354,338,1.5,1.2,2007-04-21,0655,Aqua,MODIS,88,6.2,293.3,58.2,D,0
21.7718,92.3522,346.7,1.5,1.2,2007-04-21,0655,Aqua,MODIS,93,6.2,294.6,84.7,D,0
21.92,92.2664,315.5,1.5,1.2,2007-04-21,0655,Aqua,MODIS,44,6.2,290.7,14.6,D,0
21.897,92.1976,330.9,1.5,1.2,2007-04-21,0655,Aqua,MODIS,83,6.2,296.7,41.5,D,0
22.0708,92.2889,315.4,1.5,1.2,2007-04-21,0655,Aqua,MODIS,43,6.2,294.7,14.6,D,0
21.6044,92.4555,321.2,1.5,1.2,2007-04-21,0655,Aqua,MODIS,67,6.2,295.3,22.6,D,0
23.3896,92.2002,328.7,1.4,1.2,2007-04-21,0656,Aqua,MODIS,82,6.2,290.7,39,D,0
23.3873,92.1867,314.8,1.4,1.2,2007-04-21,0656,Aqua,MODIS,52,6.2,294.2,15.3,D,0
21.6274,92.5396,320.9,1,1,2007-04-26,0714,Aqua,MODIS,68,6.2,303.4,7.2,D,0
22.7503,92.2054,323,1,1,2007-04-26,0714,Aqua,MODIS,73,6.2,301.2,12.7,D,0
21.3874,92.5321,340.1,1,1,2007-04-26,0714,Aqua,MODIS,80,6.2,294.2,36.2,D,0
22.3848,92.4943,321,1,1,2007-04-26,0714,Aqua,MODIS,68,6.2,301,10.5,D,0
22.2598,92.1901,319.5,1,1,2007-04-26,0714,Aqua,MODIS,66,6.2,301.6,8.3,D,0
21.038,92.1858,320.1,1.4,1.2,2007-04-27,0448,Terra,MODIS,50,6.2,299.3,16.8,D,0
21.4355,92.5944,314.9,4.7,2,2007-04-27,0756,Aqua,MODIS,62,6.2,293.3,65.8,D,0
21.6356,92.3324,321.7,2.7,1.6,2007-04-29,0744,Aqua,MODIS,66,6.2,298.3,45.4,D,0
21.3886,92.5121,333.4,1.9,1.3,2007-04-30,0649,Aqua,MODIS,82,6.2,302.8,60.7,D,0
21.3918,92.5296,334.4,1.9,1.3,2007-04-30,0649,Aqua,MODIS,83,6.2,301.7,64.4,D,0
21.9297,92.2312,326.8,1.9,1.3,2007-04-30,0649,Aqua,MODIS,77,6.2,302.4,41.1,D,0
21.3827,92.5201,357.4,1.9,1.3,2007-04-30,0649,Aqua,MODIS,98,6.2,303.2,177.6,D,0
21.5256,92.422,317.8,1.9,1.3,2007-04-30,0649,Aqua,MODIS,53,6.2,301.8,16.7,D,0
21.4366,92.5797,323.3,1.1,1,2007-05-01,0424,Terra,MODIS,64,6.2,305.6,11,D,0
21.202,92.1095,323.2,1.5,1.2,2007-05-01,0732,Aqua,MODIS,63,6.2,302.5,19.9,D,0
23.3868,92.2439,343.1,1.7,1.3,2007-05-01,0732,Aqua,MODIS,90,6.2,306.8,74.3,D,0
23.1052,92.2841,320.4,1.7,1.3,2007-05-01,0732,Aqua,MODIS,60,6.2,305.8,15.5,D,0
23.0508,92.2964,320.3,1.7,1.3,2007-05-01,0732,Aqua,MODIS,59,6.2,305,14.6,D,0
21.4155,92.4623,332,1.6,1.2,2007-05-01,0732,Aqua,MODIS,79,6.2,302.1,41.4,D,0
23.3658,92.2625,326,1.7,1.3,2007-05-01,0732,Aqua,MODIS,67,6.2,307.2,24.8,D,0
21.2051,92.118,319,1.5,1.2,2007-05-01,0732,Aqua,MODIS,40,6.2,302.5,12.8,D,0
23.1482,92.2553,320.1,1.6,1.3,2007-05-01,0732,Aqua,MODIS,59,6.2,306.2,13.2,D,0
21.4144,92.4566,327.4,1.6,1.2,2007-05-01,0732,Aqua,MODIS,71,6.2,301.6,29,D,0
21.4161,92.4722,322,1.6,1.3,2007-05-01,0732,Aqua,MODIS,57,6.2,302.8,16.2,D,0
23.3676,92.2788,323.1,1.7,1.3,2007-05-01,0732,Aqua,MODIS,62,6.2,305.8,18.1,D,0
23.107,92.3001,328,1.7,1.3,2007-05-01,0732,Aqua,MODIS,76,6.2,305.2,33,D,0
21.9952,92.2503,329,1.6,1.2,2007-05-01,0732,Aqua,MODIS,75,6.2,306.5,31,D,0
21.9935,92.2351,327.4,1.6,1.2,2007-05-01,0732,Aqua,MODIS,73,6.2,306.7,27.2,D,0
23.446,92.0696,333.8,1.6,1.3,2007-05-01,0732,Aqua,MODIS,83,6.2,306,47.2,D,0
23.3924,92.2054,330.3,1.6,1.3,2007-05-01,0732,Aqua,MODIS,79,6.2,307,36.3,D,0
23.3945,92.2107,333.4,1.6,1.3,2007-05-01,0732,Aqua,MODIS,82,6.2,306.7,44.5,D,0
23.3772,92.2612,370.9,1.7,1.3,2007-05-01,0732,Aqua,MODIS,100,6.2,308.3,223.7,D,0
23.379,92.2775,362.9,1.7,1.3,2007-05-01,0732,Aqua,MODIS,100,6.2,307.2,171.1,D,0
23.5985,92.2141,322.2,1.7,1.3,2007-05-01,0733,Aqua,MODIS,66,6.2,306.2,18.3,D,0
23.5871,92.2156,321.8,1.7,1.3,2007-05-01,0733,Aqua,MODIS,66,6.2,305.1,17.5,D,0
23.5878,92.205,349.4,1.7,1.3,2007-05-01,0733,Aqua,MODIS,94,6.2,307.3,104.2,D,0
23.5031,91.9596,321.8,1.6,1.2,2007-05-01,0733,Aqua,MODIS,65,6.2,306.6,16.3,D,0
23.5968,92.1985,328.4,1.7,1.3,2007-05-01,0733,Aqua,MODIS,77,6.2,307.1,32.9,D,0
23.5855,92.2,329.7,1.7,1.3,2007-05-01,0733,Aqua,MODIS,78,6.2,306.5,36.4,D,0
23.4078,92.2707,317.7,2.6,1.6,2007-05-02,0506,Terra,MODIS,63,6.2,298.6,35.7,D,0
23.4975,92.2461,320.9,2.9,1.6,2007-05-02,0637,Aqua,MODIS,71,6.2,298.4,55.5,D,0
23.5842,92.07,333.9,3,1.7,2007-05-02,0637,Aqua,MODIS,85,6.2,295.7,132.3,D,0
23.613,92.2128,313.4,2.9,1.6,2007-05-02,0637,Aqua,MODIS,37,6.2,298.1,21.7,D,0
23.5784,92.0412,318.8,3,1.7,2007-05-02,0637,Aqua,MODIS,60,6.2,295.2,44.7,D,0
24.8493,89.7112,315.5,4.1,1.9,2007-05-02,0638,Aqua,MODIS,0,6.2,298.4,49.2,D,0
23.5991,92.0594,350.6,3,1.7,2007-05-02,0638,Aqua,MODIS,95,6.2,298.5,281.7,D,0
23.6287,92.2019,317.5,2.9,1.6,2007-05-02,0638,Aqua,MODIS,64,6.2,298.4,40,D,0
23.6143,92.2052,316.4,2.9,1.6,2007-05-02,0638,Aqua,MODIS,61,6.2,298.3,34.2,D,0
23.5847,92.0632,336.3,3,1.7,2007-05-02,0638,Aqua,MODIS,87,6.2,295.6,149.7,D,0
23.6274,92.2095,320,2.9,1.6,2007-05-02,0638,Aqua,MODIS,69,6.2,298.4,50.6,D,0
23.593,92.0381,319.8,3,1.7,2007-05-02,0638,Aqua,MODIS,46,6.2,297.6,47.8,D,0
23.5987,92.0661,352.1,3,1.7,2007-05-02,0638,Aqua,MODIS,96,6.2,298.2,294.1,D,0
23.6051,92.0881,317.6,3,1.6,2007-05-02,0638,Aqua,MODIS,61,6.2,295,40.7,D,0
24.3688,89.7414,315.9,3,1.6,2007-05-03,0411,Terra,MODIS,0,6.2,296.2,32.7,D,0
25.0513,89.676,314.1,3,1.7,2007-05-03,0411,Terra,MODIS,0,6.2,296.9,29,D,0
23.7255,92.1371,347.1,1.1,1,2007-05-03,0720,Aqua,MODIS,93,6.2,300.8,56,D,0
23.4474,92.1122,318.3,1.1,1,2007-05-03,0720,Aqua,MODIS,62,6.2,301,7.5,D,0
23.5714,92.2174,320.2,1.1,1,2007-05-03,0720,Aqua,MODIS,66,6.2,302.7,8.8,D,0
23.4488,92.1228,320.1,1.1,1,2007-05-03,0720,Aqua,MODIS,66,6.2,300.5,9.8,D,0
23.6933,92.1096,328.8,1.1,1,2007-05-03,0720,Aqua,MODIS,79,6.2,301.3,18.5,D,0
23.6906,92.0883,319.4,1.1,1,2007-05-03,0720,Aqua,MODIS,49,6.2,301.1,6.8,D,0
21.1944,92.0963,319.3,1,1,2007-05-03,0720,Aqua,MODIS,65,6.2,284.6,12.9,D,0
23.333,92.3102,341.1,1.1,1.1,2007-05-03,0720,Aqua,MODIS,89,6.2,300.4,40.6,D,0
23.3316,92.2996,317.5,1.1,1,2007-05-03,0720,Aqua,MODIS,33,6.2,299.6,6.1,D,0
23.5883,92.0025,317.9,1.1,1,2007-05-03,0720,Aqua,MODIS,41,6.2,297.9,6.9,D,0
23.6374,92.0157,324.3,1.1,1,2007-05-03,0720,Aqua,MODIS,73,6.2,298.2,15.1,D,0
23.3517,92.3072,368.3,1.1,1.1,2007-05-03,0720,Aqua,MODIS,100,6.2,301.9,116.2,D,0
23.6402,92.0369,325.1,1.1,1,2007-05-03,0720,Aqua,MODIS,62,6.2,299.8,13.9,D,0
23.6372,92.2327,357,1.1,1,2007-05-03,0720,Aqua,MODIS,98,6.2,296.8,80.2,D,0
23.5808,92.2159,319,1.1,1,2007-05-03,0720,Aqua,MODIS,62,6.2,301.6,7.4,D,0
23.6532,92.2086,340,1.1,1,2007-05-03,0720,Aqua,MODIS,89,6.2,302.7,37.8,D,0
23.3248,92.246,318,1.1,1,2007-05-03,0720,Aqua,MODIS,46,6.2,300,6.6,D,0
23.3921,92.3233,336.6,1.1,1.1,2007-05-03,0720,Aqua,MODIS,86,6.2,300.8,31.6,D,0
23.6571,92.1648,328.4,1.1,1,2007-05-03,0720,Aqua,MODIS,68,6.2,298.6,19.7,D,0
23.2035,92.2122,321.9,1.1,1,2007-05-03,0720,Aqua,MODIS,69,6.2,302.5,9,D,0
25.1502,89.7066,324.3,1,1,2007-05-03,0721,Aqua,MODIS,0,6.2,308.9,12.3,D,0
23.6505,92.177,330.9,1,1,2007-05-05,0708,Aqua,MODIS,82,6.2,298.6,21.6,D,0
23.649,92.1671,325.1,1,1,2007-05-05,0708,Aqua,MODIS,75,6.2,300.2,14.7,D,0
23.5979,92.0132,321.2,1,1,2007-05-05,0708,Aqua,MODIS,69,6.2,300.4,11.3,D,0
23.3729,92.1132,319.1,1,1,2007-05-05,0708,Aqua,MODIS,65,6.2,302.5,7.8,D,0
23.6155,92.0362,322,1.4,1.2,2007-05-07,0656,Aqua,MODIS,75,6.2,296,21.7,D,0
23.5718,91.9723,313,1.4,1.2,2007-05-07,0656,Aqua,MODIS,55,6.2,294,8.3,D,0
23.6132,92.0229,312.8,1.4,1.2,2007-05-07,0656,Aqua,MODIS,51,6.2,294,8.1,D,0
24.3642,89.7414,319.2,2.3,1.5,2007-05-10,0417,Terra,MODIS,0,6.2,294,31,D,0
23.5574,89.4303,319.3,1.3,1.1,2007-05-11,0500,Terra,MODIS,40,6.2,301.4,14.7,D,0
24.6937,89.7645,318.9,1.3,1.1,2007-05-11,0500,Terra,MODIS,0,6.2,300.2,12.6,D,0
23.9449,90.2772,318.5,1.4,1.2,2007-05-11,0500,Terra,MODIS,68,6.2,298.9,12,D,0
24.2684,89.7261,316.8,1.3,1.1,2007-05-11,0500,Terra,MODIS,0,6.2,299.6,13.5,D,0
24.1249,88.9815,312.1,4.8,2,2007-05-18,0638,Aqua,MODIS,29,6.2,288.4,57.2,D,0
25.4197,89.7125,317.8,1,1,2007-05-22,0441,Terra,MODIS,0,6.2,300.1,7.9,D,0
24.9139,91.3659,316.3,1.2,1.1,2007-05-30,0702,Aqua,MODIS,43,6.2,296.3,7.6,D,0
23.6429,89.905,321.6,1.1,1.1,2007-05-31,0435,Terra,MODIS,0,6.2,303.6,10.6,D,0
24.1339,88.9906,322.5,2.4,1.5,2007-06-01,0518,Terra,MODIS,0,6.2,302,32.8,D,0
21.7492,91.8408,313.5,1,1,2007-06-20,0719,Aqua,MODIS,37,6.2,298.1,6.6,D,3
24.3439,88.5941,311.5,2.4,1.5,2007-06-24,0656,Aqua,MODIS,0,6.2,292,20.4,D,0
21.759,91.8431,310.6,1.5,1.2,2007-06-27,0418,Terra,MODIS,21,6.2,291.7,8.8,D,3
24.0046,90.3195,321.8,1.1,1,2007-06-27,0726,Aqua,MODIS,44,6.2,300,9.1,D,0
23.874,88.688,318.9,1,1,2007-06-27,0726,Aqua,MODIS,27,6.2,296.1,6.3,D,0
23.8333,90.4841,320.5,1.1,1,2007-07-13,0726,Aqua,MODIS,34,6.2,297.7,9,D,0
24.0865,88.8265,318.7,1,1,2007-07-13,0726,Aqua,MODIS,34,6.2,297.2,7.1,D,0
23.9438,90.2831,316.8,1.1,1,2007-08-19,0436,Terra,MODIS,60,6.2,296.8,7.3,D,0
21.7548,91.8456,310.7,1.2,1.1,2007-08-21,0424,Terra,MODIS,27,6.2,295.8,6.6,D,3
23.9938,90.3165,317.3,1,1,2007-09-01,0714,Aqua,MODIS,44,6.2,296.3,7.3,D,0
23.942,90.2811,320.1,1,1,2007-09-01,0714,Aqua,MODIS,72,6.2,297.6,8.9,D,0
23.6685,90.4237,315.3,1.1,1,2007-10-01,0726,Aqua,MODIS,40,6.2,294.9,6.9,D,0
23.8411,90.4812,316.6,1.1,1,2007-10-06,0436,Terra,MODIS,50,6.2,295.3,7.8,D,0
23.8397,90.4915,315.8,1.1,1,2007-10-06,0436,Terra,MODIS,46,6.2,295,7.2,D,0
21.7555,91.848,310.2,1.3,1.1,2007-10-20,0448,Terra,MODIS,31,6.2,295.9,8,D,3
25.4475,89.6556,314.5,1,1,2007-11-05,0447,Terra,MODIS,0,6.2,299.5,7.3,D,0
22.8588,91.7695,307.1,1.2,1.1,2007-11-06,0701,Aqua,MODIS,53,6.2,295.3,4.6,D,0
24.1351,91.2877,315.1,1,1,2007-11-11,0719,Aqua,MODIS,66,6.2,301.4,6.4,D,0
23.8243,90.8266,311.4,1,1,2007-11-27,0719,Aqua,MODIS,57,6.2,300.1,5.2,D,0
23.6741,90.4076,314.3,1,1,2007-11-27,0719,Aqua,MODIS,24,6.2,297.4,7.1,D,0
24.2827,91.3239,312.2,1.1,1,2007-11-29,0707,Aqua,MODIS,65,6.2,298.7,6.5,D,0
24.1681,91.245,310.8,1.1,1,2007-11-29,0707,Aqua,MODIS,62,6.2,295.7,6,D,0
24.273,91.2615,314.3,1.1,1,2007-11-29,0707,Aqua,MODIS,69,6.2,298,7.7,D,0
24.1691,91.1909,309.5,1.1,1,2007-11-29,0707,Aqua,MODIS,49,6.2,297.2,4.8,D,0
23.7115,91.013,307.7,1.1,1.1,2007-12-04,0725,Aqua,MODIS,58,6.2,295.6,5.5,D,0
24.1644,91.3116,313.1,1,1,2007-12-06,0713,Aqua,MODIS,65,6.2,301.1,4.9,D,0
24.1658,91.3213,312.1,1,1,2007-12-06,0713,Aqua,MODIS,44,6.2,301.2,4.7,D,0
24.169,91.2809,316,1,1,2007-12-06,0713,Aqua,MODIS,71,6.2,302.6,7.1,D,0
25.6292,89.0839,305.1,1,1,2007-12-07,0447,Terra,MODIS,51,6.2,281.2,6.6,D,0
24.2247,91.3117,311.9,1.5,1.2,2007-12-11,0732,Aqua,MODIS,66,6.2,300.5,9.8,D,0
24.2854,88.991,310.4,1,1,2007-12-13,0720,Aqua,MODIS,59,6.2,297.8,5.8,D,0
24.9548,92.2664,308.9,1.4,1.2,2007-12-20,0726,Aqua,MODIS,65,6.2,297.5,8.6,D,0
24.3067,88.6327,310.3,1.2,1.1,2007-12-22,0713,Aqua,MODIS,0,6.2,297.5,7.9,D,0
21.4829,92.1259,301,1.2,1.1,2007-12-24,0700,Aqua,MODIS,15,6.2,289.1,3,D,0
