latitude,longitude,brightness,scan,track,acq_date,acq_time,satellite,instrument,confidence,version,bright_t31,frp,daynight,type
24.6752,88.9964,311.1,1.4,1.2,2003-01-02,0705,Aqua,MODIS,38,6.2,297.9,7,D,0
24.5881,91.5931,310.9,1,1,2003-01-02,0705,Aqua,MODIS,62,6.2,300.3,5.2,D,0
24.5091,91.5658,326.3,1,1,2003-01-02,0705,Aqua,MODIS,82,6.2,300.5,22.1,D,0
24.5106,91.576,325.7,1,1,2003-01-02,0705,Aqua,MODIS,81,6.2,300.8,21,D,0
24.5074,91.576,310.2,1.1,1,2003-01-16,0717,Aqua,MODIS,63,6.2,299.4,6.7,D,0
25.0915,91.9149,311.1,1.1,1.1,2003-01-16,0717,Aqua,MODIS,66,6.2,300.5,5.9,D,0
25.0864,91.9224,313.2,1.1,1.1,2003-01-16,0717,Aqua,MODIS,63,6.2,300.1,8,D,0
25.0803,92.0241,311.6,1.1,1.1,2003-01-16,0717,Aqua,MODIS,67,6.2,300.7,6.6,D,0
22.5985,92.1174,311.7,1,1,2003-01-18,0705,Aqua,MODIS,67,6.2,298.4,7.4,D,0
24.8464,91.9162,316.4,1,1,2003-01-18,0705,Aqua,MODIS,68,6.2,302.8,8.2,D,0
24.8374,91.9179,320.3,1,1,2003-01-18,0705,Aqua,MODIS,76,6.2,302.1,12,D,0
23.948,89.1841,302.5,2,1.4,2003-01-22,0513,Terra,MODIS,0,6.2,292.1,10.7,D,0
24.3702,88.4533,302.9,1.7,1.3,2003-01-22,0513,Terra,MODIS,0,6.2,292.1,8.1,D,0
22.393,91.7663,309,1.2,1.1,2003-01-23,0723,Aqua,MODIS,57,6.2,297,6.5,D,0
25.1588,89.3312,306.4,1,1,2003-01-23,0724,Aqua,MODIS,59,6.2,294.3,4,D,0
25.4842,89.6632,305.4,1.3,1.1,2003-01-24,0501,Terra,MODIS,0,6.2,292.8,6.7,D,0
25.0682,92.0831,309.1,1,1,2003-01-25,0711,Aqua,MODIS,67,6.2,297.6,4.6,D,0
22.9111,91.6649,310.8,1,1,2003-01-25,0711,Aqua,MODIS,64,6.2,299.8,5.3,D,0
22.5681,91.1849,313.9,1.4,1.2,2003-01-27,0658,Aqua,MODIS,70,6.2,301.3,9.9,D,0
24.7667,92.12,306.8,1.1,1.1,2003-01-27,0659,Aqua,MODIS,64,6.2,290.8,6.3,D,0
24.5448,91.6168,307.8,1.6,1.2,2003-01-30,0729,Aqua,MODIS,52,6.2,292.6,7.1,D,0
22.5748,91.9489,316.3,1.1,1,2003-02-01,0717,Aqua,MODIS,69,6.2,301.1,8.7,D,0
22.8148,92.0403,310,1.1,1,2003-02-01,0717,Aqua,MODIS,54,6.2,298.7,5.5,D,0
22.4293,92.5261,308.6,1.1,1.1,2003-02-01,0717,Aqua,MODIS,52,6.2,297.8,5.6,D,0
24.2084,91.3958,350,1,1,2003-02-01,0717,Aqua,MODIS,95,6.2,299.6,60.7,D,0
24.2071,91.3856,325.3,1,1,2003-02-01,0717,Aqua,MODIS,81,6.2,297.9,18.7,D,0
22.5728,91.9402,314.6,1.1,1,2003-02-03,0704,Aqua,MODIS,48,6.2,302.6,5.3,D,0
22.5834,91.9487,320.6,1.1,1,2003-02-03,0704,Aqua,MODIS,71,6.2,302.4,11.9,D,0
22.5743,91.9503,314.1,1.1,1,2003-02-03,0704,Aqua,MODIS,28,6.2,302.3,5.5,D,0
23.1307,89.5857,314.1,2.3,1.5,2003-02-04,0748,Aqua,MODIS,66,6.2,298.2,25.8,D,0
24.0967,89.7798,309.1,1.3,1.1,2003-02-09,0501,Terra,MODIS,0,6.2,293.6,5.1,D,0
21.5076,92.2008,326,1,1,2003-02-10,0710,Aqua,MODIS,81,6.2,305.4,16.9,D,0
21.509,92.2103,325.7,1,1,2003-02-10,0710,Aqua,MODIS,81,6.2,304.9,17.4,D,0
21.5173,92.2034,350.1,1,1,2003-02-10,0710,Aqua,MODIS,96,6.2,304.8,56.5,D,0
22.0792,92.1419,317.9,1,1,2003-02-10,0711,Aqua,MODIS,72,6.2,304.6,8.2,D,0
23.1607,89.5678,325.1,1.1,1,2003-02-10,0711,Aqua,MODIS,79,6.2,299.2,19.6,D,0
24.2094,91.3921,311.3,2.5,1.5,2003-02-13,0742,Aqua,MODIS,57,6.2,290.7,21.3,D,0
24.2036,91.3847,313.9,2.5,1.5,2003-02-13,0742,Aqua,MODIS,51,6.2,292.7,27,D,0
25.4854,89.6573,312,1.6,1.2,2003-02-16,0507,Terra,MODIS,0,6.2,300.7,13.9,D,0
22.6827,91.8974,310.4,1.1,1,2003-02-17,0717,Aqua,MODIS,51,6.2,299.7,4.1,D,0
24.2145,91.3936,316.4,1.1,1,2003-02-17,0717,Aqua,MODIS,65,6.2,305.1,7.5,D,0
22.9814,92.1516,312.3,1.1,1,2003-02-17,0717,Aqua,MODIS,61,6.2,300.4,6.7,D,0
24.1437,89.1175,311.7,1,1,2003-02-17,0717,Aqua,MODIS,53,6.2,300,5.1,D,0
22.5675,91.1794,317.5,1,1,2003-02-17,0717,Aqua,MODIS,59,6.2,304,6.7,D,0
21.7325,92.5035,310.4,1.1,1,2003-02-17,0717,Aqua,MODIS,57,6.2,300,5.6,D,0
23.1328,89.5799,314.9,1,1,2003-02-17,0717,Aqua,MODIS,65,6.2,301.5,6.8,D,0
23.104,89.5766,312.4,3.9,1.8,2003-02-18,0800,Aqua,MODIS,68,6.2,297.5,43.8,D,0
23.1086,89.5708,312.7,3.9,1.8,2003-02-18,0800,Aqua,MODIS,68,6.2,297.5,46.5,D,0
21.7107,92.1636,319.3,1,1,2003-02-19,0704,Aqua,MODIS,73,6.2,303.1,10.7,D,0
21.401,92.1959,315.7,1.1,1,2003-02-19,0704,Aqua,MODIS,67,6.2,304.3,6.5,D,0
24.6335,91.9749,315.4,1,1,2003-02-19,0705,Aqua,MODIS,63,6.2,301.5,5.8,D,0
24.4301,91.6077,315.9,1,1,2003-02-19,0705,Aqua,MODIS,62,6.2,302.2,5.9,D,0
24.4286,91.5976,327.2,1,1,2003-02-19,0705,Aqua,MODIS,80,6.2,302.2,17.9,D,0
22.5265,91.735,310.9,1.1,1,2003-02-20,0443,Terra,MODIS,44,6.2,300.4,4.6,D,0
24.3017,91.58,315.7,1.5,1.2,2003-02-21,0653,Aqua,MODIS,68,6.2,299.1,13,D,0
25.4874,89.6686,312,1.9,1.3,2003-02-21,0653,Aqua,MODIS,0,6.2,300.1,15.5,D,0
23.0611,89.9527,314.3,2,1.4,2003-02-21,0653,Aqua,MODIS,66,6.2,298.3,19.6,D,0
24.1631,91.3883,328.9,1.9,1.4,2003-02-22,0736,Aqua,MODIS,83,6.2,302.5,53.5,D,0
23.1495,89.4761,314.4,1,1,2003-02-24,0723,Aqua,MODIS,56,6.2,302.9,5.4,D,0
22.9726,89.5273,317,1,1,2003-02-24,0723,Aqua,MODIS,63,6.2,303.6,8,D,0
24.179,91.7072,313.9,1.8,1.3,2003-02-25,0501,Terra,MODIS,69,6.2,299.3,17.4,D,0
24.1759,91.7241,317.4,1.8,1.3,2003-02-25,0501,Terra,MODIS,74,6.2,297.8,25.5,D,0
21.3928,92.0185,315.3,1,1,2003-02-26,0710,Aqua,MODIS,50,6.2,300.8,6.3,D,0
23.1034,89.5845,320.9,1.1,1,2003-02-26,0711,Aqua,MODIS,71,6.2,303.6,11.1,D,0
23.1398,89.5982,317.9,1,1,2003-02-27,0449,Terra,MODIS,69,6.2,302.6,8.9,D,0
22.0419,91.9954,314.3,1.2,1.1,2003-02-28,0658,Aqua,MODIS,31,6.2,303,6.2,D,0
23.046,89.5595,316.5,1.8,1.3,2003-03-01,0741,Aqua,MODIS,58,6.2,300.1,12.9,D,0
23.0441,89.5424,316.8,1.8,1.3,2003-03-01,0741,Aqua,MODIS,62,6.2,300.4,14.3,D,0
25.4433,89.6531,312.7,1.9,1.3,2003-03-03,0423,Terra,MODIS,0,6.2,298.7,15.2,D,0
25.4792,89.6575,313.7,1.9,1.3,2003-03-03,0423,Terra,MODIS,0,6.2,299.2,17.3,D,0
21.4019,92.0198,318.3,1.2,1.1,2003-03-03,0424,Terra,MODIS,67,6.2,305.2,9.9,D,0
23.1235,89.5353,317.2,1.1,1.1,2003-03-03,0729,Aqua,MODIS,52,6.2,304.4,6.8,D,0
22.3337,92.1415,315.6,1.1,1,2003-03-05,0717,Aqua,MODIS,63,6.2,301.4,6.6,D,0
24.2392,90.2553,314.4,1,1,2003-03-05,0717,Aqua,MODIS,61,6.2,299.5,6,D,0
24.1708,90.3635,324.8,1,1,2003-03-05,0717,Aqua,MODIS,76,6.2,301.3,13.9,D,0
24.1722,90.3733,326.3,1,1,2003-03-05,0717,Aqua,MODIS,79,6.2,300.9,15.5,D,0
24.1555,90.5162,317.9,1,1,2003-03-05,0717,Aqua,MODIS,68,6.2,302.4,8.2,D,0
24.1569,90.526,314.8,1,1,2003-03-05,0717,Aqua,MODIS,51,6.2,300.9,5.6,D,0
24.1281,90.4507,317.2,1,1,2003-03-05,0717,Aqua,MODIS,47,6.2,301.2,6.7,D,0
22.8817,92.38,321.4,1.1,1.1,2003-03-05,0717,Aqua,MODIS,73,6.2,298.9,15.2,D,0
23.0926,89.5871,321.4,1,1,2003-03-05,0717,Aqua,MODIS,52,6.2,306.5,9.9,D,0
23.0941,89.5968,321.1,1,1,2003-03-05,0717,Aqua,MODIS,45,6.2,305.5,9.6,D,0
23.059,89.4833,317.9,1,1,2003-03-05,0717,Aqua,MODIS,69,6.2,303.4,10.3,D,0
23.0726,89.953,314.7,1,1,2003-03-05,0717,Aqua,MODIS,64,6.2,302.2,5.4,D,0
22.5247,92.4587,331,1.1,1.1,2003-03-05,0717,Aqua,MODIS,83,6.2,299.8,28.5,D,0
24.2553,91.3882,315.5,1.1,1,2003-03-05,0717,Aqua,MODIS,65,6.2,299.5,7.7,D,0
24.2539,91.378,311,1.1,1,2003-03-05,0717,Aqua,MODIS,33,6.2,299.9,4,D,0
24.7706,91.6682,313.6,1.1,1,2003-03-05,0717,Aqua,MODIS,63,6.2,300.2,6.9,D,0
24.0623,89.1492,312.4,1.1,1,2003-03-06,0454,Terra,MODIS,58,6.2,298.5,7.2,D,0
21.3942,92.0159,312,1.6,1.3,2003-03-06,0455,Terra,MODIS,46,6.2,301.4,11.4,D,0
21.9462,92.1008,315.4,1.6,1.3,2003-03-06,0455,Terra,MODIS,67,6.2,302,17.1,D,0
21.6958,92.1114,321.7,1.1,1,2003-03-07,0704,Aqua,MODIS,76,6.2,305.9,12.6,D,0
21.6943,92.1014,316.7,1.1,1,2003-03-07,0704,Aqua,MODIS,65,6.2,306.2,7,D,0
22.5677,91.183,324.1,1.1,1.1,2003-03-07,0704,Aqua,MODIS,44,6.2,309.2,11.5,D,0
22.5787,91.192,337.7,1.1,1.1,2003-03-07,0704,Aqua,MODIS,88,6.2,309.5,32,D,0
22.5804,91.2027,325.5,1.1,1.1,2003-03-07,0704,Aqua,MODIS,68,6.2,308.6,13.2,D,0
22.4122,92.1509,316.2,1,1,2003-03-07,0704,Aqua,MODIS,64,6.2,304.7,6.6,D,0
22.7319,91.7063,318.7,1.1,1,2003-03-07,0704,Aqua,MODIS,68,6.2,307.4,7.2,D,0
23.0892,89.7806,321.5,1.3,1.1,2003-03-07,0705,Aqua,MODIS,69,6.2,303,17.5,D,0
23.0779,89.588,324,1.3,1.1,2003-03-07,0705,Aqua,MODIS,72,6.2,306.4,21.1,D,0
24.1998,91.4019,319.4,1.1,1,2003-03-07,0705,Aqua,MODIS,50,6.2,305,8.4,D,0
24.1982,91.3916,319.4,1.1,1,2003-03-07,0705,Aqua,MODIS,28,6.2,307.5,8.2,D,0
24.5018,91.93,319.5,1,1,2003-03-07,0705,Aqua,MODIS,70,6.2,304.8,9.4,D,0
24.1335,90.4494,319.4,1.2,1.1,2003-03-07,0705,Aqua,MODIS,69,6.2,304,10.7,D,0
24.1317,90.4383,325.5,1.2,1.1,2003-03-07,0705,Aqua,MODIS,78,6.2,303.9,18.2,D,0
23.1505,91.3648,317.8,1.1,1,2003-03-07,0705,Aqua,MODIS,69,6.2,303.9,8.3,D,0
22.6258,91.6832,301.5,1.9,1.3,2003-03-07,1633,Terra,MODIS,42,6.2,290.6,14.5,N,0
23.4058,92.2802,304.9,1.9,1.3,2003-03-07,1913,Aqua,MODIS,62,6.2,287.6,21.4,N,0
23.3983,92.2862,308.2,1.9,1.3,2003-03-07,1913,Aqua,MODIS,74,6.2,287.3,27.1,N,0
22.6642,91.6542,313.8,1,1,2003-03-08,0442,Terra,MODIS,44,6.2,303.6,5.8,D,0
22.6627,91.664,319,1,1,2003-03-08,0442,Terra,MODIS,72,6.2,301.5,11.3,D,0
22.9081,91.7473,311.8,1,1,2003-03-08,0442,Terra,MODIS,57,6.2,301.2,4.5,D,0
24.2797,91.5953,312.9,1,1,2003-03-08,0442,Terra,MODIS,40,6.2,301.2,4.4,D,0
24.2781,91.6052,318.8,1,1,2003-03-08,0442,Terra,MODIS,74,6.2,301.2,10,D,0
24.1288,91.4953,324.1,1,1,2003-03-08,0442,Terra,MODIS,79,6.2,305.4,14.3,D,0
23.3975,92.2801,309.2,1.1,1,2003-03-08,0442,Terra,MODIS,58,6.2,298.9,6,D,0
22.5735,91.7039,319.6,1,1,2003-03-08,0442,Terra,MODIS,73,6.2,303.1,11.6,D,0
21.4834,91.9957,321.5,1.1,1,2003-03-08,0443,Terra,MODIS,56,6.2,303,13.1,D,0
21.9009,91.9921,313.6,3.3,1.7,2003-03-08,0747,Aqua,MODIS,59,6.2,302.8,33.7,D,0
22.3741,92.4543,302.2,1.7,1.3,2003-03-08,1956,Aqua,MODIS,48,6.2,285.8,15.3,N,0
24.1565,89.1354,314.1,3.2,1.7,2003-03-09,0525,Terra,MODIS,57,6.2,300.8,39.7,D,0
22.3887,92.1438,316.6,1.5,1.2,2003-03-09,0652,Aqua,MODIS,67,6.2,306.3,11.9,D,0
22.6211,92.3225,334.3,1.4,1.2,2003-03-09,0652,Aqua,MODIS,86,6.2,303.7,47.5,D,0
22.6186,92.3082,335.3,1.4,1.2,2003-03-09,0652,Aqua,MODIS,87,6.2,304.4,50.5,D,0
22.4088,92.1037,326.7,1.5,1.2,2003-03-09,0652,Aqua,MODIS,80,6.2,304.5,30.2,D,0
22.4063,92.0895,324.1,1.5,1.2,2003-03-09,0652,Aqua,MODIS,78,6.2,305,25,D,0
22.6892,92.4057,324.1,1.4,1.2,2003-03-09,0652,Aqua,MODIS,77,6.2,302.8,24.6,D,0
22.6974,92.3905,318.6,1.4,1.2,2003-03-09,0652,Aqua,MODIS,64,6.2,303,15.3,D,0
22.6869,92.3922,338.6,1.4,1.2,2003-03-09,0652,Aqua,MODIS,84,6.2,304.8,56.4,D,0
25.4855,89.6557,319.1,1.9,1.3,2003-03-09,0653,Aqua,MODIS,0,6.2,308.6,26.6,D,0
22.6578,92.2769,300.4,1.3,1.1,2003-03-09,1621,Terra,MODIS,28,6.2,290.1,6.5,N,0
22.5575,91.7135,302.3,1.2,1.1,2003-03-09,1621,Terra,MODIS,48,6.2,290.7,7.8,N,0
24.3331,91.5874,312.6,1.1,1.1,2003-03-10,0430,Terra,MODIS,53,6.2,298.8,5.1,D,0
22.6497,91.6709,322.4,1.1,1,2003-03-10,0430,Terra,MODIS,75,6.2,303.4,13,D,0
24.3425,91.5888,315.8,1.1,1.1,2003-03-10,0430,Terra,MODIS,69,6.2,300.6,8.5,D,0
24.5302,91.916,313.4,1.1,1,2003-03-10,0430,Terra,MODIS,65,6.2,301,6.2,D,0
24.5316,91.9054,323,1.1,1,2003-03-10,0430,Terra,MODIS,78,6.2,300.5,15.8,D,0
21.9546,92.2469,322.9,1,1,2003-03-10,0430,Terra,MODIS,78,6.2,303,15.1,D,0
22.6483,91.6814,336.5,1.1,1,2003-03-10,0430,Terra,MODIS,88,6.2,302.4,33.4,D,0
22.423,92.3716,313.6,2.1,1.4,2003-03-10,0735,Aqua,MODIS,47,6.2,302.6,15.6,D,0
22.0325,91.9599,317.3,2,1.4,2003-03-10,0735,Aqua,MODIS,63,6.2,305.4,16.2,D,0
23.3977,92.2479,327.9,2.1,1.4,2003-03-10,0735,Aqua,MODIS,81,6.2,302.1,62.2,D,0
23.3998,92.2679,338.5,2.2,1.4,2003-03-10,0735,Aqua,MODIS,89,6.2,301.8,108.1,D,0
22.8379,91.8444,318.4,2,1.4,2003-03-10,0735,Aqua,MODIS,66,6.2,305.2,19,D,0
22.8355,91.8501,317.7,2,1.4,2003-03-10,0735,Aqua,MODIS,63,6.2,304.8,17.8,D,0
23.0035,91.9527,328.9,2,1.4,2003-03-10,0735,Aqua,MODIS,81,6.2,304.7,52,D,0
23.0055,91.9719,318,2,1.4,2003-03-10,0735,Aqua,MODIS,61,6.2,303.1,18.5,D,0
22.9911,91.9541,333.5,2,1.4,2003-03-10,0735,Aqua,MODIS,85,6.2,304.1,69.9,D,0
22.993,91.973,323.1,2,1.4,2003-03-10,0735,Aqua,MODIS,75,6.2,302.6,33.9,D,0
22.6466,91.6761,318,1.9,1.3,2003-03-10,0735,Aqua,MODIS,48,6.2,303.6,16.9,D,0
22.9417,89.5971,318.2,1.4,1.2,2003-03-10,0735,Aqua,MODIS,58,6.2,306.2,11.6,D,0
23.0373,89.551,321.5,1.4,1.2,2003-03-10,0735,Aqua,MODIS,35,6.2,307.2,13.3,D,0
23.0456,89.5566,323.3,1.4,1.2,2003-03-10,0735,Aqua,MODIS,64,6.2,306.4,17,D,0
25.7622,88.5517,317.5,1.3,1.1,2003-03-10,0736,Aqua,MODIS,62,6.2,302.1,11.3,D,0
25.0757,92.2914,317.6,2.3,1.5,2003-03-10,0736,Aqua,MODIS,68,6.2,299.4,29.8,D,0
25.0721,92.2864,320.4,2.3,1.5,2003-03-10,0736,Aqua,MODIS,75,6.2,299.7,41.6,D,0
23.3897,91.8446,324,1,1,2003-03-10,1944,Aqua,MODIS,100,6.2,289.5,25.3,N,0
23.3912,91.8345,319.3,1,1,2003-03-10,1944,Aqua,MODIS,98,6.2,288.3,20.1,N,0
23.1457,92.1658,328.1,1.1,1,2003-03-10,1944,Aqua,MODIS,100,6.2,287.4,32.3,N,0
22.9284,92.1307,304.5,1,1,2003-03-11,1609,Terra,MODIS,60,6.2,285.9,7.1,N,0
22.9271,92.1211,305.6,1,1,2003-03-11,1609,Terra,MODIS,65,6.2,284.8,7.7,N,0
22.4052,92.1673,315.4,1.3,1.1,2003-03-12,0722,Aqua,MODIS,46,6.2,301.1,6.2,D,0
21.8806,92.0427,319.2,1.2,1.1,2003-03-12,0722,Aqua,MODIS,69,6.2,304.9,10.2,D,0
22.5639,92.4673,365.5,1.3,1.1,2003-03-12,0722,Aqua,MODIS,100,6.2,304.3,141.7,D,0
22.1138,91.9605,317.1,1.2,1.1,2003-03-12,0722,Aqua,MODIS,56,6.2,303,7.2,D,0
22.5624,92.4552,348.9,1.3,1.1,2003-03-12,0722,Aqua,MODIS,94,6.2,304.2,78,D,0
22.5635,92.4735,331,1.3,1.1,2003-03-12,0722,Aqua,MODIS,83,6.2,301.3,33.8,D,0
22.6827,92.4511,315.8,1.3,1.1,2003-03-12,0722,Aqua,MODIS,61,6.2,301,9.1,D,0
22.5621,92.4611,359.5,1.3,1.1,2003-03-12,0722,Aqua,MODIS,99,6.2,305.5,116.5,D,0
22.9859,91.9296,314.3,1.2,1.1,2003-03-12,0723,Aqua,MODIS,26,6.2,298.9,6.2,D,0
22.9944,91.9163,317.8,1.2,1.1,2003-03-12,0723,Aqua,MODIS,62,6.2,299.3,10.1,D,0
23.1736,92.0513,323.8,1.3,1.1,2003-03-12,0723,Aqua,MODIS,77,6.2,295.7,21.6,D,0
23.0857,91.9083,324.5,1.2,1.1,2003-03-12,0723,Aqua,MODIS,72,6.2,295.6,20.8,D,0
23.5039,92.2526,327.9,1.3,1.1,2003-03-12,0723,Aqua,MODIS,46,6.2,300.4,28.1,D,0
23.5275,92.2761,320.5,1.3,1.1,2003-03-12,0723,Aqua,MODIS,50,6.2,296.2,18.1,D,0
23.5259,92.263,349,1.3,1.1,2003-03-12,0723,Aqua,MODIS,95,6.2,298.6,81.3,D,0
22.9024,92.1588,314.7,1.3,1.1,2003-03-12,0723,Aqua,MODIS,60,6.2,298.8,9.6,D,0
23.5362,92.2617,321,1.3,1.1,2003-03-12,0723,Aqua,MODIS,75,6.2,298.7,19.7,D,0
23.4953,92.2672,327.4,1.3,1.1,2003-03-12,0723,Aqua,MODIS,76,6.2,299.6,28.2,D,0
23.4851,92.2684,376.6,1.3,1.1,2003-03-12,0723,Aqua,MODIS,100,6.2,302.5,200.7,D,0
23.4867,92.2817,348.4,1.3,1.1,2003-03-12,0723,Aqua,MODIS,95,6.2,295.2,78.5,D,0
22.9844,91.9177,317.5,1.2,1.1,2003-03-12,0723,Aqua,MODIS,62,6.2,299.2,9.7,D,0
23.4796,92.2658,330.8,1,1,2003-03-14,0710,Aqua,MODIS,83,6.2,292.9,24.9,D,0
26.4945,88.3358,314.5,1.2,1.1,2003-03-14,0711,Aqua,MODIS,58,6.2,298.7,5.8,D,0
25.0559,89.6814,309.8,2.5,1.5,2003-03-18,0646,Aqua,MODIS,0,6.2,293.8,23.2,D,0
24.303,91.7536,312.7,2.3,1.5,2003-03-20,0507,Terra,MODIS,44,6.2,296.9,17.5,D,0
22.476,91.7409,309.5,2.5,1.5,2003-03-20,0507,Terra,MODIS,38,6.2,296.1,16.2,D,0
24.3003,91.7584,314.1,2.3,1.5,2003-03-20,0507,Terra,MODIS,65,6.2,296.6,23.3,D,0
22.7465,92.3554,308.9,1,1,2003-03-20,1603,Terra,MODIS,59,6.2,292.2,7.9,N,0
22.7543,92.3481,303.5,1,1,2003-03-20,1603,Terra,MODIS,55,6.2,292,5.3,N,0
22.7558,92.3582,309.1,1,1,2003-03-20,1603,Terra,MODIS,76,6.2,291.6,9,N,0
22.7501,92.3614,312.9,1.8,1.3,2003-03-21,0412,Terra,MODIS,50,6.2,301.8,10.9,D,0
23.1799,92.2865,313.2,1.1,1,2003-03-21,0716,Aqua,MODIS,48,6.2,298.4,5.2,D,0
22.1069,91.9404,316.1,1,1,2003-03-21,0716,Aqua,MODIS,39,6.2,303.2,5.4,D,0
22.0978,91.9419,319.4,1,1,2003-03-21,0716,Aqua,MODIS,67,6.2,303.6,8.7,D,0
22.5427,92.0368,318.7,1.1,1,2003-03-21,0716,Aqua,MODIS,33,6.2,299.6,7.7,D,0
22.741,92.3625,353.1,1.1,1,2003-03-21,0716,Aqua,MODIS,91,6.2,303.7,67.3,D,0
22.7502,92.3607,350.2,1.1,1,2003-03-21,0716,Aqua,MODIS,90,6.2,304.9,60.3,D,0
22.7302,91.9949,329,1.1,1,2003-03-21,0716,Aqua,MODIS,78,6.2,304.3,20.4,D,0
22.953,91.8339,313.6,1.5,1.2,2003-03-22,0455,Terra,MODIS,64,6.2,300.7,9.3,D,0
22.9848,91.9204,354,1.1,1,2003-03-23,0704,Aqua,MODIS,97,6.2,307.2,65.6,D,0
23.107,92.0588,321.5,1,1,2003-03-23,0704,Aqua,MODIS,73,6.2,304.7,11.4,D,0
22.9864,91.9306,343.5,1.1,1,2003-03-23,0704,Aqua,MODIS,92,6.2,304.6,43,D,0
23.5242,92.2563,323.9,1,1,2003-03-23,0704,Aqua,MODIS,67,6.2,300.6,14.4,D,0
23.4866,92.2529,339,1,1,2003-03-23,0704,Aqua,MODIS,89,6.2,304,33.8,D,0
22.513,91.7325,332.6,1.1,1,2003-03-23,0704,Aqua,MODIS,84,6.2,305.1,26.5,D,0
23.1085,92.0687,319.3,1,1,2003-03-23,0704,Aqua,MODIS,70,6.2,305.1,9.1,D,0
22.9879,91.9408,317,1.1,1,2003-03-23,0704,Aqua,MODIS,33,6.2,302.5,5.9,D,0
23.0409,91.8106,326.1,1.1,1,2003-03-23,0704,Aqua,MODIS,79,6.2,303.7,17.6,D,0
22.5645,92.3157,316.5,1,1,2003-03-23,0704,Aqua,MODIS,60,6.2,303.7,6.2,D,0
23.0382,92.0871,373,1,1,2003-03-23,0704,Aqua,MODIS,100,6.2,307.8,123.8,D,0
23.4881,92.2628,356.7,1,1,2003-03-23,0704,Aqua,MODIS,98,6.2,304.6,71.3,D,0
23.2272,92.0043,333.7,1,1,2003-03-23,0704,Aqua,MODIS,85,6.2,304,27.5,D,0
23.2257,91.9941,334.5,1,1,2003-03-23,0704,Aqua,MODIS,86,6.2,307.7,28.4,D,0
23.4806,92.2742,322.8,1,1,2003-03-23,0704,Aqua,MODIS,72,6.2,301.1,13.9,D,0
22.5114,91.7221,324.4,1.1,1,2003-03-23,0704,Aqua,MODIS,75,6.2,306.5,14.9,D,0
23.4971,92.2611,354.7,1,1,2003-03-23,0704,Aqua,MODIS,97,6.2,306.1,66.5,D,0
23.5256,92.2661,368.8,1,1,2003-03-23,0704,Aqua,MODIS,100,6.2,305.8,109,D,0
23.54,92.237,329.7,1,1,2003-03-23,0704,Aqua,MODIS,82,6.2,302.1,23.3,D,0
23.4581,92.2478,315.3,1,1,2003-03-23,0704,Aqua,MODIS,33,6.2,302.9,6.5,D,0
23.0366,92.0769,341.5,1,1,2003-03-23,0704,Aqua,MODIS,90,6.2,307,37.9,D,0
23.4957,92.2513,336.3,1,1,2003-03-23,0704,Aqua,MODIS,86,6.2,304.3,29.6,D,0
22.9955,91.9289,353.4,1.1,1,2003-03-23,0704,Aqua,MODIS,97,6.2,306.5,65.2,D,0
22.9971,91.9391,318.2,1.1,1,2003-03-23,0704,Aqua,MODIS,49,6.2,302.8,7.1,D,0
23.5271,92.2759,327,1,1,2003-03-23,0704,Aqua,MODIS,57,6.2,299.7,18.2,D,0
23.6462,89.8885,319.1,1.3,1.1,2003-03-23,0704,Aqua,MODIS,0,6.2,306,12.7,D,0
23.2832,92.0044,314.7,1,1,2003-03-23,0704,Aqua,MODIS,59,6.2,302.8,6.2,D,0
23.7146,91.926,314.8,1,1,2003-03-23,0704,Aqua,MODIS,59,6.2,304.3,5.7,D,0
23.5061,92.2595,322.3,1,1,2003-03-23,0704,Aqua,MODIS,49,6.2,302.3,12.3,D,0
23.2817,91.9945,314,1,1,2003-03-23,0704,Aqua,MODIS,57,6.2,302.3,5.5,D,0
23.0457,92.0753,389.5,1,1,2003-03-23,0704,Aqua,MODIS,100,6.2,312.6,197.5,D,0
23.5151,92.2579,352.2,1,1,2003-03-23,0704,Aqua,MODIS,96,6.2,304.7,60.7,D,0
23.5166,92.2677,370.9,1,1,2003-03-23,0704,Aqua,MODIS,100,6.2,305.2,115.3,D,0
23.4596,92.2578,329.5,1,1,2003-03-23,0704,Aqua,MODIS,82,6.2,302.8,21.2,D,0
23.0394,91.8004,314.3,1.1,1,2003-03-23,0704,Aqua,MODIS,58,6.2,303.2,5.1,D,0
23.1175,91.9431,316.9,1.1,1,2003-03-23,0704,Aqua,MODIS,65,6.2,302.7,6.4,D,0
22.5569,92.3272,322.5,1,1,2003-03-23,0704,Aqua,MODIS,73,6.2,304.1,12.2,D,0
24.1847,91.3815,320.8,1.1,1,2003-03-23,0704,Aqua,MODIS,59,6.2,306.5,7.3,D,0
22.5554,92.3173,326.9,1,1,2003-03-23,0704,Aqua,MODIS,79,6.2,304.1,17.4,D,0
22.5638,91.7058,316.5,1.1,1,2003-03-23,0704,Aqua,MODIS,49,6.2,304.7,6.5,D,0
23.0473,92.0855,450.8,1,1,2003-03-23,0704,Aqua,MODIS,100,6.2,322,755.7,D,0
23.0488,92.0955,321.7,1,1,2003-03-23,0704,Aqua,MODIS,73,6.2,302.1,10.4,D,0
22.9926,91.9714,323.4,1.1,1,2003-03-23,0704,Aqua,MODIS,75,6.2,302.8,14,D,0
22.7202,91.7076,319.3,1.1,1,2003-03-23,0704,Aqua,MODIS,67,6.2,305.9,7.8,D,0
23.0062,91.9375,329.6,1.1,1,2003-03-23,0704,Aqua,MODIS,82,6.2,303.7,20.3,D,0
23.4757,91.9651,318.9,2,1.4,2003-03-23,1634,Terra,MODIS,98,6.2,292,49.2,N,0
23.4773,91.9592,318.3,2,1.4,2003-03-23,1634,Terra,MODIS,96,6.2,291.9,47.6,N,0
24.9611,91.9453,315.2,1,1,2003-03-24,0442,Terra,MODIS,59,6.2,301.9,6.1,D,0
24.5857,91.9239,318.4,1,1,2003-03-24,0442,Terra,MODIS,70,6.2,302.9,9,D,0
21.9046,92.5752,348.4,1.1,1.1,2003-03-24,0443,Terra,MODIS,95,6.2,301.4,65.4,D,0
21.895,92.574,316.5,1.1,1.1,2003-03-24,0443,Terra,MODIS,68,6.2,299.6,10.8,D,0
22.9859,91.9486,330,3.4,1.7,2003-03-24,0747,Aqua,MODIS,83,6.2,301.1,120.5,D,0
23.3076,92.3396,320.4,3.6,1.8,2003-03-24,0747,Aqua,MODIS,73,6.2,298.1,79.7,D,0
22.424,92.5219,320.1,3.6,1.8,2003-03-24,0747,Aqua,MODIS,58,6.2,299.7,66.1,D,0
22.415,92.5169,323.2,3.6,1.8,2003-03-24,0747,Aqua,MODIS,59,6.2,299.5,84.8,D,0
23.3924,91.9749,334.3,3.4,1.7,2003-03-24,0747,Aqua,MODIS,86,6.2,299,163.6,D,0
23.3897,91.9422,334.3,3.4,1.7,2003-03-24,0747,Aqua,MODIS,86,6.2,300.7,161.3,D,0
22.8379,92.3128,340.1,3.6,1.8,2003-03-24,0747,Aqua,MODIS,68,6.2,301.7,223.4,D,0
22.857,92.3471,315.9,3.6,1.8,2003-03-24,0747,Aqua,MODIS,61,6.2,300.4,40.8,D,0
22.6112,92.4223,319.5,3.6,1.8,2003-03-24,0747,Aqua,MODIS,70,6.2,300.6,63.9,D,0
22.8351,92.3399,360.5,3.6,1.8,2003-03-24,0747,Aqua,MODIS,100,6.2,301.6,505.4,D,0
22.8323,92.3055,323.5,3.6,1.8,2003-03-24,0747,Aqua,MODIS,58,6.2,301.2,81.5,D,0
23.7032,91.9533,323.9,3.4,1.7,2003-03-24,0747,Aqua,MODIS,55,6.2,297.7,80.6,D,0
22.841,92.3483,352.2,3.6,1.8,2003-03-24,0747,Aqua,MODIS,96,6.2,301.4,377.1,D,0
23.4706,92.2354,313.5,3.6,1.8,2003-03-24,0747,Aqua,MODIS,58,6.2,296.5,42.6,D,0
23.452,92.2038,327.7,3.6,1.8,2003-03-24,0747,Aqua,MODIS,81,6.2,296.7,126.7,D,0
23.4547,92.2374,346.2,3.6,1.8,2003-03-24,0747,Aqua,MODIS,93,6.2,296.2,309.1,D,0
22.552,92.3873,316.2,3.6,1.8,2003-03-24,0747,Aqua,MODIS,64,6.2,300.6,46.9,D,0
21.9041,92.5681,324.5,3.6,1.8,2003-03-24,0747,Aqua,MODIS,78,6.2,298,99.6,D,0
21.9009,92.5335,323.8,3.6,1.8,2003-03-24,0747,Aqua,MODIS,77,6.2,299.2,89.3,D,0
21.8957,92.5649,329.7,3.6,1.8,2003-03-24,0747,Aqua,MODIS,83,6.2,299.1,144.4,D,0
22.6822,92.4717,321.4,3.6,1.8,2003-03-24,0747,Aqua,MODIS,73,6.2,299.8,75.7,D,0
22.6696,92.445,317.7,3.6,1.8,2003-03-24,0747,Aqua,MODIS,67,6.2,300.6,52.8,D,0
22.6728,92.4811,321.3,3.6,1.8,2003-03-24,0747,Aqua,MODIS,73,6.2,299.6,75.8,D,0
21.8926,92.5288,319.2,3.6,1.8,2003-03-24,0747,Aqua,MODIS,71,6.2,299.6,65.4,D,0
23.4628,92.2408,316.3,3.6,1.8,2003-03-24,0747,Aqua,MODIS,66,6.2,296.5,56.4,D,0
23.444,92.2091,334,3.6,1.8,2003-03-24,0747,Aqua,MODIS,86,6.2,296.8,176.8,D,0
23.4469,92.2428,340.5,3.6,1.8,2003-03-24,0747,Aqua,MODIS,90,6.2,295.5,242,D,0
23.4957,91.9598,313,3.4,1.7,2003-03-24,0747,Aqua,MODIS,56,6.2,297.8,33.9,D,0
22.6215,92.449,316.2,3.6,1.8,2003-03-24,0747,Aqua,MODIS,64,6.2,300.4,46.5,D,0
22.6585,92.1396,317.9,3.4,1.7,2003-03-24,0747,Aqua,MODIS,0,6.2,299.4,42.7,D,0
22.4079,92.5234,323.2,3.6,1.8,2003-03-24,0747,Aqua,MODIS,76,6.2,299.2,87.5,D,0
23.6481,91.9371,311.5,3.4,1.7,2003-03-24,0747,Aqua,MODIS,40,6.2,296.8,24.9,D,0
23.6576,91.9314,333.4,3.4,1.7,2003-03-24,0747,Aqua,MODIS,85,6.2,297.7,158.1,D,0
23.7005,91.9196,322.9,3.4,1.7,2003-03-24,0747,Aqua,MODIS,70,6.2,298,75.8,D,0
23.215,92.0046,318,3.4,1.7,2003-03-24,0747,Aqua,MODIS,69,6.2,300.2,49.8,D,0
22.5602,92.3923,318.3,3.6,1.8,2003-03-24,0747,Aqua,MODIS,68,6.2,300.6,58.4,D,0
22.6699,92.1304,316.2,3.4,1.7,2003-03-24,0747,Aqua,MODIS,47,6.2,299.3,37.4,D,0
22.6188,92.4166,317.1,3.6,1.8,2003-03-24,0747,Aqua,MODIS,66,6.2,300.8,51.5,D,0
23.2989,92.3362,314.6,3.6,1.8,2003-03-24,0747,Aqua,MODIS,62,6.2,297.9,47,D,0
22.9825,91.9408,323.7,3.4,1.7,2003-03-24,0747,Aqua,MODIS,77,6.2,300.8,77.5,D,0
22.9851,91.9724,330.3,3.4,1.7,2003-03-24,0747,Aqua,MODIS,83,6.2,299.4,124.6,D,0
22.9887,91.9809,320.3,3.4,1.7,2003-03-24,0747,Aqua,MODIS,72,6.2,299,58.8,D,0
22.3733,92.5232,327.2,1.7,1.3,2003-03-24,1956,Aqua,MODIS,100,6.2,291.2,56.5,N,0
21.6578,92.2029,325.7,1.5,1.2,2003-03-25,0651,Aqua,MODIS,78,6.2,298,29.5,D,0
21.8756,92.3264,325.4,1.5,1.2,2003-03-25,0651,Aqua,MODIS,73,6.2,298.5,30.8,D,0
21.6711,92.2153,314.7,1.5,1.2,2003-03-25,0651,Aqua,MODIS,37,6.2,296.7,11.1,D,0
21.6686,92.2006,321.3,1.5,1.2,2003-03-25,0651,Aqua,MODIS,73,6.2,298.5,21.9,D,0
21.5196,92.5359,318.6,1.5,1.2,2003-03-25,0651,Aqua,MODIS,68,6.2,299.4,17.9,D,0
21.7248,92.5258,318,1.4,1.2,2003-03-25,0651,Aqua,MODIS,65,6.2,300.7,15,D,0
21.6604,92.2176,316.8,1.5,1.2,2003-03-25,0651,Aqua,MODIS,42,6.2,295.9,13.3,D,0
21.8404,92.1241,316.3,1.5,1.2,2003-03-25,0651,Aqua,MODIS,64,6.2,299.4,13.9,D,0
21.9492,92.5011,345.7,1.4,1.2,2003-03-25,0651,Aqua,MODIS,88,6.2,299.5,78.7,D,0
23.0583,91.8054,321.2,1.5,1.2,2003-03-25,0652,Aqua,MODIS,73,6.2,300.7,19.1,D,0
23.4964,92.2225,382.4,1.4,1.2,2003-03-25,0652,Aqua,MODIS,100,6.2,302.6,259.7,D,0
23.493,92.232,328.2,1.4,1.2,2003-03-25,0652,Aqua,MODIS,70,6.2,298.7,29.1,D,0
23.4906,92.2182,329.1,1.4,1.2,2003-03-25,0652,Aqua,MODIS,79,6.2,299.3,32.8,D,0
23.5034,92.2296,373.5,1.4,1.2,2003-03-25,0652,Aqua,MODIS,100,6.2,300,198.1,D,0
23.501,92.216,358.9,1.4,1.2,2003-03-25,0652,Aqua,MODIS,99,6.2,301.4,124.6,D,0
23.5138,92.2274,328.2,1.4,1.2,2003-03-25,0652,Aqua,MODIS,58,6.2,300.1,29.9,D,0
23.5242,92.2251,328.4,1.4,1.2,2003-03-25,0652,Aqua,MODIS,54,6.2,299.9,30.8,D,0
23.3867,92.2516,356.9,1.4,1.2,2003-03-25,0652,Aqua,MODIS,98,6.2,302.3,116.2,D,0
23.5218,92.2115,323.2,1.4,1.2,2003-03-25,0652,Aqua,MODIS,43,6.2,300.1,22.4,D,0
23.5394,92.251,311.5,1.4,1.2,2003-03-25,0652,Aqua,MODIS,39,6.2,296.9,7.5,D,0
23.537,92.2374,343.5,1.4,1.2,2003-03-25,0652,Aqua,MODIS,92,6.2,299.2,66.7,D,0
23.5346,92.223,334.8,1.4,1.2,2003-03-25,0652,Aqua,MODIS,76,6.2,300.5,44.2,D,0
23.5322,92.2094,325.1,1.4,1.2,2003-03-25,0652,Aqua,MODIS,40,6.2,300.6,25.1,D,0
23.5498,92.2493,421.1,1.4,1.2,2003-03-25,0652,Aqua,MODIS,100,6.2,308.4,655.1,D,0
23.5475,92.2353,387.4,1.4,1.2,2003-03-25,0652,Aqua,MODIS,100,6.2,303.4,293.4,D,0
23.545,92.221,387,1.4,1.2,2003-03-25,0652,Aqua,MODIS,100,6.2,303.7,292.5,D,0
23.5427,92.2074,331.4,1.4,1.2,2003-03-25,0652,Aqua,MODIS,84,6.2,301.2,39.3,D,0
23.5603,92.2477,368.1,1.4,1.2,2003-03-25,0652,Aqua,MODIS,100,6.2,299.5,171.5,D,0
23.5011,92.2503,339.5,1.4,1.2,2003-03-25,0652,Aqua,MODIS,90,6.2,299.5,57.7,D,0
23.5579,92.2336,335.6,1.4,1.2,2003-03-25,0652,Aqua,MODIS,87,6.2,297.6,49.6,D,0
23.5554,92.219,342.1,1.4,1.2,2003-03-25,0652,Aqua,MODIS,91,6.2,299,67.8,D,0
23.1973,91.8759,315.7,1.5,1.2,2003-03-25,0652,Aqua,MODIS,61,6.2,300.3,11.1,D,0
23.5683,92.2314,309.7,1.4,1.2,2003-03-25,0652,Aqua,MODIS,32,6.2,292.6,6,D,0
23.352,92.3006,393.2,1.4,1.2,2003-03-25,0652,Aqua,MODIS,100,6.2,303.3,339.5,D,0
23.3728,92.2967,367.5,1.4,1.2,2003-03-25,0652,Aqua,MODIS,100,6.2,299.8,162.7,D,0
23.3809,92.2809,394.8,1.4,1.2,2003-03-25,0652,Aqua,MODIS,100,6.2,302,356.5,D,0
23.0475,91.8077,319.6,1.5,1.2,2003-03-25,0652,Aqua,MODIS,52,6.2,300.9,16,D,0
23.0568,91.811,323.1,1.5,1.2,2003-03-25,0652,Aqua,MODIS,75,6.2,301,22.6,D,0
23.6945,91.9498,323.8,1.5,1.2,2003-03-25,0652,Aqua,MODIS,71,6.2,298.8,23,D,0
22.6838,92.4706,322.3,1.4,1.2,2003-03-25,0652,Aqua,MODIS,74,6.2,301.1,21.5,D,0
22.2353,92.5502,329.8,1.4,1.2,2003-03-25,0652,Aqua,MODIS,82,6.2,300,35.2,D,0
22.2458,92.5481,337.8,1.4,1.2,2003-03-25,0652,Aqua,MODIS,88,6.2,298.2,55.5,D,0
23.3785,92.2672,379.4,1.4,1.2,2003-03-25,0652,Aqua,MODIS,100,6.2,303.9,235.9,D,0
23.389,92.2653,369.8,1.4,1.2,2003-03-25,0652,Aqua,MODIS,100,6.2,301.7,177.4,D,0
22.4607,92.5002,329,1.4,1.2,2003-03-25,0652,Aqua,MODIS,81,6.2,298.8,34,D,0
22.4629,92.5128,317.7,1.4,1.2,2003-03-25,0652,Aqua,MODIS,65,6.2,296.3,14.2,D,0
22.4165,92.5273,346.3,1.4,1.2,2003-03-25,0652,Aqua,MODIS,93,6.2,299.5,73.2,D,0
22.4061,92.5295,323,1.4,1.2,2003-03-25,0652,Aqua,MODIS,44,6.2,298.4,18.8,D,0
22.5705,92.4716,316.8,1.4,1.2,2003-03-25,0652,Aqua,MODIS,63,6.2,300.4,12.7,D,0
22.5472,92.4619,344.6,1.4,1.2,2003-03-25,0652,Aqua,MODIS,92,6.2,301.3,71.8,D,0
22.5369,92.4645,356.1,1.4,1.2,2003-03-25,0652,Aqua,MODIS,98,6.2,301.6,114.2,D,0
22.62,92.4129,315.1,1.4,1.2,2003-03-25,0652,Aqua,MODIS,59,6.2,300.8,10.1,D,0
22.6224,92.4268,320.2,1.4,1.2,2003-03-25,0652,Aqua,MODIS,70,6.2,301.2,17.6,D,0
23.0397,92.0975,319.4,1.5,1.2,2003-03-25,0652,Aqua,MODIS,71,6.2,299.6,16.6,D,0
23.0372,92.0831,315.6,1.5,1.2,2003-03-25,0652,Aqua,MODIS,64,6.2,300.1,10.9,D,0
23.0737,92.1043,331.4,1.5,1.2,2003-03-25,0652,Aqua,MODIS,84,6.2,299.6,39.1,D,0
23.0796,92.0745,328.9,1.5,1.2,2003-03-25,0652,Aqua,MODIS,59,6.2,300.1,30.6,D,0
23.0772,92.0602,342.6,1.5,1.2,2003-03-25,0652,Aqua,MODIS,91,6.2,301.2,66.8,D,0
23.0902,92.0724,333.7,1.5,1.2,2003-03-25,0652,Aqua,MODIS,86,6.2,298.1,42.7,D,0
23.1008,92.07,332.1,1.5,1.2,2003-03-25,0652,Aqua,MODIS,84,6.2,301,38.8,D,0
23.1064,92.0778,335,1.5,1.2,2003-03-25,0652,Aqua,MODIS,87,6.2,300.6,47.2,D,0
23.1039,92.0639,326,1.5,1.2,2003-03-25,0652,Aqua,MODIS,64,6.2,301.6,27.1,D,0
23.117,92.0756,313.7,1.5,1.2,2003-03-25,0652,Aqua,MODIS,60,6.2,299.8,9,D,0
23.1145,92.0618,313.4,1.5,1.2,2003-03-25,0652,Aqua,MODIS,58,6.2,300.2,8.5,D,0
23.1947,92.1464,314.1,1.4,1.2,2003-03-25,0652,Aqua,MODIS,61,6.2,299.5,9.9,D,0
23.1923,92.1322,317.1,1.4,1.2,2003-03-25,0652,Aqua,MODIS,67,6.2,300.4,13.8,D,0
22.7437,92.2103,315.8,1.5,1.2,2003-03-25,0652,Aqua,MODIS,62,6.2,300.3,11.8,D,0
22.8295,92.1737,315.6,1.5,1.2,2003-03-25,0652,Aqua,MODIS,62,6.2,300.8,10.7,D,0
22.8782,92.1707,313,1.5,1.2,2003-03-25,0652,Aqua,MODIS,39,6.2,300.3,8.7,D,0
22.8759,92.1574,316.9,1.5,1.2,2003-03-25,0652,Aqua,MODIS,65,6.2,300.5,14,D,0
23.4836,92.2108,313.2,1.4,1.2,2003-03-25,0652,Aqua,MODIS,55,6.2,298.7,9.5,D,0
23.486,92.2249,339.9,1.4,1.2,2003-03-25,0652,Aqua,MODIS,90,6.2,299,61.3,D,0
23.2991,91.8039,317.7,1.5,1.2,2003-03-25,0652,Aqua,MODIS,68,6.2,301.3,14.4,D,0
23.3016,91.8187,323,1.5,1.2,2003-03-25,0652,Aqua,MODIS,76,6.2,301.1,24.5,D,0
23.6977,92.2202,344.9,1.4,1.2,2003-03-25,0652,Aqua,MODIS,93,6.2,302.4,71.1,D,0
23.3751,92.3102,336.1,1.4,1.2,2003-03-25,0652,Aqua,MODIS,86,6.2,296.3,44.2,D,0
23.3647,92.3121,366,1.4,1.2,2003-03-25,0652,Aqua,MODIS,100,6.2,298.8,151.5,D,0
23.3669,92.3252,350.2,1.4,1.2,2003-03-25,0652,Aqua,MODIS,95,6.2,298.8,86.4,D,0
23.3543,92.3144,375.9,1.4,1.2,2003-03-25,0652,Aqua,MODIS,100,6.2,300.7,209.8,D,0
23.344,92.3165,347.7,1.4,1.2,2003-03-25,0652,Aqua,MODIS,94,6.2,301,81.9,D,0
23.7104,92.2311,359.7,1.4,1.2,2003-03-25,0652,Aqua,MODIS,99,6.2,303.6,124.6,D,0
23.4547,92.2312,320,1.4,1.2,2003-03-25,0652,Aqua,MODIS,64,6.2,300.8,17.2,D,0
23.7128,92.2454,427.5,1.4,1.2,2003-03-25,0652,Aqua,MODIS,87,6.2,305.3,737.8,D,0
23.7,92.2333,346.7,1.4,1.2,2003-03-25,0652,Aqua,MODIS,94,6.2,301.4,76.5,D,0
23.3562,92.0724,336.5,1.5,1.2,2003-03-25,0652,Aqua,MODIS,88,6.2,300.2,52.1,D,0
23.3395,91.9743,343.6,1.5,1.2,2003-03-25,0652,Aqua,MODIS,92,6.2,301.4,75.7,D,0
23.337,91.9599,338.7,1.5,1.2,2003-03-25,0652,Aqua,MODIS,89,6.2,301.2,60.9,D,0
23.3668,92.0702,320.9,1.5,1.2,2003-03-25,0652,Aqua,MODIS,74,6.2,299.8,19.9,D,0
23.7173,91.9236,325.3,1.5,1.2,2003-03-25,0652,Aqua,MODIS,31,6.2,300.4,24.1,D,0
23.7198,91.9377,345.5,1.5,1.2,2003-03-25,0652,Aqua,MODIS,93,6.2,301.6,76.3,D,0
23.7132,91.9311,355.2,1.5,1.2,2003-03-25,0652,Aqua,MODIS,97,6.2,301.8,113.3,D,0
23.3644,92.0562,317.4,1.5,1.2,2003-03-25,0652,Aqua,MODIS,56,6.2,299.6,12.8,D,0
23.3776,91.9744,319.6,1.5,1.2,2003-03-25,0652,Aqua,MODIS,72,6.2,301.3,17.7,D,0
23.4013,91.9841,330.3,1.5,1.2,2003-03-25,0652,Aqua,MODIS,83,6.2,300.1,38.6,D,0
23.412,91.9823,347.3,1.5,1.2,2003-03-25,0652,Aqua,MODIS,94,6.2,301,87.3,D,0
23.4095,91.968,325.1,1.5,1.2,2003-03-25,0652,Aqua,MODIS,78,6.2,301.2,28,D,0
23.3124,92.0089,320.5,1.5,1.2,2003-03-25,0652,Aqua,MODIS,65,6.2,299.1,17.2,D,0
23.3019,92.0111,319.3,1.5,1.2,2003-03-25,0652,Aqua,MODIS,61,6.2,298.8,15.7,D,0
23.2278,91.9878,324.1,1.5,1.2,2003-03-25,0652,Aqua,MODIS,77,6.2,301.6,26,D,0
23.2303,92.0024,313.7,1.5,1.2,2003-03-25,0652,Aqua,MODIS,59,6.2,301,8.9,D,0
22.2177,92.5095,324.1,1.4,1.2,2003-03-25,0652,Aqua,MODIS,76,6.2,300.7,24.6,D,0
22.2155,92.4963,337.6,1.4,1.2,2003-03-25,0652,Aqua,MODIS,88,6.2,300.8,55.9,D,0
22.2639,92.4947,316.6,1.4,1.2,2003-03-25,0652,Aqua,MODIS,51,6.2,299.7,14.3,D,0
22.314,92.4711,335.9,1.4,1.2,2003-03-25,0652,Aqua,MODIS,77,6.2,296.4,49.3,D,0
22.2821,92.0636,322.9,1.5,1.2,2003-03-25,0652,Aqua,MODIS,75,6.2,300,25.1,D,0
22.3384,92.0671,320.2,1.5,1.2,2003-03-25,0652,Aqua,MODIS,72,6.2,300.2,19.5,D,0
22.3585,92.4409,332.7,1.4,1.2,2003-03-25,0652,Aqua,MODIS,74,6.2,300.9,39.8,D,0
22.3481,92.4432,324.1,1.4,1.2,2003-03-25,0652,Aqua,MODIS,42,6.2,298.1,22.2,D,0
22.3271,92.4475,330,1.4,1.2,2003-03-25,0652,Aqua,MODIS,63,6.2,290.4,32.4,D,0
22.3295,92.4614,348.7,1.4,1.2,2003-03-25,0652,Aqua,MODIS,94,6.2,298.4,84.6,D,0
22.3349,92.4667,332.8,1.4,1.2,2003-03-25,0652,Aqua,MODIS,57,6.2,297.5,39.1,D,0
22.3222,92.4557,341.9,1.4,1.2,2003-03-25,0652,Aqua,MODIS,91,6.2,297,63.5,D,0
22.3245,92.4689,351.1,1.4,1.2,2003-03-25,0652,Aqua,MODIS,95,6.2,299.3,94.6,D,0
22.3359,92.537,349,1.4,1.2,2003-03-25,0652,Aqua,MODIS,94,6.2,293.6,83,D,0
22.3338,92.5244,378.2,1.4,1.2,2003-03-25,0652,Aqua,MODIS,100,6.2,299.8,229.8,D,0
22.3442,92.5222,330.2,1.4,1.2,2003-03-25,0652,Aqua,MODIS,80,6.2,293.3,34.4,D,0
22.3414,92.5298,346.4,1.4,1.2,2003-03-25,0652,Aqua,MODIS,93,6.2,291.7,75.5,D,0
22.3391,92.5162,325.5,1.4,1.2,2003-03-25,0652,Aqua,MODIS,42,6.2,296.9,25.4,D,0
22.354,92.54,355.2,1.4,1.2,2003-03-25,0652,Aqua,MODIS,97,6.2,296.9,106.8,D,0
22.3519,92.5278,343,1.4,1.2,2003-03-25,0652,Aqua,MODIS,91,6.2,296.1,66.4,D,0
22.4377,92.4918,335.6,1.4,1.2,2003-03-25,0652,Aqua,MODIS,85,6.2,300.8,47.1,D,0
22.2435,92.5345,318.6,1.4,1.2,2003-03-25,0652,Aqua,MODIS,65,6.2,296.9,14.9,D,0
22.3118,92.4582,332.8,1.4,1.2,2003-03-25,0652,Aqua,MODIS,71,6.2,295.2,40.2,D,0
23.4123,92.2756,334.9,1.4,1.2,2003-03-25,0652,Aqua,MODIS,73,6.2,297.5,46.4,D,0
23.4202,92.2808,336,1.4,1.2,2003-03-25,0652,Aqua,MODIS,87,6.2,297.3,49.6,D,0
23.4179,92.2679,366.8,1.4,1.2,2003-03-25,0652,Aqua,MODIS,100,6.2,298.3,162,D,0
23.4305,92.2785,386.3,1.4,1.2,2003-03-25,0652,Aqua,MODIS,100,6.2,299.5,284.1,D,0
23.4283,92.2657,359.7,1.4,1.2,2003-03-25,0652,Aqua,MODIS,99,6.2,296.1,126,D,0
22.7798,91.9476,314,1.5,1.2,2003-03-25,0652,Aqua,MODIS,57,6.2,300.6,9.4,D,0
22.7691,91.9498,325.6,1.5,1.2,2003-03-25,0652,Aqua,MODIS,78,6.2,300.7,29.8,D,0
23.4258,92.2511,328.5,1.4,1.2,2003-03-25,0652,Aqua,MODIS,69,6.2,295,29.7,D,0
22.4504,92.5028,331.3,1.4,1.2,2003-03-25,0652,Aqua,MODIS,83,6.2,294.8,37.2,D,0
22.44,92.5048,355.8,1.4,1.2,2003-03-25,0652,Aqua,MODIS,98,6.2,298,109.9,D,0
23.552,92.2618,325.5,1.4,1.2,2003-03-25,0652,Aqua,MODIS,79,6.2,297.5,28.4,D,0
23.4536,92.2873,414.4,1.4,1.2,2003-03-25,0652,Aqua,MODIS,100,6.2,302.4,564.9,D,0
23.4513,92.2743,359.1,1.4,1.2,2003-03-25,0652,Aqua,MODIS,99,6.2,300.5,123.8,D,0
23.464,92.2853,356.1,1.4,1.2,2003-03-25,0652,Aqua,MODIS,98,6.2,297.3,114.8,D,0
23.4617,92.2721,318.5,1.4,1.2,2003-03-25,0652,Aqua,MODIS,23,6.2,296.3,13.4,D,0
23.5032,92.2633,341.6,1.4,1.2,2003-03-25,0652,Aqua,MODIS,91,6.2,300.9,64.3,D,0
23.5081,92.2568,353.1,1.4,1.2,2003-03-25,0652,Aqua,MODIS,97,6.2,300.4,103.7,D,0
23.6594,92.0921,314.8,1.4,1.2,2003-03-25,0652,Aqua,MODIS,36,6.2,291.4,10.6,D,0
23.6571,92.0785,353.6,1.4,1.2,2003-03-25,0652,Aqua,MODIS,97,6.2,297.4,107.1,D,0
23.6548,92.0646,353.8,1.4,1.2,2003-03-25,0652,Aqua,MODIS,97,6.2,301.4,107.5,D,0
23.6531,92.0879,327.3,1.4,1.2,2003-03-25,0652,Aqua,MODIS,80,6.2,294.8,31.7,D,0
23.6507,92.0744,342.7,1.4,1.2,2003-03-25,0652,Aqua,MODIS,91,6.2,300.2,69.2,D,0
22.4331,92.498,357.5,1.4,1.2,2003-03-25,0652,Aqua,MODIS,98,6.2,301.6,120.2,D,0
22.4352,92.5105,338.3,1.4,1.2,2003-03-25,0652,Aqua,MODIS,88,6.2,294.9,51.5,D,0
22.4373,92.5232,349.5,1.4,1.2,2003-03-25,0652,Aqua,MODIS,95,6.2,294.6,86.1,D,0
23.6483,92.0608,329.7,1.4,1.2,2003-03-25,0652,Aqua,MODIS,82,6.2,300.1,35.8,D,0
23.6612,92.0723,347.1,1.4,1.2,2003-03-25,0652,Aqua,MODIS,94,6.2,299.5,81.4,D,0
23.6741,92.084,345.2,1.4,1.2,2003-03-25,0652,Aqua,MODIS,93,6.2,294.4,74.4,D,0
23.6717,92.0702,369.2,1.4,1.2,2003-03-25,0652,Aqua,MODIS,100,6.2,301.2,176.7,D,0
22.1525,92.1913,314.4,1.5,1.2,2003-03-25,0652,Aqua,MODIS,59,6.2,300.5,8.7,D,0
23.3994,92.2633,337.4,1.4,1.2,2003-03-25,0652,Aqua,MODIS,88,6.2,298.9,49.8,D,0
23.3971,92.2493,344.7,1.4,1.2,2003-03-25,0652,Aqua,MODIS,93,6.2,300.5,71.9,D,0
23.4099,92.2615,350.6,1.4,1.2,2003-03-25,0652,Aqua,MODIS,95,6.2,296.6,91.1,D,0
23.4075,92.2474,372.4,1.4,1.2,2003-03-25,0652,Aqua,MODIS,100,6.2,291.5,193.4,D,0
23.405,92.2556,355,1.4,1.2,2003-03-25,0652,Aqua,MODIS,97,6.2,298.7,109.3,D,0
23.4026,92.2416,332,1.4,1.2,2003-03-25,0652,Aqua,MODIS,72,6.2,296.5,39.3,D,0
23.4154,92.2534,340.1,1.4,1.2,2003-03-25,0652,Aqua,MODIS,90,6.2,287.6,58.3,D,0
23.1865,91.8779,330.9,1.5,1.2,2003-03-25,0652,Aqua,MODIS,83,6.2,300.7,40.5,D,0
23.1167,91.8836,326.8,1.5,1.2,2003-03-25,0652,Aqua,MODIS,80,6.2,301.6,30.7,D,0
23.1192,91.8982,315.2,1.5,1.2,2003-03-25,0652,Aqua,MODIS,61,6.2,301.6,10,D,0
23.4987,92.2365,340.4,1.4,1.2,2003-03-25,0652,Aqua,MODIS,90,6.2,298.3,60,D,0
21.9442,92.5472,311.2,1,1,2003-03-26,0430,Terra,MODIS,35,6.2,298.3,4,D,0
22.7406,92.452,320.1,1,1,2003-03-26,0430,Terra,MODIS,72,6.2,299.6,10.3,D,0
22.7392,92.4617,322.6,1,1,2003-03-26,0430,Terra,MODIS,75,6.2,299.7,13.1,D,0
23.4993,91.961,318.9,1.1,1,2003-03-26,0430,Terra,MODIS,74,6.2,298.2,11.5,D,0
21.8802,92.352,325.5,1,1,2003-03-26,0431,Terra,MODIS,79,6.2,300.9,16.9,D,0
21.8815,92.3425,324,1,1,2003-03-26,0431,Terra,MODIS,78,6.2,300.5,15.6,D,0
21.8411,92.5846,377.7,2.1,1.4,2003-03-26,0734,Aqua,MODIS,100,6.2,304,413.5,D,0
21.9406,92.5375,324.6,2.1,1.4,2003-03-26,0734,Aqua,MODIS,74,6.2,300.9,45.5,D,0
21.7483,92.4324,338.2,2.1,1.4,2003-03-26,0734,Aqua,MODIS,87,6.2,298.5,88.6,D,0
21.7611,92.4322,332.7,2.1,1.4,2003-03-26,0734,Aqua,MODIS,82,6.2,301.5,64.2,D,0
21.3678,92.1775,315.1,2,1.4,2003-03-26,0734,Aqua,MODIS,30,6.2,300,13.1,D,0
21.7818,92.3871,375.8,2.1,1.4,2003-03-26,0734,Aqua,MODIS,100,6.2,304.8,366.8,D,0
21.7245,92.1996,332.1,2,1.4,2003-03-26,0734,Aqua,MODIS,82,6.2,302.4,61,D,0
21.7838,92.4066,376.2,2.1,1.4,2003-03-26,0734,Aqua,MODIS,100,6.2,301.2,372.2,D,0
21.9384,92.5159,347.3,2.1,1.4,2003-03-26,0734,Aqua,MODIS,93,6.2,301,146.8,D,0
21.939,92.5206,352.4,2.1,1.4,2003-03-26,0734,Aqua,MODIS,96,6.2,301.5,178.9,D,0
21.3684,92.1539,336.5,2,1.4,2003-03-26,0734,Aqua,MODIS,86,6.2,301.9,79.2,D,0
21.7456,92.4148,373.2,2.1,1.4,2003-03-26,0734,Aqua,MODIS,100,6.2,302.1,339.1,D,0
21.3703,92.1719,326.8,2,1.4,2003-03-26,0734,Aqua,MODIS,76,6.2,300.3,44.5,D,0
21.8888,92.2904,318.9,2,1.4,2003-03-26,0734,Aqua,MODIS,61,6.2,300.4,23.9,D,0
21.8238,92.5437,316.6,2.1,1.4,2003-03-26,0734,Aqua,MODIS,33,6.2,299.7,17.4,D,0
21.8217,92.5232,341.5,2.1,1.4,2003-03-26,0734,Aqua,MODIS,89,6.2,299.6,110.8,D,0
21.839,92.5651,332.3,2.1,1.4,2003-03-26,0734,Aqua,MODIS,82,6.2,302.5,69.7,D,0
21.8345,92.5233,316.8,2.1,1.4,2003-03-26,0734,Aqua,MODIS,39,6.2,300.2,18.4,D,0
21.7103,92.183,326.6,2,1.4,2003-03-26,0734,Aqua,MODIS,75,6.2,298.3,42,D,0
21.7122,92.2012,368.8,2,1.4,2003-03-26,0734,Aqua,MODIS,100,6.2,303.4,282.6,D,0
21.7206,92.1866,340.2,2,1.4,2003-03-26,0734,Aqua,MODIS,88,6.2,301.1,94.4,D,0
21.8802,92.3286,315.8,2.1,1.4,2003-03-26,0734,Aqua,MODIS,37,6.2,299.3,15.5,D,0
21.5768,92.2872,332.3,2,1.4,2003-03-26,0734,Aqua,MODIS,82,6.2,300.2,65.5,D,0
21.5788,92.306,352,2,1.4,2003-03-26,0734,Aqua,MODIS,96,6.2,300.3,163.8,D,0
21.7482,92.4388,322.8,2.1,1.4,2003-03-26,0734,Aqua,MODIS,47,6.2,298.2,30.1,D,0
21.9914,92.5315,347.6,2.1,1.4,2003-03-26,0734,Aqua,MODIS,93,6.2,300.7,148,D,0
21.9937,92.5535,362.3,2.1,1.4,2003-03-26,0734,Aqua,MODIS,100,6.2,302.5,257.4,D,0
21.9809,92.5537,315.2,2.1,1.4,2003-03-26,0734,Aqua,MODIS,24,6.2,298.7,16.3,D,0
21.3657,92.1592,345.2,2,1.4,2003-03-26,0734,Aqua,MODIS,92,6.2,301.7,118.4,D,0
21.7609,92.438,341,2.1,1.4,2003-03-26,0734,Aqua,MODIS,89,6.2,301.3,98.9,D,0
21.746,92.4097,385.2,2.1,1.4,2003-03-26,0734,Aqua,MODIS,100,6.2,303.9,481,D,0
21.7443,92.3929,356.1,2.1,1.4,2003-03-26,0734,Aqua,MODIS,98,6.2,304.7,192,D,0
21.7083,92.1882,333.1,2,1.4,2003-03-26,0734,Aqua,MODIS,83,6.2,298.4,65.7,D,0
21.7226,92.205,360.6,2,1.4,2003-03-26,0734,Aqua,MODIS,100,6.2,302.6,215.7,D,0
21.7103,92.2065,350.8,2,1.4,2003-03-26,0734,Aqua,MODIS,95,6.2,302.3,150.3,D,0
21.7582,92.4143,323.8,2.1,1.4,2003-03-26,0734,Aqua,MODIS,57,6.2,300.7,31.7,D,0
21.7437,92.3975,374.5,2.1,1.4,2003-03-26,0734,Aqua,MODIS,100,6.2,305.5,350.5,D,0
21.9073,92.5862,324,2.1,1.4,2003-03-26,0734,Aqua,MODIS,69,6.2,298.5,42.7,D,0
21.8419,92.5775,360.8,2.1,1.4,2003-03-26,0734,Aqua,MODIS,100,6.2,304.3,243.3,D,0
23.284,91.9625,325.1,2,1.4,2003-03-26,0735,Aqua,MODIS,77,6.2,299.3,38.2,D,0
23.286,91.9815,335.3,2,1.4,2003-03-26,0735,Aqua,MODIS,87,6.2,300.1,76,D,0
23.288,92.0009,328.4,2,1.4,2003-03-26,0735,Aqua,MODIS,81,6.2,296.7,50.2,D,0
23.2736,91.9832,363.5,2,1.4,2003-03-26,0735,Aqua,MODIS,100,6.2,301.2,243.1,D,0
23.2756,92.0029,328.9,2,1.4,2003-03-26,0735,Aqua,MODIS,72,6.2,298.7,50.2,D,0
23.2507,92.0056,335.6,2,1.4,2003-03-26,0735,Aqua,MODIS,87,6.2,297.4,75.4,D,0
23.2363,91.9879,326.6,2,1.4,2003-03-26,0735,Aqua,MODIS,58,6.2,299.6,41.7,D,0
23.2382,92.0074,321.2,2,1.4,2003-03-26,0735,Aqua,MODIS,21,6.2,296.5,26.2,D,0
23.2458,91.9938,328.8,2,1.4,2003-03-26,0735,Aqua,MODIS,67,6.2,299.2,48.7,D,0
23.2334,91.9954,328.5,2,1.4,2003-03-26,0735,Aqua,MODIS,55,6.2,298.5,45.7,D,0
23.4529,92.2137,320.4,2.1,1.4,2003-03-26,0735,Aqua,MODIS,72,6.2,297.2,32.3,D,0
22.6042,92.296,317.8,2.1,1.4,2003-03-26,0735,Aqua,MODIS,62,6.2,301,20.6,D,0
23.0613,92.0883,323.6,2,1.4,2003-03-26,0735,Aqua,MODIS,75,6.2,300.1,36.5,D,0
22.5395,92.4338,356.1,2.1,1.4,2003-03-26,0735,Aqua,MODIS,98,6.2,301.9,193.5,D,0
22.5544,92.4524,321.2,2.1,1.4,2003-03-26,0735,Aqua,MODIS,54,6.2,295.8,27.6,D,0
23.4309,91.9919,327.1,2,1.4,2003-03-26,0735,Aqua,MODIS,65,6.2,295.2,57.6,D,0
23.4289,91.9713,327.9,2,1.4,2003-03-26,0735,Aqua,MODIS,81,6.2,299.2,55.4,D,0
22.5523,92.4325,323.7,2.1,1.4,2003-03-26,0735,Aqua,MODIS,68,6.2,299.1,34.1,D,0
22.5501,92.4122,349.6,2.1,1.4,2003-03-26,0735,Aqua,MODIS,95,6.2,302.6,152.5,D,0
23.6147,91.9245,323.3,2,1.4,2003-03-26,0735,Aqua,MODIS,45,6.2,296,38.2,D,0
22.5671,92.4509,358.7,2.1,1.4,2003-03-26,0735,Aqua,MODIS,99,6.2,301.8,221.3,D,0
22.565,92.4309,343.5,2.1,1.4,2003-03-26,0735,Aqua,MODIS,91,6.2,301.6,118.3,D,0
22.5628,92.4106,334.6,2.1,1.4,2003-03-26,0735,Aqua,MODIS,85,6.2,300.9,74.6,D,0
22.5552,92.4456,327,2.1,1.4,2003-03-26,0735,Aqua,MODIS,34,6.2,296.2,42.3,D,0
22.5532,92.4254,335,2.1,1.4,2003-03-26,0735,Aqua,MODIS,76,6.2,300.3,73,D,0
23.4589,92.2749,317.5,2.1,1.4,2003-03-26,0735,Aqua,MODIS,52,6.2,296,31.4,D,0
23.4716,92.2733,316.5,2.1,1.4,2003-03-26,0735,Aqua,MODIS,44,6.2,295,29,D,0
23.3572,92.3002,320.3,2.1,1.4,2003-03-26,0735,Aqua,MODIS,72,6.2,299.5,34.3,D,0
23.2355,92.26,316,2.1,1.4,2003-03-26,0735,Aqua,MODIS,64,6.2,298,21.2,D,0
22.6402,92.3947,321,2.1,1.4,2003-03-26,0735,Aqua,MODIS,48,6.2,301.3,26,D,0
22.5512,92.405,337,2.1,1.4,2003-03-26,0735,Aqua,MODIS,73,6.2,302.7,81.8,D,0
22.4512,92.4491,321.4,2.1,1.4,2003-03-26,0735,Aqua,MODIS,25,6.2,301.1,28.9,D,0
22.927,92.2733,347.3,2.1,1.4,2003-03-26,0735,Aqua,MODIS,71,6.2,297.2,147.4,D,0
22.9143,92.2747,330.1,2.1,1.4,2003-03-26,0735,Aqua,MODIS,56,6.2,301.4,61.6,D,0
22.9163,92.2944,326.5,2.1,1.4,2003-03-26,0735,Aqua,MODIS,78,6.2,299.1,50.3,D,0
22.5679,92.4441,368,2.1,1.4,2003-03-26,0735,Aqua,MODIS,100,6.2,302.5,302.6,D,0
22.4298,92.4912,323.4,2.1,1.4,2003-03-26,0735,Aqua,MODIS,44,6.2,297.4,35.7,D,0
22.9016,92.2762,350.4,2.1,1.4,2003-03-26,0735,Aqua,MODIS,71,6.2,304.3,154.9,D,0
22.9036,92.2957,352.9,2.1,1.4,2003-03-26,0735,Aqua,MODIS,96,6.2,301.3,175.8,D,0
22.9708,91.9654,362.3,2,1.4,2003-03-26,0735,Aqua,MODIS,100,6.2,300.6,228.9,D,0
22.9746,91.9793,335.3,2,1.4,2003-03-26,0735,Aqua,MODIS,86,6.2,295.4,74.4,D,0
23.6901,92.2554,355.2,2.1,1.4,2003-03-26,0735,Aqua,MODIS,85,6.2,295.8,204.7,D,0
22.9726,91.9601,344.8,2,1.4,2003-03-26,0735,Aqua,MODIS,92,6.2,300,117.7,D,0
22.8747,91.9273,316.9,2,1.4,2003-03-26,0735,Aqua,MODIS,63,6.2,297.9,18.3,D,0
22.8805,91.9387,327.6,2,1.4,2003-03-26,0735,Aqua,MODIS,80,6.2,297.5,48.7,D,0
23.4411,92.2429,326.2,2.1,1.4,2003-03-26,0735,Aqua,MODIS,47,6.2,297.9,46.2,D,0
22.9606,92.1062,316.4,2,1.4,2003-03-26,0735,Aqua,MODIS,37,6.2,300,16.1,D,0
22.976,92.1192,318.1,2.1,1.4,2003-03-26,0735,Aqua,MODIS,34,6.2,300.2,18.6,D,0
23.439,92.2228,323,2.1,1.4,2003-03-26,0735,Aqua,MODIS,76,6.2,297.8,38.6,D,0
23.4517,92.2212,330.3,2.1,1.4,2003-03-26,0735,Aqua,MODIS,83,6.2,297.5,63.4,D,0
22.9254,92.2807,329,2.1,1.4,2003-03-26,0735,Aqua,MODIS,31,6.2,297,54.5,D,0
22.9111,91.9931,333.1,2,1.4,2003-03-26,0735,Aqua,MODIS,84,6.2,299.1,66.3,D,0
23.4642,91.9476,330.6,2,1.4,2003-03-26,0735,Aqua,MODIS,83,6.2,298.6,61.2,D,0
23.4662,91.9668,320.7,2,1.4,2003-03-26,0735,Aqua,MODIS,21,6.2,295.2,34.1,D,0
22.9318,91.9516,323.2,2,1.4,2003-03-26,0735,Aqua,MODIS,68,6.2,298.2,29.5,D,0
22.9298,91.9328,321.8,2,1.4,2003-03-26,0735,Aqua,MODIS,72,6.2,298.9,26.9,D,0
23.2209,92.118,318.3,2.1,1.4,2003-03-26,0735,Aqua,MODIS,61,6.2,299,21.6,D,0
23.2229,92.1373,315.9,2.1,1.4,2003-03-26,0735,Aqua,MODIS,50,6.2,299.1,14.8,D,0
23.1752,92.0424,320,2,1.4,2003-03-26,0735,Aqua,MODIS,70,6.2,299,26.5,D,0
23.1628,92.0439,317.8,2,1.4,2003-03-26,0735,Aqua,MODIS,61,6.2,297.9,20.6,D,0
23.1099,92.036,323.2,2,1.4,2003-03-26,0735,Aqua,MODIS,75,6.2,298.9,34.3,D,0
23.0994,92.0568,331.1,2,1.4,2003-03-26,0735,Aqua,MODIS,83,6.2,300.4,60.4,D,0
23.237,91.8699,317.2,2,1.4,2003-03-26,0735,Aqua,MODIS,52,6.2,294.4,20.7,D,0
22.4915,92.4648,335.3,2.1,1.4,2003-03-26,0735,Aqua,MODIS,86,6.2,298.5,77.6,D,0
22.4925,92.4789,323.1,2.1,1.4,2003-03-26,0735,Aqua,MODIS,60,6.2,293.5,36.9,D,0
22.4906,92.4598,328.8,2.1,1.4,2003-03-26,0735,Aqua,MODIS,77,6.2,299.2,52.5,D,0
22.5034,92.4585,350.4,2.1,1.4,2003-03-26,0735,Aqua,MODIS,95,6.2,300,156,D,0
22.518,92.4757,349.7,2.1,1.4,2003-03-26,0735,Aqua,MODIS,89,6.2,297.9,152.4,D,0
22.5161,92.4569,347.8,2.1,1.4,2003-03-26,0735,Aqua,MODIS,94,6.2,301.6,140,D,0
23.0594,91.789,322.8,1.9,1.4,2003-03-26,0735,Aqua,MODIS,66,6.2,300.1,27.9,D,0
23.0865,92.1802,314.2,2.1,1.4,2003-03-26,0735,Aqua,MODIS,57,6.2,295.9,16.9,D,0
23.0639,92.0807,320.6,2,1.4,2003-03-26,0735,Aqua,MODIS,72,6.2,300.1,26.7,D,0
23.0529,91.7781,328,1.9,1.4,2003-03-26,0735,Aqua,MODIS,78,6.2,301.6,42.3,D,0
22.9278,91.9137,320.5,2,1.4,2003-03-26,0735,Aqua,MODIS,67,6.2,299.6,23.2,D,0
22.9488,91.848,318.8,2,1.4,2003-03-26,0735,Aqua,MODIS,51,6.2,298.2,18.3,D,0
22.9128,92.2819,347.2,2.1,1.4,2003-03-26,0735,Aqua,MODIS,68,6.2,302.1,136.7,D,0
23.0427,91.9137,319.8,2,1.4,2003-03-26,0735,Aqua,MODIS,48,6.2,294.8,28.9,D,0
23.3847,91.9453,337.7,2,1.4,2003-03-26,0735,Aqua,MODIS,88,6.2,299.1,81,D,0
23.3992,91.8449,370.3,2,1.4,2003-03-26,0735,Aqua,MODIS,100,6.2,301.9,299.5,D,0
23.3971,91.8252,321.8,2,1.4,2003-03-26,0735,Aqua,MODIS,75,6.2,298.2,31.8,D,0
23.426,91.979,338.9,2,1.4,2003-03-26,0735,Aqua,MODIS,89,6.2,298.6,96.7,D,0
23.4049,91.8566,337.6,2,1.4,2003-03-26,0735,Aqua,MODIS,67,6.2,296.3,84.8,D,0
23.4029,91.8369,347.7,2,1.4,2003-03-26,0735,Aqua,MODIS,89,6.2,301.2,132.6,D,0
23.27,91.8271,333.6,2,1.4,2003-03-26,0735,Aqua,MODIS,85,6.2,295.1,67.9,D,0
22.7476,92.4385,339.3,2.1,1.4,2003-03-26,0735,Aqua,MODIS,89,6.2,301.6,99.2,D,0
22.7582,92.417,316.7,2.1,1.4,2003-03-26,0735,Aqua,MODIS,24,6.2,299,14.2,D,0
22.7502,92.4518,344.5,2.2,1.4,2003-03-26,0735,Aqua,MODIS,92,6.2,301,127.9,D,0
22.7482,92.4314,326.2,2.1,1.4,2003-03-26,0735,Aqua,MODIS,73,6.2,301,43.4,D,0
23.6773,92.2571,324.3,2.1,1.4,2003-03-26,0735,Aqua,MODIS,74,6.2,295.6,50.7,D,0
22.9022,92.3028,324.3,2.1,1.4,2003-03-26,0735,Aqua,MODIS,23,6.2,299.6,38,D,0
22.9001,92.2834,375,2.1,1.4,2003-03-26,0735,Aqua,MODIS,75,6.2,304.2,365.9,D,0
22.6729,92.4667,318.8,2.2,1.4,2003-03-26,0735,Aqua,MODIS,54,6.2,300.2,22.9,D,0
22.9442,91.8346,316.8,2,1.4,2003-03-26,0735,Aqua,MODIS,56,6.2,298.7,14.7,D,0
22.9714,91.8262,316.4,2,1.4,2003-03-26,0735,Aqua,MODIS,44,6.2,297.3,14.4,D,0
22.6708,92.4461,320.7,2.1,1.4,2003-03-26,0735,Aqua,MODIS,41,6.2,302.3,25.9,D,0
22.6836,92.4448,334.8,2.1,1.4,2003-03-26,0735,Aqua,MODIS,85,6.2,302.4,76.6,D,0
23.6849,91.9431,356.8,2,1.4,2003-03-26,0735,Aqua,MODIS,0,6.2,293.7,184.2,D,0
23.6839,91.9485,364.2,2,1.4,2003-03-26,0735,Aqua,MODIS,0,6.2,293.1,243,D,0
23.3562,92.2954,319.1,2.1,1.4,2003-03-26,0735,Aqua,MODIS,69,6.2,299,29.3,D,0
23.4304,92.264,346.1,2.1,1.4,2003-03-26,0735,Aqua,MODIS,93,6.2,299,141.3,D,0
22.7763,91.9392,317.7,2,1.4,2003-03-26,0735,Aqua,MODIS,60,6.2,298.7,19.1,D,0
22.7864,91.9433,317.3,2,1.4,2003-03-26,0735,Aqua,MODIS,51,6.2,298.6,18.1,D,0
23.6752,92.2356,317.4,2.1,1.4,2003-03-26,0735,Aqua,MODIS,69,6.2,295.6,29.4,D,0
23.5184,92.2267,315,2.1,1.4,2003-03-26,0735,Aqua,MODIS,64,6.2,297.3,23.3,D,0
22.8662,92.3276,321.4,2.1,1.4,2003-03-26,0735,Aqua,MODIS,71,6.2,300.5,29.9,D,0
23.1103,91.8016,317.9,2,1.4,2003-03-26,0735,Aqua,MODIS,59,6.2,296.1,21.6,D,0
23.1619,91.7901,330,2,1.4,2003-03-26,0735,Aqua,MODIS,70,6.2,296.3,57.7,D,0
23.3339,92.3241,353.5,2.1,1.4,2003-03-26,0735,Aqua,MODIS,97,6.2,300.3,182.6,D,0
23.3361,92.3456,385.1,2.2,1.4,2003-03-26,0735,Aqua,MODIS,100,6.2,302.2,507.3,D,0
23.268,92.3112,348.3,2.1,1.4,2003-03-26,0735,Aqua,MODIS,94,6.2,301.2,152,D,0
23.27,92.3312,363.2,2.1,1.4,2003-03-26,0735,Aqua,MODIS,100,6.2,301.4,261.9,D,0
23.28,92.3168,333.7,2.1,1.4,2003-03-26,0735,Aqua,MODIS,85,6.2,301.2,78.2,D,0
22.5629,91.1823,325.2,1.7,1.3,2003-03-26,0735,Aqua,MODIS,72,6.2,301.6,24,D,0
23.2673,92.3184,378.2,2.1,1.4,2003-03-26,0735,Aqua,MODIS,100,6.2,302.5,420.7,D,0
23.2695,92.339,345.9,2.1,1.4,2003-03-26,0735,Aqua,MODIS,93,6.2,300,140.2,D,0
23.5204,92.246,315.2,2.1,1.4,2003-03-26,0735,Aqua,MODIS,65,6.2,295.7,25.6,D,0
22.6816,92.4252,329.4,2.1,1.4,2003-03-26,0735,Aqua,MODIS,81,6.2,302.4,53.5,D,0
22.6796,92.405,320.7,2.1,1.4,2003-03-26,0735,Aqua,MODIS,22,6.2,302.5,23.2,D,0
22.4866,92.4195,320.9,2.1,1.4,2003-03-26,0735,Aqua,MODIS,69,6.2,302.2,26.8,D,0
22.4849,92.403,318.1,2.1,1.4,2003-03-26,0735,Aqua,MODIS,47,6.2,302.3,18.7,D,0
22.4873,92.425,317.6,2.1,1.4,2003-03-26,0735,Aqua,MODIS,34,6.2,302.1,17.1,D,0
23.4549,92.2339,325.6,2.1,1.4,2003-03-26,0735,Aqua,MODIS,60,6.2,297.9,47.1,D,0
23.2803,91.8069,322.1,2,1.4,2003-03-26,0735,Aqua,MODIS,48,6.2,291.1,34,D,0
23.3171,91.8023,322.4,2,1.4,2003-03-26,0735,Aqua,MODIS,75,6.2,288.7,39.5,D,0
22.8767,91.9462,323.9,2,1.4,2003-03-26,0735,Aqua,MODIS,75,6.2,295.6,37.8,D,0
22.9605,91.9867,336.8,2,1.4,2003-03-26,0735,Aqua,MODIS,87,6.2,297.4,77,D,0
22.9584,91.9669,338.4,2,1.4,2003-03-26,0735,Aqua,MODIS,88,6.2,300.7,80.8,D,0
22.9729,91.9853,319.2,2,1.4,2003-03-26,0735,Aqua,MODIS,48,6.2,294.5,22.1,D,0
23.688,92.235,359.7,2.1,1.4,2003-03-26,0735,Aqua,MODIS,99,6.2,298.8,237.4,D,0
23.1299,91.8898,312.6,3.2,1.7,2003-03-27,0513,Terra,MODIS,64,6.2,293.4,37.7,D,0
23.0728,92.0974,314.3,3.4,1.7,2003-03-27,0513,Terra,MODIS,62,6.2,293.8,46,D,0
23.1325,91.8839,316.1,3.2,1.7,2003-03-27,0513,Terra,MODIS,70,6.2,293.9,54.4,D,0
22.8015,92.4323,328,3.6,1.8,2003-03-27,0513,Terra,MODIS,83,6.2,295,136.7,D,0
23.049,91.7628,309,3.2,1.7,2003-03-27,0513,Terra,MODIS,49,6.2,293.5,21.9,D,0
22.3667,92.4722,320.2,2.3,1.5,2003-03-27,0639,Aqua,MODIS,69,6.2,298.1,38.4,D,0
21.6904,92.1871,320.6,2.5,1.5,2003-03-27,0639,Aqua,MODIS,69,6.2,297.9,41.5,D,0
22.5509,92.4659,358.7,2.3,1.5,2003-03-27,0639,Aqua,MODIS,99,6.2,300.3,256.1,D,0
22.6068,92.4755,324.9,2.3,1.5,2003-03-27,0639,Aqua,MODIS,75,6.2,299,48.7,D,0
22.6026,92.4531,329.3,2.3,1.5,2003-03-27,0639,Aqua,MODIS,81,6.2,299.4,68.2,D,0
22.4018,92.389,313.8,2.4,1.5,2003-03-27,0639,Aqua,MODIS,51,6.2,298.8,19.4,D,0
22.2227,92.4747,319.1,2.3,1.5,2003-03-27,0639,Aqua,MODIS,58,6.2,296.3,34.8,D,0
22.2181,92.4502,318.8,2.4,1.5,2003-03-27,0639,Aqua,MODIS,66,6.2,296.8,36.1,D,0
22.4845,92.4647,327.2,2.3,1.5,2003-03-27,0639,Aqua,MODIS,79,6.2,298.7,62.4,D,0
22.5639,92.463,344.7,2.3,1.5,2003-03-27,0639,Aqua,MODIS,92,6.2,299.9,151.8,D,0
22.2316,92.4672,327.3,2.3,1.5,2003-03-27,0639,Aqua,MODIS,78,6.2,296.1,62.9,D,0
22.5593,92.4394,327.9,2.3,1.5,2003-03-27,0639,Aqua,MODIS,80,6.2,299.4,62.6,D,0
22.274,92.5309,332.9,2.3,1.5,2003-03-27,0639,Aqua,MODIS,84,6.2,296.4,83.3,D,0
22.2134,92.4972,339.6,2.3,1.5,2003-03-27,0639,Aqua,MODIS,89,6.2,298.5,122.7,D,0
22.2875,92.545,364.2,2.3,1.5,2003-03-27,0639,Aqua,MODIS,100,6.2,298.3,305.3,D,0
22.2483,92.5382,324.8,2.3,1.5,2003-03-27,0639,Aqua,MODIS,75,6.2,296,54.7,D,0
22.4061,92.3929,312.7,2.4,1.5,2003-03-27,0639,Aqua,MODIS,40,6.2,298.9,18,D,0
22.3713,92.4958,316.3,2.3,1.5,2003-03-27,0639,Aqua,MODIS,31,6.2,296.9,23.7,D,0
22.2746,92.5479,338.8,2.3,1.5,2003-03-27,0639,Aqua,MODIS,88,6.2,296.9,110.5,D,0
22.278,92.552,369.4,2.3,1.5,2003-03-27,0639,Aqua,MODIS,100,6.2,298.3,359.7,D,0
21.507,92.3417,322.3,2.5,1.5,2003-03-27,0639,Aqua,MODIS,71,6.2,296.7,53.8,D,0
22.4889,92.4876,335.7,2.3,1.5,2003-03-27,0639,Aqua,MODIS,86,6.2,298.8,101,D,0
22.5019,92.4848,314.2,2.3,1.5,2003-03-27,0639,Aqua,MODIS,52,6.2,298.4,20.4,D,0
21.7931,92.3813,318.9,2.4,1.5,2003-03-27,0639,Aqua,MODIS,66,6.2,296.9,37.5,D,0
21.6179,92.4875,325.8,2.4,1.5,2003-03-27,0639,Aqua,MODIS,76,6.2,297.2,62.9,D,0
21.5022,92.3171,328,2.5,1.5,2003-03-27,0639,Aqua,MODIS,79,6.2,297.2,78.8,D,0
22.3313,92.0737,314,2.5,1.5,2003-03-27,0639,Aqua,MODIS,52,6.2,298,21.9,D,0
22.485,92.3958,352.7,2.3,1.5,2003-03-27,0639,Aqua,MODIS,96,6.2,300.4,214.9,D,0
22.5818,92.3433,347.7,2.4,1.5,2003-03-27,0639,Aqua,MODIS,94,6.2,298.2,176.8,D,0
21.6953,92.2127,332,2.5,1.5,2003-03-27,0639,Aqua,MODIS,83,6.2,298.5,91.5,D,0
22.3627,92.5217,328.7,2.3,1.5,2003-03-27,0639,Aqua,MODIS,80,6.2,297.8,66.4,D,0
21.6769,92.1901,318.9,2.5,1.5,2003-03-27,0639,Aqua,MODIS,66,6.2,297.3,35.2,D,0
22.3665,92.5411,324,2.3,1.5,2003-03-27,0639,Aqua,MODIS,75,6.2,298,48.3,D,0
22.5681,92.4849,323,2.3,1.5,2003-03-27,0639,Aqua,MODIS,74,6.2,298.5,45.7,D,0
21.6219,92.5091,335.2,2.4,1.5,2003-03-27,0639,Aqua,MODIS,85,6.2,298.8,106.9,D,0
21.6817,92.2152,330.7,2.5,1.5,2003-03-27,0639,Aqua,MODIS,82,6.2,298.1,85,D,0
21.6176,92.5033,343,2.4,1.5,2003-03-27,0639,Aqua,MODIS,91,6.2,298.9,153.6,D,0
22.3523,92.5299,330.7,2.3,1.5,2003-03-27,0639,Aqua,MODIS,81,6.2,298,72.9,D,0
22.5552,92.4881,380.4,2.3,1.5,2003-03-27,0639,Aqua,MODIS,100,6.2,301.3,498.2,D,0
22.5772,92.319,357.3,2.4,1.5,2003-03-27,0639,Aqua,MODIS,98,6.2,299.5,254.8,D,0
23.1015,91.8931,317.5,2.5,1.5,2003-03-27,0640,Aqua,MODIS,69,6.2,298.1,31,D,0
23.1807,91.8929,317.9,2.5,1.5,2003-03-27,0640,Aqua,MODIS,69,6.2,298.2,30.3,D,0
23.176,91.8689,321.3,2.5,1.5,2003-03-27,0640,Aqua,MODIS,75,6.2,297.5,44.3,D,0
23.195,92.0181,327.5,2.4,1.5,2003-03-27,0640,Aqua,MODIS,81,6.2,297.8,64.2,D,0
23.1905,91.9944,322.1,2.4,1.5,2003-03-27,0640,Aqua,MODIS,76,6.2,297.5,43,D,0
23.1903,92.0122,330.4,2.4,1.5,2003-03-27,0640,Aqua,MODIS,84,6.2,297.6,79,D,0
23.1857,91.9886,313.3,2.4,1.5,2003-03-27,0640,Aqua,MODIS,30,6.2,297.6,15.5,D,0
23.1989,91.9856,313.6,2.4,1.5,2003-03-27,0640,Aqua,MODIS,44,6.2,297.4,17.2,D,0
23.2561,92.348,327.7,2.3,1.5,2003-03-27,0640,Aqua,MODIS,82,6.2,295.8,69.1,D,0
23.269,92.3448,326.1,2.3,1.5,2003-03-27,0640,Aqua,MODIS,80,6.2,296.5,62.6,D,0
22.6594,92.4809,368.4,2.3,1.5,2003-03-27,0640,Aqua,MODIS,100,6.2,300,341.3,D,0
22.6555,92.4605,325.9,2.3,1.5,2003-03-27,0640,Aqua,MODIS,61,6.2,298.7,48.7,D,0
22.6724,92.4782,325.6,2.3,1.5,2003-03-27,0640,Aqua,MODIS,57,6.2,299,47.7,D,0
22.6814,92.4548,348.6,2.3,1.5,2003-03-27,0640,Aqua,MODIS,94,6.2,299.6,170.1,D,0
23.2246,92.2469,321.3,2.3,1.5,2003-03-27,0640,Aqua,MODIS,75,6.2,297.1,43.7,D,0
23.2204,92.2246,321.2,2.3,1.5,2003-03-27,0640,Aqua,MODIS,75,6.2,297.5,41.9,D,0
23.2217,92.241,321.9,2.3,1.5,2003-03-27,0640,Aqua,MODIS,76,6.2,297.1,45.7,D,0
23.2347,92.2382,314.8,2.3,1.5,2003-03-27,0640,Aqua,MODIS,48,6.2,296.7,22.9,D,0
23.0061,92.2856,326,2.3,1.5,2003-03-27,0640,Aqua,MODIS,69,6.2,297.1,58.5,D,0
23.0105,92.3087,348.6,2.3,1.5,2003-03-27,0640,Aqua,MODIS,94,6.2,297.1,178.6,D,0
22.9931,92.2886,315.8,2.3,1.5,2003-03-27,0640,Aqua,MODIS,60,6.2,297.3,25.5,D,0
22.9976,92.3119,334.3,2.3,1.5,2003-03-27,0640,Aqua,MODIS,86,6.2,297.2,94.7,D,0
22.9301,91.8204,316.5,2.5,1.5,2003-03-27,0640,Aqua,MODIS,65,6.2,298.9,25.9,D,0
22.6077,92.4235,324.3,2.3,1.5,2003-03-27,0640,Aqua,MODIS,48,6.2,298.5,45.6,D,0
23.0111,92.1136,319.3,2.4,1.5,2003-03-27,0640,Aqua,MODIS,35,6.2,297.5,31,D,0
23.0506,92.1042,354.5,2.4,1.5,2003-03-27,0640,Aqua,MODIS,97,6.2,299.2,229.7,D,0
23.0462,92.0818,340.3,2.4,1.5,2003-03-27,0640,Aqua,MODIS,90,6.2,298.8,127.4,D,0
23.0637,92.1012,335.2,2.4,1.5,2003-03-27,0640,Aqua,MODIS,87,6.2,298.5,99.6,D,0
23.0594,92.0787,315.2,2.4,1.5,2003-03-27,0640,Aqua,MODIS,53,6.2,297.7,19,D,0
23.0548,92.0548,317.4,2.4,1.5,2003-03-27,0640,Aqua,MODIS,68,6.2,297.9,25.7,D,0
23.0769,92.0981,337.6,2.4,1.5,2003-03-27,0640,Aqua,MODIS,88,6.2,298.5,112.4,D,0
23.0726,92.0757,332.9,2.4,1.5,2003-03-27,0640,Aqua,MODIS,85,6.2,298.5,87.3,D,0
23.0989,92.0694,326,2.4,1.5,2003-03-27,0640,Aqua,MODIS,79,6.2,298.9,60.4,D,0
23.0851,92.0914,322.4,2.4,1.5,2003-03-27,0640,Aqua,MODIS,76,6.2,298.4,43.3,D,0
23.0938,92.0659,323.8,2.4,1.5,2003-03-27,0640,Aqua,MODIS,78,6.2,298.4,49.4,D,0
23.1553,92.1693,314.8,2.4,1.5,2003-03-27,0640,Aqua,MODIS,60,6.2,298.3,22.8,D,0
23.1509,92.1466,312.2,2.4,1.5,2003-03-27,0640,Aqua,MODIS,57,6.2,298.1,15.3,D,0
22.9715,92.106,334.1,2.4,1.5,2003-03-27,0640,Aqua,MODIS,75,6.2,298.3,89.9,D,0
22.9847,92.1029,350.1,2.4,1.5,2003-03-27,0640,Aqua,MODIS,95,6.2,298.9,193.5,D,0
22.7945,91.9564,313.9,2.5,1.5,2003-03-27,0640,Aqua,MODIS,57,6.2,296.5,23.4,D,0
22.787,91.9657,311.9,2.5,1.5,2003-03-27,0640,Aqua,MODIS,43,6.2,295.9,18.9,D,0
22.7949,92.4194,315,2.3,1.5,2003-03-27,0640,Aqua,MODIS,58,6.2,296.9,20.9,D,0
22.782,92.4225,328,2.3,1.5,2003-03-27,0640,Aqua,MODIS,78,6.2,297.8,60.2,D,0
22.7388,92.409,318.5,2.3,1.5,2003-03-27,0640,Aqua,MODIS,63,6.2,297.4,29.8,D,0
22.7432,92.4316,347.6,2.3,1.5,2003-03-27,0640,Aqua,MODIS,94,6.2,299.4,166.2,D,0
22.7028,92.4248,329.7,2.3,1.5,2003-03-27,0640,Aqua,MODIS,81,6.2,298.6,66,D,0
22.6988,92.4032,332.7,2.3,1.5,2003-03-27,0640,Aqua,MODIS,84,6.2,298.6,79.5,D,0
22.6916,92.4447,328.8,2.3,1.5,2003-03-27,0640,Aqua,MODIS,71,6.2,298.6,61.7,D,0
22.7045,92.4413,326.4,2.3,1.5,2003-03-27,0640,Aqua,MODIS,78,6.2,298.5,53.1,D,0
22.7,92.4185,333.6,2.3,1.5,2003-03-27,0640,Aqua,MODIS,85,6.2,298.7,84.7,D,0
22.6958,92.3968,325.5,2.3,1.5,2003-03-27,0640,Aqua,MODIS,72,6.2,298.6,50,D,0
22.7569,92.3616,348.2,2.3,1.5,2003-03-27,0640,Aqua,MODIS,89,6.2,298.3,177.1,D,0
22.7701,92.3745,318.3,2.3,1.5,2003-03-27,0640,Aqua,MODIS,56,6.2,297.4,28.9,D,0
22.7661,92.3545,326.3,2.3,1.5,2003-03-27,0640,Aqua,MODIS,74,6.2,297.8,60.5,D,0
22.5992,92.4491,323.6,2.3,1.5,2003-03-27,0640,Aqua,MODIS,34,6.2,299,41.4,D,0
22.6167,92.4695,328.4,2.3,1.5,2003-03-27,0640,Aqua,MODIS,33,6.2,298.6,55.6,D,0
22.6465,92.4836,400.3,2.3,1.5,2003-03-27,0640,Aqua,MODIS,100,6.2,304.6,828,D,0
22.6426,92.4635,358.6,2.3,1.5,2003-03-27,0640,Aqua,MODIS,99,6.2,301.1,247.4,D,0
23.396,91.904,317,2.4,1.5,2003-03-27,0640,Aqua,MODIS,64,6.2,296.9,28.2,D,0
23.3827,91.9071,342.1,2.4,1.5,2003-03-27,0640,Aqua,MODIS,92,6.2,297.9,139.8,D,0
23.3608,91.9364,320.5,2.4,1.5,2003-03-27,0640,Aqua,MODIS,58,6.2,298.2,35.7,D,0
23.3655,91.9601,317.1,2.4,1.5,2003-03-27,0640,Aqua,MODIS,43,6.2,297.9,27.4,D,0
23.37,91.983,321.7,2.4,1.5,2003-03-27,0640,Aqua,MODIS,68,6.2,298,43.3,D,0
22.9846,91.9582,338.3,2.5,1.5,2003-03-27,0640,Aqua,MODIS,89,6.2,298.8,118.8,D,0
22.9799,91.9335,351.7,2.5,1.5,2003-03-27,0640,Aqua,MODIS,96,6.2,299.2,215.7,D,0
22.9933,91.9304,319.5,2.5,1.5,2003-03-27,0640,Aqua,MODIS,71,6.2,298.5,33,D,0
22.9924,91.9489,329.3,2.5,1.5,2003-03-27,0640,Aqua,MODIS,82,6.2,298.7,71.7,D,0
22.9876,91.9245,327.1,2.5,1.5,2003-03-27,0640,Aqua,MODIS,80,6.2,298.4,63.8,D,0
23.0057,91.9456,336.1,2.5,1.5,2003-03-27,0640,Aqua,MODIS,87,6.2,298.6,107.6,D,0
23.0009,91.9213,329.7,2.5,1.5,2003-03-27,0640,Aqua,MODIS,83,6.2,298,75.2,D,0
23.0191,91.9426,350.4,2.5,1.5,2003-03-27,0640,Aqua,MODIS,95,6.2,298.8,203.3,D,0
22.861,91.866,318.9,2.5,1.5,2003-03-27,0640,Aqua,MODIS,69,6.2,298.9,35.7,D,0
22.8539,91.8629,315.5,2.5,1.5,2003-03-27,0640,Aqua,MODIS,37,6.2,298.7,20.6,D,0
22.9179,91.9735,322.7,2.5,1.5,2003-03-27,0640,Aqua,MODIS,75,6.2,297.9,51.4,D,0
22.5775,92.339,350.8,2.4,1.5,2003-03-27,0640,Aqua,MODIS,72,6.2,298.5,200.3,D,0
22.5728,92.3151,336.7,2.4,1.5,2003-03-27,0640,Aqua,MODIS,66,6.2,298.5,110.6,D,0
22.9412,92.141,326.6,2.4,1.5,2003-03-27,0640,Aqua,MODIS,60,6.2,297.4,65.6,D,0
22.9495,92.1348,326.2,2.4,1.5,2003-03-27,0640,Aqua,MODIS,60,6.2,297.5,58.7,D,0
23.0543,91.9088,318.7,2.5,1.5,2003-03-27,0640,Aqua,MODIS,70,6.2,299.1,31.4,D,0
23.036,91.8138,316.2,2.5,1.5,2003-03-27,0640,Aqua,MODIS,64,6.2,297.8,26.1,D,0
23.0528,91.9293,317,2.5,1.5,2003-03-27,0640,Aqua,MODIS,19,6.2,298.9,22.3,D,0
23.0424,91.8074,319.2,2.5,1.5,2003-03-27,0640,Aqua,MODIS,41,6.2,298.1,33.1,D,0
23.0881,91.8962,328.1,2.5,1.5,2003-03-27,0640,Aqua,MODIS,82,6.2,298.8,71.4,D,0
22.6612,92.4411,312.8,1,1,2003-03-27,1609,Terra,MODIS,86,6.2,293.5,10.9,N,0
22.7884,92.428,303,1,1,2003-03-27,1609,Terra,MODIS,43,6.2,292.3,4.1,N,0
22.6243,92.3427,314.5,1.4,1.2,2003-03-28,0418,Terra,MODIS,62,6.2,298.2,9,D,0
22.4319,92.4174,375.8,1.3,1.1,2003-03-28,0722,Aqua,MODIS,100,6.2,305.6,186.1,D,0
22.4335,92.4307,326.2,1.3,1.1,2003-03-28,0722,Aqua,MODIS,63,6.2,298.8,21.1,D,0
22.4218,92.4191,330.9,1.3,1.1,2003-03-28,0722,Aqua,MODIS,60,6.2,302,27.8,D,0
22.4217,92.4134,326.3,1.3,1.1,2003-03-28,0722,Aqua,MODIS,68,6.2,302.1,18.9,D,0
22.4232,92.426,333.1,1.3,1.1,2003-03-28,0722,Aqua,MODIS,81,6.2,301.4,33.1,D,0
22.4101,92.403,332.1,1.3,1.1,2003-03-28,0722,Aqua,MODIS,83,6.2,303.3,29.9,D,0
22.7682,92.1687,334.2,1.3,1.1,2003-03-28,0722,Aqua,MODIS,63,6.2,302.7,32.3,D,0
22.7596,92.1826,329.7,1.3,1.1,2003-03-28,0722,Aqua,MODIS,79,6.2,303.3,24.7,D,0
22.7611,92.1946,328.4,1.3,1.1,2003-03-28,0722,Aqua,MODIS,78,6.2,302.9,23.1,D,0
22.7586,92.1768,319.9,1.3,1.1,2003-03-28,0722,Aqua,MODIS,44,6.2,302.2,8.6,D,0
22.7601,92.1891,343.6,1.3,1.1,2003-03-28,0722,Aqua,MODIS,91,6.2,303.8,55.8,D,0
23.0628,91.922,333.5,1.2,1.1,2003-03-28,0722,Aqua,MODIS,84,6.2,304.8,29.6,D,0
23.0613,91.91,321.8,1.2,1.1,2003-03-28,0722,Aqua,MODIS,66,6.2,303.4,10.4,D,0
22.683,91.9773,324.4,1.2,1.1,2003-03-28,0722,Aqua,MODIS,72,6.2,301.4,18,D,0
22.4608,92.4006,319.3,1.3,1.1,2003-03-28,0722,Aqua,MODIS,45,6.2,301.5,9.4,D,0
22.4421,92.4159,361.3,1.3,1.1,2003-03-28,0722,Aqua,MODIS,100,6.2,302.9,115.7,D,0
22.4305,92.4051,359.4,1.3,1.1,2003-03-28,0722,Aqua,MODIS,99,6.2,303.4,106.9,D,0
22.5225,92.4816,343,1.3,1.1,2003-03-28,0722,Aqua,MODIS,91,6.2,299,57.9,D,0
22.521,92.4691,336.6,1.3,1.1,2003-03-28,0722,Aqua,MODIS,86,6.2,299.3,43.3,D,0
22.5224,92.5031,367.3,1.3,1.1,2003-03-28,0722,Aqua,MODIS,94,6.2,298.7,147.1,D,0
22.5208,92.4897,359.8,1.3,1.1,2003-03-28,0722,Aqua,MODIS,99,6.2,300.6,114.1,D,0
22.531,92.4883,347.1,1.3,1.1,2003-03-28,0722,Aqua,MODIS,93,6.2,299,68.7,D,0
22.5294,92.4747,348.1,1.3,1.1,2003-03-28,0722,Aqua,MODIS,94,6.2,300.4,71.7,D,0
22.528,92.4627,326.3,1.3,1.1,2003-03-28,0722,Aqua,MODIS,62,6.2,298,21.2,D,0
22.1782,92.5115,325,1.3,1.1,2003-03-28,0722,Aqua,MODIS,49,6.2,303.1,18.7,D,0
21.7596,92.4868,336.2,1.3,1.1,2003-03-28,0722,Aqua,MODIS,87,6.2,300.8,39.3,D,0
22.6673,91.9311,322.1,1.2,1.1,2003-03-28,0722,Aqua,MODIS,58,6.2,302.9,11.8,D,0
22.4339,92.5212,332.2,1.3,1.1,2003-03-28,0722,Aqua,MODIS,79,6.2,300,33.5,D,0
22.4527,92.5048,331.9,1.3,1.1,2003-03-28,0722,Aqua,MODIS,82,6.2,296.4,32.6,D,0
22.4629,92.5038,339.2,1.3,1.1,2003-03-28,0722,Aqua,MODIS,88,6.2,297.8,49.2,D,0
22.3143,92.447,376.5,1.3,1.1,2003-03-28,0722,Aqua,MODIS,100,6.2,306,191.6,D,0
22.3695,92.4089,325.3,1.3,1.1,2003-03-28,0722,Aqua,MODIS,75,6.2,301.9,17.6,D,0
22.371,92.4212,359,1.3,1.1,2003-03-28,0722,Aqua,MODIS,99,6.2,303.9,107.1,D,0
22.6602,92.4501,345.9,1.3,1.1,2003-03-28,0722,Aqua,MODIS,92,6.2,302.4,67.1,D,0
22.6704,92.4488,318.5,1.3,1.1,2003-03-28,0722,Aqua,MODIS,57,6.2,300.5,10.1,D,0
22.3756,92.4589,344.2,1.3,1.1,2003-03-28,0722,Aqua,MODIS,91,6.2,300.5,62.1,D,0
22.8649,91.5685,319.5,1.2,1.1,2003-03-28,0722,Aqua,MODIS,50,6.2,302.9,10,D,0
23.0441,92.2567,325,1.3,1.1,2003-03-28,0722,Aqua,MODIS,57,6.2,302.8,18.4,D,0
23.0425,92.2441,316.9,1.3,1.1,2003-03-28,0722,Aqua,MODIS,0,6.2,301,7.1,D,0
22.5816,92.3921,318,1.3,1.1,2003-03-28,0722,Aqua,MODIS,25,6.2,299.7,9.3,D,0
22.5682,92.3672,322.5,1.3,1.1,2003-03-28,0722,Aqua,MODIS,60,6.2,301.4,14.9,D,0
22.5521,92.3197,323,1.3,1.1,2003-03-28,0722,Aqua,MODIS,72,6.2,303.2,16.5,D,0
23.0608,91.8249,341.9,1.2,1.1,2003-03-28,0722,Aqua,MODIS,90,6.2,301.8,49.3,D,0
22.3594,92.4104,317.9,1.3,1.1,2003-03-28,0722,Aqua,MODIS,34,6.2,300.3,7,D,0
21.4419,92.4759,344.3,1.3,1.1,2003-03-28,0722,Aqua,MODIS,92,6.2,301.3,59,D,0
22.3609,92.4227,340.1,1.3,1.1,2003-03-28,0722,Aqua,MODIS,89,6.2,302.6,47.9,D,0
22.5714,92.3935,330.9,1.3,1.1,2003-03-28,0722,Aqua,MODIS,81,6.2,299.5,30.4,D,0
22.698,92.42,319.3,1.3,1.1,2003-03-28,0722,Aqua,MODIS,64,6.2,301.5,10.1,D,0
22.7051,92.4134,339.7,1.3,1.1,2003-03-28,0722,Aqua,MODIS,88,6.2,302.1,47.5,D,0
22.7168,92.4248,324.8,1.3,1.1,2003-03-28,0722,Aqua,MODIS,73,6.2,300.9,19.1,D,0
22.5412,92.4866,336.5,1.3,1.1,2003-03-28,0722,Aqua,MODIS,80,6.2,299.4,42,D,0
22.429,92.3931,394.4,1.3,1.1,2003-03-28,0722,Aqua,MODIS,100,6.2,308.3,309.5,D,0
22.4085,92.3906,348.1,1.3,1.1,2003-03-28,0722,Aqua,MODIS,94,6.2,303.5,69.5,D,0
22.6434,92.312,325.4,1.3,1.1,2003-03-28,0722,Aqua,MODIS,75,6.2,301.8,19.5,D,0
22.323,92.4336,331.1,1.3,1.1,2003-03-28,0722,Aqua,MODIS,82,6.2,301.7,28.8,D,0
22.3245,92.4459,322.9,1.3,1.1,2003-03-28,0722,Aqua,MODIS,69,6.2,302.5,15.4,D,0
21.3883,92.2026,338.3,1.2,1.1,2003-03-28,0722,Aqua,MODIS,88,6.2,303.4,43.3,D,0
21.3872,92.1965,336.3,1.2,1.1,2003-03-28,0722,Aqua,MODIS,87,6.2,302.8,37.1,D,0
21.3887,92.2083,333.9,1.2,1.1,2003-03-28,0722,Aqua,MODIS,85,6.2,303.1,33,D,0
21.3742,92.1738,321.2,1.2,1.1,2003-03-28,0722,Aqua,MODIS,71,6.2,301.6,12.6,D,0
22.6145,92.3284,331.3,1.3,1.1,2003-03-28,0722,Aqua,MODIS,82,6.2,304.1,28.6,D,0
22.616,92.3404,339.1,1.3,1.1,2003-03-28,0722,Aqua,MODIS,88,6.2,302.3,46.1,D,0
22.5957,92.3431,323.6,1.3,1.1,2003-03-28,0722,Aqua,MODIS,72,6.2,302,16.4,D,0
22.5973,92.3567,328,1.3,1.1,2003-03-28,0722,Aqua,MODIS,78,6.2,301.7,25,D,0
22.7749,92.391,324.9,1.3,1.1,2003-03-28,0722,Aqua,MODIS,64,6.2,301.5,17.9,D,0
22.8093,92.34,321.9,1.3,1.1,2003-03-28,0722,Aqua,MODIS,68,6.2,303,15,D,0
22.821,92.3518,334.9,1.3,1.1,2003-03-28,0722,Aqua,MODIS,85,6.2,301.6,37.9,D,0
22.8194,92.3386,385.4,1.3,1.1,2003-03-28,0722,Aqua,MODIS,100,6.2,306,247.2,D,0
22.4845,92.2589,340.1,1.3,1.1,2003-03-28,0722,Aqua,MODIS,89,6.2,302,50.8,D,0
22.8847,92.2981,317.3,1.3,1.1,2003-03-28,0722,Aqua,MODIS,52,6.2,301.5,8.6,D,0
22.8994,92.335,323.4,1.3,1.1,2003-03-28,0722,Aqua,MODIS,71,6.2,302.3,18.7,D,0
22.597,92.3502,337.6,1.3,1.1,2003-03-28,0722,Aqua,MODIS,87,6.2,302.2,42.9,D,0
22.5854,92.3394,328.4,1.3,1.1,2003-03-28,0722,Aqua,MODIS,75,6.2,301.4,22.4,D,0
22.5868,92.3512,349.6,1.3,1.1,2003-03-28,0722,Aqua,MODIS,95,6.2,301.5,73.8,D,0
22.9445,91.9448,337.4,1.2,1.1,2003-03-28,0722,Aqua,MODIS,87,6.2,305.8,37,D,0
21.5467,92.3291,320.7,1.3,1.1,2003-03-28,0722,Aqua,MODIS,72,6.2,293.6,17.5,D,0
21.5453,92.3175,317.2,1.3,1.1,2003-03-28,0722,Aqua,MODIS,66,6.2,294.2,13,D,0
22.4391,92.3916,324.4,1.3,1.1,2003-03-28,0722,Aqua,MODIS,40,6.2,302.3,16.3,D,0
22.4696,92.3874,327.8,1.3,1.1,2003-03-28,0722,Aqua,MODIS,78,6.2,302.8,22.2,D,0
22.8766,92.3829,318,1.3,1.1,2003-03-28,0722,Aqua,MODIS,51,6.2,302.1,9.2,D,0
22.7529,92.381,321.2,1.3,1.1,2003-03-28,0722,Aqua,MODIS,41,6.2,300.8,12.5,D,0
22.7615,92.3661,339.9,1.3,1.1,2003-03-28,0722,Aqua,MODIS,83,6.2,303.4,48.1,D,0
22.7764,92.4036,380.7,1.3,1.1,2003-03-28,0722,Aqua,MODIS,94,6.2,304.5,217.6,D,0
22.9437,92.106,338.2,1.3,1.1,2003-03-28,0722,Aqua,MODIS,87,6.2,302.8,42,D,0
22.9451,92.118,335.3,1.3,1.1,2003-03-28,0722,Aqua,MODIS,85,6.2,299.1,36.2,D,0
22.9404,91.9946,329.6,1.3,1.1,2003-03-28,0722,Aqua,MODIS,71,6.2,298.7,23.5,D,0
22.9203,91.9118,319.8,1.2,1.1,2003-03-28,0722,Aqua,MODIS,63,6.2,300.2,9.5,D,0
22.8828,91.9482,320.1,1.2,1.1,2003-03-28,0722,Aqua,MODIS,38,6.2,300,10.4,D,0
23.0415,92.2512,326.3,1.3,1.1,2003-03-28,0722,Aqua,MODIS,58,6.2,302.6,21.7,D,0
21.9312,92.3111,357.5,1.3,1.1,2003-03-28,0722,Aqua,MODIS,98,6.2,302.9,102.8,D,0
21.9297,92.2995,345.2,1.3,1.1,2003-03-28,0722,Aqua,MODIS,92,6.2,304,62.8,D,0
21.9353,92.2626,334.4,1.3,1.1,2003-03-28,0722,Aqua,MODIS,86,6.2,296.6,37.1,D,0
21.5548,92.232,346.5,1.2,1.1,2003-03-28,0722,Aqua,MODIS,78,6.2,277.5,68.3,D,0
21.5563,92.2439,378.3,1.2,1.1,2003-03-28,0722,Aqua,MODIS,94,6.2,288.9,192.3,D,0
21.5578,92.2558,359.8,1.2,1.1,2003-03-28,0722,Aqua,MODIS,99,6.2,292.9,108.3,D,0
21.5434,92.2215,331.3,1.2,1.1,2003-03-28,0722,Aqua,MODIS,84,6.2,283.4,36.4,D,0
21.5449,92.2335,339.7,1.2,1.1,2003-03-28,0722,Aqua,MODIS,73,6.2,282.2,49.5,D,0
21.5464,92.2454,360,1.2,1.1,2003-03-28,0722,Aqua,MODIS,100,6.2,293.1,107,D,0
21.5479,92.2573,331.3,1.2,1.1,2003-03-28,0722,Aqua,MODIS,38,6.2,293.9,29.7,D,0
21.5335,92.2229,313.2,1.2,1.1,2003-03-28,0722,Aqua,MODIS,55,6.2,283.8,11.4,D,0
21.5196,92.2735,323.5,1.3,1.1,2003-03-28,0722,Aqua,MODIS,65,6.2,293.4,20.8,D,0
22.1723,92.549,419.1,1.3,1.1,2003-03-28,0722,Aqua,MODIS,100,6.2,308,567.2,D,0
22.4343,92.5148,322.2,1.3,1.1,2003-03-28,0722,Aqua,MODIS,37,6.2,298.4,16.1,D,0
22.4359,92.5281,339.4,1.3,1.1,2003-03-28,0722,Aqua,MODIS,88,6.2,300.4,50.3,D,0
22.1826,92.5482,361.3,1.3,1.1,2003-03-28,0722,Aqua,MODIS,100,6.2,299.5,118.4,D,0
22.4747,92.5156,373.8,1.3,1.1,2003-03-28,0722,Aqua,MODIS,100,6.2,300.1,181.3,D,0
21.5868,92.2459,353.8,1.2,1.1,2003-03-28,0722,Aqua,MODIS,97,6.2,287.4,92.5,D,0
21.5662,92.2425,338.7,1.2,1.1,2003-03-28,0722,Aqua,MODIS,84,6.2,276,50.6,D,0
21.5677,92.2544,365.5,1.2,1.1,2003-03-28,0722,Aqua,MODIS,100,6.2,291.9,133.4,D,0
22.9337,92.1075,325.1,1.3,1.1,2003-03-28,0722,Aqua,MODIS,75,6.2,302.2,18.3,D,0
21.4404,92.4636,403.4,1.3,1.1,2003-03-28,0722,Aqua,MODIS,100,6.2,307.2,379.6,D,0
21.4504,92.4622,317.9,1.3,1.1,2003-03-28,0722,Aqua,MODIS,65,6.2,300,8.4,D,0
22.5831,92.4046,328.2,1.3,1.1,2003-03-28,0722,Aqua,MODIS,79,6.2,299.8,27.4,D,0
21.8294,92.4834,336.3,1.3,1.1,2003-03-28,0722,Aqua,MODIS,28,6.2,284.8,41.5,D,0
22.5729,92.406,369.1,1.3,1.1,2003-03-28,0722,Aqua,MODIS,100,6.2,302.1,155.6,D,0
22.2306,92.517,329.4,1.3,1.1,2003-03-28,0722,Aqua,MODIS,81,6.2,302.5,27,D,0
22.2321,92.5289,342.2,1.3,1.1,2003-03-28,0722,Aqua,MODIS,91,6.2,302.3,56.8,D,0
22.2205,92.5187,333.5,1.3,1.1,2003-03-28,0722,Aqua,MODIS,84,6.2,303.9,34.8,D,0
22.2219,92.5307,336.3,1.3,1.1,2003-03-28,0722,Aqua,MODIS,87,6.2,302.8,41.8,D,0
22.2102,92.5197,346,1.3,1.1,2003-03-28,0722,Aqua,MODIS,93,6.2,303.2,65.8,D,0
22.1797,92.5242,429.9,1.3,1.1,2003-03-28,0722,Aqua,MODIS,100,6.2,313.2,709.4,D,0
22.1812,92.5363,373.8,1.3,1.1,2003-03-28,0722,Aqua,MODIS,100,6.2,301.4,176.2,D,0
22.1695,92.5256,391.1,1.3,1.1,2003-03-28,0722,Aqua,MODIS,100,6.2,307.6,288.4,D,0
22.5745,92.4184,325.3,1.3,1.1,2003-03-28,0722,Aqua,MODIS,75,6.2,298.2,21.7,D,0
22.5688,92.4574,320.9,1.3,1.1,2003-03-28,0722,Aqua,MODIS,68,6.2,300.2,14.4,D,0
22.4732,92.5024,362,1.3,1.1,2003-03-28,0722,Aqua,MODIS,100,6.2,300.3,123.9,D,0
22.9351,92.1197,320.6,1.3,1.1,2003-03-28,0722,Aqua,MODIS,68,6.2,302,12.3,D,0
21.8279,92.4712,340.7,1.3,1.1,2003-03-28,0722,Aqua,MODIS,63,6.2,283.5,53.4,D,0
22.615,92.4188,323,1.3,1.1,2003-03-28,0722,Aqua,MODIS,71,6.2,300.2,18.7,D,0
22.8866,92.4014,337.9,1.3,1.1,2003-03-28,0722,Aqua,MODIS,87,6.2,302.9,44.9,D,0
23.027,92.1192,341.3,1.3,1.1,2003-03-28,0722,Aqua,MODIS,90,6.2,299.1,50.4,D,0
22.1709,92.5375,383,1.3,1.1,2003-03-28,0722,Aqua,MODIS,100,6.2,306.1,230,D,0
23.0254,92.1065,322.2,1.3,1.1,2003-03-28,0722,Aqua,MODIS,41,6.2,299.4,12.9,D,0
23.0267,92.1261,326.1,1.3,1.1,2003-03-28,0722,Aqua,MODIS,47,6.2,300,18.9,D,0
23.0252,92.1135,335.9,1.3,1.1,2003-03-28,0722,Aqua,MODIS,86,6.2,300,37,D,0
22.9802,91.9888,323.7,1.3,1.1,2003-03-28,0722,Aqua,MODIS,38,6.2,300.2,14.9,D,0
22.2909,92.4242,331.4,1.3,1.1,2003-03-28,0722,Aqua,MODIS,82,6.2,299.9,30.5,D,0
22.3027,92.4365,335.2,1.3,1.1,2003-03-28,0722,Aqua,MODIS,86,6.2,300.3,36.9,D,0
22.3011,92.4234,340.3,1.3,1.1,2003-03-28,0722,Aqua,MODIS,89,6.2,300,49.5,D,0
22.9672,91.9656,337.2,1.3,1.1,2003-03-28,0722,Aqua,MODIS,66,6.2,302.3,34.8,D,0
21.8062,92.4617,354,1.3,1.1,2003-03-28,0722,Aqua,MODIS,97,6.2,293.6,90,D,0
21.8078,92.4742,365.2,1.3,1.1,2003-03-28,0722,Aqua,MODIS,94,6.2,295.8,131.8,D,0
21.7713,92.4979,324.2,1.3,1.1,2003-03-28,0722,Aqua,MODIS,76,6.2,300,16.9,D,0
23.0799,92.1438,316.8,1.3,1.1,2003-03-28,0722,Aqua,MODIS,52,6.2,298.2,7.1,D,0
23.0693,92.0571,350.5,1.3,1.1,2003-03-28,0722,Aqua,MODIS,95,6.2,302.2,72.1,D,0
23.0678,92.045,339.6,1.3,1.1,2003-03-28,0722,Aqua,MODIS,89,6.2,303.2,43.2,D,0
23.0808,92.0677,399.2,1.3,1.1,2003-03-28,0722,Aqua,MODIS,100,6.2,306.8,334.6,D,0
23.0793,92.0556,384.9,1.3,1.1,2003-03-28,0722,Aqua,MODIS,100,6.2,307.5,229.2,D,0
21.7697,92.4856,344.7,1.3,1.1,2003-03-28,0722,Aqua,MODIS,92,6.2,303.7,60.4,D,0
22.934,92.1141,328.6,1.3,1.1,2003-03-28,0722,Aqua,MODIS,78,6.2,302.5,23.9,D,0
22.7897,92.178,320.1,1.3,1.1,2003-03-28,0722,Aqua,MODIS,61,6.2,303.2,10.9,D,0
22.2893,92.4112,332.4,1.3,1.1,2003-03-28,0722,Aqua,MODIS,83,6.2,300,33.3,D,0
21.66,92.346,322.3,1.3,1.1,2003-03-28,0722,Aqua,MODIS,53,6.2,301.5,17,D,0
22.4394,92.4807,336.6,1.3,1.1,2003-03-28,0722,Aqua,MODIS,86,6.2,299.1,42.6,D,0
22.4497,92.4796,366.3,1.3,1.1,2003-03-28,0722,Aqua,MODIS,100,6.2,301.9,142.5,D,0
22.4482,92.4674,328.8,1.3,1.1,2003-03-28,0722,Aqua,MODIS,75,6.2,299.5,26.4,D,0
22.4467,92.4547,336.5,1.3,1.1,2003-03-28,0722,Aqua,MODIS,86,6.2,297.1,42.4,D,0
22.4671,92.4518,351.3,1.3,1.1,2003-03-28,0722,Aqua,MODIS,95,6.2,298.1,84.8,D,0
22.3158,92.4591,336.2,1.3,1.1,2003-03-28,0722,Aqua,MODIS,86,6.2,298.9,39.9,D,0
22.471,92.3995,335.8,1.3,1.1,2003-03-28,0722,Aqua,MODIS,86,6.2,302.7,38.4,D,0
22.4405,92.4033,326.3,1.3,1.1,2003-03-28,0722,Aqua,MODIS,48,6.2,302,18.7,D,0
22.6658,91.9193,328.7,1.2,1.1,2003-03-28,0722,Aqua,MODIS,78,6.2,302.6,21.6,D,0
22.5021,92.4844,328.9,1.3,1.1,2003-03-28,0722,Aqua,MODIS,70,6.2,297.3,26.5,D,0
22.5156,92.5098,356.4,1.3,1.1,2003-03-28,0722,Aqua,MODIS,74,6.2,293.4,98.6,D,0
22.514,92.4965,347.2,1.3,1.1,2003-03-28,0722,Aqua,MODIS,93,6.2,298.8,68.6,D,0
22.5259,92.5085,344.1,1.3,1.1,2003-03-28,0722,Aqua,MODIS,79,6.2,293.1,60.6,D,0
22.5242,92.4952,379,1.3,1.1,2003-03-28,0722,Aqua,MODIS,100,6.2,298.9,208.9,D,0
23.2046,92.1571,325.2,1.3,1.1,2003-03-28,0723,Aqua,MODIS,76,6.2,300.2,19.6,D,0
23.1937,92.2354,320.3,1.3,1.1,2003-03-28,0723,Aqua,MODIS,35,6.2,300.5,10.8,D,0
23.1921,92.2228,371.9,1.3,1.1,2003-03-28,0723,Aqua,MODIS,100,6.2,304.5,165.1,D,0
23.2023,92.2214,319.8,1.3,1.1,2003-03-28,0723,Aqua,MODIS,41,6.2,302.3,10,D,0
23.2007,92.2088,321.5,1.3,1.1,2003-03-28,0723,Aqua,MODIS,64,6.2,301.3,12.1,D,0
23.3365,91.826,412.2,1.2,1.1,2003-03-28,0723,Aqua,MODIS,87,6.2,303.5,444.9,D,0
23.335,91.8142,405.5,1.2,1.1,2003-03-28,0723,Aqua,MODIS,100,6.2,309.8,379.7,D,0
23.4073,91.909,351.9,1.3,1.1,2003-03-28,0723,Aqua,MODIS,73,6.2,296.9,80.5,D,0
23.1527,92.1519,321.7,1.3,1.1,2003-03-28,0723,Aqua,MODIS,71,6.2,299.7,14.4,D,0
24.2206,89.1944,323.8,1,1,2003-03-28,0723,Aqua,MODIS,55,6.2,306.6,10.9,D,0
23.1512,92.1396,324.7,1.3,1.1,2003-03-28,0723,Aqua,MODIS,76,6.2,300.1,18.8,D,0
23.1653,92.0871,326.5,1.3,1.1,2003-03-28,0723,Aqua,MODIS,78,6.2,300.1,21.1,D,0
23.1592,92.0374,343.3,1.3,1.1,2003-03-28,0723,Aqua,MODIS,86,6.2,298.9,54.7,D,0
23.3167,91.8288,327.7,1.2,1.1,2003-03-28,0723,Aqua,MODIS,46,6.2,296.4,19.4,D,0
23.4217,91.9441,353.1,1.3,1.1,2003-03-28,0723,Aqua,MODIS,96,6.2,298.2,82.2,D,0
23.287,91.8333,332.7,1.2,1.1,2003-03-28,0723,Aqua,MODIS,76,6.2,297.9,27.8,D,0
23.2437,91.8224,324.8,1.2,1.1,2003-03-28,0723,Aqua,MODIS,46,6.2,301.4,15.9,D,0
23.2452,91.8341,341.7,1.2,1.1,2003-03-28,0723,Aqua,MODIS,90,6.2,301,47,D,0
23.207,91.8517,375.2,1.2,1.1,2003-03-28,0723,Aqua,MODIS,100,6.2,308.4,169.9,D,0
23.2856,91.8214,335.2,1.2,1.1,2003-03-28,0723,Aqua,MODIS,86,6.2,302.4,32.6,D,0
23.2085,91.8637,360.9,1.2,1.1,2003-03-28,0723,Aqua,MODIS,100,6.2,300.8,106.1,D,0
23.1321,92.0663,347,1.3,1.1,2003-03-28,0723,Aqua,MODIS,88,6.2,293.3,64.4,D,0
23.3152,91.817,344.6,1.2,1.1,2003-03-28,0723,Aqua,MODIS,92,6.2,302.3,54.4,D,0
23.1823,92.0593,325.5,1.3,1.1,2003-03-28,0723,Aqua,MODIS,58,6.2,297,18.8,D,0
23.1306,92.0538,328.9,1.3,1.1,2003-03-28,0723,Aqua,MODIS,41,6.2,297.2,22.4,D,0
23.1343,91.9169,354.6,1.2,1.1,2003-03-28,0723,Aqua,MODIS,97,6.2,301.6,85,D,0
23.1244,91.9185,321,1.2,1.1,2003-03-28,0723,Aqua,MODIS,52,6.2,302.5,10.9,D,0
23.4432,91.9535,363.6,1.3,1.1,2003-03-28,0723,Aqua,MODIS,94,6.2,298.5,121.3,D,0
23.1824,91.8978,328,1.2,1.1,2003-03-28,0723,Aqua,MODIS,45,6.2,302.6,20.2,D,0
23.3261,91.9878,322.7,1.3,1.1,2003-03-28,0723,Aqua,MODIS,49,6.2,296.7,18.9,D,0
23.2048,92.0003,326.8,1.3,1.1,2003-03-28,0723,Aqua,MODIS,55,6.2,299.4,21,D,0
23.1971,91.8533,363.7,1.2,1.1,2003-03-28,0723,Aqua,MODIS,100,6.2,306.8,118.3,D,0
23.1986,91.8652,351.9,1.2,1.1,2003-03-28,0723,Aqua,MODIS,96,6.2,302.6,76.1,D,0
23.1328,91.9051,337.6,1.2,1.1,2003-03-28,0723,Aqua,MODIS,87,6.2,303.9,38.6,D,0
23.3138,91.8052,328.1,1.2,1.1,2003-03-28,0723,Aqua,MODIS,79,6.2,302.5,19.4,D,0
23.2955,91.82,354.1,1.2,1.1,2003-03-28,0723,Aqua,MODIS,97,6.2,303.6,82.5,D,0
23.3266,91.8275,361.7,1.2,1.1,2003-03-28,0723,Aqua,MODIS,87,6.2,294.4,109.6,D,0
23.3251,91.8156,364.3,1.2,1.1,2003-03-28,0723,Aqua,MODIS,100,6.2,302.8,119.3,D,0
23.1024,92.0772,333,1.3,1.1,2003-03-28,0723,Aqua,MODIS,62,6.2,297.3,29,D,0
23.1221,92.0676,346.1,1.3,1.1,2003-03-28,0723,Aqua,MODIS,93,6.2,298.1,61.1,D,0
23.1314,91.8931,326.2,1.2,1.1,2003-03-28,0723,Aqua,MODIS,77,6.2,303.9,17.6,D,0
23.2687,91.8482,328.3,1.2,1.1,2003-03-28,0723,Aqua,MODIS,58,6.2,300.8,21.4,D,0
23.2665,91.8432,329.1,1.2,1.1,2003-03-28,0723,Aqua,MODIS,53,6.2,301.1,20.2,D,0
23.203,92.1443,317.8,1.3,1.1,2003-03-28,0723,Aqua,MODIS,64,6.2,300.7,9.1,D,0
23.3366,92.3072,337,2.1,1.4,2003-03-29,0501,Terra,MODIS,88,6.2,294.4,99.6,D,0
23.3329,92.3267,318.7,2.1,1.4,2003-03-29,0501,Terra,MODIS,72,6.2,290.8,34.9,D,0
21.7099,92.4384,346.6,2.3,1.5,2003-03-29,0501,Terra,MODIS,93,6.2,296.1,164.7,D,0
21.6925,92.4591,325.1,2.3,1.5,2003-03-29,0501,Terra,MODIS,77,6.2,292.6,59,D,0
22.5271,92.3855,335.2,2.2,1.4,2003-03-29,0501,Terra,MODIS,75,6.2,288.3,104.6,D,0
22.5267,92.3918,337.2,2.2,1.4,2003-03-29,0501,Terra,MODIS,0,6.2,287.2,111.9,D,0
24.2149,89.71,317.1,1.3,1.1,2003-03-29,0501,Terra,MODIS,0,6.2,301.1,13.1,D,0
23.2701,91.8356,313.4,1.9,1.3,2003-03-29,0501,Terra,MODIS,29,6.2,297,13.9,D,0
23.2624,91.8461,316.2,1.9,1.3,2003-03-29,0501,Terra,MODIS,61,6.2,296.1,21.8,D,0
21.7053,92.4624,326.9,2.3,1.5,2003-03-29,0501,Terra,MODIS,79,6.2,295.4,65.1,D,0
21.9486,92.5729,322.6,2.3,1.5,2003-03-29,0501,Terra,MODIS,75,6.2,296.2,53.1,D,0
21.6971,92.4351,333.1,2.3,1.5,2003-03-29,0501,Terra,MODIS,85,6.2,294.8,90.9,D,0
24.3774,88.9983,315.9,1.2,1.1,2003-03-29,0501,Terra,MODIS,55,6.2,298.6,6.5,D,0
21.6951,92.4527,328.4,2.3,1.5,2003-03-29,0501,Terra,MODIS,81,6.2,293.7,72.1,D,0
21.6994,92.4296,323,2.3,1.5,2003-03-29,0501,Terra,MODIS,75,6.2,295.5,50.1,D,0
22.6898,92.4345,319.7,2.2,1.4,2003-03-29,0501,Terra,MODIS,68,6.2,294.3,38.7,D,0
24.2215,89.1255,321.3,1.2,1.1,2003-03-29,0501,Terra,MODIS,70,6.2,298.8,13.2,D,0
22.6898,92.4397,316.2,2.2,1.4,2003-03-29,0501,Terra,MODIS,58,6.2,293.5,27.5,D,0
21.5227,92.3245,346.6,4.2,1.9,2003-03-29,0627,Aqua,MODIS,93,6.2,291.9,388.5,D,0
22.6,92.4705,330.3,3.8,1.8,2003-03-29,0627,Aqua,MODIS,82,6.2,294.1,161.9,D,0
22.6162,92.4672,313.9,3.8,1.8,2003-03-29,0627,Aqua,MODIS,44,6.2,292.4,47.2,D,0
22.6136,92.4993,320.9,3.8,1.8,2003-03-29,0627,Aqua,MODIS,66,6.2,294.2,83.9,D,0
22.6061,92.4644,320.9,3.8,1.8,2003-03-29,0627,Aqua,MODIS,71,6.2,292.7,90.3,D,0
22.2982,92.4811,341.4,3.9,1.8,2003-03-29,0627,Aqua,MODIS,78,6.2,291.6,286.8,D,0
21.82,92.5245,359.5,4,1.9,2003-03-29,0627,Aqua,MODIS,99,6.2,294.7,570.4,D,0
22.4029,92.4945,328.1,3.9,1.8,2003-03-29,0627,Aqua,MODIS,73,6.2,289.9,138.6,D,0
22.4878,92.4996,338.8,3.8,1.8,2003-03-29,0627,Aqua,MODIS,83,6.2,277.6,232.9,D,0
22.2114,92.5109,318.8,3.9,1.8,2003-03-29,0627,Aqua,MODIS,17,6.2,276.5,69.5,D,0
21.6424,92.5309,329.6,4,1.9,2003-03-29,0627,Aqua,MODIS,80,6.2,294.2,166.8,D,0
21.6373,92.5358,325.8,4,1.9,2003-03-29,0627,Aqua,MODIS,67,6.2,293.8,131.3,D,0
22.2919,92.49,344,3.9,1.8,2003-03-29,0627,Aqua,MODIS,80,6.2,284.1,313.5,D,0
22.3001,92.5289,349.6,3.9,1.8,2003-03-29,0627,Aqua,MODIS,82,6.2,288.6,381.2,D,0
22.1987,92.4844,336.6,3.9,1.8,2003-03-29,0627,Aqua,MODIS,74,6.2,285.7,237,D,0
21.5313,92.3638,334.6,4.1,1.9,2003-03-29,0627,Aqua,MODIS,84,6.2,294.4,225.4,D,0
22.4639,92.4674,352.1,3.9,1.8,2003-03-29,0627,Aqua,MODIS,96,6.2,292.1,418.4,D,0
22.5199,92.4122,331.4,3.9,1.8,2003-03-29,0627,Aqua,MODIS,83,6.2,291.7,169.1,D,0
22.4652,92.4341,334.2,3.9,1.8,2003-03-29,0627,Aqua,MODIS,22,6.2,286.1,185.9,D,0
21.9769,92.4723,319,4,1.9,2003-03-29,0627,Aqua,MODIS,67,6.2,295.8,86.2,D,0
22.3931,92.4939,321.8,3.9,1.8,2003-03-29,0627,Aqua,MODIS,72,6.2,289.2,95.8,D,0
22.5286,92.3731,321.2,3.9,1.8,2003-03-29,0627,Aqua,MODIS,50,6.2,292.4,94.7,D,0
21.6173,92.2554,319.4,4.2,1.9,2003-03-29,0627,Aqua,MODIS,64,6.2,293.2,90.8,D,0
22.293,92.4144,333.5,3.9,1.8,2003-03-29,0627,Aqua,MODIS,85,6.2,294.1,213.6,D,0
22.2903,92.4444,324.9,3.9,1.8,2003-03-29,0627,Aqua,MODIS,69,6.2,291.3,130.1,D,0
22.4716,92.4251,331.7,3.9,1.8,2003-03-29,0627,Aqua,MODIS,43,6.2,287.9,168.7,D,0
22.5361,92.4883,336.2,3.8,1.8,2003-03-29,0627,Aqua,MODIS,87,6.2,294.3,213.4,D,0
21.6138,92.5058,344.7,4,1.9,2003-03-29,0627,Aqua,MODIS,92,6.2,290.1,342.5,D,0
21.8111,92.4823,344.1,4,1.9,2003-03-29,0627,Aqua,MODIS,92,6.2,296.6,320.2,D,0
22.2825,92.4089,330.6,3.9,1.8,2003-03-29,0627,Aqua,MODIS,82,6.2,290.1,186.8,D,0
22.582,92.4312,349.2,3.9,1.8,2003-03-29,0627,Aqua,MODIS,95,6.2,292.5,375.8,D,0
22.5902,92.469,349.2,3.8,1.8,2003-03-29,0627,Aqua,MODIS,95,6.2,294.9,372.6,D,0
22.5416,92.4018,322.8,3.9,1.8,2003-03-29,0627,Aqua,MODIS,46,6.2,294.2,98.1,D,0
21.1543,92.1053,320.3,4.4,1.9,2003-03-29,0627,Aqua,MODIS,0,6.2,293.3,111.4,D,0
22.5921,92.4327,330.7,3.9,1.8,2003-03-29,0627,Aqua,MODIS,82,6.2,290.4,165.8,D,0
22.5762,92.4376,345.5,3.9,1.8,2003-03-29,0627,Aqua,MODIS,93,6.2,294,326.4,D,0
22.5842,92.4756,334.6,3.8,1.8,2003-03-29,0627,Aqua,MODIS,85,6.2,295,198.3,D,0
21.3559,92.1654,331,4.3,1.9,2003-03-29,0627,Aqua,MODIS,81,6.2,291.4,194.8,D,0
21.3392,92.1698,323.5,4.3,1.9,2003-03-29,0627,Aqua,MODIS,71,6.2,292.2,128.3,D,0
21.3532,92.1739,335.2,4.3,1.9,2003-03-29,0627,Aqua,MODIS,85,6.2,291.6,243.9,D,0
21.3364,92.178,317.8,4.3,1.9,2003-03-29,0627,Aqua,MODIS,57,6.2,291.6,80.1,D,0
21.6304,92.5029,359.1,4,1.9,2003-03-29,0627,Aqua,MODIS,99,6.2,294.5,583.7,D,0
22.536,92.408,327.4,3.9,1.8,2003-03-29,0627,Aqua,MODIS,79,6.2,293.7,139.9,D,0
21.8034,92.527,340.9,4,1.9,2003-03-29,0627,Aqua,MODIS,90,6.2,294.6,283.4,D,0
22.0389,92.4919,322,3.9,1.8,2003-03-29,0627,Aqua,MODIS,68,6.2,290.6,106.7,D,0
21.811,92.5625,323.6,3.9,1.8,2003-03-29,0627,Aqua,MODIS,33,6.2,287.1,103,D,0
22.4573,92.4766,348.8,3.9,1.8,2003-03-29,0627,Aqua,MODIS,79,6.2,291.7,363.5,D,0
21.6351,92.4976,343,4,1.9,2003-03-29,0627,Aqua,MODIS,91,6.2,294.9,320,D,0
22.4735,92.4731,347.1,3.9,1.8,2003-03-29,0627,Aqua,MODIS,86,6.2,289.6,336.4,D,0
21.5188,92.3334,340,4.2,1.9,2003-03-29,0627,Aqua,MODIS,88,6.2,291.6,293.8,D,0
21.5353,92.3292,334.8,4.2,1.9,2003-03-29,0627,Aqua,MODIS,84,6.2,293.2,230.6,D,0
21.6762,92.4481,316.8,4.1,1.9,2003-03-29,0627,Aqua,MODIS,35,6.2,290.8,67.1,D,0
23.1017,92.026,330.1,4,1.9,2003-03-29,0628,Aqua,MODIS,0,6.2,288.5,193.5,D,0
23.1317,92.1299,319.2,3.9,1.8,2003-03-29,0628,Aqua,MODIS,40,6.2,289,93.9,D,0
23.2334,91.859,326.2,4.1,1.9,2003-03-29,0628,Aqua,MODIS,70,6.2,289.9,144.7,D,0
23.346,92.2596,323.6,3.8,1.8,2003-03-29,0628,Aqua,MODIS,79,6.2,285.6,118,D,0
23.37,92.2918,357.3,3.8,1.8,2003-03-29,0628,Aqua,MODIS,98,6.2,293.4,515.6,D,0
23.362,92.2556,331,3.8,1.8,2003-03-29,0628,Aqua,MODIS,85,6.2,290,176.9,D,0
23.2046,92.2291,324.9,3.9,1.8,2003-03-29,0628,Aqua,MODIS,65,6.2,293.1,128.1,D,0
23.1981,92.2376,337.4,3.9,1.8,2003-03-29,0628,Aqua,MODIS,83,6.2,292.7,245.8,D,0
23.2498,91.8547,333.7,4.1,1.9,2003-03-29,0628,Aqua,MODIS,82,6.2,290.3,223.1,D,0
23.2295,91.8642,321.1,4.1,1.9,2003-03-29,0628,Aqua,MODIS,43,6.2,289.8,102,D,0
23.1634,91.8806,310.3,4.1,1.9,2003-03-29,0628,Aqua,MODIS,38,6.2,289.3,38.4,D,0
23.2543,91.8462,323.2,4.1,1.9,2003-03-29,0628,Aqua,MODIS,76,6.2,289.2,121.9,D,0
23.3696,91.8165,331.7,4.1,1.9,2003-03-29,0628,Aqua,MODIS,0,6.2,289.4,207,D,0
23.3861,91.8122,320.7,4.1,1.9,2003-03-29,0628,Aqua,MODIS,72,6.2,289.9,115.6,D,0
23.3627,92.3006,359.8,3.8,1.8,2003-03-29,0628,Aqua,MODIS,99,6.2,293.5,554.4,D,0
23.3307,92.3084,328,3.8,1.8,2003-03-29,0628,Aqua,MODIS,72,6.2,291.1,153.7,D,0
23.1067,92.0171,328.8,4,1.9,2003-03-29,0628,Aqua,MODIS,0,6.2,288.1,180.1,D,0
23.3734,91.8107,333.4,4.1,1.9,2003-03-29,0628,Aqua,MODIS,75,6.2,289.9,228.4,D,0
23.355,92.2645,355.1,3.8,1.8,2003-03-29,0628,Aqua,MODIS,98,6.2,288.5,474.8,D,0
23.3788,92.2971,315.9,3.8,1.8,2003-03-29,0628,Aqua,MODIS,59,6.2,292.3,68.9,D,0
23.371,92.2601,318.2,3.8,1.8,2003-03-29,0628,Aqua,MODIS,68,6.2,292.8,84.1,D,0
23.3539,92.2955,338.8,3.8,1.8,2003-03-29,0628,Aqua,MODIS,90,6.2,292.9,257.7,D,0
22.8248,92.4229,304.5,1.1,1.1,2003-03-29,1557,Terra,MODIS,60,6.2,292.2,6.5,N,0
22.8566,92.3149,305.4,1.2,1.1,2003-03-29,1557,Terra,MODIS,64,6.2,292.4,6.9,N,0
22.5871,92.4861,327.5,1.1,1.1,2003-03-29,1557,Terra,MODIS,100,6.2,292.5,31.1,N,0
22.5888,92.4967,302.6,1.1,1.1,2003-03-29,1557,Terra,MODIS,50,6.2,291.8,5.3,N,0
23.172,91.7754,312.6,1.2,1.1,2003-03-29,1557,Terra,MODIS,85,6.2,292.1,14.7,N,0
22.8723,92.4141,302.6,1.1,1.1,2003-03-29,1557,Terra,MODIS,50,6.2,292,5.1,N,0
22.732,92.4122,313.5,2.3,1.5,2003-03-30,0406,Terra,MODIS,45,6.2,296.2,15,D,0
22.7289,92.4181,316.3,2.3,1.5,2003-03-30,0406,Terra,MODIS,62,6.2,296.3,24,D,0
23.2471,92.0948,333,1,1,2003-03-30,0710,Aqua,MODIS,85,6.2,298.9,23.4,D,0
22.4333,92.3246,332.2,1,1,2003-03-30,0710,Aqua,MODIS,83,6.2,301.8,23.2,D,0
22.4463,92.3521,318.7,1,1,2003-03-30,0710,Aqua,MODIS,42,6.2,300.4,7.2,D,0
22.4695,92.3876,336.7,1,1,2003-03-30,0710,Aqua,MODIS,87,6.2,302.7,27.3,D,0
22.4601,92.3202,318.5,1,1,2003-03-30,0710,Aqua,MODIS,43,6.2,298.2,7.2,D,0
22.4785,92.3861,320.3,1,1,2003-03-30,0710,Aqua,MODIS,68,6.2,301.4,7.8,D,0
22.7306,92.4158,320.4,1,1,2003-03-30,0710,Aqua,MODIS,68,6.2,303.7,8.4,D,0
22.5537,92.1414,340.9,1,1,2003-03-30,0710,Aqua,MODIS,90,6.2,302.5,35,D,0
22.8734,92.316,335.4,1,1,2003-03-30,0710,Aqua,MODIS,86,6.2,299.5,27.1,D,0
22.8823,92.3146,316.9,1,1,2003-03-30,0710,Aqua,MODIS,35,6.2,299.7,6.1,D,0
22.8769,92.276,333.2,1,1,2003-03-30,0710,Aqua,MODIS,0,6.2,301.1,23.3,D,0
22.9173,92.3031,316.8,1,1,2003-03-30,0710,Aqua,MODIS,63,6.2,299.8,6.7,D,0
22.9509,92.3471,326.6,1,1,2003-03-30,0710,Aqua,MODIS,79,6.2,301.2,15.3,D,0
22.555,92.151,356.8,1,1,2003-03-30,0710,Aqua,MODIS,98,6.2,303.2,68.2,D,0
22.4677,92.309,332.6,1,1,2003-03-30,0710,Aqua,MODIS,77,6.2,301.3,21.5,D,0
22.4663,92.2994,346.6,1,1,2003-03-30,0710,Aqua,MODIS,93,6.2,303,45.2,D,0
22.4752,92.2979,355.3,1,1,2003-03-30,0710,Aqua,MODIS,97,6.2,302.3,64.7,D,0
23.659,92.0806,312,1,1,2003-03-30,0710,Aqua,MODIS,18,6.2,291.7,5.4,D,0
23.6487,92.0723,322,1,1,2003-03-30,0710,Aqua,MODIS,73,6.2,294.2,14.6,D,0
23.65,92.0821,401.3,1,1,2003-03-30,0710,Aqua,MODIS,100,6.2,302.6,257.3,D,0
23.6514,92.0918,364.4,1,1,2003-03-30,0710,Aqua,MODIS,100,6.2,295.5,93.6,D,0
22.1369,92.2506,317,1,1,2003-03-30,0710,Aqua,MODIS,51,6.2,300.7,6.4,D,0
22.5846,92.4916,320.1,1,1,2003-03-30,0710,Aqua,MODIS,67,6.2,301.5,9.1,D,0
23.1236,91.8049,311,1,1,2003-03-30,0710,Aqua,MODIS,30,6.2,284.9,7.6,D,0
21.3236,92.1609,318.5,1,1,2003-03-30,0710,Aqua,MODIS,65,6.2,300.9,6.2,D,0
21.3147,92.1624,318.3,1,1,2003-03-30,0710,Aqua,MODIS,61,6.2,301.1,6.2,D,0
22.7878,92.3667,371.8,1,1,2003-03-30,0710,Aqua,MODIS,100,6.2,304.9,113.3,D,0
22.7865,92.357,346.5,1,1,2003-03-30,0710,Aqua,MODIS,93,6.2,303.3,45.4,D,0
22.8452,92.3109,319.2,1,1,2003-03-30,0710,Aqua,MODIS,62,6.2,300.9,7.4,D,0
22.8439,92.3012,317.1,1,1,2003-03-30,0710,Aqua,MODIS,51,6.2,300.6,5.4,D,0
21.5018,92.3207,363.5,1,1,2003-03-30,0710,Aqua,MODIS,100,6.2,302.4,86.6,D,0
22.4877,92.2564,314,1,1,2003-03-30,0710,Aqua,MODIS,29,6.2,297.2,4.3,D,0
22.4739,92.2883,325.6,1,1,2003-03-30,0710,Aqua,MODIS,65,6.2,299.5,13.5,D,0
23.058,91.8028,321.9,1,1,2003-03-30,0710,Aqua,MODIS,74,6.2,286.5,15.6,D,0
21.5005,92.3112,369.6,1,1,2003-03-30,0710,Aqua,MODIS,100,6.2,303.8,105.8,D,0
21.5112,92.3127,344.4,1,1,2003-03-30,0710,Aqua,MODIS,92,6.2,305.7,42.9,D,0
21.5098,92.3032,326.3,1,1,2003-03-30,0710,Aqua,MODIS,68,6.2,302.8,15.6,D,0
21.5998,92.5524,346.7,1,1,2003-03-30,0710,Aqua,MODIS,93,6.2,299.8,46.8,D,0
21.6012,92.562,339.4,1,1,2003-03-30,0710,Aqua,MODIS,89,6.2,301.5,33.8,D,0
22.2519,92.4818,323.8,1,1,2003-03-30,0710,Aqua,MODIS,75,6.2,302.3,12.8,D,0
22.5121,92.43,319.9,1,1,2003-03-30,0710,Aqua,MODIS,67,6.2,301.6,8.2,D,0
22.5107,92.4204,317.3,1,1,2003-03-30,0710,Aqua,MODIS,61,6.2,301.8,5.6,D,0
21.7835,92.5493,367.6,1,1,2003-03-30,0710,Aqua,MODIS,100,6.2,291.6,99.1,D,0
22.3921,92.4958,344.6,1,1,2003-03-30,0710,Aqua,MODIS,92,6.2,300.5,43.6,D,0
22.3639,92.4906,330.8,1,1,2003-03-30,0710,Aqua,MODIS,70,6.2,295.6,21.3,D,0
22.3545,92.488,383.5,1,1,2003-03-30,0710,Aqua,MODIS,100,6.2,307.9,158.8,D,0
22.3456,92.4895,369.3,1,1,2003-03-30,0710,Aqua,MODIS,100,6.2,306.2,104.9,D,0
22.4548,92.4789,347.8,1,1,2003-03-30,0710,Aqua,MODIS,94,6.2,303,49.8,D,0
22.4535,92.4693,332.7,1,1,2003-03-30,0710,Aqua,MODIS,83,6.2,303,24.3,D,0
22.3612,92.4714,403.6,1,1,2003-03-30,0710,Aqua,MODIS,100,6.2,318.5,267.3,D,0
21.7058,92.4607,326,1,1,2003-03-30,0710,Aqua,MODIS,70,6.2,303.8,13.7,D,0
21.7071,92.4702,331,1,1,2003-03-30,0710,Aqua,MODIS,82,6.2,302.1,20.1,D,0
21.7084,92.4798,323.3,1,1,2003-03-30,0710,Aqua,MODIS,74,6.2,299.2,11,D,0
21.6982,92.4717,354.1,1,1,2003-03-30,0710,Aqua,MODIS,97,6.2,304.4,61.2,D,0
21.6995,92.4812,335.1,1,1,2003-03-30,0710,Aqua,MODIS,86,6.2,301,25.1,D,0
21.7008,92.4908,380.8,1,1,2003-03-30,0710,Aqua,MODIS,100,6.2,303.2,147.6,D,0
21.6892,92.4731,327.1,1,1,2003-03-30,0710,Aqua,MODIS,76,6.2,301.8,14.9,D,0
21.6906,92.4826,326.7,1,1,2003-03-30,0710,Aqua,MODIS,73,6.2,300.3,14.2,D,0
21.6803,92.4746,339.9,1,1,2003-03-30,0710,Aqua,MODIS,89,6.2,302.1,34.8,D,0
21.6816,92.4841,339.4,1,1,2003-03-30,0710,Aqua,MODIS,89,6.2,301.8,33.1,D,0
22.3626,92.481,393.6,1,1,2003-03-30,0710,Aqua,MODIS,100,6.2,311.3,209.2,D,0
22.3532,92.4783,416.8,1,1,2003-03-30,0710,Aqua,MODIS,100,6.2,316.3,359.6,D,0
22.3442,92.4798,372.1,1,1,2003-03-30,0710,Aqua,MODIS,100,6.2,308,113.1,D,0
22.3339,92.4716,327.2,1,1,2003-03-30,0710,Aqua,MODIS,62,6.2,303.6,13.5,D,0
22.3353,92.4813,335.8,1,1,2003-03-30,0710,Aqua,MODIS,86,6.2,304.3,26.1,D,0
22.2532,92.4915,332.6,1,1,2003-03-30,0710,Aqua,MODIS,84,6.2,301.8,23.3,D,0
21.7588,92.5042,354.5,1,1,2003-03-30,0710,Aqua,MODIS,97,6.2,303.8,61.9,D,0
21.7602,92.5138,351.5,1,1,2003-03-30,0710,Aqua,MODIS,90,6.2,298.7,55.2,D,0
21.5152,92.3413,319.3,1,1,2003-03-30,0710,Aqua,MODIS,67,6.2,298.1,9.2,D,0
21.4921,92.3809,324.6,1,1,2003-03-30,0710,Aqua,MODIS,76,6.2,301.1,14.1,D,0
21.4935,92.3905,331.2,1,1,2003-03-30,0710,Aqua,MODIS,83,6.2,301.1,21.8,D,0
21.4832,92.3823,320.4,1,1,2003-03-30,0710,Aqua,MODIS,70,6.2,298.3,9.6,D,0
21.4845,92.3919,332,1,1,2003-03-30,0710,Aqua,MODIS,83,6.2,299,22.8,D,0
23.378,91.9771,326.6,1,1,2003-03-30,0710,Aqua,MODIS,0,6.2,288.5,18.2,D,0
23.0947,89.5878,314,1.1,1.1,2003-03-30,0710,Aqua,MODIS,30,6.2,295.5,6.3,D,0
22.3907,92.4862,341.3,1,1,2003-03-30,0710,Aqua,MODIS,88,6.2,302.3,37.3,D,0
22.3853,92.4476,319,1,1,2003-03-30,0710,Aqua,MODIS,53,6.2,298.9,7.1,D,0
22.3997,92.4847,323.8,1,1,2003-03-30,0710,Aqua,MODIS,74,6.2,301.1,14.2,D,0
22.4108,92.4336,381.2,1,1,2003-03-30,0710,Aqua,MODIS,100,6.2,304.5,149.3,D,0
22.4095,92.4239,327.7,1,1,2003-03-30,0710,Aqua,MODIS,74,6.2,302.3,13.9,D,0
22.4198,92.4321,403,1,1,2003-03-30,0710,Aqua,MODIS,100,6.2,308.8,263.2,D,0
22.9375,92.1217,333.3,1,1,2003-03-30,0710,Aqua,MODIS,83,6.2,297.3,24.6,D,0
22.9285,92.1232,363.7,1,1,2003-03-30,0710,Aqua,MODIS,100,6.2,300.8,88.5,D,0
22.4184,92.4224,377,1,1,2003-03-30,0710,Aqua,MODIS,100,6.2,307.3,130.5,D,0
22.4287,92.4306,363.4,1,1,2003-03-30,0710,Aqua,MODIS,100,6.2,302.6,86.6,D,0
22.4273,92.4209,361.2,1,1,2003-03-30,0710,Aqua,MODIS,100,6.2,305.4,78.9,D,0
22.5715,92.1384,319.9,1,1,2003-03-30,0710,Aqua,MODIS,60,6.2,300.6,7.5,D,0
23.278,92.1194,334.1,1,1,2003-03-30,0710,Aqua,MODIS,79,6.2,296.4,25.3,D,0
21.7248,92.3923,404.9,1,1,2003-03-30,0710,Aqua,MODIS,100,6.2,303.6,272.1,D,0
21.7234,92.3827,425.9,1,1,2003-03-30,0710,Aqua,MODIS,100,6.2,312.9,435.5,D,0
22.3802,92.281,314.6,1,1,2003-03-30,0710,Aqua,MODIS,42,6.2,299.3,3.4,D,0
21.7337,92.3908,337,1,1,2003-03-30,0710,Aqua,MODIS,75,6.2,296.9,24.9,D,0
21.7324,92.3813,356.1,1,1,2003-03-30,0710,Aqua,MODIS,98,6.2,296.9,63.1,D,0
21.7413,92.3798,390,1,1,2003-03-30,0710,Aqua,MODIS,100,6.2,303.3,186.1,D,0
21.7502,92.3783,339.3,1,1,2003-03-30,0710,Aqua,MODIS,82,6.2,299.9,30.5,D,0
22.4544,92.4097,322.4,1,1,2003-03-30,0710,Aqua,MODIS,71,6.2,303.5,10.1,D,0
23.1874,92.0611,316.5,1,1,2003-03-30,0710,Aqua,MODIS,29,6.2,295.4,6.4,D,0
22.7863,91.6401,321.7,1,1,2003-03-30,0710,Aqua,MODIS,71,6.2,300.5,12,D,0
23.1956,92.1191,322.5,1,1,2003-03-30,0710,Aqua,MODIS,41,6.2,299.6,11,D,0
21.731,92.3717,337.9,1,1,2003-03-30,0710,Aqua,MODIS,88,6.2,300.3,27,D,0
23.1401,92.0492,323.6,1,1,2003-03-30,0710,Aqua,MODIS,72,6.2,296.4,13.3,D,0
21.6833,92.3665,328.6,1,1,2003-03-30,0710,Aqua,MODIS,80,6.2,300.6,17.6,D,0
23.1149,92.1392,335.8,1,1,2003-03-30,0710,Aqua,MODIS,87,6.2,298.9,27.3,D,0
23.0757,92.1853,328.7,1,1,2003-03-30,0710,Aqua,MODIS,82,6.2,297.3,18.6,D,0
23.0559,92.1094,337.3,1,1,2003-03-30,0710,Aqua,MODIS,88,6.2,299.9,29.2,D,0
23.0668,92.1868,331.1,1,1,2003-03-30,0710,Aqua,MODIS,84,6.2,298.8,21.4,D,0
23.0524,92.1496,318.8,1,1,2003-03-30,0710,Aqua,MODIS,58,6.2,298.9,7.6,D,0
23.0538,92.1593,321.5,1,1,2003-03-30,0710,Aqua,MODIS,65,6.2,298.7,9.9,D,0
23.023,92.0713,337.7,1,1,2003-03-30,0710,Aqua,MODIS,88,6.2,299.4,30.7,D,0
22.401,92.4944,332.9,1,1,2003-03-30,0710,Aqua,MODIS,84,6.2,301.1,25.7,D,0
22.2241,92.5453,320.2,1,1,2003-03-30,0710,Aqua,MODIS,68,6.2,299.5,10,D,0
22.2255,92.555,324.4,1,1,2003-03-30,0710,Aqua,MODIS,75,6.2,299.4,14.8,D,0
22.9558,91.8556,323.6,1,1,2003-03-30,0710,Aqua,MODIS,76,6.2,295.8,12.1,D,0
22.975,92.3233,341.6,1,1,2003-03-30,0710,Aqua,MODIS,90,6.2,301.6,37.8,D,0
22.9736,92.3136,320.1,1,1,2003-03-30,0710,Aqua,MODIS,70,6.2,301.1,9.4,D,0
22.9855,92.3249,351.7,1,1,2003-03-30,0710,Aqua,MODIS,96,6.2,300.8,58.5,D,0
22.9842,92.3153,354,1,1,2003-03-30,0710,Aqua,MODIS,97,6.2,304.5,63.6,D,0
23.0701,92.3409,348.5,1,1,2003-03-30,0710,Aqua,MODIS,94,6.2,302.8,50.4,D,0
23.0795,92.3435,322.3,1,1,2003-03-30,0710,Aqua,MODIS,76,6.2,303.2,11.6,D,0
22.6499,92.2962,318,1,1,2003-03-30,0710,Aqua,MODIS,59,6.2,302.8,6.2,D,0
22.6629,92.3237,319.8,1,1,2003-03-30,0710,Aqua,MODIS,67,6.2,301.9,8.4,D,0
22.4241,92.3328,319.1,1,1,2003-03-30,0710,Aqua,MODIS,66,6.2,300.6,8,D,0
22.4227,92.3231,334.6,1,1,2003-03-30,0710,Aqua,MODIS,85,6.2,302.5,26.3,D,0
22.332,92.3929,346.7,1,1,2003-03-30,0710,Aqua,MODIS,93,6.2,302.3,45.5,D,0
22.3306,92.3833,322.8,1,1,2003-03-30,0710,Aqua,MODIS,38,6.2,301.2,10.3,D,0
22.3409,92.3915,352.4,1,1,2003-03-30,0710,Aqua,MODIS,96,6.2,301,56.9,D,0
22.3396,92.3819,323.5,1,1,2003-03-30,0710,Aqua,MODIS,28,6.2,299.5,10.4,D,0
22.3504,92.3943,339,1,1,2003-03-30,0710,Aqua,MODIS,88,6.2,302.7,31.2,D,0
22.3491,92.3846,367.4,1,1,2003-03-30,0710,Aqua,MODIS,100,6.2,306.7,98.2,D,0
22.3477,92.3749,321.9,1,1,2003-03-30,0710,Aqua,MODIS,70,6.2,301.5,9.8,D,0
22.358,92.3831,331.7,1,1,2003-03-30,0710,Aqua,MODIS,83,6.2,302.5,20.9,D,0
22.3567,92.3735,318.6,1,1,2003-03-30,0710,Aqua,MODIS,41,6.2,302.4,6.5,D,0
22.3875,92.398,384.8,1,1,2003-03-30,0710,Aqua,MODIS,100,6.2,308.2,163.2,D,0
22.3862,92.3883,326.3,1,1,2003-03-30,0710,Aqua,MODIS,66,6.2,303.4,12.6,D,0
22.3965,92.3965,347.2,1,1,2003-03-30,0710,Aqua,MODIS,93,6.2,303.7,45.2,D,0
21.1791,92.1192,316.5,1,1,2003-03-30,0710,Aqua,MODIS,42,6.2,299.7,6.8,D,0
21.1777,92.1097,341.4,1,1,2003-03-30,0710,Aqua,MODIS,90,6.2,302.5,38.8,D,0
23.2737,92.2194,338.9,1,1,2003-03-30,0710,Aqua,MODIS,0,6.2,290.3,31,D,0
23.2558,92.2223,339.5,1,1,2003-03-30,0710,Aqua,MODIS,82,6.2,300.5,32.9,D,0
23.2572,92.232,402.5,1,1,2003-03-30,0710,Aqua,MODIS,100,6.2,301,260.8,D,0
23.2374,92.2213,333.9,1,1,2003-03-30,0710,Aqua,MODIS,86,6.2,293,26,D,0
23.2388,92.2309,379,1,1,2003-03-30,0710,Aqua,MODIS,94,6.2,295.3,140.9,D,0
23.2402,92.2406,334.9,1,1,2003-03-30,0710,Aqua,MODIS,71,6.2,293.7,25.6,D,0
23.0771,92.195,326.4,1,1,2003-03-30,0710,Aqua,MODIS,80,6.2,294.5,16.1,D,0
23.0681,92.1965,338.5,1,1,2003-03-30,0710,Aqua,MODIS,89,6.2,296.7,32.3,D,0
22.5156,92.3898,320.9,1,1,2003-03-30,0710,Aqua,MODIS,69,6.2,301.4,8.6,D,0
22.5142,92.38,350.4,1,1,2003-03-30,0710,Aqua,MODIS,95,6.2,302.6,53.7,D,0
22.534,92.3912,325.5,1,1,2003-03-30,0710,Aqua,MODIS,76,6.2,301.2,14.3,D,0
22.5362,92.3415,344.2,1,1,2003-03-30,0710,Aqua,MODIS,80,6.2,301.8,41.8,D,0
22.6577,92.4829,329.6,1,1,2003-03-30,0710,Aqua,MODIS,80,6.2,301.8,18.6,D,0
22.6591,92.4927,347.4,1,1,2003-03-30,0710,Aqua,MODIS,93,6.2,302.5,47.9,D,0
22.6729,91.9417,318.1,1,1,2003-03-30,0710,Aqua,MODIS,50,6.2,300.9,7,D,0
22.6715,91.9321,326,1,1,2003-03-30,0710,Aqua,MODIS,77,6.2,303,14.4,D,0
22.7775,92.1542,317.4,1,1,2003-03-30,0710,Aqua,MODIS,0,6.2,298.1,6.5,D,0
22.853,92.1712,316.6,1,1,2003-03-30,0710,Aqua,MODIS,49,6.2,297.7,6.2,D,0
22.4349,92.2061,354.7,1,1,2003-03-30,0710,Aqua,MODIS,97,6.2,302.2,63.9,D,0
22.4335,92.1965,319.7,1,1,2003-03-30,0710,Aqua,MODIS,64,6.2,302.2,7.9,D,0
22.2156,92.4187,316.3,1,1,2003-03-30,0710,Aqua,MODIS,56,6.2,300.8,6.2,D,0
22.2142,92.4091,315.4,1,1,2003-03-30,0710,Aqua,MODIS,58,6.2,298.9,5.6,D,0
23.043,91.9534,359.5,1,1,2003-03-30,0710,Aqua,MODIS,86,6.2,301.2,74.2,D,0
23.0443,91.9631,334.5,1,1,2003-03-30,0710,Aqua,MODIS,64,6.2,299.7,23.9,D,0
23.034,91.9549,338.3,1,1,2003-03-30,0710,Aqua,MODIS,85,6.2,301.2,30.5,D,0
23.0354,91.9646,356.2,1,1,2003-03-30,0710,Aqua,MODIS,98,6.2,300.3,66.3,D,0
22.3518,92.4687,355.2,1,1,2003-03-30,0710,Aqua,MODIS,97,6.2,305.9,60.1,D,0
22.3491,92.4493,322.1,1,1,2003-03-30,0710,Aqua,MODIS,52,6.2,302.1,7.9,D,0
22.345,92.4205,317.3,1,1,2003-03-30,0710,Aqua,MODIS,49,6.2,299.3,4.7,D,0
22.3599,92.4617,345,1,1,2003-03-30,0710,Aqua,MODIS,92,6.2,304,41.9,D,0
22.3585,92.452,351.4,1,1,2003-03-30,0710,Aqua,MODIS,96,6.2,303,55.7,D,0
22.3572,92.4424,326.3,1,1,2003-03-30,0710,Aqua,MODIS,77,6.2,303.1,14.3,D,0
22.3702,92.4699,335.2,1,1,2003-03-30,0710,Aqua,MODIS,83,6.2,301.8,26.1,D,0
22.3688,92.4603,325.9,1,1,2003-03-30,0710,Aqua,MODIS,55,6.2,302.4,13.2,D,0
22.371,92.4106,340,1,1,2003-03-30,0710,Aqua,MODIS,89,6.2,300,32.7,D,0
22.5925,92.1479,323.8,1,1,2003-03-30,0710,Aqua,MODIS,72,6.2,300.8,12.2,D,0
22.5938,92.1576,324.5,1,1,2003-03-30,0710,Aqua,MODIS,51,6.2,298.2,12.8,D,0
21.6511,92.2499,317.9,1.2,1.1,2003-04-01,0658,Aqua,MODIS,59,6.2,290.8,13.3,D,0
21.7324,92.4858,323.5,1.2,1.1,2003-04-01,0658,Aqua,MODIS,0,6.2,287.2,19.5,D,0
21.6159,92.2798,331.5,1.2,1.1,2003-04-01,0658,Aqua,MODIS,60,6.2,294.2,29.1,D,0
21.7494,92.2831,318.7,1.2,1.1,2003-04-01,0658,Aqua,MODIS,55,6.2,292.2,15.3,D,0
21.1761,92.1027,334.5,1.3,1.1,2003-04-01,0658,Aqua,MODIS,86,6.2,297.7,39.8,D,0
21.1742,92.0908,323,1.3,1.1,2003-04-01,0658,Aqua,MODIS,76,6.2,296.3,20.2,D,0
21.5817,92.3272,356.6,1.2,1.1,2003-04-01,0658,Aqua,MODIS,93,6.2,297.9,91.1,D,0
21.7164,92.4717,352,1.2,1.1,2003-04-01,0658,Aqua,MODIS,96,6.2,298.4,72.5,D,0
21.6062,92.2819,357.8,1.2,1.1,2003-04-01,0658,Aqua,MODIS,93,6.2,297.9,95.1,D,0
21.6308,92.5737,343,1.2,1.1,2003-04-01,0658,Aqua,MODIS,70,6.2,294.6,45,D,0
21.7146,92.4602,332.1,1.2,1.1,2003-04-01,0658,Aqua,MODIS,84,6.2,297.5,30.4,D,0
21.8067,92.2548,331.9,1.2,1.1,2003-04-01,0658,Aqua,MODIS,85,6.2,292.9,33.9,D,0
21.6387,92.5611,347.2,1.2,1.1,2003-04-01,0658,Aqua,MODIS,84,6.2,294.8,54.8,D,0
21.6415,92.2521,318.6,1.2,1.1,2003-04-01,0658,Aqua,MODIS,63,6.2,288.2,14,D,0
21.6123,92.1964,353.9,1.2,1.1,2003-04-01,0658,Aqua,MODIS,97,6.2,291.5,85.7,D,0
21.6214,92.3136,379,1.2,1.1,2003-04-01,0658,Aqua,MODIS,94,6.2,298.5,182.1,D,0
21.7228,92.4873,339.3,1.2,1.1,2003-04-01,0658,Aqua,MODIS,78,6.2,296.8,46.4,D,0
21.7209,92.4759,345.6,1.2,1.1,2003-04-01,0658,Aqua,MODIS,62,6.2,298.5,56.8,D,0
21.6117,92.3155,345.6,1.2,1.1,2003-04-01,0658,Aqua,MODIS,93,6.2,295.1,56.5,D,0
21.7172,92.4533,316.9,1.2,1.1,2003-04-01,0658,Aqua,MODIS,42,6.2,294.3,12.7,D,0
21.6195,92.3021,347.2,1.2,1.1,2003-04-01,0658,Aqua,MODIS,89,6.2,298.1,60.3,D,0
21.6415,92.4982,311.5,1.2,1.1,2003-04-01,0658,Aqua,MODIS,16,6.2,293,6.3,D,0
21.7229,92.1812,330,1.2,1.1,2003-04-01,0658,Aqua,MODIS,61,6.2,286.1,31.1,D,0
21.6649,92.2105,326.8,1.2,1.1,2003-04-01,0658,Aqua,MODIS,81,6.2,294.1,24.7,D,0
21.8288,92.1435,335.8,1.2,1.1,2003-04-01,0658,Aqua,MODIS,71,6.2,293.4,41.5,D,0
21.5624,92.3314,332.7,1.2,1.1,2003-04-01,0658,Aqua,MODIS,72,6.2,296.8,32.5,D,0
21.6668,92.2223,333.3,1.2,1.1,2003-04-01,0658,Aqua,MODIS,81,6.2,292,36.1,D,0
21.8048,92.2433,324.5,1.2,1.1,2003-04-01,0658,Aqua,MODIS,52,6.2,296.3,21.9,D,0
21.7181,92.4828,344.1,1.2,1.1,2003-04-01,0658,Aqua,MODIS,79,6.2,298.2,52.5,D,0
23.1814,89.4362,315.7,1.1,1.1,2003-04-02,0436,Terra,MODIS,58,6.2,301.3,6.7,D,0
21.623,92.3221,325.4,1,1,2003-04-02,0437,Terra,MODIS,80,6.2,302.3,15.3,D,0
21.5741,92.5219,364.2,1,1,2003-04-02,0437,Terra,MODIS,100,6.2,299.4,95.9,D,0
21.8453,92.3783,319,1,1,2003-04-02,0437,Terra,MODIS,70,6.2,300.3,10.6,D,0
21.8538,92.1366,320.6,1,1,2003-04-02,0437,Terra,MODIS,75,6.2,298.8,11.8,D,0
21.7736,92.3044,369.9,2.7,1.6,2003-04-02,0741,Aqua,MODIS,100,6.2,297.8,450.5,D,0
21.6909,92.3985,317.3,2.7,1.6,2003-04-02,0741,Aqua,MODIS,41,6.2,292.9,33.3,D,0
21.7032,92.1589,325.4,2.6,1.6,2003-04-02,0741,Aqua,MODIS,72,6.2,298.7,59.6,D,0
21.8503,92.4746,325,2.8,1.6,2003-04-02,0741,Aqua,MODIS,70,6.2,299.6,65.6,D,0
21.9047,92.3828,318.5,2.7,1.6,2003-04-02,0741,Aqua,MODIS,39,6.2,295.3,36.8,D,0
21.6137,92.2315,325.7,2.6,1.6,2003-04-02,0741,Aqua,MODIS,73,6.2,296.5,63.7,D,0
21.6968,92.1672,333.4,2.6,1.6,2003-04-02,0741,Aqua,MODIS,82,6.2,298.8,101,D,0
21.848,92.4795,330.2,2.8,1.6,2003-04-02,0741,Aqua,MODIS,79,6.2,299.3,93.3,D,0
21.7055,92.1839,317.1,2.6,1.6,2003-04-02,0741,Aqua,MODIS,42,6.2,297.7,26.3,D,0
21.4586,92.494,326.5,2.7,1.6,2003-04-02,0741,Aqua,MODIS,74,6.2,297.7,72.4,D,0
21.6072,92.3095,329.6,2.7,1.6,2003-04-02,0741,Aqua,MODIS,70,6.2,299.4,78.4,D,0
21.7877,92.3032,350.1,2.7,1.6,2003-04-02,0741,Aqua,MODIS,94,6.2,295.6,228.3,D,0
21.6213,92.3083,322.1,2.7,1.6,2003-04-02,0741,Aqua,MODIS,34,6.2,298.3,41.7,D,0
21.4445,92.4961,336.7,2.7,1.6,2003-04-02,0741,Aqua,MODIS,86,6.2,298.6,130.9,D,0
21.6391,92.2036,316.3,2.6,1.6,2003-04-02,0741,Aqua,MODIS,32,6.2,297.4,25.4,D,0
21.6754,92.564,341,2.8,1.6,2003-04-02,0741,Aqua,MODIS,77,6.2,297,155.6,D,0
21.6899,92.564,324.6,2.8,1.6,2003-04-02,0741,Aqua,MODIS,20,6.2,291.8,57.9,D,0
21.4278,92.472,322.5,2.7,1.6,2003-04-02,0741,Aqua,MODIS,68,6.2,296.8,54.7,D,0
21.4829,92.3093,335.2,2.7,1.6,2003-04-02,0741,Aqua,MODIS,84,6.2,296.2,111.3,D,0
21.6885,92.3728,334.4,2.7,1.6,2003-04-02,0741,Aqua,MODIS,83,6.2,294.9,114.6,D,0
21.6773,92.5588,349.8,2.8,1.6,2003-04-02,0741,Aqua,MODIS,94,6.2,297.2,236.7,D,0
21.5683,92.2695,315.7,2.6,1.6,2003-04-02,0741,Aqua,MODIS,18,6.2,295.3,27.2,D,0
21.4612,92.4886,321.4,2.7,1.6,2003-04-02,0741,Aqua,MODIS,65,6.2,297.4,50.9,D,0
21.4914,92.3535,318.7,2.7,1.6,2003-04-02,0741,Aqua,MODIS,26,6.2,292.9,34,D,0
21.76,92.4636,331.7,2.8,1.6,2003-04-02,0741,Aqua,MODIS,76,6.2,294.3,106,D,0
21.4727,92.3061,335,2.7,1.6,2003-04-02,0741,Aqua,MODIS,84,6.2,294.8,111.7,D,0
23.103,92.1732,314.2,2.7,1.6,2003-04-02,0741,Aqua,MODIS,60,6.2,296.8,26.3,D,0
21.776,92.3302,346.7,2.7,1.6,2003-04-02,0741,Aqua,MODIS,92,6.2,294.9,198.8,D,0
24.1724,89.2613,318.9,2.6,1.5,2003-04-03,0519,Terra,MODIS,63,6.2,303.9,31.1,D,0
21.3246,92.1766,329.4,2,1.4,2003-04-03,0645,Aqua,MODIS,81,6.2,296.4,53,D,0
21.2933,92.1702,316.2,2,1.4,2003-04-03,0645,Aqua,MODIS,48,6.2,297.2,16.9,D,0
21.321,92.1573,325.3,2,1.4,2003-04-03,0645,Aqua,MODIS,76,6.2,297.9,40.5,D,0
21.677,92.3872,334.8,1.9,1.3,2003-04-03,0646,Aqua,MODIS,79,6.2,297.3,66.3,D,0
21.6857,92.3668,320.1,1.9,1.3,2003-04-03,0646,Aqua,MODIS,36,6.2,293,21.1,D,0
21.6792,92.3609,356.3,1.9,1.3,2003-04-03,0646,Aqua,MODIS,98,6.2,297.3,170.3,D,0
21.5182,92.4254,346.5,1.9,1.3,2003-04-03,0646,Aqua,MODIS,93,6.2,298.4,119.9,D,0
21.5214,92.4432,340.3,1.9,1.3,2003-04-03,0646,Aqua,MODIS,89,6.2,298.3,91.1,D,0
24.1722,89.2475,318.4,2.8,1.6,2003-04-03,0646,Aqua,MODIS,66,6.2,304.5,31.5,D,0
21.6826,92.3791,351.1,1.9,1.3,2003-04-03,0646,Aqua,MODIS,95,6.2,297.8,140.2,D,0
21.6231,92.3613,325,1.9,1.3,2003-04-03,0646,Aqua,MODIS,74,6.2,296.8,37.1,D,0
21.5778,92.317,314.4,1.9,1.3,2003-04-03,0646,Aqua,MODIS,29,6.2,293.8,14.2,D,0
22.858,91.9567,316.3,1.9,1.3,2003-04-03,0646,Aqua,MODIS,65,6.2,294.1,20.1,D,0
21.668,92.234,347.1,1.9,1.4,2003-04-03,0646,Aqua,MODIS,93,6.2,294.2,120.4,D,0
21.5276,92.4492,315.5,1.9,1.3,2003-04-03,0646,Aqua,MODIS,30,6.2,297.3,15.4,D,0
21.656,92.2366,324.8,1.9,1.4,2003-04-03,0646,Aqua,MODIS,75,6.2,294.9,35.5,D,0
21.66,92.2228,355.1,1.9,1.4,2003-04-03,0646,Aqua,MODIS,97,6.2,294.6,169.9,D,0
21.6634,92.2423,341.3,1.9,1.4,2003-04-03,0646,Aqua,MODIS,90,6.2,294.2,94.2,D,0
21.5655,92.415,318.2,1.9,1.3,2003-04-03,0646,Aqua,MODIS,61,6.2,298.1,22.9,D,0
21.7857,92.3717,317.7,1.9,1.3,2003-04-03,0646,Aqua,MODIS,61,6.2,292.1,20.8,D,0
24.1695,89.2524,319.6,2.8,1.6,2003-04-03,0646,Aqua,MODIS,60,6.2,304.9,36,D,0
21.8433,92.4868,324,1.8,1.3,2003-04-03,0646,Aqua,MODIS,73,6.2,297.1,33.6,D,0
21.9201,92.4631,321.6,1.8,1.3,2003-04-03,0646,Aqua,MODIS,70,6.2,295.7,29.4,D,0
21.5687,92.4332,322.1,1.9,1.3,2003-04-03,0646,Aqua,MODIS,70,6.2,297,31.6,D,0
22.1915,92.497,327.8,1.8,1.3,2003-04-03,0646,Aqua,MODIS,79,6.2,297.6,44.9,D,0
21.508,92.5449,320.1,1.8,1.3,2003-04-03,0646,Aqua,MODIS,65,6.2,295.1,28.1,D,0
21.5051,92.5292,323.3,1.8,1.3,2003-04-03,0646,Aqua,MODIS,72,6.2,293.1,36.4,D,0
22.18,92.4997,351.1,1.8,1.3,2003-04-03,0646,Aqua,MODIS,95,6.2,299.3,134.2,D,0
21.5244,92.4311,360.9,1.9,1.3,2003-04-03,0646,Aqua,MODIS,100,6.2,296.7,204,D,0
21.7492,92.4749,319.3,1.8,1.3,2003-04-03,0646,Aqua,MODIS,64,6.2,293.8,22,D,0
22.1771,92.4842,331.1,1.8,1.3,2003-04-03,0646,Aqua,MODIS,82,6.2,298.8,52,D,0
21.6524,92.2172,317.7,1.9,1.4,2003-04-03,0646,Aqua,MODIS,45,6.2,293.6,17.8,D,0
22.1824,92.4887,351.3,1.8,1.3,2003-04-03,0646,Aqua,MODIS,95,6.2,299.6,134.9,D,0
21.8751,92.4177,329.1,1.8,1.3,2003-04-03,0646,Aqua,MODIS,50,6.2,296.7,40.4,D,0
21.5526,92.5462,316.6,1.8,1.3,2003-04-03,0646,Aqua,MODIS,52,6.2,297,20,D,0
21.6143,92.5512,333.1,1.8,1.3,2003-04-03,0646,Aqua,MODIS,83,6.2,294.1,61.8,D,0
21.6112,92.5339,316.3,1.8,1.3,2003-04-03,0646,Aqua,MODIS,38,6.2,297.1,16.2,D,0
21.8466,92.5049,350.3,1.8,1.3,2003-04-03,0646,Aqua,MODIS,95,6.2,297.8,133.7,D,0
21.8775,92.4054,323.1,1.9,1.3,2003-04-03,0646,Aqua,MODIS,57,6.2,297.4,28,D,0
22.185,92.5033,341.2,1.8,1.3,2003-04-03,0646,Aqua,MODIS,90,6.2,298.3,89.1,D,0
22.1733,92.5057,315.4,1.8,1.3,2003-04-03,0646,Aqua,MODIS,55,6.2,297.6,16.4,D,0
21.8689,92.4257,327.7,1.8,1.3,2003-04-03,0646,Aqua,MODIS,78,6.2,295.3,39.9,D,0
21.8721,92.4435,321.5,1.8,1.3,2003-04-03,0646,Aqua,MODIS,42,6.2,297.1,23.8,D,0
21.7533,92.5649,325.3,1.8,1.3,2003-04-03,0646,Aqua,MODIS,74,6.2,298.9,39.9,D,0
21.6738,92.3692,403.4,1.9,1.3,2003-04-03,0646,Aqua,MODIS,100,6.2,301.5,666.5,D,0
21.8753,92.4614,324.4,1.8,1.3,2003-04-03,0646,Aqua,MODIS,74,6.2,297.9,34.9,D,0
21.8817,92.4532,326,1.8,1.3,2003-04-03,0646,Aqua,MODIS,57,6.2,297.3,35.5,D,0
21.5755,92.2645,317.5,1.9,1.4,2003-04-03,0646,Aqua,MODIS,60,6.2,294.5,21.9,D,0
21.5721,92.2458,318.6,1.9,1.4,2003-04-03,0646,Aqua,MODIS,64,6.2,294.4,25.9,D,0
21.5794,92.2586,322.4,1.9,1.4,2003-04-03,0646,Aqua,MODIS,71,6.2,295.2,34.1,D,0
21.576,92.2402,313.9,1.9,1.4,2003-04-03,0646,Aqua,MODIS,35,6.2,293.6,15.6,D,0
21.6705,92.351,326.8,1.9,1.3,2003-04-03,0646,Aqua,MODIS,52,6.2,296.5,37.2,D,0
21.7603,92.3014,315.2,1.9,1.3,2003-04-03,0646,Aqua,MODIS,44,6.2,296,14.5,D,0
21.9083,92.4656,326.7,1.8,1.3,2003-04-03,0646,Aqua,MODIS,77,6.2,295.7,40.7,D,0
21.9495,92.3346,318.2,1.1,1.1,2003-04-04,0424,Terra,MODIS,65,6.2,301.5,8,D,0
22.3371,92.4729,316.5,1.1,1.1,2003-04-04,0424,Terra,MODIS,56,6.2,301.3,6.4,D,0
21.8924,92.3646,351.7,1.1,1.1,2003-04-04,0424,Terra,MODIS,96,6.2,303.8,67.7,D,0
22.3385,92.4625,322.5,1.1,1.1,2003-04-04,0424,Terra,MODIS,72,6.2,299.6,13.2,D,0
21.8938,92.3539,322.6,1.1,1.1,2003-04-04,0424,Terra,MODIS,73,6.2,303,13.2,D,0
21.959,92.336,316.9,1.1,1.1,2003-04-04,0424,Terra,MODIS,62,6.2,302,6.8,D,0
21.8763,92.5008,343,1.6,1.3,2003-04-04,0728,Aqua,MODIS,89,6.2,300,79.2,D,0
21.5616,92.4507,376.9,1.6,1.3,2003-04-04,0728,Aqua,MODIS,100,6.2,302,262.2,D,0
21.5598,92.4358,332.1,1.6,1.3,2003-04-04,0728,Aqua,MODIS,80,6.2,301.6,40,D,0
21.5728,92.4493,387.9,1.6,1.3,2003-04-04,0728,Aqua,MODIS,100,6.2,303.6,357.8,D,0
21.5711,92.4344,328.6,1.6,1.3,2003-04-04,0728,Aqua,MODIS,60,6.2,301.6,31.1,D,0
21.5858,92.4634,329.9,1.6,1.3,2003-04-04,0728,Aqua,MODIS,67,6.2,298.7,35.5,D,0
21.5988,92.4767,350.3,1.6,1.3,2003-04-04,0728,Aqua,MODIS,94,6.2,299.9,106.3,D,0
21.597,92.4618,365.5,1.6,1.3,2003-04-04,0728,Aqua,MODIS,100,6.2,299.7,184.9,D,0
21.5876,92.4718,327.6,1.6,1.3,2003-04-04,0728,Aqua,MODIS,68,6.2,299.6,30.5,D,0
21.5859,92.4566,321.8,1.6,1.3,2003-04-04,0728,Aqua,MODIS,16,6.2,298.4,16.5,D,0
21.5988,92.4703,369.7,1.6,1.3,2003-04-04,0728,Aqua,MODIS,100,6.2,300.5,213,D,0
21.5971,92.4548,332.5,1.6,1.3,2003-04-04,0728,Aqua,MODIS,80,6.2,297.5,42.4,D,0
21.8502,92.4733,333.1,1.6,1.3,2003-04-04,0728,Aqua,MODIS,64,6.2,299.2,40.1,D,0
21.8484,92.4574,339.7,1.6,1.3,2003-04-04,0728,Aqua,MODIS,87,6.2,300.5,61.6,D,0
21.8633,92.4877,370.5,1.6,1.3,2003-04-04,0728,Aqua,MODIS,100,6.2,302.5,218.4,D,0
21.6793,92.4853,335.6,1.6,1.3,2003-04-04,0728,Aqua,MODIS,83,6.2,301.1,51.5,D,0
21.7542,92.3291,324.9,1.6,1.2,2003-04-04,0728,Aqua,MODIS,57,6.2,300,23.4,D,0
21.7535,92.3362,327.3,1.6,1.2,2003-04-04,0728,Aqua,MODIS,51,6.2,300.1,27.4,D,0
21.6565,92.1855,338.6,1.6,1.2,2003-04-04,0728,Aqua,MODIS,87,6.2,300.6,59.1,D,0
21.515,92.4419,335.5,1.6,1.3,2003-04-04,0728,Aqua,MODIS,84,6.2,301.8,50.7,D,0
21.6776,92.4699,328.4,1.6,1.3,2003-04-04,0728,Aqua,MODIS,75,6.2,299.7,32.4,D,0
21.7168,92.513,337.1,1.6,1.3,2003-04-04,0728,Aqua,MODIS,85,6.2,302.4,57,D,0
21.7393,92.5095,351.7,1.6,1.3,2003-04-04,0728,Aqua,MODIS,95,6.2,302.4,113.4,D,0
21.7376,92.4943,330.3,1.6,1.3,2003-04-04,0728,Aqua,MODIS,77,6.2,302.2,36.2,D,0
21.827,92.572,336.6,1.7,1.3,2003-04-04,0728,Aqua,MODIS,84,6.2,299.3,62.2,D,0
21.8666,92.5163,343.6,1.7,1.3,2003-04-04,0728,Aqua,MODIS,90,6.2,295,84,D,0
21.8651,92.5028,387.6,1.6,1.3,2003-04-04,0728,Aqua,MODIS,100,6.2,302.7,365.6,D,0
21.5633,92.4662,322,1.6,1.3,2003-04-04,0728,Aqua,MODIS,36,6.2,295.7,16.7,D,0
21.8646,92.5121,347.4,1.7,1.3,2003-04-04,0728,Aqua,MODIS,93,6.2,295.7,101.2,D,0
21.863,92.498,360.1,1.6,1.3,2003-04-04,0728,Aqua,MODIS,100,6.2,300.7,157.9,D,0
21.8758,92.51,357.2,1.7,1.3,2003-04-04,0728,Aqua,MODIS,98,6.2,298.4,147.6,D,0
21.8743,92.496,359.5,1.6,1.3,2003-04-04,0728,Aqua,MODIS,99,6.2,301.7,155.7,D,0
21.7734,92.5066,334.3,1.6,1.3,2003-04-04,0728,Aqua,MODIS,82,6.2,302.7,47.9,D,0
21.7845,92.5041,351.7,1.6,1.3,2003-04-04,0728,Aqua,MODIS,95,6.2,302.9,112.7,D,0
21.7747,92.5152,320.7,1.6,1.3,2003-04-04,0728,Aqua,MODIS,21,6.2,302.3,15.4,D,0
21.773,92.4997,320.9,1.6,1.3,2003-04-04,0728,Aqua,MODIS,43,6.2,302.3,14.2,D,0
21.7859,92.513,339.1,1.6,1.3,2003-04-04,0728,Aqua,MODIS,86,6.2,302.3,63.1,D,0
21.7842,92.4972,343.1,1.6,1.3,2003-04-04,0728,Aqua,MODIS,90,6.2,303.3,75.7,D,0
21.5472,92.3266,324,1.6,1.2,2003-04-04,0728,Aqua,MODIS,49,6.2,299.3,21.2,D,0
21.5361,92.3285,394.2,1.6,1.2,2003-04-04,0728,Aqua,MODIS,100,6.2,303.9,411.3,D,0
21.4773,92.307,345.3,1.6,1.2,2003-04-04,0728,Aqua,MODIS,91,6.2,298.8,84,D,0
21.476,92.298,359.6,1.6,1.2,2003-04-04,0728,Aqua,MODIS,99,6.2,300,146.3,D,0
21.4777,92.3128,328.3,1.6,1.2,2003-04-04,0728,Aqua,MODIS,73,6.2,297.1,31.8,D,0
21.4567,92.4239,318.2,1.6,1.2,2003-04-04,0728,Aqua,MODIS,21,6.2,301.4,12,D,0
22.0375,92.5147,319.9,1.7,1.3,2003-04-04,0728,Aqua,MODIS,54,6.2,299.1,18.2,D,0
21.5533,92.5792,348.8,1.7,1.3,2003-04-04,0728,Aqua,MODIS,93,6.2,301.3,106,D,0
21.5516,92.5642,330.3,1.6,1.3,2003-04-04,0728,Aqua,MODIS,78,6.2,301.6,40.6,D,0
21.9593,92.4374,349.9,1.6,1.3,2003-04-04,0728,Aqua,MODIS,94,6.2,297.9,105,D,0
21.5753,92.2781,337.6,1.6,1.2,2003-04-04,0728,Aqua,MODIS,86,6.2,298.9,58.5,D,0
21.5736,92.2637,324.1,1.6,1.2,2003-04-04,0728,Aqua,MODIS,56,6.2,299.4,24.2,D,0
21.5767,92.2713,329,1.6,1.2,2003-04-04,0728,Aqua,MODIS,76,6.2,299.6,35,D,0
21.7954,92.2927,349.7,1.6,1.2,2003-04-04,0728,Aqua,MODIS,94,6.2,297.7,99,D,0
21.8615,92.472,324.6,1.6,1.3,2003-04-04,0728,Aqua,MODIS,46,6.2,300.1,21.4,D,0
21.8596,92.4559,342.2,1.6,1.3,2003-04-04,0728,Aqua,MODIS,89,6.2,301.4,74.4,D,0
21.8614,92.4824,346.3,1.6,1.3,2003-04-04,0728,Aqua,MODIS,92,6.2,300.5,87.8,D,0
21.8596,92.4665,335.9,1.6,1.3,2003-04-04,0728,Aqua,MODIS,84,6.2,300.4,51.5,D,0
21.8579,92.4508,333.4,1.6,1.3,2003-04-04,0728,Aqua,MODIS,81,6.2,301.5,45.1,D,0
21.9576,92.4222,437.1,1.6,1.3,2003-04-04,0728,Aqua,MODIS,100,6.2,311.8,1120.4,D,0
21.8727,92.4812,325.6,1.6,1.3,2003-04-04,0728,Aqua,MODIS,62,6.2,300.6,25.5,D,0
21.8983,92.3033,322.7,1.6,1.2,2003-04-04,0728,Aqua,MODIS,38,6.2,296.2,19.8,D,0
21.8999,92.3173,368.5,1.6,1.2,2003-04-04,0728,Aqua,MODIS,100,6.2,295.6,200.8,D,0
21.9558,92.4067,349.6,1.6,1.3,2003-04-04,0728,Aqua,MODIS,94,6.2,301.4,99.5,D,0
21.8888,92.3195,326.9,1.6,1.2,2003-04-04,0728,Aqua,MODIS,67,6.2,294.4,29.4,D,0
21.9592,92.4306,406.3,1.6,1.3,2003-04-04,0728,Aqua,MODIS,100,6.2,303.5,577.2,D,0
21.8299,92.3965,336.7,1.6,1.3,2003-04-04,0728,Aqua,MODIS,84,6.2,298.2,57.1,D,0
21.8278,92.3782,346.2,1.6,1.3,2003-04-04,0728,Aqua,MODIS,92,6.2,299,91.7,D,0
21.9575,92.4152,412.3,1.6,1.3,2003-04-04,0728,Aqua,MODIS,100,6.2,309.6,660.4,D,0
21.9687,92.4138,335.9,1.6,1.3,2003-04-04,0728,Aqua,MODIS,77,6.2,299.5,49.6,D,0
21.9842,92.5533,331.6,1.7,1.3,2003-04-04,0728,Aqua,MODIS,80,6.2,298.3,49.3,D,0
21.9823,92.5366,359.7,1.7,1.3,2003-04-04,0728,Aqua,MODIS,99,6.2,298.3,164.2,D,0
21.9765,92.3814,414.2,1.6,1.3,2003-04-04,0728,Aqua,MODIS,100,6.2,306,682.4,D,0
21.5404,92.2683,330.6,1.6,1.2,2003-04-04,0728,Aqua,MODIS,79,6.2,298.8,39.4,D,0
21.5387,92.2534,336.9,1.6,1.2,2003-04-04,0728,Aqua,MODIS,85,6.2,298.1,57.4,D,0
21.9747,92.3654,374.3,1.6,1.3,2003-04-04,0728,Aqua,MODIS,100,6.2,303.7,237.8,D,0
21.9878,92.3799,347.5,1.6,1.3,2003-04-04,0728,Aqua,MODIS,93,6.2,300.1,90,D,0
21.4431,92.504,335.5,1.6,1.3,2003-04-04,0728,Aqua,MODIS,78,6.2,300.3,52.4,D,0
21.5254,92.5346,318.4,1.6,1.3,2003-04-04,0728,Aqua,MODIS,23,6.2,300.4,15,D,0
21.4666,92.3144,330.6,1.6,1.2,2003-04-04,0728,Aqua,MODIS,72,6.2,299.4,38.1,D,0
21.9098,92.5053,335,1.7,1.3,2003-04-04,0728,Aqua,MODIS,83,6.2,298.6,57.3,D,0
21.4684,92.3294,326.7,1.6,1.2,2003-04-04,0728,Aqua,MODIS,73,6.2,294.6,29.2,D,0
21.4555,92.3158,345.1,1.6,1.2,2003-04-04,0728,Aqua,MODIS,91,6.2,299.9,84.6,D,0
21.6316,92.3576,327.9,1.6,1.2,2003-04-04,0728,Aqua,MODIS,75,6.2,301.6,28.4,D,0
21.5055,92.4583,325.7,1.6,1.3,2003-04-04,0728,Aqua,MODIS,55,6.2,300.8,25.7,D,0
21.5167,92.4569,408.7,1.6,1.3,2003-04-04,0728,Aqua,MODIS,100,6.2,306.5,605.8,D,0
21.4757,92.2922,334.8,1.6,1.2,2003-04-04,0728,Aqua,MODIS,83,6.2,299.7,50,D,0
21.6204,92.3589,320.3,1.6,1.2,2003-04-04,0728,Aqua,MODIS,36,6.2,300.9,12.7,D,0
21.5964,92.3467,337,1.6,1.2,2003-04-04,0728,Aqua,MODIS,85,6.2,302.9,53.8,D,0
21.5981,92.3621,325.3,1.6,1.2,2003-04-04,0728,Aqua,MODIS,60,6.2,301.2,23.7,D,0
21.5852,92.3479,344.2,1.6,1.2,2003-04-04,0728,Aqua,MODIS,91,6.2,302.9,79.7,D,0
21.5869,92.3632,347,1.6,1.2,2003-04-04,0728,Aqua,MODIS,92,6.2,300.9,91.2,D,0
21.5741,92.3493,332.4,1.6,1.2,2003-04-04,0728,Aqua,MODIS,78,6.2,301.7,41.6,D,0
21.5758,92.3647,343.6,1.6,1.2,2003-04-04,0728,Aqua,MODIS,90,6.2,301.2,77.5,D,0
21.5844,92.3549,347.9,1.6,1.2,2003-04-04,0728,Aqua,MODIS,93,6.2,303.3,93.2,D,0
21.3792,92.1658,317.3,1.5,1.2,2003-04-04,0728,Aqua,MODIS,44,6.2,300.8,10.2,D,0
21.7867,92.4173,322.3,1.6,1.3,2003-04-04,0728,Aqua,MODIS,62,6.2,299.9,19.9,D,0
21.7831,92.3851,327.4,1.6,1.3,2003-04-04,0728,Aqua,MODIS,73,6.2,298.1,32.7,D,0
21.7815,92.3706,329,1.6,1.2,2003-04-04,0728,Aqua,MODIS,76,6.2,296.6,37.3,D,0
21.6584,92.1949,337.9,1.6,1.2,2003-04-04,0728,Aqua,MODIS,86,6.2,299.3,57.6,D,0
21.6567,92.1799,327.5,1.6,1.2,2003-04-04,0728,Aqua,MODIS,75,6.2,300.5,29.6,D,0
21.8966,92.2889,319.3,1.6,1.2,2003-04-04,0728,Aqua,MODIS,33,6.2,299.1,14.2,D,0
21.9185,92.3805,335.6,1.6,1.3,2003-04-04,0728,Aqua,MODIS,84,6.2,298.4,52.5,D,0
21.9167,92.3649,367.4,1.6,1.3,2003-04-04,0728,Aqua,MODIS,100,6.2,299.7,194.4,D,0
21.9149,92.3493,326.7,1.6,1.2,2003-04-04,0728,Aqua,MODIS,61,6.2,295.4,26.7,D,0
21.4414,92.4888,344.4,1.6,1.3,2003-04-04,0728,Aqua,MODIS,91,6.2,301.8,81.1,D,0
21.3722,92.1748,319.2,1.5,1.2,2003-04-04,0728,Aqua,MODIS,57,6.2,300.4,13.1,D,0
21.7284,92.4139,351,1.6,1.3,2003-04-04,0728,Aqua,MODIS,95,6.2,300.1,108,D,0
21.7415,92.4288,328.3,1.6,1.3,2003-04-04,0728,Aqua,MODIS,75,6.2,300.7,33,D,0
21.5733,92.3564,359.8,1.6,1.2,2003-04-04,0728,Aqua,MODIS,99,6.2,302.9,145.4,D,0
21.5751,92.3715,326.6,1.6,1.2,2003-04-04,0728,Aqua,MODIS,27,6.2,299.5,25.2,D,0
21.5621,92.3578,340.1,1.6,1.2,2003-04-04,0728,Aqua,MODIS,88,6.2,300.9,62.3,D,0
21.4284,92.475,332.4,1.6,1.3,2003-04-04,0728,Aqua,MODIS,80,6.2,302.4,42.3,D,0
21.4396,92.4733,324.4,1.6,1.3,2003-04-04,0728,Aqua,MODIS,32,6.2,301.5,21.4,D,0
21.4638,92.4852,322.7,1.6,1.3,2003-04-04,0728,Aqua,MODIS,37,6.2,302.5,20,D,0
21.6362,92.2032,328.7,1.6,1.2,2003-04-04,0728,Aqua,MODIS,76,6.2,298,33.6,D,0
21.7186,92.53,324.4,1.6,1.3,2003-04-04,0728,Aqua,MODIS,67,6.2,302.4,23.7,D,0
21.8276,92.4758,342.7,1.6,1.3,2003-04-04,0728,Aqua,MODIS,89,6.2,301.2,75.3,D,0
21.4773,92.4055,342.8,1.6,1.2,2003-04-04,0728,Aqua,MODIS,90,6.2,300.4,75.4,D,0
21.4885,92.4043,319.7,1.6,1.2,2003-04-04,0728,Aqua,MODIS,51,6.2,300.1,14.4,D,0
21.4865,92.3877,325.5,1.6,1.2,2003-04-04,0728,Aqua,MODIS,71,6.2,301.7,26.8,D,0
21.4875,92.3982,326.9,1.6,1.2,2003-04-04,0728,Aqua,MODIS,73,6.2,301,30,D,0
21.5379,92.3439,334.4,1.6,1.2,2003-04-04,0728,Aqua,MODIS,70,6.2,299.2,43.8,D,0
21.551,92.359,336.9,1.6,1.2,2003-04-04,0728,Aqua,MODIS,76,6.2,300.8,52.6,D,0
21.8389,92.4745,351.1,1.6,1.3,2003-04-04,0728,Aqua,MODIS,95,6.2,300.2,106,D,0
21.8371,92.4589,363,1.6,1.3,2003-04-04,0728,Aqua,MODIS,100,6.2,301.2,167.9,D,0
21.852,92.4889,334.5,1.6,1.3,2003-04-04,0728,Aqua,MODIS,58,6.2,296.7,44.6,D,0
21.7505,92.5077,345.3,1.6,1.3,2003-04-04,0728,Aqua,MODIS,91,6.2,302.9,86.4,D,0
21.7489,92.493,345.8,1.6,1.3,2003-04-04,0728,Aqua,MODIS,91,6.2,304.7,87.3,D,0
21.8158,92.2744,355.6,1.6,1.2,2003-04-04,0728,Aqua,MODIS,97,6.2,301.3,128,D,0
21.8012,92.2455,343,1.6,1.2,2003-04-04,0728,Aqua,MODIS,90,6.2,300.7,74.3,D,0
21.803,92.2607,337.1,1.6,1.2,2003-04-04,0728,Aqua,MODIS,85,6.2,300.9,53.8,D,0
21.9315,92.3944,333,1.6,1.3,2003-04-04,0728,Aqua,MODIS,81,6.2,299.3,43.8,D,0
21.9297,92.3788,364.4,1.6,1.3,2003-04-04,0728,Aqua,MODIS,100,6.2,301.9,176.9,D,0
21.9279,92.3631,336.1,1.6,1.3,2003-04-04,0728,Aqua,MODIS,84,6.2,300.1,52,D,0
21.8047,92.2759,337.8,1.6,1.2,2003-04-04,0728,Aqua,MODIS,86,6.2,300.4,56.2,D,0
21.7919,92.2623,336.3,1.6,1.2,2003-04-04,0728,Aqua,MODIS,84,6.2,301.2,49.9,D,0
21.7936,92.2775,336.3,1.6,1.2,2003-04-04,0728,Aqua,MODIS,84,6.2,299.9,49.5,D,0
21.6344,92.1883,319.4,1.6,1.2,2003-04-04,0728,Aqua,MODIS,54,6.2,299.2,14,D,0
21.6583,92.2004,331.4,1.6,1.2,2003-04-04,0728,Aqua,MODIS,80,6.2,298.3,39.1,D,0
21.7423,92.3376,340.5,1.6,1.2,2003-04-04,0728,Aqua,MODIS,88,6.2,300.7,66.2,D,0
21.7441,92.3526,325.8,1.6,1.2,2003-04-04,0728,Aqua,MODIS,69,6.2,300.6,25.8,D,0
21.7268,92.4001,342.8,1.6,1.3,2003-04-04,0728,Aqua,MODIS,89,6.2,300,75.2,D,0
21.6848,92.3298,324.3,1.6,1.2,2003-04-04,0728,Aqua,MODIS,68,6.2,302.2,22.2,D,0
21.6698,92.4918,334.5,1.6,1.3,2003-04-04,0728,Aqua,MODIS,82,6.2,299.3,50.4,D,0
21.668,92.4758,356,1.6,1.3,2003-04-04,0728,Aqua,MODIS,97,6.2,301.1,135.9,D,0
21.666,92.4588,322.8,1.6,1.3,2003-04-04,0728,Aqua,MODIS,63,6.2,298.6,21.8,D,0
21.6793,92.475,341,1.6,1.3,2003-04-04,0728,Aqua,MODIS,88,6.2,300.3,71.7,D,0
22.2106,92.2389,333.3,1.6,1.2,2003-04-04,0729,Aqua,MODIS,83,6.2,297.4,47.9,D,0
22.2097,92.2291,319.8,1.6,1.2,2003-04-04,0729,Aqua,MODIS,53,6.2,297.2,17.6,D,0
22.4905,92.3945,322.6,1.7,1.3,2003-04-04,0729,Aqua,MODIS,70,6.2,298.5,22.7,D,0
22.4925,92.412,340.4,1.7,1.3,2003-04-04,0729,Aqua,MODIS,89,6.2,298.4,73.1,D,0
22.4329,92.2906,339.9,1.6,1.3,2003-04-04,0729,Aqua,MODIS,88,6.2,297.8,66.4,D,0
22.4554,92.288,322.6,1.6,1.3,2003-04-04,0729,Aqua,MODIS,70,6.2,296.2,22.3,D,0
22.4917,92.4044,332.4,1.7,1.3,2003-04-04,0729,Aqua,MODIS,82,6.2,298.7,46.2,D,0
22.1856,92.5178,370.3,1.7,1.3,2003-04-04,0729,Aqua,MODIS,100,6.2,302,227,D,0
22.4936,92.4214,320.4,1.7,1.3,2003-04-04,0729,Aqua,MODIS,62,6.2,297.6,17.9,D,0
22.1837,92.5006,347.3,1.7,1.3,2003-04-04,0729,Aqua,MODIS,93,6.2,300.4,97.9,D,0
22.2115,92.2442,325,1.6,1.2,2003-04-04,0729,Aqua,MODIS,73,6.2,297.2,27.5,D,0
22.3066,92.383,323.6,1.6,1.3,2003-04-04,0729,Aqua,MODIS,45,6.2,299.6,23.1,D,0
22.1817,92.4824,324.2,1.7,1.3,2003-04-04,0729,Aqua,MODIS,70,6.2,298.4,25,D,0
22.7673,92.4332,318.3,1.7,1.3,2003-04-04,0729,Aqua,MODIS,45,6.2,295.7,13.3,D,0
22.4793,92.3965,331.3,1.7,1.3,2003-04-04,0729,Aqua,MODIS,81,6.2,299.3,43.4,D,0
22.3179,92.3815,332.1,1.6,1.3,2003-04-04,0729,Aqua,MODIS,76,6.2,300,43,D,0
22.1418,92.5392,328.2,1.7,1.3,2003-04-04,0729,Aqua,MODIS,63,6.2,299.8,36.9,D,0
22.1412,92.5305,321.5,1.7,1.3,2003-04-04,0729,Aqua,MODIS,55,6.2,297.8,21.4,D,0
22.7702,92.4385,318.5,1.7,1.3,2003-04-04,0729,Aqua,MODIS,60,6.2,296.3,13.8,D,0
22.1429,92.5455,328.2,1.7,1.3,2003-04-04,0729,Aqua,MODIS,75,6.2,299.8,38.1,D,0
22.3306,92.3885,335.6,1.6,1.3,2003-04-04,0729,Aqua,MODIS,85,6.2,298.1,53.3,D,0
22.1278,92.5142,329,1.7,1.3,2003-04-04,0729,Aqua,MODIS,75,6.2,300.1,38.4,D,0
22.1298,92.5319,318,1.7,1.3,2003-04-04,0729,Aqua,MODIS,29,6.2,296.5,14.2,D,0
22.8784,92.396,322.5,1.7,1.3,2003-04-04,0729,Aqua,MODIS,54,6.2,280.6,34.8,D,0
22.3193,92.3898,333.5,1.6,1.3,2003-04-04,0729,Aqua,MODIS,83,6.2,299.6,47.1,D,0
22.6695,92.264,325.4,1.6,1.3,2003-04-04,0729,Aqua,MODIS,0,6.2,299.1,26.1,D,0
22.6711,92.2725,317.4,1.6,1.3,2003-04-04,0729,Aqua,MODIS,41,6.2,298.6,11.3,D,0
22.6813,91.9597,378.7,1.6,1.2,2003-04-04,0729,Aqua,MODIS,100,6.2,299,265.3,D,0
22.6796,91.9449,346.4,1.6,1.2,2003-04-04,0729,Aqua,MODIS,93,6.2,297.8,87.7,D,0
22.7334,92.2171,330.5,1.6,1.3,2003-04-04,0729,Aqua,MODIS,70,6.2,299.3,40.7,D,0
22.4346,92.3057,339,1.6,1.3,2003-04-04,0729,Aqua,MODIS,88,6.2,295.8,64,D,0
22.4572,92.3036,321.4,1.6,1.3,2003-04-04,0729,Aqua,MODIS,67,6.2,296.3,20.4,D,0
22.4775,92.381,330.5,1.6,1.3,2003-04-04,0729,Aqua,MODIS,80,6.2,299.1,41.6,D,0
22.1184,92.5331,328.1,1.7,1.3,2003-04-04,0729,Aqua,MODIS,70,6.2,299.8,35.8,D,0
21.9194,92.3164,315.2,2.9,1.6,2003-04-05,0507,Terra,MODIS,64,6.2,297.5,27.2,D,0
21.9134,92.3459,318.5,2.9,1.6,2003-04-05,0507,Terra,MODIS,70,6.2,297.9,40.6,D,0
21.7405,92.4339,325.7,2.9,1.6,2003-04-05,0507,Terra,MODIS,79,6.2,298.3,77.9,D,0
21.9118,92.3378,320,2.9,1.6,2003-04-05,0507,Terra,MODIS,72,6.2,297.7,44.1,D,0
22.466,92.5104,314.6,2.9,1.6,2003-04-05,0507,Terra,MODIS,61,6.2,297.1,29.3,D,0
22.1736,92.5182,344.4,3,1.6,2003-04-05,0633,Aqua,MODIS,91,6.2,298.1,202.2,D,0
21.8295,92.3385,323,3.1,1.7,2003-04-05,0633,Aqua,MODIS,68,6.2,297.3,59.6,D,0
22.1685,92.4924,327.6,3,1.7,2003-04-05,0633,Aqua,MODIS,76,6.2,297.3,83.4,D,0
22.1736,92.5137,345.5,3,1.6,2003-04-05,0633,Aqua,MODIS,92,6.2,298.1,214.8,D,0
21.5898,92.4487,334.4,3.1,1.7,2003-04-05,0633,Aqua,MODIS,64,6.2,299.3,119.5,D,0
22.1682,92.4872,317.8,3,1.7,2003-04-05,0633,Aqua,MODIS,33,6.2,297,33.4,D,0
21.5959,92.4796,331.9,3.1,1.7,2003-04-05,0633,Aqua,MODIS,68,6.2,298.7,102.6,D,0
21.848,92.2765,332.5,3.2,1.7,2003-04-05,0633,Aqua,MODIS,78,6.2,298.1,118.9,D,0
21.5751,92.4524,359.8,3.1,1.7,2003-04-05,0633,Aqua,MODIS,99,6.2,296.5,385.2,D,0
21.9619,92.4603,319.8,3.1,1.7,2003-04-05,0633,Aqua,MODIS,59,6.2,297.7,46.9,D,0
21.5024,92.4771,338,3.1,1.7,2003-04-05,0633,Aqua,MODIS,85,6.2,297.9,155.8,D,0
21.6115,92.4072,322.3,3.1,1.7,2003-04-05,0633,Aqua,MODIS,46,6.2,299.5,54,D,0
21.5671,92.4172,345.3,3.1,1.7,2003-04-05,0633,Aqua,MODIS,91,6.2,294.2,210.3,D,0
21.5689,92.4211,338.4,3.1,1.7,2003-04-05,0633,Aqua,MODIS,86,6.2,293.7,155,D,0
22.1249,92.4988,340.3,3,1.7,2003-04-05,0633,Aqua,MODIS,88,6.2,299,170.4,D,0
21.5541,92.4246,364.3,3.1,1.7,2003-04-05,0633,Aqua,MODIS,100,6.2,298.8,454.8,D,0
21.5342,92.5604,339.5,3.1,1.7,2003-04-05,0633,Aqua,MODIS,87,6.2,299.8,175.9,D,0
21.3038,92.1775,327.8,3.3,1.7,2003-04-05,0633,Aqua,MODIS,74,6.2,298.3,97.4,D,0
21.3189,92.1739,328.9,3.3,1.7,2003-04-05,0633,Aqua,MODIS,75,6.2,298.5,103.2,D,0
22.1252,92.5043,368.2,3,1.7,2003-04-05,0633,Aqua,MODIS,100,6.2,299.8,504.3,D,0
21.5813,92.4836,368.7,3.1,1.7,2003-04-05,0633,Aqua,MODIS,100,6.2,298.6,520.6,D,0
21.7116,92.4414,323,3.1,1.7,2003-04-05,0633,Aqua,MODIS,65,6.2,298.3,62.8,D,0
21.3341,92.1704,334.3,3.3,1.7,2003-04-05,0633,Aqua,MODIS,82,6.2,299.3,146.7,D,0
21.315,92.1705,328,3.3,1.7,2003-04-05,0633,Aqua,MODIS,74,6.2,298.3,94.4,D,0
21.3301,92.167,329.5,3.3,1.7,2003-04-05,0633,Aqua,MODIS,76,6.2,299.3,109,D,0
21.5523,92.4207,355.2,3.1,1.7,2003-04-05,0633,Aqua,MODIS,97,6.2,300,328.3,D,0
21.5336,92.5527,341.3,3.1,1.7,2003-04-05,0633,Aqua,MODIS,88,6.2,299.9,187.9,D,0
21.5483,92.5496,346.6,3.1,1.7,2003-04-05,0633,Aqua,MODIS,92,6.2,300.8,236.7,D,0
22.1302,92.5292,356,3,1.6,2003-04-05,0633,Aqua,MODIS,98,6.2,298.5,324.6,D,0
22.1106,92.5074,346.9,3,1.7,2003-04-05,0633,Aqua,MODIS,93,6.2,296.2,233.4,D,0
22.1158,92.5331,372.2,3,1.6,2003-04-05,0633,Aqua,MODIS,100,6.2,299.1,566.7,D,0
21.9551,92.4263,316.5,3.1,1.7,2003-04-05,0633,Aqua,MODIS,40,6.2,297.9,32.2,D,0
21.956,92.4305,319.8,3.1,1.7,2003-04-05,0633,Aqua,MODIS,59,6.2,298,47.5,D,0
21.6414,92.2455,320.4,3.2,1.7,2003-04-05,0633,Aqua,MODIS,55,6.2,298.7,49.1,D,0
21.8713,92.3947,317.7,3.1,1.7,2003-04-05,0633,Aqua,MODIS,33,6.2,298.6,33.2,D,0
21.961,92.4555,322.7,3.1,1.7,2003-04-05,0633,Aqua,MODIS,68,6.2,297.9,62.4,D,0
21.5397,92.5826,326.8,3.1,1.7,2003-04-05,0633,Aqua,MODIS,54,6.2,298.6,80.4,D,0
21.8765,92.4172,328,3.1,1.7,2003-04-05,0633,Aqua,MODIS,76,6.2,298.5,90.7,D,0
21.8323,92.4273,320.4,3.1,1.7,2003-04-05,0633,Aqua,MODIS,61,6.2,299.3,44.2,D,0
21.5883,92.4454,336.6,3.1,1.7,2003-04-05,0633,Aqua,MODIS,58,6.2,299.5,132.6,D,0
21.8772,92.4246,324.8,3.1,1.7,2003-04-05,0633,Aqua,MODIS,70,6.2,298.3,71.4,D,0
21.833,92.4348,323.2,3.1,1.7,2003-04-05,0633,Aqua,MODIS,67,6.2,299.3,61.5,D,0
21.5945,92.4756,347.8,3.1,1.7,2003-04-05,0633,Aqua,MODIS,93,6.2,299.2,237.6,D,0
21.909,92.3487,339.8,3.1,1.7,2003-04-05,0633,Aqua,MODIS,88,6.2,297.1,174.2,D,0
21.9039,92.3234,360.1,3.1,1.7,2003-04-05,0633,Aqua,MODIS,100,6.2,297.1,403.6,D,0
21.5734,92.4482,346.6,3.1,1.7,2003-04-05,0633,Aqua,MODIS,92,6.2,295.4,221.8,D,0
21.9075,92.3453,339.9,3.1,1.7,2003-04-05,0633,Aqua,MODIS,87,6.2,297,168.8,D,0
21.5335,92.399,354.8,3.2,1.7,2003-04-05,0633,Aqua,MODIS,97,6.2,294.7,321.5,D,0
21.902,92.319,345.6,3.1,1.7,2003-04-05,0633,Aqua,MODIS,92,6.2,296.4,223.1,D,0
21.8309,92.3469,319.3,3.1,1.7,2003-04-05,0633,Aqua,MODIS,54,6.2,297.1,42.3,D,0
21.5769,92.5399,326,3.1,1.7,2003-04-05,0633,Aqua,MODIS,69,6.2,298.7,73.8,D,0
21.5778,92.5433,328.3,3.1,1.7,2003-04-05,0633,Aqua,MODIS,64,6.2,298.7,86.4,D,0
21.5798,92.4789,370.2,3.1,1.7,2003-04-05,0633,Aqua,MODIS,100,6.2,298.7,545.8,D,0
21.8541,92.3076,333.6,3.2,1.7,2003-04-05,0633,Aqua,MODIS,82,6.2,297.3,124.4,D,0
21.8464,92.2695,324.2,3.2,1.7,2003-04-05,0633,Aqua,MODIS,40,6.2,297.9,64.6,D,0
21.4964,92.4467,330,3.1,1.7,2003-04-05,0633,Aqua,MODIS,70,6.2,298.7,100,D,0
21.9479,92.3111,323,3.1,1.7,2003-04-05,0633,Aqua,MODIS,60,6.2,297,60.4,D,0
21.9462,92.3078,322,3.1,1.7,2003-04-05,0633,Aqua,MODIS,43,6.2,296.9,54,D,0
21.8526,92.3,340.2,3.2,1.7,2003-04-05,0633,Aqua,MODIS,88,6.2,297.7,179.5,D,0
21.8674,92.2965,334.4,3.2,1.7,2003-04-05,0633,Aqua,MODIS,83,6.2,296.6,129.8,D,0
21.8971,92.2896,322.6,3.2,1.7,2003-04-05,0633,Aqua,MODIS,45,6.2,295.8,54.3,D,0
21.9185,92.3193,334.6,3.1,1.7,2003-04-05,0633,Aqua,MODIS,83,6.2,296.3,128.9,D,0
21.9119,92.2861,327.2,3.2,1.7,2003-04-05,0633,Aqua,MODIS,51,6.2,296.5,77.9,D,0
21.9166,92.3143,336.7,3.1,1.7,2003-04-05,0633,Aqua,MODIS,85,6.2,296.4,143.9,D,0
21.165,92.0895,325.3,3.4,1.7,2003-04-05,0633,Aqua,MODIS,0,6.2,297.9,77.3,D,0
21.1819,92.1144,319,3.4,1.7,2003-04-05,0633,Aqua,MODIS,41,6.2,297.9,51.9,D,0
21.1755,92.0829,320.5,3.4,1.7,2003-04-05,0633,Aqua,MODIS,0,6.2,297.3,62.3,D,0
21.5012,92.469,344.7,3.1,1.7,2003-04-05,0633,Aqua,MODIS,91,6.2,298.3,217.7,D,0
21.639,92.2381,318.6,3.2,1.7,2003-04-05,0633,Aqua,MODIS,45,6.2,298.3,41.4,D,0
21.5394,92.4283,407.7,3.1,1.7,2003-04-05,0633,Aqua,MODIS,100,6.2,302.6,1527.4,D,0
22.1302,92.5243,346.7,3,1.6,2003-04-05,0633,Aqua,MODIS,93,6.2,299,220.7,D,0
23.4173,92.2546,316.5,2.9,1.6,2003-04-05,0634,Aqua,MODIS,67,6.2,292.6,43.9,D,0
22.2146,92.4141,323.2,3,1.7,2003-04-05,0634,Aqua,MODIS,70,6.2,297,65.3,D,0
22.2144,92.4065,321.6,3,1.7,2003-04-05,0634,Aqua,MODIS,67,6.2,297,56.2,D,0
22.496,92.5055,325.7,3,1.6,2003-04-05,0634,Aqua,MODIS,64,6.2,290.8,78.5,D,0
22.2119,92.4773,320.1,3,1.7,2003-04-05,0634,Aqua,MODIS,35,6.2,296.3,44.9,D,0
22.2286,92.561,320.4,3,1.6,2003-04-05,0634,Aqua,MODIS,52,6.2,297.2,48,D,0
23.4228,92.2823,320.6,2.9,1.6,2003-04-05,0634,Aqua,MODIS,73,6.2,292.7,61.6,D,0
22.1832,92.4857,321.9,3,1.7,2003-04-05,0634,Aqua,MODIS,42,6.2,296.7,50.7,D,0
22.2729,92.3929,318.9,3,1.7,2003-04-05,0634,Aqua,MODIS,60,6.2,294.2,49.2,D,0
22.1882,92.5105,330,3,1.6,2003-04-05,0634,Aqua,MODIS,54,6.2,297.3,90,D,0
23.4238,92.2782,318.1,2.9,1.6,2003-04-05,0634,Aqua,MODIS,70,6.2,292.6,52.6,D,0
23.418,92.2497,310,2.9,1.6,2003-04-05,0634,Aqua,MODIS,41,6.2,292.6,21.5,D,0
23.4095,92.2819,311.3,2.9,1.6,2003-04-05,0634,Aqua,MODIS,30,6.2,292.6,24,D,0
22.5715,92.423,317,3,1.6,2003-04-05,0634,Aqua,MODIS,53,6.2,289.3,42.3,D,0
22.5723,92.4156,314.9,3,1.6,2003-04-05,0634,Aqua,MODIS,35,6.2,289.1,31.1,D,0
21.9457,92.501,305.4,1,1,2003-04-05,1602,Terra,MODIS,64,6.2,293,5.5,N,0
21.7946,92.539,305.1,1,1,2003-04-05,1602,Terra,MODIS,63,6.2,293.7,5.4,N,0
21.7251,92.5673,312.6,1,1,2003-04-05,1602,Terra,MODIS,85,6.2,293.7,10.7,N,0
22.1487,92.5635,310.1,1,1,2003-04-05,1603,Terra,MODIS,79,6.2,294.5,8.3,N,0
22.6566,92.2837,330.6,1.1,1,2003-04-06,0716,Aqua,MODIS,60,6.2,305.2,19.4,D,0
22.475,92.5186,345.3,1.1,1.1,2003-04-06,0716,Aqua,MODIS,91,6.2,305.7,46.5,D,0
22.4736,92.5078,332.2,1.1,1.1,2003-04-06,0716,Aqua,MODIS,80,6.2,306.3,21.8,D,0
21.7635,92.5456,329,1.1,1,2003-04-06,0716,Aqua,MODIS,66,6.2,303.5,16.8,D,0
21.7622,92.5355,349.9,1.1,1,2003-04-06,0716,Aqua,MODIS,94,6.2,306,55.6,D,0
21.9298,92.4864,357.7,1.1,1,2003-04-06,0716,Aqua,MODIS,98,6.2,303.7,78.8,D,0
21.9285,92.4762,332.8,1.1,1,2003-04-06,0716,Aqua,MODIS,71,6.2,304.7,23.2,D,0
21.9404,92.4947,366.7,1.1,1,2003-04-06,0716,Aqua,MODIS,94,6.2,300.3,109,D,0
21.9391,92.4848,406.4,1.1,1,2003-04-06,0716,Aqua,MODIS,100,6.2,313,322.3,D,0
21.9378,92.4748,342.3,1.1,1,2003-04-06,0716,Aqua,MODIS,89,6.2,307.5,39.2,D,0
21.8558,92.4718,324.9,1.1,1,2003-04-06,0716,Aqua,MODIS,69,6.2,304.7,9.7,D,0
21.8544,92.4611,333.1,1.1,1,2003-04-06,0716,Aqua,MODIS,81,6.2,306.7,21.4,D,0
21.8651,92.4704,359.4,1.1,1,2003-04-06,0716,Aqua,MODIS,99,6.2,306.7,80.6,D,0
21.8637,92.4597,327.8,1.1,1,2003-04-06,0716,Aqua,MODIS,74,6.2,306.4,13.2,D,0
21.915,92.4463,348.1,1.1,1,2003-04-06,0716,Aqua,MODIS,93,6.2,304.5,51.6,D,0
21.9137,92.4359,398.5,1.1,1,2003-04-06,0716,Aqua,MODIS,100,6.2,312.8,263,D,0
21.9123,92.4256,327.5,1.1,1,2003-04-06,0716,Aqua,MODIS,74,6.2,305.5,13.9,D,0
21.9107,92.3407,328.2,1.1,1,2003-04-06,0716,Aqua,MODIS,75,6.2,303.5,16.2,D,0
21.7746,92.3424,324.6,1.1,1,2003-04-06,0716,Aqua,MODIS,70,6.2,297.3,12.8,D,0
21.7732,92.3321,342.5,1.1,1,2003-04-06,0716,Aqua,MODIS,90,6.2,298.1,40.8,D,0
21.7875,92.3128,357.4,1.1,1,2003-04-06,0716,Aqua,MODIS,98,6.2,303,74.7,D,0
21.7968,92.3114,355.3,1.1,1,2003-04-06,0716,Aqua,MODIS,97,6.2,304.5,69.6,D,0
22.3455,92.2961,335.5,1.1,1,2003-04-06,0716,Aqua,MODIS,84,6.2,306.3,26.1,D,0
22.3548,92.2946,331.1,1.1,1,2003-04-06,0716,Aqua,MODIS,80,6.2,306.5,18.8,D,0
21.754,92.4727,336.9,1.1,1,2003-04-06,0716,Aqua,MODIS,85,6.2,301.9,26.5,D,0
21.7526,92.4622,349,1.1,1,2003-04-06,0716,Aqua,MODIS,94,6.2,305.6,50.7,D,0
21.6984,92.4549,328.2,1.1,1,2003-04-06,0716,Aqua,MODIS,75,6.2,305.9,14.9,D,0
21.7353,92.4752,350.1,1.1,1,2003-04-06,0716,Aqua,MODIS,94,6.2,299.9,55.3,D,0
21.7339,92.4649,401.9,1.1,1,2003-04-06,0716,Aqua,MODIS,100,6.2,309.6,283.5,D,0
21.7326,92.4547,330.6,1.1,1,2003-04-06,0716,Aqua,MODIS,78,6.2,306,16.3,D,0
21.7446,92.4739,366.4,1.1,1,2003-04-06,0716,Aqua,MODIS,100,6.2,300.4,101.8,D,0
21.7433,92.4636,442.2,1.1,1,2003-04-06,0716,Aqua,MODIS,100,6.2,321,681.3,D,0
21.7419,92.4533,364.3,1.1,1,2003-04-06,0716,Aqua,MODIS,100,6.2,309.3,93.5,D,0
21.9795,92.3769,354.1,1.1,1,2003-04-06,0716,Aqua,MODIS,97,6.2,307.7,66.2,D,0
21.9781,92.3663,351.1,1.1,1,2003-04-06,0716,Aqua,MODIS,95,6.2,306.2,59,D,0
22.1155,92.2866,365.5,1.1,1,2003-04-06,0716,Aqua,MODIS,100,6.2,306.8,99.6,D,0
22.1142,92.2763,324.9,1.1,1,2003-04-06,0716,Aqua,MODIS,70,6.2,304.5,10.4,D,0
21.5528,92.4834,368.9,1.1,1,2003-04-06,0716,Aqua,MODIS,100,6.2,310.4,112.8,D,0
21.5301,92.4552,321.7,1.1,1,2003-04-06,0716,Aqua,MODIS,58,6.2,304.1,6.7,D,0
21.5448,92.4948,353.3,1.1,1,2003-04-06,0716,Aqua,MODIS,96,6.2,304.9,65.4,D,0
21.5434,92.4848,388.9,1.1,1,2003-04-06,0716,Aqua,MODIS,100,6.2,310.2,204.6,D,0
21.5421,92.4745,345.9,1.1,1,2003-04-06,0716,Aqua,MODIS,92,6.2,306.7,45.8,D,0
21.5514,92.4731,326.8,1.1,1,2003-04-06,0716,Aqua,MODIS,74,6.2,306.3,12.4,D,0
21.7382,92.2116,334.8,1.1,1,2003-04-06,0716,Aqua,MODIS,83,6.2,304.8,23.2,D,0
21.7368,92.2013,328.5,1.1,1,2003-04-06,0716,Aqua,MODIS,77,6.2,305.8,14.2,D,0
22.3136,92.4682,327.7,1.1,1,2003-04-06,0716,Aqua,MODIS,75,6.2,303.9,16.5,D,0
22.3417,92.464,320.9,1.1,1,2003-04-06,0716,Aqua,MODIS,55,6.2,301.8,8.4,D,0
21.8588,92.2807,326,1.1,1,2003-04-06,0716,Aqua,MODIS,72,6.2,303.2,13.6,D,0
22.9148,92.3657,323.4,1.1,1,2003-04-06,0716,Aqua,MODIS,48,6.2,298.9,12.5,D,0
22.4517,92.3384,318.5,1.1,1,2003-04-06,0716,Aqua,MODIS,24,6.2,303.4,5.1,D,0
22.4503,92.3278,319.9,1.1,1,2003-04-06,0716,Aqua,MODIS,40,6.2,304.6,6.3,D,0
22.461,92.337,323.9,1.1,1,2003-04-06,0716,Aqua,MODIS,68,6.2,303.8,11.4,D,0
22.4596,92.3264,335.1,1.1,1,2003-04-06,0716,Aqua,MODIS,83,6.2,304.8,27.3,D,0
21.7887,92.2497,321.1,1.1,1,2003-04-06,0716,Aqua,MODIS,44,6.2,304.7,6.3,D,0
21.7952,92.2277,329.6,1.1,1,2003-04-06,0716,Aqua,MODIS,78,6.2,305.8,16.3,D,0
21.7939,92.2176,324.8,1.1,1,2003-04-06,0716,Aqua,MODIS,71,6.2,305.7,10.6,D,0
21.8482,92.2719,319.8,1.1,1,2003-04-06,0716,Aqua,MODIS,57,6.2,303.5,7,D,0
22.7993,92.3352,332.9,1.1,1,2003-04-06,0716,Aqua,MODIS,82,6.2,300.3,25.3,D,0
22.7979,92.3248,331.4,1.1,1,2003-04-06,0716,Aqua,MODIS,81,6.2,301.4,22.9,D,0
21.4185,92.5696,322.1,1.1,1,2003-04-06,0716,Aqua,MODIS,65,6.2,304.3,11.2,D,0
21.533,92.5507,322.1,1.1,1,2003-04-06,0716,Aqua,MODIS,31,6.2,302.8,8.9,D,0
21.5423,92.5493,328.1,1.1,1,2003-04-06,0716,Aqua,MODIS,59,6.2,302.6,15.6,D,0
21.5409,92.5383,409.5,1.1,1,2003-04-06,0716,Aqua,MODIS,100,6.2,310.9,345.3,D,0
21.5395,92.5272,354.8,1.1,1,2003-04-06,0716,Aqua,MODIS,97,6.2,305.8,69.9,D,0
21.4667,92.4497,321.3,1.1,1,2003-04-06,0716,Aqua,MODIS,63,6.2,304.2,8,D,0
22.3042,92.4694,334.3,1.1,1,2003-04-06,0716,Aqua,MODIS,83,6.2,304.5,26.6,D,0
22.3028,92.4588,320.5,1.1,1,2003-04-06,0716,Aqua,MODIS,55,6.2,302.7,8.2,D,0
22.3968,92.4706,320,1.1,1,2003-04-06,0716,Aqua,MODIS,51,6.2,299.9,8.2,D,0
22.4128,92.4467,339,1.1,1,2003-04-06,0716,Aqua,MODIS,87,6.2,302,34.1,D,0
21.6535,92.5467,334.6,1.1,1,2003-04-06,0716,Aqua,MODIS,83,6.2,301.4,25.9,D,0
21.6522,92.5366,328.4,1.1,1,2003-04-06,0716,Aqua,MODIS,75,6.2,303.8,15.8,D,0
21.7542,92.5471,383.7,1.1,1,2003-04-06,0716,Aqua,MODIS,100,6.2,306.2,179.1,D,0
21.7529,92.537,392.6,1.1,1,2003-04-06,0716,Aqua,MODIS,100,6.2,312.3,227.4,D,0
21.6269,92.5619,326.2,1.1,1,2003-04-06,0716,Aqua,MODIS,68,6.2,303,13.2,D,0
21.6256,92.5515,327.6,1.1,1,2003-04-06,0716,Aqua,MODIS,55,6.2,304.6,14.1,D,0
21.4199,92.5802,330.6,1.1,1,2003-04-06,0716,Aqua,MODIS,79,6.2,304.5,22.1,D,0
21.5673,92.4495,331.8,1.1,1,2003-04-06,0716,Aqua,MODIS,80,6.2,306.7,19.2,D,0
21.5659,92.4393,329.9,1.1,1,2003-04-06,0716,Aqua,MODIS,78,6.2,305.4,16.4,D,0
21.5913,92.4877,323.6,1.1,1,2003-04-06,0716,Aqua,MODIS,62,6.2,307.4,9.6,D,0
21.7653,92.3438,344.3,1.1,1,2003-04-06,0716,Aqua,MODIS,91,6.2,301.5,43.9,D,0
21.7639,92.3335,358.3,1.1,1,2003-04-06,0716,Aqua,MODIS,99,6.2,302.5,78,D,0
21.7612,92.3129,338.9,1.1,1,2003-04-06,0716,Aqua,MODIS,87,6.2,302.6,33,D,0
21.7862,92.3025,360.4,1.1,1,2003-04-06,0716,Aqua,MODIS,100,6.2,305.6,83.5,D,0
21.7954,92.3011,333.4,1.1,1,2003-04-06,0716,Aqua,MODIS,82,6.2,305.3,23.9,D,0
21.8858,92.4403,331,1.1,1,2003-04-06,0716,Aqua,MODIS,78,6.2,304,19.5,D,0
21.8844,92.43,333.1,1.1,1,2003-04-06,0716,Aqua,MODIS,76,6.2,304.7,22.7,D,0
21.8951,92.4389,358.6,1.1,1,2003-04-06,0716,Aqua,MODIS,99,6.2,305.5,79.5,D,0
21.8937,92.4286,343.7,1.1,1,2003-04-06,0716,Aqua,MODIS,90,6.2,306.4,42,D,0
21.9057,92.4478,344.8,1.1,1,2003-04-06,0716,Aqua,MODIS,91,6.2,300.9,45.2,D,0
21.9044,92.4374,401.2,1.1,1,2003-04-06,0716,Aqua,MODIS,100,6.2,314.3,281.7,D,0
21.903,92.4271,339.9,1.1,1,2003-04-06,0716,Aqua,MODIS,87,6.2,308.1,33.7,D,0
22.8586,91.9361,318.7,1.1,1,2003-04-06,0716,Aqua,MODIS,60,6.2,299.3,6.6,D,0
22.8716,91.8922,327.4,1.1,1,2003-04-06,0716,Aqua,MODIS,77,6.2,301.2,15.8,D,0
22.8702,91.8819,324.9,1.1,1,2003-04-06,0716,Aqua,MODIS,74,6.2,301.6,12.8,D,0
22.8689,91.8717,322.2,1.1,1,2003-04-06,0716,Aqua,MODIS,69,6.2,301.3,9.5,D,0
22.8863,91.9318,318.5,1.1,1,2003-04-06,0716,Aqua,MODIS,60,6.2,299.2,6.4,D,0
22.3239,92.4018,326.4,1.1,1,2003-04-06,0716,Aqua,MODIS,73,6.2,300.9,15.9,D,0
21.9121,92.3513,344.4,1.1,1,2003-04-06,0716,Aqua,MODIS,91,6.2,302.9,44.4,D,0
22.5269,92.3522,338.5,1.1,1,2003-04-06,0716,Aqua,MODIS,86,6.2,304,33.2,D,0
21.9702,92.3783,379.4,1.1,1,2003-04-06,0716,Aqua,MODIS,100,6.2,305.6,156.4,D,0
21.9688,92.3677,363,1.1,1,2003-04-06,0716,Aqua,MODIS,100,6.2,305.8,92.8,D,0
22.3733,92.0071,319.5,1.1,1,2003-04-06,0716,Aqua,MODIS,49,6.2,303.2,6.5,D,0
22.3845,92.0415,320.6,1.1,1,2003-04-06,0716,Aqua,MODIS,57,6.2,301,7.5,D,0
22.1957,92.5565,364.5,1.1,1.1,2003-04-06,0716,Aqua,MODIS,100,6.2,302.5,104,D,0
22.1944,92.546,343.7,1.1,1.1,2003-04-06,0716,Aqua,MODIS,90,6.2,304,46.2,D,0
21.7598,92.3026,332.1,1.1,1,2003-04-06,0716,Aqua,MODIS,81,6.2,303.6,21.8,D,0
21.6462,92.347,325.8,1.1,1,2003-04-06,0716,Aqua,MODIS,66,6.2,304.3,9.8,D,0
21.6675,92.3647,368.7,1.1,1,2003-04-06,0716,Aqua,MODIS,100,6.2,305.6,108.2,D,0
21.6661,92.3544,402,1.1,1,2003-04-06,0716,Aqua,MODIS,100,6.2,310.8,279.5,D,0
21.6754,92.353,324.9,1.1,1,2003-04-06,0716,Aqua,MODIS,71,6.2,305.8,8.8,D,0
21.7176,92.3406,332.8,1.1,1,2003-04-06,0716,Aqua,MODIS,81,6.2,303.5,21.1,D,0
21.7163,92.3303,385.9,1.1,1,2003-04-06,0716,Aqua,MODIS,100,6.2,309.4,185.3,D,0
21.7149,92.32,331,1.1,1,2003-04-06,0716,Aqua,MODIS,79,6.2,306.3,19,D,0
21.7269,92.3392,328.3,1.1,1,2003-04-06,0716,Aqua,MODIS,76,6.2,305,15.5,D,0
21.7255,92.3288,323.7,1.1,1,2003-04-06,0716,Aqua,MODIS,68,6.2,305.7,9.9,D,0
21.5419,92.4008,323.8,1.1,1,2003-04-06,0716,Aqua,MODIS,38,6.2,302.3,10.1,D,0
21.5405,92.3904,339.1,1.1,1,2003-04-06,0716,Aqua,MODIS,87,6.2,301,34.3,D,0
21.5512,92.3995,324.6,1.1,1,2003-04-06,0716,Aqua,MODIS,54,6.2,302.4,11.2,D,0
21.5498,92.3891,341.7,1.1,1,2003-04-06,0716,Aqua,MODIS,89,6.2,299.9,39,D,0
22.2937,92.5355,321.5,1.1,1.1,2003-04-06,0716,Aqua,MODIS,62,6.2,302.2,10.6,D,0
21.7957,92.5729,323.6,1.1,1,2003-04-06,0716,Aqua,MODIS,39,6.2,304.5,10.5,D,0
21.8009,92.5398,324.8,1.1,1,2003-04-06,0716,Aqua,MODIS,67,6.2,305.8,10.9,D,0
21.5595,92.5352,325.8,1.1,1,2003-04-06,0716,Aqua,MODIS,43,6.2,303.1,12.6,D,0
21.5731,92.566,324.4,1.1,1,2003-04-06,0716,Aqua,MODIS,52,6.2,302.4,11.4,D,0
21.5717,92.5554,359.8,1.1,1,2003-04-06,0716,Aqua,MODIS,99,6.2,304,83.9,D,0
21.5541,92.4936,371.5,1.1,1,2003-04-06,0716,Aqua,MODIS,100,6.2,306.5,123.8,D,0
21.4938,92.5834,333.7,1.1,1,2003-04-06,0716,Aqua,MODIS,82,6.2,305.2,25.7,D,0
21.5031,92.582,363.3,1.1,1,2003-04-06,0716,Aqua,MODIS,100,6.2,308.4,96.1,D,0
21.537,92.5817,321.8,1.1,1,2003-04-06,0716,Aqua,MODIS,39,6.2,303.9,8.9,D,0
22.5158,92.1936,321.2,1.1,1,2003-04-06,0716,Aqua,MODIS,39,6.2,301,9.2,D,0
22.5144,92.1832,399.5,1.1,1,2003-04-06,0716,Aqua,MODIS,94,6.2,308.5,267.9,D,0
22.6021,91.9431,320.1,1.1,1,2003-04-06,0716,Aqua,MODIS,62,6.2,302.2,7.7,D,0
21.6277,92.3498,328.3,1.1,1,2003-04-06,0716,Aqua,MODIS,76,6.2,304,14.2,D,0
22.79,91.9743,319.2,1.1,1,2003-04-06,0716,Aqua,MODIS,60,6.2,300.5,7.5,D,0
22.2998,92.363,363.7,1.1,1,2003-04-06,0716,Aqua,MODIS,100,6.2,303.6,94.2,D,0
22.2984,92.3525,328.7,1.1,1,2003-04-06,0716,Aqua,MODIS,74,6.2,303.3,15.9,D,0
22.297,92.342,326.7,1.1,1,2003-04-06,0716,Aqua,MODIS,74,6.2,304.3,14.1,D,0
22.3091,92.3616,338.9,1.1,1,2003-04-06,0716,Aqua,MODIS,74,6.2,301.8,30.5,D,0
22.3077,92.3511,392.9,1.1,1,2003-04-06,0716,Aqua,MODIS,100,6.2,307.8,227,D,0
22.3063,92.3406,365.4,1.1,1,2003-04-06,0716,Aqua,MODIS,100,6.2,307.1,101.2,D,0
22.3184,92.3599,346.7,1.1,1,2003-04-06,0716,Aqua,MODIS,92,6.2,303.3,46.3,D,0
22.317,92.3496,352.3,1.1,1,2003-04-06,0716,Aqua,MODIS,93,6.2,304.9,59.6,D,0
22.3277,92.3583,342,1.1,1,2003-04-06,0716,Aqua,MODIS,89,6.2,300.7,37.6,D,0
21.4476,92.3058,418.8,1.1,1,2003-04-06,0716,Aqua,MODIS,100,6.2,314,413,D,0
21.4463,92.2956,322.6,1.1,1,2003-04-06,0716,Aqua,MODIS,62,6.2,305,8.7,D,0
22.5015,92.4276,323.3,1.1,1,2003-04-06,0716,Aqua,MODIS,66,6.2,303.5,9.1,D,0
22.3927,92.4387,343.5,1.1,1,2003-04-06,0716,Aqua,MODIS,90,6.2,305.6,42.3,D,0
22.4021,92.4375,336.6,1.1,1,2003-04-06,0716,Aqua,MODIS,85,6.2,304.1,28.4,D,0
22.4007,92.4269,358,1.1,1,2003-04-06,0716,Aqua,MODIS,99,6.2,307.3,76.5,D,0
22.4114,92.4361,346.2,1.1,1,2003-04-06,0716,Aqua,MODIS,92,6.2,304.9,48,D,0
21.77,92.1793,369.3,1.1,1,2003-04-06,0716,Aqua,MODIS,100,6.2,306.7,110.3,D,0
21.7687,92.1692,326.7,1.1,1,2003-04-06,0716,Aqua,MODIS,74,6.2,305.7,12.4,D,0
21.7792,92.178,354.8,1.1,1,2003-04-06,0716,Aqua,MODIS,97,6.2,307,65.7,D,0
21.7779,92.1678,341.5,1.1,1,2003-04-06,0716,Aqua,MODIS,89,6.2,306.8,35.7,D,0
21.8423,92.1579,324.3,1.1,1,2003-04-06,0716,Aqua,MODIS,70,6.2,306.1,9.5,D,0
21.8409,92.1476,327.7,1.1,1,2003-04-06,0716,Aqua,MODIS,76,6.2,304.9,14.2,D,0
21.8605,92.3643,340.8,1.1,1,2003-04-06,0716,Aqua,MODIS,88,6.2,299.2,37.6,D,0
21.8699,92.3633,334.2,1.1,1,2003-04-06,0716,Aqua,MODIS,80,6.2,301.5,26,D,0
22.0042,91.9959,319.6,1.1,1,2003-04-06,0716,Aqua,MODIS,57,6.2,304.5,6.2,D,0
22.335,92.3614,326.4,1.1,1,2003-04-06,0716,Aqua,MODIS,38,6.2,297,12.4,D,0
22.3337,92.3509,327.3,1.1,1,2003-04-06,0716,Aqua,MODIS,66,6.2,303.4,13.9,D,0
22.3323,92.3407,324.7,1.1,1,2003-04-06,0716,Aqua,MODIS,44,6.2,304.1,9.5,D,0
22.3443,92.3601,336,1.1,1,2003-04-06,0716,Aqua,MODIS,80,6.2,301.3,26.2,D,0
22.343,92.3495,350.8,1.1,1,2003-04-06,0716,Aqua,MODIS,95,6.2,305,56.6,D,0
22.3537,92.3588,380.1,1.1,1,2003-04-06,0716,Aqua,MODIS,100,6.2,307,159.9,D,0
22.3523,92.348,383.5,1.1,1,2003-04-06,0716,Aqua,MODIS,100,6.2,308.7,175.6,D,0
22.3469,92.3064,329.6,1.1,1,2003-04-06,0716,Aqua,MODIS,78,6.2,306.8,17.1,D,0
22.363,92.3574,322.2,1.1,1,2003-04-06,0716,Aqua,MODIS,43,6.2,304.8,8.1,D,0
22.3616,92.3467,321.8,1.1,1,2003-04-06,0716,Aqua,MODIS,36,6.2,305,7.2,D,0
22.2277,92.2465,332.9,1.1,1,2003-04-06,0716,Aqua,MODIS,82,6.2,303.9,22.6,D,0
22.2263,92.2361,350.1,1.1,1,2003-04-06,0716,Aqua,MODIS,94,6.2,305.8,56.4,D,0
22.2408,92.2022,324.5,1.1,1,2003-04-06,0716,Aqua,MODIS,71,6.2,304.1,11.9,D,0
22.6499,91.96,317.1,1.1,1,2003-04-06,0716,Aqua,MODIS,39,6.2,300.8,4.9,D,0
22.6829,91.9968,319.6,1.1,1,2003-04-06,0716,Aqua,MODIS,60,6.2,298.1,6.7,D,0
22.6908,91.985,327.9,1.1,1,2003-04-06,0716,Aqua,MODIS,77,6.2,300.6,17,D,0
22.6894,91.9747,326.9,1.1,1,2003-04-06,0716,Aqua,MODIS,75,6.2,301,16.1,D,0
22.4448,92.2855,365.5,1.1,1,2003-04-06,0716,Aqua,MODIS,100,6.2,307.6,101.3,D,0
22.4434,92.2751,340,1.1,1,2003-04-06,0716,Aqua,MODIS,88,6.2,305.9,35.3,D,0
22.4834,92.2906,328.7,1.1,1,2003-04-06,0716,Aqua,MODIS,76,6.2,305.1,18.3,D,0
22.5051,92.1846,392.1,1.1,1,2003-04-06,0716,Aqua,MODIS,0,6.2,303.8,221.5,D,0
22.5038,92.1741,358.9,1.1,1,2003-04-06,0716,Aqua,MODIS,86,6.2,302.8,79.4,D,0
22.513,92.1726,358.7,1.1,1,2003-04-06,0716,Aqua,MODIS,99,6.2,303.9,78.3,D,0
22.2839,92.3867,343.5,1.1,1,2003-04-06,0716,Aqua,MODIS,90,6.2,300.8,44.7,D,0
22.2825,92.3764,341.3,1.1,1,2003-04-06,0716,Aqua,MODIS,89,6.2,302.7,39.3,D,0
22.2932,92.3851,362.5,1.1,1,2003-04-06,0716,Aqua,MODIS,100,6.2,302,94.3,D,0
22.2918,92.3748,341.2,1.1,1,2003-04-06,0716,Aqua,MODIS,89,6.2,302.1,38.9,D,0
22.3011,92.3733,354.5,1.1,1,2003-04-06,0716,Aqua,MODIS,97,6.2,301.9,67.7,D,0
24.1667,89.2508,320.4,1,1,2003-04-06,0717,Aqua,MODIS,56,6.2,304.4,7.5,D,0
23.6382,92.0632,315.9,1.1,1,2003-04-06,0717,Aqua,MODIS,58,6.2,301,6.2,D,0
23.0091,91.8269,317,1.1,1,2003-04-06,0717,Aqua,MODIS,31,6.2,298.2,5.6,D,0
22.9999,91.8283,326.7,1.1,1,2003-04-06,0717,Aqua,MODIS,77,6.2,298.9,16.1,D,0
22.9337,91.8141,328.1,1.1,1,2003-04-06,0717,Aqua,MODIS,78,6.2,296.1,18.1,D,0
23.6309,91.9353,319.3,1.1,1,2003-04-06,0717,Aqua,MODIS,67,6.2,301.2,9.1,D,0
23.4237,92.0446,324.8,1.1,1,2003-04-06,0717,Aqua,MODIS,75,6.2,300.2,16.8,D,0
22.9245,91.8155,318.4,1.1,1,2003-04-06,0717,Aqua,MODIS,61,6.2,295.9,7.4,D,0
23.4054,92.1229,318.2,1.1,1,2003-04-06,0717,Aqua,MODIS,64,6.2,300.3,8.5,D,0
22.9258,91.8257,317.4,1.1,1,2003-04-06,0717,Aqua,MODIS,58,6.2,295.7,6.6,D,0
23.3911,92.067,319.5,1.1,1,2003-04-06,0717,Aqua,MODIS,66,6.2,297.7,10.6,D,0
23.3818,92.0684,330.3,1.1,1,2003-04-06,0717,Aqua,MODIS,81,6.2,298.2,23.7,D,0
23.3795,92.1227,320.7,1.1,1,2003-04-06,0717,Aqua,MODIS,69,6.2,301,10.7,D,0
23.242,92.28,320.7,1.1,1,2003-04-06,0717,Aqua,MODIS,63,6.2,300.4,12.1,D,0
23.187,92.2733,317.2,1.1,1,2003-04-06,0717,Aqua,MODIS,57,6.2,298.9,6.8,D,0
23.0102,92.1077,319.4,1.1,1,2003-04-06,0717,Aqua,MODIS,63,6.2,295.7,8.2,D,0
23.0088,92.0972,343.9,1.1,1,2003-04-06,0717,Aqua,MODIS,91,6.2,298.6,45.6,D,0
22.9598,92.0838,345.1,1.1,1,2003-04-06,0717,Aqua,MODIS,92,6.2,300.8,46.3,D,0
22.9584,92.0735,321.1,1.1,1,2003-04-06,0717,Aqua,MODIS,63,6.2,300.3,9.2,D,0
22.9731,92.1135,325.2,1.1,1,2003-04-06,0717,Aqua,MODIS,74,6.2,298.8,14.2,D,0
22.9717,92.1032,324.5,1.1,1,2003-04-06,0717,Aqua,MODIS,63,6.2,301.8,13.1,D,0
23.4632,91.9847,315.6,1.1,1,2003-04-06,0717,Aqua,MODIS,56,6.2,299.8,5.8,D,0
24.1892,89.2165,322.6,1,1,2003-04-06,0717,Aqua,MODIS,66,6.2,304.6,9.7,D,0
24.1906,89.2263,324.7,1,1,2003-04-06,0717,Aqua,MODIS,72,6.2,301.6,11.8,D,0
24.1817,89.2279,327.1,1,1,2003-04-06,0717,Aqua,MODIS,46,6.2,304.7,13.3,D,0
24.1932,89.3065,316.9,1,1,2003-04-06,0717,Aqua,MODIS,45,6.2,299.1,5.4,D,0
22.9754,91.7763,325.2,1.1,1,2003-04-06,0717,Aqua,MODIS,75,6.2,298.9,14,D,0
22.9768,91.7865,321.3,1.1,1,2003-04-06,0717,Aqua,MODIS,68,6.2,299.6,9.6,D,0
23.3951,92.2463,331.3,1.6,1.2,2003-04-07,0454,Terra,MODIS,83,6.2,300.5,45.6,D,0
24.2575,89.146,339.7,1.1,1,2003-04-07,0454,Terra,MODIS,89,6.2,300.5,36.6,D,0
23.3978,92.2313,315.2,1.6,1.2,2003-04-07,0454,Terra,MODIS,56,6.2,300,12.1,D,0
24.2484,89.1443,320.4,1.1,1,2003-04-07,0454,Terra,MODIS,52,6.2,301,9.7,D,0
23.4061,92.2483,315.1,1.6,1.2,2003-04-07,0454,Terra,MODIS,57,6.2,301.7,12.3,D,0
21.0575,92.1762,315.7,1.7,1.3,2003-04-07,0455,Terra,MODIS,31,6.2,300.1,13.8,D,0
21.9464,92.3155,337.2,1.7,1.3,2003-04-07,0455,Terra,MODIS,86,6.2,303.8,65.7,D,0
21.8997,92.4431,317.9,1.7,1.3,2003-04-07,0455,Terra,MODIS,58,6.2,304.9,13.7,D,0
22.2907,92.3954,326.7,1.7,1.3,2003-04-07,0455,Terra,MODIS,76,6.2,303.3,35,D,0
22.0818,92.5259,340.6,1.8,1.3,2003-04-07,0455,Terra,MODIS,89,6.2,304.9,81.6,D,0
23.3946,92.2399,326.6,1.6,1.2,2003-04-07,0455,Terra,MODIS,59,6.2,300.1,35.7,D,0
22.6974,92.2583,318,1.6,1.3,2003-04-07,0455,Terra,MODIS,0,6.2,303.4,14.6,D,0
22.0852,92.5071,321.2,1.7,1.3,2003-04-07,0455,Terra,MODIS,67,6.2,302.4,23.7,D,0
22.0739,92.5041,339.7,1.7,1.3,2003-04-07,0455,Terra,MODIS,88,6.2,302.6,76.7,D,0
22.0708,92.5211,366.1,1.8,1.3,2003-04-07,0455,Terra,MODIS,100,6.2,303.9,214.7,D,0
23.0309,91.8192,324.2,1.5,1.2,2003-04-07,0455,Terra,MODIS,75,6.2,301.9,25.5,D,0
22.1902,92.5434,308.3,1.4,1.2,2003-04-07,1550,Terra,MODIS,74,6.2,295.7,11.1,N,0
22.066,92.2903,309.4,1.5,1.2,2003-04-07,1550,Terra,MODIS,77,6.2,295.4,13,N,0
21.9693,92.4591,311.6,1.4,1.2,2003-04-07,1550,Terra,MODIS,83,6.2,296.5,15.2,N,0
21.983,92.341,318.7,3,1.6,2003-04-08,0400,Terra,MODIS,53,6.2,295.8,45.5,D,0
21.9535,92.3372,347.8,3,1.6,2003-04-08,0400,Terra,MODIS,93,6.2,296.3,240.2,D,0
21.9682,92.3391,330.3,3,1.6,2003-04-08,0400,Terra,MODIS,79,6.2,296.6,103.3,D,0
22.0809,92.441,430.8,1,1,2003-04-08,0704,Aqua,MODIS,100,6.2,318.6,499.4,D,0
22.5804,92.2607,324.4,1,1,2003-04-08,0704,Aqua,MODIS,67,6.2,304,12.7,D,0
21.736,92.4157,335.5,1,1,2003-04-08,0704,Aqua,MODIS,85,6.2,303.6,26.9,D,0
21.7375,92.4254,370.7,1,1,2003-04-08,0704,Aqua,MODIS,100,6.2,306.2,113.6,D,0
21.9048,92.2505,329.6,1,1,2003-04-08,0704,Aqua,MODIS,78,6.2,305.1,17.3,D,0
21.8481,92.2968,343.3,1,1,2003-04-08,0704,Aqua,MODIS,90,6.2,304.7,39.7,D,0
21.9091,92.4023,337.2,1,1,2003-04-08,0704,Aqua,MODIS,86,6.2,307.3,27.6,D,0
21.9001,92.4039,361.6,1,1,2003-04-08,0704,Aqua,MODIS,100,6.2,307.1,81.5,D,0
21.8794,92.4436,333.1,1,1,2003-04-08,0704,Aqua,MODIS,82,6.2,309,19.4,D,0
23.6996,92.104,329.2,1,1,2003-04-08,0704,Aqua,MODIS,32,6.2,296.7,19.1,D,0
23.6981,92.0941,347.4,1,1,2003-04-08,0704,Aqua,MODIS,93,6.2,296.6,51,D,0
21.8703,92.4452,329.5,1,1,2003-04-08,0704,Aqua,MODIS,66,6.2,309.1,14.5,D,0
21.8493,92.4286,321.3,1,1,2003-04-08,0704,Aqua,MODIS,55,6.2,306.1,6.7,D,0
21.8402,92.4302,345.6,1,1,2003-04-08,0704,Aqua,MODIS,92,6.2,308.1,42.4,D,0
21.8268,92.4023,328.5,1,1,2003-04-08,0704,Aqua,MODIS,51,6.2,305.4,14.4,D,0
21.8895,92.4564,338.3,1,1,2003-04-08,0704,Aqua,MODIS,87,6.2,310.1,27.8,D,0
21.891,92.4664,383.5,1,1,2003-04-08,0704,Aqua,MODIS,100,6.2,314.8,161.6,D,0
22.7877,91.8665,320.9,1.1,1,2003-04-08,0704,Aqua,MODIS,59,6.2,302.8,8,D,0
22.7924,91.8969,323.8,1.1,1,2003-04-08,0704,Aqua,MODIS,72,6.2,302.7,11.3,D,0
22.7786,91.8681,322.2,1.1,1,2003-04-08,0704,Aqua,MODIS,69,6.2,302.7,9.8,D,0
21.8209,92.3016,341,1,1,2003-04-08,0704,Aqua,MODIS,89,6.2,304,34.6,D,0
22.9216,91.903,316.5,1,1,2003-04-08,0704,Aqua,MODIS,54,6.2,300.2,5.4,D,0
21.6217,92.4506,331.4,1,1,2003-04-08,0704,Aqua,MODIS,63,6.2,299.1,22.4,D,0
21.6233,92.4606,338.8,1,1,2003-04-08,0704,Aqua,MODIS,82,6.2,300.5,32.5,D,0
21.6248,92.4707,334.6,1,1,2003-04-08,0704,Aqua,MODIS,84,6.2,301.5,25.4,D,0
22.3055,92.3997,359.6,1,1,2003-04-08,0704,Aqua,MODIS,99,6.2,306.6,74.3,D,0
21.6173,92.4821,378.2,1,1,2003-04-08,0704,Aqua,MODIS,100,6.2,305.2,142,D,0
21.6077,92.4802,340,1,1,2003-04-08,0704,Aqua,MODIS,88,6.2,296.2,33.8,D,0
21.6639,92.4839,328.8,1,1,2003-04-08,0704,Aqua,MODIS,56,6.2,304,18.4,D,0
21.6534,92.476,382.4,1,1,2003-04-08,0704,Aqua,MODIS,100,6.2,308.6,159.8,D,0
21.6549,92.4855,406.9,1,1,2003-04-08,0704,Aqua,MODIS,100,6.2,310.3,299.8,D,0
21.6414,92.4578,337.6,1,1,2003-04-08,0704,Aqua,MODIS,81,6.2,299.4,30.2,D,0
21.6458,92.487,340.6,1,1,2003-04-08,0704,Aqua,MODIS,89,6.2,304.7,35,D,0
21.6368,92.4887,322.6,1,1,2003-04-08,0704,Aqua,MODIS,20,6.2,304.4,9.3,D,0
22.2679,92.396,376.2,1,1,2003-04-08,0704,Aqua,MODIS,100,6.2,307.1,130,D,0
22.2664,92.386,366.4,1,1,2003-04-08,0704,Aqua,MODIS,100,6.2,303.3,95.4,D,0
22.2754,92.3844,364.5,1,1,2003-04-08,0704,Aqua,MODIS,100,6.2,304.6,87.7,D,0
22.2874,92.4027,372.9,1,1,2003-04-08,0704,Aqua,MODIS,100,6.2,304.6,117.3,D,0
22.4549,92.2899,352.3,1,1,2003-04-08,0704,Aqua,MODIS,96,6.2,304.7,57.6,D,0
22.4534,92.2799,390.2,1,1,2003-04-08,0704,Aqua,MODIS,100,6.2,308.7,196.9,D,0
22.4639,92.2882,357.7,1,1,2003-04-08,0704,Aqua,MODIS,98,6.2,306,71.5,D,0
22.4624,92.2783,371.7,1,1,2003-04-08,0704,Aqua,MODIS,100,6.2,307.6,115.7,D,0
21.6778,92.3286,330.4,1,1,2003-04-08,0704,Aqua,MODIS,69,6.2,305,16.3,D,0
21.6763,92.3187,352.1,1,1,2003-04-08,0704,Aqua,MODIS,96,6.2,305.2,56.3,D,0
21.6876,92.3417,325.2,1,1,2003-04-08,0704,Aqua,MODIS,69,6.2,304.4,11.9,D,0
21.6861,92.3318,324.1,1,1,2003-04-08,0704,Aqua,MODIS,71,6.2,304.8,10.9,D,0
21.6846,92.3219,321,1,1,2003-04-08,0704,Aqua,MODIS,65,6.2,304.3,7.5,D,0
22.0078,92.3177,355.4,1,1,2003-04-08,0704,Aqua,MODIS,97,6.2,307.2,66.3,D,0
23.4705,91.9323,343,1,1,2003-04-08,0704,Aqua,MODIS,91,6.2,301.2,40.6,D,0
23.472,91.9423,324.9,1,1,2003-04-08,0704,Aqua,MODIS,56,6.2,297.7,13.9,D,0
23.4364,91.9441,328.6,1,1,2003-04-08,0704,Aqua,MODIS,80,6.2,296.4,18.5,D,0
21.4752,92.5793,319.2,1,1,2003-04-08,0704,Aqua,MODIS,61,6.2,306.2,7.2,D,0
21.7205,92.5587,329,1,1,2003-04-08,0704,Aqua,MODIS,78,6.2,304.2,15.7,D,0
21.722,92.5686,327.8,1,1,2003-04-08,0704,Aqua,MODIS,76,6.2,303.6,15,D,0
21.7117,92.5558,336.1,1,1,2003-04-08,0704,Aqua,MODIS,85,6.2,303.9,24.3,D,0
21.7132,92.5656,363.6,1,1,2003-04-08,0704,Aqua,MODIS,100,6.2,305.3,86.4,D,0
21.6998,92.5377,406.6,1,1,2003-04-08,0704,Aqua,MODIS,100,6.2,311.4,294.1,D,0
21.7012,92.5475,398.7,1,1,2003-04-08,0704,Aqua,MODIS,100,6.2,307.8,241.8,D,0
21.6907,92.5392,339.4,1,1,2003-04-08,0704,Aqua,MODIS,88,6.2,303.4,31.3,D,0
21.6922,92.549,339.9,1,1,2003-04-08,0704,Aqua,MODIS,88,6.2,303,31.8,D,0
23.3365,92.1426,333.7,1,1,2003-04-08,0704,Aqua,MODIS,65,6.2,299.5,24,D,0
23.3545,92.1394,333.8,1,1,2003-04-08,0704,Aqua,MODIS,66,6.2,299,23,D,0
23.3335,92.0001,338.4,1,1,2003-04-08,0704,Aqua,MODIS,88,6.2,299.2,32.9,D,0
23.332,91.9903,326.5,1,1,2003-04-08,0704,Aqua,MODIS,60,6.2,300.7,15.6,D,0
23.3636,92.1378,326.6,1,1,2003-04-08,0704,Aqua,MODIS,33,6.2,298.9,13.7,D,0
23.3621,92.1279,352,1,1,2003-04-08,0704,Aqua,MODIS,96,6.2,298.3,57.5,D,0
23.3711,92.1263,334.5,1,1,2003-04-08,0704,Aqua,MODIS,79,6.2,298.3,25.2,D,0
23.3696,92.1163,318.1,1,1,2003-04-08,0704,Aqua,MODIS,39,6.2,295.7,7.2,D,0
23.3801,92.1246,335.8,1,1,2003-04-08,0704,Aqua,MODIS,75,6.2,299,26.1,D,0
23.3786,92.1147,338.1,1,1,2003-04-08,0704,Aqua,MODIS,88,6.2,297.7,31.9,D,0
23.3787,92.0535,365.1,1,1,2003-04-08,0704,Aqua,MODIS,100,6.2,297.6,97,D,0
23.3667,91.9736,379.6,1,1,2003-04-08,0704,Aqua,MODIS,100,6.2,301.6,150.4,D,0
23.3652,91.9636,332.6,1,1,2003-04-08,0704,Aqua,MODIS,83,6.2,299.7,24.3,D,0
23.4026,92.1512,334.5,1,1,2003-04-08,0704,Aqua,MODIS,47,6.2,296.1,24.6,D,0
23.4018,92.0836,322.1,1,1,2003-04-08,0704,Aqua,MODIS,45,6.2,296.6,11.1,D,0
23.4003,92.0737,321.6,1,1,2003-04-08,0704,Aqua,MODIS,53,6.2,293.3,10.9,D,0
23.4273,92.1911,375.9,1,1,2003-04-08,0704,Aqua,MODIS,94,6.2,298,134.9,D,0
23.4258,92.1812,331.9,1,1,2003-04-08,0704,Aqua,MODIS,83,6.2,299,24.7,D,0
23.3833,91.8402,347.8,1,1,2003-04-08,0704,Aqua,MODIS,94,6.2,301.3,52.2,D,0
23.4244,92.0489,317.7,1,1,2003-04-08,0704,Aqua,MODIS,42,6.2,294.5,8.6,D,0
23.4031,91.9089,338.9,1,1,2003-04-08,0704,Aqua,MODIS,88,6.2,297.7,35.4,D,0
23.4122,91.9072,347.2,1,1,2003-04-08,0704,Aqua,MODIS,93,6.2,298.6,50.9,D,0
23.6652,92.116,365.5,1,1,2003-04-08,0704,Aqua,MODIS,87,6.2,292.7,98.3,D,0
21.4757,92.3972,320,1,1,2003-04-08,0704,Aqua,MODIS,64,6.2,303.5,7.5,D,0
21.4742,92.3877,326.9,1,1,2003-04-08,0704,Aqua,MODIS,76,6.2,304.7,15.4,D,0
21.4955,92.3428,333.7,1,1,2003-04-08,0704,Aqua,MODIS,83,6.2,306.3,24.4,D,0
21.5083,92.3759,322.1,1,1,2003-04-08,0704,Aqua,MODIS,68,6.2,304.3,10.1,D,0
21.5475,92.389,344.6,1,1,2003-04-08,0704,Aqua,MODIS,91,6.2,303.8,42.7,D,0
22.3155,92.5287,330.8,1,1,2003-04-08,0704,Aqua,MODIS,80,6.2,300.2,20.9,D,0
22.314,92.5189,324.2,1,1,2003-04-08,0704,Aqua,MODIS,71,6.2,301.5,12.4,D,0
23.7236,92.1405,349.5,1,1,2003-04-08,0704,Aqua,MODIS,95,6.2,299.7,50.1,D,0
23.725,92.1503,331.1,1,1,2003-04-08,0704,Aqua,MODIS,45,6.2,296.5,18.7,D,0
23.7146,92.1421,359.4,1,1,2003-04-08,0704,Aqua,MODIS,99,6.2,301,75.3,D,0
23.716,92.1519,357,1,1,2003-04-08,0704,Aqua,MODIS,90,6.2,299.6,67.2,D,0
23.7011,92.114,342.4,1,1,2003-04-08,0704,Aqua,MODIS,90,6.2,295.9,38.5,D,0
23.7056,92.1436,381.7,1,1,2003-04-08,0704,Aqua,MODIS,100,6.2,301.1,153,D,0
23.707,92.1535,386.5,1,1,2003-04-08,0704,Aqua,MODIS,100,6.2,298.8,174.8,D,0
23.6965,92.1452,398.3,1,1,2003-04-08,0704,Aqua,MODIS,100,6.2,304,241.2,D,0
23.698,92.1551,396.5,1,1,2003-04-08,0704,Aqua,MODIS,100,6.2,299.8,230.2,D,0
23.6995,92.1651,329.5,1,1,2003-04-08,0704,Aqua,MODIS,71,6.2,289.8,19.9,D,0
23.6831,92.1172,339.2,1,1,2003-04-08,0704,Aqua,MODIS,88,6.2,294.5,35,D,0
21.5727,92.5565,323.7,1,1,2003-04-08,0704,Aqua,MODIS,48,6.2,306.3,8.6,D,0
21.5742,92.5662,368.4,1,1,2003-04-08,0704,Aqua,MODIS,100,6.2,308.5,101.2,D,0
23.6619,91.9778,345,1,1,2003-04-08,0704,Aqua,MODIS,77,6.2,298.3,44.7,D,0
23.6112,91.9416,316.2,1,1,2003-04-08,0704,Aqua,MODIS,50,6.2,292.9,8.1,D,0
23.6741,92.1754,348.5,1,1,2003-04-08,0704,Aqua,MODIS,77,6.2,285.3,48,D,0
22.4275,92.4721,332.6,1,1,2003-04-08,0704,Aqua,MODIS,82,6.2,303.9,22.2,D,0
22.4185,92.4738,360.7,1,1,2003-04-08,0704,Aqua,MODIS,100,6.2,306,81,D,0
22.42,92.4836,323.4,1,1,2003-04-08,0704,Aqua,MODIS,69,6.2,304.4,11.4,D,0
22.1336,92.4217,356.9,1,1,2003-04-08,0704,Aqua,MODIS,98,6.2,303.7,70,D,0
22.1351,92.4314,381,1,1,2003-04-08,0704,Aqua,MODIS,100,6.2,306.8,152.5,D,0
22.099,92.4379,327.4,1,1,2003-04-08,0704,Aqua,MODIS,70,6.2,305.1,13.4,D,0
22.384,92.49,371.2,1,1,2003-04-08,0704,Aqua,MODIS,100,6.2,306.2,113.3,D,0
22.09,92.4395,349.6,1,1,2003-04-08,0704,Aqua,MODIS,94,6.2,308.7,49.3,D,0
22.0914,92.4493,402.3,1,1,2003-04-08,0704,Aqua,MODIS,100,6.2,313,262.1,D,0
22.093,92.4594,393.4,1,1,2003-04-08,0704,Aqua,MODIS,100,6.2,310,208,D,0
22.0945,92.4694,489.2,1,1,2003-04-08,0704,Aqua,MODIS,100,6.2,337.8,1407.9,D,0
22.0959,92.4792,427.3,1,1,2003-04-08,0704,Aqua,MODIS,100,6.2,308.8,463.9,D,0
22.0794,92.4311,377.5,1,1,2003-04-08,0704,Aqua,MODIS,100,6.2,310.5,135.4,D,0
22.0824,92.451,410.1,1,1,2003-04-08,0704,Aqua,MODIS,100,6.2,312,317.2,D,0
22.0839,92.461,377.6,1,1,2003-04-08,0704,Aqua,MODIS,100,6.2,307.3,135.1,D,0
22.0855,92.471,427.5,1,1,2003-04-08,0704,Aqua,MODIS,100,6.2,314.7,467.1,D,0
22.0869,92.4808,361.1,1,1,2003-04-08,0704,Aqua,MODIS,100,6.2,302,80.5,D,0
22.0704,92.4327,332.3,1,1,2003-04-08,0704,Aqua,MODIS,81,6.2,305.9,19.3,D,0
22.0719,92.4426,365.5,1,1,2003-04-08,0704,Aqua,MODIS,100,6.2,307.4,92.3,D,0
22.0734,92.4525,337.3,1,1,2003-04-08,0704,Aqua,MODIS,86,6.2,302.1,26.3,D,0
21.8611,92.5077,333.3,1,1,2003-04-08,0704,Aqua,MODIS,71,6.2,302.5,23.3,D,0
21.8717,92.5164,352.8,1,1,2003-04-08,0704,Aqua,MODIS,91,6.2,300.6,59.7,D,0
22.0764,92.4725,333.6,1,1,2003-04-08,0704,Aqua,MODIS,82,6.2,298.3,24.4,D,0
22.0779,92.4824,320.6,1,1,2003-04-08,0704,Aqua,MODIS,39,6.2,292.2,7.8,D,0
22.1424,92.4808,366.6,1,1,2003-04-08,0704,Aqua,MODIS,100,6.2,305.8,97.4,D,0
22.1305,92.4627,347.1,1,1,2003-04-08,0704,Aqua,MODIS,93,6.2,304.9,44.5,D,0
22.132,92.4726,346.6,1,1,2003-04-08,0704,Aqua,MODIS,92,6.2,303.8,43.1,D,0
22.1334,92.4825,403,1,1,2003-04-08,0704,Aqua,MODIS,100,6.2,307.8,268.3,D,0
22.1035,92.4677,337.9,1,1,2003-04-08,0704,Aqua,MODIS,78,6.2,304.2,26.7,D,0
22.2994,92.4207,345.3,1,1,2003-04-08,0704,Aqua,MODIS,92,6.2,306.7,42.5,D,0
22.2109,92.4421,349,1,1,2003-04-08,0704,Aqua,MODIS,94,6.2,301.8,49.5,D,0
22.2019,92.4438,396.5,1,1,2003-04-08,0704,Aqua,MODIS,100,6.2,308.3,229.1,D,0
22.2034,92.4537,387.7,1,1,2003-04-08,0704,Aqua,MODIS,100,6.2,307.1,182.7,D,0
21.7763,92.4986,330.9,1,1,2003-04-08,0704,Aqua,MODIS,80,6.2,305.4,19.2,D,0
21.8144,92.5661,329.9,1,1,2003-04-08,0704,Aqua,MODIS,69,6.2,303.1,19.6,D,0
21.8129,92.5564,326.4,1,1,2003-04-08,0704,Aqua,MODIS,46,6.2,303.5,15.3,D,0
22.2049,92.4635,348.4,1,1,2003-04-08,0704,Aqua,MODIS,94,6.2,304,50.2,D,0
22.1929,92.4454,363.9,1,1,2003-04-08,0704,Aqua,MODIS,100,6.2,304.1,89.1,D,0
22.1944,92.4554,336.9,1,1,2003-04-08,0704,Aqua,MODIS,86,6.2,303.1,28.7,D,0
22.1959,92.4653,320.8,1,1,2003-04-08,0704,Aqua,MODIS,46,6.2,302.2,8.9,D,0
21.4574,92.4611,325,1,1,2003-04-08,0704,Aqua,MODIS,37,6.2,300.3,11.3,D,0
21.4378,92.4544,350.2,1,1,2003-04-08,0704,Aqua,MODIS,95,6.2,303.2,54.1,D,0
21.4164,92.4348,381.1,1,1,2003-04-08,0704,Aqua,MODIS,100,6.2,306.4,156.1,D,0
21.4179,92.4443,343.2,1,1,2003-04-08,0704,Aqua,MODIS,91,6.2,305.1,40.5,D,0
22.2151,92.532,319.4,1,1,2003-04-08,0704,Aqua,MODIS,35,6.2,301.7,7.6,D,0
22.2136,92.5221,322.8,1,1,2003-04-08,0704,Aqua,MODIS,47,6.2,305.8,10.2,D,0
21.5757,92.576,368.4,1,1,2003-04-08,0704,Aqua,MODIS,100,6.2,309.3,99.8,D,0
21.5862,92.5844,367.6,1,1,2003-04-08,0704,Aqua,MODIS,100,6.2,308.8,98.5,D,0
21.5456,92.5611,348.1,1,1,2003-04-08,0704,Aqua,MODIS,93,6.2,310.5,47.2,D,0
21.5471,92.5709,336.1,1,1,2003-04-08,0704,Aqua,MODIS,85,6.2,307.8,24.5,D,0
21.525,92.5402,357.7,1,1,2003-04-08,0704,Aqua,MODIS,98,6.2,306,73.4,D,0
21.5265,92.5501,360.8,1,1,2003-04-08,0704,Aqua,MODIS,100,6.2,306.2,80.6,D,0
21.8925,92.4762,379.3,1,1,2003-04-08,0704,Aqua,MODIS,100,6.2,310.2,144.8,D,0
21.4964,92.5353,339.9,1,1,2003-04-08,0704,Aqua,MODIS,88,6.2,303,36.2,D,0
21.8808,92.4536,355.4,1,1,2003-04-08,0704,Aqua,MODIS,97,6.2,309.5,62.2,D,0
21.8823,92.4633,381,1,1,2003-04-08,0704,Aqua,MODIS,100,6.2,311.1,147.7,D,0
21.8838,92.4732,335.2,1,1,2003-04-08,0704,Aqua,MODIS,70,6.2,306.4,19.4,D,0
21.4874,92.537,344.2,1,1,2003-04-08,0704,Aqua,MODIS,91,6.2,303.2,44,D,0
21.4889,92.5467,327.4,1,1,2003-04-08,0704,Aqua,MODIS,77,6.2,303.7,16.6,D,0
21.4755,92.5193,325.9,1,1,2003-04-08,0704,Aqua,MODIS,61,6.2,297.3,15.2,D,0
21.4737,92.5694,319.9,1,1,2003-04-08,0704,Aqua,MODIS,60,6.2,306.1,8.3,D,0
21.4265,92.564,320.5,1,1,2003-04-08,0704,Aqua,MODIS,62,6.2,302,11.6,D,0
21.8882,92.5029,394,1,1,2003-04-08,0704,Aqua,MODIS,100,6.2,309.9,215.4,D,0
21.8897,92.5131,365.2,1,1,2003-04-08,0704,Aqua,MODIS,100,6.2,302.3,93.3,D,0
21.8792,92.5046,365.8,1,1,2003-04-08,0704,Aqua,MODIS,100,6.2,306.6,93.1,D,0
21.8807,92.5148,374,1,1,2003-04-08,0704,Aqua,MODIS,100,6.2,302.1,123.6,D,0
22.8074,92.3042,325.9,1,1,2003-04-08,0704,Aqua,MODIS,71,6.2,304.2,14.1,D,0
22.1764,92.3975,367.9,1,1,2003-04-08,0704,Aqua,MODIS,100,6.2,305.5,103.5,D,0
22.1779,92.4075,358.6,1,1,2003-04-08,0704,Aqua,MODIS,99,6.2,304.2,74.7,D,0
22.1674,92.3991,365.3,1,1,2003-04-08,0704,Aqua,MODIS,100,6.2,305.3,94.6,D,0
22.1689,92.4091,338.3,1,1,2003-04-08,0704,Aqua,MODIS,87,6.2,303,30.6,D,0
22.7044,92.4155,320.4,1,1,2003-04-08,0704,Aqua,MODIS,63,6.2,303.4,7.2,D,0
22.7102,92.4549,347.6,1,1,2003-04-08,0704,Aqua,MODIS,93,6.2,304.9,47.1,D,0
22.7116,92.4646,322.8,1,1,2003-04-08,0704,Aqua,MODIS,67,6.2,302.1,9.5,D,0
21.7997,92.2234,328.8,1,1,2003-04-08,0704,Aqua,MODIS,76,6.2,305.6,15.6,D,0
21.7891,92.215,324.3,1,1,2003-04-08,0704,Aqua,MODIS,63,6.2,306.7,9.1,D,0
21.7906,92.2251,338.2,1,1,2003-04-08,0704,Aqua,MODIS,87,6.2,305.9,28.9,D,0
21.7664,92.2498,327,1,1,2003-04-08,0704,Aqua,MODIS,76,6.2,305.8,13.5,D,0
23.6564,91.9949,357.9,1,1,2003-04-08,0704,Aqua,MODIS,99,6.2,300.1,71.5,D,0
23.6635,91.9878,364.3,1,1,2003-04-08,0704,Aqua,MODIS,87,6.2,300.4,91.7,D,0
21.5505,92.4087,339.6,1,1,2003-04-08,0704,Aqua,MODIS,88,6.2,301.9,31.7,D,0
21.5459,92.44,389.5,1,1,2003-04-08,0704,Aqua,MODIS,100,6.2,306.4,192.6,D,0
21.5354,92.4316,346.6,1,1,2003-04-08,0704,Aqua,MODIS,93,6.2,302.6,45.2,D,0
21.5369,92.4416,373,1,1,2003-04-08,0704,Aqua,MODIS,100,6.2,305.1,119.7,D,0
22.9344,92.2852,335.1,1,1,2003-04-08,0704,Aqua,MODIS,85,6.2,302,25.9,D,0
22.9358,92.2951,387.9,1,1,2003-04-08,0704,Aqua,MODIS,100,6.2,304.6,184.8,D,0
22.9373,92.305,339.6,1,1,2003-04-08,0704,Aqua,MODIS,88,6.2,300.2,34.3,D,0
22.9253,92.2868,342.1,1,1,2003-04-08,0704,Aqua,MODIS,90,6.2,302.3,37.5,D,0
22.9268,92.2967,342.6,1,1,2003-04-08,0704,Aqua,MODIS,90,6.2,301.1,39.2,D,0
22.9283,92.3067,316,1,1,2003-04-08,0704,Aqua,MODIS,40,6.2,299.1,4.6,D,0
22.9327,92.3361,329.2,1,1,2003-04-08,0704,Aqua,MODIS,61,6.2,300.4,18.8,D,0
22.9162,92.3491,357.1,1,1,2003-04-08,0704,Aqua,MODIS,98,6.2,299.9,72.3,D,0
22.9013,92.3116,362,1,1,2003-04-08,0704,Aqua,MODIS,100,6.2,304.7,85.1,D,0
22.9028,92.3213,326.7,1,1,2003-04-08,0704,Aqua,MODIS,76,6.2,301.7,15.7,D,0
22.8773,92.275,318.7,1,1,2003-04-08,0704,Aqua,MODIS,0,6.2,304,5.9,D,0
22.4503,92.321,318.6,1,1,2003-04-08,0704,Aqua,MODIS,55,6.2,305,5.9,D,0
21.6203,92.1955,321,1.1,1,2003-04-08,0704,Aqua,MODIS,66,6.2,303.7,8.3,D,0
21.8718,92.4552,339.2,1,1,2003-04-08,0704,Aqua,MODIS,87,6.2,309.2,29.2,D,0
21.8733,92.465,342.2,1,1,2003-04-08,0704,Aqua,MODIS,90,6.2,306.3,34.1,D,0
21.8747,92.4748,333,1,1,2003-04-08,0704,Aqua,MODIS,77,6.2,305.4,18.2,D,0
21.7468,92.1779,357.8,1.1,1,2003-04-08,0704,Aqua,MODIS,98,6.2,305.5,73,D,0
21.7483,92.1881,327.8,1,1,2003-04-08,0704,Aqua,MODIS,77,6.2,306.1,14,D,0
21.7194,92.1827,320.9,1.1,1,2003-04-08,0704,Aqua,MODIS,56,6.2,303.2,6.3,D,0
21.7103,92.1843,345.5,1.1,1,2003-04-08,0704,Aqua,MODIS,92,6.2,304.1,44.3,D,0
21.7119,92.1944,321.2,1,1,2003-04-08,0704,Aqua,MODIS,45,6.2,301.4,6.9,D,0
21.5474,92.45,351.9,1,1,2003-04-08,0704,Aqua,MODIS,96,6.2,301.1,56,D,0
21.5384,92.4515,388.9,1,1,2003-04-08,0704,Aqua,MODIS,100,6.2,303.8,190.1,D,0
21.5399,92.4615,337.7,1,1,2003-04-08,0704,Aqua,MODIS,87,6.2,295.1,29.8,D,0
22.8342,92.4206,337.5,1,1,2003-04-08,0704,Aqua,MODIS,87,6.2,302.2,30.1,D,0
21.5293,92.4531,323.7,1,1,2003-04-08,0704,Aqua,MODIS,55,6.2,301.7,11,D,0
21.4755,92.4579,378.8,1,1,2003-04-08,0704,Aqua,MODIS,100,6.2,306,144.2,D,0
21.477,92.4679,344.8,1,1,2003-04-08,0704,Aqua,MODIS,92,6.2,301,41.7,D,0
21.4815,92.4977,323.9,1,1,2003-04-08,0704,Aqua,MODIS,36,6.2,300.2,13.8,D,0
21.4739,92.5091,363.6,1,1,2003-04-08,0704,Aqua,MODIS,100,6.2,303.3,90.6,D,0
23.3031,91.8612,321.4,1,1,2003-04-08,0704,Aqua,MODIS,65,6.2,295.4,10.9,D,0
23.3015,91.8512,333.3,1,1,2003-04-08,0704,Aqua,MODIS,84,6.2,300,26,D,0
23.3106,91.8496,334.2,1,1,2003-04-08,0704,Aqua,MODIS,85,6.2,300.6,27,D,0
23.3089,91.777,319.8,1.1,1,2003-04-08,0704,Aqua,MODIS,67,6.2,299.7,9,D,0
23.3226,91.8057,318.6,1,1,2003-04-08,0704,Aqua,MODIS,64,6.2,300.3,8,D,0
22.1524,92.2391,332.2,1,1,2003-04-08,0704,Aqua,MODIS,82,6.2,304.6,21.2,D,0
22.1554,92.2589,324.2,1,1,2003-04-08,0704,Aqua,MODIS,71,6.2,304.1,11.1,D,0
22.1464,92.2605,337.1,1,1,2003-04-08,0704,Aqua,MODIS,86,6.2,305,28.8,D,0
22.1479,92.2704,322.4,1,1,2003-04-08,0704,Aqua,MODIS,57,6.2,304.2,8.8,D,0
21.3759,92.1651,338.7,1.1,1,2003-04-08,0704,Aqua,MODIS,87,6.2,304,33.5,D,0
21.3774,92.1752,321.9,1.1,1,2003-04-08,0704,Aqua,MODIS,68,6.2,302.4,9.5,D,0
21.8642,92.4666,326.1,1,1,2003-04-08,0704,Aqua,MODIS,74,6.2,306.4,12.2,D,0
22.0213,92.3458,407.4,1,1,2003-04-08,0704,Aqua,MODIS,100,6.2,313.1,301.5,D,0
22.0228,92.3558,405.4,1,1,2003-04-08,0704,Aqua,MODIS,100,6.2,310.4,287,D,0
21.8657,92.4764,327.6,1,1,2003-04-08,0704,Aqua,MODIS,72,6.2,304.5,13.1,D,0
22.7456,92.0193,356.7,1,1,2003-04-08,0704,Aqua,MODIS,98,6.2,298.1,72.3,D,0
22.75,91.9874,340.7,1,1,2003-04-08,0704,Aqua,MODIS,89,6.2,302.9,36.5,D,0
22.7485,91.9773,327.7,1,1,2003-04-08,0704,Aqua,MODIS,77,6.2,303.7,17.3,D,0
22.7439,91.9472,318.7,1,1,2003-04-08,0704,Aqua,MODIS,54,6.2,300.1,8.1,D,0
22.7878,91.9288,322.1,1,1,2003-04-08,0704,Aqua,MODIS,69,6.2,298.4,10.4,D,0
21.8672,92.4862,335.4,1,1,2003-04-08,0704,Aqua,MODIS,84,6.2,305,23.7,D,0
21.9647,92.4636,322.2,1,1,2003-04-08,0704,Aqua,MODIS,65,6.2,306.4,7,D,0
21.9662,92.4736,335.2,1,1,2003-04-08,0704,Aqua,MODIS,84,6.2,305.7,24.4,D,0
22.0942,92.5294,368.2,1,1,2003-04-08,0704,Aqua,MODIS,100,6.2,306.3,101.7,D,0
22.0957,92.5392,396.3,1,1,2003-04-08,0704,Aqua,MODIS,100,6.2,310.4,228.5,D,0
22.0093,92.3276,353.3,1,1,2003-04-08,0704,Aqua,MODIS,96,6.2,305.5,59.6,D,0
22.0122,92.3474,324.7,1,1,2003-04-08,0704,Aqua,MODIS,70,6.2,304.7,10.7,D,0
22.0137,92.3572,321.4,1,1,2003-04-08,0704,Aqua,MODIS,43,6.2,304,7,D,0
22.0002,92.3293,394,1,1,2003-04-08,0704,Aqua,MODIS,100,6.2,308.8,217,D,0
22.0017,92.3391,347.9,1,1,2003-04-08,0704,Aqua,MODIS,93,6.2,306.2,47.1,D,0
21.9911,92.3308,334.6,1,1,2003-04-08,0704,Aqua,MODIS,83,6.2,304.6,23,D,0
21.9926,92.3407,354.3,1,1,2003-04-08,0704,Aqua,MODIS,97,6.2,305.8,61.8,D,0
22.0104,92.5199,355,1,1,2003-04-08,0704,Aqua,MODIS,97,6.2,298.7,64.6,D,0
22.0119,92.5299,388.1,1,1,2003-04-08,0704,Aqua,MODIS,100,6.2,297.4,185.5,D,0
21.973,92.334,327.9,1,1,2003-04-08,0704,Aqua,MODIS,76,6.2,305.4,15.9,D,0
21.997,92.4926,336.3,1,1,2003-04-08,0704,Aqua,MODIS,85,6.2,298.8,27.4,D,0
21.9985,92.5022,332.6,1,1,2003-04-08,0704,Aqua,MODIS,73,6.2,296,22.7,D,0
22.0014,92.5215,367.6,1,1,2003-04-08,0704,Aqua,MODIS,94,6.2,302.9,101.6,D,0
22.0044,92.5412,319.9,1,1,2003-04-08,0704,Aqua,MODIS,36,6.2,291.8,7.7,D,0
21.9867,92.2397,320.5,1,1,2003-04-08,0704,Aqua,MODIS,62,6.2,304.6,8,D,0
21.9882,92.2497,340.2,1,1,2003-04-08,0704,Aqua,MODIS,88,6.2,305.8,35.1,D,0
21.9943,92.2902,323.4,1,1,2003-04-08,0704,Aqua,MODIS,57,6.2,299,10.6,D,0
21.9958,92.3001,327.1,1,1,2003-04-08,0704,Aqua,MODIS,64,6.2,301.7,14.6,D,0
21.494,92.3328,341.7,1,1,2003-04-08,0704,Aqua,MODIS,90,6.2,306.2,38,D,0
21.9987,92.3193,383,1,1,2003-04-08,0704,Aqua,MODIS,100,6.2,309.3,162.5,D,0
21.9867,92.3016,346.8,1,1,2003-04-08,0704,Aqua,MODIS,93,6.2,301.1,44.8,D,0
22.4936,92.4246,367.8,1,1,2003-04-08,0704,Aqua,MODIS,100,6.2,304.6,102,D,0
22.4921,92.4147,323.5,1,1,2003-04-08,0704,Aqua,MODIS,59,6.2,303.4,11.6,D,0
22.5026,92.423,353,1,1,2003-04-08,0704,Aqua,MODIS,96,6.2,304.3,59.1,D,0
22.5011,92.4131,328.3,1,1,2003-04-08,0704,Aqua,MODIS,74,6.2,304.1,16.4,D,0
22.9392,92.1318,331,1,1,2003-04-08,0704,Aqua,MODIS,81,6.2,299.5,20.7,D,0
22.9316,92.1432,319.1,1,1,2003-04-08,0704,Aqua,MODIS,49,6.2,301.3,7.6,D,0
21.6187,92.4919,325.9,1,1,2003-04-08,0704,Aqua,MODIS,57,6.2,302.8,13.3,D,0
22.3825,92.4802,330.7,1,1,2003-04-08,0704,Aqua,MODIS,80,6.2,304.7,19,D,0
23.2661,92.1608,328,1,1,2003-04-08,0704,Aqua,MODIS,79,6.2,300.5,16.7,D,0
23.2646,92.1509,324.1,1,1,2003-04-08,0704,Aqua,MODIS,53,6.2,299.8,11.4,D,0
23.2631,92.1411,318.9,1,1,2003-04-08,0704,Aqua,MODIS,26,6.2,301,6.4,D,0
23.2616,92.1312,324.1,1,1,2003-04-08,0704,Aqua,MODIS,43,6.2,301.1,11.4,D,0
23.2721,92.1394,323.6,1,1,2003-04-08,0704,Aqua,MODIS,36,6.2,301.1,10.5,D,0
23.3097,92.1428,343.8,1,1,2003-04-08,0704,Aqua,MODIS,91,6.2,296.3,40.1,D,0
23.3082,92.1329,354.8,1,1,2003-04-08,0704,Aqua,MODIS,97,6.2,299.7,64.8,D,0
23.3184,92.1459,327.2,1,1,2003-04-08,0704,Aqua,MODIS,78,6.2,293.6,16.1,D,0
23.3154,92.1261,355.4,1,1,2003-04-08,0704,Aqua,MODIS,97,6.2,299.9,67.9,D,0
23.332,92.174,328.5,1,1,2003-04-08,0704,Aqua,MODIS,56,6.2,296.2,17.8,D,0
23.3275,92.0832,330.7,1,1,2003-04-08,0704,Aqua,MODIS,78,6.2,294.7,22.3,D,0
21.9149,92.0155,318.7,1.1,1,2003-04-08,0704,Aqua,MODIS,49,6.2,298.1,7.6,D,0
22.4066,92.2168,324.3,1,1,2003-04-08,0704,Aqua,MODIS,71,6.2,304.3,12.6,D,0
22.3982,92.2136,325.1,1,1,2003-04-08,0704,Aqua,MODIS,60,6.2,304.5,12.6,D,0
22.3997,92.2236,328.2,1,1,2003-04-08,0704,Aqua,MODIS,77,6.2,304.4,16,D,0
23.2173,92.1457,322.6,1,1,2003-04-08,0704,Aqua,MODIS,71,6.2,297.6,11.7,D,0
23.1933,92.109,341.6,1,1,2003-04-08,0704,Aqua,MODIS,90,6.2,303.6,37.8,D,0
23.1948,92.119,323.4,1,1,2003-04-08,0704,Aqua,MODIS,73,6.2,302.2,11,D,0
23.1662,92.0526,323.9,1,1,2003-04-08,0704,Aqua,MODIS,73,6.2,302.1,13.1,D,0
23.1677,92.0626,316.3,1,1,2003-04-08,0704,Aqua,MODIS,51,6.2,299.5,5.1,D,0
23.1345,92.0275,321.2,1,1,2003-04-08,0704,Aqua,MODIS,69,6.2,299.3,9.4,D,0
23.1164,92.0308,326,1,1,2003-04-08,0704,Aqua,MODIS,53,6.2,302.1,13.1,D,0
21.6897,92.4082,394.9,1,1,2003-04-08,0704,Aqua,MODIS,94,6.2,304.7,224,D,0
21.6882,92.3982,359.1,1,1,2003-04-08,0704,Aqua,MODIS,94,6.2,305.4,76.4,D,0
21.6967,92.4013,367.5,1,1,2003-04-08,0704,Aqua,MODIS,100,6.2,305.2,102.2,D,0
21.6952,92.3915,339.6,1,1,2003-04-08,0704,Aqua,MODIS,88,6.2,299.9,33.1,D,0
21.7057,92.3998,338.4,1,1,2003-04-08,0704,Aqua,MODIS,86,6.2,302.4,31.4,D,0
21.7163,92.4083,355,1,1,2003-04-08,0704,Aqua,MODIS,97,6.2,302.4,65.9,D,0
21.7148,92.3983,353.9,1,1,2003-04-08,0704,Aqua,MODIS,97,6.2,304.8,62.8,D,0
23.1179,92.0408,335.1,1,1,2003-04-08,0704,Aqua,MODIS,85,6.2,301.6,25.8,D,0
23.127,92.1005,319.7,1,1,2003-04-08,0704,Aqua,MODIS,66,6.2,302.3,8.3,D,0
23.1184,92.1588,327.5,1,1,2003-04-08,0704,Aqua,MODIS,57,6.2,302.2,16.6,D,0
23.1078,92.1504,340.5,1,1,2003-04-08,0704,Aqua,MODIS,89,6.2,298.9,34.9,D,0
23.0823,92.104,337.7,1,1,2003-04-08,0704,Aqua,MODIS,87,6.2,298.2,29.9,D,0
23.0943,92.1834,326.4,1,1,2003-04-08,0704,Aqua,MODIS,76,6.2,299.2,15.5,D,0
23.0792,92.1453,361.4,1,1,2003-04-08,0704,Aqua,MODIS,100,6.2,303.7,82.7,D,0
23.0807,92.1553,326.7,1,1,2003-04-08,0704,Aqua,MODIS,59,6.2,300,14.9,D,0
23.0702,92.147,345.8,1,1,2003-04-08,0704,Aqua,MODIS,92,6.2,301.4,45.9,D,0
23.0461,92.049,333,1,1,2003-04-08,0704,Aqua,MODIS,83,6.2,302.3,23.5,D,0
23.0476,92.059,331.2,1,1,2003-04-08,0704,Aqua,MODIS,82,6.2,301.7,20.7,D,0
23.0461,92.1105,315.2,1,1,2003-04-08,0704,Aqua,MODIS,37,6.2,299.3,4.2,D,0
23.0201,92.0604,328.3,1,1,2003-04-08,0704,Aqua,MODIS,58,6.2,302.2,16.2,D,0
23.0232,92.0805,332,1,1,2003-04-08,0704,Aqua,MODIS,71,6.2,299,21.3,D,0
23.0351,92.1599,328,1,1,2003-04-08,0704,Aqua,MODIS,78,6.2,301.4,17.2,D,0
23.0365,92.1699,327.7,1,1,2003-04-08,0704,Aqua,MODIS,78,6.2,300.2,16.8,D,0
23.0096,92.052,317.8,1,1,2003-04-08,0704,Aqua,MODIS,38,6.2,300.9,5.6,D,0
23.0201,92.1219,320.3,1,1,2003-04-08,0704,Aqua,MODIS,25,6.2,298.9,10.2,D,0
21.6092,92.4902,342.4,1,1,2003-04-08,0704,Aqua,MODIS,90,6.2,301.5,37.9,D,0
22.6474,92.4053,321,1,1,2003-04-08,0704,Aqua,MODIS,64,6.2,305.5,7.4,D,0
22.0691,92.2399,355.7,1,1,2003-04-08,0704,Aqua,MODIS,97,6.2,304.5,67.5,D,0
22.0706,92.25,353.7,1,1,2003-04-08,0704,Aqua,MODIS,96,6.2,304.7,62.3,D,0
22.0631,92.2618,350.8,1,1,2003-04-08,0704,Aqua,MODIS,95,6.2,306.9,54.9,D,0
22.0646,92.2719,332.6,1,1,2003-04-08,0704,Aqua,MODIS,81,6.2,305.6,21.7,D,0
22.0396,92.2821,357.2,1,1,2003-04-08,0704,Aqua,MODIS,98,6.2,303.5,72.4,D,0
22.1047,92.5377,433.7,1,1,2003-04-08,0704,Aqua,MODIS,100,6.2,317,528.2,D,0
22.1033,92.5279,446.2,1,1,2003-04-08,0704,Aqua,MODIS,100,6.2,323.6,673.9,D,0
22.1018,92.5182,346.4,1,1,2003-04-08,0704,Aqua,MODIS,90,6.2,303.7,44.4,D,0
22.1137,92.5361,398.8,1,1,2003-04-08,0704,Aqua,MODIS,100,6.2,309.2,241.5,D,0
22.1123,92.5264,383.1,1,1,2003-04-08,0704,Aqua,MODIS,100,6.2,308,159.5,D,0
22.1439,92.4909,348.1,1,1,2003-04-08,0704,Aqua,MODIS,93,6.2,302.7,49.2,D,0
22.1529,92.4892,325.8,1,1,2003-04-08,0704,Aqua,MODIS,52,6.2,303.3,14.7,D,0
22.0411,92.2917,362.4,1,1,2003-04-08,0704,Aqua,MODIS,100,6.2,304.8,86.9,D,0
23.184,92.2937,319,1,1,2003-04-08,0704,Aqua,MODIS,48,6.2,298.5,7.5,D,0
23.193,92.2921,340.8,1,1,2003-04-08,0704,Aqua,MODIS,89,6.2,299.3,35.6,D,0
23.211,92.2889,337.8,1,1,2003-04-08,0704,Aqua,MODIS,87,6.2,300.4,31.7,D,0
23.235,92.2644,335.8,1,1,2003-04-08,0704,Aqua,MODIS,86,6.2,298.9,28.6,D,0
21.827,92.157,321.4,1.1,1,2003-04-08,0704,Aqua,MODIS,62,6.2,303.8,7.5,D,0
21.8255,92.1471,321.8,1.1,1,2003-04-08,0704,Aqua,MODIS,67,6.2,303.5,8.5,D,0
21.5581,92.3972,361.1,1,1,2003-04-08,0704,Aqua,MODIS,100,6.2,305,81.8,D,0
21.5566,92.3873,369.1,1,1,2003-04-08,0704,Aqua,MODIS,100,6.2,307.5,107.4,D,0
21.5551,92.3775,332.2,1,1,2003-04-08,0704,Aqua,MODIS,82,6.2,305.1,21.3,D,0
21.8224,92.3115,345.3,1,1,2003-04-08,0704,Aqua,MODIS,92,6.2,301.5,43.2,D,0
21.7951,92.3163,332.9,1,1,2003-04-08,0704,Aqua,MODIS,82,6.2,301.5,23.2,D,0
23.2336,92.2545,329.6,1,1,2003-04-08,0704,Aqua,MODIS,74,6.2,298.8,19.1,D,0
23.3678,92.2894,319.4,1,1,2003-04-08,0704,Aqua,MODIS,57,6.2,289.6,10.5,D,0
21.8986,92.394,333.6,1,1,2003-04-08,0704,Aqua,MODIS,83,6.2,307,22.2,D,0
22.9243,91.7985,327.9,1.1,1,2003-04-08,0704,Aqua,MODIS,78,6.2,298.4,16.8,D,0
22.9334,91.7968,348.9,1.1,1,2003-04-08,0704,Aqua,MODIS,94,6.2,302.5,53.5,D,0
22.9303,91.7765,330.6,1.1,1,2003-04-08,0704,Aqua,MODIS,81,6.2,301.7,20.6,D,0
22.9441,91.8053,333.3,1.1,1,2003-04-08,0704,Aqua,MODIS,83,6.2,303.1,24.5,D,0
23.0152,91.7856,322,1.1,1,2003-04-08,0704,Aqua,MODIS,70,6.2,301.1,11.1,D,0
23.0136,91.7754,321.3,1.1,1,2003-04-08,0704,Aqua,MODIS,69,6.2,301.9,10.2,D,0
21.9715,92.3241,333,1,1,2003-04-08,0704,Aqua,MODIS,82,6.2,304.8,22.8,D,0
21.9549,92.2761,340.1,1,1,2003-04-08,0704,Aqua,MODIS,81,6.2,306.1,34.6,D,0
21.9596,92.3064,389.1,1,1,2003-04-08,0704,Aqua,MODIS,100,6.2,302.6,193.6,D,0
21.9351,92.2656,324.6,1,1,2003-04-08,0704,Aqua,MODIS,72,6.2,303,11.4,D,0
21.9366,92.2756,325.3,1,1,2003-04-08,0704,Aqua,MODIS,31,6.2,303,12.4,D,0
21.9396,92.2957,345.3,1,1,2003-04-08,0704,Aqua,MODIS,92,6.2,299.3,44.4,D,0
21.9426,92.3158,332.4,1,1,2003-04-08,0704,Aqua,MODIS,74,6.2,300.9,23,D,0
21.926,92.2672,330.9,1,1,2003-04-08,0704,Aqua,MODIS,80,6.2,304,18.6,D,0
21.9275,92.2772,337.1,1,1,2003-04-08,0704,Aqua,MODIS,86,6.2,304.1,28.5,D,0
21.7194,92.2442,326.5,1,1,2003-04-08,0704,Aqua,MODIS,75,6.2,306.6,12.7,D,0
23.3663,92.2796,368,1,1,2003-04-08,0704,Aqua,MODIS,100,6.2,292.5,106,D,0
23.4168,92.1828,334.8,1,1,2003-04-08,0704,Aqua,MODIS,85,6.2,298.5,28.4,D,0
23.4183,92.1927,353,1,1,2003-04-08,0704,Aqua,MODIS,91,6.2,294.1,63.3,D,0
23.3514,92.2417,335.1,1,1,2003-04-08,0704,Aqua,MODIS,85,6.2,294.1,29.4,D,0
23.3335,92.1839,333.3,1,1,2003-04-08,0704,Aqua,MODIS,84,6.2,294.4,25.9,D,0
23.3244,92.1855,347.4,1,1,2003-04-08,0704,Aqua,MODIS,93,6.2,298.2,49.9,D,0
23.3259,92.1954,345.7,1,1,2003-04-08,0704,Aqua,MODIS,92,6.2,294.6,46.1,D,0
23.3066,92.1841,339.2,1,1,2003-04-08,0704,Aqua,MODIS,76,6.2,298.8,31.9,D,0
23.0137,92.3265,327.3,1,1,2003-04-08,0704,Aqua,MODIS,72,6.2,298.1,17.7,D,0
23.0078,92.2868,333.8,1,1,2003-04-08,0704,Aqua,MODIS,84,6.2,301,25.2,D,0
23.0063,92.2769,340.8,1,1,2003-04-08,0704,Aqua,MODIS,89,6.2,303.8,35.9,D,0
23.0407,92.3217,341.6,1,1,2003-04-08,0704,Aqua,MODIS,90,6.2,298.6,39.2,D,0
23.0348,92.282,344.1,1,1,2003-04-08,0704,Aqua,MODIS,91,6.2,299.6,42.6,D,0
23.0511,92.3298,343.2,1,1,2003-04-08,0704,Aqua,MODIS,79,6.2,292.9,40.5,D,0
23.0497,92.3201,328,1,1,2003-04-08,0704,Aqua,MODIS,72,6.2,298.8,17.4,D,0
23.0453,92.2903,331.4,1,1,2003-04-08,0704,Aqua,MODIS,82,6.2,297.2,21,D,0
23.0438,92.2804,352.5,1,1,2003-04-08,0704,Aqua,MODIS,96,6.2,299.1,59.5,D,0
23.0587,92.3185,328.9,1,1,2003-04-08,0704,Aqua,MODIS,58,6.2,298.6,17.4,D,0
23.0543,92.2887,353.9,1,1,2003-04-08,0704,Aqua,MODIS,97,6.2,296.9,61.3,D,0
23.0528,92.2788,356,1,1,2003-04-08,0704,Aqua,MODIS,98,6.2,301,66.8,D,0
23.0611,92.2706,343.5,1,1,2003-04-08,0704,Aqua,MODIS,91,6.2,301.2,40.3,D,0
23.0911,92.2856,329.7,1,1,2003-04-08,0704,Aqua,MODIS,56,6.2,300.6,17,D,0
23.1016,92.2939,347.2,1,1,2003-04-08,0704,Aqua,MODIS,93,6.2,302.4,45.9,D,0
23.1001,92.284,338.4,1,1,2003-04-08,0704,Aqua,MODIS,88,6.2,303,30.1,D,0
23.112,92.3021,416.2,1,1,2003-04-08,0704,Aqua,MODIS,94,6.2,307.9,365.4,D,0
23.1106,92.2922,361.6,1,1,2003-04-08,0704,Aqua,MODIS,100,6.2,305.9,81.4,D,0
23.1225,92.3104,351.4,1,1,2003-04-08,0704,Aqua,MODIS,95,6.2,302,57.4,D,0
23.121,92.3005,371.8,1,1,2003-04-08,0704,Aqua,MODIS,100,6.2,305.2,115.9,D,0
23.1196,92.2906,404.6,1,1,2003-04-08,0704,Aqua,MODIS,100,6.2,308.6,280.9,D,0
23.1345,92.3287,348,1,1,2003-04-08,0704,Aqua,MODIS,94,6.2,302.2,50.4,D,0
23.2495,92.2352,320.6,1,1,2003-04-08,0704,Aqua,MODIS,61,6.2,297.3,10.1,D,0
23.2375,92.2168,327.3,1,1,2003-04-08,0704,Aqua,MODIS,78,6.2,299.3,15.9,D,0
23.239,92.2269,325.6,1,1,2003-04-08,0704,Aqua,MODIS,72,6.2,297.4,13.9,D,0
23.2405,92.2368,353.2,1,1,2003-04-08,0704,Aqua,MODIS,96,6.2,299.9,62.4,D,0
21.5686,92.4055,323.5,1,1,2003-04-08,0704,Aqua,MODIS,69,6.2,302.8,10.1,D,0
21.5671,92.3956,358,1,1,2003-04-08,0704,Aqua,MODIS,99,6.2,304.3,74.2,D,0
21.5656,92.3857,329.2,1,1,2003-04-08,0704,Aqua,MODIS,79,6.2,303.7,17.4,D,0
23.2419,92.2466,332.7,1,1,2003-04-08,0704,Aqua,MODIS,83,6.2,296.9,24.8,D,0
21.4652,92.266,320.2,1,1,2003-04-08,0704,Aqua,MODIS,64,6.2,301.3,9.4,D,0
21.4637,92.256,316.6,1,1,2003-04-08,0704,Aqua,MODIS,49,6.2,301.2,5.8,D,0
23.2187,92.2166,320.1,1,1,2003-04-08,0704,Aqua,MODIS,43,6.2,299.9,8.1,D,0
23.2096,92.2182,328.9,1,1,2003-04-08,0704,Aqua,MODIS,79,6.2,300.7,17.9,D,0
23.3768,92.2879,314.5,1,1,2003-04-08,0704,Aqua,MODIS,20,6.2,288.7,5.9,D,0
23.4258,92.2422,328.9,1,1,2003-04-08,0704,Aqua,MODIS,54,6.2,289.2,20.5,D,0
23.4348,92.2406,388,1,1,2003-04-08,0704,Aqua,MODIS,87,6.2,297.7,187.5,D,0
22.3378,92.3059,320.5,1,1,2003-04-08,0704,Aqua,MODIS,51,6.2,302.5,7.6,D,0
22.3904,92.3473,324.1,1,1,2003-04-08,0704,Aqua,MODIS,70,6.2,305.8,11.8,D,0
22.3935,92.3063,322.6,1,1,2003-04-08,0704,Aqua,MODIS,68,6.2,303.8,9.8,D,0
23.2111,92.2281,353.2,1,1,2003-04-08,0704,Aqua,MODIS,96,6.2,300.3,61.4,D,0
23.1766,92.2444,329.6,1,1,2003-04-08,0704,Aqua,MODIS,80,6.2,300.3,19,D,0
23.1781,92.2543,328.1,1,1,2003-04-08,0704,Aqua,MODIS,78,6.2,300.1,16.8,D,0
23.169,92.2559,316.2,1,1,2003-04-08,0704,Aqua,MODIS,23,6.2,300.2,4.7,D,0
23.1794,92.3249,383.9,1,1,2003-04-08,0704,Aqua,MODIS,100,6.2,304.6,164.8,D,0
23.1048,92.1917,325.3,1,1,2003-04-08,0704,Aqua,MODIS,72,6.2,298.3,14.5,D,0
23.0957,92.1933,349.1,1,1,2003-04-08,0704,Aqua,MODIS,94,6.2,301,53.5,D,0
22.2129,92.2078,319.8,1,1,2003-04-08,0704,Aqua,MODIS,62,6.2,305.3,6.7,D,0
22.2348,92.239,324,1,1,2003-04-08,0704,Aqua,MODIS,71,6.2,302.2,11.6,D,0
22.2604,92.2854,350.1,1,1,2003-04-08,0704,Aqua,MODIS,95,6.2,306.1,53.1,D,0
22.259,92.2756,339.9,1,1,2003-04-08,0704,Aqua,MODIS,88,6.2,305.4,33.3,D,0
22.2695,92.2838,358,1,1,2003-04-08,0704,Aqua,MODIS,99,6.2,307.4,72.8,D,0
22.268,92.274,337.1,1,1,2003-04-08,0704,Aqua,MODIS,86,6.2,306.8,28.5,D,0
22.256,92.1329,328.1,1,1,2003-04-08,0704,Aqua,MODIS,77,6.2,303.7,17.5,D,0
23.2363,92.3351,343.8,1,1,2003-04-08,0704,Aqua,MODIS,91,6.2,301.1,43.6,D,0
21.9076,92.4533,329,1,1,2003-04-08,0704,Aqua,MODIS,77,6.2,306.8,12.9,D,0
21.909,92.4631,333.6,1,1,2003-04-08,0704,Aqua,MODIS,82,6.2,308.4,19.1,D,0
22.2859,92.3928,339.3,1,1,2003-04-08,0704,Aqua,MODIS,64,6.2,306.7,27.2,D,0
22.2979,92.4112,407,1,1,2003-04-08,0704,Aqua,MODIS,100,6.2,313.2,296.3,D,0
22.2964,92.4012,416.1,1,1,2003-04-08,0704,Aqua,MODIS,100,6.2,317.3,364.5,D,0
22.3069,92.4095,336.7,1,1,2003-04-08,0704,Aqua,MODIS,85,6.2,306.5,26.2,D,0
22.7132,92.0409,322.6,1,1,2003-04-08,0704,Aqua,MODIS,40,6.2,296.8,10.7,D,0
22.7101,92.021,328.8,1,1,2003-04-08,0704,Aqua,MODIS,57,6.2,300.5,18.1,D,0
22.7222,92.0394,327.7,1,1,2003-04-08,0704,Aqua,MODIS,27,6.2,298.4,16.1,D,0
21.9105,92.473,331.7,1,1,2003-04-08,0704,Aqua,MODIS,81,6.2,307.8,17.6,D,0
21.8985,92.4549,348.8,1,1,2003-04-08,0704,Aqua,MODIS,94,6.2,309.7,47.6,D,0
21.9,92.4648,420.4,1,1,2003-04-08,0704,Aqua,MODIS,100,6.2,324.9,401.7,D,0
21.9015,92.4747,456.3,1,1,2003-04-08,0704,Aqua,MODIS,100,6.2,324.9,817.5,D,0
21.903,92.4844,327.8,1,1,2003-04-08,0704,Aqua,MODIS,76,6.2,306.9,13.9,D,0
23.323,91.9919,336,1,1,2003-04-08,0704,Aqua,MODIS,86,6.2,296.3,29.5,D,0
23.3139,91.9936,323.1,1,1,2003-04-08,0704,Aqua,MODIS,63,6.2,298.7,12.5,D,0
23.3049,91.9952,328.9,1,1,2003-04-08,0704,Aqua,MODIS,68,6.2,301.6,18.8,D,0
23.3063,92.005,328.8,1,1,2003-04-08,0704,Aqua,MODIS,76,6.2,299.8,18.5,D,0
23.2813,91.9533,321.3,1,1,2003-04-08,0704,Aqua,MODIS,69,6.2,300.7,10.2,D,0
21.8101,92.4153,350.5,1,1,2003-04-08,0704,Aqua,MODIS,95,6.2,305.6,52.3,D,0
21.8177,92.4039,324.4,1,1,2003-04-08,0704,Aqua,MODIS,49,6.2,304.3,10.3,D,0
21.8163,92.3945,322.8,1,1,2003-04-08,0704,Aqua,MODIS,28,6.2,304.2,9.3,D,0
23.2828,91.9634,331.7,1,1,2003-04-08,0704,Aqua,MODIS,82,6.2,300.3,23,D,0
23.1239,92.0191,338.2,1,1,2003-04-08,0704,Aqua,MODIS,88,6.2,302,31,D,0
22.1914,92.4354,323.9,1,1,2003-04-08,0704,Aqua,MODIS,47,6.2,303.2,10.7,D,0
22.2004,92.4339,350.5,1,1,2003-04-08,0704,Aqua,MODIS,95,6.2,304,53.2,D,0
22.2094,92.4323,358.1,1,1,2003-04-08,0704,Aqua,MODIS,99,6.2,300.3,71.7,D,0
23.251,91.8762,322,1,1,2003-04-08,0704,Aqua,MODIS,71,6.2,297.8,12.4,D,0
23.2342,91.8273,318.5,1,1,2003-04-08,0704,Aqua,MODIS,34,6.2,297.9,6,D,0
23.2358,91.8375,339,1,1,2003-04-08,0704,Aqua,MODIS,88,6.2,298,33.6,D,0
23.2267,91.8392,326.3,1,1,2003-04-08,0704,Aqua,MODIS,40,6.2,300.8,14.2,D,0
23.2069,91.8323,320.1,1,1,2003-04-08,0704,Aqua,MODIS,53,6.2,300.3,8.7,D,0
23.2085,91.8425,323.4,1,1,2003-04-08,0704,Aqua,MODIS,65,6.2,300.3,12.6,D,0
23.1798,91.8958,316,1,1,2003-04-08,0704,Aqua,MODIS,55,6.2,300.3,5.3,D,0
23.1556,91.9209,316.6,1,1,2003-04-08,0704,Aqua,MODIS,55,6.2,301,5.4,D,0
23.1571,91.9309,320,1,1,2003-04-08,0704,Aqua,MODIS,67,6.2,301,8.6,D,0
23.1404,91.8821,318.5,1,1,2003-04-08,0704,Aqua,MODIS,43,6.2,302,6.6,D,0
23.1189,91.8029,327.3,1.1,1,2003-04-08,0704,Aqua,MODIS,78,6.2,299.8,18.5,D,0
23.1055,91.8988,323.7,1,1,2003-04-08,0704,Aqua,MODIS,38,6.2,297.9,11.5,D,0
22.8834,92.1315,363.7,1,1,2003-04-08,0704,Aqua,MODIS,100,6.2,305.2,90.5,D,0
22.8743,92.1331,322.1,1,1,2003-04-08,0704,Aqua,MODIS,70,6.2,300.8,10,D,0
22.7659,92.2057,324.9,1,1,2003-04-08,0704,Aqua,MODIS,73,6.2,302.5,13.8,D,0
22.698,92.0643,339.3,1,1,2003-04-08,0704,Aqua,MODIS,88,6.2,298.3,32.6,D,0
22.689,92.0659,354.1,1,1,2003-04-08,0704,Aqua,MODIS,97,6.2,299.4,64.9,D,0
22.6905,92.076,329,1,1,2003-04-08,0704,Aqua,MODIS,53,6.2,300.6,17.6,D,0
22.6799,92.0674,325.1,1,1,2003-04-08,0704,Aqua,MODIS,55,6.2,299.1,13.5,D,0
22.0303,92.3442,349.4,1,1,2003-04-08,0704,Aqua,MODIS,94,6.2,306,50.7,D,0
22.0318,92.3542,323,1,1,2003-04-08,0704,Aqua,MODIS,41,6.2,305.3,8.2,D,0
21.947,92.3449,342.6,1,1,2003-04-08,0704,Aqua,MODIS,90,6.2,303.3,39.1,D,0
21.9485,92.3549,348.4,1,1,2003-04-08,0704,Aqua,MODIS,94,6.2,303.7,50.8,D,0
22.219,92.3734,306.3,2.1,1.4,2003-04-08,1633,Terra,MODIS,67,6.2,294.2,17.3,N,0
22.2129,92.3873,304.7,1.8,1.3,2003-04-08,1914,Aqua,MODIS,61,6.2,293.5,12.3,N,0
24.212,89.1128,322.8,1.1,1,2003-04-09,0442,Terra,MODIS,58,6.2,308.5,8.1,D,0
23.3387,92.086,316.2,1.1,1,2003-04-09,0442,Terra,MODIS,64,6.2,300,7.8,D,0
22.6612,91.9348,316.8,1.1,1,2003-04-09,0442,Terra,MODIS,43,6.2,301.8,5.6,D,0
21.9717,92.3239,329.8,1.1,1.1,2003-04-09,0443,Terra,MODIS,81,6.2,302.6,21,D,0
21.9811,92.4469,321.2,1.1,1.1,2003-04-09,0443,Terra,MODIS,68,6.2,306,10.3,D,0
21.6643,92.5722,318.5,1.2,1.1,2003-04-09,0443,Terra,MODIS,63,6.2,303.9,9.1,D,0
21.9794,92.4575,324.5,1.1,1.1,2003-04-09,0443,Terra,MODIS,75,6.2,306.1,14.4,D,0
21.9811,92.3255,323.4,1.1,1.1,2003-04-09,0443,Terra,MODIS,73,6.2,302.7,12.4,D,0
21.9794,92.3362,325.9,1.1,1.1,2003-04-09,0443,Terra,MODIS,77,6.2,302.9,15.4,D,0
22.2099,92.3863,319.9,1.1,1.1,2003-04-09,0443,Terra,MODIS,67,6.2,299.9,10.3,D,0
21.9623,92.3221,332.4,1.1,1.1,2003-04-09,0443,Terra,MODIS,83,6.2,301.5,25.1,D,0
21.9418,92.3294,336.5,1.1,1.1,2003-04-09,0443,Terra,MODIS,87,6.2,302.1,32.5,D,0
21.9401,92.3404,327.7,1.1,1.1,2003-04-09,0443,Terra,MODIS,79,6.2,302.9,18.8,D,0
21.9641,92.3109,318.9,1.1,1.1,2003-04-09,0443,Terra,MODIS,29,6.2,301.4,7.4,D,0
21.6026,92.3846,318.7,3.5,1.8,2003-04-09,0747,Aqua,MODIS,61,6.2,298.3,38.3,D,0
21.5647,92.5363,322.6,3.6,1.8,2003-04-09,0747,Aqua,MODIS,27,6.2,297.6,59.2,D,0
21.5415,92.3627,324.7,3.5,1.8,2003-04-09,0747,Aqua,MODIS,78,6.2,300.8,77.3,D,0
21.5331,92.3684,323.7,3.5,1.8,2003-04-09,0747,Aqua,MODIS,65,6.2,299.8,66.8,D,0
22.4417,92.1798,320.8,3.5,1.8,2003-04-09,0747,Aqua,MODIS,70,6.2,300.5,59.1,D,0
22.9273,92.3016,321.4,3.6,1.8,2003-04-09,0747,Aqua,MODIS,64,6.2,297.8,66.5,D,0
21.9036,92.2031,329.9,3.4,1.7,2003-04-09,0747,Aqua,MODIS,83,6.2,299.7,112.9,D,0
21.7195,92.4364,323.9,3.6,1.8,2003-04-09,0747,Aqua,MODIS,69,6.2,297.4,70.6,D,0
21.7134,92.2682,331.3,3.5,1.8,2003-04-09,0747,Aqua,MODIS,84,6.2,298,117.9,D,0
21.7291,92.2667,321.9,3.5,1.8,2003-04-09,0747,Aqua,MODIS,73,6.2,297.9,53.2,D,0
22.1133,92.2264,317.5,3.5,1.8,2003-04-09,0747,Aqua,MODIS,49,6.2,298.2,35.1,D,0
22.1183,92.2342,318.5,3.5,1.8,2003-04-09,0747,Aqua,MODIS,39,6.2,298.1,39.9,D,0
21.4686,92.4846,334.3,3.6,1.8,2003-04-09,0747,Aqua,MODIS,86,6.2,301.1,156.1,D,0
21.5184,92.4682,337,3.6,1.8,2003-04-09,0747,Aqua,MODIS,88,6.2,301.7,177,D,0
21.5211,92.5004,326,3.6,1.8,2003-04-09,0747,Aqua,MODIS,58,6.2,299.6,81.9,D,0
21.5265,92.4715,338.1,3.6,1.8,2003-04-09,0747,Aqua,MODIS,89,6.2,301.9,181.3,D,0
21.9921,92.3552,322.9,3.6,1.8,2003-04-09,0747,Aqua,MODIS,76,6.2,297.2,64.2,D,0
21.995,92.3899,320.4,3.6,1.8,2003-04-09,0747,Aqua,MODIS,73,6.2,298.3,50.4,D,0
21.5861,92.3255,333.6,3.5,1.8,2003-04-09,0747,Aqua,MODIS,86,6.2,298.3,143,D,0
21.5998,92.3512,319.4,3.5,1.8,2003-04-09,0747,Aqua,MODIS,71,6.2,295.1,42,D,0
21.597,92.317,328.7,3.5,1.8,2003-04-09,0747,Aqua,MODIS,82,6.2,296,102.6,D,0
21.9978,92.3631,324.1,3.6,1.8,2003-04-09,0747,Aqua,MODIS,39,6.2,297.8,67,D,0
21.7717,92.2545,321.3,3.5,1.8,2003-04-09,0747,Aqua,MODIS,73,6.2,297.2,51.3,D,0
21.7633,92.1553,320.5,3.4,1.7,2003-04-09,0747,Aqua,MODIS,73,6.2,297,48.5,D,0
21.7673,92.1626,324.1,3.4,1.7,2003-04-09,0747,Aqua,MODIS,77,6.2,297,70.3,D,0
21.3801,92.3927,343.1,3.5,1.8,2003-04-09,0747,Aqua,MODIS,92,6.2,299.4,238.1,D,0
22.7981,91.9515,318.8,3.4,1.7,2003-04-09,0747,Aqua,MODIS,69,6.2,297.1,47.3,D,0
21.5106,92.4731,324.7,3.6,1.8,2003-04-09,0747,Aqua,MODIS,61,6.2,300.8,75.9,D,0
21.4787,92.4766,336.3,3.6,1.8,2003-04-09,0747,Aqua,MODIS,83,6.2,300.8,173.3,D,0
21.8405,92.3138,318.6,3.5,1.8,2003-04-09,0747,Aqua,MODIS,54,6.2,298.2,39.4,D,0
22.2299,92.1797,317.3,3.5,1.8,2003-04-09,0747,Aqua,MODIS,63,6.2,298.3,39.7,D,0
22.2919,92.3437,322.8,3.6,1.8,2003-04-09,0747,Aqua,MODIS,73,6.2,299,71.5,D,0
22.2889,92.3099,333.2,3.6,1.8,2003-04-09,0747,Aqua,MODIS,84,6.2,299.8,147.4,D,0
21.9065,92.2358,334.6,3.5,1.8,2003-04-09,0747,Aqua,MODIS,86,6.2,299.8,151.4,D,0
21.5593,92.5699,348.9,3.6,1.8,2003-04-09,0747,Aqua,MODIS,95,6.2,297.8,325.5,D,0
22.203,92.5312,331.5,3.7,1.8,2003-04-09,0747,Aqua,MODIS,83,6.2,299.2,142.3,D,0
22.015,92.2506,320.4,3.5,1.8,2003-04-09,0747,Aqua,MODIS,73,6.2,298.5,53.5,D,0
21.4656,92.4525,326.8,3.6,1.8,2003-04-09,0747,Aqua,MODIS,77,6.2,300.3,93.4,D,0
21.4599,92.4454,321,3.6,1.8,2003-04-09,0747,Aqua,MODIS,71,6.2,300.2,60.8,D,0
21.7203,92.2723,339.5,3.5,1.8,2003-04-09,0747,Aqua,MODIS,89,6.2,298.2,188.6,D,0
21.4066,92.382,319.5,3.5,1.8,2003-04-09,0747,Aqua,MODIS,44,6.2,298.5,51.4,D,0
21.4117,92.3889,322.5,3.5,1.8,2003-04-09,0747,Aqua,MODIS,75,6.2,298.6,71.8,D,0
21.9545,92.2881,321.1,3.5,1.8,2003-04-09,0747,Aqua,MODIS,72,6.2,298,54.7,D,0
21.8236,92.4281,328.5,3.6,1.8,2003-04-09,0747,Aqua,MODIS,79,6.2,295.3,100.2,D,0
21.9596,92.2955,321.2,3.5,1.8,2003-04-09,0747,Aqua,MODIS,26,6.2,298.2,51.2,D,0
21.9252,92.2674,319.4,3.5,1.8,2003-04-09,0747,Aqua,MODIS,44,6.2,298.3,41,D,0
21.9279,92.2989,337,3.5,1.8,2003-04-09,0747,Aqua,MODIS,88,6.2,297.4,176.3,D,0
21.4499,92.286,316.5,3.4,1.7,2003-04-09,0747,Aqua,MODIS,62,6.2,298.6,36,D,0
21.7147,92.4714,321.8,3.6,1.8,2003-04-09,0747,Aqua,MODIS,71,6.2,296.9,63.3,D,0
21.723,92.4753,321.2,3.6,1.8,2003-04-09,0747,Aqua,MODIS,70,6.2,296.7,57.4,D,0
21.71,92.5099,321,3.6,1.8,2003-04-09,0747,Aqua,MODIS,40,6.2,296.4,55.1,D,0
21.6949,92.3423,325.2,3.5,1.8,2003-04-09,0747,Aqua,MODIS,78,6.2,297.8,76.4,D,0
21.7107,92.3404,364.5,3.5,1.8,2003-04-09,0747,Aqua,MODIS,100,6.2,298.3,546.1,D,0
21.6875,92.3384,320.1,3.5,1.8,2003-04-09,0747,Aqua,MODIS,60,6.2,298,47.1,D,0
21.7061,92.3696,328.8,3.5,1.8,2003-04-09,0747,Aqua,MODIS,79,6.2,298.1,101.9,D,0
21.7033,92.3366,354,3.5,1.8,2003-04-09,0747,Aqua,MODIS,97,6.2,298.2,370,D,0
21.7191,92.3345,335.2,3.5,1.8,2003-04-09,0747,Aqua,MODIS,87,6.2,297.8,155.5,D,0
22.061,92.3102,321.7,3.5,1.8,2003-04-09,0747,Aqua,MODIS,52,6.2,298.5,55.1,D,0
22.0686,92.3138,321.5,3.5,1.8,2003-04-09,0747,Aqua,MODIS,74,6.2,298.4,56,D,0
21.8176,92.4197,323,3.6,1.8,2003-04-09,0747,Aqua,MODIS,76,6.2,296.8,67.4,D,0
21.9109,92.4742,319.2,3.6,1.8,2003-04-09,0747,Aqua,MODIS,65,6.2,301.1,43.4,D,0
21.8205,92.4538,324.5,3.6,1.8,2003-04-09,0747,Aqua,MODIS,78,6.2,298,78.4,D,0
22.0675,92.4809,321.3,3.6,1.8,2003-04-09,0747,Aqua,MODIS,74,6.2,299.2,59.2,D,0
22.0648,92.4505,319,3.6,1.8,2003-04-09,0747,Aqua,MODIS,70,6.2,299.1,42.8,D,0
22.0748,92.4762,322.1,3.6,1.8,2003-04-09,0747,Aqua,MODIS,71,6.2,299,64.9,D,0
22.0723,92.446,318.5,3.6,1.8,2003-04-09,0747,Aqua,MODIS,64,6.2,299.9,41.6,D,0
21.3923,92.4463,325.2,1.5,1.2,2003-04-10,0652,Aqua,MODIS,76,6.2,290,29.4,D,0
21.7657,92.4976,327.8,1.4,1.2,2003-04-10,0652,Aqua,MODIS,80,6.2,297.1,27.7,D,0
23.6902,92.1375,343.1,1.4,1.2,2003-04-10,0652,Aqua,MODIS,91,6.2,298.3,67.4,D,0
22.3935,92.2589,327.7,1.4,1.2,2003-04-10,0652,Aqua,MODIS,32,6.2,291.2,32.9,D,0
23.4356,92.2068,357,1.4,1.2,2003-04-10,0652,Aqua,MODIS,93,6.2,288.7,118.5,D,0
21.4493,92.4281,323,1.5,1.2,2003-04-10,0652,Aqua,MODIS,69,6.2,287.1,24.8,D,0
21.7143,92.4866,327.4,1.4,1.2,2003-04-10,0652,Aqua,MODIS,79,6.2,292.5,28.9,D,0
21.7633,92.4837,319.2,1.4,1.2,2003-04-10,0652,Aqua,MODIS,68,6.2,296.3,12.5,D,0
21.5836,92.3888,319.5,1.5,1.2,2003-04-10,0652,Aqua,MODIS,68,6.2,296.2,15.6,D,0
21.3946,92.46,335.7,1.5,1.2,2003-04-10,0652,Aqua,MODIS,86,6.2,290,51.7,D,0
23.4483,92.2183,336,1.4,1.2,2003-04-10,0652,Aqua,MODIS,65,6.2,291.3,48.6,D,0
21.3986,92.4525,337.7,1.5,1.2,2003-04-10,0652,Aqua,MODIS,88,6.2,288.6,57.1,D,0
22.1871,92.5448,335.1,1.4,1.2,2003-04-10,0652,Aqua,MODIS,87,6.2,288.6,48.6,D,0
21.851,92.4234,332.9,1.4,1.2,2003-04-10,0652,Aqua,MODIS,56,6.2,292.7,38.4,D,0
23.3618,92.2568,316.7,1.4,1.2,2003-04-10,0652,Aqua,MODIS,53,6.2,274,20.4,D,0
23.6806,91.9554,328.7,1.4,1.2,2003-04-10,0652,Aqua,MODIS,80,6.2,301.8,30.8,D,0
21.8007,92.448,341.2,1.4,1.2,2003-04-10,0652,Aqua,MODIS,90,6.2,295,64.2,D,0
21.8325,92.3128,345.2,1.5,1.2,2003-04-10,0652,Aqua,MODIS,92,6.2,283.4,83.6,D,0
23.6829,91.9691,323.6,1.4,1.2,2003-04-10,0652,Aqua,MODIS,74,6.2,302.1,20.8,D,0
22.5117,92.3421,309.3,1.4,1.2,2003-04-10,0652,Aqua,MODIS,0,6.2,272.2,10.6,D,0
22.1407,92.5252,336.8,1.4,1.2,2003-04-10,0652,Aqua,MODIS,83,6.2,289.7,53.5,D,0
21.7999,92.3792,327.4,1.5,1.2,2003-04-10,0652,Aqua,MODIS,79,6.2,288.9,33.7,D,0
21.4165,92.4922,345.2,1.5,1.2,2003-04-10,0652,Aqua,MODIS,92,6.2,297.9,74.2,D,0
22.133,92.5199,333.3,1.4,1.2,2003-04-10,0652,Aqua,MODIS,74,6.2,291,42.9,D,0
22.1352,92.533,345.4,1.4,1.2,2003-04-10,0652,Aqua,MODIS,88,6.2,295.5,76.1,D,0
21.4189,92.5063,369,1.5,1.2,2003-04-10,0652,Aqua,MODIS,100,6.2,298.6,181.1,D,0
23.446,92.2047,386.6,1.4,1.2,2003-04-10,0652,Aqua,MODIS,94,6.2,291.5,285.1,D,0
23.6543,92.117,343.7,1.4,1.2,2003-04-10,0652,Aqua,MODIS,91,6.2,300.6,64.5,D,0
23.6671,92.1284,338.8,1.4,1.2,2003-04-10,0652,Aqua,MODIS,88,6.2,291.5,54.3,D,0
23.6648,92.115,327.6,1.4,1.2,2003-04-10,0652,Aqua,MODIS,62,6.2,299.7,27.3,D,0
23.4541,92.1889,344.2,1.4,1.2,2003-04-10,0652,Aqua,MODIS,84,6.2,289.7,70.9,D,0
21.7094,92.3295,342.5,1.5,1.2,2003-04-10,0652,Aqua,MODIS,91,6.2,283.6,73.6,D,0
21.4948,92.4134,314.6,1.5,1.2,2003-04-10,0652,Aqua,MODIS,56,6.2,286.1,13.5,D,0
23.6567,92.1304,380.2,1.4,1.2,2003-04-10,0652,Aqua,MODIS,100,6.2,302.3,238.7,D,0
22.5141,92.3558,305.3,1.4,1.2,2003-04-10,0652,Aqua,MODIS,32,6.2,271.6,6.2,D,0
23.4564,92.2026,350.9,1.4,1.2,2003-04-10,0652,Aqua,MODIS,90,6.2,292.2,92.7,D,0
23.6605,92.214,324.4,1.4,1.2,2003-04-10,0652,Aqua,MODIS,75,6.2,294.6,25.1,D,0
23.4645,92.1867,324,1.4,1.2,2003-04-10,0652,Aqua,MODIS,76,6.2,289.2,26.3,D,0
23.659,92.1437,338.8,1.4,1.2,2003-04-10,0652,Aqua,MODIS,88,6.2,290.5,54,D,0
23.6518,92.1367,341.1,1.4,1.2,2003-04-10,0652,Aqua,MODIS,90,6.2,300.4,60.5,D,0
23.6983,92.1223,342.1,1.4,1.2,2003-04-10,0652,Aqua,MODIS,90,6.2,300.4,64.1,D,0
21.8677,92.4295,331.6,1.4,1.2,2003-04-10,0652,Aqua,MODIS,83,6.2,294.5,37.8,D,0
21.5291,92.5491,322.3,1.4,1.2,2003-04-10,0652,Aqua,MODIS,60,6.2,296.6,19.2,D,0
21.6915,92.2892,312.5,1.5,1.2,2003-04-10,0652,Aqua,MODIS,33,6.2,279.6,11.2,D,0
23.6624,92.1015,325.5,1.4,1.2,2003-04-10,0652,Aqua,MODIS,75,6.2,300.6,22.9,D,0
21.5396,92.5469,324,1.4,1.2,2003-04-10,0652,Aqua,MODIS,73,6.2,297.5,22.6,D,0
22.2486,92.5546,345.9,1.4,1.2,2003-04-10,0652,Aqua,MODIS,94,6.2,294.1,76.5,D,0
23.6496,92.0898,344.5,1.4,1.2,2003-04-10,0652,Aqua,MODIS,92,6.2,304.8,67.8,D,0
23.652,92.1035,443.5,1.4,1.2,2003-04-10,0652,Aqua,MODIS,100,6.2,314.7,1026.2,D,0
21.8922,92.3815,335.8,1.5,1.2,2003-04-10,0652,Aqua,MODIS,87,6.2,291,49.5,D,0
21.4245,92.4756,326.6,1.5,1.2,2003-04-10,0652,Aqua,MODIS,22,6.2,294.1,25.8,D,0
21.414,92.4778,344.9,1.5,1.2,2003-04-10,0652,Aqua,MODIS,92,6.2,293.7,74.4,D,0
22.259,92.5528,384.2,1.4,1.2,2003-04-10,0652,Aqua,MODIS,100,6.2,296.4,268.9,D,0
23.6416,92.1055,357.6,1.4,1.2,2003-04-10,0652,Aqua,MODIS,98,6.2,304.4,111.2,D,0
23.645,92.0961,411.4,1.4,1.2,2003-04-10,0652,Aqua,MODIS,100,6.2,311.1,526.7,D,0
23.7006,92.1356,360.2,1.4,1.2,2003-04-10,0652,Aqua,MODIS,100,6.2,299.4,129.5,D,0
23.6473,92.1098,435.7,1.4,1.2,2003-04-10,0652,Aqua,MODIS,100,6.2,313.6,881.2,D,0
21.7691,92.4893,328.3,1.4,1.2,2003-04-10,0652,Aqua,MODIS,80,6.2,297.2,28.4,D,0
21.9028,92.3794,312.4,1.5,1.2,2003-04-10,0652,Aqua,MODIS,34,6.2,289.4,6.4,D,0
21.5256,92.4652,338.9,1.5,1.2,2003-04-10,0652,Aqua,MODIS,89,6.2,290.3,61.1,D,0
22.1847,92.5305,320.5,1.4,1.2,2003-04-10,0652,Aqua,MODIS,75,6.2,287,19.9,D,0
21.707,92.3154,327.4,1.5,1.2,2003-04-10,0652,Aqua,MODIS,79,6.2,283,35.2,D,0
21.8899,92.368,331.3,1.5,1.2,2003-04-10,0652,Aqua,MODIS,83,6.2,292.2,39.8,D,0
23.6195,92.1996,327.6,1.4,1.2,2003-04-10,0652,Aqua,MODIS,68,6.2,281.3,34.5,D,0
23.6195,92.0734,354.4,1.4,1.2,2003-04-10,0652,Aqua,MODIS,92,6.2,287.5,102.7,D,0
21.4082,92.5079,355,1.5,1.2,2003-04-10,0652,Aqua,MODIS,85,6.2,294.4,112.6,D,0
23.6091,92.2015,395.7,1.4,1.2,2003-04-10,0652,Aqua,MODIS,100,6.2,280.5,364.9,D,0
21.8547,92.4174,336,1.4,1.2,2003-04-10,0652,Aqua,MODIS,59,6.2,297.2,46.1,D,0
21.4516,92.4418,317.7,1.5,1.2,2003-04-10,0652,Aqua,MODIS,37,6.2,289.7,14.4,D,0
23.6879,92.1242,328.2,1.4,1.2,2003-04-10,0652,Aqua,MODIS,79,6.2,299.4,30,D,0
25.0583,89.6776,319.2,1.9,1.4,2003-04-10,0653,Aqua,MODIS,0,6.2,304.3,23.8,D,0
24.5468,91.9416,318.8,1.1,1,2003-04-11,0430,Terra,MODIS,68,6.2,302.2,8.5,D,0
22.8537,92.0159,322.2,1,1,2003-04-11,0430,Terra,MODIS,69,6.2,299,12.8,D,0
23.6253,92.0946,313.5,1.1,1,2003-04-11,0430,Terra,MODIS,50,6.2,300,6,D,0
22.2577,92.072,322.9,1,1,2003-04-11,0430,Terra,MODIS,73,6.2,301.7,12.3,D,0
23.6646,92.138,315.9,1.1,1,2003-04-11,0430,Terra,MODIS,60,6.2,303.6,8.2,D,0
21.4179,92.3892,337.3,2.1,1.4,2003-04-11,0734,Aqua,MODIS,86,6.2,292.7,95,D,0
21.4056,92.512,323.2,2.1,1.4,2003-04-11,0734,Aqua,MODIS,70,6.2,288.1,42.2,D,0
21.3865,92.4528,323.1,2.1,1.4,2003-04-11,0734,Aqua,MODIS,64,6.2,288,36.8,D,0
21.4267,92.4697,323.8,2.1,1.4,2003-04-11,0734,Aqua,MODIS,71,6.2,287.9,39,D,0
23.6298,92.0475,397.8,2.1,1.4,2003-04-11,0735,Aqua,MODIS,100,6.2,306.6,677.2,D,0
21.8838,92.2366,355.1,2,1.4,2003-04-11,0735,Aqua,MODIS,97,6.2,302,175.4,D,0
21.8858,92.2562,344.3,2.1,1.4,2003-04-11,0735,Aqua,MODIS,91,6.2,301.3,110.2,D,0
21.9401,92.2622,327,2.1,1.4,2003-04-11,0735,Aqua,MODIS,44,6.2,293.3,38.2,D,0
21.8693,92.2184,318.9,2,1.4,2003-04-11,0735,Aqua,MODIS,35,6.2,298.6,15.7,D,0
21.7326,92.2874,325.2,2.1,1.4,2003-04-11,0735,Aqua,MODIS,70,6.2,299.5,39,D,0
21.4828,92.4943,342.1,2.1,1.4,2003-04-11,0735,Aqua,MODIS,90,6.2,295.4,114.8,D,0
21.7305,92.2678,327.3,2,1.4,2003-04-11,0735,Aqua,MODIS,74,6.2,300,44.3,D,0
21.9504,92.2679,327.6,2.1,1.4,2003-04-11,0735,Aqua,MODIS,47,6.2,291.9,40,D,0
21.8901,92.4231,325.3,2.1,1.4,2003-04-11,0735,Aqua,MODIS,59,6.2,297.2,29.7,D,0
23.5292,92.2141,329.8,2.1,1.4,2003-04-11,0735,Aqua,MODIS,81,6.2,297.4,68.9,D,0
21.8897,92.4176,323.6,2.1,1.4,2003-04-11,0735,Aqua,MODIS,69,6.2,297,26.9,D,0
23.1929,91.8259,315.5,2,1.4,2003-04-11,0735,Aqua,MODIS,64,6.2,296.5,13.8,D,0
23.1948,91.845,315.4,2,1.4,2003-04-11,0735,Aqua,MODIS,64,6.2,296.4,13.9,D,0
22.0217,92.4351,349.5,2.1,1.4,2003-04-11,0735,Aqua,MODIS,94,6.2,296.6,151.1,D,0
22.0007,92.356,324.8,2.1,1.4,2003-04-11,0735,Aqua,MODIS,38,6.2,292.9,41.6,D,0
22.009,92.436,380.3,2.1,1.4,2003-04-11,0735,Aqua,MODIS,100,6.2,300.3,430.8,D,0
22.0111,92.4561,337.2,2.1,1.4,2003-04-11,0735,Aqua,MODIS,74,6.2,299.8,82.1,D,0
21.9963,92.4377,345.8,2.1,1.4,2003-04-11,0735,Aqua,MODIS,92,6.2,299.5,129,D,0
21.9983,92.4575,349.7,2.1,1.4,2003-04-11,0735,Aqua,MODIS,94,6.2,302.6,152.8,D,0
21.9212,92.4742,329.1,2.1,1.4,2003-04-11,0735,Aqua,MODIS,77,6.2,299.5,47.7,D,0
21.9231,92.493,372.2,2.1,1.4,2003-04-11,0735,Aqua,MODIS,100,6.2,301.5,342.3,D,0
23.2431,92.3361,316.9,2.2,1.4,2003-04-11,0735,Aqua,MODIS,68,6.2,292,31.3,D,0
23.2433,92.3288,312.1,2.2,1.4,2003-04-11,0735,Aqua,MODIS,43,6.2,292,20.3,D,0
22.0028,92.2548,326.4,2.1,1.4,2003-04-11,0735,Aqua,MODIS,40,6.2,287.3,37.7,D,0
21.8958,92.4775,346.9,2.1,1.4,2003-04-11,0735,Aqua,MODIS,93,6.2,300.9,130.4,D,0
21.8831,92.4795,328,2.1,1.4,2003-04-11,0735,Aqua,MODIS,43,6.2,300.7,37.9,D,0
21.8945,92.4627,330.6,2.1,1.4,2003-04-11,0735,Aqua,MODIS,65,6.2,299.9,43.9,D,0
21.8966,92.4827,341,2.1,1.4,2003-04-11,0735,Aqua,MODIS,88,6.2,300.5,95.3,D,0
21.7281,92.4885,325.6,2.1,1.4,2003-04-11,0735,Aqua,MODIS,72,6.2,302.8,34.5,D,0
21.7302,92.5084,328.5,2.1,1.4,2003-04-11,0735,Aqua,MODIS,76,6.2,301.3,45.4,D,0
23.439,91.9613,327,2.1,1.4,2003-04-11,0735,Aqua,MODIS,79,6.2,299.1,46.7,D,0
21.8839,92.4844,334.4,2.1,1.4,2003-04-11,0735,Aqua,MODIS,83,6.2,301,66,D,0
23.1893,91.8335,321,2,1.4,2003-04-11,0735,Aqua,MODIS,74,6.2,296.1,26.6,D,0
21.7848,92.3009,331,2.1,1.4,2003-04-11,0735,Aqua,MODIS,79,6.2,301.4,55.1,D,0
22.2292,92.3108,332.1,2.1,1.4,2003-04-11,0735,Aqua,MODIS,84,6.2,297.7,69.1,D,0
22.2294,92.3162,335.8,2.1,1.4,2003-04-11,0735,Aqua,MODIS,86,6.2,297.5,84.3,D,0
21.9213,92.3524,326,2.1,1.4,2003-04-11,0735,Aqua,MODIS,73,6.2,301.8,39.4,D,0
21.9234,92.3724,321.5,2.1,1.4,2003-04-11,0735,Aqua,MODIS,53,6.2,298.7,24.9,D,0
23.0631,92.3425,313.4,2.2,1.4,2003-04-11,0735,Aqua,MODIS,0,6.2,270.6,30.2,D,0
23.2375,92.141,318.6,2.1,1.4,2003-04-11,0735,Aqua,MODIS,70,6.2,297.1,24,D,0
23.2355,92.1209,330.4,2.1,1.4,2003-04-11,0735,Aqua,MODIS,83,6.2,298.1,61.4,D,0
23.1355,92.2908,323.1,2.1,1.4,2003-04-11,0735,Aqua,MODIS,52,6.2,272.7,48.5,D,0
22.0825,92.4016,378,2.1,1.4,2003-04-11,0735,Aqua,MODIS,100,6.2,293.4,416.7,D,0
23.351,92.1225,311.1,2.1,1.4,2003-04-11,0735,Aqua,MODIS,27,6.2,288,13.3,D,0
23.3847,92.0772,344.8,2.1,1.4,2003-04-11,0735,Aqua,MODIS,92,6.2,287.4,129.7,D,0
23.3825,92.0569,318.4,2.1,1.4,2003-04-11,0735,Aqua,MODIS,51,6.2,287,24.5,D,0
23.3865,92.07,343.1,2.1,1.4,2003-04-11,0735,Aqua,MODIS,91,6.2,288.5,117.9,D,0
23.4264,92.0861,338.7,2.1,1.4,2003-04-11,0735,Aqua,MODIS,88,6.2,294,95.8,D,0
23.6757,92.1201,320.2,2.1,1.4,2003-04-11,0735,Aqua,MODIS,52,6.2,299,28.1,D,0
22.0805,92.3823,335.4,2.1,1.4,2003-04-11,0735,Aqua,MODIS,85,6.2,279.7,91.4,D,0
23.6884,92.1183,332.7,2.1,1.4,2003-04-11,0735,Aqua,MODIS,83,6.2,299.4,67.1,D,0
22.0952,92.4006,341.4,2.1,1.4,2003-04-11,0735,Aqua,MODIS,90,6.2,295,117.2,D,0
22.0931,92.3804,327.9,2.1,1.4,2003-04-11,0735,Aqua,MODIS,74,6.2,284.5,59.6,D,0
21.5124,92.4056,355.6,2.1,1.4,2003-04-11,0735,Aqua,MODIS,72,6.2,286.5,187,D,0
21.525,92.4043,359.4,2.1,1.4,2003-04-11,0735,Aqua,MODIS,96,6.2,289.9,217.3,D,0
23.1461,92.2691,330.6,2.1,1.4,2003-04-11,0735,Aqua,MODIS,37,6.2,277,69,D,0
23.1344,92.2858,317.8,2.1,1.4,2003-04-11,0735,Aqua,MODIS,23,6.2,274.1,33.2,D,0
23.1452,92.264,324.3,2.1,1.4,2003-04-11,0735,Aqua,MODIS,57,6.2,276.7,51.4,D,0
23.0958,92.0232,315.8,2.1,1.4,2003-04-11,0735,Aqua,MODIS,41,6.2,291.3,21.9,D,0
23.6616,91.9778,336.5,2.1,1.4,2003-04-11,0735,Aqua,MODIS,86,6.2,299.6,85.4,D,0
23.6365,91.9808,344.2,2.1,1.4,2003-04-11,0735,Aqua,MODIS,91,6.2,302.2,115.9,D,0
21.9087,92.2332,379.3,2,1.4,2003-04-11,0735,Aqua,MODIS,100,6.2,301.1,391.8,D,0
21.7871,92.2936,333.5,2.1,1.4,2003-04-11,0735,Aqua,MODIS,82,6.2,301.6,64.8,D,0
21.5732,92.3786,323.3,2.1,1.4,2003-04-11,0735,Aqua,MODIS,66,6.2,295.2,35.1,D,0
21.7555,92.3829,327.9,2.1,1.4,2003-04-11,0735,Aqua,MODIS,76,6.2,298.5,45,D,0
22.0465,92.4268,330,2.1,1.4,2003-04-11,0735,Aqua,MODIS,77,6.2,288.5,61,D,0
22.0484,92.4462,348.1,2.1,1.4,2003-04-11,0735,Aqua,MODIS,94,6.2,296,150.1,D,0
22.0502,92.4644,341.3,2.1,1.4,2003-04-11,0735,Aqua,MODIS,90,6.2,294.6,113.2,D,0
22.0471,92.4318,340.6,2.1,1.4,2003-04-11,0735,Aqua,MODIS,89,6.2,290.2,107.3,D,0
22.0491,92.451,364.2,2.1,1.4,2003-04-11,0735,Aqua,MODIS,100,6.2,297.4,269.7,D,0
22.0511,92.4691,331,2.1,1.4,2003-04-11,0735,Aqua,MODIS,81,6.2,293.2,64.7,D,0
21.7978,92.4196,324.3,2.1,1.4,2003-04-11,0735,Aqua,MODIS,70,6.2,301.2,30.6,D,0
21.7951,92.3955,324.4,2.1,1.4,2003-04-11,0735,Aqua,MODIS,70,6.2,300.7,32.2,D,0
21.7992,92.411,328.5,2.1,1.4,2003-04-11,0735,Aqua,MODIS,76,6.2,301.4,45.6,D,0
23.3309,92.2975,314.5,2.2,1.4,2003-04-11,0735,Aqua,MODIS,44,6.2,296,19.4,D,0
23.3295,92.2921,314.7,2.2,1.4,2003-04-11,0735,Aqua,MODIS,58,6.2,295.6,21.2,D,0
22.0409,92.2447,333.6,2.1,1.4,2003-04-11,0735,Aqua,MODIS,31,6.2,292.2,59.2,D,0
22.0303,92.265,339.7,2.1,1.4,2003-04-11,0735,Aqua,MODIS,74,6.2,293.5,91.7,D,0
22.0507,92.2293,333.6,2.1,1.4,2003-04-11,0735,Aqua,MODIS,58,6.2,294.8,65.3,D,0
22.0382,92.2307,340.1,2.1,1.4,2003-04-11,0735,Aqua,MODIS,88,6.2,293.8,95.7,D,0
22.0236,92.2127,328.7,2,1.4,2003-04-11,0735,Aqua,MODIS,78,6.2,291.9,48.5,D,0
22.0298,92.2699,347.5,2.1,1.4,2003-04-11,0735,Aqua,MODIS,93,6.2,292.6,131.6,D,0
22.0172,92.2715,333.5,2.1,1.4,2003-04-11,0735,Aqua,MODIS,82,6.2,290.3,65,D,0
21.4282,92.462,325.5,2.1,1.4,2003-04-11,0735,Aqua,MODIS,74,6.2,287,46.7,D,0
21.502,92.5546,326,2.1,1.4,2003-04-11,0735,Aqua,MODIS,62,6.2,295.3,45.9,D,0
21.4742,92.5349,340.5,2.1,1.4,2003-04-11,0735,Aqua,MODIS,89,6.2,293.3,109.5,D,0
21.4766,92.5576,321.5,2.1,1.4,2003-04-11,0735,Aqua,MODIS,68,6.2,292.8,36.9,D,0
21.422,92.4013,318.1,2.1,1.4,2003-04-11,0735,Aqua,MODIS,34,6.2,290,26.7,D,0
21.42,92.3815,331.4,2.1,1.4,2003-04-11,0735,Aqua,MODIS,81,6.2,291.6,70.4,D,0
22.8854,92.1265,327.1,2.1,1.4,2003-04-11,0735,Aqua,MODIS,81,6.2,297.5,50.4,D,0
21.8541,92.3185,318.1,2.1,1.4,2003-04-11,0735,Aqua,MODIS,23,6.2,299.5,14,D,0
21.8538,92.3235,318.3,2.1,1.4,2003-04-11,0735,Aqua,MODIS,47,6.2,298.5,15.1,D,0
21.8393,92.3069,328,2.1,1.4,2003-04-11,0735,Aqua,MODIS,75,6.2,301.2,43.7,D,0
21.8413,92.3258,334.6,2.1,1.4,2003-04-11,0735,Aqua,MODIS,83,6.2,299.4,68.7,D,0
23.502,92.0715,333.3,2.1,1.4,2003-04-11,0735,Aqua,MODIS,84,6.2,297.2,77.1,D,0
23.5543,91.9618,325.2,2.1,1.4,2003-04-11,0735,Aqua,MODIS,30,6.2,297.4,35.8,D,0
23.5522,91.942,354.5,2.1,1.4,2003-04-11,0735,Aqua,MODIS,97,6.2,299.4,170.9,D,0
23.5647,91.9406,344.3,2.1,1.4,2003-04-11,0735,Aqua,MODIS,92,6.2,298.4,112.1,D,0
23.5567,91.9543,337.8,2.1,1.4,2003-04-11,0735,Aqua,MODIS,87,6.2,297.5,85.3,D,0
21.885,92.4986,328.9,2.1,1.4,2003-04-11,0735,Aqua,MODIS,37,6.2,299.2,44,D,0
23.5064,91.9891,321,2.1,1.4,2003-04-11,0735,Aqua,MODIS,40,6.2,298.7,28.1,D,0
23.5189,91.9877,324.9,2.1,1.4,2003-04-11,0735,Aqua,MODIS,75,6.2,298.2,40.2,D,0
23.5293,91.9653,350,2.1,1.4,2003-04-11,0735,Aqua,MODIS,95,6.2,299.6,148.8,D,0
23.5272,91.9453,333.8,2.1,1.4,2003-04-11,0735,Aqua,MODIS,70,6.2,298.5,63.8,D,0
23.5418,91.9635,333,2.1,1.4,2003-04-11,0735,Aqua,MODIS,61,6.2,298.6,61.4,D,0
23.5398,91.9438,358.9,2.1,1.4,2003-04-11,0735,Aqua,MODIS,99,6.2,299.3,202.8,D,0
23.5442,91.9559,344.8,2.1,1.4,2003-04-11,0735,Aqua,MODIS,92,6.2,298.5,117.6,D,0
22.181,92.3426,326.6,2.1,1.4,2003-04-11,0735,Aqua,MODIS,78,6.2,295.2,48.6,D,0
22.1471,92.3869,315.8,2.1,1.4,2003-04-11,0735,Aqua,MODIS,59,6.2,290.3,19.4,D,0
22.1437,92.374,318.1,2.1,1.4,2003-04-11,0735,Aqua,MODIS,61,6.2,291.6,25,D,0
23.4433,92.0021,320.1,2.1,1.4,2003-04-11,0735,Aqua,MODIS,41,6.2,294.9,25.7,D,0
23.4579,92.0205,322.5,2.1,1.4,2003-04-11,0735,Aqua,MODIS,68,6.2,296.4,35.7,D,0
23.4705,92.019,326.7,2.1,1.4,2003-04-11,0735,Aqua,MODIS,78,6.2,296.8,48,D,0
23.4727,92.0337,322,2.1,1.4,2003-04-11,0735,Aqua,MODIS,50,6.2,296.3,33.4,D,0
23.4707,92.0135,320.4,2.1,1.4,2003-04-11,0735,Aqua,MODIS,45,6.2,297,28.5,D,0
21.7826,92.2814,320,2.1,1.4,2003-04-11,0735,Aqua,MODIS,56,6.2,300.6,19.3,D,0
21.7998,92.173,321.1,2,1.4,2003-04-11,0735,Aqua,MODIS,58,6.2,301.5,20.6,D,0
21.5144,92.4259,365.4,2.1,1.4,2003-04-11,0735,Aqua,MODIS,94,6.2,275.5,264.2,D,0
23.6319,92.0684,369.2,2.1,1.4,2003-04-11,0735,Aqua,MODIS,100,6.2,302.3,306.9,D,0
21.8731,92.3843,318.8,2.1,1.4,2003-04-11,0735,Aqua,MODIS,17,6.2,297.9,14.3,D,0
23.6445,92.0667,363.5,2.1,1.4,2003-04-11,0735,Aqua,MODIS,100,6.2,298.7,254.3,D,0
23.6424,92.0457,322.3,2.1,1.4,2003-04-11,0735,Aqua,MODIS,37,6.2,298.7,29,D,0
23.6463,92.0819,331.7,2.1,1.4,2003-04-11,0735,Aqua,MODIS,64,6.2,295.9,61.7,D,0
23.6443,92.0609,345.2,2.1,1.4,2003-04-11,0735,Aqua,MODIS,92,6.2,299.3,124.5,D,0
23.6736,92.0988,321.9,2.1,1.4,2003-04-11,0735,Aqua,MODIS,65,6.2,298.3,31.6,D,0
23.6382,92.006,352.2,2.1,1.4,2003-04-11,0735,Aqua,MODIS,96,6.2,300.1,167.1,D,0
23.6362,91.9865,368.1,2.1,1.4,2003-04-11,0735,Aqua,MODIS,100,6.2,303.2,289.8,D,0
23.6613,91.9834,337.6,2.1,1.4,2003-04-11,0735,Aqua,MODIS,87,6.2,299.9,88.5,D,0
23.6384,92.0007,356.1,2.1,1.4,2003-04-11,0735,Aqua,MODIS,98,6.2,301.1,191.3,D,0
21.5018,92.4273,327.2,2.1,1.4,2003-04-11,0735,Aqua,MODIS,29,6.2,271.8,43.4,D,0
21.5248,92.4097,355.8,2.1,1.4,2003-04-11,0735,Aqua,MODIS,86,6.2,285.5,190.6,D,0
21.5122,92.4111,369.7,2.1,1.4,2003-04-11,0735,Aqua,MODIS,100,6.2,283.6,307.2,D,0
21.5144,92.4313,346.7,2.1,1.4,2003-04-11,0735,Aqua,MODIS,93,6.2,272,130.7,D,0
21.5018,92.4325,332.7,2.1,1.4,2003-04-11,0735,Aqua,MODIS,77,6.2,270.8,67.3,D,0
21.4871,92.4143,321.3,2.1,1.4,2003-04-11,0735,Aqua,MODIS,39,6.2,276.6,33.7,D,0
21.9024,92.2932,330.7,2.1,1.4,2003-04-11,0735,Aqua,MODIS,78,6.2,300.8,51.3,D,0
21.9004,92.2742,341.2,2.1,1.4,2003-04-11,0735,Aqua,MODIS,89,6.2,301.6,95.9,D,0
22.904,92.3086,320.3,2.1,1.4,2003-04-11,0735,Aqua,MODIS,48,6.2,293.3,37.1,D,0
23.699,92.0962,406,2.1,1.4,2003-04-11,0735,Aqua,MODIS,100,6.2,304.8,840.7,D,0
23.6862,92.0968,370,2.1,1.4,2003-04-11,0735,Aqua,MODIS,100,6.2,302.6,317.6,D,0
21.9212,92.2317,377.4,2,1.4,2003-04-11,0735,Aqua,MODIS,100,6.2,299.5,370.5,D,0
23.7035,92.1364,324.5,3.3,1.7,2003-04-12,0513,Terra,MODIS,78,6.2,287.9,105.1,D,0
23.7067,92.1299,327.6,3.3,1.7,2003-04-12,0513,Terra,MODIS,81,6.2,289,124,D,0
23.6384,92.0106,335.9,3.2,1.7,2003-04-12,0513,Terra,MODIS,88,6.2,288.5,182.8,D,0
23.6364,92.0148,333.8,3.2,1.7,2003-04-12,0513,Terra,MODIS,86,6.2,288.5,166.9,D,0
22.8435,91.739,313.1,3.2,1.7,2003-04-12,0513,Terra,MODIS,43,6.2,291.6,34.5,D,0
21.7836,92.439,314,2.4,1.5,2003-04-12,0639,Aqua,MODIS,53,6.2,284.1,26.5,D,0
22.1082,92.2709,328.3,2.4,1.5,2003-04-12,0640,Aqua,MODIS,42,6.2,291.8,59.5,D,0
22.204,92.3633,329.9,2.4,1.5,2003-04-12,0640,Aqua,MODIS,84,6.2,293.2,73,D,0
22.0335,92.3126,332.9,2.4,1.5,2003-04-12,0640,Aqua,MODIS,71,6.2,290.9,86.1,D,0
22.0863,92.301,339.6,2.4,1.5,2003-04-12,0640,Aqua,MODIS,85,6.2,292.6,119.5,D,0
21.8975,92.425,309.9,2.4,1.5,2003-04-12,0640,Aqua,MODIS,25,6.2,278.2,16.1,D,0
22.3969,92.26,307.2,2.4,1.5,2003-04-12,0640,Aqua,MODIS,15,6.2,281.7,12.2,D,0
22.3927,92.2537,309.1,2.4,1.5,2003-04-12,0640,Aqua,MODIS,43,6.2,281.8,18.5,D,0
23.238,92.3093,339.5,2.3,1.5,2003-04-12,0640,Aqua,MODIS,90,6.2,290.2,114.4,D,0
23.198,92.3011,324.8,2.3,1.5,2003-04-12,0640,Aqua,MODIS,80,6.2,291.9,52.3,D,0
23.2366,92.2921,329.7,2.3,1.5,2003-04-12,0640,Aqua,MODIS,71,6.2,291.8,69.2,D,0
23.2337,92.2874,321.9,2.3,1.5,2003-04-12,0640,Aqua,MODIS,38,6.2,291.6,42.1,D,0
22.3143,92.2363,313.2,2.4,1.5,2003-04-12,0640,Aqua,MODIS,55,6.2,286.7,22.1,D,0
22.0247,92.3214,331.7,2.4,1.5,2003-04-12,0640,Aqua,MODIS,65,6.2,287.4,81.7,D,0
22.169,92.3947,335.3,2.4,1.5,2003-04-12,0640,Aqua,MODIS,73,6.2,293.9,91.4,D,0
22.3091,92.2328,313.4,2.4,1.5,2003-04-12,0640,Aqua,MODIS,66,6.2,286.8,24.3,D,0
22.156,92.3981,342.7,2.4,1.5,2003-04-12,0640,Aqua,MODIS,85,6.2,295.2,133.5,D,0
22.1603,92.4022,355,2.4,1.5,2003-04-12,0640,Aqua,MODIS,98,6.2,295.5,218.6,D,0
23.5149,91.95,345,2.4,1.5,2003-04-12,0640,Aqua,MODIS,84,6.2,284,141.1,D,0
23.6642,92.1136,328.7,2.3,1.5,2003-04-12,0640,Aqua,MODIS,57,6.2,281.9,67.4,D,0
22.8116,91.8877,315.8,2.5,1.5,2003-04-12,0640,Aqua,MODIS,68,6.2,286.9,33,D,0
22.257,92.1527,315.8,2.4,1.5,2003-04-12,0640,Aqua,MODIS,63,6.2,289.3,32.6,D,0
22.0994,92.2972,351.3,2.4,1.5,2003-04-12,0640,Aqua,MODIS,96,6.2,292.1,197.2,D,0
22.0907,92.3236,345.2,2.4,1.5,2003-04-12,0640,Aqua,MODIS,92,6.2,284.5,161.2,D,0
23.2423,92.3316,330.8,2.3,1.5,2003-04-12,0640,Aqua,MODIS,68,6.2,283.3,69.5,D,0
23.2252,92.3124,327.8,2.3,1.5,2003-04-12,0640,Aqua,MODIS,38,6.2,288.9,54.8,D,0
23.6449,92.1473,343.3,2.3,1.5,2003-04-12,0640,Aqua,MODIS,90,6.2,285.2,138.9,D,0
22.0153,92.2201,316.9,2.4,1.5,2003-04-12,0640,Aqua,MODIS,26,6.2,291.4,23.6,D,0
22.0429,92.2719,331.4,2.4,1.5,2003-04-12,0640,Aqua,MODIS,56,6.2,291.3,70.3,D,0
22.0204,92.2258,317.9,2.4,1.5,2003-04-12,0640,Aqua,MODIS,69,6.2,291,27.6,D,0
23.6278,92.1284,323.2,2.3,1.5,2003-04-12,0640,Aqua,MODIS,44,6.2,284.5,48.4,D,0
22.8563,91.9021,310.6,2.5,1.5,2003-04-12,0640,Aqua,MODIS,33,6.2,284.7,23.6,D,0
23.2408,92.3142,331.6,2.3,1.5,2003-04-12,0640,Aqua,MODIS,82,6.2,289.1,76.4,D,0
23.611,92.0412,336.5,2.3,1.5,2003-04-12,0640,Aqua,MODIS,89,6.2,281.9,112.7,D,0
23.6068,92.0197,325.7,2.3,1.5,2003-04-12,0640,Aqua,MODIS,80,6.2,278.2,67.8,D,0
23.6495,92.1008,338.2,2.3,1.5,2003-04-12,0640,Aqua,MODIS,87,6.2,284.9,108.6,D,0
23.6408,92.1257,394.5,2.3,1.5,2003-04-12,0640,Aqua,MODIS,100,6.2,287.1,719,D,0
22.327,92.3044,321.7,2.4,1.5,2003-04-12,0640,Aqua,MODIS,61,6.2,289.6,41.2,D,0
23.0627,92.2932,314.2,2.3,1.5,2003-04-12,0640,Aqua,MODIS,66,6.2,294,18.5,D,0
23.0672,92.3163,322.4,2.3,1.5,2003-04-12,0640,Aqua,MODIS,77,6.2,295.9,42.2,D,0
23.2279,92.3172,352.6,2.3,1.5,2003-04-12,0640,Aqua,MODIS,97,6.2,288.8,197.4,D,0
23.215,92.3202,359.4,2.3,1.5,2003-04-12,0640,Aqua,MODIS,99,6.2,291,252.2,D,0
22.3269,92.3237,317.4,2.4,1.5,2003-04-12,0640,Aqua,MODIS,64,6.2,292.1,29.7,D,0
22.3224,92.3007,318.7,2.4,1.5,2003-04-12,0640,Aqua,MODIS,74,6.2,289.2,34.6,D,0
23.6667,92.12,336.8,2.3,1.5,2003-04-12,0640,Aqua,MODIS,87,6.2,281,103.2,D,0
21.477,92.4982,323.5,1,1,2003-04-12,1608,Terra,MODIS,100,6.2,292.4,20.5,N,0
21.9917,92.4264,309.5,1,1,2003-04-12,1608,Terra,MODIS,78,6.2,295.4,7.7,N,0
21.4783,92.5078,327.1,1,1,2003-04-12,1608,Terra,MODIS,100,6.2,293.2,24.6,N,0
21.8574,92.386,309.6,1,1,2003-04-12,1608,Terra,MODIS,78,6.2,295.9,7.5,N,0
21.856,92.3764,329.1,1,1,2003-04-12,1608,Terra,MODIS,100,6.2,296.4,26.3,N,0
21.9559,92.2848,308.7,1.4,1.2,2003-04-13,0418,Terra,MODIS,31,6.2,285.4,3.9,D,0
21.0538,92.1786,320,1.4,1.2,2003-04-13,0418,Terra,MODIS,52,6.2,295.8,17.1,D,0
21.9542,92.299,315.7,1.4,1.2,2003-04-13,0418,Terra,MODIS,68,6.2,287,13.4,D,0
22.323,92.4012,363,1.3,1.1,2003-04-13,0722,Aqua,MODIS,100,6.2,290.5,130.1,D,0
22.1325,92.3396,318.2,1.3,1.1,2003-04-13,0722,Aqua,MODIS,36,6.2,275,16.1,D,0
22.1224,92.341,336.6,1.3,1.1,2003-04-13,0722,Aqua,MODIS,77,6.2,273.5,47.4,D,0
21.366,92.4792,316.1,1.3,1.1,2003-04-13,0722,Aqua,MODIS,66,6.2,293.1,10.6,D,0
21.4713,92.5836,313.9,1.3,1.1,2003-04-13,0722,Aqua,MODIS,55,6.2,291,9.8,D,0
21.1576,92.1198,323.7,1.2,1.1,2003-04-13,0722,Aqua,MODIS,70,6.2,295.3,18.2,D,0
22.1421,92.2508,316.5,1.3,1.1,2003-04-13,0722,Aqua,MODIS,71,6.2,281.7,15.3,D,0
22.2762,92.3517,327.6,1.3,1.1,2003-04-13,0722,Aqua,MODIS,32,6.2,293.1,20.6,D,0
22.1916,92.3188,318.9,1.3,1.1,2003-04-13,0722,Aqua,MODIS,61,6.2,286.7,12.6,D,0
22.2387,92.3823,327.7,1.3,1.1,2003-04-13,0722,Aqua,MODIS,74,6.2,287.5,27.2,D,0
22.2661,92.3531,420.9,1.3,1.1,2003-04-13,0722,Aqua,MODIS,100,6.2,302.1,572.8,D,0
21.4795,92.4134,316.4,1.3,1.1,2003-04-13,0722,Aqua,MODIS,68,6.2,290.3,11.1,D,0
22.2676,92.3654,392.7,1.3,1.1,2003-04-13,0722,Aqua,MODIS,100,6.2,295.2,294.8,D,0
21.5818,92.5757,315.3,1.3,1.1,2003-04-13,0722,Aqua,MODIS,10,6.2,289.4,10.7,D,0
21.5564,92.3708,323.4,1.3,1.1,2003-04-13,0722,Aqua,MODIS,58,6.2,281.3,20.9,D,0
22.2347,92.1821,321,1.3,1.1,2003-04-13,0722,Aqua,MODIS,73,6.2,295.7,12.9,D,0
22.2559,92.3545,397.3,1.3,1.1,2003-04-13,0722,Aqua,MODIS,100,6.2,296.2,329.7,D,0
22.2574,92.3668,369.9,1.3,1.1,2003-04-13,0722,Aqua,MODIS,100,6.2,292.9,152.2,D,0
22.3215,92.3885,319.3,1.3,1.1,2003-04-13,0722,Aqua,MODIS,74,6.2,289.6,13,D,0
21.4697,92.5712,317.7,1.3,1.1,2003-04-13,0722,Aqua,MODIS,69,6.2,291.7,14.4,D,0
23.4186,92.211,364.8,1.3,1.1,2003-04-13,0723,Aqua,MODIS,100,6.2,299.7,132.1,D,0
23.4303,92.2223,327.9,1.3,1.1,2003-04-13,0723,Aqua,MODIS,82,6.2,294.3,25.4,D,0
23.4201,92.2237,354.5,1.3,1.1,2003-04-13,0723,Aqua,MODIS,97,6.2,297.2,92.3,D,0
23.4084,92.2124,424.7,1.3,1.1,2003-04-13,0723,Aqua,MODIS,100,6.2,308,635.1,D,0
23.4099,92.2252,378.3,1.3,1.1,2003-04-13,0723,Aqua,MODIS,100,6.2,299.8,203.1,D,0
23.379,92.1394,331.3,1.3,1.1,2003-04-13,0723,Aqua,MODIS,85,6.2,297.3,31.2,D,0
23.357,92.1237,317.4,1.3,1.1,2003-04-13,0723,Aqua,MODIS,52,6.2,294.1,10.2,D,0
23.4375,92.0286,318,1.3,1.1,2003-04-13,0723,Aqua,MODIS,54,6.2,286.2,14.5,D,0
23.5307,92.0477,385.7,1.3,1.1,2003-04-13,0723,Aqua,MODIS,100,6.2,283.9,246.4,D,0
23.5291,92.0351,419.2,1.3,1.1,2003-04-13,0723,Aqua,MODIS,94,6.2,291.7,551.8,D,0
23.5312,92.0536,331.3,1.3,1.1,2003-04-13,0723,Aqua,MODIS,48,6.2,277.8,34.5,D,0
23.5297,92.0409,398.5,1.3,1.1,2003-04-13,0723,Aqua,MODIS,100,6.2,288.8,342.1,D,0
23.5282,92.0284,359,1.3,1.1,2003-04-13,0723,Aqua,MODIS,94,6.2,287.3,104.2,D,0
23.5413,92.0522,344.8,1.3,1.1,2003-04-13,0723,Aqua,MODIS,93,6.2,277.4,67.7,D,0
23.5398,92.0395,421.1,1.3,1.1,2003-04-13,0723,Aqua,MODIS,94,6.2,288.1,575.5,D,0
23.5383,92.027,367.4,1.3,1.1,2003-04-13,0723,Aqua,MODIS,87,6.2,285.1,144.5,D,0
22.8322,91.5747,309.7,1.2,1.1,2003-04-13,0723,Aqua,MODIS,25,6.2,287.6,5.5,D,0
21.378,92.5756,409.9,4,1.9,2003-04-14,0627,Aqua,MODIS,100,6.2,299.8,2290.1,D,0
21.3618,92.5801,320,4,1.9,2003-04-14,0627,Aqua,MODIS,30,6.2,293.9,68.4,D,0
21.37,92.5376,322.5,4,1.9,2003-04-14,0627,Aqua,MODIS,30,6.2,289.8,80,D,0
21.391,92.6019,359.4,4,1.9,2003-04-14,0627,Aqua,MODIS,99,6.2,294.3,544.6,D,0
21.4026,92.5288,321,4,1.9,2003-04-14,0627,Aqua,MODIS,34,6.2,294,76.9,D,0
21.4015,92.6061,340.7,4,1.9,2003-04-14,0627,Aqua,MODIS,88,6.2,291.8,253,D,0
21.3996,92.5623,337.9,4,1.9,2003-04-14,0627,Aqua,MODIS,85,6.2,294.9,228.8,D,0
21.3835,92.5671,371.6,4,1.9,2003-04-14,0627,Aqua,MODIS,100,6.2,298,828.6,D,0
21.3854,92.6108,358.3,4,1.9,2003-04-14,0627,Aqua,MODIS,99,6.2,294.1,525.7,D,0
21.3941,92.5706,356.4,4,1.9,2003-04-14,0627,Aqua,MODIS,98,6.2,295.6,499.4,D,0
21.4072,92.5978,342.1,4,1.9,2003-04-14,0627,Aqua,MODIS,89,6.2,291.7,273.9,D,0
23.1352,92.3283,314.6,3.8,1.8,2003-04-14,0628,Aqua,MODIS,51,6.2,297.3,38.1,D,0
21.5071,92.4179,351.9,1,1,2003-04-15,0710,Aqua,MODIS,96,6.2,302.7,53.3,D,0
21.4982,92.4194,325.9,1,1,2003-04-15,0710,Aqua,MODIS,42,6.2,300,11,D,0
21.5009,92.4385,323.2,1,1,2003-04-15,0710,Aqua,MODIS,63,6.2,297.5,8.6,D,0
21.5098,92.437,322.9,1,1,2003-04-15,0710,Aqua,MODIS,62,6.2,298.1,7.4,D,0
21.5085,92.4275,328.7,1,1,2003-04-15,0710,Aqua,MODIS,79,6.2,300,13.6,D,0
21.4995,92.4289,343.6,1,1,2003-04-15,0710,Aqua,MODIS,91,6.2,298.8,36.9,D,0
21.7234,92.5291,313.8,4.7,2,2003-04-16,0753,Aqua,MODIS,26,6.2,291.8,48.1,D,0
21.722,92.4891,316,4.7,2,2003-04-16,0753,Aqua,MODIS,59,6.2,293.3,59.1,D,0
23.4763,92.0072,321.1,1.2,1.1,2003-04-17,0658,Aqua,MODIS,74,6.2,295.4,14.9,D,0
22.0661,92.2449,321.8,1.2,1.1,2003-04-17,0658,Aqua,MODIS,69,6.2,303.1,11,D,0
23.0494,91.9008,323.9,1.2,1.1,2003-04-17,0658,Aqua,MODIS,76,6.2,299.3,17.1,D,0
22.1478,92.1753,328.4,1.2,1.1,2003-04-17,0658,Aqua,MODIS,79,6.2,303.1,20.1,D,0
23.501,92.0376,323.8,1.2,1.1,2003-04-17,0658,Aqua,MODIS,77,6.2,296.5,18.4,D,0
23.5304,92.0719,321,1.2,1.1,2003-04-17,0658,Aqua,MODIS,74,6.2,296,16,D,0
23.5286,92.0607,324.2,1.2,1.1,2003-04-17,0658,Aqua,MODIS,78,6.2,296.2,19.9,D,0
22.2898,92.2189,320.1,1.2,1.1,2003-04-17,0658,Aqua,MODIS,66,6.2,301.1,10,D,0
21.1647,92.1213,319.4,1.2,1.1,2003-04-17,0658,Aqua,MODIS,52,6.2,300.6,12,D,0
23.4681,92.0787,327.5,1.2,1.1,2003-04-17,0658,Aqua,MODIS,81,6.2,296,24.8,D,0
23.4777,92.0769,335.7,1.2,1.1,2003-04-17,0658,Aqua,MODIS,87,6.2,296.5,38.6,D,0
23.4667,92.0091,334,1.2,1.1,2003-04-17,0658,Aqua,MODIS,86,6.2,294.9,34,D,0
22.5775,92.2865,335.3,1.2,1.1,2003-04-17,0658,Aqua,MODIS,85,6.2,302.5,32.3,D,0
22.4088,92.2024,333,1.2,1.1,2003-04-17,0658,Aqua,MODIS,83,6.2,297.5,28.6,D,0
23.4649,91.9977,328,1.2,1.1,2003-04-17,0658,Aqua,MODIS,81,6.2,296.3,23.9,D,0
22.94,91.7948,317.9,1.2,1.1,2003-04-17,0658,Aqua,MODIS,66,6.2,297.8,10.4,D,0
22.8919,91.8229,321.9,1.2,1.1,2003-04-17,0658,Aqua,MODIS,73,6.2,299.7,15.4,D,0
21.7961,92.2131,327.8,1.2,1.1,2003-04-17,0658,Aqua,MODIS,78,6.2,301.7,20.1,D,0
21.7954,92.2188,325.2,1.2,1.1,2003-04-17,0658,Aqua,MODIS,76,6.2,301,15.9,D,0
23.3481,92.114,320.3,1.2,1.1,2003-04-17,0658,Aqua,MODIS,70,6.2,295,13.7,D,0
23.3463,92.1027,324.6,1.2,1.1,2003-04-17,0658,Aqua,MODIS,78,6.2,294.5,19.9,D,0
23.3685,92.092,322.3,1.2,1.1,2003-04-17,0658,Aqua,MODIS,73,6.2,295.6,16,D,0
23.3972,92.0864,318.5,1.2,1.1,2003-04-17,0658,Aqua,MODIS,64,6.2,296.1,10.6,D,0
23.4049,92.0732,319.8,1.2,1.1,2003-04-17,0658,Aqua,MODIS,46,6.2,297.4,11.5,D,0
23.4241,92.0695,319.5,1.2,1.1,2003-04-17,0658,Aqua,MODIS,69,6.2,296.4,12,D,0
21.7899,92.1843,320.4,1.2,1.1,2003-04-17,0658,Aqua,MODIS,29,6.2,301.1,9.4,D,0
22.4257,92.246,366.5,1.2,1.1,2003-04-17,0658,Aqua,MODIS,100,6.2,304.1,121.3,D,0
22.4239,92.2346,327.3,1.2,1.1,2003-04-17,0658,Aqua,MODIS,77,6.2,302,19.4,D,0
22.4203,92.212,326.1,1.2,1.1,2003-04-17,0658,Aqua,MODIS,76,6.2,300.6,17.2,D,0
22.0666,92.373,379.2,1.2,1.1,2003-04-17,0658,Aqua,MODIS,100,6.2,306.4,174.7,D,0
22.0648,92.3617,356,1.2,1.1,2003-04-17,0658,Aqua,MODIS,98,6.2,305.2,80.8,D,0
22.4185,92.2006,341.8,1.2,1.1,2003-04-17,0658,Aqua,MODIS,90,6.2,300.4,46.2,D,0
22.0727,92.3487,323.1,1.2,1.1,2003-04-17,0658,Aqua,MODIS,71,6.2,304.8,11.7,D,0
23.1219,92.2847,325.9,1.2,1.1,2003-04-17,0658,Aqua,MODIS,78,6.2,299.2,18.3,D,0
22.7977,91.8707,318.6,1.2,1.1,2003-04-17,0658,Aqua,MODIS,67,6.2,300.5,10.6,D,0
21.3595,92.1822,323,1.2,1.1,2003-04-17,0658,Aqua,MODIS,0,6.2,289.4,19.5,D,0
22.1185,92.241,320.5,1.2,1.1,2003-04-17,0658,Aqua,MODIS,58,6.2,302,8.5,D,0
21.1692,92.1078,313.8,1,1,2003-04-18,0437,Terra,MODIS,40,6.2,296.5,4.9,D,0
21.5619,92.3875,318.9,2.7,1.6,2003-04-18,0741,Aqua,MODIS,61,6.2,296.7,28.6,D,0
21.5613,92.5806,316.1,2.8,1.6,2003-04-18,0741,Aqua,MODIS,24,6.2,292.9,25.8,D,0
21.3672,92.4527,317.5,2.7,1.6,2003-04-18,0741,Aqua,MODIS,18,6.2,293.7,30.1,D,0
21.389,92.4703,319.5,2.7,1.6,2003-04-18,0741,Aqua,MODIS,36,6.2,294.9,35.9,D,0
21.3863,92.4425,326.8,2.7,1.6,2003-04-18,0741,Aqua,MODIS,76,6.2,295.7,69.1,D,0
21.5652,92.5728,318,2.8,1.6,2003-04-18,0741,Aqua,MODIS,58,6.2,292.8,34,D,0
22.3694,92.3268,315.4,4.6,2,2003-04-19,0519,Terra,MODIS,61,6.2,290.3,67.4,D,0
22.3698,92.3316,314.8,4.6,2,2003-04-19,0519,Terra,MODIS,59,6.2,290.1,61.4,D,0
21.0959,92.1578,315.8,2,1.4,2003-04-19,0645,Aqua,MODIS,36,6.2,296.3,16.2,D,0
23.406,92.0576,313.8,1.8,1.3,2003-04-19,0646,Aqua,MODIS,63,6.2,296.5,16.2,D,0
23.3774,92.1002,309.1,1.8,1.3,2003-04-19,0646,Aqua,MODIS,32,6.2,292.8,6.3,D,0
21.9604,92.1881,319.2,1.9,1.3,2003-04-19,0646,Aqua,MODIS,64,6.2,297.1,22.8,D,0
21.9637,92.2064,359.7,1.9,1.3,2003-04-19,0646,Aqua,MODIS,99,6.2,298,198.3,D,0
22.1368,92.2924,328.6,1.6,1.2,2003-04-20,0728,Aqua,MODIS,77,6.2,297.3,30.9,D,0
21.8605,92.1782,321.3,1.6,1.2,2003-04-20,0728,Aqua,MODIS,63,6.2,299.9,14.1,D,0
22.1222,92.2631,326.2,1.6,1.2,2003-04-20,0728,Aqua,MODIS,74,6.2,300.2,25.3,D,0
22.722,92.2254,329.7,1.6,1.3,2003-04-20,0729,Aqua,MODIS,0,6.2,298.7,38.5,D,0
21.3247,92.6294,322.1,1.1,1,2003-04-22,0716,Aqua,MODIS,64,6.2,304.1,10.2,D,0
22.7808,91.9839,327.4,1.1,1,2003-04-22,0716,Aqua,MODIS,77,6.2,302.8,17.1,D,0
22.0199,92.1893,323.5,1.1,1,2003-04-22,0716,Aqua,MODIS,64,6.2,306.8,7.5,D,0
22.7795,91.9739,319.1,1.1,1,2003-04-22,0716,Aqua,MODIS,60,6.2,302.9,7.4,D,0
21.3144,92.6317,305.6,1.4,1.2,2003-04-23,1550,Terra,MODIS,65,6.2,294.6,8.1,N,0
22.7058,91.8865,319.2,1.1,1,2003-04-24,0704,Aqua,MODIS,52,6.2,301.1,7.9,D,0
23.0281,91.8871,319.1,1.1,1,2003-04-24,0704,Aqua,MODIS,67,6.2,300.8,7.6,D,0
22.712,91.8797,318.1,1.1,1,2003-04-24,0704,Aqua,MODIS,63,6.2,302,6.5,D,0
22.261,92.245,332,1,1,2003-04-24,0704,Aqua,MODIS,82,6.2,302.1,21.9,D,0
22.0863,91.9362,315.1,3.3,1.7,2003-04-25,0747,Aqua,MODIS,50,6.2,298.6,28.4,D,0
22.0891,91.9439,316.5,3.3,1.7,2003-04-25,0747,Aqua,MODIS,57,6.2,298.4,32,D,0
21.3966,92.5961,318.8,3.6,1.8,2003-04-25,0747,Aqua,MODIS,49,6.2,292,56.1,D,0
23.3327,92.0971,316.2,3.5,1.8,2003-04-25,0747,Aqua,MODIS,59,6.2,295.9,47.9,D,0
21.3107,92.6278,304.9,2.4,1.5,2003-04-25,1537,Terra,MODIS,56,6.2,293.2,15,N,0
21.3152,92.6324,305.3,2.4,1.5,2003-04-25,1537,Terra,MODIS,58,6.2,293.3,15.9,N,0
21.0778,92.1686,319.5,1.6,1.2,2003-04-26,0651,Aqua,MODIS,35,6.2,302.6,12.1,D,0
21.3054,92.6293,322.7,1.4,1.2,2003-04-26,0651,Aqua,MODIS,66,6.2,302.4,19.9,D,0
21.0886,92.1663,333.5,1.6,1.2,2003-04-26,0651,Aqua,MODIS,83,6.2,303.2,43.2,D,0
21.8469,92.2056,320.9,1.5,1.2,2003-04-26,0652,Aqua,MODIS,42,6.2,304.5,11,D,0
23.4043,92.0476,314.3,1.4,1.2,2003-04-26,0652,Aqua,MODIS,57,6.2,299.2,9.3,D,0
23.5553,91.9755,338,1.4,1.2,2003-04-26,0652,Aqua,MODIS,88,6.2,297.5,55.8,D,0
23.553,91.9624,362.7,1.4,1.2,2003-04-26,0652,Aqua,MODIS,100,6.2,297.7,148,D,0
23.5779,92.043,314.1,1.4,1.2,2003-04-26,0652,Aqua,MODIS,58,6.2,297.1,11.3,D,0
23.5424,91.9644,353.1,1.4,1.2,2003-04-26,0652,Aqua,MODIS,97,6.2,298.7,104.8,D,0
23.5447,91.9776,326.4,1.4,1.2,2003-04-26,0652,Aqua,MODIS,79,6.2,297.8,28.1,D,0
21.8551,92.1891,323.2,1.5,1.2,2003-04-26,0652,Aqua,MODIS,68,6.2,304.8,14.8,D,0
21.4039,92.6041,345,1.4,1.2,2003-04-26,0652,Aqua,MODIS,91,6.2,307,71.7,D,0
21.2865,92.1753,325.3,1.5,1.2,2003-04-26,0652,Aqua,MODIS,74,6.2,303.9,22.7,D,0
22.0071,92.1906,322.6,1.5,1.2,2003-04-26,0652,Aqua,MODIS,58,6.2,305.4,12.8,D,0
21.4016,92.5902,331.4,1.4,1.2,2003-04-26,0652,Aqua,MODIS,80,6.2,307,35.2,D,0
21.3115,92.632,310.6,1.3,1.1,2003-04-26,1620,Terra,MODIS,80,6.2,295.4,11.6,N,0
23.4122,92.1236,318.6,2.1,1.4,2003-04-27,0735,Aqua,MODIS,61,6.2,296.1,25.5,D,0
23.5862,92.0481,336.5,2.1,1.4,2003-04-27,0735,Aqua,MODIS,86,6.2,296.6,89.3,D,0
21.306,92.6365,305.7,1.2,1.1,2003-04-27,1944,Aqua,MODIS,65,6.2,294.2,7.2,N,0
22.7554,91.9055,323.6,1.2,1.1,2003-04-29,0723,Aqua,MODIS,69,6.2,302.2,12.5,D,0
22.3608,92.2541,316.8,1.3,1.1,2003-05-02,0448,Terra,MODIS,66,6.2,299.5,9.5,D,0
21.0838,92.1795,320.2,1.5,1.2,2003-05-06,0728,Aqua,MODIS,52,6.2,300.5,14.1,D,0
21.7762,92.4393,327.2,1.1,1,2003-05-08,0716,Aqua,MODIS,70,6.2,306.2,11.5,D,0
21.8413,92.1699,324.9,1.1,1,2003-05-08,0716,Aqua,MODIS,68,6.2,307.2,8.4,D,0
21.5456,92.5682,325.4,1.1,1,2003-05-08,0716,Aqua,MODIS,68,6.2,308.2,9.6,D,0
21.4542,92.2678,318,1,1,2003-05-10,0704,Aqua,MODIS,69,6.2,300.8,7.3,D,0
21.7673,92.5693,321.3,1.2,1.1,2003-05-11,0442,Terra,MODIS,74,6.2,302.6,12.3,D,0
24.9954,92.0883,312.4,1.2,1.1,2003-05-18,0448,Terra,MODIS,52,6.2,297,4.7,D,0
25.0594,89.6724,318,1.5,1.2,2003-06-04,0659,Aqua,MODIS,0,6.2,296.1,13.9,D,0
24.3909,89.8175,317.3,1.2,1.1,2003-07-23,0434,Terra,MODIS,56,6.2,297.2,8,D,0
23.9341,89.4982,315.5,1.1,1,2003-08-21,0711,Aqua,MODIS,34,6.2,295.3,5.4,D,0
23.6533,90.7878,311.9,1.1,1.1,2003-11-07,0723,Aqua,MODIS,60,6.2,300.6,5.6,D,0
25.4659,89.7888,307.4,1,1,2003-11-09,0711,Aqua,MODIS,43,6.2,296.5,3.5,D,0
23.6052,90.6825,314.3,1.3,1.1,2003-11-14,0729,Aqua,MODIS,57,6.2,301.6,9.4,D,0
23.8219,90.9632,311.4,1.4,1.2,2003-11-14,0729,Aqua,MODIS,58,6.2,300.9,8.3,D,0
22.9028,91.7269,313.7,1.1,1,2003-11-16,0717,Aqua,MODIS,68,6.2,300.6,7.9,D,0
25.7177,89.5133,307,1.2,1.1,2003-11-18,0706,Aqua,MODIS,32,6.2,295.1,5.7,D,0
23.8109,90.9004,313.1,1.7,1.3,2003-11-20,0653,Aqua,MODIS,67,6.2,300.8,12.7,D,0
23.6996,91.0487,310.3,1.2,1.1,2003-11-23,0724,Aqua,MODIS,59,6.2,299.4,5.5,D,0
23.6202,91.0425,312.6,1,1,2003-11-25,0711,Aqua,MODIS,65,6.2,299.8,6.3,D,0
23.6188,91.0328,311.8,1,1,2003-11-25,0711,Aqua,MODIS,63,6.2,300.2,5.9,D,0
23.8279,90.8279,313.6,1,1,2003-11-25,0711,Aqua,MODIS,66,6.2,300.3,6.6,D,0
23.7379,90.9752,312.4,1.3,1.1,2003-11-27,0659,Aqua,MODIS,66,6.2,298.5,9.3,D,0
24.2225,91.3048,313.1,1.9,1.4,2003-11-29,0647,Aqua,MODIS,69,6.2,299.3,16.3,D,0
24.1682,91.3087,314.7,1.5,1.2,2003-11-30,0730,Aqua,MODIS,65,6.2,300.8,11.4,D,0
24.1706,91.234,313.9,1.5,1.2,2003-11-30,0730,Aqua,MODIS,68,6.2,300.6,9.2,D,0
24.1665,91.294,314.6,1.5,1.2,2003-11-30,0730,Aqua,MODIS,70,6.2,300.8,10.2,D,0
22.9052,91.731,307.8,1.5,1.2,2003-11-30,0730,Aqua,MODIS,58,6.2,297.4,8,D,0
23.275,90.7334,311.1,1,1,2003-12-02,0717,Aqua,MODIS,62,6.2,299.1,5.9,D,0
24.5594,91.6657,315,1.1,1,2003-12-02,0718,Aqua,MODIS,70,6.2,300.4,9.5,D,0
25.1553,89.6383,307.2,1,1,2003-12-02,0718,Aqua,MODIS,0,6.2,296.1,2.5,D,0
24.1569,91.2687,311.1,1.1,1,2003-12-02,0718,Aqua,MODIS,41,6.2,299.1,4.5,D,0
24.1556,91.2585,312.7,1,1,2003-12-02,0718,Aqua,MODIS,54,6.2,300.4,5.9,D,0
24.1789,91.2234,312,1,1,2003-12-02,0718,Aqua,MODIS,42,6.2,298.4,3.9,D,0
24.1202,91.2557,312.1,1.1,1,2003-12-04,0705,Aqua,MODIS,47,6.2,300.5,5.8,D,0
23.8392,90.8232,311.1,1.1,1,2003-12-04,0705,Aqua,MODIS,63,6.2,296.2,6.6,D,0
24.5471,91.6333,311.4,1,1,2003-12-04,0706,Aqua,MODIS,48,6.2,297.5,5.8,D,0
24.5455,91.6233,319.2,1,1,2003-12-04,0706,Aqua,MODIS,75,6.2,299.5,12.7,D,0
23.4761,90.9398,316.3,1.1,1.1,2003-12-09,0724,Aqua,MODIS,71,6.2,299.6,11.3,D,0
24.4509,89.3632,313.3,1,1,2003-12-09,0724,Aqua,MODIS,51,6.2,296.4,7.8,D,0
23.4936,90.8974,309.4,1.1,1.1,2003-12-09,0724,Aqua,MODIS,57,6.2,298.8,5.4,D,0
23.6466,90.5821,309.1,1.1,1.1,2003-12-09,0724,Aqua,MODIS,53,6.2,298.6,5.2,D,0
23.3193,91.7682,301.1,4,1.9,2003-12-10,0629,Aqua,MODIS,16,6.2,289.1,13.1,D,0
22.2463,92.2599,310.2,1,1,2003-12-11,0711,Aqua,MODIS,65,6.2,298.4,5.8,D,0
22.2709,91.7885,313.7,1,1,2003-12-11,0711,Aqua,MODIS,60,6.2,302.9,6,D,0
24.232,91.2688,313.4,1,1,2003-12-11,0712,Aqua,MODIS,67,6.2,301.7,5.4,D,0
24.4715,90.0799,309.5,1,1,2003-12-11,0712,Aqua,MODIS,54,6.2,298.7,4.7,D,0
25.0354,91.4808,309.1,1,1,2003-12-11,0712,Aqua,MODIS,56,6.2,298.4,4,D,0
24.599,89.0691,309.6,1.1,1.1,2003-12-11,0712,Aqua,MODIS,52,6.2,298.7,4.8,D,0
24.1374,91.3108,313,1,1,2003-12-11,0712,Aqua,MODIS,67,6.2,301.3,5.4,D,0
25.0368,91.4906,321.8,1,1,2003-12-11,0712,Aqua,MODIS,78,6.2,298.6,14.8,D,0
24.4696,89.3121,311,1.3,1.1,2003-12-20,0706,Aqua,MODIS,44,6.2,295.7,7.2,D,0
24.4675,89.2995,314.4,1.3,1.1,2003-12-20,0706,Aqua,MODIS,68,6.2,294.5,11.1,D,0
23.0311,89.9374,307.7,1,1,2003-12-25,0723,Aqua,MODIS,58,6.2,297.5,5.6,D,0
24.6702,89.0118,315.7,1,1,2003-12-25,0724,Aqua,MODIS,69,6.2,299.4,8.1,D,0
24.6716,89.0218,325.8,1,1,2003-12-25,0724,Aqua,MODIS,81,6.2,299.4,18.7,D,0
23.8339,90.9598,307.5,1.2,1.1,2003-12-25,0724,Aqua,MODIS,59,6.2,297.2,5.1,D,0
24.5595,91.641,312.9,1.3,1.1,2003-12-25,0724,Aqua,MODIS,69,6.2,298.3,10.5,D,0
24.6495,88.995,312,1,1,2003-12-25,0724,Aqua,MODIS,44,6.2,299.6,6.1,D,0
24.6999,89.0272,311.5,1,1,2003-12-25,0724,Aqua,MODIS,50,6.2,299.2,5.2,D,0
26.1591,88.4414,308.7,1.1,1.1,2003-12-27,0712,Aqua,MODIS,54,6.2,298,5,D,0
24.87,91.6433,310.7,1,1,2003-12-27,0712,Aqua,MODIS,67,6.2,298.9,5.9,D,0
