latitude,longitude,brightness,scan,track,acq_date,acq_time,satellite,instrument,confidence,version,bright_t31,frp,daynight,type
24.5524,91.6363,306.9,3.4,1.7,2014-01-01,0752,Aqua,MODIS,57,6.2,295.8,22.7,D,0
25.0692,88.7181,305.8,1,1,2014-01-05,0727,Aqua,MODIS,54,6.2,294.5,3.8,D,0
23.3317,91.9048,309.1,1,1,2014-01-07,0714,Aqua,MODIS,66,6.2,298.3,5.5,D,0
24.6559,89.108,312.3,1.1,1.1,2014-01-07,0715,Aqua,MODIS,68,6.2,296.4,8.7,D,0
24.9786,92.42,310.8,1.1,1,2014-01-09,0703,Aqua,MODIS,69,6.2,296.7,7.4,D,0
24.977,92.4094,309.3,1.1,1,2014-01-09,0703,Aqua,MODIS,67,6.2,296.8,6.3,D,0
24.1254,88.8729,302.1,1.3,1.1,2014-01-10,0436,Terra,MODIS,42,6.2,291.6,5.7,D,0
24.1222,88.8757,305.8,2.4,1.5,2014-01-11,0518,Terra,MODIS,0,6.2,294.1,17,D,0
24.5495,91.2987,308.9,2,1.4,2014-01-11,0650,Aqua,MODIS,63,6.2,298.3,14.3,D,0
24.5435,91.2824,311.6,1.5,1.2,2014-01-12,0733,Aqua,MODIS,66,6.2,298.2,12.4,D,0
25.0813,90.5003,309,1.3,1.2,2014-01-12,0733,Aqua,MODIS,60,6.2,296.7,7,D,0
24.9387,92.2139,307.7,2.7,1.6,2014-01-13,0638,Aqua,MODIS,66,6.2,297.1,16.2,D,0
24.8011,90.8193,307,1,1,2014-01-14,0721,Aqua,MODIS,54,6.2,295.7,4.4,D,0
24.9963,92.3287,310.6,1,1,2014-01-16,0709,Aqua,MODIS,67,6.2,296.9,5.3,D,0
24.9948,92.3189,310.2,1,1,2014-01-16,0709,Aqua,MODIS,66,6.2,297.1,5,D,0
24.5409,91.7609,310.2,1.4,1.2,2014-01-18,0656,Aqua,MODIS,60,6.2,299.1,9.1,D,0
22.9718,89.5244,309.9,1.4,1.2,2014-01-19,0739,Aqua,MODIS,61,6.2,295.3,10.2,D,0
22.1186,91.9764,314.2,1,1,2014-01-23,0714,Aqua,MODIS,69,6.2,299.8,6.2,D,0
22.8467,91.6607,310.3,1,1,2014-01-23,0714,Aqua,MODIS,30,6.2,296.3,4,D,0
22.0885,90.5216,315.2,1.1,1,2014-01-23,0714,Aqua,MODIS,51,6.2,302.5,6.4,D,0
22.1173,91.9668,314,1,1,2014-01-23,0714,Aqua,MODIS,68,6.2,299.3,6.2,D,0
24.0037,90.3198,307.7,1,1,2014-01-23,0715,Aqua,MODIS,26,6.2,295.6,2.9,D,0
24.9937,92.0621,311.8,1,1,2014-01-23,0715,Aqua,MODIS,63,6.2,299.7,5,D,0
25.0795,92.0217,315.5,1,1,2014-01-23,0715,Aqua,MODIS,70,6.2,302.8,7.1,D,0
25.0811,91.9912,312.7,1.1,1.1,2014-01-25,0703,Aqua,MODIS,68,6.2,300.1,6.4,D,0
24.332,88.6178,305.6,2.3,1.5,2014-01-27,0518,Terra,MODIS,0,6.2,293.4,18.6,D,0
24.9819,92.2773,309.9,1.6,1.3,2014-01-27,0650,Aqua,MODIS,43,6.2,298.5,9.1,D,0
24.3341,88.6273,306.9,1.4,1.2,2014-01-29,0506,Terra,MODIS,0,6.2,293.5,9.7,D,0
24.9122,92.4751,312,2.6,1.6,2014-01-29,0638,Aqua,MODIS,71,6.2,300.6,24.6,D,0
24.9065,92.483,311.1,2.6,1.6,2014-01-29,0638,Aqua,MODIS,60,6.2,300.8,19.7,D,0
22.6218,91.7251,311.9,1,1,2014-01-30,0720,Aqua,MODIS,38,6.2,297,7.4,D,0
24.4583,88.2557,306,1,1,2014-01-31,0454,Terra,MODIS,49,6.2,295.7,5.3,D,0
24.0858,88.8213,305.1,1,1,2014-01-31,0454,Terra,MODIS,35,6.2,294.7,5.4,D,0
23.0788,89.588,309.6,1.3,1.1,2014-02-01,0708,Aqua,MODIS,62,6.2,299.4,8.8,D,0
24.9671,92.2539,319.5,1,1,2014-02-01,0709,Aqua,MODIS,74,6.2,306.4,9.4,D,0
24.139,88.9835,306.9,1.1,1,2014-02-02,0441,Terra,MODIS,0,6.2,296.5,6.1,D,0
24.8883,92.467,315.7,1.3,1.1,2014-02-03,0656,Aqua,MODIS,59,6.2,304.6,9.2,D,0
22.7069,91.8379,309.8,1.1,1,2014-02-04,0429,Terra,MODIS,65,6.2,298.6,6,D,0
23.8425,89.4635,302.6,1.4,1.2,2014-02-04,0429,Terra,MODIS,0,6.2,292.2,6.5,D,0
24.3303,88.6104,306.7,1.8,1.3,2014-02-05,0512,Terra,MODIS,25,6.2,295.5,10,D,0
24.0813,89.777,308.3,2.1,1.4,2014-02-05,0512,Terra,MODIS,0,6.2,297.2,17.7,D,0
24.4465,88.9398,310.2,1,1,2014-02-06,0727,Aqua,MODIS,54,6.2,300,4.4,D,0
24.3761,91.688,308,1.3,1.1,2014-02-06,0727,Aqua,MODIS,45,6.2,296.8,6.6,D,0
23.0825,89.5864,320.3,1,1,2014-02-06,0727,Aqua,MODIS,74,6.2,302,12.4,D,0
24.432,89.3634,309.6,1,1,2014-02-06,0727,Aqua,MODIS,55,6.2,298.6,5.4,D,0
24.5609,91.647,319.9,1,1,2014-02-08,0715,Aqua,MODIS,73,6.2,302.8,10.9,D,0
24.1125,91.5991,314.4,1,1,2014-02-08,0715,Aqua,MODIS,56,6.2,301.2,6.1,D,0
24.9636,89.6655,302.5,4.3,1.9,2014-02-10,0530,Terra,MODIS,0,6.2,282.7,18.9,D,0
24.8043,88.2975,301.6,3.5,1.8,2014-02-10,0530,Terra,MODIS,27,6.2,286.8,15.5,D,0
25.5616,89.1545,301.7,3.8,1.8,2014-02-10,0530,Terra,MODIS,27,6.2,289,16.2,D,0
24.6965,89.7201,309.1,1.5,1.2,2014-02-10,0703,Aqua,MODIS,0,6.2,296.3,9.7,D,0
24.7924,89.6785,307.4,1.5,1.2,2014-02-10,0703,Aqua,MODIS,0,6.2,294.9,7.2,D,0
23.9236,89.6859,310.7,1.1,1.1,2014-02-11,0435,Terra,MODIS,0,6.2,296.8,6.4,D,0
24.3315,88.6283,310.7,1.3,1.1,2014-02-11,0435,Terra,MODIS,0,6.2,297.6,8.6,D,0
23.079,89.584,311.1,1.8,1.3,2014-02-11,0745,Aqua,MODIS,28,6.2,297.1,12.2,D,0
23.1024,89.581,314.2,1.8,1.3,2014-02-11,0745,Aqua,MODIS,61,6.2,297.1,16.7,D,0
25.4368,89.6385,304.6,1.9,1.4,2014-02-11,0746,Aqua,MODIS,0,6.2,291.2,7.6,D,0
24.7532,92.0633,310.5,1.7,1.3,2014-02-12,0650,Aqua,MODIS,0,6.2,300.2,10.9,D,0
22.1035,92.1338,311.7,1.9,1.3,2014-02-12,0650,Aqua,MODIS,66,6.2,297,14.5,D,0
24.8982,92.4139,317.2,1.8,1.3,2014-02-13,0733,Aqua,MODIS,73,6.2,302.2,19.3,D,0
23.1229,89.583,327.9,1.1,1.1,2014-02-13,0733,Aqua,MODIS,82,6.2,302.3,24.6,D,0
23.1243,89.5942,341.8,1.2,1.1,2014-02-13,0733,Aqua,MODIS,91,6.2,303.1,49.6,D,0
24.1402,91.3993,316.5,1.5,1.2,2014-02-13,0733,Aqua,MODIS,60,6.2,301.7,13.6,D,0
24.216,91.389,313.9,1.5,1.2,2014-02-13,0733,Aqua,MODIS,56,6.2,302.4,10.3,D,0
24.9838,92.2555,313.5,1.8,1.3,2014-02-13,0733,Aqua,MODIS,69,6.2,301.7,11.8,D,0
24.9026,92.4202,315.8,1.8,1.3,2014-02-13,0733,Aqua,MODIS,71,6.2,302,14.7,D,0
25.006,89.5898,303.9,1.6,1.2,2014-02-14,0506,Terra,MODIS,0,6.2,291.4,5.7,D,0
24.2021,91.4011,308,3.2,1.7,2014-02-14,0638,Aqua,MODIS,46,6.2,295.8,19,D,0
22.3681,92.1302,315.1,1.1,1,2014-02-15,0720,Aqua,MODIS,66,6.2,302,7.2,D,0
24.2036,91.3826,312.1,1.5,1.2,2014-02-19,0657,Aqua,MODIS,62,6.2,301.3,9.7,D,0
24.1456,89.1393,310,1.4,1.2,2014-02-20,0739,Aqua,MODIS,52,6.2,299.8,7.4,D,0
25.1206,91.9318,314.4,1.3,1.1,2014-02-22,0727,Aqua,MODIS,68,6.2,299.6,9.7,D,0
22.3004,91.7802,315.6,1,1,2014-02-24,0714,Aqua,MODIS,38,6.2,300.3,4.6,D,0
22.8888,92.3549,314.7,1,1,2014-02-24,0715,Aqua,MODIS,65,6.2,299.1,6.8,D,0
22.8902,92.3646,315.4,1,1,2014-02-24,0715,Aqua,MODIS,66,6.2,299.2,7.3,D,0
23.095,89.5938,320.5,1.1,1,2014-02-24,0715,Aqua,MODIS,65,6.2,301.7,12.7,D,0
23.0933,89.5831,324.4,1.1,1.1,2014-02-24,0715,Aqua,MODIS,75,6.2,301.5,17.5,D,0
25.477,89.6609,313.2,1,1,2014-02-25,0447,Terra,MODIS,0,6.2,303.2,7.4,D,0
24.4876,88.2924,313.6,1,1,2014-02-25,0448,Terra,MODIS,0,6.2,302.2,8.6,D,0
23.6894,89.522,311.7,1,1,2014-02-25,0448,Terra,MODIS,61,6.2,297.3,6.5,D,0
23.0967,89.5802,317.3,1.7,1.3,2014-02-26,0702,Aqua,MODIS,29,6.2,301.3,18.9,D,0
22.5102,91.7337,341.9,1.3,1.1,2014-02-26,0702,Aqua,MODIS,91,6.2,302.6,56.4,D,0
22.2577,92.204,313.1,1.2,1.1,2014-02-26,0702,Aqua,MODIS,63,6.2,302.1,7.6,D,0
24.1677,91.3845,317.5,1.2,1.1,2014-02-26,0703,Aqua,MODIS,62,6.2,305.2,10,D,0
24.0022,89.08,314.9,1.7,1.3,2014-02-26,0703,Aqua,MODIS,0,6.2,300.2,17.4,D,0
25.4737,89.6602,312.2,1.2,1.1,2014-02-27,0435,Terra,MODIS,0,6.2,299.1,9.7,D,0
22.7091,92.3878,313.3,2.8,1.6,2014-02-27,0745,Aqua,MODIS,52,6.2,299.1,27.2,D,0
21.5566,92.2173,312.9,1.1,1.1,2014-03-01,0424,Terra,MODIS,61,6.2,302.7,5.7,D,0
23.0741,89.5879,324.3,1.1,1.1,2014-03-01,0733,Aqua,MODIS,55,6.2,304.8,16.4,D,0
22.3015,92.1829,316,1.1,1,2014-03-03,0720,Aqua,MODIS,63,6.2,303.3,6,D,0
22.4032,92.1336,317.3,1.1,1,2014-03-03,0720,Aqua,MODIS,66,6.2,302.6,7.1,D,0
22.0715,92.1889,319.2,1.1,1,2014-03-03,0720,Aqua,MODIS,69,6.2,304.1,8.6,D,0
22.9703,89.5286,311.6,1.4,1.2,2014-03-05,0708,Aqua,MODIS,50,6.2,300.5,8.9,D,0
23.1042,92.3154,312.6,1,1,2014-03-05,0708,Aqua,MODIS,56,6.2,300.3,5.3,D,0
22.6993,91.8397,315.8,1.1,1,2014-03-05,0708,Aqua,MODIS,64,6.2,303.2,5.8,D,0
22.3705,92.1583,331.8,1,1,2014-03-05,0708,Aqua,MODIS,84,6.2,303,24.2,D,0
22.1125,89.9315,314.7,1.3,1.1,2014-03-05,0708,Aqua,MODIS,40,6.2,300.8,5.9,D,0
24.1988,91.3769,315.3,1,1,2014-03-06,0442,Terra,MODIS,59,6.2,302.9,5.7,D,0
23.0902,89.5892,311.1,2.3,1.5,2014-03-06,0751,Aqua,MODIS,32,6.2,294.2,14.1,D,0
25.0204,92.0404,312.1,3.6,1.8,2014-03-06,0752,Aqua,MODIS,66,6.2,300.4,29.1,D,0
25.7573,89.4795,312,3.1,1.7,2014-03-07,0524,Terra,MODIS,28,6.2,299.7,34.6,D,0
24.3306,88.6145,311.6,2.9,1.6,2014-03-07,0524,Terra,MODIS,0,6.2,299.9,24.3,D,0
21.3883,92.0178,315.3,1.6,1.2,2014-03-07,0655,Aqua,MODIS,52,6.2,300.7,13.3,D,0
23.1894,92.0044,316.1,1.5,1.2,2014-03-07,0656,Aqua,MODIS,69,6.2,301.1,13.7,D,0
23.092,89.5834,319.6,2.2,1.4,2014-03-07,0656,Aqua,MODIS,56,6.2,304.6,33.3,D,0
23.0908,89.5787,320,2.2,1.4,2014-03-07,0656,Aqua,MODIS,71,6.2,304.3,36.6,D,0
24.9136,92.4641,322.1,1.3,1.1,2014-03-07,0656,Aqua,MODIS,77,6.2,307,14.8,D,0
22.0235,92.4769,315.6,1,1,2014-03-08,0430,Terra,MODIS,69,6.2,299.6,8.6,D,0
22.291,92.1477,311.7,1,1,2014-03-08,0430,Terra,MODIS,60,6.2,301.5,5.3,D,0
23.3872,92.2898,323.5,2.1,1.4,2014-03-08,0739,Aqua,MODIS,69,6.2,299,45.4,D,0
22.5642,92.4926,337.2,2.1,1.4,2014-03-08,0739,Aqua,MODIS,87,6.2,303.4,98.3,D,0
23.3734,92.2771,320.2,2.1,1.4,2014-03-08,0739,Aqua,MODIS,55,6.2,298.2,36.3,D,0
23.386,92.275,331.5,2.1,1.4,2014-03-08,0739,Aqua,MODIS,84,6.2,299.8,74.1,D,0
23.3853,92.2702,323,2.1,1.4,2014-03-08,0739,Aqua,MODIS,69,6.2,300.1,42.9,D,0
24.1378,91.2471,322,1.8,1.3,2014-03-08,0739,Aqua,MODIS,45,6.2,307.5,23.7,D,0
22.8426,92.1739,313.9,2.1,1.4,2014-03-08,0739,Aqua,MODIS,52,6.2,301.9,17,D,0
22.5363,91.706,314.2,1.9,1.3,2014-03-08,0739,Aqua,MODIS,47,6.2,302.8,12.3,D,0
22.8432,92.1679,314.6,2.1,1.4,2014-03-08,0739,Aqua,MODIS,57,6.2,302.1,18.5,D,0
21.8743,92.3067,352.3,2.5,1.5,2014-03-09,0643,Aqua,MODIS,96,6.2,301.6,233.5,D,0
21.8633,92.2791,312.9,2.5,1.5,2014-03-09,0643,Aqua,MODIS,58,6.2,301.1,24.9,D,0
21.8696,92.2824,328.7,2.5,1.5,2014-03-09,0643,Aqua,MODIS,82,6.2,301.2,84.9,D,0
21.8681,92.3032,347.7,2.5,1.5,2014-03-09,0643,Aqua,MODIS,94,6.2,301.7,196.7,D,0
23.1085,91.9478,306.4,1,1,2014-03-09,1608,Terra,MODIS,68,6.2,290.7,8.1,N,0
23.4225,92.2339,304.1,1,1,2014-03-10,1935,Aqua,MODIS,58,6.2,287.3,8,N,0
22.5155,92.3887,305.4,1.2,1.1,2014-03-11,1556,Terra,MODIS,64,6.2,291.4,8.9,N,0
23.2206,92.2287,318,1,1,2014-03-12,0714,Aqua,MODIS,69,6.2,303.3,8.2,D,0
22.3465,92.0418,314.6,1,1,2014-03-12,0714,Aqua,MODIS,47,6.2,303.9,5,D,0
22.4818,89.3969,322.3,1.2,1.1,2014-03-12,0714,Aqua,MODIS,55,6.2,301,12.1,D,0
22.0553,92.1979,316.3,1,1,2014-03-12,0714,Aqua,MODIS,55,6.2,303.4,4.8,D,0
23.0671,92.3162,314.5,1,1,2014-03-12,0714,Aqua,MODIS,58,6.2,299.9,5.2,D,0
22.3073,92.2154,317.7,1,1,2014-03-12,0714,Aqua,MODIS,63,6.2,305.8,5.9,D,0
24.3401,91.6211,316.2,1,1,2014-03-12,0715,Aqua,MODIS,58,6.2,288,8.1,D,0
25.0004,92.0639,319.8,1,1,2014-03-12,0715,Aqua,MODIS,71,6.2,306.2,7.6,D,0
23.5336,90.6483,320,1,1,2014-03-12,0715,Aqua,MODIS,46,6.2,304.4,6.4,D,0
23.7275,92.1444,308,1.2,1.1,2014-03-13,0448,Terra,MODIS,66,6.2,282.4,8.4,D,0
26.1641,89.0713,313.7,3.6,1.8,2014-03-14,0530,Terra,MODIS,25,6.2,300.1,46.6,D,0
22.5468,91.7305,333.4,1.3,1.1,2014-03-14,0702,Aqua,MODIS,86,6.2,303.7,35.5,D,0
23.7539,90.9081,321.7,1.3,1.2,2014-03-14,0702,Aqua,MODIS,36,6.2,300.7,15.5,D,0
22.5448,91.7183,347.3,1.3,1.1,2014-03-14,0702,Aqua,MODIS,94,6.2,305.4,68.6,D,0
22.6113,91.6879,318.8,1.3,1.1,2014-03-14,0702,Aqua,MODIS,69,6.2,305.1,11,D,0
22.5349,91.7201,344,1.3,1.1,2014-03-14,0702,Aqua,MODIS,92,6.2,305.1,59.9,D,0
22.5369,91.7324,332.9,1.3,1.1,2014-03-14,0702,Aqua,MODIS,85,6.2,303.4,34.4,D,0
24.9245,89.6,312.5,1.6,1.2,2014-03-14,0703,Aqua,MODIS,0,6.2,300,9.7,D,0
23.2709,90.0329,317.2,1.1,1,2014-03-15,0435,Terra,MODIS,43,6.2,304,8.5,D,0
25.5223,89.6296,314.7,1.2,1.1,2014-03-15,0435,Terra,MODIS,55,6.2,303.4,9.7,D,0
24.2792,91.5932,318.3,1,1,2014-03-15,0435,Terra,MODIS,70,6.2,302.1,7.9,D,0
22.4846,92.0177,317.5,1,1,2014-03-15,0436,Terra,MODIS,74,6.2,298.6,7.9,D,0
22.7048,91.7128,310.8,1,1,2014-03-15,0436,Terra,MODIS,63,6.2,292.2,4,D,0
22.6086,92.4656,332.1,2.8,1.6,2014-03-15,0745,Aqua,MODIS,85,6.2,303.8,108.3,D,0
23.0745,89.586,320.7,1.8,1.3,2014-03-15,0745,Aqua,MODIS,38,6.2,307.6,20.9,D,0
22.6114,92.4498,317.3,1.8,1.3,2014-03-16,0650,Aqua,MODIS,61,6.2,306.8,15.9,D,0
23.3529,92.3415,323.6,1.8,1.3,2014-03-16,0650,Aqua,MODIS,76,6.2,303.2,30.2,D,0
24.5049,91.9198,321,1.8,1.3,2014-03-16,0650,Aqua,MODIS,71,6.2,304.7,21.4,D,0
23.347,92.1114,318.9,1.8,1.3,2014-03-16,0650,Aqua,MODIS,70,6.2,303.4,21.8,D,0
24.5164,91.9173,317.8,1.8,1.3,2014-03-16,0650,Aqua,MODIS,61,6.2,303.6,14.2,D,0
22.5729,92.3688,315.5,1.8,1.3,2014-03-16,0650,Aqua,MODIS,58,6.2,304.7,14.4,D,0
22.6308,92.3097,310.7,1.1,1,2014-03-16,1614,Terra,MODIS,81,6.2,294.2,10.7,N,0
22.6628,91.6514,305,1,1,2014-03-16,1614,Terra,MODIS,62,6.2,292.6,6.5,N,0
25.4814,89.6589,314.8,1.9,1.3,2014-03-17,0423,Terra,MODIS,0,6.2,303,21.5,D,0
22.5911,92.29,322.4,1.6,1.3,2014-03-17,0733,Aqua,MODIS,67,6.2,306.7,18.7,D,0
22.596,92.4236,328.9,1.7,1.3,2014-03-17,0733,Aqua,MODIS,78,6.2,307.7,36.3,D,0
23.0829,89.7398,328.1,1.2,1.1,2014-03-17,0733,Aqua,MODIS,78,6.2,310.6,15.8,D,0
22.6282,92.3162,321.2,1.6,1.3,2014-03-17,0733,Aqua,MODIS,65,6.2,308,17.7,D,0
22.6299,92.3309,332.6,1.6,1.3,2014-03-17,0733,Aqua,MODIS,82,6.2,306.2,45.5,D,0
23.1081,92.3185,322.1,1.7,1.3,2014-03-17,0733,Aqua,MODIS,70,6.2,306.5,19.3,D,0
22.5894,92.2745,317.9,1.6,1.3,2014-03-17,0733,Aqua,MODIS,25,6.2,305.8,10.3,D,0
22.865,91.5978,320.3,1.5,1.2,2014-03-17,0733,Aqua,MODIS,65,6.2,309.5,13.3,D,0
23.1099,92.3344,332.3,1.7,1.3,2014-03-17,0733,Aqua,MODIS,82,6.2,308.3,45.3,D,0
22.5909,92.2799,324.5,1.6,1.3,2014-03-17,0733,Aqua,MODIS,71,6.2,306.2,25.6,D,0
23.1913,92.2542,322.6,1.6,1.3,2014-03-17,0733,Aqua,MODIS,71,6.2,307,20.6,D,0
23.1895,92.2382,327,1.6,1.3,2014-03-17,0733,Aqua,MODIS,77,6.2,308.1,29.8,D,0
22.8984,91.9788,326.4,1.6,1.2,2014-03-17,0733,Aqua,MODIS,75,6.2,310.1,24.9,D,0
22.9943,89.5331,318.6,1.1,1.1,2014-03-17,0733,Aqua,MODIS,26,6.2,306.7,8.9,D,0
22.5978,92.4393,330.9,1.7,1.3,2014-03-17,0733,Aqua,MODIS,80,6.2,307,40.6,D,0
22.8423,92.2925,318.8,1.6,1.3,2014-03-17,0733,Aqua,MODIS,45,6.2,307.3,14,D,0
23.5261,91.9489,312.8,2.4,1.5,2014-03-18,0506,Terra,MODIS,55,6.2,300.2,18.5,D,0
25.0986,89.6023,317,1.6,1.2,2014-03-18,0506,Terra,MODIS,0,6.2,305,16.7,D,0
22.5729,92.3392,315.5,2.7,1.6,2014-03-18,0506,Terra,MODIS,62,6.2,300.9,33.4,D,0
21.447,92.224,319.1,3.3,1.7,2014-03-18,0637,Aqua,MODIS,57,6.2,301.2,57.3,D,0
23.0879,89.5961,315.2,4.6,2,2014-03-18,0638,Aqua,MODIS,44,6.2,301.6,59.3,D,0
22.6579,92.1082,313.6,3.1,1.7,2014-03-18,0638,Aqua,MODIS,43,6.2,300.5,24.3,D,0
22.2707,92.4815,318,3,1.7,2014-03-18,0638,Aqua,MODIS,60,6.2,303.1,47.9,D,0
22.2764,92.5054,330,3,1.6,2014-03-18,0638,Aqua,MODIS,80,6.2,303.5,108,D,0
22.2765,92.5104,331.9,3,1.6,2014-03-18,0638,Aqua,MODIS,82,6.2,303.2,122.5,D,0
22.752,92.4249,324.1,3,1.6,2014-03-18,0638,Aqua,MODIS,65,6.2,302.5,73.2,D,0
22.7529,92.4176,322.2,3,1.6,2014-03-18,0638,Aqua,MODIS,69,6.2,302.7,63.5,D,0
23.0039,92.3102,305.6,1,1,2014-03-18,1602,Terra,MODIS,65,6.2,294.3,5.9,N,0
22.7009,92.3785,305.2,1,1,2014-03-18,1602,Terra,MODIS,63,6.2,294.5,5.9,N,0
22.7357,92.3666,305.4,1,1,2014-03-18,1602,Terra,MODIS,64,6.2,294.3,5.8,N,0
22.3464,92.338,369,1.1,1,2014-03-19,0720,Aqua,MODIS,100,6.2,307.8,115.2,D,0
22.3557,92.3365,321.4,1.1,1,2014-03-19,0720,Aqua,MODIS,69,6.2,304.6,9.4,D,0
22.345,92.3278,327.2,1.1,1,2014-03-19,0720,Aqua,MODIS,77,6.2,305.5,15.9,D,0
22.4741,92.4623,327.8,1.1,1,2014-03-19,0721,Aqua,MODIS,78,6.2,303.1,18.9,D,0
22.5623,92.0953,322.8,1.1,1,2014-03-19,0721,Aqua,MODIS,72,6.2,305.3,10.3,D,0
23.0587,91.9555,321.6,1.1,1,2014-03-19,0721,Aqua,MODIS,70,6.2,305.3,8,D,0
23.0992,92.3349,321.7,1.1,1,2014-03-19,0721,Aqua,MODIS,50,6.2,305.2,10,D,0
22.5529,92.3685,319.7,1.1,1,2014-03-19,0721,Aqua,MODIS,64,6.2,303.4,7.3,D,0
23.2216,92.0128,344.2,1.1,1,2014-03-19,0721,Aqua,MODIS,92,6.2,296.4,44.8,D,0
23.0574,91.9452,327.7,1.1,1,2014-03-19,0721,Aqua,MODIS,78,6.2,305.1,15.6,D,0
23.0711,92.3394,330.4,1.1,1,2014-03-19,0721,Aqua,MODIS,81,6.2,304.4,22.1,D,0
22.4754,92.4725,343.8,1.1,1,2014-03-19,0721,Aqua,MODIS,91,6.2,303.3,46.7,D,0
23.0699,89.4794,318,1,1,2014-03-19,0721,Aqua,MODIS,62,6.2,303.1,8.2,D,0
23.7078,91.9269,328.4,1.1,1,2014-03-19,0721,Aqua,MODIS,81,6.2,301.4,20.7,D,0
22.4062,92.0899,327.5,1.1,1,2014-03-19,0721,Aqua,MODIS,78,6.2,306.3,16.5,D,0
22.8365,91.8771,329.4,1.1,1,2014-03-19,0721,Aqua,MODIS,80,6.2,305,17.2,D,0
22.7262,92.3628,321,1.1,1,2014-03-19,0721,Aqua,MODIS,58,6.2,307.1,9.4,D,0
22.1195,92.2442,315.4,1.7,1.3,2014-03-20,0454,Terra,MODIS,60,6.2,297.8,13.8,D,0
23.7751,90.9038,321.2,1.3,1.1,2014-03-20,0454,Terra,MODIS,44,6.2,304.6,13.2,D,0
23.2162,91.8719,313.1,1.5,1.2,2014-03-20,0454,Terra,MODIS,35,6.2,296,9.2,D,0
23.2571,89.4977,320.4,1.1,1,2014-03-20,0454,Terra,MODIS,68,6.2,304.8,11.3,D,0
23.3679,89.1465,322.1,1.1,1,2014-03-20,0454,Terra,MODIS,68,6.2,303.4,12.4,D,0
21.9407,92.3051,351.3,1,1,2014-03-21,0708,Aqua,MODIS,96,6.2,306.7,59.2,D,0
22.6027,92.4799,322.8,1,1,2014-03-21,0708,Aqua,MODIS,64,6.2,304.6,12.3,D,0
23.0644,92.1786,321.3,1,1,2014-03-21,0708,Aqua,MODIS,63,6.2,305.1,9.4,D,0
22.9374,91.8258,328.7,1.1,1,2014-03-21,0708,Aqua,MODIS,81,6.2,304.4,17.5,D,0
23.078,92.3243,338.7,1,1,2014-03-21,0708,Aqua,MODIS,89,6.2,304.6,32.6,D,0
21.9331,92.3167,347.1,1,1,2014-03-21,0708,Aqua,MODIS,93,6.2,302,50.2,D,0
21.9316,92.3067,352.2,1,1,2014-03-21,0708,Aqua,MODIS,96,6.2,306.4,61.5,D,0
21.9422,92.3151,341.6,1,1,2014-03-21,0708,Aqua,MODIS,90,6.2,300.9,39.1,D,0
21.7659,92.1838,318.5,1.1,1,2014-03-21,0708,Aqua,MODIS,67,6.2,305.3,6.2,D,0
22.2932,92.3196,324.2,1,1,2014-03-21,0708,Aqua,MODIS,75,6.2,305.2,12.3,D,0
22.2947,92.3296,329.1,1,1,2014-03-21,0708,Aqua,MODIS,81,6.2,306,18.2,D,0
23.4456,92.1979,334.3,1,1,2014-03-21,0709,Aqua,MODIS,86,6.2,302.7,27.3,D,0
23.4018,91.9706,339.4,1,1,2014-03-21,0709,Aqua,MODIS,89,6.2,301.3,37.3,D,0
23.1839,92.2321,318,1,1,2014-03-21,0709,Aqua,MODIS,67,6.2,304.2,5.5,D,0
23.1885,92.0167,363.9,1,1,2014-03-21,0709,Aqua,MODIS,100,6.2,304,95,D,0
23.2126,91.9917,344.5,1,1,2014-03-21,0709,Aqua,MODIS,92,6.2,301.5,46.2,D,0
23.1854,92.2421,319.4,1,1,2014-03-21,0709,Aqua,MODIS,69,6.2,305.3,7.1,D,0
23.4561,92.2062,328.7,1,1,2014-03-21,0709,Aqua,MODIS,62,6.2,298.1,19.9,D,0
23.4546,92.1963,395.2,1,1,2014-03-21,0709,Aqua,MODIS,87,6.2,306.2,225.9,D,0
23.3934,91.9675,343.4,1,1,2014-03-21,0709,Aqua,MODIS,92,6.2,300.8,40.7,D,0
25.8821,89.2197,315.9,1.1,1,2014-03-22,0441,Terra,MODIS,44,6.2,303.1,9.1,D,0
22.9478,91.8229,317.8,1,1,2014-03-22,0442,Terra,MODIS,68,6.2,302.9,6.5,D,0
23.2031,92.1391,320.1,1.1,1,2014-03-22,0442,Terra,MODIS,73,6.2,300.2,11.4,D,0
23.4022,89.1307,319,1,1,2014-03-22,0442,Terra,MODIS,65,6.2,302.9,8.8,D,0
23.2382,91.8326,326.9,3.4,1.7,2014-03-22,0751,Aqua,MODIS,79,6.2,301.5,84.3,D,0
23.2411,91.865,322.3,3.4,1.7,2014-03-22,0751,Aqua,MODIS,54,6.2,299.8,58.7,D,0
23.2226,91.8342,323.6,3.4,1.7,2014-03-22,0751,Aqua,MODIS,66,6.2,301.2,63.1,D,0
22.5346,92.4549,317.5,3.7,1.8,2014-03-22,0751,Aqua,MODIS,19,6.2,301.8,36.1,D,0
23.2255,91.8661,332.2,3.4,1.7,2014-03-22,0751,Aqua,MODIS,84,6.2,300.5,127.3,D,0
22.5423,92.3488,319,3.6,1.8,2014-03-22,0751,Aqua,MODIS,63,6.2,302.9,46.2,D,0
21.9605,92.5495,353.2,3.7,1.8,2014-03-22,0751,Aqua,MODIS,97,6.2,304.1,398,D,0
21.9574,92.5128,325.8,3.6,1.8,2014-03-22,0751,Aqua,MODIS,76,6.2,303.1,91.9,D,0
22.6667,92.479,327.2,3.7,1.8,2014-03-22,0751,Aqua,MODIS,79,6.2,302.6,108.2,D,0
22.6734,92.4723,328.8,3.7,1.8,2014-03-22,0751,Aqua,MODIS,80,6.2,302.6,121.1,D,0
21.9387,92.4834,328,3.6,1.8,2014-03-22,0751,Aqua,MODIS,80,6.2,303.8,100.7,D,0
21.9412,92.5137,319.5,3.6,1.8,2014-03-22,0751,Aqua,MODIS,18,6.2,301.7,47.1,D,0
21.9663,92.5184,328.9,3.6,1.8,2014-03-22,0751,Aqua,MODIS,82,6.2,303.5,116.4,D,0
21.9314,92.4895,332.7,3.6,1.8,2014-03-22,0751,Aqua,MODIS,85,6.2,304.1,134.8,D,0
21.9695,92.5535,339.1,3.7,1.8,2014-03-22,0751,Aqua,MODIS,89,6.2,303.1,219.4,D,0
23.2962,92.3059,315.7,3.6,1.8,2014-03-22,0751,Aqua,MODIS,61,6.2,300.1,42.6,D,0
21.9534,92.5544,332.2,3.7,1.8,2014-03-22,0751,Aqua,MODIS,80,6.2,302,147.3,D,0
23.1238,92.0824,319.8,3.5,1.8,2014-03-22,0751,Aqua,MODIS,70,6.2,298.7,53,D,0
21.9122,92.5549,343.5,3.7,1.8,2014-03-22,0751,Aqua,MODIS,91,6.2,304.6,271.1,D,0
23.19,92.0039,328.9,3.4,1.7,2014-03-22,0751,Aqua,MODIS,81,6.2,297.7,116.4,D,0
22.5483,92.3549,319,3.6,1.8,2014-03-22,0751,Aqua,MODIS,63,6.2,303,46.5,D,0
22.4348,92.4421,336.3,3.6,1.8,2014-03-22,0751,Aqua,MODIS,87,6.2,302.2,189.4,D,0
22.4317,92.4058,324.9,3.6,1.8,2014-03-22,0751,Aqua,MODIS,76,6.2,303.7,89.9,D,0
22.4509,92.4409,328.3,3.6,1.8,2014-03-22,0751,Aqua,MODIS,80,6.2,300.9,114.1,D,0
22.4477,92.4042,326,3.6,1.8,2014-03-22,0751,Aqua,MODIS,78,6.2,303,94.8,D,0
23.0394,91.7998,317.7,3.3,1.7,2014-03-22,0751,Aqua,MODIS,66,6.2,300.3,42.1,D,0
22.4391,92.4001,327.8,3.6,1.8,2014-03-22,0751,Aqua,MODIS,79,6.2,303.8,108.1,D,0
22.442,92.4363,341.2,3.6,1.8,2014-03-22,0751,Aqua,MODIS,90,6.2,302.3,236.7,D,0
23.0519,91.7904,315.4,3.3,1.7,2014-03-22,0751,Aqua,MODIS,59,6.2,299.7,29.4,D,0
21.9052,92.56,344.4,3.7,1.8,2014-03-22,0751,Aqua,MODIS,92,6.2,303,280.7,D,0
21.9019,92.523,326.2,3.6,1.8,2014-03-22,0751,Aqua,MODIS,67,6.2,303.2,96.4,D,0
21.9092,92.5181,320.9,3.6,1.8,2014-03-22,0751,Aqua,MODIS,34,6.2,303.5,59.9,D,0
21.9212,92.5581,324.8,3.7,1.8,2014-03-22,0751,Aqua,MODIS,62,6.2,303.9,95.9,D,0
22.5054,92.5066,318.2,3.7,1.8,2014-03-22,0751,Aqua,MODIS,39,6.2,299.8,45.4,D,0
22.5121,92.5001,326.2,3.7,1.8,2014-03-22,0751,Aqua,MODIS,78,6.2,300,98.5,D,0
22.5091,92.4646,316.2,3.7,1.8,2014-03-22,0751,Aqua,MODIS,40,6.2,300.8,33.5,D,0
23.2218,91.858,330.2,3.4,1.7,2014-03-22,0751,Aqua,MODIS,82,6.2,300.7,110.3,D,0
21.5957,92.3061,320.8,3.5,1.8,2014-03-22,0751,Aqua,MODIS,73,6.2,305.2,53.4,D,0
22.5455,92.323,317.1,3.6,1.8,2014-03-22,0751,Aqua,MODIS,47,6.2,302.7,37.4,D,0
23.0706,92.3403,316.9,3.6,1.8,2014-03-22,0751,Aqua,MODIS,65,6.2,298.9,46.4,D,0
23.2483,91.9893,319,3.4,1.7,2014-03-22,0752,Aqua,MODIS,34,6.2,297,48.7,D,0
23.2348,91.825,321.7,3.4,1.7,2014-03-22,0752,Aqua,MODIS,58,6.2,301.6,52.4,D,0
23.2375,91.857,330.8,3.4,1.7,2014-03-22,0752,Aqua,MODIS,83,6.2,300.5,117.2,D,0
23.3799,92.3208,332.3,3.7,1.8,2014-03-22,0752,Aqua,MODIS,71,6.2,299.4,141,D,0
23.3638,92.3224,342.1,3.7,1.8,2014-03-22,0752,Aqua,MODIS,91,6.2,301.1,238.9,D,0
23.3315,92.3255,335.9,3.7,1.8,2014-03-22,0752,Aqua,MODIS,87,6.2,300.7,182.7,D,0
23.373,92.3264,327.4,3.7,1.8,2014-03-22,0752,Aqua,MODIS,21,6.2,299.9,100.3,D,0
23.3569,92.3279,341.8,3.7,1.8,2014-03-22,0752,Aqua,MODIS,91,6.2,300.8,238.2,D,0
23.3407,92.3293,354.8,3.7,1.8,2014-03-22,0752,Aqua,MODIS,97,6.2,301.8,417.5,D,0
23.348,91.7926,320.1,1.5,1.2,2014-03-23,0656,Aqua,MODIS,74,6.2,302.1,16,D,0
23.0022,91.933,334.3,1.5,1.2,2014-03-23,0656,Aqua,MODIS,87,6.2,300.5,47.1,D,0
24.9631,89.5869,310.3,1.4,1.2,2014-03-24,0429,Terra,MODIS,0,6.2,295.1,6.7,D,0
23.1116,92.0778,323.1,2.1,1.4,2014-03-24,0739,Aqua,MODIS,74,6.2,298.6,35,D,0
22.5578,92.3644,321.5,2.1,1.4,2014-03-24,0739,Aqua,MODIS,71,6.2,300.7,32.3,D,0
23.095,91.8027,319.6,2,1.4,2014-03-24,0739,Aqua,MODIS,70,6.2,299.3,23.5,D,0
22.5123,92.167,320.5,2.1,1.4,2014-03-24,0739,Aqua,MODIS,48,6.2,299,29.6,D,0
22.5118,92.1728,322.4,2.1,1.4,2014-03-24,0739,Aqua,MODIS,62,6.2,299,34.5,D,0
22.8716,91.8816,319.8,2,1.4,2014-03-24,0739,Aqua,MODIS,69,6.2,299.8,20.7,D,0
23.0467,92.3172,317.7,2.1,1.4,2014-03-24,0739,Aqua,MODIS,54,6.2,300,18.3,D,0
23.2093,91.8734,320.2,2,1.4,2014-03-24,0739,Aqua,MODIS,52,6.2,298.9,22,D,0
23.049,92.3393,328.8,2.2,1.4,2014-03-24,0739,Aqua,MODIS,79,6.2,299.9,53.4,D,0
23.046,91.9502,318.2,2,1.4,2014-03-24,0739,Aqua,MODIS,44,6.2,293.7,20.6,D,0
23.2077,91.8793,322.4,2,1.4,2014-03-24,0739,Aqua,MODIS,74,6.2,299.4,27.8,D,0
22.5601,92.3875,316.7,2.1,1.4,2014-03-24,0739,Aqua,MODIS,60,6.2,299.4,18.7,D,0
22.8141,91.9525,321.8,2,1.4,2014-03-24,0739,Aqua,MODIS,72,6.2,297.4,31.8,D,0
23.0862,89.5918,324.6,1.4,1.2,2014-03-24,0739,Aqua,MODIS,57,6.2,303.7,19.1,D,0
25.5904,89.6978,312.4,2,1.4,2014-03-25,0512,Terra,MODIS,0,6.2,297.4,16.7,D,0
24.3392,88.6254,321.1,1.8,1.3,2014-03-25,0512,Terra,MODIS,0,6.2,304.6,23.3,D,0
22.3687,92.5065,328.1,3.7,1.8,2014-03-25,0513,Terra,MODIS,82,6.2,297.3,140.2,D,0
22.3755,92.4747,312.2,3.7,1.8,2014-03-25,0513,Terra,MODIS,60,6.2,297.7,35.7,D,0
22.3766,92.5033,325,3.7,1.8,2014-03-25,0513,Terra,MODIS,80,6.2,297.2,112.6,D,0
23.3518,92.3109,329.6,2.3,1.5,2014-03-25,0644,Aqua,MODIS,84,6.2,297.4,75.7,D,0
22.4109,92.5173,326.9,2.3,1.5,2014-03-25,0644,Aqua,MODIS,39,6.2,299.6,47,D,0
22.4273,92.4486,370.3,2.3,1.5,2014-03-25,0644,Aqua,MODIS,100,6.2,303.6,358.5,D,0
22.4237,92.4444,372.2,2.3,1.5,2014-03-25,0644,Aqua,MODIS,100,6.2,303.7,380.3,D,0
22.4101,92.5008,334.8,2.3,1.5,2014-03-25,0644,Aqua,MODIS,54,6.2,300.2,80.5,D,0
22.3257,92.5472,379.9,2.3,1.5,2014-03-25,0644,Aqua,MODIS,100,6.2,303.3,477.8,D,0
22.3386,92.5443,346.6,2.3,1.5,2014-03-25,0644,Aqua,MODIS,93,6.2,298.5,148.2,D,0
22.3349,92.5248,331.2,2.3,1.5,2014-03-25,0644,Aqua,MODIS,78,6.2,298,68.1,D,0
22.4151,92.4701,335.6,2.3,1.5,2014-03-25,0644,Aqua,MODIS,51,6.2,300.8,77.1,D,0
22.5635,92.4763,328.5,2.3,1.5,2014-03-25,0644,Aqua,MODIS,21,6.2,300.8,50.8,D,0
22.309,92.5303,339.7,2.3,1.5,2014-03-25,0644,Aqua,MODIS,89,6.2,300,113.9,D,0
22.4234,92.4276,348.5,2.3,1.5,2014-03-25,0644,Aqua,MODIS,94,6.2,302.5,164.8,D,0
23.09,92.0586,326.7,2.4,1.5,2014-03-25,0644,Aqua,MODIS,72,6.2,299.5,56.9,D,0
22.4946,92.4689,345.7,2.3,1.5,2014-03-25,0644,Aqua,MODIS,93,6.2,298.7,145.6,D,0
22.4496,92.5085,326.9,2.3,1.5,2014-03-25,0644,Aqua,MODIS,68,6.2,299.9,49.6,D,0
22.4367,92.5115,327.4,2.3,1.5,2014-03-25,0644,Aqua,MODIS,54,6.2,298.4,49.1,D,0
23.0769,92.0616,347.1,2.4,1.5,2014-03-25,0644,Aqua,MODIS,94,6.2,299.9,166.1,D,0
22.3235,92.5417,364.3,2.3,1.5,2014-03-25,0644,Aqua,MODIS,100,6.2,303.9,291.4,D,0
23.2652,92.0061,312.5,2.4,1.5,2014-03-25,0644,Aqua,MODIS,51,6.2,294.9,13.4,D,0
23.0637,92.0644,335.3,2.4,1.5,2014-03-25,0644,Aqua,MODIS,86,6.2,293.9,92.3,D,0
22.5674,92.4967,332.2,2.3,1.5,2014-03-25,0644,Aqua,MODIS,42,6.2,300.2,62.7,D,0
22.454,92.4611,350.4,2.3,1.5,2014-03-25,0644,Aqua,MODIS,95,6.2,301.9,176.9,D,0
22.4927,92.4517,335.1,2.3,1.5,2014-03-25,0644,Aqua,MODIS,80,6.2,300.6,86.7,D,0
23.6239,92.2075,312,2.3,1.5,2014-03-25,0644,Aqua,MODIS,53,6.2,293.3,21.6,D,0
23.6282,92.2297,342.1,2.3,1.5,2014-03-25,0644,Aqua,MODIS,92,6.2,294.5,140.5,D,0
22.3128,92.5503,396.8,2.3,1.5,2014-03-25,0644,Aqua,MODIS,100,6.2,304.3,754.5,D,0
23.0817,92.0653,336.3,2.4,1.5,2014-03-25,0644,Aqua,MODIS,73,6.2,299.9,97.3,D,0
22.4067,92.4962,329.3,2.3,1.5,2014-03-25,0644,Aqua,MODIS,28,6.2,299.8,54.7,D,0
23.0685,92.0682,348.9,2.4,1.5,2014-03-25,0644,Aqua,MODIS,95,6.2,295.2,180.4,D,0
22.3219,92.5272,338.6,2.3,1.5,2014-03-25,0644,Aqua,MODIS,76,6.2,300.6,103.8,D,0
22.3515,92.5414,328.9,2.3,1.5,2014-03-25,0644,Aqua,MODIS,63,6.2,299.2,56.7,D,0
22.3364,92.5387,343.9,2.3,1.5,2014-03-25,0644,Aqua,MODIS,92,6.2,297.8,131.8,D,0
22.3493,92.5359,332,2.3,1.5,2014-03-25,0644,Aqua,MODIS,38,6.2,299.7,65.4,D,0
22.4144,92.4518,331.2,2.3,1.5,2014-03-25,0644,Aqua,MODIS,61,6.2,301.6,66,D,0
22.5186,92.4458,335.8,2.3,1.5,2014-03-25,0644,Aqua,MODIS,84,6.2,300.8,90.4,D,0
22.4455,92.4875,327.5,2.3,1.5,2014-03-25,0644,Aqua,MODIS,49,6.2,300.5,49.2,D,0
23.0553,92.0712,320,2.4,1.5,2014-03-25,0644,Aqua,MODIS,54,6.2,291.3,31.9,D,0
24.0719,89.7611,313.4,3.3,1.7,2014-03-25,0645,Aqua,MODIS,0,6.2,297.7,39.7,D,0
24.5046,89.8248,312.5,3.2,1.7,2014-03-25,0645,Aqua,MODIS,0,6.2,297.3,34.9,D,0
24.3282,88.6144,316.9,3.9,1.8,2014-03-25,0645,Aqua,MODIS,0,6.2,297.4,48.2,D,0
22.9807,92.3515,306.5,1,1,2014-03-25,1608,Terra,MODIS,68,6.2,293.3,6.6,N,0
23.0245,92.3255,339.4,1.3,1.1,2014-03-26,0727,Aqua,MODIS,88,6.2,301,49.1,D,0
23.2237,91.8674,320.1,1.3,1.1,2014-03-26,0727,Aqua,MODIS,68,6.2,300.2,10.1,D,0
22.5082,92.1691,321.8,1.3,1.1,2014-03-26,0727,Aqua,MODIS,63,6.2,301.3,12.9,D,0
23.4389,92.1265,325.4,1.3,1.1,2014-03-26,0727,Aqua,MODIS,76,6.2,300.3,23.8,D,0
22.4781,92.173,321.6,1.3,1.1,2014-03-26,0727,Aqua,MODIS,68,6.2,302.5,12.6,D,0
23.5564,89.3718,320.2,1,1,2014-03-26,0727,Aqua,MODIS,46,6.2,304.1,5.2,D,0
22.355,92.3289,323,1.3,1.1,2014-03-26,0727,Aqua,MODIS,70,6.2,303.7,14.3,D,0
22.3565,92.3411,319.8,1.3,1.1,2014-03-26,0727,Aqua,MODIS,63,6.2,302.6,9.8,D,0
22.618,92.3246,327.9,1.3,1.1,2014-03-26,0727,Aqua,MODIS,78,6.2,303.9,21.9,D,0
22.6194,92.3365,353.9,1.3,1.1,2014-03-26,0727,Aqua,MODIS,97,6.2,302.3,89.4,D,0
22.589,92.3411,320.2,1.3,1.1,2014-03-26,0727,Aqua,MODIS,65,6.2,303.1,10.5,D,0
21.4613,92.2644,320.6,1.3,1.1,2014-03-26,0727,Aqua,MODIS,63,6.2,303.2,10.1,D,0
22.5905,92.3536,327.2,1.3,1.1,2014-03-26,0727,Aqua,MODIS,77,6.2,299.7,22,D,0
22.9372,91.941,320.5,1.3,1.1,2014-03-26,0727,Aqua,MODIS,44,6.2,296.8,11.8,D,0
23.8641,90.9507,317.5,1.1,1.1,2014-03-26,0727,Aqua,MODIS,20,6.2,302.1,7.9,D,0
22.6186,92.4154,328.9,1.3,1.1,2014-03-26,0727,Aqua,MODIS,79,6.2,301.7,27.4,D,0
22.6201,92.4279,317.9,1.3,1.1,2014-03-26,0727,Aqua,MODIS,56,6.2,300.3,8.9,D,0
21.4623,92.27,321.5,1.3,1.1,2014-03-26,0727,Aqua,MODIS,65,6.2,303,11.3,D,0
23.3769,88.8092,320.2,1,1,2014-03-26,0727,Aqua,MODIS,60,6.2,303,8.2,D,0
23.1034,92.0536,341.3,1.3,1.1,2014-03-26,0727,Aqua,MODIS,90,6.2,300.9,50.1,D,0
23.1049,92.066,341,1.3,1.1,2014-03-26,0727,Aqua,MODIS,90,6.2,299,49.9,D,0
22.548,92.4953,342.4,1.3,1.1,2014-03-26,0727,Aqua,MODIS,90,6.2,302.9,56.4,D,0
22.376,92.416,351.2,1.3,1.1,2014-03-26,0727,Aqua,MODIS,95,6.2,304.3,78.9,D,0
23.3475,91.9684,342.1,1.3,1.1,2014-03-26,0727,Aqua,MODIS,90,6.2,297.8,52.2,D,0
23.346,91.9562,343.2,1.3,1.1,2014-03-26,0727,Aqua,MODIS,91,6.2,302.9,53.8,D,0
23.3473,91.9618,347.4,1.3,1.1,2014-03-26,0727,Aqua,MODIS,93,6.2,301.4,66.4,D,0
23.3718,91.9961,328,1.3,1.1,2014-03-26,0727,Aqua,MODIS,38,6.2,297.2,22.1,D,0
23.3688,91.9711,341.6,1.3,1.1,2014-03-26,0727,Aqua,MODIS,85,6.2,298.2,49,D,0
22.3357,92.5111,325,1.3,1.1,2014-03-26,0727,Aqua,MODIS,73,6.2,300.6,18.8,D,0
22.3678,92.5188,323.7,1.3,1.1,2014-03-26,0727,Aqua,MODIS,60,6.2,303,17.9,D,0
23.0688,92.1786,321.4,1.3,1.1,2014-03-26,0727,Aqua,MODIS,65,6.2,302.2,11.6,D,0
23.0805,92.1897,321.4,1.3,1.1,2014-03-26,0727,Aqua,MODIS,70,6.2,301.5,11.6,D,0
23.0704,92.1911,325.5,1.3,1.1,2014-03-26,0727,Aqua,MODIS,76,6.2,302.4,17.7,D,0
22.3745,92.4035,324.7,1.3,1.1,2014-03-26,0727,Aqua,MODIS,73,6.2,303,15.2,D,0
23.3818,91.9946,333.6,1.3,1.1,2014-03-26,0727,Aqua,MODIS,73,6.2,298,33.7,D,0
23.3874,91.9561,332.2,1.3,1.1,2014-03-26,0727,Aqua,MODIS,49,6.2,298,26.6,D,0
23.3859,91.9438,345.9,1.3,1.1,2014-03-26,0727,Aqua,MODIS,93,6.2,302.7,59.2,D,0
23.4366,92.0247,358.3,1.3,1.1,2014-03-26,0727,Aqua,MODIS,99,6.2,302.7,106.1,D,0
22.6809,92.4254,325.4,1.3,1.1,2014-03-26,0727,Aqua,MODIS,74,6.2,302.7,19.6,D,0
23.0736,92.051,323.3,1.3,1.1,2014-03-26,0727,Aqua,MODIS,55,6.2,298.6,15.6,D,0
22.9986,91.9373,331.6,1.3,1.1,2014-03-26,0727,Aqua,MODIS,73,6.2,300.3,27.6,D,0
22.9972,91.9253,329,1.3,1.1,2014-03-26,0727,Aqua,MODIS,68,6.2,301.6,21.7,D,0
23.0399,91.9434,340.3,1.3,1.1,2014-03-26,0727,Aqua,MODIS,89,6.2,303.1,46.3,D,0
23.1851,92.1367,327,1.3,1.1,2014-03-26,0727,Aqua,MODIS,53,6.2,300.8,20,D,0
23.127,91.9132,332.4,1.3,1.1,2014-03-26,0727,Aqua,MODIS,83,6.2,302.5,29.2,D,0
22.7741,91.94,320.3,1.2,1.1,2014-03-26,0727,Aqua,MODIS,63,6.2,301,9.6,D,0
22.5411,92.354,327.7,1.3,1.1,2014-03-26,0727,Aqua,MODIS,61,6.2,304,19.2,D,0
22.5425,92.3656,351.9,1.3,1.1,2014-03-26,0727,Aqua,MODIS,96,6.2,303.5,80.8,D,0
23.0147,92.321,334.6,1.3,1.1,2014-03-26,0727,Aqua,MODIS,73,6.2,302.3,37.8,D,0
23.4382,92.0371,349,1.3,1.1,2014-03-26,0727,Aqua,MODIS,94,6.2,301.9,74.5,D,0
23.4196,92.0526,316.8,1.3,1.1,2014-03-26,0727,Aqua,MODIS,22,6.2,301.4,8.1,D,0
23.4211,92.0651,318.2,1.3,1.1,2014-03-26,0727,Aqua,MODIS,51,6.2,300.7,9.9,D,0
23.3878,92.0444,322.8,1.3,1.1,2014-03-26,0727,Aqua,MODIS,73,6.2,301.6,14.8,D,0
23.3893,92.0568,326.4,1.3,1.1,2014-03-26,0727,Aqua,MODIS,78,6.2,301.9,20.8,D,0
22.8753,92.3471,325,1.3,1.1,2014-03-26,0727,Aqua,MODIS,74,6.2,300.2,19.9,D,0
23.0248,92.3194,346.9,1.3,1.1,2014-03-26,0727,Aqua,MODIS,93,6.2,304,69.7,D,0
23.3108,91.8369,334.7,1.2,1.1,2014-03-26,0727,Aqua,MODIS,85,6.2,301.3,34.6,D,0
22.531,92.3556,325.6,1.3,1.1,2014-03-26,0727,Aqua,MODIS,34,6.2,303.2,15.7,D,0
22.5209,92.3573,323.8,1.3,1.1,2014-03-26,0727,Aqua,MODIS,52,6.2,303.3,14.4,D,0
22.9785,91.9471,327.4,1.3,1.1,2014-03-26,0727,Aqua,MODIS,50,6.2,300.6,20.5,D,0
22.977,91.9352,326.8,1.3,1.1,2014-03-26,0727,Aqua,MODIS,64,6.2,300.5,18.1,D,0
22.4199,92.2015,322,1.3,1.1,2014-03-26,0727,Aqua,MODIS,69,6.2,302.6,11.6,D,0
22.4314,92.2123,363.5,1.3,1.1,2014-03-26,0727,Aqua,MODIS,100,6.2,302.2,122,D,0
23.787,89.9869,330.7,1.1,1,2014-03-26,0727,Aqua,MODIS,74,6.2,307,18.5,D,0
22.4299,92.2,330.1,1.3,1.1,2014-03-26,0727,Aqua,MODIS,80,6.2,303.8,24.6,D,0
22.4565,92.5015,322.1,1.3,1.1,2014-03-26,0727,Aqua,MODIS,53,6.2,301.6,14.6,D,0
23.7883,89.9971,328.5,1.1,1,2014-03-26,0727,Aqua,MODIS,63,6.2,307.5,15.6,D,0
23.114,91.8906,324.9,1.3,1.1,2014-03-26,0727,Aqua,MODIS,76,6.2,302.2,15.5,D,0
23.7805,90.0088,323.3,1.1,1,2014-03-26,0727,Aqua,MODIS,49,6.2,304.6,10.4,D,0
23.1126,91.8786,320.1,1.2,1.1,2014-03-26,0727,Aqua,MODIS,68,6.2,301.5,9.2,D,0
23.1439,91.8863,325,1.3,1.1,2014-03-26,0727,Aqua,MODIS,76,6.2,302.2,16.6,D,0
22.5182,92.1675,329.3,1.3,1.1,2014-03-26,0727,Aqua,MODIS,79,6.2,299.9,24.4,D,0
23.1455,91.8058,320.4,1.2,1.1,2014-03-26,0727,Aqua,MODIS,69,6.2,301.9,10.5,D,0
23.2745,91.9541,318.2,1.3,1.1,2014-03-26,0727,Aqua,MODIS,47,6.2,299.9,6.5,D,0
22.3776,92.4285,342.7,1.3,1.1,2014-03-26,0727,Aqua,MODIS,90,6.2,302.6,54,D,0
23.19,92.2586,325.8,1.3,1.1,2014-03-26,0727,Aqua,MODIS,76,6.2,302.6,20.6,D,0
22.5324,92.3674,337,1.3,1.1,2014-03-26,0727,Aqua,MODIS,86,6.2,302.7,39.3,D,0
22.534,92.3803,328,1.3,1.1,2014-03-26,0727,Aqua,MODIS,70,6.2,299.2,22.8,D,0
25.4788,89.6621,322,1.3,1.1,2014-03-27,0500,Terra,MODIS,0,6.2,309.5,18.5,D,0
23.2995,89.9395,321.6,1.4,1.2,2014-03-27,0500,Terra,MODIS,70,6.2,304.9,15,D,0
22.7629,92.3734,329.2,3.8,1.8,2014-03-27,0632,Aqua,MODIS,69,6.2,298.3,140.3,D,0
22.5815,92.4706,326.3,3.8,1.8,2014-03-27,0632,Aqua,MODIS,75,6.2,298.8,115.4,D,0
22.7551,92.3369,323.7,3.9,1.8,2014-03-27,0632,Aqua,MODIS,55,6.2,297.7,99.9,D,0
22.3851,92.338,320.3,3.9,1.8,2014-03-27,0632,Aqua,MODIS,61,6.2,296.2,73.8,D,0
23.4241,92.0005,312.6,3.9,1.8,2014-03-27,0632,Aqua,MODIS,56,6.2,296.3,37.4,D,0
22.3602,92.4602,317.3,3.9,1.8,2014-03-27,0632,Aqua,MODIS,44,6.2,298.5,54.5,D,0
22.7462,92.4532,314.6,3.8,1.8,2014-03-27,0632,Aqua,MODIS,20,6.2,298.6,39.8,D,0
22.3464,92.4288,328,3.9,1.8,2014-03-27,0632,Aqua,MODIS,76,6.2,299,135.3,D,0
22.352,92.4226,324.2,3.9,1.8,2014-03-27,0632,Aqua,MODIS,70,6.2,299.8,102.6,D,0
22.6876,92.2661,306.6,1.2,1.1,2014-03-27,1556,Terra,MODIS,68,6.2,295,6.2,N,0
22.4787,92.4862,326.4,2.3,1.5,2014-03-28,0405,Terra,MODIS,77,6.2,299,53,D,0
21.9241,92.3004,345.1,1,1,2014-03-28,0714,Aqua,MODIS,92,6.2,307.1,41.6,D,0
21.4719,92.4255,325.9,1,1,2014-03-28,0714,Aqua,MODIS,74,6.2,303.4,14,D,0
21.4705,92.416,339.8,1,1,2014-03-28,0714,Aqua,MODIS,88,6.2,304.3,33.4,D,0
22.206,92.2163,319.4,1,1,2014-03-28,0714,Aqua,MODIS,63,6.2,304.5,5.3,D,0
22.1312,92.2049,323,1,1,2014-03-28,0714,Aqua,MODIS,71,6.2,306.7,7.7,D,0
21.5468,92.3741,347.5,1,1,2014-03-28,0714,Aqua,MODIS,93,6.2,304.4,46.1,D,0
21.4479,92.3862,378.3,1,1,2014-03-28,0714,Aqua,MODIS,100,6.2,304.7,135.5,D,0
21.4466,92.3766,395.7,1,1,2014-03-28,0714,Aqua,MODIS,100,6.2,307.5,217.7,D,0
21.9227,92.2908,319.7,1,1,2014-03-28,0714,Aqua,MODIS,64,6.2,304.3,6,D,0
21.9343,92.3084,326.8,1,1,2014-03-28,0714,Aqua,MODIS,76,6.2,303.6,13.9,D,0
21.4555,92.3752,323.5,1,1,2014-03-28,0714,Aqua,MODIS,70,6.2,303.2,10.6,D,0
21.5455,92.3646,322.8,1,1,2014-03-28,0714,Aqua,MODIS,69,6.2,304.5,9.2,D,0
22.2886,92.4783,322.7,1,1,2014-03-28,0714,Aqua,MODIS,65,6.2,304.1,8.8,D,0
21.5379,92.3756,338.9,1,1,2014-03-28,0714,Aqua,MODIS,87,6.2,304.6,30.8,D,0
21.9254,92.3099,332.9,1,1,2014-03-28,0714,Aqua,MODIS,83,6.2,305.6,21.6,D,0
21.9317,92.2894,325.8,1,1,2014-03-28,0714,Aqua,MODIS,75,6.2,304.3,12.1,D,0
21.933,92.2989,337.4,1,1,2014-03-28,0714,Aqua,MODIS,87,6.2,305.1,28.2,D,0
22.325,92.5349,326.2,1,1,2014-03-28,0715,Aqua,MODIS,72,6.2,305.1,12.3,D,0
23.3462,92.081,324.6,1,1,2014-03-28,0715,Aqua,MODIS,55,6.2,304.9,11.7,D,0
23.4558,91.9411,328.7,1,1,2014-03-28,0715,Aqua,MODIS,79,6.2,305.8,15,D,0
23.4571,91.9508,334.9,1,1,2014-03-28,0715,Aqua,MODIS,85,6.2,305.7,23.4,D,0
23.4406,91.9635,327.4,1,1,2014-03-28,0715,Aqua,MODIS,49,6.2,303.1,14.1,D,0
23.7948,89.9913,328.9,1.1,1,2014-03-28,0715,Aqua,MODIS,27,6.2,313.5,11.8,D,0
22.3353,92.5432,319.9,1,1,2014-03-28,0715,Aqua,MODIS,49,6.2,304.6,6.3,D,0
22.334,92.5334,324.8,1,1,2014-03-28,0715,Aqua,MODIS,73,6.2,305.3,11.4,D,0
22.385,92.5052,325.2,1,1,2014-03-28,0715,Aqua,MODIS,73,6.2,304.2,12.8,D,0
23.4214,92.022,340.9,1,1,2014-03-28,0715,Aqua,MODIS,89,6.2,300.5,34.4,D,0
23.4317,92.0301,374.3,1,1,2014-03-28,0715,Aqua,MODIS,100,6.2,305,122.2,D,0
22.7577,92.0187,318.5,1,1,2014-03-28,0715,Aqua,MODIS,35,6.2,302.5,5.5,D,0
24.6907,90.1164,321.2,1,1,2014-03-28,0715,Aqua,MODIS,70,6.2,307.9,7.8,D,0
24.211,90.3583,324.8,1,1,2014-03-28,0715,Aqua,MODIS,72,6.2,310,9.8,D,0
22.8936,92.3254,344.9,1,1,2014-03-28,0715,Aqua,MODIS,92,6.2,305.1,41.3,D,0
22.8922,92.3157,343.6,1,1,2014-03-28,0715,Aqua,MODIS,91,6.2,305.3,38.8,D,0
22.9025,92.324,321.8,1,1,2014-03-28,0715,Aqua,MODIS,69,6.2,302.8,8.9,D,0
22.9012,92.3142,332.8,1,1,2014-03-28,0715,Aqua,MODIS,83,6.2,304.2,22.1,D,0
23.0337,92.3396,369.8,1,1,2014-03-28,0715,Aqua,MODIS,100,6.2,307.9,105.4,D,0
22.9896,92.0892,319.3,1,1,2014-03-28,0715,Aqua,MODIS,64,6.2,302.4,6.3,D,0
22.4584,92.5074,339.4,1,1,2014-03-28,0715,Aqua,MODIS,88,6.2,306,30.7,D,0
23.8018,90.7079,324.4,1,1,2014-03-28,0715,Aqua,MODIS,60,6.2,306.1,13.1,D,0
22.6334,92.3775,340.9,1,1,2014-03-28,0715,Aqua,MODIS,89,6.2,303.4,33.2,D,0
22.457,92.4976,349.6,1,1,2014-03-28,0715,Aqua,MODIS,94,6.2,306.6,49.2,D,0
22.6479,91.954,333,1,1,2014-03-28,0715,Aqua,MODIS,83,6.2,302.5,22.5,D,0
22.6355,92.1235,323.1,1,1,2014-03-28,0715,Aqua,MODIS,69,6.2,305.1,8.3,D,0
22.6747,92.4035,343.1,1,1,2014-03-28,0715,Aqua,MODIS,91,6.2,305.6,37.2,D,0
22.6348,92.3871,323.6,1,1,2014-03-28,0715,Aqua,MODIS,35,6.2,302.8,8.6,D,0
22.6231,92.3693,325.4,1,1,2014-03-28,0715,Aqua,MODIS,35,6.2,304.2,10.1,D,0
22.5868,92.306,326,1,1,2014-03-28,0715,Aqua,MODIS,75,6.2,305.3,11.6,D,0
22.5976,92.3834,319.8,1,1,2014-03-28,0715,Aqua,MODIS,47,6.2,303.9,5.8,D,0
23.0483,89.8801,320.3,1.1,1,2014-03-28,0715,Aqua,MODIS,50,6.2,307.5,9,D,0
22.8947,91.9439,324.3,1,1,2014-03-28,0715,Aqua,MODIS,68,6.2,302.6,9.7,D,0
22.8974,91.9632,322.6,1,1,2014-03-28,0715,Aqua,MODIS,60,6.2,303.1,8.2,D,0
22.8988,91.9728,322.8,1,1,2014-03-28,0715,Aqua,MODIS,70,6.2,305.2,8.9,D,0
22.8569,91.9362,322.5,1,1,2014-03-28,0715,Aqua,MODIS,50,6.2,302.7,7.6,D,0
22.861,91.9651,329.7,1,1,2014-03-28,0715,Aqua,MODIS,80,6.2,303.9,16.9,D,0
22.8624,91.9747,351.8,1,1,2014-03-28,0715,Aqua,MODIS,96,6.2,302.3,55.3,D,0
22.4109,92.4952,319.3,1,1,2014-03-28,0715,Aqua,MODIS,57,6.2,304.1,6.1,D,0
22.4088,92.2195,341.2,1,1,2014-03-28,0715,Aqua,MODIS,89,6.2,305.2,33.1,D,0
23.3676,92.1601,325,1,1,2014-03-28,0715,Aqua,MODIS,75,6.2,301.8,14.1,D,0
22.4798,92.2603,319.3,1,1,2014-03-28,0715,Aqua,MODIS,58,6.2,303.7,6.4,D,0
22.7666,92.0172,321.3,1,1,2014-03-28,0715,Aqua,MODIS,63,6.2,302,8.3,D,0
23.2055,91.8626,323.3,1,1,2014-03-28,0715,Aqua,MODIS,68,6.2,305.6,9,D,0
23.2069,91.8723,328.8,1,1,2014-03-28,0715,Aqua,MODIS,79,6.2,305.9,15,D,0
23.116,91.8845,322.9,1,1,2014-03-28,0715,Aqua,MODIS,71,6.2,304.3,8.7,D,0
22.2976,92.4769,331.3,1,1,2014-03-28,0715,Aqua,MODIS,61,6.2,303.6,17.4,D,0
22.2989,92.4866,325.6,1,1,2014-03-28,0715,Aqua,MODIS,44,6.2,304.5,10.4,D,0
22.2935,92.4479,324.5,1,1,2014-03-28,0715,Aqua,MODIS,55,6.2,306,10.7,D,0
22.4839,92.4932,319.4,1,1,2014-03-28,0715,Aqua,MODIS,25,6.2,304.1,4.7,D,0
23.4542,92.2551,316.9,1,1,2014-03-28,0715,Aqua,MODIS,58,6.2,301.8,6.5,D,0
22.7069,92.1116,321,1,1,2014-03-28,0715,Aqua,MODIS,65,6.2,304,7.7,D,0
22.7097,92.0662,320.4,1,1,2014-03-28,0715,Aqua,MODIS,65,6.2,301.2,6.2,D,0
22.3262,92.3472,323.9,1,1,2014-03-28,0715,Aqua,MODIS,71,6.2,306.3,9.2,D,0
22.9171,92.1674,320.2,1,1,2014-03-28,0715,Aqua,MODIS,28,6.2,301.6,6.5,D,0
22.4122,92.5048,353.6,1,1,2014-03-28,0715,Aqua,MODIS,96,6.2,306.8,60.4,D,0
23.3266,92.3331,332.4,1,1,2014-03-28,0715,Aqua,MODIS,83,6.2,303.7,19.6,D,0
23.3279,92.3429,440.4,1,1,2014-03-28,0715,Aqua,MODIS,100,6.2,315.1,591.2,D,0
23.3176,92.3345,341,1,1,2014-03-28,0715,Aqua,MODIS,89,6.2,304.8,32.9,D,0
23.3189,92.3443,444.9,1,1,2014-03-28,0715,Aqua,MODIS,100,6.2,320.2,644.4,D,0
23.0075,91.9577,339.5,1,1,2014-03-28,0715,Aqua,MODIS,88,6.2,306.3,30.7,D,0
23.6533,92.234,324.4,1,1,2014-03-28,0715,Aqua,MODIS,74,6.2,303.3,14,D,0
23.0652,91.7844,333.5,1,1,2014-03-28,0715,Aqua,MODIS,84,6.2,305,21.6,D,0
23.0563,91.786,337.1,1,1,2014-03-28,0715,Aqua,MODIS,87,6.2,305.2,26.8,D,0
23.0315,91.8056,323.2,1,1,2014-03-28,0715,Aqua,MODIS,70,6.2,301.3,10.8,D,0
22.9157,92.1577,322.8,1,1,2014-03-28,0715,Aqua,MODIS,64,6.2,302.4,9.3,D,0
23.074,92.0398,321.1,1,1,2014-03-28,0715,Aqua,MODIS,22,6.2,302.3,7.5,D,0
23.048,92.0498,353,1,1,2014-03-28,0715,Aqua,MODIS,96,6.2,304.2,55.9,D,0
22.4453,92.4797,323.8,1,1,2014-03-28,0715,Aqua,MODIS,71,6.2,304.2,9.9,D,0
22.444,92.4701,320.1,1,1,2014-03-28,0715,Aqua,MODIS,61,6.2,304.9,6,D,0
22.4735,92.4849,322.3,1,1,2014-03-28,0715,Aqua,MODIS,48,6.2,304.7,7.5,D,0
22.4825,92.4834,323.6,1,1,2014-03-28,0715,Aqua,MODIS,68,6.2,304.7,9.1,D,0
22.6573,92.4825,324.7,1,1,2014-03-28,0715,Aqua,MODIS,73,6.2,302.8,11.2,D,0
22.6559,92.4727,332.6,1,1,2014-03-28,0715,Aqua,MODIS,82,6.2,304.2,20.9,D,0
23.407,91.9846,324.2,1,1,2014-03-28,0715,Aqua,MODIS,74,6.2,300.5,10.8,D,0
23.626,92.2342,320.7,1,1,2014-03-28,0715,Aqua,MODIS,68,6.2,302.7,10.2,D,0
22.6788,92.4326,333.3,1,1,2014-03-28,0715,Aqua,MODIS,83,6.2,304.2,21.6,D,0
22.6761,92.4132,331.2,1,1,2014-03-28,0715,Aqua,MODIS,81,6.2,304.2,18.3,D,0
22.6877,92.4311,326.1,1,1,2014-03-28,0715,Aqua,MODIS,75,6.2,303.2,12.8,D,0
23.3789,91.9795,335.4,1,1,2014-03-28,0715,Aqua,MODIS,85,6.2,305.7,24.2,D,0
23.3802,91.9892,348.2,1,1,2014-03-28,0715,Aqua,MODIS,94,6.2,304.2,47,D,0
23.3686,91.9713,332.6,1,1,2014-03-28,0715,Aqua,MODIS,83,6.2,303.4,20.8,D,0
23.3699,91.981,331.1,1,1,2014-03-28,0715,Aqua,MODIS,80,6.2,305.2,18.5,D,0
23.2261,92.0076,333,1,1,2014-03-28,0715,Aqua,MODIS,83,6.2,306.7,20.2,D,0
23.3644,92.0712,349.1,1,1,2014-03-28,0715,Aqua,MODIS,94,6.2,306.4,49.7,D,0
23.3507,91.9743,326.5,1,1,2014-03-28,0715,Aqua,MODIS,50,6.2,302.9,13.2,D,0
23.3418,91.9758,360.9,1,1,2014-03-28,0715,Aqua,MODIS,100,6.2,307.2,78,D,0
23.3353,92.0035,326.6,1,1,2014-03-28,0715,Aqua,MODIS,77,6.2,303.3,14.5,D,0
23.0987,92.0852,336.5,1,1,2014-03-28,0715,Aqua,MODIS,86,6.2,300.7,27.1,D,0
23.109,92.0934,320,1,1,2014-03-28,0715,Aqua,MODIS,34,6.2,295.9,8.7,D,0
23.1076,92.0837,347.9,1,1,2014-03-28,0715,Aqua,MODIS,94,6.2,300.2,48.6,D,0
23.1063,92.074,354.5,1,1,2014-03-28,0715,Aqua,MODIS,97,6.2,301.6,62.4,D,0
23.363,92.0615,328.9,1,1,2014-03-28,0715,Aqua,MODIS,67,6.2,304.8,17.2,D,0
23.3747,92.0794,387.8,1,1,2014-03-28,0715,Aqua,MODIS,100,6.2,305.7,177.6,D,0
23.0253,92.0832,332.5,1,1,2014-03-28,0715,Aqua,MODIS,83,6.2,302.9,20.1,D,0
23.5691,89.3635,326.7,1.1,1.1,2014-03-28,0715,Aqua,MODIS,50,6.2,310.8,11,D,0
23.5785,89.3617,329.4,1.1,1.1,2014-03-28,0715,Aqua,MODIS,75,6.2,312.5,15.5,D,0
23.5768,89.3508,326,1.1,1.1,2014-03-28,0715,Aqua,MODIS,63,6.2,312.1,10.2,D,0
23.3733,92.0697,373.5,1,1,2014-03-28,0715,Aqua,MODIS,100,6.2,307.8,118,D,0
23.4131,92.0929,321,1,1,2014-03-28,0715,Aqua,MODIS,69,6.2,300.6,9.4,D,0
23.4714,92.1173,321.7,1,1,2014-03-28,0715,Aqua,MODIS,56,6.2,300.8,11.8,D,0
23.4611,92.1091,319,1,1,2014-03-28,0715,Aqua,MODIS,28,6.2,299.3,8.3,D,0
23.4624,92.1188,356.6,1,1,2014-03-28,0715,Aqua,MODIS,98,6.2,302.3,69.1,D,0
23.0239,92.0736,350.9,1,1,2014-03-28,0715,Aqua,MODIS,95,6.2,303.7,51.9,D,0
23.0328,92.0721,359.3,1,1,2014-03-28,0715,Aqua,MODIS,99,6.2,304.5,71.4,D,0
23.0315,92.0624,330.2,1,1,2014-03-28,0715,Aqua,MODIS,66,6.2,302.7,15.1,D,0
23.4118,92.0832,340.4,1,1,2014-03-28,0715,Aqua,MODIS,89,6.2,302.9,34.7,D,0
23.4555,92.2649,328,1,1,2014-03-28,0715,Aqua,MODIS,79,6.2,301.3,18.2,D,0
23.0324,92.3298,337.9,1,1,2014-03-28,0715,Aqua,MODIS,87,6.2,305.5,28.5,D,0
23.0795,92.0785,328.1,1,1,2014-03-28,0715,Aqua,MODIS,74,6.2,296.2,15.3,D,0
23.3999,92.1945,320.1,1,1,2014-03-28,0715,Aqua,MODIS,59,6.2,301.3,8.8,D,0
23.1097,92.0339,324.2,1,1,2014-03-28,0715,Aqua,MODIS,73,6.2,304.5,10.3,D,0
23.4228,92.0316,336.7,1,1,2014-03-28,0715,Aqua,MODIS,86,6.2,302.3,27.6,D,0
22.8032,92.4067,327.7,1,1,2014-03-28,0715,Aqua,MODIS,77,6.2,305,13.9,D,0
23.0885,91.82,323.2,1,1,2014-03-28,0715,Aqua,MODIS,43,6.2,301.6,9,D,0
23.0872,91.8103,324,1,1,2014-03-28,0715,Aqua,MODIS,30,6.2,304.7,10,D,0
22.3264,92.5447,324.2,1,1,2014-03-28,0715,Aqua,MODIS,46,6.2,306.4,10.1,D,0
22.7843,89.8204,315.1,1,1,2014-03-29,0448,Terra,MODIS,39,6.2,305,5.7,D,0
22.3391,92.3377,321,1.3,1.1,2014-03-29,0448,Terra,MODIS,68,6.2,306.4,13.8,D,0
21.9269,92.1628,317.3,1.3,1.1,2014-03-29,0448,Terra,MODIS,60,6.2,305.9,9,D,0
22.3471,92.352,326.9,1.3,1.1,2014-03-29,0448,Terra,MODIS,77,6.2,306.7,23.1,D,0
23.573,89.3668,334.9,1,1,2014-03-29,0448,Terra,MODIS,83,6.2,312.5,22.1,D,0
22.3369,92.3501,352.7,1.3,1.1,2014-03-29,0448,Terra,MODIS,96,6.2,308,89.3,D,0
23.1289,91.8038,324.8,1.2,1.1,2014-03-29,0448,Terra,MODIS,75,6.2,304.6,17.2,D,0
23.1309,91.7919,317.8,1.2,1.1,2014-03-29,0448,Terra,MODIS,61,6.2,303.5,7.7,D,0
23.3816,88.9841,320.7,1,1,2014-03-29,0448,Terra,MODIS,60,6.2,310.2,6.5,D,0
22.4932,92.4071,329.1,4.7,2,2014-03-29,0757,Aqua,MODIS,33,6.2,305.4,116.5,D,0
22.4955,92.4123,329.4,4.7,2,2014-03-29,0757,Aqua,MODIS,48,6.2,305.1,125.6,D,0
22.3112,92.3499,346,4.6,2,2014-03-29,0757,Aqua,MODIS,93,6.2,307.2,371.6,D,0
21.7688,92.2979,317.6,4.5,2,2014-03-29,0757,Aqua,MODIS,44,6.2,304.2,38.4,D,0
22.3365,92.2024,317.9,4.5,2,2014-03-29,0757,Aqua,MODIS,42,6.2,303.3,47.9,D,0
21.5647,92.4208,325.6,4.6,2,2014-03-29,0757,Aqua,MODIS,79,6.2,306.5,121.5,D,0
22.2676,92.2601,320.3,4.6,2,2014-03-29,0757,Aqua,MODIS,47,6.2,303.9,61.8,D,0
22.3147,92.3925,326.9,4.7,2,2014-03-29,0757,Aqua,MODIS,26,6.2,303.5,112.7,D,0
22.529,92.405,330.4,4.7,2,2014-03-29,0757,Aqua,MODIS,77,6.2,304.7,152.1,D,0
22.3672,92.3786,327.4,4.7,2,2014-03-29,0757,Aqua,MODIS,29,6.2,305.1,112.9,D,0
22.4207,92.3744,330.1,4.7,2,2014-03-29,0757,Aqua,MODIS,46,6.2,305.5,143.2,D,0
21.5823,92.4186,327.6,4.6,2,2014-03-29,0757,Aqua,MODIS,75,6.2,306.5,127.5,D,0
22.2687,92.2651,318.8,4.6,2,2014-03-29,0757,Aqua,MODIS,37,6.2,303.9,49.1,D,0
21.5633,92.4163,319.2,4.6,2,2014-03-29,0757,Aqua,MODIS,71,6.2,306.4,61.6,D,0
22.2646,92.4399,328.6,4.7,2,2014-03-29,0757,Aqua,MODIS,77,6.2,303.4,147.4,D,0
22.2625,92.4348,326,4.7,2,2014-03-29,0757,Aqua,MODIS,45,6.2,303.2,114.1,D,0
21.825,92.3349,320.7,4.6,2,2014-03-29,0757,Aqua,MODIS,65,6.2,306.1,66.6,D,0
21.8294,92.3657,321,4.6,2,2014-03-29,0757,Aqua,MODIS,73,6.2,305.8,72.1,D,0
21.5809,92.4139,328.2,4.6,2,2014-03-29,0757,Aqua,MODIS,81,6.2,306.7,139.7,D,0
22.3451,92.3418,325.3,4.6,2,2014-03-29,0757,Aqua,MODIS,32,6.2,306,95.3,D,0
21.6019,92.4546,329.7,4.6,2,2014-03-29,0757,Aqua,MODIS,83,6.2,306,163.2,D,0
21.5842,92.4564,334.8,4.6,2,2014-03-29,0757,Aqua,MODIS,86,6.2,305.3,225.3,D,0
21.5665,92.458,317.8,4.6,2,2014-03-29,0757,Aqua,MODIS,68,6.2,305.1,53,D,0
21.6036,92.4596,330.6,4.6,2,2014-03-29,0757,Aqua,MODIS,83,6.2,305.9,166.7,D,0
21.5859,92.4608,328.7,4.6,2,2014-03-29,0757,Aqua,MODIS,82,6.2,305.2,145.9,D,0
22.536,92.495,330,4.8,2,2014-03-29,0757,Aqua,MODIS,64,6.2,303.2,158.2,D,0
21.5682,92.4629,321,4.6,2,2014-03-29,0757,Aqua,MODIS,73,6.2,305.1,80.2,D,0
21.4431,92.4836,317.4,4.6,2,2014-03-29,0757,Aqua,MODIS,68,6.2,304.1,59.1,D,0
22.3348,92.2106,319.2,4.5,2,2014-03-29,0757,Aqua,MODIS,53,6.2,303.6,57.4,D,0
22.4094,92.4723,321.3,4.7,2,2014-03-29,0757,Aqua,MODIS,37,6.2,303.8,69.9,D,0
22.424,92.4173,338.9,4.7,2,2014-03-29,0757,Aqua,MODIS,87,6.2,305.7,254.9,D,0
22.4799,92.2301,318.9,4.6,2,2014-03-29,0757,Aqua,MODIS,51,6.2,304.8,57.7,D,0
21.8641,92.5884,327.9,4.8,2,2014-03-29,0757,Aqua,MODIS,81,6.2,305.3,159,D,0
22.3307,92.3869,326.9,4.7,2,2014-03-29,0757,Aqua,MODIS,22,6.2,304.1,107.3,D,0
22.3314,92.3785,327,4.7,2,2014-03-29,0757,Aqua,MODIS,21,6.2,304.4,106.3,D,0
21.4268,92.4891,328.7,4.6,2,2014-03-29,0757,Aqua,MODIS,82,6.2,304.2,163.9,D,0
22.5111,92.4059,326.8,4.7,2,2014-03-29,0757,Aqua,MODIS,42,6.2,304.6,102.1,D,0
22.4218,92.4132,335.5,4.7,2,2014-03-29,0757,Aqua,MODIS,73,6.2,305.8,193.7,D,0
22.3096,92.3453,341.4,4.6,2,2014-03-29,0757,Aqua,MODIS,85,6.2,307.2,286.6,D,0
21.4091,92.4912,314.6,4.6,2,2014-03-29,0757,Aqua,MODIS,62,6.2,303.8,38.4,D,0
21.4253,92.4847,327.8,4.6,2,2014-03-29,0757,Aqua,MODIS,81,6.2,304.3,156.9,D,0
21.7695,92.3022,320.1,4.5,2,2014-03-29,0757,Aqua,MODIS,31,6.2,304.3,55.8,D,0
21.9802,92.4834,321.1,4.7,2,2014-03-29,0757,Aqua,MODIS,74,6.2,306.1,85.4,D,0
21.977,92.443,319.9,4.7,2,2014-03-29,0757,Aqua,MODIS,72,6.2,307.9,70.2,D,0
21.9806,92.4747,324.3,4.7,2,2014-03-29,0757,Aqua,MODIS,77,6.2,306.6,108.9,D,0
21.444,92.475,316.6,4.6,2,2014-03-29,0757,Aqua,MODIS,43,6.2,303.9,47.8,D,0
21.7722,92.341,318.2,4.6,2,2014-03-29,0757,Aqua,MODIS,47,6.2,304.4,44,D,0
22.2899,92.3079,320.4,4.6,2,2014-03-29,0757,Aqua,MODIS,59,6.2,305.5,64.3,D,0
24.422,89.0229,319.2,2.8,1.6,2014-03-29,0758,Aqua,MODIS,54,6.2,305.8,27,D,0
23.1112,92.0408,331.9,4.5,2,2014-03-29,0758,Aqua,MODIS,82,6.2,303.9,177.6,D,0
22.9593,91.9315,322.4,4.4,1.9,2014-03-29,0758,Aqua,MODIS,60,6.2,303.4,72.8,D,0
22.9623,91.9723,319.6,4.4,1.9,2014-03-29,0758,Aqua,MODIS,33,6.2,302.1,52.8,D,0
22.9591,91.9364,324,4.4,1.9,2014-03-29,0758,Aqua,MODIS,72,6.2,303.3,87.9,D,0
22.9522,92.331,328,4.7,2,2014-03-29,0758,Aqua,MODIS,77,6.2,300.5,153.2,D,0
22.9366,92.3373,326.7,4.7,2,2014-03-29,0758,Aqua,MODIS,73,6.2,300.5,134.2,D,0
23.3207,92.2296,335.2,4.7,2,2014-03-29,0758,Aqua,MODIS,84,6.2,298.8,230.8,D,0
23.3467,92.0924,335.9,4.6,2,2014-03-29,0758,Aqua,MODIS,85,6.2,303.5,224.1,D,0
22.9188,92.339,318.5,4.7,2,2014-03-29,0758,Aqua,MODIS,59,6.2,300.6,60.6,D,0
23.3194,92.1902,365.6,4.6,2,2014-03-29,0758,Aqua,MODIS,100,6.2,302.7,836.5,D,0
22.9362,92.3453,321.8,4.7,2,2014-03-29,0758,Aqua,MODIS,48,6.2,300.6,85.6,D,0
23.3227,92.2346,333.5,4.7,2,2014-03-29,0758,Aqua,MODIS,75,6.2,298.5,210.2,D,0
23.3596,92.272,327.9,4.7,2,2014-03-29,0758,Aqua,MODIS,31,6.2,294.2,140.4,D,0
23.3478,92.0971,332.6,4.6,2,2014-03-29,0758,Aqua,MODIS,42,6.2,303.5,175.2,D,0
22.9545,92.3355,328.8,4.7,2,2014-03-29,0758,Aqua,MODIS,78,6.2,300.7,161.5,D,0
23.3583,92.231,354.8,4.7,2,2014-03-29,0758,Aqua,MODIS,97,6.2,300.1,571.7,D,0
23.4332,92.0321,353.1,4.5,2,2014-03-29,0758,Aqua,MODIS,96,6.2,303,516.4,D,0
22.6581,92.4318,327.6,4.7,2,2014-03-29,0758,Aqua,MODIS,56,6.2,303.4,132.9,D,0
23.3563,92.2268,353.7,4.7,2,2014-03-29,0758,Aqua,MODIS,96,6.2,300.4,546,D,0
23.4364,92.0769,344.9,4.6,2,2014-03-29,0758,Aqua,MODIS,91,6.2,299.6,372.7,D,0
23.4156,92.0337,328,4.5,2,2014-03-29,0758,Aqua,MODIS,47,6.2,303.3,129.2,D,0
23.3921,92.225,359.6,4.7,2,2014-03-29,0758,Aqua,MODIS,99,6.2,298.4,705.1,D,0
23.3887,92.1793,336,4.6,2,2014-03-29,0758,Aqua,MODIS,85,6.2,299.5,247.5,D,0
23.3926,92.2164,353.2,4.7,2,2014-03-29,0758,Aqua,MODIS,96,6.2,298.9,562.1,D,0
23.1458,92.0335,318.4,4.5,2,2014-03-29,0758,Aqua,MODIS,33,6.2,301.9,47.4,D,0
23.1463,92.0376,318.6,4.5,2,2014-03-29,0758,Aqua,MODIS,36,6.2,301.8,48.7,D,0
23.4315,92.0411,360.6,4.5,2,2014-03-29,0758,Aqua,MODIS,100,6.2,303.2,682.6,D,0
23.435,92.0857,334.7,4.6,2,2014-03-29,0758,Aqua,MODIS,80,6.2,299.2,218.6,D,0
23.4139,92.0426,327.7,4.5,2,2014-03-29,0758,Aqua,MODIS,27,6.2,303,123.5,D,0
23.3644,92.091,328,4.6,2,2014-03-29,0758,Aqua,MODIS,50,6.2,301.9,127,D,0
23.1432,91.7796,319.9,4.3,1.9,2014-03-29,0758,Aqua,MODIS,61,6.2,302.5,55.4,D,0
23.428,91.9966,325,4.5,2,2014-03-29,0758,Aqua,MODIS,56,6.2,303.9,104.6,D,0
23.1107,92.0368,327.3,4.5,2,2014-03-29,0758,Aqua,MODIS,76,6.2,304.1,125.8,D,0
23.362,92.0518,323.8,4.5,2,2014-03-29,0758,Aqua,MODIS,39,6.2,303.2,91.8,D,0
22.5358,92.4862,327.6,4.8,2,2014-03-29,0758,Aqua,MODIS,31,6.2,303.3,112.6,D,0
22.9449,91.9789,322.2,4.4,1.9,2014-03-29,0758,Aqua,MODIS,30,6.2,302.9,72.1,D,0
22.9101,91.9824,318.5,4.4,1.9,2014-03-29,0758,Aqua,MODIS,16,6.2,301.4,46.7,D,0
22.9075,91.9906,318.4,4.4,1.9,2014-03-29,0758,Aqua,MODIS,43,6.2,300.9,50.8,D,0
22.9449,91.9743,321.1,4.4,1.9,2014-03-29,0758,Aqua,MODIS,39,6.2,303,66.8,D,0
22.8112,92.3561,318.2,4.7,2,2014-03-29,0758,Aqua,MODIS,57,6.2,300.9,55.2,D,0
22.6222,92.4338,329.8,4.7,2,2014-03-29,0758,Aqua,MODIS,60,6.2,303.2,146.5,D,0
22.6197,92.4297,331.2,4.7,2,2014-03-29,0758,Aqua,MODIS,38,6.2,303.2,150.6,D,0
23.3895,92.1701,325.2,4.6,2,2014-03-29,0758,Aqua,MODIS,34,6.2,299.2,115.4,D,0
23.3177,92.186,362.7,4.6,2,2014-03-29,0758,Aqua,MODIS,100,6.2,303,756.5,D,0
23.2403,91.8432,324.6,4.4,1.9,2014-03-29,0758,Aqua,MODIS,72,6.2,305.1,94.8,D,0
23.2374,91.8523,325.7,4.4,1.9,2014-03-29,0758,Aqua,MODIS,74,6.2,305,106.4,D,0
23.3435,92.0488,330.7,4.5,2,2014-03-29,0758,Aqua,MODIS,80,6.2,302.9,162.3,D,0
23.3444,92.0533,333.3,4.5,2,2014-03-29,0758,Aqua,MODIS,83,6.2,303,193.2,D,0
22.7127,92.462,328.6,4.8,2,2014-03-29,0758,Aqua,MODIS,32,6.2,302.2,135,D,0
22.7129,92.4694,326,4.8,2,2014-03-29,0758,Aqua,MODIS,48,6.2,302.1,113.2,D,0
22.6915,92.4244,323.5,4.7,2,2014-03-29,0758,Aqua,MODIS,36,6.2,302.6,93,D,0
23.2499,91.9722,320.2,4.5,1.9,2014-03-29,0758,Aqua,MODIS,63,6.2,304.6,62.8,D,0
23.1796,92.2558,319.2,4.7,2,2014-03-29,0758,Aqua,MODIS,61,6.2,297,76.1,D,0
23.1815,92.2598,321.3,4.7,2,2014-03-29,0758,Aqua,MODIS,67,6.2,297.1,91.4,D,0
23.2846,91.9645,327.4,4.5,1.9,2014-03-29,0758,Aqua,MODIS,76,6.2,304.7,130.9,D,0
23.2848,91.9688,328.9,4.5,1.9,2014-03-29,0758,Aqua,MODIS,78,6.2,304.6,143.4,D,0
22.6189,92.3909,337.6,4.7,2,2014-03-29,0758,Aqua,MODIS,86,6.2,303.4,244.3,D,0
22.6167,92.3864,329.3,4.7,2,2014-03-29,0758,Aqua,MODIS,24,6.2,303.1,121,D,0
22.5828,92.4019,326.7,4.7,2,2014-03-29,0758,Aqua,MODIS,22,6.2,302.9,103.4,D,0
22.5294,92.3969,328.8,4.7,2,2014-03-29,0758,Aqua,MODIS,26,6.2,304.8,123.3,D,0
22.9701,92.3293,336.5,4.7,2,2014-03-29,0758,Aqua,MODIS,86,6.2,300.6,263.1,D,0
22.9723,92.3335,333.8,4.7,2,2014-03-29,0758,Aqua,MODIS,83,6.2,300.4,228,D,0
24.4185,89.0309,321,2.8,1.6,2014-03-29,0758,Aqua,MODIS,61,6.2,305.9,35.6,D,0
23.1501,91.8649,318.5,4.4,1.9,2014-03-29,0758,Aqua,MODIS,35,6.2,303,45.1,D,0
22.4932,92.4025,309.8,1.8,1.3,2014-03-29,1544,Terra,MODIS,78,6.2,296,17,N,0
23.3478,92.2521,321.3,1.8,1.3,2014-03-29,1544,Terra,MODIS,100,6.2,294.8,40.8,N,0
22.8019,92.0019,307.7,1.9,1.3,2014-03-29,1544,Terra,MODIS,72,6.2,296.6,16,N,0
23.3424,92.2886,324.8,1.8,1.3,2014-03-29,1544,Terra,MODIS,100,6.2,295,49.2,N,0
22.8331,92.3457,307.4,1.8,1.3,2014-03-29,1544,Terra,MODIS,69,6.2,296,13,N,0
23.41,92.2612,307.6,2,1.4,2014-03-29,2006,Aqua,MODIS,72,6.2,293.7,21.5,N,0
23.3558,92.2628,304.6,2,1.4,2014-03-29,2006,Aqua,MODIS,61,6.2,292.2,16.6,N,0
23.4085,92.2539,306.8,2,1.4,2014-03-29,2006,Aqua,MODIS,69,6.2,293.3,18.9,N,0
23.3494,92.2573,331.9,4.1,1.9,2014-03-30,0353,Terra,MODIS,82,6.2,300.8,184.1,D,0
23.3447,92.2514,325.5,4.1,1.9,2014-03-30,0353,Terra,MODIS,75,6.2,300.6,124,D,0
22.659,92.4314,335.2,1.2,1.1,2014-03-30,0702,Aqua,MODIS,83,6.2,307.8,26,D,0
22.6834,92.4613,355.6,1.1,1.1,2014-03-30,0702,Aqua,MODIS,97,6.2,309.6,74.6,D,0
22.5495,92.1467,320.5,1.2,1.1,2014-03-30,0702,Aqua,MODIS,61,6.2,306.5,8.3,D,0
22.206,92.4915,325.9,1.2,1.1,2014-03-30,0702,Aqua,MODIS,74,6.2,306.5,15.9,D,0
23.0543,92.1012,328.9,1.2,1.1,2014-03-30,0702,Aqua,MODIS,78,6.2,307.3,18.6,D,0
23.0346,91.9157,326.4,1.2,1.1,2014-03-30,0702,Aqua,MODIS,75,6.2,308.7,13.2,D,0
22.5513,92.158,319.5,1.2,1.1,2014-03-30,0702,Aqua,MODIS,45,6.2,305.9,7.3,D,0
22.5645,92.4214,328.5,1.2,1.1,2014-03-30,0702,Aqua,MODIS,77,6.2,308.5,17,D,0
23.051,91.9434,327.7,1.2,1.1,2014-03-30,0702,Aqua,MODIS,77,6.2,308.8,15.4,D,0
21.7418,92.3532,325.3,1.2,1.1,2014-03-30,0702,Aqua,MODIS,73,6.2,306.6,14.7,D,0
22.2077,92.5019,343.7,1.2,1.1,2014-03-30,0702,Aqua,MODIS,91,6.2,308.5,47.3,D,0
22.6886,92.4935,327.1,1.1,1.1,2014-03-30,0702,Aqua,MODIS,76,6.2,307.7,15.6,D,0
22.3712,92.4526,351.1,1.2,1.1,2014-03-30,0702,Aqua,MODIS,95,6.2,309.9,62.6,D,0
22.373,92.4636,376.6,1.2,1.1,2014-03-30,0702,Aqua,MODIS,100,6.2,310.5,156.7,D,0
22.3546,92.4097,350.2,1.2,1.1,2014-03-30,0702,Aqua,MODIS,95,6.2,310.2,60.5,D,0
22.3564,92.4209,335.2,1.2,1.1,2014-03-30,0702,Aqua,MODIS,84,6.2,310.1,26.9,D,0
22.3201,92.4395,324.4,1.2,1.1,2014-03-30,0702,Aqua,MODIS,71,6.2,308.5,12.1,D,0
22.5787,92.3271,327.9,1.2,1.1,2014-03-30,0702,Aqua,MODIS,75,6.2,309.3,15.6,D,0
22.323,92.3353,326,1.2,1.1,2014-03-30,0702,Aqua,MODIS,74,6.2,309,13.5,D,0
22.2303,92.5204,319.5,1.2,1.1,2014-03-30,0702,Aqua,MODIS,33,6.2,307.5,7.6,D,0
23.0374,92.0573,323.9,1.2,1.1,2014-03-30,0702,Aqua,MODIS,30,6.2,308.8,9.4,D,0
23.0392,92.0689,325.4,1.2,1.1,2014-03-30,0702,Aqua,MODIS,47,6.2,309,11,D,0
22.2043,92.5652,320.4,1.1,1.1,2014-03-30,0702,Aqua,MODIS,26,6.2,306.9,7.5,D,0
23.0296,92.0707,333.4,1.2,1.1,2014-03-30,0702,Aqua,MODIS,77,6.2,309.7,23.4,D,0
23.0333,92.094,378.6,1.2,1.1,2014-03-30,0702,Aqua,MODIS,100,6.2,312.4,170.8,D,0
23.0351,92.105,365.8,1.2,1.1,2014-03-30,0702,Aqua,MODIS,100,6.2,308.6,114.1,D,0
23.0237,92.0959,345.7,1.2,1.1,2014-03-30,0702,Aqua,MODIS,92,6.2,308.3,51.1,D,0
23.0255,92.1069,344.1,1.2,1.1,2014-03-30,0702,Aqua,MODIS,91,6.2,309.4,48.5,D,0
23.0674,92.3068,375.5,1.2,1.1,2014-03-30,0702,Aqua,MODIS,100,6.2,308.4,151.7,D,0
22.5699,92.4548,324.1,1.2,1.1,2014-03-30,0702,Aqua,MODIS,68,6.2,310.1,9.6,D,0
22.4335,92.3897,326.9,1.2,1.1,2014-03-30,0702,Aqua,MODIS,70,6.2,308,13.1,D,0
22.3934,92.3854,324.5,1.2,1.1,2014-03-30,0702,Aqua,MODIS,70,6.2,308.6,11.5,D,0
23.1005,92.0637,326.7,1.2,1.1,2014-03-30,0702,Aqua,MODIS,76,6.2,310.8,14.3,D,0
22.2613,92.4694,324,1.2,1.1,2014-03-30,0702,Aqua,MODIS,24,6.2,309,10.8,D,0
22.5445,92.4421,332.4,1.2,1.1,2014-03-30,0702,Aqua,MODIS,81,6.2,309.9,22.7,D,0
22.6148,92.4914,324.8,1.1,1.1,2014-03-30,0702,Aqua,MODIS,72,6.2,309,11.7,D,0
21.6176,92.4832,322.4,1.2,1.1,2014-03-30,0702,Aqua,MODIS,47,6.2,306.5,11,D,0
21.7477,92.3284,337.6,1.2,1.1,2014-03-30,0702,Aqua,MODIS,86,6.2,307.3,35.6,D,0
21.734,92.3664,330.9,1.2,1.1,2014-03-30,0702,Aqua,MODIS,80,6.2,306.5,22.9,D,0
22.3649,92.3505,341.7,1.2,1.1,2014-03-30,0702,Aqua,MODIS,89,6.2,309.2,42.3,D,0
21.7322,92.355,332.3,1.2,1.1,2014-03-30,0702,Aqua,MODIS,82,6.2,307.8,25.2,D,0
21.8264,92.3692,324.9,1.2,1.1,2014-03-30,0702,Aqua,MODIS,73,6.2,305.9,14.9,D,0
22.928,91.9551,322.5,1.2,1.1,2014-03-30,0702,Aqua,MODIS,69,6.2,305.2,8.7,D,0
22.9262,91.9434,329.6,1.2,1.1,2014-03-30,0702,Aqua,MODIS,79,6.2,307.9,19.3,D,0
22.5463,92.4534,375.2,1.2,1.1,2014-03-30,0702,Aqua,MODIS,100,6.2,311.4,149.7,D,0
22.7938,92.3322,330.1,1.2,1.1,2014-03-30,0702,Aqua,MODIS,80,6.2,308,20.2,D,0
22.7919,92.3206,325.8,1.2,1.1,2014-03-30,0702,Aqua,MODIS,64,6.2,308.5,13.6,D,0
22.2502,92.4608,325.1,1.2,1.1,2014-03-30,0702,Aqua,MODIS,62,6.2,307.3,13,D,0
23.0656,92.2955,339,1.2,1.1,2014-03-30,0702,Aqua,MODIS,88,6.2,307.5,36.4,D,0
22.3689,92.3556,334.3,1.2,1.1,2014-03-30,0702,Aqua,MODIS,83,6.2,307.3,28.1,D,0
22.9325,92.3507,356.1,1.2,1.1,2014-03-30,0702,Aqua,MODIS,98,6.2,310.5,78.8,D,0
22.3952,92.3967,335.5,1.2,1.1,2014-03-30,0702,Aqua,MODIS,84,6.2,308.9,27.9,D,0
21.7982,92.1358,330.2,1.2,1.1,2014-03-30,0702,Aqua,MODIS,80,6.2,306.2,23.3,D,0
21.7963,92.1241,321,1.2,1.1,2014-03-30,0702,Aqua,MODIS,64,6.2,306.2,9.3,D,0
21.808,92.134,329.5,1.2,1.1,2014-03-30,0702,Aqua,MODIS,79,6.2,306.1,22.4,D,0
23.0502,92.3218,346.2,1.2,1.1,2014-03-30,0702,Aqua,MODIS,92,6.2,308.4,51.8,D,0
22.5983,92.4493,332.5,1.2,1.1,2014-03-30,0702,Aqua,MODIS,82,6.2,309.9,21.2,D,0
21.8061,92.1223,322.4,1.2,1.1,2014-03-30,0702,Aqua,MODIS,69,6.2,306.4,11.6,D,0
22.3893,92.4208,323.4,1.2,1.1,2014-03-30,0702,Aqua,MODIS,43,6.2,309.4,9.3,D,0
22.3816,92.4339,325,1.2,1.1,2014-03-30,0702,Aqua,MODIS,72,6.2,309.1,11.8,D,0
22.3834,92.4452,321.3,1.2,1.1,2014-03-30,0702,Aqua,MODIS,36,6.2,307,7,D,0
22.379,92.44,338.3,1.2,1.1,2014-03-30,0702,Aqua,MODIS,87,6.2,308.6,31.9,D,0
22.693,92.2759,326.1,1.2,1.1,2014-03-30,0702,Aqua,MODIS,65,6.2,307.2,15.1,D,0
22.6988,92.4351,354.3,1.1,1.1,2014-03-30,0702,Aqua,MODIS,97,6.2,308.1,71.2,D,0
22.4749,92.3754,326.3,1.2,1.1,2014-03-30,0702,Aqua,MODIS,74,6.2,308.9,13.4,D,0
23.0572,91.7976,332.5,1.2,1.1,2014-03-30,0702,Aqua,MODIS,82,6.2,308.4,24.7,D,0
22.6572,92.4201,330.7,1.2,1.1,2014-03-30,0702,Aqua,MODIS,43,6.2,308.8,18,D,0
22.4731,92.364,330.1,1.2,1.1,2014-03-30,0702,Aqua,MODIS,79,6.2,308.4,20.2,D,0
22.4012,92.3726,329.1,1.2,1.1,2014-03-30,0702,Aqua,MODIS,78,6.2,308.9,17.8,D,0
22.4316,92.3782,351.9,1.2,1.1,2014-03-30,0702,Aqua,MODIS,96,6.2,309.2,66.1,D,0
22.4239,92.3913,362,1.2,1.1,2014-03-30,0702,Aqua,MODIS,100,6.2,309.7,96,D,0
22.9996,91.9466,333.6,1.2,1.1,2014-03-30,0702,Aqua,MODIS,83,6.2,307,24.7,D,0
22.955,91.9795,322.4,1.2,1.1,2014-03-30,0702,Aqua,MODIS,69,6.2,305.5,9.8,D,0
22.5131,92.3683,324.2,1.2,1.1,2014-03-30,0702,Aqua,MODIS,68,6.2,309.9,10.3,D,0
22.5595,92.3306,328.5,1.2,1.1,2014-03-30,0702,Aqua,MODIS,70,6.2,309,16.6,D,0
22.5577,92.3193,349.5,1.2,1.1,2014-03-30,0702,Aqua,MODIS,94,6.2,310.1,60.4,D,0
23.0034,91.9701,326.2,1.2,1.1,2014-03-30,0702,Aqua,MODIS,59,6.2,308.8,13,D,0
22.9937,91.9721,325,1.2,1.1,2014-03-30,0702,Aqua,MODIS,58,6.2,307.8,11.6,D,0
23.0552,91.7858,332.2,1.2,1.1,2014-03-30,0702,Aqua,MODIS,82,6.2,309.5,24.4,D,0
23.0591,91.8093,321.1,1.2,1.1,2014-03-30,0702,Aqua,MODIS,66,6.2,307,8.4,D,0
23.0455,91.7877,330.2,1.2,1.1,2014-03-30,0702,Aqua,MODIS,70,6.2,308.8,20.5,D,0
23.0328,91.904,328.1,1.2,1.1,2014-03-30,0702,Aqua,MODIS,77,6.2,308.5,16,D,0
22.6233,92.4217,323.1,1.2,1.1,2014-03-30,0702,Aqua,MODIS,44,6.2,307.5,8.8,D,0
22.4221,92.38,382.8,1.2,1.1,2014-03-30,0702,Aqua,MODIS,100,6.2,312.1,188.3,D,0
22.4203,92.3689,332.7,1.2,1.1,2014-03-30,0702,Aqua,MODIS,82,6.2,308.1,23.7,D,0
21.7333,92.1774,321.1,1.2,1.1,2014-03-30,0702,Aqua,MODIS,67,6.2,307.5,9.5,D,0
23.0533,91.774,325.5,1.2,1.1,2014-03-30,0702,Aqua,MODIS,72,6.2,308.2,14.5,D,0
23.0631,91.7721,323.1,1.2,1.1,2014-03-30,0702,Aqua,MODIS,52,6.2,307.4,11.1,D,0
21.7098,92.218,324.5,1.2,1.1,2014-03-30,0702,Aqua,MODIS,73,6.2,308.3,12.3,D,0
22.5167,92.3909,343.2,1.2,1.1,2014-03-30,0702,Aqua,MODIS,90,6.2,309.6,43,D,0
22.6929,92.4594,356.8,1.1,1.1,2014-03-30,0702,Aqua,MODIS,98,6.2,308.7,78.4,D,0
22.9531,91.9678,327.1,1.2,1.1,2014-03-30,0702,Aqua,MODIS,76,6.2,307.7,16.5,D,0
22.6001,92.4605,331.8,1.1,1.1,2014-03-30,0702,Aqua,MODIS,81,6.2,309.9,19.9,D,0
23.0407,92.3237,332.2,1.2,1.1,2014-03-30,0702,Aqua,MODIS,82,6.2,307.5,22.9,D,0
22.2483,92.4491,323.6,1.2,1.1,2014-03-30,0702,Aqua,MODIS,48,6.2,307.8,10.8,D,0
22.6536,92.4274,340.7,1.2,1.1,2014-03-30,0702,Aqua,MODIS,89,6.2,307.6,39.1,D,0
22.2311,92.4643,385.4,1.2,1.1,2014-03-30,0702,Aqua,MODIS,100,6.2,311.6,204.5,D,0
22.2329,92.4756,356.2,1.2,1.1,2014-03-30,0702,Aqua,MODIS,98,6.2,307.4,79.2,D,0
22.8874,92.3984,327.2,1.1,1.1,2014-03-30,0702,Aqua,MODIS,76,6.2,311.1,15.5,D,0
21.6982,92.2084,328.9,1.2,1.1,2014-03-30,0702,Aqua,MODIS,79,6.2,308.8,19.2,D,0
22.5119,92.4832,327.1,1.1,1.1,2014-03-30,0702,Aqua,MODIS,75,6.2,308.8,14.7,D,0
22.9985,92.1235,323.2,1.2,1.1,2014-03-30,0702,Aqua,MODIS,70,6.2,308.8,10.4,D,0
21.6967,92.2158,340.4,1.2,1.1,2014-03-30,0702,Aqua,MODIS,89,6.2,309,42,D,0
22.2155,92.4892,328.1,1.2,1.1,2014-03-30,0702,Aqua,MODIS,77,6.2,307.4,18.3,D,0
22.6798,92.4389,326.6,1.1,1.1,2014-03-30,0702,Aqua,MODIS,44,6.2,310,12.6,D,0
22.2172,92.4999,352,1.2,1.1,2014-03-30,0702,Aqua,MODIS,96,6.2,308.9,67.6,D,0
22.5184,92.4014,325.7,1.2,1.1,2014-03-30,0702,Aqua,MODIS,73,6.2,308.2,11.9,D,0
21.7001,92.2202,342.1,1.2,1.1,2014-03-30,0702,Aqua,MODIS,90,6.2,309.1,44.6,D,0
22.6174,92.446,326.3,1.2,1.1,2014-03-30,0702,Aqua,MODIS,58,6.2,309.9,12.2,D,0
23.0826,92.1367,354.7,1.2,1.1,2014-03-30,0702,Aqua,MODIS,97,6.2,310.2,75.6,D,0
22.5113,92.1712,319.6,1.2,1.1,2014-03-30,0702,Aqua,MODIS,51,6.2,307.2,7.4,D,0
22.3671,92.3448,339.9,1.2,1.1,2014-03-30,0702,Aqua,MODIS,88,6.2,309.5,39.1,D,0
22.6411,92.3207,324.6,1.2,1.1,2014-03-30,0702,Aqua,MODIS,36,6.2,309.5,10.4,D,0
22.3767,92.343,329.3,1.2,1.1,2014-03-30,0702,Aqua,MODIS,78,6.2,308.6,19.9,D,0
22.9977,91.9349,321,1.2,1.1,2014-03-30,0702,Aqua,MODIS,66,6.2,307.7,6.1,D,0
23.0579,92.3088,379.6,1.2,1.1,2014-03-30,0702,Aqua,MODIS,100,6.2,308.8,171.3,D,0
23.0561,92.2974,346.5,1.2,1.1,2014-03-30,0702,Aqua,MODIS,93,6.2,307.4,53.2,D,0
23.4577,92.254,335.6,1.1,1.1,2014-03-30,0703,Aqua,MODIS,76,6.2,308.4,30.8,D,0
23.2028,92.0603,321.3,1.2,1.1,2014-03-30,0703,Aqua,MODIS,67,6.2,307.1,7.4,D,0
23.1473,92.0242,325.2,1.2,1.1,2014-03-30,0703,Aqua,MODIS,74,6.2,306.9,12.2,D,0
24.1153,90.3891,321.3,1.4,1.2,2014-03-30,0703,Aqua,MODIS,61,6.2,309.2,11.5,D,0
24.1177,90.4028,320.6,1.4,1.2,2014-03-30,0703,Aqua,MODIS,63,6.2,308.2,9.4,D,0
23.1888,91.8498,328.6,1.2,1.1,2014-03-30,0703,Aqua,MODIS,78,6.2,309.2,18.5,D,0
23.1907,91.8616,335.5,1.2,1.1,2014-03-30,0703,Aqua,MODIS,85,6.2,307.8,30.7,D,0
23.2741,91.9946,328.7,1.2,1.1,2014-03-30,0703,Aqua,MODIS,78,6.2,309.2,18.9,D,0
23.1537,91.8805,324.1,1.2,1.1,2014-03-30,0703,Aqua,MODIS,72,6.2,309.3,11,D,0
23.1556,91.8922,322.6,1.2,1.1,2014-03-30,0703,Aqua,MODIS,70,6.2,307.8,8.8,D,0
23.4173,92.3068,325,1.1,1.1,2014-03-30,0703,Aqua,MODIS,74,6.2,306.3,15.2,D,0
23.4078,92.3087,376.3,1.1,1.1,2014-03-30,0703,Aqua,MODIS,100,6.2,309.4,155.1,D,0
23.4096,92.3196,433.6,1.1,1.1,2014-03-30,0703,Aqua,MODIS,100,6.2,314,620.3,D,0
23.3539,92.2461,370.9,1.2,1.1,2014-03-30,0703,Aqua,MODIS,100,6.2,309.9,131.8,D,0
23.3556,92.2572,331.9,1.2,1.1,2014-03-30,0703,Aqua,MODIS,82,6.2,306.5,23.8,D,0
23.3443,92.2479,346.5,1.2,1.1,2014-03-30,0703,Aqua,MODIS,93,6.2,308.7,52.4,D,0
23.3461,92.259,340.8,1.2,1.1,2014-03-30,0703,Aqua,MODIS,89,6.2,307.3,40.8,D,0
23.3496,92.2811,328.6,1.1,1.1,2014-03-30,0703,Aqua,MODIS,78,6.2,307.8,19.9,D,0
23.3514,92.2921,321,1.1,1.1,2014-03-30,0703,Aqua,MODIS,66,6.2,305.6,8.8,D,0
23.3402,92.283,340.1,1.1,1.1,2014-03-30,0703,Aqua,MODIS,88,6.2,308.7,39.5,D,0
23.3419,92.294,358.3,1.1,1.1,2014-03-30,0703,Aqua,MODIS,99,6.2,309.9,85.8,D,0
23.3436,92.305,357.8,1.1,1.1,2014-03-30,0703,Aqua,MODIS,98,6.2,309.9,83.9,D,0
23.3454,92.3162,340.7,1.1,1.1,2014-03-30,0703,Aqua,MODIS,89,6.2,308,40.7,D,0
23.3471,92.327,333.2,1.1,1.1,2014-03-30,0703,Aqua,MODIS,83,6.2,306.2,27.4,D,0
23.3324,92.2957,331.7,1.1,1.1,2014-03-30,0703,Aqua,MODIS,81,6.2,306.2,24.1,D,0
23.3342,92.3067,352.8,1.1,1.1,2014-03-30,0703,Aqua,MODIS,96,6.2,309.1,70.2,D,0
23.6544,92.0608,320.9,1.2,1.1,2014-03-30,0703,Aqua,MODIS,44,6.2,305.3,11.5,D,0
23.4129,91.9556,332,1.2,1.1,2014-03-30,0703,Aqua,MODIS,82,6.2,307.5,25.8,D,0
23.4148,91.9672,322,1.2,1.1,2014-03-30,0703,Aqua,MODIS,68,6.2,306,10.8,D,0
23.4095,91.9497,323.8,1.2,1.1,2014-03-30,0703,Aqua,MODIS,72,6.2,306.6,12.2,D,0
23.4113,91.9613,338.9,1.2,1.1,2014-03-30,0703,Aqua,MODIS,88,6.2,307.2,37.7,D,0
23.3975,91.999,325.6,1.2,1.1,2014-03-30,0703,Aqua,MODIS,74,6.2,306.3,15,D,0
23.3572,91.9952,320,1.2,1.1,2014-03-30,0703,Aqua,MODIS,64,6.2,305.1,8,D,0
23.599,92.2266,317.4,1.1,1.1,2014-03-30,0703,Aqua,MODIS,55,6.2,304.2,8.4,D,0
23.5972,92.2152,336.8,1.1,1.1,2014-03-30,0703,Aqua,MODIS,86,6.2,305.9,36.8,D,0
23.6386,92.2305,370.8,1.1,1.1,2014-03-30,0703,Aqua,MODIS,100,6.2,306.5,131.7,D,0
23.6369,92.2192,331.4,1.1,1.1,2014-03-30,0703,Aqua,MODIS,81,6.2,305.2,25.1,D,0
25.0704,89.6875,316.9,1.5,1.2,2014-03-30,0703,Aqua,MODIS,0,6.2,302,13.5,D,0
23.6435,92.2359,321.2,1.1,1.1,2014-03-30,0703,Aqua,MODIS,66,6.2,303.7,10.9,D,0
23.6416,92.2243,328,1.1,1.1,2014-03-30,0703,Aqua,MODIS,77,6.2,305.6,20,D,0
23.1425,92.0787,321.8,1.2,1.1,2014-03-30,0703,Aqua,MODIS,68,6.2,308.6,8.1,D,0
23.1408,92.0675,334.8,1.2,1.1,2014-03-30,0703,Aqua,MODIS,84,6.2,309.2,28,D,0
23.5543,89.4411,324.1,1.7,1.3,2014-03-30,0703,Aqua,MODIS,68,6.2,310.2,17.9,D,0
23.4587,91.9935,328.1,1.2,1.1,2014-03-30,0703,Aqua,MODIS,78,6.2,305.7,19.9,D,0
23.4625,92.2593,325,1.1,1.1,2014-03-30,0703,Aqua,MODIS,74,6.2,306.4,15.7,D,0
23.4482,92.2558,385,1.1,1.1,2014-03-30,0703,Aqua,MODIS,100,6.2,310.8,200.5,D,0
23.4388,92.2577,377.8,1.1,1.1,2014-03-30,0703,Aqua,MODIS,100,6.2,309.9,164.4,D,0
23.3325,92.1118,321.6,1.2,1.1,2014-03-30,0703,Aqua,MODIS,67,6.2,307.8,9,D,0
23.3882,92.1865,329.5,1.2,1.1,2014-03-30,0703,Aqua,MODIS,79,6.2,308.7,20.1,D,0
23.4067,92.2405,353.6,1.2,1.1,2014-03-30,0703,Aqua,MODIS,96,6.2,308.6,71.3,D,0
23.4049,92.2294,329.9,1.2,1.1,2014-03-30,0703,Aqua,MODIS,74,6.2,305.5,19.4,D,0
23.4031,92.2182,334.3,1.2,1.1,2014-03-30,0703,Aqua,MODIS,84,6.2,306.5,26.9,D,0
23.4162,92.2388,325,1.2,1.1,2014-03-30,0703,Aqua,MODIS,62,6.2,305,13.9,D,0
23.7217,92.1448,321.9,1.2,1.1,2014-03-30,0703,Aqua,MODIS,67,6.2,303.1,13,D,0
23.7199,92.1338,327.5,1.2,1.1,2014-03-30,0703,Aqua,MODIS,76,6.2,304.6,20.6,D,0
23.5346,91.9491,355.8,1.2,1.1,2014-03-30,0703,Aqua,MODIS,98,6.2,310.1,80.9,D,0
23.5364,91.9606,340.5,1.2,1.1,2014-03-30,0703,Aqua,MODIS,89,6.2,306.3,41.3,D,0
23.2637,91.7454,326.5,1.2,1.1,2014-03-30,0703,Aqua,MODIS,76,6.2,308,15.3,D,0
23.5382,91.9717,341.1,1.2,1.1,2014-03-30,0703,Aqua,MODIS,89,6.2,305.2,43.6,D,0
23.5634,91.9436,328.8,1.2,1.1,2014-03-30,0703,Aqua,MODIS,41,6.2,307,18.8,D,0
23.5538,91.9455,339.9,1.2,1.1,2014-03-30,0703,Aqua,MODIS,88,6.2,306.9,38.4,D,0
23.5574,91.9679,320,1.2,1.1,2014-03-30,0703,Aqua,MODIS,45,6.2,304.6,10.3,D,0
23.2915,92.2238,374.7,1.2,1.1,2014-03-30,0703,Aqua,MODIS,100,6.2,308.6,148.9,D,0
23.2897,92.2125,393.4,1.2,1.1,2014-03-30,0703,Aqua,MODIS,100,6.2,313.6,251.4,D,0
23.3028,92.233,324.9,1.2,1.1,2014-03-30,0703,Aqua,MODIS,46,6.2,305,13.7,D,0
23.301,92.2219,379.7,1.2,1.1,2014-03-30,0703,Aqua,MODIS,100,6.2,310.7,172.8,D,0
23.2992,92.2105,324.6,1.2,1.1,2014-03-30,0703,Aqua,MODIS,19,6.2,308.1,10.6,D,0
23.5116,92.0767,334.2,1.2,1.1,2014-03-30,0703,Aqua,MODIS,84,6.2,304.7,33.1,D,0
23.502,92.0785,326.6,1.2,1.1,2014-03-30,0703,Aqua,MODIS,76,6.2,304.6,20.6,D,0
23.4085,92.2519,337.7,1.1,1.1,2014-03-30,0703,Aqua,MODIS,87,6.2,307.5,34.2,D,0
23.4569,91.9823,362.1,1.2,1.1,2014-03-30,0703,Aqua,MODIS,100,6.2,307.9,102.7,D,0
23.4551,91.9713,326.5,1.2,1.1,2014-03-30,0703,Aqua,MODIS,76,6.2,305.7,14.9,D,0
23.4532,91.9596,339,1.2,1.1,2014-03-30,0703,Aqua,MODIS,88,6.2,307.7,36.6,D,0
23.4706,91.9444,328.8,1.2,1.1,2014-03-30,0703,Aqua,MODIS,78,6.2,306.2,17,D,0
23.484,91.9657,324.1,1.2,1.1,2014-03-30,0703,Aqua,MODIS,70,6.2,305.9,12.3,D,0
23.4821,91.954,389.5,1.2,1.1,2014-03-30,0703,Aqua,MODIS,100,6.2,310.2,235.7,D,0
23.4803,91.9425,378.3,1.2,1.1,2014-03-30,0703,Aqua,MODIS,100,6.2,308.3,170.8,D,0
23.4784,91.931,343.2,1.2,1.1,2014-03-30,0703,Aqua,MODIS,91,6.2,307.3,46.1,D,0
23.437,92.2465,343.6,1.1,1.1,2014-03-30,0703,Aqua,MODIS,91,6.2,306.7,47.5,D,0
23.4465,92.2446,358.5,1.1,1.1,2014-03-30,0703,Aqua,MODIS,99,6.2,308.4,86.6,D,0
23.4606,92.248,325.7,1.1,1.1,2014-03-30,0703,Aqua,MODIS,75,6.2,308,17,D,0
23.5534,92.2471,323.8,1.1,1.1,2014-03-30,0703,Aqua,MODIS,45,6.2,305.3,14.3,D,0
23.5478,92.2434,319.2,1.1,1.1,2014-03-30,0703,Aqua,MODIS,62,6.2,305,9.2,D,0
23.5157,92.2258,318.7,1.1,1.1,2014-03-30,0703,Aqua,MODIS,61,6.2,305.2,9.4,D,0
23.396,92.1738,322.5,1.2,1.1,2014-03-30,0703,Aqua,MODIS,69,6.2,306.4,11.4,D,0
23.4469,92.0426,334.6,1.2,1.1,2014-03-30,0703,Aqua,MODIS,84,6.2,306,31.2,D,0
23.4487,92.0539,339.4,1.2,1.1,2014-03-30,0703,Aqua,MODIS,88,6.2,304.2,40.6,D,0
23.4373,92.0444,319.1,1.2,1.1,2014-03-30,0703,Aqua,MODIS,45,6.2,304.3,7.7,D,0
23.4392,92.0557,321.3,1.2,1.1,2014-03-30,0703,Aqua,MODIS,56,6.2,303.8,10.5,D,0
23.4222,92.0294,318.8,1.2,1.1,2014-03-30,0703,Aqua,MODIS,29,6.2,304.5,6.3,D,0
23.4107,92.0199,332,1.2,1.1,2014-03-30,0703,Aqua,MODIS,82,6.2,305.5,24.2,D,0
23.4126,92.0313,341.9,1.2,1.1,2014-03-30,0703,Aqua,MODIS,90,6.2,306.9,44.2,D,0
23.3988,92.0688,328.2,1.2,1.1,2014-03-30,0703,Aqua,MODIS,78,6.2,305.4,18.8,D,0
23.4006,92.0801,329.8,1.2,1.1,2014-03-30,0703,Aqua,MODIS,80,6.2,305.9,21.9,D,0
23.3856,92.0482,332.4,1.2,1.1,2014-03-30,0703,Aqua,MODIS,82,6.2,306.7,23.8,D,0
23.3742,92.0385,323.2,1.2,1.1,2014-03-30,0703,Aqua,MODIS,71,6.2,306.4,10.1,D,0
23.376,92.05,323.6,1.2,1.1,2014-03-30,0703,Aqua,MODIS,71,6.2,306.9,10.4,D,0
23.409,92.2411,322.2,1.7,1.3,2014-03-30,1627,Terra,MODIS,100,6.2,296,38.6,N,0
23.4072,92.2252,313.5,1.7,1.3,2014-03-30,1627,Terra,MODIS,87,6.2,295.3,22.2,N,0
23.3462,92.2878,312.2,1.7,1.3,2014-03-30,1627,Terra,MODIS,84,6.2,295.7,19.9,N,0
23.0361,91.9636,314.4,1.6,1.2,2014-03-30,1627,Terra,MODIS,89,6.2,296.6,21.5,N,0
23.3444,92.2715,320.3,1.7,1.3,2014-03-30,1627,Terra,MODIS,100,6.2,296.5,34.6,N,0
22.9422,92.3484,307.7,1.7,1.3,2014-03-30,1627,Terra,MODIS,71,6.2,296.5,13.2,N,0
23.3403,92.2884,337.2,1,1,2014-03-31,0436,Terra,MODIS,87,6.2,303.6,30.1,D,0
21.8992,92.2387,344.1,1,1,2014-03-31,0436,Terra,MODIS,91,6.2,306.7,40.7,D,0
22.2244,92.4674,320.7,1,1,2014-03-31,0436,Terra,MODIS,68,6.2,303.3,8.8,D,0
22.8781,92.4159,319,1,1,2014-03-31,0436,Terra,MODIS,66,6.2,304.3,6.8,D,0
22.2229,92.4771,342.4,1,1,2014-03-31,0436,Terra,MODIS,90,6.2,304.3,38.6,D,0
21.9347,92.3102,318.9,1,1,2014-03-31,0436,Terra,MODIS,65,6.2,306.5,6.7,D,0
21.8817,92.3541,351.5,1,1,2014-03-31,0436,Terra,MODIS,96,6.2,306.1,56.9,D,0
22.2259,92.5179,326.1,1,1,2014-03-31,0436,Terra,MODIS,76,6.2,304.6,16.1,D,0
23.4114,92.2412,322.4,1,1,2014-03-31,0436,Terra,MODIS,60,6.2,303.8,10.2,D,0
23.8497,90.9332,328.9,1,1,2014-03-31,0436,Terra,MODIS,67,6.2,309.5,14,D,0
23.3819,89.1988,321.7,1.2,1.1,2014-03-31,0436,Terra,MODIS,41,6.2,307.8,10.1,D,0
21.8847,92.3346,337,1,1,2014-03-31,0436,Terra,MODIS,87,6.2,306.7,29.7,D,0
22.4986,92.4841,319.1,1,1,2014-03-31,0436,Terra,MODIS,64,6.2,304.8,6.1,D,0
21.5476,92.547,332.4,1,1,2014-03-31,0436,Terra,MODIS,83,6.2,305.6,23.4,D,0
21.8832,92.3443,395.8,1,1,2014-03-31,0436,Terra,MODIS,100,6.2,311.9,223.4,D,0
23.4989,92.2725,322.5,1,1,2014-03-31,0436,Terra,MODIS,71,6.2,301.9,13.8,D,0
23.3699,92.2737,322.2,1,1,2014-03-31,0436,Terra,MODIS,58,6.2,303.7,9.1,D,0
23.3417,92.2787,347.2,1,1,2014-03-31,0436,Terra,MODIS,93,6.2,303.4,47.6,D,0
23.561,92.2296,345.2,1,1,2014-03-31,0436,Terra,MODIS,92,6.2,302.8,45.9,D,0
22.2319,92.4787,321.9,1,1,2014-03-31,0436,Terra,MODIS,70,6.2,304.3,10.4,D,0
22.3943,92.2086,327.8,2.7,1.6,2014-03-31,0745,Aqua,MODIS,76,6.2,305.8,55.1,D,0
23.3397,92.2766,387.6,2.8,1.6,2014-03-31,0745,Aqua,MODIS,100,6.2,305.9,787.5,D,0
23.0366,91.8051,319.1,2.6,1.5,2014-03-31,0745,Aqua,MODIS,54,6.2,302.1,22.5,D,0
23.0342,91.7808,322.6,2.5,1.5,2014-03-31,0745,Aqua,MODIS,70,6.2,302.4,36.7,D,0
23.0437,91.7968,322.5,2.6,1.5,2014-03-31,0745,Aqua,MODIS,47,6.2,301.7,32.9,D,0
21.678,92.2236,321.3,2.6,1.6,2014-03-31,0745,Aqua,MODIS,55,6.2,304.3,28.3,D,0
21.9138,92.498,348.6,2.8,1.6,2014-03-31,0745,Aqua,MODIS,93,6.2,305.8,214.7,D,0
23.3372,92.2497,367.5,2.8,1.6,2014-03-31,0745,Aqua,MODIS,100,6.2,304.9,430.4,D,0
23.0415,92.3336,328.2,2.8,1.6,2014-03-31,0745,Aqua,MODIS,78,6.2,302.7,62.2,D,0
21.7775,92.3676,328.3,2.7,1.6,2014-03-31,0745,Aqua,MODIS,32,6.2,302.7,52,D,0
21.8182,92.3081,322.3,2.7,1.6,2014-03-31,0745,Aqua,MODIS,61,6.2,305.2,34.7,D,0
21.5563,92.2513,358.8,2.6,1.6,2014-03-31,0745,Aqua,MODIS,99,6.2,305.7,293.8,D,0
21.5538,92.2261,328.9,2.6,1.6,2014-03-31,0745,Aqua,MODIS,76,6.2,304.2,64.9,D,0
21.5602,92.2457,360.8,2.6,1.6,2014-03-31,0745,Aqua,MODIS,100,6.2,305.9,315.2,D,0
22.402,92.2258,321.8,2.7,1.6,2014-03-31,0745,Aqua,MODIS,66,6.2,305.5,30.3,D,0
23.3516,92.2481,322.3,2.8,1.6,2014-03-31,0745,Aqua,MODIS,39,6.2,300.9,40.7,D,0
21.8962,92.3147,362.7,2.7,1.6,2014-03-31,0745,Aqua,MODIS,100,6.2,305.2,344.6,D,0
21.5097,92.3558,324.8,2.7,1.6,2014-03-31,0745,Aqua,MODIS,31,6.2,303.5,43.8,D,0
21.558,92.3751,330.8,2.7,1.6,2014-03-31,0745,Aqua,MODIS,69,6.2,304.6,70.7,D,0
21.5549,92.3806,333,2.7,1.6,2014-03-31,0745,Aqua,MODIS,81,6.2,304.4,86.9,D,0
22.3996,92.1998,322.8,2.7,1.6,2014-03-31,0745,Aqua,MODIS,68,6.2,305.4,33.9,D,0
23.4107,92.2366,321.3,2.8,1.6,2014-03-31,0745,Aqua,MODIS,43,6.2,297.5,43.7,D,0
23.3217,91.9325,320.4,2.6,1.6,2014-03-31,0745,Aqua,MODIS,52,6.2,302.9,27.9,D,0
22.8223,92.3657,321.8,2.8,1.6,2014-03-31,0745,Aqua,MODIS,54,6.2,304.4,30.6,D,0
21.916,92.5214,321.9,2.8,1.6,2014-03-31,0745,Aqua,MODIS,54,6.2,302.1,40.4,D,0
22.5827,92.3809,323.8,2.8,1.6,2014-03-31,0745,Aqua,MODIS,71,6.2,305.3,39.3,D,0
21.6919,92.2217,329.7,2.6,1.6,2014-03-31,0745,Aqua,MODIS,76,6.2,304.3,67,D,0
21.7443,92.3215,331.6,2.7,1.6,2014-03-31,0745,Aqua,MODIS,71,6.2,304.6,71.7,D,0
23.5002,92.0579,315.8,2.7,1.6,2014-03-31,0745,Aqua,MODIS,43,6.2,298.5,27.5,D,0
21.5388,92.5105,324.5,2.8,1.6,2014-03-31,0745,Aqua,MODIS,68,6.2,300.7,54.2,D,0
21.3885,92.3849,322,2.7,1.6,2014-03-31,0745,Aqua,MODIS,19,6.2,300.6,38.3,D,0
23.3859,91.8163,327.2,2.6,1.5,2014-03-31,0745,Aqua,MODIS,77,6.2,304.3,53,D,0
22.8179,92.3425,321.9,2.8,1.6,2014-03-31,0745,Aqua,MODIS,67,6.2,305.3,34.9,D,0
22.8206,92.3708,320.1,2.8,1.6,2014-03-31,0745,Aqua,MODIS,63,6.2,304.3,26.3,D,0
21.5717,92.4051,330.9,2.7,1.6,2014-03-31,0745,Aqua,MODIS,78,6.2,304.3,75.2,D,0
21.5691,92.3791,328.3,2.7,1.6,2014-03-31,0745,Aqua,MODIS,59,6.2,304.9,58.9,D,0
21.5628,92.4272,328.8,2.7,1.6,2014-03-31,0745,Aqua,MODIS,75,6.2,303.5,68.9,D,0
21.5625,92.4571,330.4,2.7,1.6,2014-03-31,0745,Aqua,MODIS,78,6.2,300.9,77.2,D,0
21.5604,92.4016,329.7,2.7,1.6,2014-03-31,0745,Aqua,MODIS,58,6.2,304.1,64.3,D,0
22.4503,92.4336,333.9,2.8,1.6,2014-03-31,0745,Aqua,MODIS,83,6.2,305.9,89,D,0
21.56,92.4323,341.1,2.7,1.6,2014-03-31,0745,Aqua,MODIS,88,6.2,303.7,150.6,D,0
21.565,92.4521,333,2.7,1.6,2014-03-31,0745,Aqua,MODIS,81,6.2,301.3,93.7,D,0
21.7476,92.3162,338.5,2.7,1.6,2014-03-31,0745,Aqua,MODIS,86,6.2,305,111.9,D,0
22.3004,92.43,321.2,2.8,1.6,2014-03-31,0745,Aqua,MODIS,65,6.2,305.1,29.2,D,0
22.2985,92.4351,320.3,2.8,1.6,2014-03-31,0745,Aqua,MODIS,63,6.2,305.3,25.9,D,0
21.78,92.3915,358.9,2.7,1.6,2014-03-31,0745,Aqua,MODIS,99,6.2,302.5,300.4,D,0
21.4584,92.4768,352.8,2.7,1.6,2014-03-31,0745,Aqua,MODIS,96,6.2,302.4,252.1,D,0
21.7584,92.3198,329.9,2.7,1.6,2014-03-31,0745,Aqua,MODIS,45,6.2,305.5,58.9,D,0
21.4442,92.4788,356.1,2.7,1.6,2014-03-31,0745,Aqua,MODIS,98,6.2,304.1,281.4,D,0
21.43,92.4804,330.1,2.7,1.6,2014-03-31,0745,Aqua,MODIS,77,6.2,303.9,78.5,D,0
23.4656,92.2039,332.5,2.8,1.6,2014-03-31,0745,Aqua,MODIS,82,6.2,298.3,100.7,D,0
23.4696,92.196,332.3,2.8,1.6,2014-03-31,0745,Aqua,MODIS,82,6.2,298.1,98.2,D,0
21.8206,92.3332,325.1,2.7,1.6,2014-03-31,0745,Aqua,MODIS,69,6.2,305.1,48.6,D,0
23.372,91.818,320.6,2.6,1.5,2014-03-31,0745,Aqua,MODIS,55,6.2,305,24.8,D,0
22.4048,92.4122,323.2,2.8,1.6,2014-03-31,0745,Aqua,MODIS,69,6.2,306.2,35.3,D,0
21.8258,92.3251,326,2.7,1.6,2014-03-31,0745,Aqua,MODIS,71,6.2,305.1,51.3,D,0
22.4736,92.5088,327.7,2.8,1.6,2014-03-31,0745,Aqua,MODIS,76,6.2,305.5,56.2,D,0
22.4725,92.514,328.8,2.8,1.6,2014-03-31,0745,Aqua,MODIS,78,6.2,305.6,64,D,0
22.7094,92.472,325.5,2.8,1.6,2014-03-31,0745,Aqua,MODIS,74,6.2,304.6,51.8,D,0
21.4193,92.4068,323.4,2.7,1.6,2014-03-31,0745,Aqua,MODIS,52,6.2,301.6,44.8,D,0
22.5933,92.3881,326.3,2.8,1.6,2014-03-31,0745,Aqua,MODIS,74,6.2,304.9,51.4,D,0
23.0899,92.3149,324.2,2.8,1.6,2014-03-31,0745,Aqua,MODIS,47,6.2,302.3,43.1,D,0
23.0861,92.3228,323.6,2.8,1.6,2014-03-31,0745,Aqua,MODIS,44,6.2,302.7,40.7,D,0
21.5703,92.2497,335.3,2.6,1.6,2014-03-31,0745,Aqua,MODIS,83,6.2,304.6,98.3,D,0
21.5742,92.244,337,2.6,1.6,2014-03-31,0745,Aqua,MODIS,85,6.2,304.5,108.4,D,0
21.5718,92.2189,326.4,2.6,1.6,2014-03-31,0745,Aqua,MODIS,69,6.2,304.1,50.4,D,0
21.5882,92.2423,321.2,2.6,1.6,2014-03-31,0745,Aqua,MODIS,53,6.2,304.9,29.9,D,0
23.1408,91.8826,324,2.6,1.6,2014-03-31,0745,Aqua,MODIS,68,6.2,304.6,36.6,D,0
22.4697,92.4843,321.1,2.8,1.6,2014-03-31,0745,Aqua,MODIS,61,6.2,304.8,25,D,0
22.4529,92.4608,336.9,2.8,1.6,2014-03-31,0745,Aqua,MODIS,86,6.2,306.1,110.4,D,0
23.2379,92.323,337.7,2.8,1.6,2014-03-31,0745,Aqua,MODIS,87,6.2,304.7,126.4,D,0
21.8822,92.3174,326.6,2.7,1.6,2014-03-31,0745,Aqua,MODIS,72,6.2,303.8,53.6,D,0
23.2235,92.3245,325.1,2.8,1.6,2014-03-31,0745,Aqua,MODIS,55,6.2,303.8,50,D,0
21.5416,92.539,323.5,2.8,1.6,2014-03-31,0745,Aqua,MODIS,66,6.2,301.7,49.5,D,0
21.4204,92.5319,319.9,2.8,1.6,2014-03-31,0745,Aqua,MODIS,48,6.2,301.6,34.1,D,0
21.7418,92.296,335.5,2.7,1.6,2014-03-31,0745,Aqua,MODIS,83,6.2,305,95.9,D,0
21.7452,92.2906,330.1,2.7,1.6,2014-03-31,0745,Aqua,MODIS,65,6.2,305,62.7,D,0
21.7688,92.3898,342.6,2.7,1.6,2014-03-31,0745,Aqua,MODIS,89,6.2,302.4,150.8,D,0
21.9245,92.3122,318.2,2.7,1.6,2014-03-31,0745,Aqua,MODIS,35,6.2,303,19.6,D,0
23.2211,92.2974,320.6,2.8,1.6,2014-03-31,0745,Aqua,MODIS,64,6.2,303.3,32.2,D,0
21.8844,92.3414,324.9,2.7,1.6,2014-03-31,0745,Aqua,MODIS,69,6.2,302.5,46.1,D,0
23.2187,92.2709,323.5,2.8,1.6,2014-03-31,0745,Aqua,MODIS,69,6.2,303.8,45.7,D,0
23.3241,91.958,349.7,2.7,1.6,2014-03-31,0745,Aqua,MODIS,95,6.2,299.7,211.2,D,0
23.3662,91.9534,321.3,2.7,1.6,2014-03-31,0745,Aqua,MODIS,63,6.2,300.8,33.2,D,0
23.3278,91.9523,336.4,2.7,1.6,2014-03-31,0745,Aqua,MODIS,86,6.2,300.4,110.4,D,0
21.7828,92.3862,344.3,2.7,1.6,2014-03-31,0745,Aqua,MODIS,90,6.2,302.1,161.6,D,0
23.4341,91.9586,323.2,2.7,1.6,2014-03-31,0745,Aqua,MODIS,64,6.2,299,44.1,D,0
23.0881,91.9008,322.5,2.6,1.6,2014-03-31,0745,Aqua,MODIS,56,6.2,303.6,31.5,D,0
23.4034,92.1561,323.3,2.8,1.6,2014-03-31,0745,Aqua,MODIS,40,6.2,299.9,52.4,D,0
23.0363,92.2804,330,2.8,1.6,2014-03-31,0745,Aqua,MODIS,60,6.2,303.5,71.6,D,0
21.4323,92.5052,320,2.8,1.6,2014-03-31,0745,Aqua,MODIS,29,6.2,302,33.9,D,0
21.4181,92.507,328.8,2.8,1.6,2014-03-31,0745,Aqua,MODIS,76,6.2,303.1,76.5,D,0
21.771,92.4138,323.4,2.7,1.6,2014-03-31,0745,Aqua,MODIS,37,6.2,300.8,38.9,D,0
22.6359,92.484,321.2,2.8,1.6,2014-03-31,0745,Aqua,MODIS,65,6.2,305.1,26.8,D,0
23.0092,91.9593,322.7,2.6,1.6,2014-03-31,0745,Aqua,MODIS,46,6.2,304.3,29.5,D,0
23.0231,91.9576,332.8,2.6,1.6,2014-03-31,0745,Aqua,MODIS,83,6.2,303.6,77.9,D,0
22.4593,92.1879,319.2,2.7,1.6,2014-03-31,0745,Aqua,MODIS,56,6.2,304.3,23.6,D,0
23.0829,91.9188,323.2,2.6,1.6,2014-03-31,0745,Aqua,MODIS,72,6.2,303.7,34.9,D,0
21.5778,92.324,320,2.7,1.6,2014-03-31,0745,Aqua,MODIS,53,6.2,303.4,26,D,0
23.5007,92.2193,361.6,2.8,1.6,2014-03-31,0745,Aqua,MODIS,100,6.2,300.4,362.4,D,0
23.0383,92.2755,327.6,2.8,1.6,2014-03-31,0745,Aqua,MODIS,49,6.2,303.2,54.3,D,0
23.0406,92.3011,394,2.8,1.6,2014-03-31,0745,Aqua,MODIS,100,6.2,308.9,917.3,D,0
23.0431,92.3284,352.9,2.8,1.6,2014-03-31,0745,Aqua,MODIS,96,6.2,303,247.3,D,0
23.0263,92.3027,320.6,2.8,1.6,2014-03-31,0745,Aqua,MODIS,41,6.2,303.3,27.8,D,0
21.4559,92.451,335.9,2.7,1.6,2014-03-31,0745,Aqua,MODIS,84,6.2,303.7,110.3,D,0
21.4389,92.4242,327.1,2.7,1.6,2014-03-31,0745,Aqua,MODIS,73,6.2,303.1,61,D,0
21.4416,92.4524,326.1,2.7,1.6,2014-03-31,0745,Aqua,MODIS,72,6.2,302.9,52.9,D,0
21.4247,92.4254,340.9,2.7,1.6,2014-03-31,0745,Aqua,MODIS,88,6.2,303,147.5,D,0
21.4218,92.4309,337.9,2.7,1.6,2014-03-31,0745,Aqua,MODIS,86,6.2,303.2,123.6,D,0
23.1363,91.8879,322.1,2.6,1.6,2014-03-31,0745,Aqua,MODIS,70,6.2,304.8,31.4,D,0
23.1339,91.863,320.6,2.6,1.5,2014-03-31,0745,Aqua,MODIS,67,6.2,303.8,24.9,D,0
21.8987,92.3408,325.1,2.7,1.6,2014-03-31,0745,Aqua,MODIS,57,6.2,301.8,43.5,D,0
21.5677,92.2245,333.9,2.6,1.6,2014-03-31,0745,Aqua,MODIS,82,6.2,304.5,90.5,D,0
23.0493,92.0853,336.1,2.7,1.6,2014-03-31,0745,Aqua,MODIS,86,6.2,302.4,110.3,D,0
23.0013,92.0703,331.1,2.7,1.6,2014-03-31,0745,Aqua,MODIS,81,6.2,299.3,78.2,D,0
22.9929,92.0921,321.3,2.7,1.6,2014-03-31,0745,Aqua,MODIS,44,6.2,302,31.4,D,0
22.9907,92.0668,322.6,2.7,1.6,2014-03-31,0745,Aqua,MODIS,65,6.2,300.7,36.1,D,0
21.9282,92.4966,332,2.8,1.6,2014-03-31,0745,Aqua,MODIS,80,6.2,305.9,88,D,0
23.0387,92.3057,403.8,2.8,1.6,2014-03-31,0745,Aqua,MODIS,100,6.2,309.2,1177.1,D,0
22.8848,92.4138,324.1,2.8,1.6,2014-03-31,0745,Aqua,MODIS,68,6.2,304.1,47.6,D,0
23.1869,92.1173,317.1,2.7,1.6,2014-03-31,0745,Aqua,MODIS,54,6.2,298.9,16,D,0
22.2147,92.4683,323.3,2.8,1.6,2014-03-31,0745,Aqua,MODIS,70,6.2,304,43,D,0
22.2252,92.4741,323.1,2.8,1.6,2014-03-31,0745,Aqua,MODIS,69,6.2,304.2,42.3,D,0
21.4274,92.4857,331.3,2.7,1.6,2014-03-31,0745,Aqua,MODIS,79,6.2,303.9,85.2,D,0
23.1899,92.1122,318.1,2.7,1.6,2014-03-31,0745,Aqua,MODIS,59,6.2,299.8,20.3,D,0
22.8703,92.4151,326.3,2.8,1.6,2014-03-31,0745,Aqua,MODIS,71,6.2,304.7,56.3,D,0
21.5214,92.3297,331.3,2.7,1.6,2014-03-31,0745,Aqua,MODIS,73,6.2,304.6,73,D,0
21.5051,92.3075,341,2.7,1.6,2014-03-31,0745,Aqua,MODIS,88,6.2,304.4,131.8,D,0
21.5074,92.332,351.1,2.7,1.6,2014-03-31,0745,Aqua,MODIS,95,6.2,304.7,216.9,D,0
23.1265,91.7872,324.9,2.6,1.5,2014-03-31,0745,Aqua,MODIS,74,6.2,301.5,45.3,D,0
21.6896,92.198,322.3,2.6,1.6,2014-03-31,0745,Aqua,MODIS,55,6.2,303.8,33.4,D,0
21.4157,92.5125,333.7,2.8,1.6,2014-03-31,0745,Aqua,MODIS,82,6.2,303.2,103.7,D,0
23.3491,92.2217,324.3,2.8,1.6,2014-03-31,0745,Aqua,MODIS,70,6.2,299,50.3,D,0
23.0026,91.94,324.6,2.6,1.6,2014-03-31,0745,Aqua,MODIS,38,6.2,304.1,33.8,D,0
23.5621,92.2325,317.3,2.8,1.6,2014-03-31,0746,Aqua,MODIS,53,6.2,299,33.6,D,0
23.713,91.9425,325.6,2.7,1.6,2014-03-31,0746,Aqua,MODIS,68,6.2,303.3,50.9,D,0
23.6682,91.9203,332.6,2.7,1.6,2014-03-31,0746,Aqua,MODIS,82,6.2,302.7,92.5,D,0
23.6823,91.9187,327,2.7,1.6,2014-03-31,0746,Aqua,MODIS,76,6.2,302.6,65.5,D,0
23.7165,91.9373,334,2.7,1.6,2014-03-31,0746,Aqua,MODIS,83,6.2,304,93.7,D,0
23.6688,92.2411,316.4,2.8,1.6,2014-03-31,0746,Aqua,MODIS,45,6.2,298.3,30.5,D,0
23.6653,92.25,320.4,2.8,1.6,2014-03-31,0746,Aqua,MODIS,59,6.2,298.7,45.5,D,0
23.6401,91.9236,335.2,2.7,1.6,2014-03-31,0746,Aqua,MODIS,75,6.2,302.3,104.6,D,0
23.5604,92.2379,316.3,2.8,1.6,2014-03-31,0746,Aqua,MODIS,48,6.2,299.1,29.9,D,0
23.6542,91.922,354.3,2.7,1.6,2014-03-31,0746,Aqua,MODIS,97,6.2,304,258.2,D,0
23.4502,92.2185,320.4,4.3,1.9,2014-04-01,0518,Terra,MODIS,73,6.2,292.4,108.5,D,0
23.4532,92.2243,326.1,4.3,1.9,2014-04-01,0518,Terra,MODIS,79,6.2,292.5,157.3,D,0
23.4415,92.2582,334.1,4.3,1.9,2014-04-01,0518,Terra,MODIS,86,6.2,292.1,245.6,D,0
23.4443,92.264,333.5,4.3,1.9,2014-04-01,0518,Terra,MODIS,85,6.2,291.8,237.3,D,0
23.3402,92.2333,317.5,4.3,1.9,2014-04-01,0518,Terra,MODIS,69,6.2,292.1,77.1,D,0
22.4146,92.465,319.2,4.7,2,2014-04-01,0519,Terra,MODIS,73,6.2,293.3,102,D,0
22.4243,92.4199,313.1,4.7,2,2014-04-01,0519,Terra,MODIS,63,6.2,294.1,51.9,D,0
22.4138,92.4707,316.9,4.7,2,2014-04-01,0519,Terra,MODIS,70,6.2,293.2,80.1,D,0
21.5348,92.096,312.4,4.7,2,2014-04-01,0519,Terra,MODIS,58,6.2,292.2,51.5,D,0
21.5352,92.0896,312.3,4.7,2,2014-04-01,0519,Terra,MODIS,53,6.2,292.4,51.5,D,0
22.3448,92.4471,316.9,4.7,2,2014-04-01,0519,Terra,MODIS,70,6.2,293.9,78.1,D,0
22.3455,92.4424,315.4,4.7,2,2014-04-01,0519,Terra,MODIS,56,6.2,293.9,61.7,D,0
22.4238,92.4262,315.5,4.7,2,2014-04-01,0519,Terra,MODIS,67,6.2,293.9,68.5,D,0
23.3384,92.226,313.7,4.3,1.9,2014-04-01,0519,Terra,MODIS,62,6.2,292.2,54.1,D,0
22.195,92.489,352.1,1.8,1.3,2014-04-01,0650,Aqua,MODIS,96,6.2,297.8,135.9,D,0
22.1834,92.4918,317.6,1.8,1.3,2014-04-01,0650,Aqua,MODIS,61,6.2,295.3,16.8,D,0
22.186,92.5064,317.8,1.8,1.3,2014-04-01,0650,Aqua,MODIS,61,6.2,295.8,17.9,D,0
23.5846,91.9415,351.4,1.8,1.3,2014-04-01,0650,Aqua,MODIS,96,6.2,295.8,138.5,D,0
23.2994,91.8343,317.8,1.9,1.3,2014-04-01,0650,Aqua,MODIS,43,6.2,297.9,13.1,D,0
23.284,91.8184,321,1.9,1.3,2014-04-01,0650,Aqua,MODIS,68,6.2,300.4,20.4,D,0
23.2875,91.837,327.5,1.9,1.3,2014-04-01,0650,Aqua,MODIS,81,6.2,298.4,38.5,D,0
23.4935,91.9476,334.9,1.8,1.3,2014-04-01,0650,Aqua,MODIS,87,6.2,297.2,62.8,D,0
23.5235,91.9773,332.9,1.8,1.3,2014-04-01,0650,Aqua,MODIS,85,6.2,299.4,56.2,D,0
23.5384,91.9922,319.1,1.8,1.3,2014-04-01,0650,Aqua,MODIS,23,6.2,299.3,19.7,D,0
23.5352,91.9748,346.4,1.8,1.3,2014-04-01,0650,Aqua,MODIS,93,6.2,300.4,111.2,D,0
22.3252,92.5186,325,1.8,1.3,2014-04-01,0650,Aqua,MODIS,76,6.2,291.8,33.1,D,0
23.5501,91.9896,372,1.8,1.3,2014-04-01,0650,Aqua,MODIS,100,6.2,298.7,276.8,D,0
23.5469,91.9722,396.8,1.8,1.3,2014-04-01,0650,Aqua,MODIS,100,6.2,300.5,548.7,D,0
23.4753,92.1576,338,1.8,1.3,2014-04-01,0650,Aqua,MODIS,89,6.2,299.1,72.8,D,0
21.7085,92.4246,327.2,1.9,1.3,2014-04-01,0650,Aqua,MODIS,78,6.2,295.4,41.1,D,0
21.7204,92.4228,347.4,1.9,1.3,2014-04-01,0650,Aqua,MODIS,93,6.2,297.4,117.9,D,0
21.7024,92.4177,325.4,1.9,1.3,2014-04-01,0650,Aqua,MODIS,75,6.2,296.3,34.7,D,0
21.7144,92.4159,355,1.9,1.3,2014-04-01,0650,Aqua,MODIS,97,6.2,298.1,159.9,D,0
23.4783,92.1742,349.4,1.8,1.3,2014-04-01,0650,Aqua,MODIS,95,6.2,299,119.4,D,0
23.4814,92.1912,344.2,1.8,1.3,2014-04-01,0650,Aqua,MODIS,92,6.2,298.2,92.8,D,0
23.4607,91.9433,325.1,1.9,1.3,2014-04-01,0650,Aqua,MODIS,79,6.2,300.1,31.4,D,0
23.4575,91.9254,327.7,1.9,1.3,2014-04-01,0650,Aqua,MODIS,77,6.2,300.9,38.8,D,0
23.4725,91.9407,354.4,1.9,1.3,2014-04-01,0650,Aqua,MODIS,97,6.2,299.4,152.2,D,0
23.4875,91.9562,319.3,1.8,1.3,2014-04-01,0650,Aqua,MODIS,58,6.2,297.8,20.3,D,0
23.4842,91.938,377.4,1.9,1.3,2014-04-01,0650,Aqua,MODIS,100,6.2,300.1,328.5,D,0
23.4667,91.9349,366.8,1.9,1.3,2014-04-01,0650,Aqua,MODIS,100,6.2,301.9,237.6,D,0
23.4818,91.9502,327.9,1.8,1.3,2014-04-01,0650,Aqua,MODIS,81,6.2,297.8,40.6,D,0
23.4785,91.9323,352.9,1.9,1.3,2014-04-01,0650,Aqua,MODIS,97,6.2,299.8,144.2,D,0
23.4205,92.1868,333.2,1.8,1.3,2014-04-01,0650,Aqua,MODIS,56,6.2,297.4,49.6,D,0
23.4269,92.2213,351.9,1.8,1.3,2014-04-01,0650,Aqua,MODIS,96,6.2,293.5,125.3,D,0
23.4253,92.1907,333.4,1.8,1.3,2014-04-01,0650,Aqua,MODIS,55,6.2,296.6,49.1,D,0
23.4315,92.2252,360.2,1.8,1.3,2014-04-01,0650,Aqua,MODIS,100,6.2,293.9,169.6,D,0
23.4053,92.2131,357.4,1.8,1.3,2014-04-01,0650,Aqua,MODIS,98,6.2,299.9,153.2,D,0
23.4084,92.2301,328.2,1.8,1.3,2014-04-01,0650,Aqua,MODIS,47,6.2,295,33.3,D,0
23.337,92.1031,324.6,1.8,1.3,2014-04-01,0650,Aqua,MODIS,64,6.2,300.5,27.9,D,0
23.5198,92.2714,326.6,1.8,1.3,2014-04-01,0650,Aqua,MODIS,41,6.2,297.1,34.1,D,0
23.5313,92.2689,421.7,1.8,1.3,2014-04-01,0650,Aqua,MODIS,100,6.2,304.9,904,D,0
23.5428,92.2665,370.5,1.8,1.3,2014-04-01,0650,Aqua,MODIS,100,6.2,294.7,247.1,D,0
23.5279,92.2629,374.6,1.8,1.3,2014-04-01,0650,Aqua,MODIS,100,6.2,301.7,279.8,D,0
23.5394,92.2604,373.7,1.8,1.3,2014-04-01,0650,Aqua,MODIS,94,6.2,297.2,268.3,D,0
23.551,92.2583,411.4,1.8,1.3,2014-04-01,0650,Aqua,MODIS,94,6.2,297.7,724.7,D,0
23.5625,92.2563,335.2,1.8,1.3,2014-04-01,0650,Aqua,MODIS,82,6.2,293.8,64.6,D,0
21.8393,92.3275,314.7,1.9,1.3,2014-04-01,0650,Aqua,MODIS,27,6.2,297,11.4,D,0
21.8428,92.347,338,1.9,1.3,2014-04-01,0650,Aqua,MODIS,87,6.2,297.1,78.9,D,0
21.8004,92.3164,327.4,1.9,1.3,2014-04-01,0650,Aqua,MODIS,78,6.2,297.8,41.1,D,0
21.8037,92.3344,319.1,1.9,1.3,2014-04-01,0650,Aqua,MODIS,34,6.2,295.3,19,D,0
21.5421,92.3525,313.6,1.9,1.3,2014-04-01,0650,Aqua,MODIS,12,6.2,294.4,10.5,D,0
21.5452,92.3696,319.9,1.9,1.3,2014-04-01,0650,Aqua,MODIS,62,6.2,295.4,23.2,D,0
21.5484,92.3869,338.4,1.9,1.3,2014-04-01,0650,Aqua,MODIS,88,6.2,296,81.7,D,0
21.5073,92.4024,347.8,1.9,1.3,2014-04-01,0650,Aqua,MODIS,94,6.2,297.3,124.3,D,0
21.486,92.3524,315.3,1.9,1.3,2014-04-01,0650,Aqua,MODIS,43,6.2,292.6,14.6,D,0
21.4955,92.4048,324.4,1.9,1.3,2014-04-01,0650,Aqua,MODIS,74,6.2,297.7,35.8,D,0
23.4435,92.2927,327.4,1.8,1.3,2014-04-01,0650,Aqua,MODIS,39,6.2,296.5,39.6,D,0
21.7919,92.3369,318.5,1.9,1.3,2014-04-01,0650,Aqua,MODIS,44,6.2,293.9,17.8,D,0
21.7245,92.3373,320.5,1.9,1.3,2014-04-01,0650,Aqua,MODIS,62,6.2,296.2,22.3,D,0
23.1297,92.0511,320.6,1.8,1.3,2014-04-01,0650,Aqua,MODIS,42,6.2,293.9,19.2,D,0
23.4585,91.9985,348.8,1.8,1.3,2014-04-01,0650,Aqua,MODIS,95,6.2,300.3,124.7,D,0
21.7515,92.3502,323.3,1.9,1.3,2014-04-01,0650,Aqua,MODIS,31,6.2,297.9,26.3,D,0
23.0445,92.0628,320.6,1.9,1.3,2014-04-01,0650,Aqua,MODIS,72,6.2,296.2,20.5,D,0
21.2741,92.6096,321.8,1.8,1.3,2014-04-01,0650,Aqua,MODIS,68,6.2,299.2,31.3,D,0
21.2773,92.6269,316.5,1.8,1.3,2014-04-01,0650,Aqua,MODIS,51,6.2,298.9,18.7,D,0
21.2801,92.6133,326.6,1.8,1.3,2014-04-01,0650,Aqua,MODIS,75,6.2,299.1,44.3,D,0
23.0497,92.0563,314.7,1.9,1.3,2014-04-01,0650,Aqua,MODIS,55,6.2,295,7.7,D,0
21.6436,92.2686,315.9,1.9,1.3,2014-04-01,0650,Aqua,MODIS,46,6.2,295.3,14.4,D,0
23.6472,92.2157,337.5,1.8,1.3,2014-04-01,0650,Aqua,MODIS,88,6.2,299.9,72.6,D,0
23.6505,92.2333,347.8,1.8,1.3,2014-04-01,0650,Aqua,MODIS,94,6.2,300.9,113.7,D,0
23.4878,92.2262,351.7,1.8,1.3,2014-04-01,0650,Aqua,MODIS,96,6.2,297.8,130.3,D,0
23.4668,92.1767,322.9,1.8,1.3,2014-04-01,0650,Aqua,MODIS,59,6.2,298.7,26.7,D,0
23.7144,91.9418,349.5,1.8,1.3,2014-04-01,0650,Aqua,MODIS,95,6.2,300,128.2,D,0
23.5597,92.2407,330.2,1.8,1.3,2014-04-01,0650,Aqua,MODIS,83,6.2,296.6,49.4,D,0
23.5447,92.2241,344.4,1.8,1.3,2014-04-01,0650,Aqua,MODIS,92,6.2,298,97.1,D,0
23.5481,92.2425,370.6,1.8,1.3,2014-04-01,0650,Aqua,MODIS,100,6.2,298.7,248.9,D,0
23.5365,92.2446,335,1.8,1.3,2014-04-01,0650,Aqua,MODIS,75,6.2,296.6,57.5,D,0
23.5369,92.2333,337.2,1.8,1.3,2014-04-01,0650,Aqua,MODIS,79,6.2,297.4,67.8,D,0
22.2979,92.4343,334.2,1.8,1.3,2014-04-01,0650,Aqua,MODIS,44,6.2,287,47.7,D,0
22.2836,92.4222,333.3,1.8,1.3,2014-04-01,0650,Aqua,MODIS,70,6.2,287.3,45.2,D,0
22.272,92.4248,369.8,1.8,1.3,2014-04-01,0650,Aqua,MODIS,100,6.2,294.6,244,D,0
22.2766,92.4304,357.3,1.8,1.3,2014-04-01,0650,Aqua,MODIS,98,6.2,292.3,160.2,D,0
21.6199,92.2746,325.5,1.9,1.3,2014-04-01,0650,Aqua,MODIS,55,6.2,296.8,34.7,D,0
21.8783,92.3667,316.9,1.9,1.3,2014-04-01,0650,Aqua,MODIS,54,6.2,298,14,D,0
21.6115,92.161,320.4,1.9,1.4,2014-04-01,0650,Aqua,MODIS,68,6.2,294.6,29.7,D,0
23.54,92.2507,358.4,1.8,1.3,2014-04-01,0650,Aqua,MODIS,99,6.2,297.6,165.2,D,0
23.5285,92.2531,343.6,1.8,1.3,2014-04-01,0650,Aqua,MODIS,92,6.2,296.5,88.2,D,0
23.5107,92.2207,339.6,1.8,1.3,2014-04-01,0650,Aqua,MODIS,90,6.2,294.9,76.9,D,0
23.5139,92.2384,356.1,1.8,1.3,2014-04-01,0650,Aqua,MODIS,98,6.2,298.2,151.6,D,0
21.6406,92.2526,316.7,1.9,1.4,2014-04-01,0650,Aqua,MODIS,55,6.2,295.3,17.1,D,0
22.19,92.4859,335,1.8,1.3,2014-04-01,0650,Aqua,MODIS,85,6.2,297,62,D,0
23.4461,92.24,337,1.8,1.3,2014-04-01,0650,Aqua,MODIS,72,6.2,294.8,65.5,D,0
23.5169,92.2553,347.6,1.8,1.3,2014-04-01,0650,Aqua,MODIS,94,6.2,297.7,107.3,D,0
23.493,92.1889,328.6,1.8,1.3,2014-04-01,0650,Aqua,MODIS,36,6.2,295,39.3,D,0
23.4961,92.2061,367.5,1.8,1.3,2014-04-01,0650,Aqua,MODIS,100,6.2,294.7,226.3,D,0
23.443,92.2227,338.9,1.8,1.3,2014-04-01,0650,Aqua,MODIS,89,6.2,293.6,68.2,D,0
23.4992,92.2234,332.7,1.8,1.3,2014-04-01,0650,Aqua,MODIS,85,6.2,292.8,52.6,D,0
23.44,92.2055,328.4,1.8,1.3,2014-04-01,0650,Aqua,MODIS,40,6.2,293.8,36.2,D,0
23.103,91.908,325.9,1.9,1.3,2014-04-01,0650,Aqua,MODIS,79,6.2,295.5,40.4,D,0
23.1096,91.9133,328.9,1.9,1.3,2014-04-01,0650,Aqua,MODIS,81,6.2,293.8,49.1,D,0
23.1992,91.8635,333.8,1.9,1.3,2014-04-01,0650,Aqua,MODIS,85,6.2,298.7,60.7,D,0
23.4109,92.1354,336,1.8,1.3,2014-04-01,0650,Aqua,MODIS,80,6.2,299.4,62.2,D,0
23.4162,92.1394,326.3,1.8,1.3,2014-04-01,0650,Aqua,MODIS,41,6.2,298.7,32.9,D,0
23.4045,92.1418,334.2,1.8,1.3,2014-04-01,0650,Aqua,MODIS,85,6.2,298.9,56,D,0
23.4077,92.1594,383.5,1.8,1.3,2014-04-01,0650,Aqua,MODIS,100,6.2,300.3,365.1,D,0
23.4449,92.2534,323.5,1.8,1.3,2014-04-01,0650,Aqua,MODIS,53,6.2,293.2,29.6,D,0
21.8944,92.4983,351.1,1.8,1.3,2014-04-01,0650,Aqua,MODIS,95,6.2,298.6,135.2,D,0
23.4107,92.1762,341.1,1.8,1.3,2014-04-01,0650,Aqua,MODIS,83,6.2,298.5,73.8,D,0
23.3961,92.162,337.3,1.8,1.3,2014-04-01,0650,Aqua,MODIS,54,6.2,300.5,60.5,D,0
22.5564,92.3972,318.7,1.8,1.3,2014-04-01,0650,Aqua,MODIS,67,6.2,295,17.8,D,0
21.8922,92.5537,323.4,1.8,1.3,2014-04-01,0650,Aqua,MODIS,72,6.2,298.3,32.3,D,0
21.8953,92.5714,323.3,1.8,1.3,2014-04-01,0650,Aqua,MODIS,72,6.2,297.6,32.1,D,0
23.45,92.0187,327.2,1.8,1.3,2014-04-01,0650,Aqua,MODIS,81,6.2,298.9,40.5,D,0
23.4266,92.0237,326.4,1.8,1.3,2014-04-01,0650,Aqua,MODIS,58,6.2,298.5,37.7,D,0
23.4298,92.0412,328.8,1.8,1.3,2014-04-01,0650,Aqua,MODIS,82,6.2,298.8,44,D,0
23.433,92.0586,322.2,1.8,1.3,2014-04-01,0650,Aqua,MODIS,73,6.2,298.8,26.5,D,0
23.4065,92.0464,358.8,1.8,1.3,2014-04-01,0650,Aqua,MODIS,99,6.2,299.6,174.8,D,0
23.4097,92.0637,336.3,1.8,1.3,2014-04-01,0650,Aqua,MODIS,83,6.2,298.7,64,D,0
23.398,92.0662,339.4,1.8,1.3,2014-04-01,0650,Aqua,MODIS,90,6.2,299.3,78.1,D,0
23.4123,92.0499,328,1.8,1.3,2014-04-01,0650,Aqua,MODIS,49,6.2,298.5,41.3,D,0
23.4006,92.0526,364.7,1.8,1.3,2014-04-01,0650,Aqua,MODIS,100,6.2,300.3,220.1,D,0
23.4037,92.0699,344.6,1.8,1.3,2014-04-01,0650,Aqua,MODIS,92,6.2,299.5,100.3,D,0
21.6081,92.2779,318,1.9,1.3,2014-04-01,0650,Aqua,MODIS,51,6.2,296.5,18.3,D,0
21.611,92.2939,319.9,1.9,1.3,2014-04-01,0650,Aqua,MODIS,62,6.2,299,22.4,D,0
21.6068,92.2999,319.8,1.9,1.3,2014-04-01,0650,Aqua,MODIS,37,6.2,299.3,21.5,D,0
21.5561,92.2934,321.7,1.9,1.3,2014-04-01,0650,Aqua,MODIS,70,6.2,296.6,29.2,D,0
23.1957,91.8447,331,1.9,1.3,2014-04-01,0650,Aqua,MODIS,74,6.2,298.7,51.4,D,0
23.2111,91.861,318.1,1.9,1.3,2014-04-01,0650,Aqua,MODIS,47,6.2,295.2,16.5,D,0
23.2077,91.8423,323.9,1.9,1.3,2014-04-01,0650,Aqua,MODIS,77,6.2,294.8,31,D,0
21.9254,92.3564,330.7,1.9,1.3,2014-04-01,0650,Aqua,MODIS,81,6.2,296.9,52.7,D,0
23.4416,92.2359,336.9,1.8,1.3,2014-04-01,0650,Aqua,MODIS,88,6.2,294.7,68.4,D,0
23.3804,92.0752,333.9,1.8,1.3,2014-04-01,0650,Aqua,MODIS,65,6.2,298,57.4,D,0
23.3571,92.0804,321.8,1.8,1.3,2014-04-01,0650,Aqua,MODIS,33,6.2,299,24.1,D,0
22.8123,91.9384,319.7,1.9,1.3,2014-04-01,0650,Aqua,MODIS,48,6.2,294,22.4,D,0
22.2803,92.4041,330.3,1.8,1.3,2014-04-01,0650,Aqua,MODIS,65,6.2,289.4,37,D,0
22.7577,92.0148,314.5,1.9,1.3,2014-04-01,0650,Aqua,MODIS,54,6.2,294.7,13.7,D,0
23.4353,92.2015,327.7,1.8,1.3,2014-04-01,0650,Aqua,MODIS,59,6.2,293.6,34.9,D,0
23.4532,92.2335,337.1,1.8,1.3,2014-04-01,0650,Aqua,MODIS,88,6.2,295.6,67.5,D,0
21.901,92.4895,328.6,1.8,1.3,2014-04-01,0650,Aqua,MODIS,79,6.2,298.4,43.8,D,0
21.3638,92.4573,323.2,1.9,1.3,2014-04-01,0650,Aqua,MODIS,72,6.2,297.3,34.4,D,0
21.3669,92.4744,319.7,1.9,1.3,2014-04-01,0650,Aqua,MODIS,65,6.2,296.6,26.6,D,0
21.7464,92.3899,336,1.9,1.3,2014-04-01,0650,Aqua,MODIS,86,6.2,297.8,65.7,D,0
21.7501,92.4102,323.6,1.9,1.3,2014-04-01,0650,Aqua,MODIS,66,6.2,297.6,29.1,D,0
21.7169,92.4029,333,1.9,1.3,2014-04-01,0650,Aqua,MODIS,84,6.2,297.3,58.8,D,0
21.7049,92.4045,321.1,1.9,1.3,2014-04-01,0650,Aqua,MODIS,69,6.2,297,25.5,D,0
21.3498,92.1769,327.7,2,1.4,2014-04-01,0650,Aqua,MODIS,79,6.2,298.7,47.3,D,0
23.45,92.2164,327.9,1.8,1.3,2014-04-01,0650,Aqua,MODIS,41,6.2,295.4,34.3,D,0
23.4552,92.1793,335.5,1.8,1.3,2014-04-01,0650,Aqua,MODIS,85,6.2,299.7,60,D,0
22.4121,92.4232,333.4,1.8,1.3,2014-04-01,0650,Aqua,MODIS,84,6.2,295.8,50.1,D,0
22.4003,92.4251,328.2,1.8,1.3,2014-04-01,0650,Aqua,MODIS,43,6.2,296.1,32.5,D,0
22.2919,92.4013,330.6,1.8,1.3,2014-04-01,0650,Aqua,MODIS,58,6.2,289.1,35.4,D,0
22.6704,92.3128,323,1.8,1.3,2014-04-01,0650,Aqua,MODIS,74,6.2,298.6,28.2,D,0
22.6673,92.2956,337.1,1.8,1.3,2014-04-01,0650,Aqua,MODIS,83,6.2,299.5,71.9,D,0
22.724,92.4774,317.1,1.8,1.3,2014-04-01,0650,Aqua,MODIS,64,6.2,298.1,14.4,D,0
22.4958,92.504,331.5,1.8,1.3,2014-04-01,0650,Aqua,MODIS,83,6.2,296,49,D,0
22.9922,92.1114,318.7,1.8,1.3,2014-04-01,0650,Aqua,MODIS,69,6.2,295.9,19,D,0
22.3153,92.3969,355.7,1.8,1.3,2014-04-01,0650,Aqua,MODIS,98,6.2,294.3,146.5,D,0
22.3676,92.3782,322.1,1.8,1.3,2014-04-01,0650,Aqua,MODIS,45,6.2,297.1,20.7,D,0
22.4026,92.3707,326.9,1.8,1.3,2014-04-01,0650,Aqua,MODIS,56,6.2,296.4,32.5,D,0
22.359,92.4388,336,1.8,1.3,2014-04-01,0650,Aqua,MODIS,57,6.2,297.5,54.3,D,0
21.9161,92.305,314.1,1.9,1.3,2014-04-01,0650,Aqua,MODIS,23,6.2,295.7,10.9,D,0
22.3259,92.3205,315.5,1.8,1.3,2014-04-01,0650,Aqua,MODIS,11,6.2,291.6,10,D,0
22.2735,92.4129,367.5,1.8,1.3,2014-04-01,0650,Aqua,MODIS,100,6.2,295.1,230.2,D,0
22.0744,92.5373,332.3,1.8,1.3,2014-04-01,0650,Aqua,MODIS,83,6.2,298.7,57.2,D,0
22.2992,92.3077,327.2,1.8,1.3,2014-04-01,0650,Aqua,MODIS,79,6.2,293.7,39.7,D,0
22.9963,92.3153,358,1.8,1.3,2014-04-01,0650,Aqua,MODIS,99,6.2,298.3,166.4,D,0
22.9954,92.3267,322.7,1.8,1.3,2014-04-01,0650,Aqua,MODIS,74,6.2,296.7,25.8,D,0
22.9921,92.3089,346.2,1.8,1.3,2014-04-01,0650,Aqua,MODIS,93,6.2,298.7,105.6,D,0
23.007,92.3244,313.5,1.8,1.3,2014-04-01,0650,Aqua,MODIS,16,6.2,295.6,7.1,D,0
22.3859,92.5228,326.2,1.8,1.3,2014-04-01,0650,Aqua,MODIS,54,6.2,291.5,31.4,D,0
22.3815,92.5195,334.9,1.8,1.3,2014-04-01,0650,Aqua,MODIS,86,6.2,292.1,58.6,D,0
21.8391,92.5685,321.4,1.8,1.3,2014-04-01,0650,Aqua,MODIS,69,6.2,299.5,25.2,D,0
21.8362,92.5522,329.4,1.8,1.3,2014-04-01,0650,Aqua,MODIS,80,6.2,299.5,46.4,D,0
21.8337,92.5644,329,1.8,1.3,2014-04-01,0650,Aqua,MODIS,79,6.2,299.9,45.7,D,0
21.8309,92.5489,319.7,1.8,1.3,2014-04-01,0650,Aqua,MODIS,66,6.2,299.2,21.7,D,0
21.8478,92.509,345.1,1.8,1.3,2014-04-01,0650,Aqua,MODIS,92,6.2,300.4,104.6,D,0
23.0037,92.3066,324,1.8,1.3,2014-04-01,0650,Aqua,MODIS,76,6.2,295.2,29.7,D,0
22.3651,92.4731,335.3,1.8,1.3,2014-04-01,0650,Aqua,MODIS,71,6.2,292.8,51.5,D,0
23.2832,92.3171,343.8,1.8,1.3,2014-04-01,0650,Aqua,MODIS,91,6.2,292.7,99.9,D,0
22.1927,92.5005,365.3,1.8,1.3,2014-04-01,0650,Aqua,MODIS,100,6.2,298.7,216.5,D,0
22.1977,92.5042,350.1,1.8,1.3,2014-04-01,0650,Aqua,MODIS,95,6.2,298.2,125.1,D,0
23.339,92.268,310.5,1.1,1,2014-04-01,1615,Terra,MODIS,80,6.2,295.3,9.9,N,0
23.3254,92.1616,316.1,1.1,1,2014-04-01,1615,Terra,MODIS,93,6.2,295.7,14.7,N,0
23.9246,89.6369,320.7,1.8,1.3,2014-04-02,0423,Terra,MODIS,55,6.2,306,13.6,D,0
22.3454,92.0665,315.5,1.2,1.1,2014-04-02,0424,Terra,MODIS,44,6.2,300.3,6.6,D,0
22.0375,92.5612,330.1,1.1,1.1,2014-04-02,0424,Terra,MODIS,76,6.2,300,25.2,D,0
22.869,92.3722,320.7,1.2,1.1,2014-04-02,0424,Terra,MODIS,65,6.2,302.4,9.8,D,0
22.9468,91.9986,323.9,1.2,1.1,2014-04-02,0424,Terra,MODIS,74,6.2,302.3,13.9,D,0
22.1508,92.2498,317.4,1.2,1.1,2014-04-02,0424,Terra,MODIS,58,6.2,299.1,6.9,D,0
21.7086,92.3673,328.6,1.6,1.2,2014-04-02,0733,Aqua,MODIS,76,6.2,301.6,28.9,D,0
21.7543,92.5664,362.5,1.7,1.3,2014-04-02,0733,Aqua,MODIS,100,6.2,303.5,173.8,D,0
21.7655,92.564,323.7,1.7,1.3,2014-04-02,0733,Aqua,MODIS,58,6.2,300.7,22.8,D,0
21.7631,92.5588,323.6,1.7,1.3,2014-04-02,0733,Aqua,MODIS,35,6.2,300.8,21.6,D,0
21.5631,92.4913,352.3,1.6,1.3,2014-04-02,0733,Aqua,MODIS,96,6.2,298.2,116.8,D,0
22.0378,92.5597,326.9,1.7,1.3,2014-04-02,0733,Aqua,MODIS,74,6.2,302.5,31.5,D,0
22.0368,92.5535,324.3,1.7,1.3,2014-04-02,0733,Aqua,MODIS,70,6.2,303.2,26.5,D,0
21.935,92.4515,336.5,1.6,1.3,2014-04-02,0733,Aqua,MODIS,85,6.2,301.2,54.3,D,0
21.955,92.5256,330.3,1.7,1.3,2014-04-02,0733,Aqua,MODIS,75,6.2,299.4,38.7,D,0
21.953,92.5084,341.7,1.7,1.3,2014-04-02,0733,Aqua,MODIS,89,6.2,300.2,73.5,D,0
21.9498,92.4804,340.5,1.6,1.3,2014-04-02,0733,Aqua,MODIS,88,6.2,305.9,66.7,D,0
21.9462,92.4497,322.3,1.6,1.3,2014-04-02,0733,Aqua,MODIS,62,6.2,298.5,18.6,D,0
21.9331,92.4459,324.7,1.6,1.3,2014-04-02,0733,Aqua,MODIS,71,6.2,300.7,23.7,D,0
21.9525,92.5192,331.2,1.7,1.3,2014-04-02,0733,Aqua,MODIS,76,6.2,299.1,40,D,0
21.9508,92.5032,329.3,1.7,1.3,2014-04-02,0733,Aqua,MODIS,76,6.2,300.3,34.5,D,0
21.9477,92.4753,332.6,1.6,1.3,2014-04-02,0733,Aqua,MODIS,77,6.2,305.1,40.2,D,0
21.9606,92.4883,349.1,1.7,1.3,2014-04-02,0733,Aqua,MODIS,94,6.2,304.5,99.2,D,0
21.9591,92.4741,336.5,1.6,1.3,2014-04-02,0733,Aqua,MODIS,79,6.2,306.4,50.1,D,0
21.9315,92.3244,340.8,1.6,1.2,2014-04-02,0733,Aqua,MODIS,88,6.2,299.5,67,D,0
21.9304,92.3181,335,1.6,1.2,2014-04-02,0733,Aqua,MODIS,84,6.2,300.4,49.8,D,0
21.9416,92.3167,322.5,1.6,1.2,2014-04-02,0733,Aqua,MODIS,40,6.2,299.8,18.2,D,0
21.7823,92.321,338.3,1.6,1.2,2014-04-02,0733,Aqua,MODIS,86,6.2,303.1,56,D,0
22.9541,92.0857,321.1,1.6,1.2,2014-04-02,0733,Aqua,MODIS,67,6.2,303.1,12.7,D,0
22.738,91.9868,347.4,1.6,1.2,2014-04-02,0733,Aqua,MODIS,93,6.2,303.2,87.8,D,0
22.7363,91.9718,329.2,1.6,1.2,2014-04-02,0733,Aqua,MODIS,78,6.2,302.3,30.2,D,0
21.9522,92.4117,338.7,1.6,1.3,2014-04-02,0733,Aqua,MODIS,87,6.2,302.6,59.2,D,0
21.9765,92.4247,322.6,1.6,1.3,2014-04-02,0733,Aqua,MODIS,58,6.2,304.1,14.8,D,0
21.9772,92.5338,344.8,1.7,1.3,2014-04-02,0733,Aqua,MODIS,91,6.2,304.2,85.2,D,0
21.4117,92.4725,333.9,1.6,1.3,2014-04-02,0733,Aqua,MODIS,82,6.2,299.2,44.2,D,0
21.436,92.4852,330.8,1.6,1.3,2014-04-02,0733,Aqua,MODIS,63,6.2,301.8,36.5,D,0
21.4472,92.4835,325.6,1.6,1.3,2014-04-02,0733,Aqua,MODIS,72,6.2,301.5,26.5,D,0
22.0952,92.2595,327.5,1.6,1.2,2014-04-02,0733,Aqua,MODIS,76,6.2,300.7,27.5,D,0
22.0934,92.2436,328.1,1.6,1.2,2014-04-02,0733,Aqua,MODIS,77,6.2,302.6,28.3,D,0
22.0943,92.2532,330.8,1.6,1.2,2014-04-02,0733,Aqua,MODIS,80,6.2,301.4,36,D,0
22.1521,92.2634,323.9,1.6,1.2,2014-04-02,0733,Aqua,MODIS,70,6.2,303.1,19.5,D,0
22.1504,92.2479,321.5,1.6,1.2,2014-04-02,0733,Aqua,MODIS,65,6.2,303.2,14.2,D,0
21.7998,92.4755,341.2,1.6,1.3,2014-04-02,0733,Aqua,MODIS,89,6.2,303.9,64.7,D,0
21.8129,92.49,346.3,1.6,1.3,2014-04-02,0733,Aqua,MODIS,92,6.2,305.3,85.7,D,0
21.8111,92.4741,325,1.6,1.3,2014-04-02,0733,Aqua,MODIS,56,6.2,303.3,18.1,D,0
21.5561,92.431,341.6,1.6,1.3,2014-04-02,0733,Aqua,MODIS,89,6.2,301.3,67.2,D,0
21.4808,92.4786,344.1,1.6,1.3,2014-04-02,0733,Aqua,MODIS,91,6.2,301.4,83.8,D,0
21.4826,92.4868,331.6,1.6,1.3,2014-04-02,0733,Aqua,MODIS,80,6.2,300.7,44.8,D,0
21.481,92.4719,325.9,1.6,1.3,2014-04-02,0733,Aqua,MODIS,72,6.2,301.1,29.3,D,0
21.5259,92.4656,319.8,1.6,1.3,2014-04-02,0733,Aqua,MODIS,44,6.2,300.8,13.5,D,0
21.5242,92.4505,320.7,1.6,1.3,2014-04-02,0733,Aqua,MODIS,47,6.2,301.7,14.5,D,0
21.7225,92.1955,352.7,1.6,1.2,2014-04-02,0733,Aqua,MODIS,96,6.2,299.4,106.2,D,0
21.7208,92.1811,342.2,1.6,1.2,2014-04-02,0733,Aqua,MODIS,89,6.2,301.6,65.9,D,0
21.7335,92.1938,323.5,1.6,1.2,2014-04-02,0733,Aqua,MODIS,62,6.2,301.1,16.4,D,0
21.7226,92.1901,353.1,1.6,1.2,2014-04-02,0733,Aqua,MODIS,96,6.2,301,109.4,D,0
22.3122,92.457,332.5,1.7,1.3,2014-04-02,0733,Aqua,MODIS,82,6.2,303.6,42.7,D,0
22.323,92.467,347.9,1.7,1.3,2014-04-02,0733,Aqua,MODIS,93,6.2,304.7,95.5,D,0
22.3212,92.4507,326.7,1.7,1.3,2014-04-02,0733,Aqua,MODIS,61,6.2,303.2,26.7,D,0
22.3344,92.4657,353.7,1.7,1.3,2014-04-02,0733,Aqua,MODIS,96,6.2,304.7,119.6,D,0
22.3458,92.4641,327.8,1.7,1.3,2014-04-02,0733,Aqua,MODIS,75,6.2,304.2,23.7,D,0
21.8705,92.2869,342.6,1.6,1.2,2014-04-02,0733,Aqua,MODIS,90,6.2,303.1,72,D,0
21.8688,92.2718,327.9,1.6,1.2,2014-04-02,0733,Aqua,MODIS,76,6.2,302.7,28.2,D,0
21.8817,92.2856,320.6,1.6,1.2,2014-04-02,0733,Aqua,MODIS,54,6.2,302.6,12.8,D,0
21.8713,92.1948,323.9,1.6,1.2,2014-04-02,0733,Aqua,MODIS,70,6.2,302.8,19.5,D,0
22.4328,92.317,335.4,1.6,1.3,2014-04-02,0733,Aqua,MODIS,84,6.2,304.2,48.8,D,0
22.431,92.3008,331.6,1.6,1.3,2014-04-02,0733,Aqua,MODIS,81,6.2,303.9,37.1,D,0
21.4983,92.4227,330.7,1.6,1.2,2014-04-02,0733,Aqua,MODIS,79,6.2,300.4,38.4,D,0
21.5112,92.4368,327.1,1.6,1.3,2014-04-02,0733,Aqua,MODIS,69,6.2,301.6,27.3,D,0
21.5095,92.4213,328,1.6,1.2,2014-04-02,0733,Aqua,MODIS,71,6.2,301.5,29.8,D,0
21.5543,92.4159,327.1,1.6,1.2,2014-04-02,0733,Aqua,MODIS,54,6.2,301,25,D,0
21.4624,92.4187,325.1,1.6,1.2,2014-04-02,0733,Aqua,MODIS,71,6.2,300.7,26.6,D,0
22.6502,92.4226,327.3,1.7,1.3,2014-04-02,0733,Aqua,MODIS,76,6.2,306,25.6,D,0
22.1079,92.3687,333.6,1.6,1.3,2014-04-02,0733,Aqua,MODIS,82,6.2,302.5,43.2,D,0
22.1062,92.3534,360.9,1.6,1.3,2014-04-02,0733,Aqua,MODIS,100,6.2,305.5,155.8,D,0
22.1044,92.3379,324.4,1.6,1.3,2014-04-02,0733,Aqua,MODIS,68,6.2,303.3,20.2,D,0
22.1174,92.3519,346.9,1.6,1.3,2014-04-02,0733,Aqua,MODIS,93,6.2,303.4,86.2,D,0
22.1156,92.3365,327,1.6,1.3,2014-04-02,0733,Aqua,MODIS,43,6.2,303,23.2,D,0
22.1064,92.3634,346.2,1.6,1.3,2014-04-02,0733,Aqua,MODIS,92,6.2,303.5,84.3,D,0
22.1047,92.3479,337,1.6,1.3,2014-04-02,0733,Aqua,MODIS,86,6.2,304.7,51.3,D,0
22.1176,92.3618,326.4,1.6,1.3,2014-04-02,0733,Aqua,MODIS,39,6.2,303.1,22.7,D,0
22.1159,92.3464,345.6,1.6,1.3,2014-04-02,0733,Aqua,MODIS,92,6.2,303.6,79.7,D,0
22.1254,92.3294,320.8,1.6,1.3,2014-04-02,0733,Aqua,MODIS,16,6.2,302.8,11.4,D,0
22.135,92.3127,324.8,1.6,1.3,2014-04-02,0733,Aqua,MODIS,67,6.2,304,20.3,D,0
22.187,92.369,328,1.6,1.3,2014-04-02,0733,Aqua,MODIS,76,6.2,305.1,29.3,D,0
21.3793,92.4819,326.1,1.6,1.3,2014-04-02,0733,Aqua,MODIS,68,6.2,298.9,28.5,D,0
21.3704,92.4049,364.5,1.6,1.2,2014-04-02,0733,Aqua,MODIS,100,6.2,303.2,178.9,D,0
21.3906,92.4805,344.4,1.6,1.3,2014-04-02,0733,Aqua,MODIS,91,6.2,298.4,82.5,D,0
21.3887,92.4645,326.6,1.6,1.3,2014-04-02,0733,Aqua,MODIS,74,6.2,299.2,30,D,0
21.4,92.4636,350.6,1.6,1.3,2014-04-02,0733,Aqua,MODIS,95,6.2,299.5,107.9,D,0
21.3892,92.4749,341,1.6,1.3,2014-04-02,0733,Aqua,MODIS,88,6.2,299.3,69,D,0
21.4005,92.474,333,1.6,1.3,2014-04-02,0733,Aqua,MODIS,70,6.2,298.6,40.8,D,0
21.3988,92.4583,338.8,1.6,1.3,2014-04-02,0733,Aqua,MODIS,87,6.2,298.9,60,D,0
22.8269,92.3714,327.5,1.7,1.3,2014-04-02,0733,Aqua,MODIS,72,6.2,305.2,27.7,D,0
22.8251,92.3552,334.7,1.7,1.3,2014-04-02,0733,Aqua,MODIS,84,6.2,307.4,46.1,D,0
21.902,92.5657,318.5,1.7,1.3,2014-04-02,0733,Aqua,MODIS,18,6.2,299.2,14.7,D,0
21.41,92.4567,323.4,1.6,1.3,2014-04-02,0733,Aqua,MODIS,39,6.2,297.8,19.8,D,0
21.4212,92.4557,339.4,1.6,1.3,2014-04-02,0733,Aqua,MODIS,87,6.2,300.5,62.5,D,0
21.4193,92.4389,342.5,1.6,1.2,2014-04-02,0733,Aqua,MODIS,90,6.2,300.4,73.1,D,0
22.3116,92.4682,350.6,1.7,1.3,2014-04-02,0733,Aqua,MODIS,95,6.2,304.9,109.1,D,0
22.2649,92.4458,357.1,1.7,1.3,2014-04-02,0733,Aqua,MODIS,98,6.2,298.1,141.1,D,0
22.2631,92.4301,361.9,1.7,1.3,2014-04-02,0733,Aqua,MODIS,100,6.2,301.8,167.1,D,0
22.1205,92.4776,344.1,1.7,1.3,2014-04-02,0733,Aqua,MODIS,91,6.2,304.4,83.5,D,0
22.1319,92.4764,340.6,1.7,1.3,2014-04-02,0733,Aqua,MODIS,88,6.2,304.2,68,D,0
22.1182,92.4721,324,1.7,1.3,2014-04-02,0733,Aqua,MODIS,70,6.2,303.6,20.2,D,0
22.1313,92.4865,361.2,1.7,1.3,2014-04-02,0733,Aqua,MODIS,100,6.2,305.7,159.5,D,0
22.1296,92.4711,327.7,1.7,1.3,2014-04-02,0733,Aqua,MODIS,60,6.2,303.7,27.1,D,0
21.957,92.5424,322.6,1.7,1.3,2014-04-02,0733,Aqua,MODIS,47,6.2,302.2,22.1,D,0
21.8235,92.5833,360.2,1.7,1.3,2014-04-02,0733,Aqua,MODIS,100,6.2,305.5,161.4,D,0
21.8349,92.5824,345.6,1.7,1.3,2014-04-02,0733,Aqua,MODIS,92,6.2,304.3,91.2,D,0
21.869,92.5774,318.9,1.7,1.3,2014-04-02,0733,Aqua,MODIS,41,6.2,299.9,14.6,D,0
21.9036,92.5802,338.8,1.7,1.3,2014-04-02,0733,Aqua,MODIS,87,6.2,299.7,68,D,0
21.9545,92.537,327.6,1.7,1.3,2014-04-02,0733,Aqua,MODIS,70,6.2,299.9,33.2,D,0
23.244,89.4247,323.4,1.1,1.1,2014-04-02,0733,Aqua,MODIS,54,6.2,307.4,8.8,D,0
21.9789,92.5494,369.4,1.7,1.3,2014-04-02,0733,Aqua,MODIS,100,6.2,305.5,220.4,D,0
23.3658,92.2096,324.3,1.7,1.3,2014-04-02,0733,Aqua,MODIS,25,6.2,299.9,21.4,D,0
23.3641,92.1934,330.8,1.6,1.3,2014-04-02,0733,Aqua,MODIS,81,6.2,297.9,37.3,D,0
23.3754,92.1919,325.1,1.6,1.3,2014-04-02,0733,Aqua,MODIS,56,6.2,298,22.6,D,0
23.1381,92.3053,359.5,1.7,1.3,2014-04-02,0733,Aqua,MODIS,99,6.2,304.5,155.7,D,0
23.1364,92.2892,349.6,1.7,1.3,2014-04-02,0733,Aqua,MODIS,94,6.2,304.3,104.3,D,0
22.7187,91.7193,320.8,1.5,1.2,2014-04-02,0733,Aqua,MODIS,65,6.2,302.9,11.4,D,0
22.6542,91.6752,323.1,1.5,1.2,2014-04-02,0733,Aqua,MODIS,70,6.2,303,18.4,D,0
21.5614,92.4767,348.6,1.6,1.3,2014-04-02,0733,Aqua,MODIS,94,6.2,299.4,98.7,D,0
21.5726,92.4751,327.8,1.6,1.3,2014-04-02,0733,Aqua,MODIS,75,6.2,299.7,32.4,D,0
21.5708,92.4597,322.3,1.6,1.3,2014-04-02,0733,Aqua,MODIS,65,6.2,299.4,18.3,D,0
21.569,92.4445,337.8,1.6,1.3,2014-04-02,0733,Aqua,MODIS,86,6.2,300.8,57.4,D,0
21.5727,92.4849,335,1.6,1.3,2014-04-02,0733,Aqua,MODIS,83,6.2,299.3,52.3,D,0
21.5711,92.47,327.6,1.6,1.3,2014-04-02,0733,Aqua,MODIS,59,6.2,299.8,29.6,D,0
21.5694,92.4543,331.1,1.6,1.3,2014-04-02,0733,Aqua,MODIS,79,6.2,299.9,38.8,D,0
21.5677,92.4393,323.8,1.6,1.3,2014-04-02,0733,Aqua,MODIS,24,6.2,300.9,19.7,D,0
22.9606,91.9448,327.5,1.6,1.2,2014-04-02,0733,Aqua,MODIS,77,6.2,307.1,19.6,D,0
22.9589,91.9299,325.9,1.6,1.2,2014-04-02,0733,Aqua,MODIS,43,6.2,305.8,16.6,D,0
22.4394,92.1753,323.9,1.6,1.2,2014-04-02,0733,Aqua,MODIS,68,6.2,303.9,16.8,D,0
21.595,92.2784,325.6,1.6,1.2,2014-04-02,0733,Aqua,MODIS,52,6.2,299.5,22.6,D,0
21.5933,92.2643,323.6,1.6,1.2,2014-04-02,0733,Aqua,MODIS,58,6.2,298.9,19.7,D,0
21.6028,92.2486,326,1.6,1.2,2014-04-02,0733,Aqua,MODIS,51,6.2,296.9,22.9,D,0
21.6011,92.2339,328.9,1.6,1.2,2014-04-02,0733,Aqua,MODIS,71,6.2,300.3,30.4,D,0
21.7712,92.3225,331.4,1.6,1.2,2014-04-02,0733,Aqua,MODIS,80,6.2,302.9,36.2,D,0
21.7695,92.3071,337.5,1.6,1.2,2014-04-02,0733,Aqua,MODIS,86,6.2,303.3,52.9,D,0
21.7677,92.2919,329.9,1.6,1.2,2014-04-02,0733,Aqua,MODIS,78,6.2,302.5,31.5,D,0
21.8266,92.4093,320.1,1.6,1.3,2014-04-02,0733,Aqua,MODIS,17,6.2,300.5,14.6,D,0
21.505,92.2828,327.5,1.6,1.2,2014-04-02,0733,Aqua,MODIS,75,6.2,300.5,26.8,D,0
21.5033,92.2679,326.1,1.6,1.2,2014-04-02,0733,Aqua,MODIS,73,6.2,301,24,D,0
21.5144,92.2664,328.7,1.6,1.2,2014-04-02,0733,Aqua,MODIS,77,6.2,300.4,30,D,0
21.5127,92.2514,320.7,1.6,1.2,2014-04-02,0733,Aqua,MODIS,61,6.2,301,13.9,D,0
21.551,92.2912,339.3,1.6,1.2,2014-04-02,0733,Aqua,MODIS,87,6.2,298.2,57.3,D,0
21.5493,92.2767,331,1.6,1.2,2014-04-02,0733,Aqua,MODIS,80,6.2,300.2,35.6,D,0
21.5621,92.2893,336.8,1.6,1.2,2014-04-02,0733,Aqua,MODIS,85,6.2,299.9,51.5,D,0
21.5604,92.2752,331.5,1.6,1.2,2014-04-02,0733,Aqua,MODIS,80,6.2,300.1,38.3,D,0
21.5587,92.2604,338.4,1.6,1.2,2014-04-02,0733,Aqua,MODIS,87,6.2,300.6,58.4,D,0
21.5508,92.2859,337,1.6,1.2,2014-04-02,0733,Aqua,MODIS,85,6.2,299.4,52,D,0
21.5492,92.2713,326.2,1.6,1.2,2014-04-02,0733,Aqua,MODIS,54,6.2,300.1,25.2,D,0
21.5618,92.2842,336.7,1.6,1.2,2014-04-02,0733,Aqua,MODIS,85,6.2,300.3,51.7,D,0
21.5602,92.2698,333.7,1.6,1.2,2014-04-02,0733,Aqua,MODIS,82,6.2,300.1,43.9,D,0
21.5586,92.2549,326.9,1.6,1.2,2014-04-02,0733,Aqua,MODIS,74,6.2,300.4,28,D,0
21.4014,92.3801,318.4,1.6,1.2,2014-04-02,0733,Aqua,MODIS,28,6.2,298.6,13.7,D,0
22.9291,91.9639,331.9,1.6,1.2,2014-04-02,0733,Aqua,MODIS,82,6.2,307.4,32.9,D,0
22.9274,91.9491,335.4,1.6,1.2,2014-04-02,0733,Aqua,MODIS,85,6.2,308.5,41.6,D,0
21.9505,92.3963,327,1.6,1.3,2014-04-02,0733,Aqua,MODIS,75,6.2,303.4,28.1,D,0
22.5154,92.3496,323.2,1.6,1.3,2014-04-02,0733,Aqua,MODIS,47,6.2,304.2,15.7,D,0
22.57,92.3263,351.9,1.6,1.3,2014-04-02,0733,Aqua,MODIS,95,6.2,306.9,110.4,D,0
22.5682,92.3106,323.7,1.6,1.3,2014-04-02,0733,Aqua,MODIS,37,6.2,305,16.2,D,0
22.5664,92.2949,325.6,1.6,1.3,2014-04-02,0733,Aqua,MODIS,68,6.2,305.3,22.2,D,0
22.5646,92.2793,326.6,1.6,1.3,2014-04-02,0733,Aqua,MODIS,69,6.2,305.3,24.4,D,0
22.5585,92.3213,323.6,1.6,1.3,2014-04-02,0733,Aqua,MODIS,66,6.2,305.3,17.4,D,0
22.5715,92.3351,336.1,1.6,1.3,2014-04-02,0733,Aqua,MODIS,85,6.2,304.8,50.3,D,0
22.5698,92.3196,342.9,1.6,1.3,2014-04-02,0733,Aqua,MODIS,90,6.2,306.9,71.7,D,0
22.5663,92.2882,332,1.6,1.3,2014-04-02,0733,Aqua,MODIS,81,6.2,305.9,37.9,D,0
21.9842,92.3919,322.4,1.6,1.3,2014-04-02,0733,Aqua,MODIS,57,6.2,302.6,15.5,D,0
23.0804,92.3034,332,1.7,1.3,2014-04-02,0733,Aqua,MODIS,82,6.2,304.6,37.5,D,0
23.0787,92.2878,352.3,1.7,1.3,2014-04-02,0733,Aqua,MODIS,96,6.2,308,111.8,D,0
23.09,92.2864,335.3,1.7,1.3,2014-04-02,0733,Aqua,MODIS,85,6.2,306.5,47.4,D,0
23.1032,92.301,334.8,1.7,1.3,2014-04-02,0733,Aqua,MODIS,81,6.2,304.1,45.9,D,0
23.1014,92.285,364.4,1.7,1.3,2014-04-02,0733,Aqua,MODIS,100,6.2,308.5,178.1,D,0
23.1023,92.2941,352.7,1.7,1.3,2014-04-02,0733,Aqua,MODIS,96,6.2,306.3,116.2,D,0
23.1006,92.2781,339.6,1.7,1.3,2014-04-02,0733,Aqua,MODIS,88,6.2,307.2,60.6,D,0
21.8093,92.4585,353.8,1.6,1.3,2014-04-02,0733,Aqua,MODIS,96,6.2,304.9,118.5,D,0
22.1923,92.4154,326.2,1.6,1.3,2014-04-02,0733,Aqua,MODIS,73,6.2,303.4,25.5,D,0
22.2162,92.4213,322,1.6,1.3,2014-04-02,0733,Aqua,MODIS,66,6.2,302.9,18.2,D,0
22.0151,92.5628,322.9,1.7,1.3,2014-04-02,0733,Aqua,MODIS,63,6.2,303,22,D,0
22.0265,92.5613,337.2,1.7,1.3,2014-04-02,0733,Aqua,MODIS,85,6.2,306.7,61.4,D,0
23.3553,92.1032,334.9,1.6,1.3,2014-04-02,0733,Aqua,MODIS,80,6.2,302.3,46.1,D,0
23.3566,92.0183,324.8,1.6,1.2,2014-04-02,0733,Aqua,MODIS,61,6.2,302.9,20.6,D,0
23.3683,92.1177,334.2,1.6,1.3,2014-04-02,0733,Aqua,MODIS,84,6.2,302.3,46.9,D,0
23.3555,92.1137,327.2,1.6,1.3,2014-04-02,0733,Aqua,MODIS,57,6.2,303.2,28.3,D,0
23.3685,92.1283,328.7,1.6,1.3,2014-04-02,0733,Aqua,MODIS,79,6.2,303.2,32.3,D,0
23.3668,92.1124,326.3,1.6,1.3,2014-04-02,0733,Aqua,MODIS,52,6.2,302,25.6,D,0
23.589,91.9585,339.7,1.6,1.2,2014-04-02,0733,Aqua,MODIS,88,6.2,301.4,63.9,D,0
21.7583,92.3087,320.4,1.6,1.2,2014-04-02,0733,Aqua,MODIS,40,6.2,300.7,10.7,D,0
21.6974,92.3686,322.2,1.6,1.2,2014-04-02,0733,Aqua,MODIS,62,6.2,301.2,15.7,D,0
21.4758,92.3393,332.9,1.6,1.2,2014-04-02,0733,Aqua,MODIS,82,6.2,299.4,43.3,D,0
21.5007,92.3435,342.2,1.6,1.2,2014-04-02,0733,Aqua,MODIS,89,6.2,298.3,70.7,D,0
21.5172,92.389,333,1.6,1.2,2014-04-02,0733,Aqua,MODIS,82,6.2,300.5,43.4,D,0
21.5118,92.3418,339.3,1.6,1.2,2014-04-02,0733,Aqua,MODIS,87,6.2,301.1,61.5,D,0
22.3161,92.4905,328.7,1.7,1.3,2014-04-02,0733,Aqua,MODIS,67,6.2,303,32.1,D,0
22.3265,92.4992,352,1.7,1.3,2014-04-02,0733,Aqua,MODIS,96,6.2,305.2,119.4,D,0
22.282,92.4947,344.6,1.7,1.3,2014-04-02,0733,Aqua,MODIS,89,6.2,304.2,83.9,D,0
22.3142,92.474,352.6,1.7,1.3,2014-04-02,0733,Aqua,MODIS,96,6.2,305,117,D,0
22.3135,92.4852,332.6,1.7,1.3,2014-04-02,0733,Aqua,MODIS,82,6.2,303.2,42.4,D,0
22.3249,92.4838,347.4,1.7,1.3,2014-04-02,0733,Aqua,MODIS,93,6.2,305.5,93.8,D,0
22.3363,92.4825,358.1,1.7,1.3,2014-04-02,0733,Aqua,MODIS,99,6.2,305.2,142.6,D,0
22.3476,92.481,384.4,1.7,1.3,2014-04-02,0733,Aqua,MODIS,100,6.2,308.9,334.1,D,0
22.359,92.479,340.7,1.7,1.3,2014-04-02,0733,Aqua,MODIS,89,6.2,307.8,63.9,D,0
22.3704,92.4776,326.8,1.7,1.3,2014-04-02,0733,Aqua,MODIS,72,6.2,305.3,24,D,0
22.3397,92.5132,319.3,1.7,1.3,2014-04-02,0733,Aqua,MODIS,41,6.2,302,15.6,D,0
22.338,92.4981,349.5,1.7,1.3,2014-04-02,0733,Aqua,MODIS,94,6.2,305,107.9,D,0
22.3494,92.4966,333.9,1.7,1.3,2014-04-02,0733,Aqua,MODIS,83,6.2,303.5,46.8,D,0
22.3607,92.4946,342.1,1.7,1.3,2014-04-02,0733,Aqua,MODIS,90,6.2,305,73.4,D,0
22.3721,92.4931,331.4,1.7,1.3,2014-04-02,0733,Aqua,MODIS,80,6.2,304.2,39.7,D,0
21.4382,92.4051,337.1,1.6,1.2,2014-04-02,0733,Aqua,MODIS,85,6.2,300.4,55,D,0
21.8218,92.5686,334.1,1.7,1.3,2014-04-02,0733,Aqua,MODIS,82,6.2,304.6,49.2,D,0
21.8332,92.5673,326.5,1.7,1.3,2014-04-02,0733,Aqua,MODIS,72,6.2,304.5,28.5,D,0
21.8672,92.562,357.9,1.7,1.3,2014-04-02,0733,Aqua,MODIS,98,6.2,303.6,150.3,D,0
21.868,92.5713,342.8,1.7,1.3,2014-04-02,0733,Aqua,MODIS,90,6.2,301.3,82.1,D,0
21.8662,92.5549,340.5,1.7,1.3,2014-04-02,0733,Aqua,MODIS,88,6.2,302.9,73.4,D,0
21.7825,92.5256,346.4,1.7,1.3,2014-04-02,0733,Aqua,MODIS,92,6.2,300.6,90.5,D,0
21.7807,92.5099,337.8,1.6,1.3,2014-04-02,0733,Aqua,MODIS,86,6.2,300.7,58.2,D,0
21.7919,92.5076,344.1,1.6,1.3,2014-04-02,0733,Aqua,MODIS,91,6.2,302.9,78.4,D,0
23.4982,92.0559,352.9,1.6,1.3,2014-04-02,0733,Aqua,MODIS,88,6.2,301.3,118.8,D,0
23.493,92.0089,342.5,1.6,1.2,2014-04-02,0733,Aqua,MODIS,85,6.2,297.1,70.8,D,0
23.5094,92.0542,346,1.6,1.3,2014-04-02,0733,Aqua,MODIS,87,6.2,297.8,89.9,D,0
23.5076,92.0385,369.1,1.6,1.3,2014-04-02,0733,Aqua,MODIS,100,6.2,302.7,208.5,D,0
23.5059,92.0228,362.5,1.6,1.2,2014-04-02,0733,Aqua,MODIS,100,6.2,304.2,162.9,D,0
23.5171,92.0212,339.8,1.6,1.2,2014-04-02,0733,Aqua,MODIS,55,6.2,298,64.5,D,0
23.5153,92.0059,382.9,1.6,1.2,2014-04-02,0733,Aqua,MODIS,94,6.2,301.8,307.7,D,0
23.5283,92.0198,348.6,1.6,1.2,2014-04-02,0733,Aqua,MODIS,87,6.2,301.7,97.7,D,0
23.5265,92.0044,385.2,1.6,1.2,2014-04-02,0733,Aqua,MODIS,100,6.2,308,328.4,D,0
23.5395,92.0184,327.8,1.6,1.2,2014-04-02,0733,Aqua,MODIS,53,6.2,300.7,32.5,D,0
23.5377,92.0029,393,1.6,1.2,2014-04-02,0733,Aqua,MODIS,100,6.2,306.5,401.9,D,0
23.5271,92.0145,361.9,1.6,1.2,2014-04-02,0733,Aqua,MODIS,100,6.2,304.4,163.8,D,0
23.5254,91.9991,365,1.6,1.2,2014-04-02,0733,Aqua,MODIS,100,6.2,307.8,173.7,D,0
23.5383,92.0131,348.3,1.6,1.2,2014-04-02,0733,Aqua,MODIS,94,6.2,301.7,96.3,D,0
23.5366,91.9976,402.5,1.6,1.2,2014-04-02,0733,Aqua,MODIS,100,6.2,309.4,509.4,D,0
23.5581,92.0905,335.5,1.6,1.3,2014-04-02,0733,Aqua,MODIS,85,6.2,299.1,60.5,D,0
23.5564,92.0746,322.6,1.6,1.3,2014-04-02,0733,Aqua,MODIS,70,6.2,299.2,27.1,D,0
23.5512,92.027,345.8,1.6,1.3,2014-04-02,0733,Aqua,MODIS,92,6.2,302.5,90.5,D,0
23.5607,92.0102,327.7,1.6,1.2,2014-04-02,0733,Aqua,MODIS,73,6.2,300.6,32.4,D,0
23.559,91.9947,349.7,1.6,1.2,2014-04-02,0733,Aqua,MODIS,94,6.2,299.4,98.7,D,0
23.5573,91.9791,337.8,1.6,1.2,2014-04-02,0733,Aqua,MODIS,85,6.2,301.1,55,D,0
23.5247,91.989,346.2,1.6,1.2,2014-04-02,0733,Aqua,MODIS,87,6.2,301.9,83.3,D,0
23.5359,91.9874,381.3,1.6,1.2,2014-04-02,0733,Aqua,MODIS,100,6.2,306.7,288.6,D,0
23.5349,91.9821,346.6,1.6,1.2,2014-04-02,0733,Aqua,MODIS,93,6.2,304.7,82.3,D,0
23.299,92.1102,334.3,1.6,1.3,2014-04-02,0733,Aqua,MODIS,76,6.2,303.7,44.3,D,0
23.2973,92.0948,359.5,1.6,1.3,2014-04-02,0733,Aqua,MODIS,99,6.2,305.9,145.1,D,0
23.3085,92.0932,349.1,1.6,1.3,2014-04-02,0733,Aqua,MODIS,94,6.2,305.5,95.7,D,0
23.3538,92.0979,327.6,1.6,1.3,2014-04-02,0733,Aqua,MODIS,71,6.2,300.1,27.8,D,0
23.4459,92.0064,328.1,1.6,1.2,2014-04-02,0733,Aqua,MODIS,59,6.2,302.3,29.3,D,0
23.4465,91.9992,328.7,1.6,1.2,2014-04-02,0733,Aqua,MODIS,66,6.2,303.1,29.4,D,0
23.3393,92.2668,325.7,1.7,1.3,2014-04-02,0733,Aqua,MODIS,38,6.2,303.1,28.5,D,0
22.9914,91.8137,347.1,1.5,1.2,2014-04-02,0733,Aqua,MODIS,93,6.2,307.9,77.1,D,0
22.9897,91.7989,326,1.5,1.2,2014-04-02,0733,Aqua,MODIS,56,6.2,308.2,16.3,D,0
23.5624,92.0258,321.7,1.6,1.3,2014-04-02,0733,Aqua,MODIS,68,6.2,301.4,22.1,D,0
23.1969,92.0195,337.2,1.6,1.2,2014-04-02,0733,Aqua,MODIS,87,6.2,303.9,50.1,D,0
21.5712,92.3665,336.8,1.6,1.2,2014-04-02,0733,Aqua,MODIS,83,6.2,300.5,50.3,D,0
21.5704,92.3612,325.7,1.6,1.2,2014-04-02,0733,Aqua,MODIS,36,6.2,300.3,22,D,0
21.5892,92.3271,352.2,1.6,1.2,2014-04-02,0733,Aqua,MODIS,96,6.2,301.9,109.3,D,0
21.6004,92.3262,337.5,1.6,1.2,2014-04-02,0733,Aqua,MODIS,86,6.2,302.3,54,D,0
21.5987,92.3108,323,1.6,1.2,2014-04-02,0733,Aqua,MODIS,55,6.2,301.8,16.6,D,0
21.6245,92.3388,325.7,1.6,1.2,2014-04-02,0733,Aqua,MODIS,58,6.2,303.2,20.6,D,0
21.6374,92.3526,321.7,1.6,1.2,2014-04-02,0733,Aqua,MODIS,59,6.2,303.2,13.3,D,0
22.277,92.3505,333.9,1.6,1.3,2014-04-02,0733,Aqua,MODIS,83,6.2,303.9,44.7,D,0
22.3013,92.363,332.9,1.6,1.3,2014-04-02,0733,Aqua,MODIS,68,6.2,304,37.5,D,0
22.3074,92.3247,335.5,1.6,1.3,2014-04-02,0733,Aqua,MODIS,84,6.2,303.8,45.2,D,0
22.3056,92.3093,323.2,1.6,1.3,2014-04-02,0733,Aqua,MODIS,62,6.2,303.4,14.2,D,0
21.4594,92.2959,319.9,1.6,1.2,2014-04-02,0733,Aqua,MODIS,58,6.2,300.8,13.5,D,0
21.474,92.3242,383.6,1.6,1.2,2014-04-02,0733,Aqua,MODIS,100,6.2,303.1,309.4,D,0
21.4768,92.3321,368.6,1.6,1.2,2014-04-02,0733,Aqua,MODIS,100,6.2,301,198.2,D,0
21.4752,92.3172,354.4,1.6,1.2,2014-04-02,0733,Aqua,MODIS,97,6.2,301.9,118.1,D,0
21.4879,92.3306,335.6,1.6,1.2,2014-04-02,0733,Aqua,MODIS,84,6.2,299.9,48.7,D,0
21.4862,92.3155,328.7,1.6,1.2,2014-04-02,0733,Aqua,MODIS,77,6.2,300.8,29.5,D,0
21.499,92.3288,325.2,1.6,1.2,2014-04-02,0733,Aqua,MODIS,47,6.2,300.6,22.2,D,0
21.5289,92.2947,345.7,1.6,1.2,2014-04-02,0733,Aqua,MODIS,92,6.2,300.3,79.3,D,0
21.5451,92.3372,333.7,1.6,1.2,2014-04-02,0733,Aqua,MODIS,82,6.2,298.2,43.7,D,0
22.0801,92.3248,350.1,1.6,1.3,2014-04-02,0733,Aqua,MODIS,94,6.2,301.3,101.4,D,0
21.7103,92.3823,325.1,1.6,1.2,2014-04-02,0733,Aqua,MODIS,64,6.2,301.1,21.4,D,0
22.6257,92.4096,328.8,1.7,1.3,2014-04-02,0733,Aqua,MODIS,78,6.2,305,30.8,D,0
22.1241,92.5083,328,1.7,1.3,2014-04-02,0733,Aqua,MODIS,75,6.2,300,35.1,D,0
22.1222,92.4925,365.8,1.7,1.3,2014-04-02,0733,Aqua,MODIS,100,6.2,304.9,193.7,D,0
22.1355,92.507,365.5,1.7,1.3,2014-04-02,0733,Aqua,MODIS,100,6.2,305.1,191.1,D,0
22.1337,92.4916,354.8,1.7,1.3,2014-04-02,0733,Aqua,MODIS,97,6.2,305.3,127.6,D,0
22.1215,92.5028,332.4,1.7,1.3,2014-04-02,0733,Aqua,MODIS,51,6.2,301.1,41.9,D,0
22.1199,92.4877,349.5,1.7,1.3,2014-04-02,0733,Aqua,MODIS,94,6.2,304.7,101.6,D,0
22.1329,92.5015,361.9,1.7,1.3,2014-04-02,0733,Aqua,MODIS,100,6.2,305,166.8,D,0
22.1443,92.4998,349.5,1.7,1.3,2014-04-02,0733,Aqua,MODIS,94,6.2,304.1,104.6,D,0
21.8516,92.121,322.5,1.6,1.2,2014-04-02,0733,Aqua,MODIS,68,6.2,302.8,16.8,D,0
21.5563,92.3363,326.1,1.6,1.2,2014-04-02,0733,Aqua,MODIS,57,6.2,296.8,24.1,D,0
21.5557,92.3303,328.5,1.6,1.2,2014-04-02,0733,Aqua,MODIS,46,6.2,297.8,28.1,D,0
21.5721,92.3765,335.3,1.6,1.2,2014-04-02,0733,Aqua,MODIS,84,6.2,300.5,46.7,D,0
21.6285,92.276,322.6,1.6,1.2,2014-04-02,0733,Aqua,MODIS,42,6.2,301,16.9,D,0
22.9804,91.8152,326.9,1.5,1.2,2014-04-02,0733,Aqua,MODIS,77,6.2,309.1,18.3,D,0
22.9658,92.2919,328.4,1.7,1.3,2014-04-02,0733,Aqua,MODIS,78,6.2,302.3,29.5,D,0
21.5637,92.3989,331.4,1.6,1.2,2014-04-02,0733,Aqua,MODIS,61,6.2,302.1,35.1,D,0
21.6109,92.4181,356.8,1.6,1.3,2014-04-02,0733,Aqua,MODIS,98,6.2,301.8,133.2,D,0
21.6091,92.4028,327.4,1.6,1.2,2014-04-02,0733,Aqua,MODIS,44,6.2,301.1,27.4,D,0
22.4215,92.3177,324.5,1.6,1.3,2014-04-02,0733,Aqua,MODIS,69,6.2,302.5,19.7,D,0
22.4197,92.3023,346.7,1.6,1.3,2014-04-02,0733,Aqua,MODIS,93,6.2,304,87.6,D,0
22.2551,92.2585,325.7,1.6,1.2,2014-04-02,0733,Aqua,MODIS,73,6.2,302.7,22,D,0
22.268,92.2725,332.9,1.6,1.2,2014-04-02,0733,Aqua,MODIS,82,6.2,304.2,37.8,D,0
22.2738,92.2246,329.1,1.6,1.2,2014-04-02,0733,Aqua,MODIS,78,6.2,303.3,30.2,D,0
22.2747,92.2344,327.2,1.6,1.2,2014-04-02,0733,Aqua,MODIS,76,6.2,303.2,24.6,D,0
22.273,92.2191,322.4,1.6,1.2,2014-04-02,0733,Aqua,MODIS,66,6.2,303.1,14.7,D,0
22.3194,92.2288,325.2,1.6,1.2,2014-04-02,0733,Aqua,MODIS,73,6.2,304.4,20.5,D,0
22.265,92.1486,321,1.6,1.2,2014-04-02,0733,Aqua,MODIS,64,6.2,302.3,14.9,D,0
22.2646,92.143,319.5,1.6,1.2,2014-04-02,0733,Aqua,MODIS,43,6.2,302.6,11.7,D,0
22.7269,91.9883,334.9,1.6,1.2,2014-04-02,0733,Aqua,MODIS,84,6.2,302.3,47.6,D,0
22.7253,91.9733,324.5,1.6,1.2,2014-04-02,0733,Aqua,MODIS,69,6.2,303.8,20.8,D,0
21.4125,92.3786,322.7,1.6,1.2,2014-04-02,0733,Aqua,MODIS,62,6.2,299.3,22.6,D,0
22.3031,92.378,336,1.6,1.3,2014-04-02,0733,Aqua,MODIS,84,6.2,302.7,50.4,D,0
22.3012,92.373,338.5,1.6,1.3,2014-04-02,0733,Aqua,MODIS,87,6.2,303.2,57.3,D,0
23.2473,92.0037,315.1,2.5,1.5,2014-04-03,0506,Terra,MODIS,55,6.2,298.3,20,D,0
24.56,89.8256,318.7,1.7,1.3,2014-04-03,0506,Terra,MODIS,0,6.2,305.1,18.2,D,0
21.8951,92.2125,329.2,2.8,1.6,2014-04-03,0507,Terra,MODIS,80,6.2,301.3,88,D,0
22.5768,92.1466,315.8,2.7,1.6,2014-04-03,0507,Terra,MODIS,45,6.2,297.8,27.2,D,0
21.9401,92.4524,318.7,2.9,1.6,2014-04-03,0507,Terra,MODIS,65,6.2,303.4,37.3,D,0
21.9031,92.1937,325.5,2.8,1.6,2014-04-03,0507,Terra,MODIS,76,6.2,300.8,66.8,D,0
21.9003,92.1863,317.4,2.8,1.6,2014-04-03,0507,Terra,MODIS,62,6.2,300.5,31.9,D,0
21.8978,92.2197,325.5,2.8,1.6,2014-04-03,0507,Terra,MODIS,76,6.2,301.2,66.4,D,0
22.5722,92.1393,314.6,2.7,1.6,2014-04-03,0507,Terra,MODIS,41,6.2,297.6,23.6,D,0
21.9417,92.4584,317.7,2.9,1.6,2014-04-03,0507,Terra,MODIS,63,6.2,303.2,31.2,D,0
22.3653,92.2963,321.2,3.1,1.7,2014-04-03,0638,Aqua,MODIS,56,6.2,299.7,43.9,D,0
23.1786,92.0417,315.8,3.1,1.7,2014-04-03,0638,Aqua,MODIS,63,6.2,296.6,26.9,D,0
22.1185,92.5278,326.5,3,1.6,2014-04-03,0638,Aqua,MODIS,70,6.2,294.6,88.4,D,0
23.179,92.0484,316.8,3.1,1.7,2014-04-03,0638,Aqua,MODIS,65,6.2,296.7,33.7,D,0
22.357,92.4798,321.8,3,1.6,2014-04-03,0638,Aqua,MODIS,66,6.2,300.9,51.4,D,0
23.4963,92.0128,326.5,3,1.7,2014-04-03,0638,Aqua,MODIS,79,6.2,296.6,87.7,D,0
23.4955,92.008,327.5,3,1.7,2014-04-03,0638,Aqua,MODIS,80,6.2,296.8,96.7,D,0
23.4518,92.0188,322.1,3,1.7,2014-04-03,0638,Aqua,MODIS,74,6.2,296.5,61.6,D,0
23.4525,92.0237,320.3,3,1.7,2014-04-03,0638,Aqua,MODIS,72,6.2,296.4,55.9,D,0
23.6855,92.1032,324.3,3,1.6,2014-04-03,0638,Aqua,MODIS,76,6.2,296.3,74.5,D,0
23.6794,92.079,344.4,3,1.6,2014-04-03,0638,Aqua,MODIS,92,6.2,297.2,213.3,D,0
23.6852,92.1076,317.5,3,1.6,2014-04-03,0638,Aqua,MODIS,67,6.2,296.6,43.4,D,0
22.3511,92.3073,323.3,3.1,1.7,2014-04-03,0638,Aqua,MODIS,61,6.2,300.2,53.2,D,0
23.5684,91.9831,314.8,3,1.7,2014-04-03,0638,Aqua,MODIS,34,6.2,295.1,34.4,D,0
23.5684,91.9901,317,3,1.7,2014-04-03,0638,Aqua,MODIS,49,6.2,294.8,43.1,D,0
23.2284,92.2174,316.5,3,1.6,2014-04-03,0638,Aqua,MODIS,64,6.2,297.9,34.2,D,0
23.229,92.21,317.3,3,1.6,2014-04-03,0638,Aqua,MODIS,66,6.2,297.9,38,D,0
22.3506,92.2999,319.9,3.1,1.7,2014-04-03,0638,Aqua,MODIS,63,6.2,300.4,38.9,D,0
22.3488,92.5138,327.4,3,1.6,2014-04-03,0638,Aqua,MODIS,76,6.2,298.2,77.3,D,0
22.3562,92.4874,333.6,3,1.6,2014-04-03,0638,Aqua,MODIS,83,6.2,300.3,121.3,D,0
22.3417,92.4903,332.1,3,1.6,2014-04-03,0638,Aqua,MODIS,81,6.2,297.6,108.9,D,0
23.3477,92.1165,324.6,3,1.7,2014-04-03,0638,Aqua,MODIS,77,6.2,296.8,70.9,D,0
25.6215,89.7579,312.5,3.9,1.8,2014-04-03,0639,Aqua,MODIS,0,6.2,297.6,33.7,D,0
23.2765,92.127,310.2,1,1,2014-04-03,1602,Terra,MODIS,79,6.2,295.3,8.5,N,0
21.8653,92.5562,313.5,1,1,2014-04-03,1602,Terra,MODIS,87,6.2,294.7,11.6,N,0
21.4637,92.4279,355.4,1.1,1,2014-04-04,0720,Aqua,MODIS,98,6.2,302.2,73.5,D,0
21.54,92.3154,341,1.1,1,2014-04-04,0720,Aqua,MODIS,90,6.2,302.9,38.9,D,0
21.4623,92.4176,324.4,1.1,1,2014-04-04,0720,Aqua,MODIS,76,6.2,301.2,14.9,D,0
21.605,92.394,327.4,1.1,1,2014-04-04,0720,Aqua,MODIS,80,6.2,301.8,17.9,D,0
21.6064,92.4043,316.7,1.1,1,2014-04-04,0720,Aqua,MODIS,46,6.2,299.5,5.7,D,0
21.5387,92.3055,334.1,1.1,1,2014-04-04,0720,Aqua,MODIS,85,6.2,303.5,26.5,D,0
21.453,92.4188,329.6,1.1,1,2014-04-04,0720,Aqua,MODIS,82,6.2,302.7,20.8,D,0
21.8737,92.4197,319,1.1,1,2014-04-04,0720,Aqua,MODIS,61,6.2,299,8.7,D,0
21.4558,92.4396,326.5,1.1,1,2014-04-04,0720,Aqua,MODIS,79,6.2,302.7,16.1,D,0
21.4544,92.4293,381.3,1.1,1,2014-04-04,0720,Aqua,MODIS,100,6.2,308.2,166.9,D,0
21.4929,92.434,317.8,1.1,1,2014-04-04,0720,Aqua,MODIS,66,6.2,300.9,7.8,D,0
23.2835,92.2288,339.2,1.1,1,2014-04-04,0721,Aqua,MODIS,90,6.2,300,39.3,D,0
23.674,88.6687,318.3,1,1,2014-04-04,0721,Aqua,MODIS,59,6.2,302.4,5.5,D,0
23.2821,92.2181,352.6,1.1,1,2014-04-04,0721,Aqua,MODIS,97,6.2,302.4,68.4,D,0
23.4966,89.332,323.1,1,1,2014-04-04,0721,Aqua,MODIS,73,6.2,303.1,11.2,D,0
23.3406,92.0982,314.7,1.5,1.2,2014-04-05,0454,Terra,MODIS,53,6.2,298.7,11.1,D,0
24.4824,88.2924,320.1,1,1,2014-04-05,0454,Terra,MODIS,0,6.2,305.7,9.7,D,0
25.4788,89.661,316.6,1.1,1,2014-04-05,0454,Terra,MODIS,0,6.2,301.8,10.5,D,0
23.2753,92.0237,314.8,1.5,1.2,2014-04-05,0454,Terra,MODIS,57,6.2,296.9,11.2,D,0
23.2733,92.0175,312.6,1.5,1.2,2014-04-05,0454,Terra,MODIS,59,6.2,294.8,7.9,D,0
22.007,92.3104,320.2,1.7,1.3,2014-04-05,0455,Terra,MODIS,72,6.2,293.8,24.9,D,0
21.9557,92.3341,347.2,1.7,1.3,2014-04-05,0455,Terra,MODIS,94,6.2,297.2,108.9,D,0
21.9671,92.3364,320,1.7,1.3,2014-04-05,0455,Terra,MODIS,62,6.2,294,23.2,D,0
21.9528,92.3503,328.4,1.7,1.3,2014-04-05,0455,Terra,MODIS,81,6.2,294.4,42.5,D,0
21.9589,92.3168,318.6,1.7,1.3,2014-04-05,0455,Terra,MODIS,58,6.2,295.3,21.4,D,0
23.2188,92.3245,309.2,1.4,1.2,2014-04-05,1550,Terra,MODIS,77,6.2,292.3,13.2,N,0
23.3613,92.1997,308.4,1.4,1.2,2014-04-05,1550,Terra,MODIS,74,6.2,292.2,12.2,N,0
23.2167,92.0234,303.7,1.5,1.2,2014-04-05,1550,Terra,MODIS,56,6.2,292.9,7.6,N,0
23.219,92.0368,305,1.4,1.2,2014-04-05,1550,Terra,MODIS,62,6.2,293.2,9,N,0
21.7703,92.4311,313.7,2.9,1.6,2014-04-06,0359,Terra,MODIS,32,6.2,290.6,27.3,D,0
22.1917,92.3877,322,1,1,2014-04-06,0708,Aqua,MODIS,19,6.2,300.5,8.5,D,0
22.2995,92.2402,327.7,1,1,2014-04-06,0708,Aqua,MODIS,79,6.2,303.2,15.3,D,0
22.2904,92.2418,325.1,1,1,2014-04-06,0708,Aqua,MODIS,72,6.2,303,11.6,D,0
22.2769,92.2136,340.9,1,1,2014-04-06,0708,Aqua,MODIS,90,6.2,303.9,35.8,D,0
22.2784,92.2235,321.7,1,1,2014-04-06,0708,Aqua,MODIS,69,6.2,302.3,8.5,D,0
22.3954,92.2686,323.1,1,1,2014-04-06,0708,Aqua,MODIS,73,6.2,302.6,9.4,D,0
22.3532,92.2964,329,1,1,2014-04-06,0708,Aqua,MODIS,80,6.2,303.5,15.8,D,0
22.3848,92.3217,326.1,1,1,2014-04-06,0708,Aqua,MODIS,77,6.2,302.4,13.5,D,0
22.3907,92.3608,324.5,1,1,2014-04-06,0708,Aqua,MODIS,74,6.2,302.8,11.6,D,0
22.3547,92.3064,334.7,1,1,2014-04-06,0708,Aqua,MODIS,85,6.2,302.8,23.7,D,0
22.3351,92.2996,329.8,1,1,2014-04-06,0708,Aqua,MODIS,81,6.2,302.7,17.9,D,0
22.4295,92.4348,322.1,1,1,2014-04-06,0708,Aqua,MODIS,62,6.2,302.4,7.1,D,0
22.459,92.3826,321.2,1,1,2014-04-06,0708,Aqua,MODIS,62,6.2,302.3,7.3,D,0
22.4695,92.391,342.5,1,1,2014-04-06,0708,Aqua,MODIS,90,6.2,301.7,35.9,D,0
22.3366,92.3095,324.1,1,1,2014-04-06,0708,Aqua,MODIS,74,6.2,302,10.7,D,0
22.468,92.381,344.6,1,1,2014-04-06,0708,Aqua,MODIS,92,6.2,304,40.4,D,0
22.4848,92.2461,322.7,1,1,2014-04-06,0708,Aqua,MODIS,62,6.2,301.6,12,D,0
22.2541,92.3703,321.2,1,1,2014-04-06,0708,Aqua,MODIS,62,6.2,301.9,7.9,D,0
22.4025,92.4396,326.1,1,1,2014-04-06,0708,Aqua,MODIS,77,6.2,304.1,11.4,D,0
22.4785,92.3895,351.4,1,1,2014-04-06,0708,Aqua,MODIS,95,6.2,300.6,54.2,D,0
22.477,92.3796,352.2,1,1,2014-04-06,0708,Aqua,MODIS,96,6.2,305.5,56.6,D,0
22.328,92.3064,333.9,1,1,2014-04-06,0708,Aqua,MODIS,85,6.2,302.7,23.3,D,0
22.4146,92.397,323.5,1,1,2014-04-06,0708,Aqua,MODIS,66,6.2,305.2,8.6,D,0
21.4699,92.3093,400.2,1,1,2014-04-06,0708,Aqua,MODIS,94,6.2,296.4,261.6,D,0
22.147,92.3913,344,1,1,2014-04-06,0708,Aqua,MODIS,92,6.2,302.3,41.3,D,0
22.1455,92.3814,333.3,1,1,2014-04-06,0708,Aqua,MODIS,85,6.2,302.6,23.4,D,0
22.5701,92.3269,321.4,1,1,2014-04-06,0708,Aqua,MODIS,70,6.2,302.9,8.5,D,0
21.9692,92.3739,341,1,1,2014-04-06,0708,Aqua,MODIS,90,6.2,294.2,38.4,D,0
22.1782,92.4208,326.1,1,1,2014-04-06,0708,Aqua,MODIS,56,6.2,298.3,14.2,D,0
22.1677,92.4125,334.2,1,1,2014-04-06,0708,Aqua,MODIS,46,6.2,300.9,23.6,D,0
22.8194,92.1417,329.6,1,1,2014-04-06,0708,Aqua,MODIS,53,6.2,299,21.6,D,0
22.7384,91.7944,328.4,1.1,1,2014-04-06,0708,Aqua,MODIS,79,6.2,300.7,18.7,D,0
22.1692,92.4223,323.8,1,1,2014-04-06,0708,Aqua,MODIS,20,6.2,298.3,11.3,D,0
21.7718,92.4114,383.4,1,1,2014-04-06,0708,Aqua,MODIS,100,6.2,298.9,164.7,D,0
21.7703,92.4014,365.5,1,1,2014-04-06,0708,Aqua,MODIS,100,6.2,301.8,96,D,0
22.1932,92.3977,327,1,1,2014-04-06,0708,Aqua,MODIS,62,6.2,301.6,14.8,D,0
22.7293,91.796,317.6,1.1,1,2014-04-06,0708,Aqua,MODIS,59,6.2,301,6.3,D,0
22.4576,92.312,322.6,1,1,2014-04-06,0708,Aqua,MODIS,72,6.2,301.2,10.4,D,0
23.6521,90.0615,321.8,1.2,1.1,2014-04-06,0709,Aqua,MODIS,52,6.2,304,11.3,D,0
23.008,91.8113,318.5,1.1,1,2014-04-06,0709,Aqua,MODIS,40,6.2,299.4,6,D,0
22.9397,91.9643,322.8,1,1,2014-04-06,0709,Aqua,MODIS,36,6.2,299.1,11.6,D,0
23.0096,91.8214,319.5,1.1,1,2014-04-06,0709,Aqua,MODIS,38,6.2,299.9,6.9,D,0
21.4686,92.5655,315.2,1.2,1.1,2014-04-07,0442,Terra,MODIS,63,6.2,296.2,9.1,D,0
21.4668,92.5767,314.2,1.2,1.1,2014-04-07,0442,Terra,MODIS,44,6.2,297.3,8.2,D,0
21.8286,92.4433,319,1.1,1.1,2014-04-07,0442,Terra,MODIS,71,6.2,296.8,11,D,0
22.3291,92.3236,318.2,1.1,1.1,2014-04-07,0442,Terra,MODIS,65,6.2,299.3,8.6,D,0
21.9552,92.351,316.8,1.1,1.1,2014-04-07,0442,Terra,MODIS,60,6.2,296.2,8.9,D,0
22.0176,92.3573,325.6,1.1,1.1,2014-04-07,0442,Terra,MODIS,78,6.2,296.4,19.8,D,0
22.4045,92.4309,317,1.1,1.1,2014-04-07,0442,Terra,MODIS,44,6.2,298.5,5.4,D,0
22.0169,92.3019,321.1,1.1,1.1,2014-04-07,0442,Terra,MODIS,73,6.2,294.6,12.2,D,0
22.0187,92.2907,324.7,1.1,1.1,2014-04-07,0442,Terra,MODIS,78,6.2,297.4,16.9,D,0
21.8269,92.4538,318.1,1.1,1.1,2014-04-07,0442,Terra,MODIS,69,6.2,296.5,10.2,D,0
21.905,92.2433,321.2,1.1,1.1,2014-04-07,0442,Terra,MODIS,74,6.2,297.2,13.5,D,0
21.4714,92.5726,328.8,1.2,1.1,2014-04-07,0442,Terra,MODIS,82,6.2,297.6,26,D,0
21.5801,92.3583,317.5,3.5,1.8,2014-04-07,0751,Aqua,MODIS,68,6.2,295.3,49.2,D,0
21.7945,92.3327,317.4,3.5,1.8,2014-04-07,0751,Aqua,MODIS,37,6.2,293.3,44.7,D,0
22.2973,92.4523,319.5,3.6,1.8,2014-04-07,0751,Aqua,MODIS,66,6.2,293.6,67,D,0
21.8424,92.2817,314.8,3.5,1.8,2014-04-07,0751,Aqua,MODIS,62,6.2,294.4,39.5,D,0
21.7209,92.4043,322.9,3.6,1.8,2014-04-07,0751,Aqua,MODIS,76,6.2,291.9,87.9,D,0
21.8496,92.2856,315.9,3.5,1.8,2014-04-07,0751,Aqua,MODIS,63,6.2,293.8,43.6,D,0
21.8432,92.4856,323.5,3.6,1.8,2014-04-07,0751,Aqua,MODIS,45,6.2,292.2,70.2,D,0
22.0761,92.3488,321.5,3.6,1.8,2014-04-07,0751,Aqua,MODIS,74,6.2,293.6,76.4,D,0
21.4959,92.4425,322.7,3.6,1.8,2014-04-07,0751,Aqua,MODIS,61,6.2,293.5,77.2,D,0
22.4628,92.2852,316.7,3.6,1.8,2014-04-07,0751,Aqua,MODIS,59,6.2,291.9,47.5,D,0
21.7877,92.4958,318,3.6,1.8,2014-04-07,0751,Aqua,MODIS,60,6.2,292,57.6,D,0
21.582,92.3306,320.3,3.5,1.8,2014-04-07,0751,Aqua,MODIS,72,6.2,296.4,65.6,D,0
22.0113,92.2568,320.8,3.5,1.8,2014-04-07,0751,Aqua,MODIS,73,6.2,292.8,64.3,D,0
22.1948,92.2956,320.6,3.5,1.8,2014-04-07,0751,Aqua,MODIS,72,6.2,294.7,64.9,D,0
22.585,92.3652,314.1,3.6,1.8,2014-04-07,0751,Aqua,MODIS,49,6.2,292.3,34.7,D,0
21.7939,92.5021,318.6,3.6,1.8,2014-04-07,0751,Aqua,MODIS,65,6.2,292,59.1,D,0
21.5437,92.4382,325,3.6,1.8,2014-04-07,0751,Aqua,MODIS,66,6.2,295.3,90.5,D,0
22.4599,92.2523,321.4,3.5,1.8,2014-04-07,0751,Aqua,MODIS,72,6.2,291.3,75.3,D,0
21.7893,92.3252,319.8,3.5,1.8,2014-04-07,0751,Aqua,MODIS,72,6.2,293.8,62,D,0
22.3068,92.4443,317.1,3.6,1.8,2014-04-07,0751,Aqua,MODIS,51,6.2,293.3,45.1,D,0
22.3097,92.4794,316.8,3.7,1.8,2014-04-07,0751,Aqua,MODIS,43,6.2,293.2,46.4,D,0
24.1905,89.3399,318.9,2.3,1.5,2014-04-07,0752,Aqua,MODIS,57,6.2,299.4,23.1,D,0
21.8223,92.4057,305.2,2.4,1.5,2014-04-07,1538,Terra,MODIS,63,6.2,293.9,18.6,N,0
22.0967,92.3503,325.3,1.4,1.2,2014-04-08,0656,Aqua,MODIS,17,6.2,299.1,20.6,D,0
22.0779,92.3679,322.2,1.4,1.2,2014-04-08,0656,Aqua,MODIS,65,6.2,299,16.1,D,0
22.0742,92.3741,331.3,1.4,1.2,2014-04-08,0656,Aqua,MODIS,81,6.2,299.2,34.5,D,0
22.0438,92.3232,336.3,1.5,1.2,2014-04-08,0656,Aqua,MODIS,86,6.2,300.7,45.7,D,0
22.0461,92.337,326.4,1.5,1.2,2014-04-08,0656,Aqua,MODIS,72,6.2,299.9,23.7,D,0
22.0333,92.3255,319.7,1.5,1.2,2014-04-08,0656,Aqua,MODIS,41,6.2,300.4,12.5,D,0
22.0356,92.3391,321,1.5,1.2,2014-04-08,0656,Aqua,MODIS,61,6.2,300.4,15.3,D,0
22.2444,92.3227,328.7,1.4,1.2,2014-04-08,0656,Aqua,MODIS,79,6.2,297.7,27.8,D,0
22.4624,92.4499,357.7,1.4,1.2,2014-04-08,0656,Aqua,MODIS,98,6.2,303,113.7,D,0
22.2467,92.3363,327.2,1.4,1.2,2014-04-08,0656,Aqua,MODIS,70,6.2,299.6,24.4,D,0
22.1684,92.4153,317.9,1.4,1.2,2014-04-08,0656,Aqua,MODIS,43,6.2,300.6,9.2,D,0
22.1296,92.4151,321,1.4,1.2,2014-04-08,0656,Aqua,MODIS,66,6.2,300.5,14.2,D,0
22.4704,92.3076,318.2,1.4,1.2,2014-04-08,0656,Aqua,MODIS,59,6.2,299.7,11.8,D,0
21.8952,92.445,333,1.4,1.2,2014-04-08,0656,Aqua,MODIS,83,6.2,300.1,36.5,D,0
21.8996,92.4354,322.9,1.4,1.2,2014-04-08,0656,Aqua,MODIS,53,6.2,300,16.8,D,0
21.8575,92.444,327.9,1.4,1.2,2014-04-08,0656,Aqua,MODIS,69,6.2,300.9,24.7,D,0
21.8469,92.446,337.8,1.4,1.2,2014-04-08,0656,Aqua,MODIS,87,6.2,301.8,47.8,D,0
21.8101,92.2952,344,1.5,1.2,2014-04-08,0656,Aqua,MODIS,91,6.2,296.5,70.3,D,0
21.7994,92.2972,327.7,1.5,1.2,2014-04-08,0656,Aqua,MODIS,38,6.2,299.2,26.1,D,0
21.6459,92.2233,333.1,1.5,1.2,2014-04-08,0656,Aqua,MODIS,83,6.2,298.7,43.9,D,0
21.6616,92.2506,322.2,1.5,1.2,2014-04-08,0656,Aqua,MODIS,70,6.2,294.6,18.8,D,0
21.7686,92.3392,318.4,1.5,1.2,2014-04-08,0656,Aqua,MODIS,39,6.2,298.2,11.6,D,0
23.2383,92.2168,324,1.4,1.2,2014-04-08,0656,Aqua,MODIS,76,6.2,299.7,21.4,D,0
21.9196,92.3971,328.8,1.4,1.2,2014-04-08,0656,Aqua,MODIS,74,6.2,299.4,27.4,D,0
21.9006,92.2864,326.1,1.5,1.2,2014-04-08,0656,Aqua,MODIS,76,6.2,296.8,27.2,D,0
22.4187,92.2234,328.1,1.5,1.2,2014-04-08,0656,Aqua,MODIS,79,6.2,297.9,26.5,D,0
21.9302,92.3952,321.1,1.4,1.2,2014-04-08,0656,Aqua,MODIS,65,6.2,293.6,14.3,D,0
21.5401,92.4695,316.2,1.5,1.2,2014-04-08,0656,Aqua,MODIS,43,6.2,295.9,11.2,D,0
21.6597,92.497,320.3,1.4,1.2,2014-04-08,0656,Aqua,MODIS,34,6.2,296.5,15.6,D,0
21.6592,92.2362,328.9,1.5,1.2,2014-04-08,0656,Aqua,MODIS,79,6.2,298.8,33,D,0
21.8153,92.4875,330,1.4,1.2,2014-04-08,0656,Aqua,MODIS,58,6.2,300.9,28.1,D,0
21.8025,92.4761,324.9,1.4,1.2,2014-04-08,0656,Aqua,MODIS,61,6.2,300.8,19.1,D,0
21.6901,92.4191,328.3,1.5,1.2,2014-04-08,0656,Aqua,MODIS,78,6.2,298.2,29.7,D,0
21.7007,92.4169,335.4,1.5,1.2,2014-04-08,0656,Aqua,MODIS,85,6.2,299.9,45.9,D,0
21.9851,92.3637,332.8,1.5,1.2,2014-04-08,0656,Aqua,MODIS,83,6.2,300.4,37.8,D,0
21.9981,92.3755,346.2,1.4,1.2,2014-04-08,0656,Aqua,MODIS,92,6.2,301.9,76.1,D,0
21.9957,92.3613,374.6,1.5,1.2,2014-04-08,0656,Aqua,MODIS,100,6.2,303.7,211,D,0
22.0062,92.3591,318.3,1.5,1.2,2014-04-08,0656,Aqua,MODIS,52,6.2,297.2,10.8,D,0
22.1817,92.2396,318.3,1.5,1.2,2014-04-08,0656,Aqua,MODIS,55,6.2,298.7,10.9,D,0
22.1417,92.2623,331.2,1.5,1.2,2014-04-08,0656,Aqua,MODIS,73,6.2,301.9,31.2,D,0
22.1442,92.2763,337.8,1.5,1.2,2014-04-08,0656,Aqua,MODIS,87,6.2,300.7,48.6,D,0
23.0543,92.0606,316.2,1.5,1.2,2014-04-08,0656,Aqua,MODIS,63,6.2,296.1,10.7,D,0
22.1466,92.2903,323.4,1.5,1.2,2014-04-08,0656,Aqua,MODIS,69,6.2,299.7,17,D,0
22.1353,92.2556,321.1,1.5,1.2,2014-04-08,0656,Aqua,MODIS,47,6.2,301.5,13.2,D,0
22.1377,92.2699,357.6,1.5,1.2,2014-04-08,0656,Aqua,MODIS,98,6.2,302.6,118.5,D,0
22.1401,92.2838,337,1.5,1.2,2014-04-08,0656,Aqua,MODIS,86,6.2,300.1,45.5,D,0
22.1189,92.2882,353.1,1.5,1.2,2014-04-08,0656,Aqua,MODIS,96,6.2,301.1,98.7,D,0
22.195,92.3804,336.1,1.4,1.2,2014-04-08,0656,Aqua,MODIS,86,6.2,301.4,46.2,D,0
22.093,92.2652,327.7,1.5,1.2,2014-04-08,0656,Aqua,MODIS,78,6.2,299.7,27.6,D,0
22.0953,92.2785,322.6,1.5,1.2,2014-04-08,0656,Aqua,MODIS,60,6.2,299.6,17.2,D,0
21.6735,92.5775,323.1,1.4,1.2,2014-04-08,0656,Aqua,MODIS,70,6.2,299.6,22.2,D,0
21.4394,92.5156,323.1,1.5,1.2,2014-04-08,0656,Aqua,MODIS,72,6.2,298.3,22.9,D,0
22.4269,92.2447,338.5,1.5,1.2,2014-04-08,0656,Aqua,MODIS,88,6.2,300.2,52.4,D,0
23.2407,92.2311,326.1,1.4,1.2,2014-04-08,0656,Aqua,MODIS,78,6.2,299.4,25,D,0
21.6839,92.5751,380,1.4,1.2,2014-04-08,0656,Aqua,MODIS,100,6.2,304.7,241.2,D,0
21.8564,92.3734,319.5,1.5,1.2,2014-04-08,0656,Aqua,MODIS,43,6.2,297.8,13,D,0
21.8744,92.2624,316.8,1.5,1.2,2014-04-08,0656,Aqua,MODIS,38,6.2,297.4,9.9,D,0
22.0766,92.297,325.7,1.5,1.2,2014-04-08,0656,Aqua,MODIS,71,6.2,298.3,24.1,D,0
22.0531,92.2882,352.4,1.5,1.2,2014-04-08,0656,Aqua,MODIS,96,6.2,300.8,99.9,D,0
22.0554,92.3011,334,1.5,1.2,2014-04-08,0656,Aqua,MODIS,84,6.2,299.6,41.3,D,0
22.0533,92.2491,328.3,1.5,1.2,2014-04-08,0656,Aqua,MODIS,76,6.2,298.7,28.3,D,0
22.0603,92.2914,320.1,1.5,1.2,2014-04-08,0656,Aqua,MODIS,36,6.2,297.8,12.8,D,0
22.0477,92.2813,347.4,1.5,1.2,2014-04-08,0656,Aqua,MODIS,93,6.2,299.6,79.1,D,0
22.0498,92.2938,358.8,1.5,1.2,2014-04-08,0656,Aqua,MODIS,99,6.2,300.8,126,D,0
21.9854,92.5286,359.5,1.4,1.2,2014-04-08,0656,Aqua,MODIS,99,6.2,301.5,127.4,D,0
21.885,92.2601,329.3,1.5,1.2,2014-04-08,0656,Aqua,MODIS,80,6.2,298.8,33.7,D,0
22.032,92.2532,364.1,1.5,1.2,2014-04-08,0656,Aqua,MODIS,100,6.2,297.7,153.7,D,0
22.0345,92.2683,325.8,1.5,1.2,2014-04-08,0656,Aqua,MODIS,40,6.2,297.5,21.5,D,0
22.0189,92.2413,320.9,1.5,1.2,2014-04-08,0656,Aqua,MODIS,47,6.2,297.2,15.9,D,0
22.0239,92.2704,328,1.5,1.2,2014-04-08,0656,Aqua,MODIS,65,6.2,298.7,27.3,D,0
22.8096,91.9994,314.3,1.5,1.2,2014-04-08,0656,Aqua,MODIS,35,6.2,295.4,8.5,D,0
21.9503,92.3207,345.8,1.5,1.2,2014-04-08,0656,Aqua,MODIS,92,6.2,300.7,76.7,D,0
21.9482,92.3078,327.2,1.5,1.2,2014-04-08,0656,Aqua,MODIS,77,6.2,300.1,28.1,D,0
21.3866,92.526,355.5,1.5,1.2,2014-04-08,0656,Aqua,MODIS,97,6.2,300.8,116.7,D,0
21.3842,92.5122,320.7,1.5,1.2,2014-04-08,0656,Aqua,MODIS,68,6.2,299.2,18.6,D,0
21.9609,92.3183,327.6,1.5,1.2,2014-04-08,0656,Aqua,MODIS,77,6.2,297.3,27.3,D,0
21.9587,92.3055,327.6,1.5,1.2,2014-04-08,0656,Aqua,MODIS,77,6.2,298.6,28.9,D,0
21.7963,92.1513,322.4,1.5,1.2,2014-04-08,0656,Aqua,MODIS,71,6.2,299.2,20.9,D,0
21.7988,92.1656,317.5,1.5,1.2,2014-04-08,0656,Aqua,MODIS,60,6.2,299.1,12.3,D,0
22.6968,92.4873,320.2,1.4,1.2,2014-04-08,0656,Aqua,MODIS,67,6.2,300.2,13.7,D,0
22.6946,92.4742,315.3,1.4,1.2,2014-04-08,0656,Aqua,MODIS,47,6.2,297.2,7.2,D,0
21.8998,92.3452,324.6,1.5,1.2,2014-04-08,0656,Aqua,MODIS,73,6.2,296.5,23.7,D,0
22.112,92.376,331,1.4,1.2,2014-04-08,0656,Aqua,MODIS,81,6.2,299.4,32,D,0
23.2612,92.2476,316.3,1.4,1.2,2014-04-08,0656,Aqua,MODIS,24,6.2,298.3,10.7,D,0
21.9432,92.4072,331.1,1.4,1.2,2014-04-08,0656,Aqua,MODIS,81,6.2,294.6,35.6,D,0
22.1096,92.362,321.3,1.4,1.2,2014-04-08,0656,Aqua,MODIS,47,6.2,297.6,14.2,D,0
21.8977,92.459,323.4,1.4,1.2,2014-04-08,0656,Aqua,MODIS,44,6.2,298.9,16.9,D,0
21.9001,92.4729,329.6,1.4,1.2,2014-04-08,0656,Aqua,MODIS,78,6.2,300.8,30.2,D,0
21.9456,92.4213,329.6,1.4,1.2,2014-04-08,0656,Aqua,MODIS,79,6.2,295.6,32,D,0
21.9326,92.4092,351,1.4,1.2,2014-04-08,0656,Aqua,MODIS,95,6.2,300.4,93.3,D,0
21.9042,92.4632,328.6,1.4,1.2,2014-04-08,0656,Aqua,MODIS,65,6.2,299.7,26.5,D,0
21.9065,92.4769,325.3,1.4,1.2,2014-04-08,0656,Aqua,MODIS,55,6.2,301.2,21.4,D,0
21.8913,92.4513,319,1.4,1.2,2014-04-08,0656,Aqua,MODIS,24,6.2,298.8,9.8,D,0
21.935,92.4232,337.1,1.4,1.2,2014-04-08,0656,Aqua,MODIS,86,6.2,300,48.5,D,0
22.4245,92.2308,351.1,1.5,1.2,2014-04-08,0656,Aqua,MODIS,95,6.2,300.9,93.7,D,0
22.1272,92.4014,319.2,1.4,1.2,2014-04-08,0656,Aqua,MODIS,32,6.2,299.4,10,D,0
22.1249,92.3875,327.9,1.4,1.2,2014-04-08,0656,Aqua,MODIS,66,6.2,299.4,24.9,D,0
22.133,92.3715,338.4,1.4,1.2,2014-04-08,0656,Aqua,MODIS,87,6.2,298.8,50.5,D,0
22.1716,92.4067,339.4,1.4,1.2,2014-04-08,0656,Aqua,MODIS,88,6.2,300.3,54.1,D,0
22.1692,92.3924,327,1.4,1.2,2014-04-08,0656,Aqua,MODIS,76,6.2,299.7,25.1,D,0
22.2535,92.3403,327.2,1.4,1.2,2014-04-08,0656,Aqua,MODIS,63,6.2,300.3,24.3,D,0
22.2573,92.3343,325.5,1.4,1.2,2014-04-08,0656,Aqua,MODIS,72,6.2,298.7,21.5,D,0
22.1659,92.401,334.9,1.4,1.2,2014-04-08,0656,Aqua,MODIS,85,6.2,300.6,42.5,D,0
21.8517,92.4737,347.1,1.4,1.2,2014-04-08,0656,Aqua,MODIS,93,6.2,302.3,75.6,D,0
21.854,92.4873,352.6,1.4,1.2,2014-04-08,0656,Aqua,MODIS,96,6.2,302,96.5,D,0
21.922,92.411,371.5,1.4,1.2,2014-04-08,0656,Aqua,MODIS,100,6.2,303.2,189.3,D,0
21.9245,92.4252,353.8,1.4,1.2,2014-04-08,0656,Aqua,MODIS,97,6.2,301.5,102.4,D,0
21.9976,92.2454,328.3,1.5,1.2,2014-04-08,0656,Aqua,MODIS,78,6.2,298,29.4,D,0
23.2645,92.2048,316.5,1.4,1.2,2014-04-08,0656,Aqua,MODIS,24,6.2,299,9.3,D,0
21.4006,92.6078,320.8,1.4,1.2,2014-04-08,0656,Aqua,MODIS,68,6.2,297.8,17.9,D,0
21.3901,92.6098,316.1,1.4,1.2,2014-04-08,0656,Aqua,MODIS,37,6.2,296.9,10.8,D,0
21.7259,92.5672,337.7,1.4,1.2,2014-04-08,0656,Aqua,MODIS,87,6.2,294.7,47.3,D,0
21.581,92.3886,318.2,1.5,1.2,2014-04-08,0656,Aqua,MODIS,57,6.2,297.9,12.9,D,0
21.7849,92.5648,330.4,1.4,1.2,2014-04-08,0656,Aqua,MODIS,40,6.2,300.1,30.6,D,0
21.7826,92.5509,356.8,1.4,1.2,2014-04-08,0656,Aqua,MODIS,98,6.2,301.3,111.4,D,0
21.7962,92.3419,319.8,1.5,1.2,2014-04-08,0656,Aqua,MODIS,60,6.2,295.1,13.9,D,0
21.7131,92.5554,341.9,1.4,1.2,2014-04-08,0656,Aqua,MODIS,90,6.2,300.7,57.4,D,0
21.7154,92.5692,369,1.4,1.2,2014-04-08,0656,Aqua,MODIS,100,6.2,299.3,170.6,D,0
21.7937,92.3276,321.9,1.5,1.2,2014-04-08,0656,Aqua,MODIS,69,6.2,297,16.7,D,0
21.6138,92.5824,339.3,1.4,1.2,2014-04-08,0656,Aqua,MODIS,83,6.2,298.5,54.4,D,0
21.5187,92.5638,315.9,1.4,1.2,2014-04-08,0656,Aqua,MODIS,51,6.2,296.6,11.2,D,0
21.7002,92.5436,326.1,1.4,1.2,2014-04-08,0656,Aqua,MODIS,64,6.2,301.9,21.5,D,0
21.7025,92.5571,394.5,1.4,1.2,2014-04-08,0656,Aqua,MODIS,100,6.2,306.3,353.4,D,0
21.6921,92.5592,340,1.4,1.2,2014-04-08,0656,Aqua,MODIS,86,6.2,300.9,49.8,D,0
21.6944,92.5732,362.6,1.4,1.2,2014-04-08,0656,Aqua,MODIS,100,6.2,297.5,137.4,D,0
21.6794,92.5485,327.8,1.4,1.2,2014-04-08,0656,Aqua,MODIS,51,6.2,297.6,24.5,D,0
21.6816,92.5617,369.1,1.4,1.2,2014-04-08,0656,Aqua,MODIS,100,6.2,302.7,171,D,0
21.669,92.5509,331.7,1.4,1.2,2014-04-08,0656,Aqua,MODIS,81,6.2,299,35.4,D,0
21.6713,92.5644,324.9,1.4,1.2,2014-04-08,0656,Aqua,MODIS,72,6.2,300.1,22.6,D,0
23.2024,92.3219,315.2,1.4,1.2,2014-04-08,0656,Aqua,MODIS,53,6.2,299.3,9.4,D,0
23.2931,91.9653,329.9,1.5,1.2,2014-04-08,0656,Aqua,MODIS,82,6.2,300.4,34.6,D,0
23.3004,91.9693,332,1.5,1.2,2014-04-08,0656,Aqua,MODIS,84,6.2,299.7,39.5,D,0
23.2898,91.9715,324.8,1.5,1.2,2014-04-08,0656,Aqua,MODIS,77,6.2,297.8,24.6,D,0
22.0533,92.508,350.6,1.4,1.2,2014-04-08,0656,Aqua,MODIS,95,6.2,301.5,91.2,D,0
22.0638,92.5063,327.3,1.4,1.2,2014-04-08,0656,Aqua,MODIS,76,6.2,298,26.2,D,0
23.275,92.2027,319.1,1.4,1.2,2014-04-08,0656,Aqua,MODIS,66,6.2,297.5,12.6,D,0
23.2774,92.2168,327.5,1.4,1.2,2014-04-08,0656,Aqua,MODIS,80,6.2,296.1,27.7,D,0
22.0915,92.5089,331.1,1.4,1.2,2014-04-08,0656,Aqua,MODIS,81,6.2,298.5,34.7,D,0
21.9829,92.514,328.1,1.4,1.2,2014-04-08,0656,Aqua,MODIS,78,6.2,301,29.8,D,0
21.9525,92.4622,324.8,1.4,1.2,2014-04-08,0656,Aqua,MODIS,73,6.2,300.5,22.4,D,0
23.1202,91.9105,315.1,1.5,1.2,2014-04-08,0656,Aqua,MODIS,29,6.2,297.4,9,D,0
22.4211,92.2372,360.1,1.5,1.2,2014-04-08,0656,Aqua,MODIS,100,6.2,301.5,131.7,D,0
22.4601,92.4363,340,1.4,1.2,2014-04-08,0656,Aqua,MODIS,89,6.2,303,53,D,0
22.436,92.3912,322.5,1.4,1.2,2014-04-08,0656,Aqua,MODIS,71,6.2,302.8,15.4,D,0
22.1704,92.4647,320.1,1.4,1.2,2014-04-08,0656,Aqua,MODIS,61,6.2,301.3,13.3,D,0
22.0358,92.4685,347.8,1.4,1.2,2014-04-08,0656,Aqua,MODIS,93,6.2,300.4,77.8,D,0
22.0334,92.4542,389.5,1.4,1.2,2014-04-08,0656,Aqua,MODIS,100,6.2,305.6,311.5,D,0
22.0309,92.4396,327.5,1.4,1.2,2014-04-08,0656,Aqua,MODIS,58,6.2,300.1,23,D,0
22.0511,92.4947,342.3,1.4,1.2,2014-04-08,0656,Aqua,MODIS,90,6.2,300.9,63.2,D,0
22.0439,92.4522,346.3,1.4,1.2,2014-04-08,0656,Aqua,MODIS,92,6.2,299.7,72.6,D,0
22.0414,92.4376,334,1.4,1.2,2014-04-08,0656,Aqua,MODIS,84,6.2,301.4,38,D,0
22.0615,92.4923,356.4,1.4,1.2,2014-04-08,0656,Aqua,MODIS,98,6.2,301.1,110.7,D,0
22.0592,92.4787,355.1,1.4,1.2,2014-04-08,0656,Aqua,MODIS,97,6.2,300.7,102.9,D,0
22.0568,92.4648,346.6,1.4,1.2,2014-04-08,0656,Aqua,MODIS,93,6.2,299,72.5,D,0
22.052,92.4363,328.9,1.4,1.2,2014-04-08,0656,Aqua,MODIS,74,6.2,300.3,26.3,D,0
22.072,92.4907,337.9,1.4,1.2,2014-04-08,0656,Aqua,MODIS,85,6.2,298.7,47.3,D,0
22.0697,92.477,348.5,1.4,1.2,2014-04-08,0656,Aqua,MODIS,94,6.2,299.6,77.5,D,0
22.0672,92.4621,365.3,1.4,1.2,2014-04-08,0656,Aqua,MODIS,100,6.2,301.3,149.4,D,0
22.3462,92.31,320.3,1.4,1.2,2014-04-08,0656,Aqua,MODIS,55,6.2,299.5,12.3,D,0
22.0824,92.4883,329.9,1.4,1.2,2014-04-08,0656,Aqua,MODIS,45,6.2,298.7,27.4,D,0
22.0951,92.4996,341,1.4,1.2,2014-04-08,0656,Aqua,MODIS,89,6.2,298.8,56.6,D,0
22.0881,92.4577,347.8,1.4,1.2,2014-04-08,0656,Aqua,MODIS,93,6.2,302.1,77.3,D,0
22.0857,92.4432,329.4,1.4,1.2,2014-04-08,0656,Aqua,MODIS,79,6.2,301,27.5,D,0
22.0893,92.4957,324.9,1.4,1.2,2014-04-08,0656,Aqua,MODIS,51,6.2,298.7,20.8,D,0
22.0923,92.451,349.2,1.4,1.2,2014-04-08,0656,Aqua,MODIS,94,6.2,301.7,84.1,D,0
21.9019,92.4492,331,1.4,1.2,2014-04-08,0656,Aqua,MODIS,81,6.2,298.5,31.8,D,0
21.7371,92.4751,338.6,1.4,1.2,2014-04-08,0656,Aqua,MODIS,87,6.2,298.6,52.3,D,0
21.729,92.4911,333.8,1.4,1.2,2014-04-08,0656,Aqua,MODIS,83,6.2,299.7,42.1,D,0
21.9957,92.5262,370.6,1.4,1.2,2014-04-08,0656,Aqua,MODIS,100,6.2,301.6,182.4,D,0
21.9933,92.5115,333.9,1.4,1.2,2014-04-08,0656,Aqua,MODIS,84,6.2,301.5,42,D,0
22.01,92.4445,330.6,1.4,1.2,2014-04-08,0656,Aqua,MODIS,80,6.2,301.1,32.7,D,0
22.0227,92.4555,326.5,1.4,1.2,2014-04-08,0656,Aqua,MODIS,50,6.2,301.5,22.9,D,0
21.5423,92.161,318.6,1.5,1.2,2014-04-08,0656,Aqua,MODIS,64,6.2,297.5,15.7,D,0
21.7041,92.4107,320.3,1.5,1.2,2014-04-08,0656,Aqua,MODIS,45,6.2,298.5,15.2,D,0
21.7089,92.4004,320.4,1.5,1.2,2014-04-08,0656,Aqua,MODIS,53,6.2,298.8,15.5,D,0
22.2383,92.3148,317.9,1.4,1.2,2014-04-08,0656,Aqua,MODIS,28,6.2,296.4,8.3,D,0
22.2512,92.3266,337.5,1.4,1.2,2014-04-08,0656,Aqua,MODIS,87,6.2,300.3,48.8,D,0
22.0991,92.3641,361.5,1.4,1.2,2014-04-08,0656,Aqua,MODIS,100,6.2,300.5,135.8,D,0
24.0901,89.2705,321.9,2.2,1.4,2014-04-08,0657,Aqua,MODIS,69,6.2,300.7,24.2,D,0
24.0934,89.2866,323.7,2.2,1.4,2014-04-08,0657,Aqua,MODIS,60,6.2,301.9,26.9,D,0
24.094,89.2913,321.7,2.2,1.4,2014-04-08,0657,Aqua,MODIS,69,6.2,301.9,23.5,D,0
21.8469,92.3982,304.2,1.3,1.1,2014-04-08,1620,Terra,MODIS,59,6.2,293.4,6.1,N,0
25.1122,88.555,319.9,1.7,1.3,2014-04-09,0429,Terra,MODIS,68,6.2,301.6,13.4,D,0
21.7097,92.5197,328.3,1,1,2014-04-09,0430,Terra,MODIS,80,6.2,298.8,17.4,D,0
21.7187,92.5212,320.3,1,1,2014-04-09,0430,Terra,MODIS,58,6.2,297.9,8.6,D,0
23.2066,92.2887,319.8,1,1,2014-04-09,0430,Terra,MODIS,55,6.2,296.1,8.8,D,0
21.7111,92.5102,317.8,1,1,2014-04-09,0430,Terra,MODIS,55,6.2,296.5,6.6,D,0
21.6034,92.5552,362.5,1,1,2014-04-09,0430,Terra,MODIS,100,6.2,300.4,85.1,D,0
21.6048,92.5455,320.6,1,1,2014-04-09,0430,Terra,MODIS,71,6.2,299.4,9,D,0
21.602,92.5648,328.3,1,1,2014-04-09,0430,Terra,MODIS,80,6.2,298.7,18.2,D,0
22.0796,92.3502,319.1,2.1,1.4,2014-04-09,0739,Aqua,MODIS,40,6.2,296.3,19.6,D,0
22.1995,92.2707,315.6,2.1,1.4,2014-04-09,0739,Aqua,MODIS,34,6.2,293.3,13,D,0
21.7546,92.4751,328.9,2.1,1.4,2014-04-09,0739,Aqua,MODIS,77,6.2,293.8,55.7,D,0
21.7465,92.2753,323.4,2,1.4,2014-04-09,0739,Aqua,MODIS,67,6.2,296.3,30.5,D,0
22.0672,92.4987,322.8,2.1,1.4,2014-04-09,0739,Aqua,MODIS,65,6.2,295.3,37,D,0
21.3123,92.6005,324.9,2.1,1.4,2014-04-09,0739,Aqua,MODIS,52,6.2,295.6,42.8,D,0
21.3251,92.5993,341.1,2.1,1.4,2014-04-09,0739,Aqua,MODIS,89,6.2,295.6,108.4,D,0
24.0685,89.7565,317.5,1.5,1.2,2014-04-09,0739,Aqua,MODIS,0,6.2,296.4,13.7,D,0
21.7399,92.4567,327.4,2.1,1.4,2014-04-09,0739,Aqua,MODIS,73,6.2,295.4,48.6,D,0
22.0883,92.3362,335.2,2.1,1.4,2014-04-09,0739,Aqua,MODIS,84,6.2,295.8,72,D,0
21.5453,92.4779,325.1,2.1,1.4,2014-04-09,0739,Aqua,MODIS,71,6.2,295,39.5,D,0
22.8781,92.3027,318.8,2.1,1.4,2014-04-09,0739,Aqua,MODIS,45,6.2,295.9,19.8,D,0
22.088,92.308,333.5,2.1,1.4,2014-04-09,0739,Aqua,MODIS,83,6.2,296.3,65.3,D,0
22.0901,92.3282,352.9,2.1,1.4,2014-04-09,0739,Aqua,MODIS,96,6.2,296.6,168.9,D,0
22.0184,92.5274,324.9,2.2,1.4,2014-04-09,0739,Aqua,MODIS,68,6.2,296.5,44.1,D,0
21.6268,92.4999,319.9,2.1,1.4,2014-04-09,0739,Aqua,MODIS,46,6.2,294.9,24.9,D,0
21.6262,92.4944,319.3,2.1,1.4,2014-04-09,0739,Aqua,MODIS,34,6.2,294.7,22,D,0
21.8408,92.4394,324,2.1,1.4,2014-04-09,0739,Aqua,MODIS,69,6.2,298.1,32.9,D,0
22.8768,92.2879,322.1,2.1,1.4,2014-04-09,0739,Aqua,MODIS,52,6.2,296,31.5,D,0
21.6165,92.3974,325.1,2.1,1.4,2014-04-09,0739,Aqua,MODIS,71,6.2,297.9,38,D,0
21.5263,92.4208,339.8,2.1,1.4,2014-04-09,0739,Aqua,MODIS,88,6.2,295.1,96.4,D,0
21.6163,92.4028,328.9,2.1,1.4,2014-04-09,0739,Aqua,MODIS,77,6.2,298,52.5,D,0
21.7884,92.4308,318.5,2.1,1.4,2014-04-09,0739,Aqua,MODIS,48,6.2,294.9,20.5,D,0
22.0148,92.3652,332.7,2.1,1.4,2014-04-09,0739,Aqua,MODIS,82,6.2,296.6,68.1,D,0
21.6707,92.4285,326.1,2.1,1.4,2014-04-09,0739,Aqua,MODIS,72,6.2,296,42.7,D,0
21.7026,92.3403,330.3,2.1,1.4,2014-04-09,0739,Aqua,MODIS,78,6.2,296.1,53.3,D,0
21.7151,92.3384,325.6,2.1,1.4,2014-04-09,0739,Aqua,MODIS,72,6.2,295.9,38.8,D,0
22.8409,91.9491,316,2,1.4,2014-04-09,0739,Aqua,MODIS,45,6.2,295,13.7,D,0
21.7185,92.499,324.1,2.1,1.4,2014-04-09,0739,Aqua,MODIS,67,6.2,294.3,36.9,D,0
22.0164,92.5074,325.6,2.1,1.4,2014-04-09,0739,Aqua,MODIS,73,6.2,296.6,45.5,D,0
21.6815,92.4092,329.6,2.1,1.4,2014-04-09,0739,Aqua,MODIS,73,6.2,297.2,55.8,D,0
21.5473,92.4966,327.8,2.1,1.4,2014-04-09,0739,Aqua,MODIS,75,6.2,293.4,50.7,D,0
21.7385,92.4637,333,2.1,1.4,2014-04-09,0739,Aqua,MODIS,81,6.2,295.8,68.7,D,0
22.4528,92.3224,319.9,2.1,1.4,2014-04-09,0739,Aqua,MODIS,64,6.2,293.3,27.9,D,0
21.5974,92.4647,328.4,2.1,1.4,2014-04-09,0739,Aqua,MODIS,76,6.2,293.2,51.6,D,0
21.5362,92.4917,326.4,2.1,1.4,2014-04-09,0739,Aqua,MODIS,73,6.2,293.6,44.5,D,0
21.5953,92.4445,328.8,2.1,1.4,2014-04-09,0739,Aqua,MODIS,72,6.2,297.1,53.5,D,0
22.7242,91.9511,316.3,2,1.4,2014-04-09,0739,Aqua,MODIS,51,6.2,291.5,17.9,D,0
21.539,92.4196,323.5,2.1,1.4,2014-04-09,0739,Aqua,MODIS,68,6.2,296.9,33.2,D,0
21.5283,92.4135,331.5,2.1,1.4,2014-04-09,0739,Aqua,MODIS,80,6.2,295.3,58.7,D,0
22.8426,91.9437,319.5,2,1.4,2014-04-09,0739,Aqua,MODIS,55,6.2,295.3,21.1,D,0
21.5409,92.4122,321.5,2.1,1.4,2014-04-09,0739,Aqua,MODIS,29,6.2,297.2,26.5,D,0
21.5488,92.4899,330.8,2.1,1.4,2014-04-09,0739,Aqua,MODIS,79,6.2,294.9,60.7,D,0
21.7174,92.5062,320.2,2.1,1.4,2014-04-09,0739,Aqua,MODIS,58,6.2,293.3,26.9,D,0
22.8389,91.93,317.7,2,1.4,2014-04-09,0739,Aqua,MODIS,59,6.2,295.6,16.6,D,0
22.0861,92.3156,351.2,2.1,1.4,2014-04-09,0739,Aqua,MODIS,95,6.2,297.1,156.2,D,0
22.0175,92.5123,332.5,2.1,1.4,2014-04-09,0739,Aqua,MODIS,81,6.2,296.9,68.5,D,0
21.7129,92.3459,324.1,2.1,1.4,2014-04-09,0739,Aqua,MODIS,68,6.2,295.4,33.2,D,0
21.7108,92.3264,344.2,2.1,1.4,2014-04-09,0739,Aqua,MODIS,91,6.2,295.8,116.5,D,0
24.1312,89.4003,326.9,1.4,1.2,2014-04-09,0740,Aqua,MODIS,77,6.2,299.6,22.4,D,0
24.1251,89.408,333.2,1.4,1.2,2014-04-09,0740,Aqua,MODIS,63,6.2,299.7,34.6,D,0
24.1579,89.3551,322.8,1.4,1.2,2014-04-09,0740,Aqua,MODIS,67,6.2,299.9,14.4,D,0
24.1328,89.414,318.6,1.4,1.2,2014-04-09,0740,Aqua,MODIS,41,6.2,297.2,8.8,D,0
24.2554,89.1455,322.4,1.4,1.2,2014-04-09,0740,Aqua,MODIS,68,6.2,300.7,10.7,D,0
24.0983,89.3809,325.1,2,1.4,2014-04-10,0512,Terra,MODIS,65,6.2,301.9,39.3,D,0
24.2495,89.1433,323.8,1.9,1.4,2014-04-10,0512,Terra,MODIS,72,6.2,310.1,24.7,D,0
24.1021,89.3615,316.9,2,1.4,2014-04-10,0512,Terra,MODIS,23,6.2,300.5,14.7,D,0
24.7809,88.0996,319,1.6,1.2,2014-04-10,0512,Terra,MODIS,41,6.2,307.5,13,D,0
24.0963,89.3739,325.7,2,1.4,2014-04-10,0512,Terra,MODIS,70,6.2,299.8,39.7,D,0
21.5949,92.5838,310.8,3.9,1.8,2014-04-10,0513,Terra,MODIS,11,6.2,290,38.1,D,0
23.2001,89.428,322.1,2.1,1.4,2014-04-10,0513,Terra,MODIS,71,6.2,302,28.4,D,0
22.7847,92.3662,319.4,2.3,1.5,2014-04-10,0644,Aqua,MODIS,67,6.2,298.8,27.9,D,0
22.93,92.1064,317.4,2.4,1.5,2014-04-10,0644,Aqua,MODIS,63,6.2,296.3,24.3,D,0
21.9307,92.4049,322.6,2.4,1.5,2014-04-10,0644,Aqua,MODIS,70,6.2,291.1,41.6,D,0
21.5405,92.5869,348.1,2.4,1.5,2014-04-10,0644,Aqua,MODIS,93,6.2,292.7,180.8,D,0
22.1062,92.2819,317.1,2.4,1.5,2014-04-10,0644,Aqua,MODIS,57,6.2,294.7,24.7,D,0
22.1762,92.3612,316.3,2.4,1.5,2014-04-10,0644,Aqua,MODIS,50,6.2,296.5,16.5,D,0
22.3607,92.3003,317.9,2.4,1.5,2014-04-10,0644,Aqua,MODIS,61,6.2,295,21.9,D,0
22.3516,92.3098,321.2,2.4,1.5,2014-04-10,0644,Aqua,MODIS,68,6.2,294.8,31.2,D,0
21.9439,92.4023,325.8,2.4,1.5,2014-04-10,0644,Aqua,MODIS,75,6.2,295.2,53.2,D,0
21.5753,92.5548,356.3,2.4,1.5,2014-04-10,0644,Aqua,MODIS,92,6.2,291.4,247.9,D,0
22.452,92.3493,316.6,2.3,1.5,2014-04-10,0644,Aqua,MODIS,48,6.2,298.3,18.1,D,0
21.9048,92.3908,319.3,2.4,1.5,2014-04-10,0644,Aqua,MODIS,43,6.2,295,29.9,D,0
23.4997,91.9642,330.1,2.4,1.5,2014-04-10,0644,Aqua,MODIS,83,6.2,293.2,76,D,0
23.1635,89.4212,317.8,3.7,1.8,2014-04-10,0644,Aqua,MODIS,55,6.2,300.1,47.8,D,0
21.5666,92.5612,325.2,2.4,1.5,2014-04-10,0644,Aqua,MODIS,69,6.2,292.6,57.2,D,0
21.4751,92.4405,325.5,2.4,1.5,2014-04-10,0644,Aqua,MODIS,74,6.2,291.8,62.9,D,0
21.874,92.4463,325,2.4,1.5,2014-04-10,0644,Aqua,MODIS,56,6.2,291,52.9,D,0
22.9349,92.1106,314.1,2.4,1.5,2014-04-10,0644,Aqua,MODIS,53,6.2,294.4,16.2,D,0
21.8696,92.4229,354.7,2.4,1.5,2014-04-10,0644,Aqua,MODIS,92,6.2,295.5,230.4,D,0
25.0594,89.6798,312.2,3.2,1.7,2014-04-10,0645,Aqua,MODIS,0,6.2,299,27.5,D,0
21.7057,92.3871,318.9,1,1,2014-04-10,1608,Terra,MODIS,98,6.2,295.2,15.4,N,0
22.0671,92.2579,330.7,1.4,1.2,2014-04-11,0418,Terra,MODIS,82,6.2,307.1,28.2,D,0
21.9485,92.3049,323.5,1.4,1.2,2014-04-11,0418,Terra,MODIS,74,6.2,307.4,13.9,D,0
22.0548,92.2709,330.3,1.4,1.2,2014-04-11,0418,Terra,MODIS,81,6.2,307,26.7,D,0
21.7508,92.5424,325.7,1.3,1.1,2014-04-11,0726,Aqua,MODIS,60,6.2,293.3,22.5,D,0
21.6138,92.2424,321.7,1.3,1.1,2014-04-11,0726,Aqua,MODIS,41,6.2,296.7,12.7,D,0
21.6436,92.2375,321.6,1.3,1.1,2014-04-11,0726,Aqua,MODIS,73,6.2,298.5,13.4,D,0
21.2836,92.6199,335.2,1.3,1.1,2014-04-11,0726,Aqua,MODIS,83,6.2,305,37.6,D,0
21.6121,92.2374,324.2,1.3,1.1,2014-04-11,0726,Aqua,MODIS,77,6.2,297,17,D,0
21.2952,92.6365,341.6,1.3,1.1,2014-04-11,0726,Aqua,MODIS,89,6.2,304.7,52.5,D,0
21.2938,92.6186,339.9,1.3,1.1,2014-04-11,0726,Aqua,MODIS,87,6.2,306.4,48.3,D,0
21.2938,92.6243,354.2,1.3,1.1,2014-04-11,0726,Aqua,MODIS,97,6.2,307.1,90,D,0
21.3039,92.6229,376.4,1.3,1.1,2014-04-11,0726,Aqua,MODIS,100,6.2,308.7,191.1,D,0
21.6805,92.4553,324.6,1.3,1.1,2014-04-11,0726,Aqua,MODIS,57,6.2,277.6,22.7,D,0
21.2851,92.6321,344.6,1.3,1.1,2014-04-11,0726,Aqua,MODIS,91,6.2,303.9,60.5,D,0
21.2953,92.631,370.7,1.3,1.1,2014-04-11,0726,Aqua,MODIS,100,6.2,307.4,159.8,D,0
21.4925,92.5837,344,1.3,1.1,2014-04-11,0726,Aqua,MODIS,73,6.2,304,58.2,D,0
21.3054,92.6349,336.8,1.3,1.1,2014-04-11,0726,Aqua,MODIS,85,6.2,304.9,41.5,D,0
22.9629,91.9683,330.1,1.3,1.1,2014-04-11,0727,Aqua,MODIS,80,6.2,310.9,17.8,D,0
22.3511,92.2872,326.3,1.3,1.1,2014-04-11,0727,Aqua,MODIS,60,6.2,295.9,19,D,0
23.4214,91.9706,325.5,1.3,1.1,2014-04-11,0727,Aqua,MODIS,74,6.2,307.6,12.2,D,0
21.8126,92.2882,330.3,1.3,1.1,2014-04-11,0727,Aqua,MODIS,82,6.2,302.1,23.8,D,0
24.2814,90.1248,319.8,1.1,1,2014-04-11,0727,Aqua,MODIS,59,6.2,307,8.3,D,0
21.8753,92.4671,340.9,1.3,1.1,2014-04-11,0727,Aqua,MODIS,90,6.2,294.5,47.3,D,0
21.8259,92.4804,326.6,1.3,1.1,2014-04-11,0727,Aqua,MODIS,68,6.2,306.6,16.4,D,0
24.4001,89.2217,326.6,1,1,2014-04-11,0727,Aqua,MODIS,61,6.2,310.3,10.1,D,0
23.3869,92.1101,335.9,1.3,1.1,2014-04-11,0727,Aqua,MODIS,85,6.2,302.6,38.1,D,0
22.4409,92.1931,324.8,1.3,1.1,2014-04-11,0727,Aqua,MODIS,63,6.2,306.3,13.8,D,0
22.352,92.2937,324.7,1.3,1.1,2014-04-11,0727,Aqua,MODIS,75,6.2,293.9,19,D,0
22.2197,92.5463,327.3,1.3,1.1,2014-04-11,0727,Aqua,MODIS,46,6.2,303.8,22.5,D,0
22.3505,92.2813,321,1.3,1.1,2014-04-11,0727,Aqua,MODIS,62,6.2,295.3,13.4,D,0
21.9729,92.5229,319.6,1.3,1.1,2014-04-11,0727,Aqua,MODIS,51,6.2,286.1,13.2,D,0
23.1371,91.8946,324,1.3,1.1,2014-04-11,0727,Aqua,MODIS,62,6.2,306.5,11.4,D,0
23.3702,91.9727,326.2,1.3,1.1,2014-04-11,0727,Aqua,MODIS,75,6.2,310.8,13.8,D,0
22.2226,92.2301,324.5,1.3,1.1,2014-04-11,0727,Aqua,MODIS,60,6.2,303.6,15,D,0
21.7888,92.3478,324,1.3,1.1,2014-04-11,0727,Aqua,MODIS,76,6.2,304.6,12.5,D,0
21.7873,92.3356,324.5,1.3,1.1,2014-04-11,0727,Aqua,MODIS,76,6.2,305.5,12.9,D,0
24.1909,89.2384,332.2,1,1,2014-04-11,0727,Aqua,MODIS,66,6.2,316.3,14.8,D,0
22.0626,92.2522,360.8,1.3,1.1,2014-04-11,0727,Aqua,MODIS,100,6.2,310.1,104.8,D,0
22.011,92.2474,346.9,1.3,1.1,2014-04-11,0727,Aqua,MODIS,93,6.2,303.8,62.4,D,0
24.2263,89.1617,348.5,1,1,2014-04-11,0727,Aqua,MODIS,93,6.2,316.9,41.7,D,0
22.064,92.2635,338.5,1.3,1.1,2014-04-11,0727,Aqua,MODIS,88,6.2,305.4,37.9,D,0
21.9743,92.5349,322.6,1.3,1.1,2014-04-11,0727,Aqua,MODIS,71,6.2,287.4,17.8,D,0
22.2085,92.282,333.8,1.3,1.1,2014-04-11,0727,Aqua,MODIS,80,6.2,303.5,31.7,D,0
22.207,92.2698,330.9,1.3,1.1,2014-04-11,0727,Aqua,MODIS,72,6.2,303.8,25.7,D,0
21.8275,92.4932,324.7,1.3,1.1,2014-04-11,0727,Aqua,MODIS,64,6.2,303.7,13.6,D,0
23.6026,89.6728,324.4,1.3,1.1,2014-04-12,0500,Terra,MODIS,54,6.2,309.7,13,D,0
23.5142,91.9429,338,1.9,1.3,2014-04-12,0500,Terra,MODIS,88,6.2,304.2,79.2,D,0
23.5262,91.9452,339.2,1.9,1.3,2014-04-12,0500,Terra,MODIS,89,6.2,304.4,84.7,D,0
23.5109,91.9603,352.3,1.9,1.4,2014-04-12,0500,Terra,MODIS,96,6.2,305,150.6,D,0
23.5228,91.9632,354.6,1.9,1.4,2014-04-12,0500,Terra,MODIS,97,6.2,303.5,165.4,D,0
21.9017,92.2078,335.2,2.2,1.4,2014-04-12,0501,Terra,MODIS,85,6.2,304.6,82.8,D,0
21.8979,92.228,317.5,2.2,1.4,2014-04-12,0501,Terra,MODIS,62,6.2,304,19.7,D,0
21.6457,92.4923,320.7,4,1.9,2014-04-12,0631,Aqua,MODIS,62,6.2,303.1,75,D,0
21.577,92.5556,344.6,4,1.9,2014-04-12,0631,Aqua,MODIS,91,6.2,303.6,318.4,D,0
21.6402,92.5004,322.9,4,1.9,2014-04-12,0631,Aqua,MODIS,67,6.2,302.9,89.5,D,0
21.582,92.5499,338,4,1.9,2014-04-12,0631,Aqua,MODIS,86,6.2,303.5,231.5,D,0
21.5656,92.5536,319.4,4,1.9,2014-04-12,0631,Aqua,MODIS,54,6.2,302.3,64.9,D,0
22.0621,92.2781,318.2,4.1,1.9,2014-04-12,0632,Aqua,MODIS,59,6.2,301.6,53.8,D,0
23.4877,92.1714,334.5,3.8,1.8,2014-04-12,0632,Aqua,MODIS,86,6.2,299.8,193.3,D,0
22.0576,92.2831,318.2,4.1,1.9,2014-04-12,0632,Aqua,MODIS,57,6.2,301.5,54.6,D,0
23.474,92.1425,317.8,3.8,1.8,2014-04-12,0632,Aqua,MODIS,59,6.2,297.7,58,D,0
23.4579,92.1468,332.5,3.8,1.8,2014-04-12,0632,Aqua,MODIS,84,6.2,296.5,170.3,D,0
23.4717,92.1756,334,3.8,1.8,2014-04-12,0632,Aqua,MODIS,85,6.2,299.7,187,D,0
21.7557,92.4963,316.5,4,1.9,2014-04-12,0632,Aqua,MODIS,35,6.2,302.5,41.6,D,0
23.4813,92.1771,352.9,3.8,1.8,2014-04-12,0632,Aqua,MODIS,96,6.2,300.6,429.8,D,0
23.4642,92.1414,317,3.8,1.8,2014-04-12,0632,Aqua,MODIS,58,6.2,295.8,50.7,D,0
21.9514,92.5701,317.9,2.2,1.4,2014-04-13,0406,Terra,MODIS,60,6.2,301.8,22,D,0
22.3945,92.4935,323.4,1,1,2014-04-13,0714,Aqua,MODIS,60,6.2,308.4,7.2,D,0
21.8651,92.2566,325.5,1,1,2014-04-13,0714,Aqua,MODIS,71,6.2,310.5,8.4,D,0
21.906,92.4166,331.8,1,1,2014-04-13,0714,Aqua,MODIS,75,6.2,313,12.5,D,0
21.8908,92.4388,332.2,1,1,2014-04-13,0714,Aqua,MODIS,45,6.2,313.2,12.3,D,0
21.8819,92.4402,339.5,1,1,2014-04-13,0714,Aqua,MODIS,87,6.2,313,23.5,D,0
21.8521,92.4322,326.1,1,1,2014-04-13,0714,Aqua,MODIS,66,6.2,312.4,6.1,D,0
21.5727,92.2749,319.6,1,1,2014-04-13,0714,Aqua,MODIS,49,6.2,304.9,4.4,D,0
21.7725,92.3863,324.5,1,1,2014-04-13,0714,Aqua,MODIS,69,6.2,309.3,7.8,D,0
21.7712,92.3767,325.9,1,1,2014-04-13,0714,Aqua,MODIS,72,6.2,309.7,9.4,D,0
21.6073,92.1324,328.6,1,1,2014-04-13,0714,Aqua,MODIS,76,6.2,311.8,12.9,D,0
21.6086,92.142,352.9,1,1,2014-04-13,0714,Aqua,MODIS,96,6.2,312.9,54.7,D,0
21.4802,92.3414,322.1,1,1,2014-04-13,0714,Aqua,MODIS,54,6.2,306.8,7.4,D,0
21.5458,92.3435,329.2,1,1,2014-04-13,0714,Aqua,MODIS,77,6.2,313.1,12.7,D,0
21.8296,92.1353,322.4,1,1,2014-04-13,0714,Aqua,MODIS,63,6.2,309.2,5.8,D,0
22.2731,92.4104,323,1,1,2014-04-13,0714,Aqua,MODIS,58,6.2,309.6,6.7,D,0
21.4423,92.3964,323,1,1,2014-04-13,0714,Aqua,MODIS,52,6.2,308.7,8,D,0
21.4512,92.3949,322.9,1,1,2014-04-13,0714,Aqua,MODIS,48,6.2,309.1,7.9,D,0
21.4124,92.5732,350.8,1,1,2014-04-13,0714,Aqua,MODIS,95,6.2,309.2,53,D,0
22.0622,92.5526,327.7,1,1,2014-04-13,0714,Aqua,MODIS,49,6.2,311.9,10.1,D,0
22.0429,92.5459,346.9,1,1,2014-04-13,0714,Aqua,MODIS,87,6.2,311.2,42,D,0
21.953,92.5561,332.1,1,1,2014-04-13,0714,Aqua,MODIS,79,6.2,307.3,18.1,D,0
21.9543,92.5656,345,1,1,2014-04-13,0714,Aqua,MODIS,91,6.2,307.7,39.1,D,0
21.9557,92.5753,335.6,1,1,2014-04-13,0714,Aqua,MODIS,83,6.2,308,23.2,D,0
22.0102,92.443,339.9,1,1,2014-04-13,0714,Aqua,MODIS,87,6.2,315.5,25.7,D,0
22.0735,92.4946,346.8,1,1,2014-04-13,0714,Aqua,MODIS,92,6.2,309.1,42.1,D,0
22.0645,92.4961,326.1,1,1,2014-04-13,0714,Aqua,MODIS,70,6.2,309.7,10.7,D,0
21.539,92.2958,335.4,1,1,2014-04-13,0714,Aqua,MODIS,84,6.2,308.3,21.7,D,0
21.5404,92.3053,331.5,1,1,2014-04-13,0714,Aqua,MODIS,80,6.2,307.5,16,D,0
22.0748,92.5042,371.3,1,1,2014-04-13,0714,Aqua,MODIS,100,6.2,308.1,108,D,0
22.0659,92.5057,343.9,1,1,2014-04-13,0714,Aqua,MODIS,90,6.2,310.1,37.1,D,0
21.6987,92.5117,325,1,1,2014-04-13,0714,Aqua,MODIS,56,6.2,310.9,7.6,D,0
21.4213,92.5718,324.9,1,1,2014-04-13,0714,Aqua,MODIS,55,6.2,308.9,11.1,D,0
22.2919,92.3483,325.6,1,1,2014-04-13,0714,Aqua,MODIS,63,6.2,311.5,7.1,D,0
22.0089,92.4334,331.1,1,1,2014-04-13,0714,Aqua,MODIS,78,6.2,315,12.5,D,0
21.7728,92.259,350.4,1,1,2014-04-13,0714,Aqua,MODIS,95,6.2,310.7,47.2,D,0
21.7742,92.2686,327.7,1,1,2014-04-13,0714,Aqua,MODIS,69,6.2,309.3,10.1,D,0
21.5504,92.4405,327.6,1,1,2014-04-13,0714,Aqua,MODIS,75,6.2,310.5,9.7,D,0
21.6295,92.3536,330.3,1,1,2014-04-13,0714,Aqua,MODIS,78,6.2,310.9,14.2,D,0
22.4138,92.2962,325.7,1,1,2014-04-13,0714,Aqua,MODIS,70,6.2,308.8,8.6,D,0
22.8018,91.6001,330.6,1,1,2014-04-13,0715,Aqua,MODIS,78,6.2,310,17.2,D,0
23.7144,92.1229,393.8,1,1,2014-04-13,0715,Aqua,MODIS,100,6.2,314.2,208.4,D,0
23.4599,92.085,333.2,1,1,2014-04-13,0715,Aqua,MODIS,65,6.2,295.8,22.2,D,0
23.7158,92.1326,401.2,1,1,2014-04-13,0715,Aqua,MODIS,100,6.2,312,251.9,D,0
23.5049,91.9416,340.6,1,1,2014-04-13,0715,Aqua,MODIS,89,6.2,309.2,30.1,D,0
23.5386,91.9856,319.9,1,1,2014-04-13,0715,Aqua,MODIS,36,6.2,306.7,5.6,D,0
23.542,91.9453,324.1,1,1,2014-04-13,0715,Aqua,MODIS,61,6.2,309,8.5,D,0
23.531,91.9968,371.9,1,1,2014-04-13,0715,Aqua,MODIS,100,6.2,314,109.9,D,0
23.0736,89.9714,320.1,1.1,1,2014-04-13,0715,Aqua,MODIS,64,6.2,306.2,10.3,D,0
22.6404,92.014,323.7,1,1,2014-04-13,0715,Aqua,MODIS,67,6.2,310,7.2,D,0
22.5833,92.1278,324.2,1,1,2014-04-13,0715,Aqua,MODIS,66,6.2,308.7,7.4,D,0
23.3797,91.8406,323.7,1,1,2014-04-13,0715,Aqua,MODIS,66,6.2,309,6.8,D,0
23.4496,92.0768,349.8,1,1,2014-04-13,0715,Aqua,MODIS,89,6.2,298.7,50.8,D,0
23.1322,91.9102,336.4,1,1,2014-04-13,0715,Aqua,MODIS,85,6.2,312.2,21.1,D,0
23.1309,91.9005,340.1,1,1,2014-04-13,0715,Aqua,MODIS,88,6.2,312,27.1,D,0
23.5399,91.9953,322.6,1,1,2014-04-13,0715,Aqua,MODIS,55,6.2,306.8,8.2,D,0
23.451,92.0865,323,1,1,2014-04-13,0715,Aqua,MODIS,23,6.2,292.8,9.3,D,0
23.3952,92.1456,372.4,1,1,2014-04-13,0715,Aqua,MODIS,100,6.2,303.8,110.9,D,0
23.3639,91.7938,325.4,1,1,2014-04-13,0715,Aqua,MODIS,73,6.2,309,8.5,D,0
23.2346,92.314,319.7,1,1,2014-04-13,0715,Aqua,MODIS,41,6.2,306.5,5.5,D,0
23.291,92.3245,333.4,1,1,2014-04-13,0715,Aqua,MODIS,82,6.2,303.6,21.4,D,0
23.2897,92.3148,395.9,1,1,2014-04-13,0715,Aqua,MODIS,100,6.2,311.9,220.9,D,0
23.6285,91.9748,317.2,1,1,2014-04-13,0715,Aqua,MODIS,48,6.2,304.3,6.3,D,0
23.6271,91.9651,317.6,1,1,2014-04-13,0715,Aqua,MODIS,51,6.2,304.6,6.3,D,0
23.2658,92.2093,322.1,1,1,2014-04-13,0715,Aqua,MODIS,66,6.2,306.8,7.1,D,0
23.4041,92.1441,340.4,1,1,2014-04-13,0715,Aqua,MODIS,75,6.2,297.7,32.2,D,0
24.091,91.4713,319.3,1,1,2014-04-13,0715,Aqua,MODIS,60,6.2,306.1,6,D,0
23.5324,92.0065,399.7,1,1,2014-04-13,0715,Aqua,MODIS,100,6.2,313.5,240.4,D,0
23.0454,91.8229,324.6,1,1,2014-04-13,0715,Aqua,MODIS,70,6.2,309.8,8.1,D,0
23.5227,92.0678,318.2,1,1,2014-04-13,0715,Aqua,MODIS,56,6.2,304.3,7.6,D,0
22.7819,92.4352,324.2,1,1,2014-04-13,0715,Aqua,MODIS,54,6.2,310.7,6.2,D,0
23.2973,91.8404,326.4,1,1,2014-04-13,0715,Aqua,MODIS,74,6.2,309.1,8.1,D,0
23.5413,92.005,325.3,1,1,2014-04-13,0715,Aqua,MODIS,61,6.2,304.1,11.7,D,0
23.7247,92.1312,386,1,1,2014-04-13,0715,Aqua,MODIS,100,6.2,309.2,170.2,D,0
23.7261,92.1409,352.6,1,1,2014-04-13,0715,Aqua,MODIS,96,6.2,303.8,58,D,0
23.0161,92.3281,320.8,1,1,2014-04-13,0715,Aqua,MODIS,59,6.2,306.6,5.7,D,0
23.4586,92.0753,349.1,1,1,2014-04-13,0715,Aqua,MODIS,94,6.2,300.7,49.9,D,0
22.0395,92.5596,322.9,1.4,1.2,2014-04-14,0448,Terra,MODIS,70,6.2,308.5,14.4,D,0
22.0416,92.5472,323.7,1.4,1.2,2014-04-14,0448,Terra,MODIS,46,6.2,309.8,14.6,D,0
22.4117,92.2999,322.3,1.3,1.1,2014-04-14,0448,Terra,MODIS,69,6.2,309.1,11.7,D,0
23.3814,89.1315,324.7,1,1,2014-04-14,0448,Terra,MODIS,65,6.2,308.3,9.6,D,0
23.011,91.7888,326.4,1.2,1.1,2014-04-14,0448,Terra,MODIS,76,6.2,307.6,16.5,D,0
21.9729,92.5735,319.8,1.4,1.2,2014-04-14,0448,Terra,MODIS,45,6.2,306.4,11.5,D,0
21.9443,92.5742,327.8,1.4,1.2,2014-04-14,0448,Terra,MODIS,77,6.2,307,25.6,D,0
24.4831,90.3809,313.6,1,1,2014-04-14,0448,Terra,MODIS,53,6.2,302,4.9,D,0
23.3248,91.7665,323.7,1.2,1.1,2014-04-14,0448,Terra,MODIS,72,6.2,307.9,11.1,D,0
22.9663,92.1215,319.5,1.3,1.1,2014-04-14,0448,Terra,MODIS,61,6.2,306.7,7.9,D,0
24.7436,88.0558,325.1,1,1,2014-04-14,0448,Terra,MODIS,52,6.2,308.2,10,D,0
21.9773,92.441,322.7,4.7,2,2014-04-14,0757,Aqua,MODIS,75,6.2,307.4,79.1,D,0
21.9803,92.4808,335,4.7,2,2014-04-14,0757,Aqua,MODIS,87,6.2,305.9,225.4,D,0
21.9509,92.5797,326.4,4.8,2,2014-04-14,0757,Aqua,MODIS,80,6.2,302.3,137.7,D,0
21.9508,92.571,326.6,4.8,2,2014-04-14,0757,Aqua,MODIS,80,6.2,302.6,138.9,D,0
21.9767,92.4486,327.5,4.7,2,2014-04-14,0757,Aqua,MODIS,81,6.2,307.5,128.5,D,0
21.9799,92.4886,332.2,4.7,2,2014-04-14,0757,Aqua,MODIS,84,6.2,305.4,187.8,D,0
24.1887,89.2143,324,2.9,1.6,2014-04-14,0758,Aqua,MODIS,58,6.2,304.9,48.8,D,0
22.9631,92.1188,315.4,1.8,1.3,2014-04-14,1544,Terra,MODIS,91,6.2,297.8,27.5,N,0
23.705,92.1673,310.5,1.8,1.3,2014-04-14,1544,Terra,MODIS,80,6.2,295.1,19.7,N,0
22.9581,92.1221,306.5,2,1.4,2014-04-14,2006,Aqua,MODIS,68,6.2,295.4,18.3,N,0
22.9578,92.1291,319,4.1,1.9,2014-04-15,0353,Terra,MODIS,49,6.2,301.4,63.5,D,0
22.9544,92.1218,320.5,4.1,1.9,2014-04-15,0353,Terra,MODIS,0,6.2,301.3,69.5,D,0
25.1556,89.6418,318.3,4.3,1.9,2014-04-15,0530,Terra,MODIS,0,6.2,305.1,79.2,D,0
25.4662,89.6586,315.8,4.2,1.9,2014-04-15,0530,Terra,MODIS,0,6.2,304,69.2,D,0
24.2138,89.1863,320.5,4.2,1.9,2014-04-15,0531,Terra,MODIS,45,6.2,299.5,67.1,D,0
24.2177,89.1928,323,4.2,1.9,2014-04-15,0531,Terra,MODIS,62,6.2,300.1,81.8,D,0
21.6856,92.3739,334.9,1.2,1.1,2014-04-15,0702,Aqua,MODIS,84,6.2,310.2,28.3,D,0
22.948,92.1204,322.2,1.2,1.1,2014-04-15,0702,Aqua,MODIS,53,6.2,308.2,7.4,D,0
23.4658,92.0776,319,1.2,1.1,2014-04-15,0702,Aqua,MODIS,62,6.2,304.8,9.2,D,0
23.4676,92.0889,367.2,1.2,1.1,2014-04-15,0702,Aqua,MODIS,100,6.2,305.9,123.1,D,0
22.9698,92.1096,336.8,1.2,1.1,2014-04-15,0702,Aqua,MODIS,85,6.2,311.5,30.6,D,0
22.3787,92.3351,333.7,1.2,1.1,2014-04-15,0702,Aqua,MODIS,82,6.2,310.6,23.3,D,0
21.4883,92.0948,329.9,1.2,1.1,2014-04-15,0702,Aqua,MODIS,80,6.2,307.9,24.6,D,0
22.3323,92.3721,336.4,1.2,1.1,2014-04-15,0702,Aqua,MODIS,85,6.2,313.1,27,D,0
22.4073,92.1418,336.4,1.2,1.1,2014-04-15,0702,Aqua,MODIS,84,6.2,313.7,28,D,0
21.5745,92.5621,331.6,1.2,1.1,2014-04-15,0702,Aqua,MODIS,81,6.2,309.7,21.5,D,0
22.3622,92.2327,324.5,1.2,1.1,2014-04-15,0702,Aqua,MODIS,69,6.2,310.4,9.1,D,0
22.3433,92.1776,323.6,1.2,1.1,2014-04-15,0702,Aqua,MODIS,67,6.2,311,8.9,D,0
23.2903,91.8696,324,1.2,1.1,2014-04-15,0702,Aqua,MODIS,72,6.2,308.1,9.5,D,0
22.3769,92.3239,326.2,1.2,1.1,2014-04-15,0702,Aqua,MODIS,73,6.2,311.4,10.7,D,0
21.5866,92.515,331.4,1.2,1.1,2014-04-15,0702,Aqua,MODIS,81,6.2,307,23.4,D,0
23.4316,92.0493,322.6,1.2,1.1,2014-04-15,0702,Aqua,MODIS,68,6.2,307.1,10.5,D,0
22.4449,92.3796,326.5,1.2,1.1,2014-04-15,0702,Aqua,MODIS,64,6.2,310.8,12.7,D,0
21.987,92.4614,328.8,1.2,1.1,2014-04-15,0702,Aqua,MODIS,77,6.2,312.5,14,D,0
23.3087,92.1891,327.2,1.2,1.1,2014-04-15,0702,Aqua,MODIS,76,6.2,307.8,14.4,D,0
21.2867,92.6228,328.1,1.2,1.1,2014-04-15,0702,Aqua,MODIS,78,6.2,293.2,24.9,D,0
21.3077,92.6306,330.5,1.2,1.1,2014-04-15,0702,Aqua,MODIS,80,6.2,294,26.2,D,0
21.2886,92.6341,323.8,1.2,1.1,2014-04-15,0702,Aqua,MODIS,72,6.2,291.6,18.7,D,0
21.5427,92.5748,326.4,1.2,1.1,2014-04-15,0702,Aqua,MODIS,75,6.2,306.9,15.2,D,0
23.4334,92.0606,328.2,1.2,1.1,2014-04-15,0702,Aqua,MODIS,78,6.2,307.2,18.7,D,0
21.7921,92.5216,326.6,1.2,1.1,2014-04-15,0702,Aqua,MODIS,59,6.2,312.9,11.4,D,0
21.7329,92.521,323.3,1.2,1.1,2014-04-15,0702,Aqua,MODIS,35,6.2,310.8,6.6,D,0
21.8763,92.5357,324.7,1.2,1.1,2014-04-15,0702,Aqua,MODIS,70,6.2,309,12.8,D,0
21.7228,92.4833,334,1.2,1.1,2014-04-15,0702,Aqua,MODIS,83,6.2,311.9,24.5,D,0
21.721,92.4718,326.2,1.2,1.1,2014-04-15,0702,Aqua,MODIS,40,6.2,309.9,12.2,D,0
21.7256,92.4763,330,1.2,1.1,2014-04-15,0702,Aqua,MODIS,79,6.2,312.3,18.7,D,0
22.647,92.0299,325.2,1.2,1.1,2014-04-15,0702,Aqua,MODIS,71,6.2,312.7,10.1,D,0
22.1571,92.5558,323.3,1.2,1.1,2014-04-15,0702,Aqua,MODIS,64,6.2,309.2,10.4,D,0
23.2588,92.2448,324,1.2,1.1,2014-04-15,0702,Aqua,MODIS,59,6.2,305.6,12.8,D,0
21.9733,92.2369,329.1,1.2,1.1,2014-04-15,0702,Aqua,MODIS,77,6.2,311.5,18.4,D,0
21.9204,92.4156,330.5,1.2,1.1,2014-04-15,0702,Aqua,MODIS,79,6.2,313,17.8,D,0
22.8033,91.977,323.4,1.2,1.1,2014-04-15,0702,Aqua,MODIS,65,6.2,306.4,10.8,D,0
22.8052,91.9887,327.2,1.2,1.1,2014-04-15,0702,Aqua,MODIS,74,6.2,307.1,16.3,D,0
21.9752,92.2483,334.8,1.2,1.1,2014-04-15,0702,Aqua,MODIS,83,6.2,312.5,28.3,D,0
22.4431,92.3682,325.8,1.2,1.1,2014-04-15,0702,Aqua,MODIS,69,6.2,308.9,12.7,D,0
21.4896,92.3653,316,1.2,1.1,2014-04-15,0702,Aqua,MODIS,48,6.2,303,4.1,D,0
21.7281,92.5171,327.3,1.2,1.1,2014-04-15,0702,Aqua,MODIS,66,6.2,310.2,12.4,D,0
21.6814,92.2217,323.1,1.2,1.1,2014-04-15,0702,Aqua,MODIS,70,6.2,309,9.1,D,0
21.6953,92.372,332.9,1.2,1.1,2014-04-15,0702,Aqua,MODIS,82,6.2,310.3,24.3,D,0
23.2121,92.282,330.2,1.2,1.1,2014-04-15,0702,Aqua,MODIS,77,6.2,310.4,18.2,D,0
22.1995,92.5525,322.9,1.2,1.1,2014-04-15,0702,Aqua,MODIS,49,6.2,310.8,9.1,D,0
23.0388,92.2929,323.2,1.2,1.1,2014-04-15,0702,Aqua,MODIS,67,6.2,307.9,9,D,0
23.0407,92.3044,325.1,1.2,1.1,2014-04-15,0702,Aqua,MODIS,72,6.2,310.1,11.6,D,0
22.8154,92.1746,324.5,1.2,1.1,2014-04-15,0702,Aqua,MODIS,69,6.2,307.9,12.2,D,0
21.9997,92.3377,321.8,1.2,1.1,2014-04-15,0702,Aqua,MODIS,59,6.2,310.9,7.2,D,0
21.9246,92.38,329,1.2,1.1,2014-04-15,0702,Aqua,MODIS,77,6.2,310.7,16.6,D,0
21.7062,92.441,326.6,1.2,1.1,2014-04-15,0702,Aqua,MODIS,75,6.2,308.1,15.9,D,0
22.1715,92.2576,354.3,1.2,1.1,2014-04-15,0702,Aqua,MODIS,97,6.2,310.6,74.6,D,0
23.4421,92.1747,318.2,1.2,1.1,2014-04-15,0702,Aqua,MODIS,47,6.2,304.5,5.7,D,0
23.4516,92.1729,334,1.2,1.1,2014-04-15,0702,Aqua,MODIS,84,6.2,304.3,28.9,D,0
23.4498,92.162,325.5,1.2,1.1,2014-04-15,0702,Aqua,MODIS,75,6.2,303.6,15.9,D,0
21.6621,92.4132,324.1,1.2,1.1,2014-04-15,0702,Aqua,MODIS,71,6.2,310.2,11,D,0
22.4112,92.1463,327,1.2,1.1,2014-04-15,0702,Aqua,MODIS,73,6.2,313.7,13.4,D,0
22.4093,92.1348,325.4,1.2,1.1,2014-04-15,0702,Aqua,MODIS,71,6.2,312,11.1,D,0
22.1588,92.5663,330.9,1.2,1.1,2014-04-15,0702,Aqua,MODIS,79,6.2,310.9,20.6,D,0
22.2498,92.3128,322.8,1.2,1.1,2014-04-15,0702,Aqua,MODIS,62,6.2,310,6.7,D,0
22.2807,92.1121,327.1,1.2,1.1,2014-04-15,0702,Aqua,MODIS,74,6.2,307,18.6,D,0
21.9925,92.4965,325.4,1.2,1.1,2014-04-15,0702,Aqua,MODIS,58,6.2,312.4,11.6,D,0
24.2124,89.1917,329.3,1.7,1.3,2014-04-15,0703,Aqua,MODIS,32,6.2,310.2,26.4,D,0
23.538,92.0105,322.3,1.2,1.1,2014-04-15,0703,Aqua,MODIS,64,6.2,303.1,11.8,D,0
23.6973,92.0958,319.6,1.2,1.1,2014-04-15,0703,Aqua,MODIS,66,6.2,302.6,10.4,D,0
23.5362,91.9991,350.7,1.2,1.1,2014-04-15,0703,Aqua,MODIS,95,6.2,306.9,66.9,D,0
24.2097,89.1871,326.7,1.7,1.3,2014-04-15,0703,Aqua,MODIS,34,6.2,309.4,18.6,D,0
22.956,92.1131,331,1,1,2014-04-16,0436,Terra,MODIS,81,6.2,306.8,17.8,D,0
23.3843,89.0488,322.9,1.2,1.1,2014-04-16,0436,Terra,MODIS,65,6.2,303.9,11,D,0
22.9546,92.1227,333.3,1,1,2014-04-16,0436,Terra,MODIS,83,6.2,306.7,21.1,D,0
23.3766,89.1072,324.4,1.2,1.1,2014-04-16,0436,Terra,MODIS,48,6.2,303.8,14.4,D,0
22.9225,91.9694,326.3,1,1,2014-04-16,0436,Terra,MODIS,75,6.2,309.3,9.4,D,0
21.8618,92.1546,324.6,1,1,2014-04-16,0436,Terra,MODIS,73,6.2,307.8,10,D,0
21.6669,92.5245,333.6,1,1,2014-04-16,0436,Terra,MODIS,84,6.2,311.7,21,D,0
21.8936,92.5516,340.5,1,1,2014-04-16,0436,Terra,MODIS,89,6.2,308.5,32.8,D,0
24.4827,89.8415,320,1.1,1.1,2014-04-16,0436,Terra,MODIS,40,6.2,304.7,11,D,0
21.8921,92.5614,334.9,1,1,2014-04-16,0436,Terra,MODIS,84,6.2,307.4,23.7,D,0
22.8824,91.7398,322.1,1,1,2014-04-16,0436,Terra,MODIS,68,6.2,306.3,7.1,D,0
22.9175,92.1263,322.1,1,1,2014-04-16,0436,Terra,MODIS,68,6.2,306.6,7.9,D,0
22.9264,92.1278,324.1,1,1,2014-04-16,0436,Terra,MODIS,72,6.2,307.4,10.1,D,0
22.8159,92.0045,322.4,1,1,2014-04-16,0436,Terra,MODIS,69,6.2,307,8.5,D,0
21.8093,92.1512,324.7,2.6,1.6,2014-04-16,0745,Aqua,MODIS,69,6.2,303.6,44,D,0
21.4091,92.5981,369.9,2.8,1.6,2014-04-16,0745,Aqua,MODIS,100,6.2,301.4,475,D,0
21.935,92.3921,339.1,2.7,1.6,2014-04-16,0745,Aqua,MODIS,87,6.2,307.2,122,D,0
21.4234,92.5965,354.1,2.8,1.6,2014-04-16,0745,Aqua,MODIS,91,6.2,299.2,275.3,D,0
23.4529,92.1749,320.8,2.8,1.6,2014-04-16,0745,Aqua,MODIS,61,6.2,301.5,36.7,D,0
22.9138,92.1179,323,2.7,1.6,2014-04-16,0745,Aqua,MODIS,46,6.2,303.4,38.7,D,0
23.0243,92.3113,322.8,2.8,1.6,2014-04-16,0745,Aqua,MODIS,69,6.2,304.6,38.2,D,0
23.4487,92.1833,319.8,2.8,1.6,2014-04-16,0745,Aqua,MODIS,51,6.2,302.4,31.8,D,0
23.0218,92.286,320.5,2.8,1.6,2014-04-16,0745,Aqua,MODIS,48,6.2,304.1,27.5,D,0
21.392,92.5714,318.8,2.8,1.6,2014-04-16,0745,Aqua,MODIS,36,6.2,299.8,32,D,0
23.0262,92.3067,324.3,2.8,1.6,2014-04-16,0745,Aqua,MODIS,72,6.2,304.7,44.7,D,0
23.6996,92.1076,325.5,2.8,1.6,2014-04-16,0745,Aqua,MODIS,74,6.2,298.2,64.5,D,0
23.702,92.1022,320.1,2.8,1.6,2014-04-16,0745,Aqua,MODIS,60,6.2,298.5,37.6,D,0
21.4207,92.569,328.6,2.8,1.6,2014-04-16,0745,Aqua,MODIS,66,6.2,293.6,76,D,0
21.9325,92.3977,341,2.7,1.6,2014-04-16,0745,Aqua,MODIS,88,6.2,307.6,136.2,D,0
21.5295,92.5713,323,2.8,1.6,2014-04-16,0745,Aqua,MODIS,60,6.2,303.7,44.4,D,0
23.3347,92.2269,335.6,2.8,1.6,2014-04-16,0745,Aqua,MODIS,85,6.2,302.5,109.2,D,0
21.411,92.5935,369.5,2.8,1.6,2014-04-16,0745,Aqua,MODIS,100,6.2,301.4,463.8,D,0
22.6838,92.0515,322.7,2.6,1.6,2014-04-16,0745,Aqua,MODIS,64,6.2,302.7,38.3,D,0
23.1327,92.1541,324,2.7,1.6,2014-04-16,0745,Aqua,MODIS,72,6.2,303.7,37.8,D,0
21.803,92.1594,328.1,2.6,1.6,2014-04-16,0745,Aqua,MODIS,75,6.2,303.6,59.8,D,0
21.4787,92.399,317.9,2.7,1.6,2014-04-16,0745,Aqua,MODIS,37,6.2,301.4,21.5,D,0
21.9688,92.2994,315.1,4.7,2,2014-04-17,0519,Terra,MODIS,50,6.2,296.6,53.3,D,0
21.9689,92.2949,314.1,4.7,2,2014-04-17,0519,Terra,MODIS,39,6.2,296.4,46.2,D,0
21.4671,92.4492,330.5,1.9,1.3,2014-04-17,0650,Aqua,MODIS,79,6.2,303.7,46.7,D,0
21.3777,92.573,338.1,1.8,1.3,2014-04-17,0650,Aqua,MODIS,65,6.2,302.8,68.7,D,0
21.3922,92.5861,345.1,1.8,1.3,2014-04-17,0650,Aqua,MODIS,91,6.2,304.1,99.7,D,0
21.3893,92.57,324.1,1.8,1.3,2014-04-17,0650,Aqua,MODIS,23,6.2,302.6,26.5,D,0
21.39,92.5977,324,1.8,1.3,2014-04-17,0650,Aqua,MODIS,41,6.2,302.8,26.3,D,0
23.3437,92.253,326.5,1.8,1.3,2014-04-17,0650,Aqua,MODIS,77,6.2,306.8,31,D,0
21.3868,92.5806,360.2,1.8,1.3,2014-04-17,0650,Aqua,MODIS,100,6.2,305.7,186,D,0
21.384,92.5653,323.1,1.8,1.3,2014-04-17,0650,Aqua,MODIS,49,6.2,302.1,25.2,D,0
21.4016,92.595,330.8,1.8,1.3,2014-04-17,0650,Aqua,MODIS,79,6.2,303.1,45.6,D,0
22.1188,92.5133,319.1,1.8,1.3,2014-04-17,0650,Aqua,MODIS,38,6.2,303.2,14.1,D,0
22.1145,92.508,319.7,1.8,1.3,2014-04-17,0650,Aqua,MODIS,62,6.2,302.9,16.5,D,0
23.1813,92.1318,322.8,1.8,1.3,2014-04-17,0650,Aqua,MODIS,72,6.2,307,17.6,D,0
23.6998,92.2401,328.4,1.7,1.3,2014-04-17,0650,Aqua,MODIS,78,6.2,299.7,42.1,D,0
21.4757,92.4292,332.4,1.9,1.3,2014-04-17,0650,Aqua,MODIS,81,6.2,303.6,53.5,D,0
23.4113,92.1779,330,1.8,1.3,2014-04-17,0650,Aqua,MODIS,81,6.2,303.6,40.7,D,0
23.3912,92.1998,320.9,1.8,1.3,2014-04-17,0650,Aqua,MODIS,70,6.2,305.5,16.1,D,0
21.5814,92.3626,323.6,1.9,1.3,2014-04-17,0650,Aqua,MODIS,68,6.2,303.3,25.1,D,0
23.1846,92.1496,325.9,1.8,1.3,2014-04-17,0650,Aqua,MODIS,76,6.2,307.2,26.1,D,0
23.0158,92.3053,320.5,1.8,1.3,2014-04-17,0650,Aqua,MODIS,66,6.2,305.2,16.5,D,0
22.3467,92.2989,334.7,1.8,1.3,2014-04-17,0650,Aqua,MODIS,85,6.2,304.2,54.4,D,0
22.3523,92.2927,340.1,1.8,1.3,2014-04-17,0650,Aqua,MODIS,89,6.2,304.7,75,D,0
22.9083,92.2684,328,1.8,1.3,2014-04-17,0650,Aqua,MODIS,59,6.2,302,35.4,D,0
22.903,92.2645,326.9,1.8,1.3,2014-04-17,0650,Aqua,MODIS,0,6.2,302.7,33.1,D,0
22.3532,92.3353,323.3,1.8,1.3,2014-04-17,0650,Aqua,MODIS,58,6.2,305.4,18.3,D,0
21.4789,92.4466,335.1,1.9,1.3,2014-04-17,0650,Aqua,MODIS,84,6.2,304.2,62.7,D,0
21.3688,92.5914,394,1.8,1.3,2014-04-17,0650,Aqua,MODIS,100,6.2,306.7,507.2,D,0
21.357,92.5936,325,1.8,1.3,2014-04-17,0650,Aqua,MODIS,71,6.2,302.1,34.9,D,0
21.3601,92.6111,317.7,1.8,1.3,2014-04-17,0650,Aqua,MODIS,42,6.2,301.3,16.5,D,0
21.701,92.5158,322.3,1.8,1.3,2014-04-17,0650,Aqua,MODIS,64,6.2,304.5,19.3,D,0
21.3805,92.5887,339.4,1.8,1.3,2014-04-17,0650,Aqua,MODIS,71,6.2,302.8,73.3,D,0
23.3406,92.2359,322.9,1.8,1.3,2014-04-17,0650,Aqua,MODIS,73,6.2,305.6,21.4,D,0
21.4638,92.4316,340.7,1.9,1.3,2014-04-17,0650,Aqua,MODIS,88,6.2,303.3,85.2,D,0
23.4833,92.0673,318.7,1.8,1.3,2014-04-17,0650,Aqua,MODIS,66,6.2,301.9,19,D,0
23.6968,92.2232,340.1,1.8,1.3,2014-04-17,0650,Aqua,MODIS,89,6.2,301.5,80.1,D,0
22.3575,92.4946,322.7,1.8,1.3,2014-04-17,0650,Aqua,MODIS,66,6.2,306.1,19.1,D,0
21.3718,92.6086,371.8,1.8,1.3,2014-04-17,0650,Aqua,MODIS,100,6.2,303.3,270.6,D,0
24.5016,89.8317,316.6,2.5,1.5,2014-04-17,0651,Aqua,MODIS,19,6.2,301.3,27.4,D,0
25.0906,89.5952,317.8,2.5,1.5,2014-04-17,0651,Aqua,MODIS,0,6.2,302.6,32.3,D,0
25.1625,89.6028,319,2.5,1.5,2014-04-17,0651,Aqua,MODIS,0,6.2,302.9,33.6,D,0
25.4182,89.636,317.4,1.9,1.3,2014-04-18,0423,Terra,MODIS,0,6.2,303.2,19.1,D,0
22.0243,92.2756,337.8,1.2,1.1,2014-04-18,0424,Terra,MODIS,86,6.2,306.4,32,D,0
22.0228,92.287,354.6,1.2,1.1,2014-04-18,0424,Terra,MODIS,97,6.2,306.9,72.3,D,0
22.9702,92.3128,320.5,1.2,1.1,2014-04-18,0424,Terra,MODIS,63,6.2,303.9,8.5,D,0
21.3199,92.6071,321.3,1.6,1.3,2014-04-18,0732,Aqua,MODIS,40,6.2,305.9,16.9,D,0
21.5093,92.2736,324.1,1.6,1.2,2014-04-18,0733,Aqua,MODIS,63,6.2,307,14.1,D,0
22.8312,92.3543,328.9,1.7,1.3,2014-04-18,0733,Aqua,MODIS,75,6.2,307.1,25.2,D,0
22.3781,92.284,325.6,1.6,1.3,2014-04-18,0733,Aqua,MODIS,67,6.2,305.8,13.7,D,0
21.9095,92.2661,327.6,1.6,1.2,2014-04-18,0733,Aqua,MODIS,71,6.2,305.6,23.2,D,0
22.8755,91.8409,326.7,1.5,1.2,2014-04-18,0733,Aqua,MODIS,73,6.2,307.1,16.5,D,0
21.4307,92.5703,325.5,1.6,1.3,2014-04-18,0733,Aqua,MODIS,65,6.2,306,22.5,D,0
21.8411,92.5814,322.9,1.7,1.3,2014-04-18,0733,Aqua,MODIS,53,6.2,306.8,14.2,D,0
22.833,92.3706,327.8,1.7,1.3,2014-04-18,0733,Aqua,MODIS,74,6.2,306,22.2,D,0
21.8221,92.4095,328.7,1.6,1.3,2014-04-18,0733,Aqua,MODIS,72,6.2,309.1,21.8,D,0
21.3897,92.5112,321.2,1.6,1.3,2014-04-18,0733,Aqua,MODIS,41,6.2,306.2,12.1,D,0
22.9632,92.3141,323.1,1.7,1.3,2014-04-18,0733,Aqua,MODIS,65,6.2,305.4,15.7,D,0
22.242,89.2684,320.9,1.1,1,2014-04-18,0733,Aqua,MODIS,0,6.2,304.9,11.5,D,0
21.7147,92.258,329.7,1.6,1.2,2014-04-18,0733,Aqua,MODIS,74,6.2,306.8,25.4,D,0
22.3766,92.4765,326.5,1.7,1.3,2014-04-18,0733,Aqua,MODIS,61,6.2,308.6,18.1,D,0
23.4391,92.0864,327.3,1.6,1.3,2014-04-18,0733,Aqua,MODIS,75,6.2,302.1,28.6,D,0
23.3912,92.2393,318.2,2.6,1.5,2014-04-19,0506,Terra,MODIS,62,6.2,302.1,23.5,D,0
21.2567,92.5792,333.1,3.1,1.7,2014-04-19,0507,Terra,MODIS,84,6.2,302.6,122.6,D,0
23.0483,89.9417,316.2,4.4,1.9,2014-04-19,0638,Aqua,MODIS,32,6.2,298,57.9,D,0
21.8431,92.3995,322.3,3.1,1.7,2014-04-19,0638,Aqua,MODIS,59,6.2,304.6,43.5,D,0
23.186,92.0256,312.6,1,1,2014-04-19,1602,Terra,MODIS,84,6.2,296.8,9.4,N,0
23.3695,92.2627,311.4,1,1,2014-04-19,1602,Terra,MODIS,82,6.2,296.8,8.3,N,0
21.906,92.5899,312.4,1,1,2014-04-19,1602,Terra,MODIS,83,6.2,296,9.1,N,0
21.897,92.5915,324.5,1,1,2014-04-19,1602,Terra,MODIS,100,6.2,297.6,20.6,N,0
23.2735,92.1168,321.6,1,1,2014-04-19,1602,Terra,MODIS,100,6.2,297.5,17.6,N,0
23.275,92.1268,316,1,1,2014-04-19,1602,Terra,MODIS,92,6.2,297.7,12.2,N,0
22.3189,92.4759,325.5,1.8,1.3,2014-04-20,0411,Terra,MODIS,66,6.2,306.9,19.6,D,0
22.3113,92.469,325.7,1.8,1.3,2014-04-20,0411,Terra,MODIS,70,6.2,306.1,21.8,D,0
21.7887,92.2602,322.3,1.1,1,2014-04-20,0720,Aqua,MODIS,54,6.2,296.4,9.7,D,0
22.1936,92.5458,320.6,1.1,1,2014-04-20,0720,Aqua,MODIS,42,6.2,300.5,6.8,D,0
21.8678,92.1692,328.7,1.1,1,2014-04-20,0720,Aqua,MODIS,56,6.2,311,11.8,D,0
22.1059,92.4368,325.7,1.1,1,2014-04-20,0720,Aqua,MODIS,33,6.2,308.3,6.9,D,0
22.3142,92.479,328.5,1.1,1,2014-04-20,0720,Aqua,MODIS,59,6.2,309.6,10.4,D,0
22.1072,92.4471,331.8,1.1,1,2014-04-20,0720,Aqua,MODIS,74,6.2,308.2,16.3,D,0
21.9119,92.2879,323.4,1.1,1,2014-04-20,0720,Aqua,MODIS,53,6.2,305.3,6.2,D,0
22.3128,92.4681,354,1.1,1,2014-04-20,0720,Aqua,MODIS,96,6.2,310.8,61.8,D,0
23.2104,92.313,330.6,1.1,1,2014-04-20,0721,Aqua,MODIS,73,6.2,310.3,14.6,D,0
23.4506,92.0406,335.5,1.1,1,2014-04-20,0721,Aqua,MODIS,83,6.2,312.2,23.5,D,0
23.3992,92.1563,328.8,1.1,1,2014-04-20,0721,Aqua,MODIS,75,6.2,312.8,12.5,D,0
23.421,92.2507,328.6,1.1,1,2014-04-20,0721,Aqua,MODIS,67,6.2,312.4,10.5,D,0
23.4814,92.2742,333,1.1,1.1,2014-04-20,0721,Aqua,MODIS,80,6.2,309.6,21.7,D,0
23.4869,92.2785,327.3,1.1,1.1,2014-04-20,0721,Aqua,MODIS,70,6.2,309.6,13.7,D,0
23.4855,92.2675,323,1.1,1.1,2014-04-20,0721,Aqua,MODIS,43,6.2,309,7.8,D,0
23.452,92.0511,366.5,1.1,1,2014-04-20,0721,Aqua,MODIS,100,6.2,310.1,101.3,D,0
23.4583,92.055,339.3,1.1,1,2014-04-20,0721,Aqua,MODIS,86,6.2,307.6,30.8,D,0
23.4569,92.0444,345.6,1.1,1,2014-04-20,0721,Aqua,MODIS,91,6.2,311.1,43.5,D,0
22.9863,92.2946,327.1,1.1,1,2014-04-20,0721,Aqua,MODIS,69,6.2,309.1,10.6,D,0
23.1878,91.8706,330.5,1.1,1,2014-04-20,0721,Aqua,MODIS,76,6.2,311.4,11.1,D,0
23.1428,92.1608,334.9,1.1,1,2014-04-20,0721,Aqua,MODIS,82,6.2,314.6,17.8,D,0
23.1621,92.0188,329.1,1.1,1,2014-04-20,0721,Aqua,MODIS,65,6.2,309.3,11.7,D,0
23.1608,92.2988,329,1.1,1,2014-04-20,0721,Aqua,MODIS,74,6.2,310,13.5,D,0
25.8401,88.5483,315.5,1,1,2014-04-20,0722,Aqua,MODIS,52,6.2,296.4,6.8,D,0
22.6023,91.7003,315.5,1.2,1.1,2014-04-20,1930,Aqua,MODIS,91,6.2,299,15,N,0
21.5297,92.1017,327.4,1.7,1.3,2014-04-21,0454,Terra,MODIS,75,6.2,305.3,31.3,D,0
22.0562,92.5253,322,1.7,1.3,2014-04-21,0454,Terra,MODIS,65,6.2,305.2,16.4,D,0
22.3359,92.1231,323.7,1.6,1.2,2014-04-21,0454,Terra,MODIS,69,6.2,304.9,18.9,D,0
22.3332,92.1385,329,1.6,1.2,2014-04-21,0454,Terra,MODIS,77,6.2,305.7,30.6,D,0
24.3043,89.2427,328.5,1.1,1,2014-04-21,0454,Terra,MODIS,73,6.2,312.4,13.4,D,0
21.5326,92.0862,324.9,1.7,1.3,2014-04-21,0454,Terra,MODIS,71,6.2,306.2,25,D,0
22.3331,92.1443,321.8,1.6,1.2,2014-04-21,0454,Terra,MODIS,59,6.2,305.6,13.1,D,0
22.3359,92.129,334.6,1.6,1.2,2014-04-21,0454,Terra,MODIS,83,6.2,305.6,45,D,0
22.617,92.1042,322.2,1.6,1.2,2014-04-21,0454,Terra,MODIS,69,6.2,305.4,13.5,D,0
23.0109,92.3063,312.6,1.4,1.2,2014-04-21,1550,Terra,MODIS,85,6.2,297.8,14.5,N,0
22.1026,92.5027,314.1,1.4,1.2,2014-04-21,1550,Terra,MODIS,86,6.2,296.2,15.9,N,0
22.0967,92.4971,308.9,1.4,1.2,2014-04-21,1550,Terra,MODIS,71,6.2,295.2,9.8,N,0
22.0661,92.2584,309.3,1.5,1.2,2014-04-21,1550,Terra,MODIS,73,6.2,298.8,10.3,N,0
22.829,91.9915,307.4,2.6,1.5,2014-04-21,2013,Aqua,MODIS,53,6.2,296.9,24.3,N,0
21.8075,92.1603,344.7,1.1,1,2014-04-22,0708,Aqua,MODIS,90,6.2,314.9,37.1,D,0
22.303,92.3902,328.6,1,1,2014-04-22,0708,Aqua,MODIS,64,6.2,314.8,8.5,D,0
22.4716,92.4693,323.7,1,1,2014-04-22,0708,Aqua,MODIS,56,6.2,311.2,4.8,D,0
21.9486,91.9987,322.6,1.1,1,2014-04-22,0708,Aqua,MODIS,46,6.2,310,6.6,D,0
22.5348,91.7357,327.3,1.1,1,2014-04-22,0708,Aqua,MODIS,68,6.2,311.1,11.5,D,0
22.5691,92.1306,326.9,1,1,2014-04-22,0708,Aqua,MODIS,69,6.2,313.2,8.3,D,0
21.7606,92.2779,328.2,1,1,2014-04-22,0708,Aqua,MODIS,73,6.2,313.1,10.5,D,0
21.9009,92.4705,331.3,1,1,2014-04-22,0708,Aqua,MODIS,77,6.2,315.9,12,D,0
22.899,92.3021,326.8,1,1,2014-04-22,0708,Aqua,MODIS,70,6.2,311.7,9.8,D,0
22.1445,92.5014,338.5,1,1,2014-04-22,0708,Aqua,MODIS,85,6.2,312.7,25.3,D,0
22.5407,92.4368,325.6,1,1,2014-04-22,0708,Aqua,MODIS,65,6.2,311.2,7.7,D,0
22.3912,92.1125,329.1,1,1,2014-04-22,0708,Aqua,MODIS,73,6.2,313,12.8,D,0
22.1355,92.503,327.1,1,1,2014-04-22,0708,Aqua,MODIS,59,6.2,312.6,9.7,D,0
21.5536,92.56,326.7,1,1,2014-04-22,0708,Aqua,MODIS,59,6.2,313.5,9.1,D,0
22.849,91.9735,330.6,1,1,2014-04-22,0708,Aqua,MODIS,76,6.2,311.8,13.5,D,0
21.8931,92.304,324.6,1,1,2014-04-22,0708,Aqua,MODIS,32,6.2,310.6,5.7,D,0
21.6554,92.4348,330.8,1,1,2014-04-22,0708,Aqua,MODIS,45,6.2,315.4,12.9,D,0
21.6569,92.4449,329,1,1,2014-04-22,0708,Aqua,MODIS,31,6.2,313.1,11.6,D,0
22.3402,92.5148,337.6,1,1,2014-04-22,0708,Aqua,MODIS,84,6.2,313.4,23,D,0
21.6463,92.4363,333,1,1,2014-04-22,0708,Aqua,MODIS,78,6.2,313.4,16.1,D,0
23.4536,92.1868,324.8,1,1,2014-04-22,0708,Aqua,MODIS,59,6.2,311,8.5,D,0
23.4402,92.1589,324,1,1,2014-04-22,0708,Aqua,MODIS,62,6.2,309.4,7,D,0
22.4227,92.322,328.5,1,1,2014-04-22,0708,Aqua,MODIS,70,6.2,314.1,9.6,D,0
23.551,92.2248,327.5,1,1,2014-04-22,0708,Aqua,MODIS,55,6.2,309.9,11.9,D,0
21.7649,92.4301,327.4,1,1,2014-04-22,0708,Aqua,MODIS,68,6.2,315.7,8.3,D,0
22.5659,92.3556,336.1,1,1,2014-04-22,0708,Aqua,MODIS,82,6.2,313.2,20.5,D,0
22.5749,92.354,328.6,1,1,2014-04-22,0708,Aqua,MODIS,72,6.2,312.1,10.3,D,0
22.5674,92.3041,324.2,1,1,2014-04-22,0708,Aqua,MODIS,45,6.2,311.4,5.6,D,0
21.8681,92.314,323,1,1,2014-04-22,0708,Aqua,MODIS,46,6.2,310.3,5.2,D,0
22.0081,92.3888,332.7,1,1,2014-04-22,0708,Aqua,MODIS,79,6.2,313.4,16.2,D,0
22.9112,92.1371,325.1,1,1,2014-04-22,0708,Aqua,MODIS,61,6.2,309.6,7.7,D,0
22.3473,92.0689,326.2,1,1,2014-04-22,0708,Aqua,MODIS,56,6.2,312,10,D,0
22.3502,92.027,326.4,1.1,1,2014-04-22,0708,Aqua,MODIS,46,6.2,311.4,9.2,D,0
22.3761,92.012,331.8,1.1,1,2014-04-22,0708,Aqua,MODIS,76,6.2,312.2,15,D,0
23.068,92.0763,326.7,1,1,2014-04-22,0708,Aqua,MODIS,70,6.2,313.2,7.4,D,0
21.887,92.2639,327.1,1,1,2014-04-22,0708,Aqua,MODIS,63,6.2,314.2,8.2,D,0
23.0746,92.3059,335.4,1,1,2014-04-22,0708,Aqua,MODIS,82,6.2,312.5,19.1,D,0
23.001,92.3088,327.4,1,1,2014-04-22,0708,Aqua,MODIS,71,6.2,311.6,10.7,D,0
22.9995,92.2989,324.1,1,1,2014-04-22,0708,Aqua,MODIS,55,6.2,310.5,6.6,D,0
21.6738,92.1859,338.4,1.1,1,2014-04-22,0708,Aqua,MODIS,85,6.2,314.2,26,D,0
21.9352,92.4589,333.4,1,1,2014-04-22,0708,Aqua,MODIS,80,6.2,314.7,15.4,D,0
23.0248,91.7941,325.9,1.1,1,2014-04-22,0708,Aqua,MODIS,59,6.2,312.3,7.8,D,0
23.0264,91.8043,324,1.1,1,2014-04-22,0708,Aqua,MODIS,46,6.2,310,6.1,D,0
22.7922,91.6066,331.9,1.1,1,2014-04-22,0708,Aqua,MODIS,78,6.2,311.9,17.3,D,0
23.1504,92.1376,327,1,1,2014-04-22,0708,Aqua,MODIS,71,6.2,313,7.6,D,0
22.7842,91.6041,334.8,1.1,1,2014-04-22,0708,Aqua,MODIS,81,6.2,312,21.3,D,0
23.0731,92.2959,343.1,1,1,2014-04-22,0708,Aqua,MODIS,89,6.2,314.7,32.7,D,0
23.1805,92.1527,330.4,1,1,2014-04-22,0708,Aqua,MODIS,76,6.2,314.8,11.8,D,0
22.7858,91.6145,325.9,1.1,1,2014-04-22,0708,Aqua,MODIS,62,6.2,310.8,9.1,D,0
21.7847,92.3761,325.6,1,1,2014-04-22,0708,Aqua,MODIS,52,6.2,312.2,7.2,D,0
21.7922,92.3644,328.5,1,1,2014-04-22,0708,Aqua,MODIS,74,6.2,313.5,11,D,0
23.2257,92.1447,327.2,1,1,2014-04-22,0708,Aqua,MODIS,65,6.2,311.8,8.3,D,0
21.3654,92.1665,325.8,1.1,1,2014-04-22,0708,Aqua,MODIS,69,6.2,311,9.2,D,0
21.367,92.1767,335.1,1.1,1,2014-04-22,0708,Aqua,MODIS,82,6.2,310,22.2,D,0
22.2401,92.3966,331.6,1,1,2014-04-22,0708,Aqua,MODIS,68,6.2,313.9,13.3,D,0
22.1788,92.5455,323.5,1,1,2014-04-22,0708,Aqua,MODIS,50,6.2,310.7,6.6,D,0
22.2456,92.5572,322.9,1,1,2014-04-22,0708,Aqua,MODIS,21,6.2,310.7,6.6,D,0
21.9684,92.4329,340.1,1,1,2014-04-22,0708,Aqua,MODIS,87,6.2,314.9,25.7,D,0
21.8688,92.2056,327.2,1,1,2014-04-22,0708,Aqua,MODIS,70,6.2,314.1,8.3,D,0
21.5138,92.4107,323.9,1,1,2014-04-22,0708,Aqua,MODIS,64,6.2,311.3,7.9,D,0
21.797,92.275,361.3,1,1,2014-04-22,0708,Aqua,MODIS,100,6.2,316,77.4,D,0
21.8409,92.2571,327,1,1,2014-04-22,0708,Aqua,MODIS,63,6.2,313.3,7.6,D,0
22.143,92.4914,340.2,1,1,2014-04-22,0708,Aqua,MODIS,86,6.2,314.1,28.3,D,0
22.2487,92.5164,328.5,1,1,2014-04-22,0708,Aqua,MODIS,57,6.2,312.7,12.2,D,0
22.7424,91.9945,330.8,1,1,2014-04-22,0708,Aqua,MODIS,64,6.2,310.9,14.6,D,0
22.7961,91.99,326.9,1,1,2014-04-22,0708,Aqua,MODIS,70,6.2,308.9,10.4,D,0
22.8112,92.0279,325.4,1,1,2014-04-22,0708,Aqua,MODIS,66,6.2,311.5,7.6,D,0
23.3851,92.287,329.6,1,1,2014-04-22,0708,Aqua,MODIS,76,6.2,312.6,11.8,D,0
21.9593,92.4345,331.5,1,1,2014-04-22,0708,Aqua,MODIS,77,6.2,314.7,13.1,D,0
22.0386,92.2824,334.1,1,1,2014-04-22,0708,Aqua,MODIS,80,6.2,312.6,18.3,D,0
21.2671,92.6143,324.4,1,1,2014-04-22,0708,Aqua,MODIS,67,6.2,308.4,11,D,0
22.8898,91.5831,332,1.1,1,2014-04-22,0708,Aqua,MODIS,79,6.2,311,17.5,D,0
21.6857,92.3273,329.9,1,1,2014-04-22,0708,Aqua,MODIS,76,6.2,313.4,12.9,D,0
23.2667,92.2932,336.7,1,1,2014-04-22,0708,Aqua,MODIS,84,6.2,310.1,26.3,D,0
22.6792,91.7029,326.4,1.1,1,2014-04-22,0708,Aqua,MODIS,68,6.2,310.6,10.3,D,0
22.6301,91.691,334.6,1.1,1,2014-04-22,0708,Aqua,MODIS,79,6.2,309.6,20.8,D,0
21.6192,92.2579,330.8,1,1,2014-04-22,0708,Aqua,MODIS,74,6.2,312.8,12.9,D,0
22.0279,91.9789,323.6,1.1,1,2014-04-22,0708,Aqua,MODIS,56,6.2,310.8,7.5,D,0
21.645,92.243,328.7,1,1,2014-04-22,0708,Aqua,MODIS,74,6.2,314.1,10.7,D,0
21.467,92.3478,323.7,1,1,2014-04-22,0708,Aqua,MODIS,53,6.2,311.2,6.9,D,0
21.4807,92.3764,323.3,1,1,2014-04-22,0708,Aqua,MODIS,64,6.2,310.1,6.8,D,0
22.9982,92.1058,328.6,1,1,2014-04-22,0708,Aqua,MODIS,65,6.2,314,9.4,D,0
23.4205,91.9679,327.5,1,1,2014-04-22,0708,Aqua,MODIS,73,6.2,312.8,9.2,D,0
22.1265,92.4433,330.8,1,1,2014-04-22,0708,Aqua,MODIS,62,6.2,314.6,12.2,D,0
21.9233,92.0098,353.7,1.1,1,2014-04-22,0708,Aqua,MODIS,96,6.2,312.2,61.1,D,0
21.9218,91.9996,323.2,1.1,1,2014-04-22,0708,Aqua,MODIS,49,6.2,310.2,7.8,D,0
22.8727,92.3135,327.8,1,1,2014-04-22,0708,Aqua,MODIS,71,6.2,311.7,10.5,D,0
23.2447,92.3343,323.5,1,1,2014-04-22,0708,Aqua,MODIS,55,6.2,308,7.4,D,0
22.6288,92.1036,333.7,1,1,2014-04-22,0708,Aqua,MODIS,80,6.2,314.5,15.7,D,0
23.2577,91.9266,325.8,1,1,2014-04-22,0708,Aqua,MODIS,69,6.2,311.6,8,D,0
22.8383,91.5981,327.6,1.1,1,2014-04-22,0708,Aqua,MODIS,72,6.2,309.9,13.2,D,0
22.3882,92.1542,329.7,1,1,2014-04-22,0708,Aqua,MODIS,74,6.2,315.5,11.3,D,0
22.8366,91.5877,341.4,1.1,1,2014-04-22,0708,Aqua,MODIS,88,6.2,312.6,35.3,D,0
22.8643,91.5827,326.3,1.1,1,2014-04-22,0708,Aqua,MODIS,69,6.2,309.4,10.9,D,0
21.8242,92.393,334.1,1,1,2014-04-22,0708,Aqua,MODIS,81,6.2,314.9,17.8,D,0
23.2682,92.303,358.2,1,1,2014-04-22,0708,Aqua,MODIS,99,6.2,310.1,70.7,D,0
21.9704,92.2631,328.4,1,1,2014-04-22,0708,Aqua,MODIS,69,6.2,314.3,9,D,0
23.0524,91.8516,330.1,1.1,1,2014-04-22,0708,Aqua,MODIS,76,6.2,309.7,14.8,D,0
22.0291,92.4663,328.3,1,1,2014-04-22,0708,Aqua,MODIS,27,6.2,312.6,10.3,D,0
22.8627,91.5723,323.4,1.1,1,2014-04-22,0708,Aqua,MODIS,50,6.2,310.3,6.8,D,0
23.4251,92.0593,324.4,1,1,2014-04-22,0708,Aqua,MODIS,47,6.2,310.6,7.1,D,0
22.0589,92.5418,334.1,1,1,2014-04-22,0708,Aqua,MODIS,76,6.2,313.3,16,D,0
23.2375,92.224,328.1,1,1,2014-04-22,0708,Aqua,MODIS,65,6.2,312.5,10.8,D,0
22.2669,92.3965,326.4,1,1,2014-04-22,0708,Aqua,MODIS,64,6.2,313.4,8.2,D,0
23.3866,92.2968,330,1,1,2014-04-22,0708,Aqua,MODIS,77,6.2,311.9,12.7,D,0
21.5601,92.1715,326.2,1.1,1,2014-04-22,0708,Aqua,MODIS,70,6.2,312.7,10.6,D,0
22.397,92.3365,327.7,1,1,2014-04-22,0708,Aqua,MODIS,62,6.2,314.6,8.7,D,0
23.5166,92.0577,320.4,1,1,2014-04-22,0708,Aqua,MODIS,53,6.2,306.5,6.8,D,0
22.2669,92.3354,329.5,1,1,2014-04-22,0708,Aqua,MODIS,74,6.2,313.2,10.5,D,0
23.5452,92.1243,319.3,1,1,2014-04-22,0708,Aqua,MODIS,49,6.2,306.7,6.6,D,0
22.0022,92.2267,327.9,1,1,2014-04-22,0708,Aqua,MODIS,71,6.2,312.7,9.4,D,0
22.0007,92.2167,333.5,1,1,2014-04-22,0708,Aqua,MODIS,80,6.2,313.2,17.3,D,0
22.0113,92.2251,329.7,1,1,2014-04-22,0708,Aqua,MODIS,74,6.2,313.8,12,D,0
22.0098,92.2151,336.1,1,1,2014-04-22,0708,Aqua,MODIS,83,6.2,313.5,21.5,D,0
23.1309,92.3095,330.3,1,1,2014-04-22,0708,Aqua,MODIS,75,6.2,311,14.7,D,0
22.1117,92.3446,324.3,1,1,2014-04-22,0708,Aqua,MODIS,43,6.2,310.9,6.2,D,0
22.1418,92.3596,331.5,1,1,2014-04-22,0708,Aqua,MODIS,77,6.2,313.4,15,D,0
23.4152,92.2409,326.1,1,1,2014-04-22,0708,Aqua,MODIS,65,6.2,311.3,8.2,D,0
21.4563,92.5225,322.6,1,1,2014-04-22,0708,Aqua,MODIS,61,6.2,309.2,8.4,D,0
21.5973,92.5424,333.1,1,1,2014-04-22,0708,Aqua,MODIS,80,6.2,312.9,17.1,D,0
23.2432,92.3244,329.4,1,1,2014-04-22,0708,Aqua,MODIS,75,6.2,307.8,14.7,D,0
23.5195,92.2565,322.8,1,1,2014-04-22,0708,Aqua,MODIS,59,6.2,309.5,6.9,D,0
23.557,92.2644,322.8,1,1,2014-04-22,0708,Aqua,MODIS,46,6.2,308.7,7.8,D,0
23.2865,91.994,330.8,1,1,2014-04-22,0708,Aqua,MODIS,77,6.2,311.3,12.7,D,0
22.3504,92.2734,328.5,1,1,2014-04-22,0708,Aqua,MODIS,69,6.2,315.2,7.8,D,0
22.373,92.3,330.4,1,1,2014-04-22,0708,Aqua,MODIS,75,6.2,316.1,9.9,D,0
21.7647,92.4907,328.9,1,1,2014-04-22,0708,Aqua,MODIS,74,6.2,315.3,9.4,D,0
22.0365,92.5159,335.5,1,1,2014-04-22,0708,Aqua,MODIS,81,6.2,315.4,20.5,D,0
22.3045,92.4002,339.3,1,1,2014-04-22,0708,Aqua,MODIS,86,6.2,314.4,24.9,D,0
22.0455,92.5142,331,1,1,2014-04-22,0708,Aqua,MODIS,70,6.2,315.4,13.7,D,0
21.669,92.4018,328.3,1,1,2014-04-22,0708,Aqua,MODIS,74,6.2,313.1,10.1,D,0
21.4364,92.4511,336.2,1,1,2014-04-22,0708,Aqua,MODIS,84,6.2,312.4,22.7,D,0
21.4457,92.4531,324.4,1,1,2014-04-22,0708,Aqua,MODIS,50,6.2,311.9,7.5,D,0
22.2475,92.4461,326.5,1,1,2014-04-22,0708,Aqua,MODIS,49,6.2,312,8.3,D,0
22.2551,92.4347,329.9,1,1,2014-04-22,0708,Aqua,MODIS,75,6.2,313,12.8,D,0
23.4658,92.0826,323.7,1,1,2014-04-22,0708,Aqua,MODIS,65,6.2,308.1,10.4,D,0
23.3251,92.3133,331.1,1,1,2014-04-22,0708,Aqua,MODIS,76,6.2,311.3,16.1,D,0
22.0727,92.4485,331.8,1,1,2014-04-22,0708,Aqua,MODIS,77,6.2,315.3,13.4,D,0
22.098,92.4994,336.4,1,1,2014-04-22,0708,Aqua,MODIS,83,6.2,312.8,23.1,D,0
22.092,92.4599,328.6,1,1,2014-04-22,0708,Aqua,MODIS,56,6.2,315,10.6,D,0
23.4748,92.081,321.2,1,1,2014-04-22,0708,Aqua,MODIS,48,6.2,307.7,7.6,D,0
22.9936,91.9522,329.9,1,1,2014-04-22,0708,Aqua,MODIS,75,6.2,314.8,10.7,D,0
23.0572,91.9444,339.8,1,1,2014-04-22,0708,Aqua,MODIS,87,6.2,314.9,24.9,D,0
22.5152,92.4514,333.3,1,1,2014-04-22,0708,Aqua,MODIS,79,6.2,313.4,17.3,D,0
23.6826,92.1133,322.1,1,1,2014-04-22,0709,Aqua,MODIS,49,6.2,307,8.4,D,0
23.5663,92.018,325.8,1,1,2014-04-22,0709,Aqua,MODIS,67,6.2,309.1,11.3,D,0
23.5678,92.028,323.4,1,1,2014-04-22,0709,Aqua,MODIS,50,6.2,308.5,9,D,0
24.0984,91.4501,328.9,1.1,1,2014-04-22,0709,Aqua,MODIS,76,6.2,311.2,15.9,D,0
23.5664,91.9566,322.6,1,1,2014-04-22,0709,Aqua,MODIS,30,6.2,307.6,6.7,D,0
23.633,92.2139,329.2,1,1,2014-04-22,0709,Aqua,MODIS,42,6.2,309.4,13.6,D,0
23.5706,92.2317,328.8,1,1,2014-04-22,0709,Aqua,MODIS,59,6.2,310.2,13.5,D,0
24.3529,91.6011,321.1,1,1,2014-04-22,0709,Aqua,MODIS,59,6.2,309,7.9,D,0
23.6104,91.9419,325.2,1,1,2014-04-22,0709,Aqua,MODIS,36,6.2,310.8,8.9,D,0
23.8651,90.2967,314.3,1.6,1.2,2014-04-22,1633,Terra,MODIS,89,6.2,297.3,20.6,N,0
23.8668,90.3121,332.7,1.6,1.2,2014-04-22,1633,Terra,MODIS,100,6.2,298.3,59.3,N,0
23.5266,91.9502,306.8,2,1.4,2014-04-22,1633,Terra,MODIS,67,6.2,296.7,17.3,N,0
21.6699,92.506,310.1,1.7,1.3,2014-04-22,1918,Aqua,MODIS,79,6.2,297,17.2,N,0
22.0879,92.4498,309.5,1.7,1.3,2014-04-22,1918,Aqua,MODIS,77,6.2,295.9,16.8,N,0
22.1302,92.5187,320.8,1.1,1.1,2014-04-23,0442,Terra,MODIS,55,6.2,307.2,7.8,D,0
22.0996,92.4954,328,1.1,1.1,2014-04-23,0442,Terra,MODIS,76,6.2,307.4,16.5,D,0
22.243,92.5128,319.5,1.1,1.1,2014-04-23,0442,Terra,MODIS,44,6.2,305.4,6.7,D,0
22.3374,92.3828,322.9,1.1,1,2014-04-23,0442,Terra,MODIS,62,6.2,307.7,7.2,D,0
22.3324,92.376,323.8,1.1,1,2014-04-23,0442,Terra,MODIS,68,6.2,308.4,7.9,D,0
23.2564,92.1361,325.9,1.1,1,2014-04-23,0442,Terra,MODIS,72,6.2,309.2,10.7,D,0
22.8752,92.3288,320.5,1.1,1,2014-04-23,0442,Terra,MODIS,61,6.2,306.4,7.6,D,0
22.8461,91.9879,323.9,1.1,1,2014-04-23,0442,Terra,MODIS,63,6.2,306,8,D,0
22.365,92.0496,322.4,1.1,1,2014-04-23,0442,Terra,MODIS,66,6.2,304.9,7.8,D,0
23.0149,92.3132,323.2,1.1,1,2014-04-23,0442,Terra,MODIS,67,6.2,306.4,9.6,D,0
23.0132,92.3234,322.2,1.1,1,2014-04-23,0442,Terra,MODIS,61,6.2,306,8.5,D,0
21.6648,92.5074,326.2,1.1,1.1,2014-04-23,0442,Terra,MODIS,67,6.2,310.4,12.6,D,0
23.0241,92.3148,321.4,1.1,1,2014-04-23,0442,Terra,MODIS,36,6.2,306.8,7.2,D,0
23.6226,92.2171,320.3,1.1,1,2014-04-23,0442,Terra,MODIS,58,6.2,305,8.7,D,0
21.8382,92.2767,326.5,1.1,1.1,2014-04-23,0442,Terra,MODIS,75,6.2,308.3,13.2,D,0
22.8261,91.995,324.5,1.1,1,2014-04-23,0442,Terra,MODIS,52,6.2,307.4,8.4,D,0
22.817,91.9931,322.7,1.1,1,2014-04-23,0442,Terra,MODIS,45,6.2,307.2,7,D,0
23.6517,92.2117,325.2,1.1,1,2014-04-23,0442,Terra,MODIS,73,6.2,305,13.6,D,0
23.5809,92.0145,319.2,1.1,1,2014-04-23,0442,Terra,MODIS,57,6.2,304.7,7.2,D,0
23.5824,92.0045,317.6,1,1,2014-04-23,0442,Terra,MODIS,43,6.2,304.3,5.6,D,0
22.8571,91.6182,320,1,1,2014-04-23,0442,Terra,MODIS,58,6.2,303.9,6.1,D,0
21.3913,92.5122,318.7,1.1,1.1,2014-04-23,0442,Terra,MODIS,57,6.2,306,7.3,D,0
21.3895,92.5232,318.3,1.2,1.1,2014-04-23,0442,Terra,MODIS,52,6.2,305.2,7.2,D,0
21.3861,92.5167,318.2,1.2,1.1,2014-04-23,0442,Terra,MODIS,55,6.2,305.4,8.6,D,0
21.9744,92.2427,322.4,1.1,1,2014-04-23,0442,Terra,MODIS,68,6.2,307.7,8.6,D,0
23.4546,92.2906,320.1,1.1,1,2014-04-23,0442,Terra,MODIS,58,6.2,303.5,9.7,D,0
23.1257,92.318,333.6,1.1,1,2014-04-23,0442,Terra,MODIS,83,6.2,307.6,23.7,D,0
23.1241,92.328,324,1.1,1,2014-04-23,0442,Terra,MODIS,70,6.2,305.5,10.8,D,0
22.1756,92.5379,320.3,1.1,1.1,2014-04-23,0442,Terra,MODIS,58,6.2,305.8,8.9,D,0
22.2412,92.5235,320.8,1.1,1.1,2014-04-23,0442,Terra,MODIS,50,6.2,305.3,8.6,D,0
21.8159,92.5351,322.4,1.1,1.1,2014-04-23,0442,Terra,MODIS,57,6.2,308.6,8.2,D,0
22.2124,92.4895,331.6,1.1,1.1,2014-04-23,0442,Terra,MODIS,80,6.2,305.3,23.5,D,0
22.1013,92.4849,324.2,1.1,1.1,2014-04-23,0442,Terra,MODIS,69,6.2,306.9,11.1,D,0
22.8303,89.7726,320,2.3,1.5,2014-04-23,0751,Aqua,MODIS,54,6.2,301.7,27.3,D,0
21.9085,92.5277,306.1,2.4,1.5,2014-04-23,1537,Terra,MODIS,58,6.2,294.8,17.9,N,0
23.2705,92.1161,307.6,2.4,1.5,2014-04-23,1538,Terra,MODIS,69,6.2,296.9,20.4,N,0
23.2747,92.1217,309.1,2.4,1.5,2014-04-23,1538,Terra,MODIS,73,6.2,297.2,22.5,N,0
21.2749,92.5985,319.8,1.4,1.2,2014-04-24,0656,Aqua,MODIS,38,6.2,305,10.6,D,0
22.0807,92.4398,324.3,1.4,1.2,2014-04-24,0656,Aqua,MODIS,47,6.2,308.2,11.9,D,0
21.5166,92.2549,330.4,1.5,1.2,2014-04-24,0656,Aqua,MODIS,78,6.2,306.8,29.4,D,0
21.8091,92.4127,322.9,1.5,1.2,2014-04-24,0656,Aqua,MODIS,34,6.2,306.6,9.8,D,0
21.519,92.2693,323.3,1.5,1.2,2014-04-24,0656,Aqua,MODIS,65,6.2,305.6,13.5,D,0
21.9112,92.5306,334.4,1.4,1.2,2014-04-24,0656,Aqua,MODIS,82,6.2,307.6,36,D,0
23.1099,92.322,322.8,1.4,1.2,2014-04-24,0656,Aqua,MODIS,35,6.2,304.2,11.5,D,0
21.8023,92.501,323.2,1.4,1.2,2014-04-24,0656,Aqua,MODIS,61,6.2,308.2,8.8,D,0
21.2771,92.6115,320.3,1.4,1.2,2014-04-24,0656,Aqua,MODIS,42,6.2,305.9,11.3,D,0
23.4481,89.4501,309.8,1,1,2014-04-24,1621,Terra,MODIS,73,6.2,296.6,7.5,N,0
21.6159,92.4656,327.2,1,1,2014-04-25,0430,Terra,MODIS,75,6.2,308.1,11.5,D,0
21.92,92.5298,327.9,1,1,2014-04-25,0430,Terra,MODIS,74,6.2,306.8,12.4,D,0
21.6995,92.3962,323,1,1,2014-04-25,0430,Terra,MODIS,67,6.2,306.9,6.5,D,0
22.0976,92.5112,324.6,1,1,2014-04-25,0430,Terra,MODIS,70,6.2,308.1,8.2,D,0
21.4195,92.5843,331.1,2.1,1.4,2014-04-25,0738,Aqua,MODIS,79,6.2,303.4,51.7,D,0
21.4202,92.5893,324.4,2.1,1.4,2014-04-25,0738,Aqua,MODIS,67,6.2,303.3,29.3,D,0
21.4179,92.5681,333.6,2.1,1.4,2014-04-25,0738,Aqua,MODIS,81,6.2,301.9,61.6,D,0
21.4172,92.5625,328.2,2.1,1.4,2014-04-25,0738,Aqua,MODIS,75,6.2,301.3,39.1,D,0
22.5969,92.432,324.8,2.1,1.4,2014-04-25,0739,Aqua,MODIS,69,6.2,303.1,27.9,D,0
22.4535,91.1373,313.7,1.7,1.3,2014-04-25,0739,Aqua,MODIS,32,6.2,301.3,13.9,D,3
22.3695,92.4908,334.5,2.2,1.4,2014-04-25,0739,Aqua,MODIS,83,6.2,303.7,63.7,D,0
22.5975,92.4248,327.2,2.1,1.4,2014-04-25,0739,Aqua,MODIS,73,6.2,302.9,36.5,D,0
25.4735,89.6448,317.5,2,1.4,2014-04-26,0512,Terra,MODIS,0,6.2,303.3,23,D,0
24.0779,89.7869,318.9,2.1,1.4,2014-04-26,0512,Terra,MODIS,40,6.2,303.5,23.9,D,0
25.7967,89.7392,318.6,2,1.4,2014-04-26,0512,Terra,MODIS,0,6.2,304.6,22,D,0
24.0819,89.7665,322.4,2.1,1.4,2014-04-26,0512,Terra,MODIS,0,6.2,305.4,33.1,D,0
21.5457,92.2324,314.7,3.7,1.8,2014-04-26,0513,Terra,MODIS,51,6.2,294.7,33.9,D,0
21.5379,92.2372,314.9,3.7,1.8,2014-04-26,0513,Terra,MODIS,50,6.2,294.7,34.7,D,0
23.0494,89.9357,317.6,3.4,1.7,2014-04-26,0644,Aqua,MODIS,23,6.2,298.4,37.5,D,0
24.3701,89.7401,319,2.3,1.5,2014-04-27,0417,Terra,MODIS,0,6.2,301.3,28,D,0
22.0042,92.2347,322.8,1.4,1.2,2014-04-27,0418,Terra,MODIS,65,6.2,304.5,10.9,D,0
21.5044,92.2309,324.3,1.4,1.2,2014-04-27,0418,Terra,MODIS,68,6.2,304.9,14.6,D,0
22.1597,92.4858,326.6,1.3,1.1,2014-04-27,0726,Aqua,MODIS,67,6.2,306.4,14.3,D,0
21.5202,92.2522,326.5,1.3,1.1,2014-04-27,0726,Aqua,MODIS,68,6.2,301.5,13.8,D,0
21.5504,92.3322,323.6,1.3,1.1,2014-04-27,0726,Aqua,MODIS,53,6.2,304.8,8.1,D,0
21.8229,92.2263,331.1,1.3,1.1,2014-04-27,0726,Aqua,MODIS,76,6.2,305.7,19,D,0
23.215,92.3027,335.4,1.3,1.1,2014-04-27,0727,Aqua,MODIS,82,6.2,308.4,28.5,D,0
23.518,91.9523,339.3,1.3,1.1,2014-04-27,0727,Aqua,MODIS,87,6.2,308,36.1,D,0
22.9786,92.1176,327.7,1.3,1.1,2014-04-27,0727,Aqua,MODIS,72,6.2,309.3,10.5,D,0
23.2165,92.3154,325.6,1.3,1.1,2014-04-27,0727,Aqua,MODIS,62,6.2,308.6,10.2,D,0
22.903,91.581,324.3,1.2,1.1,2014-04-27,0727,Aqua,MODIS,65,6.2,304.4,10,D,0
23.0926,90.1959,325.7,1.1,1,2014-04-27,0727,Aqua,MODIS,65,6.2,307.2,11,D,0
22.9771,92.1051,332.6,1.3,1.1,2014-04-27,0727,Aqua,MODIS,79,6.2,309.6,19.7,D,0
22.5609,92.2713,323.9,1.3,1.1,2014-04-27,0727,Aqua,MODIS,61,6.2,305.2,9.7,D,0
22.5159,91.7333,324.8,1,1,2014-04-29,0714,Aqua,MODIS,60,6.2,305,9,D,0
21.9908,92.5709,350.6,1,1,2014-04-29,0714,Aqua,MODIS,94,6.2,308.1,47.9,D,0
22.3912,92.1501,328.7,1,1,2014-04-29,0714,Aqua,MODIS,75,6.2,305.8,12.2,D,0
21.9313,92.4724,329.6,1,1,2014-04-29,0714,Aqua,MODIS,59,6.2,309.4,11,D,0
22.9872,91.8689,329.1,1,1,2014-04-29,0715,Aqua,MODIS,76,6.2,305.4,13.7,D,0
23.2991,91.9961,328.3,1,1,2014-04-29,0715,Aqua,MODIS,73,6.2,307.9,11.2,D,0
22.9873,92.3241,323.5,1,1,2014-04-29,0715,Aqua,MODIS,50,6.2,307.7,6.2,D,0
22.9886,91.8786,324,1,1,2014-04-29,0715,Aqua,MODIS,62,6.2,303.1,7.8,D,0
22.1327,92.2317,304.6,1.4,1.2,2014-04-29,1924,Aqua,MODIS,61,6.2,293.6,6.7,N,0
25.7292,89.7046,321.1,1,1,2014-04-30,0447,Terra,MODIS,52,6.2,304.7,11.3,D,0
25.9042,89.7685,318.9,1,1,2014-04-30,0447,Terra,MODIS,26,6.2,302.5,9.1,D,0
25.3348,89.6298,315.7,1,1,2014-04-30,0448,Terra,MODIS,0,6.2,300.5,6.6,D,0
24.3989,89.3473,316.7,1,1,2014-04-30,0448,Terra,MODIS,53,6.2,303.6,6.1,D,0
24.4003,89.3376,325.7,1,1,2014-04-30,0448,Terra,MODIS,75,6.2,305,15.3,D,0
24.1536,89.7332,319.6,3.1,1.7,2014-04-30,0758,Aqua,MODIS,0,6.2,302.5,40.1,D,0
21.8941,92.1211,321,1.2,1.1,2014-05-01,0702,Aqua,MODIS,66,6.2,302.6,10.7,D,0
24.0589,89.7592,310.4,2.8,1.6,2014-05-03,0518,Terra,MODIS,0,6.2,289,19.6,D,0
23.4901,91.9868,313.3,1.8,1.3,2014-05-03,0650,Aqua,MODIS,53,6.2,291.7,14.1,D,0
24.4477,89.2826,324,1,1,2014-05-06,0721,Aqua,MODIS,72,6.2,300.5,12.7,D,0
24.4424,89.2591,326.2,1.3,1.1,2014-05-08,0709,Aqua,MODIS,66,6.2,305.5,17.3,D,0
24.4345,89.274,323.3,1.3,1.1,2014-05-08,0709,Aqua,MODIS,61,6.2,303.3,14.7,D,0
24.4446,89.2719,338.7,1.3,1.1,2014-05-08,0709,Aqua,MODIS,87,6.2,306.3,44,D,0
23.8704,89.7305,319.3,2.2,1.4,2014-05-13,0418,Terra,MODIS,0,6.2,301.8,23.4,D,0
24.0757,89.7812,324.3,1.3,1.1,2014-05-14,0500,Terra,MODIS,0,6.2,306.2,16.5,D,0
21.6719,92.1484,318.5,1.2,1.1,2014-05-17,0702,Aqua,MODIS,64,6.2,300.6,9.3,D,0
24.1923,89.2258,326.7,1.7,1.3,2014-05-17,0703,Aqua,MODIS,29,6.2,305.6,22.2,D,0
24.3339,88.6281,323.3,2.3,1.5,2014-05-19,0519,Terra,MODIS,0,6.2,305.7,30.2,D,0
24.4723,89.2125,327.5,1,1,2014-05-22,0721,Aqua,MODIS,73,6.2,309.3,8,D,0
24.4141,89.2597,325.1,1,1,2014-05-22,0721,Aqua,MODIS,37,6.2,307.4,6.7,D,0
24.0939,88.744,314.9,3.1,1.7,2014-05-26,0525,Terra,MODIS,0,6.2,290.1,37.5,D,0
24.0877,88.7733,314.5,3.1,1.7,2014-05-26,0525,Terra,MODIS,0,6.2,289.1,32.6,D,0
22.0813,92.1589,316.3,1.3,1.1,2014-06-01,0449,Terra,MODIS,67,6.2,297.7,8.9,D,0
24.3268,88.6275,315.8,3.1,1.7,2014-06-04,0650,Aqua,MODIS,0,6.2,296.6,28.5,D,0
24.3266,88.6205,316.4,3.1,1.7,2014-06-04,0650,Aqua,MODIS,0,6.2,296.7,30.7,D,0
24.3351,88.6174,316.8,2.1,1.4,2014-06-05,0424,Terra,MODIS,0,6.2,297.4,18,D,0
24.3325,88.6307,317.4,2.1,1.4,2014-06-05,0424,Terra,MODIS,0,6.2,297.3,19.3,D,0
24.4883,88.2973,324.3,1,1,2014-06-17,0448,Terra,MODIS,0,6.2,300.6,11.8,D,0
24.1886,89.2213,321.1,1,1,2014-06-17,0448,Terra,MODIS,56,6.2,298.8,8.8,D,0
24.8653,88.1774,321.1,1.5,1.2,2014-06-19,0746,Aqua,MODIS,47,6.2,295.9,14.5,D,0
24.1231,88.8715,316.3,1.1,1,2014-06-26,0442,Terra,MODIS,20,6.2,290.8,7.3,D,0
24.1217,88.8819,317,1.1,1,2014-06-26,0442,Terra,MODIS,42,6.2,291,8.2,D,0
21.755,91.8417,314.2,1,1,2014-07-09,0720,Aqua,MODIS,44,6.2,298.4,7.1,D,3
24.9504,92.0751,316.1,1,1,2014-07-27,0708,Aqua,MODIS,55,6.2,293.3,5.3,D,0
24.0923,90.1763,309.1,1.2,1.1,2014-08-27,0454,Terra,MODIS,54,6.2,285.9,5,D,0
23.9421,90.2822,319.1,1,1,2014-09-05,0448,Terra,MODIS,32,6.2,296.5,8.4,D,0
22.8555,89.543,314.7,1.1,1.1,2014-09-12,0455,Terra,MODIS,0,6.2,297.2,10.3,D,0
22.0432,91.9589,312.5,1.1,1,2014-09-30,0442,Terra,MODIS,64,6.2,298.4,5.6,D,0
23.8986,90.3876,317.7,1,1,2014-10-07,0448,Terra,MODIS,33,6.2,298.8,5.9,D,0
23.8971,90.3977,321.8,1,1,2014-10-07,0448,Terra,MODIS,74,6.2,300.3,9.6,D,0
22.2329,91.8469,312.7,1.3,1.1,2014-10-23,0448,Terra,MODIS,66,6.2,300.9,7.5,D,0
21.7513,91.84,310.2,1.2,1.1,2014-11-05,0726,Aqua,MODIS,32,6.2,295.7,7.8,D,3
22.8076,92.0572,313.2,1,1,2014-11-07,0714,Aqua,MODIS,64,6.2,299.3,5.2,D,0
24.4558,89.3268,315.3,1,1,2014-11-14,0721,Aqua,MODIS,67,6.2,303,7.7,D,0
24.0747,90.1345,312.7,1.1,1.1,2014-11-15,0454,Terra,MODIS,65,6.2,300.2,8.4,D,0
24.1959,91.1653,308.4,1.1,1,2014-11-16,0708,Aqua,MODIS,48,6.2,298.1,4.7,D,0
24.2213,91.2916,316.8,1.6,1.2,2014-11-18,0656,Aqua,MODIS,71,6.2,302.1,13.4,D,0
24.2191,91.2696,314,1.9,1.3,2014-11-19,0739,Aqua,MODIS,67,6.2,298.7,13,D,0
24.2172,91.2513,313.8,1.9,1.3,2014-11-19,0739,Aqua,MODIS,64,6.2,300,12.8,D,0
24.0856,91.2194,308.2,1.9,1.3,2014-11-19,0739,Aqua,MODIS,38,6.2,296.5,6.9,D,0
22.9161,92.0805,310.4,1.3,1.1,2014-11-21,0726,Aqua,MODIS,49,6.2,296.8,8.8,D,0
23.8152,90.894,309.7,1.1,1.1,2014-11-21,0727,Aqua,MODIS,35,6.2,295.1,5,D,0
24.4292,89.3538,321.5,1,1,2014-11-21,0727,Aqua,MODIS,77,6.2,301.9,13.5,D,0
24.0586,90.0894,312,1.1,1,2014-11-21,0727,Aqua,MODIS,61,6.2,298.2,6.3,D,0
23.8484,91.0659,312.3,1,1,2014-11-23,0714,Aqua,MODIS,58,6.2,301,6,D,0
23.8591,91.014,312.2,1,1,2014-11-23,0714,Aqua,MODIS,65,6.2,300,6.3,D,0
23.7935,90.9411,311,1,1,2014-11-23,0714,Aqua,MODIS,61,6.2,299.8,4.5,D,0
23.7788,90.9036,312.3,1,1,2014-11-23,0714,Aqua,MODIS,57,6.2,300.2,5.1,D,0
24.1198,91.2855,312.4,1,1,2014-11-23,0714,Aqua,MODIS,44,6.2,298.7,5.2,D,0
23.7326,90.9018,316.2,1,1,2014-11-23,0714,Aqua,MODIS,49,6.2,301.6,8.5,D,0
23.6353,90.3157,311.5,1,1,2014-11-23,0714,Aqua,MODIS,61,6.2,299.2,6.7,D,0
23.7281,90.9392,311.3,1,1,2014-11-23,0714,Aqua,MODIS,46,6.2,299.7,4.3,D,0
24.1647,91.2712,318.3,1,1,2014-11-23,0715,Aqua,MODIS,46,6.2,300.8,6.1,D,0
24.2839,90.0335,310.3,1,1,2014-11-23,0715,Aqua,MODIS,59,6.2,299.8,5.2,D,0
24.1595,91.1723,319.2,1,1,2014-11-23,0715,Aqua,MODIS,54,6.2,300.7,10.4,D,0
24.1915,91.2665,323.5,1,1,2014-11-23,0715,Aqua,MODIS,60,6.2,302.1,10.6,D,0
24.2299,91.2797,320.8,1,1,2014-11-23,0715,Aqua,MODIS,44,6.2,301,9,D,0
24.2415,91.232,322.3,1,1,2014-11-23,0715,Aqua,MODIS,49,6.2,300.9,11.3,D,0
24.2589,91.2889,316.7,1,1,2014-11-23,0715,Aqua,MODIS,49,6.2,302.3,7,D,0
24.2504,91.2305,328.8,1,1,2014-11-23,0715,Aqua,MODIS,78,6.2,302,19.2,D,0
24.4579,89.3062,313.3,1.1,1,2014-11-23,0715,Aqua,MODIS,65,6.2,301.9,7.1,D,0
24.1402,91.239,319.3,1.3,1.1,2014-11-25,0702,Aqua,MODIS,67,6.2,302.5,13.5,D,0
23.7973,90.9114,314.1,1.3,1.1,2014-11-25,0702,Aqua,MODIS,56,6.2,301,9.4,D,0
24.253,91.2349,315.7,1.3,1.1,2014-11-25,0702,Aqua,MODIS,35,6.2,302.3,9.8,D,0
24.2532,91.2975,321.4,1.2,1.1,2014-11-25,0702,Aqua,MODIS,77,6.2,303.8,14.6,D,0
24.1796,91.1677,317.5,1.3,1.1,2014-11-25,0702,Aqua,MODIS,71,6.2,301.4,12.3,D,0
24.1701,91.2959,320.4,1.3,1.1,2014-11-25,0702,Aqua,MODIS,50,6.2,303,11.9,D,0
23.7353,90.9705,314.1,1.3,1.1,2014-11-25,0702,Aqua,MODIS,65,6.2,300.7,10.1,D,0
24.251,91.2227,314.4,1.3,1.1,2014-11-25,0702,Aqua,MODIS,24,6.2,301.8,9.2,D,0
23.5016,90.7471,310,1.4,1.2,2014-11-25,0702,Aqua,MODIS,61,6.2,298,8.6,D,0
23.2785,89.845,309.3,1.9,1.3,2014-11-26,0745,Aqua,MODIS,57,6.2,299.3,10.4,D,0
24.4316,89.3308,319.8,1.8,1.3,2014-11-26,0745,Aqua,MODIS,75,6.2,298.9,29.1,D,0
24.1933,91.2809,316.4,2,1.4,2014-11-27,0650,Aqua,MODIS,71,6.2,298,20.3,D,0
23.7678,90.9252,309,2.2,1.4,2014-11-27,0650,Aqua,MODIS,63,6.2,296.3,14.2,D,0
22.8701,92.044,305.8,1.6,1.2,2014-11-28,0732,Aqua,MODIS,41,6.2,295.7,8,D,0
24.2688,91.3036,315.6,1.5,1.2,2014-11-28,0733,Aqua,MODIS,62,6.2,298.4,12.6,D,0
24.1572,91.3101,311.6,1.5,1.2,2014-11-28,0733,Aqua,MODIS,37,6.2,294.4,9.9,D,0
24.2258,91.3095,310.5,1.5,1.2,2014-11-28,0733,Aqua,MODIS,57,6.2,296.7,7.5,D,0
23.7306,90.9068,312.3,1,1,2014-11-30,0720,Aqua,MODIS,66,6.2,300.5,5.7,D,0
22.8885,92.0139,324.8,1.1,1,2014-11-30,0720,Aqua,MODIS,82,6.2,297.8,21.7,D,0
23.6203,90.77,313.7,1,1,2014-11-30,0720,Aqua,MODIS,68,6.2,300.1,7.2,D,0
24.1535,91.3135,312.8,1,1,2014-11-30,0720,Aqua,MODIS,32,6.2,300.1,4.9,D,0
23.6404,90.7166,315.1,1,1,2014-11-30,0720,Aqua,MODIS,66,6.2,299.5,9,D,0
24.1963,91.2858,314.4,1,1,2014-11-30,0721,Aqua,MODIS,43,6.2,299.8,5.3,D,0
24.435,89.3249,310,1,1,2014-11-30,0721,Aqua,MODIS,57,6.2,298.8,5,D,0
24.2586,91.2689,314.7,1,1,2014-11-30,0721,Aqua,MODIS,46,6.2,298.9,5.8,D,0
24.2277,91.3154,315.2,1,1,2014-11-30,0721,Aqua,MODIS,66,6.2,300.4,7.9,D,0
24.229,91.3256,313.5,1,1,2014-11-30,0721,Aqua,MODIS,47,6.2,300.5,7,D,0
24.1744,91.1245,311.1,1,1,2014-11-30,0721,Aqua,MODIS,63,6.2,298.3,4.9,D,0
24.1853,91.205,312.7,1,1,2014-11-30,0721,Aqua,MODIS,28,6.2,299,5.8,D,0
24.1845,91.3307,312,1.3,1.1,2014-12-01,0454,Terra,MODIS,47,6.2,299.5,8.1,D,0
24.4461,89.3333,310.5,3.8,1.8,2014-12-01,0804,Aqua,MODIS,57,6.2,296,39.4,D,0
24.435,89.3299,311.8,3.8,1.8,2014-12-01,0804,Aqua,MODIS,61,6.2,296.2,46.3,D,0
24.4431,89.2959,310.1,3.8,1.8,2014-12-01,0804,Aqua,MODIS,56,6.2,296.5,37.6,D,0
23.0379,89.8437,314.1,1.3,1.1,2014-12-02,0708,Aqua,MODIS,67,6.2,298.6,11.7,D,0
23.0399,89.8486,313.9,1.3,1.1,2014-12-02,0708,Aqua,MODIS,68,6.2,298.6,11.6,D,0
23.871,89.5963,311.1,1.3,1.1,2014-12-02,0708,Aqua,MODIS,61,6.2,298,7.8,D,0
24.7125,92.1075,317.3,1,1,2014-12-02,0708,Aqua,MODIS,73,6.2,300,10,D,0
23.8075,89.8953,310.5,1.3,1.1,2014-12-02,0708,Aqua,MODIS,59,6.2,299.2,6.7,D,0
24.4858,91.2926,307,3.2,1.7,2014-12-03,0751,Aqua,MODIS,51,6.2,292.4,20.7,D,0
24.4868,91.3003,307.5,3.2,1.7,2014-12-03,0751,Aqua,MODIS,53,6.2,292.8,19.9,D,0
24.7339,92.1369,314.1,1.4,1.2,2014-12-04,0656,Aqua,MODIS,69,6.2,299.2,12,D,0
24.541,91.3025,312.1,2.5,1.5,2014-12-06,0644,Aqua,MODIS,56,6.2,298.9,20,D,0
23.8109,91.1047,305.7,1.2,1.1,2014-12-07,0727,Aqua,MODIS,27,6.2,294.2,3.4,D,0
24.6392,91.881,310.5,1.3,1.1,2014-12-07,0727,Aqua,MODIS,59,6.2,299.8,7.5,D,0
24.728,92.1206,311,1,1,2014-12-09,0715,Aqua,MODIS,36,6.2,296.8,5.4,D,0
24.4685,89.3105,316.4,1.1,1,2014-12-09,0715,Aqua,MODIS,72,6.2,299.1,11.1,D,0
24.7267,92.1107,309.6,1,1,2014-12-09,0715,Aqua,MODIS,46,6.2,296.7,4.8,D,0
24.7087,92.1137,311.2,1,1,2014-12-09,0715,Aqua,MODIS,33,6.2,298.1,5.8,D,0
24.7308,92.1404,311,1,1,2014-12-09,0715,Aqua,MODIS,57,6.2,298.1,5.9,D,0
24.5793,89.0753,308.8,4.6,2,2014-12-15,0638,Aqua,MODIS,61,6.2,297.1,42.3,D,0
23.7313,90.4532,309.8,1,1,2014-12-16,0720,Aqua,MODIS,55,6.2,298.7,4.3,D,0
23.7736,90.8866,311.5,1,1,2014-12-16,0720,Aqua,MODIS,60,6.2,300.5,5,D,0
23.706,90.9347,311.2,1,1,2014-12-16,0720,Aqua,MODIS,61,6.2,300.1,4.6,D,0
23.7218,90.9825,312.4,1,1,2014-12-16,0720,Aqua,MODIS,58,6.2,299.9,5.6,D,0
24.5289,91.5781,323.3,1.1,1,2014-12-16,0721,Aqua,MODIS,79,6.2,301.5,17,D,0
24.5657,89.4038,312.1,1,1,2014-12-16,0721,Aqua,MODIS,65,6.2,297.5,6.1,D,0
24.4687,89.3666,321.1,1,1,2014-12-16,0721,Aqua,MODIS,77,6.2,297.9,13.8,D,0
24.3093,90.0531,310.4,1,1,2014-12-16,0721,Aqua,MODIS,45,6.2,297.9,5,D,0
24.3196,90.0613,310,1,1,2014-12-16,0721,Aqua,MODIS,43,6.2,298,5.1,D,0
24.2662,90.0705,318.8,1,1,2014-12-16,0721,Aqua,MODIS,75,6.2,298.6,12,D,0
24.2325,90.092,308.5,1,1,2014-12-16,0721,Aqua,MODIS,52,6.2,297,4.8,D,0
24.5819,91.5631,315.5,1.1,1,2014-12-16,0721,Aqua,MODIS,69,6.2,300.7,8.5,D,0
24.3183,90.0516,310.4,1,1,2014-12-16,0721,Aqua,MODIS,46,6.2,297.9,5.4,D,0
24.3107,90.0629,311.8,1,1,2014-12-16,0721,Aqua,MODIS,59,6.2,297.6,6.1,D,0
24.0261,89.0562,312.9,1,1,2014-12-16,0721,Aqua,MODIS,0,6.2,299,6.9,D,0
24.5832,91.5735,311.7,1.1,1,2014-12-16,0721,Aqua,MODIS,61,6.2,300.2,4.8,D,0
24.5266,91.2875,316.7,1,1,2014-12-16,0721,Aqua,MODIS,68,6.2,300.4,8.4,D,0
24.504,91.392,312.9,1.1,1,2014-12-16,0721,Aqua,MODIS,47,6.2,301.3,5.6,D,0
24.9343,92.3174,310.4,1.1,1.1,2014-12-16,0721,Aqua,MODIS,62,6.2,300,5.9,D,0
24.5143,89.2419,319.9,1,1,2014-12-16,0721,Aqua,MODIS,63,6.2,296,12.2,D,0
24.5847,89.0912,315.7,1,1,2014-12-16,0721,Aqua,MODIS,67,6.2,295.8,9.4,D,0
24.1818,91.1817,316.6,1,1,2014-12-16,0721,Aqua,MODIS,66,6.2,302.1,8.3,D,0
23.0504,89.9148,319.2,1.3,1.1,2014-12-18,0708,Aqua,MODIS,77,6.2,296.2,20.6,D,0
22.7176,90.9641,309.9,1.1,1.1,2014-12-18,0708,Aqua,MODIS,66,6.2,297.4,7.3,D,0
24.5189,89.2303,309.5,1.3,1.1,2014-12-18,0709,Aqua,MODIS,43,6.2,296.9,6.3,D,0
22.1094,92.1135,308.9,1.1,1,2014-12-19,0442,Terra,MODIS,64,6.2,297.7,5.4,D,0
24.5728,89.3916,309.9,2.3,1.5,2014-12-19,0751,Aqua,MODIS,58,6.2,299.4,15.1,D,0
21.4683,92.0729,310.2,1.6,1.2,2014-12-20,0655,Aqua,MODIS,69,6.2,299.9,8.7,D,0
24.1258,89.4293,307,2.1,1.4,2014-12-20,0656,Aqua,MODIS,59,6.2,291.5,15.9,D,0
23.3312,89.7425,314.9,1.4,1.2,2014-12-21,0739,Aqua,MODIS,70,6.2,300.1,13.6,D,0
24.5382,91.285,317.7,1.9,1.3,2014-12-21,0739,Aqua,MODIS,75,6.2,300.2,25.3,D,0
21.4773,92.0318,314.2,2.6,1.5,2014-12-22,0643,Aqua,MODIS,68,6.2,298.8,31,D,0
21.4275,92.0345,311.7,1.2,1.1,2014-12-23,0726,Aqua,MODIS,67,6.2,300.6,6.6,D,0
24.122,89.4314,312.2,1,1,2014-12-23,0727,Aqua,MODIS,65,6.2,300.1,5.7,D,0
24.5372,89.1686,312.7,1,1,2014-12-23,0727,Aqua,MODIS,64,6.2,299,7,D,0
24.1206,89.4215,314.2,1,1,2014-12-23,0727,Aqua,MODIS,68,6.2,301.3,7.2,D,0
24.6644,89.0235,322.4,1,1,2014-12-23,0727,Aqua,MODIS,78,6.2,297.8,15.8,D,0
24.5837,89.0437,310.5,1,1,2014-12-23,0727,Aqua,MODIS,59,6.2,297.2,5.9,D,0
24.5851,89.0535,308.5,1,1,2014-12-23,0727,Aqua,MODIS,50,6.2,297.2,4.1,D,0
24.6621,92.1287,312,1.4,1.2,2014-12-23,0727,Aqua,MODIS,61,6.2,300.8,8.6,D,0
23.4328,90.8878,316.9,1.1,1.1,2014-12-23,0727,Aqua,MODIS,73,6.2,300.3,11.8,D,0
24.503,91.3916,316.9,1.2,1.1,2014-12-23,0727,Aqua,MODIS,65,6.2,302.4,11.7,D,0
24.5524,91.6316,311.2,1.3,1.1,2014-12-23,0727,Aqua,MODIS,62,6.2,301.1,6.6,D,0
24.5961,91.5751,312.4,1.3,1.1,2014-12-23,0727,Aqua,MODIS,47,6.2,300.8,6.9,D,0
24.5979,91.5805,312.9,1.3,1.1,2014-12-23,0727,Aqua,MODIS,62,6.2,300.6,7.9,D,0
24.1696,91.1792,312.8,1.2,1.1,2014-12-23,0727,Aqua,MODIS,66,6.2,300.7,6.6,D,0
23.7222,90.968,311.9,1,1,2014-12-25,0714,Aqua,MODIS,62,6.2,300.9,5.4,D,0
23.4251,90.8881,311.2,1,1,2014-12-25,0714,Aqua,MODIS,60,6.2,300.2,5.5,D,0
23.1728,90.9314,308.8,1,1,2014-12-25,0714,Aqua,MODIS,58,6.2,298.7,4.7,D,0
23.7311,90.9664,310.7,1,1,2014-12-25,0714,Aqua,MODIS,55,6.2,300.1,4.5,D,0
21.8221,90.1824,310.5,1.1,1,2014-12-25,0714,Aqua,MODIS,39,6.2,299,6.1,D,0
22.0759,92.1348,311,1,1,2014-12-25,0714,Aqua,MODIS,59,6.2,300.2,5.2,D,0
24.5199,91.3186,321,1,1,2014-12-25,0715,Aqua,MODIS,77,6.2,303,12.1,D,0
25.1306,90.6381,312.7,1,1,2014-12-25,0715,Aqua,MODIS,69,6.2,300.8,5.8,D,0
24.7395,92.0869,313.4,1,1,2014-12-25,0715,Aqua,MODIS,66,6.2,301.2,6.3,D,0
24.1216,91.3029,314.8,1,1,2014-12-25,0715,Aqua,MODIS,70,6.2,302.9,6.5,D,0
22.5531,92.0959,309.9,1.2,1.1,2014-12-27,0702,Aqua,MODIS,67,6.2,298,7.6,D,0
24.2674,91.3413,314.3,1.2,1.1,2014-12-27,0702,Aqua,MODIS,67,6.2,299,10.5,D,0
24.2671,91.3359,311.8,1.2,1.1,2014-12-27,0702,Aqua,MODIS,53,6.2,299.6,7.4,D,0
24.9501,92.3257,310.8,1.1,1,2014-12-27,0703,Aqua,MODIS,67,6.2,300.2,6.6,D,0
