latitude,longitude,brightness,scan,track,acq_date,acq_time,satellite,instrument,confidence,version,bright_t31,frp,daynight,type
25.1425,88.7059,320.4,1,1,2015-01-01,0721,Aqua,MODIS,76,6.2,299.1,11.3,D,0
25.1982,89.9724,307.6,1,1,2015-01-01,0721,Aqua,MODIS,51,6.2,288.6,4.3,D,0
21.4583,92.0567,309.6,1.6,1.2,2015-01-05,0655,Aqua,MODIS,59,6.2,296.9,7,D,0
23.1659,90.1356,310.8,1.5,1.2,2015-01-06,0739,Aqua,MODIS,61,6.2,297.4,12.8,D,0
24.9912,92.342,308.7,2.1,1.4,2015-01-07,0644,Aqua,MODIS,68,6.2,294.9,15.5,D,0
24.9959,92.3573,309.1,2.1,1.4,2015-01-07,0644,Aqua,MODIS,64,6.2,295.3,15.5,D,0
23.0671,89.9172,307.4,1,1,2015-01-08,0726,Aqua,MODIS,60,6.2,295.6,5.2,D,0
23.2119,90.9986,307.7,1.1,1.1,2015-01-08,0726,Aqua,MODIS,61,6.2,295.9,6.2,D,0
23.9782,89.7222,303,1,1,2015-01-08,0727,Aqua,MODIS,9,6.2,292.3,2.9,D,0
24.6663,92.1215,314.1,1.3,1.1,2015-01-08,0727,Aqua,MODIS,67,6.2,297.6,14,D,0
25.6488,89.7809,302.9,1.1,1,2015-01-08,0727,Aqua,MODIS,17,6.2,290.9,2.7,D,0
23.1126,89.5133,309.1,1,1,2015-01-08,0727,Aqua,MODIS,62,6.2,295.6,6.4,D,0
24.4687,89.8198,303.3,1,1,2015-01-08,0727,Aqua,MODIS,0,6.2,291.1,2.6,D,0
24.1021,91.5769,304.7,1.2,1.1,2015-01-08,0727,Aqua,MODIS,19,6.2,292,3.9,D,0
23.2729,90.9159,308.5,1,1,2015-01-10,0714,Aqua,MODIS,60,6.2,297.9,4.7,D,0
23.1614,90.914,302.2,1.4,1.2,2015-01-12,0702,Aqua,MODIS,46,6.2,290.8,4.5,D,0
24.8948,92.4629,310.9,1.1,1,2015-01-12,0703,Aqua,MODIS,66,6.2,300.7,5.1,D,0
24.9803,92.3127,306,3,1.6,2015-01-13,0746,Aqua,MODIS,35,6.2,287.9,21.7,D,0
24.7541,92.0697,316.5,1.7,1.3,2015-01-14,0650,Aqua,MODIS,70,6.2,300.2,20.1,D,0
24.9964,92.321,315,1.8,1.3,2015-01-15,0733,Aqua,MODIS,70,6.2,300.9,13.7,D,0
24.8479,91.8757,312.5,1.6,1.3,2015-01-15,0733,Aqua,MODIS,64,6.2,300.3,11.7,D,0
25.0215,92.2378,309.8,1.5,1.2,2015-01-18,0454,Terra,MODIS,67,6.2,296.8,8.3,D,0
25.006,92.3598,311.8,1.3,1.1,2015-01-21,0657,Aqua,MODIS,53,6.2,300.2,6.6,D,0
24.8808,92.4686,320.2,1.3,1.1,2015-01-21,0657,Aqua,MODIS,59,6.2,303.1,16.9,D,0
24.0009,90.3193,308.1,2,1.4,2015-01-24,0417,Terra,MODIS,64,6.2,294.3,15.4,D,0
24.0339,89.078,312.7,1,1,2015-01-24,0727,Aqua,MODIS,63,6.2,299.5,6.7,D,0
24.7989,92.1235,310.1,1.4,1.2,2015-01-24,0727,Aqua,MODIS,61,6.2,299.9,7.4,D,0
24.4352,91.6337,311,1.3,1.1,2015-01-24,0727,Aqua,MODIS,60,6.2,299.9,6.5,D,0
23.0534,89.9103,308.6,1,1,2015-01-24,0727,Aqua,MODIS,55,6.2,297.9,4.4,D,0
25.8793,89.2291,306.2,1.2,1.1,2015-01-25,0500,Terra,MODIS,59,6.2,296.2,6.8,D,0
22.5297,91.7728,325.3,1,1,2015-01-26,0714,Aqua,MODIS,81,6.2,303.2,17.4,D,0
24.8918,92.4153,315.3,1,1,2015-01-26,0715,Aqua,MODIS,70,6.2,303.9,6.6,D,0
24.6352,91.5598,316.8,1,1,2015-01-26,0715,Aqua,MODIS,71,6.2,301.4,9.5,D,0
24.6022,91.5855,321.5,1,1,2015-01-26,0715,Aqua,MODIS,77,6.2,302.3,12.9,D,0
25.0116,92.2756,316.9,1,1,2015-01-26,0715,Aqua,MODIS,73,6.2,303.7,7.8,D,0
22.8653,91.6715,314.3,1,1,2015-01-26,0715,Aqua,MODIS,68,6.2,302.6,7.2,D,0
25.0045,92.3591,316.1,1,1,2015-01-26,0715,Aqua,MODIS,69,6.2,303.6,7.3,D,0
24.8931,92.4254,328,1,1,2015-01-26,0715,Aqua,MODIS,83,6.2,304.3,20.3,D,0
24.5604,91.6782,328.2,1,1,2015-01-26,0715,Aqua,MODIS,83,6.2,302.2,20.4,D,0
24.0025,89.0842,308.2,1,1,2015-01-27,0448,Terra,MODIS,52,6.2,296,4.8,D,0
24.0039,89.0745,309.3,1,1,2015-01-27,0448,Terra,MODIS,44,6.2,296.3,5.5,D,0
23.1081,89.6309,307.3,1.6,1.3,2015-01-28,0702,Aqua,MODIS,45,6.2,296,8,D,0
24.0774,89.7764,304.6,2.8,1.6,2015-01-30,0519,Terra,MODIS,0,6.2,293.5,20.8,D,0
24.5512,92.0184,312.4,1.7,1.3,2015-01-31,0733,Aqua,MODIS,68,6.2,301.1,13.8,D,0
22.7118,92.3883,312,1.7,1.3,2015-01-31,0733,Aqua,MODIS,55,6.2,298.3,15.2,D,0
21.9799,90.4311,313.3,1.2,1.1,2015-01-31,0733,Aqua,MODIS,59,6.2,301.2,6.3,D,0
22.7137,92.405,313.3,1.7,1.3,2015-01-31,0733,Aqua,MODIS,62,6.2,298.5,17.3,D,0
24.0051,89.076,305.8,1.5,1.2,2015-02-01,0506,Terra,MODIS,0,6.2,295.2,8.4,D,0
24.9835,92.3316,308.1,2.4,1.5,2015-02-01,0506,Terra,MODIS,65,6.2,297.6,17.7,D,0
24.0025,89.0906,306.8,1.5,1.2,2015-02-01,0506,Terra,MODIS,50,6.2,295.2,9.6,D,0
22.0355,91.995,310.7,1.1,1,2015-02-02,0720,Aqua,MODIS,58,6.2,300.4,5.3,D,0
22.08,92.1276,314.4,1.1,1,2015-02-02,0720,Aqua,MODIS,68,6.2,302.9,7.5,D,0
22.4476,92.1301,314.1,1.1,1,2015-02-02,0721,Aqua,MODIS,67,6.2,301.3,7.7,D,0
24.9688,92.4079,322,1.2,1.1,2015-02-02,0721,Aqua,MODIS,78,6.2,304,15.4,D,0
22.7933,91.8936,311,1.1,1,2015-02-02,0721,Aqua,MODIS,59,6.2,301,5,D,0
22.1093,90.5341,315.9,1,1,2015-02-02,0721,Aqua,MODIS,52,6.2,303.6,6.4,D,0
23.1048,89.5845,313.6,1,1,2015-02-02,0721,Aqua,MODIS,60,6.2,302.1,7.1,D,0
22.1354,91.9264,317.5,1.1,1,2015-02-04,0708,Aqua,MODIS,71,6.2,304.8,9.7,D,0
24.8838,92.4772,312.6,1,1,2015-02-04,0709,Aqua,MODIS,67,6.2,298.2,5.4,D,0
24.2319,91.392,316.5,1.1,1,2015-02-04,0709,Aqua,MODIS,71,6.2,302.9,9,D,0
23.1351,89.6002,322.1,1.3,1.1,2015-02-04,0709,Aqua,MODIS,75,6.2,301.7,20.5,D,0
23.0701,89.5869,324.9,1.3,1.1,2015-02-04,0709,Aqua,MODIS,81,6.2,300.9,26.9,D,0
24.9721,92.3845,327.5,1,1,2015-02-04,0709,Aqua,MODIS,83,6.2,301.9,18.4,D,0
24.549,92.0198,315.7,1,1,2015-02-04,0709,Aqua,MODIS,70,6.2,303,7.8,D,0
24.842,92.3798,313.5,1,1,2015-02-04,0709,Aqua,MODIS,62,6.2,300.9,5.1,D,0
24.9885,92.3715,315.4,1,1,2015-02-04,0709,Aqua,MODIS,46,6.2,301.5,5.2,D,0
23.0474,89.9447,312.8,1.3,1.1,2015-02-04,0709,Aqua,MODIS,65,6.2,292.5,10.5,D,0
24.9707,92.3747,320.2,1,1,2015-02-04,0709,Aqua,MODIS,70,6.2,302.4,10.4,D,0
24.897,92.4515,316,2.3,1.5,2015-02-07,0740,Aqua,MODIS,66,6.2,300.1,23.6,D,0
24.8922,92.4471,318.2,2.3,1.5,2015-02-07,0740,Aqua,MODIS,71,6.2,300.2,33.8,D,0
25.1642,89.6048,308.6,2,1.4,2015-02-08,0512,Terra,MODIS,0,6.2,298.2,16.3,D,0
24.5312,91.9024,307.9,1.6,1.2,2015-02-09,0417,Terra,MODIS,64,6.2,295.5,9.2,D,0
24.9376,92.4138,316.3,1.4,1.2,2015-02-09,0727,Aqua,MODIS,72,6.2,297.9,14,D,0
21.921,92.1075,311.5,1.3,1.1,2015-02-09,0727,Aqua,MODIS,60,6.2,300.8,6.1,D,0
23.0833,89.6048,316.1,1,1,2015-02-09,0727,Aqua,MODIS,62,6.2,299.2,8.9,D,0
23.1277,89.5863,332.7,1.1,1,2015-02-11,0715,Aqua,MODIS,88,6.2,299.5,32.1,D,0
22.6819,91.909,316.3,1,1,2015-02-11,0715,Aqua,MODIS,77,6.2,297.9,9.3,D,0
22.6805,91.8994,332,1,1,2015-02-11,0715,Aqua,MODIS,88,6.2,298.1,26.3,D,0
22.6705,90.3362,307.5,1.1,1,2015-02-11,0715,Aqua,MODIS,0,6.2,291.4,5.5,D,0
23.1294,89.5969,318.3,1.1,1,2015-02-11,0715,Aqua,MODIS,47,6.2,298.5,13.3,D,0
23.1338,89.5905,322.4,1.1,1,2015-02-11,0715,Aqua,MODIS,53,6.2,300.8,19.1,D,0
22.9888,91.8681,309.6,1.2,1.1,2015-02-12,0448,Terra,MODIS,66,6.2,298.8,6.9,D,0
24.8496,91.8911,312.4,1.1,1.1,2015-02-13,0703,Aqua,MODIS,66,6.2,298.1,8,D,0
23.158,89.5698,310.9,1.8,1.3,2015-02-14,0745,Aqua,MODIS,59,6.2,296.9,13.1,D,0
24.0694,89.7765,307.1,2.8,1.6,2015-02-15,0518,Terra,MODIS,0,6.2,293.8,22.3,D,0
24.1496,89.1175,311.4,2.8,1.6,2015-02-15,0651,Aqua,MODIS,65,6.2,293,33.8,D,0
24.1521,89.1098,309.9,2.8,1.6,2015-02-15,0651,Aqua,MODIS,61,6.2,292.7,28.7,D,0
24.1676,91.3966,312,1.5,1.2,2015-02-16,0733,Aqua,MODIS,47,6.2,300.1,8.3,D,0
22.3859,92.0299,315,1.1,1,2015-02-18,0721,Aqua,MODIS,65,6.2,301.3,6.8,D,0
22.4616,91.7627,310.7,1,1,2015-02-18,0721,Aqua,MODIS,50,6.2,298.9,4.4,D,0
24.7697,92.1211,316.8,1.1,1.1,2015-02-18,0721,Aqua,MODIS,73,6.2,301.5,8.9,D,0
23.1733,90.9847,310.1,1,1,2015-02-18,0721,Aqua,MODIS,46,6.2,298.7,4.7,D,0
26.4572,88.5924,312.8,1,1,2015-02-19,0453,Terra,MODIS,68,6.2,294.2,7.6,D,0
24.5113,88.1567,311.2,1,1,2015-02-19,0454,Terra,MODIS,0,6.2,298.5,5.9,D,0
22.5501,92.1442,319.3,1,1,2015-02-20,0708,Aqua,MODIS,73,6.2,300.9,11.9,D,0
22.5581,91.7059,313.8,1.1,1,2015-02-20,0708,Aqua,MODIS,60,6.2,301.7,6,D,0
22.7543,91.6087,324.7,1.1,1,2015-02-20,0708,Aqua,MODIS,79,6.2,301,17.7,D,0
22.5517,92.1542,315.1,1,1,2015-02-20,0708,Aqua,MODIS,66,6.2,300.1,8.1,D,0
24.9576,92.4506,316.8,1,1,2015-02-20,0709,Aqua,MODIS,71,6.2,301,7.9,D,0
24.308,91.6295,317.5,1,1,2015-02-20,0709,Aqua,MODIS,69,6.2,299.8,8.8,D,0
22.4798,92.3793,305.7,2.1,1.4,2015-02-20,1633,Terra,MODIS,65,6.2,291,23.6,N,0
22.4796,92.3857,305.9,2.1,1.4,2015-02-20,1633,Terra,MODIS,66,6.2,290.9,22.8,N,0
25.803,89.737,310.1,1,1,2015-02-21,0441,Terra,MODIS,0,6.2,297.2,6.6,D,0
22.8529,91.615,313.2,1,1,2015-02-21,0442,Terra,MODIS,66,6.2,297.1,7.9,D,0
22.8545,91.605,314.9,1,1,2015-02-21,0442,Terra,MODIS,69,6.2,297.1,9.4,D,0
23.1415,92.1935,309.4,1.3,1.1,2015-02-22,1621,Terra,MODIS,77,6.2,290.2,14.5,N,0
22.7485,91.853,316.9,2,1.4,2015-02-23,0739,Aqua,MODIS,64,6.2,302.4,18.4,D,0
22.0954,92.1261,315.8,1.4,1.2,2015-02-25,0418,Terra,MODIS,68,6.2,300.3,12.4,D,0
22.0937,92.14,315.3,1.4,1.2,2015-02-25,0418,Terra,MODIS,67,6.2,300.7,11.9,D,0
23.7878,89.6754,316.7,1,1,2015-02-25,0727,Aqua,MODIS,46,6.2,304.5,9.2,D,0
25.0763,89.6898,314.6,1,1,2015-02-25,0727,Aqua,MODIS,0,6.2,301.4,7.4,D,0
22.9622,91.7639,322.1,1,1,2015-02-27,0714,Aqua,MODIS,74,6.2,302.1,11.6,D,0
22.9609,91.7543,317.1,1,1,2015-02-27,0714,Aqua,MODIS,65,6.2,302.3,6.9,D,0
21.8136,92.2344,319.7,1,1,2015-02-27,0714,Aqua,MODIS,70,6.2,302.8,9.1,D,0
22.0978,92.1581,322.3,1,1,2015-02-27,0714,Aqua,MODIS,74,6.2,301.4,11.8,D,0
24.1542,91.403,340.2,1,1,2015-02-27,0715,Aqua,MODIS,90,6.2,301.3,35.1,D,0
24.1632,91.4015,326.5,1,1,2015-02-27,0715,Aqua,MODIS,79,6.2,300.3,16.1,D,0
24.1556,91.4128,328.3,1,1,2015-02-27,0715,Aqua,MODIS,81,6.2,298.1,18.7,D,0
24.4311,89.7315,308.2,1,1,2015-02-28,0448,Terra,MODIS,0,6.2,294,3.2,D,0
23.0864,89.5918,320.9,1,1,2015-02-28,0448,Terra,MODIS,70,6.2,302,11.6,D,0
23.085,89.6015,317.6,1,1,2015-02-28,0448,Terra,MODIS,43,6.2,302.4,8.3,D,0
23.558,88.8443,311.4,1,1,2015-02-28,0448,Terra,MODIS,47,6.2,298.2,5.3,D,0
23.3909,89.16,312.6,1,1,2015-02-28,0448,Terra,MODIS,56,6.2,300.2,5.5,D,0
24.2304,91.7008,315,1.1,1.1,2015-02-28,0448,Terra,MODIS,68,6.2,298.4,7.8,D,0
24.8868,92.4783,316.9,1,1,2015-03-02,0435,Terra,MODIS,64,6.2,303.3,6.1,D,0
23.4209,89.0544,311.5,1.2,1.1,2015-03-02,0436,Terra,MODIS,51,6.2,295.3,7.1,D,0
26.1563,89.0839,309.9,2.2,1.4,2015-03-03,0518,Terra,MODIS,30,6.2,295.2,17.8,D,0
24.1143,89.729,308.7,2.7,1.6,2015-03-03,0518,Terra,MODIS,0,6.2,294.2,17.8,D,0
24.0757,89.7745,312.9,2.8,1.6,2015-03-03,0518,Terra,MODIS,0,6.2,297.9,31.9,D,0
25.7572,89.4851,310.6,2.4,1.5,2015-03-03,0518,Terra,MODIS,22,6.2,296,21,D,0
24.5097,91.9213,333.5,1.8,1.3,2015-03-03,0650,Aqua,MODIS,86,6.2,299.2,60.6,D,0
23.0867,89.5855,315.6,2.8,1.6,2015-03-03,0650,Aqua,MODIS,57,6.2,299,36,D,0
23.0842,89.5908,318.7,2.8,1.6,2015-03-03,0650,Aqua,MODIS,72,6.2,299,49.6,D,0
25.559,89.7849,312.3,1.2,1.1,2015-03-04,0734,Aqua,MODIS,0,6.2,295.9,6.1,D,0
26.1687,89.0611,315.3,1.4,1.2,2015-03-05,0505,Terra,MODIS,23,6.2,302.7,13.6,D,0
21.8722,92.426,356.5,1.1,1,2015-03-06,0720,Aqua,MODIS,98,6.2,309.7,76.4,D,0
21.8736,92.4364,333,1.1,1,2015-03-06,0720,Aqua,MODIS,84,6.2,307.9,26.2,D,0
22.2794,92.0271,320.3,1.1,1,2015-03-06,0720,Aqua,MODIS,71,6.2,306.4,10.3,D,0
21.8104,92.2204,323.9,1.1,1,2015-03-06,0720,Aqua,MODIS,76,6.2,306.6,14.1,D,0
22.503,92.1158,317.8,1.1,1,2015-03-06,0721,Aqua,MODIS,67,6.2,306.1,7.8,D,0
24.1422,91.4667,327.1,1.1,1,2015-03-06,0721,Aqua,MODIS,80,6.2,305.8,17,D,0
23.5668,88.911,331.1,1,1,2015-03-06,0721,Aqua,MODIS,82,6.2,301.5,25.3,D,0
24.1409,91.4564,324.1,1,1,2015-03-06,0721,Aqua,MODIS,69,6.2,305,14.3,D,0
22.3999,92.107,318.7,1.1,1,2015-03-06,0721,Aqua,MODIS,69,6.2,307.1,8.2,D,0
23.941,89.6353,317.1,1,1,2015-03-06,0721,Aqua,MODIS,65,6.2,304.9,7,D,0
23.5683,88.921,329.9,1,1,2015-03-06,0721,Aqua,MODIS,81,6.2,299.9,23.8,D,0
24.2233,91.3119,335.6,1,1,2015-03-06,0721,Aqua,MODIS,87,6.2,308.2,28.5,D,0
24.222,91.3018,325.8,1,1,2015-03-06,0721,Aqua,MODIS,78,6.2,307.9,13.7,D,0
24.1224,90.445,315.3,1,1,2015-03-06,0721,Aqua,MODIS,61,6.2,302.9,5.6,D,0
24.1575,91.2805,317,1.3,1.1,2015-03-07,0454,Terra,MODIS,47,6.2,303.7,8.2,D,0
21.4286,92.586,348.4,1.8,1.3,2015-03-07,0454,Terra,MODIS,94,6.2,305,128.5,D,0
23.1817,89.7988,313.7,1.1,1.1,2015-03-07,0454,Terra,MODIS,57,6.2,301.2,8.1,D,0
24.2027,91.7209,312.5,1.4,1.2,2015-03-07,0454,Terra,MODIS,54,6.2,300.7,8.4,D,0
24.1947,91.7272,315.3,1.4,1.2,2015-03-07,0454,Terra,MODIS,66,6.2,299.9,13,D,0
21.417,92.5835,353.8,1.8,1.3,2015-03-07,0454,Terra,MODIS,97,6.2,302.7,156.4,D,0
22.7429,91.7998,314.9,1.1,1,2015-03-08,0708,Aqua,MODIS,55,6.2,304.3,5.1,D,0
22.5213,92.1589,316.7,1,1,2015-03-08,0708,Aqua,MODIS,55,6.2,305.6,6.4,D,0
22.6249,91.6901,315.5,1.1,1,2015-03-08,0708,Aqua,MODIS,52,6.2,304.3,6.5,D,0
22.1187,92.1832,323.4,1,1,2015-03-08,0708,Aqua,MODIS,74,6.2,308.9,11.3,D,0
22.6264,91.7003,318.9,1.1,1,2015-03-08,0708,Aqua,MODIS,66,6.2,303.6,10.2,D,0
22.554,91.7095,325.9,1.1,1,2015-03-08,0708,Aqua,MODIS,77,6.2,307.2,16.3,D,0
23.0045,91.9423,317.1,1,1,2015-03-08,0708,Aqua,MODIS,65,6.2,306,6.2,D,0
22.0868,92.158,337,1,1,2015-03-08,0708,Aqua,MODIS,87,6.2,307.4,31,D,0
23.155,92.146,331.7,1,1,2015-03-08,0708,Aqua,MODIS,84,6.2,308.1,22.8,D,0
22.0657,92.1991,323.8,1,1,2015-03-08,0708,Aqua,MODIS,63,6.2,309,11.1,D,0
22.0672,92.2092,328.4,1,1,2015-03-08,0708,Aqua,MODIS,80,6.2,309,16.8,D,0
24.8999,92.4657,328.6,1,1,2015-03-08,0709,Aqua,MODIS,75,6.2,309.2,14.2,D,0
24.8924,92.4771,326.6,1,1,2015-03-08,0709,Aqua,MODIS,46,6.2,309.6,11.6,D,0
24.0864,90.4154,313.9,1.2,1.1,2015-03-08,0709,Aqua,MODIS,49,6.2,302.3,4.9,D,0
24.1727,90.3814,322,1.2,1.1,2015-03-08,0709,Aqua,MODIS,73,6.2,305.3,13.3,D,0
23.0305,89.506,313.4,1.4,1.2,2015-03-08,0709,Aqua,MODIS,50,6.2,303.1,10.1,D,0
23.4162,90.8464,317.4,1.1,1.1,2015-03-08,0709,Aqua,MODIS,65,6.2,305.6,9.2,D,0
24.2,91.2552,323.1,1.1,1,2015-03-08,0709,Aqua,MODIS,52,6.2,308.7,9.8,D,0
24.9258,89.5993,312.9,1,1,2015-03-09,0441,Terra,MODIS,0,6.2,301.7,7.5,D,0
22.2316,91.8485,316,1.1,1,2015-03-09,0442,Terra,MODIS,52,6.2,305.6,6.8,D,0
22.7214,91.7291,315.5,1,1,2015-03-09,0442,Terra,MODIS,57,6.2,304.5,5.6,D,0
23.7909,89.6877,309.9,1,1,2015-03-09,0442,Terra,MODIS,7,6.2,293.6,3.6,D,0
23.0866,89.5709,316.5,2.3,1.5,2015-03-09,0751,Aqua,MODIS,57,6.2,296.1,28.5,D,0
23.0889,89.5928,313.4,2.3,1.5,2015-03-09,0751,Aqua,MODIS,34,6.2,298.2,17.8,D,0
22.4175,91.7659,320.8,1.6,1.2,2015-03-10,0656,Aqua,MODIS,37,6.2,306.8,14.8,D,0
21.7352,92.1669,321.5,1.5,1.2,2015-03-10,0656,Aqua,MODIS,47,6.2,308.2,15,D,0
21.7369,92.1612,325.1,1.5,1.2,2015-03-10,0656,Aqua,MODIS,68,6.2,308.3,22.3,D,0
21.7477,92.159,322,1.5,1.2,2015-03-10,0656,Aqua,MODIS,26,6.2,308,15.9,D,0
22.0064,92.1989,322.1,1.5,1.2,2015-03-10,0656,Aqua,MODIS,71,6.2,308.3,17.3,D,0
22.1477,92.2023,321.3,1.5,1.2,2015-03-10,0656,Aqua,MODIS,71,6.2,308.7,16.1,D,0
22.1452,92.188,326.3,1.5,1.2,2015-03-10,0656,Aqua,MODIS,78,6.2,309.7,25.9,D,0
21.668,92.1657,318.2,1.5,1.2,2015-03-10,0656,Aqua,MODIS,63,6.2,307.2,12.1,D,0
21.6382,92.2085,321.3,1.5,1.2,2015-03-10,0656,Aqua,MODIS,70,6.2,308.2,17.3,D,0
23.0718,89.6517,314.9,2.1,1.4,2015-03-10,0656,Aqua,MODIS,0,6.2,300.7,17.7,D,0
23.39,90.8605,312.3,1.7,1.3,2015-03-10,0656,Aqua,MODIS,48,6.2,300,10.2,D,0
22.0845,92.1764,318.7,1.5,1.2,2015-03-10,0656,Aqua,MODIS,65,6.2,308.4,10.5,D,0
22.4228,92.4088,327.5,1.4,1.2,2015-03-10,0656,Aqua,MODIS,78,6.2,307.3,28.3,D,0
21.258,92.0815,319.1,1.6,1.2,2015-03-10,0656,Aqua,MODIS,62,6.2,308.8,14.2,D,0
22.0171,92.1966,320.9,1.5,1.2,2015-03-10,0656,Aqua,MODIS,62,6.2,308.3,14.5,D,0
22.9351,91.7463,318.2,1.5,1.2,2015-03-10,0656,Aqua,MODIS,67,6.2,306,13.1,D,0
22.4178,91.7608,317.8,1.6,1.2,2015-03-10,0656,Aqua,MODIS,51,6.2,306.8,11.4,D,0
22.376,92.3893,316.2,1.4,1.2,2015-03-10,0656,Aqua,MODIS,55,6.2,306.1,7.8,D,0
22.4205,91.7759,320.2,1.6,1.2,2015-03-10,0656,Aqua,MODIS,70,6.2,306.2,15.5,D,0
22.4222,92.405,301.8,1.3,1.1,2015-03-10,1620,Terra,MODIS,37,6.2,290.9,7.2,N,0
22.1516,92.1935,307.5,1.3,1.1,2015-03-10,1620,Terra,MODIS,72,6.2,293.5,10.3,N,0
21.9079,92.2007,317.3,1,1,2015-03-11,0430,Terra,MODIS,66,6.2,305.1,6.5,D,0
22.5596,92.1457,318.3,1,1,2015-03-11,0430,Terra,MODIS,68,6.2,304.7,7.8,D,0
23.3658,88.9413,316.6,1.5,1.2,2015-03-11,0430,Terra,MODIS,63,6.2,300.9,13.4,D,0
22.5949,91.6995,320.1,1.1,1,2015-03-11,0430,Terra,MODIS,44,6.2,306.9,8.7,D,0
22.6795,92.4743,317.3,1,1,2015-03-11,0430,Terra,MODIS,66,6.2,305.5,7.6,D,0
22.4214,92.4105,320,1,1,2015-03-11,0430,Terra,MODIS,60,6.2,309,8.6,D,0
22.2352,92.2312,316.8,1,1,2015-03-11,0430,Terra,MODIS,65,6.2,305.7,5.6,D,0
22.4318,92.4021,320.6,1,1,2015-03-11,0430,Terra,MODIS,64,6.2,306.8,9.2,D,0
22.5843,91.7085,322.9,1.1,1,2015-03-11,0430,Terra,MODIS,70,6.2,306.3,12.4,D,0
22.4228,92.4005,321.3,1,1,2015-03-11,0430,Terra,MODIS,71,6.2,306.7,10,D,0
21.7957,92.1503,317.1,1,1,2015-03-11,0430,Terra,MODIS,65,6.2,306.3,5.7,D,0
22.6421,91.6821,318.1,1.1,1,2015-03-11,0430,Terra,MODIS,67,6.2,303.9,8.4,D,0
23.0756,89.6523,318.2,1.4,1.2,2015-03-11,0739,Aqua,MODIS,0,6.2,304,12.8,D,0
22.3981,92.1609,319.9,2,1.4,2015-03-11,0739,Aqua,MODIS,62,6.2,307.4,16.7,D,0
22.5131,92.1398,327,2,1.4,2015-03-11,0739,Aqua,MODIS,71,6.2,308.7,41.2,D,0
21.0152,92.2089,318.3,2,1.4,2015-03-11,0739,Aqua,MODIS,32,6.2,306,13.9,D,0
23.1321,89.7691,322,1.4,1.2,2015-03-11,0739,Aqua,MODIS,60,6.2,306.9,15.6,D,0
21.8995,92.4791,320,2.1,1.4,2015-03-11,0739,Aqua,MODIS,50,6.2,308.8,21,D,0
21.8013,92.271,326.4,2,1.4,2015-03-11,0739,Aqua,MODIS,74,6.2,307.7,36.6,D,0
22.4022,92.0821,322.6,2,1.4,2015-03-11,0739,Aqua,MODIS,69,6.2,306.7,25,D,0
21.8002,92.2762,325.1,2,1.4,2015-03-11,0739,Aqua,MODIS,71,6.2,307.4,32.8,D,0
22.3588,92.1461,322.7,2,1.4,2015-03-11,0739,Aqua,MODIS,69,6.2,306.8,26.8,D,0
21.779,92.1758,326,2,1.4,2015-03-11,0739,Aqua,MODIS,73,6.2,307.2,34,D,0
22.6435,91.6705,319.8,1.9,1.3,2015-03-11,0739,Aqua,MODIS,65,6.2,307.3,19.1,D,0
22.4235,92.4,325.3,2.1,1.4,2015-03-11,0739,Aqua,MODIS,74,6.2,309.8,39.1,D,0
22.1662,92.1623,319.5,2,1.4,2015-03-11,0739,Aqua,MODIS,48,6.2,306.8,19.5,D,0
21.3205,92.1729,320,2,1.4,2015-03-11,0739,Aqua,MODIS,47,6.2,306.3,17.3,D,0
21.7154,92.1884,322.1,2,1.4,2015-03-11,0739,Aqua,MODIS,65,6.2,307.6,22.9,D,0
21.7772,92.1811,322.7,2,1.4,2015-03-11,0739,Aqua,MODIS,66,6.2,306.7,25.9,D,0
22.5974,91.6951,326.3,1.9,1.3,2015-03-11,0739,Aqua,MODIS,76,6.2,307.1,35.1,D,0
22.4056,92.0744,321.9,2,1.4,2015-03-11,0739,Aqua,MODIS,56,6.2,306.4,21,D,0
25.1632,89.6696,324.6,1.5,1.2,2015-03-11,0740,Aqua,MODIS,0,6.2,313.6,21.5,D,0
25.1653,89.6637,323.9,1.5,1.2,2015-03-11,0740,Aqua,MODIS,0,6.2,313.3,20.9,D,0
21.6967,92.1986,338.5,1.1,1,2015-03-11,1948,Aqua,MODIS,100,6.2,295.7,46.7,N,0
22.3852,92.5147,325.8,1.1,1.1,2015-03-11,1948,Aqua,MODIS,100,6.2,293.6,29.3,N,0
21.7154,92.2018,364.5,1.1,1,2015-03-11,1948,Aqua,MODIS,100,6.2,298.8,113.6,N,0
21.6984,92.1883,327.4,1.1,1,2015-03-11,1948,Aqua,MODIS,100,6.2,293.5,28.9,N,0
21.7137,92.2123,307.5,1.1,1,2015-03-11,1948,Aqua,MODIS,68,6.2,294.5,8,N,0
23.2963,89.7743,317.9,2.2,1.4,2015-03-12,0513,Terra,MODIS,69,6.2,305.4,27.4,D,0
22.9214,89.8673,311.8,2.3,1.5,2015-03-12,0513,Terra,MODIS,47,6.2,301.6,19.9,D,0
23.1256,89.7678,320.1,2.2,1.5,2015-03-12,0513,Terra,MODIS,59,6.2,305.8,36.4,D,0
21.7029,92.1733,331.7,2.5,1.5,2015-03-12,0644,Aqua,MODIS,82,6.2,307.6,85.6,D,0
23.0204,89.7641,317.7,3.5,1.8,2015-03-12,0644,Aqua,MODIS,69,6.2,303.4,59.6,D,0
23.0269,89.7668,317.3,3.5,1.8,2015-03-12,0644,Aqua,MODIS,69,6.2,303.3,57.4,D,0
21.7076,92.198,337.2,2.5,1.5,2015-03-12,0644,Aqua,MODIS,87,6.2,308.7,115,D,0
22.1766,92.3,300.5,1,1,2015-03-12,1608,Terra,MODIS,28,6.2,287.6,5.3,N,0
22.6232,91.6863,310.7,1,1,2015-03-12,1608,Terra,MODIS,81,6.2,293.7,10.4,N,0
22.708,91.6364,306.1,1,1,2015-03-12,1608,Terra,MODIS,67,6.2,292.6,7.5,N,0
22.2732,92.2682,302.1,1,1,2015-03-12,1608,Terra,MODIS,47,6.2,289.9,6,N,0
21.7582,92.2727,301.4,1,1,2015-03-12,1608,Terra,MODIS,40,6.2,287.3,5.7,N,0
23.6526,91.9345,302.9,1,1,2015-03-12,1609,Terra,MODIS,52,6.2,288.8,6.5,N,0
21.6182,91.9587,326.6,1.5,1.2,2015-03-13,0418,Terra,MODIS,79,6.2,307.1,27.7,D,0
22.3624,92.3418,319.9,1.4,1.2,2015-03-13,0418,Terra,MODIS,23,6.2,308,12.4,D,0
22.199,92.1804,326.3,1.4,1.2,2015-03-13,0418,Terra,MODIS,78,6.2,305.9,24.6,D,0
21.7516,92.1865,320.2,1.4,1.2,2015-03-13,0418,Terra,MODIS,63,6.2,308.9,11,D,0
21.7899,92.167,321,1.2,1.1,2015-03-13,0726,Aqua,MODIS,61,6.2,309.2,9,D,0
21.6386,92.2608,321.9,1.3,1.1,2015-03-13,0726,Aqua,MODIS,63,6.2,306.9,11.1,D,0
21.7616,92.183,332.4,1.2,1.1,2015-03-13,0726,Aqua,MODIS,82,6.2,310.5,26.8,D,0
21.6096,91.9554,337.3,1.2,1.1,2015-03-13,0726,Aqua,MODIS,86,6.2,308.7,37.3,D,0
21.7884,92.155,321.8,1.2,1.1,2015-03-13,0726,Aqua,MODIS,66,6.2,308.8,9.7,D,0
21.6131,91.9599,329.4,1.2,1.1,2015-03-13,0726,Aqua,MODIS,69,6.2,307.2,22.6,D,0
21.6116,91.9484,326.5,1.2,1.1,2015-03-13,0726,Aqua,MODIS,71,6.2,308.7,18.5,D,0
21.5375,92.096,328.5,1.2,1.1,2015-03-13,0726,Aqua,MODIS,78,6.2,307.4,22.2,D,0
21.536,92.09,323.5,1.2,1.1,2015-03-13,0726,Aqua,MODIS,71,6.2,307.7,15.2,D,0
21.5375,92.1017,320.1,1.2,1.1,2015-03-13,0726,Aqua,MODIS,64,6.2,306.4,10.7,D,0
21.7602,92.1713,324.4,1.2,1.1,2015-03-13,0726,Aqua,MODIS,67,6.2,309.3,13.4,D,0
21.628,92.337,319,1.3,1.1,2015-03-13,0726,Aqua,MODIS,48,6.2,308.6,6.4,D,0
21.731,92.1811,327.4,1.2,1.1,2015-03-13,0726,Aqua,MODIS,69,6.2,310,17.6,D,0
21.7968,92.1418,333.9,1.2,1.1,2015-03-13,0726,Aqua,MODIS,83,6.2,309.9,28.6,D,0
21.7319,92.1872,322.6,1.2,1.1,2015-03-13,0726,Aqua,MODIS,20,6.2,308.4,9.5,D,0
21.7953,92.1302,332.5,1.2,1.1,2015-03-13,0726,Aqua,MODIS,82,6.2,309.2,27,D,0
21.6371,92.2485,321.7,1.2,1.1,2015-03-13,0726,Aqua,MODIS,65,6.2,307.1,11.3,D,0
21.7983,92.1536,341.3,1.2,1.1,2015-03-13,0726,Aqua,MODIS,89,6.2,311.4,44.9,D,0
22.1725,92.2964,322.1,1.3,1.1,2015-03-13,0727,Aqua,MODIS,68,6.2,308.7,11.7,D,0
23.2697,89.8024,321.5,1,1,2015-03-13,0727,Aqua,MODIS,62,6.2,307.6,9.3,D,0
23.1938,89.7798,325.3,1,1,2015-03-13,0727,Aqua,MODIS,60,6.2,307.3,13.4,D,0
23.2471,90.2448,324.7,1.1,1,2015-03-13,0727,Aqua,MODIS,74,6.2,309.6,10.2,D,0
23.364,91.9749,359.9,1.3,1.1,2015-03-13,0727,Aqua,MODIS,99,6.2,311.2,107,D,0
23.3655,91.9874,335.7,1.3,1.1,2015-03-13,0727,Aqua,MODIS,86,6.2,304.9,37.3,D,0
22.2723,92.2749,324.6,1.3,1.1,2015-03-13,0727,Aqua,MODIS,73,6.2,310.1,14.7,D,0
22.2562,92.2275,330.1,1.3,1.1,2015-03-13,0727,Aqua,MODIS,80,6.2,307.8,24.4,D,0
22.2577,92.2397,319.4,1.3,1.1,2015-03-13,0727,Aqua,MODIS,61,6.2,307.3,7,D,0
22.0057,92.1845,322.1,1.3,1.1,2015-03-13,0727,Aqua,MODIS,55,6.2,309.4,10.8,D,0
22.3607,92.4211,320.5,1.3,1.1,2015-03-13,0727,Aqua,MODIS,64,6.2,309.8,9.3,D,0
23.4525,92.1138,320.2,1.3,1.1,2015-03-13,0727,Aqua,MODIS,69,6.2,304,15,D,0
22.5401,91.7268,321.8,1.2,1.1,2015-03-13,0727,Aqua,MODIS,65,6.2,308.1,11.5,D,0
22.5415,91.7382,317.3,1.2,1.1,2015-03-13,0727,Aqua,MODIS,22,6.2,305.1,5.9,D,0
23.3647,91.8143,384.6,1.2,1.1,2015-03-13,0727,Aqua,MODIS,100,6.2,311.7,223.3,D,0
23.3662,91.8261,328.9,1.2,1.1,2015-03-13,0727,Aqua,MODIS,80,6.2,305.4,23.4,D,0
22.3327,92.3607,322.6,1.3,1.1,2015-03-13,0727,Aqua,MODIS,54,6.2,306.3,12.2,D,0
22.3312,92.3486,327.5,1.3,1.1,2015-03-13,0727,Aqua,MODIS,76,6.2,307.6,20.1,D,0
22.3429,92.3596,345.2,1.3,1.1,2015-03-13,0727,Aqua,MODIS,92,6.2,307.4,56.3,D,0
22.3413,92.3471,365.2,1.3,1.1,2015-03-13,0727,Aqua,MODIS,100,6.2,310.8,126.9,D,0
22.3499,92.333,337.5,1.3,1.1,2015-03-13,0727,Aqua,MODIS,86,6.2,310.8,37.2,D,0
22.3597,92.3403,304.2,1,1,2015-03-13,1936,Aqua,MODIS,32,6.2,289.2,6.3,N,0
22.3611,92.3305,312.3,1,1,2015-03-13,1936,Aqua,MODIS,85,6.2,290.7,12.1,N,0
23.2653,89.689,333.2,1.4,1.2,2015-03-14,0500,Terra,MODIS,74,6.2,304.8,37.3,D,0
23.3016,89.7698,318.7,1.4,1.2,2015-03-14,0500,Terra,MODIS,68,6.2,304.2,12.4,D,0
23.2631,89.7021,317.8,1.4,1.2,2015-03-14,0500,Terra,MODIS,58,6.2,303.9,10.2,D,0
25.3319,89.6314,311.5,1.3,1.1,2015-03-14,0500,Terra,MODIS,0,6.2,300,8.7,D,0
25.4028,89.639,312.9,1.2,1.1,2015-03-14,0500,Terra,MODIS,26,6.2,300.8,9.3,D,0
24.1794,91.1507,315.3,1.6,1.3,2015-03-14,0500,Terra,MODIS,30,6.2,302.2,14.4,D,0
23.136,89.6566,316.3,1.4,1.2,2015-03-14,0500,Terra,MODIS,48,6.2,301.4,9.9,D,0
21.694,92.2046,312.4,1.2,1.1,2015-03-14,1556,Terra,MODIS,85,6.2,294.2,14.5,N,0
21.9787,92.4987,306.9,1.2,1.1,2015-03-14,1556,Terra,MODIS,70,6.2,292.8,8.5,N,0
21.9691,92.5006,327.2,1.2,1.1,2015-03-14,1556,Terra,MODIS,100,6.2,294.3,31.2,N,0
21.9673,92.4892,306,1.2,1.1,2015-03-14,1556,Terra,MODIS,67,6.2,293.1,7.6,N,0
22.25,92.2836,321.5,1,1,2015-03-15,0714,Aqua,MODIS,68,6.2,307.3,7,D,0
22.3691,92.2769,327,1,1,2015-03-15,0714,Aqua,MODIS,76,6.2,308.3,12.9,D,0
22.3678,92.2673,320.2,1,1,2015-03-15,0714,Aqua,MODIS,64,6.2,306.7,5.2,D,0
22.2487,92.274,322.6,1,1,2015-03-15,0714,Aqua,MODIS,70,6.2,307.6,8,D,0
22.3774,92.1419,328.5,1,1,2015-03-15,0714,Aqua,MODIS,75,6.2,309.6,12.6,D,0
21.7512,92.403,329.8,1,1,2015-03-15,0714,Aqua,MODIS,80,6.2,304.6,18.3,D,0
21.7112,92.5077,319,1,1,2015-03-15,0714,Aqua,MODIS,59,6.2,307.3,5.9,D,0
22.13,91.956,323.2,1,1,2015-03-15,0714,Aqua,MODIS,71,6.2,306.6,10.4,D,0
22.4821,91.9703,326.1,1,1,2015-03-15,0714,Aqua,MODIS,75,6.2,307.9,11.2,D,0
21.7343,92.22,329.7,1,1,2015-03-15,0714,Aqua,MODIS,80,6.2,308,15.8,D,0
21.7696,92.2663,320.6,1,1,2015-03-15,0714,Aqua,MODIS,64,6.2,308.1,5.9,D,0
22.7299,91.7134,320.5,1,1,2015-03-15,0714,Aqua,MODIS,57,6.2,301.4,7.7,D,0
22.7285,91.7037,322.4,1,1,2015-03-15,0714,Aqua,MODIS,62,6.2,304.8,9.2,D,0
21.6003,92.3066,322.2,1,1,2015-03-15,0714,Aqua,MODIS,68,6.2,309.3,7.6,D,0
21.6686,92.5301,329.8,1,1,2015-03-15,0714,Aqua,MODIS,79,6.2,309.1,16.4,D,0
21.67,92.5397,322.3,1,1,2015-03-15,0714,Aqua,MODIS,22,6.2,307.3,7.8,D,0
21.6508,92.5331,321.1,1,1,2015-03-15,0714,Aqua,MODIS,41,6.2,308.1,6.9,D,0
21.5989,92.297,320.9,1,1,2015-03-15,0714,Aqua,MODIS,59,6.2,308.6,6.8,D,0
21.7329,92.2105,333.4,1,1,2015-03-15,0714,Aqua,MODIS,83,6.2,309.1,20.6,D,0
23.2927,89.9293,324.8,1.1,1,2015-03-15,0715,Aqua,MODIS,73,6.2,306.3,12.8,D,0
22.9771,90.2765,319.8,1.1,1,2015-03-15,0715,Aqua,MODIS,67,6.2,304.7,7.8,D,0
23.4345,91.9352,324,1,1,2015-03-15,0715,Aqua,MODIS,75,6.2,304.6,11.5,D,0
23.4359,91.9449,332.9,1,1,2015-03-15,0715,Aqua,MODIS,84,6.2,304.8,22.6,D,0
23.1505,89.6146,321.3,1.1,1.1,2015-03-15,0715,Aqua,MODIS,49,6.2,305.8,7.7,D,0
23.2943,89.9397,337.4,1.1,1,2015-03-15,0715,Aqua,MODIS,86,6.2,307.2,31.6,D,0
22.835,91.6097,316.8,1,1,2015-03-15,0715,Aqua,MODIS,53,6.2,304.7,5.9,D,0
24.9973,92.0569,328.5,1,1,2015-03-15,0715,Aqua,MODIS,80,6.2,306.3,16.9,D,0
23.3178,90.8846,319.7,1,1,2015-03-15,0715,Aqua,MODIS,65,6.2,303.3,8.9,D,0
23.3193,90.8944,316.5,1,1,2015-03-15,0715,Aqua,MODIS,52,6.2,303.3,6.2,D,0
22.7754,91.6397,316,1,1,2015-03-15,0715,Aqua,MODIS,31,6.2,303.2,4.1,D,0
22.7843,91.6382,326.1,1,1,2015-03-15,0715,Aqua,MODIS,75,6.2,304,14.1,D,0
22.7829,91.6286,338.8,1,1,2015-03-15,0715,Aqua,MODIS,88,6.2,305.5,31.9,D,0
22.7918,91.627,325.8,1,1,2015-03-15,0715,Aqua,MODIS,75,6.2,305,14.1,D,0
23.1413,91.8081,326.3,1.2,1.1,2015-03-16,0448,Terra,MODIS,79,6.2,303.3,22,D,0
24.3039,91.7898,312.8,1.2,1.1,2015-03-16,0448,Terra,MODIS,60,6.2,299.8,5.9,D,0
22.6593,90.4543,313.6,1.1,1,2015-03-16,0448,Terra,MODIS,44,6.2,301.4,5.3,D,0
24.3067,91.7966,311.7,1.2,1.1,2015-03-16,0448,Terra,MODIS,35,6.2,299.8,5,D,0
24.1765,91.1353,317.1,1.1,1,2015-03-16,0448,Terra,MODIS,38,6.2,304.2,9.9,D,0
22.3755,92.323,319.8,1.3,1.1,2015-03-16,0448,Terra,MODIS,68,6.2,304.1,12.3,D,0
22.292,92.1892,308,1.9,1.3,2015-03-16,1544,Terra,MODIS,73,6.2,291.8,19.2,N,0
22.3,92.2004,302.1,1.9,1.3,2015-03-16,1544,Terra,MODIS,47,6.2,292.1,10.9,N,0
22.5621,92.3537,306.9,1.8,1.3,2015-03-16,1544,Terra,MODIS,70,6.2,294.5,15.7,N,0
25.7588,89.4922,308.9,4,1.9,2015-03-17,0530,Terra,MODIS,20,6.2,296.2,39.9,D,0
21.7068,92.2121,332,1.2,1.1,2015-03-17,0702,Aqua,MODIS,82,6.2,307.6,25,D,0
22.3736,92.2674,322.4,1.2,1.1,2015-03-17,0702,Aqua,MODIS,70,6.2,306.7,10.6,D,0
22.6455,92.1155,319.1,1.2,1.1,2015-03-17,0702,Aqua,MODIS,51,6.2,303.4,8.4,D,0
21.3542,92.1327,373.3,1.3,1.1,2015-03-17,0702,Aqua,MODIS,100,6.2,310.1,160.4,D,0
21.3522,92.1208,360.6,1.3,1.1,2015-03-17,0702,Aqua,MODIS,100,6.2,311,105,D,0
21.364,92.1308,322,1.3,1.1,2015-03-17,0702,Aqua,MODIS,69,6.2,307.5,10.5,D,0
22.0983,92.1606,319.4,1.2,1.1,2015-03-17,0702,Aqua,MODIS,28,6.2,306.3,6.8,D,0
21.7046,92.2057,328.2,1.2,1.1,2015-03-17,0702,Aqua,MODIS,78,6.2,308.1,19.1,D,0
21.7048,92.2002,324.5,1.2,1.1,2015-03-17,0702,Aqua,MODIS,74,6.2,308.4,12.7,D,0
21.7165,92.2102,345.8,1.2,1.1,2015-03-17,0702,Aqua,MODIS,92,6.2,310.1,53.7,D,0
21.7146,92.1984,339,1.2,1.1,2015-03-17,0702,Aqua,MODIS,88,6.2,310.4,37.5,D,0
22.6169,91.6941,323.5,1.3,1.1,2015-03-17,0702,Aqua,MODIS,70,6.2,302.7,15.9,D,0
22.6149,91.6816,322.5,1.3,1.1,2015-03-17,0702,Aqua,MODIS,69,6.2,305.4,13.7,D,0
22.7782,91.6127,320.6,1.3,1.1,2015-03-17,0702,Aqua,MODIS,68,6.2,302.4,13.8,D,0
22.7761,91.5999,316.2,1.3,1.1,2015-03-17,0702,Aqua,MODIS,43,6.2,302.2,7.3,D,0
22.8771,91.9561,320.4,1.2,1.1,2015-03-17,0702,Aqua,MODIS,69,6.2,304.2,11.2,D,0
22.9375,91.9565,319.2,1.2,1.1,2015-03-17,0702,Aqua,MODIS,66,6.2,304.6,8.2,D,0
22.8126,92.1892,317.3,1.2,1.1,2015-03-17,0702,Aqua,MODIS,57,6.2,304,8,D,0
22.0437,92.0139,320.5,1.2,1.1,2015-03-17,0702,Aqua,MODIS,62,6.2,306.3,9.5,D,0
22.0773,91.9709,322.6,1.2,1.1,2015-03-17,0702,Aqua,MODIS,71,6.2,306.5,12,D,0
22.2856,92.0525,317.8,1.2,1.1,2015-03-17,0702,Aqua,MODIS,33,6.2,303.1,7.5,D,0
22.2837,92.0408,322,1.2,1.1,2015-03-17,0702,Aqua,MODIS,57,6.2,305.7,11.9,D,0
22.491,91.7361,321.2,1.3,1.1,2015-03-17,0702,Aqua,MODIS,34,6.2,305.6,10.6,D,0
23.0638,92.0458,322.9,1.2,1.1,2015-03-17,0702,Aqua,MODIS,73,6.2,304.5,12.7,D,0
23.0677,92.0505,319.5,1.2,1.1,2015-03-17,0702,Aqua,MODIS,68,6.2,303.9,9.5,D,0
23.1443,89.7,341.1,1.7,1.3,2015-03-17,0702,Aqua,MODIS,0,6.2,303.1,75.6,D,0
23.2059,89.7198,320,1.6,1.3,2015-03-17,0702,Aqua,MODIS,58,6.2,302.1,15.7,D,0
23.0814,89.6019,322.2,1.7,1.3,2015-03-17,0702,Aqua,MODIS,44,6.2,302.6,22.5,D,0
22.3576,92.3125,330.2,1.2,1.1,2015-03-17,0702,Aqua,MODIS,80,6.2,307,21.1,D,0
22.2923,92.2778,325,1.2,1.1,2015-03-17,0702,Aqua,MODIS,74,6.2,306.5,13.7,D,0
22.226,92.1894,321.8,1.2,1.1,2015-03-17,0702,Aqua,MODIS,69,6.2,306.7,9.6,D,0
22.2496,92.149,321.5,1.2,1.1,2015-03-17,0702,Aqua,MODIS,68,6.2,307.8,9.8,D,0
21.632,92.2495,310.9,1.6,1.2,2015-03-17,1627,Terra,MODIS,81,6.2,294.6,16.8,N,0
21.6311,92.256,308.9,1.6,1.2,2015-03-17,1627,Terra,MODIS,76,6.2,294.4,14.9,N,0
22.3569,92.314,306.9,1.6,1.3,2015-03-17,1627,Terra,MODIS,70,6.2,293.3,13.9,N,0
21.947,92.5294,332.9,1,1,2015-03-18,0436,Terra,MODIS,84,6.2,302.5,26.1,D,0
22.5237,91.7614,320.9,1,1,2015-03-18,0436,Terra,MODIS,70,6.2,300.9,9,D,0
22.458,92.2029,315.7,1,1,2015-03-18,0436,Terra,MODIS,50,6.2,302,5.4,D,0
22.6295,92.1065,319.9,1,1,2015-03-18,0436,Terra,MODIS,70,6.2,302.9,7.4,D,0
23.2489,89.9443,316.1,1.1,1,2015-03-18,0436,Terra,MODIS,49,6.2,298.2,8.9,D,0
21.9485,92.5194,321.5,1,1,2015-03-18,0436,Terra,MODIS,72,6.2,301.2,12.3,D,0
22.3658,92.3709,320,2.7,1.6,2015-03-18,0745,Aqua,MODIS,62,6.2,300.7,27.1,D,0
22.3611,92.3793,325.5,2.7,1.6,2015-03-18,0745,Aqua,MODIS,75,6.2,300.9,51.3,D,0
22.6471,91.6609,318.8,2.4,1.5,2015-03-18,0745,Aqua,MODIS,65,6.2,298.7,28.6,D,0
22.6518,91.6677,317,2.4,1.5,2015-03-18,0745,Aqua,MODIS,59,6.2,298.2,23.2,D,0
23.0602,89.9758,314.3,1.9,1.3,2015-03-18,0745,Aqua,MODIS,46,6.2,297.2,14.3,D,0
22.3683,92.3973,321.3,2.7,1.6,2015-03-18,0745,Aqua,MODIS,68,6.2,301.4,35.2,D,0
24.5442,92.0035,319.3,1.8,1.3,2015-03-19,0650,Aqua,MODIS,51,6.2,304.1,14.7,D,0
21.6138,92.2673,317.6,1.9,1.4,2015-03-19,0650,Aqua,MODIS,42,6.2,304,13,D,0
23.1912,91.8796,331.5,1.9,1.4,2015-03-19,0650,Aqua,MODIS,84,6.2,305.4,54.8,D,0
21.6942,92.2044,354,2,1.4,2015-03-19,0650,Aqua,MODIS,97,6.2,307.5,160,D,0
23.1878,91.861,323.5,1.9,1.4,2015-03-19,0650,Aqua,MODIS,77,6.2,305.6,30.8,D,0
21.6995,92.1885,320.1,2,1.4,2015-03-19,0650,Aqua,MODIS,60,6.2,305.6,18.6,D,0
21.6095,92.2748,321.3,1.9,1.4,2015-03-19,0650,Aqua,MODIS,67,6.2,304,23.8,D,0
21.703,92.2078,332.4,2,1.4,2015-03-19,0650,Aqua,MODIS,82,6.2,307.1,55.5,D,0
21.6874,92.191,326.6,2,1.4,2015-03-19,0650,Aqua,MODIS,76,6.2,305.2,36.8,D,0
21.6978,92.2237,320,1.9,1.4,2015-03-19,0650,Aqua,MODIS,61,6.2,305.4,17,D,0
21.691,92.2107,355.6,2,1.4,2015-03-19,0650,Aqua,MODIS,97,6.2,306.6,170.2,D,0
22.5913,92.2753,324.7,1.9,1.3,2015-03-19,0650,Aqua,MODIS,76,6.2,301.5,36.1,D,0
22.5588,91.9623,315.7,2,1.4,2015-03-19,0650,Aqua,MODIS,59,6.2,300.8,11.5,D,0
21.7018,92.2111,305.9,1.1,1,2015-03-19,1614,Terra,MODIS,66,6.2,295.4,6,N,0
21.7031,92.2212,320.7,1.1,1,2015-03-19,1614,Terra,MODIS,100,6.2,295.9,19,N,0
22.6262,92.4748,304.3,1.1,1,2015-03-19,1615,Terra,MODIS,36,6.2,294.2,5.5,N,0
23.1928,92.2318,302.4,1.1,1,2015-03-19,1615,Terra,MODIS,49,6.2,291.9,5.3,N,0
22.6248,92.464,306.9,1.1,1,2015-03-19,1615,Terra,MODIS,70,6.2,294.5,7.3,N,0
22.6168,92.4763,307.2,1.1,1,2015-03-19,1615,Terra,MODIS,69,6.2,294,7.7,N,0
22.2556,92.2709,325.5,1.2,1.1,2015-03-20,0424,Terra,MODIS,76,6.2,310.1,13.3,D,0
22.6652,92.1199,320.9,1.2,1.1,2015-03-20,0424,Terra,MODIS,68,6.2,308.7,8.7,D,0
22.6152,92.4744,320.6,1.1,1.1,2015-03-20,0424,Terra,MODIS,68,6.2,309.4,10.8,D,0
22.6202,92.47,320.1,1.1,1.1,2015-03-20,0424,Terra,MODIS,65,6.2,308,9.1,D,0
21.8353,92.229,320,1.2,1.1,2015-03-20,0424,Terra,MODIS,68,6.2,309.4,7,D,0
23.029,91.8934,318.3,1.2,1.1,2015-03-20,0424,Terra,MODIS,66,6.2,307.3,7.8,D,0
22.0373,92.3248,324.9,1.6,1.2,2015-03-20,0733,Aqua,MODIS,69,6.2,304.6,23.1,D,0
21.7986,92.3284,347.9,1.6,1.2,2015-03-20,0733,Aqua,MODIS,93,6.2,302.8,94.6,D,0
21.7969,92.3135,337,1.6,1.2,2015-03-20,0733,Aqua,MODIS,85,6.2,302.7,57.3,D,0
21.8097,92.3268,326.2,1.6,1.2,2015-03-20,0733,Aqua,MODIS,73,6.2,301.5,28.7,D,0
21.808,92.3119,328,1.6,1.2,2015-03-20,0733,Aqua,MODIS,75,6.2,301.4,33.3,D,0
21.7041,92.2104,325.7,1.5,1.2,2015-03-20,0733,Aqua,MODIS,69,6.2,307.9,21.2,D,0
21.7176,92.1345,325.1,1.5,1.2,2015-03-20,0733,Aqua,MODIS,71,6.2,307,22.2,D,0
22.6389,92.3027,325.1,1.6,1.3,2015-03-20,0733,Aqua,MODIS,71,6.2,311.3,23.1,D,0
22.3756,92.3873,320.7,1.6,1.3,2015-03-20,0733,Aqua,MODIS,58,6.2,310.2,11.1,D,0
21.8122,92.2505,325.1,1.6,1.2,2015-03-20,0733,Aqua,MODIS,46,6.2,304.5,25.4,D,0
22.9725,91.8346,325.3,1.5,1.2,2015-03-20,0733,Aqua,MODIS,74,6.2,310.2,19.2,D,0
21.6744,92.2436,331.8,1.6,1.2,2015-03-20,0733,Aqua,MODIS,80,6.2,305.8,36.6,D,0
22.6853,92.4086,323,1.6,1.3,2015-03-20,0733,Aqua,MODIS,59,6.2,310.5,18.1,D,0
22.6848,92.4021,321.7,1.6,1.3,2015-03-20,0733,Aqua,MODIS,41,6.2,310.8,14.1,D,0
21.6723,92.2346,333.7,1.6,1.2,2015-03-20,0733,Aqua,MODIS,82,6.2,307.3,41.9,D,0
22.694,91.9797,317.8,1.5,1.2,2015-03-20,0733,Aqua,MODIS,51,6.2,307.5,10.5,D,0
23.0317,89.5062,320.7,1.1,1.1,2015-03-20,0733,Aqua,MODIS,65,6.2,307.7,12.7,D,0
22.358,92.2331,331.4,1.6,1.2,2015-03-20,0733,Aqua,MODIS,79,6.2,314.5,30.8,D,0
22.9515,92.3483,335.7,1.6,1.3,2015-03-20,0733,Aqua,MODIS,85,6.2,308.4,54.7,D,0
22.9517,92.3376,319.4,1.6,1.3,2015-03-20,0733,Aqua,MODIS,57,6.2,306.8,14.9,D,0
22.9535,92.3537,341,1.6,1.3,2015-03-20,0733,Aqua,MODIS,89,6.2,308.2,72.9,D,0
23.2131,92.2377,329.6,1.6,1.3,2015-03-20,0733,Aqua,MODIS,80,6.2,309.4,34.4,D,0
23.2131,92.2308,326.5,1.6,1.3,2015-03-20,0733,Aqua,MODIS,76,6.2,310,26.8,D,0
21.6741,92.2494,324.1,1.6,1.2,2015-03-20,0733,Aqua,MODIS,58,6.2,306.1,17.7,D,0
21.6728,92.2294,325.9,1.6,1.2,2015-03-20,0733,Aqua,MODIS,72,6.2,307.1,23.9,D,0
22.6025,91.7034,323,1.5,1.2,2015-03-20,0733,Aqua,MODIS,69,6.2,307.8,16,D,0
22.1643,92.3333,325,1.6,1.2,2015-03-20,0733,Aqua,MODIS,70,6.2,312.1,20.4,D,0
22.6676,91.6592,324.4,1.5,1.2,2015-03-20,0733,Aqua,MODIS,68,6.2,309.7,18.6,D,0
23.3958,91.9276,321.2,1.6,1.2,2015-03-20,0733,Aqua,MODIS,68,6.2,308,15.3,D,0
23.2327,91.9006,323.3,1.5,1.2,2015-03-20,0733,Aqua,MODIS,72,6.2,310.1,16.5,D,0
22.4448,92.4025,321.3,1.6,1.3,2015-03-20,0733,Aqua,MODIS,60,6.2,309.2,14.9,D,0
22.9457,91.9883,320.9,1.6,1.2,2015-03-20,0733,Aqua,MODIS,66,6.2,308.5,12.6,D,0
22.2568,92.2529,344.4,1.6,1.2,2015-03-20,0733,Aqua,MODIS,91,6.2,316,70.6,D,0
22.2586,92.2681,353.1,1.6,1.2,2015-03-20,0733,Aqua,MODIS,96,6.2,314,106.1,D,0
22.2457,92.2545,326.2,1.6,1.2,2015-03-20,0733,Aqua,MODIS,52,6.2,312.2,17.7,D,0
22.2474,92.2697,332.1,1.6,1.2,2015-03-20,0733,Aqua,MODIS,80,6.2,311.4,32.3,D,0
22.2269,92.2881,322.4,1.6,1.2,2015-03-20,0733,Aqua,MODIS,50,6.2,309.3,13,D,0
22.2276,92.2937,327,1.6,1.2,2015-03-20,0733,Aqua,MODIS,73,6.2,310.2,23.5,D,0
23.0912,91.8716,320.6,1.5,1.2,2015-03-20,0733,Aqua,MODIS,67,6.2,308.7,12,D,0
21.7137,92.3921,324.4,1.6,1.2,2015-03-20,0733,Aqua,MODIS,69,6.2,309.7,21.4,D,0
22.6225,92.4635,323.8,1.7,1.3,2015-03-20,0733,Aqua,MODIS,68,6.2,310.1,20.9,D,0
22.6243,92.4803,322.2,1.7,1.3,2015-03-20,0733,Aqua,MODIS,64,6.2,308.4,17.3,D,0
22.613,92.4819,321.4,1.7,1.3,2015-03-20,0733,Aqua,MODIS,44,6.2,308.8,15.2,D,0
22.6136,92.471,326.8,1.7,1.3,2015-03-20,0733,Aqua,MODIS,46,6.2,311.2,26.5,D,0
23.2678,91.82,324,1.5,1.2,2015-03-20,0733,Aqua,MODIS,73,6.2,311.7,16.5,D,0
23.2924,91.8261,323.4,1.5,1.2,2015-03-20,0733,Aqua,MODIS,41,6.2,309.7,14.4,D,0
23.3033,91.8245,344.8,1.5,1.2,2015-03-20,0733,Aqua,MODIS,92,6.2,311.5,73.4,D,0
23.3016,91.81,328.1,1.5,1.2,2015-03-20,0733,Aqua,MODIS,78,6.2,311.2,25,D,0
21.6784,92.575,371.9,1.6,1.3,2015-03-20,0733,Aqua,MODIS,100,6.2,313.7,227.8,D,0
24.6858,90.1032,317.2,1.3,1.1,2015-03-20,0733,Aqua,MODIS,63,6.2,304.4,7.9,D,0
21.6765,92.5588,354.9,1.6,1.3,2015-03-20,0733,Aqua,MODIS,97,6.2,311.3,123.1,D,0
23.2113,92.2223,319.8,1.6,1.3,2015-03-20,0733,Aqua,MODIS,64,6.2,309.6,12.3,D,0
21.667,92.576,323.9,1.6,1.3,2015-03-20,0733,Aqua,MODIS,57,6.2,309.8,20.8,D,0
22.038,92.3306,323.1,1.6,1.2,2015-03-20,0733,Aqua,MODIS,66,6.2,305.1,21,D,0
21.5858,92.3363,309,1,1,2015-03-20,1942,Aqua,MODIS,76,6.2,279.3,11.5,N,0
22.286,92.2137,305.1,1,1,2015-03-20,1942,Aqua,MODIS,63,6.2,289,7.5,N,0
22.6175,92.463,304.7,1,1,2015-03-20,1942,Aqua,MODIS,61,6.2,292.2,6.2,N,0
22.6086,92.4615,303.9,1,1,2015-03-20,1942,Aqua,MODIS,54,6.2,290.9,5.7,N,0
22.4334,92.3992,309.9,1,1,2015-03-20,1942,Aqua,MODIS,78,6.2,289.7,10.2,N,0
23.3125,91.8242,301.3,1,1,2015-03-20,1942,Aqua,MODIS,39,6.2,289.3,5.4,N,0
22.4536,92.2645,302.1,1,1,2015-03-20,1942,Aqua,MODIS,47,6.2,291,5.4,N,0
25.1328,91.4724,321.7,2.1,1.4,2015-03-21,0506,Terra,MODIS,75,6.2,302.5,39.5,D,0
25.3965,89.6432,313.1,1.6,1.2,2015-03-21,0506,Terra,MODIS,0,6.2,303,13.5,D,0
23.8445,89.5719,325.1,1.6,1.3,2015-03-21,0506,Terra,MODIS,76,6.2,306.9,25.8,D,0
23.8474,89.5562,317.9,1.6,1.3,2015-03-21,0506,Terra,MODIS,51,6.2,306.1,11.8,D,0
21.6043,92.273,316.9,2.9,1.6,2015-03-21,0507,Terra,MODIS,64,6.2,303.8,34.3,D,0
21.6204,92.5663,315.2,3,1.6,2015-03-21,0507,Terra,MODIS,47,6.2,303.6,32.3,D,0
21.6021,92.2661,314.2,2.9,1.6,2015-03-21,0507,Terra,MODIS,57,6.2,303.8,24.8,D,0
21.5372,92.2772,317.7,2.9,1.6,2015-03-21,0507,Terra,MODIS,66,6.2,305.7,36.5,D,0
21.6715,92.2338,317.9,2.8,1.6,2015-03-21,0507,Terra,MODIS,51,6.2,307.1,32.1,D,0
21.6518,92.2581,324.9,2.8,1.6,2015-03-21,0507,Terra,MODIS,77,6.2,305.2,65.5,D,0
21.6572,92.2312,325.7,2.8,1.6,2015-03-21,0507,Terra,MODIS,78,6.2,305.3,69.4,D,0
21.6983,92.4142,313.7,2.9,1.6,2015-03-21,0507,Terra,MODIS,55,6.2,303.5,26.5,D,0
21.621,92.5714,326.3,3,1.6,2015-03-21,0507,Terra,MODIS,78,6.2,304,84.4,D,0
22.0402,92.3168,321.1,2.8,1.6,2015-03-21,0507,Terra,MODIS,72,6.2,304.5,53.4,D,0
21.6965,92.4092,316.5,2.9,1.6,2015-03-21,0507,Terra,MODIS,63,6.2,303.7,34.6,D,0
23.1348,89.7124,318.3,1.7,1.3,2015-03-21,0507,Terra,MODIS,0,6.2,305.2,14,D,0
22.043,92.3231,323.6,2.8,1.6,2015-03-21,0507,Terra,MODIS,76,6.2,304.5,61.4,D,0
21.7035,92.3882,314.3,2.9,1.6,2015-03-21,0507,Terra,MODIS,57,6.2,304.2,27,D,0
21.527,92.2583,321.5,3.3,1.7,2015-03-21,0637,Aqua,MODIS,62,6.2,306.3,60.9,D,0
21.5996,92.3062,323.9,3.2,1.7,2015-03-21,0637,Aqua,MODIS,32,6.2,308.5,64.5,D,0
21.5966,92.3028,324.2,3.2,1.7,2015-03-21,0637,Aqua,MODIS,66,6.2,308.5,70.1,D,0
21.6032,92.5574,321.6,3.1,1.7,2015-03-21,0637,Aqua,MODIS,61,6.2,305.5,60,D,0
21.5316,92.3578,320,3.2,1.7,2015-03-21,0637,Aqua,MODIS,35,6.2,305.1,48.8,D,0
21.5168,92.3621,322,3.2,1.7,2015-03-21,0637,Aqua,MODIS,63,6.2,303.3,64.4,D,0
21.5126,92.3363,328.2,3.2,1.7,2015-03-21,0637,Aqua,MODIS,75,6.2,304.1,103.3,D,0
21.5277,92.3334,347.3,3.2,1.7,2015-03-21,0637,Aqua,MODIS,93,6.2,306.2,264.8,D,0
21.51,92.3295,321.6,3.2,1.7,2015-03-21,0637,Aqua,MODIS,59,6.2,303.8,60.5,D,0
21.5252,92.3268,344.3,3.2,1.7,2015-03-21,0637,Aqua,MODIS,91,6.2,306.3,231.4,D,0
21.6058,92.2709,319.4,3.3,1.7,2015-03-21,0637,Aqua,MODIS,49,6.2,306.4,43.8,D,0
21.6592,92.2236,336.7,3.3,1.7,2015-03-21,0637,Aqua,MODIS,85,6.2,309.1,160.9,D,0
21.6655,92.2548,321.4,3.3,1.7,2015-03-21,0637,Aqua,MODIS,48,6.2,308.8,50.6,D,0
21.6442,92.2276,317.2,3.3,1.7,2015-03-21,0637,Aqua,MODIS,12,6.2,306,31.3,D,0
21.5334,92.2896,326.6,3.3,1.7,2015-03-21,0637,Aqua,MODIS,39,6.2,306.4,82.9,D,0
23.178,92.2615,316.7,3,1.7,2015-03-21,0638,Aqua,MODIS,52,6.2,306.4,31.7,D,0
22.5679,92.4454,328.9,3,1.7,2015-03-21,0638,Aqua,MODIS,78,6.2,307.9,93.5,D,0
23.1783,92.2544,319,3,1.7,2015-03-21,0638,Aqua,MODIS,69,6.2,306.8,43.7,D,0
21.8008,92.3098,318.3,3.2,1.7,2015-03-21,0638,Aqua,MODIS,33,6.2,305.8,40,D,0
21.813,92.3019,320.2,3.2,1.7,2015-03-21,0638,Aqua,MODIS,61,6.2,305.4,52.8,D,0
21.663,92.2493,327.4,3.3,1.7,2015-03-21,0638,Aqua,MODIS,75,6.2,309.1,85.6,D,0
22.3876,92.3195,318.3,3.1,1.7,2015-03-21,0638,Aqua,MODIS,57,6.2,307.7,35.8,D,0
21.8626,92.3183,316.2,3.2,1.7,2015-03-21,0638,Aqua,MODIS,35,6.2,304.1,33,D,0
22.5683,92.4502,332.8,3,1.7,2015-03-21,0638,Aqua,MODIS,82,6.2,307.9,118,D,0
21.6562,92.2169,335.4,3.3,1.7,2015-03-21,0638,Aqua,MODIS,84,6.2,308.5,147,D,0
22.5741,92.4756,316.8,3,1.6,2015-03-21,0638,Aqua,MODIS,51,6.2,305.8,30.3,D,0
21.6055,92.5707,314.1,1,1,2015-03-21,1602,Terra,MODIS,88,6.2,294.1,12.1,N,0
21.6558,92.2298,305.9,1.1,1,2015-03-21,1602,Terra,MODIS,42,6.2,295.9,5.1,N,0
21.6326,92.5658,313.8,1,1,2015-03-21,1602,Terra,MODIS,88,6.2,294.3,11.4,N,0
21.8093,92.4517,325.8,1,1,2015-03-21,1602,Terra,MODIS,100,6.2,294,25,N,0
21.607,92.5806,317.8,1,1,2015-03-21,1602,Terra,MODIS,96,6.2,295.2,15.2,N,0
22.6407,92.4625,309,1,1,2015-03-21,1602,Terra,MODIS,65,6.2,293.9,7.4,N,0
22.6317,92.4641,304.6,1,1,2015-03-21,1602,Terra,MODIS,29,6.2,294.6,4.7,N,0
21.8352,92.134,304,1.1,1,2015-03-21,1602,Terra,MODIS,58,6.2,293.3,5.8,N,0
21.6674,92.5535,312,1,1,2015-03-21,1602,Terra,MODIS,84,6.2,294.6,10.7,N,0
21.6689,92.5633,315.8,1,1,2015-03-21,1602,Terra,MODIS,92,6.2,295.3,13.6,N,0
21.8108,92.4618,312.8,1,1,2015-03-21,1602,Terra,MODIS,86,6.2,294.5,11.9,N,0
22.793,92.4331,306.3,1,1,2015-03-21,1602,Terra,MODIS,68,6.2,294.1,6.5,N,0
21.6603,92.2596,305.6,1,1,2015-03-21,1602,Terra,MODIS,24,6.2,294.8,5.7,N,0
21.8624,92.3143,307.8,1,1,2015-03-21,1602,Terra,MODIS,73,6.2,296.3,7.3,N,0
22.6561,92.4437,305.1,1,1,2015-03-21,1602,Terra,MODIS,63,6.2,295,5.4,N,0
23.3009,91.8287,311.2,1,1,2015-03-21,1603,Terra,MODIS,82,6.2,292.8,11.1,N,0
23.5958,92.241,342.6,1.9,1.3,2015-03-22,0411,Terra,MODIS,91,6.2,303,105.3,D,0
23.594,92.2578,367,1.9,1.3,2015-03-22,0411,Terra,MODIS,100,6.2,306,254.6,D,0
22.5984,92.4828,315.7,1.8,1.3,2015-03-22,0412,Terra,MODIS,40,6.2,305.6,10.9,D,0
21.5284,92.2995,320.4,1.8,1.3,2015-03-22,0412,Terra,MODIS,35,6.2,309.3,13.8,D,0
22.6003,92.4657,325.2,1.8,1.3,2015-03-22,0412,Terra,MODIS,77,6.2,305.5,31.9,D,0
21.5362,92.3065,320.9,1.8,1.3,2015-03-22,0412,Terra,MODIS,64,6.2,309.7,15.7,D,0
22.1297,92.2098,319.1,1.8,1.3,2015-03-22,0412,Terra,MODIS,62,6.2,309.1,13.5,D,0
21.6835,92.2293,324.9,1.8,1.3,2015-03-22,0412,Terra,MODIS,76,6.2,311.5,21.6,D,0
22.6045,92.4602,320.6,1.8,1.3,2015-03-22,0412,Terra,MODIS,46,6.2,306.3,19.6,D,0
22.6025,92.4773,324.8,1.8,1.3,2015-03-22,0412,Terra,MODIS,72,6.2,306.6,29.8,D,0
21.6514,92.2605,337.8,1.1,1,2015-03-22,0720,Aqua,MODIS,86,6.2,314.7,26.9,D,0
21.6262,92.5689,325.2,1.1,1,2015-03-22,0720,Aqua,MODIS,57,6.2,312.5,10.5,D,0
21.7187,92.5692,415.1,1.1,1,2015-03-22,0720,Aqua,MODIS,100,6.2,330.5,388.5,D,0
21.7094,92.5707,408,1.1,1,2015-03-22,0720,Aqua,MODIS,100,6.2,323.6,329.3,D,0
21.6713,92.5509,325.7,1.1,1,2015-03-22,0720,Aqua,MODIS,71,6.2,311.4,10.4,D,0
21.6727,92.5613,329.7,1.1,1,2015-03-22,0720,Aqua,MODIS,78,6.2,311.2,16.2,D,0
21.6819,92.2181,330.4,1.1,1,2015-03-22,0720,Aqua,MODIS,71,6.2,312.8,14.4,D,0
21.6911,92.2165,346.6,1.1,1,2015-03-22,0720,Aqua,MODIS,92,6.2,315,41.4,D,0
22.3718,92.4374,327.8,1.1,1,2015-03-22,0720,Aqua,MODIS,75,6.2,313,14.4,D,0
21.6276,92.5792,324.9,1.1,1,2015-03-22,0720,Aqua,MODIS,61,6.2,310.8,10.7,D,0
21.6369,92.5778,326.3,1.1,1,2015-03-22,0720,Aqua,MODIS,55,6.2,312.4,11.9,D,0
21.7063,92.402,324.7,1.1,1,2015-03-22,0720,Aqua,MODIS,45,6.2,312.9,9.1,D,0
21.7155,92.4004,328.7,1.1,1,2015-03-22,0720,Aqua,MODIS,77,6.2,314.5,14.8,D,0
21.8686,92.312,340.5,1.1,1,2015-03-22,0720,Aqua,MODIS,88,6.2,312.9,31.9,D,0
22.2531,92.2281,336.2,1.1,1,2015-03-22,0720,Aqua,MODIS,85,6.2,313.9,24.5,D,0
21.3981,92.4213,331.1,1.1,1,2015-03-22,0720,Aqua,MODIS,80,6.2,310,20.5,D,0
21.8172,92.3373,336.6,1.1,1,2015-03-22,0720,Aqua,MODIS,85,6.2,309.9,27,D,0
21.8366,92.1405,326.8,1.1,1,2015-03-22,0720,Aqua,MODIS,75,6.2,312,11.3,D,0
21.8352,92.1303,325.5,1.1,1,2015-03-22,0720,Aqua,MODIS,73,6.2,310.5,10.3,D,0
22.1702,92.3004,329.6,1.1,1,2015-03-22,0720,Aqua,MODIS,78,6.2,314.4,13.2,D,0
22.153,92.3134,329.2,1.1,1,2015-03-22,0720,Aqua,MODIS,43,6.2,313.1,11.8,D,0
22.1437,92.3149,333.5,1.1,1,2015-03-22,0720,Aqua,MODIS,79,6.2,312.5,19.3,D,0
21.8158,92.327,354.5,1.1,1,2015-03-22,0720,Aqua,MODIS,97,6.2,314.9,65.1,D,0
22.1318,92.2958,351.9,1.1,1,2015-03-22,0720,Aqua,MODIS,95,6.2,314,55.4,D,0
22.1304,92.2854,329.4,1.1,1,2015-03-22,0720,Aqua,MODIS,72,6.2,312.1,13.6,D,0
22.3457,92.2397,332.3,1.1,1,2015-03-22,0720,Aqua,MODIS,81,6.2,314.7,15.6,D,0
21.554,92.3543,328.6,1.1,1,2015-03-22,0720,Aqua,MODIS,76,6.2,313.5,14.3,D,0
21.5526,92.3439,333.5,1.1,1,2015-03-22,0720,Aqua,MODIS,83,6.2,314.6,21.3,D,0
21.8264,92.3357,321.9,1.1,1,2015-03-22,0720,Aqua,MODIS,53,6.2,309.9,7.3,D,0
21.825,92.3256,336.2,1.1,1,2015-03-22,0720,Aqua,MODIS,85,6.2,313.2,27.2,D,0
22.2463,92.1768,329.3,1.1,1,2015-03-22,0720,Aqua,MODIS,78,6.2,313.1,14.2,D,0
22.1302,92.2119,332.5,1.1,1,2015-03-22,0720,Aqua,MODIS,74,6.2,312.5,18,D,0
22.1289,92.2018,332.1,1.1,1,2015-03-22,0720,Aqua,MODIS,77,6.2,315,17.2,D,0
22.1394,92.2104,329.2,1.1,1,2015-03-22,0720,Aqua,MODIS,59,6.2,315.5,12.3,D,0
22.2155,92.3566,324.8,1.1,1,2015-03-22,0720,Aqua,MODIS,71,6.2,313.4,8.4,D,0
22.2168,92.367,328.3,1.1,1,2015-03-22,0720,Aqua,MODIS,76,6.2,314.4,13.4,D,0
22.1381,92.2003,347.8,1.1,1,2015-03-22,0720,Aqua,MODIS,93,6.2,317.7,45,D,0
21.6265,92.2853,335.6,1.1,1,2015-03-22,0720,Aqua,MODIS,85,6.2,312.3,24.1,D,0
21.6924,92.2266,361.9,1.1,1,2015-03-22,0720,Aqua,MODIS,100,6.2,315.5,81,D,0
21.6938,92.237,333.1,1.1,1,2015-03-22,0720,Aqua,MODIS,68,6.2,312.5,18.1,D,0
21.6832,92.2281,357.5,1.1,1,2015-03-22,0720,Aqua,MODIS,98,6.2,315.7,69,D,0
21.6846,92.2382,350.1,1.1,1,2015-03-22,0720,Aqua,MODIS,94,6.2,312.8,49.4,D,0
21.6472,92.2299,323.1,1.1,1,2015-03-22,0720,Aqua,MODIS,37,6.2,308.5,7.5,D,0
21.6367,92.2215,338.3,1.1,1,2015-03-22,0720,Aqua,MODIS,87,6.2,310,30,D,0
21.6381,92.2314,369.4,1.1,1,2015-03-22,0720,Aqua,MODIS,100,6.2,312.5,110.3,D,0
21.6394,92.2413,338.3,1.1,1,2015-03-22,0720,Aqua,MODIS,87,6.2,308.1,29.3,D,0
21.6251,92.2749,324.2,1.1,1,2015-03-22,0720,Aqua,MODIS,64,6.2,312.9,9.2,D,0
21.6528,92.2709,328.6,1.1,1,2015-03-22,0720,Aqua,MODIS,77,6.2,313.6,12.9,D,0
21.5934,92.5794,324.9,1.1,1,2015-03-22,0720,Aqua,MODIS,61,6.2,311.8,9.6,D,0
22.2774,92.3404,323.3,1.1,1,2015-03-22,0720,Aqua,MODIS,68,6.2,313,7.8,D,0
21.5924,92.3111,341.5,1.1,1,2015-03-22,0720,Aqua,MODIS,89,6.2,316,35,D,0
21.6289,92.2329,323.8,1.1,1,2015-03-22,0720,Aqua,MODIS,48,6.2,306.7,10.4,D,0
21.6459,92.22,341.3,1.1,1,2015-03-22,0720,Aqua,MODIS,89,6.2,309.2,34.7,D,0
21.6689,92.2618,327.3,1.1,1,2015-03-22,0720,Aqua,MODIS,76,6.2,312.7,13.3,D,0
21.6727,92.2196,327.5,1.1,1,2015-03-22,0720,Aqua,MODIS,33,6.2,311.2,12.4,D,0
21.5522,92.2714,328.7,1.1,1,2015-03-22,0720,Aqua,MODIS,68,6.2,309.7,14.6,D,0
21.5536,92.2814,347.2,1.1,1,2015-03-22,0720,Aqua,MODIS,93,6.2,311.5,46.4,D,0
21.526,92.2858,340.3,1.1,1,2015-03-22,0720,Aqua,MODIS,88,6.2,311.1,32.8,D,0
21.8049,92.2454,325.2,1.1,1,2015-03-22,0720,Aqua,MODIS,73,6.2,313.6,8.9,D,0
21.4326,92.4205,342.9,1.1,1,2015-03-22,0720,Aqua,MODIS,90,6.2,310.3,39.7,D,0
21.4073,92.4199,334.9,1.1,1,2015-03-22,0720,Aqua,MODIS,84,6.2,311.3,25.9,D,0
22.4202,92.3914,325.8,1.1,1,2015-03-22,0720,Aqua,MODIS,51,6.2,313.1,10.8,D,0
21.5017,92.1043,326,1,1,2015-03-22,0720,Aqua,MODIS,73,6.2,309.8,12.9,D,0
22.3629,92.2265,328.3,1.1,1,2015-03-22,0720,Aqua,MODIS,56,6.2,315.7,10.3,D,0
22.3615,92.2162,327.4,1.1,1,2015-03-22,0720,Aqua,MODIS,68,6.2,313,10,D,0
24.1744,91.4123,323.1,1,1,2015-03-22,0721,Aqua,MODIS,66,6.2,308.4,7.6,D,0
22.7975,91.897,331,1.1,1,2015-03-22,0721,Aqua,MODIS,79,6.2,310.8,17.8,D,0
23.3195,91.819,357,1.1,1,2015-03-22,0721,Aqua,MODIS,98,6.2,313.8,69.6,D,0
23.0808,92.1714,323.2,1.1,1,2015-03-22,0721,Aqua,MODIS,69,6.2,309.5,9,D,0
23.0656,92.0568,323.4,1.1,1,2015-03-22,0721,Aqua,MODIS,69,6.2,311.2,8.7,D,0
22.5695,91.7086,325.4,1,1,2015-03-22,0721,Aqua,MODIS,71,6.2,312.5,10.7,D,0
23.195,92.0031,333,1.1,1,2015-03-22,0721,Aqua,MODIS,82,6.2,312.8,21.5,D,0
23.3798,91.9407,322,1.1,1,2015-03-22,0721,Aqua,MODIS,68,6.2,310.6,8,D,0
23.0097,91.9184,364.1,1.1,1,2015-03-22,0721,Aqua,MODIS,100,6.2,313,91.9,D,0
22.9807,92.3212,321.7,1.1,1,2015-03-22,0721,Aqua,MODIS,65,6.2,309.9,9,D,0
22.9821,92.3317,328,1.1,1,2015-03-22,0721,Aqua,MODIS,76,6.2,309.3,17,D,0
23.011,91.9285,324.5,1.1,1,2015-03-22,0721,Aqua,MODIS,72,6.2,310.1,9.2,D,0
22.686,92.0359,325.8,1.1,1,2015-03-22,0721,Aqua,MODIS,72,6.2,311.9,10.7,D,0
22.6874,92.0462,325.5,1.1,1,2015-03-22,0721,Aqua,MODIS,72,6.2,312.1,10.1,D,0
22.7791,92.1831,325.1,1.1,1,2015-03-22,0721,Aqua,MODIS,71,6.2,310.5,11.6,D,0
22.6254,92.4118,326.3,1.1,1,2015-03-22,0721,Aqua,MODIS,74,6.2,311.2,13.5,D,0
23.7841,89.999,334.8,1,1,2015-03-22,0721,Aqua,MODIS,74,6.2,314.5,21.3,D,0
23.222,91.8515,327.9,1.1,1,2015-03-22,0721,Aqua,MODIS,77,6.2,310.5,13,D,0
23.3196,92.1043,324.8,1.1,1,2015-03-22,0721,Aqua,MODIS,73,6.2,307.7,12.8,D,0
23.3182,92.0939,322.3,1.1,1,2015-03-22,0721,Aqua,MODIS,68,6.2,309.2,9.9,D,0
23.0707,92.3122,324.4,1.1,1,2015-03-22,0721,Aqua,MODIS,71,6.2,311.2,10.5,D,0
23.0998,92.2436,322.5,1.1,1,2015-03-22,0721,Aqua,MODIS,57,6.2,312.1,7.7,D,0
23.3181,91.8089,323.7,1.1,1,2015-03-22,0721,Aqua,MODIS,28,6.2,311.4,6.6,D,0
22.4818,92.2121,326.7,1.1,1,2015-03-22,0721,Aqua,MODIS,64,6.2,309.7,13.6,D,0
22.5986,92.4761,343,1.1,1,2015-03-22,0721,Aqua,MODIS,90,6.2,310.9,40.2,D,0
22.6721,92.4046,321.8,1.1,1,2015-03-22,0721,Aqua,MODIS,44,6.2,311.6,7.1,D,0
22.9317,91.947,337.7,1.1,1,2015-03-22,0721,Aqua,MODIS,86,6.2,312.7,27.7,D,0
22.9711,91.9615,354,1.1,1,2015-03-22,0721,Aqua,MODIS,97,6.2,312.9,63,D,0
22.9698,91.9514,336.5,1.1,1,2015-03-22,0721,Aqua,MODIS,85,6.2,312.8,26.3,D,0
22.9803,91.96,339.4,1.1,1,2015-03-22,0721,Aqua,MODIS,87,6.2,311.2,32.3,D,0
22.979,91.9499,328.1,1.1,1,2015-03-22,0721,Aqua,MODIS,76,6.2,311,14.3,D,0
22.8705,91.9005,323,1.1,1,2015-03-22,0721,Aqua,MODIS,64,6.2,310.1,7.1,D,0
23.3209,91.8292,328.7,1.1,1,2015-03-22,0721,Aqua,MODIS,70,6.2,312.4,14.1,D,0
22.5972,92.4655,328.3,1.1,1,2015-03-22,0721,Aqua,MODIS,68,6.2,311.9,14.8,D,0
22.6576,92.4388,328.5,1.1,1,2015-03-22,0721,Aqua,MODIS,77,6.2,311.5,15.7,D,0
22.7988,91.9072,329.9,1.1,1,2015-03-22,0721,Aqua,MODIS,78,6.2,310.2,17,D,0
23.6051,89.6586,347.2,1,1,2015-03-22,0721,Aqua,MODIS,93,6.2,314,41.4,D,0
23.6079,89.6781,323.7,1,1,2015-03-22,0721,Aqua,MODIS,51,6.2,311.2,7.4,D,0
22.9401,91.8001,325.1,1.1,1,2015-03-22,0721,Aqua,MODIS,72,6.2,311.8,9.7,D,0
23.6036,89.6489,327.2,1,1,2015-03-22,0721,Aqua,MODIS,74,6.2,311.7,9.6,D,0
22.6268,92.4223,336.1,1.1,1,2015-03-22,0721,Aqua,MODIS,85,6.2,310.6,27.7,D,0
23.2233,91.8617,367.2,1.1,1,2015-03-22,0721,Aqua,MODIS,100,6.2,312.1,101.9,D,0
23.7827,89.9893,330.4,1,1,2015-03-22,0721,Aqua,MODIS,58,6.2,315.8,15.1,D,0
23.1964,92.0133,336.7,1.1,1,2015-03-22,0721,Aqua,MODIS,86,6.2,310.8,27.5,D,0
22.4422,91.9881,323.5,1.1,1,2015-03-22,0721,Aqua,MODIS,67,6.2,311.2,9.1,D,0
22.4748,92.1603,341.2,1.1,1,2015-03-22,0721,Aqua,MODIS,77,6.2,312.5,35,D,0
23.067,92.0671,371,1.1,1,2015-03-22,0721,Aqua,MODIS,100,6.2,315.7,118.5,D,0
21.5988,92.3694,306.5,1.1,1.1,2015-03-22,1930,Aqua,MODIS,68,6.2,291.2,9.6,N,0
22.3824,92.4451,324.9,1.7,1.3,2015-03-23,0454,Terra,MODIS,75,6.2,306.1,30.4,D,0
23.2826,89.9377,319.9,1.2,1.1,2015-03-23,0454,Terra,MODIS,53,6.2,307.5,9.4,D,0
25.4701,89.6593,318.2,1.1,1,2015-03-23,0454,Terra,MODIS,0,6.2,306.2,11.3,D,0
25.4793,89.661,315.9,1.1,1,2015-03-23,0454,Terra,MODIS,0,6.2,304.7,9.3,D,0
21.8563,92.347,326.1,1.7,1.3,2015-03-23,0455,Terra,MODIS,77,6.2,302.8,36.3,D,0
22.1404,92.3109,320.4,1.7,1.3,2015-03-23,0455,Terra,MODIS,69,6.2,306.7,18.5,D,0
22.1413,92.301,319.1,1.7,1.3,2015-03-23,0455,Terra,MODIS,60,6.2,307.3,13.7,D,0
21.6312,92.2411,318.2,1.7,1.3,2015-03-23,0455,Terra,MODIS,41,6.2,305.3,13.1,D,0
21.6398,92.2585,325.5,1.7,1.3,2015-03-23,0455,Terra,MODIS,76,6.2,306.3,28.5,D,0
21.8991,92.2324,318.7,1.7,1.3,2015-03-23,0455,Terra,MODIS,65,6.2,307,16.1,D,0
21.6427,92.2425,329.5,1.7,1.3,2015-03-23,0455,Terra,MODIS,81,6.2,307.3,38.5,D,0
21.8566,92.3369,349.2,1.7,1.3,2015-03-23,0455,Terra,MODIS,94,6.2,304.4,115.8,D,0
21.859,92.3316,341.2,1.7,1.3,2015-03-23,0455,Terra,MODIS,90,6.2,304.6,83.1,D,0
22.0771,92.4078,303.4,1.4,1.2,2015-03-23,1550,Terra,MODIS,55,6.2,292.9,8.6,N,0
21.8899,92.5871,312.5,1.4,1.2,2015-03-23,1550,Terra,MODIS,85,6.2,292.3,19.3,N,0
23.132,92.1493,304.1,1.4,1.2,2015-03-23,1550,Terra,MODIS,59,6.2,292.9,9.1,N,0
21.8875,92.5725,304,1.4,1.2,2015-03-23,1550,Terra,MODIS,58,6.2,292.2,9.7,N,0
22.0747,92.3935,306.4,1.4,1.2,2015-03-23,1550,Terra,MODIS,68,6.2,292.4,11.8,N,0
23.0683,92.3056,314.4,3.1,1.7,2015-03-24,0359,Terra,MODIS,56,6.2,300.8,29.4,D,0
23.0831,92.3274,357.6,1,1,2015-03-24,0708,Aqua,MODIS,98,6.2,308.8,70.6,D,0
22.7384,91.9454,327.6,1.1,1,2015-03-24,0708,Aqua,MODIS,77,6.2,305.3,16.2,D,0
21.8919,92.5682,315.5,1,1,2015-03-24,0708,Aqua,MODIS,40,6.2,300.9,4.9,D,0
21.8829,92.5699,395.2,1,1,2015-03-24,0708,Aqua,MODIS,100,6.2,311.1,225.7,D,0
21.7456,92.5755,389,1,1,2015-03-24,0708,Aqua,MODIS,100,6.2,311.4,191.4,D,0
23.4087,92.2243,321.7,1,1,2015-03-24,0708,Aqua,MODIS,71,6.2,301.9,10.3,D,0
23.4072,92.2144,318.1,1,1,2015-03-24,0708,Aqua,MODIS,64,6.2,304.8,6.5,D,0
23.3129,91.8357,331,1.1,1,2015-03-24,0708,Aqua,MODIS,82,6.2,308.7,18.3,D,0
23.3113,91.8255,344.1,1.1,1,2015-03-24,0708,Aqua,MODIS,91,6.2,311.4,40.1,D,0
21.7351,92.567,323.5,1,1,2015-03-24,0708,Aqua,MODIS,63,6.2,307.7,9.5,D,0
21.7441,92.5655,334,1,1,2015-03-24,0708,Aqua,MODIS,84,6.2,308.3,22.8,D,0
23.3733,92.2983,328.5,1,1,2015-03-24,0708,Aqua,MODIS,77,6.2,300.1,18,D,0
23.4147,92.2642,334.1,1,1,2015-03-24,0708,Aqua,MODIS,85,6.2,301.9,26.3,D,0
23.4132,92.2542,348.2,1,1,2015-03-24,0708,Aqua,MODIS,94,6.2,305.7,51.1,D,0
23.0893,92.1833,325.3,1,1,2015-03-24,0708,Aqua,MODIS,75,6.2,307,12.1,D,0
21.8754,92.5814,369.9,1,1,2015-03-24,0708,Aqua,MODIS,100,6.2,302.1,111.3,D,0
22.2675,92.1846,329.6,1,1,2015-03-24,0708,Aqua,MODIS,80,6.2,309.1,17.1,D,0
21.8844,92.5799,394,1,1,2015-03-24,0708,Aqua,MODIS,100,6.2,304.4,219.3,D,0
22.5525,92.4179,352.9,1,1,2015-03-24,0708,Aqua,MODIS,96,6.2,307.2,59.8,D,0
22.5511,92.408,406.1,1,1,2015-03-24,0708,Aqua,MODIS,100,6.2,311.9,292.4,D,0
22.5631,92.4262,331,1,1,2015-03-24,0708,Aqua,MODIS,81,6.2,307.1,19.5,D,0
22.5616,92.4163,358.7,1,1,2015-03-24,0708,Aqua,MODIS,99,6.2,308.7,74.5,D,0
22.5601,92.4064,345.7,1,1,2015-03-24,0708,Aqua,MODIS,92,6.2,307.6,44.2,D,0
22.2659,92.1746,328.7,1,1,2015-03-24,0708,Aqua,MODIS,79,6.2,308.8,16,D,0
22.6095,92.3107,329.6,1,1,2015-03-24,0708,Aqua,MODIS,80,6.2,310.2,17.5,D,0
22.3718,92.3809,328.3,1,1,2015-03-24,0708,Aqua,MODIS,79,6.2,307.8,15.6,D,0
22.3703,92.371,324.9,1,1,2015-03-24,0708,Aqua,MODIS,71,6.2,306.4,11.6,D,0
21.8917,92.1419,325,1.1,1,2015-03-24,0708,Aqua,MODIS,74,6.2,305.7,12.9,D,0
21.928,92.073,318.6,1.1,1,2015-03-24,0708,Aqua,MODIS,62,6.2,306.6,6.3,D,0
22.5481,92.3882,328.2,1,1,2015-03-24,0708,Aqua,MODIS,78,6.2,306.6,15.6,D,0
22.839,92.1792,321.4,1,1,2015-03-24,0708,Aqua,MODIS,68,6.2,304.6,9.7,D,0
22.8375,92.1694,324.9,1,1,2015-03-24,0708,Aqua,MODIS,74,6.2,305,13.1,D,0
22.4424,92.2402,358.3,1,1,2015-03-24,0708,Aqua,MODIS,99,6.2,310,75.6,D,0
22.4333,92.2419,365.2,1,1,2015-03-24,0708,Aqua,MODIS,100,6.2,308.5,95.2,D,0
22.4348,92.2519,386.2,1,1,2015-03-24,0708,Aqua,MODIS,100,6.2,309.2,179.1,D,0
22.6229,92.461,336.8,1,1,2015-03-24,0708,Aqua,MODIS,86,6.2,309.3,26,D,0
22.6561,91.9451,324.3,1.1,1,2015-03-24,0708,Aqua,MODIS,67,6.2,305.3,11.6,D,0
22.6545,91.9349,323.3,1.1,1,2015-03-24,0708,Aqua,MODIS,70,6.2,306.8,9.9,D,0
22.4936,91.7393,322.3,1.1,1,2015-03-24,0708,Aqua,MODIS,57,6.2,307.9,9.3,D,0
21.9589,92.52,373.7,1,1,2015-03-24,0708,Aqua,MODIS,100,6.2,305.4,124.8,D,0
23.0816,92.3177,323.3,1,1,2015-03-24,0708,Aqua,MODIS,44,6.2,306.6,8.6,D,0
23.0921,92.3259,326.1,1,1,2015-03-24,0708,Aqua,MODIS,74,6.2,307.5,12.4,D,0
23.044,92.3141,320.9,1,1,2015-03-24,0708,Aqua,MODIS,68,6.2,306.1,8.7,D,0
23.053,92.3125,356.4,1,1,2015-03-24,0708,Aqua,MODIS,98,6.2,308.8,68.1,D,0
23.0515,92.3024,338,1,1,2015-03-24,0708,Aqua,MODIS,87,6.2,309.6,29.8,D,0
23.0621,92.3109,346.1,1,1,2015-03-24,0708,Aqua,MODIS,93,6.2,309.5,43.5,D,0
23.0605,92.3008,334.4,1,1,2015-03-24,0708,Aqua,MODIS,85,6.2,309.9,23.2,D,0
22.2357,92.4017,325.7,1,1,2015-03-24,0708,Aqua,MODIS,72,6.2,305.9,13.5,D,0
22.2342,92.3917,327,1,1,2015-03-24,0708,Aqua,MODIS,74,6.2,307.8,14.4,D,0
22.6214,92.4511,332.3,1,1,2015-03-24,0708,Aqua,MODIS,83,6.2,310.5,19.4,D,0
21.9574,92.5103,385,1,1,2015-03-24,0708,Aqua,MODIS,100,6.2,310.6,172.6,D,0
23.0772,92.1034,351.6,1,1,2015-03-24,0708,Aqua,MODIS,96,6.2,302.7,57.3,D,0
23.0757,92.0935,318.8,1,1,2015-03-24,0708,Aqua,MODIS,41,6.2,301.8,4.8,D,0
23.0825,92.0867,358.7,1,1,2015-03-24,0708,Aqua,MODIS,99,6.2,306.5,76.2,D,0
21.6503,92.1933,319.7,1.1,1,2015-03-24,0708,Aqua,MODIS,57,6.2,306.8,5.6,D,0
21.6519,92.2034,330.3,1.1,1,2015-03-24,0708,Aqua,MODIS,81,6.2,306.6,17.7,D,0
22.2843,92.2331,326.6,1,1,2015-03-24,0708,Aqua,MODIS,54,6.2,309.6,11.6,D,0
22.2752,92.2347,327.8,1,1,2015-03-24,0708,Aqua,MODIS,62,6.2,309.4,13.2,D,0
22.3582,92.4138,324.4,1,1,2015-03-24,0708,Aqua,MODIS,74,6.2,307.1,10.1,D,0
22.3597,92.4237,353.1,1,1,2015-03-24,0708,Aqua,MODIS,96,6.2,308.5,59.8,D,0
22.3492,92.4154,340.4,1,1,2015-03-24,0708,Aqua,MODIS,89,6.2,308.4,32.8,D,0
22.3507,92.4253,401,1,1,2015-03-24,0708,Aqua,MODIS,100,6.2,316.9,258.6,D,0
22.3416,92.427,346.2,1,1,2015-03-24,0708,Aqua,MODIS,93,6.2,305.7,45.2,D,0
22.3431,92.4368,343.6,1,1,2015-03-24,0708,Aqua,MODIS,91,6.2,301.5,40.6,D,0
22.3808,92.4405,321.4,1,1,2015-03-24,0708,Aqua,MODIS,60,6.2,305.7,8.2,D,0
22.3822,92.4503,324.8,1,1,2015-03-24,0708,Aqua,MODIS,74,6.2,304.4,12.7,D,0
21.5229,92.3216,318.1,1.1,1,2015-03-24,0708,Aqua,MODIS,42,6.2,298.5,8,D,0
21.9941,92.211,321,1.1,1,2015-03-24,0708,Aqua,MODIS,61,6.2,308.9,7.4,D,0
21.9861,92.2077,321.7,1.1,1,2015-03-24,0708,Aqua,MODIS,67,6.2,308.3,7.6,D,0
21.8738,92.5713,358.6,1,1,2015-03-24,0708,Aqua,MODIS,99,6.2,304.7,76,D,0
22.2889,92.3244,328.9,1,1,2015-03-24,0708,Aqua,MODIS,79,6.2,306.8,16.6,D,0
22.2904,92.3343,323.4,1,1,2015-03-24,0708,Aqua,MODIS,72,6.2,307.4,10,D,0
22.8111,91.9361,321,1.1,1,2015-03-24,0708,Aqua,MODIS,65,6.2,305.3,8.5,D,0
22.74,91.9556,320.4,1.1,1,2015-03-24,0708,Aqua,MODIS,65,6.2,305,8.2,D,0
23.3723,91.9846,323.8,1,1,2015-03-24,0708,Aqua,MODIS,49,6.2,302.1,10.9,D,0
23.3708,91.9746,324.7,1,1,2015-03-24,0708,Aqua,MODIS,48,6.2,305.1,11.4,D,0
23.1369,92.0767,343.6,1,1,2015-03-24,0708,Aqua,MODIS,91,6.2,303.1,41.3,D,0
23.1445,92.0651,334.2,1,1,2015-03-24,0708,Aqua,MODIS,85,6.2,306,24.8,D,0
23.146,92.0751,330.9,1,1,2015-03-24,0708,Aqua,MODIS,82,6.2,304.9,20.4,D,0
23.3748,92.3082,331.6,1,1,2015-03-24,0708,Aqua,MODIS,76,6.2,303,22.9,D,0
23.1354,92.0668,383.2,1,1,2015-03-24,0708,Aqua,MODIS,100,6.2,310.5,165.6,D,0
22.3925,92.2799,319.3,1,1,2015-03-24,0708,Aqua,MODIS,41,6.2,305.1,5.9,D,0
22.391,92.27,360.7,1,1,2015-03-24,0708,Aqua,MODIS,100,6.2,307.5,81,D,0
23.226,91.8676,325.6,1.1,1,2015-03-24,0708,Aqua,MODIS,36,6.2,306.9,10.7,D,0
23.2245,91.8575,328.4,1.1,1,2015-03-24,0708,Aqua,MODIS,71,6.2,307.6,14.2,D,0
23.2323,91.8608,333.4,1.1,1,2015-03-24,0708,Aqua,MODIS,84,6.2,306.6,21.4,D,0
23.2308,91.8506,329.7,1.1,1,2015-03-24,0708,Aqua,MODIS,73,6.2,309,15.7,D,0
23.2399,91.849,328,1.1,1,2015-03-24,0708,Aqua,MODIS,79,6.2,308.3,14.1,D,0
23.4746,92.1759,315.2,1,1,2015-03-24,0709,Aqua,MODIS,55,6.2,303.5,5.4,D,0
23.4222,92.2525,367.5,1,1,2015-03-24,0709,Aqua,MODIS,100,6.2,307.9,101.7,D,0
23.4576,91.9425,324.4,1,1,2015-03-24,0709,Aqua,MODIS,75,6.2,308.2,10.9,D,0
23.4237,92.2626,370.5,1,1,2015-03-24,0709,Aqua,MODIS,100,6.2,304.6,112.7,D,0
23.4791,92.2671,323.7,1,1,2015-03-24,0709,Aqua,MODIS,74,6.2,303.1,14.8,D,0
23.4312,92.2509,328.7,1,1,2015-03-24,0709,Aqua,MODIS,49,6.2,303.9,17,D,0
23.4613,92.266,334.3,1,1,2015-03-24,0709,Aqua,MODIS,41,6.2,305.9,23.8,D,0
23.4627,92.2758,333.6,1,1,2015-03-24,0709,Aqua,MODIS,36,6.2,304.5,23.5,D,0
23.3855,91.8264,325,1.1,1,2015-03-24,0709,Aqua,MODIS,71,6.2,308.3,10.8,D,0
22.6259,92.3204,327.1,1.1,1,2015-03-25,0442,Terra,MODIS,80,6.2,297.7,21,D,0
24.9262,89.6015,317.4,1,1,2015-03-25,0442,Terra,MODIS,0,6.2,303.7,9.2,D,0
21.698,92.2463,315.2,1.1,1.1,2015-03-25,0442,Terra,MODIS,63,6.2,298.1,6,D,0
22.6183,92.3085,313.8,1.1,1,2015-03-25,0442,Terra,MODIS,59,6.2,298.7,6.2,D,0
22.6166,92.3189,330.4,1.1,1,2015-03-25,0442,Terra,MODIS,83,6.2,298.7,25.8,D,0
21.6998,92.2354,323,1.1,1.1,2015-03-25,0442,Terra,MODIS,77,6.2,298.6,14.6,D,0
22.6276,92.3102,312.8,1.1,1,2015-03-25,0442,Terra,MODIS,53,6.2,298.1,5.1,D,0
22.157,92.3031,322.3,3.5,1.8,2015-03-25,0751,Aqua,MODIS,76,6.2,292.3,79.8,D,0
22.6625,92.4541,315.5,3.6,1.8,2015-03-25,0751,Aqua,MODIS,60,6.2,292,48.2,D,0
23.0697,92.3139,333.8,3.6,1.8,2015-03-25,0751,Aqua,MODIS,85,6.2,301.2,164,D,0
22.7602,92.4354,313.4,3.6,1.8,2015-03-25,0751,Aqua,MODIS,42,6.2,295.9,30.2,D,0
23.0051,91.9159,323.1,3.3,1.7,2015-03-25,0751,Aqua,MODIS,75,6.2,298.7,72.5,D,0
23.0756,92.3212,332.9,3.6,1.8,2015-03-25,0751,Aqua,MODIS,85,6.2,300.4,150.4,D,0
22.154,92.2702,328.3,3.4,1.7,2015-03-25,0751,Aqua,MODIS,82,6.2,293.4,117.8,D,0
22.1524,92.2957,329.9,3.5,1.8,2015-03-25,0751,Aqua,MODIS,83,6.2,292.5,134.3,D,0
23.0596,92.3229,321.8,3.6,1.8,2015-03-25,0751,Aqua,MODIS,73,6.2,300.5,71.4,D,0
22.1496,92.2627,323.7,3.4,1.7,2015-03-25,0751,Aqua,MODIS,77,6.2,293.7,87,D,0
22.3772,92.2615,313.3,3.5,1.8,2015-03-25,0751,Aqua,MODIS,56,6.2,294.7,26.7,D,0
23.0083,91.9237,323.3,3.3,1.7,2015-03-25,0751,Aqua,MODIS,75,6.2,298.5,74.8,D,0
23.6829,92.0781,398.2,1.4,1.2,2015-03-26,0656,Aqua,MODIS,100,6.2,303.5,400.2,D,0
23.5787,92.2604,354.5,1.4,1.2,2015-03-26,0656,Aqua,MODIS,97,6.2,299.6,109.9,D,0
23.5766,92.2483,337.5,1.4,1.2,2015-03-26,0656,Aqua,MODIS,89,6.2,297.5,55,D,0
23.5717,92.2195,312.6,1.4,1.2,2015-03-26,0656,Aqua,MODIS,59,6.2,297.8,9.9,D,0
23.5742,92.2343,334.5,1.4,1.2,2015-03-26,0656,Aqua,MODIS,87,6.2,297.6,48.5,D,0
23.5638,92.2366,312.1,1.4,1.2,2015-03-26,0656,Aqua,MODIS,56,6.2,297.2,8.6,D,0
22.2783,92.2951,326.5,1.5,1.2,2015-03-26,0656,Aqua,MODIS,79,6.2,302.1,24.1,D,0
22.2687,92.2392,325.7,1.5,1.2,2015-03-26,0656,Aqua,MODIS,79,6.2,302.4,22,D,0
22.8097,91.6309,314.1,1.6,1.2,2015-03-26,0656,Aqua,MODIS,60,6.2,299.5,8.8,D,0
22.7218,91.6545,319,1.6,1.2,2015-03-26,0656,Aqua,MODIS,71,6.2,298.7,16.9,D,0
22.7245,91.6693,315.9,1.6,1.2,2015-03-26,0656,Aqua,MODIS,48,6.2,300.2,11,D,0
22.5145,92.186,314.4,1.5,1.2,2015-03-26,0656,Aqua,MODIS,46,6.2,299.8,9,D,0
22.7739,91.9512,321,1.5,1.2,2015-03-26,0656,Aqua,MODIS,74,6.2,300.3,19.3,D,0
22.7714,91.9366,323.6,1.5,1.2,2015-03-26,0656,Aqua,MODIS,77,6.2,300,23.8,D,0
22.2808,92.3093,341.1,1.5,1.2,2015-03-26,0656,Aqua,MODIS,90,6.2,301.7,61.4,D,0
22.2938,92.3213,350.2,1.5,1.2,2015-03-26,0656,Aqua,MODIS,95,6.2,302.6,92.5,D,0
21.5159,92.2311,318.5,1.5,1.2,2015-03-26,0656,Aqua,MODIS,65,6.2,301.1,14.4,D,0
22.2914,92.3071,334.7,1.5,1.2,2015-03-26,0656,Aqua,MODIS,86,6.2,302.6,44,D,0
22.2924,92.2488,319.9,1.5,1.2,2015-03-26,0656,Aqua,MODIS,72,6.2,302.8,11.8,D,0
21.542,92.3169,367.6,1.5,1.2,2015-03-26,0656,Aqua,MODIS,94,6.2,297.5,183.5,D,0
23.6901,92.0842,431.9,1.4,1.2,2015-03-26,0656,Aqua,MODIS,100,6.2,308.7,841.2,D,0
23.6925,92.0982,342.2,1.4,1.2,2015-03-26,0656,Aqua,MODIS,91,6.2,298.1,68.7,D,0
23.6796,92.0866,333.8,1.4,1.2,2015-03-26,0656,Aqua,MODIS,86,6.2,298,44.7,D,0
23.6853,92.0921,377.3,1.4,1.2,2015-03-26,0656,Aqua,MODIS,100,6.2,301.7,230.1,D,0
22.1501,92.4248,320.6,1,1,2015-03-27,0430,Terra,MODIS,72,6.2,303,9.5,D,0
21.6049,92.3097,320,1,1,2015-03-27,0430,Terra,MODIS,70,6.2,304.8,6.6,D,0
21.5542,92.305,323.6,2,1.4,2015-03-27,0739,Aqua,MODIS,63,6.2,273.7,49.7,D,0
21.8002,92.2982,322.8,2,1.4,2015-03-27,0739,Aqua,MODIS,71,6.2,293.6,35.2,D,0
23.0263,92.3469,323.1,2.1,1.4,2015-03-27,0739,Aqua,MODIS,54,6.2,300.1,32.6,D,0
23.1479,91.9024,329.1,2,1.4,2015-03-27,0739,Aqua,MODIS,82,6.2,299.3,47.3,D,0
23.7984,89.9773,326.1,1.5,1.2,2015-03-27,0739,Aqua,MODIS,70,6.2,305.8,21.1,D,0
23.1287,89.4585,317.6,1.3,1.2,2015-03-27,0739,Aqua,MODIS,34,6.2,300.9,10,D,0
23.15,91.8968,325.1,2,1.4,2015-03-27,0739,Aqua,MODIS,79,6.2,299.2,35.4,D,0
21.5556,92.2991,323.3,2,1.4,2015-03-27,0739,Aqua,MODIS,68,6.2,275.3,47,D,0
22.8409,91.6023,317,1.9,1.3,2015-03-27,0739,Aqua,MODIS,65,6.2,292.4,22.4,D,0
23.1519,91.9155,325.8,2,1.4,2015-03-27,0739,Aqua,MODIS,79,6.2,299.4,36.6,D,0
22.8371,91.6143,313.9,1.9,1.3,2015-03-27,0739,Aqua,MODIS,44,6.2,292.2,15.1,D,0
23.3171,92.3274,361.8,1.5,1.2,2015-03-29,0418,Terra,MODIS,100,6.2,299,147.8,D,0
23.5393,91.9645,331.1,1.5,1.2,2015-03-29,0418,Terra,MODIS,84,6.2,294.2,44.6,D,0
23.3188,92.3131,338.1,1.5,1.2,2015-03-29,0418,Terra,MODIS,89,6.2,296.4,60.4,D,0
23.3134,92.3203,351.7,1.5,1.2,2015-03-29,0418,Terra,MODIS,96,6.2,298.4,103.4,D,0
23.3224,92.3353,314.6,1.4,1.2,2015-03-29,0418,Terra,MODIS,62,6.2,296.3,11.5,D,0
23.324,92.3216,332.2,1.5,1.2,2015-03-29,0418,Terra,MODIS,85,6.2,296.5,44.6,D,0
23.3117,92.3342,326.1,1.4,1.2,2015-03-29,0418,Terra,MODIS,79,6.2,296.9,30.2,D,0
21.4906,92.356,318.9,1.3,1.1,2015-03-29,0726,Aqua,MODIS,38,6.2,294.7,11.3,D,0
21.8207,92.3095,362.3,1.3,1.1,2015-03-29,0726,Aqua,MODIS,100,6.2,300.8,115.2,D,0
21.5534,92.2929,327.9,1.2,1.1,2015-03-29,0726,Aqua,MODIS,78,6.2,296.5,21.6,D,0
23.1242,92.0722,335.6,1.3,1.1,2015-03-29,0727,Aqua,MODIS,75,6.2,293,39,D,0
23.3072,92.326,325.1,1.3,1.1,2015-03-29,0727,Aqua,MODIS,33,6.2,296.2,21.9,D,0
23.3292,92.3364,328.6,1.3,1.1,2015-03-29,0727,Aqua,MODIS,80,6.2,291.9,28.9,D,0
23.3276,92.3233,330.1,1.3,1.1,2015-03-29,0727,Aqua,MODIS,82,6.2,293.7,31.9,D,0
22.2797,92.4819,325.9,1.3,1.1,2015-03-29,0727,Aqua,MODIS,75,6.2,299.9,22.1,D,0
22.229,92.2386,322.2,1.3,1.1,2015-03-29,0727,Aqua,MODIS,69,6.2,301.5,10.4,D,0
22.2305,92.2507,329.5,1.3,1.1,2015-03-29,0727,Aqua,MODIS,80,6.2,301.8,21.2,D,0
23.1047,91.9147,350.2,1.2,1.1,2015-03-29,0727,Aqua,MODIS,95,6.2,303.3,71.4,D,0
22.6406,91.7149,323.5,1.2,1.1,2015-03-29,0727,Aqua,MODIS,74,6.2,300.3,15.2,D,0
22.506,92.1809,340.6,1.3,1.1,2015-03-29,0727,Aqua,MODIS,78,6.2,301.1,47.9,D,0
23.3261,92.3106,327.2,1.3,1.1,2015-03-29,0727,Aqua,MODIS,79,6.2,296,27.7,D,0
22.111,92.3613,322.3,1.3,1.1,2015-03-29,0727,Aqua,MODIS,69,6.2,298.8,13.5,D,0
22.1095,92.3492,327.3,1.3,1.1,2015-03-29,0727,Aqua,MODIS,77,6.2,301.6,21.3,D,0
23.1297,92.0343,325.3,1.3,1.1,2015-03-29,0727,Aqua,MODIS,77,6.2,297.8,18,D,0
23.389,91.9168,318.7,1.3,1.1,2015-03-29,0727,Aqua,MODIS,65,6.2,295.5,10.3,D,0
23.0643,92.0874,348,1.3,1.1,2015-03-29,0727,Aqua,MODIS,94,6.2,294.9,66,D,0
23.0657,92.093,339.1,1.3,1.1,2015-03-29,0727,Aqua,MODIS,80,6.2,293.2,43.4,D,0
23.0713,92.0551,328.6,1.3,1.1,2015-03-29,0727,Aqua,MODIS,80,6.2,292.2,25.4,D,0
23.1227,92.0598,350.7,1.3,1.1,2015-03-29,0727,Aqua,MODIS,95,6.2,296,75.8,D,0
23.478,92.2247,318.4,1.3,1.1,2015-03-29,0727,Aqua,MODIS,69,6.2,292.9,15.8,D,0
23.445,91.9514,345.3,1.3,1.1,2015-03-29,0727,Aqua,MODIS,93,6.2,300.9,59.7,D,0
23.1212,92.0478,346.1,1.3,1.1,2015-03-29,0727,Aqua,MODIS,93,6.2,297.2,62.6,D,0
23.4465,91.9633,366.3,1.3,1.1,2015-03-29,0727,Aqua,MODIS,100,6.2,296.8,132.4,D,0
23.3947,92.1289,338.9,1.3,1.1,2015-03-29,0727,Aqua,MODIS,89,6.2,301.2,47,D,0
23.4048,92.1275,318.1,1.3,1.1,2015-03-29,0727,Aqua,MODIS,68,6.2,299.4,10.4,D,0
23.5084,92.2206,320.4,1.3,1.1,2015-03-29,0727,Aqua,MODIS,72,6.2,291.9,19.5,D,0
23.5186,92.2193,313.6,1.3,1.1,2015-03-29,0727,Aqua,MODIS,31,6.2,289.4,10.9,D,0
24.0816,89.7604,320.8,1,1,2015-03-29,0727,Aqua,MODIS,0,6.2,299.8,10.3,D,0
24.6736,89.6478,319.4,1,1,2015-03-29,0727,Aqua,MODIS,59,6.2,301.3,9.5,D,0
22.0727,92.3726,330.1,1.3,1.1,2015-03-29,0727,Aqua,MODIS,80,6.2,300.8,25.7,D,0
22.0743,92.3848,321.8,1.3,1.1,2015-03-29,0727,Aqua,MODIS,69,6.2,297.5,12,D,0
22.4337,92.4976,319.6,1.3,1.1,2015-03-29,0727,Aqua,MODIS,64,6.2,300.3,12.8,D,0
22.3954,92.3521,325.9,1.3,1.1,2015-03-29,0727,Aqua,MODIS,76,6.2,300.9,17.5,D,0
24.1309,88.7204,329.4,1,1,2015-03-29,0727,Aqua,MODIS,31,6.2,306.9,11.4,D,0
23.2645,88.9091,320.4,1,1,2015-03-29,0727,Aqua,MODIS,47,6.2,301.4,7.5,D,0
23.1342,92.0709,348.2,1.3,1.1,2015-03-29,0727,Aqua,MODIS,82,6.2,288.2,71,D,0
23.1312,92.0463,332.7,1.3,1.1,2015-03-29,0727,Aqua,MODIS,84,6.2,295.9,31.4,D,0
22.3831,92.4997,330.5,1.3,1.1,2015-03-29,0727,Aqua,MODIS,80,6.2,300.6,29.8,D,0
22.3829,92.5051,325.1,1.3,1.1,2015-03-29,0727,Aqua,MODIS,74,6.2,300.2,21.5,D,0
22.3815,92.4931,320.2,1.3,1.1,2015-03-29,0727,Aqua,MODIS,66,6.2,300.8,13.3,D,0
22.2995,92.3221,345.9,1.3,1.1,2015-03-29,0727,Aqua,MODIS,92,6.2,301,59.5,D,0
22.288,92.3115,326.8,1.3,1.1,2015-03-29,0727,Aqua,MODIS,77,6.2,302.6,17.2,D,0
22.2895,92.3238,328.9,1.3,1.1,2015-03-29,0727,Aqua,MODIS,61,6.2,301.7,20.8,D,0
22.291,92.3361,331.9,1.3,1.1,2015-03-29,0727,Aqua,MODIS,82,6.2,301.5,28.4,D,0
22.9925,91.9994,324.2,1.3,1.1,2015-03-29,0727,Aqua,MODIS,75,6.2,298.3,18.7,D,0
23.5763,91.9509,333.5,1.3,1.1,2015-03-29,0727,Aqua,MODIS,78,6.2,297.9,33.1,D,0
23.5863,91.9495,337.5,1.3,1.1,2015-03-29,0727,Aqua,MODIS,88,6.2,298.2,43,D,0
23.3557,91.8112,357.9,1.2,1.1,2015-03-29,0727,Aqua,MODIS,93,6.2,297.1,98.4,D,0
23.5063,91.9548,345.1,1.3,1.1,2015-03-29,0727,Aqua,MODIS,93,6.2,301.1,60.3,D,0
23.5048,91.9427,322.4,1.3,1.1,2015-03-29,0727,Aqua,MODIS,42,6.2,299.8,14.2,D,0
23.5051,91.9492,329.8,1.3,1.1,2015-03-29,0727,Aqua,MODIS,70,6.2,300.7,25.4,D,0
23.5264,91.9583,366.3,1.3,1.1,2015-03-29,0727,Aqua,MODIS,100,6.2,301.6,131.6,D,0
23.5479,91.9679,364.6,1.3,1.1,2015-03-29,0727,Aqua,MODIS,87,6.2,298.2,124.8,D,0
23.5464,91.9551,365,1.3,1.1,2015-03-29,0727,Aqua,MODIS,100,6.2,300.6,125.2,D,0
22.9658,89.6,319.6,1,1,2015-03-29,0727,Aqua,MODIS,59,6.2,301.5,7.7,D,0
22.218,92.3145,333.8,1.3,1.1,2015-03-29,0727,Aqua,MODIS,84,6.2,300.6,31.6,D,0
22.2195,92.3267,343.5,1.3,1.1,2015-03-29,0727,Aqua,MODIS,91,6.2,301.7,54,D,0
23.3303,92.0929,316.6,1.3,1.1,2015-03-29,0727,Aqua,MODIS,63,6.2,297,7.2,D,0
23.3542,91.7994,330.4,1.2,1.1,2015-03-29,0727,Aqua,MODIS,83,6.2,295.7,28.1,D,0
22.4035,92.2508,334.8,1.3,1.1,2015-03-29,0727,Aqua,MODIS,85,6.2,300.7,33.5,D,0
24.1858,89.1112,328.4,1,1,2015-03-29,0727,Aqua,MODIS,77,6.2,304,13.6,D,0
23.1327,92.0584,387.2,1.3,1.1,2015-03-29,0727,Aqua,MODIS,100,6.2,298.9,247.4,D,0
22.5843,92.1497,315,1.3,1.1,2015-03-29,0727,Aqua,MODIS,35,6.2,297.7,6,D,0
22.5859,92.1624,314.1,1.3,1.1,2015-03-29,0727,Aqua,MODIS,0,6.2,296.2,5.4,D,0
22.3474,92.3783,334.4,1.3,1.1,2015-03-29,0727,Aqua,MODIS,84,6.2,301,33.6,D,0
22.3985,92.377,320.1,1.3,1.1,2015-03-29,0727,Aqua,MODIS,51,6.2,300.8,9.2,D,0
22.8966,91.9573,318.9,1.2,1.1,2015-03-29,0727,Aqua,MODIS,47,6.2,299.5,8.5,D,0
22.871,91.9125,321.3,1.2,1.1,2015-03-29,0727,Aqua,MODIS,71,6.2,302,10.6,D,0
22.2618,92.1792,317.3,1.3,1.1,2015-03-29,0727,Aqua,MODIS,47,6.2,297.3,7,D,0
21.9074,92.4334,357.5,1.3,1.1,2015-03-29,0727,Aqua,MODIS,93,6.2,300.8,100.7,D,0
21.8973,92.435,332.1,1.3,1.1,2015-03-29,0727,Aqua,MODIS,75,6.2,296.1,29.7,D,0
21.8842,92.412,342.1,1.3,1.1,2015-03-29,0727,Aqua,MODIS,90,6.2,302.4,50,D,0
21.8757,92.4255,325.5,1.3,1.1,2015-03-29,0727,Aqua,MODIS,50,6.2,301.9,17.2,D,0
22.405,92.2629,324.2,1.3,1.1,2015-03-29,0727,Aqua,MODIS,74,6.2,302.2,15,D,0
22.4645,92.1741,332.7,1.3,1.1,2015-03-29,0727,Aqua,MODIS,83,6.2,301.6,29.7,D,0
22.961,91.9062,324.4,1.2,1.1,2015-03-29,0727,Aqua,MODIS,76,6.2,302.8,14.1,D,0
24.5442,89.794,316.1,1.3,1.1,2015-03-30,0500,Terra,MODIS,55,6.2,296.2,11.8,D,0
24.5073,89.8262,314.6,1.3,1.1,2015-03-30,0500,Terra,MODIS,35,6.2,296.8,11.2,D,0
24.1111,89.7416,317.9,1.3,1.1,2015-03-30,0500,Terra,MODIS,0,6.2,298.1,14.1,D,0
21.473,92.467,331.5,4.1,1.9,2015-03-30,0631,Aqua,MODIS,75,6.2,290.4,200.5,D,0
21.469,92.4718,350.7,4.1,1.9,2015-03-30,0631,Aqua,MODIS,89,6.2,291,457.3,D,0
22.6211,92.4301,318.8,3.9,1.8,2015-03-30,0632,Aqua,MODIS,65,6.2,293.4,71.6,D,0
22.5614,92.1205,314.9,4.1,1.9,2015-03-30,0632,Aqua,MODIS,46,6.2,292.9,52.2,D,0
23.601,91.9457,315.2,4,1.9,2015-03-30,0632,Aqua,MODIS,50,6.2,290.1,64.6,D,0
23.2213,91.9854,315.1,4.1,1.9,2015-03-30,0632,Aqua,MODIS,68,6.2,292.7,50.3,D,0
22.5576,92.1262,316.3,4.1,1.9,2015-03-30,0632,Aqua,MODIS,48,6.2,292.7,58.1,D,0
23.4769,92.2257,318.8,3.8,1.8,2015-03-30,0632,Aqua,MODIS,74,6.2,291.3,83.7,D,0
23.6123,91.9463,318,4,1.9,2015-03-30,0632,Aqua,MODIS,63,6.2,287.4,81.6,D,0
23.2169,91.9906,314.7,4.1,1.9,2015-03-30,0632,Aqua,MODIS,66,6.2,292.5,48.7,D,0
23.4706,92.2311,310.9,3.8,1.8,2015-03-30,0632,Aqua,MODIS,55,6.2,292.4,34.5,D,0
23.4866,92.2268,314.1,3.8,1.8,2015-03-30,0632,Aqua,MODIS,66,6.2,289.2,53.5,D,0
22.6265,92.4227,319.2,3.9,1.8,2015-03-30,0632,Aqua,MODIS,67,6.2,293,78.8,D,0
23.4686,89.9345,321.9,1.1,1,2015-03-31,0715,Aqua,MODIS,67,6.2,303.8,7.9,D,0
23.4955,89.6303,318.3,1,1,2015-04-01,0448,Terra,MODIS,50,6.2,298.9,6.9,D,0
26.1712,89.0625,314.7,1,1,2015-04-01,0448,Terra,MODIS,25,6.2,299.6,6.7,D,0
22.9504,91.9471,323.5,1.2,1.1,2015-04-02,0702,Aqua,MODIS,77,6.2,296.1,18.8,D,0
23.8633,88.6647,332.8,1.9,1.3,2015-04-02,0703,Aqua,MODIS,83,6.2,301,50.9,D,0
23.9828,89.4231,325.4,1.8,1.3,2015-04-03,0746,Aqua,MODIS,63,6.2,303.7,19.2,D,0
23.9875,89.4282,331.6,1.8,1.3,2015-04-03,0746,Aqua,MODIS,81,6.2,304.7,37.1,D,0
24.2448,89.2912,321.8,1.7,1.3,2015-04-03,0746,Aqua,MODIS,66,6.2,300.9,17.7,D,0
21.5813,92.4315,341,1.1,1,2015-04-07,0721,Aqua,MODIS,89,6.2,301.7,39.6,D,0
21.5761,92.4382,350.6,1.1,1,2015-04-07,0721,Aqua,MODIS,95,6.2,301.7,59.9,D,0
21.5798,92.3479,329.7,1.1,1,2015-04-07,0721,Aqua,MODIS,80,6.2,301.4,20.7,D,0
21.5826,92.4417,337.3,1.1,1,2015-04-07,0721,Aqua,MODIS,87,6.2,300.5,33,D,0
23.1532,89.571,316.3,1,1,2015-04-07,0721,Aqua,MODIS,59,6.2,295.5,7,D,0
21.5747,92.428,327.1,1.1,1,2015-04-07,0721,Aqua,MODIS,77,6.2,300.9,16.8,D,0
25.4692,89.6571,320.7,1.1,1,2015-04-08,0454,Terra,MODIS,0,6.2,307.9,13.1,D,0
21.4817,92.4483,334,1,1,2015-04-09,0708,Aqua,MODIS,84,6.2,301.1,26.7,D,0
21.527,92.4403,386.9,1,1,2015-04-09,0708,Aqua,MODIS,100,6.2,304.9,183.4,D,0
22.064,92.1487,311.2,1,1,2015-04-09,0708,Aqua,MODIS,26,6.2,283.3,8.8,D,0
21.5255,92.4304,359.8,1,1,2015-04-09,0708,Aqua,MODIS,99,6.2,302.3,79.9,D,0
21.5638,92.3158,318.1,1,1,2015-04-09,0708,Aqua,MODIS,63,6.2,298.7,7.8,D,0
21.3598,92.1885,320.1,1.1,1,2015-04-09,0708,Aqua,MODIS,54,6.2,299.5,6.3,D,0
21.3583,92.1786,363.5,1.1,1,2015-04-09,0708,Aqua,MODIS,100,6.2,304.8,91.6,D,0
21.3567,92.1684,320.9,1.1,1,2015-04-09,0708,Aqua,MODIS,57,6.2,301.7,6.8,D,0
21.3977,92.499,335.1,1,1,2015-04-09,0708,Aqua,MODIS,85,6.2,301.6,28,D,0
21.5361,92.4387,317.7,1,1,2015-04-09,0708,Aqua,MODIS,62,6.2,300.7,6.4,D,0
21.5285,92.4503,356,1,1,2015-04-09,0708,Aqua,MODIS,98,6.2,301.3,69.5,D,0
21.547,92.3895,323.2,1,1,2015-04-09,0708,Aqua,MODIS,73,6.2,299.4,13.2,D,0
21.5455,92.3797,318.1,1,1,2015-04-09,0708,Aqua,MODIS,63,6.2,299.2,7.9,D,0
21.5346,92.4288,324,1,1,2015-04-09,0708,Aqua,MODIS,74,6.2,301.2,13,D,0
21.4802,92.4384,322.9,1,1,2015-04-09,0708,Aqua,MODIS,72,6.2,299.9,12.6,D,0
21.3901,92.5106,342.8,1,1,2015-04-09,0708,Aqua,MODIS,91,6.2,299.4,41.3,D,0
21.3886,92.5006,359.1,1,1,2015-04-09,0708,Aqua,MODIS,99,6.2,301.2,78.7,D,0
22.7406,92.3537,315.5,1,1,2015-04-09,0709,Aqua,MODIS,44,6.2,298.5,5,D,0
22.9912,91.9937,316.8,1,1,2015-04-09,0709,Aqua,MODIS,61,6.2,299.6,7,D,0
22.7074,92.436,319,1,1,2015-04-09,0709,Aqua,MODIS,40,6.2,299.5,8.1,D,0
22.6999,92.4475,318.7,1,1,2015-04-09,0709,Aqua,MODIS,63,6.2,300.9,8.1,D,0
22.6984,92.4375,322.1,1,1,2015-04-09,0709,Aqua,MODIS,74,6.2,300.3,11.6,D,0
22.5356,92.4584,323.7,1,1,2015-04-09,0709,Aqua,MODIS,76,6.2,299,13.3,D,0
22.7511,92.3623,331.9,1,1,2015-04-09,0709,Aqua,MODIS,84,6.2,299.4,23.4,D,0
22.7421,92.3638,343.3,1,1,2015-04-09,0709,Aqua,MODIS,91,6.2,301.8,41.9,D,0
24.0897,89.2853,323.1,1,1,2015-04-10,0442,Terra,MODIS,69,6.2,309.8,9.5,D,0
23.3671,92.2799,330.8,1.1,1,2015-04-10,0442,Terra,MODIS,84,6.2,297.2,26.7,D,0
24.0883,89.2955,323.3,1,1,2015-04-10,0442,Terra,MODIS,66,6.2,309.1,9.6,D,0
22.128,92.3931,328.5,1.1,1.1,2015-04-10,0442,Terra,MODIS,81,6.2,300.3,23.8,D,0
21.8752,92.3609,317.1,1.1,1.1,2015-04-10,0442,Terra,MODIS,54,6.2,301.3,8.2,D,0
21.3769,92.0711,329,1.1,1,2015-04-10,0443,Terra,MODIS,81,6.2,304.1,19.7,D,0
21.3785,92.0607,325.4,1.1,1,2015-04-10,0443,Terra,MODIS,77,6.2,305.4,14.5,D,0
21.3267,92.5584,315.1,3.6,1.8,2015-04-10,0751,Aqua,MODIS,38,6.2,295.4,44.4,D,0
21.7019,92.3628,314.8,3.5,1.8,2015-04-10,0751,Aqua,MODIS,62,6.2,296.4,35.1,D,0
21.6717,92.1989,314.2,3.4,1.7,2015-04-10,0751,Aqua,MODIS,60,6.2,293.5,31.8,D,0
22.2689,92.3042,316.2,3.5,1.8,2015-04-10,0751,Aqua,MODIS,63,6.2,296,39.9,D,0
21.3928,92.4815,346.4,3.6,1.8,2015-04-10,0751,Aqua,MODIS,93,6.2,300.6,295,D,0
21.3647,92.1517,317.8,3.4,1.7,2015-04-10,0751,Aqua,MODIS,68,6.2,300.5,33.2,D,0
21.3847,92.4872,344.5,3.6,1.8,2015-04-10,0751,Aqua,MODIS,92,6.2,299.8,269.6,D,0
23.2328,91.8642,314.4,3.4,1.7,2015-04-10,0752,Aqua,MODIS,49,6.2,293,35.1,D,0
23.2363,91.8721,312.6,3.4,1.7,2015-04-10,0752,Aqua,MODIS,41,6.2,292.3,27.1,D,0
22.875,91.8925,317.2,3.4,1.7,2015-04-10,0752,Aqua,MODIS,65,6.2,295.4,41.5,D,0
22.6695,92.3035,318.2,3.6,1.8,2015-04-10,0752,Aqua,MODIS,50,6.2,296.1,54,D,0
22.8746,92.4131,314.8,3.7,1.8,2015-04-10,0752,Aqua,MODIS,60,6.2,295.9,39.5,D,0
21.6244,92.4224,321.8,1.5,1.2,2015-04-11,0656,Aqua,MODIS,67,6.2,302.7,18.8,D,0
21.5071,92.4089,358.9,1.5,1.2,2015-04-11,0656,Aqua,MODIS,99,6.2,302.2,130.5,D,0
21.484,92.4916,330.3,1.5,1.2,2015-04-11,0656,Aqua,MODIS,80,6.2,300.5,36.8,D,0
21.5174,92.2751,344.1,1.5,1.2,2015-04-11,0656,Aqua,MODIS,91,6.2,302.2,75.6,D,0
21.8783,92.0068,315.4,1.5,1.2,2015-04-11,0656,Aqua,MODIS,56,6.2,301.6,10.3,D,0
21.5199,92.2896,323.9,1.5,1.2,2015-04-11,0656,Aqua,MODIS,72,6.2,302.5,23.3,D,0
21.4955,92.4691,356.5,1.5,1.2,2015-04-11,0656,Aqua,MODIS,98,6.2,304.9,117.4,D,0
21.4147,92.5339,321.3,1.5,1.2,2015-04-11,0656,Aqua,MODIS,41,6.2,300.8,19.7,D,0
21.1422,92.0966,320.3,1.6,1.2,2015-04-11,0656,Aqua,MODIS,0,6.2,301.4,16.3,D,0
21.1751,92.0902,317.7,1.6,1.2,2015-04-11,0656,Aqua,MODIS,39,6.2,300.3,10.6,D,0
21.1725,92.0753,328.9,1.6,1.2,2015-04-11,0656,Aqua,MODIS,0,6.2,301.3,34.8,D,0
21.4448,92.3043,317.6,1.5,1.2,2015-04-11,0656,Aqua,MODIS,50,6.2,301.8,12.6,D,0
21.4401,92.2957,318.9,1.5,1.2,2015-04-11,0656,Aqua,MODIS,63,6.2,301.6,14.7,D,0
21.2775,92.5581,328,1.5,1.2,2015-04-11,0656,Aqua,MODIS,77,6.2,303,30.9,D,0
22.6098,92.4277,320.4,1.4,1.2,2015-04-11,0656,Aqua,MODIS,68,6.2,300.9,15.3,D,0
21.1911,92.1174,317.9,1.6,1.2,2015-04-11,0656,Aqua,MODIS,51,6.2,301.1,10.2,D,0
21.4012,92.3921,320.5,1.5,1.2,2015-04-11,0656,Aqua,MODIS,48,6.2,300.6,20.8,D,0
21.5203,92.5496,342.4,1.4,1.2,2015-04-11,0656,Aqua,MODIS,90,6.2,301,66.9,D,0
21.5307,92.5472,316.5,1.4,1.2,2015-04-11,0656,Aqua,MODIS,34,6.2,302.6,10.3,D,0
21.4623,92.4045,319.4,1.5,1.2,2015-04-11,0656,Aqua,MODIS,29,6.2,300.3,15.4,D,0
21.5047,92.3949,363.1,1.5,1.2,2015-04-11,0656,Aqua,MODIS,100,6.2,299.3,152.9,D,0
21.5024,92.3813,325,1.5,1.2,2015-04-11,0656,Aqua,MODIS,71,6.2,295.9,26,D,0
21.5153,92.3928,342.7,1.5,1.2,2015-04-11,0656,Aqua,MODIS,90,6.2,299.1,70.2,D,0
21.5473,92.3864,325.4,1.5,1.2,2015-04-11,0656,Aqua,MODIS,70,6.2,299.6,24.5,D,0
21.5534,92.3926,332.3,1.5,1.2,2015-04-11,0656,Aqua,MODIS,82,6.2,302,40.1,D,0
21.551,92.3789,338.6,1.5,1.2,2015-04-11,0656,Aqua,MODIS,87,6.2,302.4,56.8,D,0
21.3691,92.4915,334.9,1.5,1.2,2015-04-11,0656,Aqua,MODIS,84,6.2,303.6,47.8,D,0
21.4488,92.4126,320.6,1.5,1.2,2015-04-11,0656,Aqua,MODIS,66,6.2,300.1,19,D,0
21.4816,92.4773,323.9,1.5,1.2,2015-04-11,0656,Aqua,MODIS,72,6.2,297.6,22.3,D,0
22.6728,91.9323,319.8,1.5,1.2,2015-04-11,0656,Aqua,MODIS,70,6.2,298.3,17.5,D,0
21.4768,92.4877,330.9,1.5,1.2,2015-04-11,0656,Aqua,MODIS,80,6.2,300.6,37.9,D,0
21.4405,92.4285,369,1.5,1.2,2015-04-11,0656,Aqua,MODIS,100,6.2,301.5,185.5,D,0
21.451,92.4256,328.3,1.5,1.2,2015-04-11,0656,Aqua,MODIS,78,6.2,299.3,32.5,D,0
22.6502,92.4755,336.6,1.4,1.2,2015-04-11,0656,Aqua,MODIS,87,6.2,302.5,46.8,D,0
21.5379,92.461,347.1,1.5,1.2,2015-04-11,0656,Aqua,MODIS,93,6.2,303.5,81.4,D,0
21.5249,92.4487,320.3,1.5,1.2,2015-04-11,0656,Aqua,MODIS,47,6.2,304,13.9,D,0
21.5273,92.4631,357,1.5,1.2,2015-04-11,0656,Aqua,MODIS,98,6.2,304.3,119,D,0
21.5143,92.4508,341.2,1.5,1.2,2015-04-11,0656,Aqua,MODIS,89,6.2,304,61,D,0
21.5167,92.465,376.5,1.5,1.2,2015-04-11,0656,Aqua,MODIS,100,6.2,304.6,224.2,D,0
21.5579,92.3841,348.2,1.5,1.2,2015-04-11,0656,Aqua,MODIS,94,6.2,303.2,87.6,D,0
21.5085,92.4812,361.3,1.5,1.2,2015-04-11,0656,Aqua,MODIS,100,6.2,304.5,139.5,D,0
21.5555,92.3702,327.4,1.5,1.2,2015-04-11,0656,Aqua,MODIS,77,6.2,302.8,29.3,D,0
21.5616,92.3766,326.7,1.5,1.2,2015-04-11,0656,Aqua,MODIS,76,6.2,302.7,28.5,D,0
21.4594,92.4101,328.3,1.5,1.2,2015-04-11,0656,Aqua,MODIS,78,6.2,300.8,32.5,D,0
21.4646,92.4174,334.9,1.5,1.2,2015-04-11,0656,Aqua,MODIS,84,6.2,302.7,47.2,D,0
21.4615,92.4231,339.1,1.5,1.2,2015-04-11,0656,Aqua,MODIS,88,6.2,302.8,58,D,0
21.5216,92.4933,315.7,1.5,1.2,2015-04-11,0656,Aqua,MODIS,19,6.2,301.7,9.9,D,0
21.5061,92.4672,347.6,1.5,1.2,2015-04-11,0656,Aqua,MODIS,93,6.2,301.9,82,D,0
21.4979,92.483,348.1,1.5,1.2,2015-04-11,0656,Aqua,MODIS,94,6.2,303.3,85.4,D,0
22.6212,92.4946,320.6,1.4,1.2,2015-04-11,0656,Aqua,MODIS,69,6.2,301.2,15.3,D,0
21.4382,92.4151,326.1,1.5,1.2,2015-04-11,0656,Aqua,MODIS,75,6.2,296.4,29.4,D,0
22.6237,92.3827,320.8,1.4,1.2,2015-04-11,0656,Aqua,MODIS,69,6.2,301.1,15.4,D,0
22.6748,91.9265,317.5,1.5,1.2,2015-04-11,0656,Aqua,MODIS,64,6.2,296.9,12.7,D,0
22.44,92.3904,319.7,1.4,1.2,2015-04-11,0656,Aqua,MODIS,66,6.2,300.1,15.5,D,0
22.7926,92.3511,316.9,1.4,1.2,2015-04-11,0656,Aqua,MODIS,62,6.2,300.5,11.1,D,0
22.567,92.3998,324.3,1.4,1.2,2015-04-11,0656,Aqua,MODIS,74,6.2,300.6,22.2,D,0
21.622,92.4082,325.9,1.5,1.2,2015-04-11,0656,Aqua,MODIS,75,6.2,303.1,26.7,D,0
23.5709,91.9665,314.9,1.4,1.2,2015-04-11,0657,Aqua,MODIS,62,6.2,297.3,11.6,D,0
23.3915,92.3117,323.8,1.4,1.2,2015-04-11,0657,Aqua,MODIS,73,6.2,300.1,22.1,D,0
23.4831,91.9337,326.8,1.5,1.2,2015-04-11,0657,Aqua,MODIS,80,6.2,299.8,29.9,D,0
23.2367,91.8348,326.5,1.5,1.2,2015-04-11,0657,Aqua,MODIS,79,6.2,299.6,29.1,D,0
23.0554,91.7942,315,1.5,1.2,2015-04-11,0657,Aqua,MODIS,61,6.2,298.7,10.5,D,0
23.2392,91.8493,319.9,1.5,1.2,2015-04-11,0657,Aqua,MODIS,71,6.2,297.3,16.3,D,0
23.3336,92.0775,314.5,1.4,1.2,2015-04-11,0657,Aqua,MODIS,61,6.2,299.4,8.6,D,0
23.4856,91.9478,319.2,1.5,1.2,2015-04-11,0657,Aqua,MODIS,71,6.2,299.1,16.5,D,0
23.3004,92.3236,318.1,1.4,1.2,2015-04-11,0657,Aqua,MODIS,69,6.2,300.1,13.7,D,0
23.3054,92.328,318.4,1.4,1.2,2015-04-11,0657,Aqua,MODIS,69,6.2,299.7,14,D,0
23.2803,91.9583,316,1.5,1.2,2015-04-11,0657,Aqua,MODIS,61,6.2,298.8,9.7,D,0
23.2404,91.9811,315.2,1.5,1.2,2015-04-11,0657,Aqua,MODIS,60,6.2,298.9,8.7,D,0
23.595,92.2319,315.7,1.4,1.2,2015-04-11,0657,Aqua,MODIS,65,6.2,298,13.1,D,0
23.3429,92.1323,319.4,1.4,1.2,2015-04-11,0657,Aqua,MODIS,71,6.2,297.8,16.3,D,0
23.2479,92.1145,319.8,1.4,1.2,2015-04-11,0657,Aqua,MODIS,71,6.2,300,15.2,D,0
23.3556,92.2707,334.8,1.4,1.2,2015-04-11,0657,Aqua,MODIS,86,6.2,300,45.5,D,0
23.0605,92.1644,320.9,1.4,1.2,2015-04-11,0657,Aqua,MODIS,72,6.2,299.1,18,D,0
23.5925,92.2175,313.5,1.4,1.2,2015-04-11,0657,Aqua,MODIS,59,6.2,298.8,10.1,D,0
23.3956,92.3175,321.7,1.4,1.2,2015-04-11,0657,Aqua,MODIS,69,6.2,299.2,18.4,D,0
23.2771,92.1228,308.7,1.3,1.1,2015-04-11,1621,Terra,MODIS,75,6.2,294.4,10.4,N,0
23.1367,91.9428,318.9,1.1,1,2015-04-12,0430,Terra,MODIS,72,6.2,299.9,8.8,D,0
23.0677,92.036,328.2,1.1,1,2015-04-12,0430,Terra,MODIS,82,6.2,301.2,19.2,D,0
23.0404,91.9739,316.8,1.1,1,2015-04-12,0430,Terra,MODIS,69,6.2,297.7,6.6,D,0
22.9974,91.9463,314.1,1.1,1,2015-04-12,0430,Terra,MODIS,64,6.2,298.4,4.9,D,0
22.4006,92.506,321.9,2.2,1.4,2015-04-12,0739,Aqua,MODIS,71,6.2,299.3,34.7,D,0
22.2915,92.3192,324.1,2.1,1.4,2015-04-12,0739,Aqua,MODIS,74,6.2,300.2,34.1,D,0
22.5789,92.3475,319.7,2.1,1.4,2015-04-12,0739,Aqua,MODIS,13,6.2,293.2,25.6,D,0
22.3083,92.3579,336,2.1,1.4,2015-04-12,0739,Aqua,MODIS,86,6.2,299.7,86.5,D,0
22.3062,92.3375,352.9,2.1,1.4,2015-04-12,0739,Aqua,MODIS,96,6.2,301.9,176.7,D,0
22.3041,92.3175,327.6,2.1,1.4,2015-04-12,0739,Aqua,MODIS,61,6.2,301.4,47.8,D,0
23.0967,92.3339,322.5,2.2,1.4,2015-04-12,0739,Aqua,MODIS,77,6.2,299.8,30.3,D,0
22.6217,92.3868,315.1,2.1,1.4,2015-04-12,0739,Aqua,MODIS,49,6.2,293.5,13.8,D,0
22.4093,92.465,337.3,2.2,1.4,2015-04-12,0739,Aqua,MODIS,87,6.2,300,89.3,D,0
22.5684,92.4974,326.8,2.2,1.4,2015-04-12,0739,Aqua,MODIS,78,6.2,300.7,46.5,D,0
23.1055,92.1673,320.3,2.1,1.4,2015-04-12,0739,Aqua,MODIS,69,6.2,298.6,27.1,D,0
23.2795,92.0928,321.4,2.1,1.4,2015-04-12,0739,Aqua,MODIS,53,6.2,287.4,30,D,0
23.3172,92.0878,330.9,2.1,1.4,2015-04-12,0739,Aqua,MODIS,74,6.2,294.6,61.5,D,0
23.3211,92.1002,327.6,2.1,1.4,2015-04-12,0739,Aqua,MODIS,82,6.2,295.5,50.5,D,0
23.3192,92.0806,325.4,2.1,1.4,2015-04-12,0739,Aqua,MODIS,60,6.2,292.4,42.7,D,0
22.4072,92.4448,323.6,2.1,1.4,2015-04-12,0739,Aqua,MODIS,74,6.2,300.5,35.4,D,0
22.42,92.4435,345.5,2.1,1.4,2015-04-12,0739,Aqua,MODIS,92,6.2,301.6,127.8,D,0
22.4178,92.4219,325.9,2.1,1.4,2015-04-12,0739,Aqua,MODIS,58,6.2,301.3,38.5,D,0
22.5473,92.4162,323.3,2.1,1.4,2015-04-12,0739,Aqua,MODIS,37,6.2,298.5,39,D,0
23.0946,92.3124,330.3,2.1,1.4,2015-04-12,0739,Aqua,MODIS,84,6.2,299.4,58,D,0
23.0926,92.2929,326.9,2.1,1.4,2015-04-12,0739,Aqua,MODIS,81,6.2,300.3,45.2,D,0
22.5356,92.4226,333.5,2.1,1.4,2015-04-12,0739,Aqua,MODIS,74,6.2,293.6,75.3,D,0
21.5451,92.3777,337.5,2.1,1.4,2015-04-12,0739,Aqua,MODIS,86,6.2,301.2,83.7,D,0
22.5345,92.4176,334.7,2.1,1.4,2015-04-12,0739,Aqua,MODIS,85,6.2,293.2,83.2,D,0
22.5897,92.4519,318.7,2.2,1.4,2015-04-12,0739,Aqua,MODIS,46,6.2,296.2,20,D,0
21.5785,92.5778,328.3,2.1,1.4,2015-04-12,0739,Aqua,MODIS,77,6.2,301.6,52.7,D,0
22.9788,92.3108,325.9,2.1,1.4,2015-04-12,0739,Aqua,MODIS,80,6.2,295.1,49,D,0
21.5405,92.3645,324.2,2.1,1.4,2015-04-12,0739,Aqua,MODIS,70,6.2,301.4,32.5,D,0
21.5428,92.3853,339.6,2.1,1.4,2015-04-12,0739,Aqua,MODIS,88,6.2,301.4,92.9,D,0
23.2898,92.32,328.9,2.2,1.4,2015-04-12,0739,Aqua,MODIS,70,6.2,292.1,59.9,D,0
22.2936,92.3392,327.5,2.1,1.4,2015-04-12,0739,Aqua,MODIS,78,6.2,300.1,48.5,D,0
23.6193,91.986,339,2.1,1.4,2015-04-12,0740,Aqua,MODIS,90,6.2,294.9,99.3,D,0
23.4,91.8647,315.4,2,1.4,2015-04-12,0740,Aqua,MODIS,42,6.2,289.4,18,D,0
23.5894,91.9535,324.6,2.1,1.4,2015-04-12,0740,Aqua,MODIS,38,6.2,290.5,42.2,D,0
23.5467,92.2458,326.1,2.3,1.5,2015-04-13,0644,Aqua,MODIS,81,6.2,299.7,56.5,D,0
23.3647,92.2682,317.1,2.3,1.5,2015-04-13,0644,Aqua,MODIS,61,6.2,300.3,20.8,D,0
22.5828,92.3904,316.1,2.3,1.5,2015-04-13,0644,Aqua,MODIS,58,6.2,296.9,21.3,D,0
22.8285,92.295,313.9,2.3,1.5,2015-04-13,0644,Aqua,MODIS,40,6.2,297.4,15.8,D,0
21.8836,92.3379,315.1,2.4,1.5,2015-04-13,0644,Aqua,MODIS,31,6.2,290.9,27.9,D,0
21.7911,92.2619,321.3,2.5,1.5,2015-04-13,0644,Aqua,MODIS,46,6.2,294.3,45.6,D,0
21.5404,92.552,326.3,2.4,1.5,2015-04-13,0644,Aqua,MODIS,43,6.2,293.3,57.7,D,0
23.2361,91.8807,319.1,2.4,1.5,2015-04-13,0644,Aqua,MODIS,33,6.2,300.2,26.1,D,0
22.7185,92.4849,322.1,2.3,1.5,2015-04-13,0644,Aqua,MODIS,72,6.2,298.7,39.3,D,0
21.5458,92.3616,328.6,2.5,1.5,2015-04-13,0644,Aqua,MODIS,79,6.2,293.8,71,D,0
23.5488,92.2598,320,2.3,1.5,2015-04-13,0644,Aqua,MODIS,75,6.2,299.3,34.4,D,0
23.5618,92.2575,316.5,2.3,1.5,2015-04-13,0644,Aqua,MODIS,30,6.2,298.6,22.7,D,0
23.009,91.926,319.8,2.5,1.5,2015-04-13,0644,Aqua,MODIS,71,6.2,300.4,32.6,D,0
22.801,91.7361,319.6,2.6,1.5,2015-04-13,0644,Aqua,MODIS,70,6.2,299,37.2,D,0
23.1012,92.0689,321.3,2.4,1.5,2015-04-13,0644,Aqua,MODIS,65,6.2,300.3,33.3,D,0
23.362,91.7906,315.7,2.5,1.5,2015-04-13,0644,Aqua,MODIS,68,6.2,299.4,20.4,D,0
23.3668,92.2744,319,2.3,1.5,2015-04-13,0644,Aqua,MODIS,36,6.2,300.1,26.5,D,0
21.5145,92.416,362.3,2.4,1.5,2015-04-13,0644,Aqua,MODIS,87,6.2,293.7,309.2,D,0
22.8299,92.3119,321.3,2.3,1.5,2015-04-13,0644,Aqua,MODIS,68,6.2,297.7,38.5,D,0
21.5274,92.5558,318.3,2.4,1.5,2015-04-13,0644,Aqua,MODIS,41,6.2,288.1,32.6,D,0
23.2449,91.8546,321.3,2.5,1.5,2015-04-13,0644,Aqua,MODIS,35,6.2,300.6,33.2,D,0
23.2268,91.8338,320.1,2.5,1.5,2015-04-13,0644,Aqua,MODIS,40,6.2,301.1,29.8,D,0
23.6271,91.9822,333.2,2.4,1.5,2015-04-13,0644,Aqua,MODIS,86,6.2,298.2,93.7,D,0
23.2315,91.8577,321.8,2.5,1.5,2015-04-13,0644,Aqua,MODIS,76,6.2,300.8,37.1,D,0
23.6227,91.9598,323,2.4,1.5,2015-04-13,0644,Aqua,MODIS,78,6.2,298.1,49.4,D,0
23.3801,92.202,317,2.3,1.5,2015-04-13,0644,Aqua,MODIS,52,6.2,300.2,20.3,D,0
23.376,92.1801,316.2,2.3,1.5,2015-04-13,0644,Aqua,MODIS,31,6.2,299.8,17.6,D,0
23.3775,92.1959,321.3,2.3,1.5,2015-04-13,0644,Aqua,MODIS,76,6.2,300,36.8,D,0
23.1444,92.2919,321.2,2.3,1.5,2015-04-13,0644,Aqua,MODIS,74,6.2,299.7,33.4,D,0
23.384,92.2942,323.5,2.3,1.5,2015-04-13,0644,Aqua,MODIS,78,6.2,300,41.7,D,0
23.0487,92.0812,328.8,2.4,1.5,2015-04-13,0644,Aqua,MODIS,82,6.2,301.1,62.9,D,0
23.0881,92.0723,318,2.4,1.5,2015-04-13,0644,Aqua,MODIS,53,6.2,299.6,22.9,D,0
23.3989,92.3055,325.2,2.3,1.5,2015-04-13,0644,Aqua,MODIS,80,6.2,299.9,49.1,D,0
21.5674,92.4771,320.5,2.4,1.5,2015-04-13,0644,Aqua,MODIS,34,6.2,295.3,38.6,D,0
23.0599,91.7853,316.4,2.5,1.5,2015-04-13,0644,Aqua,MODIS,66,6.2,299.6,23.4,D,0
23.0531,92.1035,328.5,2.4,1.5,2015-04-13,0644,Aqua,MODIS,82,6.2,300.4,61.2,D,0
23.0534,92.0853,343,2.4,1.5,2015-04-13,0644,Aqua,MODIS,92,6.2,301.5,140.4,D,0
23.4692,91.9835,317.4,2.4,1.5,2015-04-13,0644,Aqua,MODIS,71,6.2,299.3,28.7,D,0
23.0576,92.1071,318.9,2.4,1.5,2015-04-13,0644,Aqua,MODIS,70,6.2,300.2,26.3,D,0
21.4097,92.565,315,2.4,1.5,2015-04-13,0644,Aqua,MODIS,45,6.2,288.7,29.4,D,0
23.4422,92.1808,319.2,2.3,1.5,2015-04-13,0644,Aqua,MODIS,73,6.2,299.8,32.9,D,0
23.4519,92.1739,318.8,2.3,1.5,2015-04-13,0644,Aqua,MODIS,73,6.2,299.5,29.4,D,0
23.0403,92.0885,337.9,2.4,1.5,2015-04-13,0644,Aqua,MODIS,88,6.2,300.3,110.6,D,0
23.3878,92.3144,337.7,2.3,1.5,2015-04-13,0644,Aqua,MODIS,89,6.2,300.4,102.6,D,0
23.0445,92.1101,322.8,2.4,1.5,2015-04-13,0644,Aqua,MODIS,75,6.2,300.2,40.8,D,0
22.8159,91.9581,316.3,2.5,1.5,2015-04-13,0644,Aqua,MODIS,62,6.2,298.7,22.8,D,0
23.3861,92.3084,339.2,2.3,1.5,2015-04-13,0644,Aqua,MODIS,90,6.2,300.6,110.2,D,0
23.5037,92.2318,326.5,2.3,1.5,2015-04-13,0644,Aqua,MODIS,81,6.2,300,57,D,0
23.5165,92.2284,331.9,2.3,1.5,2015-04-13,0644,Aqua,MODIS,85,6.2,300,79.3,D,0
22.8329,92.3184,318.1,2.3,1.5,2015-04-13,0644,Aqua,MODIS,66,6.2,298,27.5,D,0
23.2196,91.8404,324,2.5,1.5,2015-04-13,0644,Aqua,MODIS,59,6.2,300.9,43.4,D,0
23.5597,92.2437,328.8,2.3,1.5,2015-04-13,0644,Aqua,MODIS,83,6.2,299,67.9,D,0
23.5447,92.2392,318.5,2.3,1.5,2015-04-13,0644,Aqua,MODIS,73,6.2,299.5,29.8,D,0
21.5232,92.5339,318.9,2.4,1.5,2015-04-13,0644,Aqua,MODIS,36,6.2,287.3,35.9,D,0
23.5577,92.2368,325.3,2.3,1.5,2015-04-13,0644,Aqua,MODIS,80,6.2,299.2,51.3,D,0
21.185,92.0926,321.8,1.4,1.2,2015-04-14,0418,Terra,MODIS,66,6.2,301.6,14.5,D,0
23.5846,91.9312,324.4,1.3,1.1,2015-04-14,0727,Aqua,MODIS,65,6.2,286.4,20.8,D,0
22.1406,92.439,333.4,1.3,1.1,2015-04-14,0727,Aqua,MODIS,38,6.2,297.6,35.3,D,0
22.1608,92.4355,324,1.3,1.1,2015-04-14,0727,Aqua,MODIS,64,6.2,285.7,19.7,D,0
23.1407,92.0518,333.4,1.3,1.1,2015-04-14,0727,Aqua,MODIS,86,6.2,299.5,33.6,D,0
23.1392,92.0396,325.8,1.3,1.1,2015-04-14,0727,Aqua,MODIS,79,6.2,300.7,19.2,D,0
22.7604,92.3594,340.8,1.3,1.1,2015-04-14,0727,Aqua,MODIS,85,6.2,302.7,51.7,D,0
23.3743,92.2166,350.7,1.3,1.1,2015-04-14,0727,Aqua,MODIS,95,6.2,300.2,78.5,D,0
23.3728,92.2038,341.7,1.3,1.1,2015-04-14,0727,Aqua,MODIS,70,6.2,300.6,52.6,D,0
23.7211,92.1351,340.5,1.3,1.1,2015-04-14,0727,Aqua,MODIS,90,6.2,282.2,59.4,D,0
23.7195,92.1226,325.7,1.3,1.1,2015-04-14,0727,Aqua,MODIS,70,6.2,283.6,28.2,D,0
23.721,92.1412,320.2,1.3,1.1,2015-04-14,0727,Aqua,MODIS,62,6.2,279.5,20.6,D,0
23.7195,92.1285,335.1,1.3,1.1,2015-04-14,0727,Aqua,MODIS,87,6.2,283.6,46.9,D,0
23.2828,92.2229,387,1.3,1.1,2015-04-14,0727,Aqua,MODIS,100,6.2,304.4,257.2,D,0
23.2814,92.2105,381.6,1.3,1.1,2015-04-14,0727,Aqua,MODIS,100,6.2,307.1,219.7,D,0
23.2915,92.2091,331.6,1.3,1.1,2015-04-14,0727,Aqua,MODIS,84,6.2,302.9,28.8,D,0
21.7069,92.5576,348.3,1.3,1.1,2015-04-14,0727,Aqua,MODIS,94,6.2,303.3,69.7,D,0
21.7053,92.5451,361.3,1.3,1.1,2015-04-14,0727,Aqua,MODIS,100,6.2,304.4,115.9,D,0
21.7155,92.5436,328.7,1.3,1.1,2015-04-14,0727,Aqua,MODIS,78,6.2,302.4,23.8,D,0
22.8521,92.3538,324.4,1.3,1.1,2015-04-14,0727,Aqua,MODIS,76,6.2,303.1,17.8,D,0
23.4375,91.9844,320.3,1.3,1.1,2015-04-14,0727,Aqua,MODIS,64,6.2,296.5,13.5,D,0
23.4792,91.9913,318.9,1.3,1.1,2015-04-14,0727,Aqua,MODIS,71,6.2,291.8,14.6,D,0
23.1277,92.0289,321.3,1.3,1.1,2015-04-14,0727,Aqua,MODIS,67,6.2,299.6,12.8,D,0
22.5953,92.4223,333.4,1.3,1.1,2015-04-14,0727,Aqua,MODIS,83,6.2,295.2,38.9,D,0
22.8455,91.9632,320,1.3,1.1,2015-04-14,0727,Aqua,MODIS,62,6.2,292.6,15.3,D,0
22.9289,92.3239,348.5,1.3,1.1,2015-04-14,0727,Aqua,MODIS,94,6.2,302.6,73.7,D,0
22.2014,92.43,322.6,1.3,1.1,2015-04-14,0727,Aqua,MODIS,72,6.2,295.8,17.1,D,0
22.1998,92.4173,334.2,1.3,1.1,2015-04-14,0727,Aqua,MODIS,85,6.2,298.9,36.3,D,0
22.1968,92.3932,321.2,1.3,1.1,2015-04-14,0727,Aqua,MODIS,28,6.2,296.9,13.2,D,0
22.1986,92.4244,331.7,1.3,1.1,2015-04-14,0727,Aqua,MODIS,83,6.2,297.6,32.8,D,0
22.1943,92.3879,323.9,1.3,1.1,2015-04-14,0727,Aqua,MODIS,55,6.2,297.1,17.7,D,0
22.9304,92.3371,322.3,1.3,1.1,2015-04-14,0727,Aqua,MODIS,74,6.2,302.4,14.2,D,0
22.9201,92.3174,327.9,1.3,1.1,2015-04-14,0727,Aqua,MODIS,80,6.2,302.5,23.7,D,0
22.9218,92.3309,351.8,1.3,1.1,2015-04-14,0727,Aqua,MODIS,96,6.2,303.4,83.1,D,0
23.2177,92.2641,354.5,1.3,1.1,2015-04-14,0727,Aqua,MODIS,97,6.2,301.8,94.7,D,0
23.2161,92.2512,345.7,1.3,1.1,2015-04-14,0727,Aqua,MODIS,93,6.2,302.1,65.2,D,0
23.1826,92.2244,323.8,1.3,1.1,2015-04-14,0727,Aqua,MODIS,60,6.2,300.7,19.4,D,0
21.8692,92.2218,324.1,1.3,1.1,2015-04-14,0727,Aqua,MODIS,74,6.2,293.3,18.1,D,0
21.8622,92.2474,326.1,1.3,1.1,2015-04-14,0727,Aqua,MODIS,50,6.2,296.5,17.9,D,0
23.4122,92.0191,327.8,1.3,1.1,2015-04-14,0727,Aqua,MODIS,81,6.2,299.4,24.3,D,0
21.8637,92.2595,340.5,1.3,1.1,2015-04-14,0727,Aqua,MODIS,89,6.2,300.1,46.9,D,0
23.5961,91.9418,342.2,1.3,1.1,2015-04-14,0727,Aqua,MODIS,91,6.2,288,58.7,D,0
23.5946,91.9296,325,1.3,1.1,2015-04-14,0727,Aqua,MODIS,68,6.2,288.8,22.1,D,0
22.3604,92.4857,351.8,1.3,1.1,2015-04-14,0727,Aqua,MODIS,96,6.2,299,88.5,D,0
22.3589,92.4734,328.7,1.3,1.1,2015-04-14,0727,Aqua,MODIS,58,6.2,296.1,29.5,D,0
22.3706,92.4843,317,1.3,1.1,2015-04-14,0727,Aqua,MODIS,33,6.2,290.6,13.6,D,0
22.3547,92.5243,339.1,1.3,1.1,2015-04-14,0727,Aqua,MODIS,80,6.2,296.7,50.8,D,0
22.3502,92.4876,333.7,1.3,1.1,2015-04-14,0727,Aqua,MODIS,76,6.2,301,37,D,0
22.3871,92.5344,331.8,1.3,1.1,2015-04-14,0727,Aqua,MODIS,62,6.2,286.7,34.3,D,0
23.5861,91.9432,326.9,1.3,1.1,2015-04-14,0727,Aqua,MODIS,80,6.2,286.3,26.7,D,0
23.2866,92.0821,324.5,1.3,1.1,2015-04-14,0727,Aqua,MODIS,64,6.2,300.3,17.5,D,0
23.439,91.9971,345.7,1.3,1.1,2015-04-14,0727,Aqua,MODIS,93,6.2,298.4,65,D,0
22.5758,92.4953,333.8,1.3,1.1,2015-04-14,0727,Aqua,MODIS,79,6.2,283.6,43.1,D,0
23.3146,91.9767,321.4,1.3,1.1,2015-04-14,0727,Aqua,MODIS,74,6.2,298.5,15.5,D,0
23.3374,92.3329,332.1,1.3,1.1,2015-04-14,0727,Aqua,MODIS,84,6.2,298.5,34.2,D,0
23.3358,92.3197,332.9,1.3,1.1,2015-04-14,0727,Aqua,MODIS,85,6.2,298.1,36.1,D,0
23.3477,92.3315,361.1,1.3,1.1,2015-04-14,0727,Aqua,MODIS,100,6.2,301.9,121.9,D,0
23.3461,92.3181,351.1,1.3,1.1,2015-04-14,0727,Aqua,MODIS,96,6.2,299.9,83.9,D,0
23.121,91.8932,316.2,1.3,1.1,2015-04-14,0727,Aqua,MODIS,46,6.2,297,6.2,D,0
23.2178,91.8473,312.7,1.2,1.1,2015-04-14,0727,Aqua,MODIS,50,6.2,288.2,5.5,D,0
22.0979,92.2556,314.8,1.3,1.1,2015-04-14,0727,Aqua,MODIS,50,6.2,284.4,13.6,D,0
23.1811,92.2177,328.2,1.3,1.1,2015-04-14,0727,Aqua,MODIS,70,6.2,299.4,25,D,0
23.2537,92.2199,325.3,1.3,1.1,2015-04-14,0727,Aqua,MODIS,63,6.2,302.1,18,D,0
22.7839,91.9668,337.8,1.3,1.1,2015-04-14,0727,Aqua,MODIS,88,6.2,300.6,42.4,D,0
22.7859,91.9718,327.1,1.3,1.1,2015-04-14,0727,Aqua,MODIS,79,6.2,298.3,22.8,D,0
22.7844,91.9599,321.4,1.3,1.1,2015-04-14,0727,Aqua,MODIS,72,6.2,301.1,14.2,D,0
22.844,91.9512,318.7,1.3,1.1,2015-04-14,0727,Aqua,MODIS,53,6.2,292.6,12.7,D,0
23.1105,91.8092,320.2,1.2,1.1,2015-04-14,0727,Aqua,MODIS,73,6.2,295.1,12.9,D,0
22.9666,92.2933,326.2,1.3,1.1,2015-04-14,0727,Aqua,MODIS,79,6.2,302.2,21.2,D,0
22.9651,92.2807,322.6,1.3,1.1,2015-04-14,0727,Aqua,MODIS,75,6.2,303,14.4,D,0
22.404,92.5262,360.8,1.3,1.1,2015-04-14,0727,Aqua,MODIS,100,6.2,292.4,122.8,D,0
22.3974,92.533,354.8,1.3,1.1,2015-04-14,0727,Aqua,MODIS,97,6.2,291.8,97.7,D,0
22.2264,92.4843,319,1.3,1.1,2015-04-14,0727,Aqua,MODIS,63,6.2,293,14,D,0
22.1523,92.4503,348.2,1.3,1.1,2015-04-14,0727,Aqua,MODIS,94,6.2,294.7,73.1,D,0
22.0621,92.4682,350.5,1.3,1.1,2015-04-14,0727,Aqua,MODIS,95,6.2,302.6,78.9,D,0
22.081,92.4537,323.4,1.3,1.1,2015-04-14,0727,Aqua,MODIS,74,6.2,303.2,16.1,D,0
22.2147,92.4724,341.3,1.3,1.1,2015-04-14,0727,Aqua,MODIS,90,6.2,297.9,55.2,D,0
22.2163,92.4861,396.6,1.3,1.1,2015-04-14,0727,Aqua,MODIS,94,6.2,297.9,338.5,D,0
23.0293,92.1019,320,4,1.9,2015-04-15,0632,Aqua,MODIS,51,6.2,287.3,104.1,D,0
22.1146,92.4755,319.4,3.9,1.8,2015-04-15,0632,Aqua,MODIS,61,6.2,287.4,100.2,D,0
23.0346,92.0969,321.5,4,1.9,2015-04-15,0632,Aqua,MODIS,37,6.2,290.9,112.7,D,0
21.4359,92.4545,322.4,1,1,2015-04-16,0714,Aqua,MODIS,73,6.2,297,12.3,D,0
21.4345,92.445,342.4,1,1,2015-04-16,0714,Aqua,MODIS,91,6.2,296.5,40,D,0
21.4442,92.4476,326,1,1,2015-04-16,0714,Aqua,MODIS,78,6.2,297.6,16.2,D,0
21.4955,92.4881,355.4,1,1,2015-04-16,0714,Aqua,MODIS,97,6.2,299.9,66.8,D,0
21.5004,92.4579,357.8,1,1,2015-04-16,0714,Aqua,MODIS,99,6.2,300.3,72.3,D,0
21.4969,92.4976,348.1,1,1,2015-04-16,0714,Aqua,MODIS,94,6.2,299,51.4,D,0
21.5018,92.4675,319.7,1,1,2015-04-16,0714,Aqua,MODIS,69,6.2,297.7,9,D,0
21.7541,92.554,365.1,1,1,2015-04-16,0715,Aqua,MODIS,100,6.2,301.6,91.4,D,0
22.0414,92.3127,318.3,1,1,2015-04-16,0715,Aqua,MODIS,42,6.2,285.1,11.1,D,0
22.419,92.314,314.4,1,1,2015-04-16,0715,Aqua,MODIS,48,6.2,276.2,4.9,D,0
23.2759,92.3191,316.9,1,1,2015-04-16,0715,Aqua,MODIS,55,6.2,270.9,10.2,D,0
23.2514,92.3388,362.1,1,1,2015-04-16,0715,Aqua,MODIS,100,6.2,277.7,87.3,D,0
21.5557,92.4519,327.9,1,1,2015-04-16,0715,Aqua,MODIS,43,6.2,296.8,17.5,D,0
21.5878,92.4857,368.7,1,1,2015-04-16,0715,Aqua,MODIS,100,6.2,300.5,102.9,D,0
21.5454,92.4438,338.5,1,1,2015-04-16,0715,Aqua,MODIS,71,6.2,297.5,33.6,D,0
22.0953,92.297,336.2,1,1,2015-04-16,0715,Aqua,MODIS,87,6.2,297.9,27.6,D,0
21.5553,92.5793,326.9,1,1,2015-04-16,0715,Aqua,MODIS,58,6.2,299.2,14.7,D,0
21.9646,92.5467,332.6,1,1,2015-04-16,0715,Aqua,MODIS,73,6.2,297.2,23.5,D,0
21.6554,92.3811,326.6,1,1,2015-04-16,0715,Aqua,MODIS,78,6.2,298.7,15.9,D,0
21.6515,92.5481,332.7,1,1,2015-04-16,0715,Aqua,MODIS,73,6.2,296.2,21.3,D,0
21.6568,92.3906,318.4,1,1,2015-04-16,0715,Aqua,MODIS,64,6.2,298.2,7.3,D,0
21.5651,92.5187,329.8,1,1,2015-04-16,0715,Aqua,MODIS,67,6.2,298.6,18.8,D,0
21.6605,92.5466,327.1,1,1,2015-04-16,0715,Aqua,MODIS,68,6.2,297.6,15,D,0
21.7168,92.5571,333.8,1,1,2015-04-16,0715,Aqua,MODIS,84,6.2,299.4,23.2,D,0
21.7154,92.5476,362,1,1,2015-04-16,0715,Aqua,MODIS,100,6.2,300.4,81.8,D,0
21.7141,92.538,330.2,1,1,2015-04-16,0715,Aqua,MODIS,81,6.2,298,19.2,D,0
21.612,92.4623,340.9,1,1,2015-04-16,0715,Aqua,MODIS,90,6.2,299.3,34.8,D,0
21.6106,92.4527,346.6,1,1,2015-04-16,0715,Aqua,MODIS,93,6.2,300,45,D,0
21.6209,92.4607,318.4,1,1,2015-04-16,0715,Aqua,MODIS,41,6.2,298.5,7.3,D,0
22.2264,92.3189,340.9,1,1,2015-04-16,0715,Aqua,MODIS,90,6.2,301.6,34.4,D,0
21.5865,92.4762,330.8,1,1,2015-04-16,0715,Aqua,MODIS,82,6.2,298.9,19.9,D,0
21.8372,92.2998,326.2,1,1,2015-04-16,0715,Aqua,MODIS,61,6.2,296.3,15.4,D,0
21.5892,92.4953,339.2,1,1,2015-04-16,0715,Aqua,MODIS,88,6.2,298.3,33,D,0
21.5611,92.4901,329.1,1,1,2015-04-16,0715,Aqua,MODIS,80,6.2,299.3,18.9,D,0
21.5703,92.3616,330.4,1,1,2015-04-16,0715,Aqua,MODIS,78,6.2,298.1,20.7,D,0
21.9398,92.3054,328.3,1,1,2015-04-16,0715,Aqua,MODIS,81,6.2,297.3,19.4,D,0
21.9385,92.2959,334.6,1,1,2015-04-16,0715,Aqua,MODIS,86,6.2,298,27.9,D,0
21.5624,92.4996,317,1,1,2015-04-16,0715,Aqua,MODIS,36,6.2,298.2,6.1,D,0
22.8282,91.9489,325.3,1,1,2015-04-16,0715,Aqua,MODIS,58,6.2,292,11.5,D,0
21.7555,92.5637,334.3,1,1,2015-04-16,0715,Aqua,MODIS,85,6.2,298.4,24.1,D,0
21.5499,92.5409,331.1,1,1,2015-04-16,0715,Aqua,MODIS,62,6.2,297.8,21.1,D,0
21.5513,92.5506,333.6,1,1,2015-04-16,0715,Aqua,MODIS,64,6.2,298.5,23.8,D,0
21.9735,92.5452,360.5,1,1,2015-04-16,0715,Aqua,MODIS,100,6.2,298.5,78.4,D,0
21.8517,92.5323,342.2,1,1,2015-04-16,0715,Aqua,MODIS,91,6.2,296.6,39.2,D,0
21.8531,92.5421,331.6,1,1,2015-04-16,0715,Aqua,MODIS,83,6.2,296.9,22.6,D,0
21.8544,92.5518,392.2,1,1,2015-04-16,0715,Aqua,MODIS,100,6.2,304.1,202.4,D,0
21.8558,92.5614,414.1,1,1,2015-04-16,0715,Aqua,MODIS,94,6.2,304.3,342.2,D,0
21.8401,92.5149,323.7,1,1,2015-04-16,0715,Aqua,MODIS,75,6.2,295.6,13.9,D,0
21.8414,92.5243,334.3,1,1,2015-04-16,0715,Aqua,MODIS,85,6.2,297.3,27.9,D,0
21.8468,92.5629,348.7,1,1,2015-04-16,0715,Aqua,MODIS,89,6.2,294,50.9,D,0
23.241,92.3305,365.7,1,1,2015-04-16,0715,Aqua,MODIS,100,6.2,290.3,93,D,0
23.2424,92.3402,414.8,1,1,2015-04-16,0715,Aqua,MODIS,100,6.2,294.9,346.7,D,0
23.2321,92.332,347.4,1,1,2015-04-16,0715,Aqua,MODIS,86,6.2,291.9,46.1,D,0
21.5326,92.4917,334.2,1,1,2015-04-16,0715,Aqua,MODIS,64,6.2,297.9,27.5,D,0
21.7299,92.3816,335.9,1,1,2015-04-16,0715,Aqua,MODIS,86,6.2,298.5,27.4,D,0
21.7658,92.5717,340.2,1,1,2015-04-16,0715,Aqua,MODIS,89,6.2,299.3,34.2,D,0
21.5312,92.4822,341.4,1,1,2015-04-16,0715,Aqua,MODIS,68,6.2,298.4,38.7,D,0
21.5468,92.4534,324.8,1,1,2015-04-16,0715,Aqua,MODIS,60,6.2,297.1,15,D,0
21.721,92.3831,349.9,1,1,2015-04-16,0715,Aqua,MODIS,95,6.2,298.6,52.7,D,0
21.7224,92.3926,319.1,1,1,2015-04-16,0715,Aqua,MODIS,45,6.2,296.9,7.5,D,0
21.7644,92.5621,366.1,1,1,2015-04-16,0715,Aqua,MODIS,100,6.2,299.9,94.6,D,0
21.7631,92.5525,371,1,1,2015-04-16,0715,Aqua,MODIS,100,6.2,301.3,111,D,0
21.9707,92.3299,328.9,1,1,2015-04-16,0715,Aqua,MODIS,81,6.2,293.4,19.4,D,0
21.6187,92.51,355.4,1,1,2015-04-16,0715,Aqua,MODIS,92,6.2,299.4,66.3,D,0
21.5968,92.4842,391.5,1,1,2015-04-16,0715,Aqua,MODIS,100,6.2,303.2,196.7,D,0
21.5954,92.4747,335,1,1,2015-04-16,0715,Aqua,MODIS,85,6.2,299.7,25.7,D,0
21.5901,92.4365,343.5,1,1,2015-04-16,0715,Aqua,MODIS,91,6.2,298.9,40.7,D,0
21.6276,92.5086,354.6,1,1,2015-04-16,0715,Aqua,MODIS,97,6.2,298.9,64,D,0
21.6263,92.499,343.5,1,1,2015-04-16,0715,Aqua,MODIS,91,6.2,298.7,41.1,D,0
22.7015,92.4862,320.6,1,1,2015-04-16,0715,Aqua,MODIS,63,6.2,287.7,13.9,D,0
23.2397,92.3208,338.3,1,1,2015-04-16,0715,Aqua,MODIS,72,6.2,291.9,31.3,D,0
23.2307,92.3223,336.4,1,1,2015-04-16,0715,Aqua,MODIS,44,6.2,291.1,27.7,D,0
21.6057,92.4828,338.9,1,1,2015-04-16,0715,Aqua,MODIS,88,6.2,298.8,31.8,D,0
21.9789,92.3229,318.5,1,1,2015-04-16,0715,Aqua,MODIS,51,6.2,294.1,9.2,D,0
21.9815,92.4066,336,1,1,2015-04-16,0715,Aqua,MODIS,70,6.2,285.8,27,D,0
21.5981,92.4938,345.4,1,1,2015-04-16,0715,Aqua,MODIS,92,6.2,298.4,43.5,D,0
22.0748,92.2807,331,1,1,2015-04-16,0715,Aqua,MODIS,55,6.2,293.3,22.8,D,0
22.0401,92.3031,320.3,1,1,2015-04-16,0715,Aqua,MODIS,58,6.2,285.9,14.2,D,0
21.9726,92.408,335.6,1,1,2015-04-16,0715,Aqua,MODIS,64,6.2,285.3,26.5,D,0
21.9942,92.5617,328.7,1,1,2015-04-16,0715,Aqua,MODIS,54,6.2,295.9,18.7,D,0
22.7001,92.4764,321.3,1,1,2015-04-16,0715,Aqua,MODIS,63,6.2,287.6,14.5,D,0
21.9248,92.5235,321.1,1,1,2015-04-16,0715,Aqua,MODIS,72,6.2,294.5,12.3,D,0
21.845,92.4847,319.9,1,1,2015-04-16,0715,Aqua,MODIS,61,6.2,297.5,8.8,D,0
21.5664,92.5283,344.5,1,1,2015-04-16,0715,Aqua,MODIS,92,6.2,298.6,42.5,D,0
21.5754,92.5268,321.9,1,1,2015-04-16,0715,Aqua,MODIS,70,6.2,297.7,11.1,D,0
21.8691,92.4611,321.2,1,1,2015-04-16,0715,Aqua,MODIS,40,6.2,294.5,11,D,0
21.8464,92.4942,323.8,1,1,2015-04-16,0715,Aqua,MODIS,63,6.2,297,12.9,D,0
21.8553,92.4928,325.5,1,1,2015-04-16,0715,Aqua,MODIS,47,6.2,295.9,14.3,D,0
21.5798,92.4284,348.9,1,1,2015-04-16,0715,Aqua,MODIS,79,6.2,294.5,50.3,D,0
21.6044,92.4732,322.5,1,1,2015-04-16,0715,Aqua,MODIS,52,6.2,298.4,10.2,D,0
21.654,92.3528,305.5,1.9,1.3,2015-04-17,1544,Terra,MODIS,65,6.2,291.2,14.2,N,0
21.6495,92.3603,306.2,1.9,1.3,2015-04-17,1544,Terra,MODIS,67,6.2,291.2,14.4,N,0
21.123,92.1344,322.2,4,1.9,2015-04-18,0353,Terra,MODIS,0,6.2,292,93.6,D,0
21.7019,92.34,337.6,1.2,1.1,2015-04-18,0702,Aqua,MODIS,87,6.2,299.8,37.2,D,0
21.6758,92.3152,326.8,1.2,1.1,2015-04-18,0702,Aqua,MODIS,70,6.2,300.5,17.5,D,0
21.8756,92.332,332.4,1.2,1.1,2015-04-18,0702,Aqua,MODIS,82,6.2,297.9,30.7,D,0
21.7429,92.2853,318.3,1.2,1.1,2015-04-18,0702,Aqua,MODIS,65,6.2,298.6,8.6,D,0
21.7217,92.2776,338,1.2,1.1,2015-04-18,0702,Aqua,MODIS,88,6.2,299.8,39,D,0
21.774,92.2729,324.1,1.2,1.1,2015-04-18,0702,Aqua,MODIS,75,6.2,299.4,15.9,D,0
21.9194,92.3572,363.2,1.2,1.1,2015-04-18,0702,Aqua,MODIS,94,6.2,299.1,111.1,D,0
21.5525,92.4974,327.9,1.2,1.1,2015-04-18,0702,Aqua,MODIS,60,6.2,291.7,27.5,D,0
21.5544,92.5087,325,1.2,1.1,2015-04-18,0702,Aqua,MODIS,70,6.2,292.5,21.7,D,0
21.7758,92.2843,337.5,1.2,1.1,2015-04-18,0702,Aqua,MODIS,88,6.2,299.6,38.1,D,0
21.9793,92.3975,319.9,1.2,1.1,2015-04-18,0702,Aqua,MODIS,59,6.2,297.4,12.4,D,0
21.8313,92.3807,352.3,1.2,1.1,2015-04-18,0702,Aqua,MODIS,96,6.2,297,76.5,D,0
21.8201,92.5848,321.9,1.2,1.1,2015-04-18,0702,Aqua,MODIS,42,6.2,294.2,17.6,D,0
21.772,92.2799,345.6,1.2,1.1,2015-04-18,0702,Aqua,MODIS,93,6.2,300.1,56.7,D,0
21.6426,92.3568,337.8,1.2,1.1,2015-04-18,0702,Aqua,MODIS,88,6.2,299.4,39.2,D,0
21.8876,92.2224,340.5,1.2,1.1,2015-04-18,0702,Aqua,MODIS,90,6.2,296.1,46.1,D,0
22.0423,92.2337,328.6,1.2,1.1,2015-04-18,0702,Aqua,MODIS,81,6.2,296.3,23.4,D,0
21.6499,92.4022,355.4,1.2,1.1,2015-04-18,0702,Aqua,MODIS,97,6.2,299.6,81,D,0
21.5061,92.5344,317.6,1.2,1.1,2015-04-18,0702,Aqua,MODIS,50,6.2,297.6,11.6,D,0
21.7272,92.3119,336.7,1.2,1.1,2015-04-18,0702,Aqua,MODIS,87,6.2,299.7,35.8,D,0
21.6408,92.3454,343.5,1.2,1.1,2015-04-18,0702,Aqua,MODIS,91,6.2,300,51.8,D,0
21.706,92.3041,333.9,1.2,1.1,2015-04-18,0702,Aqua,MODIS,85,6.2,298.8,29.5,D,0
21.7738,92.2914,324.1,1.2,1.1,2015-04-18,0702,Aqua,MODIS,62,6.2,298.9,14.9,D,0
21.7526,92.2835,325.9,1.2,1.1,2015-04-18,0702,Aqua,MODIS,69,6.2,299.6,17.5,D,0
21.874,92.338,325.9,1.2,1.1,2015-04-18,0702,Aqua,MODIS,72,6.2,297.5,19.4,D,0
21.8775,92.3435,321,1.2,1.1,2015-04-18,0702,Aqua,MODIS,35,6.2,297,12.6,D,0
22.0495,92.4662,391.3,1.2,1.1,2015-04-18,0702,Aqua,MODIS,87,6.2,298.9,242.5,D,0
22.0476,92.4543,338.6,1.2,1.1,2015-04-18,0702,Aqua,MODIS,47,6.2,294.2,40.5,D,0
21.6963,92.3059,343.5,1.2,1.1,2015-04-18,0702,Aqua,MODIS,91,6.2,300.4,50.1,D,0
21.9651,92.3954,331.7,1.2,1.1,2015-04-18,0702,Aqua,MODIS,43,6.2,293.9,29.1,D,0
21.6982,92.3173,331.3,1.2,1.1,2015-04-18,0702,Aqua,MODIS,65,6.2,300.3,24.3,D,0
21.7001,92.3287,340.1,1.2,1.1,2015-04-18,0702,Aqua,MODIS,89,6.2,301.3,41.5,D,0
21.5341,92.5865,329,1.2,1.1,2015-04-18,0702,Aqua,MODIS,50,6.2,297.6,24.2,D,0
23.1759,91.8794,332.8,1.2,1.1,2015-04-18,0703,Aqua,MODIS,85,6.2,297.4,30.8,D,0
23.1661,91.8812,321.6,1.2,1.1,2015-04-18,0703,Aqua,MODIS,74,6.2,294.8,14,D,0
23.3614,92.2523,327.8,1.2,1.1,2015-04-18,0703,Aqua,MODIS,81,6.2,296.4,22.2,D,0
23.2179,92.1424,314.5,1.2,1.1,2015-04-18,0703,Aqua,MODIS,57,6.2,297.5,6.4,D,0
23.2628,92.1499,317.7,1.2,1.1,2015-04-18,0703,Aqua,MODIS,67,6.2,298.1,8.9,D,0
23.261,92.1389,317,1.2,1.1,2015-04-18,0703,Aqua,MODIS,66,6.2,298.4,8.2,D,0
23.6569,91.9163,328.3,1.2,1.1,2015-04-18,0703,Aqua,MODIS,76,6.2,295.9,25,D,0
23.358,91.9865,316.5,1.2,1.1,2015-04-18,0703,Aqua,MODIS,65,6.2,297.3,9.7,D,0
23.3309,92.0032,313.6,1.2,1.1,2015-04-18,0703,Aqua,MODIS,57,6.2,297.3,6,D,0
23.443,91.9984,328.7,1.2,1.1,2015-04-18,0703,Aqua,MODIS,81,6.2,297.2,26.8,D,0
23.1614,92.0364,318.5,1.2,1.1,2015-04-18,0703,Aqua,MODIS,51,6.2,297.7,10.2,D,0
23.4448,92.0098,315.4,1.2,1.1,2015-04-18,0703,Aqua,MODIS,47,6.2,296,9,D,0
23.4334,92.0003,318.4,1.2,1.1,2015-04-18,0703,Aqua,MODIS,63,6.2,297.2,12.4,D,0
23.4352,92.0116,314,1.2,1.1,2015-04-18,0703,Aqua,MODIS,44,6.2,296.5,7.3,D,0
23.3228,92.0749,317,1.2,1.1,2015-04-18,0703,Aqua,MODIS,21,6.2,297.2,9.2,D,0
23.3028,92.1538,321.2,1.2,1.1,2015-04-18,0703,Aqua,MODIS,73,6.2,298.2,12.4,D,0
23.5372,91.9518,323.7,1.2,1.1,2015-04-18,0703,Aqua,MODIS,74,6.2,297.5,18.4,D,0
23.4969,91.9475,318.1,1.2,1.1,2015-04-18,0703,Aqua,MODIS,61,6.2,293.5,14.1,D,0
23.5686,91.9388,318.4,1.2,1.1,2015-04-18,0703,Aqua,MODIS,36,6.2,294.6,14.3,D,0
23.3685,92.2965,341.5,1.1,1.1,2015-04-18,0703,Aqua,MODIS,91,6.2,297.2,46.9,D,0
23.4042,92.1521,328.9,1.2,1.1,2015-04-18,0703,Aqua,MODIS,82,6.2,297.6,25.6,D,0
23.406,92.1633,334.8,1.2,1.1,2015-04-18,0703,Aqua,MODIS,86,6.2,297.7,34.5,D,0
23.4606,92.1691,328.3,1.2,1.1,2015-04-18,0703,Aqua,MODIS,43,6.2,295.8,21.9,D,0
23.4624,92.1802,330.3,1.2,1.1,2015-04-18,0703,Aqua,MODIS,54,6.2,296.8,25.2,D,0
23.4398,92.162,343.7,1.2,1.1,2015-04-18,0703,Aqua,MODIS,92,6.2,297.8,52.1,D,0
23.0932,91.937,323.9,1.2,1.1,2015-04-18,0703,Aqua,MODIS,76,6.2,298.4,17.2,D,0
22.2969,92.0783,327,1.2,1.1,2015-04-18,0703,Aqua,MODIS,57,6.2,296.3,24,D,0
22.2934,92.0738,325.4,1.2,1.1,2015-04-18,0703,Aqua,MODIS,78,6.2,296.8,21.1,D,0
22.2952,92.0853,325.1,1.2,1.1,2015-04-18,0703,Aqua,MODIS,78,6.2,296.5,20.9,D,0
21.2014,92.0941,321.6,1,1,2015-04-19,0436,Terra,MODIS,72,6.2,300.9,9.5,D,0
22.7004,91.9291,318.7,1.9,1.4,2015-04-20,0650,Aqua,MODIS,68,6.2,292.8,26.8,D,0
21.9297,92.1051,318.5,1.9,1.4,2015-04-20,0650,Aqua,MODIS,67,6.2,296.8,21.6,D,0
21.9416,92.1024,315.8,1.9,1.4,2015-04-20,0650,Aqua,MODIS,55,6.2,295.6,14.5,D,0
22.7037,91.9474,314.5,1.9,1.4,2015-04-20,0650,Aqua,MODIS,35,6.2,292,18.4,D,0
22.7085,91.9393,321.4,1.9,1.4,2015-04-20,0650,Aqua,MODIS,74,6.2,291,36.9,D,0
21.931,92.5754,328.4,1.7,1.3,2015-04-21,0733,Aqua,MODIS,57,6.2,297,38.3,D,0
21.9196,92.5768,370.3,1.7,1.3,2015-04-21,0733,Aqua,MODIS,100,6.2,298.9,231.3,D,0
22.091,92.4787,349.9,1.7,1.3,2015-04-21,0733,Aqua,MODIS,95,6.2,296.8,113.4,D,0
21.5334,92.0955,322.7,1.5,1.2,2015-04-21,0733,Aqua,MODIS,71,6.2,299,18.5,D,0
21.3517,92.5951,321.8,1.7,1.3,2015-04-21,0733,Aqua,MODIS,42,6.2,299.1,23.2,D,0
21.3312,92.6031,323.8,1.7,1.3,2015-04-21,0733,Aqua,MODIS,65,6.2,297.7,28.8,D,0
21.918,92.562,366.8,1.7,1.3,2015-04-21,0733,Aqua,MODIS,100,6.2,300.4,207.8,D,0
21.9066,92.5637,342,1.7,1.3,2015-04-21,0733,Aqua,MODIS,90,6.2,295.9,81.1,D,0
22.2941,92.4578,327.7,1.7,1.3,2015-04-21,0733,Aqua,MODIS,61,6.2,298.1,34.1,D,0
23.0237,91.9423,315.2,1.6,1.2,2015-04-21,0733,Aqua,MODIS,44,6.2,293.7,11.8,D,0
21.9293,92.5603,330.9,1.7,1.3,2015-04-21,0733,Aqua,MODIS,77,6.2,298.3,45.3,D,0
22.2959,92.474,339.2,1.7,1.3,2015-04-21,0733,Aqua,MODIS,89,6.2,297.5,69.5,D,0
22.0928,92.4945,321.7,1.7,1.3,2015-04-21,0733,Aqua,MODIS,55,6.2,296.1,22.1,D,0
22.0797,92.4801,318.9,1.7,1.3,2015-04-21,0733,Aqua,MODIS,50,6.2,293.5,17.3,D,0
22.1422,92.523,341.2,1.7,1.3,2015-04-21,0733,Aqua,MODIS,90,6.2,295.9,75.9,D,0
22.1542,92.531,321.4,1.7,1.3,2015-04-21,0733,Aqua,MODIS,29,6.2,293.9,21.7,D,0
21.924,92.3905,334.3,3.1,1.7,2015-04-22,0638,Aqua,MODIS,77,6.2,292.6,136.4,D,0
21.7675,92.5322,321.2,3,1.7,2015-04-22,0638,Aqua,MODIS,23,6.2,284.8,73.7,D,0
22.0143,92.3056,324.2,3.1,1.7,2015-04-22,0638,Aqua,MODIS,42,6.2,291.2,76,D,0
21.9329,92.358,336.1,3.1,1.7,2015-04-22,0638,Aqua,MODIS,85,6.2,294.1,149.3,D,0
21.8756,92.5368,318.8,3,1.7,2015-04-22,0638,Aqua,MODIS,18,6.2,292,59,D,0
21.788,92.5585,333.4,3,1.7,2015-04-22,0638,Aqua,MODIS,76,6.2,281.8,147,D,0
21.9427,92.2583,318.6,3.2,1.7,2015-04-22,0638,Aqua,MODIS,39,6.2,291.6,45.8,D,0
21.9447,92.2628,321.2,3.2,1.7,2015-04-22,0638,Aqua,MODIS,38,6.2,291.8,55.9,D,0
24.1267,88.8604,312.8,3,1.7,2015-04-27,0525,Terra,MODIS,0,6.2,291.5,32.4,D,0
21.9323,92.578,337.1,1.4,1.2,2015-04-27,0656,Aqua,MODIS,77,6.2,292.9,57.8,D,0
22.0083,92.5413,323.1,1.4,1.2,2015-04-27,0656,Aqua,MODIS,65,6.2,295.7,22,D,0
21.8938,92.5764,313.5,1.4,1.2,2015-04-27,0656,Aqua,MODIS,56,6.2,289.6,13.3,D,0
22.316,92.4055,315.3,1.4,1.2,2015-04-27,0656,Aqua,MODIS,69,6.2,294,12.8,D,0
22.0004,92.5362,313.5,1.4,1.2,2015-04-27,0656,Aqua,MODIS,32,6.2,296.2,9.6,D,0
22.1445,92.5493,309.6,1.4,1.2,2015-04-27,0656,Aqua,MODIS,47,6.2,292.9,6.8,D,0
21.731,92.4199,313.7,1.4,1.2,2015-04-27,0656,Aqua,MODIS,42,6.2,292.7,11.7,D,0
21.5064,92.5355,323.9,1.4,1.2,2015-04-27,0656,Aqua,MODIS,78,6.2,296.1,26.7,D,0
21.3757,92.1155,318.4,1.5,1.2,2015-04-27,0656,Aqua,MODIS,72,6.2,298.2,14.3,D,0
22.3181,92.4182,334.4,1.4,1.2,2015-04-27,0656,Aqua,MODIS,87,6.2,292.8,48.6,D,0
21.7293,92.4739,317,1.4,1.2,2015-04-27,0656,Aqua,MODIS,30,6.2,295.1,13.5,D,0
22.006,92.5281,358.7,1.4,1.2,2015-04-27,0656,Aqua,MODIS,99,6.2,297.9,125.3,D,0
21.972,92.2896,317.2,2.1,1.4,2015-04-28,0739,Aqua,MODIS,0,6.2,290,27.5,D,0
21.974,92.2826,322.8,2.1,1.4,2015-04-28,0739,Aqua,MODIS,44,6.2,292.1,38.3,D,0
23.4131,92.0396,316.4,2.1,1.4,2015-04-28,0740,Aqua,MODIS,67,6.2,292.6,25.4,D,0
21.3682,92.5797,320.8,2.4,1.5,2015-04-29,0644,Aqua,MODIS,69,6.2,286.8,53.3,D,0
21.6133,92.5355,315.4,2.4,1.5,2015-04-29,0644,Aqua,MODIS,38,6.2,288.1,35,D,0
21.6001,92.538,322.5,2.4,1.5,2015-04-29,0644,Aqua,MODIS,66,6.2,287.9,56.8,D,0
21.5871,92.5411,330.3,2.4,1.5,2015-04-29,0644,Aqua,MODIS,77,6.2,288,84,D,0
21.5914,92.5638,331.8,2.3,1.5,2015-04-29,0644,Aqua,MODIS,83,6.2,289.1,90.2,D,0
21.5042,92.5234,332,2.4,1.5,2015-04-29,0644,Aqua,MODIS,83,6.2,287.7,96.8,D,0
21.6045,92.561,327.2,2.3,1.5,2015-04-29,0644,Aqua,MODIS,79,6.2,289.1,73.7,D,0
21.3717,92.5853,327.4,2.4,1.5,2015-04-29,0644,Aqua,MODIS,59,6.2,286.5,80.1,D,0
22.0039,92.3335,314.8,1.4,1.2,2015-04-30,0418,Terra,MODIS,56,6.2,295.9,10.1,D,0
21.3277,92.052,318.3,1.4,1.2,2015-04-30,0418,Terra,MODIS,43,6.2,294.6,13.1,D,0
21.3359,92.0586,322.8,1.2,1.1,2015-04-30,0727,Aqua,MODIS,73,6.2,296.8,12.9,D,0
21.3458,92.0572,326,1.2,1.1,2015-04-30,0727,Aqua,MODIS,78,6.2,296.8,17.8,D,0
21.3696,92.4936,316.5,1.3,1.1,2015-04-30,0727,Aqua,MODIS,53,6.2,294.5,10.2,D,0
21.3148,92.0497,361.5,1.2,1.1,2015-04-30,0727,Aqua,MODIS,0,6.2,298.6,105.2,D,0
21.6124,92.1344,320.8,1,1,2015-05-02,0715,Aqua,MODIS,71,6.2,298.8,9.6,D,0
21.4365,92.5817,333.9,1,1,2015-05-02,0715,Aqua,MODIS,85,6.2,299.2,26.4,D,0
21.5455,92.5026,317,1,1,2015-05-02,0715,Aqua,MODIS,61,6.2,295.3,7.9,D,0
21.5942,92.5242,314.5,1,1,2015-05-02,0715,Aqua,MODIS,41,6.2,298.5,4.9,D,0
21.5469,92.5121,314.3,1,1,2015-05-02,0715,Aqua,MODIS,50,6.2,298.2,5.7,D,0
24.7383,91.4706,312.9,1.1,1.1,2015-05-03,0448,Terra,MODIS,21,6.2,295.3,4.7,D,0
21.855,92.0184,316.8,1.3,1.1,2015-05-03,0449,Terra,MODIS,68,6.2,298.1,10.5,D,0
21.4174,92.5775,312.1,4.7,2,2015-05-03,0757,Aqua,MODIS,53,6.2,293.2,48.1,D,0
21.4427,92.5867,321.7,1.2,1.1,2015-05-04,0702,Aqua,MODIS,70,6.2,301.4,14.6,D,0
21.5112,92.4421,333.7,1.2,1.1,2015-05-04,0702,Aqua,MODIS,84,6.2,301.2,33.3,D,0
21.1875,92.0931,316.7,1.2,1.1,2015-05-04,0702,Aqua,MODIS,60,6.2,301,8.3,D,0
24.9686,90.9165,312.6,1.3,1.1,2015-05-04,0703,Aqua,MODIS,25,6.2,298.8,5.9,D,0
23.4412,91.1859,318.6,1.3,1.1,2015-05-04,0703,Aqua,MODIS,67,6.2,299.8,10.8,D,0
21.6809,92.399,322.5,2.7,1.6,2015-05-05,0745,Aqua,MODIS,65,6.2,297.7,49.6,D,0
22.1,92.5433,318.5,2.8,1.6,2015-05-05,0745,Aqua,MODIS,56,6.2,298.4,43.7,D,0
22.0566,92.5474,316.8,2.8,1.6,2015-05-05,0745,Aqua,MODIS,43,6.2,297.8,37.1,D,0
21.348,92.1328,326.4,2,1.4,2015-05-06,0650,Aqua,MODIS,76,6.2,299.7,40.1,D,0
23.5148,92.2238,315.9,1.8,1.3,2015-05-06,0651,Aqua,MODIS,53,6.2,298.5,16.5,D,0
23.5075,92.2308,321.3,1.8,1.3,2015-05-06,0651,Aqua,MODIS,73,6.2,298.9,29.6,D,0
23.5044,92.2137,312.4,1.8,1.3,2015-05-06,0651,Aqua,MODIS,52,6.2,298.4,12,D,0
23.7885,89.6707,319.5,1,1,2015-05-09,0721,Aqua,MODIS,42,6.2,301.9,8.9,D,0
22.1834,92.502,315.5,1.1,1,2015-05-09,0721,Aqua,MODIS,39,6.2,296.6,7.7,D,0
21.3301,92.0645,325.6,1.6,1.2,2015-05-13,0656,Aqua,MODIS,77,6.2,301,24.4,D,0
21.753,91.8473,313.8,1,1,2015-05-14,0431,Terra,MODIS,38,6.2,300.7,6.5,D,3
21.5124,92.0887,321.4,2,1.4,2015-05-14,0739,Aqua,MODIS,60,6.2,299.7,23.7,D,0
22.4276,89.3094,314.2,3.9,1.8,2015-05-15,0644,Aqua,MODIS,0,6.2,292,38.5,D,0
22.4114,89.3135,314.2,3.9,1.8,2015-05-15,0644,Aqua,MODIS,0,6.2,291.8,38.7,D,0
24.0232,90.2813,313.4,1.2,1.1,2015-05-26,0455,Terra,MODIS,43,6.2,296.9,6.5,D,0
22.0578,92.1602,320,1.1,1,2015-05-28,0443,Terra,MODIS,72,6.2,298.5,9.9,D,0
25.0188,92.0237,314.2,1.2,1.1,2015-06-04,0448,Terra,MODIS,24,6.2,294.1,5.2,D,0
22.2305,91.8392,317.7,1,1,2015-06-19,0714,Aqua,MODIS,46,6.2,297.5,7.3,D,0
23.8092,90.498,319.3,1.1,1,2015-07-03,0727,Aqua,MODIS,46,6.2,297.4,8.4,D,0
22.2298,91.8438,314.3,1,1,2015-08-22,0714,Aqua,MODIS,62,6.2,293.5,5.3,D,0
21.7573,91.8404,312.6,1.2,1.1,2015-09-12,0424,Terra,MODIS,47,6.2,297.3,8.4,D,3
21.7509,91.8393,313.2,1.5,1.2,2015-09-12,0732,Aqua,MODIS,52,6.2,296.6,11.9,D,3
24.5032,90.1534,317.3,1.2,1.1,2015-09-16,0708,Aqua,MODIS,69,6.2,294.1,11.4,D,0
24.5013,90.1418,315.5,1.2,1.1,2015-09-16,0708,Aqua,MODIS,66,6.2,294.5,9.6,D,0
23.8478,90.6766,318.6,1,1,2015-09-17,0442,Terra,MODIS,13,6.2,299.1,7,D,0
23.8982,90.3943,322.8,1,1,2015-10-10,0448,Terra,MODIS,77,6.2,300.1,12,D,0
25.1755,89.5982,314.4,1.1,1,2015-10-17,0454,Terra,MODIS,50,6.2,300.5,7.7,D,0
25.1683,89.6004,309.4,1,1,2015-11-01,0721,Aqua,MODIS,0,6.2,295.8,4.8,D,0
25.1727,89.6003,314,1,1,2015-11-04,0442,Terra,MODIS,0,6.2,300.4,7.4,D,0
24.3037,90.8682,306.9,1,1,2015-11-10,0714,Aqua,MODIS,18,6.2,294.5,2.1,D,0
24.3283,91.3124,314.4,1.6,1.2,2015-11-21,0656,Aqua,MODIS,65,6.2,302.9,12.5,D,0
24.331,91.3274,315.9,1.6,1.2,2015-11-21,0656,Aqua,MODIS,68,6.2,303.5,15.1,D,0
24.253,91.2352,314.6,1.9,1.3,2015-11-22,0739,Aqua,MODIS,43,6.2,303.1,13.8,D,0
22.8555,92.0129,310,1.3,1.1,2015-11-24,0726,Aqua,MODIS,62,6.2,298.6,8.1,D,0
24.116,91.2709,321.1,1.2,1.1,2015-11-24,0726,Aqua,MODIS,76,6.2,303,14.8,D,0
24.1543,91.1658,314.9,1.2,1.1,2015-11-24,0726,Aqua,MODIS,30,6.2,301.9,7,D,0
24.1818,91.15,315.7,1.2,1.1,2015-11-24,0726,Aqua,MODIS,43,6.2,302.4,7.4,D,0
24.2279,91.2536,317.3,1.2,1.1,2015-11-24,0726,Aqua,MODIS,52,6.2,302.4,7.6,D,0
24.2419,91.287,317.8,1.2,1.1,2015-11-24,0726,Aqua,MODIS,71,6.2,303.2,8.6,D,0
24.2459,91.2391,318.9,1.2,1.1,2015-11-24,0726,Aqua,MODIS,43,6.2,302.6,9.8,D,0
23.763,90.8957,315.1,1.1,1.1,2015-11-24,0726,Aqua,MODIS,67,6.2,302.5,7.9,D,0
23.5927,89.6733,309,1.3,1.1,2015-11-25,0501,Terra,MODIS,23,6.2,296.4,4.4,D,0
23.8776,91.0643,315,1,1,2015-11-26,0714,Aqua,MODIS,54,6.2,299,7.8,D,0
23.7429,90.9042,313,1,1,2015-11-26,0714,Aqua,MODIS,39,6.2,295.5,6.6,D,0
24.1599,91.2965,312.1,1,1,2015-11-26,0714,Aqua,MODIS,18,6.2,293.6,6,D,0
24.1551,91.1375,315.6,1,1,2015-11-26,0714,Aqua,MODIS,51,6.2,299.3,6.6,D,0
24.176,91.1473,313,1,1,2015-11-26,0714,Aqua,MODIS,29,6.2,299.6,5.2,D,0
24.1746,91.1375,314,1,1,2015-11-26,0714,Aqua,MODIS,56,6.2,300,6.4,D,0
24.1935,91.2041,311.8,1,1,2015-11-26,0714,Aqua,MODIS,28,6.2,298.3,4.8,D,0
24.1878,91.1652,313.2,1,1,2015-11-26,0714,Aqua,MODIS,51,6.2,299.2,6.1,D,0
24.2644,91.2516,317.3,1,1,2015-11-26,0714,Aqua,MODIS,66,6.2,298.9,9.1,D,0
23.6768,89.6856,309.4,1,1,2015-11-27,0448,Terra,MODIS,49,6.2,298.5,4.1,D,0
24.2798,91.3086,313.7,1.3,1.1,2015-11-28,0702,Aqua,MODIS,36,6.2,295.8,8.2,D,0
24.1943,91.288,310.2,2,1.4,2015-11-30,0650,Aqua,MODIS,37,6.2,294.4,8.8,D,0
24.2693,91.2631,313.2,1.5,1.2,2015-12-01,0732,Aqua,MODIS,43,6.2,299.3,8.4,D,0
24.2742,91.3062,312,1.5,1.2,2015-12-01,0732,Aqua,MODIS,48,6.2,298.6,8.9,D,0
24.2726,91.2918,313.1,1.5,1.2,2015-12-01,0732,Aqua,MODIS,31,6.2,299,9.1,D,0
24.1878,91.3165,310.3,1,1,2015-12-03,0720,Aqua,MODIS,30,6.2,296,4.5,D,0
24.18,91.3245,316.5,1,1,2015-12-03,0720,Aqua,MODIS,40,6.2,296.5,8.2,D,0
23.9372,89.4596,313.6,1.3,1.1,2015-12-05,0708,Aqua,MODIS,66,6.2,298.9,9.2,D,0
24.1325,91.2411,313.2,1.1,1,2015-12-05,0708,Aqua,MODIS,26,6.2,300.6,5.9,D,0
24.1569,91.2149,315.5,1.1,1,2015-12-05,0708,Aqua,MODIS,35,6.2,300.7,8.1,D,0
24.1783,91.1828,312.8,1.1,1,2015-12-05,0708,Aqua,MODIS,30,6.2,301.4,5.5,D,0
24.2595,91.3392,313.1,1.1,1,2015-12-05,0708,Aqua,MODIS,44,6.2,300.3,5.9,D,0
22.807,92.0451,314.6,1,1,2015-12-05,0708,Aqua,MODIS,72,6.2,299,10,D,0
24.676,92.145,308.9,1,1,2015-12-12,0714,Aqua,MODIS,62,6.2,295.7,5,D,0
24.4688,89.3023,308.8,1.8,1.3,2015-12-15,0745,Aqua,MODIS,56,6.2,295.9,10.2,D,0
24.4759,89.3715,308.7,1.8,1.3,2015-12-15,0745,Aqua,MODIS,61,6.2,295,10.6,D,0
24.4619,89.3003,308,2.7,1.6,2015-12-16,0650,Aqua,MODIS,53,6.2,296.7,20.5,D,0
24.5367,91.3184,310.9,2,1.4,2015-12-16,0650,Aqua,MODIS,63,6.2,297.6,16.4,D,0
22.3471,91.9146,306.9,1.5,1.2,2015-12-17,0732,Aqua,MODIS,60,6.2,296.3,8.3,D,0
24.4371,89.3983,310.6,1.2,1.1,2015-12-17,0733,Aqua,MODIS,54,6.2,297.4,6.8,D,0
24.5819,89.0913,308.7,1.1,1.1,2015-12-17,0733,Aqua,MODIS,52,6.2,298.5,5.2,D,0
24.5805,89.0803,309.7,1.1,1.1,2015-12-17,0733,Aqua,MODIS,60,6.2,298.6,6.3,D,0
24.5143,89.2769,314,1.1,1.1,2015-12-17,0733,Aqua,MODIS,69,6.2,298.6,9,D,0
24.4725,89.3699,313.4,1.2,1.1,2015-12-17,0733,Aqua,MODIS,69,6.2,297.9,9.1,D,0
24.56,88.9944,308.4,1.1,1.1,2015-12-17,0733,Aqua,MODIS,56,6.2,296.8,6,D,0
24.215,90.0523,306.4,1,1,2015-12-19,0720,Aqua,MODIS,56,6.2,295.6,4.8,D,0
24.4596,89.3318,316.4,1,1,2015-12-19,0720,Aqua,MODIS,71,6.2,297.7,9.1,D,0
24.6052,89.1926,308.1,1,1,2015-12-19,0720,Aqua,MODIS,45,6.2,296.1,4.5,D,0
24.1548,91.2821,308,1,1,2015-12-19,0720,Aqua,MODIS,61,6.2,296.5,4.3,D,0
24.2058,91.3189,308.8,1,1,2015-12-19,0720,Aqua,MODIS,59,6.2,298.1,5.2,D,0
24.5173,91.3129,310.3,1,1,2015-12-19,0720,Aqua,MODIS,58,6.2,296.7,5.6,D,0
24.4207,89.379,307.7,1,1,2015-12-19,0720,Aqua,MODIS,22,6.2,296.6,4.3,D,0
24.4268,89.3578,312,1,1,2015-12-19,0720,Aqua,MODIS,54,6.2,296.7,6.8,D,0
24.4834,89.3613,310.5,1,1,2015-12-19,0720,Aqua,MODIS,63,6.2,297.2,6.4,D,0
24.4851,89.3107,310.8,1,1,2015-12-19,0720,Aqua,MODIS,34,6.2,296.8,5,D,0
24.4674,89.2534,310.5,1,1,2015-12-19,0720,Aqua,MODIS,64,6.2,297.4,6.8,D,0
24.4553,89.3024,312.2,1,1,2015-12-19,0720,Aqua,MODIS,52,6.2,297.7,6.1,D,0
24.4253,89.348,312.3,1,1,2015-12-19,0720,Aqua,MODIS,50,6.2,297.6,7.4,D,0
24.9909,88.6212,307.1,1,1,2015-12-19,0721,Aqua,MODIS,55,6.2,296.5,4.4,D,0
24.5024,91.4091,308.5,1.1,1,2015-12-21,0708,Aqua,MODIS,50,6.2,297.3,5.3,D,0
22.7888,92.3402,300.5,1,1,2015-12-21,0708,Aqua,MODIS,29,6.2,290.4,2.5,D,0
24.1312,89.4217,306.8,1.3,1.1,2015-12-21,0708,Aqua,MODIS,56,6.2,295.2,6.2,D,0
25.1122,90.2264,309.1,2.7,1.6,2015-12-22,0751,Aqua,MODIS,64,6.2,297,21.2,D,0
22.8098,91.6746,305.8,1.9,1.3,2015-12-24,0738,Aqua,MODIS,58,6.2,293.8,10.3,D,0
23.1993,90.9377,306.6,1.7,1.3,2015-12-24,0738,Aqua,MODIS,60,6.2,293.6,9.7,D,0
24.1296,89.0466,307.9,1,1,2015-12-26,0726,Aqua,MODIS,50,6.2,296.5,5.1,D,0
24.1263,89.4274,306.8,1,1,2015-12-26,0726,Aqua,MODIS,54,6.2,296.6,4.1,D,0
23.2045,91.0017,307.3,1.1,1.1,2015-12-26,0726,Aqua,MODIS,60,6.2,296.7,5.9,D,0
24.5063,91.3987,311.6,1.2,1.1,2015-12-26,0726,Aqua,MODIS,49,6.2,298.8,7.8,D,0
24.6502,89.0903,306.9,1,1,2015-12-26,0727,Aqua,MODIS,50,6.2,295.9,3.9,D,0
24.6287,89.1345,308.8,1,1,2015-12-26,0727,Aqua,MODIS,41,6.2,296.7,4.3,D,0
23.1893,90.9105,309.8,1,1,2015-12-28,0714,Aqua,MODIS,65,6.2,296.5,6.5,D,0
23.1878,90.9007,309.5,1,1,2015-12-28,0714,Aqua,MODIS,65,6.2,296.8,6.4,D,0
24.5772,89.4283,308.2,1.1,1,2015-12-28,0714,Aqua,MODIS,61,6.2,293.7,5,D,0
23.1592,90.956,308.6,1,1,2015-12-28,0714,Aqua,MODIS,63,6.2,295.6,5.9,D,0
24.5043,91.3934,311.7,1,1,2015-12-28,0714,Aqua,MODIS,66,6.2,299.5,6.1,D,0
23.1176,89.9454,306.4,1.9,1.3,2015-12-31,0745,Aqua,MODIS,58,6.2,296.1,10.2,D,0
23.1132,89.9512,306.3,1.9,1.3,2015-12-31,0745,Aqua,MODIS,58,6.2,295.9,9.7,D,0
