latitude,longitude,brightness,scan,track,acq_date,acq_time,satellite,instrument,confidence,version,bright_t31,frp,daynight,type
24.3429,88.6191,308.1,1,1,2009-01-01,0454,Terra,MODIS,0,6.2,297.6,5.7,D,0
24.5322,91.8078,312.9,1,1,2009-01-02,0712,Aqua,MODIS,68,6.2,300.5,7.7,D,0
24.981,92.2812,313.9,1,1,2009-01-02,0712,Aqua,MODIS,72,6.2,300.6,8.3,D,0
23.1735,90.9828,307.6,1.8,1.3,2009-01-05,0742,Aqua,MODIS,61,6.2,295.8,10.8,D,0
23.1026,89.9406,305.1,1.5,1.2,2009-01-05,0742,Aqua,MODIS,48,6.2,293.5,6.9,D,0
24.5891,91.5627,308.2,2.4,1.5,2009-01-06,0647,Aqua,MODIS,65,6.2,296.4,18.2,D,0
24.5846,91.5591,307,2.4,1.5,2009-01-06,0647,Aqua,MODIS,63,6.2,296,15.7,D,0
24.9631,92.2675,309.7,1.4,1.2,2009-01-07,0730,Aqua,MODIS,65,6.2,298.5,8.5,D,0
24.5933,91.5568,309.9,1.3,1.1,2009-01-07,0730,Aqua,MODIS,62,6.2,298.2,7.6,D,0
23.195,90.9361,310.4,1,1,2009-01-09,0718,Aqua,MODIS,61,6.2,296.9,5.7,D,0
24.4051,91.7182,312.6,1,1,2009-01-09,0718,Aqua,MODIS,66,6.2,298,6.5,D,0
24.6484,88.9929,310,1.1,1.1,2009-01-09,0718,Aqua,MODIS,57,6.2,295.8,6.2,D,0
24.4037,91.7085,311.1,1,1,2009-01-09,0718,Aqua,MODIS,63,6.2,298.1,5.5,D,0
24.796,92.0454,308.9,1.1,1.1,2009-01-11,0706,Aqua,MODIS,57,6.2,296.5,6.1,D,0
24.0701,89.1271,306.1,1.2,1.1,2009-01-12,0436,Terra,MODIS,54,6.2,294.6,6.3,D,0
24.0932,88.8756,307.1,1.6,1.3,2009-01-12,0749,Aqua,MODIS,19,6.2,295.6,7.4,D,0
22.7034,92.3742,307.4,1.8,1.3,2009-01-13,0653,Aqua,MODIS,58,6.2,296.6,11.8,D,0
24.1433,89.1401,307.4,1.5,1.2,2009-01-15,0507,Terra,MODIS,58,6.2,294.3,10.1,D,0
24.0025,89.073,308.6,1,1,2009-01-16,0724,Aqua,MODIS,45,6.2,296.9,4.2,D,0
24.2256,90.0345,309.9,1,1,2009-01-16,0724,Aqua,MODIS,57,6.2,299.1,4.6,D,0
22.1189,91.944,311.7,1.1,1,2009-01-18,0711,Aqua,MODIS,65,6.2,299.6,6.4,D,0
24.9701,92.3189,317.3,1,1,2009-01-18,0712,Aqua,MODIS,73,6.2,301.4,9.2,D,0
25.1144,91.9869,326.6,1,1,2009-01-18,0712,Aqua,MODIS,82,6.2,301.2,18.6,D,0
24.9687,92.309,324.8,1,1,2009-01-18,0712,Aqua,MODIS,81,6.2,301.7,16.7,D,0
25.113,91.977,314.6,1,1,2009-01-18,0712,Aqua,MODIS,69,6.2,300.9,6.5,D,0
24.9406,92.25,312.8,1,1,2009-01-18,0712,Aqua,MODIS,65,6.2,300.3,5.8,D,0
24.282,91.3099,313.7,1.1,1,2009-01-18,0712,Aqua,MODIS,65,6.2,301.9,6,D,0
24.5735,91.6411,313.9,1,1,2009-01-18,0712,Aqua,MODIS,65,6.2,301.3,6.3,D,0
22.2035,91.8294,300,1.9,1.4,2009-01-18,1921,Aqua,MODIS,10,6.2,289.1,13.9,N,0
24.1271,88.9705,306.3,2.2,1.4,2009-01-19,0755,Aqua,MODIS,0,6.2,293.7,9.6,D,0
24.0931,88.8829,305.4,1.6,1.2,2009-01-21,0430,Terra,MODIS,0,6.2,294.9,8.7,D,0
22.0119,92.4431,308.1,1.3,1.1,2009-01-23,0730,Aqua,MODIS,53,6.2,297.8,6.3,D,0
22.2846,92.2554,309.4,1,1,2009-01-25,0718,Aqua,MODIS,59,6.2,298.5,5.1,D,0
23.2304,90.0515,308.8,1.1,1,2009-01-25,0718,Aqua,MODIS,55,6.2,298.1,5.1,D,0
24.2116,91.3819,318.1,1.9,1.4,2009-01-29,0654,Aqua,MODIS,75,6.2,301.5,29.3,D,0
24.2039,91.3766,313.5,1.9,1.4,2009-01-29,0654,Aqua,MODIS,68,6.2,300.7,19.5,D,0
24.2075,91.3952,312.8,1.9,1.4,2009-01-29,0654,Aqua,MODIS,67,6.2,300.5,18.3,D,0
22.525,92.1314,312.6,1.6,1.2,2009-01-30,0736,Aqua,MODIS,61,6.2,300.3,13,D,0
24.557,91.6388,320.6,1.6,1.2,2009-01-30,0737,Aqua,MODIS,76,6.2,300.9,24.7,D,0
22.9304,91.672,311.2,1.1,1,2009-02-01,0724,Aqua,MODIS,59,6.2,301,4.9,D,0
22.8683,91.5577,312.6,1,1,2009-02-01,0724,Aqua,MODIS,63,6.2,300.9,6.3,D,0
24.443,91.7801,321.7,1.1,1,2009-02-01,0725,Aqua,MODIS,77,6.2,300.8,16.5,D,0
25.1611,91.7268,321.6,1.1,1,2009-02-01,0725,Aqua,MODIS,79,6.2,298,16.7,D,0
23.8794,88.7133,309.6,1,1,2009-02-01,0725,Aqua,MODIS,43,6.2,299.5,5.4,D,0
24.2145,91.3842,327,1.1,1,2009-02-01,0725,Aqua,MODIS,82,6.2,304.3,20.9,D,0
24.2159,91.3945,330.1,1.1,1,2009-02-01,0725,Aqua,MODIS,84,6.2,302.4,25.3,D,0
21.7922,92.1407,311.8,1,1,2009-02-03,0712,Aqua,MODIS,64,6.2,301,5.9,D,0
24.9029,92.4689,312.2,1,1,2009-02-03,0712,Aqua,MODIS,66,6.2,301.3,5,D,0
24.3781,91.6073,310.1,1,1,2009-02-03,0712,Aqua,MODIS,54,6.2,299.7,4.5,D,0
25.1134,91.93,315.4,1.3,1.2,2009-02-05,0700,Aqua,MODIS,71,6.2,301,10.7,D,0
23.169,89.5613,316.1,1.4,1.2,2009-02-06,0743,Aqua,MODIS,67,6.2,301,15,D,0
22.4044,92.1587,318.6,2.1,1.4,2009-02-06,0743,Aqua,MODIS,70,6.2,301.6,29.5,D,0
22.4045,92.1532,321.9,2.1,1.4,2009-02-06,0743,Aqua,MODIS,75,6.2,301.8,39.2,D,0
22.4065,92.3901,313.7,1.3,1.1,2009-02-08,0730,Aqua,MODIS,56,6.2,302.3,7.8,D,0
23.5244,89.65,310.2,1.3,1.1,2009-02-09,0501,Terra,MODIS,61,6.2,297.9,8.9,D,0
23.1616,89.569,313.2,1.1,1,2009-02-10,0718,Aqua,MODIS,61,6.2,302.6,6.9,D,0
24.1738,91.3911,314.7,1,1,2009-02-10,0719,Aqua,MODIS,49,6.2,303.7,5.6,D,0
22.6383,91.6623,309.2,1.2,1.1,2009-02-12,0706,Aqua,MODIS,56,6.2,297.7,6.4,D,0
23.1378,89.5846,318.9,1.2,1.1,2009-02-15,0737,Aqua,MODIS,66,6.2,304.9,11.5,D,0
23.1296,89.5972,323.5,1.2,1.1,2009-02-15,0737,Aqua,MODIS,75,6.2,303.2,16.8,D,0
23.1282,89.586,330.6,1.2,1.1,2009-02-15,0737,Aqua,MODIS,83,6.2,304.2,27.1,D,0
23.1392,89.5958,318.6,1.2,1.1,2009-02-15,0737,Aqua,MODIS,67,6.2,303.9,11.3,D,0
22.8086,91.6035,326.8,1,1,2009-02-17,0724,Aqua,MODIS,78,6.2,304,19.3,D,0
22.5768,92.1252,318,1.1,1,2009-02-17,0724,Aqua,MODIS,67,6.2,306.6,8.3,D,0
22.8072,91.5934,320.7,1,1,2009-02-17,0724,Aqua,MODIS,70,6.2,304.9,12,D,0
21.7008,92.1064,320.3,1.1,1,2009-02-17,0724,Aqua,MODIS,71,6.2,307.3,9.6,D,0
23.1566,89.5649,318.8,1,1,2009-02-17,0725,Aqua,MODIS,70,6.2,306.1,10.1,D,0
23.1401,89.5842,318.8,1,1,2009-02-17,0725,Aqua,MODIS,55,6.2,304.5,8.6,D,0
24.229,91.7056,317.1,1.1,1,2009-02-17,0725,Aqua,MODIS,66,6.2,306.7,6.3,D,0
23.1119,89.5792,318.7,1,1,2009-02-17,0725,Aqua,MODIS,67,6.2,305.3,9.3,D,0
25.4708,89.6609,315.9,1.1,1,2009-02-18,0454,Terra,MODIS,0,6.2,305.2,10.5,D,0
22.0334,91.9966,317,1.1,1,2009-02-19,0712,Aqua,MODIS,63,6.2,303.7,8.8,D,0
23.1239,89.5863,319.5,1.3,1.1,2009-02-19,0712,Aqua,MODIS,71,6.2,303.2,15.7,D,0
21.3011,92.6378,316.8,1,1,2009-02-19,0712,Aqua,MODIS,65,6.2,305.1,7.3,D,0
24.1719,91.3091,317.5,1,1,2009-02-20,0442,Terra,MODIS,71,6.2,304.9,9.3,D,0
24.1366,89.0016,313.6,3.2,1.7,2009-02-21,0525,Terra,MODIS,0,6.2,303.3,37.4,D,0
25.7725,89.4657,308.5,3.1,1.7,2009-02-21,0525,Terra,MODIS,20,6.2,297.6,26.9,D,0
24.3302,91.6254,315.7,1.5,1.2,2009-02-21,0700,Aqua,MODIS,66,6.2,302.9,11.3,D,0
24.3196,91.6276,314.9,1.5,1.2,2009-02-21,0700,Aqua,MODIS,50,6.2,303.8,9.8,D,0
25.0537,91.8357,312.3,1.4,1.2,2009-02-21,0701,Aqua,MODIS,36,6.2,301.7,5.9,D,0
24.7648,92.1248,316.8,1.3,1.1,2009-02-21,0701,Aqua,MODIS,69,6.2,302.9,12.3,D,0
25.0017,92.1832,316.8,1.3,1.1,2009-02-21,0701,Aqua,MODIS,67,6.2,303.3,10.3,D,0
24.144,91.4753,325.5,2,1.4,2009-02-22,0743,Aqua,MODIS,79,6.2,305.1,40.6,D,0
24.1421,91.456,342.7,2,1.4,2009-02-22,0743,Aqua,MODIS,92,6.2,304.6,106.1,D,0
21.4588,92.3421,312,1.3,1.1,2009-02-24,0730,Aqua,MODIS,39,6.2,299.4,6.6,D,0
22.9465,91.7822,317.3,1.2,1.1,2009-02-24,0731,Aqua,MODIS,68,6.2,299.7,10.4,D,0
22.3457,92.3562,355.7,1.3,1.1,2009-02-24,0731,Aqua,MODIS,98,6.2,303.8,100.5,D,0
22.3473,92.3692,317.2,1.3,1.1,2009-02-24,0731,Aqua,MODIS,65,6.2,301.6,10.2,D,0
22.9766,89.5365,315.2,1,1,2009-02-24,0731,Aqua,MODIS,60,6.2,301.5,6.8,D,0
22.9443,91.7771,314.7,1.2,1.1,2009-02-24,0731,Aqua,MODIS,61,6.2,299.9,7.5,D,0
22.7552,91.9192,313.7,1,1,2009-02-26,0719,Aqua,MODIS,55,6.2,296,6.5,D,0
24.5076,91.9443,319.1,1,1,2009-02-26,0719,Aqua,MODIS,69,6.2,304.8,7.3,D,0
24.5063,91.9344,327.6,1,1,2009-02-26,0719,Aqua,MODIS,80,6.2,304.8,16.4,D,0
23.0587,89.947,320,1.1,1,2009-02-26,0719,Aqua,MODIS,58,6.2,306.4,9,D,0
23.1262,89.6051,319.8,1.1,1,2009-02-26,0719,Aqua,MODIS,58,6.2,306.3,8.5,D,0
23.0878,89.5862,339.7,1.1,1,2009-02-26,0719,Aqua,MODIS,89,6.2,308.8,38.7,D,0
24.094,91.4558,328.6,1.1,1.1,2009-02-27,0448,Terra,MODIS,82,6.2,299.7,24.2,D,0
24.2212,91.6005,317.5,1.1,1.1,2009-02-27,0448,Terra,MODIS,70,6.2,297.2,10.8,D,0
24.2463,91.2679,319.6,1.1,1,2009-02-27,0448,Terra,MODIS,73,6.2,301.7,11.3,D,0
24.0958,91.4449,341.7,1.1,1.1,2009-02-27,0448,Terra,MODIS,91,6.2,302.1,46.8,D,0
24.223,91.5895,323.9,1.1,1.1,2009-02-27,0448,Terra,MODIS,78,6.2,300.3,18.2,D,0
21.2968,92.6078,318,1.2,1.1,2009-02-28,0706,Aqua,MODIS,67,6.2,299.3,12.3,D,0
21.2991,92.6021,318.8,1.2,1.1,2009-02-28,0706,Aqua,MODIS,70,6.2,299,14.3,D,0
21.3009,92.6129,312.8,1.2,1.1,2009-02-28,0706,Aqua,MODIS,54,6.2,299.2,7.6,D,0
23.7729,90.851,316.8,1.3,1.1,2009-02-28,0707,Aqua,MODIS,65,6.2,304.9,12.3,D,0
24.1544,90.3885,314.4,1.1,1,2009-03-01,0436,Terra,MODIS,64,6.2,301.4,6.3,D,0
24.1643,91.4368,319.5,1,1,2009-03-01,0436,Terra,MODIS,71,6.2,300.7,9.3,D,0
21.3053,92.6189,310.7,1,1,2009-03-01,0437,Terra,MODIS,53,6.2,298,6,D,0
22.9929,92.3243,311.1,1,1,2009-03-01,0437,Terra,MODIS,57,6.2,297.5,4.9,D,0
21.3068,92.6091,317.9,1,1,2009-03-01,0437,Terra,MODIS,71,6.2,298.8,12.4,D,0
24.1474,91.4199,317,2.5,1.5,2009-03-01,0750,Aqua,MODIS,63,6.2,300.4,23.9,D,0
24.1532,91.4142,319,2.5,1.5,2009-03-01,0750,Aqua,MODIS,71,6.2,301.4,33.1,D,0
24.1955,91.6845,311.9,3.8,1.8,2009-03-02,0519,Terra,MODIS,64,6.2,300,38.8,D,0
21.2021,92.0815,315.1,2,1.4,2009-03-02,0654,Aqua,MODIS,56,6.2,302.9,16.7,D,0
21.272,92.6086,318.4,1.8,1.3,2009-03-02,0654,Aqua,MODIS,65,6.2,303.9,23.9,D,0
22.9995,92.3045,312.5,1.8,1.3,2009-03-02,0654,Aqua,MODIS,49,6.2,301.8,9.7,D,0
22.0684,92.2045,317.1,1.9,1.3,2009-03-02,0654,Aqua,MODIS,65,6.2,304.2,15.8,D,0
21.2751,92.6257,315.7,1.8,1.3,2009-03-02,0654,Aqua,MODIS,56,6.2,302.8,17.8,D,0
21.2081,92.0949,326.9,2,1.4,2009-03-02,0654,Aqua,MODIS,80,6.2,304.1,47.9,D,0
21.2055,92.1002,323.4,2,1.4,2009-03-02,0654,Aqua,MODIS,75,6.2,304.7,37.8,D,0
22.0739,92.1962,319.7,1.9,1.3,2009-03-02,0654,Aqua,MODIS,71,6.2,305.2,23.2,D,0
22.4885,91.7344,313.6,2,1.4,2009-03-02,0654,Aqua,MODIS,44,6.2,303.6,12.9,D,0
21.3045,92.6143,316.1,1.8,1.3,2009-03-02,0654,Aqua,MODIS,59,6.2,304.2,19.5,D,0
24.1501,91.268,319.3,2,1.4,2009-03-02,0655,Aqua,MODIS,70,6.2,303.4,22.2,D,0
21.2804,92.6226,304.7,1.1,1,2009-03-02,1615,Terra,MODIS,61,6.2,289.1,7.3,N,0
22.6561,91.8935,314.7,1.2,1.1,2009-03-03,0424,Terra,MODIS,64,6.2,301.3,7,D,0
23.0111,92.307,317.7,1.2,1.1,2009-03-03,0424,Terra,MODIS,71,6.2,300.4,11.9,D,0
22.8111,91.8806,315.4,1.2,1.1,2009-03-03,0424,Terra,MODIS,67,6.2,301.5,8.6,D,0
22.8096,91.8925,313.8,1.2,1.1,2009-03-03,0424,Terra,MODIS,63,6.2,301,6.7,D,0
21.2785,92.6221,312.8,1.1,1,2009-03-03,0425,Terra,MODIS,37,6.2,299,6.7,D,0
23.0075,92.3064,315.3,1.7,1.3,2009-03-03,0737,Aqua,MODIS,60,6.2,301.8,11.6,D,0
23.605,92.2475,311.8,1.7,1.3,2009-03-03,0737,Aqua,MODIS,53,6.2,298.2,10,D,0
22.9407,91.5279,313.7,1.5,1.2,2009-03-03,0737,Aqua,MODIS,54,6.2,299.9,8.8,D,0
21.2635,92.609,323.6,1.7,1.3,2009-03-03,0737,Aqua,MODIS,70,6.2,302.1,28.4,D,0
22.975,92.3264,314.8,1.7,1.3,2009-03-03,0737,Aqua,MODIS,58,6.2,301.6,10.3,D,0
24.2363,91.2564,319.9,1.5,1.2,2009-03-03,0737,Aqua,MODIS,57,6.2,304.3,14.6,D,0
21.2758,92.6168,316.3,1.7,1.3,2009-03-03,0737,Aqua,MODIS,31,6.2,301.8,14.3,D,0
22.4494,92.4153,315.3,1.7,1.3,2009-03-03,0737,Aqua,MODIS,51,6.2,301.3,10.4,D,0
23.058,89.5887,315.4,1.2,1.1,2009-03-03,0737,Aqua,MODIS,50,6.2,301.8,7.6,D,0
23.0275,89.5029,320.7,1.1,1.1,2009-03-03,0737,Aqua,MODIS,70,6.2,304,14.2,D,0
23.2012,89.7556,316.2,1.2,1.1,2009-03-03,0737,Aqua,MODIS,48,6.2,303.5,8.2,D,0
23.4117,92.245,313.2,1.7,1.3,2009-03-03,0737,Aqua,MODIS,58,6.2,297.6,12.3,D,0
23.1314,89.7674,317.2,1.8,1.3,2009-03-04,0507,Terra,MODIS,47,6.2,301.9,19.5,D,0
24.0586,89.771,317.2,1.7,1.3,2009-03-04,0507,Terra,MODIS,0,6.2,306.5,20.5,D,0
23.1353,89.7625,314.5,1.8,1.3,2009-03-04,0507,Terra,MODIS,51,6.2,302.5,14.9,D,0
23.494,92.2474,325.4,2.9,1.6,2009-03-04,0642,Aqua,MODIS,64,6.2,287.1,88.4,D,0
23.4922,92.2552,341.9,2.9,1.6,2009-03-04,0642,Aqua,MODIS,0,6.2,286.6,204.4,D,0
21.4877,92.2201,318.5,1.1,1,2009-03-05,0724,Aqua,MODIS,53,6.2,298.8,8.7,D,0
22.9039,92.1503,315.8,1.1,1,2009-03-05,0725,Aqua,MODIS,55,6.2,298.3,7.5,D,0
23.8084,90.893,316.6,1,1,2009-03-05,0725,Aqua,MODIS,54,6.2,303.9,5.6,D,0
22.9259,91.636,316.6,1,1,2009-03-05,0725,Aqua,MODIS,59,6.2,303.3,5.7,D,0
23.7633,90.9004,320.1,1,1,2009-03-05,0725,Aqua,MODIS,66,6.2,305.3,10.3,D,0
23.0462,89.5568,315.1,1,1,2009-03-05,0725,Aqua,MODIS,34,6.2,304,4.9,D,0
22.7294,92.3627,318.6,1.1,1,2009-03-05,0725,Aqua,MODIS,57,6.2,303.8,9,D,0
22.7219,92.2338,314.8,1.1,1,2009-03-05,0725,Aqua,MODIS,45,6.2,302.3,6.4,D,0
23.0927,89.9357,325,1,1,2009-03-05,0725,Aqua,MODIS,75,6.2,304.1,13.8,D,0
25.1585,91.7228,316,1.1,1,2009-03-05,0725,Aqua,MODIS,66,6.2,300.6,8,D,0
24.5133,91.9269,313.4,1.4,1.2,2009-03-06,0454,Terra,MODIS,31,6.2,296.2,10.5,D,0
26.1993,89.0284,312.4,1,1,2009-03-06,0454,Terra,MODIS,42,6.2,298.7,6.3,D,0
24.5332,91.9081,321.7,1.4,1.2,2009-03-06,0454,Terra,MODIS,77,6.2,298.9,22.3,D,0
25.4713,89.6574,317.2,1.1,1,2009-03-06,0454,Terra,MODIS,0,6.2,306.5,11.1,D,0
24.176,91.3065,318.1,1.3,1.1,2009-03-06,0455,Terra,MODIS,65,6.2,303.3,11.5,D,0
24.1349,91.2518,315.9,1.3,1.1,2009-03-06,0455,Terra,MODIS,47,6.2,302.9,9.1,D,0
21.6755,92.372,304,1.5,1.2,2009-03-06,1550,Terra,MODIS,58,6.2,293.6,9.5,N,0
21.5439,92.1824,343.2,1,1,2009-03-07,0712,Aqua,MODIS,91,6.2,305.7,42.2,D,0
21.8582,92.4233,319.5,1,1,2009-03-07,0712,Aqua,MODIS,67,6.2,303.6,8.4,D,0
21.35,92.5996,313.1,1,1,2009-03-07,0712,Aqua,MODIS,44,6.2,302.4,5.4,D,0
22.2504,92.085,313,1,1,2009-03-07,0712,Aqua,MODIS,31,6.2,300.6,4.3,D,0
22.0527,92.1836,318.5,1,1,2009-03-07,0712,Aqua,MODIS,65,6.2,305.1,6.2,D,0
23.3975,90.2326,325.3,1.2,1.1,2009-03-07,0713,Aqua,MODIS,74,6.2,311.8,13.4,D,0
24.1637,91.6851,335,1,1,2009-03-07,0713,Aqua,MODIS,85,6.2,308.1,26.4,D,0
24.2246,91.6057,323.5,1,1,2009-03-07,0713,Aqua,MODIS,73,6.2,308.7,11.3,D,0
24.1337,91.2485,322.3,1.1,1,2009-03-07,0713,Aqua,MODIS,48,6.2,307.7,9.9,D,0
24.1526,91.309,323.6,1.1,1,2009-03-07,0713,Aqua,MODIS,65,6.2,308.5,11.6,D,0
24.1935,91.285,325.9,1.1,1,2009-03-07,0713,Aqua,MODIS,70,6.2,308.8,11.9,D,0
23.5055,92.273,387.1,1,1,2009-03-07,0713,Aqua,MODIS,100,6.2,306.7,182,D,0
23.0923,89.9446,315,1.3,1.1,2009-03-07,0713,Aqua,MODIS,31,6.2,304.9,6.1,D,0
23.0798,89.7445,320.4,1.3,1.1,2009-03-07,0713,Aqua,MODIS,61,6.2,309.3,10.7,D,0
23.2732,89.7959,320.9,1.3,1.1,2009-03-07,0713,Aqua,MODIS,67,6.2,309.5,10.2,D,0
23.0729,89.5834,322.8,1.3,1.1,2009-03-07,0713,Aqua,MODIS,55,6.2,308.2,16.1,D,0
23.7402,90.6379,317.3,1.1,1.1,2009-03-07,0713,Aqua,MODIS,57,6.2,304.4,8.8,D,0
23.7761,90.9223,320.4,1.1,1.1,2009-03-07,0713,Aqua,MODIS,49,6.2,307.1,8.5,D,0
24.2337,91.2757,324.2,1,1,2009-03-08,0442,Terra,MODIS,77,6.2,306.4,12.5,D,0
23.232,90.1365,319.3,1,1,2009-03-08,0443,Terra,MODIS,58,6.2,306.2,8,D,0
23.2542,89.7925,317.1,1,1,2009-03-08,0443,Terra,MODIS,56,6.2,304.6,6.4,D,0
22.7025,91.8634,323.6,1.1,1,2009-03-08,0443,Terra,MODIS,76,6.2,304.1,13.8,D,0
21.5344,92.1961,329.1,1.5,1.2,2009-03-09,0700,Aqua,MODIS,80,6.2,307.3,32.3,D,0
22.3436,92.346,319.7,1.4,1.2,2009-03-09,0700,Aqua,MODIS,66,6.2,308.4,12,D,0
22.3906,92.1448,320.7,1.5,1.2,2009-03-09,0700,Aqua,MODIS,69,6.2,309.6,12.9,D,0
22.8103,91.6197,315.3,1.6,1.2,2009-03-09,0700,Aqua,MODIS,57,6.2,304,9.8,D,0
22.0713,92.1542,319.8,1.5,1.2,2009-03-09,0700,Aqua,MODIS,67,6.2,308.9,11.6,D,0
22.0688,92.14,320.3,1.5,1.2,2009-03-09,0700,Aqua,MODIS,68,6.2,309.3,12.7,D,0
22.2014,92.5626,320.8,1.4,1.2,2009-03-09,0700,Aqua,MODIS,68,6.2,305.2,16,D,0
22.1938,92.5554,317.5,1.4,1.2,2009-03-09,0700,Aqua,MODIS,59,6.2,305.5,11.3,D,0
22.196,92.569,315.9,1.4,1.2,2009-03-09,0700,Aqua,MODIS,44,6.2,305.1,8.8,D,0
21.5369,92.2105,352.2,1.5,1.2,2009-03-09,0700,Aqua,MODIS,96,6.2,308.1,104.2,D,0
23.5127,92.2799,336.9,1.4,1.2,2009-03-09,0701,Aqua,MODIS,87,6.2,303.4,47.7,D,0
23.5295,92.2697,324.4,1.4,1.2,2009-03-09,0701,Aqua,MODIS,76,6.2,303.7,22.3,D,0
23.5273,92.2571,334.2,1.4,1.2,2009-03-09,0701,Aqua,MODIS,85,6.2,306.7,41.6,D,0
23.5208,92.2648,345.3,1.4,1.2,2009-03-09,0701,Aqua,MODIS,93,6.2,306.1,70.3,D,0
23.5311,92.2625,327,1.4,1.2,2009-03-09,0701,Aqua,MODIS,69,6.2,305.1,25.3,D,0
23.5105,92.2668,339.4,1.4,1.2,2009-03-09,0701,Aqua,MODIS,89,6.2,304.7,54,D,0
21.2598,92.5854,306.1,1.3,1.1,2009-03-09,1621,Terra,MODIS,67,6.2,295.9,9.1,N,0
22.1944,92.5637,314.5,1,1,2009-03-10,0431,Terra,MODIS,58,6.2,302.4,5.9,D,0
22.3678,92.4269,303.6,3.9,1.8,2009-03-10,1526,Terra,MODIS,56,6.2,288.4,40.6,N,0
22.3818,92.4558,301.3,3.9,1.8,2009-03-10,1526,Terra,MODIS,20,6.2,288.4,28.6,N,0
22.2775,92.4369,305,1.1,1.1,2009-03-10,1952,Aqua,MODIS,29,6.2,288.1,7.3,N,0
22.2793,92.4254,320.9,1.1,1.1,2009-03-10,1952,Aqua,MODIS,100,6.2,291.6,22.4,N,0
24.1514,91.412,314.6,2.8,1.6,2009-03-11,0513,Terra,MODIS,69,6.2,298.2,28,D,0
23.2389,92.0187,314.4,2.4,1.5,2009-03-11,0648,Aqua,MODIS,68,6.2,292.6,22.2,D,0
23.54,92.2606,301.3,1,1,2009-03-11,1609,Terra,MODIS,30,6.2,290.1,3.8,N,0
22.1839,92.566,302.4,1,1,2009-03-11,1609,Terra,MODIS,49,6.2,291.9,4,N,0
22.2848,92.4287,307,1,1,2009-03-11,1609,Terra,MODIS,70,6.2,293,7.4,N,0
22.2923,92.4175,314.3,1,1,2009-03-11,1609,Terra,MODIS,89,6.2,293.3,12.3,N,0
22.6117,92.4654,305.1,1,1,2009-03-11,1609,Terra,MODIS,63,6.2,291.5,6,N,0
22.4127,92.2929,308,1,1,2009-03-11,1609,Terra,MODIS,73,6.2,293.8,7.5,N,0
25.064,92.3082,301.7,1,1,2009-03-11,1610,Terra,MODIS,44,6.2,290.8,4.9,N,0
24.1632,91.4188,317,1.7,1.3,2009-03-12,0418,Terra,MODIS,69,6.2,303.6,14.5,D,0
23.0268,89.4993,317.3,1,1,2009-03-12,0731,Aqua,MODIS,62,6.2,305.3,9,D,0
24.2153,91.2981,329.6,1.2,1.1,2009-03-12,0731,Aqua,MODIS,65,6.2,312.3,20.9,D,0
23.0223,92.3525,319.1,1.3,1.1,2009-03-12,0731,Aqua,MODIS,69,6.2,302.9,12.5,D,0
22.6109,92.4809,321.6,1.3,1.1,2009-03-12,0731,Aqua,MODIS,74,6.2,302.8,16.3,D,0
22.6093,92.4678,329,1.3,1.1,2009-03-12,0731,Aqua,MODIS,82,6.2,303.9,28.5,D,0
22.6084,92.4743,330.4,1.3,1.1,2009-03-12,0731,Aqua,MODIS,83,6.2,303.6,31.3,D,0
23.4054,92.0857,314.9,1.3,1.1,2009-03-12,0731,Aqua,MODIS,59,6.2,303.3,8.1,D,0
23.0207,92.3394,347.5,1.3,1.1,2009-03-12,0731,Aqua,MODIS,94,6.2,304.5,73.9,D,0
21.5752,92.1734,314.3,1.3,1.1,2009-03-12,0731,Aqua,MODIS,53,6.2,271,16.8,D,0
22.3993,92.2535,322,1.3,1.1,2009-03-12,0731,Aqua,MODIS,75,6.2,297.1,16.5,D,0
23.7196,90.9152,325.9,1.1,1.1,2009-03-12,0731,Aqua,MODIS,63,6.2,310.7,17.1,D,0
22.4009,92.2658,338.7,1.3,1.1,2009-03-12,0731,Aqua,MODIS,89,6.2,297.9,48.3,D,0
23.0763,89.5964,344,1,1,2009-03-12,0731,Aqua,MODIS,89,6.2,306.2,40.2,D,0
23.4122,90.8524,316.4,1.1,1.1,2009-03-12,0731,Aqua,MODIS,43,6.2,303.4,6.8,D,0
22.4013,92.2714,323.5,1.3,1.1,2009-03-12,0731,Aqua,MODIS,76,6.2,298.2,19.3,D,0
23.1227,89.5989,322.2,1,1,2009-03-12,0731,Aqua,MODIS,56,6.2,305.2,9.6,D,0
23.093,89.5836,330.1,1,1,2009-03-12,0731,Aqua,MODIS,64,6.2,306,18.3,D,0
22.3998,92.2591,330.8,1.3,1.1,2009-03-12,0731,Aqua,MODIS,83,6.2,298.1,31.6,D,0
23.4044,91.908,318.8,1.3,1.1,2009-03-12,0731,Aqua,MODIS,68,6.2,303.6,9.8,D,0
24.346,91.6141,318.4,1.3,1.1,2009-03-12,0731,Aqua,MODIS,64,6.2,306.1,7.4,D,0
23.4918,91.951,360.3,1.3,1.1,2009-03-12,0731,Aqua,MODIS,100,6.2,306.6,112.5,D,0
23.4932,91.9631,318.1,1.3,1.1,2009-03-12,0731,Aqua,MODIS,67,6.2,302.6,10.3,D,0
23.3888,91.948,315.4,1.3,1.1,2009-03-12,0731,Aqua,MODIS,60,6.2,303.5,6.6,D,0
23.6256,92.2228,355.5,1.3,1.1,2009-03-12,0731,Aqua,MODIS,98,6.2,303.6,102.6,D,0
23.624,92.2096,351.8,1.3,1.1,2009-03-12,0731,Aqua,MODIS,96,6.2,304.6,89.5,D,0
23.6358,92.2212,317,1.3,1.1,2009-03-12,0731,Aqua,MODIS,65,6.2,301.7,11.7,D,0
23.0173,90.2438,321,1.1,1,2009-03-12,0731,Aqua,MODIS,61,6.2,309.2,9.8,D,0
23.0287,90.3999,321.2,1.1,1,2009-03-12,0731,Aqua,MODIS,48,6.2,304.3,9.6,D,0
23.4897,92.2679,315.5,1.3,1.1,2009-03-12,0731,Aqua,MODIS,61,6.2,303.8,8.6,D,0
25.0598,92.2941,315.6,1.4,1.2,2009-03-12,0732,Aqua,MODIS,63,6.2,303.1,8.7,D,0
25.0615,92.3078,319.4,1.4,1.2,2009-03-12,0732,Aqua,MODIS,71,6.2,303,14.1,D,0
25.0554,92.3033,325.8,1.4,1.2,2009-03-12,0732,Aqua,MODIS,79,6.2,304.2,25,D,0
24.6989,90.1141,322.3,1.1,1,2009-03-12,0732,Aqua,MODIS,74,6.2,308.1,10.1,D,0
24.6911,90.1112,322.8,1.1,1,2009-03-12,0732,Aqua,MODIS,71,6.2,308.7,9.1,D,0
24.3937,92.0767,311.1,4.7,2,2009-03-12,1652,Terra,MODIS,82,6.2,288.3,109.2,N,0
24.3947,92.0814,309.7,4.7,2,2009-03-12,1652,Terra,MODIS,78,6.2,288.3,99.5,N,0
22.2593,92.4319,328.8,1,1,2009-03-12,1940,Aqua,MODIS,100,6.2,294,28.6,N,0
24.4074,92.0769,302.9,1.1,1,2009-03-12,1940,Aqua,MODIS,52,6.2,290.2,6.5,N,0
24.406,92.0871,305.6,1.1,1,2009-03-12,1940,Aqua,MODIS,65,6.2,291,8.3,N,0
24.3982,92.0753,325.2,1.1,1,2009-03-12,1940,Aqua,MODIS,100,6.2,291.1,25.8,N,0
24.3968,92.0856,324.7,1.1,1,2009-03-12,1940,Aqua,MODIS,100,6.2,292.9,25.3,N,0
23.6412,92.2299,312.8,1,1,2009-03-12,1940,Aqua,MODIS,86,6.2,290.9,12.3,N,0
23.6398,92.2403,304.8,1,1,2009-03-12,1940,Aqua,MODIS,62,6.2,291.9,6.6,N,0
22.2218,92.565,305.5,1,1,2009-03-12,1940,Aqua,MODIS,64,6.2,293.4,6.7,N,0
21.2843,92.6162,310,1,1,2009-03-12,1941,Aqua,MODIS,79,6.2,284.2,10.9,N,0
24.4015,92.0812,314.4,1.9,1.3,2009-03-13,0501,Terra,MODIS,66,6.2,297.3,17.2,D,0
23.5737,89.3593,314.8,1.3,1.1,2009-03-13,0501,Terra,MODIS,60,6.2,303.2,9.6,D,0
23.6139,92.225,312.3,3.8,1.8,2009-03-13,0636,Aqua,MODIS,60,6.2,297.3,38.6,D,0
23.4406,92.202,311.4,3.8,1.8,2009-03-13,0636,Aqua,MODIS,44,6.2,297,28.2,D,0
23.4399,92.234,314.9,3.8,1.8,2009-03-13,0636,Aqua,MODIS,66,6.2,297.2,47.5,D,0
23.4484,92.2392,322.4,3.8,1.8,2009-03-13,0636,Aqua,MODIS,77,6.2,297.7,94.8,D,0
23.6213,92.2146,314.8,3.8,1.8,2009-03-13,0636,Aqua,MODIS,66,6.2,297.6,52.2,D,0
23.4558,92.2301,317.8,3.8,1.8,2009-03-13,0636,Aqua,MODIS,71,6.2,297.4,65.7,D,0
21.2798,92.612,301.6,1.2,1.1,2009-03-13,1556,Terra,MODIS,42,6.2,283.1,6.4,N,0
23.5991,92.0971,304.3,1.2,1.1,2009-03-13,1557,Terra,MODIS,59,6.2,293.3,6.7,N,0
22.1224,92.4753,308.9,1.2,1.1,2009-03-13,1557,Terra,MODIS,76,6.2,286.6,11.5,N,0
22.2632,92.4081,306.7,1.2,1.1,2009-03-13,1557,Terra,MODIS,67,6.2,293.2,8,N,0
25.063,92.3141,327.4,1.1,1,2009-03-13,1557,Terra,MODIS,100,6.2,295.3,28.9,N,0
23.5973,92.0855,313.2,1.2,1.1,2009-03-13,1557,Terra,MODIS,87,6.2,292.1,14.4,N,0
22.2194,92.5642,302.5,1.1,1.1,2009-03-13,1557,Terra,MODIS,50,6.2,289.3,6.1,N,0
22.7412,92.3614,319.9,1.2,1.1,2009-03-13,1557,Terra,MODIS,99,6.2,291,22,N,0
22.743,92.3725,321.1,1.2,1.1,2009-03-13,1557,Terra,MODIS,100,6.2,291.1,23.5,N,0
23.6167,92.2086,310.1,1.1,1.1,2009-03-13,1557,Terra,MODIS,79,6.2,293.5,10.5,N,0
23.6185,92.2196,312.8,1.1,1.1,2009-03-13,1557,Terra,MODIS,86,6.2,293.1,12.4,N,0
23.5937,92.248,309.1,1.1,1.1,2009-03-13,1557,Terra,MODIS,76,6.2,294.1,9.3,N,0
24.4065,92.0692,305.4,1.1,1.1,2009-03-13,1557,Terra,MODIS,31,6.2,291.5,6.5,N,0
24.4083,92.0806,328.5,1.1,1.1,2009-03-13,1557,Terra,MODIS,100,6.2,293.7,31.6,N,0
24.3971,92.0711,308.9,1.1,1.1,2009-03-13,1557,Terra,MODIS,74,6.2,292.2,9.3,N,0
24.3989,92.0822,333.8,1.1,1.1,2009-03-13,1557,Terra,MODIS,100,6.2,295.3,40.2,N,0
24.3876,92.073,321.2,1.1,1.1,2009-03-13,1557,Terra,MODIS,100,6.2,292.8,21.4,N,0
24.3894,92.084,328.3,1.1,1.1,2009-03-13,1557,Terra,MODIS,100,6.2,294.9,30.9,N,0
22.1207,92.4644,301.8,1.2,1.1,2009-03-13,1557,Terra,MODIS,44,6.2,288.2,6.2,N,0
24.403,92.0902,307.3,2.6,1.5,2009-03-14,0406,Terra,MODIS,58,6.2,287.8,18.7,D,0
23.5361,92.2534,309.3,2.4,1.5,2009-03-14,0406,Terra,MODIS,44,6.2,297.8,19.2,D,0
22.2569,92.4422,336.2,2.3,1.5,2009-03-14,0406,Terra,MODIS,87,6.2,304.6,98.6,D,0
22.2596,92.4349,331.8,2.3,1.5,2009-03-14,0406,Terra,MODIS,83,6.2,304.6,76.3,D,0
22.2466,92.4325,326,2.3,1.5,2009-03-14,0406,Terra,MODIS,78,6.2,303.6,53.2,D,0
22.2592,92.4191,323.2,2.3,1.5,2009-03-14,0406,Terra,MODIS,75,6.2,302.9,44.6,D,0
22.7445,92.3706,329.6,2.3,1.5,2009-03-14,0406,Terra,MODIS,0,6.2,301.5,79.7,D,0
21.9179,92.5533,351,1,1,2009-03-14,0718,Aqua,MODIS,95,6.2,307,56,D,0
21.9193,92.5629,325.5,1,1,2009-03-14,0718,Aqua,MODIS,41,6.2,300.4,14.1,D,0
21.9282,92.5614,361,1,1,2009-03-14,0718,Aqua,MODIS,100,6.2,308.4,80.3,D,0
21.289,92.6017,346.8,1,1,2009-03-14,0718,Aqua,MODIS,93,6.2,307,45.8,D,0
21.9269,92.5518,336,1,1,2009-03-14,0718,Aqua,MODIS,82,6.2,307.6,27.7,D,0
21.9371,92.5599,316.2,1,1,2009-03-14,0718,Aqua,MODIS,31,6.2,302.3,6.1,D,0
21.2725,92.6142,320.1,1,1,2009-03-14,0718,Aqua,MODIS,32,6.2,307,8,D,0
21.2814,92.6127,357.6,1,1,2009-03-14,0718,Aqua,MODIS,98,6.2,308.6,70.1,D,0
21.2801,92.6031,383,1,1,2009-03-14,0718,Aqua,MODIS,100,6.2,309.7,157,D,0
21.909,92.5548,357.3,1,1,2009-03-14,0718,Aqua,MODIS,98,6.2,304.6,72.3,D,0
21.9076,92.5451,324.8,1,1,2009-03-14,0718,Aqua,MODIS,74,6.2,300.3,15,D,0
21.9,92.5563,331.2,1,1,2009-03-14,0718,Aqua,MODIS,81,6.2,300.5,22.7,D,0
21.8169,92.2267,324.5,1,1,2009-03-14,0718,Aqua,MODIS,73,6.2,296.9,14.8,D,0
21.8183,92.2363,330.4,1,1,2009-03-14,0718,Aqua,MODIS,81,6.2,295.9,22.5,D,0
21.7851,92.1409,319.7,1,1,2009-03-14,0718,Aqua,MODIS,67,6.2,303.1,9,D,0
21.8258,92.2252,328.3,1,1,2009-03-14,0718,Aqua,MODIS,78,6.2,295.8,18.8,D,0
21.8272,92.2348,333.7,1,1,2009-03-14,0718,Aqua,MODIS,84,6.2,293.8,26.4,D,0
22.7461,92.3623,326.5,1,1,2009-03-14,0719,Aqua,MODIS,72,6.2,304.7,15.3,D,0
22.184,92.5512,327.5,1,1,2009-03-14,0719,Aqua,MODIS,55,6.2,300.4,14.1,D,0
22.2211,92.5549,325.1,1,1,2009-03-14,0719,Aqua,MODIS,74,6.2,303.9,14.2,D,0
22.2198,92.5452,323.1,1,1,2009-03-14,0719,Aqua,MODIS,71,6.2,303.1,11.3,D,0
22.2481,92.5436,319.4,1,1,2009-03-14,0719,Aqua,MODIS,63,6.2,303.4,8.4,D,0
23.3065,92.0867,316.8,1,1,2009-03-14,0719,Aqua,MODIS,62,6.2,305.5,5.3,D,0
23.5622,91.9462,314.7,1,1,2009-03-14,0719,Aqua,MODIS,52,6.2,299.8,5.2,D,0
23.5636,91.9559,320.4,1,1,2009-03-14,0719,Aqua,MODIS,69,6.2,299.5,10.8,D,0
22.2467,92.534,322.5,1,1,2009-03-14,0719,Aqua,MODIS,70,6.2,303.7,11.5,D,0
22.3026,92.4108,349.6,1,1,2009-03-14,0719,Aqua,MODIS,95,6.2,303.3,53.8,D,0
22.2931,92.4079,316.4,1,1,2009-03-14,0719,Aqua,MODIS,41,6.2,301.3,5.7,D,0
22.608,92.4207,331.7,1,1,2009-03-14,0719,Aqua,MODIS,82,6.2,303.4,22.8,D,0
22.6093,92.4303,342.1,1,1,2009-03-14,0719,Aqua,MODIS,90,6.2,304.6,38.3,D,0
22.454,92.4385,339.9,1,1,2009-03-14,0719,Aqua,MODIS,89,6.2,305.4,34.1,D,0
22.432,92.4123,318,1,1,2009-03-14,0719,Aqua,MODIS,53,6.2,305.2,5.7,D,0
22.423,92.4139,319.1,1,1,2009-03-14,0719,Aqua,MODIS,59,6.2,305.1,6.9,D,0
22.1748,92.3557,318.9,1,1,2009-03-14,0719,Aqua,MODIS,63,6.2,305,7.5,D,0
22.7372,92.3639,318,1,1,2009-03-14,0719,Aqua,MODIS,52,6.2,304.7,7.3,D,0
22.7448,92.3527,332.2,1,1,2009-03-14,0719,Aqua,MODIS,72,6.2,305.8,22.8,D,0
22.3782,92.4282,318.8,1,1,2009-03-14,0719,Aqua,MODIS,63,6.2,301.1,7.5,D,0
22.3796,92.4378,323,1,1,2009-03-14,0719,Aqua,MODIS,72,6.2,300.5,11.6,D,0
22.2926,92.2747,326.1,1,1,2009-03-14,0719,Aqua,MODIS,76,6.2,306.3,13.6,D,0
22.2836,92.2762,324.5,1,1,2009-03-14,0719,Aqua,MODIS,72,6.2,306.5,11.6,D,0
22.5968,92.472,326.1,1,1,2009-03-14,0719,Aqua,MODIS,76,6.2,301.3,14.2,D,0
22.2525,92.4443,327,1,1,2009-03-14,0719,Aqua,MODIS,49,6.2,300.6,14.6,D,0
22.2511,92.4346,372.2,1,1,2009-03-14,0719,Aqua,MODIS,100,6.2,308.3,114.1,D,0
22.26,92.4331,336.2,1,1,2009-03-14,0719,Aqua,MODIS,86,6.2,303.9,26.6,D,0
22.2717,92.4511,328.3,1,1,2009-03-14,0719,Aqua,MODIS,78,6.2,304,17,D,0
22.2703,92.4413,323,1,1,2009-03-14,0719,Aqua,MODIS,50,6.2,303.7,9.9,D,0
22.2944,92.4176,327.6,1,1,2009-03-14,0719,Aqua,MODIS,78,6.2,301.7,17,D,0
22.3039,92.4206,351.5,1,1,2009-03-14,0719,Aqua,MODIS,96,6.2,300.7,57.8,D,0
22.4759,92.4645,319.1,1,1,2009-03-14,0719,Aqua,MODIS,64,6.2,303.2,7.5,D,0
22.4849,92.4631,328.6,1,1,2009-03-14,0719,Aqua,MODIS,79,6.2,304.1,17.6,D,0
23.0961,92.0945,343,1,1,2009-03-14,0719,Aqua,MODIS,91,6.2,306.1,38.2,D,0
23.1394,92.0773,328.6,1,1,2009-03-14,0719,Aqua,MODIS,80,6.2,303.4,18.2,D,0
23.5708,89.3562,322.2,1.1,1.1,2009-03-14,0719,Aqua,MODIS,63,6.2,310,11.9,D,0
23.3168,91.8372,319.8,1,1,2009-03-14,0719,Aqua,MODIS,69,6.2,305.6,7.4,D,0
23.4175,92.2916,374.1,1,1,2009-03-14,0719,Aqua,MODIS,100,6.2,303.7,122.3,D,0
23.4162,92.2817,365,1,1,2009-03-14,0719,Aqua,MODIS,100,6.2,303.6,93.1,D,0
23.4148,92.2718,349.2,1,1,2009-03-14,0719,Aqua,MODIS,94,6.2,301.7,53.3,D,0
23.4265,92.2901,364.4,1,1,2009-03-14,0719,Aqua,MODIS,100,6.2,302.3,89.7,D,0
23.4251,92.2803,340.9,1,1,2009-03-14,0719,Aqua,MODIS,90,6.2,302,37,D,0
23.4237,92.2704,320.3,1,1,2009-03-14,0719,Aqua,MODIS,55,6.2,299.7,10.4,D,0
23.4354,92.2886,373.4,1,1,2009-03-14,0719,Aqua,MODIS,100,6.2,302.4,120.9,D,0
22.7557,92.4304,322.1,1,1,2009-03-14,0719,Aqua,MODIS,67,6.2,307.3,9.6,D,0
22.7495,92.4513,319.9,1,1,2009-03-14,0719,Aqua,MODIS,42,6.2,307.6,7,D,0
22.7259,91.6983,326.3,1,1,2009-03-14,0719,Aqua,MODIS,76,6.2,309.9,12.9,D,0
22.7245,91.6887,322.4,1,1,2009-03-14,0719,Aqua,MODIS,70,6.2,308.6,8.9,D,0
23.1408,92.087,317.1,1,1,2009-03-14,0719,Aqua,MODIS,62,6.2,303.8,5.8,D,0
22.7958,91.6117,318.6,1,1,2009-03-14,0719,Aqua,MODIS,63,6.2,304.9,7.4,D,0
22.5506,92.4763,357.8,1,1,2009-03-14,0719,Aqua,MODIS,99,6.2,306.2,71.3,D,0
22.5493,92.4667,395.7,1,1,2009-03-14,0719,Aqua,MODIS,100,6.2,312.3,221,D,0
22.5596,92.4748,333.7,1,1,2009-03-14,0719,Aqua,MODIS,84,6.2,303.8,22.7,D,0
22.5582,92.4652,336.1,1,1,2009-03-14,0719,Aqua,MODIS,86,6.2,303.4,26.4,D,0
22.5685,92.4734,370.9,1,1,2009-03-14,0719,Aqua,MODIS,100,6.2,306.1,109.1,D,0
22.5672,92.4637,364,1,1,2009-03-14,0719,Aqua,MODIS,100,6.2,305.4,87.7,D,0
22.5658,92.4541,368.9,1,1,2009-03-14,0719,Aqua,MODIS,100,6.2,305.9,103.7,D,0
22.5761,92.4622,343.3,1,1,2009-03-14,0719,Aqua,MODIS,91,6.2,301.9,39.9,D,0
22.5879,92.4734,326.8,1,1,2009-03-14,0719,Aqua,MODIS,77,6.2,301.3,15.5,D,0
23.4209,90.8469,321.7,1,1,2009-03-14,0719,Aqua,MODIS,71,6.2,306.6,10.9,D,0
23.4223,90.8567,318.9,1,1,2009-03-14,0719,Aqua,MODIS,55,6.2,303.2,8.7,D,0
23.5903,92.0808,327.9,1,1,2009-03-14,0719,Aqua,MODIS,79,6.2,304.5,19.1,D,0
23.5917,92.0905,332.6,1,1,2009-03-14,0719,Aqua,MODIS,84,6.2,305.1,25.2,D,0
23.0517,89.8828,320.2,1.1,1,2009-03-14,0719,Aqua,MODIS,55,6.2,306.3,10.6,D,0
22.792,92.1602,323.8,1,1,2009-03-14,0719,Aqua,MODIS,72,6.2,305.1,11.8,D,0
22.7906,92.1505,321,1,1,2009-03-14,0719,Aqua,MODIS,51,6.2,305.9,8.9,D,0
23.4368,92.2984,383.4,1,1,2009-03-14,0719,Aqua,MODIS,100,6.2,305,162.2,D,0
22.2996,92.0671,326.2,1,1,2009-03-14,0719,Aqua,MODIS,76,6.2,304.4,16.1,D,0
23.4279,92.2999,356.3,1,1,2009-03-14,0719,Aqua,MODIS,98,6.2,298.9,69.1,D,0
23.4189,92.3013,335,1,1,2009-03-14,0719,Aqua,MODIS,85,6.2,297.2,27.4,D,0
23.4099,92.3028,332.5,1,1,2009-03-14,0719,Aqua,MODIS,83,6.2,297.5,25.5,D,0
23.401,92.3043,352.4,1,1,2009-03-14,0719,Aqua,MODIS,96,6.2,301,61.6,D,0
23.4023,92.3141,336.2,1,1,2009-03-14,0719,Aqua,MODIS,86,6.2,298,30.2,D,0
24.4019,92.0887,321.3,1,1,2009-03-14,0719,Aqua,MODIS,53,6.2,305.3,9.1,D,0
24.4005,92.0788,343.5,1,1,2009-03-14,0719,Aqua,MODIS,91,6.2,308.9,41,D,0
24.3992,92.069,326,1,1,2009-03-14,0719,Aqua,MODIS,76,6.2,308.1,14.5,D,0
22.2408,92.4265,331.5,1,1,2009-03-14,0719,Aqua,MODIS,81,6.2,303.1,20.8,D,0
22.9956,91.9106,316.5,1,1,2009-03-14,0719,Aqua,MODIS,60,6.2,303.8,4.9,D,0
24.9704,89.565,311.3,1.1,1,2009-03-14,0719,Aqua,MODIS,0,6.2,296.3,5.3,D,0
22.3883,92.2323,330.2,1,1,2009-03-14,0719,Aqua,MODIS,81,6.2,305.4,19.5,D,0
23.3889,91.9582,402.7,1,1,2009-03-14,0719,Aqua,MODIS,100,6.2,316.6,259.1,D,0
23.3903,91.9678,380.6,1,1,2009-03-14,0719,Aqua,MODIS,100,6.2,307.6,145.1,D,0
23.38,91.9597,378.6,1,1,2009-03-14,0719,Aqua,MODIS,100,6.2,312.2,136.3,D,0
23.3814,91.9694,361.7,1,1,2009-03-14,0719,Aqua,MODIS,100,6.2,308.3,79.9,D,0
23.5504,89.8124,321.8,1.1,1,2009-03-14,0719,Aqua,MODIS,64,6.2,310.9,8.8,D,0
23.5956,92.2493,339.7,1,1,2009-03-14,0719,Aqua,MODIS,89,6.2,305.2,35.9,D,0
23.5943,92.2394,324.3,1,1,2009-03-14,0719,Aqua,MODIS,75,6.2,303.5,13.9,D,0
23.6377,92.2224,327,1,1,2009-03-14,0719,Aqua,MODIS,62,6.2,305.5,15.8,D,0
23.0676,92.0961,337.7,1,1,2009-03-14,0719,Aqua,MODIS,87,6.2,306.9,28.5,D,0
23.0766,92.0946,323.1,1,1,2009-03-14,0719,Aqua,MODIS,62,6.2,306.2,9.6,D,0
23.0858,92.0863,318.3,1,1,2009-03-14,0719,Aqua,MODIS,51,6.2,305.6,5.7,D,0
22.5892,92.4831,322.2,1,1,2009-03-14,0719,Aqua,MODIS,70,6.2,300.5,11,D,0
23.5147,92.2585,333,1,1,2009-03-14,0719,Aqua,MODIS,84,6.2,301.7,24.2,D,0
23.5519,92.2623,344.2,1,1,2009-03-14,0719,Aqua,MODIS,92,6.2,304.8,42.5,D,0
23.5429,92.2638,399.3,1,1,2009-03-14,0719,Aqua,MODIS,100,6.2,315.3,242,D,0
23.5443,92.2736,395.1,1,1,2009-03-14,0719,Aqua,MODIS,100,6.2,306.6,219,D,0
23.534,92.2654,376.4,1,1,2009-03-14,0719,Aqua,MODIS,100,6.2,306.5,129.8,D,0
23.5354,92.2751,376.8,1,1,2009-03-14,0719,Aqua,MODIS,100,6.2,302,133.4,D,0
23.5416,92.254,332.7,1,1,2009-03-14,0719,Aqua,MODIS,56,6.2,305.5,21.9,D,0
23.5505,92.2524,324.2,1,1,2009-03-14,0719,Aqua,MODIS,71,6.2,304.6,13,D,0
22.8951,91.9791,301.6,2.6,1.6,2009-03-14,1640,Terra,MODIS,42,6.2,291.3,20.3,N,0
22.89,91.9863,302,2.6,1.6,2009-03-14,1640,Terra,MODIS,46,6.2,291.6,19.9,N,0
22.7571,92.3484,301.1,1.4,1.2,2009-03-14,1928,Aqua,MODIS,32,6.2,279.3,9.3,N,0
21.2891,92.5964,300.1,1.3,1.1,2009-03-14,1928,Aqua,MODIS,14,6.2,289.6,5.6,N,0
22.4838,92.4772,303.1,1.4,1.2,2009-03-14,1928,Aqua,MODIS,39,6.2,290.7,8.4,N,0
22.6986,92.4771,301.3,1.4,1.2,2009-03-14,1928,Aqua,MODIS,27,6.2,286.6,8.3,N,0
21.2876,92.6083,304.4,1.3,1.1,2009-03-14,1928,Aqua,MODIS,60,6.2,287.6,9.4,N,0
23.2788,92.2158,300.2,1.5,1.2,2009-03-14,1928,Aqua,MODIS,22,6.2,290,8.2,N,0
22.6672,92.4733,312.2,1.4,1.2,2009-03-14,1928,Aqua,MODIS,84,6.2,281.7,20.7,N,0
22.3498,92.3363,301.9,1.4,1.2,2009-03-14,1928,Aqua,MODIS,45,6.2,283.9,10,N,0
25.4692,89.658,311.3,1,1,2009-03-15,0448,Terra,MODIS,0,6.2,297.6,7,D,0
22.6972,92.4643,313.6,1.3,1.1,2009-03-15,0449,Terra,MODIS,72,6.2,295.2,14.1,D,0
22.2474,92.4502,318.3,1.4,1.2,2009-03-15,0449,Terra,MODIS,74,6.2,292.3,20.2,D,0
22.4841,92.4571,316.4,1.3,1.2,2009-03-15,0449,Terra,MODIS,74,6.2,294.9,15.6,D,0
22.4806,92.4625,313.2,1.3,1.2,2009-03-15,0449,Terra,MODIS,68,6.2,295,11.4,D,0
24.5189,92.1078,309.2,1.1,1.1,2009-03-16,0707,Aqua,MODIS,66,6.2,280.2,7.3,D,0
23.6305,91.9457,337.4,1.2,1.1,2009-03-16,0707,Aqua,MODIS,90,6.2,281.7,49.2,D,0
22.885,92.2931,319.7,1.2,1.1,2009-03-16,0707,Aqua,MODIS,0,6.2,267.7,25,D,0
23.6286,91.9342,342.3,1.2,1.1,2009-03-16,0707,Aqua,MODIS,93,6.2,283.1,59.5,D,0
23.6361,92.0461,324.1,1,1,2009-03-17,0436,Terra,MODIS,80,6.2,299.3,16.5,D,0
23.0791,92.0722,320.7,1,1,2009-03-17,0437,Terra,MODIS,77,6.2,285.3,16,D,0
23.0776,92.0819,326.8,1,1,2009-03-17,0437,Terra,MODIS,82,6.2,283.6,22.9,D,0
22.2356,92.501,320.7,2.8,1.6,2009-03-17,0749,Aqua,MODIS,63,6.2,280.4,79.3,D,0
23.7629,90.8876,320.1,2.3,1.5,2009-03-17,0750,Aqua,MODIS,52,6.2,304,27.6,D,0
22.2283,92.5243,308.2,3,1.6,2009-03-17,1532,Terra,MODIS,74,6.2,291.5,37.9,N,0
21.971,92.5419,301.3,3,1.7,2009-03-17,1532,Terra,MODIS,40,6.2,290.7,20.5,N,0
22.2228,92.4957,311.7,3,1.6,2009-03-17,1532,Terra,MODIS,83,6.2,290.9,50.3,N,0
22.2288,92.5176,312.5,3,1.6,2009-03-17,1532,Terra,MODIS,85,6.2,291.4,54.5,N,0
22.2232,92.4898,305.1,3,1.6,2009-03-17,1532,Terra,MODIS,63,6.2,291,29.5,N,0
22.4394,92.51,309.6,1.4,1.2,2009-03-17,1959,Aqua,MODIS,78,6.2,292.5,14.4,N,0
22.4465,92.5175,306.5,1.4,1.2,2009-03-17,1959,Aqua,MODIS,57,6.2,291.2,11.4,N,0
22.2331,92.5111,301.1,1.4,1.2,2009-03-17,1959,Aqua,MODIS,29,6.2,288.7,7.3,N,0
22.4109,92.4908,318.6,1.4,1.2,2009-03-17,1959,Aqua,MODIS,97,6.2,291.5,26,N,0
22.4131,92.4781,317.7,1.4,1.2,2009-03-17,1959,Aqua,MODIS,96,6.2,290.5,25.2,N,0
21.9868,92.5569,301.6,1.4,1.2,2009-03-17,1959,Aqua,MODIS,41,6.2,283.5,8.5,N,0
21.982,92.5479,313.6,1.4,1.2,2009-03-17,1959,Aqua,MODIS,87,6.2,289.4,20.4,N,0
22.4088,92.4359,333.6,1.8,1.3,2009-03-18,0654,Aqua,MODIS,85,6.2,305.9,56.4,D,0
22.5757,92.3347,321.4,1.8,1.3,2009-03-18,0654,Aqua,MODIS,72,6.2,303.3,25.8,D,0
22.9859,91.9808,330.8,1.9,1.3,2009-03-18,0654,Aqua,MODIS,83,6.2,300,56.1,D,0
23.07,92.0654,330.2,1.8,1.3,2009-03-18,0654,Aqua,MODIS,83,6.2,301.7,51,D,0
22.4118,92.4527,344.1,1.8,1.3,2009-03-18,0654,Aqua,MODIS,92,6.2,306.4,95.7,D,0
22.4066,92.49,318.7,1.8,1.3,2009-03-18,0654,Aqua,MODIS,65,6.2,303,18.9,D,0
21.3621,92.6181,321.8,1.8,1.3,2009-03-18,0654,Aqua,MODIS,70,6.2,303.9,26.5,D,0
21.977,92.5449,328,1.8,1.3,2009-03-18,0654,Aqua,MODIS,79,6.2,303.8,42,D,0
21.9684,92.564,324,1.8,1.3,2009-03-18,0654,Aqua,MODIS,74,6.2,302.7,32.7,D,0
22.2837,92.5242,335.7,1.8,1.3,2009-03-18,0654,Aqua,MODIS,86,6.2,303.2,64.9,D,0
23.2277,91.9821,331.2,1.9,1.3,2009-03-18,0654,Aqua,MODIS,84,6.2,300.5,55.7,D,0
22.8213,92.4236,318.7,1.8,1.3,2009-03-18,0654,Aqua,MODIS,68,6.2,303.9,18.2,D,0
22.8254,92.4273,323.6,1.8,1.3,2009-03-18,0654,Aqua,MODIS,75,6.2,303.7,28.2,D,0
22.3972,92.4383,319.8,1.8,1.3,2009-03-18,0654,Aqua,MODIS,69,6.2,304.4,19.7,D,0
23.0465,92.0704,319,1.8,1.3,2009-03-18,0654,Aqua,MODIS,70,6.2,297.6,22.8,D,0
23.0432,92.0523,325.7,1.8,1.3,2009-03-18,0654,Aqua,MODIS,79,6.2,298.4,39.3,D,0
23.2652,92.1197,318.3,1.8,1.3,2009-03-18,0654,Aqua,MODIS,70,6.2,301.4,19,D,0
22.9827,91.9633,322,1.9,1.3,2009-03-18,0654,Aqua,MODIS,74,6.2,300.8,30.8,D,0
22.3558,92.5261,327.8,1.8,1.3,2009-03-18,0654,Aqua,MODIS,79,6.2,304,40.5,D,0
22.3585,92.541,323.4,1.8,1.3,2009-03-18,0654,Aqua,MODIS,74,6.2,304.4,28.1,D,0
22.3443,92.5284,326.6,1.8,1.3,2009-03-18,0654,Aqua,MODIS,78,6.2,303.6,37.4,D,0
22.347,92.5435,321.8,1.8,1.3,2009-03-18,0654,Aqua,MODIS,72,6.2,304.6,24.2,D,0
22.2803,92.506,322.4,1.8,1.3,2009-03-18,0654,Aqua,MODIS,53,6.2,303.5,26,D,0
22.2587,92.4973,327.6,1.8,1.3,2009-03-18,0654,Aqua,MODIS,79,6.2,304,41.1,D,0
22.285,92.5103,329.3,1.8,1.3,2009-03-18,0654,Aqua,MODIS,61,6.2,303.8,41.9,D,0
21.9737,92.5267,319.8,1.8,1.3,2009-03-18,0654,Aqua,MODIS,38,6.2,302.9,21,D,0
22.4003,92.4554,337,1.8,1.3,2009-03-18,0654,Aqua,MODIS,87,6.2,304.3,68.7,D,0
22.2882,92.5288,327.2,1.8,1.3,2009-03-18,0654,Aqua,MODIS,59,6.2,302.2,35.8,D,0
22.1259,92.2072,319.1,1.9,1.3,2009-03-18,0654,Aqua,MODIS,67,6.2,305.2,19.1,D,0
22.1313,92.1989,317.9,1.9,1.3,2009-03-18,0654,Aqua,MODIS,65,6.2,305.5,16.4,D,0
22.9437,91.9523,322.2,1.9,1.3,2009-03-18,0654,Aqua,MODIS,74,6.2,301.3,31.3,D,0
22.5874,92.3327,335,1.8,1.3,2009-03-18,0654,Aqua,MODIS,86,6.2,304.6,64.1,D,0
21.8825,92.1589,320.8,1.9,1.4,2009-03-18,0654,Aqua,MODIS,69,6.2,305.7,24.5,D,0
23.6583,92.2422,328.8,1.7,1.3,2009-03-18,0655,Aqua,MODIS,82,6.2,300,45.3,D,0
23.624,92.2498,337,1.7,1.3,2009-03-18,0655,Aqua,MODIS,88,6.2,301.9,69.9,D,0
23.6552,92.2253,321.7,1.7,1.3,2009-03-18,0655,Aqua,MODIS,68,6.2,300.1,27.7,D,0
22.495,92.4917,311.9,1.1,1.1,2009-03-18,1615,Terra,MODIS,84,6.2,294.6,11.3,N,0
22.2789,92.5366,322.5,1.1,1.1,2009-03-18,1615,Terra,MODIS,100,6.2,294.7,21.1,N,0
21.8909,92.5218,316.8,1.1,1,2009-03-18,1615,Terra,MODIS,94,6.2,294,16.1,N,0
22.6006,92.3331,310.6,1.1,1,2009-03-18,1615,Terra,MODIS,80,6.2,295.4,10.2,N,0
22.456,92.4867,317.5,1.1,1.1,2009-03-18,1615,Terra,MODIS,95,6.2,294.6,16,N,0
22.4386,92.5,304.8,1.1,1.1,2009-03-18,1615,Terra,MODIS,39,6.2,294.7,5.4,N,0
22.4574,92.4973,326.5,1.1,1.1,2009-03-18,1615,Terra,MODIS,100,6.2,295.9,26.9,N,0
22.1725,92.2062,311.1,1.1,1,2009-03-18,1615,Terra,MODIS,82,6.2,294.9,10.4,N,0
22.2803,92.5473,312.3,1.1,1.1,2009-03-18,1615,Terra,MODIS,52,6.2,294.9,10.9,N,0
22.7425,92.4255,314.3,1.1,1.1,2009-03-18,1615,Terra,MODIS,89,6.2,292.9,14.1,N,0
22.3493,92.5199,305.9,1.1,1.1,2009-03-18,1615,Terra,MODIS,61,6.2,295.3,6.5,N,0
22.4016,92.4799,304.1,1.1,1,2009-03-18,1615,Terra,MODIS,42,6.2,293.1,5.4,N,0
22.9098,92.3003,304.4,1.1,1,2009-03-18,1615,Terra,MODIS,60,6.2,294,5.5,N,0
22.8066,91.59,305.2,1,1,2009-03-18,1615,Terra,MODIS,63,6.2,292.8,6.7,N,0
22.2869,92.5243,309.1,1.1,1.1,2009-03-18,1615,Terra,MODIS,76,6.2,295.2,8.5,N,0
22.7102,92.3978,336.3,1.1,1,2009-03-18,1615,Terra,MODIS,100,6.2,294.3,43.1,N,0
22.7115,92.4085,328.5,1.1,1,2009-03-18,1615,Terra,MODIS,100,6.2,293.6,31.1,N,0
22.7438,92.4362,315,1.1,1.1,2009-03-18,1615,Terra,MODIS,90,6.2,293.8,15,N,0
22.85,92.326,313.6,1.1,1,2009-03-18,1615,Terra,MODIS,87,6.2,295.6,13,N,0
22.5768,92.3434,307.3,1.1,1,2009-03-18,1615,Terra,MODIS,63,6.2,295.2,6.9,N,0
22.8487,92.3154,306.2,1.1,1,2009-03-18,1615,Terra,MODIS,67,6.2,295.1,6.8,N,0
22.2883,92.5348,306.6,1.1,1.1,2009-03-18,1615,Terra,MODIS,64,6.2,295.1,6.7,N,0
22.3728,92.3331,328.2,1.1,1,2009-03-18,1615,Terra,MODIS,100,6.2,295.4,29.3,N,0
23.4009,91.8445,302.3,1.1,1,2009-03-18,1615,Terra,MODIS,48,6.2,291.2,5.1,N,0
22.555,92.3636,300.4,3.9,1.8,2009-03-18,1903,Aqua,MODIS,27,6.2,286.8,32.5,N,0
22.2963,92.541,302.5,3.8,1.8,2009-03-18,1904,Aqua,MODIS,49,6.2,291.7,35.7,N,0
22.5482,92.3595,316,1.2,1.1,2009-03-19,0424,Terra,MODIS,67,6.2,300.7,8.7,D,0
22.4482,92.495,318.9,1.1,1.1,2009-03-19,0424,Terra,MODIS,72,6.2,300.5,12.5,D,0
23.1208,91.9557,334,1.2,1.1,2009-03-19,0424,Terra,MODIS,86,6.2,301,36.1,D,0
23.1222,91.9442,340.7,1.2,1.1,2009-03-19,0424,Terra,MODIS,90,6.2,300.9,50.2,D,0
22.9262,91.799,330.7,1.2,1.1,2009-03-19,0424,Terra,MODIS,84,6.2,302.1,29.9,D,0
22.9277,91.787,320.5,1.2,1.1,2009-03-19,0424,Terra,MODIS,74,6.2,301.2,14.1,D,0
22.5467,92.3707,316.4,1.1,1.1,2009-03-19,0424,Terra,MODIS,68,6.2,301.7,9.2,D,0
22.5989,92.3445,316,1.2,1.1,2009-03-19,0424,Terra,MODIS,51,6.2,301,8.7,D,0
22.6005,92.3331,319.7,1.2,1.1,2009-03-19,0424,Terra,MODIS,67,6.2,301.2,12.9,D,0
22.6036,92.34,320.3,1.2,1.1,2009-03-19,0424,Terra,MODIS,72,6.2,301.1,12.3,D,0
23.7137,91.9333,322.7,1.2,1.1,2009-03-19,0424,Terra,MODIS,71,6.2,298.1,19.3,D,0
22.7304,92.4436,312.8,1.1,1.1,2009-03-19,0424,Terra,MODIS,56,6.2,299.3,6.1,D,0
22.4497,92.4838,321.7,1.1,1.1,2009-03-19,0424,Terra,MODIS,76,6.2,298.7,15.8,D,0
22.2975,92.5376,323.3,1.1,1.1,2009-03-19,0425,Terra,MODIS,77,6.2,297.8,18.5,D,0
22.3683,92.3313,318.5,1.1,1.1,2009-03-19,0425,Terra,MODIS,62,6.2,300.5,11.2,D,0
21.8964,92.5727,361.9,1.1,1.1,2009-03-19,0425,Terra,MODIS,100,6.2,301.1,100.6,D,0
22.3588,92.3297,321.4,1.1,1.1,2009-03-19,0425,Terra,MODIS,76,6.2,300,14.6,D,0
21.8949,92.5839,343,1.1,1.1,2009-03-19,0425,Terra,MODIS,92,6.2,298.2,51,D,0
21.9042,92.5855,349.3,1.1,1.1,2009-03-19,0425,Terra,MODIS,95,6.2,299.8,65.1,D,0
21.9687,92.5033,311.7,1.1,1.1,2009-03-19,0425,Terra,MODIS,58,6.2,299.3,6.2,D,0
21.9057,92.5746,343.9,1.1,1.1,2009-03-19,0425,Terra,MODIS,92,6.2,300,52.4,D,0
22.3669,92.3421,316.9,1.1,1.1,2009-03-19,0425,Terra,MODIS,50,6.2,299.6,9.5,D,0
21.9458,92.5168,358.6,1.7,1.3,2009-03-19,0737,Aqua,MODIS,99,6.2,301.7,155.5,D,0
22.3436,92.3116,319.8,1.6,1.3,2009-03-19,0737,Aqua,MODIS,64,6.2,303.9,15.3,D,0
21.8883,92.5167,321.3,1.7,1.3,2009-03-19,0737,Aqua,MODIS,69,6.2,302.6,23.4,D,0
22.2859,92.5017,376.9,1.7,1.3,2009-03-19,0737,Aqua,MODIS,100,6.2,305.3,282.4,D,0
22.3007,92.5305,350.5,1.7,1.3,2009-03-19,0737,Aqua,MODIS,95,6.2,299.9,116.2,D,0
22.2973,92.5004,362.9,1.7,1.3,2009-03-19,0737,Aqua,MODIS,100,6.2,304,182.7,D,0
21.8892,92.5254,315.9,1.7,1.3,2009-03-19,0737,Aqua,MODIS,38,6.2,303,11.7,D,0
22.4625,92.4502,328.3,1.7,1.3,2009-03-19,0737,Aqua,MODIS,79,6.2,303.5,37.1,D,0
21.8876,92.5108,316.3,1.7,1.3,2009-03-19,0737,Aqua,MODIS,48,6.2,301.9,12.1,D,0
23.4,92.1791,318.8,1.7,1.3,2009-03-19,0737,Aqua,MODIS,49,6.2,297.5,20.4,D,0
22.2706,92.263,318,1.6,1.3,2009-03-19,0737,Aqua,MODIS,39,6.2,303.9,11.6,D,0
22.3582,92.3405,317.2,1.6,1.3,2009-03-19,0737,Aqua,MODIS,51,6.2,302.5,11.7,D,0
23.433,92.2714,332.3,1.7,1.3,2009-03-19,0737,Aqua,MODIS,79,6.2,283.4,51.7,D,0
22.3565,92.3251,332.4,1.6,1.3,2009-03-19,0737,Aqua,MODIS,83,6.2,305.3,45.5,D,0
22.5021,92.4933,335.2,1.7,1.3,2009-03-19,0737,Aqua,MODIS,86,6.2,301.6,58.1,D,0
22.3548,92.3099,330.1,1.6,1.3,2009-03-19,0737,Aqua,MODIS,81,6.2,305.9,37.5,D,0
23.2551,92.0018,316.4,1.6,1.2,2009-03-19,0737,Aqua,MODIS,24,6.2,287.9,14.1,D,0
22.2779,92.534,345.9,1.7,1.3,2009-03-19,0737,Aqua,MODIS,93,6.2,300.6,94.1,D,0
21.9441,92.5015,358.7,1.7,1.3,2009-03-19,0737,Aqua,MODIS,99,6.2,303,156,D,0
23.2663,92.0009,339.1,1.6,1.2,2009-03-19,0737,Aqua,MODIS,84,6.2,294.7,68.4,D,0
22.5002,92.4768,333.5,1.7,1.3,2009-03-19,0737,Aqua,MODIS,84,6.2,303.6,51.8,D,0
22.6427,92.4309,323.8,1.7,1.3,2009-03-19,0737,Aqua,MODIS,74,6.2,303.5,25.4,D,0
22.335,92.5266,351.4,1.7,1.3,2009-03-19,0737,Aqua,MODIS,96,6.2,302.2,122.4,D,0
22.3333,92.5112,322.8,1.7,1.3,2009-03-19,0737,Aqua,MODIS,73,6.2,301.7,25.8,D,0
22.5962,92.3226,319.6,1.6,1.3,2009-03-19,0737,Aqua,MODIS,42,6.2,304.5,14,D,0
22.5978,92.3372,321.8,1.7,1.3,2009-03-19,0737,Aqua,MODIS,68,6.2,303.9,18.7,D,0
22.5967,92.3292,322.9,1.6,1.3,2009-03-19,0737,Aqua,MODIS,72,6.2,304.7,22.8,D,0
22.2841,92.4856,325.6,1.7,1.3,2009-03-19,0737,Aqua,MODIS,77,6.2,302,31.1,D,0
22.2818,92.2617,323.6,1.6,1.3,2009-03-19,0737,Aqua,MODIS,74,6.2,304.1,23.4,D,0
23.3004,91.9884,331.3,1.6,1.2,2009-03-19,0737,Aqua,MODIS,62,6.2,300.1,44.4,D,0
23.8172,90.9101,325.8,1.4,1.2,2009-03-19,0737,Aqua,MODIS,69,6.2,307.1,20.2,D,0
23.0501,92.3142,316.8,1.7,1.3,2009-03-19,0737,Aqua,MODIS,49,6.2,275.8,24.3,D,0
23.2997,91.9958,338.4,1.6,1.2,2009-03-19,0737,Aqua,MODIS,87,6.2,298.1,66,D,0
22.4427,92.4756,325.5,1.7,1.3,2009-03-19,0737,Aqua,MODIS,76,6.2,300.6,31.1,D,0
22.4563,92.4991,339.8,1.7,1.3,2009-03-19,0737,Aqua,MODIS,89,6.2,301.7,74.2,D,0
22.4798,92.3983,331.4,1.7,1.3,2009-03-19,0737,Aqua,MODIS,82,6.2,302.6,46.6,D,0
22.6101,92.4511,319.1,1.7,1.3,2009-03-19,0737,Aqua,MODIS,56,6.2,302.3,16.1,D,0
22.6115,92.4576,320.9,1.7,1.3,2009-03-19,0737,Aqua,MODIS,69,6.2,301.7,20.9,D,0
22.6001,92.4595,316.1,1.7,1.3,2009-03-19,0737,Aqua,MODIS,45,6.2,302.2,10.5,D,0
23.5591,92.2655,367.4,1.7,1.3,2009-03-19,0737,Aqua,MODIS,94,6.2,305.5,211.1,D,0
23.0528,92.3195,327.3,1.7,1.3,2009-03-19,0737,Aqua,MODIS,0,6.2,275,47.9,D,0
23.4427,92.2543,327.7,1.7,1.3,2009-03-19,0737,Aqua,MODIS,61,6.2,295.6,37.7,D,0
22.8366,92.3271,346.9,1.7,1.3,2009-03-19,0737,Aqua,MODIS,93,6.2,304.4,97.1,D,0
22.2955,92.4841,348.8,1.7,1.3,2009-03-19,0737,Aqua,MODIS,94,6.2,303.6,108.1,D,0
22.4546,92.483,330.8,1.7,1.3,2009-03-19,0737,Aqua,MODIS,82,6.2,301.9,45.3,D,0
22.2797,92.5511,419.7,1.7,1.3,2009-03-19,0737,Aqua,MODIS,100,6.2,308.3,827,D,0
22.6444,92.4468,316.4,1.7,1.3,2009-03-19,0737,Aqua,MODIS,41,6.2,301.6,10.4,D,0
22.6541,92.4294,333.5,1.7,1.3,2009-03-19,0737,Aqua,MODIS,84,6.2,304.4,49.1,D,0
22.6523,92.4138,330.1,1.7,1.3,2009-03-19,0737,Aqua,MODIS,81,6.2,304.1,38.3,D,0
23.0768,92.0386,360.9,1.6,1.2,2009-03-19,0737,Aqua,MODIS,87,6.2,294.8,159.9,D,0
22.4445,92.4908,319.9,1.7,1.3,2009-03-19,0737,Aqua,MODIS,62,6.2,301.2,19.1,D,0
22.5436,92.3673,318.6,1.7,1.3,2009-03-19,0737,Aqua,MODIS,64,6.2,302.5,14.8,D,0
22.8279,91.5571,317.8,1.5,1.2,2009-03-19,0737,Aqua,MODIS,57,6.2,303.9,10.3,D,0
22.8129,91.6166,339.2,1.5,1.2,2009-03-19,0737,Aqua,MODIS,89,6.2,304.2,57.4,D,0
22.6684,91.6632,318.9,1.5,1.2,2009-03-19,0737,Aqua,MODIS,65,6.2,304.1,11.6,D,0
22.8385,92.3442,324.2,1.7,1.3,2009-03-19,0737,Aqua,MODIS,75,6.2,302.9,25.4,D,0
22.4415,92.4691,314.9,1.7,1.3,2009-03-19,0737,Aqua,MODIS,52,6.2,300.5,9.8,D,0
23.4314,92.2559,322.9,1.7,1.3,2009-03-19,0737,Aqua,MODIS,71,6.2,292.2,27.9,D,0
23.3312,91.8605,323.2,1.6,1.2,2009-03-19,0737,Aqua,MODIS,57,6.2,291.2,23.7,D,0
23.3149,91.8164,334.2,1.6,1.2,2009-03-19,0737,Aqua,MODIS,85,6.2,301.1,49,D,0
23.4445,92.2702,351.8,1.7,1.3,2009-03-19,0737,Aqua,MODIS,96,6.2,295,123.7,D,0
23.5705,92.2638,374.7,1.7,1.3,2009-03-19,0737,Aqua,MODIS,94,6.2,303.1,266,D,0
23.3166,91.8312,340.1,1.6,1.2,2009-03-19,0737,Aqua,MODIS,89,6.2,301.5,65.1,D,0
22.4643,92.466,331.9,1.7,1.3,2009-03-19,0737,Aqua,MODIS,83,6.2,302.6,46.8,D,0
22.4431,92.4842,326.8,1.7,1.3,2009-03-19,0737,Aqua,MODIS,78,6.2,300.9,35.5,D,0
22.6558,92.4449,320.1,1.7,1.3,2009-03-19,0737,Aqua,MODIS,47,6.2,303.7,15.9,D,0
22.7492,92.0532,318.3,1.6,1.2,2009-03-19,0737,Aqua,MODIS,65,6.2,304,12,D,0
22.9018,91.8127,333.1,1.5,1.2,2009-03-19,0737,Aqua,MODIS,84,6.2,305.5,41.6,D,0
22.9059,91.8205,324,1.5,1.2,2009-03-19,0737,Aqua,MODIS,73,6.2,304.5,20.8,D,0
22.9043,91.8057,327.3,1.5,1.2,2009-03-19,0737,Aqua,MODIS,79,6.2,305,26.8,D,0
22.2875,92.5167,350.7,1.7,1.3,2009-03-19,0737,Aqua,MODIS,95,6.2,299.9,115.1,D,0
23.839,89.5679,321.8,1.2,1.1,2009-03-19,0738,Aqua,MODIS,54,6.2,307.4,10.6,D,0
23.8789,89.5734,324,1.2,1.1,2009-03-19,0738,Aqua,MODIS,65,6.2,306.8,14.3,D,0
23.5949,92.0964,301.2,1,1,2009-03-19,1946,Aqua,MODIS,38,6.2,290.5,4.5,N,0
23.412,92.2707,304.1,1,1,2009-03-19,1946,Aqua,MODIS,58,6.2,292.8,5.9,N,0
22.3298,92.5324,313.1,1,1,2009-03-19,1946,Aqua,MODIS,86,6.2,293.3,11.5,N,0
22.8387,92.343,303,1,1,2009-03-19,1946,Aqua,MODIS,44,6.2,292.3,5.1,N,0
22.371,92.321,306.2,1,1,2009-03-19,1946,Aqua,MODIS,67,6.2,293.4,6.7,N,0
22.4163,92.5133,304.6,1,1,2009-03-19,1946,Aqua,MODIS,61,6.2,293.3,5.8,N,0
22.5386,92.3721,309.6,1,1,2009-03-19,1946,Aqua,MODIS,78,6.2,293.3,8.9,N,0
23.5934,92.1061,305.2,1,1,2009-03-19,1946,Aqua,MODIS,63,6.2,293.7,6.9,N,0
22.5401,92.3625,317.4,1,1,2009-03-19,1946,Aqua,MODIS,95,6.2,294.3,15.3,N,0
21.9531,92.5215,307.8,1,1,2009-03-19,1947,Aqua,MODIS,73,6.2,290.6,8.7,N,0
22.8335,92.3418,323.5,2.7,1.6,2009-03-20,0507,Terra,MODIS,77,6.2,301.7,65.7,D,0
23.715,91.9275,326,2.4,1.5,2009-03-20,0507,Terra,MODIS,80,6.2,301.1,67.2,D,0
22.8302,92.3335,327.4,2.7,1.6,2009-03-20,0507,Terra,MODIS,81,6.2,301.8,85,D,0
22.4107,92.5237,363.2,2.9,1.6,2009-03-20,0507,Terra,MODIS,100,6.2,302.9,411.2,D,0
22.3344,92.4431,323.1,2.9,1.6,2009-03-20,0507,Terra,MODIS,76,6.2,302.1,63.1,D,0
22.4167,92.4946,325,2.9,1.6,2009-03-20,0507,Terra,MODIS,78,6.2,301.8,71.9,D,0
21.9475,92.5206,311.8,3,1.6,2009-03-20,0507,Terra,MODIS,52,6.2,299.1,23.7,D,0
22.461,92.4229,315.7,2.8,1.6,2009-03-20,0507,Terra,MODIS,65,6.2,301.4,31.8,D,0
22.332,92.4376,325.4,2.9,1.6,2009-03-20,0507,Terra,MODIS,79,6.2,302.1,75.8,D,0
22.8389,92.3155,314.2,2.7,1.6,2009-03-20,0507,Terra,MODIS,58,6.2,301,27.3,D,0
22.4249,92.5276,330,2.9,1.6,2009-03-20,0507,Terra,MODIS,83,6.2,300.6,102.1,D,0
22.4588,92.4148,315.1,2.8,1.6,2009-03-20,0507,Terra,MODIS,64,6.2,301.4,28.4,D,0
22.431,92.4975,314.6,2.9,1.6,2009-03-20,0507,Terra,MODIS,63,6.2,300.9,26.8,D,0
22.4233,92.5198,357.6,2.9,1.6,2009-03-20,0507,Terra,MODIS,99,6.2,302.4,340.6,D,0
22.4092,92.5157,347.9,2.9,1.6,2009-03-20,0507,Terra,MODIS,94,6.2,302.2,238.9,D,0
22.3762,92.339,324.3,3,1.7,2009-03-20,0642,Aqua,MODIS,75,6.2,302,69.9,D,0
22.4108,92.5108,323.5,3,1.6,2009-03-20,0642,Aqua,MODIS,74,6.2,302.8,60.6,D,0
22.6339,92.4737,317.5,2.9,1.6,2009-03-20,0642,Aqua,MODIS,65,6.2,303,34.1,D,0
22.3209,92.4416,320,3,1.6,2009-03-20,0642,Aqua,MODIS,69,6.2,302.1,45.9,D,0
23.0031,91.93,315.3,3.2,1.7,2009-03-20,0642,Aqua,MODIS,62,6.2,299.9,27.4,D,0
21.6573,92.2154,315.7,3.2,1.7,2009-03-20,0642,Aqua,MODIS,45,6.2,301.9,33.1,D,0
23.5859,89.6584,313.3,4.4,1.9,2009-03-20,0642,Aqua,MODIS,58,6.2,296.1,38.7,D,0
23.5758,91.9338,344.2,3.1,1.7,2009-03-20,0642,Aqua,MODIS,92,6.2,298.5,218.4,D,0
23.0267,92.048,316.6,3.1,1.7,2009-03-20,0642,Aqua,MODIS,63,6.2,299.1,32.5,D,0
22.8208,92.3244,324.2,3,1.6,2009-03-20,0642,Aqua,MODIS,73,6.2,303.1,67.6,D,0
21.6612,92.2441,336.1,3.2,1.7,2009-03-20,0642,Aqua,MODIS,86,6.2,302.7,161.2,D,0
23.3636,92.3314,319.7,2.9,1.6,2009-03-20,0642,Aqua,MODIS,73,6.2,301,48.1,D,0
23.0093,91.9609,315,3.1,1.7,2009-03-20,0642,Aqua,MODIS,57,6.2,299.9,25.8,D,0
21.6638,92.2477,333.6,3.2,1.7,2009-03-20,0642,Aqua,MODIS,83,6.2,302.9,140.6,D,0
23.008,91.954,316.4,3.1,1.7,2009-03-20,0642,Aqua,MODIS,67,6.2,299.9,34.8,D,0
23.3746,91.9323,319.5,3.1,1.7,2009-03-20,0642,Aqua,MODIS,73,6.2,301.3,51.4,D,0
22.2794,92.5534,316.8,3,1.6,2009-03-20,0642,Aqua,MODIS,62,6.2,302.6,32.2,D,0
22.1436,92.567,313.5,3,1.6,2009-03-20,0642,Aqua,MODIS,40,6.2,301.4,22.3,D,0
22.8351,92.32,317.3,3,1.6,2009-03-20,0642,Aqua,MODIS,33,6.2,302,31.1,D,0
22.28,92.5489,314.6,3,1.6,2009-03-20,0642,Aqua,MODIS,51,6.2,302.5,23.3,D,0
23.6396,91.9441,366.4,3,1.7,2009-03-20,0642,Aqua,MODIS,100,6.2,298.5,481.4,D,0
23.0328,92.0785,315.2,3.1,1.7,2009-03-20,0642,Aqua,MODIS,42,6.2,300.4,26.5,D,0
21.947,92.5103,312.9,3,1.7,2009-03-20,0642,Aqua,MODIS,37,6.2,301.3,22.8,D,0
23.6687,91.937,362.8,3,1.7,2009-03-20,0642,Aqua,MODIS,100,6.2,297.3,429.8,D,0
23.0323,92.071,319.3,3.1,1.7,2009-03-20,0642,Aqua,MODIS,72,6.2,300.5,44.9,D,0
23.0616,92.0639,317.5,3.1,1.7,2009-03-20,0642,Aqua,MODIS,66,6.2,301.2,35.7,D,0
23.3753,91.9396,320.1,3.1,1.7,2009-03-20,0642,Aqua,MODIS,74,6.2,301.3,51.4,D,0
22.4338,92.4749,323.3,3,1.6,2009-03-20,0642,Aqua,MODIS,74,6.2,302.1,58.9,D,0
22.4342,92.4696,322.7,3,1.6,2009-03-20,0642,Aqua,MODIS,73,6.2,302.1,58.5,D,0
23.6401,91.9485,368.4,3,1.7,2009-03-20,0642,Aqua,MODIS,100,6.2,298.9,516.3,D,0
22.3291,92.4167,316.9,3,1.7,2009-03-20,0642,Aqua,MODIS,62,6.2,303.1,33,D,0
22.4598,92.521,317.2,2.9,1.6,2009-03-20,0642,Aqua,MODIS,50,6.2,302.4,30.1,D,0
22.4539,92.4999,331.2,3,1.6,2009-03-20,0642,Aqua,MODIS,83,6.2,303.1,105.4,D,0
22.3965,92.5148,330.7,3,1.6,2009-03-20,0642,Aqua,MODIS,82,6.2,302.6,102.8,D,0
22.3702,92.3093,328.5,3.1,1.7,2009-03-20,0642,Aqua,MODIS,80,6.2,302.1,94.3,D,0
22.6348,92.4698,315.5,2.9,1.6,2009-03-20,0642,Aqua,MODIS,61,6.2,303,25.6,D,0
22.4546,92.4956,329.3,3,1.6,2009-03-20,0642,Aqua,MODIS,81,6.2,303.1,93.9,D,0
23.3493,92.335,316.8,2.9,1.6,2009-03-20,0642,Aqua,MODIS,64,6.2,301.1,35.5,D,0
23.055,92.342,314.4,2.9,1.6,2009-03-20,0642,Aqua,MODIS,49,6.2,301,23.2,D,0
23.3622,92.3357,325.5,2.9,1.6,2009-03-20,0642,Aqua,MODIS,80,6.2,301,75.7,D,0
22.0608,92.5476,312.9,1,1,2009-03-20,1603,Terra,MODIS,86,6.2,291.1,11.6,N,0
22.0712,92.556,373,1,1,2009-03-20,1603,Terra,MODIS,100,6.2,297.6,130.3,N,0
22.397,92.5147,312.5,1,1,2009-03-20,1603,Terra,MODIS,85,6.2,294.9,10.3,N,0
22.3955,92.505,310.6,1,1,2009-03-20,1603,Terra,MODIS,80,6.2,293.6,8.9,N,0
22.0622,92.5575,301.4,1,1,2009-03-20,1603,Terra,MODIS,22,6.2,291.3,3.8,N,0
23.4204,92.2661,313.2,1,1,2009-03-20,1603,Terra,MODIS,87,6.2,294.8,10.8,N,0
22.4908,92.4011,316.3,1,1,2009-03-20,1603,Terra,MODIS,93,6.2,293.8,14.4,N,0
22.821,92.3285,308,1,1,2009-03-20,1603,Terra,MODIS,73,6.2,294.5,7.4,N,0
21.9286,92.527,306,1,1,2009-03-20,1603,Terra,MODIS,45,6.2,292.1,6.9,N,0
22.0788,92.5445,311.3,1,1,2009-03-20,1603,Terra,MODIS,82,6.2,290.8,10.4,N,0
22.3143,92.4545,308.9,1,1,2009-03-20,1603,Terra,MODIS,76,6.2,293.1,8.6,N,0
22.0698,92.5461,394.1,1,1,2009-03-20,1603,Terra,MODIS,100,6.2,300.8,226.5,N,0
23.4689,92.221,303.5,1,1,2009-03-20,1603,Terra,MODIS,55,6.2,293.5,5.1,N,0
22.3233,92.4528,317.8,1,1,2009-03-20,1603,Terra,MODIS,96,6.2,293.3,15.4,N,0
23.0318,92.3192,319.9,1,1,2009-03-20,1603,Terra,MODIS,99,6.2,294.5,17,N,0
23.0228,92.3208,311.9,1,1,2009-03-20,1603,Terra,MODIS,83,6.2,294.8,10,N,0
22.0683,92.5363,319.4,1,1,2009-03-20,1603,Terra,MODIS,98,6.2,290.9,17.2,N,0
22.324,92.4576,316.2,1.7,1.3,2009-03-21,0412,Terra,MODIS,58,6.2,301.2,14.6,D,0
22.5816,92.4922,315.3,1.7,1.3,2009-03-21,0412,Terra,MODIS,46,6.2,301.5,11.7,D,0
22.5622,92.4837,355.9,1.7,1.3,2009-03-21,0412,Terra,MODIS,98,6.2,303.3,152.7,D,0
22.5605,92.4993,319.4,1.7,1.3,2009-03-21,0412,Terra,MODIS,69,6.2,301.3,20.3,D,0
22.3139,92.4675,314.2,1.7,1.3,2009-03-21,0412,Terra,MODIS,45,6.2,300.7,11,D,0
21.9126,92.5786,331.8,1.7,1.3,2009-03-21,0412,Terra,MODIS,83,6.2,300.6,51.2,D,0
21.9141,92.5891,383.3,1.1,1.1,2009-03-21,0725,Aqua,MODIS,100,6.2,311.2,181.6,D,0
23.7023,92.0993,337.1,1.1,1,2009-03-21,0725,Aqua,MODIS,86,6.2,303.7,33.7,D,0
23.713,92.1085,354.6,1.1,1,2009-03-21,0725,Aqua,MODIS,97,6.2,304.6,71.1,D,0
21.9114,92.5685,320.3,1.1,1,2009-03-21,0725,Aqua,MODIS,37,6.2,305.6,6.6,D,0
21.9221,92.5276,326.9,1.1,1,2009-03-21,0725,Aqua,MODIS,74,6.2,304.7,15.7,D,0
21.9516,92.5344,323.2,1.1,1,2009-03-21,0725,Aqua,MODIS,49,6.2,305.4,9.7,D,0
23.5765,89.5257,328.1,1,1,2009-03-21,0725,Aqua,MODIS,76,6.2,309.5,11.7,D,0
23.4775,92.2736,320.6,1.1,1.1,2009-03-21,0725,Aqua,MODIS,65,6.2,306.2,8.4,D,0
23.6053,89.6602,324.1,1,1,2009-03-21,0725,Aqua,MODIS,65,6.2,308.9,7.8,D,0
23.6039,89.6505,346.7,1,1,2009-03-21,0725,Aqua,MODIS,92,6.2,308.8,41.3,D,0
23.148,92.0718,324.7,1.1,1,2009-03-21,0725,Aqua,MODIS,73,6.2,304.8,12.4,D,0
23.2696,92.0149,324.8,1.1,1,2009-03-21,0725,Aqua,MODIS,34,6.2,305.8,9.9,D,0
23.1387,92.0732,324.6,1.1,1,2009-03-21,0725,Aqua,MODIS,73,6.2,304.8,12.3,D,0
22.334,92.4311,338.3,1.1,1,2009-03-21,0725,Aqua,MODIS,87,6.2,309.4,32.1,D,0
22.3326,92.4206,330.7,1.1,1,2009-03-21,0725,Aqua,MODIS,79,6.2,309.3,19.4,D,0
23.6128,89.649,328.6,1,1,2009-03-21,0725,Aqua,MODIS,75,6.2,307.3,13.1,D,0
23.188,91.8742,329.3,1.1,1,2009-03-21,0725,Aqua,MODIS,79,6.2,306.9,17,D,0
23.1866,91.8639,322.3,1.1,1,2009-03-21,0725,Aqua,MODIS,65,6.2,306.3,8.5,D,0
21.8833,92.5728,331.5,1.1,1,2009-03-21,0725,Aqua,MODIS,69,6.2,304.7,22.3,D,0
21.882,92.5626,351.7,1.1,1,2009-03-21,0725,Aqua,MODIS,95,6.2,312.5,63.3,D,0
21.8806,92.5522,338.2,1.1,1,2009-03-21,0725,Aqua,MODIS,86,6.2,308.1,33,D,0
21.8913,92.5613,362.3,1.1,1,2009-03-21,0725,Aqua,MODIS,100,6.2,307.6,94.2,D,0
21.8899,92.5506,325.9,1.1,1,2009-03-21,0725,Aqua,MODIS,54,6.2,304.8,13.7,D,0
22.5788,92.4952,344,1.1,1.1,2009-03-21,0725,Aqua,MODIS,91,6.2,310.1,42.6,D,0
23.0009,92.2795,321.7,1.1,1,2009-03-21,0725,Aqua,MODIS,66,6.2,307.3,8.5,D,0
23.0157,92.3202,333.9,1.1,1,2009-03-21,0725,Aqua,MODIS,83,6.2,306.9,26.6,D,0
22.5287,92.4431,359.4,1.1,1,2009-03-21,0725,Aqua,MODIS,99,6.2,310.2,83.6,D,0
21.5734,92.309,326.1,1.1,1,2009-03-21,0725,Aqua,MODIS,74,6.2,304.1,13.5,D,0
21.5841,92.3186,371.5,1.1,1,2009-03-21,0725,Aqua,MODIS,100,6.2,308.2,121.4,D,0
21.5827,92.3082,375.8,1.1,1,2009-03-21,0725,Aqua,MODIS,100,6.2,308.5,138.5,D,0
23.6182,92.2387,317.9,1.1,1.1,2009-03-21,0725,Aqua,MODIS,46,6.2,303.7,6.5,D,0
23.376,92.1209,318.8,1.1,1,2009-03-21,0725,Aqua,MODIS,62,6.2,305.2,7.6,D,0
22.5193,92.4445,374,1.1,1,2009-03-21,0725,Aqua,MODIS,100,6.2,312.7,135.2,D,0
22.5694,92.4966,375.5,1.1,1.1,2009-03-21,0725,Aqua,MODIS,100,6.2,315.7,143.2,D,0
22.51,92.446,341.5,1.1,1,2009-03-21,0725,Aqua,MODIS,89,6.2,310.6,36.6,D,0
22.5006,92.4474,327.1,1.1,1,2009-03-21,0725,Aqua,MODIS,68,6.2,308.4,13.2,D,0
23.2899,91.8248,325.6,1.1,1,2009-03-21,0725,Aqua,MODIS,75,6.2,308.8,12.3,D,0
22.168,92.5653,325.6,1.1,1.1,2009-03-21,0725,Aqua,MODIS,72,6.2,306.9,14.6,D,0
22.7667,91.9649,322.3,1.1,1,2009-03-21,0725,Aqua,MODIS,67,6.2,306.5,10.4,D,0
22.2708,92.312,327.8,1.1,1,2009-03-21,0725,Aqua,MODIS,76,6.2,306.7,15.3,D,0
22.5301,92.4536,358.7,1.1,1.1,2009-03-21,0725,Aqua,MODIS,99,6.2,309.1,81.7,D,0
21.937,92.5685,328.3,1.1,1,2009-03-21,0725,Aqua,MODIS,76,6.2,308,17.5,D,0
21.9384,92.5791,409.5,1.1,1.1,2009-03-21,0725,Aqua,MODIS,100,6.2,315.6,353.7,D,0
23.3774,92.1316,335.3,1.1,1,2009-03-21,0725,Aqua,MODIS,85,6.2,306.6,30.1,D,0
23.6435,91.921,332.1,1.1,1,2009-03-21,0725,Aqua,MODIS,82,6.2,306.8,23.1,D,0
23.2,91.8935,338.2,1.1,1,2009-03-21,0725,Aqua,MODIS,87,6.2,303,30.9,D,0
23.1986,91.883,364.6,1.1,1,2009-03-21,0725,Aqua,MODIS,100,6.2,306.7,95,D,0
23.1972,91.8727,329.4,1.1,1,2009-03-21,0725,Aqua,MODIS,77,6.2,307,16.3,D,0
23.2226,91.8734,324.9,1.1,1,2009-03-21,0725,Aqua,MODIS,39,6.2,306.9,11.2,D,0
23.2213,91.863,337,1.1,1,2009-03-21,0725,Aqua,MODIS,86,6.2,308.6,28,D,0
23.2305,91.8617,360.3,1.1,1,2009-03-21,0725,Aqua,MODIS,100,6.2,307.3,81,D,0
23.2291,91.8514,389.6,1.1,1,2009-03-21,0725,Aqua,MODIS,100,6.2,313,201.1,D,0
23.2278,91.8411,326.7,1.1,1,2009-03-21,0725,Aqua,MODIS,74,6.2,308.3,12.1,D,0
23.0251,92.3186,349,1.1,1,2009-03-21,0725,Aqua,MODIS,94,6.2,308.4,56.9,D,0
23.6111,92.1094,351.2,1.1,1,2009-03-21,0725,Aqua,MODIS,95,6.2,307.3,64.8,D,0
23.6125,92.1202,379,1.1,1,2009-03-21,0725,Aqua,MODIS,100,6.2,307.8,162.6,D,0
22.5207,92.455,379.4,1.1,1.1,2009-03-21,0725,Aqua,MODIS,100,6.2,309.7,159.5,D,0
22.4055,92.5006,350.5,1.1,1.1,2009-03-21,0725,Aqua,MODIS,95,6.2,303.3,61.3,D,0
23.4666,92.2639,327.7,1.1,1.1,2009-03-21,0725,Aqua,MODIS,78,6.2,306.6,16.2,D,0
23.3635,92.319,337.8,1.1,1.1,2009-03-21,0725,Aqua,MODIS,87,6.2,305,33.9,D,0
23.4789,92.2844,338.9,1.1,1.1,2009-03-21,0725,Aqua,MODIS,88,6.2,306.2,34.7,D,0
22.0646,92.5555,333.7,1.1,1.1,2009-03-21,0725,Aqua,MODIS,82,6.2,311.8,25.7,D,0
22.0632,92.545,325.4,1.1,1,2009-03-21,0725,Aqua,MODIS,71,6.2,311.8,13.6,D,0
23.5837,92.0868,323.7,1.1,1,2009-03-21,0725,Aqua,MODIS,72,6.2,302.9,13.9,D,0
22.4699,92.5063,334.3,1.1,1.1,2009-03-21,0725,Aqua,MODIS,81,6.2,305.6,27.4,D,0
22.4713,92.5172,340.5,1.1,1.1,2009-03-21,0725,Aqua,MODIS,88,6.2,304.3,40.1,D,0
22.4309,92.4754,371.7,1.1,1.1,2009-03-21,0725,Aqua,MODIS,100,6.2,305.5,128.9,D,0
23.3621,92.3081,342.6,1.1,1.1,2009-03-21,0725,Aqua,MODIS,90,6.2,307.3,43.5,D,0
22.4296,92.465,371.4,1.1,1,2009-03-21,0725,Aqua,MODIS,100,6.2,307.2,125.7,D,0
22.9373,91.9365,337.6,1.1,1,2009-03-21,0725,Aqua,MODIS,86,6.2,308.4,30,D,0
22.9386,91.9468,331.4,1.1,1,2009-03-21,0725,Aqua,MODIS,81,6.2,307.1,20.2,D,0
24.1,89.3864,326.4,1,1,2009-03-21,0725,Aqua,MODIS,75,6.2,308.4,14.8,D,0
22.3697,92.2272,324.1,1.1,1,2009-03-21,0725,Aqua,MODIS,70,6.2,307.4,8.8,D,0
22.3202,92.0661,323.7,1.1,1,2009-03-21,0725,Aqua,MODIS,70,6.2,304.5,12.1,D,0
22.3215,92.0764,335.3,1.1,1,2009-03-21,0725,Aqua,MODIS,84,6.2,305.5,27.9,D,0
22.2941,92.4912,335.2,1.1,1,2009-03-21,0725,Aqua,MODIS,84,6.2,306.5,27.8,D,0
22.3035,92.4898,369.4,1.1,1,2009-03-21,0725,Aqua,MODIS,100,6.2,309.2,119.1,D,0
22.3197,92.5414,322.5,1.1,1.1,2009-03-21,0725,Aqua,MODIS,38,6.2,306.4,10.1,D,0
23.4601,92.2873,379.2,1.1,1.1,2009-03-21,0725,Aqua,MODIS,100,6.2,310.6,159.7,D,0
23.4587,92.2765,326.4,1.1,1.1,2009-03-21,0725,Aqua,MODIS,76,6.2,305.9,14,D,0
23.1604,91.8787,344.3,1.1,1,2009-03-21,0725,Aqua,MODIS,91,6.2,308,41.7,D,0
23.159,91.8684,326.9,1.1,1,2009-03-21,0725,Aqua,MODIS,75,6.2,307.6,13.1,D,0
23.3931,92.3256,318.9,1.1,1.1,2009-03-21,0725,Aqua,MODIS,62,6.2,303.3,7.7,D,0
22.9967,91.9585,334.6,1.1,1,2009-03-21,0725,Aqua,MODIS,84,6.2,307.8,25.9,D,0
22.2136,92.5101,325.8,1.1,1,2009-03-21,0725,Aqua,MODIS,73,6.2,308.3,14.4,D,0
22.2591,92.4926,342.2,1.1,1,2009-03-21,0725,Aqua,MODIS,89,6.2,308.3,41,D,0
22.4605,92.5077,333.2,1.1,1.1,2009-03-21,0725,Aqua,MODIS,80,6.2,305.8,25.8,D,0
22.6634,91.8833,323.3,1.1,1,2009-03-21,0725,Aqua,MODIS,69,6.2,309.9,8.8,D,0
22.6648,91.8935,322.2,1.1,1,2009-03-21,0725,Aqua,MODIS,65,6.2,308.7,7.5,D,0
22.302,92.479,388.8,1.1,1,2009-03-21,0725,Aqua,MODIS,100,6.2,314.6,209.9,D,0
23.3301,92.3308,348.4,1.1,1.1,2009-03-21,0725,Aqua,MODIS,94,6.2,308.2,57,D,0
21.9502,92.5232,327.5,1.1,1,2009-03-21,0725,Aqua,MODIS,68,6.2,306.7,15.1,D,0
21.9461,92.4921,322.6,1.1,1,2009-03-21,0725,Aqua,MODIS,60,6.2,306.6,8.9,D,0
21.9581,92.5112,330.7,1.1,1,2009-03-21,0725,Aqua,MODIS,67,6.2,304.8,18.9,D,0
21.9648,92.4893,339.9,1.1,1,2009-03-21,0725,Aqua,MODIS,88,6.2,310.3,33.8,D,0
22.2927,92.4804,339.6,1.1,1,2009-03-21,0725,Aqua,MODIS,87,6.2,306.2,35.4,D,0
22.2577,92.4819,328.8,1.1,1,2009-03-21,0725,Aqua,MODIS,77,6.2,307.4,18.1,D,0
23.3286,92.3198,320.5,1.1,1.1,2009-03-21,0725,Aqua,MODIS,66,6.2,305.4,9.9,D,0
23.0633,89.4873,318,1,1,2009-03-21,0725,Aqua,MODIS,56,6.2,302.3,8.9,D,0
23.0619,89.4776,321.5,1,1,2009-03-21,0725,Aqua,MODIS,67,6.2,304.9,12.3,D,0
22.3291,92.54,333.8,1.1,1.1,2009-03-21,0725,Aqua,MODIS,83,6.2,308.9,26.1,D,0
22.3437,92.5051,326,1.1,1.1,2009-03-21,0725,Aqua,MODIS,50,6.2,308.7,12.1,D,0
22.3424,92.4947,343.6,1.1,1.1,2009-03-21,0725,Aqua,MODIS,90,6.2,311.8,42.1,D,0
22.3611,92.4916,322.2,1.1,1.1,2009-03-21,0725,Aqua,MODIS,26,6.2,307.2,7.8,D,0
21.9635,92.4793,341.4,1.1,1,2009-03-21,0725,Aqua,MODIS,89,6.2,312.1,36.2,D,0
21.9755,92.4982,395.4,1.1,1,2009-03-21,0725,Aqua,MODIS,100,6.2,312.8,247.3,D,0
21.9741,92.4878,344.5,1.1,1,2009-03-21,0725,Aqua,MODIS,91,6.2,309.7,44.1,D,0
22.3666,92.4958,330,1.1,1.1,2009-03-21,0725,Aqua,MODIS,79,6.2,305.4,21,D,0
23.3489,92.3279,327.5,1.1,1.1,2009-03-21,0725,Aqua,MODIS,77,6.2,307,16.5,D,0
23.4695,92.2858,433.7,1.1,1.1,2009-03-21,0725,Aqua,MODIS,100,6.2,326.4,596.9,D,0
23.4681,92.275,399.5,1.1,1.1,2009-03-21,0725,Aqua,MODIS,100,6.2,314.2,278.1,D,0
21.9848,92.4967,351.1,1.1,1,2009-03-21,0725,Aqua,MODIS,95,6.2,307.7,60.9,D,0
21.9834,92.486,328.5,1.1,1,2009-03-21,0725,Aqua,MODIS,76,6.2,306.2,16.7,D,0
22.5221,92.4653,345,1.1,1.1,2009-03-21,0725,Aqua,MODIS,91,6.2,304.5,46.6,D,0
22.4575,92.4099,358.9,1.1,1,2009-03-21,0725,Aqua,MODIS,99,6.2,311.3,80.6,D,0
22.4589,92.421,379.9,1.1,1,2009-03-21,0725,Aqua,MODIS,100,6.2,311.2,161.6,D,0
22.4332,92.4205,341.2,1.1,1,2009-03-21,0725,Aqua,MODIS,89,6.2,310.2,35.6,D,0
22.4347,92.4316,365.9,1.1,1,2009-03-21,0725,Aqua,MODIS,100,6.2,313.5,102.4,D,0
22.4361,92.4423,377.2,1.1,1,2009-03-21,0725,Aqua,MODIS,100,6.2,315,147.7,D,0
22.5571,92.4761,327.5,1.1,1.1,2009-03-21,0725,Aqua,MODIS,31,6.2,308.8,12.3,D,0
22.5395,92.4522,321.1,1.1,1.1,2009-03-21,0725,Aqua,MODIS,44,6.2,307,7.4,D,0
23.3474,92.3168,371.2,1.1,1.1,2009-03-21,0725,Aqua,MODIS,100,6.2,309,128.6,D,0
23.4639,92.2427,320.8,1.1,1.1,2009-03-21,0725,Aqua,MODIS,68,6.2,306.1,9.3,D,0
23.4967,90.3757,324.2,1,1,2009-03-21,0725,Aqua,MODIS,34,6.2,306.8,6.2,D,0
23.383,91.9586,328.1,1.1,1,2009-03-21,0725,Aqua,MODIS,78,6.2,308.1,16.3,D,0
23.3738,91.96,362.3,1.1,1,2009-03-21,0725,Aqua,MODIS,100,6.2,310,89.5,D,0
22.5947,92.4706,324.4,1.1,1.1,2009-03-21,0725,Aqua,MODIS,61,6.2,309.3,9.3,D,0
22.5933,92.4598,326.9,1.1,1.1,2009-03-21,0725,Aqua,MODIS,74,6.2,310,12.6,D,0
22.5113,92.4565,372.6,1.1,1.1,2009-03-21,0725,Aqua,MODIS,100,6.2,311.7,129.7,D,0
22.9505,91.9658,327.4,1.1,1,2009-03-21,0725,Aqua,MODIS,76,6.2,306.3,15.7,D,0
23.3751,91.9704,342.8,1.1,1,2009-03-21,0725,Aqua,MODIS,90,6.2,307.6,40.5,D,0
22.4035,92.3395,336.6,1.1,1,2009-03-21,0725,Aqua,MODIS,85,6.2,306.2,30.1,D,0
22.4403,92.4739,334.3,1.1,1.1,2009-03-21,0725,Aqua,MODIS,81,6.2,303.7,25.2,D,0
22.4389,92.4636,349,1.1,1,2009-03-21,0725,Aqua,MODIS,94,6.2,306.2,53.5,D,0
22.4375,92.4529,398.2,1.1,1,2009-03-21,0725,Aqua,MODIS,100,6.2,314.1,264.9,D,0
22.4483,92.4621,369.5,1.1,1,2009-03-21,0725,Aqua,MODIS,100,6.2,311.2,116.4,D,0
22.4469,92.4514,360.4,1.1,1,2009-03-21,0725,Aqua,MODIS,100,6.2,311.7,86.1,D,0
22.455,92.465,343.4,1.1,1.1,2009-03-21,0725,Aqua,MODIS,90,6.2,309.1,40.3,D,0
22.4537,92.4543,346.4,1.1,1,2009-03-21,0725,Aqua,MODIS,92,6.2,311,46.8,D,0
22.4644,92.4635,343.4,1.1,1.1,2009-03-21,0725,Aqua,MODIS,90,6.2,309.5,40.2,D,0
22.4042,92.4903,345.3,1.1,1.1,2009-03-21,0725,Aqua,MODIS,92,6.2,304.4,49,D,0
23.334,91.945,326.2,1.1,1,2009-03-21,0725,Aqua,MODIS,76,6.2,306.3,13.7,D,0
23.0369,92.0481,321.4,1.1,1,2009-03-21,0725,Aqua,MODIS,64,6.2,305.8,7.3,D,0
21.8633,92.5658,337.6,1.1,1,2009-03-21,0725,Aqua,MODIS,86,6.2,307.5,34.2,D,0
21.874,92.5746,322.4,1.1,1,2009-03-21,0725,Aqua,MODIS,39,6.2,304.3,11.1,D,0
23.3394,91.9864,331.9,1.1,1,2009-03-21,0725,Aqua,MODIS,82,6.2,305.5,23.1,D,0
21.9663,92.24,326.9,1.1,1,2009-03-21,0725,Aqua,MODIS,75,6.2,309.3,14.1,D,0
21.9434,92.1864,324.9,1.1,1,2009-03-21,0725,Aqua,MODIS,71,6.2,310,10.2,D,0
21.8726,92.5643,359.9,1.1,1,2009-03-21,0725,Aqua,MODIS,99,6.2,312.3,87.7,D,0
21.8712,92.5536,342.6,1.1,1,2009-03-21,0725,Aqua,MODIS,90,6.2,308.1,42.3,D,0
21.8646,92.5762,322,1.1,1,2009-03-21,0725,Aqua,MODIS,58,6.2,303.8,11.3,D,0
21.9047,92.5905,379.3,1.1,1.1,2009-03-21,0725,Aqua,MODIS,100,6.2,308.8,162.6,D,0
21.9033,92.5801,355.3,1.1,1,2009-03-21,0725,Aqua,MODIS,97,6.2,312,73.4,D,0
23.6373,92.0182,321.1,1.1,1,2009-03-21,0725,Aqua,MODIS,67,6.2,303.7,11.6,D,0
23.6387,92.0289,316.7,1.1,1,2009-03-21,0725,Aqua,MODIS,53,6.2,303.2,6.9,D,0
22.5127,92.4668,351.9,1.1,1.1,2009-03-21,0725,Aqua,MODIS,95,6.2,303.1,63.5,D,0
23.2867,92.0013,370.4,1.1,1,2009-03-21,0725,Aqua,MODIS,100,6.2,309,116.3,D,0
23.3853,91.9051,328.7,1.1,1,2009-03-21,0725,Aqua,MODIS,79,6.2,305.4,16.4,D,0
23.3867,91.9155,325.5,1.1,1,2009-03-21,0725,Aqua,MODIS,75,6.2,305.9,12.6,D,0
23.3881,91.9259,327.4,1.1,1,2009-03-21,0725,Aqua,MODIS,77,6.2,306.1,15.2,D,0
21.9127,92.5788,385.9,1.1,1,2009-03-21,0725,Aqua,MODIS,100,6.2,313.6,194.3,D,0
23.2853,91.9907,342.7,1.1,1,2009-03-21,0725,Aqua,MODIS,90,6.2,309.1,38,D,0
23.4623,91.9403,324.7,1.1,1,2009-03-21,0725,Aqua,MODIS,74,6.2,307,12.3,D,0
21.5813,92.2978,340.8,1.1,1,2009-03-21,0725,Aqua,MODIS,89,6.2,305.9,36.1,D,0
23.7036,92.1099,332.2,1.1,1,2009-03-21,0725,Aqua,MODIS,78,6.2,303.1,25.4,D,0
21.5721,92.2989,334.6,1.1,1,2009-03-21,0725,Aqua,MODIS,84,6.2,305.1,25.5,D,0
23.296,91.9999,375.1,1.1,1,2009-03-21,0725,Aqua,MODIS,100,6.2,307.3,136.3,D,0
23.3833,92.2501,321.2,1.1,1,2009-03-21,0725,Aqua,MODIS,67,6.2,306.2,9.8,D,0
23.2945,91.9892,376.8,1.1,1,2009-03-21,0725,Aqua,MODIS,100,6.2,309.1,143.6,D,0
23.3673,92.2744,319.4,1.1,1.1,2009-03-21,0725,Aqua,MODIS,52,6.2,305.2,8.5,D,0
22.4254,92.433,352.4,1.1,1,2009-03-21,0725,Aqua,MODIS,96,6.2,311.7,61.1,D,0
22.4268,92.4438,392.5,1.1,1,2009-03-21,0725,Aqua,MODIS,100,6.2,314.5,227.9,D,0
22.4282,92.4544,393.5,1.1,1,2009-03-21,0725,Aqua,MODIS,100,6.2,311,235.4,D,0
22.4188,92.4557,339.2,1.1,1,2009-03-21,0725,Aqua,MODIS,87,6.2,306.4,34.3,D,0
22.4202,92.4663,344.2,1.1,1,2009-03-21,0725,Aqua,MODIS,91,6.2,301.8,44.6,D,0
23.1908,91.8949,334.6,1.1,1,2009-03-21,0725,Aqua,MODIS,84,6.2,306.7,24.8,D,0
23.1894,91.8845,359.6,1.1,1,2009-03-21,0725,Aqua,MODIS,99,6.2,309.7,79.6,D,0
22.8144,92.3306,319.5,1.1,1,2009-03-21,0725,Aqua,MODIS,48,6.2,307.1,5.9,D,0
23.5927,92.0799,304.4,1.2,1.1,2009-03-21,1934,Aqua,MODIS,60,6.2,291.1,8.3,N,0
23.0407,92.327,304.5,1.2,1.1,2009-03-21,1934,Aqua,MODIS,60,6.2,292.8,7.1,N,0
23.4163,90.1068,324.6,1.2,1.1,2009-03-22,0455,Terra,MODIS,0,6.2,293.4,17.1,D,0
22.6057,92.4773,304.9,1.4,1.2,2009-03-22,1551,Terra,MODIS,47,6.2,292.4,8.2,N,0
22.6078,92.4901,320.6,1.4,1.2,2009-03-22,1551,Terra,MODIS,100,6.2,293.8,28.2,N,0
21.9415,92.5028,305.2,1.4,1.2,2009-03-22,1551,Terra,MODIS,63,6.2,291.8,10.5,N,0
22.3314,92.4948,306.3,1.4,1.2,2009-03-22,1551,Terra,MODIS,68,6.2,292.3,10.6,N,0
22.6262,92.4937,305.5,1.4,1.2,2009-03-22,1551,Terra,MODIS,46,6.2,293.1,9.3,N,0
22.6286,92.4861,306.5,1.4,1.2,2009-03-22,1551,Terra,MODIS,25,6.2,293.2,9.4,N,0
22.8151,92.3483,315.7,3,1.7,2009-03-23,0400,Terra,MODIS,59,6.2,297,35.6,D,0
21.8974,92.3399,312.9,3,1.6,2009-03-23,0400,Terra,MODIS,34,6.2,298.4,22.6,D,0
21.9722,92.4999,317.8,2.9,1.6,2009-03-23,0400,Terra,MODIS,64,6.2,300.1,39.7,D,0
21.9738,92.5053,323.2,2.9,1.6,2009-03-23,0400,Terra,MODIS,74,6.2,300.2,60.8,D,0
21.9697,92.5261,317.1,2.9,1.6,2009-03-23,0400,Terra,MODIS,62,6.2,300,38,D,0
22.817,92.3277,315.2,3,1.7,2009-03-23,0400,Terra,MODIS,59,6.2,296.9,32.9,D,0
22.8146,92.355,312.8,3,1.7,2009-03-23,0400,Terra,MODIS,55,6.2,296.9,22.8,D,0
21.881,92.3203,336.4,1,1,2009-03-23,0712,Aqua,MODIS,86,6.2,306.1,30.3,D,0
21.8916,92.329,325.3,1,1,2009-03-23,0712,Aqua,MODIS,75,6.2,305.1,15.1,D,0
21.8825,92.3305,354,1,1,2009-03-23,0712,Aqua,MODIS,97,6.2,307.6,65.7,D,0
21.6031,92.3167,325.6,1,1,2009-03-23,0712,Aqua,MODIS,75,6.2,305.8,13.3,D,0
21.9031,92.5895,327.4,1,1,2009-03-23,0712,Aqua,MODIS,77,6.2,307.2,16.2,D,0
21.8941,92.5911,328.6,1,1,2009-03-23,0712,Aqua,MODIS,78,6.2,305.8,17.2,D,0
21.513,92.4499,339.3,1,1,2009-03-23,0712,Aqua,MODIS,88,6.2,305.1,32.9,D,0
21.9127,92.2225,325.7,1,1,2009-03-23,0712,Aqua,MODIS,75,6.2,306.3,13.3,D,0
21.3533,92.0747,320,1.1,1,2009-03-23,0712,Aqua,MODIS,64,6.2,304.3,8.8,D,0
21.9142,92.2325,321.1,1,1,2009-03-23,0712,Aqua,MODIS,67,6.2,305.6,8.6,D,0
21.5115,92.44,409.5,1,1,2009-03-23,0712,Aqua,MODIS,100,6.2,313.8,320.1,D,0
21.966,92.5782,374,1,1,2009-03-23,0712,Aqua,MODIS,100,6.2,306.3,125.3,D,0
21.6122,92.3151,333.6,1,1,2009-03-23,0712,Aqua,MODIS,83,6.2,306,23.4,D,0
21.9157,92.2425,322.2,1,1,2009-03-23,0712,Aqua,MODIS,69,6.2,306.1,9.2,D,0
21.3759,92.3948,334.7,1,1,2009-03-23,0712,Aqua,MODIS,85,6.2,305.2,28.4,D,0
23.5133,91.9485,376.1,1,1,2009-03-23,0713,Aqua,MODIS,94,6.2,305,132.3,D,0
23.0785,92.3124,349,1,1,2009-03-23,0713,Aqua,MODIS,94,6.2,300.1,52,D,0
22.4204,92.0438,320.3,1,1,2009-03-23,0713,Aqua,MODIS,53,6.2,306.3,7.7,D,0
22.3356,92.0965,321.6,1,1,2009-03-23,0713,Aqua,MODIS,68,6.2,304.8,8.7,D,0
22.9735,92.2858,324.7,1,1,2009-03-23,0713,Aqua,MODIS,74,6.2,303.1,11.5,D,0
22.2622,92.2788,322,1,1,2009-03-23,0713,Aqua,MODIS,69,6.2,305.3,7.9,D,0
22.1852,92.1393,324,1,1,2009-03-23,0713,Aqua,MODIS,72,6.2,305.4,10.7,D,0
23.0169,92.3288,321,1,1,2009-03-23,0713,Aqua,MODIS,36,6.2,301.1,7.5,D,0
23.243,91.872,340,1,1,2009-03-23,0713,Aqua,MODIS,89,6.2,302.1,34.2,D,0
22.6313,92.3411,343.6,1,1,2009-03-23,0713,Aqua,MODIS,91,6.2,304.5,40.2,D,0
22.6237,92.3523,319.3,1,1,2009-03-23,0713,Aqua,MODIS,64,6.2,304.4,6.2,D,0
23.5072,92.2148,367.4,1,1,2009-03-23,0713,Aqua,MODIS,100,6.2,307.1,102.2,D,0
23.4937,91.9417,323.9,1,1,2009-03-23,0713,Aqua,MODIS,74,6.2,304.3,11.5,D,0
23.4952,91.9518,323.2,1,1,2009-03-23,0713,Aqua,MODIS,73,6.2,303.6,11.2,D,0
23.8743,89.5642,321.7,1.3,1.1,2009-03-23,0713,Aqua,MODIS,61,6.2,307.2,10.9,D,0
22.8767,91.9524,336.5,1,1,2009-03-23,0713,Aqua,MODIS,86,6.2,298,28.6,D,0
22.9411,92.3187,320.2,1,1,2009-03-23,0713,Aqua,MODIS,55,6.2,301.6,7.9,D,0
22.951,92.3203,317.9,1,1,2009-03-23,0713,Aqua,MODIS,50,6.2,300.1,5.7,D,0
22.8782,91.9625,340.1,1,1,2009-03-23,0713,Aqua,MODIS,89,6.2,300.1,34.6,D,0
22.8798,91.9727,334.5,1,1,2009-03-23,0713,Aqua,MODIS,79,6.2,299,25.5,D,0
22.8692,91.9642,347,1,1,2009-03-23,0713,Aqua,MODIS,93,6.2,301.6,48.9,D,0
23.5087,92.2246,356.3,1,1,2009-03-23,0713,Aqua,MODIS,98,6.2,302.2,70.5,D,0
23.4194,91.9412,323.6,1,1,2009-03-23,0713,Aqua,MODIS,74,6.2,304,11.6,D,0
22.1168,92.5391,318,1,1,2009-03-23,0713,Aqua,MODIS,58,6.2,304.6,6.4,D,0
22.3218,92.4907,321.5,1,1,2009-03-23,0713,Aqua,MODIS,63,6.2,307.2,8,D,0
23.4013,91.9444,339.6,1,1,2009-03-23,0713,Aqua,MODIS,89,6.2,305.8,31.9,D,0
22.6445,92.4294,358.8,1,1,2009-03-23,0713,Aqua,MODIS,99,6.2,307.5,73.2,D,0
22.646,92.4392,327.6,1,1,2009-03-23,0713,Aqua,MODIS,78,6.2,307.1,14.5,D,0
22.6326,92.4113,323,1,1,2009-03-23,0713,Aqua,MODIS,69,6.2,306.1,9.2,D,0
23.0107,91.9263,323.1,1,1,2009-03-23,0713,Aqua,MODIS,72,6.2,304.3,9.6,D,0
22.2843,92.4873,322.2,1,1,2009-03-23,0713,Aqua,MODIS,69,6.2,302.6,10.2,D,0
23.0289,91.923,324.3,1,1,2009-03-23,0713,Aqua,MODIS,74,6.2,303.5,11.1,D,0
23.0667,91.9265,324.1,1,1,2009-03-23,0713,Aqua,MODIS,72,6.2,302.5,11.2,D,0
23.3907,91.9361,322.9,1,1,2009-03-23,0713,Aqua,MODIS,72,6.2,305.7,9.6,D,0
23.3922,91.9461,322.1,1,1,2009-03-23,0713,Aqua,MODIS,71,6.2,306,8.7,D,0
23.3756,91.9594,330.7,1,1,2009-03-23,0713,Aqua,MODIS,66,6.2,305.6,17.7,D,0
22.6236,92.4129,391.7,1,1,2009-03-23,0713,Aqua,MODIS,100,6.2,309.6,201.6,D,0
22.6251,92.4227,342.9,1,1,2009-03-23,0713,Aqua,MODIS,91,6.2,303.5,36.9,D,0
22.6146,92.4145,326.9,1,1,2009-03-23,0713,Aqua,MODIS,77,6.2,305,14.2,D,0
23.4877,92.2081,352.7,1,1,2009-03-23,0713,Aqua,MODIS,96,6.2,305.9,60.4,D,0
23.3772,91.9694,345.5,1,1,2009-03-23,0713,Aqua,MODIS,92,6.2,306.3,43.8,D,0
22.3861,92.494,321.2,1,1,2009-03-23,0713,Aqua,MODIS,67,6.2,305.2,9,D,0
23.3666,91.961,338.7,1,1,2009-03-23,0713,Aqua,MODIS,88,6.2,304,30.8,D,0
23.4657,92.2491,320,1,1,2009-03-23,0713,Aqua,MODIS,52,6.2,304,9.3,D,0
22.4084,92.1487,321,1,1,2009-03-23,0713,Aqua,MODIS,64,6.2,306.1,7.2,D,0
23.1535,90.3686,325.6,1.2,1.1,2009-03-23,0713,Aqua,MODIS,65,6.2,309.3,16.6,D,0
23.3681,91.9711,324,1,1,2009-03-23,0713,Aqua,MODIS,41,6.2,302.1,11,D,0
23.3294,91.9527,330.7,1,1,2009-03-23,0713,Aqua,MODIS,82,6.2,306.6,19.7,D,0
22.9691,91.9497,322.1,1,1,2009-03-23,0713,Aqua,MODIS,70,6.2,301.9,10.7,D,0
24.2666,89.2716,315.3,1.3,1.1,2009-03-23,0713,Aqua,MODIS,52,6.2,301.4,8.4,D,0
22.3701,92.3253,322.8,1,1,2009-03-23,0713,Aqua,MODIS,60,6.2,303.8,8.2,D,0
22.3926,92.3514,332.7,1,1,2009-03-23,0713,Aqua,MODIS,82,6.2,303.5,22.3,D,0
22.3911,92.3416,353.8,1,1,2009-03-23,0713,Aqua,MODIS,97,6.2,306.3,61.7,D,0
23.0648,91.7956,356.3,1.1,1,2009-03-23,0713,Aqua,MODIS,98,6.2,302.7,71,D,0
23.7134,92.2365,317.3,1,1,2009-03-23,0713,Aqua,MODIS,62,6.2,301.5,7.1,D,0
23.5551,92.0479,313.6,1,1,2009-03-23,0713,Aqua,MODIS,43,6.2,298,4.9,D,0
23.5178,92.1011,322.8,1,1,2009-03-23,0713,Aqua,MODIS,73,6.2,302.2,13.8,D,0
23.1018,92.0368,331.4,1,1,2009-03-23,0713,Aqua,MODIS,82,6.2,302.2,21.2,D,0
23.4299,91.8877,320.4,1,1,2009-03-23,0713,Aqua,MODIS,54,6.2,305.9,5.5,D,0
23.4118,91.891,328.3,1,1,2009-03-23,0713,Aqua,MODIS,79,6.2,306.2,15.7,D,0
23.0847,92.1691,319.8,1,1,2009-03-23,0713,Aqua,MODIS,45,6.2,301,9.4,D,0
23.5193,92.111,318,1,1,2009-03-23,0713,Aqua,MODIS,64,6.2,302.1,9.1,D,0
22.6043,91.9158,321.9,1.1,1,2009-03-23,0713,Aqua,MODIS,70,6.2,304.5,9.3,D,0
23.4967,92.2065,356.6,1,1,2009-03-23,0713,Aqua,MODIS,98,6.2,308,70.3,D,0
23.24,91.9756,343.9,1,1,2009-03-23,0713,Aqua,MODIS,91,6.2,305.9,39.8,D,0
23.2461,91.9539,320.2,1,1,2009-03-23,0713,Aqua,MODIS,68,6.2,306.1,6.5,D,0
23.4982,92.2164,414.6,1,1,2009-03-23,0713,Aqua,MODIS,100,6.2,318.1,353.3,D,0
23.4907,92.2279,353.5,1,1,2009-03-23,0713,Aqua,MODIS,91,6.2,296.4,62,D,0
22.8062,92.3382,324.2,1,1,2009-03-23,0713,Aqua,MODIS,73,6.2,303.8,11.5,D,0
22.8047,92.3284,322.2,1,1,2009-03-23,0713,Aqua,MODIS,70,6.2,303.1,9.5,D,0
24.3614,91.7009,319.6,1,1,2009-03-23,0713,Aqua,MODIS,37,6.2,306.8,8.2,D,0
22.0339,92.419,319.9,1,1,2009-03-23,0713,Aqua,MODIS,65,6.2,307.3,6.2,D,0
23.4997,92.2263,359.5,1,1,2009-03-23,0713,Aqua,MODIS,94,6.2,300.7,77.8,D,0
22.5415,92.4846,324.6,1,1,2009-03-23,0713,Aqua,MODIS,73,6.2,304.6,11.7,D,0
23.1516,92.0586,337.4,1,1,2009-03-23,0713,Aqua,MODIS,67,6.2,297.6,29.9,D,0
23.1887,92.0054,321.2,1,1,2009-03-23,0713,Aqua,MODIS,70,6.2,303.3,9.1,D,0
23.2415,91.9856,326.6,1,1,2009-03-23,0713,Aqua,MODIS,77,6.2,305.4,12.9,D,0
23.2536,92.0041,330.4,1,1,2009-03-23,0713,Aqua,MODIS,75,6.2,305,18.8,D,0
23.5884,89.6407,321.8,1.3,1.1,2009-03-23,0713,Aqua,MODIS,57,6.2,306.6,8.9,D,0
23.6204,89.6471,323.1,1.3,1.1,2009-03-23,0713,Aqua,MODIS,56,6.2,307.1,11.8,D,0
23.0079,92.3304,320.8,1,1,2009-03-23,0713,Aqua,MODIS,52,6.2,301,7.7,D,0
23.0065,92.3207,322.3,1,1,2009-03-23,0713,Aqua,MODIS,69,6.2,302.5,9.8,D,0
22.8857,91.5887,320.1,1.1,1,2009-03-23,0713,Aqua,MODIS,66,6.2,302.7,8.9,D,0
23.1189,92.3355,322.9,1,1,2009-03-23,0713,Aqua,MODIS,67,6.2,294.5,10.6,D,0
22.6565,92.4475,333.7,1,1,2009-03-23,0713,Aqua,MODIS,84,6.2,307.8,22,D,0
22.6579,92.4574,340,1,1,2009-03-23,0713,Aqua,MODIS,89,6.2,306.6,31.8,D,0
23.3998,92.2405,318.5,1,1,2009-03-23,0713,Aqua,MODIS,65,6.2,303.4,8.5,D,0
23.3833,92.1881,325.3,1,1,2009-03-23,0713,Aqua,MODIS,76,6.2,304.3,14.4,D,0
22.2382,92.5525,324.2,1,1,2009-03-23,0713,Aqua,MODIS,73,6.2,303.1,13.6,D,0
23.1305,92.0419,384.5,1,1,2009-03-23,0713,Aqua,MODIS,100,6.2,308,169.5,D,0
23.132,92.0519,394.5,1,1,2009-03-23,0713,Aqua,MODIS,94,6.2,301.3,219.8,D,0
23.126,92.0734,337.5,1,1,2009-03-23,0713,Aqua,MODIS,67,6.2,296.1,29,D,0
23.1124,92.0452,339.4,1,1,2009-03-23,0713,Aqua,MODIS,85,6.2,303.4,32.2,D,0
23.1185,92.085,335.6,1,1,2009-03-23,0713,Aqua,MODIS,54,6.2,297.9,26,D,0
23.1034,92.0468,341.7,1,1,2009-03-23,0713,Aqua,MODIS,90,6.2,302.8,37.5,D,0
23.1049,92.0568,325.7,1,1,2009-03-23,0713,Aqua,MODIS,64,6.2,302.2,13.2,D,0
24.5132,92.0983,320.3,1,1,2009-03-23,0713,Aqua,MODIS,65,6.2,305.5,7.8,D,0
23.1028,91.7992,325.1,1.1,1,2009-03-23,0713,Aqua,MODIS,75,6.2,304,13.3,D,0
22.2064,92.2174,320.4,1,1,2009-03-23,0713,Aqua,MODIS,66,6.2,304.1,7.4,D,0
22.6069,92.4863,326.3,1,1,2009-03-23,0713,Aqua,MODIS,67,6.2,306.3,13.5,D,0
22.6055,92.4766,328.1,1,1,2009-03-23,0713,Aqua,MODIS,77,6.2,307.1,14.8,D,0
22.6159,92.4848,342.7,1,1,2009-03-23,0713,Aqua,MODIS,90,6.2,306.5,37.2,D,0
22.6145,92.4751,341.5,1,1,2009-03-23,0713,Aqua,MODIS,90,6.2,308,34.5,D,0
22.6264,92.4929,319.5,1,1,2009-03-23,0713,Aqua,MODIS,36,6.2,304,6.2,D,0
22.2829,92.4776,326.2,1,1,2009-03-23,0713,Aqua,MODIS,76,6.2,303.8,15.1,D,0
23.549,91.9467,358.3,1,1,2009-03-23,0713,Aqua,MODIS,99,6.2,305.9,75.4,D,0
23.54,91.9483,423.5,1,1,2009-03-23,0713,Aqua,MODIS,100,6.2,316.5,436.3,D,0
23.5415,91.9583,381.2,1,1,2009-03-23,0713,Aqua,MODIS,100,6.2,304.1,157.1,D,0
23.5314,91.9452,352.2,1,1,2009-03-23,0713,Aqua,MODIS,91,6.2,299.1,58,D,0
23.5149,91.9587,347.7,1,1,2009-03-23,0713,Aqua,MODIS,81,6.2,300.3,48.3,D,0
23.5351,91.9541,335,2.1,1.4,2009-03-23,1634,Terra,MODIS,100,6.2,293.8,103.5,N,0
23.5373,91.975,302.5,2.1,1.4,2009-03-23,1634,Terra,MODIS,50,6.2,291.6,14.1,N,0
22.9857,92.291,305.7,2.1,1.4,2009-03-23,1634,Terra,MODIS,64,6.2,293.2,16.4,N,0
22.9854,92.2856,307.9,2.1,1.4,2009-03-23,1634,Terra,MODIS,73,6.2,293,22.3,N,0
22.5465,92.4902,307.6,1.8,1.3,2009-03-23,1922,Aqua,MODIS,72,6.2,293.9,17,N,0
22.7388,92.2205,341.4,1.1,1,2009-03-24,0443,Terra,MODIS,90,6.2,307.3,40.4,D,0
22.9451,92.3248,322.4,1.1,1,2009-03-24,0443,Terra,MODIS,73,6.2,305.8,13.3,D,0
24.1153,89.3806,323.9,1,1,2009-03-24,0443,Terra,MODIS,62,6.2,305,12.2,D,0
21.3866,92.1862,332.7,1.1,1.1,2009-03-24,0443,Terra,MODIS,84,6.2,306.5,26.8,D,0
21.3883,92.1754,322.1,1.1,1.1,2009-03-24,0443,Terra,MODIS,73,6.2,306.1,11.7,D,0
22.0503,92.2617,319.5,1.1,1.1,2009-03-24,0443,Terra,MODIS,69,6.2,303,11,D,0
21.2029,92.1188,328.2,1.1,1.1,2009-03-24,0443,Terra,MODIS,80,6.2,305.5,20.3,D,0
22.3815,92.5013,315.2,1.1,1.1,2009-03-24,0443,Terra,MODIS,55,6.2,301.2,6.9,D,0
23.057,92.0838,405.6,1.1,1,2009-03-24,0443,Terra,MODIS,100,6.2,316.4,307.2,D,0
22.7405,92.2103,322.6,1.1,1,2009-03-24,0443,Terra,MODIS,73,6.2,306.7,11.6,D,0
22.7084,92.3716,326.8,1.1,1,2009-03-24,0443,Terra,MODIS,78,6.2,304.4,18.9,D,0
22.71,92.3612,333.9,1.1,1,2009-03-24,0443,Terra,MODIS,85,6.2,305.4,29.7,D,0
22.5396,92.4873,321.2,1.1,1.1,2009-03-24,0443,Terra,MODIS,70,6.2,304.1,11.3,D,0
22.5378,92.4985,329.2,1.1,1.1,2009-03-24,0443,Terra,MODIS,80,6.2,303.5,22.5,D,0
23.0587,92.0737,359.1,1.1,1,2009-03-24,0443,Terra,MODIS,99,6.2,307.9,80.6,D,0
23.0662,92.0855,322.3,1.1,1,2009-03-24,0443,Terra,MODIS,73,6.2,308.7,9.8,D,0
21.8898,92.3245,315,1.1,1.1,2009-03-24,0443,Terra,MODIS,59,6.2,303.2,6.8,D,0
22.2884,92.4454,325.6,1.1,1.1,2009-03-24,0443,Terra,MODIS,77,6.2,302.9,17.9,D,0
23.0554,92.0941,343.1,1.1,1,2009-03-24,0443,Terra,MODIS,91,6.2,308.8,41.9,D,0
22.2867,92.4558,358.2,1.1,1.1,2009-03-24,0443,Terra,MODIS,99,6.2,303.9,87.6,D,0
24.1559,89.3563,318.2,1,1,2009-03-24,0443,Terra,MODIS,23,6.2,304.7,8.4,D,0
22.7333,92.2138,319.9,1.1,1,2009-03-24,0443,Terra,MODIS,0,6.2,306,9.1,D,0
23.0761,92.3227,322.1,1.1,1,2009-03-24,0443,Terra,MODIS,72,6.2,304.7,11.5,D,0
23.5312,91.9486,321.5,1.1,1,2009-03-24,0443,Terra,MODIS,62,6.2,305.9,9.2,D,0
22.2772,92.4543,319,1.1,1.1,2009-03-24,0443,Terra,MODIS,67,6.2,299.3,11.1,D,0
22.0487,92.2718,335.4,1.1,1.1,2009-03-24,0443,Terra,MODIS,86,6.2,303.5,33.5,D,0
22.8454,91.6099,317.5,1,1,2009-03-24,0443,Terra,MODIS,55,6.2,305,5.9,D,0
22.8348,91.6183,318.4,1,1,2009-03-24,0443,Terra,MODIS,63,6.2,305.7,6.7,D,0
22.1189,92.2511,325,3.5,1.8,2009-03-24,0755,Aqua,MODIS,63,6.2,304,71.1,D,0
22.1273,92.2453,319.9,3.5,1.8,2009-03-24,0755,Aqua,MODIS,56,6.2,304.6,41.3,D,0
21.2005,92.0773,339.9,3.3,1.7,2009-03-24,0755,Aqua,MODIS,68,6.2,301.6,199.8,D,0
21.2036,92.1092,325.2,3.3,1.7,2009-03-24,0755,Aqua,MODIS,78,6.2,302.1,84.4,D,0
21.1417,92.1155,339.6,3.3,1.7,2009-03-24,0755,Aqua,MODIS,68,6.2,301.8,201.4,D,0
21.5832,92.4768,328.5,3.6,1.8,2009-03-24,0755,Aqua,MODIS,81,6.2,301.7,117.3,D,0
21.5801,92.444,326.5,3.6,1.8,2009-03-24,0755,Aqua,MODIS,80,6.2,304.4,100.2,D,0
21.5991,92.475,345.1,3.6,1.8,2009-03-24,0755,Aqua,MODIS,93,6.2,304.2,279.7,D,0
21.596,92.4421,343.5,3.6,1.8,2009-03-24,0755,Aqua,MODIS,92,6.2,306.4,258.3,D,0
21.5908,92.4715,350,3.6,1.8,2009-03-24,0755,Aqua,MODIS,95,6.2,303.6,342.6,D,0
21.588,92.4385,336.2,3.6,1.8,2009-03-24,0755,Aqua,MODIS,87,6.2,305.7,180.7,D,0
21.2901,92.5953,315.9,3.6,1.8,2009-03-24,0755,Aqua,MODIS,65,6.2,301.9,40.1,D,0
21.6068,92.4696,334.9,3.6,1.8,2009-03-24,0755,Aqua,MODIS,86,6.2,303.7,169.9,D,0
21.604,92.4373,327.5,3.6,1.8,2009-03-24,0755,Aqua,MODIS,81,6.2,304.9,105.4,D,0
21.5135,92.417,318.2,3.6,1.8,2009-03-24,0755,Aqua,MODIS,69,6.2,304.3,44.9,D,0
21.5032,92.426,321.7,3.6,1.8,2009-03-24,0755,Aqua,MODIS,67,6.2,304.4,64.4,D,0
22.1158,92.2171,325.3,3.5,1.8,2009-03-24,0755,Aqua,MODIS,62,6.2,304.9,73.9,D,0
21.5164,92.4508,323.8,3.6,1.8,2009-03-24,0755,Aqua,MODIS,77,6.2,304.2,84.6,D,0
21.5063,92.4591,318.4,3.6,1.8,2009-03-24,0755,Aqua,MODIS,42,6.2,303.3,46.9,D,0
21.5832,92.306,322.2,3.5,1.8,2009-03-24,0755,Aqua,MODIS,75,6.2,304.1,62,D,0
21.592,92.3013,319.6,3.5,1.8,2009-03-24,0755,Aqua,MODIS,71,6.2,304,47.2,D,0
21.1955,92.0723,334.1,3.3,1.7,2009-03-24,0755,Aqua,MODIS,65,6.2,301.3,149.7,D,0
21.1983,92.1042,332.7,3.3,1.7,2009-03-24,0755,Aqua,MODIS,85,6.2,301.9,138.6,D,0
21.5315,92.3388,315.9,3.5,1.8,2009-03-24,0755,Aqua,MODIS,65,6.2,303.2,27.4,D,0
22.1114,92.2458,321.9,3.5,1.8,2009-03-24,0755,Aqua,MODIS,71,6.2,303.3,54.3,D,0
22.3724,92.5131,326,3.7,1.8,2009-03-24,0756,Aqua,MODIS,68,6.2,304,79.3,D,0
22.2788,92.2875,320.2,3.6,1.8,2009-03-24,0756,Aqua,MODIS,63,6.2,304.8,42.1,D,0
22.2867,92.2915,323.8,3.6,1.8,2009-03-24,0756,Aqua,MODIS,74,6.2,305.1,62.6,D,0
22.3183,92.4615,352.1,3.7,1.8,2009-03-24,0756,Aqua,MODIS,96,6.2,306.1,352.4,D,0
22.3252,92.4563,332.4,3.7,1.8,2009-03-24,0756,Aqua,MODIS,78,6.2,304.4,127.3,D,0
22.3546,92.4202,325.9,3.6,1.8,2009-03-24,0756,Aqua,MODIS,41,6.2,305.2,70.7,D,0
22.3737,92.4529,360.9,3.7,1.8,2009-03-24,0756,Aqua,MODIS,100,6.2,309.2,496.4,D,0
22.3706,92.4182,330.3,3.6,1.8,2009-03-24,0756,Aqua,MODIS,81,6.2,307,112,D,0
22.348,92.4126,322.4,3.6,1.8,2009-03-24,0756,Aqua,MODIS,52,6.2,304.9,49.7,D,0
22.3669,92.4455,338.3,3.7,1.8,2009-03-24,0756,Aqua,MODIS,88,6.2,307.3,182.4,D,0
22.3641,92.4112,337.7,3.6,1.8,2009-03-24,0756,Aqua,MODIS,87,6.2,306.6,177.9,D,0
22.4209,92.5084,326.2,3.7,1.8,2009-03-24,0756,Aqua,MODIS,73,6.2,306.5,71.7,D,0
22.4282,92.4028,324.7,3.6,1.8,2009-03-24,0756,Aqua,MODIS,68,6.2,307.2,70.5,D,0
22.6963,92.3967,317.7,3.7,1.8,2009-03-24,0756,Aqua,MODIS,53,6.2,304.5,36.4,D,0
22.4181,92.4746,326.1,3.7,1.8,2009-03-24,0756,Aqua,MODIS,52,6.2,307.4,67,D,0
22.3858,92.478,339.6,3.7,1.8,2009-03-24,0756,Aqua,MODIS,79,6.2,306.8,184.6,D,0
22.3766,92.4866,354.4,3.7,1.8,2009-03-24,0756,Aqua,MODIS,97,6.2,306.8,390.5,D,0
23.0907,92.0545,324.5,3.5,1.8,2009-03-24,0756,Aqua,MODIS,70,6.2,303.2,71.6,D,0
22.3091,92.4572,345.3,3.7,1.8,2009-03-24,0756,Aqua,MODIS,92,6.2,305.9,262.6,D,0
22.286,92.4639,342.5,3.7,1.8,2009-03-24,0756,Aqua,MODIS,85,6.2,304.2,233,D,0
22.2827,92.4271,336.3,3.6,1.8,2009-03-24,0756,Aqua,MODIS,68,6.2,306.1,163,D,0
22.3021,92.4624,334.2,3.7,1.8,2009-03-24,0756,Aqua,MODIS,54,6.2,304.4,144.7,D,0
22.2769,92.4604,332.9,3.7,1.8,2009-03-24,0756,Aqua,MODIS,72,6.2,304,142.2,D,0
22.293,92.4586,348.3,3.7,1.8,2009-03-24,0756,Aqua,MODIS,94,6.2,305,308.2,D,0
23.1016,92.0454,322.9,3.5,1.8,2009-03-24,0756,Aqua,MODIS,73,6.2,303.9,64.5,D,0
22.2816,92.3216,321.6,3.6,1.8,2009-03-24,0756,Aqua,MODIS,70,6.2,304.9,50.5,D,0
22.2898,92.3253,321,3.6,1.8,2009-03-24,0756,Aqua,MODIS,39,6.2,305.4,44.1,D,0
22.748,91.9378,330.8,3.4,1.7,2009-03-24,0756,Aqua,MODIS,81,6.2,305.2,116.8,D,0
22.7509,91.9706,323.1,3.4,1.7,2009-03-24,0756,Aqua,MODIS,72,6.2,304.5,65.3,D,0
23.1153,92.3302,333.6,3.7,1.8,2009-03-24,0756,Aqua,MODIS,85,6.2,305.4,144.8,D,0
22.9897,92.2784,323.8,3.6,1.8,2009-03-24,0756,Aqua,MODIS,56,6.2,305,69.3,D,0
22.9781,91.9675,321.1,3.4,1.7,2009-03-24,0756,Aqua,MODIS,70,6.2,302.4,53.8,D,0
22.3796,92.5205,331.1,3.7,1.8,2009-03-24,0756,Aqua,MODIS,82,6.2,304.7,117.5,D,0
22.5511,92.4238,345.7,3.7,1.8,2009-03-24,0756,Aqua,MODIS,92,6.2,306.3,277.9,D,0
22.5472,92.451,324.5,3.7,1.8,2009-03-24,0756,Aqua,MODIS,74,6.2,306.4,74.1,D,0
22.5444,92.4169,340.1,3.7,1.8,2009-03-24,0756,Aqua,MODIS,89,6.2,305.8,211.3,D,0
22.3697,92.4802,355.2,3.7,1.8,2009-03-24,0756,Aqua,MODIS,97,6.2,306.2,402.2,D,0
22.3121,92.4937,339.9,3.7,1.8,2009-03-24,0756,Aqua,MODIS,89,6.2,303.2,203.7,D,0
22.3215,92.4972,333.6,3.7,1.8,2009-03-24,0756,Aqua,MODIS,55,6.2,303.8,131.6,D,0
22.3675,92.3836,323.4,3.6,1.8,2009-03-24,0756,Aqua,MODIS,73,6.2,305.5,58.5,D,0
23.2337,91.8515,321,3.4,1.7,2009-03-24,0756,Aqua,MODIS,69,6.2,302.2,52.5,D,0
23.2345,91.8269,318.7,3.4,1.7,2009-03-24,0756,Aqua,MODIS,50,6.2,302.9,36.4,D,0
23.2982,91.9418,314.2,3.4,1.7,2009-03-24,0756,Aqua,MODIS,16,6.2,298.3,22.4,D,0
23.2734,91.9485,317.3,3.4,1.7,2009-03-24,0756,Aqua,MODIS,36,6.2,300.2,34.7,D,0
22.9874,91.9617,322.2,3.4,1.7,2009-03-24,0756,Aqua,MODIS,70,6.2,302.4,57.9,D,0
22.6884,92.1194,318.4,3.5,1.8,2009-03-24,0756,Aqua,MODIS,47,6.2,303,36.8,D,0
22.6853,92.0839,321.1,3.5,1.8,2009-03-24,0756,Aqua,MODIS,68,6.2,304.1,52.1,D,0
22.6836,92.1117,320.3,3.5,1.8,2009-03-24,0756,Aqua,MODIS,16,6.2,303.3,41.1,D,0
23.1309,91.903,330.7,3.4,1.7,2009-03-24,0756,Aqua,MODIS,82,6.2,303,116.9,D,0
23.1153,91.9046,332.9,3.4,1.7,2009-03-24,0756,Aqua,MODIS,84,6.2,303.1,134.3,D,0
23.1371,91.9069,331.5,3.4,1.7,2009-03-24,0756,Aqua,MODIS,83,6.2,302.7,123.9,D,0
23.1215,91.9086,341.8,3.4,1.7,2009-03-24,0756,Aqua,MODIS,90,6.2,303.4,218.5,D,0
23.1058,91.91,318.7,3.4,1.7,2009-03-24,0756,Aqua,MODIS,62,6.2,302.5,43,D,0
23.3603,92.3192,316.9,3.7,1.8,2009-03-24,0756,Aqua,MODIS,60,6.2,300.8,42.3,D,0
23.3504,92.2881,319.2,3.7,1.8,2009-03-24,0756,Aqua,MODIS,67,6.2,300.3,57.3,D,0
23.3535,92.3245,319.7,3.7,1.8,2009-03-24,0756,Aqua,MODIS,68,6.2,301,61.4,D,0
23.1086,92.3233,329.4,3.7,1.8,2009-03-24,0756,Aqua,MODIS,77,6.2,304.8,110.6,D,0
23.016,91.9269,321.9,3.4,1.7,2009-03-24,0756,Aqua,MODIS,63,6.2,303.2,53.7,D,0
23.0344,91.9567,319.1,3.4,1.7,2009-03-24,0756,Aqua,MODIS,28,6.2,303.5,39.4,D,0
23.0302,91.9496,322.8,3.4,1.7,2009-03-24,0756,Aqua,MODIS,53,6.2,304,58.8,D,0
23.1179,91.9371,322.4,3.4,1.7,2009-03-24,0756,Aqua,MODIS,67,6.2,301.6,57,D,0
23.1336,91.9353,318.4,3.4,1.7,2009-03-24,0756,Aqua,MODIS,41,6.2,301.1,34,D,0
23.2717,92.1199,321.5,3.6,1.8,2009-03-24,0756,Aqua,MODIS,71,6.2,303.7,59.3,D,0
23.564,92.2143,322.2,3.6,1.8,2009-03-24,0756,Aqua,MODIS,72,6.2,302.6,81.3,D,0
23.5666,92.2465,323,3.7,1.8,2009-03-24,0756,Aqua,MODIS,73,6.2,301.8,86.4,D,0
22.5247,92.4955,326.7,3.7,1.8,2009-03-24,0756,Aqua,MODIS,77,6.2,306,88.3,D,0
22.5217,92.4599,319.6,3.7,1.8,2009-03-24,0756,Aqua,MODIS,66,6.2,306.7,40.9,D,0
22.9811,92.2747,321.9,3.6,1.8,2009-03-24,0756,Aqua,MODIS,54,6.2,304.9,56.4,D,0
22.3159,92.4602,305.5,2.3,1.5,2009-03-24,1538,Terra,MODIS,53,6.2,294.2,16.5,N,0
22.4165,92.4299,305.2,2.3,1.5,2009-03-24,1538,Terra,MODIS,63,6.2,292.9,19,N,0
22.0097,92.4539,306.1,2.3,1.5,2009-03-24,1538,Terra,MODIS,67,6.2,294,21.7,N,0
22.4123,92.4074,312,2.3,1.5,2009-03-24,1538,Terra,MODIS,84,6.2,293.7,35.9,N,0
22.5078,92.4958,309.9,2.3,1.5,2009-03-24,1538,Terra,MODIS,79,6.2,295.2,27.8,N,0
22.3295,92.3885,309.7,2.3,1.5,2009-03-24,1538,Terra,MODIS,78,6.2,294.7,28.9,N,0
22.3388,92.3785,309.2,2.3,1.5,2009-03-24,1538,Terra,MODIS,58,6.2,293.9,25.7,N,0
22.3288,92.4565,304.8,2.3,1.5,2009-03-24,1538,Terra,MODIS,38,6.2,294.2,15.2,N,0
22.7973,92.3433,308.3,2.3,1.5,2009-03-24,1539,Terra,MODIS,74,6.2,294.9,25.3,N,0
23.5788,92.0807,308,2.3,1.5,2009-03-24,1539,Terra,MODIS,73,6.2,294.2,26.6,N,0
22.9854,92.287,302.7,2.3,1.5,2009-03-24,1539,Terra,MODIS,31,6.2,292.4,12.6,N,0
23.0855,92.3283,305,2.3,1.5,2009-03-24,1539,Terra,MODIS,26,6.2,294.1,17,N,0
23.0831,92.3227,307.3,2.3,1.5,2009-03-24,1539,Terra,MODIS,67,6.2,294.5,22.8,N,0
23.4822,91.9753,306,2.4,1.5,2009-03-24,1539,Terra,MODIS,67,6.2,293.5,23.3,N,0
23.5568,91.9532,304.1,2.4,1.5,2009-03-24,1539,Terra,MODIS,58,6.2,293.7,20.5,N,0
22.7946,92.3389,310.5,2.3,1.5,2009-03-24,1539,Terra,MODIS,80,6.2,295.2,30,N,0
23.582,92.0865,303.9,2.3,1.5,2009-03-24,1539,Terra,MODIS,58,6.2,293.9,17.6,N,0
22.2539,92.4792,304,1.7,1.3,2009-03-24,2005,Aqua,MODIS,58,6.2,292.5,12.7,N,0
23.0405,91.9633,316.5,1.5,1.2,2009-03-24,2005,Aqua,MODIS,93,6.2,293.1,27,N,0
22.5053,92.4984,305.7,1.7,1.3,2009-03-24,2005,Aqua,MODIS,65,6.2,293.7,13.8,N,0
22.3942,92.4795,309,1.7,1.3,2009-03-24,2005,Aqua,MODIS,76,6.2,291.8,19.4,N,0
22.5021,92.5155,302.9,1.7,1.3,2009-03-24,2005,Aqua,MODIS,32,6.2,292.1,10.5,N,0
22.5043,92.5105,311.5,1.7,1.3,2009-03-24,2005,Aqua,MODIS,66,6.2,293.5,21.7,N,0
23.0809,92.3218,304.4,1.6,1.3,2009-03-24,2005,Aqua,MODIS,58,6.2,293.9,12.4,N,0
23.0366,92.3124,310.3,1.6,1.3,2009-03-24,2005,Aqua,MODIS,80,6.2,293.9,19.2,N,0
23.043,91.9488,305.6,1.5,1.2,2009-03-24,2005,Aqua,MODIS,65,6.2,292.2,11.8,N,0
22.2383,92.4858,371.6,1.4,1.2,2009-03-25,0700,Aqua,MODIS,100,6.2,292.1,187.7,D,0
21.5656,92.501,340.2,1.4,1.2,2009-03-25,0700,Aqua,MODIS,89,6.2,303.4,60.1,D,0
22.3746,92.2048,322.8,1.5,1.2,2009-03-25,0700,Aqua,MODIS,75,6.2,303.9,18.4,D,0
21.5761,92.4987,353.6,1.4,1.2,2009-03-25,0700,Aqua,MODIS,97,6.2,305.2,104.2,D,0
22.3688,92.1969,319.6,1.5,1.2,2009-03-25,0700,Aqua,MODIS,24,6.2,303.6,11.5,D,0
22.2363,92.474,345.9,1.4,1.2,2009-03-25,0700,Aqua,MODIS,81,6.2,294.9,73.7,D,0
22.2291,92.4666,328.6,1.4,1.2,2009-03-25,0700,Aqua,MODIS,64,6.2,298.5,32,D,0
22.2313,92.4798,370.6,1.4,1.2,2009-03-25,0700,Aqua,MODIS,100,6.2,299.9,181.1,D,0
22.6163,92.4685,383.1,1.4,1.2,2009-03-25,0700,Aqua,MODIS,100,6.2,311.8,252,D,0
22.6185,92.4815,383.1,1.4,1.2,2009-03-25,0700,Aqua,MODIS,100,6.2,307.3,252,D,0
21.5057,92.469,351.2,1.5,1.2,2009-03-25,0700,Aqua,MODIS,95,6.2,303.9,96.2,D,0
21.5032,92.4548,336.6,1.5,1.2,2009-03-25,0700,Aqua,MODIS,86,6.2,306.1,49.8,D,0
21.5162,92.4668,396.8,1.5,1.2,2009-03-25,0700,Aqua,MODIS,100,6.2,308,389.5,D,0
21.5138,92.4526,370.3,1.5,1.2,2009-03-25,0700,Aqua,MODIS,100,6.2,307.5,187.3,D,0
22.3368,92.0524,324.6,1.5,1.2,2009-03-25,0700,Aqua,MODIS,77,6.2,303.2,23.6,D,0
22.3393,92.0666,326.2,1.5,1.2,2009-03-25,0700,Aqua,MODIS,79,6.2,304.8,26.5,D,0
22.3343,92.0583,330.6,1.5,1.2,2009-03-25,0700,Aqua,MODIS,83,6.2,303.6,36.8,D,0
21.98,92.3429,323.3,1.5,1.2,2009-03-25,0700,Aqua,MODIS,74,6.2,301.7,23.7,D,0
21.967,92.3309,337.5,1.5,1.2,2009-03-25,0700,Aqua,MODIS,88,6.2,298.6,55,D,0
21.9694,92.3448,350.5,1.5,1.2,2009-03-25,0700,Aqua,MODIS,95,6.2,305,96,D,0
22.3271,92.4609,397.5,1.4,1.2,2009-03-25,0700,Aqua,MODIS,100,6.2,310.6,374.4,D,0
22.3282,92.4049,347.5,1.4,1.2,2009-03-25,0700,Aqua,MODIS,94,6.2,306.3,77,D,0
22.3455,92.443,325.2,1.4,1.2,2009-03-25,0700,Aqua,MODIS,55,6.2,305.2,18.6,D,0
21.9812,92.2862,315.6,1.5,1.2,2009-03-25,0700,Aqua,MODIS,48,6.2,294.9,13.1,D,0
21.9388,92.1031,312.4,1.5,1.2,2009-03-25,0700,Aqua,MODIS,30,6.2,298.3,5.1,D,0
22.3803,92.3937,324.9,1.4,1.2,2009-03-25,0700,Aqua,MODIS,77,6.2,305.8,20.1,D,0
22.334,92.3757,354.2,1.4,1.2,2009-03-25,0700,Aqua,MODIS,97,6.2,308.4,101.7,D,0
22.3364,92.3896,332.5,1.4,1.2,2009-03-25,0700,Aqua,MODIS,84,6.2,307,35.6,D,0
22.3386,92.4024,322.9,1.4,1.2,2009-03-25,0700,Aqua,MODIS,60,6.2,306.4,16,D,0
22.3236,92.3783,348.3,1.4,1.2,2009-03-25,0700,Aqua,MODIS,94,6.2,306.9,81.2,D,0
22.326,92.3921,349.5,1.4,1.2,2009-03-25,0700,Aqua,MODIS,95,6.2,307.9,84.7,D,0
22.6011,92.3179,320.7,1.4,1.2,2009-03-25,0700,Aqua,MODIS,59,6.2,301.8,15.2,D,0
21.5095,92.2354,320.9,1.5,1.2,2009-03-25,0700,Aqua,MODIS,69,6.2,302.7,17.3,D,0
21.3757,92.5357,317.8,1.4,1.2,2009-03-25,0700,Aqua,MODIS,55,6.2,303.3,13.9,D,0
22.2333,92.4916,355.9,1.4,1.2,2009-03-25,0700,Aqua,MODIS,98,6.2,288.3,112.2,D,0
22.2279,92.488,332.4,1.4,1.2,2009-03-25,0700,Aqua,MODIS,54,6.2,290,38.5,D,0
22.6774,91.8843,320.2,1.5,1.2,2009-03-25,0700,Aqua,MODIS,53,6.2,305.3,11.8,D,0
22.3293,92.4739,344.1,1.4,1.2,2009-03-25,0700,Aqua,MODIS,92,6.2,302.2,63.9,D,0
22.4441,92.4184,333.2,1.4,1.2,2009-03-25,0700,Aqua,MODIS,85,6.2,304.6,37.3,D,0
22.4463,92.431,358.7,1.4,1.2,2009-03-25,0700,Aqua,MODIS,99,6.2,306.3,119.1,D,0
21.4748,92.2274,337.6,1.5,1.2,2009-03-25,0700,Aqua,MODIS,87,6.2,303.5,55.9,D,0
21.454,92.3843,316.6,1.5,1.2,2009-03-25,0700,Aqua,MODIS,58,6.2,304.1,12,D,0
21.4516,92.3699,336.3,1.5,1.2,2009-03-25,0700,Aqua,MODIS,86,6.2,304.9,53.4,D,0
21.5758,92.4624,326.1,1.4,1.2,2009-03-25,0700,Aqua,MODIS,76,6.2,304.4,23.8,D,0
21.5783,92.4765,354.4,1.4,1.2,2009-03-25,0700,Aqua,MODIS,97,6.2,306.6,107.2,D,0
21.5819,92.4681,343.6,1.4,1.2,2009-03-25,0700,Aqua,MODIS,91,6.2,304.7,67.7,D,0
21.5843,92.4827,343.3,1.4,1.2,2009-03-25,0700,Aqua,MODIS,91,6.2,304.7,66.9,D,0
21.5713,92.4701,328.9,1.4,1.2,2009-03-25,0700,Aqua,MODIS,80,6.2,305.1,30.1,D,0
21.5737,92.4843,357.5,1.4,1.2,2009-03-25,0700,Aqua,MODIS,98,6.2,306,120.4,D,0
21.5632,92.4866,340.2,1.4,1.2,2009-03-25,0700,Aqua,MODIS,89,6.2,303.3,59.9,D,0
21.658,92.4324,317.9,1.5,1.2,2009-03-25,0700,Aqua,MODIS,38,6.2,291.8,19.1,D,0
21.3782,92.5504,317.3,1.4,1.2,2009-03-25,0700,Aqua,MODIS,32,6.2,303.1,12.8,D,0
22.6614,91.9376,322.1,1.5,1.2,2009-03-25,0700,Aqua,MODIS,74,6.2,305.7,17.6,D,0
22.3317,92.3624,329.5,1.4,1.2,2009-03-25,0700,Aqua,MODIS,82,6.2,305.1,30.4,D,0
22.3917,92.4613,324.3,1.4,1.2,2009-03-25,0700,Aqua,MODIS,76,6.2,305.8,18.3,D,0
22.3941,92.4753,332.3,1.4,1.2,2009-03-25,0700,Aqua,MODIS,84,6.2,305.9,34.5,D,0
22.3212,92.3646,329.6,1.4,1.2,2009-03-25,0700,Aqua,MODIS,82,6.2,304.3,31.5,D,0
21.9883,92.4551,323.2,1.4,1.2,2009-03-25,0700,Aqua,MODIS,25,6.2,290.1,30.8,D,0
22.7011,91.6362,324.6,1.6,1.2,2009-03-25,0701,Aqua,MODIS,77,6.2,305.1,23.1,D,0
23.3807,91.8154,321.3,1.5,1.2,2009-03-25,0701,Aqua,MODIS,55,6.2,293.6,16.8,D,0
23.3938,91.8275,359,1.5,1.2,2009-03-25,0701,Aqua,MODIS,94,6.2,300.5,131.4,D,0
23.3913,91.8131,336.9,1.5,1.2,2009-03-25,0701,Aqua,MODIS,83,6.2,302.9,50.4,D,0
23.3223,92.0804,331.3,1.4,1.2,2009-03-25,0701,Aqua,MODIS,84,6.2,288.6,40.5,D,0
23.446,92.259,331.1,1.4,1.2,2009-03-25,0701,Aqua,MODIS,77,6.2,305.2,32.5,D,0
23.3199,92.0664,315.1,1.4,1.2,2009-03-25,0701,Aqua,MODIS,40,6.2,286.9,11.7,D,0
23.4358,92.2614,324.2,1.4,1.2,2009-03-25,0701,Aqua,MODIS,34,6.2,304.4,18.8,D,0
24.6301,91.9626,348.9,1.4,1.2,2009-03-25,0701,Aqua,MODIS,94,6.2,304.9,78.6,D,0
24.6387,91.968,330.2,1.4,1.2,2009-03-25,0701,Aqua,MODIS,83,6.2,304.2,29.2,D,0
22.9562,91.823,325.4,1.5,1.2,2009-03-25,0701,Aqua,MODIS,78,6.2,300.3,23.4,D,0
23.0519,92.3075,336.3,1.4,1.2,2009-03-25,0701,Aqua,MODIS,87,6.2,296.2,49.3,D,0
22.9896,91.9497,353,1.5,1.2,2009-03-25,0701,Aqua,MODIS,91,6.2,298.3,110.1,D,0
23.0623,92.3054,322.7,1.4,1.2,2009-03-25,0701,Aqua,MODIS,73,6.2,293.8,21.2,D,0
24.6363,91.9547,323.8,1.4,1.2,2009-03-25,0701,Aqua,MODIS,77,6.2,304.8,16.8,D,0
23.0901,92.0882,327.5,1.4,1.2,2009-03-25,0701,Aqua,MODIS,78,6.2,302.7,27.4,D,0
22.9837,92.0735,323,1.5,1.2,2009-03-25,0701,Aqua,MODIS,49,6.2,302.6,20.2,D,0
23.0303,92.057,322.4,1.5,1.2,2009-03-25,0701,Aqua,MODIS,74,6.2,303.1,18.9,D,0
23.408,92.2244,321.9,1.4,1.2,2009-03-25,0701,Aqua,MODIS,41,6.2,300.4,18.4,D,0
22.885,91.9691,328.1,1.5,1.2,2009-03-25,0701,Aqua,MODIS,81,6.2,302.6,30.7,D,0
21.9987,92.4454,308.7,1.3,1.1,2009-03-25,1621,Terra,MODIS,75,6.2,293.2,11.4,N,0
22.5339,92.5018,304.4,1.3,1.1,2009-03-25,1621,Terra,MODIS,60,6.2,293.9,7.4,N,0
22.3666,92.4596,303.8,1.3,1.1,2009-03-25,1621,Terra,MODIS,57,6.2,293.3,6.8,N,0
22.7586,92.347,311.6,1.3,1.1,2009-03-25,1621,Terra,MODIS,83,6.2,295,13.9,N,0
21.3693,92.5394,322.5,1.3,1.1,2009-03-25,1621,Terra,MODIS,100,6.2,295.7,26.1,N,0
22.6249,92.3261,316,1.3,1.1,2009-03-25,1621,Terra,MODIS,92,6.2,294.9,19,N,0
22.76,92.3592,313.8,1.3,1.1,2009-03-25,1621,Terra,MODIS,88,6.2,294.9,16.6,N,0
22.4409,92.4031,304.1,1.3,1.1,2009-03-25,1621,Terra,MODIS,59,6.2,293.1,7.1,N,0
22.1777,92.2507,305.4,1.3,1.1,2009-03-25,1621,Terra,MODIS,64,6.2,293.2,8.5,N,0
21.7977,92.3834,308.7,1.3,1.1,2009-03-25,1621,Terra,MODIS,75,6.2,294.1,11.1,N,0
21.7991,92.3952,310.3,1.3,1.1,2009-03-25,1621,Terra,MODIS,80,6.2,294.4,13.2,N,0
21.3722,92.5629,308.3,1.3,1.1,2009-03-25,1621,Terra,MODIS,32,6.2,294.9,9.4,N,0
22.2449,92.4679,304.6,1.3,1.1,2009-03-25,1621,Terra,MODIS,26,6.2,293.7,6.9,N,0
22.2245,92.4706,304.3,1.3,1.1,2009-03-25,1621,Terra,MODIS,50,6.2,293.4,7.1,N,0
22.2261,92.4842,305.4,1.3,1.1,2009-03-25,1621,Terra,MODIS,64,6.2,294.2,8,N,0
21.3707,92.5512,334.5,1.3,1.1,2009-03-25,1621,Terra,MODIS,100,6.2,297,48.1,N,0
23.0599,92.3114,305.6,1.3,1.1,2009-03-25,1621,Terra,MODIS,62,6.2,294.9,7.7,N,0
23.6036,89.6778,304.2,1,1,2009-03-25,1622,Terra,MODIS,59,6.2,292.8,5.5,N,0
23.6406,92.2304,306.9,1.3,1.1,2009-03-25,1622,Terra,MODIS,70,6.2,293.7,9.1,N,0
23.2503,92.1174,309.4,1.3,1.1,2009-03-25,1622,Terra,MODIS,77,6.2,293.2,12.3,N,0
23.2519,92.1298,304.7,1.3,1.1,2009-03-25,1622,Terra,MODIS,61,6.2,293.8,7.9,N,0
23.6098,92.234,305.7,1.3,1.1,2009-03-25,1622,Terra,MODIS,65,6.2,294.3,8.3,N,0
23.5524,92.1007,305,1.3,1.1,2009-03-25,1622,Terra,MODIS,62,6.2,292.9,8.1,N,0
23.4286,92.2477,305.1,1.3,1.1,2009-03-25,1622,Terra,MODIS,63,6.2,292.9,7.7,N,0
22.9416,92.3005,325.9,1,1,2009-03-26,0430,Terra,MODIS,77,6.2,301,15.4,D,0
23.3914,92.2405,314.8,1,1,2009-03-26,0430,Terra,MODIS,54,6.2,300.4,5.5,D,0
23.4263,92.2565,315.2,1,1,2009-03-26,0430,Terra,MODIS,44,6.2,300.5,5,D,0
23.8502,90.9422,318.9,1.2,1.1,2009-03-26,0430,Terra,MODIS,58,6.2,300.5,10.1,D,0
23.0592,92.3157,317,1,1,2009-03-26,0430,Terra,MODIS,62,6.2,302,5.4,D,0
23.2656,92.1564,318.2,1,1,2009-03-26,0430,Terra,MODIS,66,6.2,301.9,6.2,D,0
23.001,91.9409,324.4,1.1,1,2009-03-26,0430,Terra,MODIS,76,6.2,302,12.5,D,0
22.9996,91.9512,320.8,1.1,1,2009-03-26,0430,Terra,MODIS,70,6.2,302.6,8.4,D,0
23.4278,92.2464,323.5,1,1,2009-03-26,0430,Terra,MODIS,75,6.2,300.9,13.6,D,0
21.8689,92.3354,315.5,1,1,2009-03-26,0431,Terra,MODIS,38,6.2,301.1,4.5,D,0
21.3326,92.5433,319.2,1,1,2009-03-26,0431,Terra,MODIS,68,6.2,301.3,10.5,D,0
22.3949,92.327,320.1,1,1,2009-03-26,0431,Terra,MODIS,68,6.2,304.2,7.4,D,0
22.4306,92.3991,346.5,1,1,2009-03-26,0431,Terra,MODIS,93,6.2,305.5,45.3,D,0
22.432,92.3892,318.8,1,1,2009-03-26,0431,Terra,MODIS,52,6.2,303.8,6.3,D,0
22.3589,92.451,327.3,1,1,2009-03-26,0431,Terra,MODIS,78,6.2,303.3,14.3,D,0
22.6954,92.4801,318.4,1,1,2009-03-26,0431,Terra,MODIS,47,6.2,302.6,5.5,D,0
22.5448,92.5033,383.8,1,1,2009-03-26,0431,Terra,MODIS,100,6.2,306,160.5,D,0
22.2158,92.4854,319.9,1,1,2009-03-26,0431,Terra,MODIS,55,6.2,299.9,7.7,D,0
22.2171,92.4759,365.9,1,1,2009-03-26,0431,Terra,MODIS,100,6.2,300.1,95.1,D,0
22.5462,92.4937,333.9,1,1,2009-03-26,0431,Terra,MODIS,85,6.2,303.7,21.9,D,0
21.4585,92.3731,323.6,1,1,2009-03-26,0431,Terra,MODIS,59,6.2,302.4,12.2,D,0
21.4571,92.3828,355.7,1,1,2009-03-26,0431,Terra,MODIS,98,6.2,303.6,66.9,D,0
21.4674,92.3746,324.6,1,1,2009-03-26,0431,Terra,MODIS,70,6.2,301.8,12.9,D,0
21.9753,92.2991,317,1,1,2009-03-26,0431,Terra,MODIS,60,6.2,302.7,5.1,D,0
21.8648,92.3642,321.6,1,1,2009-03-26,0431,Terra,MODIS,71,6.2,304.1,9.8,D,0
22.012,92.43,323.8,1,1,2009-03-26,0431,Terra,MODIS,74,6.2,304.9,10.1,D,0
22.4751,92.4196,324.9,2.2,1.4,2009-03-26,0743,Aqua,MODIS,77,6.2,301.6,38.8,D,0
22.0083,92.417,332.1,2.1,1.4,2009-03-26,0743,Aqua,MODIS,83,6.2,300.7,60.7,D,0
21.4592,92.3761,347.6,2.1,1.4,2009-03-26,0743,Aqua,MODIS,93,6.2,296.5,130.4,D,0
21.9856,92.4443,319.3,2.1,1.4,2009-03-26,0743,Aqua,MODIS,39,6.2,298.1,20.3,D,0
23.0338,92.2878,320.2,2.1,1.4,2009-03-26,0743,Aqua,MODIS,54,6.2,297.6,19.3,D,0
22.4728,92.398,321.3,2.1,1.4,2009-03-26,0743,Aqua,MODIS,72,6.2,301.8,27.1,D,0
21.5748,92.5026,321.9,2.1,1.4,2009-03-26,0743,Aqua,MODIS,70,6.2,295.6,32.6,D,0
21.384,92.5394,335.4,2.1,1.4,2009-03-26,0743,Aqua,MODIS,77,6.2,299.9,82.1,D,0
22.4756,92.4115,330,2.2,1.4,2009-03-26,0743,Aqua,MODIS,82,6.2,302.1,58.5,D,0
22.0102,92.4365,324.4,2.1,1.4,2009-03-26,0743,Aqua,MODIS,71,6.2,299.9,33.6,D,0
22.3568,92.2736,316.8,2.1,1.4,2009-03-26,0743,Aqua,MODIS,58,6.2,296.8,12.8,D,0
21.996,92.5442,335.5,2.2,1.4,2009-03-26,0743,Aqua,MODIS,65,6.2,294.1,90.3,D,0
21.4588,92.3813,337.5,2.1,1.4,2009-03-26,0743,Aqua,MODIS,76,6.2,295.2,80.9,D,0
22.3145,92.3596,334.6,2.1,1.4,2009-03-26,0743,Aqua,MODIS,60,6.2,297.5,78.8,D,0
22.5917,92.2895,323.5,2.1,1.4,2009-03-26,0743,Aqua,MODIS,75,6.2,301.2,30.7,D,0
22.0089,92.4216,340.1,2.1,1.4,2009-03-26,0743,Aqua,MODIS,89,6.2,300.7,97.1,D,0
21.7858,92.395,320.3,2.1,1.4,2009-03-26,0743,Aqua,MODIS,60,6.2,294.5,28.5,D,0
21.5199,92.2317,322.2,2,1.4,2009-03-26,0743,Aqua,MODIS,71,6.2,300.8,30.2,D,0
22.8511,92.414,319.7,2.2,1.4,2009-03-26,0743,Aqua,MODIS,34,6.2,300.3,21.4,D,0
21.4572,92.3567,390.9,2.1,1.4,2009-03-26,0743,Aqua,MODIS,100,6.2,305.3,550.4,D,0
22.4304,92.3629,321.1,2.1,1.4,2009-03-26,0743,Aqua,MODIS,71,6.2,297,30.8,D,0
21.4567,92.3621,402.6,2.1,1.4,2009-03-26,0743,Aqua,MODIS,100,6.2,304.5,743.6,D,0
21.9983,92.566,366.8,2.2,1.4,2009-03-26,0743,Aqua,MODIS,75,6.2,293.9,303.4,D,0
21.576,92.4961,320.8,2.1,1.4,2009-03-26,0743,Aqua,MODIS,69,6.2,296.1,28.9,D,0
23.5163,89.7132,326.5,1.4,1.2,2009-03-26,0744,Aqua,MODIS,77,6.2,302.6,23.2,D,0
23.248,92.1041,333,2.1,1.4,2009-03-26,0744,Aqua,MODIS,81,6.2,297.4,69.5,D,0
23.5081,91.9646,328.9,2.1,1.4,2009-03-26,0744,Aqua,MODIS,82,6.2,295.2,56.7,D,0
23.2859,91.9717,320.8,2.1,1.4,2009-03-26,0744,Aqua,MODIS,47,6.2,295.7,24.8,D,0
23.313,92.1108,363.4,2.1,1.4,2009-03-26,0744,Aqua,MODIS,94,6.2,298.9,258.3,D,0
23.2501,92.1238,332.6,2.1,1.4,2009-03-26,0744,Aqua,MODIS,80,6.2,298.4,68.6,D,0
24.2154,89.1186,322.6,1.4,1.2,2009-03-26,0744,Aqua,MODIS,69,6.2,306.5,11.8,D,0
23.5038,91.9528,328.7,2.1,1.4,2009-03-26,0744,Aqua,MODIS,82,6.2,296.9,55.4,D,0
23.5059,91.9728,319.9,2.1,1.4,2009-03-26,0744,Aqua,MODIS,55,6.2,292.8,30,D,0
23.2465,91.9568,328,2,1.4,2009-03-26,0744,Aqua,MODIS,81,6.2,296.8,46.6,D,0
23.311,92.0909,353.2,2.1,1.4,2009-03-26,0744,Aqua,MODIS,84,6.2,299.5,179.1,D,0
23.4767,91.9361,329.4,2.1,1.4,2009-03-26,0744,Aqua,MODIS,79,6.2,297.5,57,D,0
23.335,91.7997,322.6,2,1.4,2009-03-26,0744,Aqua,MODIS,47,6.2,298.8,31.1,D,0
24.1496,91.413,321.7,1.9,1.4,2009-03-26,0744,Aqua,MODIS,72,6.2,298.8,25.8,D,0
23.2445,91.9371,319.6,2,1.4,2009-03-26,0744,Aqua,MODIS,42,6.2,297.2,21.8,D,0
23.2499,92.1188,335,2.1,1.4,2009-03-26,0744,Aqua,MODIS,82,6.2,299.1,78.7,D,0
21.9638,92.3365,340.9,3.7,1.8,2009-03-27,0514,Terra,MODIS,91,6.2,294.3,257.5,D,0
21.4618,92.3991,310.8,3.8,1.8,2009-03-27,0514,Terra,MODIS,53,6.2,294.8,33.6,D,0
21.9561,92.3282,343.2,3.7,1.8,2009-03-27,0514,Terra,MODIS,92,6.2,292.8,286.9,D,0
21.9719,92.2989,318,3.7,1.8,2009-03-27,0514,Terra,MODIS,72,6.2,293.2,64,D,0
21.1787,92.0826,327.2,2.6,1.6,2009-03-27,0648,Aqua,MODIS,55,6.2,298.3,65.2,D,0
22.6422,92.4952,316,2.3,1.5,2009-03-27,0648,Aqua,MODIS,23,6.2,299.8,16.4,D,0
22.6447,92.4994,319.3,2.3,1.5,2009-03-27,0648,Aqua,MODIS,17,6.2,300,24.6,D,0
22.5983,92.4665,316.8,2.3,1.5,2009-03-27,0648,Aqua,MODIS,61,6.2,299.9,26.7,D,0
23.1164,92.1266,317.5,2.3,1.5,2009-03-27,0648,Aqua,MODIS,71,6.2,299.7,24,D,0
23.1385,92.0471,315.7,2.4,1.5,2009-03-27,0648,Aqua,MODIS,68,6.2,298.2,20.8,D,0
21.1847,92.0747,317.4,2.6,1.6,2009-03-27,0648,Aqua,MODIS,41,6.2,297.8,29.9,D,0
21.1895,92.099,316.9,2.6,1.5,2009-03-27,0648,Aqua,MODIS,56,6.2,298.3,27.7,D,0
21.1485,92.1081,326.5,2.6,1.5,2009-03-27,0648,Aqua,MODIS,58,6.2,299.4,65.3,D,0
21.156,92.113,325.6,2.6,1.5,2009-03-27,0648,Aqua,MODIS,65,6.2,299.7,63.3,D,0
22.7743,91.938,316,2.5,1.5,2009-03-27,0648,Aqua,MODIS,67,6.2,298.5,26,D,0
23.2734,91.8598,317,2.4,1.5,2009-03-27,0648,Aqua,MODIS,62,6.2,299.3,22.7,D,0
23.2088,92,357.9,2.4,1.5,2009-03-27,0648,Aqua,MODIS,99,6.2,297.7,256.4,D,0
23.2133,92.023,325.5,2.4,1.5,2009-03-27,0648,Aqua,MODIS,77,6.2,298.6,51.3,D,0
23.1953,91.9856,320.5,2.4,1.5,2009-03-27,0648,Aqua,MODIS,70,6.2,296.8,34.6,D,0
23.1998,92.0091,336.6,2.4,1.5,2009-03-27,0648,Aqua,MODIS,88,6.2,297.9,105.6,D,0
23.0557,92.0952,326.2,2.4,1.5,2009-03-27,0648,Aqua,MODIS,80,6.2,298.7,53.2,D,0
22.4548,92.1487,322.7,2.4,1.5,2009-03-27,0648,Aqua,MODIS,65,6.2,299.1,42.8,D,0
22.4595,92.1724,323.7,2.4,1.5,2009-03-27,0648,Aqua,MODIS,72,6.2,299.3,46,D,0
22.4774,92.2627,321.5,2.4,1.5,2009-03-27,0648,Aqua,MODIS,55,6.2,298.3,40,D,0
23.1206,92.1491,315,2.3,1.5,2009-03-27,0648,Aqua,MODIS,66,6.2,299.7,17,D,0
23.1167,92.145,319.2,2.3,1.5,2009-03-27,0648,Aqua,MODIS,73,6.2,299.7,30.9,D,0
23.134,92.0238,323.3,2.4,1.5,2009-03-27,0648,Aqua,MODIS,78,6.2,299.9,46.9,D,0
23.0548,91.8044,317.2,2.5,1.5,2009-03-27,0648,Aqua,MODIS,70,6.2,299.5,25.7,D,0
23.0502,91.7804,317.4,2.5,1.5,2009-03-27,0648,Aqua,MODIS,70,6.2,300.3,26.8,D,0
23.0617,91.7978,315.2,2.5,1.5,2009-03-27,0648,Aqua,MODIS,61,6.2,299,20.5,D,0
22.6771,92.3968,324.8,2.3,1.5,2009-03-27,0648,Aqua,MODIS,68,6.2,300.2,48,D,0
22.4155,92.2125,314,2.4,1.5,2009-03-27,0648,Aqua,MODIS,50,6.2,297.8,12.5,D,0
23.2829,92.0999,320.6,2.3,1.5,2009-03-27,0648,Aqua,MODIS,73,6.2,295.7,32.2,D,0
23.3132,92.1167,349.8,2.3,1.5,2009-03-27,0648,Aqua,MODIS,95,6.2,299.3,178.3,D,0
23.309,92.0944,347,2.3,1.5,2009-03-27,0648,Aqua,MODIS,94,6.2,296.1,157.8,D,0
23.3095,92.113,332.9,2.3,1.5,2009-03-27,0648,Aqua,MODIS,79,6.2,298.8,82.1,D,0
22.4595,92.1547,329,2.4,1.5,2009-03-27,0648,Aqua,MODIS,70,6.2,299.4,70.3,D,0
23.0638,92.3455,334.2,2.3,1.5,2009-03-27,0648,Aqua,MODIS,87,6.2,298.8,82.6,D,0
22.464,92.1786,319.4,2.4,1.5,2009-03-27,0648,Aqua,MODIS,64,6.2,298.8,32.1,D,0
22.4812,92.2687,316.1,2.4,1.5,2009-03-27,0648,Aqua,MODIS,57,6.2,298.1,23.5,D,0
22.6035,92.3515,329,2.3,1.5,2009-03-27,0648,Aqua,MODIS,81,6.2,299.9,62.1,D,0
22.5906,92.2832,332.3,2.3,1.5,2009-03-27,0648,Aqua,MODIS,84,6.2,301.7,76.8,D,0
22.6037,92.2802,327.9,2.3,1.5,2009-03-27,0648,Aqua,MODIS,80,6.2,299.9,58.3,D,0
22.5865,92.2791,321.5,2.3,1.5,2009-03-27,0648,Aqua,MODIS,70,6.2,301.5,34.3,D,0
22.6169,92.3646,319,2.3,1.5,2009-03-27,0648,Aqua,MODIS,67,6.2,299.8,27.3,D,0
22.613,92.3448,328.7,2.3,1.5,2009-03-27,0648,Aqua,MODIS,82,6.2,299.8,62.9,D,0
22.5996,92.2762,337.5,2.3,1.5,2009-03-27,0648,Aqua,MODIS,88,6.2,300.7,104.5,D,0
23.2601,91.8628,319.1,2.4,1.5,2009-03-27,0648,Aqua,MODIS,74,6.2,299.6,29.6,D,0
23.248,91.8463,317.8,2.4,1.5,2009-03-27,0648,Aqua,MODIS,63,6.2,300.2,24,D,0
23.2524,91.8691,316.6,2.4,1.5,2009-03-27,0648,Aqua,MODIS,50,6.2,299.9,20.1,D,0
23.2035,91.8316,319.3,2.5,1.5,2009-03-27,0648,Aqua,MODIS,74,6.2,299,33.1,D,0
21.9826,92.2956,325.8,2.4,1.5,2009-03-27,0648,Aqua,MODIS,77,6.2,299.3,54,D,0
22.3199,92.4049,327.2,2.3,1.5,2009-03-27,0648,Aqua,MODIS,78,6.2,299.2,56,D,0
22.3229,92.4106,325.9,2.3,1.5,2009-03-27,0648,Aqua,MODIS,77,6.2,299.7,51,D,0
23.2961,91.9753,319.7,2.4,1.5,2009-03-27,0648,Aqua,MODIS,75,6.2,297,34.8,D,0
23.1635,91.8408,315.4,2.5,1.5,2009-03-27,0648,Aqua,MODIS,44,6.2,298.4,20.1,D,0
23.1682,91.8643,322.3,2.4,1.5,2009-03-27,0648,Aqua,MODIS,77,6.2,299.5,43.3,D,0
23.1689,91.8466,322.3,2.5,1.5,2009-03-27,0648,Aqua,MODIS,25,6.2,298.8,39.2,D,0
23.3051,92.0904,344.5,2.3,1.5,2009-03-27,0648,Aqua,MODIS,93,6.2,296.1,146.4,D,0
23.3225,92.1101,347.7,2.3,1.5,2009-03-27,0648,Aqua,MODIS,94,6.2,298.4,171.2,D,0
23.0813,92.297,344.9,2.3,1.5,2009-03-27,0648,Aqua,MODIS,93,6.2,299.7,145.8,D,0
23.062,92.3312,349.5,2.3,1.5,2009-03-27,0648,Aqua,MODIS,95,6.2,299.8,172.5,D,0
23.0709,92.307,346.9,2.3,1.5,2009-03-27,0648,Aqua,MODIS,94,6.2,297.3,154.7,D,0
23.0666,92.284,327.2,2.3,1.5,2009-03-27,0648,Aqua,MODIS,77,6.2,299.3,53.8,D,0
23.0598,92.325,342.7,2.3,1.5,2009-03-27,0648,Aqua,MODIS,92,6.2,299.5,127.9,D,0
23.0684,92.2999,343.1,2.3,1.5,2009-03-27,0648,Aqua,MODIS,92,6.2,296.7,133.8,D,0
21.794,92.4051,330.1,2.4,1.5,2009-03-27,0648,Aqua,MODIS,59,6.2,296.3,71.7,D,0
23.033,91.9078,327.3,2.4,1.5,2009-03-27,0648,Aqua,MODIS,81,6.2,300.5,58.7,D,0
23.3445,91.9564,316.7,2.4,1.5,2009-03-27,0648,Aqua,MODIS,63,6.2,298.1,25.9,D,0
23.3491,91.9796,313,2.4,1.5,2009-03-27,0648,Aqua,MODIS,35,6.2,298.1,15.5,D,0
23.3486,91.9627,321.1,2.4,1.5,2009-03-27,0648,Aqua,MODIS,76,6.2,298.4,42.5,D,0
23.0424,91.9559,320.2,2.4,1.5,2009-03-27,0648,Aqua,MODIS,74,6.2,299.4,31.9,D,0
23.0376,91.9315,322.3,2.4,1.5,2009-03-27,0648,Aqua,MODIS,77,6.2,300.6,39,D,0
23.3046,92.0712,326,2.3,1.5,2009-03-27,0648,Aqua,MODIS,60,6.2,292.3,46.3,D,0
22.9176,92.3469,302.6,1,1,2009-03-27,1609,Terra,MODIS,49,6.2,291.3,4.5,N,0
22.8871,92.3284,307.5,1,1,2009-03-27,1609,Terra,MODIS,72,6.2,291.6,7.6,N,0
22.8602,92.3328,315,1,1,2009-03-27,1609,Terra,MODIS,90,6.2,292.1,13.1,N,0
22.6077,92.5018,302.3,1,1,2009-03-27,1609,Terra,MODIS,48,6.2,290.2,4.9,N,0
22.7053,92.4104,305.4,1,1,2009-03-27,1609,Terra,MODIS,24,6.2,292,5.5,N,0
22.695,92.4021,325,1,1,2009-03-27,1609,Terra,MODIS,100,6.2,294.6,21.5,N,0
22.8365,92.4262,305.6,1,1,2009-03-27,1609,Terra,MODIS,61,6.2,292.3,5.9,N,0
22.8615,92.3426,305.5,1,1,2009-03-27,1609,Terra,MODIS,65,6.2,291.1,6.4,N,0
22.7711,92.3533,304.2,1,1,2009-03-27,1609,Terra,MODIS,44,6.2,292.8,4.5,N,0
22.7608,92.3452,339.3,1,1,2009-03-27,1609,Terra,MODIS,100,6.2,295.2,41.2,N,0
22.7621,92.3548,335.8,1,1,2009-03-27,1609,Terra,MODIS,100,6.2,294.3,35.8,N,0
22.6936,92.3925,316.1,1,1,2009-03-27,1609,Terra,MODIS,93,6.2,293.8,12.6,N,0
22.0089,92.5633,302,1,1,2009-03-27,1609,Terra,MODIS,46,6.2,289.3,5.1,N,0
21.334,92.5394,315.6,1,1,2009-03-27,1609,Terra,MODIS,92,6.2,290.5,13,N,0
22.8244,92.3387,317.1,1,1,2009-03-27,1609,Terra,MODIS,94,6.2,292.8,14.4,N,0
23.2474,92.1383,303.2,1,1,2009-03-27,1609,Terra,MODIS,54,6.2,291.8,5.5,N,0
21.3353,92.5489,320.9,1,1,2009-03-27,1609,Terra,MODIS,100,6.2,291.4,17.9,N,0
23.0957,92.3052,312.8,1,1,2009-03-27,1609,Terra,MODIS,86,6.2,291.6,11.1,N,0
23.0944,92.2955,308.6,1,1,2009-03-27,1609,Terra,MODIS,75,6.2,291.4,8.2,N,0
22.6484,92.3306,302.8,1,1,2009-03-27,1609,Terra,MODIS,52,6.2,292.3,4.8,N,0
22.7039,92.4007,312.2,1,1,2009-03-27,1609,Terra,MODIS,84,6.2,293.1,10.2,N,0
22.183,92.4929,330.7,1,1,2009-03-27,1609,Terra,MODIS,100,6.2,293.7,28.8,N,0
22.6265,92.4391,315.7,1,1,2009-03-27,1609,Terra,MODIS,92,6.2,292.7,13.3,N,0
22.7702,92.4133,314.8,1,1,2009-03-27,1609,Terra,MODIS,90,6.2,292.3,13,N,0
21.9162,92.4899,308.3,1,1,2009-03-27,1609,Terra,MODIS,74,6.2,291.4,8.7,N,0
22.8257,92.3485,332.7,1,1,2009-03-27,1609,Terra,MODIS,100,6.2,293.2,32.1,N,0
22.1729,92.3506,305.2,1,1,2009-03-27,1609,Terra,MODIS,63,6.2,291.9,6.7,N,0
22.8351,92.4165,302.8,1,1,2009-03-27,1609,Terra,MODIS,11,6.2,291.8,4.2,N,0
22.9534,92.3409,313.7,1,1,2009-03-27,1609,Terra,MODIS,63,6.2,293.3,10.9,N,0
21.6711,92.2541,309.4,1,1,2009-03-27,1609,Terra,MODIS,77,6.2,293.5,8.4,N,0
22.1561,92.3006,306.2,1,1,2009-03-27,1609,Terra,MODIS,67,6.2,291,6.6,N,0
22.7697,92.3437,304.6,1,1,2009-03-27,1609,Terra,MODIS,61,6.2,292.9,5,N,0
22.9278,92.3551,314.6,1,1,2009-03-27,1609,Terra,MODIS,89,6.2,292.6,12.3,N,0
24.3642,89.7446,311.7,2.3,1.5,2009-03-28,0418,Terra,MODIS,0,6.2,295.5,17.7,D,0
21.3375,92.5452,327,1.3,1.1,2009-03-28,0419,Terra,MODIS,78,6.2,299.2,27,D,0
21.3352,92.5513,323.6,1.3,1.1,2009-03-28,0419,Terra,MODIS,77,6.2,298.5,22.9,D,0
21.3368,92.538,323.5,1.3,1.1,2009-03-28,0419,Terra,MODIS,77,6.2,299.1,22.3,D,0
21.497,92.3232,333.3,1.3,1.1,2009-03-28,0731,Aqua,MODIS,45,6.2,299.5,31.8,D,0
21.5269,92.325,339.9,1.3,1.1,2009-03-28,0731,Aqua,MODIS,79,6.2,300.2,46.5,D,0
21.5653,92.3066,376.2,1.3,1.1,2009-03-28,0731,Aqua,MODIS,100,6.2,305.2,181.4,D,0
21.9327,92.0717,321.2,1.2,1.1,2009-03-28,0731,Aqua,MODIS,70,6.2,303.8,10.4,D,0
21.9342,92.0836,322.3,1.2,1.1,2009-03-28,0731,Aqua,MODIS,72,6.2,303.6,11.8,D,0
22.5369,92.4303,331.7,1.3,1.1,2009-03-28,0731,Aqua,MODIS,83,6.2,303.7,28.4,D,0
22.5589,92.4403,357.2,1.3,1.1,2009-03-28,0731,Aqua,MODIS,98,6.2,303.7,99.7,D,0
22.5574,92.4275,368.7,1.3,1.1,2009-03-28,0731,Aqua,MODIS,100,6.2,304.6,149.7,D,0
22.5691,92.4388,348.2,1.3,1.1,2009-03-28,0731,Aqua,MODIS,94,6.2,299.7,67.9,D,0
22.5676,92.426,360.5,1.3,1.1,2009-03-28,0731,Aqua,MODIS,100,6.2,301.2,112.1,D,0
22.5778,92.4246,323.7,1.3,1.1,2009-03-28,0731,Aqua,MODIS,60,6.2,288.4,15.4,D,0
21.4985,92.335,339.3,1.3,1.1,2009-03-28,0731,Aqua,MODIS,88,6.2,296.7,44.7,D,0
22.1683,92.4865,326,1.3,1.1,2009-03-28,0731,Aqua,MODIS,65,6.2,294.4,22.1,D,0
21.5838,92.2919,352.7,1.3,1.1,2009-03-28,0731,Aqua,MODIS,96,6.2,299.7,79.3,D,0
22.3235,92.428,322.4,1.3,1.1,2009-03-28,0731,Aqua,MODIS,23,6.2,297.6,12.4,D,0
23.1296,91.7864,342.8,1.2,1.1,2009-03-28,0731,Aqua,MODIS,91,6.2,299.7,45.6,D,0
22.0714,92.2854,324.6,1.3,1.1,2009-03-28,0731,Aqua,MODIS,76,6.2,301.4,17,D,0
22.1566,92.4756,368.7,1.3,1.1,2009-03-28,0731,Aqua,MODIS,94,6.2,302.7,154.1,D,0
21.1613,92.0888,343.5,1.2,1.1,2009-03-28,0731,Aqua,MODIS,86,6.2,303.3,50.3,D,0
22.0698,92.272,319.4,1.3,1.1,2009-03-28,0731,Aqua,MODIS,68,6.2,300.4,9.1,D,0
22.0815,92.2839,334.3,1.3,1.1,2009-03-28,0731,Aqua,MODIS,85,6.2,300.8,33.4,D,0
22.0799,92.2709,352.6,1.3,1.1,2009-03-28,0731,Aqua,MODIS,96,6.2,302.1,81.2,D,0
21.1712,92.0874,353.4,1.2,1.1,2009-03-28,0731,Aqua,MODIS,96,6.2,303.5,79.3,D,0
21.818,92.2036,325.2,1.3,1.1,2009-03-28,0731,Aqua,MODIS,76,6.2,303.1,14.9,D,0
21.8195,92.2157,333.2,1.3,1.1,2009-03-28,0731,Aqua,MODIS,84,6.2,304.5,29.6,D,0
22.1158,92.4813,360.5,1.3,1.1,2009-03-28,0731,Aqua,MODIS,100,6.2,309.1,114.2,D,0
21.4326,92.2961,323.5,1.3,1.1,2009-03-28,0731,Aqua,MODIS,31,6.2,301.7,14.4,D,0
23.1311,91.7987,356.2,1.2,1.1,2009-03-28,0731,Aqua,MODIS,98,6.2,305.1,85.6,D,0
22.2933,92.2669,328,1.3,1.1,2009-03-28,0731,Aqua,MODIS,67,6.2,305.6,21.2,D,0
21.8722,92.1534,324.9,1.3,1.1,2009-03-28,0731,Aqua,MODIS,76,6.2,305.7,14.5,D,0
23.2743,92.3025,371.8,1.3,1.1,2009-03-28,0731,Aqua,MODIS,75,6.2,296.6,166.4,D,0
23.3328,92.1199,338.1,1.3,1.1,2009-03-28,0731,Aqua,MODIS,88,6.2,299.8,44.9,D,0
22.1665,92.48,343.5,1.3,1.1,2009-03-28,0731,Aqua,MODIS,91,6.2,299.1,61.3,D,0
21.1628,92.1005,326.3,1.2,1.1,2009-03-28,0731,Aqua,MODIS,73,6.2,302.2,17.3,D,0
22.1648,92.3793,320,1.3,1.1,2009-03-28,0731,Aqua,MODIS,29,6.2,301.7,9.1,D,0
22.1663,92.3917,344.5,1.3,1.1,2009-03-28,0731,Aqua,MODIS,92,6.2,303.9,59.9,D,0
23.2114,91.8657,327,1.3,1.1,2009-03-28,0731,Aqua,MODIS,63,6.2,300.9,19.5,D,0
23.2099,91.8535,333.2,1.3,1.1,2009-03-28,0731,Aqua,MODIS,84,6.2,297.4,31.1,D,0
22.6696,92.2643,334.3,1.3,1.1,2009-03-28,0731,Aqua,MODIS,0,6.2,306.3,32.9,D,0
22.6711,92.2765,323.9,1.3,1.1,2009-03-28,0731,Aqua,MODIS,65,6.2,304,13.9,D,0
22.1411,92.3511,324.6,1.3,1.1,2009-03-28,0731,Aqua,MODIS,53,6.2,299.7,15.3,D,0
22.1426,92.3635,326.9,1.3,1.1,2009-03-28,0731,Aqua,MODIS,54,6.2,301,20.3,D,0
21.9975,92.3393,339.8,1.3,1.1,2009-03-28,0731,Aqua,MODIS,89,6.2,301.5,47.2,D,0
22.0882,92.5101,341.5,1.3,1.1,2009-03-28,0731,Aqua,MODIS,52,6.2,295.7,51.4,D,0
23.3313,92.1071,362.3,1.3,1.1,2009-03-28,0731,Aqua,MODIS,100,6.2,306,120.3,D,0
22.0735,92.4736,368.2,1.3,1.1,2009-03-28,0731,Aqua,MODIS,100,6.2,308,144.9,D,0
21.3526,92.0727,333.8,1.2,1.1,2009-03-28,0731,Aqua,MODIS,85,6.2,304,30.9,D,0
22.31,92.4025,374.5,1.3,1.1,2009-03-28,0731,Aqua,MODIS,100,6.2,307.1,177.8,D,0
22.3117,92.4162,343,1.3,1.1,2009-03-28,0731,Aqua,MODIS,91,6.2,302.6,54,D,0
23.3452,91.804,318.8,1.2,1.1,2009-03-28,0731,Aqua,MODIS,17,6.2,292.7,10.6,D,0
22.3682,92.3764,385.1,1.3,1.1,2009-03-28,0731,Aqua,MODIS,94,6.2,303.9,243.4,D,0
22.3202,92.4017,338.6,1.3,1.1,2009-03-28,0731,Aqua,MODIS,88,6.2,296.1,40.9,D,0
22.0091,92.3505,339.3,1.3,1.1,2009-03-28,0731,Aqua,MODIS,89,6.2,299.9,46.8,D,0
23.6077,89.67,328,1,1,2009-03-28,0731,Aqua,MODIS,69,6.2,304.1,15.2,D,0
23.1395,91.7849,373.5,1.2,1.1,2009-03-28,0731,Aqua,MODIS,100,6.2,305.3,156,D,0
21.9168,92.0256,323.9,1.2,1.1,2009-03-28,0731,Aqua,MODIS,75,6.2,303.4,12.9,D,0
21.935,92.0768,326.9,1.2,1.1,2009-03-28,0731,Aqua,MODIS,78,6.2,304.6,18.1,D,0
22.4104,92.2182,328.2,1.3,1.1,2009-03-28,0731,Aqua,MODIS,80,6.2,301.6,22,D,0
23.2764,91.981,337.2,1.3,1.1,2009-03-28,0731,Aqua,MODIS,82,6.2,299.9,42,D,0
23.2845,92.301,345.9,1.3,1.1,2009-03-28,0731,Aqua,MODIS,0,6.2,288.9,64.6,D,0
22.0749,92.4858,377.3,1.3,1.1,2009-03-28,0731,Aqua,MODIS,100,6.2,302.6,191.8,D,0
23.1197,91.7879,378.4,1.2,1.1,2009-03-28,0731,Aqua,MODIS,100,6.2,304.9,181.5,D,0
22.1667,92.4739,357.7,1.3,1.1,2009-03-28,0731,Aqua,MODIS,86,6.2,302.8,105.6,D,0
23.0806,91.7992,356.4,1.2,1.1,2009-03-28,0731,Aqua,MODIS,98,6.2,306.7,87.7,D,0
23.1494,91.7835,334.5,1.2,1.1,2009-03-28,0731,Aqua,MODIS,83,6.2,302.8,31.1,D,0
23.3212,92.1084,368.5,1.3,1.1,2009-03-28,0731,Aqua,MODIS,100,6.2,305.5,146.9,D,0
23.0821,91.8113,339.6,1.2,1.1,2009-03-28,0731,Aqua,MODIS,89,6.2,305,42,D,0
21.7165,92.2122,366.2,1.3,1.1,2009-03-28,0731,Aqua,MODIS,100,6.2,302.4,126.8,D,0
21.715,92.2002,405.6,1.3,1.1,2009-03-28,0731,Aqua,MODIS,100,6.2,309.5,383.9,D,0
21.7136,92.1886,346.9,1.3,1.1,2009-03-28,0731,Aqua,MODIS,93,6.2,304.6,59.5,D,0
21.9792,92.4431,333.6,1.3,1.1,2009-03-28,0731,Aqua,MODIS,72,6.2,305.7,29.1,D,0
22.3707,92.312,344.8,1.3,1.1,2009-03-28,0731,Aqua,MODIS,92,6.2,303.8,57.4,D,0
22.3605,92.3134,325.3,1.3,1.1,2009-03-28,0731,Aqua,MODIS,77,6.2,302.4,14.4,D,0
22.3667,92.3639,323.1,1.3,1.1,2009-03-28,0731,Aqua,MODIS,68,6.2,298.2,13.6,D,0
22.0648,92.468,412.2,1.3,1.1,2009-03-28,0731,Aqua,MODIS,100,6.2,315.6,478.5,D,0
23.1959,91.9126,323.7,1.3,1.1,2009-03-28,0731,Aqua,MODIS,53,6.2,304.6,11.4,D,0
21.9443,92.4912,331.5,1.3,1.1,2009-03-28,0731,Aqua,MODIS,83,6.2,304.4,27.9,D,0
21.9342,92.493,343.1,1.3,1.1,2009-03-28,0731,Aqua,MODIS,91,6.2,304.4,55.5,D,0
23.1326,91.8109,360.3,1.2,1.1,2009-03-28,0731,Aqua,MODIS,94,6.2,305.7,102.3,D,0
23.3928,92.189,362.8,1.3,1.1,2009-03-28,0731,Aqua,MODIS,100,6.2,304.7,126.8,D,0
21.9356,92.5049,323.9,1.3,1.1,2009-03-28,0731,Aqua,MODIS,75,6.2,304.6,16,D,0
21.979,92.4373,334.6,1.3,1.1,2009-03-28,0731,Aqua,MODIS,85,6.2,305.1,34.9,D,0
23.3227,92.1214,361.1,1.3,1.1,2009-03-28,0731,Aqua,MODIS,100,6.2,302.3,116,D,0
22.0663,92.4801,418.4,1.3,1.1,2009-03-28,0731,Aqua,MODIS,100,6.2,313.5,551.6,D,0
21.3041,92.169,327.4,1.2,1.1,2009-03-28,0731,Aqua,MODIS,78,6.2,301.8,18.8,D,0
22.5998,92.4345,350.6,1.3,1.1,2009-03-28,0731,Aqua,MODIS,89,6.2,299.5,75.3,D,0
21.3052,92.1753,319.5,1.2,1.1,2009-03-28,0731,Aqua,MODIS,60,6.2,301.3,8.8,D,0
21.3037,92.1635,322.3,1.2,1.1,2009-03-28,0731,Aqua,MODIS,72,6.2,301.9,11.4,D,0
22.0679,92.4927,368.8,1.3,1.1,2009-03-28,0731,Aqua,MODIS,94,6.2,300.4,148.4,D,0
23.3298,92.0945,335.2,1.3,1.1,2009-03-28,0731,Aqua,MODIS,86,6.2,302.8,37.4,D,0
22.1402,92.4272,321.7,1.3,1.1,2009-03-28,0731,Aqua,MODIS,56,6.2,299.4,12.6,D,0
23.0212,92.0626,326.5,1.3,1.1,2009-03-28,0731,Aqua,MODIS,79,6.2,301.8,19.3,D,0
22.1386,92.4143,362.2,1.3,1.1,2009-03-28,0731,Aqua,MODIS,100,6.2,304.2,121.2,D,0
22.1692,92.4158,331.5,1.3,1.1,2009-03-28,0731,Aqua,MODIS,71,6.2,302.5,29.9,D,0
21.3348,92.1708,324.5,1.2,1.1,2009-03-28,0731,Aqua,MODIS,75,6.2,302.8,14.8,D,0
22.1173,92.4936,362,1.3,1.1,2009-03-28,0731,Aqua,MODIS,100,6.2,303.9,120.8,D,0
21.538,92.2507,320.2,1.3,1.1,2009-03-28,0731,Aqua,MODIS,60,6.2,300.4,10.7,D,0
22.2948,92.2792,322.5,1.3,1.1,2009-03-28,0731,Aqua,MODIS,33,6.2,300,12.3,D,0
22.2414,92.2618,362.5,1.3,1.1,2009-03-28,0731,Aqua,MODIS,100,6.2,300.4,117,D,0
22.2429,92.2741,342.8,1.3,1.1,2009-03-28,0731,Aqua,MODIS,91,6.2,304.3,52.6,D,0
22.0707,92.4499,382.3,1.3,1.1,2009-03-28,0731,Aqua,MODIS,100,6.2,309.1,224.3,D,0
22.0721,92.4619,376.7,1.3,1.1,2009-03-28,0731,Aqua,MODIS,100,6.2,305.5,190.4,D,0
22.1794,92.4146,343,1.3,1.1,2009-03-28,0731,Aqua,MODIS,79,6.2,296.9,54.5,D,0
21.3462,92.1811,327.3,1.2,1.1,2009-03-28,0731,Aqua,MODIS,79,6.2,301.5,19.1,D,0
21.4664,92.2422,325.6,1.3,1.1,2009-03-28,0731,Aqua,MODIS,77,6.2,300.9,18.6,D,0
21.3447,92.1693,324.2,1.2,1.1,2009-03-28,0731,Aqua,MODIS,66,6.2,302.4,14.1,D,0
22.3085,92.3904,321.7,1.3,1.1,2009-03-28,0731,Aqua,MODIS,39,6.2,303.3,10.4,D,0
23.0112,92.0641,321.3,1.3,1.1,2009-03-28,0731,Aqua,MODIS,60,6.2,302.6,12.1,D,0
21.3315,92.5461,331.9,1.3,1.1,2009-03-28,0731,Aqua,MODIS,82,6.2,301.1,33.3,D,0
21.3416,92.5448,326.8,1.3,1.1,2009-03-28,0731,Aqua,MODIS,72,6.2,300.1,24.2,D,0
23.2175,92.2522,355.6,1.3,1.1,2009-03-28,0731,Aqua,MODIS,60,6.2,300.6,90.2,D,0
21.5638,92.2949,346.7,1.3,1.1,2009-03-28,0731,Aqua,MODIS,93,6.2,303.2,63.2,D,0
22.9874,91.9547,323.5,1.3,1.1,2009-03-28,0731,Aqua,MODIS,58,6.2,293,20.9,D,0
22.0076,92.338,344.8,1.3,1.1,2009-03-28,0731,Aqua,MODIS,92,6.2,302.1,59.8,D,0
22.1766,92.4777,325.6,1.3,1.1,2009-03-28,0731,Aqua,MODIS,57,6.2,297.4,22,D,0
22.6797,92.2626,329.6,1.3,1.1,2009-03-28,0731,Aqua,MODIS,39,6.2,305.3,21.5,D,0
22.1779,92.4025,335.2,1.3,1.1,2009-03-28,0731,Aqua,MODIS,60,6.2,303.8,34.3,D,0
21.5954,92.2966,324.8,1.3,1.1,2009-03-28,0731,Aqua,MODIS,42,6.2,294.4,16.6,D,0
22.1483,92.2429,323.4,1.3,1.1,2009-03-28,0731,Aqua,MODIS,74,6.2,299.8,14.6,D,0
21.999,92.352,339.5,1.3,1.1,2009-03-28,0731,Aqua,MODIS,89,6.2,302.1,47.6,D,0
22.0736,92.455,364.7,1.3,1.1,2009-03-28,0731,Aqua,MODIS,100,6.2,303.2,128.4,D,0
22.0751,92.4668,338.5,1.3,1.1,2009-03-28,0731,Aqua,MODIS,50,6.2,301.1,38.9,D,0
22.0765,92.4788,366.5,1.3,1.1,2009-03-28,0731,Aqua,MODIS,100,6.2,300.7,134.2,D,0
22.0781,92.4911,348.8,1.3,1.1,2009-03-28,0731,Aqua,MODIS,89,6.2,294.1,66.5,D,0
22.0634,92.456,404.7,1.3,1.1,2009-03-28,0731,Aqua,MODIS,100,6.2,307.2,402,D,0
21.7065,92.2136,335,1.3,1.1,2009-03-28,0731,Aqua,MODIS,85,6.2,303,32.3,D,0
22.8931,90.0289,317.1,1,1,2009-03-28,0731,Aqua,MODIS,54,6.2,302,7.6,D,0
23.1614,91.8804,328.3,1.3,1.1,2009-03-28,0731,Aqua,MODIS,75,6.2,301.6,21.3,D,0
22.5288,92.4387,324.2,1.3,1.1,2009-03-28,0731,Aqua,MODIS,76,6.2,302.3,16.6,D,0
23.133,91.8968,339.1,1.3,1.1,2009-03-28,0731,Aqua,MODIS,84,6.2,302.3,43.3,D,0
21.1697,92.0757,326.1,1.2,1.1,2009-03-28,0731,Aqua,MODIS,57,6.2,301.7,17.7,D,0
23.0029,92.3339,321.2,1.3,1.1,2009-03-28,0731,Aqua,MODIS,57,6.2,303.5,10.8,D,0
22.5283,92.4447,332.7,1.3,1.1,2009-03-28,0731,Aqua,MODIS,84,6.2,303.7,30.2,D,0
22.5303,92.4512,340.2,1.3,1.1,2009-03-28,0731,Aqua,MODIS,89,6.2,304.2,50.1,D,0
22.5297,92.4569,325.6,1.3,1.1,2009-03-28,0731,Aqua,MODIS,68,6.2,303.2,16,D,0
21.7051,92.2018,354.5,1.3,1.1,2009-03-28,0731,Aqua,MODIS,97,6.2,305,83.3,D,0
22.4627,92.1552,322.9,1.3,1.1,2009-03-28,0731,Aqua,MODIS,70,6.2,303.9,14.1,D,0
24.3701,88.9914,321.5,1,1,2009-03-28,0732,Aqua,MODIS,60,6.2,302.7,9,D,0
22.178,92.5029,332.7,1,1,2009-03-28,1940,Aqua,MODIS,100,6.2,292.9,32.8,N,0
22.1793,92.4934,308.7,1,1,2009-03-28,1940,Aqua,MODIS,75,6.2,291.5,8.3,N,0
21.342,92.5491,315.9,1,1,2009-03-28,1941,Aqua,MODIS,92,6.2,293,13.6,N,0
21.3433,92.5395,306.2,1,1,2009-03-28,1941,Aqua,MODIS,67,6.2,292.4,6.5,N,0
21.9951,92.5657,355.2,2.3,1.5,2009-03-29,0501,Terra,MODIS,97,6.2,303,217.5,D,0
22.0092,92.5531,336.8,2.3,1.5,2009-03-29,0501,Terra,MODIS,87,6.2,299.7,102.8,D,0
21.9964,92.5494,404.4,2.3,1.5,2009-03-29,0501,Terra,MODIS,100,6.2,307.6,908.9,D,0
21.9993,92.5433,398,2.3,1.5,2009-03-29,0501,Terra,MODIS,100,6.2,307.1,777,D,0
22.0007,92.5274,341.9,2.3,1.5,2009-03-29,0501,Terra,MODIS,90,6.2,300.3,127.2,D,0
23.0677,89.4851,313.5,1.3,1.1,2009-03-29,0501,Terra,MODIS,53,6.2,300.3,9.4,D,0
21.9867,92.5387,320.8,2.3,1.5,2009-03-29,0501,Terra,MODIS,68,6.2,299.7,34.9,D,0
22.0134,92.5312,313.9,2.3,1.5,2009-03-29,0501,Terra,MODIS,37,6.2,299.4,16.6,D,0
21.9922,92.5714,327.6,2.3,1.5,2009-03-29,0501,Terra,MODIS,61,6.2,301.5,57.3,D,0
22.0285,92.513,326.3,3.9,1.8,2009-03-29,0636,Aqua,MODIS,71,6.2,288.3,112.8,D,0
22.3069,92.3914,321.2,3.9,1.8,2009-03-29,0636,Aqua,MODIS,68,6.2,296.8,77.4,D,0
22.4953,92.4077,322.6,3.9,1.8,2009-03-29,0636,Aqua,MODIS,72,6.2,297.4,90,D,0
22.0776,92.5043,344.3,3.9,1.8,2009-03-29,0636,Aqua,MODIS,91,6.2,293.4,297.1,D,0
22.6596,92.4694,315.4,3.8,1.8,2009-03-29,0636,Aqua,MODIS,63,6.2,297.2,35,D,0
22.0717,92.5098,353.3,3.9,1.8,2009-03-29,0636,Aqua,MODIS,96,6.2,294.1,431.4,D,0
22.4857,92.4026,317.7,3.9,1.8,2009-03-29,0636,Aqua,MODIS,65,6.2,297.3,55.5,D,0
22.039,92.5159,337.5,3.9,1.8,2009-03-29,0636,Aqua,MODIS,87,6.2,291,225.6,D,0
23.5815,91.9324,337.5,3.9,1.8,2009-03-29,0636,Aqua,MODIS,89,6.2,292.2,243.3,D,0
23.0755,92.2879,320.2,3.8,1.8,2009-03-29,0636,Aqua,MODIS,65,6.2,297.1,68.2,D,0
23.0837,92.3248,315.4,3.8,1.8,2009-03-29,0636,Aqua,MODIS,68,6.2,297.3,40.7,D,0
23.085,92.2895,323.5,3.8,1.8,2009-03-29,0636,Aqua,MODIS,74,6.2,297,94.5,D,0
23.4055,91.9461,314.1,4,1.9,2009-03-29,0636,Aqua,MODIS,67,6.2,289.5,48.1,D,0
21.5821,92.2452,328.4,4.2,1.9,2009-03-29,0636,Aqua,MODIS,77,6.2,295.8,150.7,D,0
21.9847,92.5389,317,3.9,1.8,2009-03-29,0636,Aqua,MODIS,30,6.2,294.2,53.8,D,0
22.3204,92.417,335.7,3.9,1.8,2009-03-29,0636,Aqua,MODIS,85,6.2,297.7,205.1,D,0
23.2023,92.2089,313.6,3.8,1.8,2009-03-29,0636,Aqua,MODIS,64,6.2,296.1,36.1,D,0
23.1957,92.2181,315.9,3.8,1.8,2009-03-29,0636,Aqua,MODIS,69,6.2,296.1,46.4,D,0
21.5786,92.2501,337.2,4.2,1.9,2009-03-29,0636,Aqua,MODIS,85,6.2,296,249.6,D,0
22.0636,92.4704,335.8,3.9,1.8,2009-03-29,0636,Aqua,MODIS,78,6.2,295,192.7,D,0
22.0614,92.5082,346.5,3.9,1.8,2009-03-29,0636,Aqua,MODIS,93,6.2,293,324,D,0
22.2966,92.3857,314.4,3.9,1.8,2009-03-29,0636,Aqua,MODIS,31,6.2,296.5,34.2,D,0
22.0449,92.5102,320.9,3.9,1.8,2009-03-29,0636,Aqua,MODIS,40,6.2,291,72.2,D,0
22.0464,92.5508,330.8,3.9,1.8,2009-03-29,0636,Aqua,MODIS,81,6.2,293.5,157.2,D,0
22.0365,92.5501,327.3,3.9,1.8,2009-03-29,0636,Aqua,MODIS,68,6.2,293.5,122.8,D,0
23.4165,91.9471,313,4,1.9,2009-03-29,0636,Aqua,MODIS,65,6.2,289.5,41.4,D,0
23.211,91.8513,309.6,4.1,1.9,2009-03-29,0636,Aqua,MODIS,51,6.2,289,24.3,D,0
22.3142,92.4266,328.6,3.9,1.8,2009-03-29,0636,Aqua,MODIS,79,6.2,298,136.6,D,0
22.1004,92.5321,323.7,3.9,1.8,2009-03-29,0636,Aqua,MODIS,55,6.2,295.5,91.6,D,0
22.0934,92.4987,331.9,3.9,1.8,2009-03-29,0636,Aqua,MODIS,82,6.2,295.9,164.2,D,0
21.9909,92.529,320.9,3.9,1.8,2009-03-29,0636,Aqua,MODIS,67,6.2,294.2,83.3,D,0
22.1093,92.5273,327.7,2.2,1.4,2009-03-30,0406,Terra,MODIS,81,6.2,298.8,57.1,D,0
22.1113,92.508,343.4,2.2,1.4,2009-03-30,0406,Terra,MODIS,92,6.2,297.7,133.1,D,0
23.1309,92.3082,350.3,2.4,1.5,2009-03-30,0406,Terra,MODIS,95,6.2,298,190.4,D,0
21.3741,92.5922,322,1,1,2009-03-30,0718,Aqua,MODIS,72,6.2,299.2,12.3,D,0
21.2774,92.5548,325.2,1,1,2009-03-30,0718,Aqua,MODIS,28,6.2,301.7,12.6,D,0
21.3495,92.5472,326.8,1,1,2009-03-30,0718,Aqua,MODIS,78,6.2,301.5,15.9,D,0
22.9783,92.0885,329.1,1,1,2009-03-30,0719,Aqua,MODIS,78,6.2,305,14.8,D,0
21.7772,92.5801,362.8,1,1,2009-03-30,0719,Aqua,MODIS,100,6.2,307.1,83.5,D,0
22.5709,92.3941,329,1,1,2009-03-30,0719,Aqua,MODIS,76,6.2,304.1,15.7,D,0
21.9356,92.4634,361,1,1,2009-03-30,0719,Aqua,MODIS,100,6.2,306.4,77.1,D,0
22.6922,92.2727,325.7,1,1,2009-03-30,0719,Aqua,MODIS,66,6.2,301.4,12,D,0
23.2852,91.9783,351.9,1,1,2009-03-30,0719,Aqua,MODIS,96,6.2,301.9,53.8,D,0
22.9955,92.145,322.7,1,1,2009-03-30,0719,Aqua,MODIS,35,6.2,303.4,7.5,D,0
21.5686,92.3425,326.8,1,1,2009-03-30,0719,Aqua,MODIS,78,6.2,305.5,12,D,0
21.9343,92.4538,365.7,1,1,2009-03-30,0719,Aqua,MODIS,100,6.2,308.7,90.1,D,0
21.9611,92.4493,336,1,1,2009-03-30,0719,Aqua,MODIS,85,6.2,305.6,24.8,D,0
21.9329,92.4442,330.8,1,1,2009-03-30,0719,Aqua,MODIS,81,6.2,305.5,17.9,D,0
21.9522,92.4508,331.2,1,1,2009-03-30,0719,Aqua,MODIS,81,6.2,304.6,18.1,D,0
22.9398,92.2688,325.9,1,1,2009-03-30,0719,Aqua,MODIS,74,6.2,307.2,10,D,0
22.6716,92.4609,327,1,1,2009-03-30,0719,Aqua,MODIS,76,6.2,308.2,10,D,0
23.3428,92.1915,330.9,1,1,2009-03-30,0719,Aqua,MODIS,82,6.2,304.8,18.9,D,0
23.3338,92.193,358.2,1,1,2009-03-30,0719,Aqua,MODIS,99,6.2,306.3,69.3,D,0
23.1364,92.2933,328.6,1,1,2009-03-30,0719,Aqua,MODIS,78,6.2,305.7,15.9,D,0
23.1378,92.303,325.1,1,1,2009-03-30,0719,Aqua,MODIS,74,6.2,306.4,12.3,D,0
21.937,92.473,322.3,1,1,2009-03-30,0719,Aqua,MODIS,62,6.2,299.2,7.9,D,0
21.924,92.4456,338.4,1,1,2009-03-30,0719,Aqua,MODIS,87,6.2,308.3,29.2,D,0
23.1275,92.2948,340.3,1,1,2009-03-30,0719,Aqua,MODIS,89,6.2,307.1,30.8,D,0
23.1289,92.3045,327.9,1,1,2009-03-30,0719,Aqua,MODIS,58,6.2,305.2,13.5,D,0
23.1185,92.2963,374.1,1,1,2009-03-30,0719,Aqua,MODIS,100,6.2,310.4,116,D,0
23.1199,92.306,405.4,1,1,2009-03-30,0719,Aqua,MODIS,100,6.2,313.5,275,D,0
22.7398,91.9632,319.7,1,1,2009-03-30,0719,Aqua,MODIS,61,6.2,301.2,7.4,D,0
21.9254,92.4553,364.2,1,1,2009-03-30,0719,Aqua,MODIS,100,6.2,310,85.9,D,0
22.7645,92.0083,317.5,1,1,2009-03-30,0719,Aqua,MODIS,47,6.2,301,4.7,D,0
22.7734,92.0068,325.7,1,1,2009-03-30,0719,Aqua,MODIS,74,6.2,301.1,13,D,0
22.7934,91.9542,323.1,1,1,2009-03-30,0719,Aqua,MODIS,28,6.2,303.1,8.5,D,0
22.8126,91.9608,330.6,1,1,2009-03-30,0719,Aqua,MODIS,80,6.2,303.8,17.7,D,0
22.0924,92.4645,330,1,1,2009-03-30,0719,Aqua,MODIS,80,6.2,302.8,16.4,D,0
21.9267,92.4649,336.8,1,1,2009-03-30,0719,Aqua,MODIS,86,6.2,305.2,26.1,D,0
23.2525,92.3314,320.3,1,1,2009-03-30,0719,Aqua,MODIS,34,6.2,303.1,8.7,D,0
23.2628,92.3397,326.9,1,1,2009-03-30,0719,Aqua,MODIS,77,6.2,303.4,14.7,D,0
23.2615,92.3299,334.6,1,1,2009-03-30,0719,Aqua,MODIS,80,6.2,303.4,25.2,D,0
23.2547,92.2813,323.3,1,1,2009-03-30,0719,Aqua,MODIS,72,6.2,303.8,11,D,0
23.2534,92.2716,321.5,1,1,2009-03-30,0719,Aqua,MODIS,69,6.2,303.6,9.2,D,0
23.2479,92.2325,336.7,1,1,2009-03-30,0719,Aqua,MODIS,68,6.2,302.5,26.6,D,0
23.2637,92.2798,360.5,1,1,2009-03-30,0719,Aqua,MODIS,100,6.2,303.7,78.2,D,0
23.2623,92.27,393.2,1,1,2009-03-30,0719,Aqua,MODIS,100,6.2,311.3,207,D,0
22.0195,92.5313,344.5,1,1,2009-03-30,0719,Aqua,MODIS,91,6.2,306.3,35.4,D,0
22.4486,92.1842,353.1,1,1,2009-03-30,0719,Aqua,MODIS,96,6.2,304.2,56.3,D,0
22.4321,92.1969,336.5,1,1,2009-03-30,0719,Aqua,MODIS,85,6.2,300.6,25.1,D,0
22.0808,92.4468,393.8,1,1,2009-03-30,0719,Aqua,MODIS,100,6.2,313.3,205.7,D,0
22.0821,92.4564,354.5,1,1,2009-03-30,0719,Aqua,MODIS,97,6.2,306.2,59.4,D,0
22.0911,92.455,340.9,1,1,2009-03-30,0719,Aqua,MODIS,89,6.2,305.6,31.7,D,0
22.8112,91.9512,337.5,1,1,2009-03-30,0719,Aqua,MODIS,86,6.2,304.9,27.4,D,0
22.519,92.156,327.1,1,1,2009-03-30,0719,Aqua,MODIS,71,6.2,305.1,13.7,D,0
23.4634,91.9359,327.1,1,1,2009-03-30,0719,Aqua,MODIS,68,6.2,297.6,11.9,D,0
23.4717,91.929,326.8,1,1,2009-03-30,0719,Aqua,MODIS,48,6.2,298.6,10.7,D,0
23.4834,91.9469,331.3,1,1,2009-03-30,0719,Aqua,MODIS,71,6.2,297,19.8,D,0
21.3515,92.1761,362,1,1,2009-03-30,0719,Aqua,MODIS,100,6.2,307,78.6,D,0
21.3502,92.1666,323.5,1,1,2009-03-30,0719,Aqua,MODIS,64,6.2,305.6,7.9,D,0
22.065,92.4647,349.8,1,1,2009-03-30,0719,Aqua,MODIS,95,6.2,306.7,47.9,D,0
22.0835,92.466,333.2,1,1,2009-03-30,0719,Aqua,MODIS,83,6.2,302.8,21.3,D,0
23.0486,92.1888,331,1,1,2009-03-30,0719,Aqua,MODIS,61,6.2,303.4,17.4,D,0
21.3605,92.1746,375.5,1,1,2009-03-30,0719,Aqua,MODIS,100,6.2,309.1,121.8,D,0
21.3591,92.1651,335.9,1,1,2009-03-30,0719,Aqua,MODIS,86,6.2,307,23.1,D,0
21.3694,92.1731,328.9,1,1,2009-03-30,0719,Aqua,MODIS,80,6.2,304.3,13.7,D,0
21.3797,92.1812,330.2,1,1,2009-03-30,0719,Aqua,MODIS,81,6.2,304.1,16,D,0
21.7758,92.5706,390.1,1,1,2009-03-30,0719,Aqua,MODIS,100,6.2,311.6,189.3,D,0
21.3769,92.1621,330.6,1,1,2009-03-30,0719,Aqua,MODIS,81,6.2,306.9,16.3,D,0
23.1956,92.0002,330.2,1,1,2009-03-30,0719,Aqua,MODIS,80,6.2,306.4,15.7,D,0
23.1922,92.0404,327.6,1,1,2009-03-30,0719,Aqua,MODIS,40,6.2,306.7,11.1,D,0
21.3918,92.3938,396.7,1,1,2009-03-30,0719,Aqua,MODIS,100,6.2,310.7,223.5,D,0
23.4072,91.9256,328.2,1,1,2009-03-30,0719,Aqua,MODIS,77,6.2,303.7,13.5,D,0
21.3756,92.1526,330.6,1,1,2009-03-30,0719,Aqua,MODIS,81,6.2,306.2,17,D,0
21.3931,92.4033,322.6,1,1,2009-03-30,0719,Aqua,MODIS,66,6.2,302.4,9.9,D,0
22.0718,92.4483,341.4,1,1,2009-03-30,0719,Aqua,MODIS,90,6.2,307.6,31.1,D,0
23.1256,92.0219,323.6,1,1,2009-03-30,0719,Aqua,MODIS,64,6.2,305.9,6.5,D,0
23.1243,92.0122,323.7,1,1,2009-03-30,0719,Aqua,MODIS,71,6.2,305.7,6.4,D,0
21.3847,92.473,333.4,1,1,2009-03-30,0719,Aqua,MODIS,84,6.2,304.1,23.5,D,0
23.2466,92.2229,424.1,1,1,2009-03-30,0719,Aqua,MODIS,100,6.2,312.1,421.7,D,0
23.1936,92.05,344,1,1,2009-03-30,0719,Aqua,MODIS,91,6.2,306.8,35.6,D,0
22.385,92.4469,352.6,1,1,2009-03-30,0719,Aqua,MODIS,96,6.2,305.8,54,D,0
22.3837,92.4373,352.8,1,1,2009-03-30,0719,Aqua,MODIS,96,6.2,307.7,53.6,D,0
22.3823,92.4277,325.6,1,1,2009-03-30,0719,Aqua,MODIS,58,6.2,307.7,8.8,D,0
22.394,92.4455,326.4,1,1,2009-03-30,0719,Aqua,MODIS,76,6.2,305.4,9.5,D,0
23.2289,91.968,320.3,1,1,2009-03-30,0719,Aqua,MODIS,53,6.2,302.7,4.7,D,0
23.2303,91.9777,337.7,1,1,2009-03-30,0719,Aqua,MODIS,87,6.2,303.3,26.2,D,0
23.1751,91.9839,325.4,1,1,2009-03-30,0719,Aqua,MODIS,75,6.2,304.3,9.2,D,0
22.3614,92.2143,324,1,1,2009-03-30,0719,Aqua,MODIS,46,6.2,300.6,11.6,D,0
22.0182,92.5217,329.3,1,1,2009-03-30,0719,Aqua,MODIS,45,6.2,307.3,13.5,D,0
23.1824,92.2305,347.9,1,1,2009-03-30,0719,Aqua,MODIS,94,6.2,306.8,43.4,D,0
23.1852,92.2499,347.2,1,1,2009-03-30,0719,Aqua,MODIS,93,6.2,307,43.8,D,0
23.1762,92.2514,335.8,1,1,2009-03-30,0719,Aqua,MODIS,85,6.2,305.8,23.9,D,0
23.1645,92.2335,331.5,1,1,2009-03-30,0719,Aqua,MODIS,82,6.2,305.7,17,D,0
22.0271,92.5201,331.6,1,1,2009-03-30,0719,Aqua,MODIS,62,6.2,307.2,16.1,D,0
23.1106,91.9156,369.7,1,1,2009-03-30,0719,Aqua,MODIS,100,6.2,308.1,101.2,D,0
23.1119,91.9253,322.9,1,1,2009-03-30,0719,Aqua,MODIS,55,6.2,306.2,6.3,D,0
23.0871,91.9448,325.6,1,1,2009-03-30,0719,Aqua,MODIS,75,6.2,306.9,8.9,D,0
23.0707,91.9575,331,1,1,2009-03-30,0719,Aqua,MODIS,80,6.2,307.6,14.2,D,0
23.0721,91.9671,334.8,1,1,2009-03-30,0719,Aqua,MODIS,84,6.2,306.7,19.9,D,0
23.1833,92.0418,342.3,1,1,2009-03-30,0719,Aqua,MODIS,90,6.2,306.7,33.1,D,0
23.0515,91.9508,327.2,1,1,2009-03-30,0719,Aqua,MODIS,77,6.2,308,10.3,D,0
22.9907,91.9185,337.9,1,1,2009-03-30,0719,Aqua,MODIS,87,6.2,306,26.1,D,0
22.0561,92.4661,337.3,1,1,2009-03-30,0719,Aqua,MODIS,86,6.2,304.6,25.3,D,0
23.224,92.1274,325,1,1,2009-03-30,0719,Aqua,MODIS,66,6.2,304.3,10.4,D,0
23.1811,92.2208,327.4,1,1,2009-03-30,0719,Aqua,MODIS,60,6.2,302.8,10.8,D,0
23.1496,92.1268,322.3,1,1,2009-03-30,0719,Aqua,MODIS,57,6.2,305.1,6.1,D,0
21.9597,92.4397,325,1,1,2009-03-30,0719,Aqua,MODIS,74,6.2,303.6,10.5,D,0
21.9454,92.4029,360.3,1,1,2009-03-30,0719,Aqua,MODIS,100,6.2,304.1,73,D,0
21.9365,92.4043,363.2,1,1,2009-03-30,0719,Aqua,MODIS,100,6.2,309.3,83.2,D,0
21.9378,92.4139,339.6,1,1,2009-03-30,0719,Aqua,MODIS,88,6.2,306.4,30.8,D,0
21.5916,92.5049,325.8,1,1,2009-03-30,0719,Aqua,MODIS,77,6.2,306,11.7,D,0
22.6365,91.9535,323.8,1,1,2009-03-30,0719,Aqua,MODIS,71,6.2,303.1,9.7,D,0
22.7061,91.9844,322.3,1,1,2009-03-30,0719,Aqua,MODIS,68,6.2,302.7,9.7,D,0
22.805,91.8439,321.3,1,1,2009-03-30,0719,Aqua,MODIS,66,6.2,304.1,6.5,D,0
22.0637,92.4551,324.7,1,1,2009-03-30,0719,Aqua,MODIS,44,6.2,306.1,8.1,D,0
23.2367,92.2911,353.4,1,1,2009-03-30,0719,Aqua,MODIS,96,6.2,305.9,59.3,D,0
22.0732,92.4579,329,1,1,2009-03-30,0719,Aqua,MODIS,59,6.2,306.4,13.8,D,0
23.2381,92.3008,324.2,1,1,2009-03-30,0719,Aqua,MODIS,47,6.2,303.8,10.7,D,0
22.9966,91.822,362.6,1,1,2009-03-30,0719,Aqua,MODIS,100,6.2,306.3,80.2,D,0
22.9924,91.7931,326.9,1,1,2009-03-30,0719,Aqua,MODIS,57,6.2,304.9,11.9,D,0
23.05,91.8129,336.1,1,1,2009-03-30,0719,Aqua,MODIS,86,6.2,302.8,24.8,D,0
23.0637,91.7809,326.2,1,1,2009-03-30,0719,Aqua,MODIS,46,6.2,303.8,11,D,0
23.3913,92.0076,327.2,1,1,2009-03-30,0719,Aqua,MODIS,78,6.2,302.5,14.7,D,0
23.4085,91.9353,348.8,1,1,2009-03-30,0719,Aqua,MODIS,94,6.2,304.3,46.7,D,0
22.9913,92.1159,326.8,1,1,2009-03-30,0719,Aqua,MODIS,39,6.2,305.8,11,D,0
22.9941,92.1353,324.1,1,1,2009-03-30,0719,Aqua,MODIS,60,6.2,304.1,9.1,D,0
23.4229,91.9725,324.3,1,1,2009-03-30,0719,Aqua,MODIS,59,6.2,302.1,11.1,D,0
23.4216,91.9628,339.7,1,1,2009-03-30,0719,Aqua,MODIS,87,6.2,304,30.9,D,0
24.1765,89.2644,320.9,1.1,1.1,2009-03-30,0719,Aqua,MODIS,70,6.2,301.5,11.2,D,0
22.3926,92.4358,331.3,1,1,2009-03-30,0719,Aqua,MODIS,81,6.2,306.8,15,D,0
22.4078,92.4136,356.7,1,1,2009-03-30,0719,Aqua,MODIS,98,6.2,307.3,66.2,D,0
22.4209,92.4411,336.7,1,1,2009-03-30,0719,Aqua,MODIS,86,6.2,307,24.6,D,0
22.4195,92.4314,331,1,1,2009-03-30,0719,Aqua,MODIS,81,6.2,305.8,16.2,D,0
23.4319,91.9709,351.4,1,1,2009-03-30,0719,Aqua,MODIS,96,6.2,302.2,54.3,D,0
23.4305,91.9613,346.9,1,1,2009-03-30,0719,Aqua,MODIS,93,6.2,299.4,43.5,D,0
23.1847,92.0515,336.8,1,1,2009-03-30,0719,Aqua,MODIS,86,6.2,307.2,24.1,D,0
22.9893,91.9088,324.8,1,1,2009-03-30,0719,Aqua,MODIS,55,6.2,305.7,9,D,0
23.0645,91.8499,319.5,1,1,2009-03-30,0719,Aqua,MODIS,51,6.2,302.3,6,D,0
21.7441,92.2817,331,1,1,2009-03-30,0719,Aqua,MODIS,82,6.2,304.6,18.7,D,0
21.8116,92.3616,357.1,1,1,2009-03-30,0719,Aqua,MODIS,98,6.2,308.5,67.3,D,0
21.8129,92.3711,327.7,1,1,2009-03-30,0719,Aqua,MODIS,72,6.2,303.8,14.4,D,0
21.8027,92.3631,420.7,1,1,2009-03-30,0719,Aqua,MODIS,100,6.2,319.4,390.2,D,0
23.186,92.0612,326.3,1,1,2009-03-30,0719,Aqua,MODIS,58,6.2,306.3,10,D,0
22.85,91.9577,356,1,1,2009-03-30,0719,Aqua,MODIS,98,6.2,305.8,62.5,D,0
22.8487,91.948,383.2,1,1,2009-03-30,0719,Aqua,MODIS,100,6.2,307.7,153.2,D,0
21.804,92.3727,397.1,1,1,2009-03-30,0719,Aqua,MODIS,100,6.2,307.9,224.5,D,0
21.7937,92.3646,369.1,1,1,2009-03-30,0719,Aqua,MODIS,100,6.2,310.4,100.6,D,0
21.7951,92.3742,388.2,1,1,2009-03-30,0719,Aqua,MODIS,100,6.2,309.8,177.9,D,0
21.7782,92.3934,333.1,1,1,2009-03-30,0719,Aqua,MODIS,84,6.2,305.2,21.1,D,0
23.0384,92.0519,327.8,1,1,2009-03-30,0719,Aqua,MODIS,77,6.2,306.8,12.4,D,0
21.5527,92.4234,337.5,1,1,2009-03-30,0719,Aqua,MODIS,87,6.2,306.8,26.4,D,0
22.5543,92.4068,338.8,1,1,2009-03-30,0719,Aqua,MODIS,76,6.2,300,29.9,D,0
21.4724,92.3737,328.4,1,1,2009-03-30,0719,Aqua,MODIS,79,6.2,304.8,13.6,D,0
21.568,92.2742,329.1,1,1,2009-03-30,0719,Aqua,MODIS,81,6.2,305.4,15.8,D,0
21.5391,92.3278,351.8,1,1,2009-03-30,0719,Aqua,MODIS,96,6.2,307.4,53.1,D,0
21.5378,92.3182,362.6,1,1,2009-03-30,0719,Aqua,MODIS,100,6.2,310,80.7,D,0
21.548,92.3263,372.5,1,1,2009-03-30,0719,Aqua,MODIS,100,6.2,305.9,112.4,D,0
21.8734,92.3459,324.9,1,1,2009-03-30,0719,Aqua,MODIS,32,6.2,303.4,10.4,D,0
21.8837,92.3541,334.6,1,1,2009-03-30,0719,Aqua,MODIS,84,6.2,304.6,23.4,D,0
21.8296,92.2315,333.6,1,1,2009-03-30,0719,Aqua,MODIS,84,6.2,303.5,21.8,D,0
23.053,92.294,325.1,1,1,2009-03-30,0719,Aqua,MODIS,66,6.2,305.8,8.4,D,0
21.7455,92.2913,328.6,1,1,2009-03-30,0719,Aqua,MODIS,80,6.2,304.4,15.8,D,0
21.7544,92.2898,329.5,1,1,2009-03-30,0719,Aqua,MODIS,80,6.2,303.8,17.2,D,0
21.753,92.2803,325.7,1,1,2009-03-30,0719,Aqua,MODIS,76,6.2,304.1,12.6,D,0
23.1771,92.0627,324.1,1,1,2009-03-30,0719,Aqua,MODIS,49,6.2,306.6,7.9,D,0
23.1435,92.0189,336.1,1,1,2009-03-30,0719,Aqua,MODIS,86,6.2,306.7,22.7,D,0
23.0544,92.3037,326.6,1,1,2009-03-30,0719,Aqua,MODIS,75,6.2,307.4,9.9,D,0
23.0454,92.3052,337.5,1,1,2009-03-30,0719,Aqua,MODIS,86,6.2,307.9,24.3,D,0
21.5467,92.3168,375.2,1,1,2009-03-30,0719,Aqua,MODIS,100,6.2,308.2,122.5,D,0
23.1476,92.0478,325.4,1,1,2009-03-30,0719,Aqua,MODIS,75,6.2,305.7,10.3,D,0
22.9481,92.1331,333.3,1,1,2009-03-30,0719,Aqua,MODIS,83,6.2,304.8,20.9,D,0
23.6553,91.9253,340.7,1,1,2009-03-30,0719,Aqua,MODIS,90,6.2,300.8,35.4,D,0
23.6566,91.935,379.3,1,1,2009-03-30,0719,Aqua,MODIS,100,6.2,302.9,142.3,D,0
23.658,91.9447,345,1,1,2009-03-30,0719,Aqua,MODIS,92,6.2,299.6,45.6,D,0
22.045,92.5171,404.2,1,1,2009-03-30,0719,Aqua,MODIS,100,6.2,318.4,264.9,D,0
22.0437,92.5076,377.3,1,1,2009-03-30,0719,Aqua,MODIS,100,6.2,315,128.2,D,0
22.0539,92.5156,403.1,1,1,2009-03-30,0719,Aqua,MODIS,100,6.2,315.2,258,D,0
21.4914,92.5074,331,1,1,2009-03-30,0719,Aqua,MODIS,82,6.2,304.3,20.9,D,0
21.49,92.4979,342.2,1,1,2009-03-30,0719,Aqua,MODIS,91,6.2,305.7,37.5,D,0
21.4827,92.3817,400.1,1,1,2009-03-30,0719,Aqua,MODIS,100,6.2,309,241.8,D,0
23.1006,92.2993,326.2,1,1,2009-03-30,0719,Aqua,MODIS,34,6.2,307.1,8.2,D,0
23.102,92.309,327.4,1,1,2009-03-30,0719,Aqua,MODIS,47,6.2,308.2,9.8,D,0
23.1033,92.3186,333,1,1,2009-03-30,0719,Aqua,MODIS,80,6.2,305,16.9,D,0
22.0526,92.5061,343,1,1,2009-03-30,0719,Aqua,MODIS,90,6.2,308.6,32.3,D,0
22.0628,92.5141,335.4,1,1,2009-03-30,0719,Aqua,MODIS,52,6.2,307,21.4,D,0
22.8118,91.892,327.1,1,1,2009-03-30,0719,Aqua,MODIS,76,6.2,304.1,12,D,0
22.8105,91.8823,321.9,1,1,2009-03-30,0719,Aqua,MODIS,67,6.2,305.3,6.4,D,0
21.9275,92.4058,331.2,1,1,2009-03-30,0719,Aqua,MODIS,81,6.2,307.5,18.5,D,0
23.1263,92.0911,331.7,1,1,2009-03-30,0719,Aqua,MODIS,82,6.2,304.7,18,D,0
22.4909,92.1508,326.1,1,1,2009-03-30,0719,Aqua,MODIS,65,6.2,304.7,13.5,D,0
21.5451,92.4344,344.2,1,1,2009-03-30,0719,Aqua,MODIS,92,6.2,307.6,38.1,D,0
21.5362,92.4359,355.9,1,1,2009-03-30,0719,Aqua,MODIS,98,6.2,310.5,63.6,D,0
21.8287,92.4178,331.9,1,1,2009-03-30,0719,Aqua,MODIS,82,6.2,305.8,18.9,D,0
21.8273,92.4082,326.7,1,1,2009-03-30,0719,Aqua,MODIS,71,6.2,305.6,13.1,D,0
21.8644,92.4119,326.9,1,1,2009-03-30,0719,Aqua,MODIS,77,6.2,304.7,10.9,D,0
21.863,92.4023,324.9,1,1,2009-03-30,0719,Aqua,MODIS,65,6.2,307.7,8.5,D,0
21.872,92.4009,323.4,1,1,2009-03-30,0719,Aqua,MODIS,61,6.2,305.4,7.3,D,0
21.4868,92.4105,323.7,1,1,2009-03-30,0719,Aqua,MODIS,70,6.2,299.8,10.9,D,0
22.3964,92.2676,327.8,1,1,2009-03-30,0719,Aqua,MODIS,77,6.2,294.9,15,D,0
22.9467,92.1234,324.3,1,1,2009-03-30,0719,Aqua,MODIS,72,6.2,303,9.5,D,0
22.9735,92.1189,328.8,1,1,2009-03-30,0719,Aqua,MODIS,64,6.2,301.9,12.9,D,0
22.9824,92.1174,338.4,1,1,2009-03-30,0719,Aqua,MODIS,87,6.2,305.5,26.9,D,0
22.3395,92.0607,323.1,1,1,2009-03-30,0719,Aqua,MODIS,59,6.2,303.9,10.9,D,0
21.4814,92.3722,445.7,1,1,2009-03-30,0719,Aqua,MODIS,100,6.2,323.8,644.6,D,0
21.48,92.3627,368.3,1,1,2009-03-30,0719,Aqua,MODIS,100,6.2,306.5,96.8,D,0
21.4903,92.3707,349.7,1,1,2009-03-30,0719,Aqua,MODIS,95,6.2,305.5,48.7,D,0
21.4889,92.3612,337.1,1,1,2009-03-30,0719,Aqua,MODIS,87,6.2,304.7,25,D,0
22.6972,92.114,323.3,1,1,2009-03-30,0719,Aqua,MODIS,27,6.2,305.1,7.7,D,0
22.0642,92.5238,328.8,1,1,2009-03-30,0719,Aqua,MODIS,51,6.2,303.1,13.2,D,0
22.0553,92.5253,337.2,1,1,2009-03-30,0719,Aqua,MODIS,81,6.2,301.5,22.8,D,0
22.9149,92.3523,326,1,1,2009-03-30,0719,Aqua,MODIS,74,6.2,305.8,12.1,D,0
22.8734,92.3261,333.1,1,1,2009-03-30,0719,Aqua,MODIS,82,6.2,303.1,21,D,0
21.4978,92.3598,325.6,1,1,2009-03-30,0719,Aqua,MODIS,50,6.2,304.5,10.3,D,0
21.3815,92.3857,323,1,1,2009-03-30,0719,Aqua,MODIS,73,6.2,304.9,10,D,0
21.3904,92.3842,363.8,1,1,2009-03-30,0719,Aqua,MODIS,100,6.2,308.1,86,D,0
22.8748,92.3359,327.4,1,1,2009-03-30,0719,Aqua,MODIS,76,6.2,302.5,13.9,D,0
21.4373,92.448,339.6,1,1,2009-03-30,0719,Aqua,MODIS,89,6.2,304,32.8,D,0
22.1542,92.5136,401.3,1,1,2009-03-30,0719,Aqua,MODIS,100,6.2,311.9,250.7,D,0
21.436,92.4384,327.3,1,1,2009-03-30,0719,Aqua,MODIS,79,6.2,305.4,15.5,D,0
22.8514,91.9673,372.1,1,1,2009-03-30,0719,Aqua,MODIS,100,6.2,307.3,111.3,D,0
22.8576,91.9465,324.1,1,1,2009-03-30,0719,Aqua,MODIS,61,6.2,303.2,8.3,D,0
22.8768,91.9531,333.5,1,1,2009-03-30,0719,Aqua,MODIS,83,6.2,304.2,19.4,D,0
22.8754,91.9435,342.9,1,1,2009-03-30,0719,Aqua,MODIS,90,6.2,304.1,34,D,0
22.8829,91.9324,331,1,1,2009-03-30,0719,Aqua,MODIS,80,6.2,303.6,16.3,D,0
22.8788,91.9035,331,1,1,2009-03-30,0719,Aqua,MODIS,80,6.2,303.3,16.8,D,0
22.9063,91.9679,340.3,1,1,2009-03-30,0719,Aqua,MODIS,88,6.2,304.4,31.6,D,0
22.1528,92.5038,347,1,1,2009-03-30,0719,Aqua,MODIS,93,6.2,300.9,43.1,D,0
22.1632,92.5121,348.8,1,1,2009-03-30,0719,Aqua,MODIS,94,6.2,302,47.1,D,0
22.0463,92.5268,341.3,1,1,2009-03-30,0719,Aqua,MODIS,85,6.2,307.2,28.9,D,0
23.0865,91.8111,324.7,1,1,2009-03-30,0719,Aqua,MODIS,74,6.2,303.9,10.1,D,0
21.4476,92.4561,360.8,1,1,2009-03-30,0719,Aqua,MODIS,100,6.2,304.6,77.5,D,0
22.1618,92.5023,345.1,1,1,2009-03-30,0719,Aqua,MODIS,83,6.2,304.9,39.1,D,0
23.0975,91.8882,325.3,1,1,2009-03-30,0719,Aqua,MODIS,56,6.2,302.2,10,D,0
23.1078,91.8963,337,1,1,2009-03-30,0719,Aqua,MODIS,86,6.2,304.6,24.7,D,0
23.1064,91.8867,330.9,1,1,2009-03-30,0719,Aqua,MODIS,81,6.2,303.9,17.2,D,0
23.1167,91.8948,352.4,1,1,2009-03-30,0719,Aqua,MODIS,96,6.2,306.1,54.2,D,0
23.1153,91.8852,347.1,1,1,2009-03-30,0719,Aqua,MODIS,93,6.2,304.3,44.1,D,0
23.1641,91.9066,325.3,1,1,2009-03-30,0719,Aqua,MODIS,75,6.2,304.6,10,D,0
23.2598,91.8638,328.9,1,1,2009-03-30,0719,Aqua,MODIS,79,6.2,302.1,15.8,D,0
23.2124,91.8521,324.1,1,1,2009-03-30,0719,Aqua,MODIS,27,6.2,303.8,10.2,D,0
21.9606,92.3807,322.2,1,1,2009-03-30,0719,Aqua,MODIS,46,6.2,291.7,7.1,D,0
21.8728,92.2775,322.5,1,1,2009-03-30,0719,Aqua,MODIS,61,6.2,303.6,8.3,D,0
21.8742,92.2871,343.4,1,1,2009-03-30,0719,Aqua,MODIS,91,6.2,304.7,37.5,D,0
21.8653,92.2886,351.7,1,1,2009-03-30,0719,Aqua,MODIS,96,6.2,308.9,54,D,0
22.3569,92.4417,334.6,1,1,2009-03-30,0719,Aqua,MODIS,75,6.2,304.9,21.6,D,0
21.4462,92.4465,377.5,1,1,2009-03-30,0719,Aqua,MODIS,100,6.2,309.4,132.9,D,0
21.4449,92.4369,331.4,1,1,2009-03-30,0719,Aqua,MODIS,83,6.2,306.5,20,D,0
21.4565,92.4546,333.5,1,1,2009-03-30,0719,Aqua,MODIS,84,6.2,306.4,22.6,D,0
21.9619,92.3903,322.6,1,1,2009-03-30,0719,Aqua,MODIS,43,6.2,293.9,8,D,0
21.9516,92.3822,345,1,1,2009-03-30,0719,Aqua,MODIS,81,6.2,301.9,38,D,0
22.6286,92.3493,335.3,1,1,2009-03-30,0719,Aqua,MODIS,77,6.2,303.9,24.9,D,0
22.6768,92.3018,322.4,1,1,2009-03-30,0719,Aqua,MODIS,65,6.2,304.5,8,D,0
21.7669,92.572,355.5,1,1,2009-03-30,0719,Aqua,MODIS,97,6.2,309.6,63.3,D,0
21.953,92.3918,387.5,1,1,2009-03-30,0719,Aqua,MODIS,100,6.2,309.2,173,D,0
21.944,92.3933,409,1,1,2009-03-30,0719,Aqua,MODIS,100,6.2,315.7,297.8,D,0
21.4552,92.445,328.2,1,1,2009-03-30,0719,Aqua,MODIS,80,6.2,306.2,15.8,D,0
23.3962,91.8482,336,1,1,2009-03-30,0719,Aqua,MODIS,86,6.2,302.6,24,D,0
23.377,91.8416,345.7,1,1,2009-03-30,0719,Aqua,MODIS,93,6.2,301,40.3,D,0
23.3783,91.8512,337.9,1,1,2009-03-30,0719,Aqua,MODIS,88,6.2,303.6,27.1,D,0
22.0794,92.4373,326.4,1,1,2009-03-30,0719,Aqua,MODIS,73,6.2,306.7,10.5,D,0
22.3582,92.4513,368.1,1,1,2009-03-30,0719,Aqua,MODIS,100,6.2,304.3,98.6,D,0
22.3439,92.4143,346.2,1,1,2009-03-30,0719,Aqua,MODIS,91,6.2,308.4,41,D,0
21.8748,92.3556,338.9,1,1,2009-03-30,0719,Aqua,MODIS,88,6.2,306,29,D,0
21.8756,92.2967,328.4,1,1,2009-03-30,0719,Aqua,MODIS,78,6.2,303.3,14.9,D,0
22.8015,92.0315,306.1,1.3,1.1,2009-03-31,0449,Terra,MODIS,32,6.2,279.6,5.7,D,0
24.4471,89.8146,321.7,1,1,2009-03-31,0449,Terra,MODIS,0,6.2,304.8,13,D,0
21.3699,92.5281,323.7,4.7,2,2009-03-31,0801,Aqua,MODIS,76,6.2,289.4,143,D,0
21.3673,92.477,337.1,4.6,2,2009-03-31,0801,Aqua,MODIS,88,6.2,292.3,301.1,D,0
21.3708,92.5213,332.5,4.7,2,2009-03-31,0801,Aqua,MODIS,85,6.2,289.3,246.1,D,0
21.3661,92.4843,343.7,4.6,2,2009-03-31,0801,Aqua,MODIS,92,6.2,292.9,400.3,D,0
21.6767,92.2489,330.4,1.2,1.1,2009-04-01,0706,Aqua,MODIS,82,6.2,304.3,26,D,0
21.6749,92.2376,323.6,1.2,1.1,2009-04-01,0706,Aqua,MODIS,75,6.2,304.2,15.4,D,0
22.0272,92.455,324.2,1.2,1.1,2009-04-01,0706,Aqua,MODIS,70,6.2,307.5,13.3,D,0
21.5145,92.3267,336.9,1.2,1.1,2009-04-01,0706,Aqua,MODIS,87,6.2,305.1,36.4,D,0
21.5029,92.3169,376.3,1.2,1.1,2009-04-01,0706,Aqua,MODIS,100,6.2,307.8,168.9,D,0
21.4018,92.5048,336.5,1.2,1.1,2009-04-01,0706,Aqua,MODIS,87,6.2,304.8,36.7,D,0
21.3999,92.4934,322.4,1.2,1.1,2009-04-01,0706,Aqua,MODIS,72,6.2,304.8,13.7,D,0
21.5473,92.5311,317.8,1.2,1.1,2009-04-01,0706,Aqua,MODIS,59,6.2,301.9,8.1,D,0
21.5048,92.3284,342.7,1.2,1.1,2009-04-01,0706,Aqua,MODIS,91,6.2,304.9,49.3,D,0
21.9677,92.2686,318.7,1.2,1.1,2009-04-01,0706,Aqua,MODIS,67,6.2,304.1,8.7,D,0
21.3047,92.5583,330.6,1.2,1.1,2009-04-01,0706,Aqua,MODIS,82,6.2,303.3,27.1,D,0
21.5107,92.3034,321.9,1.2,1.1,2009-04-01,0706,Aqua,MODIS,72,6.2,305.9,12.6,D,0
21.5126,92.3151,381.3,1.2,1.1,2009-04-01,0706,Aqua,MODIS,100,6.2,312,195.4,D,0
24.169,89.2424,320.4,1.7,1.3,2009-04-01,0707,Aqua,MODIS,60,6.2,303.4,17.9,D,0
24.1368,89.2563,327.8,1.7,1.3,2009-04-01,0707,Aqua,MODIS,79,6.2,302.4,37.2,D,0
24.1719,89.2585,321.3,1.7,1.3,2009-04-01,0707,Aqua,MODIS,61,6.2,304,20.4,D,0
24.1706,89.2488,326.2,1.7,1.3,2009-04-01,0707,Aqua,MODIS,77,6.2,305.2,30.3,D,0
21.3134,92.5522,319,1.6,1.3,2009-04-01,1627,Terra,MODIS,98,6.2,293.5,33.7,N,0
21.3022,92.5541,311.4,1.6,1.3,2009-04-01,1627,Terra,MODIS,82,6.2,293,20.3,N,0
24.2201,89.1351,323.8,1.2,1.1,2009-04-02,0436,Terra,MODIS,70,6.2,304.9,12.9,D,0
21.3056,92.5521,325.6,1,1,2009-04-02,0437,Terra,MODIS,71,6.2,304.6,15.4,D,0
21.3146,92.5536,345.6,1,1,2009-04-02,0437,Terra,MODIS,92,6.2,304.5,47.1,D,0
21.3041,92.5619,321.6,1,1,2009-04-02,0437,Terra,MODIS,55,6.2,303,11.8,D,0
21.6701,92.1992,322.8,2.6,1.6,2009-04-02,0749,Aqua,MODIS,64,6.2,299.7,46,D,0
21.5114,92.2806,317.7,2.7,1.6,2009-04-02,0749,Aqua,MODIS,37,6.2,296.7,29.7,D,0
21.7023,92.3169,321,2.7,1.6,2009-04-02,0749,Aqua,MODIS,61,6.2,299.2,40.5,D,0
21.6882,92.3187,328,2.7,1.6,2009-04-02,0749,Aqua,MODIS,76,6.2,299,71.9,D,0
21.7728,92.309,318.3,2.7,1.6,2009-04-02,0749,Aqua,MODIS,46,6.2,300.9,29,D,0
21.697,92.3253,329.8,2.7,1.6,2009-04-02,0749,Aqua,MODIS,78,6.2,297.9,82.9,D,0
21.7703,92.2834,321.6,2.7,1.6,2009-04-02,0749,Aqua,MODIS,63,6.2,300.3,40.5,D,0
21.5195,92.2968,328.4,2.7,1.6,2009-04-02,0749,Aqua,MODIS,76,6.2,297.9,82,D,0
21.9185,92.3863,335.6,2.7,1.6,2009-04-02,0749,Aqua,MODIS,84,6.2,302,115.3,D,0
21.9159,92.36,325.6,2.7,1.6,2009-04-02,0749,Aqua,MODIS,73,6.2,300,60.2,D,0
21.6623,92.1926,326.6,2.6,1.6,2009-04-02,0749,Aqua,MODIS,74,6.2,299.7,62.9,D,0
21.6646,92.2173,323.4,2.6,1.6,2009-04-02,0749,Aqua,MODIS,68,6.2,296.2,48.2,D,0
21.9131,92.3305,323.7,2.7,1.6,2009-04-02,0749,Aqua,MODIS,70,6.2,299.5,50.9,D,0
21.7597,92.2797,320,2.7,1.6,2009-04-02,0749,Aqua,MODIS,59,6.2,300.3,33.3,D,0
21.6562,92.2006,324.9,2.6,1.6,2009-04-02,0749,Aqua,MODIS,71,6.2,298,55.3,D,0
21.7621,92.3053,324.9,2.7,1.6,2009-04-02,0749,Aqua,MODIS,71,6.2,300.4,56.3,D,0
23.4027,91.8308,324.3,2.6,1.6,2009-04-02,0750,Aqua,MODIS,58,6.2,295.4,59.7,D,0
23.0098,91.799,323.7,2.6,1.5,2009-04-02,0750,Aqua,MODIS,75,6.2,299.6,51.9,D,0
24.7185,89.6532,315.2,1.9,1.3,2009-04-02,0750,Aqua,MODIS,0,6.2,298.5,16.7,D,0
23.0046,91.8043,324.2,2.6,1.5,2009-04-02,0750,Aqua,MODIS,75,6.2,298.9,53,D,0
23.0188,92.0888,316.7,4.3,1.9,2009-04-03,0519,Terra,MODIS,67,6.2,292.9,73.2,D,0
23.0337,92.0856,315,4.3,1.9,2009-04-03,0519,Terra,MODIS,64,6.2,293.8,60.6,D,0
21.9633,92.3356,313.4,4.8,2,2009-04-03,0520,Terra,MODIS,47,6.2,294.1,53.2,D,0
21.9817,92.3349,314.8,4.8,2,2009-04-03,0520,Terra,MODIS,33,6.2,292.6,58.5,D,0
21.9808,92.34,314.5,4.8,2,2009-04-03,0520,Terra,MODIS,58,6.2,292.4,61.4,D,0
21.8753,92.4139,326.5,1.8,1.3,2009-04-03,0654,Aqua,MODIS,76,6.2,302.3,34.6,D,0
21.9631,92.3165,343.6,1.9,1.3,2009-04-03,0654,Aqua,MODIS,91,6.2,302,95.8,D,0
21.3895,92.4194,318.5,1.9,1.3,2009-04-03,0654,Aqua,MODIS,44,6.2,299.4,20.8,D,0
21.3927,92.4371,353.7,1.9,1.3,2009-04-03,0654,Aqua,MODIS,97,6.2,301.3,156.2,D,0
21.8296,92.4967,322.3,1.8,1.3,2009-04-03,0654,Aqua,MODIS,60,6.2,301.2,24.6,D,0
22.0273,92.2981,328,1.9,1.3,2009-04-03,0654,Aqua,MODIS,78,6.2,300.1,41.6,D,0
21.8354,92.5009,320.4,1.8,1.3,2009-04-03,0654,Aqua,MODIS,50,6.2,301.1,22.1,D,0
21.5674,92.557,327.5,1.8,1.3,2009-04-03,0654,Aqua,MODIS,68,6.2,299.8,39.2,D,0
22.4207,92.4249,324.9,1.8,1.3,2009-04-03,0654,Aqua,MODIS,75,6.2,301.4,30.3,D,0
21.7543,92.1855,334.8,1.9,1.4,2009-04-03,0654,Aqua,MODIS,84,6.2,300.5,66.2,D,0
21.7509,92.1664,343.1,1.9,1.4,2009-04-03,0654,Aqua,MODIS,91,6.2,301.2,102.3,D,0
21.8868,92.3418,326.5,1.9,1.3,2009-04-03,0654,Aqua,MODIS,76,6.2,301,39.6,D,0
22.8693,92.0048,314.4,1.9,1.3,2009-04-03,0654,Aqua,MODIS,57,6.2,298.4,13.2,D,0
22.8622,92.0019,316.3,1.9,1.3,2009-04-03,0654,Aqua,MODIS,63,6.2,298.2,17.1,D,0
22.4313,92.3496,320.2,1.8,1.3,2009-04-03,0654,Aqua,MODIS,67,6.2,299.8,21.3,D,0
22.1366,92.5202,314.6,1.8,1.3,2009-04-03,0654,Aqua,MODIS,40,6.2,300.4,12.8,D,0
21.4047,92.4351,318.8,1.9,1.3,2009-04-03,0654,Aqua,MODIS,30,6.2,299.4,18.9,D,0
22.3583,92.3881,319.4,1.8,1.3,2009-04-03,0654,Aqua,MODIS,65,6.2,302,16.9,D,0
21.1367,92.1202,316.7,2,1.4,2009-04-03,0654,Aqua,MODIS,49,6.2,301.1,17.1,D,0
21.8896,92.357,336.3,1.9,1.3,2009-04-03,0654,Aqua,MODIS,86,6.2,300.5,69.8,D,0
21.7855,92.4936,322.7,1.8,1.3,2009-04-03,0654,Aqua,MODIS,61,6.2,300.7,25.2,D,0
21.4224,92.4653,349.2,1.9,1.3,2009-04-03,0654,Aqua,MODIS,94,6.2,298.7,127.7,D,0
21.4194,92.4483,329.2,1.9,1.3,2009-04-03,0654,Aqua,MODIS,71,6.2,300,44.3,D,0
21.7629,92.1638,319.3,1.9,1.4,2009-04-03,0654,Aqua,MODIS,63,6.2,300.3,20.5,D,0
21.4343,92.4631,341,1.9,1.3,2009-04-03,0654,Aqua,MODIS,89,6.2,293.6,88.8,D,0
22.0038,92.304,319,1.9,1.3,2009-04-03,0654,Aqua,MODIS,25,6.2,300.1,16.7,D,0
22.0007,92.2875,321.2,1.9,1.3,2009-04-03,0654,Aqua,MODIS,58,6.2,300.4,21.4,D,0
22.987,92.2839,319.2,1.8,1.3,2009-04-03,0654,Aqua,MODIS,65,6.2,301.6,16.7,D,0
21.4312,92.4457,333.3,1.9,1.3,2009-04-03,0654,Aqua,MODIS,83,6.2,300.2,58.5,D,0
21.8701,92.4521,350.5,1.8,1.3,2009-04-03,0654,Aqua,MODIS,95,6.2,300.7,128.8,D,0
21.9339,92.3582,326.4,1.9,1.3,2009-04-03,0654,Aqua,MODIS,55,6.2,300.1,36.2,D,0
21.9489,92.3733,324.7,1.9,1.3,2009-04-03,0654,Aqua,MODIS,64,6.2,298.3,30.3,D,0
21.9457,92.3556,347.5,1.9,1.3,2009-04-03,0654,Aqua,MODIS,93,6.2,300.2,116.3,D,0
21.5521,92.4707,327.7,1.9,1.3,2009-04-03,0654,Aqua,MODIS,54,6.2,299,40.9,D,0
21.5135,92.4602,330.2,1.9,1.3,2009-04-03,0654,Aqua,MODIS,79,6.2,299.3,49.7,D,0
21.4748,92.4494,331,1.9,1.3,2009-04-03,0654,Aqua,MODIS,81,6.2,300.3,53.5,D,0
21.478,92.4673,322.7,1.9,1.3,2009-04-03,0654,Aqua,MODIS,69,6.2,299,30,D,0
21.5553,92.4888,325.7,1.9,1.3,2009-04-03,0654,Aqua,MODIS,58,6.2,295.2,36.1,D,0
21.1303,92.1091,320.2,2,1.4,2009-04-03,0654,Aqua,MODIS,0,6.2,301.1,23.8,D,0
21.7823,92.4757,328.8,1.8,1.3,2009-04-03,0654,Aqua,MODIS,78,6.2,302.7,41.5,D,0
22.1006,92.2569,347.4,1.9,1.3,2009-04-03,0654,Aqua,MODIS,93,6.2,302.2,120.4,D,0
21.4257,92.4834,358.8,1.9,1.3,2009-04-03,0654,Aqua,MODIS,99,6.2,300.1,185.5,D,0
21.4139,92.4859,320.5,1.9,1.3,2009-04-03,0654,Aqua,MODIS,65,6.2,298.9,25.8,D,0
22.3836,92.2878,317.8,1.8,1.3,2009-04-03,0654,Aqua,MODIS,62,6.2,301.6,13.4,D,0
22.0444,92.4593,333.5,1.8,1.3,2009-04-03,0654,Aqua,MODIS,83,6.2,300.8,57.7,D,0
22.0479,92.4783,328.3,1.8,1.3,2009-04-03,0654,Aqua,MODIS,75,6.2,298.9,41.8,D,0
21.9832,92.3253,326.9,1.9,1.3,2009-04-03,0654,Aqua,MODIS,36,6.2,299.1,34.5,D,0
21.9897,92.3283,326.6,1.9,1.3,2009-04-03,0654,Aqua,MODIS,40,6.2,299.3,33.4,D,0
21.5623,92.5516,327.3,1.8,1.3,2009-04-03,0654,Aqua,MODIS,55,6.2,299.8,37.2,D,0
21.5645,92.5407,323.3,1.8,1.3,2009-04-03,0654,Aqua,MODIS,19,6.2,298.2,27.5,D,0
21.574,92.3483,320.5,1.9,1.3,2009-04-03,0654,Aqua,MODIS,59,6.2,298.9,21.8,D,0
21.5292,92.5472,323.8,1.8,1.3,2009-04-03,0654,Aqua,MODIS,38,6.2,295.2,31.9,D,0
22.9986,92.2814,319.7,1.8,1.3,2009-04-03,0654,Aqua,MODIS,60,6.2,301.1,17.5,D,0
21.5145,92.5334,336.3,1.8,1.3,2009-04-03,0654,Aqua,MODIS,76,6.2,297.4,70.4,D,0
21.5176,92.5502,355.8,1.8,1.3,2009-04-03,0654,Aqua,MODIS,98,6.2,296.3,162.4,D,0
23.2378,92.264,322.8,1.8,1.3,2009-04-03,0655,Aqua,MODIS,75,6.2,299.7,29.6,D,0
23.2813,92.1962,335.7,1.8,1.3,2009-04-03,0655,Aqua,MODIS,87,6.2,300.1,60,D,0
23.2846,92.2141,396.7,1.8,1.3,2009-04-03,0655,Aqua,MODIS,100,6.2,303.5,522.8,D,0
22.9975,92.2927,318.4,1.8,1.3,2009-04-03,0655,Aqua,MODIS,51,6.2,300.5,16.2,D,0
23.273,92.2164,342.8,1.8,1.3,2009-04-03,0655,Aqua,MODIS,91,6.2,299.9,89.2,D,0
23.2748,92.2026,333.2,1.8,1.3,2009-04-03,0655,Aqua,MODIS,83,6.2,299.9,51.6,D,0
22.9943,92.2752,321.4,1.8,1.3,2009-04-03,0655,Aqua,MODIS,0,6.2,301.7,23.3,D,0
23.2408,92.2808,316.1,1.8,1.3,2009-04-03,0655,Aqua,MODIS,64,6.2,299.4,15,D,0
23.278,92.2205,362,1.8,1.3,2009-04-03,0655,Aqua,MODIS,100,6.2,300.7,191.1,D,0
23.2781,92.1788,318.8,1.8,1.3,2009-04-03,0655,Aqua,MODIS,26,6.2,299.6,14.9,D,0
23.2386,92.3348,329.4,1.8,1.3,2009-04-03,0655,Aqua,MODIS,82,6.2,298.8,47.5,D,0
23.1839,92.2823,314.9,1.8,1.3,2009-04-03,0655,Aqua,MODIS,59,6.2,300,11.5,D,0
23.2402,92.1401,306,1.1,1,2009-04-03,1615,Terra,MODIS,66,6.2,294.4,6.3,N,0
21.319,92.553,310.8,1.1,1,2009-04-03,1615,Terra,MODIS,81,6.2,293.7,10.6,N,0
21.5323,92.5619,312.3,1.1,1,2009-04-03,1615,Terra,MODIS,85,6.2,293.3,12.1,N,0
21.3203,92.563,307.1,1.1,1,2009-04-03,1615,Terra,MODIS,70,6.2,293.5,7.6,N,0
23.2388,92.1294,323.3,1.1,1,2009-04-03,1615,Terra,MODIS,100,6.2,295,22.7,N,0
21.9964,92.3187,342,1.1,1.1,2009-04-04,0425,Terra,MODIS,90,6.2,303.9,42.8,D,0
21.5497,92.1922,343.1,1.1,1.1,2009-04-04,0425,Terra,MODIS,90,6.2,302.5,45.5,D,0
21.3158,92.5599,327.3,1.1,1,2009-04-04,0425,Terra,MODIS,76,6.2,303.3,19,D,0
21.9913,92.3228,349.8,1.1,1.1,2009-04-04,0425,Terra,MODIS,95,6.2,305.7,60.6,D,0
21.3835,92.5974,319.3,1.1,1,2009-04-04,0425,Terra,MODIS,62,6.2,302.8,10.1,D,0
21.8062,92.4431,334.4,1.1,1.1,2009-04-04,0425,Terra,MODIS,84,6.2,306.4,25.5,D,0
21.995,92.3296,349.4,1.1,1.1,2009-04-04,0425,Terra,MODIS,94,6.2,304.2,60.5,D,0
21.8047,92.4542,322.4,1.1,1.1,2009-04-04,0425,Terra,MODIS,70,6.2,304.9,8.2,D,0
21.9898,92.3338,326.7,1.1,1.1,2009-04-04,0425,Terra,MODIS,76,6.2,303.4,15.8,D,0
22.5861,91.7637,318.3,1.2,1.1,2009-04-04,0425,Terra,MODIS,63,6.2,301,10.7,D,0
21.5539,92.3958,342.8,1.6,1.2,2009-04-04,0737,Aqua,MODIS,89,6.2,307.2,65.5,D,0
22.2816,92.3771,337.9,1.6,1.3,2009-04-04,0737,Aqua,MODIS,86,6.2,304.9,53.5,D,0
21.6564,92.2072,329.8,1.6,1.2,2009-04-04,0737,Aqua,MODIS,74,6.2,305.2,28.8,D,0
21.6674,92.2058,323,1.6,1.2,2009-04-04,0737,Aqua,MODIS,57,6.2,305.4,13.6,D,0
22.2075,92.2362,336,1.6,1.2,2009-04-04,0737,Aqua,MODIS,84,6.2,305.2,45.9,D,0
21.4619,92.3973,324.4,1.6,1.2,2009-04-04,0737,Aqua,MODIS,63,6.2,303.7,18.9,D,0
21.608,92.373,328.9,1.6,1.2,2009-04-04,0737,Aqua,MODIS,73,6.2,303.5,26.8,D,0
21.846,92.4649,333.9,1.6,1.3,2009-04-04,0737,Aqua,MODIS,80,6.2,304.3,43,D,0
22.4845,92.1585,320.6,1.6,1.2,2009-04-04,0737,Aqua,MODIS,42,6.2,303.1,12.2,D,0
21.6217,92.3967,376.9,1.6,1.2,2009-04-04,0737,Aqua,MODIS,100,6.2,305.4,256.7,D,0
21.3937,92.4919,324.7,1.6,1.3,2009-04-04,0737,Aqua,MODIS,45,6.2,304.2,19.8,D,0
21.9844,92.2768,324.8,1.6,1.2,2009-04-04,0737,Aqua,MODIS,65,6.2,305.8,16.9,D,0
21.5348,92.2289,325.3,1.6,1.2,2009-04-04,0737,Aqua,MODIS,66,6.2,306.3,20.1,D,0
21.5365,92.244,333.2,1.6,1.2,2009-04-04,0737,Aqua,MODIS,79,6.2,304.2,38.1,D,0
21.5289,92.2754,327.8,1.6,1.2,2009-04-04,0737,Aqua,MODIS,69,6.2,304.2,23.5,D,0
21.4957,92.28,339.2,1.6,1.2,2009-04-04,0737,Aqua,MODIS,86,6.2,304.3,56.2,D,0
21.4925,92.272,336.7,1.6,1.2,2009-04-04,0737,Aqua,MODIS,83,6.2,304.5,51.4,D,0
21.4943,92.2869,346.8,1.6,1.2,2009-04-04,0737,Aqua,MODIS,92,6.2,303.5,84.7,D,0
21.4814,92.2733,326.6,1.6,1.2,2009-04-04,0737,Aqua,MODIS,69,6.2,303.6,25.5,D,0
21.3893,92.5533,334.7,1.6,1.3,2009-04-04,0737,Aqua,MODIS,81,6.2,302.5,46.2,D,0
21.3877,92.5389,339,1.6,1.3,2009-04-04,0737,Aqua,MODIS,85,6.2,305.5,60.3,D,0
21.4832,92.2883,332.4,1.6,1.2,2009-04-04,0737,Aqua,MODIS,78,6.2,303.1,39.4,D,0
21.8443,92.4498,361.6,1.6,1.3,2009-04-04,0737,Aqua,MODIS,100,6.2,306.4,160,D,0
21.891,92.4529,328.5,1.6,1.3,2009-04-04,0737,Aqua,MODIS,63,6.2,305.4,23.8,D,0
21.5496,92.458,344.1,1.6,1.3,2009-04-04,0737,Aqua,MODIS,90,6.2,303.9,71.5,D,0
21.5384,92.4596,359.9,1.6,1.3,2009-04-04,0737,Aqua,MODIS,99,6.2,304.2,143.1,D,0
21.5892,92.4067,346.6,1.6,1.2,2009-04-04,0737,Aqua,MODIS,92,6.2,305.1,83.4,D,0
21.5401,92.475,341.7,1.6,1.3,2009-04-04,0737,Aqua,MODIS,88,6.2,304.5,62.5,D,0
21.5418,92.49,345.5,1.6,1.3,2009-04-04,0737,Aqua,MODIS,91,6.2,303.5,79.1,D,0
21.5289,92.4764,332.6,1.6,1.3,2009-04-04,0737,Aqua,MODIS,78,6.2,305.9,35.4,D,0
21.5306,92.4914,358.3,1.6,1.3,2009-04-04,0737,Aqua,MODIS,99,6.2,307.3,138.7,D,0
21.5193,92.4931,334,1.6,1.3,2009-04-04,0737,Aqua,MODIS,78,6.2,304.9,42.4,D,0
22.4424,92.1857,325.7,1.6,1.2,2009-04-04,0737,Aqua,MODIS,71,6.2,305.2,20.2,D,0
22.4296,92.1722,323.2,1.6,1.2,2009-04-04,0737,Aqua,MODIS,65,6.2,304.7,14.1,D,0
22.433,92.2028,342.1,1.6,1.2,2009-04-04,0737,Aqua,MODIS,89,6.2,305.6,67.1,D,0
21.5288,92.4831,353.4,1.6,1.3,2009-04-04,0737,Aqua,MODIS,96,6.2,307.6,114.8,D,0
21.5305,92.4982,338.6,1.6,1.3,2009-04-04,0737,Aqua,MODIS,85,6.2,305,57.1,D,0
21.6171,92.2563,329.2,1.6,1.2,2009-04-04,0737,Aqua,MODIS,73,6.2,303.3,28.6,D,0
21.6139,92.228,321.8,1.6,1.2,2009-04-04,0737,Aqua,MODIS,50,6.2,304,13.5,D,0
21.8894,92.4443,324.5,1.6,1.3,2009-04-04,0737,Aqua,MODIS,23,6.2,304.8,14.6,D,0
21.5285,92.5787,338.2,1.7,1.3,2009-04-04,0737,Aqua,MODIS,84,6.2,303,61.1,D,0
21.5175,92.4847,329.5,1.6,1.3,2009-04-04,0737,Aqua,MODIS,73,6.2,304.8,29.2,D,0
21.5193,92.4998,327.5,1.6,1.3,2009-04-04,0737,Aqua,MODIS,45,6.2,304.3,25.8,D,0
21.5063,92.4866,324.7,1.6,1.3,2009-04-04,0737,Aqua,MODIS,46,6.2,303,19.9,D,0
21.4898,92.442,365.5,1.6,1.3,2009-04-04,0737,Aqua,MODIS,100,6.2,304.4,177.2,D,0
21.5086,92.4083,376.2,1.6,1.2,2009-04-04,0737,Aqua,MODIS,100,6.2,306.2,249.5,D,0
21.5216,92.4223,335.5,1.6,1.2,2009-04-04,0737,Aqua,MODIS,82,6.2,302.9,44.1,D,0
21.5197,92.4067,353.8,1.6,1.2,2009-04-04,0737,Aqua,MODIS,96,6.2,304.2,112.7,D,0
21.5109,92.4168,352.2,1.6,1.2,2009-04-04,0737,Aqua,MODIS,95,6.2,303.7,105.6,D,0
22.1926,92.5077,340.4,1.7,1.3,2009-04-04,0737,Aqua,MODIS,87,6.2,306.3,67.8,D,0
21.647,92.2232,321.7,1.6,1.2,2009-04-04,0737,Aqua,MODIS,36,6.2,304.3,11.5,D,0
21.5221,92.4152,348.2,1.6,1.2,2009-04-04,0737,Aqua,MODIS,93,6.2,303.7,87,D,0
21.5367,92.4446,365.1,1.6,1.3,2009-04-04,0737,Aqua,MODIS,100,6.2,306.7,171.5,D,0
21.5351,92.4296,327,1.6,1.3,2009-04-04,0737,Aqua,MODIS,51,6.2,305.5,19.2,D,0
21.5333,92.414,329.5,1.6,1.2,2009-04-04,0737,Aqua,MODIS,74,6.2,305.5,25.8,D,0
21.5557,92.4114,359.5,1.6,1.2,2009-04-04,0737,Aqua,MODIS,99,6.2,306.9,138.9,D,0
21.4916,92.4575,332.4,1.6,1.3,2009-04-04,0737,Aqua,MODIS,78,6.2,302.9,36.6,D,0
22.4556,92.405,343.5,1.7,1.3,2009-04-04,0737,Aqua,MODIS,90,6.2,303.9,75,D,0
22.1944,92.5237,321,1.7,1.3,2009-04-04,0737,Aqua,MODIS,56,6.2,304.1,15,D,0
22.2881,92.2339,340.7,1.6,1.2,2009-04-04,0737,Aqua,MODIS,88,6.2,305.3,61.9,D,0
21.6037,92.3371,325.9,1.6,1.2,2009-04-04,0737,Aqua,MODIS,62,6.2,305.3,19.3,D,0
22.4426,92.3916,323.7,1.7,1.3,2009-04-04,0737,Aqua,MODIS,67,6.2,304.6,17.1,D,0
22.4443,92.4065,336,1.7,1.3,2009-04-04,0737,Aqua,MODIS,84,6.2,303.6,49.4,D,0
21.4638,92.4138,347.7,1.6,1.2,2009-04-04,0737,Aqua,MODIS,92,6.2,304.9,89.3,D,0
21.8095,92.3436,335,1.6,1.2,2009-04-04,0737,Aqua,MODIS,82,6.2,304.6,43.7,D,0
21.7828,92.3067,359.1,1.6,1.2,2009-04-04,0737,Aqua,MODIS,99,6.2,305.1,140.5,D,0
21.8898,92.3396,324,1.6,1.2,2009-04-04,0737,Aqua,MODIS,63,6.2,305.1,17.8,D,0
21.8222,92.3563,344.1,1.6,1.2,2009-04-04,0737,Aqua,MODIS,90,6.2,304.8,72.8,D,0
21.8111,92.3581,362,1.6,1.2,2009-04-04,0737,Aqua,MODIS,100,6.2,307.1,155.2,D,0
21.7821,92.3012,375.2,1.6,1.2,2009-04-04,0737,Aqua,MODIS,100,6.2,305.9,241.1,D,0
21.781,92.2914,356,1.6,1.2,2009-04-04,0737,Aqua,MODIS,97,6.2,305.3,125.5,D,0
21.7452,92.3732,359.8,1.6,1.2,2009-04-04,0737,Aqua,MODIS,99,6.2,306,148,D,0
21.6892,92.2952,324.7,1.6,1.2,2009-04-04,0737,Aqua,MODIS,59,6.2,303.6,17.6,D,0
21.6647,92.3755,330.3,1.6,1.2,2009-04-04,0737,Aqua,MODIS,75,6.2,304,30.6,D,0
21.6535,92.3771,344.9,1.6,1.2,2009-04-04,0737,Aqua,MODIS,90,6.2,304.5,74.8,D,0
22.2093,92.2514,352,1.6,1.2,2009-04-04,0737,Aqua,MODIS,95,6.2,305.8,105.5,D,0
21.7804,92.286,328.9,1.6,1.2,2009-04-04,0737,Aqua,MODIS,74,6.2,304.4,29,D,0
21.7581,92.3865,348.2,1.6,1.3,2009-04-04,0737,Aqua,MODIS,93,6.2,302.6,92.9,D,0
21.7469,92.3879,363.9,1.6,1.3,2009-04-04,0737,Aqua,MODIS,100,6.2,305.2,172.7,D,0
21.6581,92.2218,340.1,1.6,1.2,2009-04-04,0737,Aqua,MODIS,86,6.2,305.9,57.9,D,0
21.8257,92.3864,324.5,1.6,1.3,2009-04-04,0737,Aqua,MODIS,39,6.2,302.1,17.5,D,0
21.8371,92.3867,329.5,1.6,1.3,2009-04-04,0737,Aqua,MODIS,54,6.2,304,28.5,D,0
21.8597,92.385,331.7,1.6,1.3,2009-04-04,0737,Aqua,MODIS,77,6.2,305.9,34.3,D,0
21.5531,92.4888,338.6,1.6,1.3,2009-04-04,0737,Aqua,MODIS,85,6.2,302,57.7,D,0
21.6776,92.3892,351.1,1.6,1.2,2009-04-04,0737,Aqua,MODIS,94,6.2,305.5,103.6,D,0
21.6441,92.394,345.5,1.6,1.2,2009-04-04,0737,Aqua,MODIS,91,6.2,304.2,80.1,D,0
21.6458,92.4092,323.7,1.6,1.3,2009-04-04,0737,Aqua,MODIS,46,6.2,302.8,17.6,D,0
21.5616,92.3636,325.9,1.6,1.2,2009-04-04,0737,Aqua,MODIS,39,6.2,306.3,17.7,D,0
21.5179,92.3916,325.2,1.6,1.2,2009-04-04,0737,Aqua,MODIS,61,6.2,303.3,18.3,D,0
21.4656,92.4296,342.1,1.6,1.2,2009-04-04,0737,Aqua,MODIS,88,6.2,304,66.5,D,0
21.9055,92.278,344,1.6,1.2,2009-04-04,0737,Aqua,MODIS,90,6.2,305.5,72.7,D,0
21.602,92.3218,335.3,1.6,1.2,2009-04-04,0737,Aqua,MODIS,82,6.2,305.4,43.2,D,0
21.833,92.4513,327.7,1.6,1.3,2009-04-04,0737,Aqua,MODIS,71,6.2,304.8,27.4,D,0
21.9071,92.2927,337.1,1.6,1.2,2009-04-04,0737,Aqua,MODIS,84,6.2,303.6,50.1,D,0
22.046,92.2231,323.8,1.6,1.2,2009-04-04,0737,Aqua,MODIS,32,6.2,305.8,13.8,D,0
21.3089,92.5561,336.3,1.6,1.3,2009-04-04,0737,Aqua,MODIS,83,6.2,303.6,56,D,0
21.516,92.375,324.9,1.6,1.2,2009-04-04,0737,Aqua,MODIS,64,6.2,303.1,18.1,D,0
21.5092,92.4013,369.3,1.6,1.2,2009-04-04,0737,Aqua,MODIS,100,6.2,307.2,200.7,D,0
21.5263,92.5567,331.3,1.6,1.3,2009-04-04,0737,Aqua,MODIS,46,6.2,304.5,37.1,D,0
21.5394,92.5713,340.6,1.7,1.3,2009-04-04,0737,Aqua,MODIS,87,6.2,302.9,67.6,D,0
21.8622,92.2136,328.9,1.6,1.2,2009-04-04,0737,Aqua,MODIS,74,6.2,305.4,26.6,D,0
21.8653,92.2216,330.7,1.6,1.2,2009-04-04,0737,Aqua,MODIS,77,6.2,304.9,31.6,D,0
22.6649,91.9379,324.1,1.6,1.2,2009-04-04,0737,Aqua,MODIS,72,6.2,302.4,22.6,D,0
21.5204,92.3998,328.8,1.6,1.2,2009-04-04,0737,Aqua,MODIS,72,6.2,303.5,25.1,D,0
21.5839,92.3607,336.8,1.6,1.2,2009-04-04,0737,Aqua,MODIS,81,6.2,303.6,44.4,D,0
21.5671,92.314,325.7,1.6,1.2,2009-04-04,0737,Aqua,MODIS,17,6.2,304.6,15.3,D,0
21.569,92.3302,334.8,1.6,1.2,2009-04-04,0737,Aqua,MODIS,80,6.2,304.4,36.7,D,0
21.9254,92.3536,328.3,1.6,1.3,2009-04-04,0737,Aqua,MODIS,73,6.2,306.1,28.4,D,0
22.0044,92.3534,346.8,1.6,1.3,2009-04-04,0737,Aqua,MODIS,92,6.2,303.8,90.2,D,0
22.0026,92.3374,319.6,1.6,1.3,2009-04-04,0737,Aqua,MODIS,38,6.2,302.6,11.8,D,0
21.5561,92.316,386.7,1.6,1.2,2009-04-04,0737,Aqua,MODIS,100,6.2,307.6,329.3,D,0
21.5544,92.3014,354.6,1.6,1.2,2009-04-04,0737,Aqua,MODIS,97,6.2,306.4,113.2,D,0
21.5068,92.3929,348.2,1.6,1.2,2009-04-04,0737,Aqua,MODIS,93,6.2,305.3,88.8,D,0
21.5186,92.3844,329.9,1.6,1.2,2009-04-04,0737,Aqua,MODIS,74,6.2,303.4,28.2,D,0
22.2703,92.3784,403,1.6,1.3,2009-04-04,0737,Aqua,MODIS,100,6.2,309.8,531.7,D,0
21.521,92.5143,328.9,1.6,1.3,2009-04-04,0737,Aqua,MODIS,30,6.2,302.7,29.3,D,0
21.3973,92.5225,348.2,1.6,1.3,2009-04-04,0737,Aqua,MODIS,93,6.2,305.9,92.4,D,0
21.389,92.1498,323,1.5,1.2,2009-04-04,0737,Aqua,MODIS,45,6.2,306.4,14.2,D,0
21.3882,92.1556,322.9,1.5,1.2,2009-04-04,0737,Aqua,MODIS,54,6.2,306.7,14.9,D,0
21.3427,92.1468,329.8,1.5,1.2,2009-04-04,0737,Aqua,MODIS,63,6.2,305.3,27,D,0
22.2728,92.2992,366.8,1.6,1.3,2009-04-04,0737,Aqua,MODIS,100,6.2,306.5,185.1,D,0
21.3443,92.1612,341.7,1.5,1.2,2009-04-04,0737,Aqua,MODIS,88,6.2,306.3,60.6,D,0
21.346,92.1757,329,1.5,1.2,2009-04-04,0737,Aqua,MODIS,57,6.2,304.8,26.5,D,0
21.3477,92.1904,330.6,1.5,1.2,2009-04-04,0737,Aqua,MODIS,77,6.2,304.6,34.3,D,0
21.3317,92.1482,323.7,1.5,1.2,2009-04-04,0737,Aqua,MODIS,25,6.2,305.2,12.9,D,0
21.3334,92.1628,369.6,1.5,1.2,2009-04-04,0737,Aqua,MODIS,100,6.2,308.7,189.2,D,0
21.335,92.1771,338.8,1.5,1.2,2009-04-04,0737,Aqua,MODIS,86,6.2,305.9,51.9,D,0
21.7083,92.3475,346.7,1.6,1.2,2009-04-04,0737,Aqua,MODIS,92,6.2,303.6,85.9,D,0
21.6937,92.3185,330.3,1.6,1.2,2009-04-04,0737,Aqua,MODIS,75,6.2,304.5,30.9,D,0
21.6954,92.3339,338.7,1.6,1.2,2009-04-04,0737,Aqua,MODIS,85,6.2,305.5,55.8,D,0
21.6518,92.3616,326.7,1.6,1.2,2009-04-04,0737,Aqua,MODIS,66,6.2,303.4,20.7,D,0
22.2746,92.3146,358.5,1.6,1.3,2009-04-04,0737,Aqua,MODIS,99,6.2,304.4,137.3,D,0
22.2686,92.3628,327.8,1.6,1.3,2009-04-04,0737,Aqua,MODIS,74,6.2,304.9,23.3,D,0
21.9308,92.4002,323.8,1.6,1.3,2009-04-04,0737,Aqua,MODIS,55,6.2,304.6,15.9,D,0
21.7564,92.3718,370.1,1.6,1.2,2009-04-04,0737,Aqua,MODIS,100,6.2,305.5,209.2,D,0
22.047,92.427,338.9,1.6,1.3,2009-04-04,0737,Aqua,MODIS,86,6.2,306.3,57.4,D,0
21.3131,92.1801,335.7,1.5,1.2,2009-04-04,0737,Aqua,MODIS,83,6.2,306.7,42.3,D,0
21.9681,92.4265,331.5,1.6,1.3,2009-04-04,0737,Aqua,MODIS,77,6.2,305.1,34.1,D,0
21.3807,92.4773,328.3,1.6,1.3,2009-04-04,0737,Aqua,MODIS,72,6.2,304.1,29.6,D,0
22.0487,92.4419,333.6,1.6,1.3,2009-04-04,0737,Aqua,MODIS,80,6.2,305.9,40.9,D,0
22.0358,92.429,326.6,1.6,1.3,2009-04-04,0737,Aqua,MODIS,70,6.2,306.1,22.3,D,0
22.2212,92.2431,326.2,1.6,1.2,2009-04-04,0737,Aqua,MODIS,48,6.2,304.2,19.2,D,0
21.372,92.4009,375.6,1.6,1.2,2009-04-04,0737,Aqua,MODIS,100,6.2,304.1,252.1,D,0
21.3919,92.4761,343,1.6,1.3,2009-04-04,0737,Aqua,MODIS,89,6.2,305.4,73.8,D,0
21.9663,92.4111,332.1,1.6,1.3,2009-04-04,0737,Aqua,MODIS,78,6.2,304.7,36.8,D,0
21.3901,92.4605,329.9,1.6,1.3,2009-04-04,0737,Aqua,MODIS,74,6.2,304.6,33.8,D,0
21.5993,92.3997,324.5,1.6,1.2,2009-04-04,0737,Aqua,MODIS,55,6.2,302.8,19.8,D,0
21.591,92.4218,345.1,1.6,1.3,2009-04-04,0737,Aqua,MODIS,90,6.2,305.1,77.5,D,0
21.7987,92.5398,349.2,1.7,1.3,2009-04-04,0737,Aqua,MODIS,93,6.2,301.5,103.6,D,0
21.578,92.4081,332.2,1.6,1.2,2009-04-04,0737,Aqua,MODIS,76,6.2,305.5,34.5,D,0
21.9491,92.4609,391.2,1.6,1.3,2009-04-04,0737,Aqua,MODIS,100,6.2,312.7,393.4,D,0
21.7969,92.524,336.1,1.7,1.3,2009-04-04,0737,Aqua,MODIS,82,6.2,303.3,52.2,D,0
21.7982,92.5508,328.3,1.7,1.3,2009-04-04,0737,Aqua,MODIS,65,6.2,299.4,34.4,D,0
21.7964,92.5346,344,1.7,1.3,2009-04-04,0737,Aqua,MODIS,90,6.2,301.7,81,D,0
22.0375,92.4441,328,1.6,1.3,2009-04-04,0737,Aqua,MODIS,73,6.2,306.3,25.8,D,0
21.9663,92.4213,336,1.6,1.3,2009-04-04,0737,Aqua,MODIS,83,6.2,305.2,48.2,D,0
21.9646,92.4057,323.1,1.6,1.3,2009-04-04,0737,Aqua,MODIS,59,6.2,303.8,15.9,D,0
21.6122,92.4135,356,1.6,1.3,2009-04-04,0737,Aqua,MODIS,97,6.2,302.8,128.4,D,0
21.9509,92.2814,326.5,1.6,1.2,2009-04-04,0737,Aqua,MODIS,67,6.2,304.3,20,D,0
21.399,92.5377,336,1.6,1.3,2009-04-04,0737,Aqua,MODIS,83,6.2,303.1,50.5,D,0
22.2401,92.2095,327.9,1.6,1.2,2009-04-04,0737,Aqua,MODIS,75,6.2,304.9,26.4,D,0
21.9525,92.2959,340.3,1.6,1.2,2009-04-04,0737,Aqua,MODIS,87,6.2,305.9,59.8,D,0
21.9542,92.3109,331.5,1.6,1.2,2009-04-04,0737,Aqua,MODIS,78,6.2,304.9,35.6,D,0
21.95,92.2718,324.7,1.6,1.2,2009-04-04,0737,Aqua,MODIS,59,6.2,304.6,16.1,D,0
21.9517,92.2867,327.6,1.6,1.2,2009-04-04,0737,Aqua,MODIS,71,6.2,304.5,23,D,0
21.6088,92.3829,371.8,1.6,1.2,2009-04-04,0737,Aqua,MODIS,100,6.2,306.1,218.1,D,0
21.6105,92.3982,374.8,1.6,1.2,2009-04-04,0737,Aqua,MODIS,100,6.2,304.5,241.8,D,0
21.7125,92.4879,324.7,1.6,1.3,2009-04-04,0737,Aqua,MODIS,62,6.2,303.9,21,D,0
21.9534,92.3009,349.5,1.6,1.2,2009-04-04,0737,Aqua,MODIS,94,6.2,306.5,94.9,D,0
21.4974,92.2948,322.6,1.6,1.2,2009-04-04,0737,Aqua,MODIS,38,6.2,302.4,12.8,D,0
21.5925,92.3383,325.5,1.6,1.2,2009-04-04,0737,Aqua,MODIS,36,6.2,305.3,17.3,D,0
21.545,92.3177,389.5,1.6,1.2,2009-04-04,0737,Aqua,MODIS,100,6.2,307.7,356.4,D,0
21.9311,92.304,328.8,1.6,1.2,2009-04-04,0737,Aqua,MODIS,74,6.2,304.2,28.4,D,0
21.9328,92.3192,328.1,1.6,1.2,2009-04-04,0737,Aqua,MODIS,73,6.2,303.4,27.4,D,0
21.5798,92.4233,336.1,1.6,1.3,2009-04-04,0737,Aqua,MODIS,82,6.2,306.1,47,D,0
21.5687,92.4251,336.4,1.6,1.3,2009-04-04,0737,Aqua,MODIS,83,6.2,305.9,44.7,D,0
21.9509,92.476,428.7,1.6,1.3,2009-04-04,0737,Aqua,MODIS,100,6.2,313.3,955.6,D,0
21.9378,92.4622,344.7,1.6,1.3,2009-04-04,0737,Aqua,MODIS,90,6.2,307.3,75.6,D,0
21.5603,92.5529,351.1,1.6,1.3,2009-04-04,0737,Aqua,MODIS,94,6.2,303,108.8,D,0
21.4026,92.5688,329.5,1.6,1.3,2009-04-04,0737,Aqua,MODIS,72,6.2,299.8,33.5,D,0
21.6026,92.3273,339.9,1.6,1.2,2009-04-04,0737,Aqua,MODIS,86,6.2,305.4,55.7,D,0
21.5932,92.344,324.5,1.6,1.2,2009-04-04,0737,Aqua,MODIS,37,6.2,304.9,14.8,D,0
21.5821,92.3451,367.5,1.6,1.2,2009-04-04,0737,Aqua,MODIS,100,6.2,307,183.3,D,0
21.5434,92.3036,396.1,1.6,1.2,2009-04-04,0737,Aqua,MODIS,100,6.2,309.7,423.4,D,0
21.4045,92.5858,348.7,1.6,1.3,2009-04-04,0737,Aqua,MODIS,93,6.2,304.1,100,D,0
21.3913,92.5703,351.8,1.6,1.3,2009-04-04,0737,Aqua,MODIS,95,6.2,303.5,111.8,D,0
21.3932,92.587,397.1,1.6,1.3,2009-04-04,0737,Aqua,MODIS,100,6.2,308.1,467.8,D,0
21.3799,92.5711,342.1,1.6,1.3,2009-04-04,0737,Aqua,MODIS,88,6.2,303.9,74.1,D,0
21.549,92.5545,348.9,1.6,1.3,2009-04-04,0737,Aqua,MODIS,93,6.2,303.2,97.1,D,0
22.2899,92.2495,343.9,1.6,1.2,2009-04-04,0737,Aqua,MODIS,90,6.2,306,71.7,D,0
21.3818,92.5883,360.8,1.6,1.3,2009-04-04,0737,Aqua,MODIS,100,6.2,305.4,160.7,D,0
21.8696,92.1599,326.9,1.6,1.2,2009-04-04,0737,Aqua,MODIS,71,6.2,305.8,21.9,D,0
21.7184,92.4375,324.7,1.6,1.3,2009-04-04,0737,Aqua,MODIS,58,6.2,303.2,21.5,D,0
21.7296,92.4358,321.5,1.6,1.3,2009-04-04,0737,Aqua,MODIS,15,6.2,302.8,13.6,D,0
21.7174,92.1318,321.7,1.6,1.2,2009-04-04,0737,Aqua,MODIS,53,6.2,303.9,13.4,D,0
21.7191,92.1466,321,1.6,1.2,2009-04-04,0737,Aqua,MODIS,47,6.2,304.1,10.9,D,0
21.6329,92.3953,355.6,1.6,1.2,2009-04-04,0737,Aqua,MODIS,97,6.2,303.3,124,D,0
21.7064,92.1333,327,1.6,1.2,2009-04-04,0737,Aqua,MODIS,70,6.2,304.1,22.9,D,0
21.7081,92.1481,325.3,1.6,1.2,2009-04-04,0737,Aqua,MODIS,66,6.2,303.8,18.6,D,0
21.5548,92.5039,333.6,1.6,1.3,2009-04-04,0737,Aqua,MODIS,76,6.2,300.7,42.4,D,0
21.62,92.3815,351.8,1.6,1.2,2009-04-04,0737,Aqua,MODIS,95,6.2,305.9,104.1,D,0
22.5183,92.3504,321.2,1.6,1.3,2009-04-04,0737,Aqua,MODIS,44,6.2,303.5,11.8,D,0
22.5163,92.345,321.4,1.6,1.3,2009-04-04,0737,Aqua,MODIS,48,6.2,303.1,13,D,0
21.9395,92.4773,373.5,1.6,1.3,2009-04-04,0737,Aqua,MODIS,100,6.2,307.5,237.9,D,0
21.9037,92.2629,325.3,1.6,1.2,2009-04-04,0737,Aqua,MODIS,64,6.2,305,17.5,D,0
21.5579,92.3314,333.7,1.6,1.2,2009-04-04,0737,Aqua,MODIS,80,6.2,302.7,34.3,D,0
22.2392,92.3036,342.6,1.6,1.3,2009-04-04,0737,Aqua,MODIS,89,6.2,305.9,65.4,D,0
21.6312,92.3801,360.7,1.6,1.2,2009-04-04,0737,Aqua,MODIS,100,6.2,306.4,148.8,D,0
21.6004,92.4052,325.5,1.6,1.2,2009-04-04,0737,Aqua,MODIS,60,6.2,302.6,21.1,D,0
21.6134,92.4189,357,1.6,1.3,2009-04-04,0737,Aqua,MODIS,98,6.2,302.3,132.9,D,0
22.0796,92.3045,350.4,1.6,1.2,2009-04-04,0737,Aqua,MODIS,94,6.2,303.4,103.9,D,0
21.6116,92.4036,372,1.6,1.2,2009-04-04,0737,Aqua,MODIS,100,6.2,304.4,222.7,D,0
22.0737,92.3534,323.1,1.6,1.3,2009-04-04,0737,Aqua,MODIS,63,6.2,303.8,18.4,D,0
21.5865,92.5812,327.5,1.7,1.3,2009-04-04,0737,Aqua,MODIS,69,6.2,304,31.1,D,0
21.6098,92.3884,382.5,1.6,1.2,2009-04-04,0737,Aqua,MODIS,100,6.2,307,302.7,D,0
21.7749,92.4329,323.2,1.6,1.3,2009-04-04,0737,Aqua,MODIS,51,6.2,303.8,16.3,D,0
21.7974,92.4303,347.6,1.6,1.3,2009-04-04,0737,Aqua,MODIS,92,6.2,306.1,87.6,D,0
21.7954,92.4131,339.7,1.6,1.3,2009-04-04,0737,Aqua,MODIS,86,6.2,307.1,57.4,D,0
21.7958,92.4247,355.5,1.6,1.3,2009-04-04,0737,Aqua,MODIS,97,6.2,307.1,124.4,D,0
21.7938,92.4066,328.3,1.6,1.3,2009-04-04,0737,Aqua,MODIS,64,6.2,306.5,24.9,D,0
21.807,92.4234,327.6,1.6,1.3,2009-04-04,0737,Aqua,MODIS,49,6.2,303.6,23.1,D,0
21.8051,92.4063,333.9,1.6,1.3,2009-04-04,0737,Aqua,MODIS,79,6.2,304.8,39.5,D,0
21.8143,92.3868,323.7,1.6,1.3,2009-04-04,0737,Aqua,MODIS,29,6.2,302.5,14.7,D,0
21.8127,92.372,362.4,1.6,1.3,2009-04-04,0737,Aqua,MODIS,100,6.2,305.7,158.7,D,0
22.2409,92.319,377.3,1.6,1.3,2009-04-04,0737,Aqua,MODIS,100,6.2,306.6,258.1,D,0
21.8122,92.4695,350.8,1.6,1.3,2009-04-04,0737,Aqua,MODIS,94,6.2,304.7,103.5,D,0
21.814,92.4855,341.7,1.6,1.3,2009-04-04,0737,Aqua,MODIS,88,6.2,303.7,69.6,D,0
21.8009,92.4706,332.4,1.6,1.3,2009-04-04,0737,Aqua,MODIS,78,6.2,305.4,36.6,D,0
21.8026,92.4868,349.7,1.6,1.3,2009-04-04,0737,Aqua,MODIS,94,6.2,306.6,101.1,D,0
21.7913,92.4883,328.6,1.6,1.3,2009-04-04,0737,Aqua,MODIS,71,6.2,306.2,28.2,D,0
21.8028,92.4763,343.6,1.6,1.3,2009-04-04,0737,Aqua,MODIS,89,6.2,306.2,73.2,D,0
21.8046,92.4917,338.5,1.6,1.3,2009-04-04,0737,Aqua,MODIS,85,6.2,305.2,57.6,D,0
21.7933,92.493,329.2,1.6,1.3,2009-04-04,0737,Aqua,MODIS,73,6.2,306.6,30.5,D,0
21.547,92.5367,333.2,1.6,1.3,2009-04-04,0737,Aqua,MODIS,56,6.2,302.3,38.5,D,0
22.228,92.305,327.6,1.6,1.3,2009-04-04,0737,Aqua,MODIS,49,6.2,304.3,21,D,0
21.3758,92.0331,320.5,1.5,1.2,2009-04-04,0737,Aqua,MODIS,42,6.2,304.1,12.2,D,0
21.6173,92.4592,337.4,1.6,1.3,2009-04-04,0737,Aqua,MODIS,83,6.2,301.5,57.5,D,0
22.1899,92.3804,320.5,1.6,1.3,2009-04-04,0737,Aqua,MODIS,49,6.2,303.1,10.3,D,0
22.1976,92.3475,329.1,1.6,1.3,2009-04-04,0737,Aqua,MODIS,76,6.2,303.7,28.1,D,0
22.2331,92.3587,327.5,1.6,1.3,2009-04-04,0737,Aqua,MODIS,73,6.2,305.4,23.8,D,0
22.2348,92.3673,324.1,1.6,1.3,2009-04-04,0737,Aqua,MODIS,67,6.2,304.7,15.6,D,0
22.2389,92.3105,366.7,1.6,1.3,2009-04-04,0737,Aqua,MODIS,100,6.2,306.6,183.1,D,0
22.0488,92.2312,332.9,1.6,1.2,2009-04-04,0737,Aqua,MODIS,80,6.2,305.7,36.2,D,0
21.6189,92.4736,323.5,1.6,1.3,2009-04-04,0737,Aqua,MODIS,56,6.2,299.3,20.9,D,0
22.0915,92.2102,328.5,1.6,1.2,2009-04-04,0737,Aqua,MODIS,75,6.2,305.3,25.9,D,0
21.617,92.4493,326,1.6,1.3,2009-04-04,0737,Aqua,MODIS,36,6.2,302.1,23.3,D,0
21.6187,92.4641,336.9,1.6,1.3,2009-04-04,0737,Aqua,MODIS,83,6.2,301,53.4,D,0
21.5833,92.4538,327.2,1.6,1.3,2009-04-04,0737,Aqua,MODIS,60,6.2,303.8,24.1,D,0
21.5609,92.4565,369.4,1.6,1.3,2009-04-04,0737,Aqua,MODIS,100,6.2,306.1,201,D,0
21.5643,92.487,346.6,1.6,1.3,2009-04-04,0737,Aqua,MODIS,91,6.2,302.8,88.1,D,0
22.2407,92.3259,358.8,1.6,1.3,2009-04-04,0737,Aqua,MODIS,99,6.2,305.7,137.8,D,0
21.6524,92.4673,323.5,1.6,1.3,2009-04-04,0737,Aqua,MODIS,57,6.2,300.5,21.3,D,0
21.7177,92.3307,327.6,1.6,1.2,2009-04-04,0737,Aqua,MODIS,70,6.2,304.6,25.4,D,0
21.6189,92.2717,333,1.6,1.2,2009-04-04,0737,Aqua,MODIS,79,6.2,303.7,38.4,D,0
21.8609,92.4953,335.7,1.6,1.3,2009-04-04,0737,Aqua,MODIS,82,6.2,305.1,49.5,D,0
21.8722,92.4935,348.2,1.6,1.3,2009-04-04,0737,Aqua,MODIS,93,6.2,308.3,93.4,D,0
21.601,92.4151,326.9,1.6,1.3,2009-04-04,0737,Aqua,MODIS,67,6.2,302.8,25.5,D,0
22.1958,92.3319,323.2,1.6,1.3,2009-04-04,0737,Aqua,MODIS,62,6.2,303.5,15.7,D,0
22.1109,92.3796,334.7,1.6,1.3,2009-04-04,0737,Aqua,MODIS,82,6.2,303.9,46.5,D,0
21.6541,92.2843,323.3,1.6,1.2,2009-04-04,0737,Aqua,MODIS,58,6.2,304.1,15.7,D,0
22.318,92.3033,328.4,1.6,1.3,2009-04-04,0737,Aqua,MODIS,65,6.2,305.1,23.6,D,0
22.1091,92.3641,343.5,1.6,1.3,2009-04-04,0737,Aqua,MODIS,90,6.2,303.7,76.6,D,0
22.1038,92.3178,333.9,1.6,1.3,2009-04-04,0737,Aqua,MODIS,81,6.2,301.8,44.4,D,0
22.1021,92.3022,326.2,1.6,1.2,2009-04-04,0737,Aqua,MODIS,51,6.2,301.7,24.3,D,0
22.1151,92.3165,323.5,1.6,1.3,2009-04-04,0737,Aqua,MODIS,64,6.2,301.7,20.1,D,0
22.3197,92.3186,343.3,1.6,1.3,2009-04-04,0737,Aqua,MODIS,90,6.2,305.4,69.5,D,0
21.5752,92.5832,333.2,1.7,1.3,2009-04-04,0737,Aqua,MODIS,79,6.2,303.5,46.7,D,0
21.566,92.5017,345.3,1.6,1.3,2009-04-04,0737,Aqua,MODIS,91,6.2,300.9,81.8,D,0
22.1133,92.3009,321,1.6,1.2,2009-04-04,0737,Aqua,MODIS,48,6.2,301.8,14.5,D,0
22.1578,92.3898,321.5,1.6,1.3,2009-04-04,0737,Aqua,MODIS,57,6.2,303.1,12.5,D,0
22.156,92.3742,323.4,1.6,1.3,2009-04-04,0737,Aqua,MODIS,64,6.2,302.6,17.1,D,0
22.156,92.3845,325.9,1.6,1.3,2009-04-04,0737,Aqua,MODIS,70,6.2,302.7,22.4,D,0
21.6234,92.412,361.8,1.6,1.3,2009-04-04,0737,Aqua,MODIS,100,6.2,301.7,157.5,D,0
22.1803,92.3972,339.5,1.6,1.3,2009-04-04,0737,Aqua,MODIS,87,6.2,304.1,60.3,D,0
22.4407,92.1706,324.7,1.6,1.2,2009-04-04,0737,Aqua,MODIS,70,6.2,305,17.3,D,0
22.4852,92.1637,323,1.6,1.2,2009-04-04,0737,Aqua,MODIS,63,6.2,302.5,17.4,D,0
21.9195,92.402,335.4,1.6,1.3,2009-04-04,0737,Aqua,MODIS,82,6.2,305.7,44.6,D,0
21.5267,92.5632,348,1.6,1.3,2009-04-04,0737,Aqua,MODIS,92,6.2,305.2,97.4,D,0
21.5399,92.5778,326.6,1.7,1.3,2009-04-04,0737,Aqua,MODIS,33,6.2,301.4,27.4,D,0
21.5381,92.5627,334.8,1.6,1.3,2009-04-04,0737,Aqua,MODIS,77,6.2,303.4,48.5,D,0
22.3195,92.3087,341.2,1.6,1.3,2009-04-04,0737,Aqua,MODIS,88,6.2,305.5,61.5,D,0
22.3213,92.3241,337.8,1.6,1.3,2009-04-04,0737,Aqua,MODIS,85,6.2,304.9,50.2,D,0
22.2988,92.327,325.6,1.6,1.3,2009-04-04,0737,Aqua,MODIS,67,6.2,304.8,16.3,D,0
22.1786,92.382,345.4,1.6,1.3,2009-04-04,0737,Aqua,MODIS,91,6.2,304.5,81.4,D,0
22.1768,92.366,332.9,1.6,1.3,2009-04-04,0737,Aqua,MODIS,80,6.2,303.7,37.3,D,0
22.1751,92.3504,340.7,1.6,1.3,2009-04-04,0737,Aqua,MODIS,88,6.2,303.5,61.7,D,0
22.1881,92.3644,328.1,1.6,1.3,2009-04-04,0737,Aqua,MODIS,74,6.2,303.4,25.1,D,0
22.1863,92.349,333.5,1.6,1.3,2009-04-04,0737,Aqua,MODIS,81,6.2,303.4,39.2,D,0
22.0743,92.2571,326.6,1.6,1.2,2009-04-04,0737,Aqua,MODIS,40,6.2,304.8,20.8,D,0
22.076,92.2727,333.3,1.6,1.2,2009-04-04,0737,Aqua,MODIS,81,6.2,304.1,38.7,D,0
22.1741,92.2406,321.1,1.6,1.2,2009-04-04,0737,Aqua,MODIS,49,6.2,304,9.9,D,0
22.1758,92.2557,327.9,1.6,1.2,2009-04-04,0737,Aqua,MODIS,74,6.2,303.3,25.6,D,0
22.1646,92.2575,326,1.6,1.2,2009-04-04,0737,Aqua,MODIS,68,6.2,304.6,21.1,D,0
22.1097,92.2702,347.1,1.6,1.2,2009-04-04,0737,Aqua,MODIS,92,6.2,306.1,85.6,D,0
22.0779,92.2892,331.1,1.6,1.2,2009-04-04,0737,Aqua,MODIS,78,6.2,304.4,34.4,D,0
22.0648,92.2737,327.4,1.6,1.2,2009-04-04,0737,Aqua,MODIS,73,6.2,303,25.3,D,0
22.0376,92.2326,325.4,1.6,1.2,2009-04-04,0737,Aqua,MODIS,41,6.2,305.5,16.7,D,0
22.0393,92.2478,373.5,1.6,1.2,2009-04-04,0737,Aqua,MODIS,100,6.2,308.9,225.9,D,0
22.0409,92.2623,354.6,1.6,1.2,2009-04-04,0737,Aqua,MODIS,97,6.2,306.4,116.5,D,0
22.0478,92.2383,331.9,1.6,1.2,2009-04-04,0737,Aqua,MODIS,79,6.2,305.3,32.7,D,0
22.1115,92.2853,342.7,1.6,1.2,2009-04-04,0737,Aqua,MODIS,89,6.2,302.5,69.3,D,0
22.0933,92.2253,340.4,1.6,1.2,2009-04-04,0737,Aqua,MODIS,88,6.2,304.9,58.9,D,0
22.0985,92.2713,336.3,1.6,1.2,2009-04-04,0737,Aqua,MODIS,84,6.2,305.3,48.4,D,0
22.0821,92.2268,327.6,1.6,1.2,2009-04-04,0737,Aqua,MODIS,73,6.2,305,23,D,0
22.0873,92.2721,332.4,1.6,1.2,2009-04-04,0737,Aqua,MODIS,79,6.2,303.6,34.9,D,0
21.5342,92.5295,325.4,1.6,1.3,2009-04-04,0737,Aqua,MODIS,15,6.2,300.1,20.9,D,0
22.0366,92.2397,354.7,1.6,1.2,2009-04-04,0737,Aqua,MODIS,97,6.2,306.7,114.4,D,0
22.0384,92.2547,388.8,1.6,1.2,2009-04-04,0737,Aqua,MODIS,100,6.2,308.9,353.8,D,0
22.04,92.2687,333.5,1.6,1.2,2009-04-04,0737,Aqua,MODIS,81,6.2,305.7,40,D,0
21.528,92.5719,348.1,1.7,1.3,2009-04-04,0737,Aqua,MODIS,92,6.2,304.7,98.1,D,0
22.0273,92.2562,322.5,1.6,1.2,2009-04-04,0737,Aqua,MODIS,42,6.2,304.5,13,D,0
22.2241,92.2811,328.8,1.6,1.2,2009-04-04,0737,Aqua,MODIS,53,6.2,305.7,26.1,D,0
22.0289,92.2704,336.6,1.6,1.2,2009-04-04,0737,Aqua,MODIS,84,6.2,305.3,50.3,D,0
21.8626,92.5098,327.4,1.7,1.3,2009-04-04,0737,Aqua,MODIS,59,6.2,303.8,28,D,0
21.7194,92.3458,351.8,1.6,1.2,2009-04-04,0737,Aqua,MODIS,95,6.2,303.4,107,D,0
22.2205,92.25,324.7,1.6,1.2,2009-04-04,0737,Aqua,MODIS,68,6.2,304.1,18.6,D,0
22.2187,92.2347,323.4,1.6,1.2,2009-04-04,0737,Aqua,MODIS,65,6.2,304.4,15.7,D,0
22.2371,92.2951,331.1,1.6,1.3,2009-04-04,0737,Aqua,MODIS,78,6.2,305.3,31.4,D,0
21.7049,92.317,341.1,1.6,1.2,2009-04-04,0737,Aqua,MODIS,87,6.2,306.1,62.6,D,0
21.8738,92.5077,344.1,1.7,1.3,2009-04-04,0737,Aqua,MODIS,90,6.2,303,78.7,D,0
21.6336,92.5033,347.2,1.6,1.3,2009-04-04,0737,Aqua,MODIS,92,6.2,301.8,93,D,0
21.4664,92.5373,324.2,1.6,1.3,2009-04-04,0737,Aqua,MODIS,61,6.2,302,25.6,D,0
21.4684,92.555,337.2,1.6,1.3,2009-04-04,0737,Aqua,MODIS,84,6.2,302.7,61.6,D,0
22.2263,92.2896,327.8,1.6,1.3,2009-04-04,0737,Aqua,MODIS,59,6.2,304.9,22.5,D,0
21.7066,92.3323,361.2,1.6,1.2,2009-04-04,0737,Aqua,MODIS,100,6.2,306.2,151.7,D,0
22.2277,92.3119,323.2,1.6,1.3,2009-04-04,0737,Aqua,MODIS,27,6.2,304.1,13.5,D,0
22.272,92.3935,349.7,1.6,1.3,2009-04-04,0737,Aqua,MODIS,94,6.2,304,99,D,0
24.2434,89.1438,327.2,1.1,1.1,2009-04-04,0738,Aqua,MODIS,60,6.2,306.3,14.5,D,0
24.3768,89.1738,320.5,1.1,1.1,2009-04-04,0738,Aqua,MODIS,63,6.2,304.7,7.6,D,0
24.2042,89.3137,318.1,1.6,1.2,2009-04-05,0507,Terra,MODIS,60,6.2,299.8,16.8,D,0
22.0543,92.4773,325.1,2.9,1.6,2009-04-05,0507,Terra,MODIS,76,6.2,299.8,66.4,D,0
22.1034,92.3802,315.8,2.9,1.6,2009-04-05,0507,Terra,MODIS,58,6.2,299.7,25.7,D,0
22.1818,92.3765,318.6,2.9,1.6,2009-04-05,0507,Terra,MODIS,66,6.2,299.7,34.6,D,0
22.1838,92.3836,316,2.9,1.6,2009-04-05,0507,Terra,MODIS,60,6.2,299.7,23.5,D,0
22.05,92.5108,332.9,2.9,1.6,2009-04-05,0507,Terra,MODIS,84,6.2,301.2,113.6,D,0
21.8069,92.4129,323,2.9,1.6,2009-04-05,0507,Terra,MODIS,73,6.2,299.1,57.1,D,0
22.0487,92.5053,337.5,2.9,1.6,2009-04-05,0507,Terra,MODIS,83,6.2,301,146.2,D,0
21.8062,92.4039,327.4,2.9,1.6,2009-04-05,0507,Terra,MODIS,79,6.2,298.8,82.7,D,0
22.0557,92.483,336.3,2.9,1.6,2009-04-05,0507,Terra,MODIS,87,6.2,300,134.8,D,0
22.1173,92.2867,327.5,3.1,1.7,2009-04-05,0642,Aqua,MODIS,76,6.2,299.6,82.4,D,0
22.1131,92.2616,322.8,3.1,1.7,2009-04-05,0642,Aqua,MODIS,67,6.2,300.3,54.8,D,0
22.1189,92.291,325.1,3.1,1.7,2009-04-05,0642,Aqua,MODIS,72,6.2,299.6,65.9,D,0
21.6799,92.4901,334.6,3.1,1.7,2009-04-05,0642,Aqua,MODIS,81,6.2,298.8,136.2,D,0
22.0528,92.4966,339.7,3,1.7,2009-04-05,0642,Aqua,MODIS,88,6.2,300.7,165,D,0
21.8187,92.4127,347.6,3.1,1.7,2009-04-05,0642,Aqua,MODIS,93,6.2,302.2,239.2,D,0
21.8139,92.3888,339.1,3.1,1.7,2009-04-05,0642,Aqua,MODIS,86,6.2,300.7,160.9,D,0
21.8182,92.4068,346,3.1,1.7,2009-04-05,0642,Aqua,MODIS,92,6.2,302.2,224.6,D,0
21.8132,92.3829,327,3.1,1.7,2009-04-05,0642,Aqua,MODIS,63,6.2,300.1,71.6,D,0
22.0468,92.4749,326,3,1.7,2009-04-05,0642,Aqua,MODIS,72,6.2,300.8,68.9,D,0
21.6746,92.4635,359.1,3.1,1.7,2009-04-05,0642,Aqua,MODIS,99,6.2,301,392.1,D,0
21.6796,92.484,350.9,3.1,1.7,2009-04-05,0642,Aqua,MODIS,95,6.2,299.3,287.5,D,0
21.6741,92.4573,347.9,3.1,1.7,2009-04-05,0642,Aqua,MODIS,93,6.2,300.6,256.6,D,0
21.7232,92.4714,322.8,3.1,1.7,2009-04-05,0642,Aqua,MODIS,60,6.2,301.2,55.3,D,0
21.7379,92.4681,320.2,3.1,1.7,2009-04-05,0642,Aqua,MODIS,19,6.2,300.8,38.2,D,0
21.7366,92.4635,323.1,3.1,1.7,2009-04-05,0642,Aqua,MODIS,38,6.2,301,52.1,D,0
22.4326,92.317,321.2,3.1,1.7,2009-04-05,0642,Aqua,MODIS,65,6.2,300.1,49.7,D,0
21.5642,92.525,337.3,3.1,1.7,2009-04-05,0642,Aqua,MODIS,84,6.2,300,145.1,D,0
21.5495,92.5283,320.7,3.1,1.7,2009-04-05,0642,Aqua,MODIS,28,6.2,300.3,40.3,D,0
22.0631,92.3967,322.2,3.1,1.7,2009-04-05,0642,Aqua,MODIS,66,6.2,301.2,49.4,D,0
21.8423,92.3737,319,3.1,1.7,2009-04-05,0642,Aqua,MODIS,32,6.2,300.4,34.3,D,0
22.1013,92.3577,322.6,3.1,1.7,2009-04-05,0642,Aqua,MODIS,67,6.2,300.9,53,D,0
22.1,92.3529,320.8,3.1,1.7,2009-04-05,0642,Aqua,MODIS,63,6.2,300.7,44.7,D,0
21.5603,92.582,324.2,3.1,1.7,2009-04-05,0642,Aqua,MODIS,61,6.2,300.8,65.6,D,0
23.1912,92.3193,358.3,2.9,1.6,2009-04-05,0642,Aqua,MODIS,99,6.2,299.2,354.1,D,0
22.0525,92.5039,333.9,3,1.7,2009-04-05,0642,Aqua,MODIS,82,6.2,300.6,120.4,D,0
22.1114,92.2578,319.2,3.1,1.7,2009-04-05,0642,Aqua,MODIS,57,6.2,300.3,37.7,D,0
21.8429,92.3791,319.3,3.1,1.7,2009-04-05,0642,Aqua,MODIS,28,6.2,300.6,35.1,D,0
21.5726,92.2646,320,3.2,1.7,2009-04-05,0642,Aqua,MODIS,41,6.2,299.4,49,D,0
23.1852,92.2906,335.8,3,1.6,2009-04-05,0642,Aqua,MODIS,87,6.2,298.4,134.6,D,0
21.5692,92.5497,344.3,3.1,1.7,2009-04-05,0642,Aqua,MODIS,90,6.2,300.4,209.5,D,0
21.5682,92.5459,343.6,3.1,1.7,2009-04-05,0642,Aqua,MODIS,90,6.2,300.7,202.7,D,0
21.7058,92.3147,323.1,3.2,1.7,2009-04-05,0642,Aqua,MODIS,64,6.2,300.2,60,D,0
21.7702,92.5534,361.1,3,1.7,2009-04-05,0642,Aqua,MODIS,100,6.2,301.1,404.4,D,0
21.7757,92.5789,327.5,3,1.7,2009-04-05,0642,Aqua,MODIS,73,6.2,298.8,86.4,D,0
23.0087,91.8149,317.7,3.2,1.7,2009-04-05,0642,Aqua,MODIS,67,6.2,295.7,45.5,D,0
23.011,91.8222,316.9,3.2,1.7,2009-04-05,0642,Aqua,MODIS,64,6.2,295.7,41.5,D,0
21.5631,92.5213,324.6,3.1,1.7,2009-04-05,0642,Aqua,MODIS,43,6.2,299.8,57.3,D,0
23.1905,92.3242,364.8,2.9,1.6,2009-04-05,0642,Aqua,MODIS,100,6.2,298.9,438.8,D,0
21.858,92.5251,318.5,3,1.7,2009-04-05,0642,Aqua,MODIS,19,6.2,301.6,31.9,D,0
21.5544,92.5526,326.3,3.1,1.7,2009-04-05,0642,Aqua,MODIS,68,6.2,302.5,78.9,D,0
21.7996,92.3172,321.1,3.2,1.7,2009-04-05,0642,Aqua,MODIS,31,6.2,299.8,45.6,D,0
23.2223,92.2567,326,3,1.6,2009-04-05,0642,Aqua,MODIS,78,6.2,297.7,73.3,D,0
23.2284,92.2803,316.1,3,1.6,2009-04-05,0642,Aqua,MODIS,18,6.2,297.4,29,D,0
23.2227,92.2525,324.5,3,1.6,2009-04-05,0642,Aqua,MODIS,77,6.2,297.6,67.3,D,0
21.7981,92.1595,319.9,3.2,1.7,2009-04-05,0642,Aqua,MODIS,54,6.2,299.8,47,D,0
21.6806,92.1941,319.3,3.2,1.7,2009-04-05,0642,Aqua,MODIS,39,6.2,300.1,38.9,D,0
21.6774,92.1671,321.5,3.3,1.7,2009-04-05,0642,Aqua,MODIS,57,6.2,299.8,56.9,D,0
23.2573,92.2737,329.9,3,1.6,2009-04-05,0642,Aqua,MODIS,82,6.2,297,101.2,D,0
21.565,92.4555,320.2,3.1,1.7,2009-04-05,0642,Aqua,MODIS,39,6.2,300.6,38.2,D,0
21.5044,92.381,320,3.2,1.7,2009-04-05,0642,Aqua,MODIS,34,6.2,299.9,47.5,D,0
22.2144,92.387,329.6,3.1,1.7,2009-04-05,0642,Aqua,MODIS,78,6.2,301.1,93.4,D,0
22.2085,92.3572,336.8,3.1,1.7,2009-04-05,0642,Aqua,MODIS,85,6.2,301.8,145.5,D,0
22.2142,92.38,338.6,3.1,1.7,2009-04-05,0642,Aqua,MODIS,87,6.2,301.6,159,D,0
22.2081,92.3503,328.5,3.1,1.7,2009-04-05,0642,Aqua,MODIS,77,6.2,301.6,87,D,0
21.7696,92.5489,357,3,1.7,2009-04-05,0642,Aqua,MODIS,98,6.2,300.9,349.8,D,0
23.1761,92.3277,364.8,2.9,1.6,2009-04-05,0642,Aqua,MODIS,100,6.2,298.6,439.9,D,0
21.8974,92.4172,319.8,3.1,1.7,2009-04-05,0642,Aqua,MODIS,54,6.2,301.5,36.3,D,0
23.1703,92.2989,359.8,3,1.6,2009-04-05,0642,Aqua,MODIS,99,6.2,300.3,369.7,D,0
23.1846,92.2951,356,3,1.6,2009-04-05,0642,Aqua,MODIS,98,6.2,299,324.9,D,0
23.1046,91.8124,315.3,1.1,1,2009-04-05,1603,Terra,MODIS,91,6.2,292.5,14.8,N,0
22.1322,92.5187,306,1,1,2009-04-05,1603,Terra,MODIS,67,6.2,293,6.3,N,0
22.2245,92.3952,303.4,1,1,2009-04-05,1603,Terra,MODIS,55,6.2,293.3,4.3,N,0
22.0845,92.3856,304.3,1,1,2009-04-05,1603,Terra,MODIS,60,6.2,293.5,4.6,N,0
21.3081,92.5562,305.8,1,1,2009-04-05,1603,Terra,MODIS,66,6.2,294.3,5.5,N,0
21.4514,92.5294,305.2,1,1,2009-04-05,1603,Terra,MODIS,63,6.2,294.8,5.2,N,0
22.08,92.4171,306.6,1,1,2009-04-05,1603,Terra,MODIS,69,6.2,293.9,6.3,N,0
23.1525,92.3114,303.6,1,1,2009-04-05,1603,Terra,MODIS,56,6.2,293.6,4.1,N,0
21.6926,92.4751,310.9,1,1,2009-04-05,1603,Terra,MODIS,81,6.2,294.5,8.8,N,0
22.1087,92.3613,313.8,1,1,2009-04-05,1603,Terra,MODIS,88,6.2,293.8,11.5,N,0
21.6941,92.4851,328.4,1,1,2009-04-05,1603,Terra,MODIS,100,6.2,294.3,26.4,N,0
21.3096,92.5662,305.2,1,1,2009-04-05,1603,Terra,MODIS,63,6.2,294.7,4.9,N,0
23.1031,91.8024,309.8,1.1,1,2009-04-05,1603,Terra,MODIS,78,6.2,291.3,10.6,N,0
21.8101,92.5232,305,1,1,2009-04-05,1603,Terra,MODIS,62,6.2,293.5,5.6,N,0
21.937,92.487,316.7,1.7,1.3,2009-04-06,0412,Terra,MODIS,40,6.2,300.9,9.9,D,0
21.9546,92.3348,351.3,1.8,1.3,2009-04-06,0412,Terra,MODIS,95,6.2,300.8,124.8,D,0
22.0979,92.366,338.6,1.8,1.3,2009-04-06,0412,Terra,MODIS,87,6.2,301.8,70.8,D,0
22.123,92.4552,319.4,1.7,1.3,2009-04-06,0412,Terra,MODIS,48,6.2,300,15.7,D,0
22.9768,92.1608,316.9,1.9,1.3,2009-04-06,0412,Terra,MODIS,49,6.2,298.6,15.5,D,0
21.9527,92.3515,336.6,1.7,1.3,2009-04-06,0412,Terra,MODIS,86,6.2,300.1,62.6,D,0
22.0867,92.2646,329.4,1.1,1,2009-04-06,0725,Aqua,MODIS,77,6.2,299.3,18.6,D,0
21.7604,92.5732,339.1,1.1,1,2009-04-06,0725,Aqua,MODIS,86,6.2,302.2,32.7,D,0
21.3895,92.5474,364.7,1.1,1,2009-04-06,0725,Aqua,MODIS,100,6.2,309.8,99.1,D,0
21.3957,92.5512,339.9,1.1,1,2009-04-06,0725,Aqua,MODIS,87,6.2,307.2,36.1,D,0
21.4289,92.5147,327.7,1.1,1,2009-04-06,0725,Aqua,MODIS,64,6.2,303,15.4,D,0
21.5715,92.4909,327.1,1.1,1,2009-04-06,0725,Aqua,MODIS,50,6.2,307.2,14.4,D,0
21.4183,92.5059,418.6,1.1,1,2009-04-06,0725,Aqua,MODIS,100,6.2,312.5,417.9,D,0
21.4169,92.4955,360.9,1.1,1,2009-04-06,0725,Aqua,MODIS,100,6.2,307,82.4,D,0
21.4275,92.5044,372.7,1.1,1,2009-04-06,0725,Aqua,MODIS,100,6.2,309.5,126.2,D,0
21.4262,92.4941,354.7,1.1,1,2009-04-06,0725,Aqua,MODIS,97,6.2,308.3,65.7,D,0
21.4355,92.493,361.2,1.1,1,2009-04-06,0725,Aqua,MODIS,100,6.2,308.2,84.9,D,0
21.4448,92.4916,346.9,1.1,1,2009-04-06,0725,Aqua,MODIS,92,6.2,305.3,46.8,D,0
21.9319,92.4814,325.4,1.1,1,2009-04-06,0725,Aqua,MODIS,68,6.2,307,9.1,D,0
21.9379,92.4851,327.8,1.1,1,2009-04-06,0725,Aqua,MODIS,64,6.2,306.3,14.1,D,0
21.8519,92.4511,338.4,1.1,1,2009-04-06,0725,Aqua,MODIS,85,6.2,301.9,28.5,D,0
21.8612,92.4497,374,1.1,1,2009-04-06,0725,Aqua,MODIS,100,6.2,308.6,130.4,D,0
21.8732,92.4693,360.7,1.1,1,2009-04-06,0725,Aqua,MODIS,100,6.2,307,82.9,D,0
21.8718,92.4586,351.6,1.1,1,2009-04-06,0725,Aqua,MODIS,95,6.2,307.8,56.4,D,0
21.9228,92.2967,338.3,1.1,1,2009-04-06,0725,Aqua,MODIS,86,6.2,301.8,30.9,D,0
21.9215,92.2865,328.9,1.1,1,2009-04-06,0725,Aqua,MODIS,76,6.2,302.8,16.2,D,0
21.9308,92.2851,339.5,1.1,1,2009-04-06,0725,Aqua,MODIS,87,6.2,303.6,32.7,D,0
21.9506,92.2923,360.6,1.1,1,2009-04-06,0725,Aqua,MODIS,100,6.2,304,84.1,D,0
21.9493,92.2822,362.1,1.1,1,2009-04-06,0725,Aqua,MODIS,100,6.2,305.3,87.6,D,0
21.9479,92.2719,352.9,1.1,1,2009-04-06,0725,Aqua,MODIS,96,6.2,304.2,61.3,D,0
21.9598,92.2908,354.5,1.1,1,2009-04-06,0725,Aqua,MODIS,97,6.2,301.5,67.5,D,0
21.9585,92.2807,365.6,1.1,1,2009-04-06,0725,Aqua,MODIS,100,6.2,306,99.4,D,0
21.9572,92.2705,393,1.1,1,2009-04-06,0725,Aqua,MODIS,100,6.2,306.4,223.2,D,0
21.9558,92.2603,353,1.1,1,2009-04-06,0725,Aqua,MODIS,96,6.2,303.8,60.5,D,0
21.9544,92.25,330.7,1.1,1,2009-04-06,0725,Aqua,MODIS,69,6.2,303.9,17.4,D,0
21.965,92.2589,327.1,1.1,1,2009-04-06,0725,Aqua,MODIS,43,6.2,302.1,11.8,D,0
21.9637,92.2485,352.4,1.1,1,2009-04-06,0725,Aqua,MODIS,96,6.2,304.8,59.3,D,0
21.9729,92.2471,331.4,1.1,1,2009-04-06,0725,Aqua,MODIS,75,6.2,302.8,17.8,D,0
21.7828,92.3412,336.7,1.1,1,2009-04-06,0725,Aqua,MODIS,84,6.2,302.9,27.6,D,0
21.7814,92.3309,357.3,1.1,1,2009-04-06,0725,Aqua,MODIS,98,6.2,306.3,72.9,D,0
21.7787,92.3103,354.1,1.1,1,2009-04-06,0725,Aqua,MODIS,96,6.2,305.1,64.1,D,0
21.7907,92.3295,325.8,1.1,1,2009-04-06,0725,Aqua,MODIS,57,6.2,304.6,11.4,D,0
21.788,92.3089,338.7,1.1,1,2009-04-06,0725,Aqua,MODIS,86,6.2,304.2,30.7,D,0
21.8092,92.3265,339.1,1.1,1,2009-04-06,0725,Aqua,MODIS,86,6.2,303.1,31.7,D,0
21.8078,92.3163,361.4,1.1,1,2009-04-06,0725,Aqua,MODIS,100,6.2,305.9,85.1,D,0
21.8065,92.306,359.7,1.1,1,2009-04-06,0725,Aqua,MODIS,99,6.2,306.9,80.2,D,0
21.8212,92.3456,345.8,1.1,1,2009-04-06,0725,Aqua,MODIS,91,6.2,298.2,47.6,D,0
21.8198,92.3354,336.6,1.1,1,2009-04-06,0725,Aqua,MODIS,84,6.2,295.1,28.8,D,0
21.829,92.3481,328.9,1.1,1,2009-04-06,0725,Aqua,MODIS,75,6.2,298.5,18,D,0
21.8448,92.3249,326.5,1.1,1,2009-04-06,0725,Aqua,MODIS,71,6.2,301.2,15.3,D,0
22.2096,92.2339,322.6,1.1,1,2009-04-06,0725,Aqua,MODIS,68,6.2,300.2,9.1,D,0
22.955,92.1009,323.1,1.1,1,2009-04-06,0725,Aqua,MODIS,58,6.2,303.5,9.4,D,0
22.9536,92.0905,324.1,1.1,1,2009-04-06,0725,Aqua,MODIS,71,6.2,302.8,10.7,D,0
22.9791,92.14,325.5,1.1,1,2009-04-06,0725,Aqua,MODIS,61,6.2,302.5,11.5,D,0
22.9777,92.1295,328.5,1.1,1,2009-04-06,0725,Aqua,MODIS,78,6.2,302,15.6,D,0
22.738,92.0622,323.1,1.1,1,2009-04-06,0725,Aqua,MODIS,70,6.2,301.9,10.5,D,0
22.7373,91.9152,316,1.1,1,2009-04-06,0725,Aqua,MODIS,45,6.2,297.8,5.1,D,0
22.9214,89.6176,316.5,1,1,2009-04-06,0725,Aqua,MODIS,35,6.2,300,5,D,0
21.6879,92.4565,344.9,1.1,1,2009-04-06,0725,Aqua,MODIS,91,6.2,304.9,45.6,D,0
21.7012,92.4857,323.5,1.1,1,2009-04-06,0725,Aqua,MODIS,35,6.2,303.1,9.4,D,0
21.6999,92.4754,327.3,1.1,1,2009-04-06,0725,Aqua,MODIS,69,6.2,304.3,13.7,D,0
21.72,92.4836,351.9,1.1,1,2009-04-06,0725,Aqua,MODIS,95,6.2,305.7,60.6,D,0
21.7186,92.4732,339.5,1.1,1,2009-04-06,0725,Aqua,MODIS,86,6.2,305.4,32.8,D,0
21.7292,92.4819,359.4,1.1,1,2009-04-06,0725,Aqua,MODIS,99,6.2,307.2,81.3,D,0
21.7279,92.4716,344.4,1.1,1,2009-04-06,0725,Aqua,MODIS,90,6.2,306.5,42.4,D,0
21.9836,92.2561,328.1,1.1,1,2009-04-06,0725,Aqua,MODIS,42,6.2,301.8,12.9,D,0
21.9822,92.2458,346.9,1.1,1,2009-04-06,0725,Aqua,MODIS,92,6.2,303.1,46.4,D,0
22.0011,92.3164,324.8,1.1,1,2009-04-06,0725,Aqua,MODIS,68,6.2,304.1,12.2,D,0
21.9914,92.2444,332.2,1.1,1,2009-04-06,0725,Aqua,MODIS,80,6.2,303,20.4,D,0
22.0025,92.3268,335,1.1,1,2009-04-06,0725,Aqua,MODIS,83,6.2,305,27.3,D,0
21.3216,92.1823,324.1,1.1,1,2009-04-06,0725,Aqua,MODIS,62,6.2,309.6,7.5,D,0
21.3552,92.1713,344.5,1.1,1,2009-04-06,0725,Aqua,MODIS,90,6.2,309.7,39.4,D,0
21.3671,92.1903,324.6,1.1,1,2009-04-06,0725,Aqua,MODIS,65,6.2,305.6,9.2,D,0
21.3658,92.18,332.8,1.1,1,2009-04-06,0725,Aqua,MODIS,80,6.2,305.9,19.2,D,0
21.3644,92.1699,363.9,1.1,1,2009-04-06,0725,Aqua,MODIS,100,6.2,311.1,88.5,D,0
21.3631,92.16,333.8,1.1,1,2009-04-06,0725,Aqua,MODIS,81,6.2,311.7,20.4,D,0
21.4049,92.4766,401.1,1.1,1,2009-04-06,0725,Aqua,MODIS,100,6.2,312.2,275.5,D,0
21.4342,92.4827,413.4,1.1,1,2009-04-06,0725,Aqua,MODIS,100,6.2,314.2,368.2,D,0
21.4328,92.4724,339.7,1.1,1,2009-04-06,0725,Aqua,MODIS,87,6.2,306.3,28.7,D,0
21.4434,92.4813,396,1.1,1,2009-04-06,0725,Aqua,MODIS,100,6.2,313.6,241,D,0
21.4421,92.4708,361.5,1.1,1,2009-04-06,0725,Aqua,MODIS,100,6.2,308.1,82.2,D,0
21.462,92.4782,346.4,1.1,1,2009-04-06,0725,Aqua,MODIS,87,6.2,305.2,44.9,D,0
21.4699,92.4665,362.2,1.1,1,2009-04-06,0725,Aqua,MODIS,100,6.2,307.1,85.1,D,0
22.1054,92.2882,325,1.1,1,2009-04-06,0725,Aqua,MODIS,71,6.2,298.2,14,D,0
22.1146,92.2867,317.8,1.1,1,2009-04-06,0725,Aqua,MODIS,19,6.2,297.9,5.7,D,0
22.1424,92.2826,317.9,1.1,1,2009-04-06,0725,Aqua,MODIS,45,6.2,299.1,5.9,D,0
22.1411,92.2722,334.1,1.1,1,2009-04-06,0725,Aqua,MODIS,83,6.2,301.5,26.9,D,0
22.1675,92.2576,326.1,1.1,1,2009-04-06,0725,Aqua,MODIS,73,6.2,300.7,16,D,0
21.4712,92.4766,364.1,1.1,1,2009-04-06,0725,Aqua,MODIS,100,6.2,306.4,94.4,D,0
21.4789,92.4796,346.4,1.1,1,2009-04-06,0725,Aqua,MODIS,92,6.2,303.9,46.9,D,0
21.4776,92.4694,350.6,1.1,1,2009-04-06,0725,Aqua,MODIS,94,6.2,307.3,55.9,D,0
21.4762,92.4592,334.8,1.1,1,2009-04-06,0725,Aqua,MODIS,82,6.2,305.9,22.6,D,0
21.4749,92.4488,336.1,1.1,1,2009-04-06,0725,Aqua,MODIS,83,6.2,307.9,24.8,D,0
21.4934,92.4459,362.5,1.1,1,2009-04-06,0725,Aqua,MODIS,100,6.2,306.7,86,D,0
21.516,92.4739,392.4,1.1,1,2009-04-06,0725,Aqua,MODIS,100,6.2,312.3,221.7,D,0
21.5147,92.4637,335.4,1.1,1,2009-04-06,0725,Aqua,MODIS,74,6.2,309.8,21.9,D,0
21.5133,92.4534,333,1.1,1,2009-04-06,0725,Aqua,MODIS,70,6.2,309.2,17.7,D,0
21.5267,92.4828,333,1.1,1,2009-04-06,0725,Aqua,MODIS,80,6.2,300.5,21,D,0
21.5253,92.4725,372,1.1,1,2009-04-06,0725,Aqua,MODIS,100,6.2,309,121.7,D,0
21.524,92.4622,355,1.1,1,2009-04-06,0725,Aqua,MODIS,97,6.2,309.1,64.1,D,0
21.5226,92.452,394.7,1.1,1,2009-04-06,0725,Aqua,MODIS,100,6.2,313.3,232.9,D,0
21.8631,92.2489,358.3,1.1,1,2009-04-06,0725,Aqua,MODIS,99,6.2,299.4,76.9,D,0
21.8617,92.2386,374.1,1.1,1,2009-04-06,0725,Aqua,MODIS,100,6.2,302.5,131.1,D,0
21.871,92.2372,326,1.1,1,2009-04-06,0725,Aqua,MODIS,71,6.2,298.8,12.5,D,0
21.8761,92.2051,327,1.1,1,2009-04-06,0725,Aqua,MODIS,73,6.2,305.2,11.9,D,0
21.6329,92.182,329.5,1.1,1,2009-04-06,0725,Aqua,MODIS,76,6.2,308.5,15.3,D,0
21.6461,92.2111,381.6,1.1,1,2009-04-06,0725,Aqua,MODIS,100,6.2,311.6,157.8,D,0
21.6554,92.2097,361.2,1.1,1,2009-04-06,0725,Aqua,MODIS,100,6.2,310.1,81.4,D,0
22.4299,92.3687,341.4,1.1,1,2009-04-06,0725,Aqua,MODIS,89,6.2,303.4,37.5,D,0
22.4499,92.3763,358.8,1.1,1,2009-04-06,0725,Aqua,MODIS,99,6.2,305.6,79.3,D,0
22.443,92.3237,333,1.1,1,2009-04-06,0725,Aqua,MODIS,75,6.2,303.2,22.1,D,0
22.4919,92.3643,340.4,1.1,1,2009-04-06,0725,Aqua,MODIS,88,6.2,306.1,34.3,D,0
22.4905,92.3539,333.8,1.1,1,2009-04-06,0725,Aqua,MODIS,78,6.2,306.4,22.8,D,0
22.8981,92.2986,321.9,1.1,1,2009-04-06,0725,Aqua,MODIS,67,6.2,303,9.1,D,0
22.8967,92.2881,333.3,1.1,1,2009-04-06,0725,Aqua,MODIS,83,6.2,304.1,24.7,D,0
22.9074,92.2972,336.8,1.1,1,2009-04-06,0725,Aqua,MODIS,86,6.2,302.4,30.6,D,0
22.906,92.2867,369,1.1,1,2009-04-06,0725,Aqua,MODIS,100,6.2,306.5,116.2,D,0
22.4416,92.3129,327.2,1.1,1,2009-04-06,0725,Aqua,MODIS,52,6.2,304.2,13.2,D,0
21.4828,92.437,357.9,1.1,1,2009-04-06,0725,Aqua,MODIS,98,6.2,305.8,74.5,D,0
21.4814,92.4266,356.3,1.1,1,2009-04-06,0725,Aqua,MODIS,98,6.2,306.8,71.4,D,0
21.4921,92.4356,327.6,1.1,1,2009-04-06,0725,Aqua,MODIS,53,6.2,305.2,10.8,D,0
21.4907,92.4253,336.2,1.1,1,2009-04-06,0725,Aqua,MODIS,83,6.2,305.9,24.9,D,0
21.5,92.4239,332.6,1.1,1,2009-04-06,0725,Aqua,MODIS,69,6.2,305.2,18.7,D,0
21.5093,92.4225,354,1.1,1,2009-04-06,0725,Aqua,MODIS,96,6.2,306.4,62.4,D,0
21.5185,92.421,401,1.1,1,2009-04-06,0725,Aqua,MODIS,100,6.2,312.7,273,D,0
21.5171,92.4106,356.4,1.1,1,2009-04-06,0725,Aqua,MODIS,98,6.2,309.1,69.6,D,0
21.545,92.4066,326.1,1.1,1,2009-04-06,0725,Aqua,MODIS,54,6.2,307.9,9.4,D,0
21.4351,92.4185,328.3,1.1,1,2009-04-06,0725,Aqua,MODIS,74,6.2,301.6,18.4,D,0
21.4444,92.4172,359.4,1.1,1,2009-04-06,0725,Aqua,MODIS,99,6.2,305.8,81.8,D,0
21.4537,92.4162,366.6,1.1,1,2009-04-06,0725,Aqua,MODIS,100,6.2,309.2,103.7,D,0
21.8033,92.2124,333.9,1.1,1,2009-04-06,0725,Aqua,MODIS,82,6.2,303.4,23.7,D,0
21.8289,92.2751,320.6,1.1,1,2009-04-06,0725,Aqua,MODIS,37,6.2,301.5,7.3,D,0
21.8275,92.2648,324.8,1.1,1,2009-04-06,0725,Aqua,MODIS,68,6.2,300.8,12.3,D,0
21.8394,92.284,346.3,1.1,1,2009-04-06,0725,Aqua,MODIS,92,6.2,304.1,46.6,D,0
21.8381,92.2737,341.8,1.1,1,2009-04-06,0725,Aqua,MODIS,89,6.2,302,37.7,D,0
21.372,92.4872,323.3,1.1,1,2009-04-06,0725,Aqua,MODIS,59,6.2,305.5,11.1,D,0
21.3678,92.4559,346.2,1.1,1,2009-04-06,0725,Aqua,MODIS,92,6.2,306.6,49.6,D,0
21.3663,92.4452,337.2,1.1,1,2009-04-06,0725,Aqua,MODIS,84,6.2,305.2,32.5,D,0
21.3813,92.4859,371.8,1.1,1,2009-04-06,0725,Aqua,MODIS,100,6.2,308.8,123.1,D,0
21.3756,92.3969,333.4,1.1,1,2009-04-06,0725,Aqua,MODIS,81,6.2,303.8,25.8,D,0
21.3916,92.4468,347.8,1.1,1,2009-04-06,0725,Aqua,MODIS,93,6.2,305,53.6,D,0
21.3848,92.3954,351.2,1.1,1,2009-04-06,0725,Aqua,MODIS,95,6.2,304.4,61.4,D,0
21.4036,92.4661,341,1.1,1,2009-04-06,0725,Aqua,MODIS,88,6.2,305.2,33.3,D,0
21.4008,92.4453,337.4,1.1,1,2009-04-06,0725,Aqua,MODIS,85,6.2,303.9,31.6,D,0
22.8044,92.3513,326.3,1.1,1,2009-04-06,0725,Aqua,MODIS,74,6.2,303.9,14.1,D,0
22.8138,92.3499,320.9,1.1,1,2009-04-06,0725,Aqua,MODIS,64,6.2,304.4,7.7,D,0
22.7118,92.3506,321.5,1.1,1,2009-04-06,0725,Aqua,MODIS,57,6.2,304,7.1,D,0
21.507,92.5497,336.5,1.1,1,2009-04-06,0725,Aqua,MODIS,83,6.2,301,31.9,D,0
21.5056,92.5393,368.5,1.1,1,2009-04-06,0725,Aqua,MODIS,100,6.2,305.2,116,D,0
21.5163,92.5483,352.2,1.1,1,2009-04-06,0725,Aqua,MODIS,95,6.2,302.2,64.1,D,0
23.1962,92.3207,346.6,1.1,1,2009-04-06,0725,Aqua,MODIS,93,6.2,304,49.4,D,0
23.1948,92.3101,336,1.1,1,2009-04-06,0725,Aqua,MODIS,85,6.2,302.9,28.1,D,0
23.2017,92.325,346.6,1.1,1.1,2009-04-06,0725,Aqua,MODIS,91,6.2,302.1,49.2,D,0
23.2004,92.3144,366.7,1.1,1,2009-04-06,0725,Aqua,MODIS,100,6.2,306.2,107.7,D,0
23.2111,92.3237,359.4,1.1,1.1,2009-04-06,0725,Aqua,MODIS,99,6.2,298.6,83.2,D,0
23.2098,92.313,390.4,1.1,1,2009-04-06,0725,Aqua,MODIS,100,6.2,307,217.7,D,0
23.2205,92.3223,340.3,1.1,1.1,2009-04-06,0725,Aqua,MODIS,88,6.2,297.2,36.6,D,0
23.2191,92.3115,341.5,1.1,1,2009-04-06,0725,Aqua,MODIS,89,6.2,301.2,38.3,D,0
23.2299,92.3208,329,1.1,1.1,2009-04-06,0725,Aqua,MODIS,61,6.2,294.6,17.8,D,0
23.2285,92.3101,343.6,1.1,1,2009-04-06,0725,Aqua,MODIS,91,6.2,301.2,43.2,D,0
21.4128,92.4647,331.1,1.1,1,2009-04-06,0725,Aqua,MODIS,65,6.2,302.3,16.1,D,0
21.4115,92.4544,355.2,1.1,1,2009-04-06,0725,Aqua,MODIS,97,6.2,304.3,68,D,0
21.4101,92.4438,372.6,1.1,1,2009-04-06,0725,Aqua,MODIS,100,6.2,306.3,127.5,D,0
21.4208,92.4531,366.3,1.1,1,2009-04-06,0725,Aqua,MODIS,100,6.2,304.1,102,D,0
21.4194,92.4424,357.4,1.1,1,2009-04-06,0725,Aqua,MODIS,98,6.2,305,75,D,0
21.45,92.4591,407.9,1.1,1,2009-04-06,0725,Aqua,MODIS,100,6.2,308.2,325.3,D,0
21.4486,92.4487,368,1.1,1,2009-04-06,0725,Aqua,MODIS,100,6.2,306,107.2,D,0
21.4458,92.4279,350.6,1.1,1,2009-04-06,0725,Aqua,MODIS,94,6.2,304.9,57.7,D,0
21.4551,92.4267,351.8,1.1,1,2009-04-06,0725,Aqua,MODIS,95,6.2,305.8,59.3,D,0
21.4685,92.4563,334.9,1.1,1,2009-04-06,0725,Aqua,MODIS,82,6.2,306.4,22.4,D,0
22.6291,92.4881,323.1,1.1,1.1,2009-04-06,0725,Aqua,MODIS,66,6.2,301.1,8.9,D,0
22.127,92.4551,330.3,1.1,1,2009-04-06,0725,Aqua,MODIS,78,6.2,303.7,18.1,D,0
22.1137,92.4253,325.5,1.1,1,2009-04-06,0725,Aqua,MODIS,63,6.2,306.2,9.9,D,0
23.6407,91.9442,323.2,1.1,1,2009-04-06,0725,Aqua,MODIS,72,6.2,296.3,13.8,D,0
23.6541,91.9745,336.8,1.1,1,2009-04-06,0725,Aqua,MODIS,86,6.2,300.3,32.4,D,0
23.662,91.9625,329.6,1.1,1,2009-04-06,0725,Aqua,MODIS,64,6.2,300.1,19.9,D,0
21.5751,92.561,363.9,1.1,1,2009-04-06,0725,Aqua,MODIS,100,6.2,308.9,92.7,D,0
21.5737,92.5504,328.9,1.1,1,2009-04-06,0725,Aqua,MODIS,51,6.2,306.4,14,D,0
21.5811,92.5647,357,1.1,1,2009-04-06,0725,Aqua,MODIS,98,6.2,308.2,74.1,D,0
21.5797,92.5542,367.7,1.1,1,2009-04-06,0725,Aqua,MODIS,100,6.2,311.3,109.5,D,0
21.5917,92.5735,350.8,1.1,1,2009-04-06,0725,Aqua,MODIS,94,6.2,303.5,59.6,D,0
21.5904,92.5631,370.4,1.1,1,2009-04-06,0725,Aqua,MODIS,100,6.2,308.8,119,D,0
21.589,92.5526,343.4,1.1,1,2009-04-06,0725,Aqua,MODIS,89,6.2,307.3,40.5,D,0
21.601,92.572,350.4,1.1,1,2009-04-06,0725,Aqua,MODIS,94,6.2,306.2,59.1,D,0
21.5997,92.5616,342.4,1.1,1,2009-04-06,0725,Aqua,MODIS,89,6.2,307.1,38.4,D,0
21.5983,92.5512,328.6,1.1,1,2009-04-06,0725,Aqua,MODIS,71,6.2,305.5,13.4,D,0
23.7228,92.1364,351.9,1.1,1,2009-04-06,0725,Aqua,MODIS,96,6.2,300.2,66.7,D,0
23.7215,92.1258,348.8,1.1,1,2009-04-06,0725,Aqua,MODIS,94,6.2,296.7,58.7,D,0
23.27,91.8468,323.2,1.1,1,2009-04-06,0725,Aqua,MODIS,71,6.2,301,10.4,D,0
23.2735,92.216,354.4,1.1,1,2009-04-06,0725,Aqua,MODIS,97,6.2,304.6,68.7,D,0
23.2721,92.2055,330.5,1.1,1,2009-04-06,0725,Aqua,MODIS,80,6.2,303.8,18.7,D,0
23.2807,92.219,325.3,1.1,1,2009-04-06,0725,Aqua,MODIS,71,6.2,302.5,13.9,D,0
23.326,92.2015,328.4,1.1,1,2009-04-06,0725,Aqua,MODIS,61,6.2,301.9,15.8,D,0
23.3233,92.1802,332.1,1.1,1,2009-04-06,0725,Aqua,MODIS,82,6.2,301.6,21.9,D,0
23.3381,92.2212,340.7,1.1,1,2009-04-06,0725,Aqua,MODIS,82,6.2,302.9,36.6,D,0
23.3489,92.2303,382.1,1.1,1,2009-04-06,0725,Aqua,MODIS,94,6.2,300,173.6,D,0
23.3475,92.2198,439.5,1.1,1,2009-04-06,0725,Aqua,MODIS,100,6.2,316.4,659.3,D,0
23.3461,92.2092,353.7,1.1,1,2009-04-06,0725,Aqua,MODIS,97,6.2,301.5,65.7,D,0
21.6104,92.5706,347.8,1.1,1,2009-04-06,0725,Aqua,MODIS,92,6.2,306.6,52.9,D,0
21.609,92.5602,331.1,1.1,1,2009-04-06,0725,Aqua,MODIS,72,6.2,306.5,19.5,D,0
21.6156,92.5379,327.9,1.1,1,2009-04-06,0725,Aqua,MODIS,72,6.2,306.1,13.4,D,0
21.3965,92.6001,323.7,1.1,1,2009-04-06,0725,Aqua,MODIS,62,6.2,303.1,11.1,D,0
21.3908,92.5576,376.4,1.1,1,2009-04-06,0725,Aqua,MODIS,100,6.2,308.6,144.1,D,0
21.4199,92.591,326,1.1,1,2009-04-06,0725,Aqua,MODIS,69,6.2,304.8,14.2,D,0
23.3732,92.2702,342.8,1.1,1,2009-04-06,0725,Aqua,MODIS,85,6.2,299.9,44.7,D,0
23.3788,92.2747,330.2,1.1,1,2009-04-06,0725,Aqua,MODIS,72,6.2,299.7,21.5,D,0
23.3775,92.2639,340.1,1.1,1,2009-04-06,0725,Aqua,MODIS,89,6.2,299.2,39.1,D,0
23.3761,92.2532,322.9,1.1,1,2009-04-06,0725,Aqua,MODIS,71,6.2,297.2,13,D,0
23.258,92.3165,376.3,1.1,1.1,2009-04-06,0725,Aqua,MODIS,100,6.2,302.5,148.8,D,0
23.2567,92.3059,376.3,1.1,1,2009-04-06,0725,Aqua,MODIS,100,6.2,305.1,148.2,D,0
23.2674,92.315,363.4,1.1,1.1,2009-04-06,0725,Aqua,MODIS,100,6.2,301,99,D,0
23.266,92.3044,354.2,1.1,1,2009-04-06,0725,Aqua,MODIS,97,6.2,303.3,70.6,D,0
23.259,92.251,317,1.1,1,2009-04-06,0725,Aqua,MODIS,26,6.2,300.7,5.9,D,0
23.2576,92.2402,341,1.1,1,2009-04-06,0725,Aqua,MODIS,89,6.2,302.5,39.9,D,0
23.2848,92.3015,357.1,1.1,1,2009-04-06,0725,Aqua,MODIS,98,6.2,302.1,79.5,D,0
23.2834,92.2908,371.3,1.1,1,2009-04-06,0725,Aqua,MODIS,100,6.2,303.9,128.5,D,0
23.2749,92.2265,336.3,1.1,1,2009-04-06,0725,Aqua,MODIS,86,6.2,301.8,30,D,0
23.2903,92.294,373.2,1.1,1,2009-04-06,0725,Aqua,MODIS,100,6.2,304.3,137.4,D,0
23.2889,92.2833,327.2,1.1,1,2009-04-06,0725,Aqua,MODIS,76,6.2,300.7,18.6,D,0
23.044,92.1563,321.9,1.1,1,2009-04-06,0725,Aqua,MODIS,68,6.2,300.7,10.6,D,0
23.09,92.164,330.2,1.1,1,2009-04-06,0725,Aqua,MODIS,75,6.2,301.2,20.4,D,0
23.1314,92.1899,321.3,1.1,1,2009-04-06,0725,Aqua,MODIS,58,6.2,302,8.6,D,0
23.1371,92.0176,320.1,1.1,1,2009-04-06,0725,Aqua,MODIS,64,6.2,302,7.4,D,0
22.0088,92.3193,344.3,1.1,1,2009-04-06,0725,Aqua,MODIS,91,6.2,306.1,43.2,D,0
22.0075,92.3087,343.5,1.1,1,2009-04-06,0725,Aqua,MODIS,90,6.2,303.9,41,D,0
22.0167,92.3073,333,1.1,1,2009-04-06,0725,Aqua,MODIS,74,6.2,300.4,23.2,D,0
22.0153,92.2965,346.5,1.1,1,2009-04-06,0725,Aqua,MODIS,92,6.2,302.3,46.9,D,0
22.0139,92.2858,341.5,1.1,1,2009-04-06,0725,Aqua,MODIS,89,6.2,302.5,35,D,0
22.0126,92.276,395.7,1.1,1,2009-04-06,0725,Aqua,MODIS,100,6.2,309.9,239.2,D,0
22.0246,92.2952,322.9,1.1,1,2009-04-06,0725,Aqua,MODIS,45,6.2,296.5,10,D,0
22.0285,92.253,328,1.1,1,2009-04-06,0725,Aqua,MODIS,64,6.2,302.1,13.5,D,0
22.0271,92.2427,328.7,1.1,1,2009-04-06,0725,Aqua,MODIS,76,6.2,301.9,14.8,D,0
22.0724,92.299,321,1.1,1,2009-04-06,0725,Aqua,MODIS,59,6.2,297,10.2,D,0
22.0641,92.237,350.6,1.1,1,2009-04-06,0725,Aqua,MODIS,95,6.2,302.3,55.4,D,0
22.076,92.2556,334.3,1.1,1,2009-04-06,0725,Aqua,MODIS,82,6.2,301.1,25.4,D,0
22.0747,92.2457,343.7,1.1,1,2009-04-06,0725,Aqua,MODIS,90,6.2,301.4,41.3,D,0
22.0734,92.2356,360.9,1.1,1,2009-04-06,0725,Aqua,MODIS,100,6.2,303.5,84.3,D,0
22.0852,92.254,327.3,1.1,1,2009-04-06,0725,Aqua,MODIS,74,6.2,297,15.9,D,0
22.0826,92.2341,325.5,1.1,1,2009-04-06,0725,Aqua,MODIS,71,6.2,300.9,12.2,D,0
22.9987,91.8143,344.7,1.1,1,2009-04-06,0725,Aqua,MODIS,91,6.2,303.2,42.2,D,0
23.0052,91.7924,319.9,1.1,1,2009-04-06,0725,Aqua,MODIS,54,6.2,301.6,6.3,D,0
21.6523,92.4569,362,1.1,1,2009-04-06,0725,Aqua,MODIS,100,6.2,301.8,89.3,D,0
21.6639,92.4178,340.2,1.1,1,2009-04-06,0725,Aqua,MODIS,87,6.2,305.9,32.9,D,0
21.5702,92.4808,324.7,1.1,1,2009-04-06,0725,Aqua,MODIS,23,6.2,307.8,10.7,D,0
22.5375,92.422,342.9,1.1,1,2009-04-06,0725,Aqua,MODIS,90,6.2,302.4,41.7,D,0
22.5362,92.4115,334.7,1.1,1,2009-04-06,0725,Aqua,MODIS,83,6.2,303.7,26,D,0
21.5707,92.1981,361.1,1.1,1,2009-04-06,0725,Aqua,MODIS,100,6.2,308.5,83.3,D,0
21.5693,92.188,342,1.1,1,2009-04-06,0725,Aqua,MODIS,89,6.2,308,36.3,D,0
21.5985,92.266,337.1,1.1,1,2009-04-06,0725,Aqua,MODIS,84,6.2,306,26.9,D,0
21.5972,92.2561,336.7,1.1,1,2009-04-06,0725,Aqua,MODIS,84,6.2,307.9,25.8,D,0
21.5945,92.2359,328.9,1.1,1,2009-04-06,0725,Aqua,MODIS,73,6.2,306.7,14,D,0
21.6051,92.2446,352,1.1,1,2009-04-06,0725,Aqua,MODIS,95,6.2,307.9,56.4,D,0
21.6475,92.2212,376.6,1.1,1,2009-04-06,0725,Aqua,MODIS,100,6.2,309,136.8,D,0
21.6567,92.2198,343.4,1.1,1,2009-04-06,0725,Aqua,MODIS,90,6.2,306.2,37.8,D,0
21.6953,92.2976,370.2,1.1,1,2009-04-06,0725,Aqua,MODIS,100,6.2,301.5,116.7,D,0
21.7045,92.2961,338.2,1.1,1,2009-04-06,0725,Aqua,MODIS,85,6.2,299.2,31.8,D,0
21.7138,92.2947,320.6,1.1,1,2009-04-06,0725,Aqua,MODIS,35,6.2,299.2,6.7,D,0
21.723,92.2933,351.3,1.1,1,2009-04-06,0725,Aqua,MODIS,95,6.2,301.2,58.9,D,0
21.7722,92.3323,331,1.1,1,2009-04-06,0725,Aqua,MODIS,78,6.2,304.8,17.9,D,0
21.7773,92.3,337,1.1,1,2009-04-06,0725,Aqua,MODIS,84,6.2,304.5,28.2,D,0
21.7866,92.2987,335.8,1.1,1,2009-04-06,0725,Aqua,MODIS,83,6.2,304.4,26.1,D,0
22.7649,91.9109,320.8,1.1,1,2009-04-06,0725,Aqua,MODIS,66,6.2,298.3,9.2,D,0
22.87,92.0148,328.8,1.1,1,2009-04-06,0725,Aqua,MODIS,78,6.2,299.9,19.2,D,0
22.8681,91.9309,322.8,1.1,1,2009-04-06,0725,Aqua,MODIS,70,6.2,301.7,10.1,D,0
22.5923,92.3521,340.8,1.1,1,2009-04-06,0725,Aqua,MODIS,88,6.2,301.8,36.7,D,0
21.8839,92.1934,350.9,1.1,1,2009-04-06,0725,Aqua,MODIS,95,6.2,306.3,54.7,D,0
21.8931,92.192,362.6,1.1,1,2009-04-06,0725,Aqua,MODIS,100,6.2,305.8,88.1,D,0
21.8918,92.1817,333.4,1.1,1,2009-04-06,0725,Aqua,MODIS,81,6.2,305,20.7,D,0
21.9269,92.3274,323.7,1.1,1,2009-04-06,0725,Aqua,MODIS,66,6.2,304.5,10.2,D,0
22.5779,92.3876,348.2,1.1,1,2009-04-06,0725,Aqua,MODIS,93,6.2,303.2,52.3,D,0
21.9283,92.3384,323.7,1.1,1,2009-04-06,0725,Aqua,MODIS,65,6.2,305,9.8,D,0
22.0102,92.3297,337.9,1.1,1,2009-04-06,0725,Aqua,MODIS,86,6.2,303.9,31.8,D,0
22.7393,92.0725,322.6,1.1,1,2009-04-06,0725,Aqua,MODIS,69,6.2,303.1,10.1,D,0
22.91,92.1186,338.7,1.1,1,2009-04-06,0725,Aqua,MODIS,87,6.2,303.6,33.6,D,0
22.9206,92.1274,331.4,1.1,1,2009-04-06,0725,Aqua,MODIS,81,6.2,301.9,21.6,D,0
22.9193,92.1172,346,1.1,1,2009-04-06,0725,Aqua,MODIS,92,6.2,303.7,48,D,0
22.4356,91.7951,316.8,1,1,2009-04-06,0725,Aqua,MODIS,40,6.2,299.7,5.7,D,0
23.1077,92.3018,334.3,1.1,1,2009-04-06,0725,Aqua,MODIS,84,6.2,303.7,26.4,D,0
23.1063,92.2911,323.7,1.1,1,2009-04-06,0725,Aqua,MODIS,71,6.2,302.9,10.9,D,0
21.7979,92.4552,328.5,1.1,1,2009-04-06,0725,Aqua,MODIS,74,6.2,307.9,12.2,D,0
22.2114,92.3928,326.1,1.1,1,2009-04-06,0725,Aqua,MODIS,64,6.2,302.7,12.5,D,0
22.2208,92.3914,321.6,1.1,1,2009-04-06,0725,Aqua,MODIS,51,6.2,302.9,7.8,D,0
23.2084,92.3023,338,1.1,1,2009-04-06,0725,Aqua,MODIS,84,6.2,302.8,30.7,D,0
23.2123,92.2582,324.1,1.1,1,2009-04-06,0725,Aqua,MODIS,66,6.2,302.3,11,D,0
23.2109,92.2474,342.8,1.1,1,2009-04-06,0725,Aqua,MODIS,90,6.2,304.9,40.9,D,0
23.2216,92.2568,321.3,1.1,1,2009-04-06,0725,Aqua,MODIS,45,6.2,301.4,7.9,D,0
23.0414,91.9228,322.4,1.1,1,2009-04-06,0725,Aqua,MODIS,69,6.2,301.1,9.7,D,0
23.1835,92.225,335.4,1.1,1,2009-04-06,0725,Aqua,MODIS,85,6.2,305.1,26.7,D,0
23.1895,92.2291,336.3,1.1,1,2009-04-06,0725,Aqua,MODIS,86,6.2,304.9,28.2,D,0
23.612,92.215,331.7,1.1,1,2009-04-06,0725,Aqua,MODIS,82,6.2,302.7,25.1,D,0
23.6106,92.2043,329.7,1.1,1,2009-04-06,0725,Aqua,MODIS,80,6.2,301.4,22.3,D,0
23.0263,92.0942,366.8,1.1,1,2009-04-06,0725,Aqua,MODIS,100,6.2,304.6,104.7,D,0
23.025,92.0841,378.7,1.1,1,2009-04-06,0725,Aqua,MODIS,100,6.2,307.3,151,D,0
23.4375,92.211,331.4,1.1,1,2009-04-06,0725,Aqua,MODIS,82,6.2,300.9,24.5,D,0
23.4361,92.2004,331.4,1.1,1,2009-04-06,0725,Aqua,MODIS,82,6.2,301.1,24.4,D,0
23.6634,91.973,402.8,1.1,1,2009-04-06,0725,Aqua,MODIS,100,6.2,305,293.9,D,0
21.7059,92.3064,327.4,1.1,1,2009-04-06,0725,Aqua,MODIS,72,6.2,300.1,14.2,D,0
21.7165,92.3152,342.4,1.1,1,2009-04-06,0725,Aqua,MODIS,89,6.2,303.7,38.6,D,0
21.7151,92.305,350.1,1.1,1,2009-04-06,0725,Aqua,MODIS,94,6.2,302.1,55.3,D,0
21.7258,92.3138,347.4,1.1,1,2009-04-06,0725,Aqua,MODIS,92,6.2,302.4,49.8,D,0
21.7244,92.3036,351.3,1.1,1,2009-04-06,0725,Aqua,MODIS,95,6.2,300.7,58.6,D,0
21.5436,92.3962,326.7,1.1,1,2009-04-06,0725,Aqua,MODIS,69,6.2,307.6,11,D,0
21.3734,92.4976,335.9,1.1,1,2009-04-06,0725,Aqua,MODIS,83,6.2,306.8,29.2,D,0
21.3827,92.4962,388.6,1.1,1,2009-04-06,0725,Aqua,MODIS,100,6.2,309.5,201.8,D,0
21.3891,92.5,344,1.1,1,2009-04-06,0725,Aqua,MODIS,90,6.2,305.4,41.4,D,0
21.3877,92.4897,380.6,1.1,1,2009-04-06,0725,Aqua,MODIS,100,6.2,310.4,160.7,D,0
21.5824,92.5752,338,1.1,1,2009-04-06,0725,Aqua,MODIS,43,6.2,306.9,32.1,D,0
21.5177,92.5587,358.1,1.1,1,2009-04-06,0725,Aqua,MODIS,99,6.2,296.2,79.9,D,0
21.2997,92.5679,327.6,1.1,1,2009-04-06,0725,Aqua,MODIS,63,6.2,302.4,17,D,0
21.2983,92.5578,326.1,1.1,1,2009-04-06,0725,Aqua,MODIS,51,6.2,304.7,14,D,0
21.3058,92.5605,323.5,1.1,1,2009-04-06,0725,Aqua,MODIS,51,6.2,302.9,12.4,D,0
23.2791,92.133,321.8,1.1,1,2009-04-06,0725,Aqua,MODIS,63,6.2,302.1,7.9,D,0
23.307,92.1287,321.8,1.1,1,2009-04-06,0725,Aqua,MODIS,68,6.2,301.2,9.3,D,0
23.3219,92.1697,326.2,1.1,1,2009-04-06,0725,Aqua,MODIS,75,6.2,299.2,14.2,D,0
23.2393,91.7573,320.3,1.1,1,2009-04-06,0725,Aqua,MODIS,53,6.2,298,9.6,D,0
22.5915,92.4939,331.5,1.1,1.1,2009-04-06,0725,Aqua,MODIS,80,6.2,304.4,20.9,D,0
23.4198,91.9341,321.1,1.1,1,2009-04-06,0725,Aqua,MODIS,58,6.2,299.9,9.7,D,0
23.3239,92.3326,328.3,1.1,1.1,2009-04-06,0725,Aqua,MODIS,76,6.2,299.6,19.2,D,0
23.3413,92.3187,332.1,1.1,1.1,2009-04-06,0725,Aqua,MODIS,82,6.2,302.1,24.8,D,0
23.1021,91.8962,321.6,1.1,1,2009-04-06,0725,Aqua,MODIS,68,6.2,301.2,8.8,D,0
23.1008,91.8859,322.5,1.1,1,2009-04-06,0725,Aqua,MODIS,70,6.2,301.1,10.1,D,0
23.1512,91.8617,320,1.1,1,2009-04-06,0725,Aqua,MODIS,59,6.2,301.2,7.3,D,0
22.9882,91.8055,327.4,1.1,1,2009-04-06,0725,Aqua,MODIS,77,6.2,301.8,13.2,D,0
23.1866,91.8456,323.1,1.1,1,2009-04-06,0725,Aqua,MODIS,22,6.2,301.3,9.6,D,0
23.1985,91.8646,322.6,1.1,1,2009-04-06,0725,Aqua,MODIS,48,6.2,299.9,8.8,D,0
23.2064,91.8528,324.9,1.1,1,2009-04-06,0725,Aqua,MODIS,49,6.2,301.3,11.5,D,0
23.2234,91.8397,326.5,1.1,1,2009-04-06,0725,Aqua,MODIS,76,6.2,301.6,13.8,D,0
23.1686,92.1841,330.1,1.1,1,2009-04-06,0725,Aqua,MODIS,80,6.2,301.5,18.5,D,0
23.1672,92.1735,335.3,1.1,1,2009-04-06,0725,Aqua,MODIS,85,6.2,302.1,26.4,D,0
23.1881,92.2185,334.3,1.1,1,2009-04-06,0725,Aqua,MODIS,75,6.2,304.9,25,D,0
23.1985,92.152,325.4,1.1,1,2009-04-06,0725,Aqua,MODIS,53,6.2,303.1,11,D,0
23.2065,92.1399,325.6,1.1,1,2009-04-06,0725,Aqua,MODIS,52,6.2,302.1,11.5,D,0
23.221,92.1056,321.1,1.1,1,2009-04-06,0725,Aqua,MODIS,66,6.2,301.5,8.2,D,0
23.2344,92.1356,326.5,1.1,1,2009-04-06,0725,Aqua,MODIS,76,6.2,301.6,14.1,D,0
23.2642,92.2174,376.9,1.1,1,2009-04-06,0725,Aqua,MODIS,100,6.2,307.8,147.8,D,0
23.2628,92.207,373.4,1.1,1,2009-04-06,0725,Aqua,MODIS,100,6.2,307.1,132.2,D,0
22.5229,92.1672,320.5,1.1,1,2009-04-06,0725,Aqua,MODIS,30,6.2,301.9,6.8,D,0
22.6136,92.0832,327.4,1.1,1,2009-04-06,0725,Aqua,MODIS,76,6.2,305.3,12.5,D,0
22.6205,92.0871,328.4,1.1,1,2009-04-06,0725,Aqua,MODIS,78,6.2,305.1,14.9,D,0
23.1914,92.0245,319.2,1.1,1,2009-04-06,0725,Aqua,MODIS,62,6.2,299.1,6.4,D,0
21.6055,92.3178,324.1,1.1,1,2009-04-06,0725,Aqua,MODIS,60,6.2,307.5,7.9,D,0
22.7708,92.0253,324.3,1.1,1,2009-04-06,0725,Aqua,MODIS,56,6.2,302.5,11.7,D,0
22.7972,91.963,323.1,1.1,1,2009-04-06,0725,Aqua,MODIS,69,6.2,303.2,11.3,D,0
22.7959,91.9527,321.5,1.1,1,2009-04-06,0725,Aqua,MODIS,62,6.2,302.6,9.4,D,0
22.8433,91.9557,341.5,1.1,1,2009-04-06,0725,Aqua,MODIS,89,6.2,302.9,38.5,D,0
22.8419,91.9455,322.6,1.1,1,2009-04-06,0725,Aqua,MODIS,69,6.2,301.7,10,D,0
22.2826,92.3123,328,1.1,1,2009-04-06,0725,Aqua,MODIS,59,6.2,303.6,13.8,D,0
22.2812,92.302,325.3,1.1,1,2009-04-06,0725,Aqua,MODIS,47,6.2,303.1,9.7,D,0
22.2932,92.3213,320.7,1.1,1,2009-04-06,0725,Aqua,MODIS,34,6.2,301.4,6.1,D,0
22.072,92.2253,320.6,1.1,1,2009-04-06,0725,Aqua,MODIS,37,6.2,300.3,5.2,D,0
23.1174,91.7993,328.6,1.1,1,2009-04-06,0725,Aqua,MODIS,78,6.2,299.2,16.9,D,0
23.116,91.7891,320.3,1.1,1,2009-04-06,0725,Aqua,MODIS,19,6.2,300.6,6.3,D,0
23.1265,91.7979,328.5,1.1,1,2009-04-06,0725,Aqua,MODIS,78,6.2,299.7,16.7,D,0
23.1251,91.7876,338.2,1.1,1,2009-04-06,0725,Aqua,MODIS,87,6.2,301.4,30.6,D,0
23.1325,91.7911,320.5,1.1,1,2009-04-06,0725,Aqua,MODIS,56,6.2,300.9,7.6,D,0
22.5095,92.4263,324.2,1.1,1,2009-04-06,0725,Aqua,MODIS,65,6.2,305,8.8,D,0
22.0913,92.3703,323.7,1.1,1,2009-04-06,0725,Aqua,MODIS,66,6.2,302.4,11.4,D,0
21.6626,92.4077,362,1.1,1,2009-04-06,0725,Aqua,MODIS,100,6.2,308.3,86.2,D,0
21.6612,92.3972,328.5,1.1,1,2009-04-06,0725,Aqua,MODIS,74,6.2,306.2,13.3,D,0
22.47,92.3839,324.7,1.1,1,2009-04-06,0725,Aqua,MODIS,51,6.2,304.7,9.1,D,0
22.1257,92.4448,339.3,1.1,1,2009-04-06,0725,Aqua,MODIS,87,6.2,306.4,32,D,0
21.8628,92.1758,323.8,1.1,1,2009-04-06,0725,Aqua,MODIS,48,6.2,305,7,D,0
21.8826,92.1832,329.3,1.1,1,2009-04-06,0725,Aqua,MODIS,76,6.2,305.4,13.7,D,0
21.6077,92.2644,350.4,1.1,1,2009-04-06,0725,Aqua,MODIS,94,6.2,305.9,54.6,D,0
21.6064,92.2547,398.5,1.1,1,2009-04-06,0725,Aqua,MODIS,100,6.2,312.8,253.2,D,0
21.6169,92.2629,350.8,1.1,1,2009-04-06,0725,Aqua,MODIS,95,6.2,303.8,54.3,D,0
21.6098,92.1403,327.8,1.1,1,2009-04-06,0725,Aqua,MODIS,73,6.2,308.1,13.4,D,0
21.8516,92.3768,327.6,1.1,1,2009-04-06,0725,Aqua,MODIS,72,6.2,304.2,14.9,D,0
21.8502,92.3656,347.3,1.1,1,2009-04-06,0725,Aqua,MODIS,92,6.2,302.7,50.4,D,0
21.8609,92.3755,326.1,1.1,1,2009-04-06,0725,Aqua,MODIS,70,6.2,304.7,12.6,D,0
21.6939,92.2874,360.6,1.1,1,2009-04-06,0725,Aqua,MODIS,100,6.2,304.1,84,D,0
21.7004,92.2655,320.9,1.1,1,2009-04-06,0725,Aqua,MODIS,51,6.2,302.8,6.9,D,0
21.7216,92.283,344.6,1.1,1,2009-04-06,0725,Aqua,MODIS,91,6.2,303.7,43.4,D,0
21.6156,92.2531,346.6,1.1,1,2009-04-06,0725,Aqua,MODIS,92,6.2,304.9,43.3,D,0
21.6235,92.2417,350.3,1.1,1,2009-04-06,0725,Aqua,MODIS,94,6.2,307.9,49.9,D,0
21.6221,92.2316,362.8,1.1,1,2009-04-06,0725,Aqua,MODIS,100,6.2,310.2,84.9,D,0
21.633,92.2539,323.9,1.1,1,2009-04-06,0725,Aqua,MODIS,45,6.2,302.9,8.6,D,0
21.6317,92.2442,333.8,1.1,1,2009-04-06,0725,Aqua,MODIS,81,6.2,305,22.7,D,0
21.6383,92.2227,336.1,1.1,1,2009-04-06,0725,Aqua,MODIS,84,6.2,307.6,24.3,D,0
21.699,92.2552,325.2,1.1,1,2009-04-06,0725,Aqua,MODIS,68,6.2,303.6,12,D,0
21.5899,92.4147,363.7,1.1,1,2009-04-06,0725,Aqua,MODIS,100,6.2,309.5,91.5,D,0
21.5886,92.4044,333.3,1.1,1,2009-04-06,0725,Aqua,MODIS,80,6.2,307.6,21,D,0
21.4093,92.2252,324.5,1.1,1,2009-04-06,0725,Aqua,MODIS,66,6.2,308.8,10.3,D,0
21.4079,92.2151,333.8,1.1,1,2009-04-06,0725,Aqua,MODIS,81,6.2,309.9,22.8,D,0
21.4534,92.2846,323.7,1.1,1,2009-04-06,0725,Aqua,MODIS,64,6.2,305.9,9.5,D,0
21.1516,92.0923,321.3,1,1,2009-04-06,0725,Aqua,MODIS,0,6.2,305.3,7.5,D,0
22.211,92.2442,320.4,1.1,1,2009-04-06,0725,Aqua,MODIS,46,6.2,300,6.6,D,0
22.2216,92.2532,330.2,1.1,1,2009-04-06,0725,Aqua,MODIS,79,6.2,300.6,17.8,D,0
22.2309,92.2518,324.1,1.1,1,2009-04-06,0725,Aqua,MODIS,66,6.2,300.6,9.8,D,0
22.2638,92.2149,338.2,1.1,1,2009-04-06,0725,Aqua,MODIS,87,6.2,301.9,31,D,0
22.2624,92.2046,337.3,1.1,1,2009-04-06,0725,Aqua,MODIS,86,6.2,301.3,28.8,D,0
22.2704,92.2187,324,1.1,1,2009-04-06,0725,Aqua,MODIS,70,6.2,300.9,11.9,D,0
22.2691,92.2084,345.1,1.1,1,2009-04-06,0725,Aqua,MODIS,91,6.2,301.8,46.4,D,0
22.2677,92.1981,321.2,1.1,1,2009-04-06,0725,Aqua,MODIS,60,6.2,300.5,8,D,0
22.2729,92.1657,325.4,1.1,1,2009-04-06,0725,Aqua,MODIS,72,6.2,302.9,12,D,0
22.2716,92.1554,329.5,1.1,1,2009-04-06,0725,Aqua,MODIS,78,6.2,302.7,17.5,D,0
22.2794,92.1436,328.6,1.1,1,2009-04-06,0725,Aqua,MODIS,77,6.2,302.8,17.6,D,0
22.2781,92.1333,320.7,1.1,1,2009-04-06,0725,Aqua,MODIS,44,6.2,301.4,8.4,D,0
22.6594,91.9549,327.9,1.1,1,2009-04-06,0725,Aqua,MODIS,77,6.2,299.6,17,D,0
22.6581,91.9447,336.8,1.1,1,2009-04-06,0725,Aqua,MODIS,86,6.2,300.9,29.8,D,0
22.6778,91.952,327.7,1.1,1,2009-04-06,0725,Aqua,MODIS,77,6.2,300.3,16.9,D,0
22.6843,91.9302,323.7,1.1,1,2009-04-06,0725,Aqua,MODIS,71,6.2,301.5,12.3,D,0
22.6829,91.92,327.8,1.1,1,2009-04-06,0725,Aqua,MODIS,77,6.2,298.8,17.4,D,0
22.6914,91.9224,325.8,1.1,1,2009-04-06,0725,Aqua,MODIS,75,6.2,299.4,15.9,D,0
22.4481,92.2906,353.7,1.1,1,2009-04-06,0725,Aqua,MODIS,96,6.2,305.2,64.4,D,0
22.4467,92.2802,346.5,1.1,1,2009-04-06,0725,Aqua,MODIS,92,6.2,305.1,47.1,D,0
22.4968,92.2564,339,1.1,1,2009-04-06,0725,Aqua,MODIS,76,6.2,303.1,34.6,D,0
22.4954,92.246,320.5,1.1,1,2009-04-06,0725,Aqua,MODIS,44,6.2,302.4,7.9,D,0
24.7425,88.0604,326.4,1.1,1,2009-04-06,0726,Aqua,MODIS,43,6.2,306.8,12,D,0
23.1703,92.2722,317.7,1.6,1.2,2009-04-07,0455,Terra,MODIS,63,6.2,299.4,14.1,D,0
22.0405,92.3064,318.9,1.7,1.3,2009-04-07,0455,Terra,MODIS,61,6.2,301.4,16.3,D,0
21.7721,92.3836,349.1,1.7,1.3,2009-04-07,0455,Terra,MODIS,94,6.2,302.8,116.2,D,0
21.8747,92.5272,326.5,1.8,1.3,2009-04-07,0455,Terra,MODIS,75,6.2,299.2,33.8,D,0
21.6107,92.4984,353.5,1.8,1.3,2009-04-07,0455,Terra,MODIS,96,6.2,301.3,142.6,D,0
21.8875,92.5049,327.1,1.8,1.3,2009-04-07,0455,Terra,MODIS,76,6.2,302.9,34.7,D,0
21.8849,92.519,386.4,1.8,1.3,2009-04-07,0455,Terra,MODIS,100,6.2,303.8,396.5,D,0
21.9319,92.3391,326,1.7,1.3,2009-04-07,0455,Terra,MODIS,75,6.2,301.7,32.1,D,0
21.7694,92.3989,323.7,1.7,1.3,2009-04-07,0455,Terra,MODIS,70,6.2,300.9,27.9,D,0
21.6152,92.4931,354.2,1.8,1.3,2009-04-07,0455,Terra,MODIS,97,6.2,300.1,147.6,D,0
21.7511,92.4996,321.2,1.8,1.3,2009-04-07,0455,Terra,MODIS,50,6.2,299.7,19.2,D,0
21.6139,92.4812,323.5,1.8,1.3,2009-04-07,0455,Terra,MODIS,70,6.2,298.4,28.5,D,0
21.8775,92.512,351.3,1.8,1.3,2009-04-07,0455,Terra,MODIS,95,6.2,301.5,127.3,D,0
21.9321,92.3275,340.5,1.7,1.3,2009-04-07,0455,Terra,MODIS,89,6.2,301.5,77.2,D,0
21.8373,92.4044,318.5,1.7,1.3,2009-04-07,0455,Terra,MODIS,46,6.2,301.8,13.7,D,0
21.889,92.5142,365.3,1.8,1.3,2009-04-07,0455,Terra,MODIS,100,6.2,303.9,211.3,D,0
21.886,92.531,339.1,1.8,1.3,2009-04-07,0455,Terra,MODIS,88,6.2,300.7,73.9,D,0
24.0964,89.287,337.7,1.1,1,2009-04-07,0455,Terra,MODIS,86,6.2,307.8,31.2,D,0
24.2468,89.1463,322.2,1.1,1,2009-04-07,0455,Terra,MODIS,43,6.2,308.6,8.9,D,0
24.3215,89.1982,320.4,1.1,1,2009-04-07,0455,Terra,MODIS,65,6.2,306.5,7.9,D,0
21.9351,92.321,329.7,1.7,1.3,2009-04-07,0455,Terra,MODIS,79,6.2,301.1,42,D,0
21.7626,92.5025,324.9,1.8,1.3,2009-04-07,0455,Terra,MODIS,72,6.2,301.8,28.5,D,0
21.612,92.5109,321.1,1.8,1.3,2009-04-07,0455,Terra,MODIS,65,6.2,300.3,23.6,D,0
23.388,92.3258,323.4,4.8,2,2009-04-07,0630,Aqua,MODIS,75,6.2,294,144.5,D,0
21.6288,92.5737,308,1.4,1.2,2009-04-07,1550,Terra,MODIS,72,6.2,295.8,10.6,N,0
21.6878,92.3717,311.9,1.5,1.2,2009-04-07,1551,Terra,MODIS,83,6.2,295.6,15.8,N,0
22.7409,92.4253,308.9,1.4,1.2,2009-04-07,1551,Terra,MODIS,76,6.2,297.4,10.3,N,0
21.6725,92.4759,308.2,1.4,1.2,2009-04-07,1551,Terra,MODIS,73,6.2,295.1,11.7,N,0
22.7306,92.4273,309,1.4,1.2,2009-04-07,1551,Terra,MODIS,76,6.2,297.3,10.4,N,0
21.6938,92.3793,306.9,1.5,1.2,2009-04-07,1551,Terra,MODIS,69,6.2,295.5,10.6,N,0
21.6313,92.5655,319.1,1,1,2009-04-08,0712,Aqua,MODIS,24,6.2,303.3,5.7,D,0
21.8111,92.4107,343,1,1,2009-04-08,0712,Aqua,MODIS,90,6.2,309.3,35.4,D,0
21.7974,92.4433,331.2,1,1,2009-04-08,0712,Aqua,MODIS,78,6.2,311.1,13.6,D,0
21.7989,92.4533,346.4,1,1,2009-04-08,0712,Aqua,MODIS,92,6.2,311.2,39.7,D,0
21.772,92.3977,346.6,1,1,2009-04-08,0712,Aqua,MODIS,92,6.2,306.5,43.1,D,0
21.732,92.5022,330.4,1,1,2009-04-08,0712,Aqua,MODIS,72,6.2,309,13.9,D,0
21.7735,92.4079,377.6,1,1,2009-04-08,0712,Aqua,MODIS,100,6.2,307.8,136,D,0
21.7749,92.4175,344.1,1,1,2009-04-08,0712,Aqua,MODIS,90,6.2,304.6,38,D,0
21.7718,92.4581,352.1,1,1,2009-04-08,0712,Aqua,MODIS,95,6.2,310.5,53.6,D,0
21.7137,92.5657,425.5,1,1,2009-04-08,0712,Aqua,MODIS,100,6.2,319.2,445.6,D,0
21.6464,92.5428,345.3,1,1,2009-04-08,0712,Aqua,MODIS,91,6.2,306.8,41.1,D,0
21.7537,92.5221,324.4,1,1,2009-04-08,0712,Aqua,MODIS,61,6.2,310.4,7.9,D,0
21.4146,92.4743,324.7,1,1,2009-04-08,0712,Aqua,MODIS,61,6.2,306.5,10,D,0
21.6374,92.5443,370.9,1,1,2009-04-08,0712,Aqua,MODIS,100,6.2,309.6,110.9,D,0
21.4208,92.3921,341.9,1,1,2009-04-08,0712,Aqua,MODIS,89,6.2,302.6,37.8,D,0
21.3801,92.4305,365.2,1,1,2009-04-08,0712,Aqua,MODIS,100,6.2,304.1,96.4,D,0
21.3891,92.4287,320.7,1,1,2009-04-08,0712,Aqua,MODIS,40,6.2,302.8,7.7,D,0
21.4237,92.4726,330.8,1,1,2009-04-08,0712,Aqua,MODIS,79,6.2,306.9,17.3,D,0
21.5213,92.2084,322.8,1.1,1,2009-04-08,0712,Aqua,MODIS,56,6.2,306.8,8.9,D,0
21.5124,92.2062,339,1.1,1,2009-04-08,0712,Aqua,MODIS,86,6.2,306.8,31.1,D,0
21.5139,92.2163,365,1.1,1,2009-04-08,0712,Aqua,MODIS,100,6.2,309.2,94.3,D,0
21.4972,92.2911,364.6,1,1,2009-04-08,0712,Aqua,MODIS,100,6.2,305.5,93.1,D,0
21.4881,92.2928,334.1,1,1,2009-04-08,0712,Aqua,MODIS,82,6.2,304.5,24.4,D,0
21.7017,92.5475,328.7,1,1,2009-04-08,0712,Aqua,MODIS,68,6.2,310.3,12.6,D,0
21.4987,92.3012,377.9,1,1,2009-04-08,0712,Aqua,MODIS,100,6.2,306.1,141.6,D,0
21.4896,92.3028,361.7,1,1,2009-04-08,0712,Aqua,MODIS,100,6.2,306.5,84.7,D,0
21.4911,92.3128,337.1,1,1,2009-04-08,0712,Aqua,MODIS,85,6.2,303.8,29.1,D,0
21.7032,92.5573,347,1,1,2009-04-08,0712,Aqua,MODIS,92,6.2,309.9,41.9,D,0
21.4102,92.4449,320.5,1,1,2009-04-08,0712,Aqua,MODIS,39,6.2,304.7,6.9,D,0
21.7047,92.5672,344.8,1,1,2009-04-08,0712,Aqua,MODIS,91,6.2,308.8,38.6,D,0
21.307,92.5605,326.9,1,1,2009-04-08,0712,Aqua,MODIS,73,6.2,307.1,15.4,D,0
21.7064,92.5167,371.6,1,1,2009-04-08,0712,Aqua,MODIS,100,6.2,308.2,112,D,0
21.672,92.3502,349.4,1,1,2009-04-08,0712,Aqua,MODIS,94,6.2,309.4,48,D,0
21.8317,92.3098,360.9,1,1,2009-04-08,0712,Aqua,MODIS,100,6.2,308.1,78.6,D,0
21.892,92.4007,326.1,1,1,2009-04-08,0712,Aqua,MODIS,69,6.2,308.2,8.3,D,0
21.8934,92.4106,329.6,1,1,2009-04-08,0712,Aqua,MODIS,76,6.2,309.4,11.7,D,0
21.8573,92.4169,327.7,1,1,2009-04-08,0712,Aqua,MODIS,73,6.2,310.2,10.3,D,0
21.5786,92.5846,323.6,1,1,2009-04-08,0712,Aqua,MODIS,65,6.2,307.1,9.6,D,0
21.6627,92.5343,330.5,1,1,2009-04-08,0712,Aqua,MODIS,77,6.2,309.4,17.2,D,0
21.5941,92.3797,328.7,1,1,2009-04-08,0712,Aqua,MODIS,73,6.2,308.4,13,D,0
21.5956,92.3897,333.4,1,1,2009-04-08,0712,Aqua,MODIS,81,6.2,307.9,20.1,D,0
21.585,92.3813,354.3,1,1,2009-04-08,0712,Aqua,MODIS,97,6.2,310.3,61.6,D,0
21.5865,92.3913,382,1,1,2009-04-08,0712,Aqua,MODIS,100,6.2,311.6,157.1,D,0
21.7242,92.5741,326.6,1,1,2009-04-08,0712,Aqua,MODIS,65,6.2,306.9,12.5,D,0
21.5789,92.5248,319.3,1,1,2009-04-08,0712,Aqua,MODIS,23,6.2,304.2,6,D,0
21.8933,92.4715,336.9,1,1,2009-04-08,0712,Aqua,MODIS,84,6.2,311.9,22.8,D,0
21.7154,92.5151,366.1,1,1,2009-04-08,0712,Aqua,MODIS,100,6.2,309.1,92.6,D,0
21.744,92.5204,326,1,1,2009-04-08,0712,Aqua,MODIS,56,6.2,309.5,8.6,D,0
21.6406,92.5039,361.6,1,1,2009-04-08,0712,Aqua,MODIS,100,6.2,305.8,81.5,D,0
21.6931,92.3669,325.7,1,1,2009-04-08,0712,Aqua,MODIS,70,6.2,308.5,9.2,D,0
21.6871,92.3271,355.4,1,1,2009-04-08,0712,Aqua,MODIS,97,6.2,311.1,62.4,D,0
21.1759,92.1183,340.3,1.1,1,2009-04-08,0712,Aqua,MODIS,87,6.2,305.3,35.6,D,0
21.6973,92.5181,323.4,1,1,2009-04-08,0712,Aqua,MODIS,52,6.2,306.3,7.5,D,0
21.8618,92.3858,328.6,1,1,2009-04-08,0712,Aqua,MODIS,75,6.2,308.4,13.4,D,0
21.7152,92.5755,356.2,1,1,2009-04-08,0712,Aqua,MODIS,98,6.2,308.3,66.1,D,0
21.7733,92.4681,333.1,1,1,2009-04-08,0712,Aqua,MODIS,81,6.2,311.2,16.9,D,0
21.4314,92.4005,333.4,1,1,2009-04-08,0712,Aqua,MODIS,81,6.2,303.7,23.7,D,0
21.4193,92.3822,329.9,1,1,2009-04-08,0712,Aqua,MODIS,77,6.2,301.7,19.8,D,0
21.6946,92.3769,324.8,1,1,2009-04-08,0712,Aqua,MODIS,68,6.2,307.3,8.9,D,0
21.7614,92.2666,335.2,1,1,2009-04-08,0712,Aqua,MODIS,83,6.2,304.2,25.3,D,0
21.7599,92.2566,330.1,1,1,2009-04-08,0712,Aqua,MODIS,77,6.2,305.7,16.9,D,0
21.8302,92.2999,359.5,1,1,2009-04-08,0712,Aqua,MODIS,99,6.2,308.8,74.1,D,0
21.6153,92.3351,330.4,1,1,2009-04-08,0712,Aqua,MODIS,73,6.2,308.4,14.9,D,0
21.6168,92.3451,360.9,1,1,2009-04-08,0712,Aqua,MODIS,100,6.2,310.3,78.1,D,0
21.6077,92.3467,326.7,1,1,2009-04-08,0712,Aqua,MODIS,72,6.2,310.3,11.3,D,0
21.6092,92.3566,328,1,1,2009-04-08,0712,Aqua,MODIS,74,6.2,310.4,13.1,D,0
21.7761,92.5483,325.4,1,1,2009-04-08,0712,Aqua,MODIS,64,6.2,307.8,10,D,0
21.6642,92.5442,365.2,1,1,2009-04-08,0712,Aqua,MODIS,100,6.2,310.7,91.3,D,0
21.654,92.5312,327.5,1,1,2009-04-08,0712,Aqua,MODIS,73,6.2,307.6,13.4,D,0
21.6569,92.5512,349.9,1,1,2009-04-08,0712,Aqua,MODIS,94,6.2,306.4,51.8,D,0
21.6554,92.5412,380,1,1,2009-04-08,0712,Aqua,MODIS,100,6.2,314.2,147.5,D,0
21.6888,92.2146,324.6,1,1,2009-04-08,0712,Aqua,MODIS,68,6.2,307.5,9.1,D,0
21.7371,92.1683,323.3,1.1,1,2009-04-08,0712,Aqua,MODIS,65,6.2,307.5,8.2,D,0
21.6301,92.4956,354.8,1,1,2009-04-08,0712,Aqua,MODIS,97,6.2,304.9,65.1,D,0
21.6449,92.5328,328.5,1,1,2009-04-08,0712,Aqua,MODIS,61,6.2,306.3,13.8,D,0
21.7356,92.1582,323.6,1.1,1,2009-04-08,0712,Aqua,MODIS,66,6.2,308.8,8.9,D,0
21.6659,92.4939,336.1,1,1,2009-04-08,0712,Aqua,MODIS,84,6.2,304.1,27.1,D,0
21.6673,92.5036,319,1,1,2009-04-08,0712,Aqua,MODIS,27,6.2,304.7,5,D,0
21.7842,92.1702,325.8,1.1,1,2009-04-08,0712,Aqua,MODIS,70,6.2,307.2,10.6,D,0
21.6958,92.5083,343.7,1,1,2009-04-08,0712,Aqua,MODIS,90,6.2,308.9,39,D,0
21.693,92.4892,388.1,1,1,2009-04-08,0712,Aqua,MODIS,100,6.2,306.8,185.3,D,0
21.6915,92.4793,339.4,1,1,2009-04-08,0712,Aqua,MODIS,87,6.2,305.5,31,D,0
21.7049,92.5069,406.2,1,1,2009-04-08,0712,Aqua,MODIS,100,6.2,315.5,290.8,D,0
21.7034,92.4971,329.2,1,1,2009-04-08,0712,Aqua,MODIS,76,6.2,305.6,14.3,D,0
21.702,92.4875,368.8,1,1,2009-04-08,0712,Aqua,MODIS,100,6.2,307.8,103.6,D,0
21.6144,92.2173,342.4,1.1,1,2009-04-08,0712,Aqua,MODIS,89,6.2,306.5,35.7,D,0
21.6128,92.2072,330.2,1.1,1,2009-04-08,0712,Aqua,MODIS,77,6.2,307.7,15.7,D,0
21.6235,92.2157,341.2,1.1,1,2009-04-08,0712,Aqua,MODIS,88,6.2,305.9,33.5,D,0
21.6315,92.5055,322.9,1,1,2009-04-08,0712,Aqua,MODIS,57,6.2,302,9.1,D,0
21.6219,92.2056,322.5,1.1,1,2009-04-08,0712,Aqua,MODIS,42,6.2,306.6,6.5,D,0
21.7005,92.4777,335.1,1,1,2009-04-08,0712,Aqua,MODIS,83,6.2,305.4,23,D,0
21.7021,92.4268,321.8,1,1,2009-04-08,0712,Aqua,MODIS,36,6.2,303.6,7.5,D,0
21.7036,92.4368,347.3,1,1,2009-04-08,0712,Aqua,MODIS,92,6.2,305.7,45.7,D,0
21.6946,92.4386,344.7,1,1,2009-04-08,0712,Aqua,MODIS,91,6.2,305,40.4,D,0
21.699,92.4675,339.6,1,1,2009-04-08,0712,Aqua,MODIS,87,6.2,306.3,30.3,D,0
21.6975,92.4575,325.2,1,1,2009-04-08,0712,Aqua,MODIS,39,6.2,305.4,10.1,D,0
21.696,92.4481,333.4,1,1,2009-04-08,0712,Aqua,MODIS,81,6.2,305.1,21.2,D,0
21.6391,92.4939,347.3,1,1,2009-04-08,0712,Aqua,MODIS,92,6.2,306.3,47,D,0
21.6496,92.5021,322.7,1,1,2009-04-08,0712,Aqua,MODIS,37,6.2,304.5,8.3,D,0
21.491,92.4349,320.2,1,1,2009-04-08,0712,Aqua,MODIS,55,6.2,304.8,6.7,D,0
21.5258,92.4186,329.9,1,1,2009-04-08,0712,Aqua,MODIS,77,6.2,307.2,16.7,D,0
21.5804,92.4737,333,1,1,2009-04-08,0712,Aqua,MODIS,81,6.2,307.2,21.4,D,0
21.5789,92.4637,338,1,1,2009-04-08,0712,Aqua,MODIS,86,6.2,308.5,28.3,D,0
21.5774,92.4539,334,1,1,2009-04-08,0712,Aqua,MODIS,82,6.2,308.5,21.6,D,0
21.7139,92.5053,411.4,1,1,2009-04-08,0712,Aqua,MODIS,100,6.2,317,328.3,D,0
21.7124,92.4953,345.2,1,1,2009-04-08,0712,Aqua,MODIS,91,6.2,307.8,39,D,0
21.708,92.4659,348.8,1,1,2009-04-08,0712,Aqua,MODIS,93,6.2,306.8,46.3,D,0
21.7065,92.4559,333.2,1,1,2009-04-08,0712,Aqua,MODIS,76,6.2,307.2,18.8,D,0
21.717,92.4642,343.9,1,1,2009-04-08,0712,Aqua,MODIS,90,6.2,307.5,37,D,0
21.7155,92.4543,336.7,1,1,2009-04-08,0712,Aqua,MODIS,84,6.2,308.2,25.4,D,0
21.8484,92.2967,327.4,1,1,2009-04-08,0712,Aqua,MODIS,68,6.2,306.5,12.6,D,0
21.6388,92.5541,336.5,1,1,2009-04-08,0712,Aqua,MODIS,84,6.2,304.7,25.5,D,0
21.4594,92.4103,323.6,1,1,2009-04-08,0712,Aqua,MODIS,66,6.2,300.6,12.1,D,0
21.7705,92.265,344.3,1,1,2009-04-08,0712,Aqua,MODIS,90,6.2,303.5,40.5,D,0
21.769,92.255,327.2,1,1,2009-04-08,0712,Aqua,MODIS,65,6.2,305.7,12.4,D,0
21.7051,92.4463,334.3,1,1,2009-04-08,0712,Aqua,MODIS,76,6.2,305.6,21.4,D,0
21.6539,92.2311,323.6,1,1,2009-04-08,0712,Aqua,MODIS,54,6.2,306.4,7.9,D,0
21.7963,92.2502,328.9,1,1,2009-04-08,0712,Aqua,MODIS,50,6.2,305.6,13.5,D,0
21.7948,92.2402,343.1,1,1,2009-04-08,0712,Aqua,MODIS,90,6.2,306.7,36,D,0
21.7933,92.2302,325.9,1,1,2009-04-08,0712,Aqua,MODIS,68,6.2,306.6,9.9,D,0
21.809,92.2832,323.4,1,1,2009-04-08,0712,Aqua,MODIS,9,6.2,306,7.6,D,0
21.8045,92.2533,321,1,1,2009-04-08,0712,Aqua,MODIS,53,6.2,305.9,6.4,D,0
21.6554,92.2412,324.2,1,1,2009-04-08,0712,Aqua,MODIS,52,6.2,306.2,8.1,D,0
21.6286,92.4861,328.1,1,1,2009-04-08,0712,Aqua,MODIS,66,6.2,303.2,16.1,D,0
21.8029,92.2434,323.1,1,1,2009-04-08,0712,Aqua,MODIS,62,6.2,305.4,8.4,D,0
21.8423,92.2569,331.9,1,1,2009-04-08,0712,Aqua,MODIS,79,6.2,305.4,19.3,D,0
21.8408,92.2469,324.6,1,1,2009-04-08,0712,Aqua,MODIS,68,6.2,304.9,9.7,D,0
21.7454,92.53,324.8,1,1,2009-04-08,0712,Aqua,MODIS,49,6.2,310.1,7.4,D,0
21.7213,92.5542,337.4,1,1,2009-04-08,0712,Aqua,MODIS,85,6.2,309.7,23.4,D,0
21.7227,92.5641,364.1,1,1,2009-04-08,0712,Aqua,MODIS,100,6.2,311,86.1,D,0
21.7122,92.5558,379.3,1,1,2009-04-08,0712,Aqua,MODIS,100,6.2,313.8,139.4,D,0
21.7614,92.3892,333.5,1,1,2009-04-08,0712,Aqua,MODIS,70,6.2,307.4,19.9,D,0
21.7629,92.3994,409,1,1,2009-04-08,0712,Aqua,MODIS,100,6.2,312.9,313.1,D,0
21.7539,92.401,335.4,1,1,2009-04-08,0712,Aqua,MODIS,83,6.2,304,24.2,D,0
21.6448,92.2327,324.7,1,1,2009-04-08,0712,Aqua,MODIS,42,6.2,306.2,9,D,0
21.7335,92.5121,348.8,1,1,2009-04-08,0712,Aqua,MODIS,93,6.2,309.6,44.8,D,0
22.7691,92.347,339.5,1,1,2009-04-08,0713,Aqua,MODIS,87,6.2,308,30.6,D,0
23.7221,91.9347,322.7,1,1,2009-04-08,0713,Aqua,MODIS,68,6.2,297.3,13,D,0
23.364,92.2548,321.9,1,1,2009-04-08,0713,Aqua,MODIS,55,6.2,301.7,10.2,D,0
22.5929,91.9749,326.5,1.1,1,2009-04-08,0713,Aqua,MODIS,74,6.2,304.9,13.7,D,0
22.2554,92.2409,337,1,1,2009-04-08,0713,Aqua,MODIS,85,6.2,308.5,24.9,D,0
22.2584,92.2608,325.6,1,1,2009-04-08,0713,Aqua,MODIS,66,6.2,308.4,8.5,D,0
22.0428,92.2398,356.1,1,1,2009-04-08,0713,Aqua,MODIS,98,6.2,309.6,64,D,0
22.0338,92.2414,356.8,1,1,2009-04-08,0713,Aqua,MODIS,98,6.2,308.4,65.9,D,0
23.1355,92.0224,322.7,1,1,2009-04-08,0713,Aqua,MODIS,69,6.2,303.8,8.8,D,0
23.4246,91.9251,320.1,1,1,2009-04-08,0713,Aqua,MODIS,48,6.2,300.7,6.8,D,0
23.482,91.9353,316.6,1,1,2009-04-08,0713,Aqua,MODIS,39,6.2,298.6,4.7,D,0
23.2278,92.1425,321.1,1,1,2009-04-08,0713,Aqua,MODIS,66,6.2,302.9,7.5,D,0
22.4804,92.2025,322.1,1,1,2009-04-08,0713,Aqua,MODIS,51,6.2,304.9,8,D,0
21.916,92.4372,328.2,1,1,2009-04-08,0713,Aqua,MODIS,58,6.2,310.2,9.9,D,0
21.9145,92.4273,393.3,1,1,2009-04-08,0713,Aqua,MODIS,100,6.2,316,208,D,0
23.1593,92.2427,328.7,1,1,2009-04-08,0713,Aqua,MODIS,78,6.2,307.7,14.7,D,0
23.1608,92.2526,324,1,1,2009-04-08,0713,Aqua,MODIS,71,6.2,306.6,9.6,D,0
23.0537,91.9135,320.1,1,1,2009-04-08,0713,Aqua,MODIS,64,6.2,302.5,6.3,D,0
23.0395,91.9319,328.7,1,1,2009-04-08,0713,Aqua,MODIS,78,6.2,303.6,14.6,D,0
23.0183,91.9771,321.4,1,1,2009-04-08,0713,Aqua,MODIS,66,6.2,303.2,7,D,0
21.9348,92.3163,338.7,1,1,2009-04-08,0713,Aqua,MODIS,86,6.2,307.7,30.4,D,0
21.9303,92.2861,340.8,1,1,2009-04-08,0713,Aqua,MODIS,88,6.2,306.1,32.7,D,0
21.9287,92.276,368.2,1,1,2009-04-08,0713,Aqua,MODIS,100,6.2,310.1,102.4,D,0
23.4415,92.2141,375.6,1,1,2009-04-08,0713,Aqua,MODIS,100,6.2,306.2,127.4,D,0
22.0323,92.2314,392.9,1,1,2009-04-08,0713,Aqua,MODIS,100,6.2,315.6,209.9,D,0
22.9426,92.0898,331.1,1,1,2009-04-08,0713,Aqua,MODIS,80,6.2,304.8,19.4,D,0
22.9667,92.1265,321.8,1,1,2009-04-08,0713,Aqua,MODIS,66,6.2,304,7.9,D,0
22.9652,92.1167,333.6,1,1,2009-04-08,0713,Aqua,MODIS,83,6.2,305.5,22.6,D,0
23.4042,91.9655,357.4,1,1,2009-04-08,0713,Aqua,MODIS,98,6.2,303.9,72.2,D,0
23.4026,91.9554,324.3,1,1,2009-04-08,0713,Aqua,MODIS,73,6.2,302,10.7,D,0
23.4132,91.9639,325.4,1,1,2009-04-08,0713,Aqua,MODIS,64,6.2,300.6,12.4,D,0
23.4261,91.9352,326,1,1,2009-04-08,0713,Aqua,MODIS,76,6.2,299.3,13.4,D,0
23.006,91.8342,328.6,1.1,1,2009-04-08,0713,Aqua,MODIS,78,6.2,302.5,17.4,D,0
23.0521,91.9034,321.9,1,1,2009-04-08,0713,Aqua,MODIS,68,6.2,302,8.5,D,0
21.9241,92.4294,382.6,1,1,2009-04-08,0713,Aqua,MODIS,100,6.2,314.8,155,D,0
23.0453,92.2788,358.8,1,1,2009-04-08,0713,Aqua,MODIS,99,6.2,305.3,73.4,D,0
23.0468,92.2887,333,1,1,2009-04-08,0713,Aqua,MODIS,82,6.2,304.6,20.6,D,0
21.9226,92.4194,336.4,1,1,2009-04-08,0713,Aqua,MODIS,84,6.2,310.3,22.1,D,0
22.9343,91.7951,324.4,1.1,1,2009-04-08,0713,Aqua,MODIS,72,6.2,303,11.6,D,0
22.9359,91.8053,328.9,1.1,1,2009-04-08,0713,Aqua,MODIS,78,6.2,303.2,17.5,D,0
22.9179,91.742,319.7,1.1,1,2009-04-08,0713,Aqua,MODIS,53,6.2,302.4,6.9,D,0
23.3565,92.2663,334.9,1,1,2009-04-08,0713,Aqua,MODIS,84,6.2,300.6,26.7,D,0
23.355,92.2564,357.1,1,1,2009-04-08,0713,Aqua,MODIS,98,6.2,302.3,71.3,D,0
22.1111,92.262,345.8,1,1,2009-04-08,0713,Aqua,MODIS,92,6.2,306.4,41.2,D,0
22.1096,92.2523,335.8,1,1,2009-04-08,0713,Aqua,MODIS,84,6.2,308.2,23.4,D,0
22.1201,92.2604,356.4,1,1,2009-04-08,0713,Aqua,MODIS,98,6.2,308.7,65.3,D,0
22.1186,92.2506,341.9,1,1,2009-04-08,0713,Aqua,MODIS,89,6.2,308.4,32.8,D,0
23.443,92.224,349.4,1,1,2009-04-08,0713,Aqua,MODIS,89,6.2,295.8,50.3,D,0
22.347,92.0585,320.1,1,1,2009-04-08,0713,Aqua,MODIS,28,6.2,305.4,7,D,0
22.1172,92.2411,328.8,1,1,2009-04-08,0713,Aqua,MODIS,74,6.2,307.6,12.8,D,0
23.44,92.2042,334.3,1,1,2009-04-08,0713,Aqua,MODIS,84,6.2,300.3,23.2,D,0
23.4505,92.2125,373.2,1,1,2009-04-08,0713,Aqua,MODIS,100,6.2,305.1,119.2,D,0
22.7391,92.0872,318.3,1,1,2009-04-08,0713,Aqua,MODIS,53,6.2,303.2,5.3,D,0
22.7283,91.9553,336.7,1,1,2009-04-08,0713,Aqua,MODIS,85,6.2,302.9,29.1,D,0
23.4041,92.0884,322.1,1,1,2009-04-08,0713,Aqua,MODIS,69,6.2,301.4,11,D,0
23.4026,92.0784,319.8,1,1,2009-04-08,0713,Aqua,MODIS,64,6.2,301.8,8.6,D,0
23.353,92.118,321.1,1,1,2009-04-08,0713,Aqua,MODIS,58,6.2,301.2,9,D,0
21.8816,92.1511,328.6,1.1,1,2009-04-08,0713,Aqua,MODIS,75,6.2,308.4,14.4,D,0
23.1733,91.9058,325.1,1,1,2009-04-08,0713,Aqua,MODIS,74,6.2,303,11.7,D,0
22.7299,91.9653,318.7,1,1,2009-04-08,0713,Aqua,MODIS,26,6.2,302.3,6,D,0
22.5778,92.3628,350.9,1,1,2009-04-08,0713,Aqua,MODIS,95,6.2,306.5,52.1,D,0
22.5792,92.3723,337.4,1,1,2009-04-08,0713,Aqua,MODIS,86,6.2,306,27,D,0
22.5284,92.3364,324.9,1,1,2009-04-08,0713,Aqua,MODIS,61,6.2,307.7,8.7,D,0
22.5299,92.3463,322.8,1,1,2009-04-08,0713,Aqua,MODIS,61,6.2,307.8,5.9,D,0
22.7225,92.0391,321,1,1,2009-04-08,0713,Aqua,MODIS,63,6.2,303,8.1,D,0
22.7072,92.0004,322.7,1,1,2009-04-08,0713,Aqua,MODIS,65,6.2,302.1,10.4,D,0
22.4375,92.3488,328.1,1,1,2009-04-08,0713,Aqua,MODIS,75,6.2,304.6,15.3,D,0
22.4697,92.3772,325.4,1,1,2009-04-08,0713,Aqua,MODIS,71,6.2,309.3,8.5,D,0
22.6256,92.4349,333,1,1,2009-04-08,0713,Aqua,MODIS,82,6.2,307,19.5,D,0
23.3387,92.1474,323.3,1,1,2009-04-08,0713,Aqua,MODIS,70,6.2,303,10.3,D,0
21.9363,92.3258,358.9,1,1,2009-04-08,0713,Aqua,MODIS,99,6.2,307.2,75,D,0
21.9075,92.1978,331.5,1,1,2009-04-08,0713,Aqua,MODIS,79,6.2,308.8,17.5,D,0
21.909,92.2078,337,1,1,2009-04-08,0713,Aqua,MODIS,84,6.2,309.4,25.4,D,0
21.8892,92.1394,328.8,1.1,1,2009-04-08,0713,Aqua,MODIS,75,6.2,307.7,14.6,D,0
21.8907,92.1495,328,1.1,1,2009-04-08,0713,Aqua,MODIS,74,6.2,306.8,13.3,D,0
21.9091,92.2692,332.4,1,1,2009-04-08,0713,Aqua,MODIS,80,6.2,308.7,18.2,D,0
21.9106,92.2792,363.9,1,1,2009-04-08,0713,Aqua,MODIS,100,6.2,308.7,87.7,D,0
22.6797,91.9433,321.3,1.1,1,2009-04-08,0713,Aqua,MODIS,57,6.2,303.8,8,D,0
22.6656,92.3302,327.9,1,1,2009-04-08,0713,Aqua,MODIS,76,6.2,305.5,14.6,D,0
22.6552,92.3222,338.1,1,1,2009-04-08,0713,Aqua,MODIS,86,6.2,307.8,28,D,0
23.2936,92.1555,327.2,1,1,2009-04-08,0713,Aqua,MODIS,76,6.2,305,13.5,D,0
22.6813,91.9534,318.7,1.1,1,2009-04-08,0713,Aqua,MODIS,19,6.2,303,5.7,D,0
22.6581,91.9735,325.3,1,1,2009-04-08,0713,Aqua,MODIS,72,6.2,302.2,13.8,D,0
21.9209,92.0407,320.4,1.1,1,2009-04-08,0713,Aqua,MODIS,52,6.2,305.7,7.1,D,0
22.941,91.8942,335.6,1.1,1,2009-04-08,0713,Aqua,MODIS,85,6.2,304.9,25,D,0
22.9365,91.9262,323.5,1,1,2009-04-08,0713,Aqua,MODIS,70,6.2,303.7,9,D,0
22.6525,92.4301,335.6,1,1,2009-04-08,0713,Aqua,MODIS,84,6.2,308.8,23.9,D,0
22.7164,92.4222,320.6,1,1,2009-04-08,0713,Aqua,MODIS,55,6.2,305.8,5.4,D,0
22.1351,92.3596,332.7,1,1,2009-04-08,0713,Aqua,MODIS,80,6.2,309.8,17.1,D,0
22.1442,92.358,328.5,1,1,2009-04-08,0713,Aqua,MODIS,75,6.2,309.5,11.9,D,0
22.1382,92.3184,321.2,1,1,2009-04-08,0713,Aqua,MODIS,42,6.2,304.5,4.1,D,0
22.1472,92.3168,344.2,1,1,2009-04-08,0713,Aqua,MODIS,91,6.2,307.4,37.6,D,0
22.1458,92.3069,323.6,1,1,2009-04-08,0713,Aqua,MODIS,65,6.2,306.6,6.8,D,0
22.9138,91.9614,322.9,1,1,2009-04-08,0713,Aqua,MODIS,36,6.2,304.7,7.7,D,0
22.8955,91.9025,349.2,1.1,1,2009-04-08,0713,Aqua,MODIS,94,6.2,305.3,51.1,D,0
22.9047,91.9631,335.5,1,1,2009-04-08,0713,Aqua,MODIS,84,6.2,304.9,24.9,D,0
22.9063,91.9732,324.2,1,1,2009-04-08,0713,Aqua,MODIS,42,6.2,304.5,9.7,D,0
22.8833,91.8839,322.5,1.1,1,2009-04-08,0713,Aqua,MODIS,68,6.2,304.4,8,D,0
22.8956,91.9647,331.2,1,1,2009-04-08,0713,Aqua,MODIS,80,6.2,304.3,18.9,D,0
22.8803,91.9259,320.9,1,1,2009-04-08,0713,Aqua,MODIS,62,6.2,303.7,6.8,D,0
22.8559,91.8889,320.6,1.1,1,2009-04-08,0713,Aqua,MODIS,52,6.2,303.6,6.4,D,0
22.7705,92.3567,326.8,1,1,2009-04-08,0713,Aqua,MODIS,74,6.2,306.3,12.3,D,0
22.7718,92.4269,321.9,1,1,2009-04-08,0713,Aqua,MODIS,65,6.2,307.6,6.5,D,0
22.9634,92.2898,320,1,1,2009-04-08,0713,Aqua,MODIS,60,6.2,305.9,4.7,D,0
23.1126,91.8093,322.7,1.1,1,2009-04-08,0713,Aqua,MODIS,70,6.2,300.7,10.8,D,0
21.913,92.4173,332.3,1,1,2009-04-08,0713,Aqua,MODIS,72,6.2,309.3,15.1,D,0
22.0801,92.4876,334.8,1,1,2009-04-08,0713,Aqua,MODIS,82,6.2,306.3,21.8,D,0
22.0305,92.4656,325.2,1,1,2009-04-08,0713,Aqua,MODIS,60,6.2,308.3,8.4,D,0
22.1012,92.443,328.3,1,1,2009-04-08,0713,Aqua,MODIS,74,6.2,310,12.3,D,0
22.7586,91.9083,326.1,1.1,1,2009-04-08,0713,Aqua,MODIS,73,6.2,302.8,14.1,D,0
22.0998,92.4332,330.6,1,1,2009-04-08,0713,Aqua,MODIS,77,6.2,309.8,14.9,D,0
22.2769,92.3223,322.6,1,1,2009-04-08,0713,Aqua,MODIS,64,6.2,306.3,5.6,D,0
22.2784,92.3321,326.6,1,1,2009-04-08,0713,Aqua,MODIS,72,6.2,308.2,9.7,D,0
23.3566,92.2052,331.5,1,1,2009-04-08,0713,Aqua,MODIS,81,6.2,306.1,19.8,D,0
23.434,92.2256,327.1,1,1,2009-04-08,0713,Aqua,MODIS,72,6.2,301.6,14.5,D,0
23.4325,92.2157,365.6,1,1,2009-04-08,0713,Aqua,MODIS,100,6.2,306.3,94,D,0
23.431,92.2058,337.9,1,1,2009-04-08,0713,Aqua,MODIS,87,6.2,301,29.9,D,0
22.8389,91.9493,322.2,1,1,2009-04-08,0713,Aqua,MODIS,66,6.2,303.6,9.3,D,0
22.807,91.9239,328.9,1.1,1,2009-04-08,0713,Aqua,MODIS,77,6.2,302.8,17.6,D,0
22.8086,91.9341,321.6,1,1,2009-04-08,0713,Aqua,MODIS,65,6.2,302.6,8.6,D,0
22.7921,92.0095,320.1,1,1,2009-04-08,0713,Aqua,MODIS,46,6.2,303.7,6.3,D,0
22.7936,92.0194,322.7,1,1,2009-04-08,0713,Aqua,MODIS,67,6.2,304.4,8.8,D,0
22.769,91.9204,320.1,1.1,1,2009-04-08,0713,Aqua,MODIS,33,6.2,302.7,6.7,D,0
22.7572,91.9604,331.7,1,1,2009-04-08,0713,Aqua,MODIS,81,6.2,303.8,21.5,D,0
22.745,91.9419,322.8,1.1,1,2009-04-08,0713,Aqua,MODIS,67,6.2,302.7,9.6,D,0
23.1247,92.32,329,1,1,2009-04-08,0713,Aqua,MODIS,78,6.2,305.9,14.2,D,0
23.2052,91.9928,319.5,1,1,2009-04-08,0713,Aqua,MODIS,54,6.2,301.7,6.5,D,0
23.1886,92.0061,331.9,1,1,2009-04-08,0713,Aqua,MODIS,82,6.2,302.2,20.4,D,0
23.1811,92.0178,332.3,1,1,2009-04-08,0713,Aqua,MODIS,82,6.2,303,20.5,D,0
23.1826,92.0278,321.6,1,1,2009-04-08,0713,Aqua,MODIS,51,6.2,303.2,7.2,D,0
23.1736,92.0294,332.4,1,1,2009-04-08,0713,Aqua,MODIS,82,6.2,303.2,19.8,D,0
24.2444,89.12,327.3,1.4,1.2,2009-04-08,0713,Aqua,MODIS,74,6.2,309.5,13.5,D,0
23.1751,92.0394,348.9,1,1,2009-04-08,0713,Aqua,MODIS,94,6.2,303.4,49.4,D,0
23.1645,92.0311,345.6,1,1,2009-04-08,0713,Aqua,MODIS,92,6.2,303.9,43.1,D,0
23.157,92.0427,340.7,1,1,2009-04-08,0713,Aqua,MODIS,89,6.2,303.1,34.2,D,0
23.1585,92.0527,331.7,1,1,2009-04-08,0713,Aqua,MODIS,81,6.2,301.8,20,D,0
23.0004,92.1038,325.2,1,1,2009-04-08,0713,Aqua,MODIS,73,6.2,303.8,11.1,D,0
22.9988,92.0937,362.1,1,1,2009-04-08,0713,Aqua,MODIS,100,6.2,308,83.9,D,0
23.6912,92.2225,323.2,1,1,2009-04-08,0713,Aqua,MODIS,50,6.2,293.9,12.3,D,0
23.6822,92.2241,339.9,1,1,2009-04-08,0713,Aqua,MODIS,84,6.2,301,34.9,D,0
21.6579,92.5698,330.6,1.2,1.1,2009-04-09,0443,Terra,MODIS,81,6.2,303.1,25.8,D,0
23.3306,92.1825,321.1,1.1,1,2009-04-09,0443,Terra,MODIS,71,6.2,300.6,10,D,0
23.329,92.1928,323.9,1.1,1,2009-04-09,0443,Terra,MODIS,75,6.2,301.3,12.9,D,0
21.6244,92.5696,318.5,1.2,1.1,2009-04-09,0443,Terra,MODIS,61,6.2,304.8,8.3,D,0
21.6598,92.5586,316.8,1.2,1.1,2009-04-09,0443,Terra,MODIS,55,6.2,302.7,6.8,D,0
22.3053,92.2381,322.3,1.1,1,2009-04-09,0443,Terra,MODIS,71,6.2,302.1,10.4,D,0
21.7834,92.2732,320.2,3.5,1.8,2009-04-09,0755,Aqua,MODIS,72,6.2,295,48.7,D,0
21.6885,92.5607,330.7,3.6,1.8,2009-04-09,0755,Aqua,MODIS,83,6.2,296.8,127.2,D,0
21.7366,92.5557,325.4,3.6,1.8,2009-04-09,0755,Aqua,MODIS,77,6.2,296.4,84.6,D,0
21.7407,92.513,327.9,3.6,1.8,2009-04-09,0755,Aqua,MODIS,81,6.2,297.5,96,D,0
21.7794,92.4042,323.5,3.6,1.8,2009-04-09,0755,Aqua,MODIS,77,6.2,298.4,58.6,D,0
21.7333,92.52,319.5,3.6,1.8,2009-04-09,0755,Aqua,MODIS,71,6.2,297.6,40.9,D,0
21.5358,92.411,320.3,3.5,1.8,2009-04-09,0755,Aqua,MODIS,72,6.2,297.6,42.9,D,0
21.4882,92.4152,322.5,3.5,1.8,2009-04-09,0755,Aqua,MODIS,73,6.2,295.7,58.4,D,0
21.5274,92.4169,318.2,3.5,1.8,2009-04-09,0755,Aqua,MODIS,54,6.2,297.2,30,D,0
21.4798,92.4211,319.4,3.5,1.8,2009-04-09,0755,Aqua,MODIS,71,6.2,295.7,45,D,0
21.7262,92.3455,323.3,3.5,1.8,2009-04-09,0755,Aqua,MODIS,36,6.2,297.7,56.3,D,0
21.6861,92.3549,334.3,3.5,1.8,2009-04-09,0755,Aqua,MODIS,86,6.2,298.2,141.1,D,0
21.5956,92.2292,317.7,3.4,1.7,2009-04-09,0755,Aqua,MODIS,68,6.2,297.5,31.8,D,0
22.174,92.3036,320.2,3.5,1.8,2009-04-09,0755,Aqua,MODIS,68,6.2,297,44.1,D,0
21.729,92.3778,319.9,3.5,1.8,2009-04-09,0755,Aqua,MODIS,27,6.2,297.5,35.7,D,0
21.7787,92.2659,322.5,3.5,1.8,2009-04-09,0755,Aqua,MODIS,75,6.2,295.3,61.3,D,0
21.7804,92.2403,316.8,3.4,1.7,2009-04-09,0755,Aqua,MODIS,59,6.2,295.7,29.8,D,0
21.5967,92.2042,328.4,3.4,1.7,2009-04-09,0755,Aqua,MODIS,81,6.2,298,100.3,D,0
21.6248,92.3353,330.7,3.5,1.8,2009-04-09,0755,Aqua,MODIS,83,6.2,297.5,116.6,D,0
21.6228,92.361,327.8,3.5,1.8,2009-04-09,0755,Aqua,MODIS,81,6.2,298,92.5,D,0
21.6199,92.3279,327.8,3.5,1.8,2009-04-09,0755,Aqua,MODIS,81,6.2,297.5,93.7,D,0
21.8131,92.2958,319.7,3.5,1.8,2009-04-09,0755,Aqua,MODIS,66,6.2,294.8,43.6,D,0
22.0928,92.4204,321.1,3.6,1.8,2009-04-09,0755,Aqua,MODIS,69,6.2,297.4,48.9,D,0
21.4757,92.5579,336.8,3.6,1.8,2009-04-09,0755,Aqua,MODIS,88,6.2,301,183,D,0
21.5928,92.1969,325.9,3.4,1.7,2009-04-09,0755,Aqua,MODIS,79,6.2,298.1,83.6,D,0
21.4659,92.5668,334.6,3.6,1.8,2009-04-09,0755,Aqua,MODIS,86,6.2,300.4,160.6,D,0
21.68,92.2886,327.7,3.5,1.8,2009-04-09,0755,Aqua,MODIS,81,6.2,297.8,81.8,D,0
21.7084,92.2522,326.9,3.4,1.7,2009-04-09,0755,Aqua,MODIS,78,6.2,297.3,72.8,D,0
21.742,92.3439,344.6,3.5,1.8,2009-04-09,0755,Aqua,MODIS,92,6.2,297.5,240.2,D,0
21.6946,92.3492,331.2,3.5,1.8,2009-04-09,0755,Aqua,MODIS,78,6.2,298.4,111.7,D,0
21.7115,92.2853,328,3.5,1.8,2009-04-09,0755,Aqua,MODIS,26,6.2,297.1,71.7,D,0
21.689,92.2827,325.1,3.5,1.8,2009-04-09,0755,Aqua,MODIS,31,6.2,297.8,58.6,D,0
21.7204,92.2791,331.8,3.5,1.8,2009-04-09,0755,Aqua,MODIS,84,6.2,296.9,113.4,D,0
21.7175,92.2462,322.9,3.4,1.7,2009-04-09,0755,Aqua,MODIS,62,6.2,297,53,D,0
21.4765,92.384,318.9,3.5,1.8,2009-04-09,0755,Aqua,MODIS,70,6.2,297.1,43.9,D,0
21.6958,92.5554,329.8,3.6,1.8,2009-04-09,0755,Aqua,MODIS,83,6.2,297.9,121.4,D,0
21.7439,92.5492,337.7,3.6,1.8,2009-04-09,0755,Aqua,MODIS,88,6.2,296,190.2,D,0
21.8214,92.3922,335.5,3.6,1.8,2009-04-09,0755,Aqua,MODIS,87,6.2,299,153.6,D,0
21.7449,92.3762,333,3.5,1.8,2009-04-09,0755,Aqua,MODIS,85,6.2,298,125.6,D,0
21.6279,92.3684,322,3.5,1.8,2009-04-09,0755,Aqua,MODIS,75,6.2,297.9,52.9,D,0
22.415,92.2673,328.3,3.5,1.8,2009-04-09,0756,Aqua,MODIS,79,6.2,296.4,98.2,D,0
22.4074,92.2633,327.5,3.5,1.8,2009-04-09,0756,Aqua,MODIS,79,6.2,296.9,90.7,D,0
23.6842,92.0837,346.9,3.6,1.8,2009-04-09,0756,Aqua,MODIS,71,6.2,290.4,287.9,D,0
21.7333,92.5487,317.6,2.3,1.5,2009-04-09,1538,Terra,MODIS,95,6.2,293.7,49.1,N,0
21.7342,92.5658,305.3,2.3,1.5,2009-04-09,1538,Terra,MODIS,64,6.2,293.4,17,N,0
22.3215,92.2517,303.8,2.4,1.5,2009-04-09,1538,Terra,MODIS,57,6.2,293.2,13.4,N,0
21.7297,92.5428,311.8,2.3,1.5,2009-04-09,1538,Terra,MODIS,83,6.2,293.6,32.2,N,0
22.7457,92.4546,304.3,2.3,1.5,2009-04-09,1539,Terra,MODIS,59,6.2,292.5,15.5,N,0
21.9411,92.2719,340.3,1.5,1.2,2009-04-10,0700,Aqua,MODIS,88,6.2,304.7,55.3,D,0
22.3094,92.0706,319.8,1.5,1.2,2009-04-10,0700,Aqua,MODIS,47,6.2,307,12.1,D,0
22.7412,92.0852,326.3,1.5,1.2,2009-04-10,0700,Aqua,MODIS,75,6.2,306.1,22.7,D,0
22.7381,92.0911,324,1.5,1.2,2009-04-10,0700,Aqua,MODIS,67,6.2,305.3,18.5,D,0
22.0297,92.3407,359.3,1.5,1.2,2009-04-10,0700,Aqua,MODIS,99,6.2,307.5,124.1,D,0
22.0322,92.355,340.7,1.5,1.2,2009-04-10,0700,Aqua,MODIS,88,6.2,306.9,54.9,D,0
22.0192,92.3429,358.1,1.5,1.2,2009-04-10,0700,Aqua,MODIS,99,6.2,306.8,119.4,D,0
22.0216,92.3569,369.9,1.5,1.2,2009-04-10,0700,Aqua,MODIS,100,6.2,308.1,178.5,D,0
21.9129,92.3297,352.9,1.5,1.2,2009-04-10,0700,Aqua,MODIS,96,6.2,302.2,103,D,0
21.6898,92.5181,379.6,1.4,1.2,2009-04-10,0700,Aqua,MODIS,100,6.2,312,235.9,D,0
21.874,92.4214,326.8,1.4,1.2,2009-04-10,0700,Aqua,MODIS,50,6.2,309.8,16.5,D,0
21.8764,92.4351,330,1.4,1.2,2009-04-10,0700,Aqua,MODIS,78,6.2,308.2,22.9,D,0
21.8703,92.4275,328.8,1.4,1.2,2009-04-10,0700,Aqua,MODIS,77,6.2,309.4,21.4,D,0
21.7928,92.3576,344.1,1.5,1.2,2009-04-10,0700,Aqua,MODIS,91,6.2,298,71.1,D,0
21.75,92.1754,321.6,1.5,1.2,2009-04-10,0700,Aqua,MODIS,66,6.2,301,15.8,D,0
21.6443,92.4428,343.4,1.5,1.2,2009-04-10,0700,Aqua,MODIS,85,6.2,298.4,68.1,D,0
21.7644,92.4154,327.6,1.5,1.2,2009-04-10,0700,Aqua,MODIS,73,6.2,303.1,26,D,0
21.7664,92.4272,334.1,1.5,1.2,2009-04-10,0700,Aqua,MODIS,83,6.2,305.2,38.6,D,0
22.0373,92.2326,322.1,1.5,1.2,2009-04-10,0700,Aqua,MODIS,42,6.2,304.8,10.8,D,0
22.0344,92.279,333.1,1.5,1.2,2009-04-10,0700,Aqua,MODIS,82,6.2,304.4,36.2,D,0
22.0367,92.292,338.2,1.5,1.2,2009-04-10,0700,Aqua,MODIS,86,6.2,306.4,49.1,D,0
22.0312,92.2846,348.5,1.5,1.2,2009-04-10,0700,Aqua,MODIS,93,6.2,304.1,82.7,D,0
22.0333,92.2972,327.4,1.5,1.2,2009-04-10,0700,Aqua,MODIS,75,6.2,306.4,22.9,D,0
22.6169,91.9902,320.5,1.5,1.2,2009-04-10,0700,Aqua,MODIS,63,6.2,305.9,12.3,D,0
21.4627,92.5893,356.7,1.4,1.2,2009-04-10,0700,Aqua,MODIS,98,6.2,307.5,114.4,D,0
21.6291,92.5444,323.5,1.4,1.2,2009-04-10,0700,Aqua,MODIS,59,6.2,307.1,13.6,D,0
21.6163,92.5334,354,1.4,1.2,2009-04-10,0700,Aqua,MODIS,97,6.2,309.3,98.4,D,0
21.6092,92.5271,347.8,1.4,1.2,2009-04-10,0700,Aqua,MODIS,93,6.2,309.9,75.1,D,0
21.6114,92.5405,346.6,1.4,1.2,2009-04-10,0700,Aqua,MODIS,92,6.2,309.2,70,D,0
21.7323,92.5467,326.6,1.4,1.2,2009-04-10,0700,Aqua,MODIS,73,6.2,308,18.9,D,0
21.6921,92.5318,368.3,1.4,1.2,2009-04-10,0700,Aqua,MODIS,100,6.2,310.1,163.6,D,0
21.6862,92.5614,325.1,1.4,1.2,2009-04-10,0700,Aqua,MODIS,50,6.2,307.8,17.2,D,0
21.6009,92.5425,323.5,1.4,1.2,2009-04-10,0700,Aqua,MODIS,61,6.2,308.1,13.4,D,0
22.2747,92.3455,334.8,1.4,1.2,2009-04-10,0700,Aqua,MODIS,83,6.2,308.2,34.5,D,0
22.2853,92.3434,327.9,1.4,1.2,2009-04-10,0700,Aqua,MODIS,62,6.2,308,19.2,D,0
22.3086,92.353,336.8,1.4,1.2,2009-04-10,0700,Aqua,MODIS,85,6.2,308.7,39.5,D,0
22.032,92.2241,346.6,1.5,1.2,2009-04-10,0700,Aqua,MODIS,92,6.2,306.1,74.1,D,0
22.0296,92.2098,327.2,1.5,1.2,2009-04-10,0700,Aqua,MODIS,75,6.2,304.8,20.8,D,0
22.0241,92.2206,330.6,1.5,1.2,2009-04-10,0700,Aqua,MODIS,79,6.2,304.7,28.2,D,0
22.0348,92.2184,339.5,1.5,1.2,2009-04-10,0700,Aqua,MODIS,87,6.2,305.7,51.3,D,0
22.0454,92.2162,322.6,1.5,1.2,2009-04-10,0700,Aqua,MODIS,55,6.2,305.1,11.7,D,0
22.3063,92.4672,327.2,1.4,1.2,2009-04-10,0700,Aqua,MODIS,74,6.2,308.2,17.8,D,0
21.4604,92.5759,360.3,1.4,1.2,2009-04-10,0700,Aqua,MODIS,100,6.2,308,131.9,D,0
21.4008,92.4517,339.4,1.5,1.2,2009-04-10,0700,Aqua,MODIS,88,6.2,301.6,56.1,D,0
22.0898,92.4095,322.5,1.4,1.2,2009-04-10,0700,Aqua,MODIS,61,6.2,308,9.7,D,0
21.8373,92.2313,323.1,1.5,1.2,2009-04-10,0700,Aqua,MODIS,68,6.2,302.2,18.8,D,0
21.466,92.4176,331.2,1.5,1.2,2009-04-10,0700,Aqua,MODIS,79,6.2,304.1,35.6,D,0
21.4554,92.4199,321,1.5,1.2,2009-04-10,0700,Aqua,MODIS,43,6.2,301.3,16.3,D,0
21.5057,92.433,347,1.5,1.2,2009-04-10,0700,Aqua,MODIS,92,6.2,305.2,76.4,D,0
21.5003,92.4252,328.8,1.5,1.2,2009-04-10,0700,Aqua,MODIS,77,6.2,304,26.2,D,0
21.5026,92.4392,345.2,1.5,1.2,2009-04-10,0700,Aqua,MODIS,91,6.2,304.7,70.3,D,0
22.4448,92.3844,321.7,1.4,1.2,2009-04-10,0700,Aqua,MODIS,56,6.2,308.9,10.1,D,0
22.4645,92.3095,327.1,1.4,1.2,2009-04-10,0700,Aqua,MODIS,74,6.2,309.1,22.1,D,0
22.4691,92.3364,330,1.4,1.2,2009-04-10,0700,Aqua,MODIS,78,6.2,307.7,27.2,D,0
21.8719,92.2192,325.5,1.5,1.2,2009-04-10,0700,Aqua,MODIS,72,6.2,303.2,19.3,D,0
21.8768,92.2475,321,1.5,1.2,2009-04-10,0700,Aqua,MODIS,63,6.2,303.5,11.2,D,0
21.7472,92.1829,321.3,1.5,1.2,2009-04-10,0700,Aqua,MODIS,62,6.2,301.2,14,D,0
22.7247,91.9468,320,1.5,1.2,2009-04-10,0700,Aqua,MODIS,62,6.2,305,12.4,D,0
21.4991,92.4833,335.6,1.5,1.2,2009-04-10,0700,Aqua,MODIS,84,6.2,304.8,44.6,D,0
21.8304,92.3207,334.3,1.5,1.2,2009-04-10,0700,Aqua,MODIS,83,6.2,302.9,43.7,D,0
21.7903,92.3433,368.2,1.5,1.2,2009-04-10,0700,Aqua,MODIS,100,6.2,302.7,176,D,0
21.7797,92.3452,355.4,1.5,1.2,2009-04-10,0700,Aqua,MODIS,97,6.2,297.9,112.2,D,0
21.9599,92.2534,329.6,1.5,1.2,2009-04-10,0700,Aqua,MODIS,78,6.2,305.5,28.4,D,0
21.9386,92.2577,339.2,1.5,1.2,2009-04-10,0700,Aqua,MODIS,87,6.2,306,52.2,D,0
21.9456,92.2631,323.2,1.5,1.2,2009-04-10,0700,Aqua,MODIS,67,6.2,304.7,14.3,D,0
21.9349,92.2652,350.3,1.5,1.2,2009-04-10,0700,Aqua,MODIS,95,6.2,305.6,89.2,D,0
21.854,92.46,336.8,1.4,1.2,2009-04-10,0700,Aqua,MODIS,85,6.2,309.2,36.2,D,0
21.8458,92.4755,330.5,1.4,1.2,2009-04-10,0700,Aqua,MODIS,77,6.2,310.1,22.8,D,0
21.8353,92.478,333.1,1.4,1.2,2009-04-10,0700,Aqua,MODIS,82,6.2,308.1,29.7,D,0
21.8377,92.4918,325.5,1.4,1.2,2009-04-10,0700,Aqua,MODIS,55,6.2,307,14,D,0
22.1915,92.5229,321.9,1.4,1.2,2009-04-10,0700,Aqua,MODIS,64,6.2,307.5,13.5,D,0
21.9701,92.4746,322.9,1.4,1.2,2009-04-10,0700,Aqua,MODIS,52,6.2,307.4,12,D,0
22.7912,91.9278,317.8,1.5,1.2,2009-04-10,0701,Aqua,MODIS,29,6.2,304.8,7.2,D,0
23.0911,92.3092,325.2,1.4,1.2,2009-04-10,0701,Aqua,MODIS,73,6.2,306,16.6,D,0
22.8019,91.9256,319.8,1.5,1.2,2009-04-10,0701,Aqua,MODIS,50,6.2,305.4,10.2,D,0
22.903,91.9524,332.5,1.5,1.2,2009-04-10,0701,Aqua,MODIS,82,6.2,308.3,32.7,D,0
23.0067,92.1067,321.1,1.5,1.2,2009-04-10,0701,Aqua,MODIS,64,6.2,306.8,10.3,D,0
23.3442,92.1695,341,1.4,1.2,2009-04-10,0701,Aqua,MODIS,89,6.2,304.7,55.8,D,0
23.3418,92.1556,328.7,1.4,1.2,2009-04-10,0701,Aqua,MODIS,79,6.2,304.3,27.3,D,0
23.145,92.1513,323,1.4,1.2,2009-04-10,0701,Aqua,MODIS,66,6.2,309.8,12.4,D,0
22.8652,92.0096,331.6,1.5,1.2,2009-04-10,0701,Aqua,MODIS,81,6.2,306.1,36.4,D,0
22.9005,91.9584,332.4,1.5,1.2,2009-04-10,0701,Aqua,MODIS,82,6.2,307.6,32.8,D,0
22.9112,91.9563,341.5,1.5,1.2,2009-04-10,0701,Aqua,MODIS,89,6.2,309.7,57.7,D,0
22.8628,91.9962,323.4,1.5,1.2,2009-04-10,0701,Aqua,MODIS,70,6.2,304.8,18.3,D,0
22.9615,91.971,321.1,1.5,1.2,2009-04-10,0701,Aqua,MODIS,65,6.2,308.1,12.1,D,0
23.6205,92.2209,317.7,1.4,1.2,2009-04-10,0701,Aqua,MODIS,61,6.2,305.7,11.5,D,0
23.2967,91.8325,323,1.5,1.2,2009-04-10,0701,Aqua,MODIS,71,6.2,307.4,15.8,D,0
23.0667,92.3339,323.7,1.4,1.2,2009-04-10,0701,Aqua,MODIS,69,6.2,309.4,12.3,D,0
22.9163,91.9649,322.8,1.5,1.2,2009-04-10,0701,Aqua,MODIS,69,6.2,309.1,13.9,D,0
22.8156,91.5961,319.3,1.6,1.2,2009-04-10,0701,Aqua,MODIS,60,6.2,305.2,13,D,0
23.2065,92.0321,325.5,1.5,1.2,2009-04-10,0701,Aqua,MODIS,74,6.2,308.2,17.9,D,0
22.8978,91.6045,316.8,1.6,1.2,2009-04-10,0701,Aqua,MODIS,49,6.2,305,9.2,D,0
23.0608,91.943,323.3,1.5,1.2,2009-04-10,0701,Aqua,MODIS,70,6.2,310.1,13.9,D,0
23.0644,92.3415,322.6,1.4,1.2,2009-04-10,0701,Aqua,MODIS,54,6.2,309.7,10.7,D,0
23.1998,92.0259,322.5,1.5,1.2,2009-04-10,0701,Aqua,MODIS,69,6.2,308,13.4,D,0
22.9137,91.9502,323.3,1.5,1.2,2009-04-10,0701,Aqua,MODIS,70,6.2,309,14.3,D,0
23.4214,92.3073,328.3,1.4,1.2,2009-04-10,0701,Aqua,MODIS,78,6.2,304.9,27.4,D,0
22.8192,92.1561,331.2,1.5,1.2,2009-04-10,0701,Aqua,MODIS,80,6.2,306,32.9,D,0
22.8849,91.9317,319.6,1.5,1.2,2009-04-10,0701,Aqua,MODIS,55,6.2,306.6,8.8,D,0
23.4192,92.1896,317.7,1.4,1.2,2009-04-10,0701,Aqua,MODIS,59,6.2,304.9,10.7,D,0
23.3697,92.1924,327.2,1.4,1.2,2009-04-10,0701,Aqua,MODIS,72,6.2,306.7,22.8,D,0
23.372,92.2059,367.3,1.4,1.2,2009-04-10,0701,Aqua,MODIS,100,6.2,308.1,158.5,D,0
23.3559,92.2376,334.7,1.4,1.2,2009-04-10,0701,Aqua,MODIS,83,6.2,305.9,38.5,D,0
23.2088,91.8561,327.2,1.5,1.2,2009-04-10,0701,Aqua,MODIS,76,6.2,306.8,23.9,D,0
23.1346,92.1535,321.7,1.4,1.2,2009-04-10,0701,Aqua,MODIS,59,6.2,308.7,10.3,D,0
23.4366,92.2283,316.6,1.4,1.2,2009-04-10,0701,Aqua,MODIS,52,6.2,305.3,7.8,D,0
22.9056,91.967,334.4,1.5,1.2,2009-04-10,0701,Aqua,MODIS,84,6.2,308.2,38.4,D,0
22.0878,92.43,313.3,1.3,1.1,2009-04-10,1621,Terra,MODIS,87,6.2,296.3,15.6,N,0
22.1464,92.4853,309.3,1.3,1.1,2009-04-10,1621,Terra,MODIS,63,6.2,295.2,10.5,N,0
22.1437,92.4802,309.3,1.3,1.1,2009-04-10,1621,Terra,MODIS,54,6.2,294.9,10.5,N,0
22.7688,92.4213,324.2,1.3,1.1,2009-04-10,1621,Terra,MODIS,100,6.2,296.4,31.2,N,0
23.1529,92.2445,307.9,1.3,1.1,2009-04-10,1622,Terra,MODIS,73,6.2,294.4,10.3,N,0
23.3143,92.1379,321,1,1,2009-04-11,0430,Terra,MODIS,67,6.2,302.3,8.7,D,0
23.4387,92.2321,321.2,1,1,2009-04-11,0430,Terra,MODIS,68,6.2,301.9,10.1,D,0
24.2242,89.1784,327.7,1.5,1.2,2009-04-11,0430,Terra,MODIS,70,6.2,310.3,23.7,D,0
23.4429,92.2018,316.1,1,1,2009-04-11,0430,Terra,MODIS,39,6.2,300.9,5.3,D,0
22.1366,92.4606,325,1,1,2009-04-11,0431,Terra,MODIS,55,6.2,305.1,9.3,D,0
21.9149,92.3364,324.5,1,1,2009-04-11,0431,Terra,MODIS,70,6.2,307.5,10.3,D,0
21.8362,92.502,323,1,1,2009-04-11,0431,Terra,MODIS,59,6.2,308.3,7.1,D,0
21.9452,92.4469,324.5,1,1,2009-04-11,0431,Terra,MODIS,71,6.2,306.3,9.8,D,0
21.6197,92.2111,320.8,1,1,2009-04-11,0431,Terra,MODIS,61,6.2,305.8,6.7,D,0
22.1042,92.4953,321.8,1,1,2009-04-11,0431,Terra,MODIS,57,6.2,304.1,8,D,0
22.0517,92.2815,323.4,1,1,2009-04-11,0431,Terra,MODIS,37,6.2,308.2,7.6,D,0
22.0503,92.291,353.4,1,1,2009-04-11,0431,Terra,MODIS,96,6.2,306.5,58,D,0
21.7628,92.4347,334.5,1,1,2009-04-11,0431,Terra,MODIS,83,6.2,308.2,21.7,D,0
21.7642,92.4252,336.3,1,1,2009-04-11,0431,Terra,MODIS,85,6.2,309.1,24.7,D,0
22.0489,92.3007,325.1,1,1,2009-04-11,0431,Terra,MODIS,52,6.2,304.1,9.6,D,0
22.0426,92.2802,326.8,1,1,2009-04-11,0431,Terra,MODIS,75,6.2,307.5,12.4,D,0
22.2897,92.1609,322,1,1,2009-04-11,0431,Terra,MODIS,61,6.2,305.9,7.1,D,0
21.8375,92.4924,342.4,1,1,2009-04-11,0431,Terra,MODIS,90,6.2,308.1,33.9,D,0
22.3862,92.5193,318.9,1,1,2009-04-11,0431,Terra,MODIS,57,6.2,304.9,5.5,D,0
22.0413,92.2897,322.3,1,1,2009-04-11,0431,Terra,MODIS,65,6.2,306.2,7.3,D,0
22.1518,92.4829,328.5,1,1,2009-04-11,0431,Terra,MODIS,72,6.2,305.3,15.1,D,0
21.9136,92.346,322.3,1,1,2009-04-11,0431,Terra,MODIS,66,6.2,306,7.8,D,0
22.1428,92.4814,324.8,1,1,2009-04-11,0431,Terra,MODIS,55,6.2,304.8,11.1,D,0
22.7746,91.6412,317.4,1.1,1,2009-04-11,0431,Terra,MODIS,54,6.2,301.9,6.4,D,0
22.6769,92.288,318.7,1,1,2009-04-11,0431,Terra,MODIS,44,6.2,303.5,5,D,0
21.8035,92.3423,321.3,1,1,2009-04-11,0431,Terra,MODIS,43,6.2,304.4,6.6,D,0
21.7946,92.3409,322.8,1,1,2009-04-11,0431,Terra,MODIS,50,6.2,304.7,7.8,D,0
21.7932,92.3506,320.2,1,1,2009-04-11,0431,Terra,MODIS,25,6.2,304.7,5.6,D,0
21.6432,92.5273,339,2.1,1.4,2009-04-11,0743,Aqua,MODIS,85,6.2,304,92.9,D,0
21.6697,92.517,330.6,2.1,1.4,2009-04-11,0743,Aqua,MODIS,42,6.2,305.6,48,D,0
22.3062,92.0379,326.4,2,1.4,2009-04-11,0743,Aqua,MODIS,72,6.2,304.2,35.3,D,0
22.1631,92.2861,338,2.1,1.4,2009-04-11,0743,Aqua,MODIS,85,6.2,308.4,71.7,D,0
21.6871,92.3135,339,2.1,1.4,2009-04-11,0743,Aqua,MODIS,85,6.2,303.9,79.7,D,0
22.1923,92.2954,352.4,2.1,1.4,2009-04-11,0743,Aqua,MODIS,96,6.2,307.4,152.7,D,0
22.1903,92.2755,337.2,2.1,1.4,2009-04-11,0743,Aqua,MODIS,85,6.2,307.3,69.3,D,0
22.1882,92.2829,353.8,2.1,1.4,2009-04-11,0743,Aqua,MODIS,96,6.2,308.3,161.1,D,0
21.9132,92.2533,338.3,2,1.4,2009-04-11,0743,Aqua,MODIS,85,6.2,303.2,78.3,D,0
21.9153,92.2731,322.9,2.1,1.4,2009-04-11,0743,Aqua,MODIS,45,6.2,301.8,22.5,D,0
22.079,92.3413,327,2.1,1.4,2009-04-11,0743,Aqua,MODIS,70,6.2,301.9,35.9,D,0
22.0894,92.3192,321.8,2.1,1.4,2009-04-11,0743,Aqua,MODIS,39,6.2,302.9,17.9,D,0
21.6857,92.5635,327.8,2.1,1.4,2009-04-11,0743,Aqua,MODIS,51,6.2,304.5,41.4,D,0
21.4729,92.3966,347.6,2.1,1.4,2009-04-11,0743,Aqua,MODIS,92,6.2,305.2,132,D,0
21.8488,92.2416,337.2,2,1.4,2009-04-11,0743,Aqua,MODIS,84,6.2,303.9,71.2,D,0
22.4769,92.4288,323.4,2.1,1.4,2009-04-11,0743,Aqua,MODIS,62,6.2,305.3,22.2,D,0
22.4756,92.4124,326.3,2.1,1.4,2009-04-11,0743,Aqua,MODIS,73,6.2,305.2,33.6,D,0
21.6808,92.4006,332.7,2.1,1.4,2009-04-11,0743,Aqua,MODIS,75,6.2,305.5,53,D,0
21.6827,92.3931,328.1,2.1,1.4,2009-04-11,0743,Aqua,MODIS,71,6.2,305.1,36.3,D,0
21.6973,92.411,325.5,2.1,1.4,2009-04-11,0743,Aqua,MODIS,60,6.2,304.9,28.3,D,0
21.6953,92.3915,323.8,2.1,1.4,2009-04-11,0743,Aqua,MODIS,58,6.2,304.8,22,D,0
21.8508,92.261,342,2,1.4,2009-04-11,0743,Aqua,MODIS,88,6.2,303.3,96.4,D,0
22.9069,91.9659,324.4,2,1.4,2009-04-11,0743,Aqua,MODIS,33,6.2,302.7,28.1,D,0
21.4752,92.3882,330.2,2.1,1.4,2009-04-11,0743,Aqua,MODIS,75,6.2,305,50.7,D,0
21.4899,92.436,339.8,2.1,1.4,2009-04-11,0743,Aqua,MODIS,86,6.2,303.3,92.4,D,0
22.9453,91.9351,326,2,1.4,2009-04-11,0743,Aqua,MODIS,74,6.2,302.5,30.6,D,0
21.4878,92.4163,323.3,2.1,1.4,2009-04-11,0743,Aqua,MODIS,61,6.2,303.7,27,D,0
21.4774,92.4102,331.6,2.1,1.4,2009-04-11,0743,Aqua,MODIS,77,6.2,303.6,54.8,D,0
21.492,92.4286,341.8,2.1,1.4,2009-04-11,0743,Aqua,MODIS,88,6.2,303.7,102.3,D,0
21.2951,92.5526,363.2,2.1,1.4,2009-04-11,0743,Aqua,MODIS,100,6.2,299,255.7,D,0
21.9633,92.482,338.9,2.1,1.4,2009-04-11,0743,Aqua,MODIS,86,6.2,306.7,91.1,D,0
21.5445,92.5655,327.7,2.1,1.4,2009-04-11,0743,Aqua,MODIS,49,6.2,303.6,42.2,D,0
21.1118,92.1491,328.7,2,1.4,2009-04-11,0743,Aqua,MODIS,69,6.2,300.5,47.1,D,0
21.6559,92.5259,363.9,2.1,1.4,2009-04-11,0743,Aqua,MODIS,100,6.2,306.2,258.2,D,0
22.2489,92.2281,326.2,2.1,1.4,2009-04-11,0743,Aqua,MODIS,71,6.2,305.6,28.1,D,0
21.1054,92.1382,320.8,2,1.4,2009-04-11,0743,Aqua,MODIS,23,6.2,300.7,22.2,D,0
21.1075,92.1568,330.5,2,1.4,2009-04-11,0743,Aqua,MODIS,76,6.2,299.6,53.4,D,0
21.5992,92.351,321.2,2.1,1.4,2009-04-11,0743,Aqua,MODIS,38,6.2,302.3,19.5,D,0
21.5971,92.3309,352.5,2.1,1.4,2009-04-11,0743,Aqua,MODIS,95,6.2,302.5,158.7,D,0
21.595,92.3109,331.9,2,1.4,2009-04-11,0743,Aqua,MODIS,77,6.2,302.5,53.8,D,0
21.6367,92.3465,342.5,2.1,1.4,2009-04-11,0743,Aqua,MODIS,88,6.2,303.1,100.8,D,0
21.8339,92.4908,326.3,2.1,1.4,2009-04-11,0743,Aqua,MODIS,32,6.2,306.4,36.1,D,0
21.9382,92.2502,322.6,2,1.4,2009-04-11,0743,Aqua,MODIS,24,6.2,303.5,18.5,D,0
22.36,92.1893,324,2.1,1.4,2009-04-11,0743,Aqua,MODIS,68,6.2,302.7,23,D,0
22.1904,92.3027,341.4,2.1,1.4,2009-04-11,0743,Aqua,MODIS,88,6.2,306.5,88.8,D,0
22.2614,92.2263,333.5,2.1,1.4,2009-04-11,0743,Aqua,MODIS,81,6.2,303.8,55.4,D,0
22.2029,92.3013,330.9,2.1,1.4,2009-04-11,0743,Aqua,MODIS,78,6.2,305.6,42.8,D,0
22.2008,92.2814,359.2,2.1,1.4,2009-04-11,0743,Aqua,MODIS,99,6.2,307.2,200.6,D,0
22.1963,92.3355,326.8,2.1,1.4,2009-04-11,0743,Aqua,MODIS,72,6.2,305,28.7,D,0
22.2049,92.2938,337.8,2.1,1.4,2009-04-11,0743,Aqua,MODIS,85,6.2,305.6,74.1,D,0
22.2029,92.2741,333.8,2.1,1.4,2009-04-11,0743,Aqua,MODIS,82,6.2,306.7,56.1,D,0
22.2149,92.3937,336.5,2.1,1.4,2009-04-11,0743,Aqua,MODIS,84,6.2,307,70.4,D,0
22.2169,92.4134,350.9,2.1,1.4,2009-04-11,0743,Aqua,MODIS,95,6.2,305.1,153.2,D,0
22.2022,92.3953,323.5,2.1,1.4,2009-04-11,0743,Aqua,MODIS,46,6.2,304,20.9,D,0
22.2041,92.4143,337.7,2.1,1.4,2009-04-11,0743,Aqua,MODIS,85,6.2,304.4,81.3,D,0
21.6851,92.294,351.2,2,1.4,2009-04-11,0743,Aqua,MODIS,94,6.2,304.4,144.6,D,0
22.8287,91.937,333.1,2,1.4,2009-04-11,0743,Aqua,MODIS,82,6.2,301.3,56.8,D,0
22.841,91.9355,323.1,2,1.4,2009-04-11,0743,Aqua,MODIS,67,6.2,301.6,24.9,D,0
21.6737,92.5566,338,2.1,1.4,2009-04-11,0743,Aqua,MODIS,82,6.2,303.5,82.2,D,0
21.7395,92.57,410.2,2.1,1.4,2009-04-11,0743,Aqua,MODIS,100,6.2,312.2,939.7,D,0
21.7225,92.2893,322.2,2,1.4,2009-04-11,0743,Aqua,MODIS,48,6.2,303.2,20.5,D,0
21.7686,92.3628,323.5,2.1,1.4,2009-04-11,0743,Aqua,MODIS,57,6.2,304.4,21.8,D,0
21.7688,92.3571,324.5,2.1,1.4,2009-04-11,0743,Aqua,MODIS,61,6.2,304.3,26.1,D,0
21.4585,92.4997,325.1,2.1,1.4,2009-04-11,0743,Aqua,MODIS,65,6.2,298.4,38.6,D,0
22.2136,92.4007,354.4,2.1,1.4,2009-04-11,0743,Aqua,MODIS,97,6.2,307.8,173.5,D,0
21.4459,92.5018,353.3,2.1,1.4,2009-04-11,0743,Aqua,MODIS,96,6.2,298.6,175.4,D,0
21.7375,92.5501,336.6,2.1,1.4,2009-04-11,0743,Aqua,MODIS,83,6.2,305.7,74.6,D,0
22.2158,92.4207,336.9,2.1,1.4,2009-04-11,0743,Aqua,MODIS,84,6.2,303.6,75.5,D,0
22.1946,92.3429,326.7,2.1,1.4,2009-04-11,0743,Aqua,MODIS,71,6.2,304.9,28.1,D,0
22.201,92.4021,326.2,2.1,1.4,2009-04-11,0743,Aqua,MODIS,69,6.2,304.1,30.3,D,0
22.203,92.4215,330.8,2.1,1.4,2009-04-11,0743,Aqua,MODIS,78,6.2,303.7,50.2,D,0
21.7522,92.5678,358.2,2.1,1.4,2009-04-11,0743,Aqua,MODIS,99,6.2,306.2,215,D,0
22.917,91.7838,323,2,1.4,2009-04-11,0743,Aqua,MODIS,69,6.2,301.6,21.8,D,0
22.8989,91.7289,322.3,1.9,1.4,2009-04-11,0743,Aqua,MODIS,68,6.2,301.8,20.4,D,0
22.054,92.2241,322.4,2,1.4,2009-04-11,0743,Aqua,MODIS,57,6.2,305.2,15.9,D,0
21.8883,92.1387,322.6,2,1.4,2009-04-11,0743,Aqua,MODIS,54,6.2,306.3,19.4,D,0
21.5423,92.5439,329.2,2.1,1.4,2009-04-11,0743,Aqua,MODIS,61,6.2,303.1,46.6,D,0
21.5169,92.5471,321.1,2.1,1.4,2009-04-11,0743,Aqua,MODIS,45,6.2,301,27.8,D,0
21.4671,92.5812,370.3,2.1,1.4,2009-04-11,0743,Aqua,MODIS,100,6.2,303.5,323.5,D,0
21.6686,92.5244,353.4,2.1,1.4,2009-04-11,0743,Aqua,MODIS,96,6.2,305.4,173.6,D,0
21.8633,92.2595,328.1,2,1.4,2009-04-11,0743,Aqua,MODIS,71,6.2,303.6,38.1,D,0
21.8613,92.2399,328.9,2,1.4,2009-04-11,0743,Aqua,MODIS,73,6.2,304.1,37.5,D,0
21.8593,92.2205,328.7,2,1.4,2009-04-11,0743,Aqua,MODIS,72,6.2,305.2,36.4,D,0
21.8717,92.2191,323.2,2,1.4,2009-04-11,0743,Aqua,MODIS,50,6.2,305.1,18.7,D,0
22.5279,92.4229,331.5,2.1,1.4,2009-04-11,0743,Aqua,MODIS,80,6.2,305.4,50.5,D,0
21.8697,92.1999,325.8,2,1.4,2009-04-11,0743,Aqua,MODIS,66,6.2,305.7,25.9,D,0
21.7241,92.4239,349.1,2.1,1.4,2009-04-11,0743,Aqua,MODIS,93,6.2,304.3,136.3,D,0
22.8194,92.3473,320.5,2.1,1.4,2009-04-11,0743,Aqua,MODIS,57,6.2,303.3,17.9,D,0
21.6847,92.4124,349.6,2.1,1.4,2009-04-11,0743,Aqua,MODIS,94,6.2,307.2,141.7,D,0
21.6865,92.4299,340.9,2.1,1.4,2009-04-11,0743,Aqua,MODIS,87,6.2,303.5,94.2,D,0
21.6828,92.419,354,2.1,1.4,2009-04-11,0743,Aqua,MODIS,96,6.2,306.6,171,D,0
22.1457,92.4895,334.4,2.1,1.4,2009-04-11,0743,Aqua,MODIS,82,6.2,305,68.8,D,0
22.1477,92.5099,324.7,2.2,1.4,2009-04-11,0743,Aqua,MODIS,47,6.2,304.5,33.4,D,0
22.1466,92.494,334.5,2.1,1.4,2009-04-11,0743,Aqua,MODIS,70,6.2,304.7,66.4,D,0
22.1652,92.3056,364.6,2.1,1.4,2009-04-11,0743,Aqua,MODIS,100,6.2,308.7,244.4,D,0
22.1043,92.333,321.9,2.1,1.4,2009-04-11,0743,Aqua,MODIS,38,6.2,302.9,16,D,0
22.1021,92.3184,325.1,2.1,1.4,2009-04-11,0743,Aqua,MODIS,61,6.2,303.3,25.1,D,0
21.6847,92.4368,324.9,2.1,1.4,2009-04-11,0743,Aqua,MODIS,39,6.2,301.3,30.2,D,0
22.8971,92.3547,321.4,2.1,1.4,2009-04-11,0743,Aqua,MODIS,65,6.2,302.4,21.6,D,0
22.895,92.3336,322.3,2.1,1.4,2009-04-11,0743,Aqua,MODIS,67,6.2,302.6,23.9,D,0
22.9331,92.3284,328.8,2.1,1.4,2009-04-11,0743,Aqua,MODIS,78,6.2,301.9,47,D,0
22.9359,92.3416,325.7,2.1,1.4,2009-04-11,0743,Aqua,MODIS,74,6.2,301.9,37.6,D,0
22.9338,92.3201,321.3,2.1,1.4,2009-04-11,0743,Aqua,MODIS,66,6.2,301.4,22.1,D,0
21.9141,92.2476,326.8,2,1.4,2009-04-11,0743,Aqua,MODIS,67,6.2,303.2,33.2,D,0
21.9161,92.2675,331.1,2.1,1.4,2009-04-11,0743,Aqua,MODIS,77,6.2,302.4,49,D,0
21.6743,92.3421,327.8,2.1,1.4,2009-04-11,0743,Aqua,MODIS,70,6.2,302.8,33.8,D,0
21.6767,92.3348,328.4,2.1,1.4,2009-04-11,0743,Aqua,MODIS,71,6.2,303.1,37.5,D,0
21.6728,92.5639,358.5,2.1,1.4,2009-04-11,0743,Aqua,MODIS,99,6.2,304.3,214.9,D,0
22.7138,91.9367,320.3,2,1.4,2009-04-11,0743,Aqua,MODIS,61,6.2,302,20.1,D,0
22.7101,91.9446,318.7,2,1.4,2009-04-11,0743,Aqua,MODIS,48,6.2,301.4,16.3,D,0
22.8171,89.7851,318.4,1.4,1.2,2009-04-11,0743,Aqua,MODIS,50,6.2,302.8,11.4,D,0
21.9994,92.3372,327,2.1,1.4,2009-04-11,0743,Aqua,MODIS,69,6.2,303.5,37.4,D,0
22.0016,92.3578,324.8,2.1,1.4,2009-04-11,0743,Aqua,MODIS,64,6.2,303.3,31.1,D,0
21.6758,92.5775,355.8,2.1,1.4,2009-04-11,0743,Aqua,MODIS,97,6.2,303,194,D,0
23.1012,91.8064,324.5,2,1.4,2009-04-11,0743,Aqua,MODIS,73,6.2,300.9,28.7,D,0
21.6536,92.5042,332.3,2.1,1.4,2009-04-11,0743,Aqua,MODIS,73,6.2,301.3,61.8,D,0
23.9919,89.4385,332.2,1.4,1.2,2009-04-11,0744,Aqua,MODIS,68,6.2,309.9,25.5,D,0
23.9855,89.431,327.2,1.4,1.2,2009-04-11,0744,Aqua,MODIS,65,6.2,310.4,14.4,D,0
23.4643,92.1793,319.9,2.1,1.4,2009-04-11,0744,Aqua,MODIS,42,6.2,292.5,34.5,D,0
23.3784,92.2386,320.6,2.1,1.4,2009-04-11,0744,Aqua,MODIS,29,6.2,297.6,27,D,0
25.5901,89.6973,317.9,2,1.4,2009-04-12,0513,Terra,MODIS,0,6.2,305.7,25.3,D,0
24.407,89.2197,317.1,2,1.4,2009-04-12,0513,Terra,MODIS,40,6.2,303.4,14.3,D,0
25.4657,89.6626,322.5,2,1.4,2009-04-12,0513,Terra,MODIS,0,6.2,308.7,38.2,D,0
23.1594,92.2952,390.3,2.3,1.5,2009-04-12,0648,Aqua,MODIS,94,6.2,304.3,639.7,D,0
23.3997,92.1588,317.2,2.3,1.5,2009-04-12,0648,Aqua,MODIS,61,6.2,298.4,24.2,D,0
21.7787,92.2725,323.9,2.5,1.5,2009-04-12,0648,Aqua,MODIS,69,6.2,302.9,41.5,D,0
21.6786,92.4999,321.6,2.4,1.5,2009-04-12,0648,Aqua,MODIS,50,6.2,305.2,30.1,D,0
21.9016,92.3606,335.2,2.4,1.5,2009-04-12,0648,Aqua,MODIS,62,6.2,302.6,89.8,D,0
21.5595,92.5791,321.1,2.4,1.5,2009-04-12,0648,Aqua,MODIS,38,6.2,306.8,29.8,D,0
21.8119,92.1862,338.9,2.5,1.5,2009-04-12,0648,Aqua,MODIS,87,6.2,303.2,117.1,D,0
21.8187,92.1898,348.1,2.5,1.5,2009-04-12,0648,Aqua,MODIS,93,6.2,303.1,181.3,D,0
21.8166,92.2099,320.7,2.5,1.5,2009-04-12,0648,Aqua,MODIS,44,6.2,301.4,30.6,D,0
23.1495,92.3023,354.2,2.3,1.5,2009-04-12,0648,Aqua,MODIS,91,6.2,300.2,210.5,D,0
23.1584,92.2777,351.9,2.3,1.5,2009-04-12,0648,Aqua,MODIS,90,6.2,294.8,188.4,D,0
23.1624,92.2992,372.2,2.3,1.5,2009-04-12,0648,Aqua,MODIS,94,6.2,302.8,381.6,D,0
23.2817,92.3056,320.1,2.3,1.5,2009-04-12,0648,Aqua,MODIS,67,6.2,299.5,34.2,D,0
21.625,92.5644,319.4,2.4,1.5,2009-04-12,0648,Aqua,MODIS,25,6.2,301.8,23.6,D,0
21.8978,92.3407,355.7,2.4,1.5,2009-04-12,0648,Aqua,MODIS,97,6.2,306.7,233.9,D,0
21.6345,92.3411,318.2,2.5,1.5,2009-04-12,0648,Aqua,MODIS,34,6.2,303.2,18.1,D,0
23.3254,92.1805,320.4,2.3,1.5,2009-04-12,0648,Aqua,MODIS,70,6.2,300,28.8,D,0
24.3695,89.729,313.5,3.3,1.7,2009-04-12,0649,Aqua,MODIS,0,6.2,299.8,34.4,D,0
22.8984,92.3754,311.8,1,1,2009-04-12,1609,Terra,MODIS,83,6.2,296,9.2,N,0
23.6113,92.0783,304.1,1,1,2009-04-12,1609,Terra,MODIS,58,6.2,294,4.8,N,0
22.9771,92.3465,313.9,1,1,2009-04-12,1609,Terra,MODIS,88,6.2,297.5,10.9,N,0
23.1643,92.3034,320,1,1,2009-04-12,1609,Terra,MODIS,100,6.2,297.1,16.6,N,0
22.5969,92.501,322.2,1.4,1.2,2009-04-13,0418,Terra,MODIS,52,6.2,309.4,9.8,D,0
22.2655,92.3905,331.2,1.4,1.2,2009-04-13,0418,Terra,MODIS,77,6.2,310.9,23.2,D,0
22.1427,92.4745,323,1.4,1.2,2009-04-13,0418,Terra,MODIS,57,6.2,309.5,10,D,0
22.0639,92.2825,335.6,1.4,1.2,2009-04-13,0419,Terra,MODIS,84,6.2,310.3,34.6,D,0
21.8001,92.262,332.3,1.3,1.1,2009-04-13,0731,Aqua,MODIS,43,6.2,307.4,20.6,D,0
21.5696,92.2872,345.7,1.3,1.1,2009-04-13,0731,Aqua,MODIS,91,6.2,306.7,53.7,D,0
23.7297,92.1453,320.6,1.3,1.1,2009-04-13,0731,Aqua,MODIS,61,6.2,304.8,11.6,D,0
23.3682,92.1837,363.4,1.3,1.1,2009-04-13,0731,Aqua,MODIS,100,6.2,308.4,120.6,D,0
23.3698,92.1965,333.9,1.3,1.1,2009-04-13,0731,Aqua,MODIS,82,6.2,308,29.3,D,0
21.7491,92.1769,338.9,1.2,1.1,2009-04-13,0731,Aqua,MODIS,86,6.2,307.5,37.6,D,0
21.7499,92.1832,327.2,1.2,1.1,2009-04-13,0731,Aqua,MODIS,70,6.2,306.8,14.9,D,0
22.3113,92.3572,354.4,1.3,1.1,2009-04-13,0731,Aqua,MODIS,97,6.2,315.2,76.4,D,0
23.2762,92.1017,330.6,1.3,1.1,2009-04-13,0731,Aqua,MODIS,78,6.2,308.2,18.9,D,0
23.3156,92.0889,338.7,1.3,1.1,2009-04-13,0731,Aqua,MODIS,86,6.2,307.6,38,D,0
22.0699,92.2165,331.7,1.3,1.1,2009-04-13,0731,Aqua,MODIS,77,6.2,309.4,18.5,D,0
22.0684,92.2044,329.3,1.3,1.1,2009-04-13,0731,Aqua,MODIS,74,6.2,310.3,15.1,D,0
22.7532,91.8971,322.3,1.2,1.1,2009-04-13,0731,Aqua,MODIS,60,6.2,306,8.4,D,0
23.3464,92.174,330.9,1.3,1.1,2009-04-13,0731,Aqua,MODIS,78,6.2,306.2,22.1,D,0
21.4247,92.4382,348.7,1.3,1.1,2009-04-13,0731,Aqua,MODIS,93,6.2,307.4,64.2,D,0
21.4263,92.4512,355.9,1.3,1.1,2009-04-13,0731,Aqua,MODIS,97,6.2,308,86.8,D,0
21.4147,92.4393,333.9,1.3,1.1,2009-04-13,0731,Aqua,MODIS,81,6.2,307.6,27.3,D,0
21.4163,92.4525,340.3,1.3,1.1,2009-04-13,0731,Aqua,MODIS,87,6.2,308.9,41,D,0
21.4165,92.4453,378.1,1.3,1.1,2009-04-13,0731,Aqua,MODIS,100,6.2,310.3,188.8,D,0
21.4181,92.458,332.1,1.3,1.1,2009-04-13,0731,Aqua,MODIS,79,6.2,308.1,23.8,D,0
23.3449,92.1616,331.3,1.3,1.1,2009-04-13,0731,Aqua,MODIS,79,6.2,306.4,23.2,D,0
22.8842,92.4006,328.3,1.3,1.1,2009-04-13,0731,Aqua,MODIS,73,6.2,309.1,17.6,D,0
21.5309,92.2206,375,1.2,1.1,2009-04-13,0731,Aqua,MODIS,100,6.2,308.4,163,D,0
21.5295,92.2088,428.7,1.2,1.1,2009-04-13,0731,Aqua,MODIS,100,6.2,317,630.9,D,0
21.5409,92.2192,326.5,1.2,1.1,2009-04-13,0731,Aqua,MODIS,57,6.2,307.9,13,D,0
21.5394,92.2074,341.8,1.2,1.1,2009-04-13,0731,Aqua,MODIS,88,6.2,310.3,42.8,D,0
23.58,92.0967,318.5,1.3,1.1,2009-04-13,0731,Aqua,MODIS,42,6.2,303.3,9,D,0
21.3948,92.4352,328.8,1.3,1.1,2009-04-13,0731,Aqua,MODIS,74,6.2,307.5,20.9,D,0
21.3965,92.4483,337.3,1.3,1.1,2009-04-13,0731,Aqua,MODIS,84,6.2,307.6,37,D,0
21.8485,92.2359,325.1,1.3,1.1,2009-04-13,0731,Aqua,MODIS,54,6.2,306.2,9.1,D,0
21.8469,92.2308,344.5,1.3,1.1,2009-04-13,0731,Aqua,MODIS,90,6.2,306.9,48.9,D,0
21.837,92.2322,344.9,1.3,1.1,2009-04-13,0731,Aqua,MODIS,90,6.2,307.9,50.2,D,0
21.8385,92.2442,357.5,1.3,1.1,2009-04-13,0731,Aqua,MODIS,98,6.2,306.6,87.9,D,0
21.81,92.2606,345.3,1.3,1.1,2009-04-13,0731,Aqua,MODIS,91,6.2,309,50.6,D,0
21.8115,92.2727,339.3,1.3,1.1,2009-04-13,0731,Aqua,MODIS,86,6.2,307.6,36.2,D,0
21.7786,92.2529,325.3,1.3,1.1,2009-04-13,0731,Aqua,MODIS,65,6.2,306.5,11.2,D,0
21.7561,92.5608,329.1,1.3,1.1,2009-04-13,0731,Aqua,MODIS,60,6.2,309.2,17,D,0
22.9364,91.9797,327.6,1.3,1.1,2009-04-13,0731,Aqua,MODIS,22,6.2,307.4,16.8,D,0
22.3129,92.3693,335.8,1.3,1.1,2009-04-13,0731,Aqua,MODIS,83,6.2,314.4,24.5,D,0
23.3621,92.1335,323.7,1.3,1.1,2009-04-13,0731,Aqua,MODIS,67,6.2,307.8,12.7,D,0
23.3636,92.1461,331.3,1.3,1.1,2009-04-13,0731,Aqua,MODIS,79,6.2,307.1,25.8,D,0
21.4208,92.1589,323.2,1.2,1.1,2009-04-13,0731,Aqua,MODIS,53,6.2,307,9.1,D,0
21.9084,92.2272,325.8,1.3,1.1,2009-04-13,0731,Aqua,MODIS,65,6.2,309.5,10.7,D,0
21.9048,92.1179,324.1,1.2,1.1,2009-04-13,0731,Aqua,MODIS,62,6.2,307.6,11.5,D,0
21.6598,92.1899,326.7,1.2,1.1,2009-04-13,0731,Aqua,MODIS,69,6.2,307.7,12.2,D,0
23.4173,92.0945,323.6,1.3,1.1,2009-04-13,0731,Aqua,MODIS,67,6.2,306.9,13.4,D,0
21.7485,92.1715,329.3,1.2,1.1,2009-04-13,0731,Aqua,MODIS,74,6.2,307.2,18.5,D,0
21.5206,92.4679,339.5,1.3,1.1,2009-04-13,0731,Aqua,MODIS,86,6.2,312.5,36.1,D,0
21.5221,92.48,327.2,1.3,1.1,2009-04-13,0731,Aqua,MODIS,59,6.2,310.5,12.2,D,0
22.0035,92.3443,327.2,1.3,1.1,2009-04-13,0731,Aqua,MODIS,70,6.2,311.6,12.8,D,0
21.5711,92.2987,336.2,1.3,1.1,2009-04-13,0731,Aqua,MODIS,83,6.2,306.6,30.7,D,0
21.5553,92.5,325.5,1.3,1.1,2009-04-13,0731,Aqua,MODIS,49,6.2,310.9,10.9,D,0
22.002,92.3319,329.3,1.3,1.1,2009-04-13,0731,Aqua,MODIS,74,6.2,311,16.8,D,0
22.645,91.9318,328,1.2,1.1,2009-04-13,0731,Aqua,MODIS,74,6.2,305.4,18.3,D,0
23.63,92.0004,377.9,1.3,1.1,2009-04-13,0731,Aqua,MODIS,100,6.2,308.2,194.7,D,0
22.9259,91.8111,325.5,1.2,1.1,2009-04-13,0731,Aqua,MODIS,69,6.2,305.5,11.9,D,0
21.7137,92.466,327,1.3,1.1,2009-04-13,0731,Aqua,MODIS,51,6.2,312,11.5,D,0
23.6314,92.0119,332.8,1.3,1.1,2009-04-13,0731,Aqua,MODIS,77,6.2,302.4,32.8,D,0
21.826,92.3076,331.6,1.3,1.1,2009-04-13,0731,Aqua,MODIS,78,6.2,306.7,21.9,D,0
21.9471,92.2162,325.6,1.3,1.1,2009-04-13,0731,Aqua,MODIS,62,6.2,308.1,10.3,D,0
21.9485,92.2282,354.2,1.3,1.1,2009-04-13,0731,Aqua,MODIS,96,6.2,309.8,78,D,0
23.4761,92.2397,322.7,1.3,1.1,2009-04-13,0731,Aqua,MODIS,65,6.2,307.1,12,D,0
23.4551,92.1522,343.1,1.3,1.1,2009-04-13,0731,Aqua,MODIS,90,6.2,305.3,56.6,D,0
23.4567,92.1655,344.5,1.3,1.1,2009-04-13,0731,Aqua,MODIS,86,6.2,303.5,60.9,D,0
23.4613,92.2036,326,1.3,1.1,2009-04-13,0731,Aqua,MODIS,59,6.2,304.6,19.7,D,0
22.929,91.5959,321.9,1.2,1.1,2009-04-13,0731,Aqua,MODIS,59,6.2,305.1,8.2,D,0
21.8473,92.4796,348.5,1.3,1.1,2009-04-13,0731,Aqua,MODIS,93,6.2,316.4,57.1,D,0
21.8488,92.4916,344.8,1.3,1.1,2009-04-13,0731,Aqua,MODIS,90,6.2,312.1,47.7,D,0
23.1583,92.3036,328.1,1.3,1.1,2009-04-13,0731,Aqua,MODIS,69,6.2,310.1,17.8,D,0
21.4489,92.3852,324.8,1.3,1.1,2009-04-13,0731,Aqua,MODIS,46,6.2,307.4,12.6,D,0
23.5082,91.9982,337,1.3,1.1,2009-04-13,0731,Aqua,MODIS,85,6.2,304.2,42.2,D,0
23.5289,92.0842,317.8,1.3,1.1,2009-04-13,0731,Aqua,MODIS,44,6.2,304.1,9.1,D,0
23.5274,92.0716,319.9,1.3,1.1,2009-04-13,0731,Aqua,MODIS,57,6.2,304.5,12,D,0
21.4503,92.3969,334.4,1.3,1.1,2009-04-13,0731,Aqua,MODIS,81,6.2,307.9,29.3,D,0
21.4403,92.3988,323.6,1.3,1.1,2009-04-13,0731,Aqua,MODIS,41,6.2,307,9.7,D,0
21.5303,92.3797,331,1.3,1.1,2009-04-13,0731,Aqua,MODIS,77,6.2,310.4,20.6,D,0
21.7489,92.3366,324.5,1.3,1.1,2009-04-13,0731,Aqua,MODIS,64,6.2,305.2,11,D,0
22.2623,92.3767,331.3,1.3,1.1,2009-04-13,0731,Aqua,MODIS,71,6.2,313.9,16,D,0
22.2638,92.389,339.7,1.3,1.1,2009-04-13,0731,Aqua,MODIS,86,6.2,312.6,35.8,D,0
22.029,92.3031,328.3,1.3,1.1,2009-04-13,0731,Aqua,MODIS,72,6.2,310.8,13.9,D,0
22.0543,92.2553,328.1,1.3,1.1,2009-04-13,0731,Aqua,MODIS,72,6.2,311.1,12.7,D,0
22.0528,92.2435,328.4,1.3,1.1,2009-04-13,0731,Aqua,MODIS,72,6.2,311.2,13,D,0
21.743,92.538,334.3,1.3,1.1,2009-04-13,0731,Aqua,MODIS,80,6.2,312.9,25.7,D,0
21.746,92.5629,336.3,1.3,1.1,2009-04-13,0731,Aqua,MODIS,83,6.2,310.6,31.7,D,0
24.6226,88.9856,323.3,1,1,2009-04-13,0732,Aqua,MODIS,50,6.2,308.7,10.7,D,0
23.6757,90.2622,319.7,1.5,1.2,2009-04-14,0501,Terra,MODIS,51,6.2,305.8,13.1,D,0
23.4234,92.1904,317.8,3.8,1.8,2009-04-14,0636,Aqua,MODIS,60,6.2,303,43.4,D,0
23.4136,92.1888,317,3.8,1.8,2009-04-14,0636,Aqua,MODIS,62,6.2,302.4,38.3,D,0
23.4885,92.1139,311.5,1.2,1.1,2009-04-14,1557,Terra,MODIS,83,6.2,296.4,10.4,N,0
21.1935,92.1305,322.7,1,1,2009-04-15,0718,Aqua,MODIS,69,6.2,291.9,10.5,D,0
21.1921,92.121,319.5,1,1,2009-04-15,0718,Aqua,MODIS,56,6.2,292.2,7.8,D,0
21.4527,92.4653,359.2,1,1,2009-04-15,0718,Aqua,MODIS,99,6.2,303,71.3,D,0
21.7293,92.5285,387.1,1,1,2009-04-15,0718,Aqua,MODIS,100,6.2,307.7,169.3,D,0
21.7307,92.5382,392.2,1,1,2009-04-15,0718,Aqua,MODIS,100,6.2,308.8,195.5,D,0
21.4581,92.5035,322.2,1,1,2009-04-15,0718,Aqua,MODIS,40,6.2,296.6,9.2,D,0
21.4514,92.4558,325.3,1,1,2009-04-15,0718,Aqua,MODIS,74,6.2,302.8,10.6,D,0
21.6026,92.2234,321,1,1,2009-04-15,0718,Aqua,MODIS,55,6.2,297.8,7.9,D,0
21.9713,92.2257,335.3,1,1,2009-04-15,0719,Aqua,MODIS,83,6.2,306.4,20.7,D,0
22.5561,92.2524,330,1,1,2009-04-15,0719,Aqua,MODIS,58,6.2,308.9,15.1,D,0
21.9727,92.2353,328.9,1,1,2009-04-15,0719,Aqua,MODIS,67,6.2,304.6,12,D,0
21.8067,92.161,335,1,1,2009-04-15,0719,Aqua,MODIS,83,6.2,305.5,20.1,D,0
21.8157,92.1595,326.2,1,1,2009-04-15,0719,Aqua,MODIS,57,6.2,306.5,8.8,D,0
21.8486,92.1345,341.5,1,1,2009-04-15,0719,Aqua,MODIS,88,6.2,303.4,31.6,D,0
23.4289,92.1809,341.4,1,1,2009-04-15,0719,Aqua,MODIS,89,6.2,307.9,33.4,D,0
22.7143,92.4677,329.5,1,1,2009-04-15,0719,Aqua,MODIS,75,6.2,307.8,13.7,D,0
23.2319,92.2857,324,1,1,2009-04-15,0719,Aqua,MODIS,24,6.2,307.1,7.7,D,0
22.1999,92.4111,339.5,1,1,2009-04-15,0719,Aqua,MODIS,86,6.2,300,30.6,D,0
21.9166,92.0978,322.3,1,1,2009-04-15,0719,Aqua,MODIS,46,6.2,304,7.1,D,0
22.4809,92.3109,330.4,1,1,2009-04-15,0719,Aqua,MODIS,53,6.2,304,16.1,D,0
23.1683,92.2225,327.3,1,1,2009-04-15,0719,Aqua,MODIS,73,6.2,309.1,9.8,D,0
22.2012,92.4207,382.2,1,1,2009-04-15,0719,Aqua,MODIS,100,6.2,306.8,152.4,D,0
23.2436,92.3037,325.2,1,1,2009-04-15,0719,Aqua,MODIS,46,6.2,306.9,9.7,D,0
22.4207,92.2083,324.8,1,1,2009-04-15,0719,Aqua,MODIS,63,6.2,307.7,7,D,0
23.6891,92.1284,323.4,1,1,2009-04-15,0719,Aqua,MODIS,69,6.2,300.3,12.2,D,0
22.4657,92.3977,330.3,1,1,2009-04-15,0719,Aqua,MODIS,68,6.2,307.6,13,D,0
23.4207,92.1227,322.7,1,1,2009-04-15,0719,Aqua,MODIS,66,6.2,306.7,9.4,D,0
23.3514,92.15,334.7,1,1,2009-04-15,0719,Aqua,MODIS,83,6.2,307.3,22.1,D,0
23.5907,92.0221,325.1,1,1,2009-04-15,0719,Aqua,MODIS,64,6.2,300.5,14.8,D,0
21.8849,92.1969,348.8,1,1,2009-04-15,0719,Aqua,MODIS,93,6.2,305.3,43.8,D,0
21.8862,92.2065,327.5,1,1,2009-04-15,0719,Aqua,MODIS,73,6.2,305.6,9.9,D,0
23.5893,92.0125,321.8,1,1,2009-04-15,0719,Aqua,MODIS,39,6.2,304,10.7,D,0
23.4227,92.2019,328.9,1,1,2009-04-15,0719,Aqua,MODIS,77,6.2,307.5,14.2,D,0
23.433,92.2101,329.2,1,1,2009-04-15,0719,Aqua,MODIS,73,6.2,305.1,14.4,D,0
23.4543,92.1667,321.9,1,1,2009-04-15,0719,Aqua,MODIS,60,6.2,303.6,9.2,D,0
23.4495,92.1974,323.4,1,1,2009-04-15,0719,Aqua,MODIS,48,6.2,306.4,9.6,D,0
23.476,92.1168,322.2,1,1,2009-04-15,0719,Aqua,MODIS,66,6.2,305.8,10.1,D,0
23.2333,92.2954,343.4,1,1,2009-04-15,0719,Aqua,MODIS,90,6.2,307.8,35.9,D,0
23.4302,92.1907,377.2,1,1,2009-04-15,0719,Aqua,MODIS,100,6.2,309.3,130.1,D,0
23.4529,92.1569,322.3,1,1,2009-04-15,0719,Aqua,MODIS,65,6.2,305.3,10.1,D,0
22.76,91.9401,335.4,1,1,2009-04-15,0719,Aqua,MODIS,83,6.2,303.1,25.1,D,0
22.4554,92.3896,387.2,1,1,2009-04-15,0719,Aqua,MODIS,100,6.2,310.3,170.1,D,0
23.2525,92.3022,330.1,1,1,2009-04-15,0719,Aqua,MODIS,71,6.2,305.7,14.9,D,0
22.4567,92.3992,380.3,1,1,2009-04-15,0719,Aqua,MODIS,100,6.2,307.4,139.3,D,0
22.7079,91.9587,324.9,1,1,2009-04-15,0719,Aqua,MODIS,68,6.2,303.5,11.5,D,0
21.9952,92.3296,327.2,1,1,2009-04-15,0719,Aqua,MODIS,56,6.2,301.8,12,D,0
23.424,92.2116,337.9,1,1,2009-04-15,0719,Aqua,MODIS,86,6.2,308.3,27,D,0
22.1965,92.248,324.5,1,1,2009-04-15,0719,Aqua,MODIS,60,6.2,307.2,5.9,D,0
22.1979,92.2576,330.4,1,1,2009-04-15,0719,Aqua,MODIS,77,6.2,307.9,12.7,D,0
22.7985,91.8884,327.6,1,1,2009-04-15,0719,Aqua,MODIS,74,6.2,305.5,11.9,D,0
23.0826,89.9594,329.3,1.1,1,2009-04-15,0719,Aqua,MODIS,76,6.2,303.4,17.2,D,0
22.8237,92.1307,326.2,1,1,2009-04-15,0719,Aqua,MODIS,0,6.2,307.3,9.8,D,0
22.8951,92.1187,321,1,1,2009-04-15,0719,Aqua,MODIS,43,6.2,304.4,6.2,D,0
22.8938,92.1091,323.8,1,1,2009-04-15,0719,Aqua,MODIS,65,6.2,305.1,9,D,0
23.0842,89.9698,343.9,1.1,1,2009-04-15,0719,Aqua,MODIS,91,6.2,305.9,43.2,D,0
22.3632,92.0606,324.7,1,1,2009-04-15,0719,Aqua,MODIS,53,6.2,305,10.2,D,0
22.3886,92.0465,323.9,1,1,2009-04-15,0719,Aqua,MODIS,57,6.2,303.8,9.1,D,0
22.3872,92.0369,321.2,1,1,2009-04-15,0719,Aqua,MODIS,32,6.2,302.8,6.5,D,0
23.4221,92.1324,346.2,1,1,2009-04-15,0719,Aqua,MODIS,92,6.2,306.2,44,D,0
23.8379,90.4867,319.2,1.1,1,2009-04-16,0449,Terra,MODIS,40,6.2,298.5,8.5,D,0
25.1001,89.607,314.1,2.6,1.5,2009-04-19,0519,Terra,MODIS,0,6.2,301.6,24.8,D,0
22.7448,91.891,317.9,1.5,1.2,2009-04-20,0737,Aqua,MODIS,64,6.2,298,14.7,D,0
22.7432,91.8763,318,1.5,1.2,2009-04-20,0737,Aqua,MODIS,64,6.2,297.6,14.4,D,0
23.3926,92.0691,315,1.6,1.2,2009-04-20,0737,Aqua,MODIS,51,6.2,297.9,10.6,D,0
23.0038,92.0838,318.6,3.1,1.7,2009-04-21,0642,Aqua,MODIS,73,6.2,294.2,56,D,0
23.0045,92.0899,318.3,3.1,1.7,2009-04-21,0642,Aqua,MODIS,73,6.2,294.1,53.8,D,0
22.7143,92.4782,314.4,3,1.6,2009-04-21,0642,Aqua,MODIS,67,6.2,293.8,29.2,D,0
21.579,92.3717,325.7,1.1,1,2009-04-22,0724,Aqua,MODIS,76,6.2,294.9,17.2,D,0
22.0002,92.2233,330.2,1.1,1,2009-04-22,0725,Aqua,MODIS,81,6.2,298.4,20.5,D,0
22.0016,92.2335,363.3,1.1,1,2009-04-22,0725,Aqua,MODIS,100,6.2,298,94.1,D,0
22.276,92.0894,323.1,1.1,1,2009-04-22,0725,Aqua,MODIS,72,6.2,299.6,13,D,0
22.4834,92.2659,327,1.1,1,2009-04-22,0725,Aqua,MODIS,77,6.2,300,16.1,D,0
23.3949,92.0886,315.1,1.1,1,2009-04-22,0725,Aqua,MODIS,56,6.2,295.9,4.8,D,0
22.4911,92.2689,323.8,1.1,1,2009-04-22,0725,Aqua,MODIS,73,6.2,299.6,14,D,0
22.0427,92.211,325.7,1.1,1,2009-04-22,0725,Aqua,MODIS,76,6.2,299.4,15,D,0
22.8451,92.1681,315.9,1.1,1,2009-04-22,0725,Aqua,MODIS,25,6.2,295.5,6.7,D,0
22.0441,92.2213,320.3,1.1,1,2009-04-22,0725,Aqua,MODIS,56,6.2,295.5,9.1,D,0
23.4005,91.8433,316.2,1.1,1,2009-04-22,0725,Aqua,MODIS,50,6.2,297.7,5.9,D,0
21.7061,92.4445,324.2,1.1,1,2009-04-22,0725,Aqua,MODIS,73,6.2,299.6,14.4,D,0
22.0267,92.3913,343.2,1,1,2009-04-24,0712,Aqua,MODIS,91,6.2,306.7,39.2,D,0
21.765,92.3636,318.8,1,1,2009-04-24,0712,Aqua,MODIS,62,6.2,302.1,5.7,D,0
21.2875,92.63,321.5,1,1,2009-04-24,0712,Aqua,MODIS,69,6.2,304.9,10.4,D,0
23.3568,92.1545,323.5,1,1,2009-04-24,0713,Aqua,MODIS,73,6.2,302.1,12,D,0
24.2219,91.8959,322.3,1,1,2009-04-24,0713,Aqua,MODIS,71,6.2,300.9,12.4,D,0
24.2203,91.8858,321.6,1,1,2009-04-24,0713,Aqua,MODIS,70,6.2,301.5,11.7,D,0
23.6476,91.9445,320.9,1,1,2009-04-24,0713,Aqua,MODIS,69,6.2,302.6,10.8,D,0
25.472,89.6612,321.6,1,1,2009-04-25,0442,Terra,MODIS,0,6.2,308.4,11.1,D,0
21.5928,92.5485,318.5,1.2,1.1,2009-04-25,0443,Terra,MODIS,53,6.2,305.1,7.2,D,0
22.2755,92.325,317.6,3.5,1.8,2009-04-25,0755,Aqua,MODIS,54,6.2,301.2,30,D,0
22.2807,92.3324,316.7,3.5,1.8,2009-04-25,0755,Aqua,MODIS,41,6.2,300.8,25.6,D,0
23.3887,92.149,315.4,1.4,1.2,2009-04-26,0700,Aqua,MODIS,52,6.2,303.4,7.6,D,0
21.7504,92.2416,316.9,1.5,1.2,2009-04-26,0700,Aqua,MODIS,48,6.2,296.6,9.9,D,0
21.5571,92.5128,318.8,1.5,1.2,2009-04-26,0700,Aqua,MODIS,63,6.2,302.1,12,D,0
21.7622,92.1805,317.3,1.5,1.2,2009-04-26,0700,Aqua,MODIS,56,6.2,297.2,11,D,0
22.8769,91.9958,317.5,1.5,1.2,2009-04-26,0700,Aqua,MODIS,57,6.2,303.5,9.3,D,0
21.5596,92.5273,320.5,1.5,1.2,2009-04-26,0700,Aqua,MODIS,67,6.2,301,14.6,D,0
21.7611,92.2394,319,1.5,1.2,2009-04-26,0700,Aqua,MODIS,63,6.2,296.5,14.2,D,0
23.2721,92.2973,320.8,1.4,1.2,2009-04-26,0700,Aqua,MODIS,67,6.2,306,14.4,D,0
21.5529,92.5209,326.1,1.5,1.2,2009-04-26,0700,Aqua,MODIS,76,6.2,301.7,24.3,D,0
23.4762,91.9963,320.3,1.5,1.2,2009-04-26,0701,Aqua,MODIS,67,6.2,301.9,17.6,D,0
21.9475,92.1055,315.2,1,1,2009-04-27,0431,Terra,MODIS,47,6.2,298.8,5,D,0
23.2422,92.2863,319.1,2.1,1.4,2009-04-27,0743,Aqua,MODIS,54,6.2,303.1,15.7,D,0
23.2452,92.2996,347.8,2.1,1.4,2009-04-27,0743,Aqua,MODIS,93,6.2,305.3,140.6,D,0
22.1554,92.4464,320,2.1,1.4,2009-04-27,0743,Aqua,MODIS,55,6.2,302,20.9,D,0
23.4386,92.0369,318.7,2.1,1.4,2009-04-27,0743,Aqua,MODIS,51,6.2,301.3,23.1,D,0
22.1566,92.4381,320.8,2.1,1.4,2009-04-27,0743,Aqua,MODIS,61,6.2,302.3,23.8,D,0
21.7567,92.24,322.6,2,1.4,2009-04-27,0743,Aqua,MODIS,60,6.2,301.2,26,D,0
23.2471,92.3197,334,2.1,1.4,2009-04-27,0743,Aqua,MODIS,84,6.2,303.8,68.7,D,0
23.1295,92.3189,322.3,2.1,1.4,2009-04-27,0743,Aqua,MODIS,57,6.2,305.1,20.9,D,0
23.1284,92.3042,322.8,2.1,1.4,2009-04-27,0743,Aqua,MODIS,70,6.2,306.1,24.6,D,0
21.701,92.1878,320.3,2,1.4,2009-04-27,0743,Aqua,MODIS,45,6.2,301.4,18.1,D,0
21.3689,92.4891,323,2.1,1.4,2009-04-27,0743,Aqua,MODIS,65,6.2,300.4,36.7,D,0
23.4045,92.205,320.8,2.1,1.4,2009-04-27,0743,Aqua,MODIS,48,6.2,303.2,25.1,D,0
23.3919,92.2069,355.1,2.1,1.4,2009-04-27,0743,Aqua,MODIS,97,6.2,305.3,189.3,D,0
23.3938,92.2272,336.7,2.1,1.4,2009-04-27,0743,Aqua,MODIS,86,6.2,300.3,83.4,D,0
23.4033,92.2126,336,2.1,1.4,2009-04-27,0743,Aqua,MODIS,85,6.2,303,80.5,D,0
23.3886,92.194,328.5,2.1,1.4,2009-04-27,0743,Aqua,MODIS,78,6.2,303.4,47.7,D,0
23.3907,92.2144,365.1,2.1,1.4,2009-04-27,0743,Aqua,MODIS,100,6.2,304.2,269.5,D,0
23.2444,92.3068,357.6,2.1,1.4,2009-04-27,0743,Aqua,MODIS,98,6.2,305.7,208.4,D,0
22.3531,92.0347,327,2.5,1.5,2009-04-28,0648,Aqua,MODIS,76,6.2,299.5,62.7,D,0
21.922,92.1562,318.1,2.5,1.5,2009-04-28,0648,Aqua,MODIS,48,6.2,300.4,23.7,D,0
22.3397,92.0379,325.6,2.5,1.5,2009-04-28,0648,Aqua,MODIS,74,6.2,299.4,56.4,D,0
23.2911,92.1688,315.9,2.3,1.5,2009-04-28,0648,Aqua,MODIS,56,6.2,300.1,17.1,D,0
21.9289,92.1599,318.5,2.5,1.5,2009-04-28,0648,Aqua,MODIS,49,6.2,300.4,26.2,D,0
21.3699,92.4543,328,1.3,1.1,2009-04-29,0730,Aqua,MODIS,75,6.2,301.9,25,D,0
21.8359,92.1857,325.2,1.2,1.1,2009-04-29,0731,Aqua,MODIS,70,6.2,304.2,13.2,D,0
22.5684,92.2665,324.6,1.3,1.1,2009-04-29,0731,Aqua,MODIS,66,6.2,303.5,14.3,D,0
21.8374,92.1976,325.7,1.2,1.1,2009-04-29,0731,Aqua,MODIS,70,6.2,303.5,14.2,D,0
22.1074,92.1653,335.5,1.3,1.1,2009-04-29,0731,Aqua,MODIS,83,6.2,303.6,33.1,D,0
23.1004,89.9927,318.3,1,1,2009-04-29,0731,Aqua,MODIS,25,6.2,298.9,5.8,D,0
21.4587,92.5098,319.1,1.3,1.1,2009-04-29,0731,Aqua,MODIS,44,6.2,301.6,11.2,D,0
22.428,92.2926,335,1.3,1.1,2009-04-29,0731,Aqua,MODIS,83,6.2,303.2,32.7,D,0
21.4985,92.4176,318.7,1.3,1.1,2009-04-29,0731,Aqua,MODIS,48,6.2,302.6,7.8,D,0
23.4461,92.1643,312.9,3.9,1.8,2009-04-30,0636,Aqua,MODIS,48,6.2,293,42.1,D,0
21.976,92.3733,320,1,1,2009-05-01,0718,Aqua,MODIS,47,6.2,305.6,5.4,D,0
21.541,92.2248,349.3,1,1,2009-05-01,0718,Aqua,MODIS,94,6.2,305.4,49.5,D,0
21.5397,92.2152,337.8,1,1,2009-05-01,0718,Aqua,MODIS,86,6.2,306.8,28.5,D,0
23.3448,92.1638,322.7,1,1,2009-05-01,0719,Aqua,MODIS,70,6.2,301.6,10.9,D,0
22.9609,91.9786,322.6,1,1,2009-05-01,0719,Aqua,MODIS,62,6.2,303.7,10.1,D,0
22.976,91.8281,322.1,1,1,2009-05-01,0719,Aqua,MODIS,68,6.2,304,7.8,D,0
22.6266,92.2924,322.3,1,1,2009-05-01,0719,Aqua,MODIS,66,6.2,304.3,7,D,0
21.1837,92.1218,314.8,1.4,1.2,2009-05-02,0449,Terra,MODIS,46,6.2,298.9,7.8,D,0
21.6963,92.2803,322,1.1,1,2009-05-08,0724,Aqua,MODIS,62,6.2,303.5,8.6,D,0
24.5812,89.0975,327.6,1,1,2009-05-08,0725,Aqua,MODIS,74,6.2,311.6,10.9,D,0
23.0855,89.9548,330.4,1,1,2009-05-08,0725,Aqua,MODIS,57,6.2,304.9,10.9,D,0
24.4986,89.1587,334.8,1,1,2009-05-08,0725,Aqua,MODIS,82,6.2,311.8,20.9,D,0
24.5001,89.1685,324.6,1,1,2009-05-08,0725,Aqua,MODIS,67,6.2,311,7.5,D,0
23.5849,91.9743,321.2,1.1,1,2009-05-08,0725,Aqua,MODIS,66,6.2,302,11.7,D,0
24.5723,89.0991,323.4,1,1,2009-05-08,0725,Aqua,MODIS,39,6.2,310.5,5.7,D,0
24.5798,89.0876,324.5,1,1,2009-05-08,0725,Aqua,MODIS,68,6.2,311.9,7.6,D,0
21.2726,92.5565,320.5,1,1,2009-05-10,0712,Aqua,MODIS,54,6.2,304,7.7,D,0
21.5774,92.1926,319.8,1.1,1,2009-05-10,0712,Aqua,MODIS,59,6.2,303.1,8,D,0
21.95,92.2093,313.4,4.1,1.9,2009-05-16,0635,Aqua,MODIS,52,6.2,290.7,44.3,D,0
24.361,88.4434,321.3,2.2,1.4,2009-05-21,0519,Terra,MODIS,25,6.2,298.1,24.3,D,0
21.7475,91.8385,313.4,1.5,1.2,2009-05-22,0737,Aqua,MODIS,24,6.2,300.5,11.2,D,3
24.1301,88.9844,318.9,4.8,2,2009-05-23,0642,Aqua,MODIS,46,6.2,296.2,73.6,D,0
26.1078,89.1091,319.5,1,1,2009-05-24,0726,Aqua,MODIS,42,6.2,292.9,7.5,D,0
24.3409,88.6145,320.4,1.8,1.3,2009-05-30,0513,Terra,MODIS,0,6.2,299.7,20.1,D,0
24.3529,88.4357,318,1.7,1.3,2009-05-30,0513,Terra,MODIS,36,6.2,297.8,15,D,0
23.8601,89.429,317.9,1.7,1.3,2009-06-04,0706,Aqua,MODIS,0,6.2,297.4,16,D,0
23.9115,89.2597,318.3,1.7,1.3,2009-06-04,0706,Aqua,MODIS,23,6.2,296.5,18.4,D,0
24.36,88.4341,322.2,1.5,1.2,2009-06-05,0749,Aqua,MODIS,32,6.2,299.9,17.9,D,0
24.358,88.4269,321.7,2.2,1.4,2009-06-06,0519,Terra,MODIS,63,6.2,295.4,31,D,0
24.3539,88.448,320.3,2.2,1.4,2009-06-06,0519,Terra,MODIS,61,6.2,294.8,27.2,D,0
23.9448,89.3191,318.7,2.6,1.6,2009-06-06,0519,Terra,MODIS,20,6.2,293.5,35.9,D,0
24.4571,88.2609,317.8,2.1,1.4,2009-06-06,0519,Terra,MODIS,0,6.2,294,24.1,D,0
24.1666,88.7465,319.1,3,1.7,2009-06-06,0654,Aqua,MODIS,0,6.2,293,49.6,D,0
24.0835,88.8629,315.5,3,1.6,2009-06-06,0654,Aqua,MODIS,16,6.2,291.8,33,D,0
24.3498,88.4394,319.3,3.2,1.7,2009-06-06,0654,Aqua,MODIS,29,6.2,292.5,52.4,D,0
24.3369,88.5999,316.4,3.1,1.7,2009-06-06,0654,Aqua,MODIS,0,6.2,291.3,37.4,D,0
24.338,88.6041,316.5,3.1,1.7,2009-06-06,0654,Aqua,MODIS,0,6.2,291,34.5,D,0
24.1274,89.0004,315,2.9,1.6,2009-06-06,0654,Aqua,MODIS,0,6.2,291.9,27.8,D,0
24.0828,88.8698,314.6,3,1.6,2009-06-06,0654,Aqua,MODIS,40,6.2,291.4,31.7,D,0
22.0952,92.1573,310.6,1.6,1.3,2009-06-10,0455,Terra,MODIS,33,6.2,292.4,7.8,D,0
22.0869,92.1396,313.2,1.6,1.3,2009-06-10,0455,Terra,MODIS,48,6.2,293.5,11,D,0
22.098,92.1418,316.7,1.6,1.3,2009-06-10,0455,Terra,MODIS,69,6.2,293.5,17.7,D,0
21.9546,92.2184,314.2,1.1,1,2009-06-12,0443,Terra,MODIS,57,6.2,295.7,7,D,0
21.749,91.844,314.5,1.2,1.1,2009-06-16,0730,Aqua,MODIS,32,6.2,299.2,8.2,D,3
21.7552,91.8421,311.9,2,1.4,2009-06-17,0501,Terra,MODIS,52,6.2,297,14.8,D,3
23.8751,88.6932,319.2,2.6,1.6,2009-06-19,0801,Aqua,MODIS,43,6.2,294.7,26,D,0
24.1386,88.9896,320.1,2.4,1.5,2009-06-22,0519,Terra,MODIS,0,6.2,296.4,28.6,D,0
24.3391,88.6218,325.3,1.5,1.2,2009-06-27,0712,Aqua,MODIS,0,6.2,299.3,15.2,D,0
24.3434,88.6132,313.6,1,1,2009-07-05,0448,Terra,MODIS,22,6.2,289.8,6,D,0
24.1298,88.9901,312.9,1.8,1.3,2009-07-06,0706,Aqua,MODIS,39,6.2,288.5,12.3,D,0
24.3397,88.6103,318.6,1.5,1.2,2009-07-13,0712,Aqua,MODIS,20,6.2,297.1,12.1,D,0
24.3581,88.4362,319.9,1.5,1.2,2009-07-13,0712,Aqua,MODIS,63,6.2,297.6,16.3,D,0
24.3443,88.58,316.3,1.7,1.3,2009-07-17,0512,Terra,MODIS,0,6.2,295.1,15.9,D,0
23.9444,90.2805,319.6,1.4,1.2,2009-07-19,0500,Terra,MODIS,67,6.2,296.3,15,D,0
23.7585,90.3448,313.5,1.5,1.2,2009-07-22,0706,Aqua,MODIS,31,6.2,293.3,10.6,D,0
24.3407,88.6191,321.5,1.6,1.2,2009-07-23,0749,Aqua,MODIS,0,6.2,296.3,21.1,D,0
24.3585,88.4499,312.7,2.2,1.4,2009-07-24,0518,Terra,MODIS,43,6.2,283.5,19.2,D,0
24.1318,88.9894,316.1,2.4,1.5,2009-07-24,0518,Terra,MODIS,0,6.2,286.2,34.7,D,0
24.3626,88.429,311.4,2.2,1.4,2009-07-24,0518,Terra,MODIS,27,6.2,284.8,16.3,D,0
23.9373,90.2881,310.5,2.3,1.5,2009-08-02,0512,Terra,MODIS,31,6.2,287,16.3,D,0
24.0174,89.4286,313.3,1.1,1,2009-08-29,0454,Terra,MODIS,26,6.2,294,4.3,D,0
24.0157,89.4391,314.4,1.1,1,2009-08-29,0454,Terra,MODIS,44,6.2,294.3,5.2,D,0
24.7388,90.5258,314.1,1.2,1.1,2009-08-29,0454,Terra,MODIS,61,6.2,295.6,6.4,D,0
22.9375,89.2025,312,1.1,1,2009-08-29,0454,Terra,MODIS,45,6.2,293.7,6,D,0
25.7521,89.4903,316.4,1.1,1,2009-09-30,0453,Terra,MODIS,61,6.2,300.8,7.3,D,0
23.944,90.2836,316.9,1.2,1.1,2009-09-30,0454,Terra,MODIS,58,6.2,298.3,8.5,D,0
24.2877,89.3031,340.2,1,1,2009-11-16,0723,Aqua,MODIS,90,6.2,300.4,36.3,D,0
24.2862,89.2932,314.4,1,1,2009-11-16,0723,Aqua,MODIS,56,6.2,299.2,5,D,0
24.2801,90.0264,307,3.7,1.8,2009-11-20,0524,Terra,MODIS,57,6.2,294.2,28,D,0
24.2739,90.0312,319.7,1.3,1.1,2009-11-21,0429,Terra,MODIS,77,6.2,300.3,19.2,D,0
24.3322,89.2681,313.4,1.4,1.2,2009-11-21,0741,Aqua,MODIS,66,6.2,300,10.8,D,0
24.494,89.2853,314.7,1,1,2009-11-23,0729,Aqua,MODIS,69,6.2,296.8,9,D,0
23.831,90.8764,310.2,1.1,1.1,2009-11-23,0729,Aqua,MODIS,61,6.2,298.9,5.9,D,0
23.7995,90.8994,310.9,1.1,1.1,2009-11-23,0729,Aqua,MODIS,63,6.2,299.8,5.6,D,0
24.4979,89.2944,312.6,1.2,1.1,2009-11-24,0500,Terra,MODIS,70,6.2,295.8,10.4,D,0
23.1985,90.4967,311.3,1,1,2009-11-25,0716,Aqua,MODIS,63,6.2,299.4,5,D,0
21.7636,92.1489,309.7,1,1,2009-11-25,0716,Aqua,MODIS,64,6.2,299.3,5.1,D,0
24.3264,91.3272,311.1,1,1,2009-11-25,0717,Aqua,MODIS,62,6.2,299.9,5.4,D,0
25.4728,89.6592,308.4,1,1,2009-11-26,0447,Terra,MODIS,0,6.2,298.4,5.7,D,0
23.8414,90.7825,311,1.4,1.2,2009-11-27,0704,Aqua,MODIS,59,6.2,299.5,8.6,D,0
24.4983,89.2948,309.2,1.7,1.3,2009-11-27,0705,Aqua,MODIS,48,6.2,299,9.2,D,0
23.6154,89.6656,313.6,1,1,2009-12-02,0723,Aqua,MODIS,63,6.2,300.4,6.2,D,0
24.4343,89.3399,316.1,1,1,2009-12-02,0723,Aqua,MODIS,45,6.2,298.6,7.9,D,0
24.6869,91.6234,310,1.1,1,2009-12-02,0723,Aqua,MODIS,0,6.2,298.6,5.5,D,0
23.6168,89.6754,313.5,1,1,2009-12-02,0723,Aqua,MODIS,63,6.2,300.1,6.2,D,0
23.8248,90.819,312.1,1,1,2009-12-02,0723,Aqua,MODIS,55,6.2,297.5,5.5,D,0
24.2326,91.3198,319.8,1,1,2009-12-02,0723,Aqua,MODIS,66,6.2,294.8,13.4,D,0
25.47,89.6565,310,1.1,1,2009-12-03,0454,Terra,MODIS,0,6.2,298.9,6.9,D,0
23.4635,89.8596,308.8,1.3,1.1,2009-12-04,0710,Aqua,MODIS,61,6.2,295.3,7,D,0
24.4515,89.3175,316.4,1.3,1.1,2009-12-04,0711,Aqua,MODIS,72,6.2,299.9,13.5,D,0
24.4537,89.3302,318.1,1.3,1.1,2009-12-04,0711,Aqua,MODIS,74,6.2,300.2,15.3,D,0
24.4581,89.3556,310.7,1.3,1.1,2009-12-04,0711,Aqua,MODIS,37,6.2,299,6.3,D,0
23.878,89.5779,309.6,1.4,1.2,2009-12-07,0741,Aqua,MODIS,59,6.2,298.3,7.8,D,0
23.2228,90.0597,305.4,1.1,1,2009-12-11,0717,Aqua,MODIS,51,6.2,284.4,6.6,D,0
24.6079,89.0703,310.2,1.7,1.3,2009-12-13,0705,Aqua,MODIS,57,6.2,298.1,10.8,D,0
24.1262,89.4236,310.9,1.6,1.3,2009-12-13,0705,Aqua,MODIS,52,6.2,298.6,10.1,D,0
24.4461,89.9218,309.1,2,1.4,2009-12-14,0747,Aqua,MODIS,59,6.2,297.5,12.4,D,0
24.5066,89.2414,312.3,1.8,1.3,2009-12-14,0748,Aqua,MODIS,65,6.2,298.2,13.7,D,0
24.4611,89.3415,318.1,1.8,1.3,2009-12-14,0748,Aqua,MODIS,74,6.2,298.5,23.2,D,0
24.4592,89.3241,316.5,1.8,1.3,2009-12-14,0748,Aqua,MODIS,71,6.2,299,20.3,D,0
24.4573,89.3352,321.6,1.8,1.3,2009-12-14,0748,Aqua,MODIS,67,6.2,298.5,29,D,0
24.4987,89.2773,313,1.8,1.3,2009-12-14,0748,Aqua,MODIS,52,6.2,297.8,13.9,D,0
24.5396,91.3036,308.4,1.9,1.4,2009-12-15,0652,Aqua,MODIS,46,6.2,294.2,11.3,D,0
24.6093,89.0648,309.3,1.1,1.1,2009-12-16,0735,Aqua,MODIS,53,6.2,298.1,4.8,D,0
24.5353,89.1664,314.4,1.1,1.1,2009-12-16,0735,Aqua,MODIS,67,6.2,298.6,9.5,D,0
24.5229,89.1861,313.4,1.1,1.1,2009-12-16,0735,Aqua,MODIS,55,6.2,299.5,7.6,D,0
24.5244,89.1973,316.3,1.1,1.1,2009-12-16,0735,Aqua,MODIS,70,6.2,298.9,10.8,D,0
23.5563,89.6634,312.7,1.2,1.1,2009-12-16,0735,Aqua,MODIS,63,6.2,298.8,8.4,D,0
24.5206,89.2434,313.1,1.1,1.1,2009-12-16,0735,Aqua,MODIS,64,6.2,298.6,7.6,D,0
24.522,89.2546,313.2,1.1,1.1,2009-12-16,0735,Aqua,MODIS,65,6.2,298.2,7.8,D,0
24.4881,89.294,312.2,1.1,1.1,2009-12-16,0735,Aqua,MODIS,45,6.2,299.9,6.3,D,0
24.4895,89.3053,319.2,1.2,1.1,2009-12-16,0735,Aqua,MODIS,74,6.2,300.5,13.4,D,0
23.3244,89.7452,310,1.2,1.1,2009-12-16,0735,Aqua,MODIS,48,6.2,298.7,5.1,D,0
24.1682,91.2928,314.6,1,1,2009-12-18,0723,Aqua,MODIS,69,6.2,300.6,6,D,0
24.5794,89.1167,310.8,1,1,2009-12-18,0723,Aqua,MODIS,59,6.2,296.7,5.1,D,0
24.3282,89.9872,310.7,1,1,2009-12-18,0723,Aqua,MODIS,61,6.2,297.5,5.1,D,0
24.5419,91.2703,312.6,1,1,2009-12-18,0723,Aqua,MODIS,55,6.2,299.2,6.3,D,0
24.5405,91.2601,311,1,1,2009-12-18,0723,Aqua,MODIS,38,6.2,299,5.3,D,0
24.1418,91.2349,313.5,1,1,2009-12-18,0723,Aqua,MODIS,67,6.2,299.4,6.1,D,0
24.2813,90.0519,314.2,1,1,2009-12-18,0723,Aqua,MODIS,68,6.2,298.5,7.3,D,0
23.7287,90.8886,309.7,1.1,1.1,2009-12-20,0710,Aqua,MODIS,56,6.2,298.9,5.4,D,0
24.1869,91.3322,311.2,1.1,1,2009-12-20,0711,Aqua,MODIS,31,6.2,298.5,5,D,0
24.5366,91.3276,315.6,1.1,1,2009-12-20,0711,Aqua,MODIS,37,6.2,301.8,7.9,D,0
24.4765,89.3177,312.9,1.3,1.1,2009-12-20,0711,Aqua,MODIS,60,6.2,299.9,8.6,D,0
24.1972,91.277,322.1,1.1,1,2009-12-20,0711,Aqua,MODIS,79,6.2,301,15,D,0
24.591,91.5595,318.3,1,1,2009-12-20,0711,Aqua,MODIS,74,6.2,301.3,12.5,D,0
24.941,92.2973,314.5,1,1,2009-12-20,0711,Aqua,MODIS,68,6.2,299.4,8.9,D,0
24.1454,91.308,311.7,1.1,1,2009-12-20,0711,Aqua,MODIS,46,6.2,299.4,5.9,D,0
24.5195,91.2776,315,1.1,1,2009-12-20,0711,Aqua,MODIS,61,6.2,300.9,8.6,D,0
24.5211,91.288,316.8,1.1,1,2009-12-20,0711,Aqua,MODIS,61,6.2,300.4,9.4,D,0
24.4493,89.3938,313.5,1.3,1.1,2009-12-20,0711,Aqua,MODIS,66,6.2,298.9,9.7,D,0
24.5161,89.2437,312.1,1.3,1.1,2009-12-20,0711,Aqua,MODIS,55,6.2,299.8,8,D,0
24.0435,89.9843,308.7,1.2,1.1,2009-12-20,0711,Aqua,MODIS,55,6.2,296.6,6.9,D,0
24.4446,89.9292,311,1.2,1.1,2009-12-20,0711,Aqua,MODIS,62,6.2,299,7.6,D,0
24.9441,92.2563,313.1,1,1,2009-12-20,0711,Aqua,MODIS,66,6.2,298.4,7.4,D,0
24.0715,89.5335,309.4,1.3,1.1,2009-12-20,0711,Aqua,MODIS,57,6.2,297.2,7.5,D,0
24.4544,89.4001,309.6,2.3,1.5,2009-12-21,0754,Aqua,MODIS,56,6.2,297.8,16.1,D,0
24.5329,91.7571,312,1.4,1.2,2009-12-22,0658,Aqua,MODIS,68,6.2,298.5,11.5,D,0
24.5844,89.0688,308.8,1.4,1.2,2009-12-23,0741,Aqua,MODIS,50,6.2,298.4,7.2,D,0
24.586,89.0821,310.6,1.4,1.2,2009-12-23,0741,Aqua,MODIS,62,6.2,299.4,9.2,D,0
24.5028,89.2359,311.8,1.4,1.2,2009-12-23,0741,Aqua,MODIS,63,6.2,297.8,10.5,D,0
23.3338,89.7638,312.7,1,1,2009-12-25,0729,Aqua,MODIS,68,6.2,298.3,7.8,D,0
24.5764,88.1814,317.7,1,1,2009-12-25,0729,Aqua,MODIS,57,6.2,294.7,13.2,D,0
24.4438,89.4071,306.4,1,1,2009-12-25,0729,Aqua,MODIS,50,6.2,292.5,4,D,0
24.0947,89.4073,308.2,1,1,2009-12-25,0729,Aqua,MODIS,61,6.2,290.4,6.2,D,0
24.5274,91.3137,314.7,1,1,2009-12-27,0717,Aqua,MODIS,71,6.2,300.3,7.4,D,0
24.5007,91.3183,319.2,1,1,2009-12-27,0717,Aqua,MODIS,76,6.2,299.8,12.2,D,0
24.5021,91.3281,310.3,1,1,2009-12-27,0717,Aqua,MODIS,31,6.2,299.2,5.3,D,0
25.7794,89.4643,305.1,1,1,2009-12-28,0447,Terra,MODIS,57,6.2,294.4,4.6,D,0
24.1972,91.331,310.3,1.2,1.1,2009-12-29,0704,Aqua,MODIS,63,6.2,298.6,7.4,D,0
22.6222,92.1226,306.5,1.2,1.1,2009-12-29,0704,Aqua,MODIS,63,6.2,294.7,6.7,D,0
24.6137,89.0424,306.3,1.7,1.3,2009-12-29,0705,Aqua,MODIS,44,6.2,296.2,7.6,D,0
24.5828,89.1224,310.7,1.7,1.3,2009-12-29,0705,Aqua,MODIS,61,6.2,298.1,13.7,D,0
25.6755,89.7856,301,2.6,1.5,2009-12-31,0518,Terra,MODIS,0,6.2,285.1,8.4,D,0
