latitude,longitude,brightness,scan,track,acq_date,acq_time,satellite,instrument,confidence,version,bright_t31,frp,daynight,type
24.6164,91.8901,310.8,1,1,2008-01-07,0713,Aqua,MODIS,61,6.2,298.6,6,D,0
22.997,91.7615,313.3,1.1,1,2008-01-14,0719,Aqua,MODIS,70,6.2,297.7,9,D,0
22.9957,91.7514,311.9,1.1,1,2008-01-14,0719,Aqua,MODIS,68,6.2,297.7,7.7,D,0
22.9919,91.7605,341,1.1,1,2008-01-16,0707,Aqua,MODIS,92,6.2,298,46,D,0
22.9904,91.7503,320.2,1.1,1,2008-01-16,0707,Aqua,MODIS,78,6.2,296.9,16.2,D,0
24.1312,88.9716,305,1.5,1.2,2008-01-29,0506,Terra,MODIS,31,6.2,292.5,7.1,D,0
23.7022,90.4343,301.1,2.6,1.5,2008-02-01,1916,Aqua,MODIS,37,6.2,285.1,27.4,N,0
24.2102,91.3872,308.6,1.9,1.4,2008-02-04,0738,Aqua,MODIS,62,6.2,296.8,13.4,D,0
24.7822,92.118,310.9,1.4,1.2,2008-02-06,0726,Aqua,MODIS,64,6.2,297.1,8.8,D,0
25.0938,92.1994,326.9,1.4,1.2,2008-02-06,0726,Aqua,MODIS,83,6.2,296.9,32.5,D,0
25.0963,92.192,316.4,1.4,1.2,2008-02-06,0726,Aqua,MODIS,74,6.2,296.3,16.2,D,0
22.9385,91.7604,309.7,1.2,1.1,2008-02-06,0726,Aqua,MODIS,58,6.2,297.6,5,D,0
25.0979,92.2055,319.8,1.4,1.2,2008-02-06,0726,Aqua,MODIS,77,6.2,295.4,21.5,D,0
24.212,91.3937,307.7,1.7,1.3,2008-02-07,0500,Terra,MODIS,62,6.2,293.6,10.4,D,0
22.8383,91.7411,312.3,1,1,2008-02-08,0713,Aqua,MODIS,62,6.2,296.5,5.6,D,0
22.3316,92.2635,312.7,1,1,2008-02-08,0713,Aqua,MODIS,65,6.2,298.1,6.5,D,0
22.8369,91.7315,309.6,1,1,2008-02-08,0713,Aqua,MODIS,53,6.2,293.6,3.6,D,0
25.4387,89.6445,305.7,1.2,1.1,2008-02-11,0435,Terra,MODIS,0,6.2,294.9,6,D,0
25.388,89.7319,305.4,1.2,1.1,2008-02-11,0435,Terra,MODIS,0,6.2,295.1,6.5,D,0
25.4466,89.6526,305.4,1.9,1.3,2008-02-13,0423,Terra,MODIS,0,6.2,294.7,13.8,D,0
24.113,89.085,309.6,1.9,1.4,2008-02-13,0423,Terra,MODIS,65,6.2,295.6,17,D,0
24.1164,89.0924,311.1,1.9,1.4,2008-02-13,0423,Terra,MODIS,68,6.2,295.4,21.4,D,0
22.8411,91.7425,316.5,2,1.4,2008-02-15,0411,Terra,MODIS,77,6.2,294.6,33.7,D,0
21.1718,92.1033,308.5,1.1,1,2008-02-15,0719,Aqua,MODIS,49,6.2,298,5.2,D,0
22.9891,91.7625,310.2,1.1,1,2008-02-15,0720,Aqua,MODIS,48,6.2,299.8,5.7,D,0
25.6954,89.7136,305.9,1.1,1,2008-02-16,0453,Terra,MODIS,0,6.2,295.5,5.5,D,0
25.659,89.539,306.5,1.1,1,2008-02-16,0453,Terra,MODIS,32,6.2,295,5.3,D,0
25.4476,89.6474,306.6,1.1,1,2008-02-16,0453,Terra,MODIS,0,6.2,296,5.5,D,0
24.0969,88.8941,309.4,1,1,2008-02-16,0454,Terra,MODIS,39,6.2,298.4,6.7,D,0
24.2751,91.7853,303.4,1,1,2008-02-18,0441,Terra,MODIS,27,6.2,290.5,2.2,D,0
25.445,89.6538,309.7,1,1,2008-02-18,0441,Terra,MODIS,0,6.2,297.8,7.1,D,0
25.6942,89.7132,307,1,1,2008-02-18,0441,Terra,MODIS,0,6.2,295.9,5.6,D,0
21.6018,92.1357,311.1,1.5,1.2,2008-02-19,0655,Aqua,MODIS,66,6.2,300.4,7.9,D,0
21.6108,92.1395,312.6,1.5,1.2,2008-02-19,0655,Aqua,MODIS,69,6.2,300.3,10,D,0
23.7757,89.7111,309.5,2,1.4,2008-02-19,0655,Aqua,MODIS,49,6.2,294.9,14.8,D,0
22.7958,91.8455,313.5,2,1.4,2008-02-20,0738,Aqua,MODIS,67,6.2,298.1,19.5,D,0
24.1373,88.9852,312.8,1.9,1.3,2008-02-21,0512,Terra,MODIS,0,6.2,300.4,18.1,D,0
26.5238,88.4403,307.8,1.6,1.2,2008-02-21,0512,Terra,MODIS,57,6.2,296.1,8.2,D,0
21.8579,92.1527,317.1,2.5,1.5,2008-02-21,0643,Aqua,MODIS,77,6.2,297.9,43,D,0
23.7654,90.4202,306.4,1,1,2008-02-21,1608,Terra,MODIS,68,6.2,290.5,8.5,N,0
22.8495,91.8702,313.9,1.2,1.1,2008-02-22,0726,Aqua,MODIS,54,6.2,302.8,6.3,D,0
26.5225,88.4359,316.7,1.1,1,2008-02-23,0459,Terra,MODIS,71,6.2,298.2,10.4,D,0
26.5228,88.4329,311.9,1.1,1.1,2008-02-24,0715,Aqua,MODIS,58,6.2,297.2,5.9,D,0
25.8724,89.2394,310.7,1,1,2008-02-25,0447,Terra,MODIS,49,6.2,299.5,5.9,D,0
22.9461,91.7438,313,1.2,1.1,2008-02-26,0701,Aqua,MODIS,63,6.2,297,7.9,D,0
25.4409,89.653,313.4,1.2,1.1,2008-02-27,0435,Terra,MODIS,0,6.2,303.1,10.5,D,0
23.1121,92.1504,309.9,1,1,2008-02-27,0436,Terra,MODIS,61,6.2,297.4,5,D,0
23.1615,89.563,312.5,1.8,1.3,2008-02-27,0744,Aqua,MODIS,50,6.2,300.8,11.8,D,0
23.1595,89.5737,313.4,1.8,1.3,2008-02-27,0744,Aqua,MODIS,61,6.2,300.6,14.8,D,0
24.445,92.0934,317.2,1.7,1.3,2008-02-28,0649,Aqua,MODIS,72,6.2,299.3,23.3,D,0
24.4392,92.0945,300.5,1.1,1.1,2008-02-28,1615,Terra,MODIS,28,6.2,289.4,6,N,0
24.4485,92.093,310.2,1.1,1.1,2008-02-28,1615,Terra,MODIS,79,6.2,289.3,12.8,N,0
22.9418,91.7448,313.8,1.3,1.1,2008-02-29,0423,Terra,MODIS,68,6.2,300.5,9.7,D,0
24.147,91.4119,315.1,1.5,1.2,2008-02-29,0732,Aqua,MODIS,59,6.2,303.6,10,D,0
24.2035,91.6796,309,2.3,1.5,2008-03-01,0506,Terra,MODIS,60,6.2,296.8,13.4,D,0
24.0674,89.7775,308.5,2.9,1.6,2008-03-02,0411,Terra,MODIS,0,6.2,294.9,24.4,D,0
25.4714,89.6598,313.8,1.1,1,2008-03-03,0453,Terra,MODIS,0,6.2,300.9,8.4,D,0
25.0654,89.5902,314,1.1,1,2008-03-03,0453,Terra,MODIS,0,6.2,301.9,8.8,D,0
22.0741,92.1879,322,1,1,2008-03-04,0707,Aqua,MODIS,76,6.2,303.5,13.3,D,0
21.616,92.3258,312.6,1,1,2008-03-04,0707,Aqua,MODIS,61,6.2,302.1,4.5,D,0
23.1318,91.8633,313.8,1,1,2008-03-04,0707,Aqua,MODIS,62,6.2,303.1,5.5,D,0
22.5664,92.466,335.2,1.4,1.2,2008-03-06,0655,Aqua,MODIS,88,6.2,299.9,49.5,D,0
24.4524,89.8066,312.9,1.1,1,2008-03-09,0726,Aqua,MODIS,0,6.2,298.5,5.3,D,0
22.5252,91.7167,319.4,1.2,1.1,2008-03-09,0726,Aqua,MODIS,69,6.2,304.4,10.9,D,0
22.3729,92.1288,320.5,1.3,1.1,2008-03-09,0726,Aqua,MODIS,72,6.2,304.9,12.8,D,0
26.5186,88.4329,313.9,1,1,2008-03-09,0727,Aqua,MODIS,52,6.2,297.7,5.1,D,0
22.8272,92.3231,320.8,1,1,2008-03-11,0713,Aqua,MODIS,76,6.2,297.4,12.5,D,0
23.0882,89.5953,322,1.1,1,2008-03-11,0714,Aqua,MODIS,75,6.2,300.1,14.2,D,0
23.0926,89.589,323.8,1.1,1,2008-03-11,0714,Aqua,MODIS,77,6.2,299.9,17.1,D,0
23.0866,89.5847,320.9,1.1,1,2008-03-11,0714,Aqua,MODIS,74,6.2,299.4,13.3,D,0
23.021,92.2705,327.5,1.2,1.1,2008-03-13,0701,Aqua,MODIS,75,6.2,305.1,21,D,0
23.357,92.3365,343.2,1.1,1.1,2008-03-13,0701,Aqua,MODIS,92,6.2,304.7,50.1,D,0
22.3217,92.0748,317.5,1.2,1.1,2008-03-13,0701,Aqua,MODIS,62,6.2,298.7,10.5,D,0
23.3553,92.3257,335.6,1.1,1.1,2008-03-13,0701,Aqua,MODIS,87,6.2,304.5,35.4,D,0
26.5231,88.4369,311.3,1.5,1.2,2008-03-14,0435,Terra,MODIS,56,6.2,295.1,7.7,D,0
22.4453,92.4752,330.8,1.8,1.3,2008-03-15,0649,Aqua,MODIS,66,6.2,287.4,47.3,D,0
22.416,92.4455,361.3,1.8,1.3,2008-03-15,0649,Aqua,MODIS,100,6.2,299.1,191.7,D,0
22.4422,92.4576,362.9,1.8,1.3,2008-03-15,0649,Aqua,MODIS,100,6.2,296.3,195,D,0
22.3139,92.5278,331,1.8,1.3,2008-03-15,0649,Aqua,MODIS,0,6.2,278,44.9,D,0
22.4538,92.4555,324.2,1.8,1.3,2008-03-15,0649,Aqua,MODIS,67,6.2,286.7,30.6,D,0
23.4033,92.2745,312.7,1.7,1.3,2008-03-15,0649,Aqua,MODIS,28,6.2,298.9,13,D,0
22.5507,92.483,334.1,1.8,1.3,2008-03-15,0649,Aqua,MODIS,87,6.2,291.3,60.1,D,0
23.3964,91.9719,344,1.8,1.3,2008-03-15,0649,Aqua,MODIS,92,6.2,299.7,106.2,D,0
23.3932,91.954,333,1.8,1.3,2008-03-15,0649,Aqua,MODIS,86,6.2,299.2,63.1,D,0
23.4027,91.9634,318.8,1.8,1.3,2008-03-15,0649,Aqua,MODIS,73,6.2,299.5,24.2,D,0
23.5405,92.2548,325.8,1.7,1.3,2008-03-15,0649,Aqua,MODIS,81,6.2,298.8,41.5,D,0
22.5702,92.4718,327,1.8,1.3,2008-03-15,0649,Aqua,MODIS,71,6.2,286.6,41.5,D,0
23.5375,92.2384,317.5,1.7,1.3,2008-03-15,0649,Aqua,MODIS,72,6.2,298.2,23,D,0
23.5482,92.2488,317.4,1.7,1.3,2008-03-15,0649,Aqua,MODIS,71,6.2,298.3,22.2,D,0
22.855,92.3306,325.6,1.7,1.3,2008-03-16,0732,Aqua,MODIS,77,6.2,299.4,32.9,D,0
21.494,92.3005,317.9,1.6,1.2,2008-03-16,0732,Aqua,MODIS,72,6.2,288.8,15.6,D,0
22.5317,92.4961,321.3,1.7,1.3,2008-03-16,0732,Aqua,MODIS,42,6.2,302.2,21.8,D,0
22.5527,92.4758,327.5,1.7,1.3,2008-03-16,0732,Aqua,MODIS,69,6.2,302.7,33.8,D,0
22.551,92.4603,333,1.7,1.3,2008-03-16,0732,Aqua,MODIS,84,6.2,302.6,50.7,D,0
22.5395,92.4614,326.5,1.7,1.3,2008-03-16,0732,Aqua,MODIS,77,6.2,300.8,33.5,D,0
22.8531,92.3139,317.3,1.7,1.3,2008-03-16,0732,Aqua,MODIS,65,6.2,298.7,16.2,D,0
22.299,92.5444,346.8,2.9,1.6,2008-03-17,0637,Aqua,MODIS,93,6.2,296.6,240.3,D,0
22.2946,92.1458,313.8,3.1,1.7,2008-03-17,0637,Aqua,MODIS,58,6.2,299.1,31.4,D,0
22.2965,92.1497,315.2,3.1,1.7,2008-03-17,0637,Aqua,MODIS,62,6.2,299.2,36.7,D,0
22.2935,92.5168,324.4,3,1.6,2008-03-17,0637,Aqua,MODIS,77,6.2,295.9,80.2,D,0
22.532,92.4735,318.5,2.9,1.6,2008-03-17,0637,Aqua,MODIS,69,6.2,297.9,50,D,0
22.2846,92.5476,311.5,2.9,1.6,2008-03-17,0637,Aqua,MODIS,17,6.2,295.4,20.9,D,0
22.9999,91.9657,314.4,3.1,1.7,2008-03-17,0637,Aqua,MODIS,64,6.2,299.5,28.2,D,0
22.5313,92.4782,316,2.9,1.6,2008-03-17,0637,Aqua,MODIS,63,6.2,297.7,38.9,D,0
22.9983,91.9618,315.6,3.1,1.7,2008-03-17,0637,Aqua,MODIS,67,6.2,299.5,35.4,D,0
21.4915,92.2204,347.6,1.1,1,2008-03-18,0719,Aqua,MODIS,94,6.2,306.7,52.6,D,0
21.9342,92.1006,321.8,1.1,1,2008-03-18,0719,Aqua,MODIS,72,6.2,305.5,10.6,D,0
21.9523,92.3071,326.5,1.1,1,2008-03-18,0719,Aqua,MODIS,77,6.2,304,17.5,D,0
22.2593,92.5423,333.7,1.1,1.1,2008-03-18,0719,Aqua,MODIS,84,6.2,301.9,31.1,D,0
21.4929,92.2306,333,1.1,1,2008-03-18,0719,Aqua,MODIS,84,6.2,304.3,26.3,D,0
22.3479,92.5233,320.5,1.1,1.1,2008-03-18,0719,Aqua,MODIS,57,6.2,302.8,10.2,D,0
22.3573,92.5217,345.1,1.1,1.1,2008-03-18,0719,Aqua,MODIS,92,6.2,303.8,49.5,D,0
22.2579,92.5316,336.6,1.1,1.1,2008-03-18,0719,Aqua,MODIS,87,6.2,302.4,36.1,D,0
22.3181,92.4416,327.6,1.1,1,2008-03-18,0719,Aqua,MODIS,79,6.2,302.9,19.8,D,0
22.3559,92.5111,383.9,1.1,1.1,2008-03-18,0719,Aqua,MODIS,100,6.2,306.3,188.1,D,0
22.3167,92.4311,334.7,1.1,1,2008-03-18,0719,Aqua,MODIS,85,6.2,305.4,30.6,D,0
22.4392,92.5144,352.2,1.1,1.1,2008-03-18,0720,Aqua,MODIS,96,6.2,306.4,66,D,0
22.5731,92.4274,333.7,1.1,1.1,2008-03-18,0720,Aqua,MODIS,84,6.2,304.7,27.4,D,0
22.5745,92.438,347.4,1.1,1.1,2008-03-18,0720,Aqua,MODIS,93,6.2,306.5,54.3,D,0
22.5758,92.4485,340.9,1.1,1.1,2008-03-18,0720,Aqua,MODIS,90,6.2,305.4,39.7,D,0
22.5651,92.4395,355.5,1.1,1.1,2008-03-18,0720,Aqua,MODIS,98,6.2,306.1,75.7,D,0
22.5665,92.4501,320.9,1.1,1.1,2008-03-18,0720,Aqua,MODIS,56,6.2,304.2,9.2,D,0
22.549,92.4377,321.2,1.1,1.1,2008-03-18,0720,Aqua,MODIS,60,6.2,304.1,9.9,D,0
22.9779,92.1617,318.5,1.1,1,2008-03-18,0720,Aqua,MODIS,60,6.2,303.6,7.6,D,0
22.9765,92.1511,324.7,1.1,1,2008-03-18,0720,Aqua,MODIS,75,6.2,303.1,14.8,D,0
22.7981,91.6236,318.9,1,1,2008-03-18,0720,Aqua,MODIS,60,6.2,305.2,7.6,D,0
22.7995,91.6337,319.1,1,1,2008-03-18,0720,Aqua,MODIS,61,6.2,305,7.9,D,0
22.6097,91.7278,318.9,1.1,1,2008-03-18,0720,Aqua,MODIS,55,6.2,305.1,7.2,D,0
23.4386,92.2944,340.6,1.1,1.1,2008-03-18,0720,Aqua,MODIS,90,6.2,304.6,41.8,D,0
23.4466,92.282,372.1,1.1,1.1,2008-03-18,0720,Aqua,MODIS,100,6.2,306.5,133.8,D,0
23.4451,92.2708,352.8,1.1,1.1,2008-03-18,0720,Aqua,MODIS,96,6.2,305.3,69.5,D,0
23.4531,92.2855,341.2,1.1,1.1,2008-03-18,0720,Aqua,MODIS,90,6.2,300.3,44,D,0
23.4517,92.2745,364,1.1,1.1,2008-03-18,0720,Aqua,MODIS,100,6.2,308.4,104.8,D,0
23.4292,92.2959,320.9,1.1,1.1,2008-03-18,0720,Aqua,MODIS,70,6.2,303.2,12.2,D,0
23.3981,92.278,338.1,1.1,1.1,2008-03-18,0720,Aqua,MODIS,88,6.2,305.3,36.5,D,0
23.3995,92.2888,365.5,1.1,1.1,2008-03-18,0720,Aqua,MODIS,100,6.2,307.9,108.9,D,0
23.3887,92.2796,317.9,1.1,1.1,2008-03-18,0720,Aqua,MODIS,58,6.2,303.6,7.7,D,0
23.3901,92.2902,360.2,1.1,1.1,2008-03-18,0720,Aqua,MODIS,100,6.2,305.9,91.8,D,0
23.3807,92.2918,360.5,1.1,1.1,2008-03-18,0720,Aqua,MODIS,100,6.2,306.8,91.9,D,0
22.5387,92.5049,324.5,1.1,1.1,2008-03-18,0720,Aqua,MODIS,75,6.2,302.9,15.7,D,0
22.5719,92.4929,376,1.1,1.1,2008-03-18,0720,Aqua,MODIS,100,6.2,309.2,150.4,D,0
22.5705,92.4818,325.4,1.1,1.1,2008-03-18,0720,Aqua,MODIS,30,6.2,306.5,14.2,D,0
22.5814,92.4914,395.9,1.1,1.1,2008-03-18,0720,Aqua,MODIS,100,6.2,309.8,257.8,D,0
22.5799,92.4805,346.7,1.1,1.1,2008-03-18,0720,Aqua,MODIS,93,6.2,305.8,51.9,D,0
23.3779,91.9778,367.8,1.1,1,2008-03-18,0720,Aqua,MODIS,100,6.2,309.4,110.1,D,0
23.3886,91.9869,352.9,1.1,1,2008-03-18,0720,Aqua,MODIS,96,6.2,306.6,64.6,D,0
23.3872,91.9763,325.2,1.1,1,2008-03-18,0720,Aqua,MODIS,65,6.2,305.5,13.1,D,0
23.3979,91.9853,339.4,1.1,1,2008-03-18,0720,Aqua,MODIS,89,6.2,303.6,35.4,D,0
22.8369,91.5698,321.8,1,1,2008-03-18,0720,Aqua,MODIS,55,6.2,305.9,9.2,D,0
23.6188,92.0723,316,1.1,1,2008-03-18,0720,Aqua,MODIS,59,6.2,302,7.8,D,0
23.3151,92.341,320.6,1.1,1.1,2008-03-18,0720,Aqua,MODIS,69,6.2,304.3,9.4,D,0
23.3246,92.3397,437.8,1.1,1.1,2008-03-18,0720,Aqua,MODIS,100,6.2,319.4,653.1,D,0
23.3231,92.3287,389.4,1.1,1.1,2008-03-18,0720,Aqua,MODIS,100,6.2,311.5,217.8,D,0
23.334,92.3383,352.9,1.1,1.1,2008-03-18,0720,Aqua,MODIS,96,6.2,305.4,65.2,D,0
23.3326,92.3274,328.5,1.1,1.1,2008-03-18,0720,Aqua,MODIS,53,6.2,304.7,17,D,0
23.3543,92.3463,350,1.1,1.1,2008-03-18,0720,Aqua,MODIS,95,6.2,305.6,60.9,D,0
23.3514,92.3245,323.5,1.1,1.1,2008-03-18,0720,Aqua,MODIS,60,6.2,305.9,12.7,D,0
23.35,92.3134,334.2,1.1,1.1,2008-03-18,0720,Aqua,MODIS,85,6.2,306.6,29,D,0
23.3821,92.3028,349.6,1.1,1.1,2008-03-18,0720,Aqua,MODIS,95,6.2,304.9,61,D,0
22.8382,91.5799,325.4,1,1,2008-03-18,0720,Aqua,MODIS,72,6.2,305.6,14,D,0
22.8277,91.5713,321.4,1,1,2008-03-18,0720,Aqua,MODIS,31,6.2,306.5,8.2,D,0
23.6059,92.2437,317.4,1.1,1.1,2008-03-18,0720,Aqua,MODIS,63,6.2,300.8,9.1,D,0
23.0398,92.2712,340.5,1.1,1,2008-03-18,0720,Aqua,MODIS,89,6.2,305.3,40,D,0
23.0384,92.2606,321.5,1.1,1,2008-03-18,0720,Aqua,MODIS,53,6.2,305.9,10.2,D,0
23.6196,91.9318,315.7,1.1,1,2008-03-18,0720,Aqua,MODIS,57,6.2,303.2,6.3,D,0
22.4672,92.4715,325.2,1.1,1.1,2008-03-18,0720,Aqua,MODIS,76,6.2,304.7,16.5,D,0
22.4685,92.4818,318.3,1.1,1.1,2008-03-18,0720,Aqua,MODIS,35,6.2,302.2,7.3,D,0
22.4618,92.4673,352.8,1.1,1.1,2008-03-18,0720,Aqua,MODIS,96,6.2,304.9,67.2,D,0
22.4632,92.4777,392.1,1.1,1.1,2008-03-18,0720,Aqua,MODIS,100,6.2,307.4,232.3,D,0
22.4444,92.4805,329.5,1.1,1.1,2008-03-18,0720,Aqua,MODIS,67,6.2,301.6,19.1,D,0
22.4323,92.4611,341.7,1.1,1.1,2008-03-18,0720,Aqua,MODIS,90,6.2,303.4,40.6,D,0
22.4148,92.4743,390.3,1.1,1.1,2008-03-18,0720,Aqua,MODIS,100,6.2,310.8,219.9,D,0
22.4162,92.485,424.6,1.1,1.1,2008-03-18,0720,Aqua,MODIS,100,6.2,314.4,495,D,0
22.4055,92.4758,338.8,1.1,1.1,2008-03-18,0720,Aqua,MODIS,88,6.2,303.4,36.1,D,0
22.4458,92.4911,324.5,1.1,1.1,2008-03-18,0720,Aqua,MODIS,28,6.2,301.3,12.6,D,0
22.4068,92.4864,414.2,1.1,1.1,2008-03-18,0720,Aqua,MODIS,100,6.2,310.1,395.7,D,0
24.1699,90.363,319.3,1,1,2008-03-18,0720,Aqua,MODIS,66,6.2,303.4,7.2,D,0
22.796,91.9572,333.9,1.1,1,2008-03-18,0720,Aqua,MODIS,84,6.2,305.9,27,D,0
22.7946,91.9469,318.9,1.1,1,2008-03-18,0720,Aqua,MODIS,60,6.2,304.3,7.5,D,0
23.3943,92.3233,317.4,1.1,1.1,2008-03-18,0720,Aqua,MODIS,61,6.2,303.3,8.3,D,0
22.4201,92.4413,343.1,1.1,1,2008-03-18,0720,Aqua,MODIS,91,6.2,305.4,45,D,0
22.4187,92.4304,328.7,1.1,1,2008-03-18,0720,Aqua,MODIS,79,6.2,305.4,20.2,D,0
22.482,92.4372,322.2,1.1,1.1,2008-03-18,0720,Aqua,MODIS,71,6.2,304.9,11.6,D,0
22.4954,92.4673,367.2,1.1,1.1,2008-03-18,0720,Aqua,MODIS,100,6.2,305.9,114.4,D,0
22.4941,92.4568,331.3,1.1,1.1,2008-03-18,0720,Aqua,MODIS,82,6.2,303.5,23.4,D,0
22.509,92.498,355.1,1.1,1.1,2008-03-18,0720,Aqua,MODIS,97,6.2,304.8,74.6,D,0
22.5048,92.466,339.4,1.1,1.1,2008-03-18,0720,Aqua,MODIS,88,6.2,303.8,37.8,D,0
22.5035,92.4555,363.4,1.1,1.1,2008-03-18,0720,Aqua,MODIS,100,6.2,305.8,99.1,D,0
22.5142,92.4645,343.8,1.1,1.1,2008-03-18,0720,Aqua,MODIS,91,6.2,302,46.9,D,0
22.5129,92.454,395.7,1.1,1.1,2008-03-18,0720,Aqua,MODIS,100,6.2,309,254.9,D,0
22.4822,92.5134,333.5,1.1,1.1,2008-03-18,0720,Aqua,MODIS,84,6.2,303.8,27.2,D,0
22.4728,92.5148,328.5,1.1,1.1,2008-03-18,0720,Aqua,MODIS,79,6.2,301.5,20,D,0
22.5021,92.4449,333.7,1.1,1.1,2008-03-18,0720,Aqua,MODIS,84,6.2,304.6,26.4,D,0
22.5115,92.4434,338.2,1.1,1.1,2008-03-18,0720,Aqua,MODIS,88,6.2,304.7,35.1,D,0
22.4487,92.513,341.7,1.1,1.1,2008-03-18,0720,Aqua,MODIS,90,6.2,304.8,42.1,D,0
22.4501,92.524,345.2,1.1,1.1,2008-03-18,0720,Aqua,MODIS,92,6.2,302.8,51.5,D,0
22.4407,92.5254,340,1.1,1.1,2008-03-18,0720,Aqua,MODIS,89,6.2,304.5,40.2,D,0
22.4806,92.4265,351.2,1.1,1,2008-03-18,0720,Aqua,MODIS,95,6.2,305.7,64,D,0
22.4082,92.4969,337.2,1.1,1.1,2008-03-18,0720,Aqua,MODIS,87,6.2,302.3,33.2,D,0
22.4189,92.5058,322.5,1.1,1.1,2008-03-18,0720,Aqua,MODIS,61,6.2,297.5,11.9,D,0
22.4176,92.4953,343.9,1.1,1.1,2008-03-18,0720,Aqua,MODIS,91,6.2,303.1,45.5,D,0
22.4916,92.512,335.6,1.1,1.1,2008-03-18,0720,Aqua,MODIS,86,6.2,304.9,30.8,D,0
22.4902,92.501,324.9,1.1,1.1,2008-03-18,0720,Aqua,MODIS,28,6.2,304.1,13.7,D,0
22.4996,92.4995,323,1.1,1.1,2008-03-18,0720,Aqua,MODIS,39,6.2,304.4,12.1,D,0
23.8335,89.5651,320,1.1,1,2008-03-19,0454,Terra,MODIS,52,6.2,305.1,8,D,0
23.3447,92.2851,314.9,4.8,2,2008-03-19,0625,Aqua,MODIS,65,6.2,295.5,77.7,D,0
22.6282,92.4397,301.8,1.4,1.2,2008-03-19,1549,Terra,MODIS,30,6.2,290.3,6.4,N,0
22.6202,92.4563,309.2,1.4,1.2,2008-03-19,1549,Terra,MODIS,77,6.2,291,14.2,N,0
22.6178,92.4419,314.9,1.4,1.2,2008-03-19,1549,Terra,MODIS,90,6.2,290.3,21.7,N,0
22.798,92.3504,307.7,1.4,1.2,2008-03-19,1550,Terra,MODIS,72,6.2,288.7,14.2,N,0
22.825,92.3169,309.6,1.4,1.2,2008-03-19,1550,Terra,MODIS,78,6.2,291.9,14.2,N,0
22.8291,92.3091,302.3,1.4,1.2,2008-03-19,1550,Terra,MODIS,48,6.2,291.5,7.2,N,0
22.182,92.5508,357.2,1,1,2008-03-20,0707,Aqua,MODIS,98,6.2,302.6,73.6,D,0
22.1806,92.541,387.8,1,1,2008-03-20,0707,Aqua,MODIS,100,6.2,307.2,186,D,0
22.4569,92.4735,320.1,1,1,2008-03-20,0707,Aqua,MODIS,60,6.2,301.1,9.1,D,0
22.4554,92.4637,348.5,1,1,2008-03-20,0707,Aqua,MODIS,94,6.2,302.7,51.9,D,0
22.4644,92.4621,322.3,1,1,2008-03-20,0707,Aqua,MODIS,74,6.2,300.6,11.6,D,0
22.3555,92.4776,340.5,1,1,2008-03-20,0707,Aqua,MODIS,90,6.2,304.1,36.9,D,0
24.2238,91.8926,313.9,1,1,2008-03-20,0708,Aqua,MODIS,0,6.2,288.6,9.1,D,0
25.0957,89.6054,312.6,1,1,2008-03-21,0441,Terra,MODIS,0,6.2,299.1,5.8,D,0
23.6323,92.0024,319.8,1.4,1.2,2008-03-22,0655,Aqua,MODIS,75,6.2,296.3,20.6,D,0
23.6035,92.0239,321.2,1.4,1.2,2008-03-22,0655,Aqua,MODIS,76,6.2,296.6,23.6,D,0
22.6195,92.4494,347.2,1.4,1.2,2008-03-22,0655,Aqua,MODIS,89,6.2,297.5,78.9,D,0
21.3411,92.062,315.7,1.6,1.2,2008-03-22,0655,Aqua,MODIS,58,6.2,302.3,10.6,D,0
23.6348,92.0171,318.4,1.4,1.2,2008-03-22,0655,Aqua,MODIS,73,6.2,293.4,18.4,D,0
22.5861,92.4414,326.4,1.4,1.2,2008-03-22,0655,Aqua,MODIS,76,6.2,293.2,30.2,D,0
22.6247,92.4425,322.3,1.4,1.2,2008-03-22,0655,Aqua,MODIS,27,6.2,294.2,21.1,D,0
22.6271,92.4565,338.9,1.4,1.2,2008-03-22,0655,Aqua,MODIS,84,6.2,297,56.4,D,0
21.5079,92.3443,339.9,1.5,1.2,2008-03-22,0655,Aqua,MODIS,90,6.2,301.3,63.4,D,0
22.7702,91.696,331.9,1.1,1,2008-03-23,0429,Terra,MODIS,85,6.2,296.8,26.2,D,0
22.6222,92.4283,312.3,1,1,2008-03-23,0429,Terra,MODIS,47,6.2,291.7,5.2,D,0
21.1493,92.1319,320.9,1.4,1.2,2008-03-25,0417,Terra,MODIS,71,6.2,300.6,14,D,0
21.1476,92.1454,320.8,1.4,1.2,2008-03-25,0417,Terra,MODIS,66,6.2,300.9,14.3,D,0
21.1431,92.1381,325.2,1.4,1.2,2008-03-25,0417,Terra,MODIS,75,6.2,300.7,21.1,D,0
21.3447,92.1736,325.2,1.2,1.1,2008-03-25,0725,Aqua,MODIS,75,6.2,303.2,15.1,D,0
21.3348,92.1751,334.8,1.2,1.1,2008-03-25,0725,Aqua,MODIS,85,6.2,304,32,D,0
21.3363,92.1867,322.7,1.2,1.1,2008-03-25,0725,Aqua,MODIS,71,6.2,301.2,11.5,D,0
21.5366,92.2436,322.1,1.3,1.1,2008-03-25,0725,Aqua,MODIS,46,6.2,300.1,11.9,D,0
21.1363,92.1324,336.2,1.2,1.1,2008-03-25,0725,Aqua,MODIS,86,6.2,303.3,34.7,D,0
21.1575,92.1413,326.5,1.2,1.1,2008-03-25,0725,Aqua,MODIS,77,6.2,304.3,16.9,D,0
21.5466,92.2421,369.9,1.3,1.1,2008-03-25,0725,Aqua,MODIS,100,6.2,303.3,145.3,D,0
21.5351,92.2314,324.7,1.3,1.1,2008-03-25,0725,Aqua,MODIS,57,6.2,301.4,15.2,D,0
21.1377,92.1441,336.2,1.2,1.1,2008-03-25,0725,Aqua,MODIS,86,6.2,302.7,34.9,D,0
21.5451,92.23,341.2,1.3,1.1,2008-03-25,0725,Aqua,MODIS,90,6.2,302.2,45.8,D,0
21.5236,92.2208,324.5,1.3,1.1,2008-03-25,0725,Aqua,MODIS,49,6.2,302.3,14.8,D,0
21.2023,92.0989,325.5,1.2,1.1,2008-03-25,0725,Aqua,MODIS,75,6.2,301.2,17.5,D,0
22.2793,92.413,326,1.3,1.1,2008-03-25,0726,Aqua,MODIS,52,6.2,299.9,19.1,D,0
22.3565,92.3857,325.7,1.3,1.1,2008-03-25,0726,Aqua,MODIS,75,6.2,304.7,17.7,D,0
22.4536,92.5004,353.2,1.3,1.1,2008-03-25,0726,Aqua,MODIS,96,6.2,303.5,90.9,D,0
22.4979,92.4493,326.4,1.3,1.1,2008-03-25,0726,Aqua,MODIS,76,6.2,303.3,21.6,D,0
22.4433,92.5016,353.6,1.3,1.1,2008-03-25,0726,Aqua,MODIS,97,6.2,304.7,91.6,D,0
22.4553,92.5143,349.1,1.3,1.1,2008-03-25,0726,Aqua,MODIS,94,6.2,301.6,75.6,D,0
22.358,92.3985,332.9,1.3,1.1,2008-03-25,0726,Aqua,MODIS,83,6.2,303.6,31.3,D,0
22.3375,92.3804,382,1.3,1.1,2008-03-25,0726,Aqua,MODIS,100,6.2,307.9,224.5,D,0
22.2911,92.4249,348.9,1.3,1.1,2008-03-25,0726,Aqua,MODIS,94,6.2,303.8,73.6,D,0
22.3045,92.4494,348.8,1.3,1.1,2008-03-25,0726,Aqua,MODIS,94,6.2,304,72.7,D,0
22.2916,92.5157,325.9,1.3,1.1,2008-03-25,0726,Aqua,MODIS,26,6.2,297.2,20.1,D,0
22.4964,92.4367,330.7,1.3,1.1,2008-03-25,0726,Aqua,MODIS,81,6.2,304.3,28.9,D,0
22.2902,92.5036,348.2,1.3,1.1,2008-03-25,0726,Aqua,MODIS,71,6.2,299,72.3,D,0
22.5168,92.4336,344.8,1.3,1.1,2008-03-25,0726,Aqua,MODIS,92,6.2,304.5,61.9,D,0
22.452,92.4876,321.7,1.3,1.1,2008-03-25,0726,Aqua,MODIS,64,6.2,302.9,13.3,D,0
22.4512,92.4938,334.5,1.3,1.1,2008-03-25,0726,Aqua,MODIS,84,6.2,304,36.7,D,0
22.3239,92.524,363.3,1.3,1.1,2008-03-25,0726,Aqua,MODIS,100,6.2,303.2,130.1,D,0
23.2621,91.9651,328.9,1.3,1.1,2008-03-25,0726,Aqua,MODIS,69,6.2,304.2,22.6,D,0
23.1013,92.0635,333,1.3,1.1,2008-03-25,0726,Aqua,MODIS,84,6.2,303.7,33.5,D,0
22.4543,92.5209,333.2,1.3,1.1,2008-03-25,0726,Aqua,MODIS,83,6.2,300,35.1,D,0
22.3255,92.5374,333.9,1.3,1.1,2008-03-25,0726,Aqua,MODIS,79,6.2,299.1,35.4,D,0
22.9989,91.9704,341.6,1.3,1.1,2008-03-25,0726,Aqua,MODIS,90,6.2,299.2,48.4,D,0
22.3092,92.4881,332.1,1.3,1.1,2008-03-25,0726,Aqua,MODIS,83,6.2,302.5,31.7,D,0
22.3107,92.5008,326,1.3,1.1,2008-03-25,0726,Aqua,MODIS,47,6.2,301.1,20.1,D,0
22.3153,92.5387,316.8,1.3,1.1,2008-03-25,0726,Aqua,MODIS,42,6.2,292.7,8.1,D,0
22.3116,92.4228,332.9,1.3,1.1,2008-03-25,0726,Aqua,MODIS,82,6.2,302.9,32.1,D,0
22.3137,92.5257,324.3,1.3,1.1,2008-03-25,0726,Aqua,MODIS,74,6.2,301.6,19.9,D,0
22.5738,92.4983,326.6,1.3,1.1,2008-03-25,0726,Aqua,MODIS,76,6.2,305.5,20.4,D,0
22.4631,92.5062,326.2,1.3,1.1,2008-03-25,0726,Aqua,MODIS,48,6.2,302.4,19.9,D,0
22.3682,92.3969,361.4,1.3,1.1,2008-03-25,0726,Aqua,MODIS,100,6.2,306,117.6,D,0
22.5635,92.4998,345.1,1.3,1.1,2008-03-25,0726,Aqua,MODIS,92,6.2,306.1,62.7,D,0
22.3667,92.3842,337.3,1.3,1.1,2008-03-25,0726,Aqua,MODIS,87,6.2,305.3,41.4,D,0
22.445,92.5155,331.7,1.3,1.1,2008-03-25,0726,Aqua,MODIS,82,6.2,300.5,31.1,D,0
23.0461,91.9458,345.1,1.3,1.1,2008-03-25,0726,Aqua,MODIS,92,6.2,305.3,57.8,D,0
23.0447,91.9339,327.4,1.3,1.1,2008-03-25,0726,Aqua,MODIS,78,6.2,304.7,19.7,D,0
22.3531,92.507,333.1,1.3,1.1,2008-03-25,0726,Aqua,MODIS,83,6.2,302.6,35.2,D,0
22.4814,92.3989,321.2,1.3,1.1,2008-03-25,0726,Aqua,MODIS,67,6.2,304.6,12.6,D,0
22.3132,92.4357,337.1,1.3,1.1,2008-03-25,0726,Aqua,MODIS,87,6.2,304.5,41.1,D,0
22.4733,92.5047,317.8,1.3,1.1,2008-03-25,0726,Aqua,MODIS,27,6.2,302.1,8.4,D,0
22.4142,92.5196,321.8,1.3,1.1,2008-03-25,0726,Aqua,MODIS,69,6.2,300.4,15.2,D,0
22.4527,92.5072,335.5,1.3,1.1,2008-03-25,0726,Aqua,MODIS,84,6.2,302.1,38.1,D,0
23.2957,91.8164,319,1.3,1.1,2008-03-25,0726,Aqua,MODIS,47,6.2,302.7,8.2,D,0
22.4055,92.5346,374.5,1.3,1.1,2008-03-25,0726,Aqua,MODIS,100,6.2,301.8,189.4,D,0
22.433,92.5029,328.1,1.3,1.1,2008-03-25,0726,Aqua,MODIS,61,6.2,301.1,23.3,D,0
22.7902,92.4294,319.6,1.3,1.1,2008-03-25,0726,Aqua,MODIS,64,6.2,305.6,10.8,D,0
22.563,92.4086,363.7,1.3,1.1,2008-03-25,0726,Aqua,MODIS,100,6.2,305.1,129.5,D,0
22.4831,92.4123,344.5,1.3,1.1,2008-03-25,0726,Aqua,MODIS,91,6.2,302.7,61.7,D,0
22.2895,92.4115,328.2,1.3,1.1,2008-03-25,0726,Aqua,MODIS,75,6.2,302,23.7,D,0
22.5558,92.4356,321.6,1.3,1.1,2008-03-25,0726,Aqua,MODIS,56,6.2,299,11.9,D,0
22.5383,92.4631,333.4,1.3,1.1,2008-03-25,0726,Aqua,MODIS,83,6.2,304.6,33.5,D,0
22.7647,91.9678,317.8,1.3,1.1,2008-03-25,0726,Aqua,MODIS,59,6.2,303.4,8.6,D,0
22.5615,92.3959,319.7,1.3,1.1,2008-03-25,0726,Aqua,MODIS,16,6.2,303.6,9.8,D,0
22.9889,91.9717,333.9,1.3,1.1,2008-03-25,0726,Aqua,MODIS,83,6.2,301.9,33.2,D,0
23.2636,91.9774,342.6,1.3,1.1,2008-03-25,0726,Aqua,MODIS,91,6.2,304,52.7,D,0
22.5813,92.3027,319.3,1.3,1.1,2008-03-25,0726,Aqua,MODIS,63,6.2,303.9,9,D,0
22.5797,92.2902,318.8,1.3,1.1,2008-03-25,0726,Aqua,MODIS,61,6.2,304.6,8.9,D,0
22.4348,92.517,339.5,1.3,1.1,2008-03-25,0726,Aqua,MODIS,88,6.2,298.9,48.6,D,0
22.5316,92.4691,339.6,1.3,1.1,2008-03-25,0726,Aqua,MODIS,88,6.2,303,48.5,D,0
22.5184,92.4465,327.1,1.3,1.1,2008-03-25,0726,Aqua,MODIS,77,6.2,303.2,21.9,D,0
22.3383,92.4711,333.6,1.3,1.1,2008-03-25,0726,Aqua,MODIS,84,6.2,305.4,33.7,D,0
23.048,92.0464,318.4,1.3,1.1,2008-03-25,0726,Aqua,MODIS,64,6.2,302.7,8,D,0
22.6321,92.4627,326.7,1.3,1.1,2008-03-25,0726,Aqua,MODIS,74,6.2,303.8,19.4,D,0
22.6312,92.4697,323,1.3,1.1,2008-03-25,0726,Aqua,MODIS,70,6.2,302.8,15.4,D,0
22.265,92.4671,371.2,1.3,1.1,2008-03-25,0726,Aqua,MODIS,75,6.2,295,166.5,D,0
22.2753,92.466,421.5,1.3,1.1,2008-03-25,0726,Aqua,MODIS,87,6.2,303.7,599.4,D,0
22.3399,92.484,370.2,1.3,1.1,2008-03-25,0726,Aqua,MODIS,100,6.2,306.6,161,D,0
22.2185,92.4166,318.3,1.3,1.1,2008-03-25,0726,Aqua,MODIS,55,6.2,301,9.2,D,0
22.2287,92.4153,339.9,1.3,1.1,2008-03-25,0726,Aqua,MODIS,89,6.2,302.5,48.8,D,0
23.0827,89.5899,323.5,1,1,2008-03-25,0726,Aqua,MODIS,37,6.2,305.3,10.7,D,0
22.3517,92.4951,330.6,1.3,1.1,2008-03-25,0726,Aqua,MODIS,81,6.2,303.4,29.4,D,0
22.3747,92.5388,325.4,1.3,1.1,2008-03-25,0726,Aqua,MODIS,75,6.2,302.6,21.8,D,0
23.0914,89.593,323.5,1,1,2008-03-25,0726,Aqua,MODIS,57,6.2,306,11.1,D,0
22.5302,92.4574,331.6,1.3,1.1,2008-03-25,0726,Aqua,MODIS,82,6.2,303.5,31,D,0
23.0901,89.5831,324.9,1,1,2008-03-25,0726,Aqua,MODIS,66,6.2,306.3,13.2,D,0
22.2272,92.4028,332.6,1.3,1.1,2008-03-25,0726,Aqua,MODIS,83,6.2,303.4,31.5,D,0
22.4646,92.5195,373.4,1.3,1.1,2008-03-25,0726,Aqua,MODIS,100,6.2,303.9,182,D,0
22.2655,92.4611,394.4,1.3,1.1,2008-03-25,0726,Aqua,MODIS,100,6.2,302.9,319.5,D,0
22.2738,92.4537,377,1.3,1.1,2008-03-25,0726,Aqua,MODIS,100,6.2,304.7,196.4,D,0
22.2723,92.4404,340.7,1.3,1.1,2008-03-25,0726,Aqua,MODIS,89,6.2,299.7,50.6,D,0
22.2855,92.4642,390.9,1.3,1.1,2008-03-25,0726,Aqua,MODIS,94,6.2,305,289.5,D,0
22.2841,92.4524,372.9,1.3,1.1,2008-03-25,0726,Aqua,MODIS,100,6.2,305.6,173.3,D,0
22.2825,92.4396,343.2,1.3,1.1,2008-03-25,0726,Aqua,MODIS,91,6.2,303,57.2,D,0
22.2808,92.4254,360.7,1.3,1.1,2008-03-25,0726,Aqua,MODIS,100,6.2,301.9,114.9,D,0
22.2957,92.4628,350.8,1.3,1.1,2008-03-25,0726,Aqua,MODIS,95,6.2,300.3,78.4,D,0
22.2943,92.4508,360.2,1.3,1.1,2008-03-25,0726,Aqua,MODIS,100,6.2,304.6,113.8,D,0
22.2928,92.4386,341,1.3,1.1,2008-03-25,0726,Aqua,MODIS,89,6.2,303.9,51.2,D,0
22.3059,92.4616,326.4,1.3,1.1,2008-03-25,0726,Aqua,MODIS,37,6.2,299.2,18.4,D,0
23.245,91.9925,321.7,1.3,1.1,2008-03-25,0726,Aqua,MODIS,44,6.2,302.6,12.5,D,0
23.2067,92.0037,317.9,1.3,1.1,2008-03-25,0726,Aqua,MODIS,58,6.2,301.2,7.6,D,0
22.339,92.3929,342.5,1.3,1.1,2008-03-25,0726,Aqua,MODIS,90,6.2,302.6,53.9,D,0
22.3162,92.4602,333.5,1.3,1.1,2008-03-25,0726,Aqua,MODIS,84,6.2,302.1,32.8,D,0
22.3147,92.4478,387.2,1.3,1.1,2008-03-25,0726,Aqua,MODIS,100,6.2,309.5,261.5,D,0
22.3272,92.3814,328.6,1.3,1.1,2008-03-25,0726,Aqua,MODIS,79,6.2,302.5,24.6,D,0
22.3429,92.5087,317.6,1.3,1.1,2008-03-25,0726,Aqua,MODIS,23,6.2,300.9,8,D,0
22.3414,92.4966,342.1,1.3,1.1,2008-03-25,0726,Aqua,MODIS,90,6.2,303.3,55.8,D,0
23.2293,92.0017,315.1,1.9,1.3,2008-03-26,0500,Terra,MODIS,58,6.2,292.4,18,D,0
22.4074,92.521,314.6,2.2,1.4,2008-03-26,0500,Terra,MODIS,58,6.2,296.1,22.2,D,0
23.234,92.0086,319.8,1.9,1.3,2008-03-26,0500,Terra,MODIS,72,6.2,292.3,30.3,D,0
21.4748,92.3424,345.1,4.1,1.9,2008-03-26,0630,Aqua,MODIS,91,6.2,291.3,359.6,D,0
21.4872,92.3486,330,4.1,1.9,2008-03-26,0630,Aqua,MODIS,78,6.2,290.9,175.1,D,0
21.5991,92.2727,321.7,4.1,1.9,2008-03-26,0630,Aqua,MODIS,28,6.2,294.2,90.9,D,0
21.6028,92.2678,324.2,4.1,1.9,2008-03-26,0630,Aqua,MODIS,70,6.2,294.4,119.3,D,0
21.5937,92.2251,323.8,4.2,1.9,2008-03-26,0630,Aqua,MODIS,69,6.2,292.1,117.6,D,0
22.4337,92.2902,314.6,3.9,1.8,2008-03-26,0631,Aqua,MODIS,38,6.2,295.4,49.1,D,0
22.187,92.5603,350.3,3.8,1.8,2008-03-26,0631,Aqua,MODIS,95,6.2,293.9,399.4,D,0
22.1965,92.5625,355.9,3.8,1.8,2008-03-26,0631,Aqua,MODIS,98,6.2,295.6,490.7,D,0
22.4185,92.4302,375.3,1,1,2008-03-27,0713,Aqua,MODIS,75,6.2,300.6,125.8,D,0
21.4913,92.4471,324.4,1,1,2008-03-27,0713,Aqua,MODIS,76,6.2,299.3,13.5,D,0
22.3813,92.4913,328.1,1,1,2008-03-27,0713,Aqua,MODIS,72,6.2,294.5,17.2,D,0
21.5438,92.3016,328,1,1,2008-03-27,0713,Aqua,MODIS,80,6.2,301.8,18.1,D,0
22.3369,92.3702,386.2,1,1,2008-03-27,0713,Aqua,MODIS,87,6.2,291.2,175.1,D,0
22.4518,92.2766,331.7,1,1,2008-03-27,0713,Aqua,MODIS,63,6.2,294,21.6,D,0
22.3979,92.4787,322.5,1,1,2008-03-27,0713,Aqua,MODIS,53,6.2,296.3,11,D,0
22.6168,92.3356,332.4,1,1,2008-03-27,0713,Aqua,MODIS,84,6.2,298.2,22.2,D,0
21.8143,92.5814,321.9,1,1,2008-03-27,0713,Aqua,MODIS,72,6.2,300.8,11.4,D,0
21.5527,92.3001,344.7,1,1,2008-03-27,0713,Aqua,MODIS,92,6.2,299.9,43.6,D,0
22.6154,92.326,326.7,1,1,2008-03-27,0713,Aqua,MODIS,78,6.2,298.4,14,D,0
22.4366,92.2987,328.8,1,1,2008-03-27,0713,Aqua,MODIS,81,6.2,298.2,18.5,D,0
22.4469,92.3069,316.1,1,1,2008-03-27,0713,Aqua,MODIS,32,6.2,292.9,4.2,D,0
22.6329,92.1257,325.1,1,1,2008-03-27,0713,Aqua,MODIS,77,6.2,298.8,13.4,D,0
22.6689,92.1131,320.9,1,1,2008-03-27,0713,Aqua,MODIS,59,6.2,298.9,8.3,D,0
22.4456,92.2972,352.8,1,1,2008-03-27,0713,Aqua,MODIS,73,6.2,295.3,58.6,D,0
22.4439,92.416,328.1,1,1,2008-03-27,0713,Aqua,MODIS,70,6.2,298.2,18.3,D,0
21.556,92.1856,319.3,1,1,2008-03-27,0713,Aqua,MODIS,69,6.2,301.4,7.3,D,0
22.3472,92.3784,333.5,1,1,2008-03-27,0713,Aqua,MODIS,85,6.2,289.5,27.7,D,0
21.467,92.2752,318.4,1,1,2008-03-27,0713,Aqua,MODIS,64,6.2,299.4,7.9,D,0
21.5226,92.2172,315.9,1,1,2008-03-27,0713,Aqua,MODIS,57,6.2,297.6,5.6,D,0
21.4532,92.2441,339.1,1,1,2008-03-27,0713,Aqua,MODIS,89,6.2,302.7,32.3,D,0
22.6024,92.2986,320.7,1,1,2008-03-27,0713,Aqua,MODIS,51,6.2,299.5,7.7,D,0
22.3383,92.3799,333.7,1,1,2008-03-27,0713,Aqua,MODIS,81,6.2,289,28.8,D,0
22.3459,92.3688,335.8,1,1,2008-03-27,0713,Aqua,MODIS,78,6.2,293.6,30.7,D,0
22.6141,92.3164,353.5,1,1,2008-03-27,0713,Aqua,MODIS,97,6.2,300.8,59.1,D,0
21.813,92.5718,324.7,1,1,2008-03-27,0713,Aqua,MODIS,76,6.2,299.7,14.1,D,0
22.4442,92.2877,387.3,1,1,2008-03-27,0713,Aqua,MODIS,87,6.2,301.7,176,D,0
22.38,92.4817,385.2,1,1,2008-03-27,0713,Aqua,MODIS,100,6.2,301.7,168.8,D,0
22.6315,92.1161,319.6,1,1,2008-03-27,0713,Aqua,MODIS,69,6.2,300,7.5,D,0
22.3947,92.3904,335.7,1,1,2008-03-27,0713,Aqua,MODIS,87,6.2,300.7,28,D,0
22.3209,92.4518,331.6,1,1,2008-03-27,0713,Aqua,MODIS,0,6.2,283.9,26.3,D,0
22.1521,92.2359,328.4,1,1,2008-03-27,0713,Aqua,MODIS,81,6.2,297.8,18.7,D,0
21.5991,92.2957,362.4,1,1,2008-03-27,0713,Aqua,MODIS,0,6.2,294.7,85.8,D,0
21.6004,92.3053,362.2,1,1,2008-03-27,0713,Aqua,MODIS,75,6.2,298,85.4,D,0
22.3195,92.4422,328.7,1,1,2008-03-27,0713,Aqua,MODIS,62,6.2,283.4,22.3,D,0
22.3298,92.4504,351.8,1,1,2008-03-27,0713,Aqua,MODIS,83,6.2,286.1,62,D,0
22.1432,92.2374,324.3,1,1,2008-03-27,0713,Aqua,MODIS,57,6.2,299.1,14.8,D,0
21.554,92.3096,322,1,1,2008-03-27,0713,Aqua,MODIS,68,6.2,297.8,11.8,D,0
22.4429,92.278,383.1,1,1,2008-03-27,0713,Aqua,MODIS,94,6.2,303.6,158,D,0
22.3285,92.4408,350.9,1,1,2008-03-27,0713,Aqua,MODIS,90,6.2,288.2,61,D,0
23.0398,91.9376,351,1,1,2008-03-27,0714,Aqua,MODIS,90,6.2,296,53.3,D,0
23.4141,92.3071,344.7,1,1,2008-03-27,0714,Aqua,MODIS,92,6.2,296.6,46.5,D,0
23.296,92.1241,340.8,1,1,2008-03-27,0714,Aqua,MODIS,85,6.2,294.7,36,D,0
23.3816,91.8156,366.6,1,1,2008-03-27,0714,Aqua,MODIS,100,6.2,300.8,94.9,D,0
23.3829,91.8253,342,1,1,2008-03-27,0714,Aqua,MODIS,91,6.2,299.1,35.8,D,0
23.1715,92.0283,321.7,1,1,2008-03-27,0714,Aqua,MODIS,74,6.2,297.2,11.1,D,0
23.0171,91.9711,337.3,1,1,2008-03-27,0714,Aqua,MODIS,88,6.2,296.7,29,D,0
23.3713,91.8075,331.7,1,1,2008-03-27,0714,Aqua,MODIS,75,6.2,296.7,20.8,D,0
23.3905,91.8141,333.7,1,1,2008-03-27,0714,Aqua,MODIS,85,6.2,297.7,23.6,D,0
23.2946,92.1144,351.6,1,1,2008-03-27,0714,Aqua,MODIS,96,6.2,296.5,57.6,D,0
23.1729,92.038,321.7,1,1,2008-03-27,0714,Aqua,MODIS,74,6.2,297.1,11.8,D,0
23.1743,92.0477,321.7,1,1,2008-03-27,0714,Aqua,MODIS,74,6.2,296.4,11.5,D,0
23.142,92.0135,324.3,1,1,2008-03-27,0714,Aqua,MODIS,54,6.2,294.7,13.6,D,0
23.3035,92.1129,322,1,1,2008-03-27,0714,Aqua,MODIS,44,6.2,293.9,12.1,D,0
23.3022,92.1032,315.9,1,1,2008-03-27,0714,Aqua,MODIS,18,6.2,290.2,6.6,D,0
23.3493,91.9102,322.5,1,1,2008-03-27,0714,Aqua,MODIS,65,6.2,298.1,11.5,D,0
23.374,91.8268,374.2,1,1,2008-03-27,0714,Aqua,MODIS,100,6.2,300.6,120.1,D,0
22.8965,92.1616,321.1,1,1,2008-03-27,0714,Aqua,MODIS,73,6.2,298,10.4,D,0
23.1962,92.2028,318.9,1,1,2008-03-27,0714,Aqua,MODIS,59,6.2,298.6,9,D,0
23.2213,91.8551,347.5,1,1,2008-03-27,0714,Aqua,MODIS,67,6.2,294.3,44,D,0
23.1687,92.1379,337.1,1,1,2008-03-27,0714,Aqua,MODIS,88,6.2,297.2,29.4,D,0
22.7267,91.9401,313.4,1,1,2008-03-27,0714,Aqua,MODIS,0,6.2,290.8,5.6,D,0
22.693,91.9612,331,1,1,2008-03-27,0714,Aqua,MODIS,82,6.2,294.9,22.4,D,0
23.1701,92.1475,374.8,1,1,2008-03-27,0714,Aqua,MODIS,100,6.2,301,124.1,D,0
23.1714,92.1572,331.8,1,1,2008-03-27,0714,Aqua,MODIS,84,6.2,298.6,22,D,0
23.1317,91.8768,326.4,1,1,2008-03-27,0714,Aqua,MODIS,79,6.2,296.3,15.3,D,0
22.8904,91.7326,316.4,1,1,2008-03-27,0714,Aqua,MODIS,51,6.2,294.7,6.4,D,0
22.9226,92.1516,321.4,1,1,2008-03-27,0714,Aqua,MODIS,73,6.2,297.7,11.3,D,0
23.4548,92.2702,323.1,1,1,2008-03-27,0714,Aqua,MODIS,61,6.2,295.8,13.5,D,0
23.0906,89.583,326.4,1.1,1,2008-03-27,0714,Aqua,MODIS,76,6.2,302.4,17.9,D,0
22.9769,91.9547,321.3,1,1,2008-03-27,0714,Aqua,MODIS,48,6.2,290.4,12.5,D,0
22.9797,91.9739,327.6,1,1,2008-03-27,0714,Aqua,MODIS,68,6.2,294.5,18.8,D,0
23.0923,89.5936,320.9,1.1,1,2008-03-27,0714,Aqua,MODIS,54,6.2,301.4,10.7,D,0
23.0157,91.9614,328.2,1,1,2008-03-27,0714,Aqua,MODIS,61,6.2,296.9,16.7,D,0
23.1331,91.8864,327.4,1,1,2008-03-27,0714,Aqua,MODIS,80,6.2,298.2,15.9,D,0
23.118,91.9088,321.6,1,1,2008-03-27,0714,Aqua,MODIS,43,6.2,296.8,10.3,D,0
23.013,91.9421,327.4,1,1,2008-03-27,0714,Aqua,MODIS,56,6.2,296.3,16,D,0
23.0116,91.9325,328.3,1,1,2008-03-27,0714,Aqua,MODIS,65,6.2,296.8,17.5,D,0
23.026,91.9696,349.3,1,1,2008-03-27,0714,Aqua,MODIS,82,6.2,295.3,51.8,D,0
23.0487,91.9361,373,1,1,2008-03-27,0714,Aqua,MODIS,94,6.2,297.9,118.5,D,0
23.4042,92.0398,312,1,1,2008-03-27,0714,Aqua,MODIS,29,6.2,292.6,5.4,D,0
23.2687,91.9304,314.5,1,1,2008-03-27,0714,Aqua,MODIS,30,6.2,291.8,4.8,D,0
23.3071,91.815,342,1,1,2008-03-27,0714,Aqua,MODIS,91,6.2,299.2,38.2,D,0
23.316,91.8135,325.6,1,1,2008-03-27,0714,Aqua,MODIS,78,6.2,297.4,14.9,D,0
23.3561,92.1448,328.1,1.2,1.1,2008-03-28,0447,Terra,MODIS,82,6.2,299.3,29.1,D,0
23.3581,92.1329,314.1,1.2,1.1,2008-03-28,0447,Terra,MODIS,63,6.2,297.6,9.6,D,0
23.2405,91.8456,321.9,1.2,1.1,2008-03-28,0448,Terra,MODIS,75,6.2,300.2,15.5,D,0
21.6168,92.526,309.8,1.4,1.2,2008-03-28,0448,Terra,MODIS,29,6.2,289.5,9.4,D,0
22.0429,92.3176,329.4,1.3,1.1,2008-03-28,0448,Terra,MODIS,83,6.2,291.7,34.2,D,0
21.4318,92.404,323.3,4.6,2,2008-03-28,0756,Aqua,MODIS,76,6.2,292.9,136.5,D,0
21.7194,92.4016,321.6,4.6,2,2008-03-28,0756,Aqua,MODIS,74,6.2,290.9,116.3,D,0
21.5324,92.3015,344.1,4.5,2,2008-03-28,0756,Aqua,MODIS,92,6.2,296.8,370.6,D,0
21.4973,92.3054,333,4.5,2,2008-03-28,0756,Aqua,MODIS,85,6.2,293.8,226,D,0
21.5306,92.3092,348.1,4.5,2,2008-03-28,0756,Aqua,MODIS,94,6.2,296.2,440.4,D,0
21.4955,92.3128,327.9,4.5,2,2008-03-28,0756,Aqua,MODIS,81,6.2,292.7,166.6,D,0
21.8045,92.3517,331.9,4.6,2,2008-03-28,0756,Aqua,MODIS,84,6.2,294.4,215.2,D,0
21.8011,92.3108,315,4.6,2,2008-03-28,0756,Aqua,MODIS,34,6.2,292.1,50.6,D,0
21.7857,92.3502,323,4.6,2,2008-03-28,0756,Aqua,MODIS,76,6.2,292.8,123.3,D,0
21.8033,92.347,333.8,4.6,2,2008-03-28,0756,Aqua,MODIS,86,6.2,294.6,240.8,D,0
22.443,92.2877,323.6,4.6,2,2008-03-28,0756,Aqua,MODIS,61,6.2,296.2,116.2,D,0
22.4445,92.2919,322.3,4.6,2,2008-03-28,0756,Aqua,MODIS,71,6.2,296.2,111,D,0
22.2242,92.4561,363.5,4.7,2,2008-03-28,0756,Aqua,MODIS,100,6.2,297.6,841.4,D,0
22.2242,92.4646,355.6,4.7,2,2008-03-28,0756,Aqua,MODIS,98,6.2,296.8,641.9,D,0
21.7959,92.4831,318.5,4.7,2,2008-03-28,0756,Aqua,MODIS,64,6.2,292,85.2,D,0
21.7802,92.4897,320.7,4.7,2,2008-03-28,0756,Aqua,MODIS,64,6.2,293.2,104.9,D,0
22.5745,92.357,316.4,4.7,2,2008-03-28,0756,Aqua,MODIS,59,6.2,293.5,58.2,D,0
22.3736,92.2988,325.7,4.6,2,2008-03-28,0756,Aqua,MODIS,75,6.2,297.2,138.6,D,0
22.5744,92.3674,314.2,4.7,2,2008-03-28,0756,Aqua,MODIS,46,6.2,293.5,40.7,D,0
22.1526,92.4712,322.5,4.7,2,2008-03-28,0756,Aqua,MODIS,75,6.2,296,130.2,D,0
22.2207,92.4211,356.4,4.7,2,2008-03-28,0756,Aqua,MODIS,98,6.2,299,652.1,D,0
22.221,92.4132,345.2,4.7,2,2008-03-28,0756,Aqua,MODIS,93,6.2,298.5,424.3,D,0
21.5065,92.4447,312.8,4.6,2,2008-03-28,0756,Aqua,MODIS,39,6.2,292,47.1,D,0
21.7183,92.4091,322.9,4.6,2,2008-03-28,0756,Aqua,MODIS,76,6.2,291.2,122.7,D,0
22.0651,92.4795,322.2,4.7,2,2008-03-28,0756,Aqua,MODIS,75,6.2,290.1,125,D,0
22.0621,92.4399,315.6,4.7,2,2008-03-28,0756,Aqua,MODIS,53,6.2,290.9,64.6,D,0
21.8494,92.2576,312.7,4.5,2,2008-03-28,0756,Aqua,MODIS,52,6.2,289.7,43.9,D,0
21.851,92.2495,314.6,4.5,2,2008-03-28,0756,Aqua,MODIS,58,6.2,290.6,58.2,D,0
22.0617,92.4469,318.3,4.7,2,2008-03-28,0756,Aqua,MODIS,40,6.2,291,81.8,D,0
21.4331,92.409,326.8,4.6,2,2008-03-28,0756,Aqua,MODIS,80,6.2,292.9,172.4,D,0
21.7838,92.5345,320.9,4.7,2,2008-03-28,0756,Aqua,MODIS,71,6.2,289.7,112.7,D,0
21.7814,92.53,314.3,4.7,2,2008-03-28,0756,Aqua,MODIS,37,6.2,290.5,59.5,D,0
21.7991,92.5256,326.1,4.7,2,2008-03-28,0756,Aqua,MODIS,79,6.2,289.1,166.4,D,0
22.1549,92.4757,321.1,4.7,2,2008-03-28,0756,Aqua,MODIS,74,6.2,296.1,115.9,D,0
22.3768,92.3434,328.2,4.7,2,2008-03-28,0756,Aqua,MODIS,79,6.2,295.8,167.3,D,0
21.4354,92.4502,322.3,4.6,2,2008-03-28,0756,Aqua,MODIS,75,6.2,291.1,130.7,D,0
22.7406,91.9848,314.8,4.4,1.9,2008-03-28,0756,Aqua,MODIS,52,6.2,291.8,59.7,D,0
21.437,92.4553,318.5,4.6,2,2008-03-28,0756,Aqua,MODIS,70,6.2,291.3,96.1,D,0
22.6531,92.4439,331.4,4.8,2,2008-03-28,0756,Aqua,MODIS,78,6.2,295.4,215,D,0
22.6505,92.4404,326.2,4.8,2,2008-03-28,0756,Aqua,MODIS,73,6.2,294.6,149.6,D,0
22.6672,91.9537,315.2,4.4,1.9,2008-03-28,0756,Aqua,MODIS,54,6.2,293,56.4,D,0
21.4921,92.2714,325.4,4.5,2,2008-03-28,0756,Aqua,MODIS,78,6.2,295.9,140.3,D,0
21.7869,92.3547,326,4.6,2,2008-03-28,0756,Aqua,MODIS,79,6.2,292.8,149.8,D,0
21.5028,92.4,315.2,4.6,2,2008-03-28,0756,Aqua,MODIS,55,6.2,291.1,61.2,D,0
21.494,92.2634,318.3,4.5,2,2008-03-28,0756,Aqua,MODIS,42,6.2,295.8,76.4,D,0
22.6676,91.949,315.4,4.4,1.9,2008-03-28,0756,Aqua,MODIS,55,6.2,292.8,61.8,D,0
22.3763,92.3518,324.5,4.7,2,2008-03-28,0756,Aqua,MODIS,75,6.2,295,128.1,D,0
22.3727,92.3067,328.4,4.6,2,2008-03-28,0756,Aqua,MODIS,79,6.2,297.4,169.6,D,0
22.7257,91.9788,317.1,4.4,1.9,2008-03-28,0756,Aqua,MODIS,62,6.2,291.2,77.7,D,0
21.9941,92.2728,315.3,4.6,2,2008-03-28,0756,Aqua,MODIS,63,6.2,293,62.5,D,0
21.9956,92.2661,316.9,4.6,2,2008-03-28,0756,Aqua,MODIS,62,6.2,293.2,70,D,0
22.4334,92.3919,320.5,4.7,2,2008-03-28,0756,Aqua,MODIS,43,6.2,294,92.8,D,0
22.4337,92.3845,318.2,4.7,2,2008-03-28,0756,Aqua,MODIS,57,6.2,293.4,75.8,D,0
23.4259,92.2693,319,4.7,2,2008-03-28,0757,Aqua,MODIS,64,6.2,291.6,104.3,D,0
23.5479,92.2142,314,4.7,2,2008-03-28,0757,Aqua,MODIS,33,6.2,293.9,63.1,D,0
23.6202,92.2462,328.9,4.7,2,2008-03-28,0757,Aqua,MODIS,80,6.2,294.4,198.2,D,0
23.5514,92.2605,333.4,4.7,2,2008-03-28,0757,Aqua,MODIS,84,6.2,296,261.8,D,0
23.4258,92.2779,317.5,4.7,2,2008-03-28,0757,Aqua,MODIS,61,6.2,291.3,96.9,D,0
23.3423,92.3384,324.8,4.8,2,2008-03-28,0757,Aqua,MODIS,75,6.2,292.4,156.1,D,0
23.6022,92.2465,323.8,4.7,2,2008-03-28,0757,Aqua,MODIS,73,6.2,292.7,142.4,D,0
23.5487,92.255,329.3,4.7,2,2008-03-28,0757,Aqua,MODIS,80,6.2,295.9,209.2,D,0
21.7005,92.2382,327.2,4,1.9,2008-03-29,0353,Terra,MODIS,72,6.2,291,155.3,D,0
21.6956,92.233,329,4,1.9,2008-03-29,0353,Terra,MODIS,73,6.2,290,171.4,D,0
23.5137,92.2768,382.9,1.1,1.1,2008-03-29,0701,Aqua,MODIS,100,6.2,298.2,190.4,D,0
23.422,92.2778,359,1.1,1.1,2008-03-29,0701,Aqua,MODIS,99,6.2,299.5,87.7,D,0
23.4237,92.2883,340.1,1.1,1.1,2008-03-29,0701,Aqua,MODIS,85,6.2,299.8,37.9,D,0
23.4126,92.2798,347.1,1.1,1.1,2008-03-29,0701,Aqua,MODIS,94,6.2,300.2,55.8,D,0
23.399,92.2886,347.6,1.1,1.1,2008-03-29,0701,Aqua,MODIS,90,6.2,301.7,54.1,D,0
23.3896,92.2905,356.3,1.1,1.1,2008-03-29,0701,Aqua,MODIS,98,6.2,303.2,78.1,D,0
23.3748,92.2587,323.3,1.1,1.1,2008-03-29,0701,Aqua,MODIS,32,6.2,300.3,14.3,D,0
23.3653,92.2606,328,1.1,1.1,2008-03-29,0701,Aqua,MODIS,78,6.2,299.9,21.3,D,0
23.3671,92.2716,321.8,1.1,1.1,2008-03-29,0701,Aqua,MODIS,39,6.2,299.1,12.3,D,0
22.9097,92.0949,316.8,1.2,1.1,2008-03-29,0701,Aqua,MODIS,45,6.2,300,8.6,D,0
23.512,92.2658,363.6,1.1,1.1,2008-03-29,0701,Aqua,MODIS,100,6.2,302.6,105.4,D,0
22.1832,92.4379,374.5,1.2,1.1,2008-03-29,0701,Aqua,MODIS,100,6.2,304.6,150.6,D,0
22.1797,92.4158,342,1.2,1.1,2008-03-29,0701,Aqua,MODIS,91,6.2,301.4,44.9,D,0
22.1892,92.4137,327.7,1.2,1.1,2008-03-29,0701,Aqua,MODIS,80,6.2,299.6,19.5,D,0
23.4608,92.011,377.7,1.2,1.1,2008-03-29,0701,Aqua,MODIS,87,6.2,297.5,173.4,D,0
23.4589,91.9996,348.2,1.2,1.1,2008-03-29,0701,Aqua,MODIS,82,6.2,294.5,64.3,D,0
23.04,91.958,328.5,1.2,1.1,2008-03-29,0701,Aqua,MODIS,81,6.2,301.1,22.9,D,0
23.0382,91.9463,317.5,1.2,1.1,2008-03-29,0701,Aqua,MODIS,63,6.2,298.1,7.6,D,0
23.169,91.9206,340.6,1.2,1.1,2008-03-29,0701,Aqua,MODIS,90,6.2,301.7,43.8,D,0
23.2073,91.972,319.2,1.2,1.1,2008-03-29,0701,Aqua,MODIS,40,6.2,297.9,9.2,D,0
23.1885,92.2491,316.1,1.2,1.1,2008-03-29,0701,Aqua,MODIS,62,6.2,299.5,7.5,D,0
23.4086,92.0731,318.6,1.2,1.1,2008-03-29,0701,Aqua,MODIS,66,6.2,298.5,11.3,D,0
23.4104,92.0843,340,1.2,1.1,2008-03-29,0701,Aqua,MODIS,90,6.2,300.3,45.5,D,0
23.3618,92.0537,321.8,1.2,1.1,2008-03-29,0701,Aqua,MODIS,64,6.2,299.3,14.4,D,0
23.3637,92.0651,333.7,1.2,1.1,2008-03-29,0701,Aqua,MODIS,85,6.2,299.3,32.5,D,0
22.4554,92.4713,353,1.1,1.1,2008-03-29,0701,Aqua,MODIS,96,6.2,300.2,71.6,D,0
22.4763,92.4795,327.3,1.1,1.1,2008-03-29,0701,Aqua,MODIS,44,6.2,293.1,20.8,D,0
22.4821,92.4546,365.7,1.2,1.1,2008-03-29,0701,Aqua,MODIS,94,6.2,299.6,115.5,D,0
22.4803,92.4435,347.8,1.2,1.1,2008-03-29,0701,Aqua,MODIS,82,6.2,298.1,59.5,D,0
23.0847,89.9572,315.2,1.6,1.2,2008-03-29,0701,Aqua,MODIS,61,6.2,287.2,17.7,D,0
21.9695,92.2582,339.7,1.2,1.1,2008-03-29,0701,Aqua,MODIS,89,6.2,300.2,43.1,D,0
23.2477,91.976,339.1,1.2,1.1,2008-03-29,0701,Aqua,MODIS,89,6.2,299.9,40.4,D,0
23.4847,92.243,344.1,1.1,1.1,2008-03-29,0701,Aqua,MODIS,92,6.2,299.3,50.6,D,0
23.4865,92.254,331.5,1.1,1.1,2008-03-29,0701,Aqua,MODIS,84,6.2,300,25.8,D,0
21.837,92.5842,340.3,1.2,1.1,2008-03-29,0701,Aqua,MODIS,76,6.2,289.9,41,D,0
21.9178,92.5762,323.4,1.2,1.1,2008-03-29,0701,Aqua,MODIS,74,6.2,299.3,18.5,D,0
23.2612,91.8613,324.7,1.2,1.1,2008-03-29,0701,Aqua,MODIS,78,6.2,298.2,17,D,0
23.2214,91.8748,318.3,1.2,1.1,2008-03-29,0701,Aqua,MODIS,23,6.2,296.7,7.7,D,0
23.206,91.8417,345.9,1.2,1.1,2008-03-29,0701,Aqua,MODIS,93,6.2,301.7,55.5,D,0
23.1023,92.081,342.5,1.2,1.1,2008-03-29,0701,Aqua,MODIS,79,6.2,297.2,50.4,D,0
23.1389,92.0624,325.7,1.2,1.1,2008-03-29,0701,Aqua,MODIS,48,6.2,296.5,18.2,D,0
23.137,92.0511,336.6,1.2,1.1,2008-03-29,0701,Aqua,MODIS,87,6.2,295.4,37.1,D,0
23.3574,92.0016,320.6,1.2,1.1,2008-03-29,0701,Aqua,MODIS,53,6.2,297.7,12.8,D,0
23.367,91.9996,327.1,1.2,1.1,2008-03-29,0701,Aqua,MODIS,60,6.2,300.5,21,D,0
23.3962,91.9353,326.6,1.2,1.1,2008-03-29,0701,Aqua,MODIS,80,6.2,300.7,19.7,D,0
23.421,91.9662,326.7,1.2,1.1,2008-03-29,0701,Aqua,MODIS,60,6.2,296.2,17.4,D,0
23.4191,91.9546,333.5,1.2,1.1,2008-03-29,0701,Aqua,MODIS,86,6.2,299,28.3,D,0
23.4306,91.9643,327.6,1.2,1.1,2008-03-29,0701,Aqua,MODIS,61,6.2,298.3,19.2,D,0
21.5159,92.3751,327.4,1.2,1.1,2008-03-29,0701,Aqua,MODIS,69,6.2,291.4,23.2,D,0
22.344,92.3495,330.9,1.2,1.1,2008-03-29,0701,Aqua,MODIS,72,6.2,286.7,24.6,D,0
21.5838,92.4904,343.8,1.2,1.1,2008-03-29,0701,Aqua,MODIS,92,6.2,298.5,51.2,D,0
21.5255,92.3731,334.4,1.2,1.1,2008-03-29,0701,Aqua,MODIS,81,6.2,294.1,35.1,D,0
21.5238,92.3626,333.7,1.2,1.1,2008-03-29,0701,Aqua,MODIS,74,6.2,292.7,32.2,D,0
23.2916,91.9861,337.8,1.2,1.1,2008-03-29,0701,Aqua,MODIS,88,6.2,296,37.1,D,0
23.5841,92.2573,338.3,1.1,1.1,2008-03-29,0701,Aqua,MODIS,69,6.2,298.4,37.4,D,0
23.5935,92.2555,337.8,1.1,1.1,2008-03-29,0701,Aqua,MODIS,73,6.2,297.3,36.7,D,0
21.9771,92.305,331.7,1.2,1.1,2008-03-29,0701,Aqua,MODIS,78,6.2,295.2,26.2,D,0
22.3422,92.3382,362.5,1.2,1.1,2008-03-29,0701,Aqua,MODIS,100,6.2,300.3,104.3,D,0
21.9599,92.2601,357.9,1.2,1.1,2008-03-29,0701,Aqua,MODIS,99,6.2,302,91,D,0
21.9636,92.2832,330.9,1.2,1.1,2008-03-29,0701,Aqua,MODIS,63,6.2,298.4,23.6,D,0
23.173,91.884,334.4,1.2,1.1,2008-03-29,0701,Aqua,MODIS,82,6.2,300.7,31.2,D,0
23.1671,91.9091,356.3,1.2,1.1,2008-03-29,0701,Aqua,MODIS,98,6.2,302.4,85.8,D,0
23.3582,92.2159,326.3,1.2,1.1,2008-03-29,0701,Aqua,MODIS,68,6.2,300.6,18.2,D,0
23.3825,92.2456,344,1.1,1.1,2008-03-29,0701,Aqua,MODIS,92,6.2,300.3,49.5,D,0
23.3807,92.2345,332,1.1,1.1,2008-03-29,0701,Aqua,MODIS,78,6.2,300.7,26.8,D,0
21.9674,92.3067,341.6,1.2,1.1,2008-03-29,0701,Aqua,MODIS,90,6.2,298.8,45.8,D,0
23.4254,92.2992,343.1,1.1,1.1,2008-03-29,0701,Aqua,MODIS,76,6.2,295.4,43,D,0
23.4007,92.2993,359.5,1.1,1.1,2008-03-29,0701,Aqua,MODIS,99,6.2,300.9,86.4,D,0
23.3913,92.301,373.2,1.1,1.1,2008-03-29,0701,Aqua,MODIS,100,6.2,303,139.8,D,0
23.0789,92.3218,349.2,1.1,1.1,2008-03-29,0701,Aqua,MODIS,95,6.2,300.6,64.6,D,0
21.954,92.285,331.3,1.2,1.1,2008-03-29,0701,Aqua,MODIS,56,6.2,300.5,25,D,0
23.373,92.2476,340.3,1.1,1.1,2008-03-29,0701,Aqua,MODIS,90,6.2,300.8,42,D,0
22.3536,92.3477,348.6,1.2,1.1,2008-03-29,0701,Aqua,MODIS,71,6.2,292.7,61.5,D,0
23.3741,92.3156,421.2,1.1,1.1,2008-03-29,0701,Aqua,MODIS,100,6.2,311.1,472.1,D,0
23.3758,92.3263,428.8,1.1,1.1,2008-03-29,0701,Aqua,MODIS,94,6.2,304.3,554.7,D,0
23.3629,92.3065,346.8,1.1,1.1,2008-03-29,0701,Aqua,MODIS,63,6.2,303,51.5,D,0
23.3646,92.3173,408.5,1.1,1.1,2008-03-29,0701,Aqua,MODIS,100,6.2,309.2,354.7,D,0
23.3664,92.3281,414.8,1.1,1.1,2008-03-29,0701,Aqua,MODIS,100,6.2,304.9,410.2,D,0
23.3458,92.3211,341.2,1.1,1.1,2008-03-29,0701,Aqua,MODIS,65,6.2,296.1,39,D,0
23.3363,92.3228,377.9,1.1,1.1,2008-03-29,0701,Aqua,MODIS,100,6.2,303.2,160.3,D,0
23.3174,92.3265,375.5,1.1,1.1,2008-03-29,0701,Aqua,MODIS,100,6.2,303.2,152.7,D,0
23.3124,92.3218,377.8,1.1,1.1,2008-03-29,0701,Aqua,MODIS,100,6.2,302.5,162.4,D,0
23.3141,92.3327,379.5,1.1,1.1,2008-03-29,0701,Aqua,MODIS,100,6.2,300.7,169.6,D,0
23.3158,92.3435,345.2,1.1,1.1,2008-03-29,0701,Aqua,MODIS,91,6.2,294.6,49.3,D,0
23.3064,92.3453,336.6,1.1,1.1,2008-03-29,0701,Aqua,MODIS,73,6.2,294.1,33.5,D,0
23.0806,92.3322,328.6,1.1,1.1,2008-03-29,0701,Aqua,MODIS,81,6.2,298.6,24,D,0
23.2921,91.8671,344.1,1.2,1.1,2008-03-29,0701,Aqua,MODIS,92,6.2,300.8,52.9,D,0
23.3018,91.8653,340.5,1.2,1.1,2008-03-29,0701,Aqua,MODIS,90,6.2,301.4,44.5,D,0
23.3078,91.8405,323.8,1.2,1.1,2008-03-29,0701,Aqua,MODIS,66,6.2,294.9,14.5,D,0
23.3329,91.853,316.1,1.2,1.1,2008-03-29,0701,Aqua,MODIS,53,6.2,295.5,7.4,D,0
23.3487,92.2178,325.4,1.2,1.1,2008-03-29,0701,Aqua,MODIS,71,6.2,300.6,17.2,D,0
23.0734,92.1036,340,1.2,1.1,2008-03-29,0701,Aqua,MODIS,89,6.2,292.6,45.6,D,0
23.0716,92.0925,323.9,1.2,1.1,2008-03-29,0701,Aqua,MODIS,44,6.2,300.1,17.2,D,0
23.0927,92.083,339.9,1.2,1.1,2008-03-29,0701,Aqua,MODIS,84,6.2,299.3,43.3,D,0
23.0909,92.0718,333,1.2,1.1,2008-03-29,0701,Aqua,MODIS,34,6.2,300.8,28.2,D,0
21.5418,92.2094,322,1.2,1.1,2008-03-29,0701,Aqua,MODIS,61,6.2,294.6,14.8,D,0
21.5385,92.2047,324,1.2,1.1,2008-03-29,0701,Aqua,MODIS,76,6.2,295.5,17.8,D,0
21.5403,92.2164,317.5,1.2,1.1,2008-03-29,0701,Aqua,MODIS,59,6.2,292.9,9.3,D,0
21.5107,92.2813,328.3,1.2,1.1,2008-03-29,0701,Aqua,MODIS,80,6.2,295.1,24.3,D,0
21.3844,92.1314,316.4,1.2,1.1,2008-03-29,0701,Aqua,MODIS,60,6.2,297.3,8.5,D,0
21.3825,92.1196,315.3,1.2,1.1,2008-03-29,0701,Aqua,MODIS,53,6.2,298.1,7.2,D,0
21.708,92.4205,335.4,1.2,1.1,2008-03-29,0701,Aqua,MODIS,86,6.2,291,38.6,D,0
21.7783,92.3414,315.8,1.2,1.1,2008-03-29,0701,Aqua,MODIS,40,6.2,295.2,8,D,0
22.1637,92.4994,334.1,1.2,1.1,2008-03-29,0701,Aqua,MODIS,80,6.2,292.7,30,D,0
22.1429,92.4919,353,1.2,1.1,2008-03-29,0701,Aqua,MODIS,96,6.2,298.9,72,D,0
21.5034,92.4817,338.9,1.2,1.1,2008-03-29,0701,Aqua,MODIS,89,6.2,298.9,40.8,D,0
21.4997,92.459,321.2,1.2,1.1,2008-03-29,0701,Aqua,MODIS,70,6.2,299.3,11.7,D,0
22.1653,92.5098,324.4,1.2,1.1,2008-03-29,0701,Aqua,MODIS,0,6.2,281,16.1,D,0
21.6435,92.3435,319.8,1.2,1.1,2008-03-29,0701,Aqua,MODIS,59,6.2,292,12.7,D,0
22.1374,92.4876,387.4,1.2,1.1,2008-03-29,0701,Aqua,MODIS,100,6.2,303.3,218.8,D,0
22.1013,92.5066,319.6,1.2,1.1,2008-03-29,0701,Aqua,MODIS,59,6.2,295.5,11.8,D,0
22.1474,92.1532,352.4,1.2,1.1,2008-03-29,0701,Aqua,MODIS,96,6.2,302.9,76.9,D,0
21.7824,92.5783,334.3,1.2,1.1,2008-03-29,0701,Aqua,MODIS,85,6.2,298.9,31.1,D,0
22.4449,92.4056,358.7,1.2,1.1,2008-03-29,0701,Aqua,MODIS,99,6.2,294,88.3,D,0
22.4132,92.3309,349.2,1.2,1.1,2008-03-29,0701,Aqua,MODIS,89,6.2,296.1,67,D,0
22.3614,92.3349,321.1,1.2,1.1,2008-03-29,0701,Aqua,MODIS,28,6.2,296,12.1,D,0
22.4317,92.3843,334.1,1.2,1.1,2008-03-29,0701,Aqua,MODIS,85,6.2,295.4,29.9,D,0
22.4335,92.3958,348.5,1.2,1.1,2008-03-29,0701,Aqua,MODIS,94,6.2,296.5,59.4,D,0
22.4258,92.4089,349.2,1.2,1.1,2008-03-29,0701,Aqua,MODIS,95,6.2,299.2,63.4,D,0
22.6774,92.0632,318.4,1.2,1.1,2008-03-29,0701,Aqua,MODIS,60,6.2,299.1,9.3,D,0
22.3184,92.4342,331.5,1.2,1.1,2008-03-29,0701,Aqua,MODIS,39,6.2,298.5,22.8,D,0
22.3149,92.4124,328.5,1.2,1.1,2008-03-29,0701,Aqua,MODIS,80,6.2,301,20.5,D,0
22.3279,92.4323,344.9,1.2,1.1,2008-03-29,0701,Aqua,MODIS,92,6.2,298.7,49,D,0
22.3261,92.4212,349.1,1.2,1.1,2008-03-29,0701,Aqua,MODIS,95,6.2,299.9,58.4,D,0
22.3243,92.4103,388.1,1.2,1.1,2008-03-29,0701,Aqua,MODIS,100,6.2,305,219.8,D,0
22.3411,92.4533,323.9,1.2,1.1,2008-03-29,0701,Aqua,MODIS,65,6.2,294.1,15.3,D,0
22.3392,92.4417,329.3,1.2,1.1,2008-03-29,0701,Aqua,MODIS,58,6.2,297,20.9,D,0
22.3339,92.4084,364.7,1.2,1.1,2008-03-29,0701,Aqua,MODIS,100,6.2,299.7,107.1,D,0
22.3565,92.4268,335.4,1.2,1.1,2008-03-29,0701,Aqua,MODIS,80,6.2,300.4,29.6,D,0
22.3547,92.4157,352.9,1.2,1.1,2008-03-29,0701,Aqua,MODIS,96,6.2,302.7,70.6,D,0
22.3713,92.4582,328.1,1.2,1.1,2008-03-29,0701,Aqua,MODIS,80,6.2,296.5,22.6,D,0
22.366,92.4251,350.2,1.2,1.1,2008-03-29,0701,Aqua,MODIS,95,6.2,299.8,64.5,D,0
22.3642,92.4139,395,1.2,1.1,2008-03-29,0701,Aqua,MODIS,100,6.2,304.1,265.6,D,0
22.3737,92.4121,316.6,1.2,1.1,2008-03-29,0701,Aqua,MODIS,45,6.2,294,6,D,0
21.8611,92.2853,370.9,1.2,1.1,2008-03-29,0701,Aqua,MODIS,100,6.2,295.6,141.7,D,0
21.867,92.2606,315.8,1.2,1.1,2008-03-29,0701,Aqua,MODIS,44,6.2,296.9,7.9,D,0
21.594,92.2838,330.2,1.2,1.1,2008-03-29,0701,Aqua,MODIS,82,6.2,300,25.4,D,0
22.5565,92.3996,367.5,1.2,1.1,2008-03-29,0701,Aqua,MODIS,94,6.2,287.5,121.8,D,0
22.5333,92.4383,330.9,1.2,1.1,2008-03-29,0701,Aqua,MODIS,78,6.2,296.4,26.5,D,0
22.4585,92.3677,338,1.2,1.1,2008-03-29,0701,Aqua,MODIS,88,6.2,297.6,37.5,D,0
22.468,92.3659,321.6,1.2,1.1,2008-03-29,0701,Aqua,MODIS,69,6.2,298.9,12.5,D,0
22.35,92.3251,349.5,1.2,1.1,2008-03-29,0701,Aqua,MODIS,95,6.2,303.2,63.8,D,0
22.3518,92.3367,371.4,1.2,1.1,2008-03-29,0701,Aqua,MODIS,94,6.2,302.8,138.5,D,0
21.9284,92.4582,335.7,1.2,1.1,2008-03-29,0701,Aqua,MODIS,79,6.2,298.1,34.5,D,0
21.938,92.4565,337.7,1.2,1.1,2008-03-29,0701,Aqua,MODIS,82,6.2,296.2,38.1,D,0
21.9549,92.5011,326.6,1.2,1.1,2008-03-29,0701,Aqua,MODIS,78,6.2,289.7,23.5,D,0
21.953,92.4889,360.6,1.2,1.1,2008-03-29,0701,Aqua,MODIS,100,6.2,298.4,100.9,D,0
21.9562,92.4814,325,1.2,1.1,2008-03-29,0701,Aqua,MODIS,76,6.2,297.4,20.6,D,0
23.2092,92.2566,326,1.2,1.1,2008-03-29,0701,Aqua,MODIS,64,6.2,299,17.5,D,0
23.2147,92.2604,324.7,1.2,1.1,2008-03-29,0701,Aqua,MODIS,77,6.2,299.9,18,D,0
22.5547,92.3886,337,1.2,1.1,2008-03-29,0701,Aqua,MODIS,81,6.2,298.4,35.9,D,0
22.572,92.374,338.7,1.2,1.1,2008-03-29,0701,Aqua,MODIS,77,6.2,295.1,39.2,D,0
22.5704,92.3638,334.8,1.2,1.1,2008-03-29,0701,Aqua,MODIS,73,6.2,299.4,32.1,D,0
22.3907,92.2535,340.5,1.2,1.1,2008-03-29,0701,Aqua,MODIS,90,6.2,298.9,45.9,D,0
21.9345,92.4343,335.7,1.2,1.1,2008-03-29,0701,Aqua,MODIS,72,6.2,299.1,34.7,D,0
22.0016,92.3342,336.4,1.2,1.1,2008-03-29,0701,Aqua,MODIS,70,6.2,297.3,36.2,D,0
22.4141,92.2142,339.9,1.2,1.1,2008-03-29,0701,Aqua,MODIS,89,6.2,299.8,44.8,D,0
21.8283,92.5297,328.3,1.2,1.1,2008-03-29,0701,Aqua,MODIS,80,6.2,300.1,23.2,D,0
21.7569,92.3928,314.7,1.2,1.1,2008-03-29,0701,Aqua,MODIS,53,6.2,291.4,8.9,D,0
21.6604,92.3875,336.5,1.2,1.1,2008-03-29,0701,Aqua,MODIS,87,6.2,288.7,40,D,0
21.6622,92.3987,327.8,1.2,1.1,2008-03-29,0701,Aqua,MODIS,80,6.2,288.9,25,D,0
23.2129,92.2495,319.7,1.2,1.1,2008-03-29,0701,Aqua,MODIS,70,6.2,300,10.9,D,0
21.5363,92.4405,344.6,1.2,1.1,2008-03-29,0701,Aqua,MODIS,92,6.2,301.3,52.8,D,0
21.5345,92.429,366.9,1.2,1.1,2008-03-29,0701,Aqua,MODIS,100,6.2,301.2,123.7,D,0
21.5459,92.4387,324,1.2,1.1,2008-03-29,0701,Aqua,MODIS,76,6.2,300.3,15.6,D,0
21.5441,92.4272,327.2,1.2,1.1,2008-03-29,0701,Aqua,MODIS,79,6.2,299.8,20.6,D,0
21.8265,92.5181,315.8,1.2,1.1,2008-03-29,0701,Aqua,MODIS,60,6.2,300.9,7.4,D,0
22.3844,92.4789,342.8,1.2,1.1,2008-03-29,0701,Aqua,MODIS,86,6.2,292.3,50.5,D,0
22.5238,92.44,324.8,1.2,1.1,2008-03-29,0701,Aqua,MODIS,70,6.2,298.5,17.5,D,0
21.8514,92.2871,341.6,1.2,1.1,2008-03-29,0701,Aqua,MODIS,90,6.2,299.9,46.8,D,0
21.8496,92.2757,336.9,1.2,1.1,2008-03-29,0701,Aqua,MODIS,87,6.2,299.3,37.3,D,0
21.7806,92.5672,377.4,1.2,1.1,2008-03-29,0701,Aqua,MODIS,100,6.2,304.4,165.5,D,0
21.7789,92.556,331.8,1.2,1.1,2008-03-29,0701,Aqua,MODIS,83,6.2,300.9,26.9,D,0
21.6292,92.44,360.2,1.2,1.1,2008-03-29,0701,Aqua,MODIS,100,6.2,294.7,98.5,D,0
21.6196,92.4418,319.9,1.2,1.1,2008-03-29,0701,Aqua,MODIS,69,6.2,293.1,11.7,D,0
21.6214,92.4532,321.4,1.2,1.1,2008-03-29,0701,Aqua,MODIS,72,6.2,294,13.7,D,0
21.6136,92.4662,333.8,1.2,1.1,2008-03-29,0701,Aqua,MODIS,85,6.2,297.5,31.2,D,0
23.1363,91.7834,335.4,1.2,1.1,2008-03-29,0701,Aqua,MODIS,87,6.2,299.4,31.7,D,0
23.1348,91.7901,326.5,1.2,1.1,2008-03-29,0701,Aqua,MODIS,33,6.2,300.4,16.5,D,0
23.127,91.8035,356.4,1.2,1.1,2008-03-29,0701,Aqua,MODIS,98,6.2,302.8,90.4,D,0
21.5963,92.4812,317.1,1.2,1.1,2008-03-29,0701,Aqua,MODIS,25,6.2,299.1,8,D,0
21.5867,92.4832,376.6,1.2,1.1,2008-03-29,0701,Aqua,MODIS,100,6.2,300.5,165.8,D,0
21.5802,92.4673,318,1.2,1.1,2008-03-29,0701,Aqua,MODIS,39,6.2,293.3,7.4,D,0
21.6522,92.4603,326.7,1.2,1.1,2008-03-29,0701,Aqua,MODIS,78,6.2,293.2,24.5,D,0
21.6388,92.4381,343.9,1.2,1.1,2008-03-29,0701,Aqua,MODIS,92,6.2,293.2,53.3,D,0
21.6407,92.4502,334,1.2,1.1,2008-03-29,0701,Aqua,MODIS,73,6.2,294.2,33,D,0
22.1324,92.3667,334.3,1.2,1.1,2008-03-29,0701,Aqua,MODIS,85,6.2,301.2,32.9,D,0
22.1419,92.3649,323.3,1.2,1.1,2008-03-29,0701,Aqua,MODIS,75,6.2,298.3,16.5,D,0
22.1778,92.4043,341.2,1.2,1.1,2008-03-29,0701,Aqua,MODIS,90,6.2,302,43.9,D,0
22.1874,92.4024,322.8,1.2,1.1,2008-03-29,0701,Aqua,MODIS,62,6.2,301.8,12.8,D,0
21.631,92.4517,364.9,1.2,1.1,2008-03-29,0701,Aqua,MODIS,100,6.2,295.8,115.7,D,0
21.6329,92.4636,337.3,1.2,1.1,2008-03-29,0701,Aqua,MODIS,88,6.2,294.4,38.8,D,0
21.7859,92.5712,348,1.2,1.1,2008-03-29,0701,Aqua,MODIS,85,6.2,299.1,61.1,D,0
21.7841,92.5598,341.7,1.2,1.1,2008-03-29,0701,Aqua,MODIS,86,6.2,301.5,46.1,D,0
21.6034,92.5252,317.9,1.2,1.1,2008-03-29,0701,Aqua,MODIS,40,6.2,298.5,9.5,D,0
23.0627,91.7796,319.8,1.2,1.1,2008-03-29,0701,Aqua,MODIS,58,6.2,296.8,11.8,D,0
21.516,92.5596,324.2,1.2,1.1,2008-03-29,0701,Aqua,MODIS,64,6.2,296.7,17,D,0
21.5256,92.5579,323.9,1.2,1.1,2008-03-29,0701,Aqua,MODIS,54,6.2,298.9,16.1,D,0
22.7995,91.6162,319.1,1.3,1.1,2008-03-29,0701,Aqua,MODIS,68,6.2,299.2,12.7,D,0
23.5197,92.2535,358,1.1,1.1,2008-03-29,0701,Aqua,MODIS,99,6.2,301.4,87.9,D,0
22.8164,91.9652,320.2,1.2,1.1,2008-03-29,0701,Aqua,MODIS,14,6.2,295.6,12.3,D,0
22.8221,91.9999,316.8,1.2,1.1,2008-03-29,0701,Aqua,MODIS,57,6.2,298.4,9.6,D,0
22.7566,91.9234,322.2,1.2,1.1,2008-03-29,0701,Aqua,MODIS,73,6.2,299.3,17.3,D,0
22.7585,91.9351,352.4,1.2,1.1,2008-03-29,0701,Aqua,MODIS,96,6.2,299.3,79.9,D,0
22.7642,91.9698,316.3,1.2,1.1,2008-03-29,0701,Aqua,MODIS,58,6.2,298.3,9.7,D,0
22.7445,92.033,323.5,1.2,1.1,2008-03-29,0701,Aqua,MODIS,75,6.2,299.5,19,D,0
21.5778,92.3678,338.4,1.2,1.1,2008-03-29,0701,Aqua,MODIS,88,6.2,290,44.3,D,0
22.019,92.3023,314.8,1.2,1.1,2008-03-29,0701,Aqua,MODIS,53,6.2,297.3,7.3,D,0
23.5146,91.9773,317.7,1.2,1.1,2008-03-29,0701,Aqua,MODIS,61,6.2,290.4,11.3,D,0
23.5129,91.9664,341.4,1.2,1.1,2008-03-29,0701,Aqua,MODIS,91,6.2,293.7,49.7,D,0
21.6274,92.4289,328.4,1.2,1.1,2008-03-29,0701,Aqua,MODIS,70,6.2,293,23,D,0
22.6143,91.738,354.4,1.2,1.1,2008-03-29,0701,Aqua,MODIS,97,6.2,303,88.2,D,0
21.5645,92.3472,323.5,1.2,1.1,2008-03-29,0701,Aqua,MODIS,71,6.2,284.5,19,D,0
21.6309,92.2647,346.1,1.2,1.1,2008-03-29,0701,Aqua,MODIS,93,6.2,296.5,58.8,D,0
21.6213,92.2667,324.2,1.2,1.1,2008-03-29,0701,Aqua,MODIS,40,6.2,297,15.1,D,0
22.3624,92.4027,328.5,1.2,1.1,2008-03-29,0701,Aqua,MODIS,31,6.2,300.6,19.5,D,0
23.2549,92.0216,319.1,1.2,1.1,2008-03-29,0701,Aqua,MODIS,38,6.2,294.7,11.5,D,0
23.18,92.0479,327.4,1.2,1.1,2008-03-29,0701,Aqua,MODIS,53,6.2,298.2,20.2,D,0
23.1772,92.0549,318.6,1.2,1.1,2008-03-29,0701,Aqua,MODIS,31,6.2,300.4,10.5,D,0
23.1429,92.0263,357.9,1.2,1.1,2008-03-29,0701,Aqua,MODIS,99,6.2,298,89.4,D,0
22.3416,92.3956,327.8,1.2,1.1,2008-03-29,0701,Aqua,MODIS,60,6.2,300.9,18.7,D,0
22.7861,92.3503,338,1.2,1.1,2008-03-29,0701,Aqua,MODIS,88,6.2,294.9,39.6,D,0
22.7844,92.3395,337,1.2,1.1,2008-03-29,0701,Aqua,MODIS,82,6.2,298.6,37.6,D,0
22.8146,92.3446,332.6,1.2,1.1,2008-03-29,0701,Aqua,MODIS,84,6.2,300.3,29.7,D,0
22.8129,92.334,326.9,1.2,1.1,2008-03-29,0701,Aqua,MODIS,79,6.2,300.3,20.4,D,0
21.9998,92.3228,338.3,1.2,1.1,2008-03-29,0701,Aqua,MODIS,74,6.2,297.6,39.1,D,0
21.7373,92.3557,325.7,1.2,1.1,2008-03-29,0701,Aqua,MODIS,77,6.2,292.3,21.1,D,0
22.0207,92.3133,333.7,1.2,1.1,2008-03-29,0701,Aqua,MODIS,85,6.2,294.5,34.3,D,0
23.2771,92.0988,324.3,1.2,1.1,2008-03-29,0701,Aqua,MODIS,71,6.2,300.5,15.5,D,0
23.2812,92.1041,321.8,1.2,1.1,2008-03-29,0701,Aqua,MODIS,50,6.2,300.5,13.3,D,0
23.1296,92.0052,321.8,1.2,1.1,2008-03-29,0701,Aqua,MODIS,67,6.2,300.4,12.1,D,0
21.5142,92.5486,334.6,1.2,1.1,2008-03-29,0701,Aqua,MODIS,86,6.2,295.1,33.7,D,0
21.5237,92.5465,376.2,1.2,1.1,2008-03-29,0701,Aqua,MODIS,100,6.2,302.3,163.5,D,0
21.522,92.5356,346,1.2,1.1,2008-03-29,0701,Aqua,MODIS,93,6.2,298.2,57.1,D,0
21.5203,92.5252,316.9,1.2,1.1,2008-03-29,0701,Aqua,MODIS,61,6.2,292.6,8.9,D,0
23.1333,92.0281,335.9,1.2,1.1,2008-03-29,0701,Aqua,MODIS,84,6.2,301.7,33.7,D,0
23.3081,92.0874,324.2,1.2,1.1,2008-03-29,0701,Aqua,MODIS,62,6.2,297.9,14.9,D,0
23.3062,92.0761,322.2,1.2,1.1,2008-03-29,0701,Aqua,MODIS,50,6.2,297.5,13.5,D,0
22.7254,91.9773,317.2,1.2,1.1,2008-03-29,0701,Aqua,MODIS,40,6.2,293.8,10.9,D,0
23.3176,92.0856,341.6,1.2,1.1,2008-03-29,0701,Aqua,MODIS,91,6.2,300.7,43.3,D,0
23.3368,92.082,330,1.2,1.1,2008-03-29,0701,Aqua,MODIS,81,6.2,300.2,24,D,0
22.7575,92.4405,320.7,1.1,1.1,2008-03-29,0701,Aqua,MODIS,58,6.2,296.1,13.3,D,0
21.2991,92.1782,330.1,1.2,1.1,2008-03-29,0701,Aqua,MODIS,70,6.2,298.6,26.2,D,0
23.0919,92.1579,333.2,1.2,1.1,2008-03-29,0701,Aqua,MODIS,85,6.2,301.3,31.1,D,0
23.0938,92.1692,342.2,1.2,1.1,2008-03-29,0701,Aqua,MODIS,91,6.2,300.7,47.9,D,0
23.3349,92.0707,324.8,1.2,1.1,2008-03-29,0701,Aqua,MODIS,50,6.2,299.5,16.1,D,0
23.5214,92.2641,363.7,1.1,1.1,2008-03-29,0701,Aqua,MODIS,100,6.2,299.3,105,D,0
21.3167,92.1628,335.2,1.2,1.1,2008-03-29,0701,Aqua,MODIS,50,6.2,301,32.1,D,0
21.3285,92.1729,328.7,1.2,1.1,2008-03-29,0701,Aqua,MODIS,41,6.2,296.7,23.7,D,0
21.3383,92.171,320.9,1.2,1.1,2008-03-29,0701,Aqua,MODIS,37,6.2,295.9,13.6,D,0
22.5345,92.138,317.6,1.2,1.1,2008-03-29,0701,Aqua,MODIS,63,6.2,296,8.7,D,0
23.4496,91.9429,364.9,1.2,1.1,2008-03-29,0701,Aqua,MODIS,100,6.2,301,116,D,0
23.4515,91.9544,351.6,1.2,1.1,2008-03-29,0701,Aqua,MODIS,96,6.2,299.3,71.7,D,0
23.5326,92.2731,379.5,1.1,1.1,2008-03-29,0701,Aqua,MODIS,100,6.2,299.2,169.6,D,0
23.2687,92.1697,338,1.2,1.1,2008-03-29,0701,Aqua,MODIS,88,6.2,299.3,38.4,D,0
23.261,92.1827,335.3,1.2,1.1,2008-03-29,0701,Aqua,MODIS,86,6.2,301.7,32.9,D,0
23.2628,92.1939,330.3,1.2,1.1,2008-03-29,0701,Aqua,MODIS,82,6.2,300.6,24.2,D,0
23.2497,92.1733,328.7,1.2,1.1,2008-03-29,0701,Aqua,MODIS,53,6.2,301.5,22.7,D,0
22.0822,92.5101,350.1,1.2,1.1,2008-03-29,0701,Aqua,MODIS,94,6.2,294.7,63.2,D,0
23.5309,92.2622,356.9,1.1,1.1,2008-03-29,0701,Aqua,MODIS,98,6.2,302.3,81.8,D,0
21.4426,92.429,343.7,1.2,1.1,2008-03-29,0701,Aqua,MODIS,92,6.2,299.1,53.2,D,0
23.5421,92.2714,379,1.1,1.1,2008-03-29,0701,Aqua,MODIS,100,6.2,301.2,169.4,D,0
23.5403,92.2605,333,1.1,1.1,2008-03-29,0701,Aqua,MODIS,61,6.2,300.3,28.4,D,0
23.5498,92.2588,322.8,1.1,1.1,2008-03-29,0701,Aqua,MODIS,44,6.2,299.6,15.3,D,0
22.3304,92.3869,332.7,1.2,1.1,2008-03-29,0701,Aqua,MODIS,84,6.2,302.6,27.3,D,0
23.3505,92.2291,323.2,1.2,1.1,2008-03-29,0701,Aqua,MODIS,54,6.2,299.6,14.2,D,0
23.146,91.7815,333.6,1.2,1.1,2008-03-29,0701,Aqua,MODIS,85,6.2,294.9,31,D,0
23.185,91.7737,320.8,1.2,1.1,2008-03-29,0701,Aqua,MODIS,56,6.2,297.9,13,D,0
23.2598,92.2973,364.2,1.1,1.1,2008-03-29,0701,Aqua,MODIS,100,6.2,303.3,110.9,D,0
23.3184,92.2121,319.2,1.2,1.1,2008-03-29,0701,Aqua,MODIS,70,6.2,300.4,10.6,D,0
22.8585,92.0397,314.2,1.2,1.1,2008-03-29,0701,Aqua,MODIS,48,6.2,297.4,6.6,D,0
22.3322,92.3979,359.6,1.2,1.1,2008-03-29,0701,Aqua,MODIS,99,6.2,301.5,90.7,D,0
22.2006,92.4235,326.9,1.2,1.1,2008-03-29,0701,Aqua,MODIS,72,6.2,294.5,17.2,D,0
23.2615,92.3084,347.1,1.1,1.1,2008-03-29,0701,Aqua,MODIS,94,6.2,300.2,59.7,D,0
22.2023,92.4344,369.5,1.2,1.1,2008-03-29,0701,Aqua,MODIS,100,6.2,295.1,129.4,D,0
22.1946,92.4475,384.5,1.2,1.1,2008-03-29,0701,Aqua,MODIS,100,6.2,301.3,200.8,D,0
22.2095,92.4795,333.4,1.2,1.1,2008-03-29,0701,Aqua,MODIS,85,6.2,297.1,30.2,D,0
22.2077,92.4682,357.4,1.2,1.1,2008-03-29,0701,Aqua,MODIS,98,6.2,300.2,87.5,D,0
22.2041,92.4456,337.7,1.2,1.1,2008-03-29,0701,Aqua,MODIS,88,6.2,298.2,35.9,D,0
22.2285,92.4762,336.4,1.2,1.1,2008-03-29,0701,Aqua,MODIS,87,6.2,298.2,35.3,D,0
22.2267,92.4649,351,1.2,1.1,2008-03-29,0701,Aqua,MODIS,95,6.2,302.1,68.2,D,0
22.2312,92.4702,336.3,1.2,1.1,2008-03-29,0701,Aqua,MODIS,87,6.2,297.8,35.6,D,0
22.2293,92.4584,325.8,1.2,1.1,2008-03-29,0701,Aqua,MODIS,68,6.2,301,17.8,D,0
22.2407,92.4684,319.4,1.2,1.1,2008-03-29,0701,Aqua,MODIS,68,6.2,295.7,11.5,D,0
22.2388,92.4566,364.5,1.2,1.1,2008-03-29,0701,Aqua,MODIS,100,6.2,302.3,111.6,D,0
22.2369,92.445,345.3,1.2,1.1,2008-03-29,0701,Aqua,MODIS,92,6.2,302,53.2,D,0
22.2484,92.4551,360.9,1.2,1.1,2008-03-29,0701,Aqua,MODIS,100,6.2,293.1,98.3,D,0
22.2465,92.4434,384.9,1.2,1.1,2008-03-29,0701,Aqua,MODIS,100,6.2,302.1,204.5,D,0
22.6926,92.0956,323.5,1.2,1.1,2008-03-29,0701,Aqua,MODIS,75,6.2,298.1,16.2,D,0
22.6908,92.0846,320,1.2,1.1,2008-03-29,0701,Aqua,MODIS,49,6.2,300,11.4,D,0
22.908,92.1007,324.5,1.2,1.1,2008-03-29,0701,Aqua,MODIS,76,6.2,299.9,17.2,D,0
22.2561,92.4421,344.7,1.2,1.1,2008-03-29,0701,Aqua,MODIS,92,6.2,299.9,53.3,D,0
22.2543,92.4307,318.5,1.2,1.1,2008-03-29,0701,Aqua,MODIS,63,6.2,300.1,9.7,D,0
22.2657,92.4405,348.5,1.2,1.1,2008-03-29,0701,Aqua,MODIS,94,6.2,300.9,62.6,D,0
22.2638,92.4292,346.3,1.2,1.1,2008-03-29,0701,Aqua,MODIS,93,6.2,301.9,57.4,D,0
22.3019,92.4213,361.4,1.2,1.1,2008-03-29,0701,Aqua,MODIS,100,6.2,302.9,99.5,D,0
22.9116,92.1063,318.2,1.2,1.1,2008-03-29,0701,Aqua,MODIS,58,6.2,298.7,10.7,D,0
22.1928,92.436,430.7,1.2,1.1,2008-03-29,0701,Aqua,MODIS,100,6.2,312.5,600.3,D,0
23.4444,92.2956,398.4,1.1,1.1,2008-03-29,0701,Aqua,MODIS,100,6.2,306.8,279.2,D,0
23.4615,92.2811,334,1.1,1.1,2008-03-29,0701,Aqua,MODIS,52,6.2,299.9,25.9,D,0
22.1357,92.4763,397.2,1.2,1.1,2008-03-29,0701,Aqua,MODIS,100,6.2,306.7,282.3,D,0
22.141,92.4803,401.4,1.2,1.1,2008-03-29,0701,Aqua,MODIS,100,6.2,308.8,311.6,D,0
22.1505,92.4784,387.8,1.2,1.1,2008-03-29,0701,Aqua,MODIS,100,6.2,297.4,220.9,D,0
22.1487,92.4672,323.9,1.2,1.1,2008-03-29,0701,Aqua,MODIS,55,6.2,299.8,14.6,D,0
22.1887,92.4723,338,1.2,1.1,2008-03-29,0701,Aqua,MODIS,88,6.2,299.3,36.8,D,0
22.1869,92.4607,344.1,1.2,1.1,2008-03-29,0701,Aqua,MODIS,92,6.2,301.6,49.9,D,0
22.185,92.4493,406.2,1.2,1.1,2008-03-29,0701,Aqua,MODIS,100,6.2,306.3,349.9,D,0
23.4727,92.2904,354.3,1.1,1.1,2008-03-29,0701,Aqua,MODIS,97,6.2,301.9,72.4,D,0
23.471,92.2793,340.1,1.1,1.1,2008-03-29,0701,Aqua,MODIS,88,6.2,298.9,37.4,D,0
23.4693,92.2686,335.8,1.1,1.1,2008-03-29,0701,Aqua,MODIS,78,6.2,298.8,30.8,D,0
23.5025,92.2678,362.4,1.1,1.1,2008-03-29,0701,Aqua,MODIS,100,6.2,301.8,100.5,D,0
22.056,92.4692,355.3,1.2,1.1,2008-03-29,0701,Aqua,MODIS,97,6.2,300.6,79.4,D,0
22.071,92.501,350.5,1.2,1.1,2008-03-29,0701,Aqua,MODIS,90,6.2,297.3,64.6,D,0
22.0655,92.4672,367.7,1.2,1.1,2008-03-29,0701,Aqua,MODIS,100,6.2,292.5,119.8,D,0
22.0636,92.4557,356,1.2,1.1,2008-03-29,0701,Aqua,MODIS,98,6.2,301.1,80.3,D,0
22.0805,92.4994,428.2,1.2,1.1,2008-03-29,0701,Aqua,MODIS,100,6.2,306,562.5,D,0
22.0787,92.488,411.8,1.2,1.1,2008-03-29,0701,Aqua,MODIS,100,6.2,304,390.8,D,0
22.09,92.4973,346.2,1.2,1.1,2008-03-29,0701,Aqua,MODIS,73,6.2,297.5,53.2,D,0
22.0882,92.4861,340.4,1.2,1.1,2008-03-29,0701,Aqua,MODIS,55,6.2,294.9,38.6,D,0
22.0864,92.475,374.1,1.2,1.1,2008-03-29,0701,Aqua,MODIS,100,6.2,297.4,146.4,D,0
22.0846,92.4635,342.3,1.2,1.1,2008-03-29,0701,Aqua,MODIS,80,6.2,301.3,44.2,D,0
22.0994,92.4952,343.5,1.2,1.1,2008-03-29,0701,Aqua,MODIS,91,6.2,297.7,51.2,D,0
23.2458,91.9646,329.2,1.2,1.1,2008-03-29,0701,Aqua,MODIS,82,6.2,301.5,22.4,D,0
23.3378,91.9649,353.7,1.2,1.1,2008-03-29,0701,Aqua,MODIS,97,6.2,301.8,79.1,D,0
23.2593,91.8498,319.3,1.2,1.1,2008-03-29,0701,Aqua,MODIS,41,6.2,299.8,8.7,D,0
23.3582,91.8245,335.9,1.2,1.1,2008-03-29,0701,Aqua,MODIS,59,6.2,295.8,34.3,D,0
23.3562,91.8126,369.3,1.2,1.1,2008-03-29,0701,Aqua,MODIS,94,6.2,297.3,134.9,D,0
23.3678,91.8225,322.1,1.2,1.1,2008-03-29,0701,Aqua,MODIS,23,6.2,288,12.2,D,0
23.3659,91.8107,337.6,1.2,1.1,2008-03-29,0701,Aqua,MODIS,77,6.2,294.2,37.9,D,0
23.3474,91.9631,334.7,1.2,1.1,2008-03-29,0701,Aqua,MODIS,86,6.2,299.2,33.1,D,0
23.2177,91.8517,331.7,1.2,1.1,2008-03-29,0701,Aqua,MODIS,62,6.2,302.1,24.1,D,0
21.5544,92.3671,358.5,1.2,1.1,2008-03-29,0701,Aqua,MODIS,99,6.2,293.7,96.1,D,0
24.1289,89.3849,320.4,1.6,1.3,2008-03-29,0702,Aqua,MODIS,47,6.2,302.4,16.8,D,0
22.6545,91.7115,311.7,1,1,2008-03-30,0435,Terra,MODIS,58,6.2,282.5,7.5,D,0
23.2604,91.85,322.6,1,1,2008-03-30,0435,Terra,MODIS,79,6.2,285.1,16.5,D,0
23.2618,91.8403,315.4,1,1,2008-03-30,0435,Terra,MODIS,70,6.2,283.1,10.1,D,0
21.6116,92.2737,335.9,1,1,2008-03-30,0436,Terra,MODIS,88,6.2,294.6,30.1,D,0
21.6304,92.1494,326.3,1,1,2008-03-30,0436,Terra,MODIS,80,6.2,293.9,17,D,0
21.5606,92.1867,336.8,1,1,2008-03-30,0436,Terra,MODIS,88,6.2,298.2,30,D,0
21.5591,92.1963,312.9,1,1,2008-03-30,0436,Terra,MODIS,32,6.2,296.6,3.5,D,0
21.5507,92.1884,314.6,1,1,2008-03-30,0436,Terra,MODIS,63,6.2,297.1,4.8,D,0
22.2268,92.4149,344.7,2.8,1.6,2008-03-30,0744,Aqua,MODIS,92,6.2,296.8,189.7,D,0
21.787,92.5787,329.8,2.8,1.6,2008-03-30,0744,Aqua,MODIS,63,6.2,297.6,91.4,D,0
22.9696,92.3132,371.9,2.8,1.6,2008-03-30,0744,Aqua,MODIS,100,6.2,300.7,508.7,D,0
22.9672,92.2875,331,2.8,1.6,2008-03-30,0744,Aqua,MODIS,84,6.2,300.1,90.2,D,0
21.7521,92.3704,333.9,2.7,1.6,2008-03-30,0744,Aqua,MODIS,76,6.2,284.5,109.1,D,0
21.7496,92.3455,344,2.7,1.6,2008-03-30,0744,Aqua,MODIS,92,6.2,292.8,176.4,D,0
21.7551,92.3658,325.5,2.7,1.6,2008-03-30,0744,Aqua,MODIS,59,6.2,285.2,64.9,D,0
21.7528,92.3407,328.3,2.7,1.6,2008-03-30,0744,Aqua,MODIS,61,6.2,292.5,77.5,D,0
21.7047,92.3247,319.4,2.7,1.6,2008-03-30,0744,Aqua,MODIS,42,6.2,293.4,36.3,D,0
21.7213,92.3484,321.4,2.7,1.6,2008-03-30,0744,Aqua,MODIS,48,6.2,292.2,46.9,D,0
21.7188,92.3228,338.4,2.7,1.6,2008-03-30,0744,Aqua,MODIS,88,6.2,294.6,136.7,D,0
21.7379,92.3724,360.3,2.7,1.6,2008-03-30,0744,Aqua,MODIS,100,6.2,288.7,339.1,D,0
21.7355,92.347,346.1,2.7,1.6,2008-03-30,0744,Aqua,MODIS,93,6.2,293.8,193.9,D,0
21.733,92.3215,328.6,2.7,1.6,2008-03-30,0744,Aqua,MODIS,47,6.2,294.8,73.5,D,0
21.5638,92.2973,320.4,2.7,1.6,2008-03-30,0744,Aqua,MODIS,65,6.2,290.4,42.2,D,0
21.7787,92.3114,321,2.7,1.6,2008-03-30,0744,Aqua,MODIS,64,6.2,295.3,47.7,D,0
21.5615,92.2742,332.1,2.7,1.6,2008-03-30,0744,Aqua,MODIS,84,6.2,292.9,100.1,D,0
21.5053,92.2812,313.9,2.7,1.6,2008-03-30,0744,Aqua,MODIS,39,6.2,292.8,21.2,D,0
21.4972,92.264,318.3,2.7,1.6,2008-03-30,0744,Aqua,MODIS,68,6.2,293.4,37.7,D,0
21.7754,92.3166,324.3,2.7,1.6,2008-03-30,0744,Aqua,MODIS,69,6.2,295.4,60.3,D,0
22.3353,92.4867,321,2.8,1.6,2008-03-30,0744,Aqua,MODIS,62,6.2,290.9,50.7,D,0
22.3367,92.4816,322.7,2.8,1.6,2008-03-30,0744,Aqua,MODIS,65,6.2,291.9,58.1,D,0
22.3528,92.3422,321.5,2.8,1.6,2008-03-30,0744,Aqua,MODIS,72,6.2,294.7,47.1,D,0
22.9658,92.3209,363.7,2.8,1.6,2008-03-30,0744,Aqua,MODIS,100,6.2,300,394.6,D,0
22.3325,92.4585,327.7,2.8,1.6,2008-03-30,0744,Aqua,MODIS,81,6.2,296.5,81,D,0
22.3469,92.4567,338,2.8,1.6,2008-03-30,0744,Aqua,MODIS,89,6.2,296.4,142.5,D,0
22.3341,92.4534,329.2,2.8,1.6,2008-03-30,0744,Aqua,MODIS,82,6.2,296.8,88.9,D,0
22.3485,92.4516,332.3,2.8,1.6,2008-03-30,0744,Aqua,MODIS,85,6.2,296.4,103.2,D,0
22.3749,92.4227,331.9,2.8,1.6,2008-03-30,0744,Aqua,MODIS,84,6.2,295.4,100.6,D,0
21.5675,92.292,321.8,2.7,1.6,2008-03-30,0744,Aqua,MODIS,46,6.2,290.8,44.4,D,0
22.8627,92.3044,321.9,2.8,1.6,2008-03-30,0744,Aqua,MODIS,56,6.2,298.5,49.4,D,0
22.9034,92.2744,319.3,2.8,1.6,2008-03-30,0744,Aqua,MODIS,53,6.2,299.1,38.8,D,0
22.4688,92.2967,334.7,2.8,1.6,2008-03-30,0744,Aqua,MODIS,86,6.2,292.7,119.1,D,0
22.4662,92.27,323.8,2.7,1.6,2008-03-30,0744,Aqua,MODIS,72,6.2,296.7,61.1,D,0
22.4712,92.2912,331.1,2.8,1.6,2008-03-30,0744,Aqua,MODIS,79,6.2,293.9,91.9,D,0
21.8463,92.5686,322.4,2.8,1.6,2008-03-30,0744,Aqua,MODIS,74,6.2,297.1,59.2,D,0
22.9552,92.3149,327.3,2.8,1.6,2008-03-30,0744,Aqua,MODIS,81,6.2,299.3,77.8,D,0
22.9633,92.2951,359,2.8,1.6,2008-03-30,0744,Aqua,MODIS,99,6.2,301.4,335.1,D,0
23.1432,91.7826,315.5,2.6,1.5,2008-03-30,0744,Aqua,MODIS,65,6.2,298.2,20.3,D,0
21.7838,92.5223,315.3,2.8,1.6,2008-03-30,0744,Aqua,MODIS,33,6.2,291.9,26.8,D,0
22.9666,92.125,314.8,2.7,1.6,2008-03-30,0744,Aqua,MODIS,59,6.2,294.4,20.7,D,0
23.5122,92.0022,322.3,2.7,1.6,2008-03-30,0744,Aqua,MODIS,76,6.2,295.4,58.6,D,0
23.5096,91.9754,322.7,2.7,1.6,2008-03-30,0744,Aqua,MODIS,76,6.2,296.7,58.3,D,0
22.9983,92.31,322.6,2.8,1.6,2008-03-30,0744,Aqua,MODIS,76,6.2,298.5,50.5,D,0
23.0009,92.3378,331.6,2.8,1.6,2008-03-30,0744,Aqua,MODIS,84,6.2,298.6,101.2,D,0
23.211,92.0015,339.3,2.7,1.6,2008-03-30,0744,Aqua,MODIS,90,6.2,297.9,139.4,D,0
23.197,92.0034,317.4,2.7,1.6,2008-03-30,0744,Aqua,MODIS,68,6.2,296,27.5,D,0
23.2075,92.0068,337.5,2.7,1.6,2008-03-30,0744,Aqua,MODIS,88,6.2,297.5,126.6,D,0
22.2245,92.3889,336.1,2.8,1.6,2008-03-30,0744,Aqua,MODIS,87,6.2,295.1,125.2,D,0
21.9704,92.277,348.7,2.7,1.6,2008-03-30,0744,Aqua,MODIS,94,6.2,299.8,220.2,D,0
21.9726,92.3002,328.6,2.7,1.6,2008-03-30,0744,Aqua,MODIS,81,6.2,295,84.8,D,0
22.7134,91.9574,330.1,2.6,1.6,2008-03-30,0744,Aqua,MODIS,78,6.2,294.8,84.6,D,0
22.7185,91.9388,325,2.6,1.6,2008-03-30,0744,Aqua,MODIS,78,6.2,294.8,63,D,0
22.721,91.9638,328.7,2.6,1.6,2008-03-30,0744,Aqua,MODIS,77,6.2,292.4,81.5,D,0
23.3533,92.0849,322.3,2.7,1.6,2008-03-30,0744,Aqua,MODIS,76,6.2,293.3,52.7,D,0
23.4478,91.9896,323.3,2.7,1.6,2008-03-30,0744,Aqua,MODIS,70,6.2,297.4,52.6,D,0
22.5493,92.1424,328.6,2.7,1.6,2008-03-30,0744,Aqua,MODIS,71,6.2,299.9,69.5,D,0
22.5581,92.1489,330.9,2.7,1.6,2008-03-30,0744,Aqua,MODIS,63,6.2,298.7,83.9,D,0
23.581,91.9361,320.9,2.7,1.6,2008-03-30,0744,Aqua,MODIS,44,6.2,292.5,50.9,D,0
23.0661,92.0822,320.9,2.7,1.6,2008-03-30,0744,Aqua,MODIS,51,6.2,295.6,39.1,D,0
22.2102,92.3904,322.3,2.8,1.6,2008-03-30,0744,Aqua,MODIS,75,6.2,292.9,49.9,D,0
22.2125,92.4159,326.4,2.8,1.6,2008-03-30,0744,Aqua,MODIS,79,6.2,295,68.9,D,0
22.2205,92.3967,354.9,2.8,1.6,2008-03-30,0744,Aqua,MODIS,97,6.2,296.1,286.3,D,0
22.223,92.423,335.6,2.8,1.6,2008-03-30,0744,Aqua,MODIS,87,6.2,296.9,124,D,0
22.2315,92.4659,316.2,2.8,1.6,2008-03-30,0744,Aqua,MODIS,65,6.2,296.5,29.8,D,0
21.9673,92.2818,350.7,2.7,1.6,2008-03-30,0744,Aqua,MODIS,95,6.2,299.3,238.1,D,0
23.4504,92.0163,325.3,2.7,1.6,2008-03-30,0744,Aqua,MODIS,77,6.2,296.7,65.6,D,0
23.0995,91.9149,315.2,2.6,1.6,2008-03-30,0744,Aqua,MODIS,52,6.2,294,17.2,D,0
23.1158,91.9384,317.3,2.6,1.6,2008-03-30,0744,Aqua,MODIS,41,6.2,297.4,23.8,D,0
23.4556,92.0082,322.8,2.7,1.6,2008-03-30,0744,Aqua,MODIS,64,6.2,296.9,51.9,D,0
22.5047,91.7505,319.9,2.5,1.5,2008-03-30,0744,Aqua,MODIS,71,6.2,296.8,36.5,D,0
21.9062,92.5849,311.9,2.8,1.6,2008-03-30,0744,Aqua,MODIS,40,6.2,292,22.3,D,0
21.9094,92.5771,313.2,2.8,1.6,2008-03-30,0744,Aqua,MODIS,53,6.2,292.8,28.5,D,0
22.5024,91.7267,322.1,2.5,1.5,2008-03-30,0744,Aqua,MODIS,56,6.2,297.9,43.7,D,0
22.5126,91.7422,326.2,2.5,1.5,2008-03-30,0744,Aqua,MODIS,79,6.2,296.8,56.9,D,0
23.6258,91.958,332.7,2.7,1.6,2008-03-30,0744,Aqua,MODIS,83,6.2,296.1,109.1,D,0
23.6233,91.9314,335,2.7,1.6,2008-03-30,0744,Aqua,MODIS,87,6.2,293.1,125.4,D,0
23.6169,91.95,331,2.7,1.6,2008-03-30,0744,Aqua,MODIS,63,6.2,295.8,97.2,D,0
23.3432,91.9791,324.3,2.7,1.6,2008-03-30,0744,Aqua,MODIS,78,6.2,298.8,55.4,D,0
23.3741,92.0033,328.2,2.7,1.6,2008-03-30,0744,Aqua,MODIS,82,6.2,298.3,72,D,0
23.3715,91.9765,335.5,2.7,1.6,2008-03-30,0744,Aqua,MODIS,87,6.2,299.3,111.1,D,0
23.3467,91.9739,324.8,2.7,1.6,2008-03-30,0744,Aqua,MODIS,45,6.2,298.6,51.1,D,0
23.3773,91.9978,328.1,2.7,1.6,2008-03-30,0744,Aqua,MODIS,61,6.2,298.3,68.9,D,0
23.153,91.884,315.7,2.6,1.6,2008-03-30,0744,Aqua,MODIS,65,6.2,293.7,21.6,D,0
23.1414,91.9101,337.9,2.6,1.6,2008-03-30,0744,Aqua,MODIS,89,6.2,297.4,124.7,D,0
23.4064,92.1877,328.5,2.8,1.6,2008-03-30,0744,Aqua,MODIS,82,6.2,297.1,87.7,D,0
23.4108,92.209,316.6,2.8,1.6,2008-03-30,0744,Aqua,MODIS,67,6.2,296.4,34.3,D,0
23.4084,92.1823,326,2.8,1.6,2008-03-30,0744,Aqua,MODIS,80,6.2,296.8,76.6,D,0
23.3749,91.9712,328,2.7,1.6,2008-03-30,0744,Aqua,MODIS,55,6.2,298.8,65.9,D,0
23.4312,91.9644,322.8,2.7,1.6,2008-03-30,0744,Aqua,MODIS,48,6.2,298.9,45,D,0
21.7742,92.5764,326.1,2.8,1.6,2008-03-30,0744,Aqua,MODIS,51,6.2,297.1,72.3,D,0
23.3387,92.1924,318.7,4.2,1.9,2008-03-31,0518,Terra,MODIS,70,6.2,288.3,112.2,D,0
21.7008,92.1511,314.9,4.6,2,2008-03-31,0518,Terra,MODIS,60,6.2,288.3,67.6,D,0
21.7006,92.1441,312.2,4.6,2,2008-03-31,0518,Terra,MODIS,54,6.2,288.5,55.2,D,0
21.6914,92.1865,312.4,4.6,2,2008-03-31,0518,Terra,MODIS,55,6.2,288.8,56.1,D,0
23.3351,92.1865,314.3,4.2,1.9,2008-03-31,0518,Terra,MODIS,46,6.2,287.9,76,D,0
23.3113,92.012,332.4,1.8,1.3,2008-03-31,0649,Aqua,MODIS,86,6.2,296.3,59.1,D,0
23.2423,92.1428,315.1,1.8,1.3,2008-03-31,0649,Aqua,MODIS,30,6.2,297.9,10.4,D,0
23.2664,92.2086,363,1.8,1.3,2008-03-31,0649,Aqua,MODIS,100,6.2,299.1,200.6,D,0
23.2676,92.0826,328.3,1.8,1.3,2008-03-31,0649,Aqua,MODIS,82,6.2,298.6,43.8,D,0
22.958,92.3525,322.8,1.8,1.3,2008-03-31,0649,Aqua,MODIS,75,6.2,297.4,31.4,D,0
23.3082,91.9953,320.1,1.8,1.3,2008-03-31,0649,Aqua,MODIS,60,6.2,294.6,24.1,D,0
23.2134,92.225,323.1,1.8,1.3,2008-03-31,0649,Aqua,MODIS,64,6.2,299.9,28.7,D,0
22.8161,92.0087,315.4,1.9,1.3,2008-03-31,0649,Aqua,MODIS,54,6.2,296.7,19.7,D,0
23.2815,92.0253,315.8,1.8,1.3,2008-03-31,0649,Aqua,MODIS,57,6.2,297,14.1,D,0
22.7791,91.9413,318.2,1.9,1.3,2008-03-31,0649,Aqua,MODIS,62,6.2,295.1,25.8,D,0
23.3454,92.1309,319.2,1.8,1.3,2008-03-31,0649,Aqua,MODIS,47,6.2,295.9,20.3,D,0
23.3401,92.1676,334.2,1.8,1.3,2008-03-31,0649,Aqua,MODIS,86,6.2,297.7,59.1,D,0
23.319,92.119,335.5,1.8,1.3,2008-03-31,0649,Aqua,MODIS,88,6.2,297.1,62.5,D,0
23.3221,92.1358,348.7,1.8,1.3,2008-03-31,0649,Aqua,MODIS,95,6.2,297.8,116.2,D,0
23.3285,92.17,334.8,1.8,1.3,2008-03-31,0649,Aqua,MODIS,87,6.2,298.1,58.6,D,0
23.3236,92.1248,334.8,1.8,1.3,2008-03-31,0649,Aqua,MODIS,87,6.2,296.9,60.3,D,0
23.3266,92.1417,333.5,1.8,1.3,2008-03-31,0649,Aqua,MODIS,86,6.2,297.5,54.4,D,0
23.3328,92.1762,349.4,1.8,1.3,2008-03-31,0649,Aqua,MODIS,95,6.2,298.5,118.1,D,0
22.1746,92.3177,316.7,1.8,1.3,2008-03-31,0649,Aqua,MODIS,68,6.2,296.4,19.4,D,0
22.9528,92.1216,319.9,1.8,1.3,2008-03-31,0649,Aqua,MODIS,68,6.2,299,23.6,D,0
22.9624,92.1304,318.8,1.8,1.3,2008-03-31,0649,Aqua,MODIS,70,6.2,298.9,20.5,D,0
23.309,92.1106,315.3,1.8,1.3,2008-03-31,0649,Aqua,MODIS,43,6.2,296.9,11.2,D,0
23.312,92.1273,330.1,1.8,1.3,2008-03-31,0649,Aqua,MODIS,84,6.2,297,46.6,D,0
23.2708,92.1002,324.9,1.8,1.3,2008-03-31,0649,Aqua,MODIS,79,6.2,297.9,34.4,D,0
23.5729,92.2306,311.6,1.8,1.3,2008-03-31,0649,Aqua,MODIS,20,6.2,294.6,10.9,D,0
23.6571,91.9194,356.7,1.8,1.3,2008-03-31,0649,Aqua,MODIS,93,6.2,285.1,168.3,D,0
23.6454,91.922,338.6,1.8,1.3,2008-03-31,0649,Aqua,MODIS,56,6.2,295.7,80.7,D,0
23.5615,92.2332,313.3,1.8,1.3,2008-03-31,0649,Aqua,MODIS,56,6.2,294.5,14.6,D,0
23.5646,92.2504,337.7,1.7,1.3,2008-03-31,0649,Aqua,MODIS,89,6.2,296.9,76.7,D,0
23.0209,92.1174,315.8,1.8,1.3,2008-03-31,0649,Aqua,MODIS,49,6.2,298.9,15.8,D,0
23.3706,91.9017,316.7,1.9,1.3,2008-03-31,0649,Aqua,MODIS,64,6.2,295.1,22,D,0
21.5067,92.3806,310.8,1.9,1.3,2008-03-31,0649,Aqua,MODIS,37,6.2,284.9,12.7,D,0
23.6212,92.2508,358.1,1.7,1.3,2008-03-31,0649,Aqua,MODIS,99,6.2,297.1,163.7,D,0
23.6107,92.2417,323,1.7,1.3,2008-03-31,0649,Aqua,MODIS,48,6.2,292.9,29.4,D,0
21.5034,92.3918,331.7,1.9,1.3,2008-03-31,0649,Aqua,MODIS,80,6.2,286.5,64.8,D,0
23.2486,92.2875,321.5,1.8,1.3,2008-03-31,0649,Aqua,MODIS,76,6.2,298.8,29.7,D,0
23.2589,92.2979,330.6,1.8,1.3,2008-03-31,0649,Aqua,MODIS,84,6.2,298.4,52.3,D,0
23.2697,92.2262,336.7,1.8,1.3,2008-03-31,0649,Aqua,MODIS,88,6.2,297.5,71.6,D,0
21.5067,92.4095,318.9,1.9,1.3,2008-03-31,0649,Aqua,MODIS,28,6.2,284,25.5,D,0
22.9718,91.9821,316.1,1.9,1.3,2008-03-31,0649,Aqua,MODIS,63,6.2,296.1,22.1,D,0
21.9171,92.4262,342.1,1.8,1.3,2008-03-31,0649,Aqua,MODIS,86,6.2,284.4,98.8,D,0
23.2549,92.211,328.1,1.8,1.3,2008-03-31,0649,Aqua,MODIS,53,6.2,298.7,40.7,D,0
23.3127,92.1983,334.4,1.8,1.3,2008-03-31,0649,Aqua,MODIS,87,6.2,295.8,60.2,D,0
23.3242,92.1959,342.9,1.8,1.3,2008-03-31,0649,Aqua,MODIS,92,6.2,297.2,89.5,D,0
22.6635,91.9546,314.1,1.9,1.3,2008-03-31,0649,Aqua,MODIS,34,6.2,292.7,15.6,D,0
22.6601,91.9361,313.2,1.9,1.4,2008-03-31,0649,Aqua,MODIS,35,6.2,293.4,13.1,D,0
22.7824,91.9595,326.2,1.9,1.3,2008-03-31,0649,Aqua,MODIS,69,6.2,293.2,48.6,D,0
23.397,92.0428,335.7,1.8,1.3,2008-03-31,0649,Aqua,MODIS,87,6.2,294.3,64.9,D,0
23.5609,91.9641,309,1.8,1.3,2008-03-31,0649,Aqua,MODIS,31,6.2,289.3,10.8,D,0
22.7278,92.0353,311.2,1.9,1.3,2008-03-31,0649,Aqua,MODIS,49,6.2,294.8,16,D,0
23.378,92.1775,318.9,1.8,1.3,2008-03-31,0649,Aqua,MODIS,56,6.2,291.5,23.4,D,0
22.6721,91.9334,313.2,1.9,1.4,2008-03-31,0649,Aqua,MODIS,26,6.2,293,13.4,D,0
23.3358,92.1934,324.2,1.8,1.3,2008-03-31,0649,Aqua,MODIS,35,6.2,297.1,28.8,D,0
23.2288,91.8708,313.9,1.9,1.3,2008-03-31,0649,Aqua,MODIS,57,6.2,295.4,14.8,D,0
21.8723,92.4243,324.2,1.8,1.3,2008-03-31,0649,Aqua,MODIS,71,6.2,293.4,40.3,D,0
22.6755,91.9518,314.2,1.9,1.3,2008-03-31,0649,Aqua,MODIS,30,6.2,293.4,16.1,D,0
21.8755,92.442,340.9,1.8,1.3,2008-03-31,0649,Aqua,MODIS,90,6.2,295,95.1,D,0
23.3233,92.2068,326.4,1.8,1.3,2008-03-31,0649,Aqua,MODIS,53,6.2,296,38.8,D,0
21.8606,92.4266,337.9,1.8,1.3,2008-03-31,0649,Aqua,MODIS,89,6.2,291,82.1,D,0
21.8638,92.4446,356.5,1.8,1.3,2008-03-31,0649,Aqua,MODIS,98,6.2,291.8,171.3,D,0
21.5342,92.4666,331.1,1.9,1.3,2008-03-31,0649,Aqua,MODIS,85,6.2,287.3,57.8,D,0
21.5284,92.4606,328.1,1.9,1.3,2008-03-31,0649,Aqua,MODIS,77,6.2,285,50.6,D,0
21.5402,92.458,327.5,1.9,1.3,2008-03-31,0649,Aqua,MODIS,60,6.2,286.6,47,D,0
22.091,92.5458,333.5,1.8,1.3,2008-03-31,0649,Aqua,MODIS,74,6.2,290.3,67.5,D,0
22.0869,92.5395,323.5,1.8,1.3,2008-03-31,0649,Aqua,MODIS,77,6.2,291.1,38.3,D,0
23.3887,92.1034,327.6,1.8,1.3,2008-03-31,0649,Aqua,MODIS,82,6.2,295,45.4,D,0
23.1903,92.2299,316,1.8,1.3,2008-03-31,0649,Aqua,MODIS,37,6.2,298.8,14.3,D,0
23.3201,92.1897,336.9,1.8,1.3,2008-03-31,0649,Aqua,MODIS,89,6.2,298,67.4,D,0
23.3317,92.1874,341.6,1.8,1.3,2008-03-31,0649,Aqua,MODIS,91,6.2,297.6,85.6,D,0
23.3496,92.2191,318.3,1.8,1.3,2008-03-31,0649,Aqua,MODIS,44,6.2,295.8,22.9,D,0
23.3464,92.2018,330.2,1.8,1.3,2008-03-31,0649,Aqua,MODIS,84,6.2,297.7,51,D,0
23.3433,92.185,342.7,1.8,1.3,2008-03-31,0649,Aqua,MODIS,92,6.2,297.8,91.4,D,0
23.3085,91.8647,325.3,1.9,1.3,2008-03-31,0649,Aqua,MODIS,73,6.2,294.5,38.7,D,0
23.3972,92.0836,329.9,1.8,1.3,2008-03-31,0649,Aqua,MODIS,83,6.2,295.6,48.1,D,0
23.395,92.0971,327.5,1.8,1.3,2008-03-31,0649,Aqua,MODIS,57,6.2,294.8,42.1,D,0
22.6598,92.0675,315.1,1.9,1.3,2008-03-31,0649,Aqua,MODIS,65,6.2,296.1,18.5,D,0
22.6633,92.0859,331,1.9,1.3,2008-03-31,0649,Aqua,MODIS,84,6.2,293.9,60.3,D,0
22.655,92.0736,322,1.9,1.3,2008-03-31,0649,Aqua,MODIS,76,6.2,293.6,33.6,D,0
22.6584,92.0924,321.5,1.9,1.3,2008-03-31,0649,Aqua,MODIS,75,6.2,292,32.1,D,0
23.2815,91.8521,319.7,1.9,1.3,2008-03-31,0649,Aqua,MODIS,43,6.2,296.5,24.6,D,0
22.4552,92.3292,320,1.8,1.3,2008-03-31,0649,Aqua,MODIS,61,6.2,293.3,28.9,D,0
22.4522,92.3126,335.4,1.8,1.3,2008-03-31,0649,Aqua,MODIS,87,6.2,295.9,73.7,D,0
23.3027,92.3415,324.9,1.7,1.3,2008-03-31,0649,Aqua,MODIS,79,6.2,298.3,34.6,D,0
23.3141,92.3391,321.9,1.7,1.3,2008-03-31,0649,Aqua,MODIS,66,6.2,298.5,26.7,D,0
23.6327,92.0525,322.4,1.8,1.3,2008-03-31,0649,Aqua,MODIS,78,6.2,294.2,36,D,0
23.6358,92.0694,335.8,1.8,1.3,2008-03-31,0649,Aqua,MODIS,83,6.2,294.5,75.7,D,0
21.4204,92.3801,336.1,1.9,1.3,2008-03-31,0649,Aqua,MODIS,83,6.2,282.9,78.7,D,0
21.4237,92.3978,341.5,1.9,1.3,2008-03-31,0649,Aqua,MODIS,86,6.2,284.5,100,D,0
22.9592,92.1132,315.8,1.8,1.3,2008-03-31,0649,Aqua,MODIS,47,6.2,299.2,14.3,D,0
23.6231,91.9999,310.7,1.8,1.3,2008-03-31,0649,Aqua,MODIS,41,6.2,294,15.1,D,0
21.5853,92.5048,336.3,1.8,1.3,2008-03-31,0649,Aqua,MODIS,66,6.2,288.2,77.9,D,0
21.4156,92.3856,339.4,1.9,1.3,2008-03-31,0649,Aqua,MODIS,85,6.2,279.7,90.9,D,0
21.4188,92.4036,328.2,1.9,1.3,2008-03-31,0649,Aqua,MODIS,78,6.2,282.4,50.1,D,0
22.4575,92.2755,345.5,1.8,1.3,2008-03-31,0649,Aqua,MODIS,93,6.2,296.6,112.7,D,0
22.8496,91.9586,341.8,1.9,1.3,2008-03-31,0649,Aqua,MODIS,86,6.2,296.7,102,D,0
22.8445,91.9978,314.1,1.9,1.3,2008-03-31,0649,Aqua,MODIS,28,6.2,296.1,15.2,D,0
22.9928,91.8253,315.2,1.9,1.4,2008-03-31,0649,Aqua,MODIS,51,6.2,292.3,19.9,D,0
23.2783,92.0081,315.5,1.8,1.3,2008-03-31,0649,Aqua,MODIS,35,6.2,296.2,13.7,D,0
23.2837,91.9701,314.3,1.9,1.3,2008-03-31,0649,Aqua,MODIS,44,6.2,293.2,12.4,D,0
21.5098,92.3977,337.4,1.9,1.3,2008-03-31,0649,Aqua,MODIS,77,6.2,285,85.4,D,0
23.2805,91.9522,317.2,1.9,1.3,2008-03-31,0649,Aqua,MODIS,70,6.2,294.6,19.4,D,0
23.2779,91.9643,320.3,1.9,1.3,2008-03-31,0649,Aqua,MODIS,36,6.2,294.6,23,D,0
23.2516,92.3044,326.8,1.8,1.3,2008-03-31,0649,Aqua,MODIS,81,6.2,298.3,42.8,D,0
21.9644,92.3001,316.5,1.1,1,2008-03-31,1614,Terra,MODIS,93,6.2,288.8,16.4,N,0
24.1862,89.2259,314.4,1.9,1.4,2008-04-01,0423,Terra,MODIS,48,6.2,286.2,24.1,D,0
21.8965,92.302,315.4,1.2,1.1,2008-04-01,0423,Terra,MODIS,61,6.2,296.7,7.6,D,0
24.1701,89.2623,317.9,1.9,1.4,2008-04-01,0423,Terra,MODIS,65,6.2,290.9,26.5,D,0
23.0289,92.0508,327.9,1.2,1.1,2008-04-01,0423,Terra,MODIS,80,6.2,299.2,23.4,D,0
24.1764,89.2752,316,1.9,1.4,2008-04-01,0423,Terra,MODIS,60,6.2,291.5,21.5,D,0
22.8663,91.9667,313.4,1.2,1.1,2008-04-01,0423,Terra,MODIS,49,6.2,292.9,7.7,D,0
21.4052,92.5426,336.2,1.6,1.3,2008-04-01,0732,Aqua,MODIS,46,6.2,292.6,59.7,D,0
22.2765,92.3839,336.3,1.6,1.3,2008-04-01,0732,Aqua,MODIS,63,6.2,304.7,50.8,D,0
22.0096,92.5382,341.7,1.7,1.3,2008-04-01,0732,Aqua,MODIS,85,6.2,303.7,76.9,D,0
23.4012,91.8233,327.2,1.6,1.2,2008-04-01,0732,Aqua,MODIS,48,6.2,277,41.1,D,0
22.0115,92.555,346.9,1.7,1.3,2008-04-01,0732,Aqua,MODIS,93,6.2,301.3,98.1,D,0
22.2297,92.0672,318.5,1.6,1.2,2008-04-01,0732,Aqua,MODIS,59,6.2,300.8,11.6,D,0
21.9193,92.539,382.7,1.7,1.3,2008-04-01,0732,Aqua,MODIS,100,6.2,303.7,331.5,D,0
21.9212,92.5551,343.7,1.7,1.3,2008-04-01,0732,Aqua,MODIS,86,6.2,297.8,88.4,D,0
21.8086,92.5782,333.4,1.7,1.3,2008-04-01,0732,Aqua,MODIS,0,6.2,292.1,55.1,D,0
21.9981,92.539,326.8,1.7,1.3,2008-04-01,0732,Aqua,MODIS,55,6.2,299.8,33.4,D,0
22.1695,92.4413,371.3,1.7,1.3,2008-04-01,0732,Aqua,MODIS,100,6.2,304.4,226,D,0
22.1581,92.443,341.5,1.7,1.3,2008-04-01,0732,Aqua,MODIS,84,6.2,302,69.3,D,0
22.132,92.4148,332.5,1.6,1.3,2008-04-01,0732,Aqua,MODIS,82,6.2,301.8,43.7,D,0
21.4068,92.5576,338.7,1.6,1.3,2008-04-01,0732,Aqua,MODIS,76,6.2,287.8,71,D,0
22.1338,92.4314,332.5,1.7,1.3,2008-04-01,0732,Aqua,MODIS,79,6.2,301,42.4,D,0
22.0131,92.4676,324.3,1.7,1.3,2008-04-01,0732,Aqua,MODIS,69,6.2,301.5,23,D,0
22.0137,92.4734,324.4,1.7,1.3,2008-04-01,0732,Aqua,MODIS,72,6.2,301.2,25.5,D,0
22.0681,92.4452,327.7,1.7,1.3,2008-04-01,0732,Aqua,MODIS,66,6.2,301.5,30,D,0
22.0697,92.4599,342.7,1.7,1.3,2008-04-01,0732,Aqua,MODIS,90,6.2,301.1,76.6,D,0
22.0731,92.4897,383.7,1.7,1.3,2008-04-01,0732,Aqua,MODIS,87,6.2,298.1,333.6,D,0
22.0566,92.4458,338.3,1.7,1.3,2008-04-01,0732,Aqua,MODIS,87,6.2,302.7,59.5,D,0
22.0583,92.4604,383.3,1.7,1.3,2008-04-01,0732,Aqua,MODIS,100,6.2,304.2,325.5,D,0
22.0469,92.462,362.2,1.7,1.3,2008-04-01,0732,Aqua,MODIS,100,6.2,304.4,167.8,D,0
22.0486,92.4764,385.4,1.7,1.3,2008-04-01,0732,Aqua,MODIS,87,6.2,299.8,345.4,D,0
22.0374,92.4796,335.7,1.7,1.3,2008-04-01,0732,Aqua,MODIS,80,6.2,300,51.3,D,0
22.0391,92.4948,326.7,1.7,1.3,2008-04-01,0732,Aqua,MODIS,41,6.2,292.6,26.8,D,0
22.1712,92.4565,425.1,1.7,1.3,2008-04-01,0732,Aqua,MODIS,100,6.2,311.8,899.3,D,0
22.173,92.4722,353.4,1.7,1.3,2008-04-01,0732,Aqua,MODIS,91,6.2,300.3,120,D,0
22.16,92.4591,371.1,1.7,1.3,2008-04-01,0732,Aqua,MODIS,100,6.2,302.5,226.2,D,0
22.1055,92.4707,334.2,1.7,1.3,2008-04-01,0732,Aqua,MODIS,82,6.2,299.3,49.2,D,0
22.2499,92.4402,363.3,1.7,1.3,2008-04-01,0732,Aqua,MODIS,94,6.2,302.6,176.3,D,0
22.2783,92.4868,332.9,1.7,1.3,2008-04-01,0732,Aqua,MODIS,72,6.2,297.1,52.1,D,0
22.2386,92.4424,337,1.7,1.3,2008-04-01,0732,Aqua,MODIS,86,6.2,302.5,58.8,D,0
22.2272,92.4435,324.1,1.7,1.3,2008-04-01,0732,Aqua,MODIS,63,6.2,302.5,24.6,D,0
22.1975,92.4848,326.6,1.7,1.3,2008-04-01,0732,Aqua,MODIS,67,6.2,300.5,31.2,D,0
22.6444,92.4977,321.2,1.7,1.3,2008-04-01,0732,Aqua,MODIS,49,6.2,299.3,17.3,D,0
22.0977,92.5033,328.5,1.7,1.3,2008-04-01,0732,Aqua,MODIS,33,6.2,295,32,D,0
23.4703,91.9389,317.7,1.6,1.2,2008-04-01,0732,Aqua,MODIS,59,6.2,288.3,22.3,D,0
22.7405,92.4459,335.1,1.7,1.3,2008-04-01,0732,Aqua,MODIS,85,6.2,294.3,56.7,D,0
22.7519,92.4446,330.2,1.7,1.3,2008-04-01,0732,Aqua,MODIS,81,6.2,293,43.2,D,0
21.4164,92.5407,380.8,1.6,1.3,2008-04-01,0732,Aqua,MODIS,0,6.2,294.1,308.4,D,0
21.4182,92.5567,332.4,1.6,1.3,2008-04-01,0732,Aqua,MODIS,56,6.2,292.4,52.7,D,0
21.9079,92.5401,382.2,1.7,1.3,2008-04-01,0732,Aqua,MODIS,100,6.2,303.5,327.9,D,0
21.9098,92.5567,337.5,1.7,1.3,2008-04-01,0732,Aqua,MODIS,75,6.2,292.5,66.6,D,0
21.88,92.4973,329.9,1.7,1.3,2008-04-01,0732,Aqua,MODIS,48,6.2,295.8,36.9,D,0
21.8816,92.5114,326,1.7,1.3,2008-04-01,0732,Aqua,MODIS,25,6.2,296,29.7,D,0
22.7389,92.4392,324.4,1.7,1.3,2008-04-01,0732,Aqua,MODIS,74,6.2,293,28.7,D,0
22.7504,92.4379,332.6,1.7,1.3,2008-04-01,0732,Aqua,MODIS,83,6.2,292.1,49.8,D,0
21.8783,92.4824,341.2,1.7,1.3,2008-04-01,0732,Aqua,MODIS,89,6.2,298.5,70.4,D,0
21.8521,92.4534,378.3,1.6,1.3,2008-04-01,0732,Aqua,MODIS,100,6.2,305,280.4,D,0
21.8539,92.4692,362,1.6,1.3,2008-04-01,0732,Aqua,MODIS,100,6.2,299.8,167.5,D,0
23.498,91.9828,314.8,1.6,1.2,2008-04-01,0732,Aqua,MODIS,64,6.2,293.8,16,D,0
23.4998,91.9987,313.7,1.6,1.2,2008-04-01,0732,Aqua,MODIS,54,6.2,291.4,15.6,D,0
22.0594,92.2695,332.1,1.6,1.2,2008-04-01,0732,Aqua,MODIS,77,6.2,299.9,38.9,D,0
22.0578,92.2557,333.1,1.6,1.2,2008-04-01,0732,Aqua,MODIS,83,6.2,302.4,40.5,D,0
22.0706,92.2685,338.1,1.6,1.2,2008-04-01,0732,Aqua,MODIS,82,6.2,291.8,57.1,D,0
22.0689,92.2541,378.9,1.6,1.2,2008-04-01,0732,Aqua,MODIS,100,6.2,304.1,272.4,D,0
22.0673,92.2397,381.7,1.6,1.2,2008-04-01,0732,Aqua,MODIS,100,6.2,307.8,294.1,D,0
22.0818,92.2675,320.7,1.6,1.2,2008-04-01,0732,Aqua,MODIS,47,6.2,295.8,14.2,D,0
22.0808,92.2615,324.2,1.6,1.2,2008-04-01,0732,Aqua,MODIS,53,6.2,297.3,20.1,D,0
21.9232,92.2808,328.5,1.6,1.2,2008-04-01,0732,Aqua,MODIS,78,6.2,301.7,31.2,D,0
21.9215,92.2657,333.7,1.6,1.2,2008-04-01,0732,Aqua,MODIS,83,6.2,301.5,45.1,D,0
22.1814,92.3456,318.3,1.6,1.3,2008-04-01,0732,Aqua,MODIS,56,6.2,298.2,10.4,D,0
22.1458,92.3341,320.5,1.6,1.3,2008-04-01,0732,Aqua,MODIS,65,6.2,300.2,14.4,D,0
22.1475,92.3495,324.5,1.6,1.3,2008-04-01,0732,Aqua,MODIS,72,6.2,301,22.3,D,0
21.6311,92.4217,335.8,1.6,1.3,2008-04-01,0732,Aqua,MODIS,74,6.2,288.4,51,D,0
21.6424,92.4206,340.1,1.6,1.3,2008-04-01,0732,Aqua,MODIS,69,6.2,294.1,62.5,D,0
21.6426,92.4141,356.9,1.6,1.3,2008-04-01,0732,Aqua,MODIS,85,6.2,297.6,134.3,D,0
22.6333,92.4003,330,1.7,1.3,2008-04-01,0732,Aqua,MODIS,81,6.2,298.4,40.1,D,0
22.0655,92.2245,322.8,1.6,1.2,2008-04-01,0732,Aqua,MODIS,70,6.2,302.8,14.9,D,0
21.9974,92.3337,323.1,1.6,1.3,2008-04-01,0732,Aqua,MODIS,49,6.2,298.1,20.9,D,0
21.9786,92.368,338.8,1.6,1.3,2008-04-01,0732,Aqua,MODIS,78,6.2,297.7,62.7,D,0
21.9466,92.3881,343.2,1.6,1.3,2008-04-01,0732,Aqua,MODIS,90,6.2,298.9,78.9,D,0
21.9319,92.3585,324.4,1.6,1.3,2008-04-01,0732,Aqua,MODIS,48,6.2,298.2,25.7,D,0
21.6406,92.4055,390.4,1.6,1.3,2008-04-01,0732,Aqua,MODIS,87,6.2,300,377.4,D,0
22.4688,92.2665,337.6,1.6,1.3,2008-04-01,0732,Aqua,MODIS,79,6.2,303.7,60.3,D,0
22.4705,92.2823,378.5,1.6,1.3,2008-04-01,0732,Aqua,MODIS,100,6.2,302.4,281.8,D,0
21.6388,92.3902,372.8,1.6,1.3,2008-04-01,0732,Aqua,MODIS,75,6.2,298.4,228.7,D,0
21.6409,92.3989,363.3,1.6,1.3,2008-04-01,0732,Aqua,MODIS,75,6.2,297.1,169.2,D,0
21.6392,92.3835,350.1,1.6,1.3,2008-04-01,0732,Aqua,MODIS,0,6.2,294.5,100.7,D,0
21.7418,92.3848,321.9,1.6,1.3,2008-04-01,0732,Aqua,MODIS,29,6.2,294.8,21,D,0
21.7404,92.3795,327.9,1.6,1.3,2008-04-01,0732,Aqua,MODIS,68,6.2,296.6,37.1,D,0
21.8612,92.2328,328.3,1.6,1.2,2008-04-01,0732,Aqua,MODIS,79,6.2,300.8,32,D,0
21.5782,92.2582,347.6,1.6,1.2,2008-04-01,0732,Aqua,MODIS,94,6.2,300.3,90.8,D,0
21.5765,92.2432,342.8,1.6,1.2,2008-04-01,0732,Aqua,MODIS,91,6.2,301.7,73.1,D,0
21.8554,92.28,325.2,1.6,1.2,2008-04-01,0732,Aqua,MODIS,60,6.2,300.5,23.5,D,0
21.8828,92.3217,332.1,1.6,1.2,2008-04-01,0732,Aqua,MODIS,75,6.2,294.5,40.3,D,0
21.9051,92.3177,346.4,1.6,1.2,2008-04-01,0732,Aqua,MODIS,87,6.2,299.5,86.8,D,0
21.9034,92.3036,356.2,1.6,1.2,2008-04-01,0732,Aqua,MODIS,98,6.2,302.4,126.9,D,0
21.6996,92.2192,326.3,1.6,1.2,2008-04-01,0732,Aqua,MODIS,77,6.2,303,24.6,D,0
21.6759,92.2082,347.6,1.6,1.2,2008-04-01,0732,Aqua,MODIS,94,6.2,304.6,89,D,0
22.4171,92.4075,332.4,1.7,1.3,2008-04-01,0732,Aqua,MODIS,83,6.2,302.2,44.7,D,0
22.3211,92.4759,343.5,1.7,1.3,2008-04-01,0732,Aqua,MODIS,91,6.2,303.6,80.5,D,0
21.7064,92.3744,325,1.6,1.3,2008-04-01,0732,Aqua,MODIS,35,6.2,296.9,25.4,D,0
22.3652,92.357,326.2,1.6,1.3,2008-04-01,0732,Aqua,MODIS,47,6.2,294.9,26.7,D,0
22.1983,92.4953,325.2,1.7,1.3,2008-04-01,0732,Aqua,MODIS,54,6.2,299.5,30.2,D,0
22.3229,92.492,380.3,1.7,1.3,2008-04-01,0732,Aqua,MODIS,100,6.2,304.6,307.9,D,0
22.3115,92.4935,347.8,1.7,1.3,2008-04-01,0732,Aqua,MODIS,94,6.2,302.7,100.3,D,0
22.2895,92.3978,363.1,1.7,1.3,2008-04-01,0732,Aqua,MODIS,100,6.2,303.3,174.2,D,0
22.1091,92.5016,375,1.7,1.3,2008-04-01,0732,Aqua,MODIS,100,6.2,302.6,261.7,D,0
22.1205,92.5004,361.1,1.7,1.3,2008-04-01,0732,Aqua,MODIS,100,6.2,303,162.6,D,0
22.3665,92.3661,339.8,1.6,1.3,2008-04-01,0732,Aqua,MODIS,89,6.2,297.5,67.4,D,0
21.6667,92.4255,334.8,1.6,1.3,2008-04-01,0732,Aqua,MODIS,35,6.2,294,49,D,0
21.904,92.3126,354.7,1.6,1.2,2008-04-01,0732,Aqua,MODIS,97,6.2,301.4,123,D,0
22.1082,92.5129,345.6,1.7,1.3,2008-04-01,0732,Aqua,MODIS,89,6.2,298.5,89,D,0
22.1065,92.4967,352.1,1.7,1.3,2008-04-01,0732,Aqua,MODIS,96,6.2,301.1,114.2,D,0
22.1196,92.5115,345.7,1.7,1.3,2008-04-01,0732,Aqua,MODIS,77,6.2,296.4,87.2,D,0
22.1179,92.4958,345.7,1.7,1.3,2008-04-01,0732,Aqua,MODIS,59,6.2,302.3,84.7,D,0
22.131,92.51,339,1.7,1.3,2008-04-01,0732,Aqua,MODIS,55,6.2,299.1,64.3,D,0
21.7865,92.485,336.7,1.6,1.3,2008-04-01,0732,Aqua,MODIS,65,6.2,286.3,58.6,D,0
22.1293,92.4939,361.7,1.7,1.3,2008-04-01,0732,Aqua,MODIS,100,6.2,301.8,164.1,D,0
21.3792,92.5149,353,1.6,1.3,2008-04-01,0732,Aqua,MODIS,91,6.2,291.8,123.4,D,0
21.3792,92.5049,336.5,1.6,1.3,2008-04-01,0732,Aqua,MODIS,75,6.2,289.1,61.7,D,0
21.381,92.5203,352.4,1.6,1.3,2008-04-01,0732,Aqua,MODIS,96,6.2,289.7,120.9,D,0
21.3679,92.5064,366.8,1.6,1.3,2008-04-01,0732,Aqua,MODIS,94,6.2,292.5,204,D,0
21.3697,92.5218,351.3,1.6,1.3,2008-04-01,0732,Aqua,MODIS,90,6.2,289.9,118.7,D,0
24.3547,91.7918,320.8,1.6,1.2,2008-04-01,0732,Aqua,MODIS,77,6.2,297.4,23.9,D,0
22.1445,92.527,324,1.7,1.3,2008-04-01,0732,Aqua,MODIS,40,6.2,288.5,29.1,D,0
22.1424,92.5087,343.7,1.7,1.3,2008-04-01,0732,Aqua,MODIS,80,6.2,298.5,82.3,D,0
22.1559,92.5255,332.8,1.7,1.3,2008-04-01,0732,Aqua,MODIS,41,6.2,295.2,49.5,D,0
22.1539,92.5074,350.3,1.7,1.3,2008-04-01,0732,Aqua,MODIS,82,6.2,298.6,110.2,D,0
22.0982,92.2147,329.7,1.6,1.2,2008-04-01,0732,Aqua,MODIS,80,6.2,303.6,32.2,D,0
21.7921,92.1414,327.9,1.6,1.2,2008-04-01,0732,Aqua,MODIS,79,6.2,301.4,28.2,D,0
21.7904,92.1267,321.4,1.6,1.2,2008-04-01,0732,Aqua,MODIS,71,6.2,302,14.5,D,0
21.7939,92.1346,324.6,1.6,1.2,2008-04-01,0732,Aqua,MODIS,74,6.2,301.8,19.9,D,0
21.6293,92.4068,349,1.6,1.3,2008-04-01,0732,Aqua,MODIS,75,6.2,299.2,95.6,D,0
21.6199,92.4236,320.3,1.6,1.3,2008-04-01,0732,Aqua,MODIS,23,6.2,283,15.7,D,0
21.5009,92.2747,332.5,1.6,1.2,2008-04-01,0732,Aqua,MODIS,83,6.2,298.5,42.7,D,0
21.4992,92.2596,348.2,1.6,1.2,2008-04-01,0732,Aqua,MODIS,94,6.2,301.4,94.3,D,0
22.0998,92.2292,328.1,1.6,1.2,2008-04-01,0732,Aqua,MODIS,76,6.2,302.9,28.8,D,0
21.827,92.3302,342.2,1.6,1.2,2008-04-01,0732,Aqua,MODIS,85,6.2,298,72.1,D,0
22.2576,92.407,348.3,1.7,1.3,2008-04-01,0732,Aqua,MODIS,94,6.2,301.1,96.9,D,0
21.74,92.3699,324.9,1.6,1.3,2008-04-01,0732,Aqua,MODIS,58,6.2,296.4,26.6,D,0
21.7029,92.3441,326,1.6,1.2,2008-04-01,0732,Aqua,MODIS,45,6.2,302.3,24.9,D,0
21.7046,92.3592,334,1.6,1.2,2008-04-01,0732,Aqua,MODIS,74,6.2,300.8,47.4,D,0
22.269,92.4054,427,1.7,1.3,2008-04-01,0732,Aqua,MODIS,100,6.2,311.2,928.4,D,0
22.2672,92.3903,410,1.6,1.3,2008-04-01,0732,Aqua,MODIS,100,6.2,313.2,636.5,D,0
21.6513,92.2888,328.5,1.6,1.2,2008-04-01,0732,Aqua,MODIS,78,6.2,300,31.5,D,0
21.6495,92.2733,331.7,1.6,1.2,2008-04-01,0732,Aqua,MODIS,83,6.2,299.1,40.5,D,0
22.4004,92.3617,324.5,1.6,1.3,2008-04-01,0732,Aqua,MODIS,50,6.2,298.2,23.8,D,0
21.9483,92.4038,341.2,1.6,1.3,2008-04-01,0732,Aqua,MODIS,89,6.2,298,73.2,D,0
21.9258,92.407,345.4,1.6,1.3,2008-04-01,0732,Aqua,MODIS,92,6.2,300.8,90.1,D,0
21.9275,92.4225,339.9,1.6,1.3,2008-04-01,0732,Aqua,MODIS,88,6.2,300.2,68.9,D,0
21.9276,92.4124,355.6,1.6,1.3,2008-04-01,0732,Aqua,MODIS,97,6.2,301.3,134.5,D,0
22.5918,92.3387,319.6,1.7,1.3,2008-04-01,0732,Aqua,MODIS,63,6.2,293.4,17.7,D,0
22.6315,92.3844,317.4,1.7,1.3,2008-04-01,0732,Aqua,MODIS,45,6.2,294.8,12.1,D,0
22.641,92.3669,327.9,1.7,1.3,2008-04-01,0732,Aqua,MODIS,79,6.2,295.2,35.1,D,0
22.6386,92.3615,324.8,1.7,1.3,2008-04-01,0732,Aqua,MODIS,64,6.2,296.1,25.5,D,0
21.8398,92.3432,332.8,1.6,1.3,2008-04-01,0732,Aqua,MODIS,77,6.2,297.3,44.9,D,0
21.9294,92.4277,319.5,1.6,1.3,2008-04-01,0732,Aqua,MODIS,50,6.2,300.3,13.7,D,0
22.2803,92.404,347.9,1.7,1.3,2008-04-01,0732,Aqua,MODIS,93,6.2,302.3,94.8,D,0
22.0003,92.2486,321.1,1.6,1.2,2008-04-01,0732,Aqua,MODIS,26,6.2,302.2,13.6,D,0
21.9892,92.2502,328.7,1.6,1.2,2008-04-01,0732,Aqua,MODIS,68,6.2,302.6,30,D,0
21.9908,92.2651,355,1.6,1.2,2008-04-01,0732,Aqua,MODIS,97,6.2,302.8,121.7,D,0
21.9939,92.2932,335.2,1.6,1.2,2008-04-01,0732,Aqua,MODIS,80,6.2,300.2,46.3,D,0
21.9884,92.257,352.8,1.6,1.2,2008-04-01,0732,Aqua,MODIS,96,6.2,303.4,111.5,D,0
21.9901,92.2715,347.8,1.6,1.2,2008-04-01,0732,Aqua,MODIS,93,6.2,301.1,89.9,D,0
21.9917,92.2855,323.8,1.6,1.2,2008-04-01,0732,Aqua,MODIS,48,6.2,299.9,18.1,D,0
21.9935,92.3007,341,1.6,1.2,2008-04-01,0732,Aqua,MODIS,89,6.2,299.8,66.4,D,0
21.6365,92.2573,320.9,1.6,1.2,2008-04-01,0732,Aqua,MODIS,57,6.2,298.3,15.8,D,0
21.6775,92.2225,344.6,1.6,1.2,2008-04-01,0732,Aqua,MODIS,92,6.2,303.3,78.4,D,0
22.2785,92.3889,353.1,1.6,1.3,2008-04-01,0732,Aqua,MODIS,96,6.2,304.4,117,D,0
22.2916,92.4026,346.7,1.7,1.3,2008-04-01,0732,Aqua,MODIS,93,6.2,302.9,90.1,D,0
22.2899,92.3875,356.7,1.6,1.3,2008-04-01,0732,Aqua,MODIS,98,6.2,303.5,134.9,D,0
22.2781,92.3989,368.6,1.7,1.3,2008-04-01,0732,Aqua,MODIS,100,6.2,306,207.5,D,0
22.2878,92.3825,337.7,1.6,1.3,2008-04-01,0732,Aqua,MODIS,87,6.2,303,57.2,D,0
22.3025,92.4114,322.9,1.7,1.3,2008-04-01,0732,Aqua,MODIS,43,6.2,298.7,21.2,D,0
22.3007,92.3957,328.4,1.7,1.3,2008-04-01,0732,Aqua,MODIS,72,6.2,301.6,34,D,0
22.3671,92.373,346.6,1.6,1.3,2008-04-01,0732,Aqua,MODIS,93,6.2,297.8,90.6,D,0
22.4153,92.3921,322.1,1.7,1.3,2008-04-01,0732,Aqua,MODIS,37,6.2,300.9,17,D,0
21.9025,92.2986,329.1,1.6,1.2,2008-04-01,0732,Aqua,MODIS,47,6.2,301.7,29.1,D,0
21.8571,92.2953,335.8,1.6,1.2,2008-04-01,0732,Aqua,MODIS,86,6.2,300.2,50.3,D,0
22.0348,92.2743,316.9,2.8,1.6,2008-04-02,0506,Terra,MODIS,67,6.2,292,47.4,D,0
24.3532,91.7979,313.6,2.3,1.5,2008-04-02,0506,Terra,MODIS,67,6.2,296.2,20.5,D,0
21.8885,92.1515,311.6,2.7,1.6,2008-04-02,0506,Terra,MODIS,30,6.2,293.6,26.3,D,0
21.8427,92.384,321.4,2.8,1.6,2008-04-02,0506,Terra,MODIS,0,6.2,285,78.4,D,0
21.4173,92.3828,339.7,3.2,1.7,2008-04-02,0636,Aqua,MODIS,79,6.2,292.3,203.9,D,0
21.4156,92.3762,332.7,3.2,1.7,2008-04-02,0636,Aqua,MODIS,77,6.2,293.4,151.5,D,0
23.0431,91.8088,313.6,3.2,1.7,2008-04-02,0637,Aqua,MODIS,62,6.2,297.4,30.8,D,0
23.046,91.8134,312.3,3.2,1.7,2008-04-02,0637,Aqua,MODIS,57,6.2,297.3,25.3,D,0
21.5207,92.4399,326.8,3.1,1.7,2008-04-02,0637,Aqua,MODIS,75,6.2,291.5,114.4,D,0
21.8557,92.0434,321.1,3.3,1.7,2008-04-02,0637,Aqua,MODIS,71,6.2,296.5,64.9,D,0
21.5222,92.444,332.3,3.1,1.7,2008-04-02,0637,Aqua,MODIS,81,6.2,291.6,146.8,D,0
23.2069,91.8534,316.2,3.2,1.7,2008-04-02,0637,Aqua,MODIS,40,6.2,297.3,34.4,D,0
23.2027,91.8264,315.3,3.2,1.7,2008-04-02,0637,Aqua,MODIS,67,6.2,297.6,32,D,0
23.1942,91.8611,313.6,3.2,1.7,2008-04-02,0637,Aqua,MODIS,49,6.2,296.9,24.2,D,0
21.9019,92.417,323.5,3.1,1.7,2008-04-02,0637,Aqua,MODIS,56,6.2,292.8,79.2,D,0
21.8586,92.0498,318.1,3.3,1.7,2008-04-02,0637,Aqua,MODIS,63,6.2,296.6,53,D,0
22.1114,92.3797,320.5,3.1,1.7,2008-04-02,0637,Aqua,MODIS,59,6.2,289.7,64.1,D,0
21.8211,92.4728,318.1,3.1,1.7,2008-04-02,0637,Aqua,MODIS,41,6.2,292.2,58.2,D,0
22.013,92.3536,319.6,3.1,1.7,2008-04-02,0637,Aqua,MODIS,57,6.2,290.6,63.5,D,0
22.1118,92.3873,314.1,3.1,1.7,2008-04-02,0637,Aqua,MODIS,44,6.2,289.8,40,D,0
22.0118,92.3495,325,3.1,1.7,2008-04-02,0637,Aqua,MODIS,54,6.2,290.3,88.8,D,0
22.1059,92.3578,318.7,3.1,1.7,2008-04-02,0637,Aqua,MODIS,54,6.2,289.8,63,D,0
21.6519,92.4061,337.5,1.1,1,2008-04-03,0719,Aqua,MODIS,76,6.2,303.4,31.9,D,0
21.3099,92.1702,324.7,1.1,1,2008-04-03,0719,Aqua,MODIS,74,6.2,305.3,10.4,D,0
21.3112,92.1802,327,1.1,1,2008-04-03,0719,Aqua,MODIS,77,6.2,306.8,13.9,D,0
21.6256,92.3947,341.3,1.1,1,2008-04-03,0719,Aqua,MODIS,81,6.2,302.8,37.8,D,0
21.7388,92.2913,323.7,1.1,1,2008-04-03,0719,Aqua,MODIS,74,6.2,298.8,12.7,D,0
21.7587,92.2987,363.2,1.1,1,2008-04-03,0719,Aqua,MODIS,94,6.2,300.1,95.1,D,0
21.7573,92.2883,367.5,1.1,1,2008-04-03,0719,Aqua,MODIS,100,6.2,303.9,108.7,D,0
21.7679,92.2972,367.8,1.1,1,2008-04-03,0719,Aqua,MODIS,94,6.2,299.9,111.8,D,0
21.5268,92.49,351.5,1.1,1,2008-04-03,0719,Aqua,MODIS,83,6.2,299.7,64.2,D,0
21.8126,92.1589,320.7,1.1,1,2008-04-03,0719,Aqua,MODIS,70,6.2,302.2,9.2,D,0
21.6043,92.3768,357.1,1.1,1,2008-04-03,0719,Aqua,MODIS,93,6.2,302.3,75.4,D,0
21.5175,92.4916,379.6,1.1,1,2008-04-03,0719,Aqua,MODIS,94,6.2,306.5,161,D,0
21.6136,92.3754,391.6,1.1,1,2008-04-03,0719,Aqua,MODIS,100,6.2,307.8,219.4,D,0
21.5189,92.5019,333.7,1.1,1,2008-04-03,0719,Aqua,MODIS,63,6.2,294.7,27.2,D,0
21.5082,92.4932,373.6,1.1,1,2008-04-03,0719,Aqua,MODIS,100,6.2,306,134.7,D,0
21.5096,92.5034,342.4,1.1,1,2008-04-03,0719,Aqua,MODIS,78,6.2,296.6,42.9,D,0
21.9154,92.0947,319.2,1.1,1,2008-04-03,0719,Aqua,MODIS,61,6.2,299.8,7.7,D,0
21.7253,92.4587,332.7,1.1,1,2008-04-03,0719,Aqua,MODIS,83,6.2,303.9,23.6,D,0
22.2096,92.241,327.3,1.1,1,2008-04-03,0719,Aqua,MODIS,78,6.2,303.3,16.1,D,0
21.3967,92.4101,322.5,1.1,1,2008-04-03,0719,Aqua,MODIS,68,6.2,301.1,12.2,D,0
21.398,92.42,318.1,1.1,1,2008-04-03,0719,Aqua,MODIS,51,6.2,297.5,7.2,D,0
21.8398,92.4393,329.9,1.1,1,2008-04-03,0719,Aqua,MODIS,81,6.2,303,20.2,D,0
21.8385,92.4289,325.8,1.1,1,2008-04-03,0719,Aqua,MODIS,35,6.2,301.5,15.7,D,0
21.8492,92.438,321.5,1.1,1,2008-04-03,0719,Aqua,MODIS,62,6.2,301.5,10.1,D,0
21.8478,92.4275,331,1.1,1,2008-04-03,0719,Aqua,MODIS,82,6.2,300.9,23.7,D,0
21.1036,92.1426,348.7,1.1,1,2008-04-03,0719,Aqua,MODIS,89,6.2,304.4,53,D,0
21.1023,92.1326,346.3,1.1,1,2008-04-03,0719,Aqua,MODIS,0,6.2,306.2,48,D,0
22.0789,92.2838,363.9,1.1,1,2008-04-03,0719,Aqua,MODIS,100,6.2,297.5,97.8,D,0
22.0775,92.2731,347.1,1.1,1,2008-04-03,0719,Aqua,MODIS,93,6.2,301,51.5,D,0
21.3617,92.5587,323.9,1.1,1,2008-04-03,0719,Aqua,MODIS,59,6.2,299.4,15.2,D,0
21.5338,92.5428,384.9,1.1,1,2008-04-03,0719,Aqua,MODIS,100,6.2,303.5,190.1,D,0
22.1147,92.357,356.4,1.1,1,2008-04-03,0719,Aqua,MODIS,98,6.2,298.5,75.9,D,0
22.1054,92.3585,372.7,1.1,1,2008-04-03,0719,Aqua,MODIS,100,6.2,303.4,130.8,D,0
21.7753,92.4975,339.1,1.1,1,2008-04-03,0719,Aqua,MODIS,88,6.2,306,33.2,D,0
21.7767,92.508,322.6,1.1,1,2008-04-03,0719,Aqua,MODIS,57,6.2,304.1,8.6,D,0
21.7808,92.5395,326.1,1.1,1,2008-04-03,0719,Aqua,MODIS,76,6.2,303.7,15.8,D,0
21.7821,92.5498,351.4,1.1,1,2008-04-03,0719,Aqua,MODIS,95,6.2,303.3,64.5,D,0
21.7101,92.3444,358.4,1.1,1,2008-04-03,0719,Aqua,MODIS,99,6.2,298.6,79.3,D,0
21.7712,92.466,344.2,1.1,1,2008-04-03,0719,Aqua,MODIS,91,6.2,305.5,42.9,D,0
21.7114,92.3547,332.7,1.1,1,2008-04-03,0719,Aqua,MODIS,83,6.2,296.6,23.4,D,0
21.7619,92.4677,323.9,1.1,1,2008-04-03,0719,Aqua,MODIS,70,6.2,305,10.5,D,0
21.9817,92.4535,359.9,1.1,1,2008-04-03,0719,Aqua,MODIS,98,6.2,302.8,85.5,D,0
21.7022,92.3562,345.6,1.1,1,2008-04-03,0719,Aqua,MODIS,92,6.2,296.4,47.3,D,0
21.389,92.496,324.6,1.1,1,2008-04-03,0719,Aqua,MODIS,50,6.2,304.1,14.8,D,0
21.647,92.4125,354.4,1.1,1,2008-04-03,0719,Aqua,MODIS,97,6.2,303.3,68.6,D,0
21.6533,92.4165,330.4,1.1,1,2008-04-03,0719,Aqua,MODIS,52,6.2,302.9,22,D,0
21.9724,92.4549,395.8,1.1,1,2008-04-03,0719,Aqua,MODIS,100,6.2,309.7,246.8,D,0
21.6689,92.3193,339.1,1.1,1,2008-04-03,0719,Aqua,MODIS,88,6.2,301.9,34.5,D,0
21.7279,92.479,340.8,1.1,1,2008-04-03,0719,Aqua,MODIS,89,6.2,305.1,37.9,D,0
21.9738,92.4654,339.2,1.1,1,2008-04-03,0719,Aqua,MODIS,48,6.2,293.6,34.2,D,0
21.9617,92.4458,383.3,1.1,1,2008-04-03,0719,Aqua,MODIS,100,6.2,311.6,176.3,D,0
21.9631,92.4563,449.8,1.1,1,2008-04-03,0719,Aqua,MODIS,100,6.2,319.5,795.3,D,0
21.9538,92.458,325.4,1.1,1,2008-04-03,0719,Aqua,MODIS,57,6.2,304,11.9,D,0
21.9484,92.49,330.4,1.1,1,2008-04-03,0719,Aqua,MODIS,25,6.2,299.5,23.4,D,0
21.818,92.1998,367.4,1.1,1,2008-04-03,0719,Aqua,MODIS,100,6.2,299.5,106.1,D,0
21.7666,92.2869,375.2,1.1,1,2008-04-03,0719,Aqua,MODIS,100,6.2,305.8,139.3,D,0
21.9902,92.3026,320.5,1.1,1,2008-04-03,0719,Aqua,MODIS,63,6.2,297.7,11,D,0
21.7293,92.4895,343.3,1.1,1,2008-04-03,0719,Aqua,MODIS,91,6.2,303.4,43.4,D,0
21.4856,92.1101,325.8,1.1,1,2008-04-03,0719,Aqua,MODIS,76,6.2,304.6,15,D,0
21.9404,92.5014,359.7,1.1,1,2008-04-03,0719,Aqua,MODIS,75,6.2,297.2,89.8,D,0
22.2278,92.1642,324.1,1.1,1,2008-04-03,0719,Aqua,MODIS,74,6.2,303,10.7,D,0
22.212,92.1878,327.5,1.1,1,2008-04-03,0719,Aqua,MODIS,79,6.2,302.9,14.6,D,0
21.9728,92.2427,323,1.1,1,2008-04-03,0719,Aqua,MODIS,57,6.2,302.2,11.6,D,0
22.0598,92.4994,351.4,1.1,1,2008-04-03,0719,Aqua,MODIS,95,6.2,299.4,63.2,D,0
21.3926,92.3794,321,1.1,1,2008-04-03,0719,Aqua,MODIS,66,6.2,296.6,12.2,D,0
21.7187,92.4808,348,1.1,1,2008-04-03,0719,Aqua,MODIS,94,6.2,302.8,53.5,D,0
21.6456,92.4022,327.6,1.1,1,2008-04-03,0719,Aqua,MODIS,78,6.2,303.3,16,D,0
21.6243,92.3844,341,1.1,1,2008-04-03,0719,Aqua,MODIS,69,6.2,305.5,36.3,D,0
22.053,92.4474,320.7,1.1,1,2008-04-03,0719,Aqua,MODIS,54,6.2,302.4,7.3,D,0
21.6512,92.1859,324.5,1.1,1,2008-04-03,0719,Aqua,MODIS,63,6.2,296.1,14.2,D,0
21.6526,92.1961,351.4,1.1,1,2008-04-03,0719,Aqua,MODIS,96,6.2,293.2,61.7,D,0
21.6539,92.2062,344.6,1.1,1,2008-04-03,0719,Aqua,MODIS,92,6.2,294,45.8,D,0
21.3537,92.1567,350.2,1.1,1,2008-04-03,0719,Aqua,MODIS,95,6.2,306.5,55.6,D,0
21.615,92.3858,365.8,1.1,1,2008-04-03,0719,Aqua,MODIS,100,6.2,304.6,101,D,0
21.6163,92.3961,359.2,1.1,1,2008-04-03,0719,Aqua,MODIS,94,6.2,300.1,81.1,D,0
21.6057,92.3872,342.1,1.1,1,2008-04-03,0719,Aqua,MODIS,90,6.2,298.1,40.9,D,0
21.5964,92.3886,376.6,1.1,1,2008-04-03,0719,Aqua,MODIS,75,6.2,301.4,145.4,D,0
21.3551,92.1667,337.2,1.1,1,2008-04-03,0719,Aqua,MODIS,87,6.2,303.3,29.4,D,0
23.0311,92.273,322.1,1.1,1,2008-04-03,0720,Aqua,MODIS,72,6.2,302.3,10.8,D,0
22.7778,92.3743,320.6,1.1,1,2008-04-03,0720,Aqua,MODIS,67,6.2,300.6,10.5,D,0
23.0082,92.2938,318.2,1.1,1,2008-04-03,0720,Aqua,MODIS,26,6.2,301,6.7,D,0
22.5413,92.1864,322.5,1.1,1,2008-04-03,0720,Aqua,MODIS,51,6.2,297.3,11.4,D,0
22.532,92.1614,322,1.1,1,2008-04-03,0720,Aqua,MODIS,66,6.2,300,8.9,D,0
23.3668,92.3011,328.4,1.1,1.1,2008-04-03,0720,Aqua,MODIS,81,6.2,299.6,22.6,D,0
23.0334,89.5059,317.9,1,1,2008-04-03,0720,Aqua,MODIS,63,6.2,299.1,8.2,D,0
22.4417,92.3207,328.4,1.1,1,2008-04-03,0720,Aqua,MODIS,74,6.2,298.9,18.8,D,0
22.3643,92.4246,327.2,1.1,1,2008-04-03,0720,Aqua,MODIS,73,6.2,300.3,18,D,0
22.4265,92.2057,318.5,1.1,1,2008-04-03,0720,Aqua,MODIS,49,6.2,296.9,8.5,D,0
22.4742,92.2984,341.6,1.1,1,2008-04-03,0720,Aqua,MODIS,80,6.2,299.7,40.2,D,0
22.4838,92.3723,327.6,1.1,1,2008-04-03,0720,Aqua,MODIS,76,6.2,302.9,16.7,D,0
23.1069,91.797,366,1.1,1,2008-04-03,0720,Aqua,MODIS,100,6.2,300.7,101.9,D,0
22.694,91.9496,340.7,1.1,1,2008-04-03,0720,Aqua,MODIS,89,6.2,300.9,38.1,D,0
23.0068,92.2833,324.8,1.1,1,2008-04-03,0720,Aqua,MODIS,72,6.2,302.7,13.6,D,0
22.6926,91.9393,332.9,1.1,1,2008-04-03,0720,Aqua,MODIS,83,6.2,301.4,25.2,D,0
23.3683,92.3119,315.5,1.1,1.1,2008-04-03,0720,Aqua,MODIS,59,6.2,298.2,6.9,D,0
23.1987,92.2237,324.3,1.1,1,2008-04-03,0720,Aqua,MODIS,76,6.2,300.5,13.7,D,0
23.0873,92.2643,321.5,1.1,1,2008-04-03,0720,Aqua,MODIS,56,6.2,301.2,9.4,D,0
22.7764,92.3635,318,1.1,1,2008-04-03,0720,Aqua,MODIS,60,6.2,299,7.4,D,0
22.7203,91.935,331.5,1.1,1,2008-04-03,0720,Aqua,MODIS,77,6.2,297.1,23,D,0
22.662,91.9707,333.6,1.1,1,2008-04-03,0720,Aqua,MODIS,84,6.2,299,25.8,D,0
22.6606,91.9604,326.4,1.1,1,2008-04-03,0720,Aqua,MODIS,77,6.2,299.7,15.3,D,0
22.8788,91.8873,318.3,1.1,1,2008-04-03,0720,Aqua,MODIS,52,6.2,296.5,5.6,D,0
22.6818,91.9781,320.1,1.1,1,2008-04-03,0720,Aqua,MODIS,54,6.2,300,8.7,D,0
22.5928,92.1462,327.6,1.1,1,2008-04-03,0720,Aqua,MODIS,78,6.2,301.1,16.4,D,0
22.5943,92.1569,328.3,1.1,1,2008-04-03,0720,Aqua,MODIS,65,6.2,295.9,18.4,D,0
22.6869,91.946,357.8,1.1,1,2008-04-03,0720,Aqua,MODIS,99,6.2,301.7,76.8,D,0
23.1037,92.2778,322.1,1.1,1,2008-04-03,0720,Aqua,MODIS,67,6.2,302.1,10.1,D,0
22.5729,92.1382,345.4,1.1,1,2008-04-03,0720,Aqua,MODIS,92,6.2,303.1,46.2,D,0
22.3736,92.4232,319.7,1.1,1,2008-04-03,0720,Aqua,MODIS,50,6.2,298.4,8.6,D,0
23.1051,92.2884,323,1.1,1,2008-04-03,0720,Aqua,MODIS,73,6.2,302.3,11.8,D,0
23.1894,92.2252,319.8,1.1,1,2008-04-03,0720,Aqua,MODIS,32,6.2,299.9,7.8,D,0
23.1815,92.2877,329.4,1.1,1,2008-04-03,0720,Aqua,MODIS,81,6.2,301.1,21.5,D,0
23.0169,91.8066,315.9,1.1,1,2008-04-03,0720,Aqua,MODIS,52,6.2,293.7,6.9,D,0
22.7727,91.9058,327.2,1.1,1,2008-04-03,0720,Aqua,MODIS,78,6.2,297.4,16.6,D,0
23.0664,91.8455,323.1,1.1,1,2008-04-03,0720,Aqua,MODIS,68,6.2,297.5,13.9,D,0
22.5016,91.7429,325.8,1,1,2008-04-03,0720,Aqua,MODIS,76,6.2,301.8,14.3,D,0
22.4973,92.4024,325.3,1.1,1,2008-04-03,0720,Aqua,MODIS,61,6.2,301,13.9,D,0
22.4958,92.3913,326.4,1.1,1,2008-04-03,0720,Aqua,MODIS,76,6.2,300.1,14.9,D,0
23.1735,92.2997,336.7,1.1,1,2008-04-03,0720,Aqua,MODIS,87,6.2,301.5,34.8,D,0
23.1829,92.2983,334.5,1.1,1,2008-04-03,0720,Aqua,MODIS,85,6.2,300,30.1,D,0
22.9787,92.2876,345.5,1.1,1,2008-04-03,0720,Aqua,MODIS,92,6.2,302.9,48.2,D,0
23.1721,92.2891,332,1.1,1,2008-04-03,0720,Aqua,MODIS,83,6.2,302,26.5,D,0
22.4608,92.3929,343.7,1.1,1,2008-04-03,0720,Aqua,MODIS,91,6.2,301.2,44.4,D,0
22.5743,92.1491,333.1,1.1,1,2008-04-03,0720,Aqua,MODIS,84,6.2,299.5,23.6,D,0
22.4621,92.4032,327.2,1.1,1,2008-04-03,0720,Aqua,MODIS,77,6.2,300.1,15.8,D,0
22.4891,92.3394,322.8,1.1,1,2008-04-03,0720,Aqua,MODIS,50,6.2,298.8,11.9,D,0
22.5636,92.1399,346.4,1.1,1,2008-04-03,0720,Aqua,MODIS,93,6.2,304.3,48.4,D,0
22.5651,92.1506,344.9,1.1,1,2008-04-03,0720,Aqua,MODIS,92,6.2,302.8,45.3,D,0
22.3197,92.3026,320,1.1,1,2008-04-03,0720,Aqua,MODIS,58,6.2,287.7,15.1,D,0
23.1966,89.425,317.7,1,1,2008-04-03,0720,Aqua,MODIS,58,6.2,297.4,6.1,D,0
22.4932,92.3708,332.1,1.1,1,2008-04-03,0720,Aqua,MODIS,82,6.2,303.2,22.5,D,0
23.0821,89.5872,328.3,1,1,2008-04-03,0720,Aqua,MODIS,47,6.2,302.1,15.6,D,0
22.4781,92.2551,373.8,1.1,1,2008-04-03,0720,Aqua,MODIS,94,6.2,302.9,135.8,D,0
21.5197,92.5446,316.3,1.8,1.3,2008-04-04,0454,Terra,MODIS,57,6.2,300.1,17,D,0
22.0393,92.2971,314.7,1.7,1.3,2008-04-04,0454,Terra,MODIS,55,6.2,299.9,9.1,D,0
21.9318,92.3158,331.4,1.7,1.3,2008-04-04,0454,Terra,MODIS,83,6.2,299.7,48.7,D,0
21.9105,92.3357,315.3,3,1.7,2008-04-05,0359,Terra,MODIS,39,6.2,298.3,28.4,D,0
22.0352,92.3297,341.2,1,1,2008-04-05,0707,Aqua,MODIS,90,6.2,281.8,41.7,D,0
21.685,92.5773,342.7,1,1,2008-04-05,0707,Aqua,MODIS,90,6.2,301.6,40.8,D,0
21.694,92.5758,323.1,1,1,2008-04-05,0707,Aqua,MODIS,71,6.2,298.5,14.1,D,0
21.7299,92.574,404.2,1,1,2008-04-05,0707,Aqua,MODIS,100,6.2,311,280.5,D,0
21.7601,92.5283,322,1,1,2008-04-05,0707,Aqua,MODIS,69,6.2,302,10.9,D,0
21.7586,92.5188,331.8,1,1,2008-04-05,0707,Aqua,MODIS,82,6.2,302.6,22.9,D,0
21.7691,92.5267,324.4,1,1,2008-04-05,0707,Aqua,MODIS,71,6.2,303,12.9,D,0
21.7676,92.517,341,1,1,2008-04-05,0707,Aqua,MODIS,89,6.2,304,37.1,D,0
21.4165,92.5121,372.2,1,1,2008-04-05,0707,Aqua,MODIS,100,6.2,309.1,117.9,D,0
21.4256,92.5107,338.8,1,1,2008-04-05,0707,Aqua,MODIS,88,6.2,305.7,31,D,0
21.4352,92.5125,326.1,1,1,2008-04-05,0707,Aqua,MODIS,75,6.2,307.2,15.6,D,0
21.9425,92.5153,330.4,1,1,2008-04-05,0707,Aqua,MODIS,81,6.2,301.7,21.6,D,0
21.941,92.5053,343,1,1,2008-04-05,0707,Aqua,MODIS,91,6.2,302.1,41.9,D,0
21.8421,92.457,362.2,1,1,2008-04-05,0707,Aqua,MODIS,100,6.2,308.9,83.2,D,0
21.8526,92.4653,326,1,1,2008-04-05,0707,Aqua,MODIS,74,6.2,306.4,12.9,D,0
21.9264,92.2843,312.2,1,1,2008-04-05,0707,Aqua,MODIS,28,6.2,283.4,8.7,D,0
21.9414,92.3225,356,1,1,2008-04-05,0707,Aqua,MODIS,98,6.2,293.3,74.9,D,0
21.9659,92.2401,363.4,1,1,2008-04-05,0707,Aqua,MODIS,100,6.2,287.3,94.9,D,0
21.9067,92.3388,344.5,1,1,2008-04-05,0707,Aqua,MODIS,92,6.2,291.8,48.4,D,0
22.3849,92.2635,337.6,1,1,2008-04-05,0707,Aqua,MODIS,87,6.2,305.9,29.1,D,0
22.3834,92.2535,322.1,1,1,2008-04-05,0707,Aqua,MODIS,69,6.2,306.5,8.4,D,0
22.3079,92.124,321.1,1,1,2008-04-05,0707,Aqua,MODIS,70,6.2,305.3,8.1,D,0
22.9814,92.0634,328.1,1,1,2008-04-05,0707,Aqua,MODIS,79,6.2,303.7,18.3,D,0
22.7607,91.8262,319.6,1.1,1,2008-04-05,0707,Aqua,MODIS,57,6.2,305.4,7,D,0
21.7467,92.5007,365.4,1,1,2008-04-05,0707,Aqua,MODIS,100,6.2,301.4,95.9,D,0
21.7557,92.499,328.6,1,1,2008-04-05,0707,Aqua,MODIS,64,6.2,302.3,18,D,0
21.6974,92.4748,335.7,1,1,2008-04-05,0707,Aqua,MODIS,85,6.2,293,30.3,D,0
21.7196,92.5055,395.2,1,1,2008-04-05,0707,Aqua,MODIS,100,6.2,295.6,225.4,D,0
21.7181,92.4955,354.7,1,1,2008-04-05,0707,Aqua,MODIS,97,6.2,295.6,64.8,D,0
21.7301,92.5136,348.7,1,1,2008-04-05,0707,Aqua,MODIS,67,6.2,298.4,52.7,D,0
21.7286,92.5039,377.1,1,1,2008-04-05,0707,Aqua,MODIS,100,6.2,304.6,136.9,D,0
21.7271,92.4939,355.1,1,1,2008-04-05,0707,Aqua,MODIS,92,6.2,302,65.6,D,0
21.7391,92.5121,334.8,1,1,2008-04-05,0707,Aqua,MODIS,60,6.2,300.2,27.1,D,0
21.7376,92.5023,361.5,1,1,2008-04-05,0707,Aqua,MODIS,100,6.2,303.5,83.5,D,0
21.7361,92.4924,367.5,1,1,2008-04-05,0707,Aqua,MODIS,100,6.2,303.4,102.7,D,0
21.7347,92.4825,323.5,1,1,2008-04-05,0707,Aqua,MODIS,72,6.2,296.3,13.1,D,0
21.7452,92.4908,366.5,1,1,2008-04-05,0707,Aqua,MODIS,100,6.2,301.8,99.6,D,0
21.987,92.2567,329.7,1,1,2008-04-05,0707,Aqua,MODIS,82,6.2,298.4,22.6,D,0
21.3001,92.1753,408.9,1.1,1,2008-04-05,0707,Aqua,MODIS,100,6.2,313.5,322.7,D,0
21.3092,92.1737,324,1.1,1,2008-04-05,0707,Aqua,MODIS,61,6.2,308.5,8.8,D,0
21.3397,92.1892,338.5,1.1,1,2008-04-05,0707,Aqua,MODIS,87,6.2,306.4,29.1,D,0
21.3382,92.1791,325.9,1.1,1,2008-04-05,0707,Aqua,MODIS,63,6.2,307.6,10.8,D,0
21.3366,92.1689,326.9,1.1,1,2008-04-05,0707,Aqua,MODIS,75,6.2,307.6,12.1,D,0
21.3351,92.1588,345.3,1.1,1,2008-04-05,0707,Aqua,MODIS,92,6.2,307,42.5,D,0
21.3489,92.1875,342.6,1.1,1,2008-04-05,0707,Aqua,MODIS,90,6.2,307,36.1,D,0
21.3473,92.1774,334.5,1.1,1,2008-04-05,0707,Aqua,MODIS,78,6.2,308.3,22,D,0
21.3458,92.1674,346,1.1,1,2008-04-05,0707,Aqua,MODIS,92,6.2,308.6,43.5,D,0
21.4197,92.4709,349.5,1,1,2008-04-05,0707,Aqua,MODIS,94,6.2,306.4,51.1,D,0
21.4306,92.4828,343.4,1,1,2008-04-05,0707,Aqua,MODIS,91,6.2,306,40.6,D,0
21.4291,92.4729,330.6,1,1,2008-04-05,0707,Aqua,MODIS,80,6.2,306.8,20,D,0
21.4382,92.4714,357.2,1,1,2008-04-05,0707,Aqua,MODIS,98,6.2,306.8,70.9,D,0
21.4683,92.4865,372.5,1,1,2008-04-05,0707,Aqua,MODIS,100,6.2,307.8,118.3,D,0
21.4668,92.4766,418.6,1,1,2008-04-05,0707,Aqua,MODIS,100,6.2,317.6,389.9,D,0
21.4653,92.4667,357.9,1,1,2008-04-05,0707,Aqua,MODIS,99,6.2,311,71.5,D,0
22.1527,92.1946,325.7,1,1,2008-04-05,0707,Aqua,MODIS,64,6.2,298.9,16.4,D,0
21.6071,92.4296,346.4,1,1,2008-04-05,0707,Aqua,MODIS,93,6.2,303,46.2,D,0
21.4759,92.4751,334.8,1,1,2008-04-05,0707,Aqua,MODIS,84,6.2,307.5,23.5,D,0
21.4744,92.4651,331.6,1,1,2008-04-05,0707,Aqua,MODIS,82,6.2,308.5,18.9,D,0
22.353,92.4211,338,1,1,2008-04-05,0707,Aqua,MODIS,88,6.2,299.7,32,D,0
21.8659,92.2541,333,1,1,2008-04-05,0707,Aqua,MODIS,80,6.2,286.7,28.2,D,0
21.878,92.2723,313.1,1,1,2008-04-05,0707,Aqua,MODIS,27,6.2,281.7,7.1,D,0
22.4837,92.3721,341.2,1,1,2008-04-05,0707,Aqua,MODIS,90,6.2,306.8,34.9,D,0
22.4822,92.3622,322.3,1,1,2008-04-05,0707,Aqua,MODIS,68,6.2,305.3,8.5,D,0
22.8808,92.3114,323.1,1,1,2008-04-05,0707,Aqua,MODIS,72,6.2,302.7,10.8,D,0
22.8793,92.3014,328.5,1,1,2008-04-05,0707,Aqua,MODIS,79,6.2,304.3,17.5,D,0
22.9318,92.2818,318.2,1,1,2008-04-05,0707,Aqua,MODIS,31,6.2,303.2,5.6,D,0
21.5388,92.4075,334.4,1,1,2008-04-05,0707,Aqua,MODIS,84,6.2,298.3,24.5,D,0
21.8183,92.2374,325.6,1,1,2008-04-05,0707,Aqua,MODIS,76,6.2,293.7,17.3,D,0
21.8168,92.2275,403.9,1,1,2008-04-05,0707,Aqua,MODIS,100,6.2,302,287.2,D,0
21.8152,92.2175,338.1,1,1,2008-04-05,0707,Aqua,MODIS,88,6.2,292.5,35.2,D,0
21.8258,92.2259,347.8,1,1,2008-04-05,0707,Aqua,MODIS,94,6.2,296.5,53.9,D,0
21.8243,92.2159,326.5,1,1,2008-04-05,0707,Aqua,MODIS,77,6.2,291.3,19,D,0
22.6358,92.4035,323,1,1,2008-04-05,0707,Aqua,MODIS,73,6.2,305.1,10.8,D,0
22.6507,92.4413,327.7,1,1,2008-04-05,0707,Aqua,MODIS,79,6.2,305.9,15.3,D,0
22.6897,92.4547,320.4,1,1,2008-04-05,0707,Aqua,MODIS,69,6.2,301.3,7.5,D,0
22.119,92.4005,352,1,1,2008-04-05,0707,Aqua,MODIS,96,6.2,298.5,62.3,D,0
22.1175,92.3905,327.6,1,1,2008-04-05,0707,Aqua,MODIS,80,6.2,297,19.5,D,0
22.1617,92.3761,353.5,1,1,2008-04-05,0707,Aqua,MODIS,97,6.2,300.6,62.9,D,0
22.1602,92.3662,332.4,1,1,2008-04-05,0707,Aqua,MODIS,68,6.2,303.9,23.5,D,0
22.1752,92.4042,329.7,1,1,2008-04-05,0707,Aqua,MODIS,67,6.2,297.9,18.7,D,0
21.3729,92.4692,321.8,1,1,2008-04-05,0707,Aqua,MODIS,37,6.2,307.2,8.7,D,0
21.3849,92.4872,356.7,1,1,2008-04-05,0707,Aqua,MODIS,98,6.2,307.9,69.3,D,0
21.394,92.4856,380.9,1,1,2008-04-05,0707,Aqua,MODIS,100,6.2,311.4,152.3,D,0
21.403,92.484,341.1,1,1,2008-04-05,0707,Aqua,MODIS,89,6.2,306,34.9,D,0
21.4016,92.4741,321.8,1,1,2008-04-05,0707,Aqua,MODIS,50,6.2,305.9,7,D,0
21.3927,92.4152,322.9,1,1,2008-04-05,0707,Aqua,MODIS,70,6.2,304.6,11.2,D,0
22.7778,92.3619,335.7,1,1,2008-04-05,0707,Aqua,MODIS,86,6.2,304.8,26.9,D,0
22.7868,92.3602,320.5,1,1,2008-04-05,0707,Aqua,MODIS,67,6.2,303.5,8.1,D,0
22.8048,92.3613,327.3,1,1,2008-04-05,0707,Aqua,MODIS,77,6.2,303.9,15,D,0
22.8213,92.3483,320.3,1,1,2008-04-05,0707,Aqua,MODIS,66,6.2,304.8,7.8,D,0
21.418,92.5219,370.9,1,1,2008-04-05,0707,Aqua,MODIS,100,6.2,308.4,114.1,D,0
21.4271,92.5204,361.4,1,1,2008-04-05,0707,Aqua,MODIS,100,6.2,307.5,83.2,D,0
21.4367,92.5224,338.3,1,1,2008-04-05,0707,Aqua,MODIS,87,6.2,306.7,33.6,D,0
21.4697,92.5568,336.9,1,1,2008-04-05,0707,Aqua,MODIS,86,6.2,303.8,31.3,D,0
21.4787,92.5551,332.3,1,1,2008-04-05,0707,Aqua,MODIS,82,6.2,304.4,24.3,D,0
21.5387,92.5294,326,1,1,2008-04-05,0707,Aqua,MODIS,75,6.2,304.3,14.7,D,0
22.0798,92.5088,363.4,1,1,2008-04-05,0707,Aqua,MODIS,87,6.2,285.9,95.1,D,0
21.4182,92.4611,327,1,1,2008-04-05,0707,Aqua,MODIS,76,6.2,306.3,14,D,0
21.4367,92.4615,341.8,1,1,2008-04-05,0707,Aqua,MODIS,90,6.2,306.3,36,D,0
21.4518,92.4386,321.1,1,1,2008-04-05,0707,Aqua,MODIS,37,6.2,306.3,7.4,D,0
21.4503,92.4288,368.9,1,1,2008-04-05,0707,Aqua,MODIS,100,6.2,307.7,107.3,D,0
21.4594,92.4271,333,1,1,2008-04-05,0707,Aqua,MODIS,83,6.2,304.6,22.8,D,0
22.2622,92.434,314.2,1,1,2008-04-05,0707,Aqua,MODIS,23,6.2,293.1,6.2,D,0
22.1293,92.4695,319.9,1,1,2008-04-05,0707,Aqua,MODIS,63,6.2,286.9,14.1,D,0
22.0783,92.4991,333.6,1,1,2008-04-05,0707,Aqua,MODIS,80,6.2,289,30.3,D,0
21.9469,92.5443,322.9,1,1,2008-04-05,0707,Aqua,MODIS,72,6.2,295.6,15,D,0
21.5672,92.5343,327,1,1,2008-04-05,0707,Aqua,MODIS,77,6.2,304.7,15.1,D,0
21.5852,92.531,328.3,1,1,2008-04-05,0707,Aqua,MODIS,78,6.2,304.2,16.2,D,0
21.6641,92.5611,321.1,1,1,2008-04-05,0707,Aqua,MODIS,28,6.2,292.3,11.2,D,0
21.6626,92.5513,321.9,1,1,2008-04-05,0707,Aqua,MODIS,67,6.2,285.6,12.2,D,0
21.6731,92.5595,356.4,1,1,2008-04-05,0707,Aqua,MODIS,98,6.2,302.5,69.3,D,0
21.6716,92.5497,359,1,1,2008-04-05,0707,Aqua,MODIS,99,6.2,293.9,77.1,D,0
21.6701,92.5398,331.9,1,1,2008-04-05,0707,Aqua,MODIS,82,6.2,285.7,23.7,D,0
21.6835,92.5674,360.6,1,1,2008-04-05,0707,Aqua,MODIS,100,6.2,303.3,80.8,D,0
21.6821,92.5578,343.3,1,1,2008-04-05,0707,Aqua,MODIS,51,6.2,302.2,39.8,D,0
21.6925,92.5658,318,1,1,2008-04-05,0707,Aqua,MODIS,44,6.2,299.7,8.3,D,0
21.7389,92.5723,347.7,1,1,2008-04-05,0707,Aqua,MODIS,93,6.2,304.7,50.1,D,0
21.6123,92.5262,346.5,1,1,2008-04-05,0707,Aqua,MODIS,85,6.2,302.7,47.5,D,0
21.4012,92.5952,323.5,1,1,2008-04-05,0707,Aqua,MODIS,71,6.2,305.7,12.3,D,0
22.0247,92.3214,324,1,1,2008-04-05,0707,Aqua,MODIS,76,6.2,280.4,18,D,0
22.086,92.305,337.8,1,1,2008-04-05,0707,Aqua,MODIS,88,6.2,294.9,33.8,D,0
22.567,91.706,323.8,1.1,1,2008-04-05,0707,Aqua,MODIS,73,6.2,307,11.2,D,0
22.0664,92.2981,346.3,1,1,2008-04-05,0707,Aqua,MODIS,93,6.2,297.5,49.1,D,0
22.0649,92.2883,334.2,1,1,2008-04-05,0707,Aqua,MODIS,85,6.2,301.3,28,D,0
22.0588,92.2486,337.4,1,1,2008-04-05,0707,Aqua,MODIS,88,6.2,301.5,33,D,0
21.762,92.4176,331.1,1,1,2008-04-05,0707,Aqua,MODIS,66,6.2,289,20.5,D,0
21.6116,92.4593,356.2,1,1,2008-04-05,0707,Aqua,MODIS,98,6.2,304.3,69.9,D,0
22.9843,91.8981,320.6,1,1,2008-04-05,0707,Aqua,MODIS,68,6.2,305.5,7.4,D,0
22.4237,92.2204,328.6,1,1,2008-04-05,0707,Aqua,MODIS,80,6.2,305.6,16.6,D,0
22.4131,92.1508,328.7,1,1,2008-04-05,0707,Aqua,MODIS,80,6.2,306.4,15.3,D,0
22.5639,92.412,329,1,1,2008-04-05,0707,Aqua,MODIS,80,6.2,305.2,17.8,D,0
21.5797,92.1895,327,1.1,1,2008-04-05,0707,Aqua,MODIS,77,6.2,300.7,16.1,D,0
21.6011,92.2684,325.9,1,1,2008-04-05,0707,Aqua,MODIS,76,6.2,302.2,14.7,D,0
21.5888,92.1879,341.4,1.1,1,2008-04-05,0707,Aqua,MODIS,90,6.2,301.3,39.2,D,0
21.5873,92.1778,318.8,1.1,1,2008-04-05,0707,Aqua,MODIS,60,6.2,298.9,7.5,D,0
21.8406,92.4471,363.6,1,1,2008-04-05,0707,Aqua,MODIS,100,6.2,308.6,87.8,D,0
21.8391,92.4371,349.7,1,1,2008-04-05,0707,Aqua,MODIS,95,6.2,305.7,52.6,D,0
21.8376,92.4273,330.1,1,1,2008-04-05,0707,Aqua,MODIS,77,6.2,301.9,18.5,D,0
21.8497,92.4455,322.9,1,1,2008-04-05,0707,Aqua,MODIS,54,6.2,304.9,9.4,D,0
21.8482,92.4355,330.3,1,1,2008-04-05,0707,Aqua,MODIS,81,6.2,304.3,19.4,D,0
21.8767,92.4407,338.9,1,1,2008-04-05,0707,Aqua,MODIS,88,6.2,306,32.6,D,0
21.902,92.4305,323.3,1,1,2008-04-05,0707,Aqua,MODIS,58,6.2,304.9,11.3,D,0
21.9005,92.4207,355.6,1,1,2008-04-05,0707,Aqua,MODIS,98,6.2,305.7,68.5,D,0
21.899,92.4108,330.3,1,1,2008-04-05,0707,Aqua,MODIS,68,6.2,300.6,20.2,D,0
21.4858,92.2435,322.9,1,1,2008-04-05,0707,Aqua,MODIS,70,6.2,303.9,11.7,D,0
21.5222,92.237,325.1,1,1,2008-04-05,0707,Aqua,MODIS,74,6.2,304.9,14.4,D,0
22.6045,92.3744,374,1,1,2008-04-05,0707,Aqua,MODIS,100,6.2,306.9,123.7,D,0
22.6031,92.3646,332.6,1,1,2008-04-05,0707,Aqua,MODIS,83,6.2,306.4,21.8,D,0
22.615,92.3266,334.1,1,1,2008-04-05,0707,Aqua,MODIS,85,6.2,307.2,23.4,D,0
22.6135,92.3166,328.3,1,1,2008-04-05,0707,Aqua,MODIS,79,6.2,306.9,15.5,D,0
22.6435,92.3316,324.4,1,1,2008-04-05,0707,Aqua,MODIS,75,6.2,304.2,11.1,D,0
22.3208,92.3932,340.1,1,1,2008-04-05,0707,Aqua,MODIS,89,6.2,291.6,36.5,D,0
22.3298,92.3917,331.9,1,1,2008-04-05,0707,Aqua,MODIS,50,6.2,296.5,22.6,D,0
22.3756,92.3868,330.3,1,1,2008-04-05,0707,Aqua,MODIS,82,6.2,304.3,18.6,D,0
21.9141,92.3879,363.4,1,1,2008-04-05,0707,Aqua,MODIS,100,6.2,293,93,D,0
21.9126,92.378,318.2,1,1,2008-04-05,0707,Aqua,MODIS,33,6.2,286.1,10.1,D,0
21.8916,92.2393,319.1,1,1,2008-04-05,0707,Aqua,MODIS,65,6.2,283,14,D,0
21.9157,92.3371,319.1,1,1,2008-04-05,0707,Aqua,MODIS,56,6.2,291.2,12.3,D,0
21.6735,92.4391,354.4,1,1,2008-04-05,0707,Aqua,MODIS,97,6.2,294.5,66.9,D,0
21.672,92.4288,343.3,1,1,2008-04-05,0707,Aqua,MODIS,91,6.2,291.9,41.8,D,0
21.6825,92.4373,345.8,1,1,2008-04-05,0707,Aqua,MODIS,92,6.2,291.9,46.9,D,0
21.681,92.4272,344.5,1,1,2008-04-05,0707,Aqua,MODIS,92,6.2,289.4,43.4,D,0
21.6795,92.417,331.6,1,1,2008-04-05,0707,Aqua,MODIS,76,6.2,290.8,21.2,D,0
21.6971,92.4184,340.4,1,1,2008-04-05,0707,Aqua,MODIS,49,6.2,289.1,33,D,0
21.7334,92.4127,335.2,1,1,2008-04-05,0707,Aqua,MODIS,50,6.2,289.4,25.5,D,0
21.7453,92.4304,333.2,1,1,2008-04-05,0707,Aqua,MODIS,68,6.2,292.1,24.7,D,0
21.7529,92.4193,324.4,1,1,2008-04-05,0707,Aqua,MODIS,47,6.2,290.5,12.1,D,0
21.9231,92.3863,350.8,1,1,2008-04-05,0707,Aqua,MODIS,95,6.2,291.2,59.3,D,0
21.9217,92.3764,362.8,1,1,2008-04-05,0707,Aqua,MODIS,100,6.2,289.8,91.8,D,0
21.9322,92.3847,377.4,1,1,2008-04-05,0707,Aqua,MODIS,100,6.2,288.3,144,D,0
21.9307,92.3749,386,1,1,2008-04-05,0707,Aqua,MODIS,100,6.2,295.3,182.8,D,0
22.0262,92.3312,346.6,1,1,2008-04-05,0707,Aqua,MODIS,93,6.2,279,54.1,D,0
22.2836,92.0835,319.5,1,1,2008-04-05,0707,Aqua,MODIS,68,6.2,303.5,8.2,D,0
22.2821,92.0735,324.5,1,1,2008-04-05,0707,Aqua,MODIS,76,6.2,303.5,13.5,D,0
22.3624,92.0526,319.9,1,1,2008-04-05,0707,Aqua,MODIS,66,6.2,303.5,7.6,D,0
23.1126,92.3185,335.6,1,1,2008-04-05,0707,Aqua,MODIS,86,6.2,304.2,27.9,D,0
23.0442,92.2966,321.1,1,1,2008-04-05,0707,Aqua,MODIS,65,6.2,303.8,8.2,D,0
23.0532,92.2949,327.9,1,1,2008-04-05,0707,Aqua,MODIS,79,6.2,304.6,16,D,0
21.771,92.416,331.1,1,1,2008-04-05,0707,Aqua,MODIS,64,6.2,287.3,21.3,D,0
21.7695,92.4062,362.3,1,1,2008-04-05,0707,Aqua,MODIS,100,6.2,292.8,87,D,0
22.1918,92.391,334.7,1,1,2008-04-05,0707,Aqua,MODIS,86,6.2,296.5,27,D,0
22.2233,92.416,315.9,1,1,2008-04-05,0707,Aqua,MODIS,36,6.2,290.9,7.8,D,0
21.6539,92.3706,322.8,1,1,2008-04-05,0707,Aqua,MODIS,71,6.2,301.7,9.1,D,0
21.5192,92.4009,356.5,1,1,2008-04-05,0707,Aqua,MODIS,98,6.2,298.6,70.5,D,0
21.5177,92.391,396.9,1,1,2008-04-05,0707,Aqua,MODIS,100,6.2,308.1,237.3,D,0
21.5162,92.3812,342.2,1,1,2008-04-05,0707,Aqua,MODIS,90,6.2,301.9,38.1,D,0
21.5282,92.3993,326.7,1,1,2008-04-05,0707,Aqua,MODIS,69,6.2,298.7,14.4,D,0
21.5267,92.3894,380.1,1,1,2008-04-05,0707,Aqua,MODIS,100,6.2,306.2,150.8,D,0
21.5252,92.3796,347.2,1,1,2008-04-05,0707,Aqua,MODIS,93,6.2,302.7,47.7,D,0
21.5478,92.4059,350.6,1,1,2008-04-05,0707,Aqua,MODIS,95,6.2,301.2,54.3,D,0
21.5463,92.3961,332.1,1,1,2008-04-05,0707,Aqua,MODIS,81,6.2,304.3,20.3,D,0
21.5389,92.3469,346.4,1,1,2008-04-05,0707,Aqua,MODIS,93,6.2,303,46.1,D,0
21.3864,92.497,334.7,1,1,2008-04-05,0707,Aqua,MODIS,84,6.2,304.7,25.1,D,0
21.3955,92.4954,338,1,1,2008-04-05,0707,Aqua,MODIS,87,6.2,305.2,29.6,D,0
22.2005,92.5107,316.7,1,1,2008-04-05,0707,Aqua,MODIS,40,6.2,296.1,8.4,D,0
22.3413,92.5305,334.8,1,1,2008-04-05,0707,Aqua,MODIS,85,6.2,286.2,31.4,D,0
21.8374,92.5488,328.9,1,1,2008-04-05,0707,Aqua,MODIS,79,6.2,305.1,18.4,D,0
21.7901,92.5434,320.9,1,1,2008-04-05,0707,Aqua,MODIS,29,6.2,304.7,7.8,D,0
21.7886,92.5335,327.6,1,1,2008-04-05,0707,Aqua,MODIS,75,6.2,305.3,15.6,D,0
21.5838,92.5215,322.2,1,1,2008-04-05,0707,Aqua,MODIS,58,6.2,303.7,8.6,D,0
22.9915,91.8281,319.2,1.1,1,2008-04-05,0707,Aqua,MODIS,55,6.2,303.6,6.9,D,0
22.5252,92.1551,325.8,1,1,2008-04-05,0707,Aqua,MODIS,69,6.2,307.6,12.3,D,0
23.0022,92.3245,328.3,1,1,2008-04-05,0707,Aqua,MODIS,79,6.2,303,17,D,0
23.0007,92.3145,346,1,1,2008-04-05,0707,Aqua,MODIS,93,6.2,303.6,45.5,D,0
23.0112,92.3229,320.7,1,1,2008-04-05,0707,Aqua,MODIS,69,6.2,302.4,8.2,D,0
23.0097,92.3129,334.2,1,1,2008-04-05,0707,Aqua,MODIS,85,6.2,303.4,25.1,D,0
21.5691,92.3616,322.5,1,1,2008-04-05,0707,Aqua,MODIS,62,6.2,303.3,8.8,D,0
21.5796,92.3699,333.2,1,1,2008-04-05,0707,Aqua,MODIS,83,6.2,301.7,22.8,D,0
21.5887,92.3683,359.4,1,1,2008-04-05,0707,Aqua,MODIS,99,6.2,301.8,77.2,D,0
21.5872,92.3584,328,1,1,2008-04-05,0707,Aqua,MODIS,75,6.2,305.1,14.5,D,0
21.592,92.3307,334.2,1,1,2008-04-05,0707,Aqua,MODIS,84,6.2,307.7,23.8,D,0
21.6056,92.3587,340,1,1,2008-04-05,0707,Aqua,MODIS,89,6.2,306.3,33.9,D,0
21.6252,92.3655,342.2,1,1,2008-04-05,0707,Aqua,MODIS,90,6.2,305.4,37.3,D,0
21.6237,92.3556,338.4,1,1,2008-04-05,0707,Aqua,MODIS,88,6.2,306.2,30.6,D,0
21.6222,92.3456,329.7,1,1,2008-04-05,0707,Aqua,MODIS,80,6.2,305.2,17,D,0
21.6343,92.3638,391.3,1,1,2008-04-05,0707,Aqua,MODIS,100,6.2,308.7,204.1,D,0
21.6328,92.3539,377,1,1,2008-04-05,0707,Aqua,MODIS,100,6.2,308.8,136.8,D,0
21.6313,92.344,327.9,1,1,2008-04-05,0707,Aqua,MODIS,78,6.2,304.8,14.9,D,0
22.7488,91.9323,319.7,1,1,2008-04-05,0707,Aqua,MODIS,62,6.2,303.9,6.4,D,0
22.7717,92.021,321.3,1,1,2008-04-05,0707,Aqua,MODIS,68,6.2,305.1,9.1,D,0
22.2894,92.3073,365.7,1,1,2008-04-05,0707,Aqua,MODIS,100,6.2,296.7,97.8,D,0
22.2999,92.3156,319.9,1,1,2008-04-05,0707,Aqua,MODIS,49,6.2,291.2,9.5,D,0
23.1377,91.8165,321.4,1.1,1,2008-04-05,0707,Aqua,MODIS,71,6.2,303.1,9.4,D,0
23.1361,91.8064,319.7,1.1,1,2008-04-05,0707,Aqua,MODIS,68,6.2,304.1,7.5,D,0
21.4595,92.3049,327.9,1,1,2008-04-05,0707,Aqua,MODIS,77,6.2,296,18.8,D,0
21.458,92.295,336.3,1,1,2008-04-05,0707,Aqua,MODIS,85,6.2,299,30.8,D,0
21.4716,92.3233,315.5,1,1,2008-04-05,0707,Aqua,MODIS,28,6.2,298,5.7,D,0
21.5374,92.3372,326,1,1,2008-04-05,0707,Aqua,MODIS,75,6.2,303.2,13.2,D,0
22.9304,92.2719,325.9,1,1,2008-04-05,0707,Aqua,MODIS,71,6.2,304.6,13.5,D,0
22.509,92.418,354,1,1,2008-04-05,0707,Aqua,MODIS,97,6.2,303.7,62.4,D,0
22.5075,92.4082,364.8,1,1,2008-04-05,0707,Aqua,MODIS,100,6.2,305.5,92.1,D,0
22.5061,92.3985,334.3,1,1,2008-04-05,0707,Aqua,MODIS,85,6.2,304,23.2,D,0
22.518,92.4164,359.3,1,1,2008-04-05,0707,Aqua,MODIS,99,6.2,305.3,76,D,0
22.5166,92.4066,345.8,1,1,2008-04-05,0707,Aqua,MODIS,93,6.2,305,44.1,D,0
22.5151,92.3969,337,1,1,2008-04-05,0707,Aqua,MODIS,87,6.2,305.9,26.9,D,0
22.522,92.3794,327.2,1,1,2008-04-05,0707,Aqua,MODIS,78,6.2,305.9,13,D,0
22.0338,92.3198,334.7,1,1,2008-04-05,0707,Aqua,MODIS,79,6.2,282.4,30.1,D,0
22.0875,92.3148,363.7,1,1,2008-04-05,0707,Aqua,MODIS,100,6.2,299.4,93.5,D,0
22.0965,92.3132,345.6,1,1,2008-04-05,0707,Aqua,MODIS,93,6.2,298.1,47.9,D,0
22.095,92.3033,325.5,1,1,2008-04-05,0707,Aqua,MODIS,78,6.2,291.5,16.7,D,0
21.6554,92.3804,326.4,1,1,2008-04-05,0707,Aqua,MODIS,76,6.2,302.7,13.4,D,0
21.678,92.407,332.3,1,1,2008-04-05,0707,Aqua,MODIS,62,6.2,294.5,20.8,D,0
21.6871,92.4054,358.6,1,1,2008-04-05,0707,Aqua,MODIS,99,6.2,292.8,72.5,D,0
21.6856,92.3955,346.7,1,1,2008-04-05,0707,Aqua,MODIS,93,6.2,294.2,45,D,0
21.6841,92.3857,361.4,1,1,2008-04-05,0707,Aqua,MODIS,100,6.2,301.2,82.3,D,0
21.7031,92.3969,359.6,1,1,2008-04-05,0707,Aqua,MODIS,99,6.2,290.8,75,D,0
21.7016,92.3871,360.5,1,1,2008-04-05,0707,Aqua,MODIS,100,6.2,293.8,80.6,D,0
21.7137,92.4054,394.7,1,1,2008-04-05,0707,Aqua,MODIS,100,6.2,293.9,222.3,D,0
21.7228,92.404,337.8,1,1,2008-04-05,0707,Aqua,MODIS,72,6.2,289,30.2,D,0
21.7213,92.3939,342.2,1,1,2008-04-05,0707,Aqua,MODIS,89,6.2,291.5,36.3,D,0
21.7198,92.384,334.4,1,1,2008-04-05,0707,Aqua,MODIS,85,6.2,290.9,26.3,D,0
21.7318,92.4025,360.8,1,1,2008-04-05,0707,Aqua,MODIS,100,6.2,293.7,80.5,D,0
21.7303,92.3923,343.6,1,1,2008-04-05,0707,Aqua,MODIS,90,6.2,296.4,39.9,D,0
21.7288,92.3824,327.5,1,1,2008-04-05,0707,Aqua,MODIS,68,6.2,292.8,16.5,D,0
21.7515,92.4096,370.3,1,1,2008-04-05,0707,Aqua,MODIS,100,6.2,296,111.5,D,0
21.7605,92.4079,367.2,1,1,2008-04-05,0707,Aqua,MODIS,100,6.2,296.5,101.4,D,0
21.5615,92.3731,336.7,1,1,2008-04-05,0707,Aqua,MODIS,86,6.2,305,27.5,D,0
21.56,92.3632,333.8,1,1,2008-04-05,0707,Aqua,MODIS,84,6.2,304.5,22.8,D,0
21.8408,92.3864,325.8,1,1,2008-04-05,0707,Aqua,MODIS,72,6.2,293.7,15.5,D,0
21.8498,92.3847,328.7,1,1,2008-04-05,0707,Aqua,MODIS,80,6.2,295.3,18.4,D,0
21.8483,92.3751,327.6,1,1,2008-04-05,0707,Aqua,MODIS,71,6.2,295,17.2,D,0
21.8574,92.3734,364.3,1,1,2008-04-05,0707,Aqua,MODIS,100,6.2,294.5,93.9,D,0
21.8559,92.3639,332.3,1,1,2008-04-05,0707,Aqua,MODIS,83,6.2,292.8,25.1,D,0
21.9051,92.3894,322,1,1,2008-04-05,0707,Aqua,MODIS,54,6.2,291.2,13.1,D,0
22.8727,91.768,319.6,1.1,1,2008-04-05,0707,Aqua,MODIS,65,6.2,303.9,7.4,D,0
22.8665,91.7273,320.2,1.1,1,2008-04-05,0707,Aqua,MODIS,66,6.2,304.4,8.2,D,0
22.0296,91.9966,323.1,1.1,1,2008-04-05,0707,Aqua,MODIS,75,6.2,305.9,9.5,D,0
21.587,92.4194,344.1,1,1,2008-04-05,0707,Aqua,MODIS,91,6.2,302.7,41.9,D,0
21.5856,92.4094,334.9,1,1,2008-04-05,0707,Aqua,MODIS,85,6.2,305.3,26.6,D,0
21.6056,92.4197,325.5,1,1,2008-04-05,0707,Aqua,MODIS,75,6.2,304,13.1,D,0
21.6161,92.428,358,1,1,2008-04-05,0707,Aqua,MODIS,99,6.2,304.9,73.9,D,0
21.6146,92.4182,348.3,1,1,2008-04-05,0707,Aqua,MODIS,94,6.2,306.8,50.7,D,0
22.3442,92.3012,321.9,1,1,2008-04-05,0707,Aqua,MODIS,64,6.2,304.2,9.2,D,0
21.1785,92.0952,335.3,1.1,1,2008-04-05,0707,Aqua,MODIS,84,6.2,305,30.2,D,0
21.2052,92.0942,318.5,1.1,1,2008-04-05,0707,Aqua,MODIS,39,6.2,303.8,7.4,D,0
21.2358,92.1095,328.7,1.1,1,2008-04-05,0707,Aqua,MODIS,77,6.2,307,17.9,D,0
21.2343,92.0994,322.5,1.1,1,2008-04-05,0707,Aqua,MODIS,59,6.2,305.6,10.4,D,0
22.2221,92.2841,343.5,1,1,2008-04-05,0707,Aqua,MODIS,92,6.2,303.9,41.7,D,0
22.2834,92.2677,321.9,1,1,2008-04-05,0707,Aqua,MODIS,72,6.2,305.3,8.6,D,0
22.2819,92.2578,324,1,1,2008-04-05,0707,Aqua,MODIS,75,6.2,306.4,10.9,D,0
22.2518,92.1815,327.1,1,1,2008-04-05,0707,Aqua,MODIS,79,6.2,306.3,14,D,0
22.2503,92.1715,322.3,1,1,2008-04-05,0707,Aqua,MODIS,64,6.2,305.5,7.9,D,0
22.2639,92.1383,326,1,1,2008-04-05,0707,Aqua,MODIS,78,6.2,305.3,14.1,D,0
22.2624,92.1284,326.2,1,1,2008-04-05,0707,Aqua,MODIS,78,6.2,304.9,15,D,0
22.6453,91.9774,326.4,1,1,2008-04-05,0707,Aqua,MODIS,76,6.2,303.9,14.5,D,0
22.6621,92.0259,322.9,1,1,2008-04-05,0707,Aqua,MODIS,72,6.2,305.9,8.8,D,0
22.6573,91.9338,321.1,1.1,1,2008-04-05,0707,Aqua,MODIS,62,6.2,306.3,6.9,D,0
22.6847,91.9909,319.5,1,1,2008-04-05,0707,Aqua,MODIS,65,6.2,304.7,6.7,D,0
22.7044,91.9976,349.8,1,1,2008-04-05,0707,Aqua,MODIS,95,6.2,306.6,53.6,D,0
22.7029,91.9876,328.8,1,1,2008-04-05,0707,Aqua,MODIS,79,6.2,305.5,17.1,D,0
22.7272,92.0248,336.7,1,1,2008-04-05,0707,Aqua,MODIS,86,6.2,304.5,28.4,D,0
22.504,92.2606,319.8,1,1,2008-04-05,0707,Aqua,MODIS,48,6.2,303,7.7,D,0
23.3937,92.2908,387.3,1,1,2008-04-05,0708,Aqua,MODIS,100,6.2,304.8,182.2,D,0
23.1619,91.7913,333.6,1.1,1,2008-04-05,0708,Aqua,MODIS,84,6.2,304.5,24.6,D,0
23.3923,92.281,326.7,1,1,2008-04-05,0708,Aqua,MODIS,79,6.2,298.2,16,D,0
21.9519,92.5717,304.5,2.1,1.4,2008-04-05,1632,Terra,MODIS,47,6.2,290,19.1,N,0
21.7874,92.4796,302,2.1,1.4,2008-04-05,1632,Terra,MODIS,46,6.2,292,13.6,N,0
21.7842,92.466,304.2,2.1,1.4,2008-04-05,1632,Terra,MODIS,59,6.2,291.8,14.5,N,0
21.5593,92.5051,316.9,1.1,1.1,2008-04-06,0442,Terra,MODIS,44,6.2,304.4,5.9,D,0
21.58,92.4977,327,1.1,1.1,2008-04-06,0442,Terra,MODIS,79,6.2,304.4,17.6,D,0
21.6184,92.5611,319.4,1.1,1.1,2008-04-06,0442,Terra,MODIS,68,6.2,304.5,10,D,0
22.7426,91.9403,316.3,1.1,1,2008-04-06,0442,Terra,MODIS,58,6.2,303.4,6.1,D,0
21.8125,92.4431,334.4,1.1,1.1,2008-04-06,0442,Terra,MODIS,86,6.2,305.9,29.3,D,0
21.8108,92.4535,356.9,1.1,1.1,2008-04-06,0442,Terra,MODIS,98,6.2,306,80.1,D,0
21.8031,92.4414,318.8,1.1,1.1,2008-04-06,0442,Terra,MODIS,68,6.2,305,8.2,D,0
21.6765,92.5331,325,1.1,1.1,2008-04-06,0442,Terra,MODIS,76,6.2,306.6,15,D,0
21.6748,92.5436,337.7,1.1,1.1,2008-04-06,0442,Terra,MODIS,88,6.2,307.4,35.6,D,0
21.6653,92.542,322.3,1.1,1.1,2008-04-06,0442,Terra,MODIS,68,6.2,304.3,12.1,D,0
21.799,92.1688,318.9,1.1,1,2008-04-06,0442,Terra,MODIS,69,6.2,304.7,7.6,D,0
21.7973,92.1793,320,1.1,1,2008-04-06,0442,Terra,MODIS,71,6.2,304.1,8.9,D,0
21.5969,92.1783,322.1,1.1,1,2008-04-06,0442,Terra,MODIS,73,6.2,305.1,11,D,0
21.8014,92.4518,330,1.1,1.1,2008-04-06,0442,Terra,MODIS,82,6.2,303.8,22.2,D,0
22.9455,91.8232,318.7,1,1,2008-04-06,0442,Terra,MODIS,67,6.2,303.8,6.7,D,0
23.0044,91.9304,326.5,3.4,1.7,2008-04-06,0750,Aqua,MODIS,79,6.2,301.1,87.5,D,0
22.3089,92.3626,320.7,3.6,1.8,2008-04-06,0750,Aqua,MODIS,64,6.2,300.9,47.1,D,0
22.2741,92.332,340.1,3.6,1.8,2008-04-06,0750,Aqua,MODIS,89,6.2,302.1,207.8,D,0
21.5563,92.4559,356.8,3.6,1.8,2008-04-06,0750,Aqua,MODIS,98,6.2,305.5,419.3,D,0
22.2791,92.3023,319,3.6,1.8,2008-04-06,0750,Aqua,MODIS,34,6.2,301.9,36,D,0
22.2822,92.3363,338.2,3.6,1.8,2008-04-06,0750,Aqua,MODIS,88,6.2,302.1,188.1,D,0
22.6951,92.4786,320,3.7,1.8,2008-04-06,0750,Aqua,MODIS,62,6.2,301,47.9,D,0
22.704,92.4692,321.5,3.7,1.8,2008-04-06,0750,Aqua,MODIS,71,6.2,300.6,57.3,D,0
22.1078,92.4001,337,3.6,1.8,2008-04-06,0750,Aqua,MODIS,87,6.2,304.5,173.8,D,0
21.598,92.3385,325.8,3.5,1.8,2008-04-06,0750,Aqua,MODIS,79,6.2,305,77.9,D,0
21.7894,92.4776,330.9,3.6,1.8,2008-04-06,0750,Aqua,MODIS,83,6.2,301.7,120.7,D,0
21.7842,92.1807,319.2,3.4,1.7,2008-04-06,0750,Aqua,MODIS,71,6.2,304.2,36.2,D,0
21.7801,92.1735,320.5,3.4,1.7,2008-04-06,0750,Aqua,MODIS,73,6.2,304.3,43,D,0
21.5872,92.3466,329.2,3.5,1.8,2008-04-06,0750,Aqua,MODIS,82,6.2,304.6,101.4,D,0
22.3162,92.3198,323.6,3.6,1.8,2008-04-06,0750,Aqua,MODIS,49,6.2,302.6,60,D,0
22.105,92.4621,324.1,3.6,1.8,2008-04-06,0750,Aqua,MODIS,69,6.2,298.5,75.4,D,0
22.0948,92.4346,337.6,3.6,1.8,2008-04-06,0750,Aqua,MODIS,87,6.2,302.8,188.5,D,0
22.1109,92.4341,386.9,3.6,1.8,2008-04-06,0750,Aqua,MODIS,100,6.2,307.6,1116.2,D,0
22.1023,92.4297,364.5,3.6,1.8,2008-04-06,0750,Aqua,MODIS,100,6.2,305.9,570,D,0
22.1184,92.4292,372.3,3.6,1.8,2008-04-06,0750,Aqua,MODIS,100,6.2,306.5,733.6,D,0
22.6503,91.965,318.2,3.4,1.7,2008-04-06,0750,Aqua,MODIS,65,6.2,301.8,31.1,D,0
23.0365,92.1318,319.8,3.5,1.8,2008-04-06,0750,Aqua,MODIS,67,6.2,300.1,51.9,D,0
23.0387,92.1033,318.2,3.5,1.8,2008-04-06,0750,Aqua,MODIS,67,6.2,300.2,42.1,D,0
23.0419,92.1389,317,3.5,1.8,2008-04-06,0750,Aqua,MODIS,65,6.2,299.7,35.6,D,0
21.6008,92.3722,327.1,3.5,1.8,2008-04-06,0750,Aqua,MODIS,80,6.2,304.2,88.2,D,0
21.8714,92.3971,327.9,3.6,1.8,2008-04-06,0750,Aqua,MODIS,81,6.2,302.4,99.6,D,0
23.1948,91.8652,317.1,3.4,1.7,2008-04-06,0750,Aqua,MODIS,66,6.2,299.9,35.2,D,0
21.7301,92.2867,327.8,3.5,1.8,2008-04-06,0750,Aqua,MODIS,81,6.2,304.8,91.8,D,0
21.9799,92.4121,322.9,3.6,1.8,2008-04-06,0750,Aqua,MODIS,73,6.2,301.9,64.7,D,0
21.9639,92.4137,336.9,3.6,1.8,2008-04-06,0750,Aqua,MODIS,87,6.2,302,175.5,D,0
21.97,92.4205,328.6,3.6,1.8,2008-04-06,0750,Aqua,MODIS,82,6.2,301.6,105.3,D,0
22.9854,92.3224,322.2,3.6,1.8,2008-04-06,0750,Aqua,MODIS,48,6.2,300.5,59.2,D,0
22.009,92.3751,337.7,3.6,1.8,2008-04-06,0750,Aqua,MODIS,87,6.2,303.6,180.5,D,0
21.9612,92.3797,331.9,3.6,1.8,2008-04-06,0750,Aqua,MODIS,83,6.2,304.2,127.6,D,0
22.0117,92.348,321.9,3.6,1.8,2008-04-06,0750,Aqua,MODIS,61,6.2,303.9,53.2,D,0
22.0148,92.3821,336.6,3.6,1.8,2008-04-06,0750,Aqua,MODIS,88,6.2,303.6,170.3,D,0
21.9669,92.3865,341.7,3.6,1.8,2008-04-06,0750,Aqua,MODIS,91,6.2,304.5,226,D,0
21.951,92.3885,331.5,3.6,1.8,2008-04-06,0750,Aqua,MODIS,84,6.2,302.6,131.7,D,0
22.8861,92.2967,326.6,3.6,1.8,2008-04-06,0750,Aqua,MODIS,59,6.2,302,99.3,D,0
22.3188,92.3531,330.6,3.6,1.8,2008-04-06,0750,Aqua,MODIS,82,6.2,301.9,114.1,D,0
22.8764,92.3051,323.4,3.6,1.8,2008-04-06,0750,Aqua,MODIS,56,6.2,301.4,74.8,D,0
23.1543,92.0173,317.5,3.5,1.8,2008-04-06,0750,Aqua,MODIS,33,6.2,299.7,29.6,D,0
23.1518,91.8779,322.7,3.4,1.7,2008-04-06,0750,Aqua,MODIS,75,6.2,299.9,65,D,0
21.7446,92.4552,334.7,3.6,1.8,2008-04-06,0750,Aqua,MODIS,71,6.2,302.7,145.8,D,0
21.737,92.461,335.7,3.6,1.8,2008-04-06,0750,Aqua,MODIS,87,6.2,302.3,161.4,D,0
21.7185,92.2597,321.5,3.5,1.8,2008-04-06,0750,Aqua,MODIS,74,6.2,304.6,47.5,D,0
22.9764,92.3177,322.1,3.6,1.8,2008-04-06,0750,Aqua,MODIS,42,6.2,300.4,59.9,D,0
21.5902,92.3805,321.1,3.5,1.8,2008-04-06,0750,Aqua,MODIS,73,6.2,304,44.7,D,0
23.0986,92.3002,322.6,3.6,1.8,2008-04-06,0750,Aqua,MODIS,69,6.2,300.3,67.2,D,0
23.0958,92.2661,320.7,3.6,1.8,2008-04-06,0750,Aqua,MODIS,49,6.2,300.8,53,D,0
21.4283,92.4068,315.9,3.5,1.8,2008-04-06,0750,Aqua,MODIS,44,6.2,302,31.7,D,0
23.0055,91.905,322.5,3.4,1.7,2008-04-06,0750,Aqua,MODIS,74,6.2,300.7,60.6,D,0
23.07,92.2759,320,3.6,1.8,2008-04-06,0750,Aqua,MODIS,30,6.2,300.5,47.3,D,0
22.3219,92.327,328.5,3.6,1.8,2008-04-06,0750,Aqua,MODIS,80,6.2,303,100.8,D,0
21.5337,92.5629,320,3.6,1.8,2008-04-06,0750,Aqua,MODIS,58,6.2,300.1,55.3,D,0
21.7704,92.382,322.1,3.6,1.8,2008-04-06,0750,Aqua,MODIS,75,6.2,303.4,56,D,0
21.7926,92.4507,335.6,3.6,1.8,2008-04-06,0750,Aqua,MODIS,87,6.2,302.4,155.9,D,0
21.5643,92.4504,340.7,3.6,1.8,2008-04-06,0750,Aqua,MODIS,90,6.2,305.4,205.6,D,0
21.8429,92.5369,332.7,3.7,1.8,2008-04-06,0750,Aqua,MODIS,85,6.2,300.9,154.9,D,0
21.8461,92.5747,319.2,3.7,1.8,2008-04-06,0750,Aqua,MODIS,41,6.2,300.1,62.6,D,0
21.8336,92.5474,338.9,3.7,1.8,2008-04-06,0750,Aqua,MODIS,89,6.2,301.9,212.4,D,0
21.7215,92.2927,328.2,3.5,1.8,2008-04-06,0750,Aqua,MODIS,81,6.2,304.6,92.6,D,0
21.8826,92.435,319.1,3.6,1.8,2008-04-06,0750,Aqua,MODIS,53,6.2,301.9,44.3,D,0
21.8796,92.4013,335.2,3.6,1.8,2008-04-06,0750,Aqua,MODIS,87,6.2,302.9,162.9,D,0
21.8741,92.4306,324.3,3.6,1.8,2008-04-06,0750,Aqua,MODIS,77,6.2,301.6,77,D,0
22.3248,92.36,330.9,3.6,1.8,2008-04-06,0750,Aqua,MODIS,82,6.2,301.6,118.8,D,0
22.0918,92.4012,330,3.6,1.8,2008-04-06,0750,Aqua,MODIS,81,6.2,304,116.2,D,0
22.0995,92.3961,333.2,3.6,1.8,2008-04-06,0750,Aqua,MODIS,83,6.2,304.3,135,D,0
22.3189,92.2934,320.3,3.6,1.8,2008-04-06,0750,Aqua,MODIS,60,6.2,302.8,42.6,D,0
21.7867,92.4442,330.7,3.6,1.8,2008-04-06,0750,Aqua,MODIS,83,6.2,302.4,115.3,D,0
22.824,92.3511,318.6,3.6,1.8,2008-04-06,0750,Aqua,MODIS,62,6.2,300.5,41.1,D,0
22.8313,92.3454,317.7,3.6,1.8,2008-04-06,0750,Aqua,MODIS,64,6.2,300.6,38.8,D,0
21.5483,92.4521,345.4,3.6,1.8,2008-04-06,0750,Aqua,MODIS,93,6.2,304.1,262.5,D,0
21.5533,92.4236,327.2,3.6,1.8,2008-04-06,0750,Aqua,MODIS,80,6.2,304.9,86.4,D,0
23.0083,91.937,328.2,3.4,1.7,2008-04-06,0750,Aqua,MODIS,80,6.2,301.2,101,D,0
23.2152,92.2484,324.7,3.6,1.8,2008-04-06,0750,Aqua,MODIS,77,6.2,299.7,89,D,0
23.2312,92.2469,327.5,3.6,1.8,2008-04-06,0750,Aqua,MODIS,80,6.2,299.7,106.8,D,0
23.2089,92.2417,320.7,3.6,1.8,2008-04-06,0750,Aqua,MODIS,35,6.2,299.6,56.7,D,0
23.2249,92.24,331.9,3.6,1.8,2008-04-06,0750,Aqua,MODIS,84,6.2,300,140.4,D,0
21.525,92.5585,321.8,3.6,1.8,2008-04-06,0750,Aqua,MODIS,61,6.2,300.8,68.7,D,0
23.4308,92.2857,315,3.7,1.8,2008-04-06,0750,Aqua,MODIS,50,6.2,297.3,37.4,D,0
23.1228,92.0203,321.4,3.5,1.8,2008-04-06,0750,Aqua,MODIS,73,6.2,300.4,58.1,D,0
23.1158,92.0157,317.3,3.5,1.8,2008-04-06,0750,Aqua,MODIS,54,6.2,300,32.2,D,0
24.3886,92.091,318.5,3.6,1.8,2008-04-06,0751,Aqua,MODIS,70,6.2,294.7,60.7,D,0
24.3958,92.0851,313.3,3.6,1.8,2008-04-06,0751,Aqua,MODIS,54,6.2,293.4,31.5,D,0
22.7487,92.3616,308.6,1.6,1.3,2008-04-06,1959,Aqua,MODIS,75,6.2,293.9,16.6,N,0
22.7513,92.3473,305.3,1.6,1.3,2008-04-06,1959,Aqua,MODIS,64,6.2,293.6,11.7,N,0
21.6102,92.5777,305.2,1.8,1.3,2008-04-06,2000,Aqua,MODIS,63,6.2,292.9,14.6,N,0
21.7778,92.2723,350.5,1.5,1.2,2008-04-07,0655,Aqua,MODIS,95,6.2,307.9,93.5,D,0
23.3919,92.3242,315.3,1.4,1.2,2008-04-07,0655,Aqua,MODIS,55,6.2,302.7,8.8,D,0
21.5054,92.4322,319.5,1.5,1.2,2008-04-07,0655,Aqua,MODIS,61,6.2,306.7,10.7,D,0
21.8807,92.4617,329.3,1.4,1.2,2008-04-07,0655,Aqua,MODIS,78,6.2,307.3,28.1,D,0
21.8831,92.4751,319.1,1.4,1.2,2008-04-07,0655,Aqua,MODIS,56,6.2,307.7,10.4,D,0
21.8766,92.4678,334.9,1.4,1.2,2008-04-07,0655,Aqua,MODIS,84,6.2,307.7,40.3,D,0
22.8923,92.1046,316.4,1.5,1.2,2008-04-07,0655,Aqua,MODIS,55,6.2,302.2,11.2,D,0
22.8045,92.0713,330.2,1.5,1.2,2008-04-07,0655,Aqua,MODIS,77,6.2,303.8,35,D,0
23.3587,92.0655,335.4,1.4,1.2,2008-04-07,0655,Aqua,MODIS,86,6.2,303.1,47.6,D,0
23.3692,92.0634,326.6,1.4,1.2,2008-04-07,0655,Aqua,MODIS,79,6.2,302.5,27.9,D,0
23.4112,92.0196,314.6,1.4,1.2,2008-04-07,0655,Aqua,MODIS,59,6.2,301.3,8.6,D,0
23.4359,92.0999,324.7,1.4,1.2,2008-04-07,0655,Aqua,MODIS,77,6.2,300.5,24.1,D,0
23.4336,92.0862,337.4,1.4,1.2,2008-04-07,0655,Aqua,MODIS,88,6.2,302.5,53.6,D,0
23.4464,92.0978,352.7,1.4,1.2,2008-04-07,0655,Aqua,MODIS,96,6.2,302.5,100,D,0
23.444,92.084,372.8,1.4,1.2,2008-04-07,0655,Aqua,MODIS,100,6.2,305.8,198.9,D,0
23.0237,92.1094,326.6,1.4,1.2,2008-04-07,0655,Aqua,MODIS,78,6.2,304.9,25.9,D,0
23.026,92.1228,331.8,1.4,1.2,2008-04-07,0655,Aqua,MODIS,83,6.2,304.3,37.5,D,0
23.5051,92.2543,360.3,1.4,1.2,2008-04-07,0655,Aqua,MODIS,100,6.2,302.9,129.4,D,0
23.5029,92.2412,322,1.4,1.2,2008-04-07,0655,Aqua,MODIS,47,6.2,301.4,19.7,D,0
23.5002,92.25,329.8,1.4,1.2,2008-04-07,0655,Aqua,MODIS,80,6.2,299.6,32.3,D,0
23.5105,92.2478,345.5,1.4,1.2,2008-04-07,0655,Aqua,MODIS,93,6.2,303.6,71.7,D,0
23.1134,92.3164,315.9,1.4,1.2,2008-04-07,0655,Aqua,MODIS,52,6.2,303,8.5,D,0
23.2493,91.964,326.3,1.5,1.2,2008-04-07,0655,Aqua,MODIS,78,6.2,303.5,26.2,D,0
22.9161,91.9643,329.4,1.5,1.2,2008-04-07,0655,Aqua,MODIS,81,6.2,304.3,33.4,D,0
22.8526,91.9381,341,1.5,1.2,2008-04-07,0655,Aqua,MODIS,90,6.2,303.4,63.8,D,0
22.8551,91.9524,346,1.5,1.2,2008-04-07,0655,Aqua,MODIS,93,6.2,303.9,81.1,D,0
23.1485,91.919,318.7,1.5,1.2,2008-04-07,0655,Aqua,MODIS,66,6.2,303.7,11.6,D,0
23.1509,91.9331,326.5,1.5,1.2,2008-04-07,0655,Aqua,MODIS,78,6.2,303.8,25.6,D,0
23.0449,91.916,319.5,1.5,1.2,2008-04-07,0655,Aqua,MODIS,63,6.2,303.8,12.2,D,0
23.0368,91.9326,328,1.5,1.2,2008-04-07,0655,Aqua,MODIS,79,6.2,304.4,26.5,D,0
23.0393,91.9473,341,1.5,1.2,2008-04-07,0655,Aqua,MODIS,90,6.2,305.2,59.7,D,0
23.0287,91.9496,350,1.5,1.2,2008-04-07,0655,Aqua,MODIS,95,6.2,304.7,90.6,D,0
21.8103,92.3976,333.1,1.5,1.2,2008-04-07,0655,Aqua,MODIS,83,6.2,304.5,38.3,D,0
21.823,92.4075,368.2,1.4,1.2,2008-04-07,0655,Aqua,MODIS,100,6.2,310.2,169.5,D,0
22.4928,91.7287,321.8,1.6,1.2,2008-04-07,0655,Aqua,MODIS,59,6.2,305.3,17.6,D,0
22.813,91.9017,324.3,1.5,1.2,2008-04-07,0655,Aqua,MODIS,75,6.2,304.4,21.2,D,0
22.4921,91.7339,323,1.6,1.2,2008-04-07,0655,Aqua,MODIS,35,6.2,304.9,19.7,D,0
22.2177,92.3611,337.8,1.4,1.2,2008-04-07,0655,Aqua,MODIS,87,6.2,307.7,48,D,0
21.7605,92.3628,325.1,1.5,1.2,2008-04-07,0655,Aqua,MODIS,73,6.2,305.2,22.3,D,0
21.763,92.377,317.7,1.5,1.2,2008-04-07,0655,Aqua,MODIS,38,6.2,302.5,10.7,D,0
21.7647,92.3542,319.7,1.5,1.2,2008-04-07,0655,Aqua,MODIS,48,6.2,305,12.1,D,0
21.767,92.3683,333.1,1.5,1.2,2008-04-07,0655,Aqua,MODIS,83,6.2,304.8,40.1,D,0
22.2282,92.3589,332.9,1.4,1.2,2008-04-07,0655,Aqua,MODIS,83,6.2,307,35.6,D,0
22.2258,92.3448,320.5,1.4,1.2,2008-04-07,0655,Aqua,MODIS,65,6.2,307.7,11.6,D,0
22.2241,92.3689,330.2,1.4,1.2,2008-04-07,0655,Aqua,MODIS,80,6.2,306.5,29.3,D,0
22.2217,92.3549,334.4,1.4,1.2,2008-04-07,0655,Aqua,MODIS,84,6.2,308.5,39.4,D,0
22.9512,91.9121,318.5,1.5,1.2,2008-04-07,0655,Aqua,MODIS,65,6.2,304.2,9.6,D,0
23.0308,91.7697,318.1,1.5,1.2,2008-04-07,0655,Aqua,MODIS,37,6.2,304.8,10.2,D,0
23.0333,91.7842,319.5,1.5,1.2,2008-04-07,0655,Aqua,MODIS,57,6.2,304.6,12.6,D,0
23.0036,91.8055,331.1,1.5,1.2,2008-04-07,0655,Aqua,MODIS,82,6.2,304.6,33.3,D,0
23.0061,91.82,352,1.5,1.2,2008-04-07,0655,Aqua,MODIS,96,6.2,304.6,100.8,D,0
21.5606,92.5627,367.4,1.4,1.2,2008-04-07,0655,Aqua,MODIS,100,6.2,307.6,164.8,D,0
21.5583,92.5494,397.4,1.4,1.2,2008-04-07,0655,Aqua,MODIS,100,6.2,314.3,386,D,0
21.5562,92.5371,345,1.4,1.2,2008-04-07,0655,Aqua,MODIS,92,6.2,306.2,69.9,D,0
22.9954,91.8222,332.2,1.5,1.2,2008-04-07,0655,Aqua,MODIS,83,6.2,304.5,37.9,D,0
21.4936,92.5825,355.2,1.4,1.2,2008-04-07,0655,Aqua,MODIS,92,6.2,303.1,109.6,D,0
23.5097,91.9937,324.9,1.4,1.2,2008-04-07,0655,Aqua,MODIS,77,6.2,301.4,26.7,D,0
23.2153,92.248,318.2,1.4,1.2,2008-04-07,0655,Aqua,MODIS,40,6.2,304.1,9.7,D,0
23.2244,92.3017,324.7,1.4,1.2,2008-04-07,0655,Aqua,MODIS,75,6.2,302.5,21.8,D,0
23.2117,92.2902,345.6,1.4,1.2,2008-04-07,0655,Aqua,MODIS,93,6.2,303.5,70.3,D,0
21.6473,92.5255,336,1.4,1.2,2008-04-07,0655,Aqua,MODIS,85,6.2,308,43.3,D,0
23.5074,91.9801,318.8,1.4,1.2,2008-04-07,0655,Aqua,MODIS,69,6.2,301.8,16.1,D,0
22.6253,91.6954,315.6,1.6,1.2,2008-04-07,0655,Aqua,MODIS,52,6.2,303.6,8.3,D,0
23.11,92.0136,319.5,1.5,1.2,2008-04-07,0655,Aqua,MODIS,68,6.2,304.3,12.7,D,0
23.0437,92.1617,316.2,1.4,1.2,2008-04-07,0655,Aqua,MODIS,59,6.2,302.9,8.4,D,0
23.3167,92.0741,318.5,1.4,1.2,2008-04-07,0655,Aqua,MODIS,68,6.2,302.1,12.4,D,0
23.3143,92.0601,315.9,1.4,1.2,2008-04-07,0655,Aqua,MODIS,60,6.2,302.8,7.9,D,0
23.2835,92.2279,344.2,1.4,1.2,2008-04-07,0655,Aqua,MODIS,92,6.2,303.1,69.9,D,0
23.2731,92.23,319.7,1.4,1.2,2008-04-07,0655,Aqua,MODIS,64,6.2,302.2,15.9,D,0
23.5127,92.2606,346.5,1.4,1.2,2008-04-07,0655,Aqua,MODIS,93,6.2,302.9,75,D,0
21.6368,92.5277,369.9,1.4,1.2,2008-04-07,0655,Aqua,MODIS,100,6.2,310.7,177.9,D,0
21.6391,92.5414,385.1,1.4,1.2,2008-04-07,0655,Aqua,MODIS,100,6.2,310.9,275.6,D,0
23.4615,92.1232,324.3,1.4,1.2,2008-04-07,0655,Aqua,MODIS,77,6.2,301.4,24.4,D,0
23.4592,92.1094,328.8,1.4,1.2,2008-04-07,0655,Aqua,MODIS,81,6.2,302.3,33.1,D,0
22.9722,92.0975,320.9,1.4,1.2,2008-04-07,0655,Aqua,MODIS,70,6.2,303.3,16.2,D,0
21.6415,92.5552,366.1,1.4,1.2,2008-04-07,0655,Aqua,MODIS,100,6.2,311.4,154.1,D,0
21.6439,92.569,353.4,1.4,1.2,2008-04-07,0655,Aqua,MODIS,96,6.2,310,99.7,D,0
21.6263,92.5301,322.4,1.4,1.2,2008-04-07,0655,Aqua,MODIS,69,6.2,306.4,16.3,D,0
21.6286,92.5433,372,1.4,1.2,2008-04-07,0655,Aqua,MODIS,100,6.2,308.9,188.8,D,0
21.631,92.5571,361.9,1.4,1.2,2008-04-07,0655,Aqua,MODIS,100,6.2,308.7,134.3,D,0
21.6333,92.5707,357.2,1.4,1.2,2008-04-07,0655,Aqua,MODIS,98,6.2,307.8,115.5,D,0
21.7527,92.5413,372.4,1.4,1.2,2008-04-07,0655,Aqua,MODIS,100,6.2,314.4,188.1,D,0
21.74,92.5301,337.6,1.4,1.2,2008-04-07,0655,Aqua,MODIS,85,6.2,310.6,43.4,D,0
21.7423,92.5436,419.5,1.4,1.2,2008-04-07,0655,Aqua,MODIS,100,6.2,325.4,636.6,D,0
21.7446,92.5573,387.9,1.4,1.2,2008-04-07,0655,Aqua,MODIS,100,6.2,311.6,295.1,D,0
21.747,92.5711,350.8,1.4,1.2,2008-04-07,0655,Aqua,MODIS,95,6.2,308,90.6,D,0
21.7318,92.5453,364.2,1.4,1.2,2008-04-07,0655,Aqua,MODIS,100,6.2,308.7,144.3,D,0
21.7132,92.5634,331.7,1.4,1.2,2008-04-07,0655,Aqua,MODIS,64,6.2,303.3,33.1,D,0
21.7003,92.5515,324.4,1.4,1.2,2008-04-07,0655,Aqua,MODIS,57,6.2,307,19.3,D,0
21.7027,92.5651,327.4,1.4,1.2,2008-04-07,0655,Aqua,MODIS,65,6.2,303.4,26.5,D,0
21.7066,92.5559,344,1.4,1.2,2008-04-07,0655,Aqua,MODIS,91,6.2,306.8,66.8,D,0
21.6497,92.5396,327.2,1.4,1.2,2008-04-07,0655,Aqua,MODIS,75,6.2,306,21.5,D,0
21.6543,92.5669,320.8,1.4,1.2,2008-04-07,0655,Aqua,MODIS,56,6.2,306.6,15.2,D,0
23.4088,92.0057,335.2,1.4,1.2,2008-04-07,0655,Aqua,MODIS,86,6.2,302.3,47.9,D,0
21.5967,92.4221,334.1,1.5,1.2,2008-04-07,0655,Aqua,MODIS,84,6.2,306.9,40.4,D,0
22.9979,91.8366,318.4,1.5,1.2,2008-04-07,0655,Aqua,MODIS,17,6.2,303.4,9.5,D,0
23.0086,91.8344,320.3,1.5,1.2,2008-04-07,0655,Aqua,MODIS,27,6.2,302.9,12.5,D,0
23.0326,91.8443,326.7,1.5,1.2,2008-04-07,0655,Aqua,MODIS,78,6.2,303.1,27.6,D,0
23.0301,91.8301,318.6,1.5,1.2,2008-04-07,0655,Aqua,MODIS,64,6.2,302.8,11.5,D,0
21.5901,92.4153,322,1.5,1.2,2008-04-07,0655,Aqua,MODIS,69,6.2,306.8,15.1,D,0
23.2812,92.2144,359.3,1.4,1.2,2008-04-07,0655,Aqua,MODIS,99,6.2,305.9,124.5,D,0
23.125,92.2576,317,1.4,1.2,2008-04-07,0655,Aqua,MODIS,55,6.2,304,8.9,D,0
23.3897,92.3111,334.3,1.4,1.2,2008-04-07,0655,Aqua,MODIS,85,6.2,302.3,43,D,0
21.5667,92.5351,354.4,1.4,1.2,2008-04-07,0655,Aqua,MODIS,97,6.2,307.7,103,D,0
21.989,92.2324,358.2,1.5,1.2,2008-04-07,0655,Aqua,MODIS,99,6.2,306.4,126.1,D,0
21.5689,92.5476,384,1.4,1.2,2008-04-07,0655,Aqua,MODIS,100,6.2,311,271.2,D,0
23.1255,92.0396,333.2,1.5,1.2,2008-04-07,0655,Aqua,MODIS,84,6.2,303.7,40,D,0
21.7458,92.2786,331.1,1.5,1.2,2008-04-07,0655,Aqua,MODIS,81,6.2,306.2,35.2,D,0
21.7398,92.2718,327.4,1.5,1.2,2008-04-07,0655,Aqua,MODIS,77,6.2,306.7,27.4,D,0
21.7422,92.2859,328.3,1.5,1.2,2008-04-07,0655,Aqua,MODIS,78,6.2,306.1,29.4,D,0
21.9625,92.4314,337.8,1.4,1.2,2008-04-07,0655,Aqua,MODIS,87,6.2,309,47.1,D,0
21.9592,92.4399,321.7,1.4,1.2,2008-04-07,0655,Aqua,MODIS,66,6.2,307.6,12.7,D,0
21.9568,92.4258,328.2,1.4,1.2,2008-04-07,0655,Aqua,MODIS,77,6.2,308.3,24.6,D,0
21.3306,92.1713,320.9,1.5,1.2,2008-04-07,0655,Aqua,MODIS,64,6.2,308.3,12.1,D,0
21.3281,92.1565,325,1.5,1.2,2008-04-07,0655,Aqua,MODIS,75,6.2,307.6,20,D,0
21.3464,92.198,318.7,1.5,1.2,2008-04-07,0655,Aqua,MODIS,45,6.2,306.5,10,D,0
21.344,92.1839,331.1,1.5,1.2,2008-04-07,0655,Aqua,MODIS,82,6.2,308.3,33.9,D,0
21.4129,92.4296,326.4,1.5,1.2,2008-04-07,0655,Aqua,MODIS,76,6.2,307.1,23.3,D,0
21.4151,92.4423,321,1.5,1.2,2008-04-07,0655,Aqua,MODIS,46,6.2,307.9,13.2,D,0
21.4045,92.4442,360.4,1.5,1.2,2008-04-07,0655,Aqua,MODIS,100,6.2,311,132.6,D,0
22.998,92.1208,317.5,1.4,1.2,2008-04-07,0655,Aqua,MODIS,29,6.2,303,9.5,D,0
21.4068,92.4577,321.6,1.5,1.2,2008-04-07,0655,Aqua,MODIS,32,6.2,306.7,12.8,D,0
21.4065,92.4227,328.4,1.5,1.2,2008-04-07,0655,Aqua,MODIS,77,6.2,306.5,27,D,0
21.4088,92.4366,357.7,1.5,1.2,2008-04-07,0655,Aqua,MODIS,98,6.2,310.3,120.3,D,0
21.4109,92.4491,342.1,1.5,1.2,2008-04-07,0655,Aqua,MODIS,90,6.2,308.9,61.3,D,0
23.1574,92.1614,320.8,1.4,1.2,2008-04-07,0655,Aqua,MODIS,70,6.2,304.9,15.4,D,0
23.1993,92.153,327.1,1.4,1.2,2008-04-07,0655,Aqua,MODIS,75,6.2,305.1,23.9,D,0
23.197,92.1393,324.5,1.4,1.2,2008-04-07,0655,Aqua,MODIS,42,6.2,305.1,17.3,D,0
23.1946,92.1253,346.6,1.4,1.2,2008-04-07,0655,Aqua,MODIS,93,6.2,305.3,73.4,D,0
23.1923,92.1114,349.2,1.4,1.2,2008-04-07,0655,Aqua,MODIS,95,6.2,306.5,83.5,D,0
23.2098,92.1509,327.2,1.4,1.2,2008-04-07,0655,Aqua,MODIS,49,6.2,305,22,D,0
23.1996,92.1178,354.1,1.4,1.2,2008-04-07,0655,Aqua,MODIS,97,6.2,307.3,99.6,D,0
23.1972,92.1039,321.7,1.4,1.2,2008-04-07,0655,Aqua,MODIS,40,6.2,305.3,12.9,D,0
23.2371,92.2087,318,1.4,1.2,2008-04-07,0655,Aqua,MODIS,63,6.2,303.3,10.9,D,0
23.2277,92.1545,319.6,1.4,1.2,2008-04-07,0655,Aqua,MODIS,34,6.2,303.1,9.9,D,0
23.2708,92.2163,326.9,1.4,1.2,2008-04-07,0655,Aqua,MODIS,79,6.2,303.6,27.4,D,0
23.2266,92.315,320.9,1.4,1.2,2008-04-07,0655,Aqua,MODIS,70,6.2,302.3,16,D,0
23.2163,92.3171,341.7,1.4,1.2,2008-04-07,0655,Aqua,MODIS,90,6.2,303,59.7,D,0
22.5643,92.1334,324,1.5,1.2,2008-04-07,0655,Aqua,MODIS,54,6.2,300.3,22.5,D,0
21.5925,92.4294,331.4,1.5,1.2,2008-04-07,0655,Aqua,MODIS,82,6.2,306.6,33.4,D,0
21.4321,92.5401,324.3,1.4,1.2,2008-04-07,0655,Aqua,MODIS,73,6.2,302.6,22,D,0
21.4342,92.5528,320.7,1.4,1.2,2008-04-07,0655,Aqua,MODIS,59,6.2,302.3,15.6,D,0
22.7482,92.3448,321.6,1.4,1.2,2008-04-07,0655,Aqua,MODIS,60,6.2,305.6,16.1,D,0
23.171,91.9865,319.7,1.5,1.2,2008-04-07,0655,Aqua,MODIS,68,6.2,304.1,12.5,D,0
23.2249,92.0131,338.9,1.5,1.2,2008-04-07,0655,Aqua,MODIS,89,6.2,304.3,55.7,D,0
21.4023,92.4317,340.5,1.5,1.2,2008-04-07,0655,Aqua,MODIS,89,6.2,309.3,56.6,D,0
21.3981,92.4381,349.8,1.5,1.2,2008-04-07,0655,Aqua,MODIS,95,6.2,308.7,88.8,D,0
21.4003,92.4512,351.1,1.5,1.2,2008-04-07,0655,Aqua,MODIS,95,6.2,308.3,93.1,D,0
23.0164,92.0675,317.8,1.5,1.2,2008-04-07,0655,Aqua,MODIS,52,6.2,303.1,10.2,D,0
22.7442,92.0402,323.9,1.5,1.2,2008-04-07,0655,Aqua,MODIS,74,6.2,305,20.5,D,0
22.2929,92.3264,334.2,1.4,1.2,2008-04-07,0655,Aqua,MODIS,84,6.2,306.3,40.7,D,0
22.2906,92.3127,318.6,1.4,1.2,2008-04-07,0655,Aqua,MODIS,62,6.2,306.4,10.3,D,0
21.7575,92.5694,345.2,1.4,1.2,2008-04-07,0655,Aqua,MODIS,92,6.2,307.1,71.9,D,0
21.7552,92.556,374.5,1.4,1.2,2008-04-07,0655,Aqua,MODIS,100,6.2,312.1,200.9,D,0
21.9866,92.2182,319.2,1.5,1.2,2008-04-07,0655,Aqua,MODIS,62,6.2,305.2,11.9,D,0
22.9238,92.3526,317.2,1.4,1.2,2008-04-07,0655,Aqua,MODIS,59,6.2,303.9,9.7,D,0
22.6834,92.4483,321,1.4,1.2,2008-04-07,0655,Aqua,MODIS,68,6.2,302.9,13.8,D,0
23.1312,91.8182,337.6,1.5,1.2,2008-04-07,0655,Aqua,MODIS,88,6.2,304.7,54.7,D,0
23.1287,91.804,326.3,1.5,1.2,2008-04-07,0655,Aqua,MODIS,78,6.2,305.8,26.3,D,0
21.8453,92.1948,320,1.5,1.2,2008-04-07,0655,Aqua,MODIS,64,6.2,308.3,10.2,D,0
21.8204,92.2639,351.3,1.5,1.2,2008-04-07,0655,Aqua,MODIS,95,6.2,307.4,95.1,D,0
21.8228,92.2779,327.6,1.5,1.2,2008-04-07,0655,Aqua,MODIS,77,6.2,305.6,25.6,D,0
21.8097,92.2659,325.2,1.5,1.2,2008-04-07,0655,Aqua,MODIS,74,6.2,307,21,D,0
24.2256,89.1625,328.5,2.2,1.4,2008-04-07,0656,Aqua,MODIS,70,6.2,306.1,43.3,D,0
24.2354,89.1435,322.2,2.2,1.4,2008-04-07,0656,Aqua,MODIS,60,6.2,305,21.7,D,0
24.2267,89.1674,327.1,2.2,1.4,2008-04-07,0656,Aqua,MODIS,67,6.2,305.6,41.7,D,0
22.9695,92.3279,306.5,1.3,1.1,2008-04-07,1620,Terra,MODIS,57,6.2,295.3,8.3,N,0
21.4779,92.5176,315.4,1.3,1.1,2008-04-07,1620,Terra,MODIS,91,6.2,296.2,17.3,N,0
22.7165,91.8125,319.2,1.1,1,2008-04-08,0429,Terra,MODIS,41,6.2,307.5,7,D,0
21.2046,92.0998,357.6,1,1,2008-04-08,0430,Terra,MODIS,98,6.2,311.2,71.3,D,0
22.1293,92.5247,318.4,1,1,2008-04-08,0430,Terra,MODIS,52,6.2,308,6.6,D,0
21.7651,92.5606,322.3,1,1,2008-04-08,0430,Terra,MODIS,59,6.2,306.1,8.9,D,0
21.9413,92.5521,320.8,1,1,2008-04-08,0430,Terra,MODIS,60,6.2,310,10.2,D,0
22.2605,92.1801,322.6,1,1,2008-04-08,0430,Terra,MODIS,72,6.2,308.8,8.7,D,0
21.9176,91.9996,345.9,1,1,2008-04-08,0430,Terra,MODIS,92,6.2,311.3,44,D,0
21.5585,92.2006,419.1,1,1,2008-04-08,0430,Terra,MODIS,100,6.2,322.7,389.7,D,0
21.7437,92.5175,322.1,1,1,2008-04-08,0430,Terra,MODIS,63,6.2,308.2,7.9,D,0
21.9163,92.0096,322.6,1,1,2008-04-08,0430,Terra,MODIS,64,6.2,309.4,7.8,D,0
21.5599,92.1908,323,1,1,2008-04-08,0430,Terra,MODIS,30,6.2,309.5,8.3,D,0
21.541,92.516,325.4,1,1,2008-04-08,0430,Terra,MODIS,73,6.2,306.3,12.7,D,0
21.5661,92.2118,321.1,1,1,2008-04-08,0430,Terra,MODIS,53,6.2,308,7.5,D,0
21.5675,92.202,327.5,1,1,2008-04-08,0430,Terra,MODIS,78,6.2,310.3,14.1,D,0
21.8638,92.5136,384.3,1,1,2008-04-08,0430,Terra,MODIS,100,6.2,310.1,166.3,D,0
21.8624,92.5236,357.8,1,1,2008-04-08,0430,Terra,MODIS,99,6.2,304.4,73.9,D,0
21.3947,92.4464,325.9,1,1,2008-04-08,0430,Terra,MODIS,68,6.2,307.3,13.9,D,0
21.5404,92.4564,320.6,1,1,2008-04-08,0430,Terra,MODIS,68,6.2,308.4,5.8,D,0
21.5992,92.5607,337.7,1,1,2008-04-08,0430,Terra,MODIS,87,6.2,304.1,30.1,D,0
21.3933,92.456,390.3,1,1,2008-04-08,0430,Terra,MODIS,100,6.2,309.2,193.1,D,0
21.8233,92.4108,327.9,1,1,2008-04-08,0430,Terra,MODIS,79,6.2,308,14.8,D,0
21.5979,92.5704,327.4,1,1,2008-04-08,0430,Terra,MODIS,78,6.2,302.9,16.4,D,0
21.8247,92.4011,348.6,1,1,2008-04-08,0430,Terra,MODIS,94,6.2,309.9,49.2,D,0
21.5571,92.2104,406.4,1,1,2008-04-08,0430,Terra,MODIS,100,6.2,317.7,291.2,D,0
21.1956,92.0984,328.4,1,1,2008-04-08,0430,Terra,MODIS,79,6.2,310.1,16.7,D,0
21.9422,92.3204,327.8,2.1,1.4,2008-04-08,0738,Aqua,MODIS,74,6.2,308.1,40.6,D,0
21.9755,92.3718,337.6,2.1,1.4,2008-04-08,0738,Aqua,MODIS,86,6.2,308.7,77.2,D,0
22.4677,92.4949,352.4,2.2,1.4,2008-04-08,0738,Aqua,MODIS,96,6.2,310.2,176.4,D,0
23.1599,92.2962,325,2.2,1.4,2008-04-08,0738,Aqua,MODIS,38,6.2,305.5,35,D,0
21.5521,92.5582,363.7,2.1,1.4,2008-04-08,0738,Aqua,MODIS,100,6.2,311,256.7,D,0
21.5541,92.578,360.7,2.1,1.4,2008-04-08,0738,Aqua,MODIS,100,6.2,307.1,234.9,D,0
21.9591,92.4818,333.5,2.1,1.4,2008-04-08,0738,Aqua,MODIS,81,6.2,308.5,64.4,D,0
21.6973,92.5739,335.1,2.2,1.4,2008-04-08,0738,Aqua,MODIS,83,6.2,306.9,78.8,D,0
21.4621,92.4304,323.2,2.1,1.4,2008-04-08,0738,Aqua,MODIS,64,6.2,308,26,D,0
21.4389,92.4533,323.7,2.1,1.4,2008-04-08,0738,Aqua,MODIS,64,6.2,306.8,24.9,D,0
21.4372,92.4611,338.7,2.1,1.4,2008-04-08,0738,Aqua,MODIS,86,6.2,308,82.7,D,0
21.4579,92.4175,328.7,2.1,1.4,2008-04-08,0738,Aqua,MODIS,75,6.2,307.8,44.2,D,0
21.4598,92.4091,327.7,2.1,1.4,2008-04-08,0738,Aqua,MODIS,74,6.2,307.4,41.6,D,0
21.8228,92.2818,325.7,2.1,1.4,2008-04-08,0738,Aqua,MODIS,70,6.2,308.1,33.2,D,0
22.4683,92.5123,343.4,2.2,1.4,2008-04-08,0738,Aqua,MODIS,91,6.2,307.3,116.9,D,0
22.9865,92.1217,316.8,2.1,1.4,2008-04-08,0738,Aqua,MODIS,26,6.2,304.3,13.6,D,0
21.5506,92.5406,357.2,2.1,1.4,2008-04-08,0738,Aqua,MODIS,98,6.2,309,200.4,D,0
23.1876,92.3142,338.9,2.2,1.4,2008-04-08,0738,Aqua,MODIS,68,6.2,305.5,90.2,D,0
23.2004,92.3126,351,2.2,1.4,2008-04-08,0738,Aqua,MODIS,95,6.2,308.2,163.9,D,0
23.2132,92.3112,325.3,2.2,1.4,2008-04-08,0738,Aqua,MODIS,66,6.2,306.3,39.3,D,0
23.3786,92.0296,328.2,2.1,1.4,2008-04-08,0738,Aqua,MODIS,59,6.2,300.8,51.3,D,0
21.1657,92.0962,319.5,2,1.4,2008-04-08,0738,Aqua,MODIS,31,6.2,306.2,18,D,0
21.5531,92.5631,367.5,2.1,1.4,2008-04-08,0738,Aqua,MODIS,100,6.2,311.3,295,D,0
21.3971,92.4447,330.7,2.1,1.4,2008-04-08,0738,Aqua,MODIS,78,6.2,307.3,52.2,D,0
23.1611,92.3013,322.7,2.2,1.4,2008-04-08,0738,Aqua,MODIS,28,6.2,305.7,28.9,D,0
21.5552,92.5825,345.2,2.1,1.4,2008-04-08,0738,Aqua,MODIS,91,6.2,305.5,128.1,D,0
22.528,91.7206,321.7,1.9,1.4,2008-04-08,0738,Aqua,MODIS,64,6.2,308.9,18.8,D,0
21.3845,92.4456,323.8,2.1,1.4,2008-04-08,0738,Aqua,MODIS,63,6.2,306.4,30.5,D,0
21.7175,92.525,330.1,2.1,1.4,2008-04-08,0738,Aqua,MODIS,70,6.2,305.9,49,D,0
21.8299,92.4904,346.7,2.1,1.4,2008-04-08,0738,Aqua,MODIS,91,6.2,310,127.9,D,0
21.3949,92.4233,322,2.1,1.4,2008-04-08,0738,Aqua,MODIS,48,6.2,305.9,23.1,D,0
23.133,92.1537,325.3,2.1,1.4,2008-04-08,0738,Aqua,MODIS,75,6.2,306.5,33.5,D,0
23.135,92.174,334.1,2.1,1.4,2008-04-08,0738,Aqua,MODIS,64,6.2,305.9,65.7,D,0
23.1332,92.1587,329.6,2.1,1.4,2008-04-08,0738,Aqua,MODIS,80,6.2,306.6,49.7,D,0
23.1354,92.1793,332.2,2.1,1.4,2008-04-08,0738,Aqua,MODIS,62,6.2,305.4,58.6,D,0
23.0953,92.1634,320.4,2.1,1.4,2008-04-08,0738,Aqua,MODIS,57,6.2,306.6,21.5,D,0
23.3262,92.144,319.1,2.1,1.4,2008-04-08,0738,Aqua,MODIS,61,6.2,304.1,21,D,0
23.3132,92.1402,317.9,2.1,1.4,2008-04-08,0738,Aqua,MODIS,25,6.2,303.4,15.5,D,0
21.8583,92.5002,333.8,2.1,1.4,2008-04-08,0738,Aqua,MODIS,81,6.2,308.6,69,D,0
21.8601,92.5175,330.2,2.1,1.4,2008-04-08,0738,Aqua,MODIS,73,6.2,305,56.3,D,0
21.8455,92.5006,349.4,2.1,1.4,2008-04-08,0738,Aqua,MODIS,94,6.2,308.2,149.3,D,0
21.8329,92.5032,343.2,2.1,1.4,2008-04-08,0738,Aqua,MODIS,89,6.2,308,111.7,D,0
23.4774,91.9633,320.4,2.1,1.4,2008-04-08,0738,Aqua,MODIS,66,6.2,300.2,29.6,D,0
23.4768,91.9685,320.6,2.1,1.4,2008-04-08,0738,Aqua,MODIS,69,6.2,300,32.3,D,0
23.1589,92.28,339.1,2.1,1.4,2008-04-08,0738,Aqua,MODIS,88,6.2,305.3,88.2,D,0
22.1959,92.3746,344,2.1,1.4,2008-04-08,0738,Aqua,MODIS,91,6.2,307.8,113.4,D,0
23.1578,92.2751,336.4,2.1,1.4,2008-04-08,0738,Aqua,MODIS,85,6.2,305.1,74.9,D,0
23.1714,91.7889,321.7,2,1.4,2008-04-08,0738,Aqua,MODIS,70,6.2,304,24.6,D,0
21.8432,92.3555,325.2,2.1,1.4,2008-04-08,0738,Aqua,MODIS,67,6.2,309.4,29.7,D,0
21.8414,92.3379,324.9,2.1,1.4,2008-04-08,0738,Aqua,MODIS,68,6.2,309.1,29.6,D,0
22.9721,91.9815,323.4,2,1.4,2008-04-08,0738,Aqua,MODIS,71,6.2,305.7,28.7,D,0
23.2255,92.0325,317.4,2.1,1.4,2008-04-08,0738,Aqua,MODIS,59,6.2,299.8,17.1,D,0
22.4244,92.2122,331.1,2.1,1.4,2008-04-08,0738,Aqua,MODIS,81,6.2,307.4,52.6,D,0
22.4267,92.227,320.8,2.1,1.4,2008-04-08,0738,Aqua,MODIS,57,6.2,306.3,18.7,D,0
22.4247,92.2067,326.4,2.1,1.4,2008-04-08,0738,Aqua,MODIS,75,6.2,307.6,35.4,D,0
23.1538,92.2345,324.3,2.1,1.4,2008-04-08,0738,Aqua,MODIS,36,6.2,306.5,30,D,0
23.1792,92.2312,321.9,2.1,1.4,2008-04-08,0738,Aqua,MODIS,27,6.2,305.5,24,D,0
22.2614,92.1389,324.8,2,1.4,2008-04-08,0738,Aqua,MODIS,73,6.2,307.4,32.7,D,0
22.2043,92.3326,323.1,2.1,1.4,2008-04-08,0738,Aqua,MODIS,69,6.2,304.9,26.7,D,0
21.5671,92.2141,320.3,2,1.4,2008-04-08,0738,Aqua,MODIS,45,6.2,305.7,16.7,D,0
21.5651,92.195,320.9,2,1.4,2008-04-08,0738,Aqua,MODIS,55,6.2,307.1,19.5,D,0
22.0387,92.3643,332.4,2.1,1.4,2008-04-08,0738,Aqua,MODIS,81,6.2,309.2,57.9,D,0
22.0366,92.3441,372.9,2.1,1.4,2008-04-08,0738,Aqua,MODIS,100,6.2,312,336.3,D,0
22.9738,92.1288,323.8,2.1,1.4,2008-04-08,0738,Aqua,MODIS,70,6.2,304.6,31.7,D,0
22.9715,92.1081,327.9,2.1,1.4,2008-04-08,0738,Aqua,MODIS,77,6.2,306,45.1,D,0
22.9739,92.1232,328.6,2.1,1.4,2008-04-08,0738,Aqua,MODIS,78,6.2,304.9,49.3,D,0
23.0492,92.0857,333.4,2.1,1.4,2008-04-08,0738,Aqua,MODIS,83,6.2,306.5,64.8,D,0
23.0513,92.1066,328.9,2.1,1.4,2008-04-08,0738,Aqua,MODIS,79,6.2,305.3,48.3,D,0
23.0471,92.0934,340.1,2.1,1.4,2008-04-08,0738,Aqua,MODIS,89,6.2,306.4,94.6,D,0
23.0696,92.2912,324.4,2.1,1.4,2008-04-08,0738,Aqua,MODIS,73,6.2,308.4,34.4,D,0
22.9718,92.1029,321,2.1,1.4,2008-04-08,0738,Aqua,MODIS,64,6.2,306.2,24.2,D,0
22.8002,92.326,323,2.1,1.4,2008-04-08,0738,Aqua,MODIS,60,6.2,308.8,27.5,D,0
21.7185,92.5306,330,2.1,1.4,2008-04-08,0738,Aqua,MODIS,77,6.2,305.9,51.2,D,0
21.7101,92.5722,343.5,2.2,1.4,2008-04-08,0738,Aqua,MODIS,90,6.2,308.5,120,D,0
22.7994,92.321,323.7,2.1,1.4,2008-04-08,0738,Aqua,MODIS,66,6.2,309.2,29.7,D,0
22.0344,92.3238,322,2.1,1.4,2008-04-08,0738,Aqua,MODIS,63,6.2,308.5,22.2,D,0
22.0996,92.3314,332.2,2.1,1.4,2008-04-08,0738,Aqua,MODIS,81,6.2,308.6,57,D,0
23.0494,92.1146,318.6,2.1,1.4,2008-04-08,0738,Aqua,MODIS,44,6.2,304.7,16.1,D,0
23.0715,92.3109,333,2.2,1.4,2008-04-08,0738,Aqua,MODIS,83,6.2,307.1,68.1,D,0
23.069,92.2985,332,2.1,1.4,2008-04-08,0738,Aqua,MODIS,82,6.2,308.4,63.9,D,0
23.071,92.3182,321.6,2.2,1.4,2008-04-08,0738,Aqua,MODIS,68,6.2,306.4,26.8,D,0
22.1578,92.379,324.4,2.1,1.4,2008-04-08,0738,Aqua,MODIS,72,6.2,308.8,28.9,D,0
23.3236,91.9999,342.6,2.1,1.4,2008-04-08,0738,Aqua,MODIS,91,6.2,303.7,108.1,D,0
23.3214,91.9795,327.8,2.1,1.4,2008-04-08,0738,Aqua,MODIS,78,6.2,302.2,45.8,D,0
23.3242,91.9943,344.9,2.1,1.4,2008-04-08,0738,Aqua,MODIS,92,6.2,303.3,124.1,D,0
21.7969,92.402,326.3,2.1,1.4,2008-04-08,0738,Aqua,MODIS,71,6.2,307.7,34,D,0
21.533,92.4961,326.8,2.1,1.4,2008-04-08,0738,Aqua,MODIS,70,6.2,307.5,33.8,D,0
21.5335,92.5009,325.9,2.1,1.4,2008-04-08,0738,Aqua,MODIS,70,6.2,307.3,34,D,0
22.1598,92.3988,324.9,2.1,1.4,2008-04-08,0738,Aqua,MODIS,73,6.2,309.3,32.2,D,0
21.7994,92.426,328.7,2.1,1.4,2008-04-08,0738,Aqua,MODIS,64,6.2,307.5,40.6,D,0
22.1566,92.3861,330.2,2.1,1.4,2008-04-08,0738,Aqua,MODIS,79,6.2,309.2,51.2,D,0
22.1396,92.3469,329.7,2.1,1.4,2008-04-08,0738,Aqua,MODIS,78,6.2,309.5,46.3,D,0
22.1417,92.367,337.6,2.1,1.4,2008-04-08,0738,Aqua,MODIS,86,6.2,310.1,79.6,D,0
22.1017,92.3515,337.3,2.1,1.4,2008-04-08,0738,Aqua,MODIS,86,6.2,309.1,80.5,D,0
23.0809,91.9028,335.9,2,1.4,2008-04-08,0738,Aqua,MODIS,86,6.2,306.4,71.7,D,0
23.0789,91.8837,320.9,2,1.4,2008-04-08,0738,Aqua,MODIS,67,6.2,304.8,21.1,D,0
23.2818,92.2108,324.8,2.1,1.4,2008-04-08,0738,Aqua,MODIS,57,6.2,305.2,38.7,D,0
22.5127,92.1965,320.6,2.1,1.4,2008-04-08,0738,Aqua,MODIS,40,6.2,305.8,20.2,D,0
21.8084,92.4112,323.3,2.1,1.4,2008-04-08,0738,Aqua,MODIS,60,6.2,307.4,25.3,D,0
23.6298,92.0605,313.9,2.1,1.4,2008-04-08,0738,Aqua,MODIS,39,6.2,294.3,22.4,D,0
21.7956,92.4112,331.7,2.1,1.4,2008-04-08,0738,Aqua,MODIS,79,6.2,308.1,54.4,D,0
22.6801,92.0629,322.5,2,1.4,2008-04-08,0738,Aqua,MODIS,68,6.2,308.4,19.6,D,0
22.2445,92.2207,319.7,2.1,1.4,2008-04-08,0738,Aqua,MODIS,62,6.2,306.4,15,D,0
21.7515,92.4793,326.4,2.1,1.4,2008-04-08,0738,Aqua,MODIS,71,6.2,307.6,40,D,0
22.0828,92.2922,326.4,2.1,1.4,2008-04-08,0738,Aqua,MODIS,74,6.2,307.1,36.4,D,0
21.6612,92.2332,327.3,2,1.4,2008-04-08,0738,Aqua,MODIS,72,6.2,309.8,34.1,D,0
23.2212,92.0197,320.7,2.1,1.4,2008-04-08,0738,Aqua,MODIS,67,6.2,301.5,24.5,D,0
21.682,92.4286,321.8,2.1,1.4,2008-04-08,0738,Aqua,MODIS,59,6.2,307.1,22.1,D,0
23.1355,92.3038,341.9,2.2,1.4,2008-04-08,0738,Aqua,MODIS,84,6.2,306.7,101.4,D,0
23.1376,92.3241,354,2.2,1.4,2008-04-08,0738,Aqua,MODIS,97,6.2,304.7,179.8,D,0
23.1228,92.3057,325.4,2.2,1.4,2008-04-08,0738,Aqua,MODIS,30,6.2,306.3,34.2,D,0
23.2818,91.8457,320.2,2,1.4,2008-04-08,0738,Aqua,MODIS,64,6.2,302.3,22.5,D,0
21.6736,92.4712,330.3,2.1,1.4,2008-04-08,0738,Aqua,MODIS,77,6.2,306.9,54,D,0
21.7162,92.5086,323.3,2.1,1.4,2008-04-08,0738,Aqua,MODIS,64,6.2,306,27.8,D,0
23.7135,92.1279,329.1,2.1,1.4,2008-04-08,0738,Aqua,MODIS,80,6.2,303,60,D,0
23.7156,92.1491,324.4,2.1,1.4,2008-04-08,0738,Aqua,MODIS,75,6.2,302.7,42.6,D,0
23.0725,91.9423,318.6,2,1.4,2008-04-08,0738,Aqua,MODIS,62,6.2,304.4,14.7,D,0
21.4702,92.5089,326.6,2.1,1.4,2008-04-08,0738,Aqua,MODIS,61,6.2,306,40,D,0
21.7807,92.3912,329,2.1,1.4,2008-04-08,0738,Aqua,MODIS,75,6.2,307.7,41.3,D,0
21.7829,92.4119,347.6,2.1,1.4,2008-04-08,0738,Aqua,MODIS,93,6.2,307.4,131.8,D,0
23.3459,92.3304,330.3,2.2,1.4,2008-04-08,0738,Aqua,MODIS,81,6.2,303.6,64.1,D,0
23.3442,92.3251,330.1,2.2,1.4,2008-04-08,0738,Aqua,MODIS,81,6.2,303.7,64.4,D,0
23.0746,91.9624,323.2,2,1.4,2008-04-08,0738,Aqua,MODIS,72,6.2,304,28,D,0
21.5264,92.2049,322.6,2,1.4,2008-04-08,0738,Aqua,MODIS,63,6.2,307.3,26.1,D,0
23.4337,92.1882,322.8,2.1,1.4,2008-04-08,0738,Aqua,MODIS,35,6.2,294.1,41.5,D,0
21.603,92.5511,323.8,2.1,1.4,2008-04-08,0738,Aqua,MODIS,50,6.2,306.6,29.3,D,0
21.5903,92.5527,322.9,2.1,1.4,2008-04-08,0738,Aqua,MODIS,36,6.2,306.1,25.5,D,0
21.5924,92.5729,327.6,2.1,1.4,2008-04-08,0738,Aqua,MODIS,69,6.2,306.4,46.5,D,0
21.5776,92.5547,338.5,2.1,1.4,2008-04-08,0738,Aqua,MODIS,86,6.2,308.4,85.7,D,0
22.0826,92.2975,323.8,2.1,1.4,2008-04-08,0738,Aqua,MODIS,64,6.2,307.2,25.9,D,0
21.974,92.3795,343.4,2.1,1.4,2008-04-08,0738,Aqua,MODIS,90,6.2,309.1,104.3,D,0
21.9718,92.3588,330.7,2.1,1.4,2008-04-08,0738,Aqua,MODIS,78,6.2,308.9,49,D,0
22.1458,92.2587,343.7,2.1,1.4,2008-04-08,0738,Aqua,MODIS,91,6.2,309.5,107.5,D,0
23.3089,91.981,322.5,2.1,1.4,2008-04-08,0738,Aqua,MODIS,71,6.2,304.1,30.3,D,0
23.3069,91.9622,319.3,2,1.4,2008-04-08,0738,Aqua,MODIS,51,6.2,303.3,22.2,D,0
23.3097,91.9761,325.1,2.1,1.4,2008-04-08,0738,Aqua,MODIS,75,6.2,303.7,39.5,D,0
21.4999,92.5477,331.7,2.1,1.4,2008-04-08,0738,Aqua,MODIS,79,6.2,305.4,64.3,D,0
22.7451,92.0481,322.2,2,1.4,2008-04-08,0738,Aqua,MODIS,66,6.2,307.5,23.3,D,0
23.2234,92.0118,318.5,2.1,1.4,2008-04-08,0738,Aqua,MODIS,63,6.2,301.4,19.6,D,0
22.786,91.9388,320.1,2,1.4,2008-04-08,0738,Aqua,MODIS,62,6.2,304.5,18,D,0
21.8307,92.4823,339.2,2.1,1.4,2008-04-08,0738,Aqua,MODIS,78,6.2,309.6,86.2,D,0
23.1837,91.9047,331.6,2,1.4,2008-04-08,0738,Aqua,MODIS,82,6.2,306.6,53.2,D,0
22.8314,92.1329,318.6,2.1,1.4,2008-04-08,0738,Aqua,MODIS,43,6.2,306,19.1,D,0
21.8181,92.4845,334.8,2.1,1.4,2008-04-08,0738,Aqua,MODIS,58,6.2,309.7,68.1,D,0
21.8054,92.4861,328.9,2.1,1.4,2008-04-08,0738,Aqua,MODIS,64,6.2,308.1,47.7,D,0
22.4702,92.5179,331.8,2.2,1.4,2008-04-08,0738,Aqua,MODIS,82,6.2,306.7,61.4,D,0
21.8435,92.4811,335.1,2.1,1.4,2008-04-08,0738,Aqua,MODIS,77,6.2,308.2,68.1,D,0
21.9529,92.4223,328.5,2.1,1.4,2008-04-08,0738,Aqua,MODIS,40,6.2,309.8,37.5,D,0
21.8583,92.3774,331.8,2.1,1.4,2008-04-08,0738,Aqua,MODIS,49,6.2,310.3,47.4,D,0
21.8456,92.3777,341.4,2.1,1.4,2008-04-08,0738,Aqua,MODIS,88,6.2,310.2,91.7,D,0
21.8022,92.473,327.7,2.1,1.4,2008-04-08,0738,Aqua,MODIS,35,6.2,308.4,38.8,D,0
23.3681,92.0511,327.7,2.1,1.4,2008-04-08,0738,Aqua,MODIS,38,6.2,302.1,46.5,D,0
23.4367,92.2014,341.8,2.1,1.4,2008-04-08,0738,Aqua,MODIS,90,6.2,296.7,124.7,D,0
22.6748,91.9773,319.1,2,1.4,2008-04-08,0738,Aqua,MODIS,49,6.2,306.3,13.3,D,0
21.9656,92.4208,328.8,2.1,1.4,2008-04-08,0738,Aqua,MODIS,54,6.2,310.1,38.8,D,0
23.1633,92.3222,322.9,2.2,1.4,2008-04-08,0738,Aqua,MODIS,39,6.2,304.2,31,D,0
23.162,92.3172,328.2,2.2,1.4,2008-04-08,0738,Aqua,MODIS,72,6.2,305.1,49.6,D,0
21.9635,92.4007,324.8,2.1,1.4,2008-04-08,0738,Aqua,MODIS,11,6.2,311.4,26.5,D,0
23.4494,92.1998,316.9,2.1,1.4,2008-04-08,0738,Aqua,MODIS,37,6.2,290.9,30.1,D,0
23.2691,92.2126,325.5,2.1,1.4,2008-04-08,0738,Aqua,MODIS,55,6.2,304.2,39.8,D,0
21.5797,92.5755,335,2.1,1.4,2008-04-08,0738,Aqua,MODIS,80,6.2,306.6,74.1,D,0
22.026,92.3651,342.6,2.1,1.4,2008-04-08,0738,Aqua,MODIS,89,6.2,308,105.2,D,0
21.5498,92.5347,350.2,2.1,1.4,2008-04-08,0738,Aqua,MODIS,94,6.2,308.3,146.9,D,0
22.0845,92.4352,328.3,2.1,1.4,2008-04-08,0738,Aqua,MODIS,76,6.2,308.9,43.4,D,0
22.0853,92.4404,324.3,2.1,1.4,2008-04-08,0738,Aqua,MODIS,69,6.2,308.6,29.9,D,0
22.0451,92.4253,354.5,2.1,1.4,2008-04-08,0738,Aqua,MODIS,97,6.2,312.2,179.5,D,0
22.0471,92.4446,353.2,2.1,1.4,2008-04-08,0738,Aqua,MODIS,96,6.2,310.8,172,D,0
22.0239,92.3454,379.6,2.1,1.4,2008-04-08,0738,Aqua,MODIS,100,6.2,312.4,411.1,D,0
21.4394,92.4814,338,2.1,1.4,2008-04-08,0738,Aqua,MODIS,85,6.2,307.5,80.4,D,0
22.466,92.4891,337,2.2,1.4,2008-04-08,0738,Aqua,MODIS,86,6.2,308.9,84.1,D,0
23.2481,92.1316,321.7,2.1,1.4,2008-04-08,0738,Aqua,MODIS,47,6.2,304.4,27.8,D,0
21.4409,92.4735,345.8,2.1,1.4,2008-04-08,0738,Aqua,MODIS,92,6.2,308.8,121.3,D,0
22.1163,92.2476,328,2.1,1.4,2008-04-08,0738,Aqua,MODIS,76,6.2,307.8,38.3,D,0
22.1142,92.2272,325.8,2.1,1.4,2008-04-08,0738,Aqua,MODIS,73,6.2,308.4,30.2,D,0
22.1437,92.2659,356.7,2.1,1.4,2008-04-08,0738,Aqua,MODIS,98,6.2,309,188,D,0
23.1546,92.2395,323.6,2.1,1.4,2008-04-08,0738,Aqua,MODIS,63,6.2,306.4,31.6,D,0
21.9698,92.4606,339.7,2.1,1.4,2008-04-08,0738,Aqua,MODIS,87,6.2,309.7,86.1,D,0
21.9718,92.4793,345.4,2.1,1.4,2008-04-08,0738,Aqua,MODIS,91,6.2,308.4,122.8,D,0
22.1563,92.2644,328.4,2.1,1.4,2008-04-08,0738,Aqua,MODIS,76,6.2,307.5,42.1,D,0
22.1478,92.2785,335.2,2.1,1.4,2008-04-08,0738,Aqua,MODIS,84,6.2,307.4,67.5,D,0
21.94,92.3001,327.1,2.1,1.4,2008-04-08,0738,Aqua,MODIS,73,6.2,307.4,38.8,D,0
23.4359,92.2086,339.7,2.1,1.4,2008-04-08,0738,Aqua,MODIS,89,6.2,296,110.5,D,0
24.2517,89.14,377.6,1.4,1.2,2008-04-08,0739,Aqua,MODIS,100,6.2,313.6,201.3,D,0
24.2533,89.1532,339.3,1.4,1.2,2008-04-08,0739,Aqua,MODIS,81,6.2,304.9,43,D,0
21.6023,92.5821,303.9,4,1.9,2008-04-08,1525,Terra,MODIS,57,6.2,293.5,38.5,N,0
21.5985,92.5772,302.3,1.2,1.1,2008-04-08,1947,Aqua,MODIS,48,6.2,291.3,6.4,N,0
21.8737,92.5316,308.9,1.1,1.1,2008-04-08,1947,Aqua,MODIS,76,6.2,292,11.1,N,0
21.8755,92.5205,313.3,1.1,1.1,2008-04-08,1947,Aqua,MODIS,87,6.2,292.5,14.9,N,0
22.2632,92.4073,303.2,1.1,1.1,2008-04-08,1947,Aqua,MODIS,54,6.2,293.1,6.4,N,0
21.3727,92.4671,303,1.2,1.1,2008-04-08,1948,Aqua,MODIS,52,6.2,292.1,5.9,N,0
21.3709,92.4781,301.3,1.2,1.1,2008-04-08,1948,Aqua,MODIS,38,6.2,291.2,5.1,N,0
22.2887,92.0681,316,3.4,1.7,2008-04-09,0512,Terra,MODIS,44,6.2,301.7,36.5,D,0
21.8269,92.2786,318,3.6,1.8,2008-04-09,0512,Terra,MODIS,73,6.2,303.6,54.3,D,0
21.8399,92.5011,332.6,3.8,1.8,2008-04-09,0512,Terra,MODIS,86,6.2,305.1,166,D,0
22.2822,92.1003,329.6,3.4,1.7,2008-04-09,0512,Terra,MODIS,84,6.2,301.3,121.8,D,0
21.8471,92.4667,321.7,3.7,1.8,2008-04-09,0512,Terra,MODIS,77,6.2,305.8,76.2,D,0
22.812,91.6133,319.6,3.1,1.7,2008-04-09,0512,Terra,MODIS,73,6.2,299.7,54.8,D,0
21.604,92.5814,318,3.8,1.8,2008-04-09,0512,Terra,MODIS,72,6.2,302.9,68,D,0
22.2993,92.0759,324,3.4,1.7,2008-04-09,0512,Terra,MODIS,79,6.2,302.2,86.5,D,0
22.2926,92.1081,330.2,3.4,1.7,2008-04-09,0512,Terra,MODIS,84,6.2,301.8,130.2,D,0
22.8109,91.62,322.7,3.1,1.7,2008-04-09,0512,Terra,MODIS,77,6.2,299.7,70.4,D,0
21.5877,92.5786,345.4,3.8,1.8,2008-04-09,0513,Terra,MODIS,93,6.2,304.4,326.1,D,0
21.5972,92.575,343.9,3.8,1.8,2008-04-09,0513,Terra,MODIS,92,6.2,304.5,310.2,D,0
21.3655,92.4613,324,2.4,1.5,2008-04-09,0643,Aqua,MODIS,72,6.2,303.7,50.7,D,0
21.3787,92.4582,346.3,2.4,1.5,2008-04-09,0643,Aqua,MODIS,92,6.2,305.8,167.4,D,0
21.5406,92.5506,335.6,2.4,1.5,2008-04-09,0643,Aqua,MODIS,85,6.2,309.2,98,D,0
23.5482,92.0342,355.2,2.3,1.5,2008-04-09,0643,Aqua,MODIS,98,6.2,289.3,244.7,D,0
23.5568,92.0081,315.1,2.3,1.5,2008-04-09,0643,Aqua,MODIS,23,6.2,283.7,34,D,0
21.5098,92.3925,324.9,2.4,1.5,2008-04-09,0643,Aqua,MODIS,73,6.2,305.2,50.2,D,0
21.5146,92.3982,333.3,2.4,1.5,2008-04-09,0643,Aqua,MODIS,83,6.2,305.4,89.6,D,0
22.3631,92.0176,315.4,2.5,1.5,2008-04-09,0643,Aqua,MODIS,50,6.2,303.2,20.5,D,0
23.6121,92.2279,308,2.3,1.5,2008-04-09,0643,Aqua,MODIS,31,6.2,291.3,13.8,D,0
21.3748,92.4381,367.9,2.4,1.5,2008-04-09,0643,Aqua,MODIS,100,6.2,307.2,367.8,D,0
22.2992,92.3568,333,2.4,1.5,2008-04-09,0643,Aqua,MODIS,83,6.2,308.9,77.1,D,0
23.3293,92.2113,319.9,2.3,1.5,2008-04-09,0643,Aqua,MODIS,43,6.2,280.8,49.1,D,0
23.2196,92.1285,321.9,2.3,1.5,2008-04-09,0643,Aqua,MODIS,75,6.2,291.7,49.9,D,0
21.8555,92.1934,326.6,2.5,1.5,2008-04-09,0643,Aqua,MODIS,76,6.2,306.6,54.3,D,0
21.6102,92.2925,335.4,2.5,1.5,2008-04-09,0643,Aqua,MODIS,85,6.2,308.1,98.3,D,0
21.6029,92.2989,344.4,2.5,1.5,2008-04-09,0643,Aqua,MODIS,91,6.2,309.4,152.6,D,0
21.5189,92.421,324.4,2.4,1.5,2008-04-09,0643,Aqua,MODIS,72,6.2,305.9,47.4,D,0
22.2845,92.0918,316.6,2.5,1.5,2008-04-09,0643,Aqua,MODIS,60,6.2,304,21.5,D,0
22.6764,92.1048,327.8,2.4,1.5,2008-04-09,0643,Aqua,MODIS,80,6.2,307,53.8,D,0
23.2237,92.133,316.8,2.3,1.5,2008-04-09,0643,Aqua,MODIS,46,6.2,290.2,36.7,D,0
23.0161,91.8269,323.9,2.5,1.5,2008-04-09,0643,Aqua,MODIS,56,6.2,291.2,67.6,D,0
21.6235,92.5557,325.8,2.4,1.5,2008-04-09,0643,Aqua,MODIS,71,6.2,307.4,47.5,D,0
22.286,92.3595,339.4,2.4,1.5,2008-04-09,0643,Aqua,MODIS,88,6.2,308.2,111.9,D,0
21.6053,92.195,343.1,2.5,1.5,2008-04-09,0643,Aqua,MODIS,90,6.2,306.7,152.4,D,0
22.0847,92.2764,323.1,2.4,1.5,2008-04-09,0643,Aqua,MODIS,71,6.2,306,41.1,D,0
21.8477,92.2018,327.4,2.5,1.5,2008-04-09,0643,Aqua,MODIS,76,6.2,306.4,57.4,D,0
22.759,92.0731,318.4,2.4,1.5,2008-04-09,0643,Aqua,MODIS,51,6.2,304.2,26.5,D,0
22.6713,92.1018,324.8,2.4,1.5,2008-04-09,0643,Aqua,MODIS,77,6.2,306.8,45,D,0
22.071,92.2059,318.4,2.4,1.5,2008-04-09,0643,Aqua,MODIS,61,6.2,305.6,23,D,0
21.8431,92.4674,357.2,2.4,1.5,2008-04-09,0643,Aqua,MODIS,98,6.2,309.2,237.7,D,0
21.5142,92.4153,334.9,2.4,1.5,2008-04-09,0643,Aqua,MODIS,84,6.2,305.7,95.3,D,0
23.4297,91.9747,325.6,2.4,1.5,2008-04-09,0643,Aqua,MODIS,80,6.2,282.5,72.3,D,0
21.5442,92.5564,336.3,2.4,1.5,2008-04-09,0643,Aqua,MODIS,85,6.2,309.1,103.9,D,0
21.9831,92.571,320.2,2.3,1.5,2008-04-09,0643,Aqua,MODIS,62,6.2,302.9,37.2,D,0
21.5804,92.4,320.1,2.4,1.5,2008-04-09,0643,Aqua,MODIS,62,6.2,305.6,30.1,D,0
23.4914,91.9533,329.3,2.4,1.5,2008-04-09,0643,Aqua,MODIS,83,6.2,283.8,84.8,D,0
23.4565,91.9846,310.5,2.4,1.5,2008-04-09,0643,Aqua,MODIS,28,6.2,280.3,20.8,D,0
23.4777,91.9387,323.4,2.4,1.5,2008-04-09,0643,Aqua,MODIS,71,6.2,284.3,58.6,D,0
21.6899,92.3462,323.8,2.4,1.5,2008-04-09,0643,Aqua,MODIS,70,6.2,306.6,42.1,D,0
23.4165,92.1167,319.5,2.3,1.5,2008-04-09,0643,Aqua,MODIS,28,6.2,291.9,36.6,D,0
23.5524,92.0561,316.8,2.3,1.5,2008-04-09,0643,Aqua,MODIS,49,6.2,283.7,39.6,D,0
23.3318,92.2177,317,2.3,1.5,2008-04-09,0643,Aqua,MODIS,57,6.2,279.8,43,D,0
23.4821,91.9621,328.5,2.4,1.5,2008-04-09,0643,Aqua,MODIS,83,6.2,285.9,79.6,D,0
23.4863,91.984,325.3,2.4,1.5,2008-04-09,0643,Aqua,MODIS,62,6.2,283.2,61.6,D,0
21.6006,92.1712,335.6,2.5,1.5,2008-04-09,0643,Aqua,MODIS,85,6.2,307.4,105.8,D,0
22.7237,92.0347,318.6,2.4,1.5,2008-04-09,0643,Aqua,MODIS,63,6.2,305,26,D,0
21.7293,92.2104,320.5,2.5,1.5,2008-04-09,0643,Aqua,MODIS,64,6.2,308.7,30.6,D,0
21.6982,92.3376,318.9,2.4,1.5,2008-04-09,0643,Aqua,MODIS,58,6.2,306.5,25.8,D,0
21.8474,92.4902,384.3,2.4,1.5,2008-04-09,0643,Aqua,MODIS,100,6.2,310,563.7,D,0
23.4958,91.9758,345.5,2.4,1.5,2008-04-09,0643,Aqua,MODIS,93,6.2,285.8,172.2,D,0
21.6146,92.3151,324,2.5,1.5,2008-04-09,0643,Aqua,MODIS,71,6.2,306.4,43.3,D,0
23.6142,92.2468,308.7,2.3,1.5,2008-04-09,0643,Aqua,MODIS,43,6.2,293.2,15.5,D,0
22.3689,92.0231,317.9,2.5,1.5,2008-04-09,0643,Aqua,MODIS,64,6.2,303.1,28.7,D,0
23.4295,92.183,336.5,2.3,1.5,2008-04-09,0643,Aqua,MODIS,88,6.2,299.4,107.6,D,0
23.4338,92.2051,327.4,2.3,1.5,2008-04-09,0643,Aqua,MODIS,82,6.2,297.1,65.8,D,0
23.4166,92.1859,385.9,2.3,1.5,2008-04-09,0643,Aqua,MODIS,100,6.2,298.7,581.1,D,0
23.4209,92.2081,375.7,2.3,1.5,2008-04-09,0643,Aqua,MODIS,100,6.2,296.1,436,D,0
22.3076,92.4717,324.9,2.3,1.5,2008-04-09,0643,Aqua,MODIS,74,6.2,306.2,47.8,D,0
21.6238,92.5744,322,2.3,1.5,2008-04-09,0643,Aqua,MODIS,21,6.2,306.1,34.5,D,0
23.4198,92.1904,402.4,2.3,1.5,2008-04-09,0643,Aqua,MODIS,100,6.2,302,879.9,D,0
23.424,92.2125,353.3,2.3,1.5,2008-04-09,0643,Aqua,MODIS,97,6.2,295.3,211.1,D,0
22.089,92.2989,340.2,2.4,1.5,2008-04-09,0643,Aqua,MODIS,89,6.2,306.2,124.3,D,0
22.1769,92.4879,319.6,2.3,1.5,2008-04-09,0643,Aqua,MODIS,63,6.2,303,31.6,D,0
22.1804,92.4921,320.5,2.3,1.5,2008-04-09,0643,Aqua,MODIS,65,6.2,303,34.6,D,0
21.5976,92.5625,323.6,2.4,1.5,2008-04-09,0643,Aqua,MODIS,37,6.2,307.5,38.4,D,0
21.5843,92.5647,321.3,2.4,1.5,2008-04-09,0643,Aqua,MODIS,52,6.2,308.6,33.4,D,0
22.5904,91.9661,306.6,1,1,2008-04-09,1608,Terra,MODIS,69,6.2,294.4,6.6,N,0
22.5723,91.7131,305,1,1,2008-04-09,1608,Terra,MODIS,63,6.2,294.6,5.1,N,0
22.0242,92.3884,306.5,1,1,2008-04-09,1608,Terra,MODIS,68,6.2,293.4,6.6,N,0
22.6893,92.4724,309.8,1,1,2008-04-09,1608,Terra,MODIS,78,6.2,294.3,8.4,N,0
22.1492,92.5583,308.5,1,1,2008-04-09,1608,Terra,MODIS,75,6.2,294.4,7.4,N,0
23.0926,92.0675,307.8,1,1,2008-04-09,1608,Terra,MODIS,73,6.2,293.5,7.6,N,0
21.9035,92.151,324.6,1.4,1.2,2008-04-10,0417,Terra,MODIS,78,6.2,304.7,19.6,D,0
21.8996,92.1439,324.3,1.4,1.2,2008-04-10,0417,Terra,MODIS,78,6.2,304.5,19.5,D,0
21.5153,92.5838,427.4,1.3,1.1,2008-04-10,0725,Aqua,MODIS,100,6.2,318,666.5,D,0
21.5623,92.4629,364.2,1.3,1.1,2008-04-10,0725,Aqua,MODIS,100,6.2,306.5,123.5,D,0
21.3344,92.1884,327.4,1.2,1.1,2008-04-10,0725,Aqua,MODIS,79,6.2,306.3,16.6,D,0
21.5501,92.3652,328.9,1.3,1.1,2008-04-10,0725,Aqua,MODIS,75,6.2,304.6,20.9,D,0
21.5299,92.3673,324.8,1.3,1.1,2008-04-10,0725,Aqua,MODIS,58,6.2,304.7,14.5,D,0
21.6577,92.4056,323.2,1.3,1.1,2008-04-10,0725,Aqua,MODIS,72,6.2,300.5,12.8,D,0
21.5315,92.3802,354.5,1.3,1.1,2008-04-10,0725,Aqua,MODIS,97,6.2,306.2,85.2,D,0
21.6905,92.1856,330.1,1.3,1.1,2008-04-10,0725,Aqua,MODIS,67,6.2,302,23.4,D,0
21.5014,92.3844,328,1.3,1.1,2008-04-10,0725,Aqua,MODIS,79,6.2,305.9,21.6,D,0
21.5029,92.3968,328.2,1.3,1.1,2008-04-10,0725,Aqua,MODIS,79,6.2,306.5,21,D,0
21.5065,92.5781,358.3,1.3,1.1,2008-04-10,0725,Aqua,MODIS,99,6.2,307.4,102.4,D,0
21.5051,92.5853,340.1,1.3,1.1,2008-04-10,0725,Aqua,MODIS,67,6.2,302.8,43.7,D,0
21.4908,92.4542,331,1.3,1.1,2008-04-10,0725,Aqua,MODIS,82,6.2,307.1,23.3,D,0
21.5608,92.4506,327.7,1.3,1.1,2008-04-10,0725,Aqua,MODIS,43,6.2,305.1,18.1,D,0
21.5254,92.5819,336.7,1.3,1.1,2008-04-10,0725,Aqua,MODIS,64,6.2,304.1,35.5,D,0
21.522,92.2221,337.1,1.3,1.1,2008-04-10,0725,Aqua,MODIS,87,6.2,305.9,38.9,D,0
21.8078,92.2231,325.7,1.3,1.1,2008-04-10,0725,Aqua,MODIS,41,6.2,301.4,17.3,D,0
21.6613,92.362,327.6,1.3,1.1,2008-04-10,0725,Aqua,MODIS,78,6.2,298.1,19.8,D,0
21.6631,92.3673,321.2,1.3,1.1,2008-04-10,0725,Aqua,MODIS,69,6.2,298,10.4,D,0
21.3722,92.4901,326.1,1.3,1.1,2008-04-10,0725,Aqua,MODIS,55,6.2,302,19.1,D,0
21.3737,92.5024,335.5,1.3,1.1,2008-04-10,0725,Aqua,MODIS,86,6.2,300.5,37.9,D,0
23.1305,92.3211,343.6,1.3,1.1,2008-04-10,0726,Aqua,MODIS,87,6.2,296.6,63,D,0
21.9417,92.4847,347.7,1.3,1.1,2008-04-10,0726,Aqua,MODIS,94,6.2,295.5,68.9,D,0
23.2409,92.2995,328.4,1.3,1.1,2008-04-10,0726,Aqua,MODIS,76,6.2,288,32.2,D,0
23.2205,92.3021,328.9,1.3,1.1,2008-04-10,0726,Aqua,MODIS,69,6.2,284.5,33.5,D,0
22.7563,92.0812,325.7,1.3,1.1,2008-04-10,0726,Aqua,MODIS,74,6.2,291.3,24.9,D,0
23.2107,92.2974,316.4,1.3,1.1,2008-04-10,0726,Aqua,MODIS,28,6.2,282.8,17.5,D,0
22.1003,92.2873,347.2,1.3,1.1,2008-04-10,0726,Aqua,MODIS,71,6.2,277.5,78.3,D,0
22.2446,92.3047,323.6,1.3,1.1,2008-04-10,0726,Aqua,MODIS,70,6.2,280.3,26.4,D,0
21.9431,92.4961,345.5,1.3,1.1,2008-04-10,0726,Aqua,MODIS,90,6.2,301.4,61.8,D,0
22.4416,92.2515,333.8,1.3,1.1,2008-04-10,0726,Aqua,MODIS,69,6.2,304.4,34.3,D,0
22.2895,92.3361,338.2,1.3,1.1,2008-04-10,0726,Aqua,MODIS,85,6.2,297.8,46.4,D,0
23.034,91.9347,316.5,1.3,1.1,2008-04-10,0726,Aqua,MODIS,58,6.2,289.9,11.9,D,0
23.2424,92.3122,366.3,1.3,1.1,2008-04-10,0726,Aqua,MODIS,100,6.2,291,149.7,D,0
23.4891,92.0013,352.9,1.3,1.1,2008-04-10,0726,Aqua,MODIS,97,6.2,286.2,92.2,D,0
23.5789,91.9815,327.4,1.3,1.1,2008-04-10,0726,Aqua,MODIS,78,6.2,282.4,32.6,D,0
22.7178,92.0925,322.8,1.3,1.1,2008-04-10,0726,Aqua,MODIS,63,6.2,303.6,13.9,D,0
23.4715,91.9405,338,1.3,1.1,2008-04-10,0726,Aqua,MODIS,90,6.2,294.1,47.4,D,0
23.47,91.9283,355.5,1.3,1.1,2008-04-10,0726,Aqua,MODIS,98,6.2,295,95,D,0
22.8786,91.9939,346.1,1.3,1.1,2008-04-10,0726,Aqua,MODIS,93,6.2,290.4,70.8,D,0
23.129,92.3087,331.8,1.3,1.1,2008-04-10,0726,Aqua,MODIS,57,6.2,300.6,34.8,D,0
23.4876,91.9889,326.4,1.3,1.1,2008-04-10,0726,Aqua,MODIS,47,6.2,279.8,27.7,D,0
23.4815,91.9391,355.8,1.3,1.1,2008-04-10,0726,Aqua,MODIS,98,6.2,295.3,97.9,D,0
23.493,91.9499,352.2,1.3,1.1,2008-04-10,0726,Aqua,MODIS,96,6.2,290.7,86.7,D,0
22.6832,92.0599,320.3,1.3,1.1,2008-04-10,0726,Aqua,MODIS,68,6.2,301,9.7,D,0
22.8686,91.9952,323.8,1.3,1.1,2008-04-10,0726,Aqua,MODIS,76,6.2,285.8,25.4,D,0
23.5774,91.9691,325.8,1.3,1.1,2008-04-10,0726,Aqua,MODIS,82,6.2,286.2,29.6,D,0
23.1342,92.1792,325.7,1.3,1.1,2008-04-10,0726,Aqua,MODIS,69,6.2,296.1,24.3,D,0
22.2217,92.3708,327.6,1.3,1.1,2008-04-10,0726,Aqua,MODIS,82,6.2,278.8,36.8,D,0
23.1221,92.3153,336.2,1.3,1.1,2008-04-10,0726,Aqua,MODIS,72,6.2,301.6,41.7,D,0
21.9508,92.4997,303.1,1,1,2008-04-10,1935,Aqua,MODIS,53,6.2,290.1,5.5,N,0
21.827,92.3915,307,1.2,1.1,2008-04-11,1556,Terra,MODIS,70,6.2,284.6,12.2,N,0
23.5728,92.0651,309.8,1.2,1.1,2008-04-11,1556,Terra,MODIS,78,6.2,284.3,15,N,0
23.6222,92.035,312.1,2.6,1.5,2008-04-12,0405,Terra,MODIS,51,6.2,298.9,17.4,D,0
21.7134,92.1812,331.7,1,1,2008-04-12,0713,Aqua,MODIS,84,6.2,303.5,18.7,D,0
21.6645,92.4891,323.5,1,1,2008-04-12,0713,Aqua,MODIS,43,6.2,294.6,14.8,D,0
21.9452,92.1931,326.7,1,1,2008-04-12,0713,Aqua,MODIS,80,6.2,300.3,14.9,D,0
22.364,92.2265,341.6,1,1,2008-04-12,0713,Aqua,MODIS,90,6.2,308.1,32.2,D,0
22.3626,92.2169,328,1,1,2008-04-12,0713,Aqua,MODIS,79,6.2,307.6,12.6,D,0
22.4115,92.3598,328.7,1,1,2008-04-12,0713,Aqua,MODIS,80,6.2,306.1,15.4,D,0
21.6922,92.0968,333.4,1,1,2008-04-12,0713,Aqua,MODIS,85,6.2,309.4,20.6,D,0
21.7148,92.1907,322.9,1,1,2008-04-12,0713,Aqua,MODIS,60,6.2,305.9,7.3,D,0
21.6209,92.1087,320.6,1,1,2008-04-12,0713,Aqua,MODIS,45,6.2,303.7,7,D,0
21.6987,92.3988,327.1,1,1,2008-04-12,0713,Aqua,MODIS,80,6.2,308.9,11.7,D,0
21.7738,92.2827,335.3,1,1,2008-04-12,0713,Aqua,MODIS,86,6.2,307.5,23.5,D,0
22.172,92.3002,325.6,1,1,2008-04-12,0713,Aqua,MODIS,79,6.2,307.1,10.3,D,0
22.2534,92.221,328.7,1,1,2008-04-12,0713,Aqua,MODIS,73,6.2,308.1,13.3,D,0
21.6962,92.2525,334.8,1,1,2008-04-12,0713,Aqua,MODIS,86,6.2,308.9,21.3,D,0
21.8998,92.1965,323.3,1,1,2008-04-12,0713,Aqua,MODIS,74,6.2,307.6,8.3,D,0
21.6898,92.4002,362.1,1,1,2008-04-12,0713,Aqua,MODIS,100,6.2,309.3,78.3,D,0
21.6911,92.4097,333.8,1,1,2008-04-12,0713,Aqua,MODIS,86,6.2,306.2,20.1,D,0
22.4139,92.0542,323.4,1,1,2008-04-12,0713,Aqua,MODIS,51,6.2,309.4,8.5,D,0
22.2859,92.0626,336.5,1,1,2008-04-12,0713,Aqua,MODIS,87,6.2,306.9,26.3,D,0
21.7271,92.2767,325.7,1,1,2008-04-12,0713,Aqua,MODIS,79,6.2,308,10.7,D,0
21.7284,92.2862,342.3,1,1,2008-04-12,0713,Aqua,MODIS,91,6.2,308.3,35.1,D,0
21.6646,92.287,324,1,1,2008-04-12,0713,Aqua,MODIS,60,6.2,303.8,8,D,0
21.9473,92.5317,329.7,1,1,2008-04-12,0713,Aqua,MODIS,82,6.2,306.3,18,D,0
22.2872,92.0722,340.6,1,1,2008-04-12,0713,Aqua,MODIS,89,6.2,306.2,33.1,D,0
22.6423,91.9783,345.2,1,1,2008-04-12,0713,Aqua,MODIS,91,6.2,308,40.5,D,0
22.6436,91.9879,340.2,1,1,2008-04-12,0713,Aqua,MODIS,88,6.2,307,30.9,D,0
22.6491,92.0264,334.1,1,1,2008-04-12,0713,Aqua,MODIS,83,6.2,309.3,19.7,D,0
22.4814,92.4667,330.5,1,1,2008-04-12,0713,Aqua,MODIS,82,6.2,306.9,17.7,D,0
21.838,92.4779,369.7,1,1,2008-04-12,0713,Aqua,MODIS,100,6.2,313.4,99.6,D,0
21.8366,92.4683,349.2,1,1,2008-04-12,0713,Aqua,MODIS,95,6.2,311.8,44.9,D,0
21.8855,92.1598,327.2,1,1,2008-04-12,0713,Aqua,MODIS,79,6.2,307.9,11.5,D,0
21.8347,92.1878,324,1,1,2008-04-12,0713,Aqua,MODIS,75,6.2,308.2,7.8,D,0
22.1487,92.2648,325.3,1,1,2008-04-12,0713,Aqua,MODIS,76,6.2,303.7,11.5,D,0
22.1796,92.2891,324.4,1,1,2008-04-12,0713,Aqua,MODIS,65,6.2,304.8,9.5,D,0
22.1782,92.2795,348.8,1,1,2008-04-12,0713,Aqua,MODIS,95,6.2,306.7,48.4,D,0
22.2931,92.3071,324.5,1,1,2008-04-12,0713,Aqua,MODIS,76,6.2,308.4,8.2,D,0
21.9459,92.522,323.3,1,1,2008-04-12,0713,Aqua,MODIS,50,6.2,305.7,9.7,D,0
22.3283,92.2324,323.7,1,1,2008-04-12,0713,Aqua,MODIS,74,6.2,306.9,8.1,D,0
22.5674,91.967,323.7,1,1,2008-04-12,0713,Aqua,MODIS,70,6.2,308.9,7.6,D,0
22.6183,92.002,325,1,1,2008-04-12,0713,Aqua,MODIS,71,6.2,308.6,9.4,D,0
22.6033,92.4146,321.1,1,1,2008-04-12,0713,Aqua,MODIS,66,6.2,307.6,7.3,D,0
21.5174,92.2259,317.3,1,1,2008-04-12,0713,Aqua,MODIS,34,6.2,287.6,12.5,D,0
21.8298,92.4204,329.8,1,1,2008-04-12,0713,Aqua,MODIS,82,6.2,308.5,13.9,D,0
22.7555,92.3177,322.6,1,1,2008-04-12,0713,Aqua,MODIS,50,6.2,307.1,8.2,D,0
21.8312,92.43,332,1,1,2008-04-12,0713,Aqua,MODIS,84,6.2,310.6,16.5,D,0
22.2183,92.2957,330.4,1,1,2008-04-12,0713,Aqua,MODIS,83,6.2,307.1,17.2,D,0
22.6745,91.8843,324.2,1,1,2008-04-12,0713,Aqua,MODIS,69,6.2,309.8,6.8,D,0
21.7751,92.2923,327.8,1,1,2008-04-12,0713,Aqua,MODIS,80,6.2,308,13.3,D,0
21.6976,92.262,327.2,1,1,2008-04-12,0713,Aqua,MODIS,80,6.2,306.8,11.7,D,0
22.217,92.2861,324.3,1,1,2008-04-12,0713,Aqua,MODIS,77,6.2,306,9.7,D,0
21.5689,92.2019,321.6,1,1,2008-04-12,0713,Aqua,MODIS,69,6.2,297.9,10.6,D,0
22.2273,92.2942,365.7,1,1,2008-04-12,0713,Aqua,MODIS,100,6.2,308.1,89.6,D,0
21.396,92.4087,311.1,1,1,2008-04-12,0713,Aqua,MODIS,48,6.2,290.8,6.8,D,0
22.2259,92.2846,354,1,1,2008-04-12,0713,Aqua,MODIS,97,6.2,308.9,57.9,D,0
22.2459,92.2321,323.5,1,1,2008-04-12,0713,Aqua,MODIS,43,6.2,306.5,7.6,D,0
22.2445,92.2225,325.8,1,1,2008-04-12,0713,Aqua,MODIS,55,6.2,308.2,10.2,D,0
22.2548,92.2306,325.8,1,1,2008-04-12,0713,Aqua,MODIS,56,6.2,307.4,9.8,D,0
22.3205,92.3714,338.1,1,1,2008-04-12,0713,Aqua,MODIS,88,6.2,308.7,25.6,D,0
23.2562,92.1547,323.3,1,1,2008-04-12,0714,Aqua,MODIS,68,6.2,307.1,8.1,D,0
23.596,92.0829,329.4,1,1,2008-04-12,0714,Aqua,MODIS,79,6.2,304,18.9,D,0
23.5651,92.0583,326.7,1,1,2008-04-12,0714,Aqua,MODIS,76,6.2,304.1,15.1,D,0
23.5665,92.068,332.1,1,1,2008-04-12,0714,Aqua,MODIS,82,6.2,303.8,22.2,D,0
23.5034,91.9453,339.7,1,1,2008-04-12,0714,Aqua,MODIS,88,6.2,306.8,31.2,D,0
23.5418,92.0224,320.9,1,1,2008-04-12,0714,Aqua,MODIS,65,6.2,305.2,8.5,D,0
23.4114,92.2753,318.4,1,1,2008-04-12,0714,Aqua,MODIS,55,6.2,305.8,6.2,D,0
23.4501,92.1594,330.1,1,1,2008-04-12,0714,Aqua,MODIS,79,6.2,303.4,19.4,D,0
23.2664,92.2922,389.4,1,1,2008-04-12,0714,Aqua,MODIS,100,6.2,309.6,188,D,0
22.9086,91.9046,325.8,1,1,2008-04-12,0714,Aqua,MODIS,72,6.2,308.4,9.6,D,0
23.265,92.2824,358.2,1,1,2008-04-12,0714,Aqua,MODIS,99,6.2,307.5,72.2,D,0
23.1684,91.9218,325,1,1,2008-04-12,0714,Aqua,MODIS,70,6.2,308.8,8.5,D,0
23.2753,92.2907,354.1,1,1,2008-04-12,0714,Aqua,MODIS,97,6.2,305.3,62.7,D,0
23.274,92.2809,332.3,1,1,2008-04-12,0714,Aqua,MODIS,81,6.2,304.5,22.6,D,0
23.4515,92.1692,387.8,1,1,2008-04-12,0714,Aqua,MODIS,100,6.2,308.9,178.7,D,0
23.3479,92.083,324.3,1,1,2008-04-12,0714,Aqua,MODIS,71,6.2,306,10.6,D,0
23.3417,92.1039,319.6,1,1,2008-04-12,0714,Aqua,MODIS,47,6.2,305.5,6.4,D,0
23.0396,92.1833,328.4,1,1,2008-04-12,0714,Aqua,MODIS,76,6.2,306.4,14.8,D,0
23.6924,92.1099,372.1,1,1,2008-04-12,0714,Aqua,MODIS,100,6.2,307.3,115.7,D,0
23.2395,92.2966,343.9,1,1,2008-04-12,0714,Aqua,MODIS,91,6.2,306.1,39.4,D,0
23.6911,92.1001,340.7,1,1,2008-04-12,0714,Aqua,MODIS,89,6.2,304.6,36,D,0
23.4411,92.1609,359.1,1,1,2008-04-12,0714,Aqua,MODIS,99,6.2,306.2,74.2,D,0
22.8479,91.6092,321.8,1,1,2008-04-12,0714,Aqua,MODIS,56,6.2,307.1,7.3,D,0
23.6909,92.23,325.7,1,1,2008-04-12,0714,Aqua,MODIS,74,6.2,303.4,15,D,0
23.2265,92.2689,335.9,1,1,2008-04-12,0714,Aqua,MODIS,84,6.2,306.8,25.9,D,0
23.0163,91.7623,328.6,1,1,2008-04-12,0714,Aqua,MODIS,77,6.2,308.6,13.1,D,0
23.0204,91.7912,334.3,1,1,2008-04-12,0714,Aqua,MODIS,83,6.2,308.4,20.9,D,0
23.5466,91.9919,365.9,1,1,2008-04-12,0714,Aqua,MODIS,100,6.2,308.4,93.1,D,0
23.5137,91.9534,325.5,1,1,2008-04-12,0714,Aqua,MODIS,74,6.2,302.7,14,D,0
23.2279,92.2787,329.6,1,1,2008-04-12,0714,Aqua,MODIS,78,6.2,305.6,16.6,D,0
23.2306,92.2981,321.4,1,1,2008-04-12,0714,Aqua,MODIS,63,6.2,304.5,8.3,D,0
23.1509,92.317,320.7,1,1,2008-04-12,0714,Aqua,MODIS,51,6.2,305.4,7.2,D,0
23.3863,92.0311,320.6,1,1,2008-04-12,0714,Aqua,MODIS,63,6.2,307,6.9,D,0
23.4542,92.1887,319.8,1,1,2008-04-12,0714,Aqua,MODIS,32,6.2,302.2,8.1,D,0
23.4096,92.0669,326.8,1,1,2008-04-12,0714,Aqua,MODIS,75,6.2,305.8,13.8,D,0
23.4275,92.0639,318,1,1,2008-04-12,0714,Aqua,MODIS,51,6.2,304.2,5.6,D,0
23.0844,89.5884,322.5,1.1,1.1,2008-04-12,0714,Aqua,MODIS,39,6.2,307,9.9,D,0
23.4116,92.146,342.1,1,1,2008-04-12,0714,Aqua,MODIS,90,6.2,305.2,37.7,D,0
23.4398,92.1512,345.3,1,1,2008-04-12,0714,Aqua,MODIS,92,6.2,305.6,43.8,D,0
23.5946,92.0732,316.5,1,1,2008-04-12,0714,Aqua,MODIS,29,6.2,303.3,4.7,D,0
23.147,92.1587,329.5,1,1,2008-04-12,0714,Aqua,MODIS,78,6.2,308.6,14.3,D,0
23.1457,92.149,328.7,1,1,2008-04-12,0714,Aqua,MODIS,77,6.2,309.4,12.9,D,0
23.2573,91.8309,325.8,1,1,2008-04-12,0714,Aqua,MODIS,73,6.2,310.4,9.4,D,0
23.2192,91.8934,322.2,1,1,2008-04-12,0714,Aqua,MODIS,67,6.2,308.1,5.9,D,0
23.4062,91.8493,324.9,1,1,2008-04-12,0714,Aqua,MODIS,73,6.2,306.2,10.2,D,0
23.5047,91.955,331.3,1,1,2008-04-12,0714,Aqua,MODIS,81,6.2,305.6,20,D,0
23.4048,91.8396,366.3,1,1,2008-04-12,0714,Aqua,MODIS,100,6.2,309.5,92,D,0
23.6153,91.9604,319.4,1,1,2008-04-12,0714,Aqua,MODIS,49,6.2,303.8,7.8,D,0
23.4944,91.9468,327.4,1,1,2008-04-12,0714,Aqua,MODIS,60,6.2,307.2,13.1,D,0
23.4958,91.9565,327.9,1,1,2008-04-12,0714,Aqua,MODIS,77,6.2,305.9,15,D,0
23.4528,92.1789,333.1,1,1,2008-04-12,0714,Aqua,MODIS,82,6.2,302,23,D,0
22.9327,92.3422,349.3,1,1,2008-04-12,0714,Aqua,MODIS,94,6.2,307.8,50.3,D,0
23.3088,92.0003,328.7,1,1,2008-04-12,0714,Aqua,MODIS,77,6.2,305.6,15.2,D,0
23.2916,91.9438,326.8,1,1,2008-04-12,0714,Aqua,MODIS,75,6.2,307.3,12.4,D,0
23.293,91.9535,330.6,1,1,2008-04-12,0714,Aqua,MODIS,80,6.2,307,17.1,D,0
23.2998,92.0018,325.4,1,1,2008-04-12,0714,Aqua,MODIS,73,6.2,306.3,11.3,D,0
22.9418,92.334,325.7,1,1,2008-04-12,0714,Aqua,MODIS,72,6.2,305.5,12.1,D,0
23.2827,91.9453,324.3,1,1,2008-04-12,0714,Aqua,MODIS,71,6.2,307.4,9.3,D,0
22.9516,92.2729,321.2,1,1,2008-04-12,0714,Aqua,MODIS,51,6.2,307.4,5.6,D,0
23.2841,91.955,333.4,1,1,2008-04-12,0714,Aqua,MODIS,83,6.2,308,20.6,D,0
23.6246,91.9522,318.1,1,1,2008-04-12,0714,Aqua,MODIS,46,6.2,304.9,6.3,D,0
23.6348,91.9604,378.5,1,1,2008-04-12,0714,Aqua,MODIS,100,6.2,305.9,138.2,D,0
23.6335,91.9507,392.8,1,1,2008-04-12,0714,Aqua,MODIS,100,6.2,312.1,203.5,D,0
22.8389,91.6108,321,1,1,2008-04-12,0714,Aqua,MODIS,35,6.2,307.1,6.4,D,0
23.4556,92.1984,316.9,1,1,2008-04-12,0714,Aqua,MODIS,16,6.2,301.3,5.6,D,0
23.3643,92.1995,328.4,1,1,2008-04-12,0714,Aqua,MODIS,77,6.2,305.1,15.3,D,0
23.3629,92.1898,331.4,1,1,2008-04-12,0714,Aqua,MODIS,80,6.2,304.7,19,D,0
23.3746,92.2077,326.6,1,1,2008-04-12,0714,Aqua,MODIS,74,6.2,303,14.3,D,0
23.5912,91.9843,315.7,1,1,2008-04-12,0714,Aqua,MODIS,32,6.2,303.7,4.9,D,0
23.3733,92.198,333.1,1,1,2008-04-12,0714,Aqua,MODIS,82,6.2,303.9,21.8,D,0
22.9147,91.7556,324.2,1,1,2008-04-12,0714,Aqua,MODIS,65,6.2,310,7.6,D,0
23.5555,91.9903,322.6,1,1,2008-04-12,0714,Aqua,MODIS,69,6.2,304.5,10.9,D,0
23.3719,92.1883,329.1,1,1,2008-04-12,0714,Aqua,MODIS,78,6.2,304.4,16.4,D,0
23.3929,92.2089,355.3,1,1,2008-04-12,0714,Aqua,MODIS,97,6.2,304.4,64.6,D,0
23.3916,92.1992,385.7,1,1,2008-04-12,0714,Aqua,MODIS,100,6.2,308.6,169,D,0
23.4019,92.2074,322.4,1,1,2008-04-12,0714,Aqua,MODIS,56,6.2,302.3,10,D,0
23.4005,92.1976,342.1,1,1,2008-04-12,0714,Aqua,MODIS,90,6.2,305.1,36.9,D,0
23.4184,92.1946,347.7,1,1,2008-04-12,0714,Aqua,MODIS,93,6.2,305.8,47.2,D,0
23.4171,92.1849,331.2,1,1,2008-04-12,0714,Aqua,MODIS,80,6.2,304.6,19.6,D,0
23.4274,92.1931,328.6,1,1,2008-04-12,0714,Aqua,MODIS,77,6.2,304.1,16.9,D,0
22.9133,91.746,326,1,1,2008-04-12,0714,Aqua,MODIS,72,6.2,310.1,9.6,D,0
22.9305,91.8023,325.3,1,1,2008-04-12,0714,Aqua,MODIS,71,6.2,309.1,8.9,D,0
23.7144,92.1361,318.4,1,1,2008-04-12,0714,Aqua,MODIS,39,6.2,302.6,7.1,D,0
23.7234,92.1346,344.1,1,1,2008-04-12,0714,Aqua,MODIS,91,6.2,303.8,42.1,D,0
23.722,92.1249,322.5,1,1,2008-04-12,0714,Aqua,MODIS,69,6.2,302.6,11.5,D,0
23.2628,91.8696,321.5,1,1,2008-04-12,0714,Aqua,MODIS,65,6.2,307.6,6,D,0
22.8075,92.4281,325.4,1,1,2008-04-12,0714,Aqua,MODIS,72,6.2,310.3,9.9,D,0
23.2641,91.7507,323.5,1,1,2008-04-12,0714,Aqua,MODIS,70,6.2,307.4,7.3,D,0
23.5899,91.9746,341.6,1,1,2008-04-12,0714,Aqua,MODIS,89,6.2,304.5,38.1,D,0
22.7585,91.824,323.7,1,1,2008-04-12,0714,Aqua,MODIS,65,6.2,309.7,8.8,D,0
23.7014,92.1084,347.3,1,1,2008-04-12,0714,Aqua,MODIS,93,6.2,302.1,47.7,D,0
22.8794,91.9655,321.5,1,1,2008-04-12,0714,Aqua,MODIS,45,6.2,307,6.5,D,0
23.6221,92.0088,332.7,1,1,2008-04-12,0714,Aqua,MODIS,82,6.2,305,22.4,D,0
23.1344,92.3295,346.5,1,1,2008-04-12,0714,Aqua,MODIS,92,6.2,306.3,44.3,D,0
23.2941,92.2211,332.4,1,1,2008-04-12,0714,Aqua,MODIS,81,6.2,305.3,20.6,D,0
22.9285,92.1085,336,1,1,2008-04-12,0714,Aqua,MODIS,84,6.2,306.9,25.1,D,0
23.7,92.0986,358.4,1,1,2008-04-12,0714,Aqua,MODIS,99,6.2,304.2,73.6,D,0
22.9298,92.1182,378.8,1,1,2008-04-12,0714,Aqua,MODIS,100,6.2,307.7,137.2,D,0
22.9312,92.1278,318.9,1,1,2008-04-12,0714,Aqua,MODIS,48,6.2,304.9,5.2,D,0
23.3959,91.9699,328.6,1,1,2008-04-12,0714,Aqua,MODIS,78,6.2,307.7,15.3,D,0
23.0438,92.0835,326.5,1,1,2008-04-12,0714,Aqua,MODIS,74,6.2,308.2,11.6,D,0
22.9209,92.1197,340.9,1,1,2008-04-12,0714,Aqua,MODIS,88,6.2,308.2,33.5,D,0
23.1581,91.9786,325.3,1,1,2008-04-12,0714,Aqua,MODIS,72,6.2,307.3,9.2,D,0
23.1595,91.9883,332.7,1,1,2008-04-12,0714,Aqua,MODIS,82,6.2,307.6,18.7,D,0
23.2928,92.2114,327.3,1,1,2008-04-12,0714,Aqua,MODIS,75,6.2,306.7,13.5,D,0
23.3388,92.2137,320.2,1,1,2008-04-12,0714,Aqua,MODIS,53,6.2,307,6.6,D,0
22.7321,91.6413,320.5,1,1,2008-04-12,0714,Aqua,MODIS,56,6.2,306,6,D,0
23.5569,92,326.3,1,1,2008-04-12,0714,Aqua,MODIS,75,6.2,303.3,14,D,0
23.0452,92.0932,343.3,1,1,2008-04-12,0714,Aqua,MODIS,90,6.2,307.3,36.2,D,0
22.8901,91.9669,326.1,1,1,2008-04-12,0714,Aqua,MODIS,72,6.2,307.7,11.7,D,0
23.4717,92.1096,321.5,1,1,2008-04-12,0714,Aqua,MODIS,67,6.2,304.1,10,D,0
23.4604,92.1677,347.9,1,1,2008-04-12,0714,Aqua,MODIS,93,6.2,303.7,49.2,D,0
23.548,92.0015,366.7,1,1,2008-04-12,0714,Aqua,MODIS,100,6.2,306.6,95.1,D,0
23.4618,92.1775,324,1,1,2008-04-12,0714,Aqua,MODIS,54,6.2,301.9,12.7,D,0
23.3663,92.2788,338.8,1,1,2008-04-12,0714,Aqua,MODIS,87,6.2,305.8,31,D,0
23.3649,92.269,350.6,1,1,2008-04-12,0714,Aqua,MODIS,95,6.2,306.2,53.9,D,0
22.91,91.9142,330.4,1,1,2008-04-12,0714,Aqua,MODIS,78,6.2,308.3,15.5,D,0
23.3752,92.2774,322.7,1,1,2008-04-12,0714,Aqua,MODIS,67,6.2,304.4,9.9,D,0
23.3739,92.2676,333.8,1,1,2008-04-12,0714,Aqua,MODIS,83,6.2,306.3,24.2,D,0
23.3984,92.2478,318,1,1,2008-04-12,0714,Aqua,MODIS,53,6.2,303.6,7.3,D,0
22.9247,91.7987,317.1,1.2,1.1,2008-04-13,0448,Terra,MODIS,64,6.2,302,6.8,D,0
22.263,92.2503,318.7,1.3,1.1,2008-04-13,0448,Terra,MODIS,64,6.2,304.1,9.2,D,0
22.1457,92.2734,318.7,1.3,1.1,2008-04-13,0448,Terra,MODIS,65,6.2,304.5,9.3,D,0
23.1053,92.3171,317.2,1.3,1.1,2008-04-13,0448,Terra,MODIS,65,6.2,300.8,9.5,D,0
23.6516,92.0595,323.3,1.2,1.1,2008-04-13,0448,Terra,MODIS,75,6.2,300,19.4,D,0
23.6497,92.0713,337.6,1.2,1.1,2008-04-13,0448,Terra,MODIS,88,6.2,300.8,44.4,D,0
22.0678,92.1878,321.1,1.3,1.1,2008-04-13,0448,Terra,MODIS,70,6.2,304.9,11.1,D,0
21.5319,92.1692,315.4,4.4,1.9,2008-04-13,0756,Aqua,MODIS,64,6.2,299.1,49.1,D,0
22.0426,92.5198,321,4.7,2,2008-04-13,0756,Aqua,MODIS,73,6.2,300.7,85.3,D,0
22.0449,92.5237,319,4.7,2,2008-04-13,0756,Aqua,MODIS,69,6.2,300.6,67.5,D,0
22.486,92.4622,323.9,4.7,2,2008-04-13,0756,Aqua,MODIS,74,6.2,299.4,112.3,D,0
21.5316,92.1737,317.7,4.4,1.9,2008-04-13,0756,Aqua,MODIS,68,6.2,299.1,63.7,D,0
22.4862,92.4555,322,4.7,2,2008-04-13,0756,Aqua,MODIS,72,6.2,299.5,93.1,D,0
23.5426,91.9751,313.4,4.5,2,2008-04-13,0757,Aqua,MODIS,60,6.2,294,43.9,D,0
23.3846,92.0538,313.1,4.5,2,2008-04-13,0757,Aqua,MODIS,54,6.2,293.1,38.8,D,0
23.3864,92.0454,313.7,4.5,2,2008-04-13,0757,Aqua,MODIS,58,6.2,293.1,42.8,D,0
21.8176,92.1957,328.9,1.2,1.1,2008-04-14,0701,Aqua,MODIS,79,6.2,303.9,18.4,D,0
22.6808,92.0061,316.8,1.2,1.1,2008-04-14,0701,Aqua,MODIS,45,6.2,280.4,13,D,0
22.2951,92.2282,327.5,1.2,1.1,2008-04-14,0701,Aqua,MODIS,71,6.2,295.4,21,D,0
21.2905,92.6121,323.9,1.2,1.1,2008-04-14,0701,Aqua,MODIS,72,6.2,302.8,17.6,D,0
21.806,92.186,333.8,1.2,1.1,2008-04-14,0701,Aqua,MODIS,84,6.2,304.9,27.3,D,0
21.8157,92.1841,328.1,1.2,1.1,2008-04-14,0701,Aqua,MODIS,78,6.2,305.6,17.1,D,0
21.2923,92.6232,324.1,1.2,1.1,2008-04-14,0701,Aqua,MODIS,72,6.2,302.3,17.5,D,0
21.2003,92.1201,322.6,1.2,1.1,2008-04-14,0701,Aqua,MODIS,68,6.2,303.3,14.1,D,0
21.6527,92.5666,327.8,1.2,1.1,2008-04-14,0701,Aqua,MODIS,77,6.2,304,18.5,D,0
21.7454,92.5653,326.3,1.2,1.1,2008-04-14,0701,Aqua,MODIS,65,6.2,306.3,13.5,D,0
21.7437,92.5542,328.5,1.2,1.1,2008-04-14,0701,Aqua,MODIS,77,6.2,306.4,15.8,D,0
21.8078,92.1976,338,1.2,1.1,2008-04-14,0701,Aqua,MODIS,87,6.2,303.4,35.7,D,0
21.8409,92.4032,327.1,1.2,1.1,2008-04-14,0701,Aqua,MODIS,76,6.2,302.9,16.1,D,0
23.342,92.0927,316,1,1,2008-04-15,0435,Terra,MODIS,56,6.2,300.3,4.6,D,0
21.3865,92.0354,321.3,1,1,2008-04-15,0436,Terra,MODIS,71,6.2,303.7,8.4,D,0
22.0285,92.3644,324.4,1,1,2008-04-15,0436,Terra,MODIS,76,6.2,302.6,12.2,D,0
21.3761,92.0435,325.8,1,1,2008-04-15,0436,Terra,MODIS,74,6.2,302.7,12.5,D,0
21.6648,92.5118,322.1,1,1,2008-04-15,0436,Terra,MODIS,74,6.2,304.1,9.7,D,0
21.3775,92.0339,326,1,1,2008-04-15,0436,Terra,MODIS,61,6.2,305.2,12.6,D,0
21.385,92.045,322.5,1,1,2008-04-15,0436,Terra,MODIS,73,6.2,303.2,9.7,D,0
23.0387,91.9637,319.8,1,1,2008-04-15,0436,Terra,MODIS,67,6.2,297.2,7.7,D,0
23.0171,92.079,321.8,2.7,1.6,2008-04-15,0744,Aqua,MODIS,72,6.2,297.3,44,D,0
22.8713,92.0031,315.5,2.6,1.6,2008-04-15,0744,Aqua,MODIS,35,6.2,295.6,25.1,D,0
21.8766,92.4417,322.3,2.8,1.6,2008-04-15,0744,Aqua,MODIS,66,6.2,302.6,34.3,D,0
22.762,91.8894,319.3,2.6,1.5,2008-04-15,0744,Aqua,MODIS,65,6.2,297.4,31.2,D,0
22.757,91.8953,317.9,2.6,1.5,2008-04-15,0744,Aqua,MODIS,61,6.2,297.7,25.4,D,0
21.8052,92.2924,346.1,2.7,1.6,2008-04-15,0744,Aqua,MODIS,92,6.2,301.8,179.5,D,0
21.8139,92.2993,336.5,2.7,1.6,2008-04-15,0744,Aqua,MODIS,85,6.2,301.2,108.9,D,0
21.7998,92.3009,321,2.7,1.6,2008-04-15,0744,Aqua,MODIS,61,6.2,301.3,28.1,D,0
21.5895,92.4393,322,2.7,1.6,2008-04-15,0744,Aqua,MODIS,68,6.2,298.5,32.6,D,0
23.5557,92.035,331.4,2.7,1.6,2008-04-15,0744,Aqua,MODIS,83,6.2,295.8,101.4,D,0
23.5534,92.0094,317.4,2.7,1.6,2008-04-15,0744,Aqua,MODIS,65,6.2,294.8,36.3,D,0
22.0302,92.3059,323.2,2.7,1.6,2008-04-15,0744,Aqua,MODIS,69,6.2,300.6,39.9,D,0
22.9929,91.8262,315.5,2.6,1.5,2008-04-15,0744,Aqua,MODIS,57,6.2,296.3,18,D,0
21.4232,92.4435,320.5,2.7,1.6,2008-04-15,0744,Aqua,MODIS,66,6.2,300.1,33.9,D,0
22.6119,92.0714,320.7,2.6,1.6,2008-04-15,0744,Aqua,MODIS,68,6.2,299.9,28.9,D,0
22.234,92.2467,327.4,2.7,1.6,2008-04-15,0744,Aqua,MODIS,77,6.2,301.2,57,D,0
22.2315,92.2211,323.8,2.7,1.6,2008-04-15,0744,Aqua,MODIS,72,6.2,301.1,39.5,D,0
22.1824,92.3048,326.5,2.7,1.6,2008-04-15,0744,Aqua,MODIS,76,6.2,299.9,53.8,D,0
22.2481,92.245,332.6,2.7,1.6,2008-04-15,0744,Aqua,MODIS,82,6.2,301.3,83.6,D,0
22.2456,92.2192,323,2.7,1.6,2008-04-15,0744,Aqua,MODIS,70,6.2,301.2,36.1,D,0
22.2816,92.294,321.7,2.7,1.6,2008-04-15,0744,Aqua,MODIS,58,6.2,300.6,29.7,D,0
22.2374,92.2414,336,2.7,1.6,2008-04-15,0744,Aqua,MODIS,86,6.2,301.4,103.2,D,0
22.235,92.2158,322.9,2.7,1.6,2008-04-15,0744,Aqua,MODIS,48,6.2,301.1,33.4,D,0
22.2846,92.2887,320.8,2.7,1.6,2008-04-15,0744,Aqua,MODIS,34,6.2,300.7,25.9,D,0
22.1683,92.3064,333,2.7,1.6,2008-04-15,0744,Aqua,MODIS,83,6.2,300.3,90.3,D,0
22.1612,92.3863,323.9,2.8,1.6,2008-04-15,0744,Aqua,MODIS,72,6.2,300.4,42.3,D,0
22.171,92.3927,322.8,2.8,1.6,2008-04-15,0744,Aqua,MODIS,49,6.2,301.2,39.2,D,0
21.8113,92.2737,324.8,2.7,1.6,2008-04-15,0744,Aqua,MODIS,71,6.2,301,44.7,D,0
22.4176,92.2355,322.4,2.7,1.6,2008-04-15,0744,Aqua,MODIS,70,6.2,299.6,37.3,D,0
22.4145,92.2405,325.5,2.7,1.6,2008-04-15,0744,Aqua,MODIS,75,6.2,300,51.7,D,0
22.4003,92.2421,353.7,2.7,1.6,2008-04-15,0744,Aqua,MODIS,97,6.2,301.3,251.2,D,0
22.18,92.2788,326.3,2.7,1.6,2008-04-15,0744,Aqua,MODIS,75,6.2,299.9,53.4,D,0
22.1659,92.2807,325.3,2.7,1.6,2008-04-15,0744,Aqua,MODIS,74,6.2,299.5,49.4,D,0
22.1749,92.2872,339.2,2.7,1.6,2008-04-15,0744,Aqua,MODIS,88,6.2,300.2,126.4,D,0
22.1608,92.2887,326.8,2.7,1.6,2008-04-15,0744,Aqua,MODIS,71,6.2,298.6,53.9,D,0
21.8326,92.1353,321.6,2.6,1.6,2008-04-15,0744,Aqua,MODIS,64,6.2,300,30.4,D,0
21.8302,92.1108,323.2,2.6,1.5,2008-04-15,0744,Aqua,MODIS,68,6.2,300.9,40.1,D,0
22.6219,92.0752,319.4,2.6,1.6,2008-04-15,0744,Aqua,MODIS,65,6.2,300,23.6,D,0
22.9585,92.0603,321.3,2.7,1.6,2008-04-15,0744,Aqua,MODIS,71,6.2,297.6,42.1,D,0
21.5871,92.4144,340.8,2.7,1.6,2008-04-15,0744,Aqua,MODIS,89,6.2,300.7,139.6,D,0
22.1966,92.3032,348.9,2.7,1.6,2008-04-15,0744,Aqua,MODIS,94,6.2,300.7,205.1,D,0
22.1916,92.3112,330.3,2.7,1.6,2008-04-15,0744,Aqua,MODIS,80,6.2,300.2,69.8,D,0
23.187,92.2952,340.8,2.8,1.6,2008-04-15,0744,Aqua,MODIS,90,6.2,296.3,162,D,0
21.5391,92.5396,324.4,1.8,1.3,2008-04-16,0649,Aqua,MODIS,71,6.2,302.5,28,D,0
23.3272,92.2515,314.6,1.8,1.3,2008-04-16,0649,Aqua,MODIS,47,6.2,295.1,14.9,D,0
23.1794,92.2596,329,1.8,1.3,2008-04-16,0649,Aqua,MODIS,81,6.2,294.3,43.9,D,0
22.689,92.489,318.9,1.8,1.3,2008-04-16,0649,Aqua,MODIS,65,6.2,299.5,15.5,D,0
23.1879,92.2398,315.8,1.8,1.3,2008-04-16,0649,Aqua,MODIS,60,6.2,293.8,12.5,D,0
21.5482,92.5227,323.7,1.8,1.3,2008-04-16,0649,Aqua,MODIS,68,6.2,299.4,25.4,D,0
21.5363,92.5241,325.2,1.8,1.3,2008-04-16,0649,Aqua,MODIS,73,6.2,300.1,30.1,D,0
23.1763,92.2424,339.1,1.8,1.3,2008-04-16,0649,Aqua,MODIS,89,6.2,297.4,77.5,D,0
22.6847,92.485,318.6,1.8,1.3,2008-04-16,0649,Aqua,MODIS,64,6.2,299.4,14,D,0
22.0264,92.1967,322.7,1.2,1.1,2008-04-17,0424,Terra,MODIS,65,6.2,303.9,9.6,D,0
21.4564,92.5749,348.7,1.6,1.3,2008-04-17,0731,Aqua,MODIS,93,6.2,303.6,101.4,D,0
21.4569,92.5823,338.3,1.6,1.3,2008-04-17,0731,Aqua,MODIS,85,6.2,302.9,61.5,D,0
21.4545,92.5583,323.2,1.6,1.3,2008-04-17,0731,Aqua,MODIS,59,6.2,302.2,21.4,D,0
21.4549,92.5656,353,1.6,1.3,2008-04-17,0731,Aqua,MODIS,96,6.2,303.5,120.1,D,0
23.1821,92.3139,327.4,1.7,1.3,2008-04-17,0732,Aqua,MODIS,76,6.2,302,30.4,D,0
23.5804,91.9882,316,1.6,1.2,2008-04-17,0732,Aqua,MODIS,43,6.2,298.4,11.2,D,0
23.578,91.9796,327.3,1.6,1.2,2008-04-17,0732,Aqua,MODIS,77,6.2,298.5,33.8,D,0
21.7386,92.2548,327.1,1.6,1.2,2008-04-17,0732,Aqua,MODIS,71,6.2,304.4,21.7,D,0
21.7838,92.4509,333.4,1.6,1.3,2008-04-17,0732,Aqua,MODIS,80,6.2,304.3,35.5,D,0
21.7821,92.4356,329.4,1.6,1.3,2008-04-17,0732,Aqua,MODIS,74,6.2,305.3,25.6,D,0
21.7933,92.4344,331.7,1.6,1.3,2008-04-17,0732,Aqua,MODIS,78,6.2,305.9,31.7,D,0
22.0861,92.402,326,1.6,1.3,2008-04-17,0732,Aqua,MODIS,70,6.2,305.9,17.8,D,0
21.7719,92.2504,324.1,1.6,1.2,2008-04-17,0732,Aqua,MODIS,31,6.2,304.8,13.7,D,0
22.0861,92.3924,325.9,1.6,1.3,2008-04-17,0732,Aqua,MODIS,69,6.2,306.2,17.8,D,0
21.6669,92.5195,341.8,1.6,1.3,2008-04-17,0732,Aqua,MODIS,88,6.2,306.5,66.8,D,0
23.1032,92.3129,324.4,1.7,1.3,2008-04-17,0732,Aqua,MODIS,72,6.2,302.8,20.1,D,0
21.8082,92.2541,327.9,1.6,1.2,2008-04-17,0732,Aqua,MODIS,73,6.2,304,24,D,0
23.419,92.2861,318.4,1.7,1.3,2008-04-17,0732,Aqua,MODIS,59,6.2,296.8,15.1,D,0
21.5168,92.2053,352.6,1.6,1.2,2008-04-17,0732,Aqua,MODIS,96,6.2,306.6,105.6,D,0
22.0032,91.974,322.9,1.5,1.2,2008-04-17,0732,Aqua,MODIS,56,6.2,304.2,16.6,D,0
23.5059,91.9417,327.4,1.6,1.2,2008-04-17,0732,Aqua,MODIS,77,6.2,296.2,31.1,D,0
21.7922,92.2323,324.4,1.6,1.2,2008-04-17,0732,Aqua,MODIS,49,6.2,305,12.3,D,0
23.5787,91.9728,323.6,1.6,1.2,2008-04-17,0732,Aqua,MODIS,72,6.2,298.4,25.9,D,0
21.5185,92.22,325.9,1.6,1.2,2008-04-17,0732,Aqua,MODIS,69,6.2,303.9,22.5,D,0
21.5146,92.1961,327.3,1.6,1.2,2008-04-17,0732,Aqua,MODIS,72,6.2,305.4,24.8,D,0
21.5164,92.2108,353.7,1.6,1.2,2008-04-17,0732,Aqua,MODIS,96,6.2,306.3,111.1,D,0
23.1935,92.3123,318.8,1.7,1.3,2008-04-17,0732,Aqua,MODIS,58,6.2,301.5,12.5,D,0
21.7904,92.2174,326,1.6,1.2,2008-04-17,0732,Aqua,MODIS,69,6.2,305.9,15.9,D,0
21.7937,92.2255,330.7,1.6,1.2,2008-04-17,0732,Aqua,MODIS,77,6.2,305.6,28.5,D,0
22.203,92.3172,322.5,1.6,1.3,2008-04-17,0732,Aqua,MODIS,62,6.2,303.8,11.9,D,0
21.5429,92.1416,323.8,1.5,1.2,2008-04-17,0732,Aqua,MODIS,65,6.2,304.4,18.1,D,0
21.5447,92.1564,338.5,1.5,1.2,2008-04-17,0732,Aqua,MODIS,86,6.2,305.1,54.6,D,0
21.7476,92.5348,326.7,1.6,1.3,2008-04-17,0732,Aqua,MODIS,64,6.2,306.8,18.8,D,0
23.0929,91.9188,321.3,1.6,1.2,2008-04-17,0732,Aqua,MODIS,66,6.2,298.1,15.4,D,0
23.0946,91.9338,322.3,1.6,1.2,2008-04-17,0732,Aqua,MODIS,68,6.2,300.8,17.3,D,0
21.1955,92.1218,315.2,2.8,1.6,2008-04-18,0507,Terra,MODIS,46,6.2,297.6,24.1,D,0
23.3689,92.2558,312.7,3,1.6,2008-04-18,0637,Aqua,MODIS,49,6.2,294.9,25.8,D,0
23.4332,92.1129,314.3,3,1.7,2008-04-18,0637,Aqua,MODIS,59,6.2,292.9,35,D,0
23.2244,92.2954,313.9,3,1.6,2008-04-18,0637,Aqua,MODIS,53,6.2,294.5,25,D,0
23.2232,92.3025,325.1,3,1.6,2008-04-18,0637,Aqua,MODIS,76,6.2,294.3,76.4,D,0
23.2288,92.3309,335.5,2.9,1.6,2008-04-18,0637,Aqua,MODIS,86,6.2,293.5,140.6,D,0
23.2303,92.3238,340.1,2.9,1.6,2008-04-18,0637,Aqua,MODIS,89,6.2,293.9,175.4,D,0
23.4328,92.1078,312.8,3,1.7,2008-04-18,0637,Aqua,MODIS,53,6.2,292.7,28.1,D,0
22.1075,92.1809,325.8,1.8,1.3,2008-04-19,0411,Terra,MODIS,74,6.2,295.8,34.7,D,0
21.521,92.5583,324.3,1.1,1,2008-04-19,0719,Aqua,MODIS,55,6.2,304.7,8.3,D,0
21.7276,92.2445,325.2,1.1,1,2008-04-19,0719,Aqua,MODIS,60,6.2,303.4,8.3,D,0
21.7289,92.2547,326.8,1.1,1,2008-04-19,0719,Aqua,MODIS,65,6.2,302.6,10.7,D,0
21.7208,92.2521,333.8,1.1,1,2008-04-19,0719,Aqua,MODIS,81,6.2,303.5,21.1,D,0
21.8628,92.3643,346.6,1.1,1,2008-04-19,0719,Aqua,MODIS,92,6.2,306.2,44.9,D,0
21.8643,92.3751,343.4,1.1,1,2008-04-19,0719,Aqua,MODIS,90,6.2,305.4,38,D,0
22.2716,92.3196,323.6,1.1,1,2008-04-19,0719,Aqua,MODIS,67,6.2,304.4,7.7,D,0
22.2623,92.321,329,1.1,1,2008-04-19,0719,Aqua,MODIS,76,6.2,305.3,14.2,D,0
22.2637,92.3314,333.8,1.1,1,2008-04-19,0719,Aqua,MODIS,82,6.2,305.6,21.3,D,0
22.328,92.2619,324.3,1.1,1,2008-04-19,0719,Aqua,MODIS,66,6.2,305.2,7.7,D,0
22.3294,92.2723,328.5,1.1,1,2008-04-19,0719,Aqua,MODIS,76,6.2,304.6,12.9,D,0
22.3201,92.2737,323.3,1.1,1,2008-04-19,0719,Aqua,MODIS,57,6.2,304.2,6.2,D,0
21.5223,92.0817,328.5,1.1,1,2008-04-19,0719,Aqua,MODIS,75,6.2,304.6,16.4,D,0
21.282,92.6127,334.1,1.1,1,2008-04-19,0719,Aqua,MODIS,81,6.2,303.3,28.4,D,0
21.3986,92.3927,320.1,1.1,1,2008-04-19,0719,Aqua,MODIS,40,6.2,304,6.2,D,0
22.3196,92.4879,327.8,1.1,1,2008-04-19,0719,Aqua,MODIS,69,6.2,306.9,13.9,D,0
21.5843,92.1957,322.6,1.1,1,2008-04-19,0719,Aqua,MODIS,61,6.2,303.3,7.6,D,0
21.1161,92.1352,323.6,1.1,1,2008-04-19,0719,Aqua,MODIS,41,6.2,304.8,8.9,D,0
21.4431,92.5867,330.2,1.1,1,2008-04-19,0719,Aqua,MODIS,77,6.2,304.8,20,D,0
22.3833,92.2052,342.5,1.1,1,2008-04-19,0719,Aqua,MODIS,89,6.2,305,37.3,D,0
21.5987,92.5184,326.6,1.1,1,2008-04-19,0719,Aqua,MODIS,70,6.2,305.9,11.3,D,0
22.6983,91.8798,322.5,1.1,1,2008-04-19,0720,Aqua,MODIS,55,6.2,302.2,8.3,D,0
22.6969,91.8696,324.9,1.1,1,2008-04-19,0720,Aqua,MODIS,69,6.2,303,10.5,D,0
22.7162,92.3485,325.7,1.1,1,2008-04-19,0720,Aqua,MODIS,66,6.2,303.8,11.2,D,0
22.6205,91.7014,319.7,1,1,2008-04-19,0720,Aqua,MODIS,53,6.2,302,5.5,D,0
22.6219,91.7116,346.9,1,1,2008-04-19,0720,Aqua,MODIS,92,6.2,303.5,46.9,D,0
22.9067,92.3285,324,1.1,1,2008-04-19,0720,Aqua,MODIS,68,6.2,303.8,10.2,D,0
23.3833,92.2719,317.9,1.1,1,2008-04-19,0720,Aqua,MODIS,37,6.2,301.4,6.7,D,0
22.9212,92.1056,317.7,1.1,1,2008-04-19,0720,Aqua,MODIS,38,6.2,300.1,4.4,D,0
22.8959,92.3191,326.6,1.1,1,2008-04-19,0720,Aqua,MODIS,73,6.2,304.3,13.3,D,0
23.4691,92.231,326.1,1.1,1,2008-04-19,0720,Aqua,MODIS,67,6.2,301.4,14.7,D,0
23.5187,92.2448,328.7,1.1,1,2008-04-19,0720,Aqua,MODIS,78,6.2,301,19.8,D,0
23.4799,92.2401,355.8,1.1,1,2008-04-19,0720,Aqua,MODIS,98,6.2,302.7,74.7,D,0
23.3976,92.161,321.4,1.1,1,2008-04-19,0720,Aqua,MODIS,67,6.2,301.2,10.1,D,0
23.4719,92.2522,332.6,1.1,1,2008-04-19,0720,Aqua,MODIS,82,6.2,301.6,23.9,D,0
23.4705,92.2416,331.5,1.1,1,2008-04-19,0720,Aqua,MODIS,81,6.2,301.2,22.1,D,0
22.9254,92.3254,320.6,1.1,1,2008-04-19,0720,Aqua,MODIS,24,6.2,303,6,D,0
23.0688,89.9725,320.6,1,1,2008-04-19,0720,Aqua,MODIS,46,6.2,303.4,7.2,D,0
22.6246,92.0119,322.3,1.1,1,2008-04-19,0720,Aqua,MODIS,62,6.2,303,8.3,D,0
23.4451,92.0891,328.6,1.1,1,2008-04-19,0720,Aqua,MODIS,77,6.2,302.4,20.3,D,0
23.4785,92.2296,330.5,1.1,1,2008-04-19,0720,Aqua,MODIS,80,6.2,302.2,21.4,D,0
22.9053,92.3175,333.2,1.1,1,2008-04-19,0720,Aqua,MODIS,81,6.2,303.8,23.2,D,0
23.399,92.1717,324.3,1.1,1,2008-04-19,0720,Aqua,MODIS,72,6.2,301.8,13.9,D,0
22.7391,92.452,338.3,1,1,2008-04-21,0707,Aqua,MODIS,86,6.2,311.1,27,D,0
22.2665,92.3173,324.6,1,1,2008-04-21,0707,Aqua,MODIS,68,6.2,311.9,7.9,D,0
22.268,92.3273,327.8,1,1,2008-04-21,0707,Aqua,MODIS,74,6.2,313.8,11.2,D,0
22.6672,92.465,342.4,1,1,2008-04-21,0707,Aqua,MODIS,89,6.2,311.9,32.7,D,0
21.5776,92.3356,324.3,1,1,2008-04-21,0707,Aqua,MODIS,65,6.2,312.1,6.8,D,0
21.6439,92.1006,325.2,1.1,1,2008-04-21,0707,Aqua,MODIS,68,6.2,312.3,9.6,D,0
22.2997,92.2298,329.8,1,1,2008-04-21,0707,Aqua,MODIS,77,6.2,309.8,15.1,D,0
22.7377,92.4422,345.8,1,1,2008-04-21,0707,Aqua,MODIS,92,6.2,314,40.7,D,0
22.4323,92.4944,326.2,1,1,2008-04-21,0707,Aqua,MODIS,71,6.2,310.7,10.6,D,0
22.4413,92.4927,333.8,1,1,2008-04-21,0707,Aqua,MODIS,81,6.2,310.7,20.1,D,0
23.0612,89.9766,340.9,1.3,1.1,2008-04-21,0707,Aqua,MODIS,89,6.2,311.2,43.1,D,0
23.0513,89.9786,325.4,1.3,1.1,2008-04-21,0707,Aqua,MODIS,39,6.2,311.7,13.3,D,0
22.4308,92.4844,330.7,1,1,2008-04-21,0707,Aqua,MODIS,78,6.2,310.4,15.9,D,0
23.3711,91.8707,322.6,1,1,2008-04-21,0707,Aqua,MODIS,67,6.2,307.6,7.7,D,0
23.3696,91.8606,342.5,1,1,2008-04-21,0707,Aqua,MODIS,90,6.2,308.4,37.5,D,0
22.6416,91.9897,332.1,1.1,1,2008-04-21,0707,Aqua,MODIS,79,6.2,309.1,20.3,D,0
22.6538,92.0081,326.6,1,1,2008-04-21,0707,Aqua,MODIS,67,6.2,304.2,12.8,D,0
23.3742,92.3204,350.4,1,1,2008-04-21,0707,Aqua,MODIS,95,6.2,311.3,53.3,D,0
23.4073,92.2334,319.1,1,1,2008-04-21,0707,Aqua,MODIS,55,6.2,307.8,6.4,D,0
21.7114,92.2481,325.1,1,1,2008-04-21,0707,Aqua,MODIS,54,6.2,310.3,8.8,D,0
23.2563,92.3336,323.5,1,1,2008-04-21,0707,Aqua,MODIS,67,6.2,311,9.8,D,0
22.5295,91.7335,322.5,1.1,1,2008-04-21,0707,Aqua,MODIS,60,6.2,308.6,7.7,D,0
23.0237,91.7748,331.8,1.1,1,2008-04-21,0707,Aqua,MODIS,80,6.2,309.7,19.5,D,0
22.6657,92.4553,358.1,1,1,2008-04-21,0707,Aqua,MODIS,99,6.2,313.9,67.4,D,0
21.4966,92.2218,327.1,1.1,1,2008-04-21,0707,Aqua,MODIS,72,6.2,310.7,12.6,D,0
23.1621,92.2547,324.4,1,1,2008-04-21,0707,Aqua,MODIS,69,6.2,311.3,9,D,0
22.3874,92.4415,324.6,1,1,2008-04-21,0707,Aqua,MODIS,42,6.2,310.5,7.4,D,0
23.4954,91.9556,321.1,1,1,2008-04-21,0708,Aqua,MODIS,64,6.2,308.5,6.9,D,0
23.6063,92.0835,365.6,1,1,2008-04-21,0708,Aqua,MODIS,100,6.2,308.7,96,D,0
23.6837,92.1042,329.9,1,1,2008-04-21,0708,Aqua,MODIS,79,6.2,304.4,20.4,D,0
23.4367,92.1199,323.6,1,1,2008-04-21,0708,Aqua,MODIS,69,6.2,306.4,11.4,D,0
23.5206,92.0682,317.6,1,1,2008-04-21,0708,Aqua,MODIS,50,6.2,306.3,6,D,0
23.6161,92.0856,327.3,1,1,2008-04-21,0708,Aqua,MODIS,76,6.2,304.2,16.7,D,0
23.5057,92.2703,320.6,1,1,2008-04-21,0708,Aqua,MODIS,57,6.2,309.2,6.9,D,0
23.6078,92.0935,328.1,1,1,2008-04-21,0708,Aqua,MODIS,77,6.2,304,16.8,D,0
23.4728,92.2357,323.6,1,1,2008-04-21,0708,Aqua,MODIS,69,6.2,307.8,11.1,D,0
23.4743,92.2457,319.7,1,1,2008-04-21,0708,Aqua,MODIS,59,6.2,306.9,6.6,D,0
21.5593,92.2006,323.6,1.1,1.1,2008-04-22,0442,Terra,MODIS,73,6.2,308.4,12.6,D,0
22.1618,92.4178,321.1,1.1,1.1,2008-04-22,0442,Terra,MODIS,67,6.2,309.2,7.8,D,0
23.4739,92.1237,317.8,1.1,1,2008-04-22,0442,Terra,MODIS,58,6.2,304,8.1,D,0
21.5186,92.215,321.7,1.1,1.1,2008-04-22,0442,Terra,MODIS,70,6.2,306.1,10,D,0
22.3445,92.4316,321.1,1.1,1.1,2008-04-22,0442,Terra,MODIS,59,6.2,307.9,6.5,D,0
23.5597,91.9986,317.1,3.5,1.8,2008-04-22,0750,Aqua,MODIS,39,6.2,302.6,29.4,D,0
23.5528,91.9943,317.9,3.5,1.8,2008-04-22,0750,Aqua,MODIS,49,6.2,302.3,35.4,D,0
22.4947,92.4496,323,3.6,1.8,2008-04-22,0750,Aqua,MODIS,68,6.2,310.4,45.1,D,0
23.4834,92.1091,321.9,1.4,1.2,2008-04-23,0655,Aqua,MODIS,68,6.2,305.7,16.5,D,0
21.7981,92.4103,326,1.5,1.2,2008-04-23,0655,Aqua,MODIS,64,6.2,312.1,17,D,0
22.3292,92.5224,329.5,1.4,1.2,2008-04-23,0655,Aqua,MODIS,78,6.2,307.7,25.9,D,0
23.5012,92.2743,321.9,1.4,1.2,2008-04-23,0655,Aqua,MODIS,68,6.2,307.7,14.1,D,0
23.708,92.15,321.3,1.4,1.2,2008-04-23,0655,Aqua,MODIS,66,6.2,304.3,15.1,D,0
23.7058,92.1367,322.7,1.4,1.2,2008-04-23,0655,Aqua,MODIS,69,6.2,305.5,17.8,D,0
23.6435,91.9637,317.2,1.4,1.2,2008-04-23,0655,Aqua,MODIS,50,6.2,305.9,8.5,D,0
21.5883,92.1995,329.6,1.5,1.2,2008-04-23,0655,Aqua,MODIS,79,6.2,305.8,30.3,D,0
21.9466,92.5459,335.7,1.4,1.2,2008-04-23,0655,Aqua,MODIS,85,6.2,311.4,42.4,D,0
23.5831,92.0267,327.1,1.4,1.2,2008-04-23,0655,Aqua,MODIS,76,6.2,308.4,25.1,D,0
23.5854,92.0401,322.5,1.4,1.2,2008-04-23,0655,Aqua,MODIS,69,6.2,307.6,16.2,D,0
21.951,92.5394,330.6,1.4,1.2,2008-04-23,0655,Aqua,MODIS,79,6.2,309.8,30.6,D,0
23.6161,92.056,328.1,1.4,1.2,2008-04-23,0655,Aqua,MODIS,77,6.2,308.2,27.3,D,0
23.4939,92.107,319.4,1.4,1.2,2008-04-23,0655,Aqua,MODIS,59,6.2,304.7,12.5,D,0
23.6185,92.0697,323.8,1.4,1.2,2008-04-23,0655,Aqua,MODIS,71,6.2,307.7,19.2,D,0
23.6215,92.0612,334.6,1.4,1.2,2008-04-23,0655,Aqua,MODIS,84,6.2,308.7,39.8,D,0
23.516,92.0454,317.8,1.4,1.2,2008-04-23,0655,Aqua,MODIS,54,6.2,306.9,9.5,D,0
23.5265,92.0432,321.1,1.4,1.2,2008-04-23,0655,Aqua,MODIS,66,6.2,306.8,15,D,0
23.5199,92.039,323.4,1.4,1.2,2008-04-23,0655,Aqua,MODIS,70,6.2,307.3,19.1,D,0
23.6118,92.0393,316.4,1.1,1,2008-04-24,0429,Terra,MODIS,51,6.2,302.8,6.2,D,0
22.1891,92.2844,320,1,1,2008-04-24,0430,Terra,MODIS,39,6.2,306,5.7,D,0
22.5305,92.4749,324.6,1,1,2008-04-24,0430,Terra,MODIS,72,6.2,306.8,10.5,D,0
21.9977,92.5314,319.1,1,1,2008-04-24,0430,Terra,MODIS,35,6.2,305.8,6,D,0
21.9963,92.541,322.5,1,1,2008-04-24,0430,Terra,MODIS,58,6.2,304.7,9.1,D,0
22.9839,92.2745,324.2,2.1,1.4,2008-04-24,0738,Aqua,MODIS,66,6.2,306.7,25.8,D,0
22.6408,91.9789,322.2,2,1.4,2008-04-24,0738,Aqua,MODIS,63,6.2,306,18.4,D,0
22.3317,92.0227,318.8,2,1.4,2008-04-24,0738,Aqua,MODIS,46,6.2,305.3,14.9,D,0
22.0404,92.555,330.4,2.2,1.4,2008-04-24,0738,Aqua,MODIS,68,6.2,308.5,53.8,D,0
22.2924,92.3653,324.7,2.1,1.4,2008-04-24,0738,Aqua,MODIS,71,6.2,308.6,24.6,D,0
22.9845,92.2799,327.7,2.1,1.4,2008-04-24,0738,Aqua,MODIS,75,6.2,306.8,37.1,D,0
23.5981,92.052,319,2.1,1.4,2008-04-24,0738,Aqua,MODIS,58,6.2,304.1,19.6,D,0
22.9858,92.2945,321.5,2.1,1.4,2008-04-24,0738,Aqua,MODIS,63,6.2,305.9,17.6,D,0
23.6072,92.1135,307.2,1,1,2008-04-25,1608,Terra,MODIS,69,6.2,296.6,5.5,N,0
22.5953,92.2499,320.3,1.4,1.2,2008-04-26,0417,Terra,MODIS,47,6.2,301.1,12.9,D,0
23.6098,92.077,319.1,1.5,1.2,2008-04-26,0417,Terra,MODIS,62,6.2,302.3,16.2,D,0
21.1824,92.0967,322.5,1.4,1.2,2008-04-26,0418,Terra,MODIS,72,6.2,301.9,17.1,D,0
21.1898,92.127,331,1.2,1.1,2008-04-26,0725,Aqua,MODIS,80,6.2,305.3,21.1,D,0
21.1927,92.1317,326.1,1.2,1.1,2008-04-26,0725,Aqua,MODIS,73,6.2,304.9,14.1,D,0
21.5182,92.2224,323.4,1.2,1.1,2008-04-26,0725,Aqua,MODIS,65,6.2,305.4,11.1,D,0
22.5355,91.7252,326.6,1.2,1.1,2008-04-26,0726,Aqua,MODIS,70,6.2,305.5,13,D,0
23.4399,92.1266,326.5,1.3,1.1,2008-04-26,0726,Aqua,MODIS,73,6.2,305,19.1,D,0
23.4384,92.114,323.2,1.3,1.1,2008-04-26,0726,Aqua,MODIS,48,6.2,304.8,12.9,D,0
23.45,92.1251,323.1,1.3,1.1,2008-04-26,0726,Aqua,MODIS,66,6.2,303.6,14.3,D,0
23.398,92.12,321.4,1.3,1.1,2008-04-26,0726,Aqua,MODIS,62,6.2,306.2,9.1,D,0
23.4232,92.2448,320.1,1.3,1.1,2008-04-26,0726,Aqua,MODIS,49,6.2,305.7,8.7,D,0
23.4318,92.2306,331.3,1.3,1.1,2008-04-26,0726,Aqua,MODIS,79,6.2,305.1,26.6,D,0
23.6307,92.0217,320.9,1.3,1.1,2008-04-26,0726,Aqua,MODIS,60,6.2,306.2,10.9,D,0
23.6198,92.1006,328.4,1.3,1.1,2008-04-26,0726,Aqua,MODIS,76,6.2,304.9,22.6,D,0
23.6214,92.1135,323.5,1.3,1.1,2008-04-26,0726,Aqua,MODIS,67,6.2,303.8,15.7,D,0
23.6097,92.102,320.2,1.3,1.1,2008-04-26,0726,Aqua,MODIS,28,6.2,304.8,9.6,D,0
23.4485,92.1126,322.3,1.3,1.1,2008-04-26,0726,Aqua,MODIS,58,6.2,304.2,12.3,D,0
21.9995,92.0009,333.5,1.2,1.1,2008-04-26,0726,Aqua,MODIS,81,6.2,307,25.3,D,0
22.0008,92.007,324.5,1.2,1.1,2008-04-26,0726,Aqua,MODIS,60,6.2,305.8,11,D,0
21.9994,91.9953,324.6,1.2,1.1,2008-04-26,0726,Aqua,MODIS,60,6.2,306.7,10.6,D,0
22.9493,90.0259,322.7,1,1,2008-04-26,0726,Aqua,MODIS,48,6.2,308.7,10.2,D,0
23.0055,92.3223,334,1.3,1.1,2008-04-26,0726,Aqua,MODIS,81,6.2,306.8,31.8,D,0
23.4764,92.1027,317.7,1.3,1.1,2008-04-26,0726,Aqua,MODIS,41,6.2,304.3,7.7,D,0
23.4687,92.1096,327,1.3,1.1,2008-04-26,0726,Aqua,MODIS,62,6.2,305.6,19.8,D,0
23.4482,92.2802,322.6,1.3,1.1,2008-04-26,0726,Aqua,MODIS,65,6.2,306.1,12.2,D,0
22.3843,92.2261,332.2,1.3,1.1,2008-04-26,0726,Aqua,MODIS,79,6.2,306.2,25.3,D,0
23.5846,91.9789,323.3,1.3,1.1,2008-04-26,0726,Aqua,MODIS,67,6.2,305.8,14.9,D,0
22.6186,91.9893,330.7,1.2,1.1,2008-04-26,0726,Aqua,MODIS,77,6.2,301.1,23.2,D,0
21.9954,92.2078,322.8,1.3,1.1,2008-04-26,0726,Aqua,MODIS,48,6.2,304.2,7.5,D,0
23.5385,92.1064,321.4,1.3,1.1,2008-04-26,0726,Aqua,MODIS,63,6.2,303.9,13.7,D,0
22.1257,91.9461,324.1,1.2,1.1,2008-04-26,0726,Aqua,MODIS,65,6.2,305.4,11.7,D,0
23.1871,92.3108,323.4,1.3,1.1,2008-04-26,0726,Aqua,MODIS,65,6.2,306,12.8,D,0
22.1242,91.9344,321.2,1.2,1.1,2008-04-26,0726,Aqua,MODIS,44,6.2,305.1,8,D,0
22.0877,92.1364,318.4,2.4,1.5,2008-04-28,0405,Terra,MODIS,70,6.2,284.5,40.1,D,0
22.0853,92.1597,320.1,2.4,1.5,2008-04-28,0405,Terra,MODIS,73,6.2,282.9,44.8,D,0
21.1324,92.1135,327.5,1,1,2008-04-28,0713,Aqua,MODIS,70,6.2,306.1,13.1,D,0
22.0227,92.2917,329.6,1,1,2008-04-28,0713,Aqua,MODIS,77,6.2,304.2,14.7,D,0
21.7348,92.1423,344.7,1,1,2008-04-28,0713,Aqua,MODIS,91,6.2,305,37.9,D,0
21.7335,92.1327,339.4,1,1,2008-04-28,0713,Aqua,MODIS,87,6.2,304.8,28.2,D,0
21.4696,92.1499,327.5,1,1,2008-04-28,0713,Aqua,MODIS,73,6.2,303.8,13.7,D,0
22.5777,91.9788,315.5,1,1,2008-04-28,0713,Aqua,MODIS,50,6.2,289.7,4.8,D,0
21.5761,92.5131,340.3,1,1,2008-04-28,0713,Aqua,MODIS,88,6.2,305.3,30.3,D,0
21.4602,92.2849,323,1,1,2008-04-28,0713,Aqua,MODIS,65,6.2,304.3,9.7,D,0
21.5774,92.5227,326.1,1,1,2008-04-28,0713,Aqua,MODIS,66,6.2,302.6,9.7,D,0
21.585,92.5117,323.1,1,1,2008-04-28,0713,Aqua,MODIS,61,6.2,302.9,7.1,D,0
21.1338,92.123,325.3,1,1,2008-04-28,0713,Aqua,MODIS,53,6.2,306.3,10.3,D,0
23.38,92.2501,316,1,1,2008-04-28,0714,Aqua,MODIS,55,6.2,292.6,7.6,D,0
23.2679,92.0471,322.2,1,1,2008-04-28,0714,Aqua,MODIS,65,6.2,301.1,8.3,D,0
25.3467,89.6692,320.4,1,1,2008-04-29,0447,Terra,MODIS,0,6.2,302.4,10.5,D,0
21.4043,92.1554,317.2,1.3,1.1,2008-04-29,0448,Terra,MODIS,67,6.2,289.6,13.6,D,0
25.0635,89.5902,323.7,1,1,2008-04-29,0448,Terra,MODIS,0,6.2,306.5,12,D,0
21.1205,92.1419,329.3,1.3,1.1,2008-04-29,0448,Terra,MODIS,82,6.2,299.5,29.6,D,0
22.2635,92.1026,316.5,1.2,1.1,2008-04-30,0701,Aqua,MODIS,28,6.2,299.8,7.9,D,0
21.4554,92.2513,324.2,1.2,1.1,2008-04-30,0701,Aqua,MODIS,73,6.2,302.2,14.5,D,0
22.9095,91.7912,322.8,1.2,1.1,2008-04-30,0701,Aqua,MODIS,49,6.2,304.1,10.8,D,0
22.2655,92.3209,346.5,1.2,1.1,2008-04-30,0701,Aqua,MODIS,93,6.2,303,55.2,D,0
23.1198,92.3173,323.2,1.2,1.1,2008-04-30,0701,Aqua,MODIS,52,6.2,305.7,10.7,D,0
21.1947,92.1002,327.9,1.3,1.1,2008-04-30,0701,Aqua,MODIS,76,6.2,303.1,21.9,D,0
22.7644,91.6524,320.2,1.3,1.1,2008-04-30,0701,Aqua,MODIS,40,6.2,301.3,12,D,0
21.4535,92.2396,331.8,1.2,1.1,2008-04-30,0701,Aqua,MODIS,82,6.2,303.6,25.5,D,0
23.575,91.9665,319.4,1.2,1.1,2008-04-30,0702,Aqua,MODIS,63,6.2,300.6,10.2,D,0
23.5901,91.9988,317.7,1.2,1.1,2008-04-30,0702,Aqua,MODIS,57,6.2,300.9,8.3,D,0
23.5723,92.0725,316.3,1.2,1.1,2008-04-30,0702,Aqua,MODIS,50,6.2,299.9,7.3,D,0
24.9724,89.5654,319.3,1.2,1.1,2008-05-01,0435,Terra,MODIS,0,6.2,300.6,9.6,D,0
22.7797,91.8993,322.6,1,1,2008-05-01,0436,Terra,MODIS,56,6.2,302.3,8,D,0
22.2702,92.2,322.8,2.7,1.6,2008-05-01,0744,Aqua,MODIS,71,6.2,299.1,33.9,D,0
22.2727,92.2253,319.9,2.7,1.6,2008-05-01,0744,Aqua,MODIS,61,6.2,298.6,22.5,D,0
22.2782,92.2174,325.1,2.7,1.6,2008-05-01,0744,Aqua,MODIS,74,6.2,299.2,44.3,D,0
25.0132,89.5925,318.3,1.9,1.3,2008-05-01,0745,Aqua,MODIS,0,6.2,299.4,19,D,0
22.4899,92.3675,322,1.6,1.3,2008-05-03,0732,Aqua,MODIS,60,6.2,298.1,12.8,D,0
22.4249,92.3018,321.5,1.6,1.3,2008-05-03,0732,Aqua,MODIS,70,6.2,298.3,14.1,D,0
23.0431,89.968,329.8,1.2,1.1,2008-05-03,0732,Aqua,MODIS,33,6.2,303.4,17,D,0
22.3607,92.3316,322.1,1.6,1.3,2008-05-03,0732,Aqua,MODIS,72,6.2,296.8,14.3,D,0
22.6259,91.9977,323.7,2.5,1.5,2008-05-11,0643,Aqua,MODIS,73,6.2,300.7,41.3,D,0
22.6204,91.9924,323.5,2.5,1.5,2008-05-11,0643,Aqua,MODIS,73,6.2,301.1,37.5,D,0
22.9442,91.7601,321.6,1.2,1.1,2008-05-12,0726,Aqua,MODIS,63,6.2,299.5,9.2,D,0
22.1059,92.1386,319.5,1.3,1.1,2008-05-12,0726,Aqua,MODIS,61,6.2,301.2,10,D,0
25.444,89.6525,319.6,1.5,1.2,2008-05-16,0702,Aqua,MODIS,0,6.2,299.3,14.8,D,0
21.5897,92.4639,348.1,1,1,2008-05-23,0708,Aqua,MODIS,89,6.2,300.3,51,D,0
22.1011,92.148,318.7,1,1,2008-05-30,0714,Aqua,MODIS,66,6.2,297.5,6.8,D,0
22.0997,92.1384,320.7,1,1,2008-05-30,0714,Aqua,MODIS,70,6.2,298.1,8.9,D,0
23.8708,88.6934,316.9,1.5,1.2,2008-06-08,0708,Aqua,MODIS,53,6.2,295.2,13.3,D,0
24.621,88.1061,317.4,1.6,1.2,2008-06-12,0512,Terra,MODIS,36,6.2,296.5,13.9,D,0
25.0607,91.9934,316.2,1,1,2008-06-24,0709,Aqua,MODIS,31,6.2,296.5,4.9,D,0
24.1724,88.7574,317,1.3,1.1,2008-06-27,0739,Aqua,MODIS,15,6.2,293.3,9.6,D,0
23.94,90.2871,312.7,1.8,1.3,2008-07-07,0506,Terra,MODIS,63,6.2,293.1,14,D,0
21.7581,91.8471,311,1.6,1.2,2008-09-11,0455,Terra,MODIS,45,6.2,293.8,10,D,3
23.9443,90.2868,312.3,1.8,1.3,2008-09-25,0506,Terra,MODIS,61,6.2,292.8,14.1,D,0
21.7527,91.8393,314,1,1,2008-10-12,0721,Aqua,MODIS,33,6.2,300.6,7.5,D,3
26.5236,88.4374,313.4,1,1,2008-10-13,0453,Terra,MODIS,59,6.2,301.4,5.8,D,0
23.9109,89.3814,315.2,1.2,1.1,2008-11-09,0436,Terra,MODIS,62,6.2,302.5,7.5,D,0
23.5258,90.5488,321.3,1,1,2008-11-13,0723,Aqua,MODIS,79,6.2,293.9,14.2,D,0
23.7363,90.285,311.9,1.6,1.2,2008-11-18,0741,Aqua,MODIS,51,6.2,298.9,9.3,D,0
23.8573,89.7297,309.9,1.5,1.2,2008-11-18,0741,Aqua,MODIS,0,6.2,298,7.9,D,0
23.7368,90.2905,316.5,1.6,1.2,2008-11-18,0741,Aqua,MODIS,61,6.2,299.3,17.3,D,0
23.3792,88.8108,315.4,1,1,2008-11-20,0729,Aqua,MODIS,64,6.2,298.7,7.4,D,0
23.2396,89.9897,312.7,1,1,2008-11-20,0729,Aqua,MODIS,60,6.2,298.5,5.8,D,0
24.1123,91.2917,310.7,1.2,1.1,2008-11-20,0729,Aqua,MODIS,47,6.2,297.6,5.4,D,0
24.2275,91.3384,310.8,1,1,2008-11-22,0717,Aqua,MODIS,36,6.2,299,4.4,D,0
24.0579,89.4283,309.4,1.1,1,2008-11-22,0717,Aqua,MODIS,55,6.2,298.6,5.5,D,0
23.72,90.953,310.5,1,1,2008-11-22,0717,Aqua,MODIS,60,6.2,298.5,4.8,D,0
24.2596,91.2951,314.8,2,1.4,2008-11-26,0652,Aqua,MODIS,69,6.2,302.1,16.7,D,0
24.2078,91.2657,322.5,1.5,1.2,2008-11-27,0735,Aqua,MODIS,78,6.2,301.3,21.8,D,0
23.8001,90.895,312.8,1.4,1.2,2008-11-27,0735,Aqua,MODIS,63,6.2,299.2,7.7,D,0
24.4542,89.3315,311.8,1,1,2008-11-29,0723,Aqua,MODIS,59,6.2,297.6,5,D,0
24.3176,91.5879,314.1,1.1,1,2008-11-29,0723,Aqua,MODIS,67,6.2,297.7,9.3,D,0
23.7837,90.9594,317.1,1,1,2008-11-29,0723,Aqua,MODIS,71,6.2,302.9,8.4,D,0
23.9286,89.5882,312.1,1,1,2008-11-29,0723,Aqua,MODIS,35,6.2,293.3,6,D,0
24.6685,92.1352,307.8,1.5,1.2,2008-11-30,0454,Terra,MODIS,60,6.2,297.1,7.5,D,0
23.8581,89.5634,310.4,1.3,1.1,2008-12-01,0711,Aqua,MODIS,58,6.2,298.5,6,D,0
23.6732,90.9333,316.4,1.1,1.1,2008-12-01,0711,Aqua,MODIS,66,6.2,298.5,11.1,D,0
23.8671,91.0493,308.2,1.1,1,2008-12-01,0711,Aqua,MODIS,31,6.2,295.1,4.8,D,0
24.1388,91.299,317.8,1.1,1,2008-12-01,0711,Aqua,MODIS,36,6.2,300.6,10.1,D,0
24.1217,91.2566,310.4,3.1,1.7,2008-12-02,0754,Aqua,MODIS,51,6.2,291.2,30.4,D,0
24.1296,88.9815,306.3,2.3,1.5,2008-12-03,0659,Aqua,MODIS,0,6.2,292.3,11.8,D,0
24.3447,88.5884,306.4,2.4,1.5,2008-12-03,0659,Aqua,MODIS,0,6.2,294.3,13.4,D,0
23.2715,90.0257,310.3,1.5,1.2,2008-12-04,0741,Aqua,MODIS,60,6.2,298.2,8.8,D,0
24.2781,91.3158,312.6,1.9,1.3,2008-12-04,0741,Aqua,MODIS,67,6.2,298,15.1,D,0
24.2761,91.2972,312.7,1.9,1.3,2008-12-04,0741,Aqua,MODIS,67,6.2,298.1,14.7,D,0
23.2681,90.0331,314.6,1.5,1.2,2008-12-04,0741,Aqua,MODIS,69,6.2,297.9,14,D,0
24.5613,91.6573,311.3,2.4,1.5,2008-12-05,0647,Aqua,MODIS,66,6.2,296.7,20.3,D,0
23.737,91.0196,315.4,1.2,1.1,2008-12-06,0729,Aqua,MODIS,63,6.2,300.7,9.1,D,0
24.1238,91.2623,315.4,1.2,1.1,2008-12-06,0729,Aqua,MODIS,9,6.2,301.4,7.6,D,0
24.6571,92.1333,311.9,1,1,2008-12-08,0717,Aqua,MODIS,64,6.2,299.3,5.7,D,0
24.1549,89.3705,319.3,1.1,1,2008-12-08,0717,Aqua,MODIS,74,6.2,299,13.4,D,0
24.2002,91.3142,313.5,1,1,2008-12-08,0717,Aqua,MODIS,54,6.2,300.2,4.3,D,0
24.134,91.236,312.5,1,1,2008-12-08,0717,Aqua,MODIS,52,6.2,300.1,4.8,D,0
24.6481,92.1348,309.7,1,1,2008-12-08,0717,Aqua,MODIS,50,6.2,298.5,4.2,D,0
23.4608,90.9173,307.4,1,1,2008-12-08,0717,Aqua,MODIS,42,6.2,292.7,3.3,D,0
23.7428,91.0198,317,1,1,2008-12-08,0717,Aqua,MODIS,72,6.2,300.5,9.1,D,0
23.5279,89.9849,310.6,1.2,1.1,2008-12-13,0735,Aqua,MODIS,57,6.2,299.7,5.2,D,0
24.1918,91.2728,312.2,1.5,1.2,2008-12-13,0736,Aqua,MODIS,67,6.2,299,8.1,D,0
24.1517,91.3106,307.8,1,1,2008-12-15,0723,Aqua,MODIS,40,6.2,293.4,5,D,0
23.9295,89.4693,307.7,1,1,2008-12-15,0723,Aqua,MODIS,37,6.2,297,3.8,D,0
23.2619,90.789,307.3,1,1,2008-12-15,0723,Aqua,MODIS,55,6.2,297.2,4.3,D,0
24.5442,91.6106,308.1,3.4,1.7,2008-12-18,0754,Aqua,MODIS,60,6.2,296.9,22.6,D,0
24.5344,91.3168,312.3,1.5,1.2,2008-12-19,0659,Aqua,MODIS,66,6.2,298.8,11.1,D,0
23.871,89.5963,310.6,1,1,2008-12-22,0730,Aqua,MODIS,66,6.2,295.6,6.6,D,0
23.8696,89.5863,311.9,1,1,2008-12-22,0730,Aqua,MODIS,68,6.2,296.9,7.6,D,0
23.2696,90.7287,301.4,1,1,2008-12-24,0717,Aqua,MODIS,27,6.2,282.5,4.8,D,0
24.4467,89.3732,304.3,1.1,1,2008-12-24,0718,Aqua,MODIS,41,6.2,285.3,5.7,D,0
24.5192,89.2427,304,1.1,1,2008-12-24,0718,Aqua,MODIS,44,6.2,288.1,5,D,0
24.4659,89.33,301,1.1,1,2008-12-24,0718,Aqua,MODIS,28,6.2,283.2,3.5,D,0
24.2393,91.2687,312.4,1.2,1.1,2008-12-26,0705,Aqua,MODIS,68,6.2,294.9,8.5,D,0
24.5684,91.8335,310.7,1.2,1.1,2008-12-26,0705,Aqua,MODIS,64,6.2,298,7,D,0
24.5702,91.8448,309.5,1.2,1.1,2008-12-26,0705,Aqua,MODIS,61,6.2,297.5,5.9,D,0
24.6179,89.034,309.7,1.7,1.3,2008-12-26,0706,Aqua,MODIS,61,6.2,295.7,11.3,D,0
25.0453,92.3242,312.6,1.1,1,2008-12-26,0706,Aqua,MODIS,70,6.2,299.2,7.4,D,0
24.1366,88.9876,305.9,2.4,1.5,2008-12-28,0519,Terra,MODIS,0,6.2,295,17.3,D,0
23.2641,90.8989,308.6,1.4,1.2,2008-12-29,0736,Aqua,MODIS,60,6.2,297.5,6.8,D,0
23.0056,90.128,319.9,1.2,1.1,2008-12-29,0736,Aqua,MODIS,77,6.2,297.6,19.2,D,0
24.5281,91.2883,314.2,1.1,1,2008-12-31,0724,Aqua,MODIS,48,6.2,296.6,7.9,D,0
24.6051,89.0333,312.1,1,1,2008-12-31,0724,Aqua,MODIS,39,6.2,299,5.8,D,0
24.489,89.3021,309.2,1,1,2008-12-31,0724,Aqua,MODIS,57,6.2,298.6,4.8,D,0
24.5175,89.2467,311.6,1,1,2008-12-31,0724,Aqua,MODIS,54,6.2,299.4,5.6,D,0
24.6766,89.0137,310.9,1,1,2008-12-31,0724,Aqua,MODIS,61,6.2,299.4,4.9,D,0
23.3495,89.7686,311.6,1,1,2008-12-31,0724,Aqua,MODIS,63,6.2,299.8,6.4,D,0
24.011,89.5638,309,1,1,2008-12-31,0724,Aqua,MODIS,58,6.2,298.9,4.3,D,0
24.5236,91.6564,315.2,1.1,1,2008-12-31,0724,Aqua,MODIS,70,6.2,298.4,10.2,D,0
23.7842,90.9536,314.5,1,1,2008-12-31,0724,Aqua,MODIS,70,6.2,299,7.8,D,0
24.1811,89.3413,309.4,1,1,2008-12-31,0724,Aqua,MODIS,57,6.2,299,5.1,D,0
24.5217,91.3104,318,1.1,1,2008-12-31,0724,Aqua,MODIS,74,6.2,294.9,11.8,D,0
23.3481,89.7589,310.6,1,1,2008-12-31,0724,Aqua,MODIS,61,6.2,300.5,5.7,D,0
24.1678,91.2046,313.9,1,1,2008-12-31,0724,Aqua,MODIS,69,6.2,298.5,7.2,D,0
